property_id,parent_property_id,property_name,address_1,postal_code,nyc_borough_block_and_lot,report_year,year_built,number_of_buildings,occupancy,largest_property_use_type,property_gfa_calculated_1,data_center_gross_floor_area,multifamily_housing_total,electricity_use_grid_purchase_1,district_steam_use_kbtu,natural_gas_use_kbtu,fuel_oil_2_use_kbtu,fuel_oil_4_use_kbtu,district_hot_water_use_kbtu,site_eui_kbtu_ft,weather_normalized_site_eui,water_use_all_water_sources,total_location_based_ghg,estimated_data_flag,latitude,longitude,dist_m,electricity_MWh,steam_MWh,gas_MWh,oil_MWh,heat_fuel_MWh,is_child_of_listed_parent,key_role
6600340,Not Applicable: Standalone Property,AAG: 229 9th Ave,229 9 AVENUE,10001,1007220037,2022,1910,1,100,Multifamily Housing,26919.0,,21.0,270398.0,,1903000.0,,,,105.0,106.0,1663.1,179.1,No,40.74719,-74.000826,697,270.398,,557.7141865725401,0.0,557.7141865725401,False,
6664912,Not Applicable: Standalone Property,Cahn: 510 West 27th St,510 West 27th Street,10001,1006980044,2022,1934,1,100,Manufacturing/Industrial Plant,42800.0,,,89068.0,,907400.0,,,,28.3,29.3,151.1,73.9,No,40.750602,-74.003288,998,89.068,,265.9326604813047,0.0,265.9326604813047,False,
6802621,Not Applicable: Standalone Property,Piermont: 125 West 16th St.,125 West 16th Street,10001,1007920020,2022,1918,1,100,Multifamily Housing,41306.0,,60.0,729086.9,,0.0,,,,60.2,60.3,,210.3,No,40.739079,-73.996781,566,729.0869,,0.0,0.0,0.0,False,
12444746,Not Applicable: Standalone Property,Nelco: 164 W 25th St,164 W 25th St,10001,1008000074,2022,1918,1,100,Manufacturing/Industrial Plant,47800.0,,,197142.0,,0.0,2433560.9,,,65.0,66.9,940.8,237.5,No,40.744906,-73.993598,847,197.142,,0.0,713.2062206086382,713.2062206086382,False,
14947872,Not Applicable: Standalone Property,Rudd: 236 West 26th St,236 West 26th Street,10001,1007750060,2022,1925,1,100,Multifamily Housing,92319.0,,25.0,485017.9,,89100.0,4898724.0,,,72.0,73.9,1670.4,508.2,No,40.746561,-73.995601,833,485.0179,,26.112629544725866,1435.67413079526,1461.786760339986,False,
20806186,Not Applicable: Standalone Property,125 W 25th St,125 W 25th Street,10001,1008010024,2022,1906,1,95,Office,113062.0,,,1216959.0,,2234899.9,,,,56.5,56.5,1645.0,469.7,No,40.74458,-73.992775,960,1216.959,,654.9844349971366,0.0,654.9844349971366,False,
26709703,Not Applicable: Standalone Property,158 W 27th St,158 West 27th Street,10001,1008020075,2022,1913,1,85,Office,108000.0,,,908580.9,,400.0,,,,28.7,28.2,659.8,262.1,No,40.746089,-73.992576,989,908.5809,,0.11722841546453812,0.0,0.11722841546453812,False,
6598605,Not Applicable: Standalone Property,"WEST END ESTATES, LLC",154 West 27th Street,10001,1008020071,2022,1910,1,100,Multifamily Housing,30160.0,,12.0,113593.0,,9600.0,1394628.0,,,59.4,62.0,1361.8,136.8,No,40.746056,-73.992497,999,113.593,,2.813481971148915,408.7250765061947,411.5385584773436,False,
2830989,Not Applicable: Standalone Property,CHELSEA,425 WEST 25TH STREET,10001,1007230015,2022,1964,2,100,Multifamily Housing,398836.0,,425.0,2988217.8,,40417065.5,0.0,,,126.9,129.0,,3008.7,No,40.748178,-74.001339,816,2988.2178,,11845.071365728625,0.0,11845.071365728625,False,
2830990,4473909,CHELSEA ADDITION,436 WEST 27TH DRIVE,10001,1007240010,2022,1968,1,100,Multifamily Housing,131916.0,,96.0,646940.9,,360100.0,,,,19.5,19.1,,205.7,No,40.749773,-74.001252,929,646.9409,,105.53488102195044,0.0,105.53488102195044,True,
2831030,4473909,ELLIOTT,288 10TH AVENUE,10001,1007230001;1007240001;1007240015,2022,1947,1,100,Multifamily Housing,515848.0,,606.0,3679298.8,,2090863.6,,,,28.4,,,1172.4,No,40.75005,-74.002436,852,3679.2988,,612.7715669511996,0.0,612.7715669511996,True,
3128112,4473909,ELLIOTT/CHELSEA ADDITION,288 10TH AVENUE,10001,1007240010;1007230001;1007240001;1007240015,2022,1947,1,100,Multifamily Housing,647764.0,,702.0,3621701.8,,52196402.2,,,,99.7,101.3,,3817.1,No,40.75005,-74.002436,852,3621.7018,,15297.25380713933,0.0,15297.25380713933,True,
4473909,4473909,ELLIOTT/CHELSEA ADDITION CAMPUS,288 10TH AVENUE,10001,1007240010;1007230001;1007240001;1007240015,2022,1947,5,100,Multifamily Housing,647764.0,,702.0,4268642.7,,52556502.2,,,,103.6,105.3,,4022.8,No,40.75005,-74.002436,852,4268.6427,,15402.78868816128,0.0,15402.78868816128,False,anchor_nycha_elliott_chelsea
2689489,Not Applicable: Standalone Property,146 West 25th Street,146 West 25th Street,10001,1008000065,2022,1911,1,95,Office,66528.0,,,319166.0,,6900.0,,3116958.0,,63.3,,468.4,327.1,No,40.744752,-73.993233,873,319.166,,2.0221901667632824,913.4901185237895,915.5123086905528,False,
2689501,Not Applicable: Standalone Property,122 West 26th Street,122 West 26th Street,10001,1008010055,2022,1913,1,95,Office,70752.0,,,424478.1,,622891.0,1963372.9,,,57.0,,2063.9,301.2,No,40.745164,-73.992295,982,424.4781,,182.55131234280404,575.4077350825376,757.9590474253416,False,
2900365,Not Applicable: Standalone Property,19 West 21st Street,19 West 21st Street,10001,1008230024,2022,1908,1,100,Office,118948.0,,,539900.9,,4200.0,2542649.8,,,36.9,36.6,,344.6,No,40.740649,-73.991408,965,539.9009,,1.2308983623776502,745.1770178380618,746.4079162004394,False,
3112854,Not Applicable: Standalone Property,521 West 26th Street,521 West 26th Street,10001,1006980018,2022,1920,1,100,Office,135214.0,,,610921.9,,4388899.8,,,,47.9,49.3,913.0,409.3,No,40.750064,-74.00388,985,610.9219,,1286.2594229665706,0.0,1286.2594229665706,False,
6261052,Not Applicable: Standalone Property,177 West 26th Street,177 West 26th Street,10001,1008020001,2022,1920,1,100,Multifamily Housing,25144.0,,18.0,462965.9,,1270200.1,1576056.6,,,176.0,176.1,,318.0,No,40.745645,-73.993392,941,462.96590000000003,,372.25886261474466,461.89654475106846,834.1554073658131,False,
6262541,Not Applicable: Standalone Property,400 West 25th Street,400 West 25th Street,10001,1007220043,2022,1929,1,100,Multifamily Housing,38588.0,,39.0,411373.0,,66800.0,1564616.4,,,78.7,79.5,,238.3,No,40.747794,-74.00048,742,411.373,,19.577145382577864,458.54375345457487,478.1208988371527,False,
2636842,Not Applicable: Standalone Property,ABS - 210 11th Avenue,210 11th Avenue,10001,1006960065,2022,1910,1,95,Office,108000.0,,,661042.9,,71200.0,3578616.1,,,54.7,55.7,770.7,460.0,No,40.74986,-74.006291,971,661.0429,,20.866657952687785,1048.7887373972128,1069.6553953499006,False,
4390390,Not Applicable: Standalone Property,275 7th,275 7th,10001,1008010001,2022,1931,1,80,Office,602144.0,1728.0,,7889418.0,,3000.0,14803039.0,,,69.3,70.4,6379.6,3374.4,No,,,893,7889.418,,0.8792131159840358,4338.342015074402,4339.221228190387,False,
16886902,Not Applicable: Standalone Property,500 West 25th Street,500 West 25th Street,10001,1006967504,2022,2018,1,95,Multifamily Housing,27759.0,,34.0,239368.0,,803500.0,,,,58.4,58.4,,111.7,No,40.749002,-74.003328,847,239.368,,235.48257956439093,0.0,235.48257956439093,False,
2669826,Not Applicable: Standalone Property,545 West 25th St,545 West 25th St,10001,1006977501,2022,2005,1,100,Museum,78080.0,,,938561.9,,2797299.9,,,,76.8,78.1,,419.3,No,40.749627,-74.00475,965,938.5619,,819.8075871402773,0.0,819.8075871402773,False,
3530197,Not Applicable: Standalone Property,250 West 27th Street,250 West 27th Street,10001,1007760065,2022,1918,1,100,Multifamily Housing,77742.0,,51.0,283645.0,,117000.0,2733504.1,,,49.1,48.8,1356.4,290.9,No,40.747481,-73.99586,894,283.645,,34.2893115233774,801.1108857720459,835.4001972954233,False,
2798136,Not Applicable: Standalone Property,130 West 12th Street Condominium,130 West 12th Street,10001,1006077502,2022,1941,1,100,Multifamily Housing,104225.0,,40.0,732674.9,,8961899.9,,,,110.0,110.6,2224.0,687.4,No,40.736464,-73.998845,671,732.6749,,2626.4733120720066,0.0,2626.4733120720066,False,
24231244,Not Applicable: Standalone Property,NYC-Chelsea NY MOT,113 W 24th St,10001,1008000050,2022,1980,1,80,Hotel,154812.0,,,208768.0,,935896.7,,,,10.6,10.6,5864.9,109.9,No,40.743858,-73.992984,916,208.768,,274.2842179487255,0.0,274.2842179487255,False,
20634224,20634224,Campus- 200 & 220 W 26th Street,200 & 220 W 26th Street,10001,1007750044; 1007750046,2022,2001,2,100,Multifamily Housing,400424.0,,356.0,3452769.6,,22744100.3,1055976.0,,,88.9,90.1,14595.0,2282.4,No,,,859,3452.7696,,6665.637098338815,309.47598312145277,6975.1130814602675,False,
1836628,Not Applicable: Standalone Property,M033 (OECID: 0100052; BBL: 1007240023),281 9th Avenue,10001,1007240023,2022,1951,1,100,K-12 School,83100.0,,,558399.9,,8371200.0,0.0,,,123.7,128.5,,605.7,No,40.748977,-73.999531,887,558.3999,,2453.3562788418535,0.0,2453.3562788418535,False,
21354471,21354471,Benchmarking Group - 3,227 West 27th St,10001,1007760040; 1007770001; 1007770018; 1007770037,2022,1959,7,100,College/University,1098574.0,,,19454025.4,86565187.1,781086.0,,,,139.9,139.8,7476.0,11400.9,Yes,40.747099,-73.994926,934,19454.0254,25369.74929531069,228.91368530383554,0.0,25598.662980614525,False,
21354473,21354471,FIT_12033_Dining Hall & Bookstore (West Courtyard Building),271 West 27th St,10001,1007770001,2022,2004,0,0,College/University,18501.0,,,,,,,,,,,,0.0,Not Available,40.747484,-73.995824,957,,,,0.0,0.0,True,
21354474,21354471,FIT_1291_Dubinsky Student Center (A Building),340 8th Ave,10001,1007770001,2022,1975,1,100,College/University,223212.0,,,3283435.7,78952589.3,781086.0,,,,407.4,406.4,,6230.9,Yes,40.747912,-73.996571,957,3283.4357,23138.717351153617,228.91368530383554,0.0,23367.631036457453,True,
21354475,21354471,FIT_6453_Feldman Center (C Building),227 West 27th St,10001,1007770018,2022,1959,1,100,College/University,293332.0,,,16170589.7,,,,,,188.1,188.1,,4664.5,Yes,40.747099,-73.994926,977,16170.589699999999,,,0.0,0.0,True,
21354477,21354471,FIT_6455_Goodman Resource Center (E Building),282 7th Ave,10001,1007760040,2022,1974,1,100,College/University,153097.0,,,,7612597.8,,,,,49.7,51.0,,505.5,Not Available,40.746147,-73.994168,934,,2231.031944157072,,0.0,2231.031944157072,True,
21354478,21354471,FIT_6458_Business and Liberal Arts Center (B Building),245 West 27th St,10001,1007770001,2022,1976,0,100,College/University,204338.0,,,,,,,,,,,,0.0,Not Available,40.747256,-73.995294,957,,,,0.0,0.0,True,
21355240,Not Applicable: Standalone Property,DOHMH_3433_Chelsea Health Center,303 9th Ave,10001,1007240082,2022,1940,1,100,Urgent Care/Clinic/Other Outpatient,27985.0,,,412158.4,,1519288.0,,,,104.5,107.6,,199.6,No,40.749356,-73.999257,956,412.15840000000003,,445.259312185718,0.0,445.259312185718,False,
21355269,Not Applicable: Standalone Property,DPR_3545_Chelsea Recreation Center,430 West 25th St,10001,1007220057,2022,1975,1,100,Fitness Center/Health Club/Gym,54000.0,,,836347.9,,7361546.8,,,,189.2,192.9,1524.5,632.3,No,40.748291,-74.001649,776,836.3479,,2157.4561668301026,0.0,2157.4561668301026,False,
21355707,Not Applicable: Standalone Property,DPR_5659_Chelsea Park Comfort Station,West 27th St at 10th Ave,10001,1007240100,2022,1950,1,100,Other - Recreation,984.0,,,102723.9,,,,,,356.2,356.2,,29.6,Yes,,,977,102.7239,,,0.0,0.0,False,
6664912,Not Applicable: Standalone Property,Cahn: 510 West 27th St,510 West 27th Street,10001,1006980044,2023,1934,1,100,Manufacturing/Industrial Plant,42800.0,,,79272.3,,758072.0,,,,24.0,29.6,,69.7,No,40.750602,-74.003288,998,79.2723,,222.16894842008335,0.0,222.16894842008335,False,
6802621,Not Applicable: Standalone Property,Piermont: 125 West 16th St.,125 West 16th Street,10001,1007920020,2023,1918,1,100,Multifamily Housing,41306.0,,60.0,686132.9,,0.0,,,,56.7,60.1,,254.5,Yes,40.739079,-73.996781,566,686.1329000000001,,0.0,0.0,0.0,False,
7565449,Not Applicable: Standalone Property,0061 - St Columba - School,331 West 25 Street,10001,1007490017,2023,1927,1,0,K-12 School,31797.0,,,0.0,,0.0,,,,0.0,0.0,,0.0,No,40.74699,-73.998509,761,0.0,,0.0,0.0,0.0,False,
9849254,Not Applicable: Standalone Property,231 West 25th Street,231 West 25th Street,10001,1007750017,2023,1961,1,100,Multifamily Housing,50029.0,,69.0,231920.5,,167778.0,,1657537.8,,52.3,52.0,2212.1,219.7,No,40.745829,-73.995741,809,231.9205,,49.17087272452319,485.7763246664412,534.9471973909644,False,
12444746,Not Applicable: Standalone Property,Nelco: 164 W 25th St,164 W 25th St,10001,1008000074,2023,1918,1,100,Manufacturing/Industrial Plant,47800.0,,,210864.6,,0.0,1946972.9,,,55.8,58.3,927.2,222.7,No,40.744906,-73.993598,847,210.8646,,0.0,570.6013700484915,570.6013700484915,False,
14947872,Not Applicable: Standalone Property,Rudd: 236 West 26th St,236 West 26th Street,10001,1007750060,2023,1925,1,100,Multifamily Housing,92319.0,,25.0,512834.4,,48575.0,,2556167.8,,47.2,51.9,1212.6,385.3,Yes,40.746561,-73.995601,833,512.8344000000001,,14.235925702974848,749.1387521386858,763.3746778416607,False,
14840064,Not Applicable: Standalone Property,150 West 26th Street,150 West 26th Street,10001,1008017502,2023,1922,1,100,Multifamily Housing,53439.0,,27.0,228038.8,,610082.0,1658566.8,,,57.0,62.2,1701.8,240.1,No,40.745403,-73.992865,937,228.03879999999998,,178.79736540859085,486.07789476522373,664.8752601738146,False,
1836628,Not Applicable: Standalone Property,M033 (OECID: 0100052; BBL: 1007240023),281 9th Avenue,10001,1007240023,2023,1951,1,100,K-12 School,83100.0,,,477137.9,,4705500.0,897000.2,,,87.0,103.6,,493.5,No,40.748977,-73.999531,887,477.1379,,1379.0457724209602,262.88478029343446,1641.9305527143947,False,
2669826,Not Applicable: Standalone Property,545 West 25th St,545 West 25th St,10001,1006977501,2023,2005,1,100,Museum,78080.0,,,927848.6,,2154155.9,,,,68.1,76.1,1275.4,458.6,No,40.749627,-74.00475,965,927.8486,,631.3207070514651,0.0,631.3207070514651,False,
2689489,Not Applicable: Standalone Property,146 West 25th Street,146 West 25th Street,10001,1008000065,2023,1911,1,95,Office,66528.0,,,323354.7,,5625.2,,1994203.2,,46.6,,0.0,270.4,No,40.744752,-73.993233,873,323.35470000000004,,1.6485832066777995,584.4432031257785,586.0917863324563,False,
2689501,Not Applicable: Standalone Property,122 West 26th Street,122 West 26th Street,10001,1008010055,2023,1913,1,95,Office,70752.0,,,369207.6,,413580.0,1484531.0,,,44.6,,1784.9,269.1,No,40.745164,-73.992295,982,369.20759999999996,,121.20832016955919,435.0730420949656,556.2813622645248,False,
2798136,Not Applicable: Standalone Property,130 West 12th Street Condominium,130 West 12th Street,10001,1006077502,2023,1941,1,100,Multifamily Housing,105415.0,,40.0,721803.8,,8836170.7,,,,107.2,106.9,2274.1,737.1,No,40.736464,-73.998845,671,721.8038,,2589.625724837946,0.0,2589.625724837946,False,
2830989,Not Applicable: Standalone Property,CHELSEA,425 WEST 25TH STREET,10001,1007230015,2023,1964,2,100,Multifamily Housing,398836.0,,425.0,2963294.2,,19838935.1,,,,75.1,75.1,17875.4,2153.0,No,40.748178,-74.001339,816,2963.2942000000003,,5814.217315692021,0.0,5814.217315692021,False,
2830990,4473909,CHELSEA ADDITION,436 WEST 27TH DRIVE,10001,1007240010,2023,1968,1,100,Multifamily Housing,131916.0,,96.0,649442.2,,146291.0,,,,17.9,17.9,3577.2,248.7,Yes,40.749773,-74.001252,929,649.4422,,42.87365531680686,0.0,42.87365531680686,True,
2831030,4473909,ELLIOTT,288 10TH AVENUE,10001,1007230001;1007240001;1007240015,2023,1947,1,100,Multifamily Housing,515848.0,,607.0,,,,,,,,,,0.0,Not Available,40.75005,-74.002436,852,,,,0.0,0.0,True,
2900365,Not Applicable: Standalone Property,19 West 21st Street,19 West 21st Street,10001,1008230024,2023,1908,1,100,Office,118948.0,,,589980.5,,2706.0,1996860.0,,,33.7,33.6,,367.2,No,40.740649,-73.991408,965,589.9805,,0.7930502306176004,585.2218342612939,586.0148844919115,False,
3112854,Not Applicable: Standalone Property,521 West 26th Street,521 West 26th Street,10001,1006980018,2023,1920,1,100,Office,135214.0,,,679823.5,,3750186.8,,,,44.9,52.1,1306.4,451.4,Yes,40.750064,-74.00388,985,679.8235,,1099.0711406500668,0.0,1099.0711406500668,False,
3128112,4473909,ELLIOTT/CHELSEA ADDITION,288 10TH AVENUE,10001,1007240010;1007230001;1007240001;1007240015,2023,1947,1,100,Multifamily Housing,647764.0,,703.0,3458583.1,,51899863.8,,,,98.3,109.1,,4039.7,Yes,40.75005,-74.002436,852,3458.5831000000003,,15210.346990248354,0.0,15210.346990248354,True,
3530197,Not Applicable: Standalone Property,250 West 27th Street,250 West 27th Street,10001,1007760065,2023,1918,1,100,Multifamily Housing,77742.0,,51.0,273151.2,,89499.0,1792758.0,,,36.2,36.2,1517.8,239.1,Yes,40.747481,-73.99586,894,273.1512,,26.229564889151742,525.4054491284361,551.6350140175879,False,
3513340,Not Applicable: Standalone Property,AKAM - 137-139 West 25th St,137-139 West 25th Street,10001,1008017501,2023,1910,1,100,Office,82400.0,,,1036963.4,,0.0,1281095.5,,,58.5,63.6,,479.8,Yes,40.744681,-73.99302,923,1036.9634,,0.0,375.4519888093755,375.4519888093755,False,
30687963,Not Applicable: Standalone Property,151 West 26th Street,151 West 26th Street,10001,1008020008,2023,1911,1,80,Office,179131.0,,,1596799.6,,1023103.0,3015645.1,,,53.0,58.6,1964.6,870.5,No,40.745428,-73.992872,973,1596.7996,,299.84185886753835,883.7982416909965,1183.6401005585349,False,
30687964,Not Applicable: Standalone Property,152 West 25th Street,152 West 25th Street,10001,1008000068,2023,1911,1,80,Office,66115.0,,7.0,317395.1,,8960.0,1850028.0,,,44.5,51.8,,255.5,No,40.744805,-73.993352,864,317.39509999999996,,2.625916506405654,542.1896275125713,544.815544018977,False,
30687969,Not Applicable: Standalone Property,236 West 27th Street,236 West 27th Street,10001,1007760059,2023,1929,1,80,Office,94331.0,,,801466.3,,79584.0,2898276.1,,,60.6,65.5,660.6,516.6,No,40.747316,-73.995474,902,801.4663,,23.323765540824503,849.4007869543531,872.7245524951776,False,
33910478,21354471,FIT_10241_FIT: Alumni Hall,210 West 27th St,10001,1007760033,2023,1988,1,100,Residence Hall/Dormitory,123304.0,,,1707635.2,,,,,,47.3,46.7,,633.5,Yes,40.746896,-73.994489,923,1707.6352,,,0.0,0.0,True,
33910479,Not Applicable: Standalone Property,FIT_10242_FIT: Nagler Hall,220 West 27th St,10001,1007760047,2023,1962,1,100,Residence Hall/Dormitory,63180.0,,,,52631931.5,,,,,833.0,833.0,11126.5,3494.7,Not Available,40.747127,-73.995034,926,,15424.894831457777,,0.0,15424.894831457777,False,
33641387,Not Applicable: Standalone Property,"Mactaggart: 555 W 25th St,",555 W 25th St,10001,1006970005,2023,1891,1,60,Office,43790.0,,,266628.2,,,207000.0,,,25.5,26.9,,114.3,Yes,40.749704,-74.00493,989,266.6282,,,60.66570500289848,60.66570500289848,False,
33922209,Not Applicable: Standalone Property,233-235 West 26th Street,233-235 West 26th Street,10001,1007760017,2023,1926,1,100,Multifamily Housing,47433.0,,20.0,250772.5,,1317975.0,,,,45.8,45.8,851.7,163.0,No,40.74657,-73.995579,877,250.7725,,386.26030217968656,0.0,386.26030217968656,False,
33963881,Not Applicable: Standalone Property,131 West 25 Street,131 West 25 Street,10001,1008017503,2023,1968,1,100,Multifamily Housing,89762.0,,136.0,1689219.4,,6738187.8,,,,139.3,148.7,,984.5,Yes,40.744629,-73.992898,944,1689.2194,,1974.767697241205,0.0,1974.767697241205,False,
20634224,20634224,Campus- 200 & 220 W 26th Street,200 & 220 W 26th Street,10001,1007750044; 1007750046,2023,2001,2,100,Multifamily Housing,400424.0,,356.0,3258801.3,,20774025.8,552000.0,,,81.0,84.1,13740.2,2353.3,Yes,,,859,3258.8012999999996,,6088.265318383585,161.7752133410626,6250.040531724647,False,
20806186,Not Applicable: Standalone Property,125 W 25th St,125 W 25th Street,10001,1008010024,2023,1906,1,95,Office,113062.0,,,1191729.3,,1181279.0,,,,46.4,48.0,1259.7,504.8,Yes,40.74458,-73.992775,960,1191.7293,,346.19866347883533,0.0,346.19866347883533,False,
21292506,Not Applicable: Standalone Property,500 West 25th Street,500 West 25th Street,10001,1006967504,2023,2018,1,100,Multifamily Housing,29533.0,,8.0,262564.1,,730140.0,,,,55.1,61.5,3.7,136.2,No,40.749002,-74.003328,847,262.5641,,213.98288816819465,0.0,213.98288816819465,False,
21294038,Not Applicable: Standalone Property,AKAM - 159 West 25th Street,159 West 25th Street,10001,1008010008,2023,1911,1,100,Office,86027.0,,,411343.1,,1399.0,,593636.0,,23.2,23.2,1346.1,197.4,No,40.744868,-73.993464,895,411.3431,,0.4100063830872221,173.97751910676638,174.3875254898536,False,
21354471,21354471,Benchmarking Group - 3,227 West 27th St,10001,1007760040; 1007770001; 1007770018; 1007770037,2023,1959,7,100,College/University,1221878.0,,,20087618.2,16304286.7,819699.0,,,,70.1,,11309.8,8578.0,Yes,40.747099,-73.994926,934,20087.6182,4778.314237801357,240.23003731966608,0.0,5018.544275121023,False,
21354473,21354471,FIT_12033_Dining Hall & Bookstore (West Courtyard Building),271 West 27th St,10001,1007770001,2023,2004,0,0,College/University,18501.0,,,,,,,,,,,,0.0,Not Available,40.747484,-73.995824,957,,,,0.0,0.0,True,
21354474,21354471,FIT_1291_Dubinsky Student Center (A Building),340 8th Ave,10001,1007770001,2023,1975,1,100,College/University,223212.0,,,3091398.0,7075347.1,819699.0,,,,82.6,,,1660.1,Yes,40.747912,-73.996571,957,3091.398,2073.5793234865373,240.23003731966608,0.0,2313.8093608062036,True,
21354475,21354471,FIT_6453_Feldman Center (C Building),227 West 27th St,10001,1007770018,2023,1959,1,100,College/University,293332.0,,,15288585.0,,,,,,177.8,177.8,,5671.6,Yes,40.747099,-73.994926,977,15288.585,,,0.0,0.0,True,
21354477,21354471,FIT_6455_Goodman Resource Center (E Building),282 7th Ave,10001,1007760040,2023,1974,1,100,College/University,153097.0,,,,9228939.7,,,,,60.3,62.8,,612.8,Not Available,40.746147,-73.994168,934,,2704.7349436219242,,0.0,2704.7349436219242,True,
21354478,21354471,FIT_6458_Business and Liberal Arts Center (B Building),245 West 27th St,10001,1007770001,2023,1976,0,100,College/University,204338.0,,,,,,,,,,,,0.0,Not Available,40.747256,-73.995294,957,,,,0.0,0.0,True,
21355240,Not Applicable: Standalone Property,DOHMH_3433_Chelsea Health Center,303 9th Ave,10001,1007240082,2023,1940,1,100,Urgent Care/Clinic/Other Outpatient,27985.0,,,551306.9,,1565175.0,,,,123.1,134.6,,287.7,No,40.749356,-73.999257,956,551.3069,,458.7074629367711,0.0,458.7074629367711,False,
21355269,Not Applicable: Standalone Property,DPR_3545_Chelsea Recreation Center,430 West 25th St,10001,1007220057,2023,1975,1,100,Fitness Center/Health Club/Gym,54000.0,,,832332.9,,3359605.7,,,,114.8,126.0,1666.7,487.2,No,40.748291,-74.001649,776,832.3329,,984.6031319915761,0.0,984.6031319915761,False,
21355707,Not Applicable: Standalone Property,DPR_5659_Chelsea Park Comfort Station,West 27th St at 10th Ave,10001,1007240100,2023,1950,1,100,Other - Recreation,984.0,,,67155.2,,,,,,232.9,258.3,,24.9,No,,,977,67.1552,,,0.0,0.0,False,
24231244,Not Applicable: Standalone Property,NYC-Chelsea NY MOT,113 W 24th St,10001,1008000050,2023,1980,1,80,Hotel,154812.0,,,2271985.7,,3422520.7,,,,72.2,72.2,8186.4,1024.6,No,40.743858,-73.992984,916,2271.9857,,1003.0416963889546,0.0,1003.0416963889546,False,
25561389,Not Applicable: Standalone Property,Feil - 530 West 25th Street,530 West 25th Street,10001,1006960049,2023,1958,1,100,Office,104557.0,,,729066.4,,444845.0,,,,28.0,30.0,,294.1,Yes,40.749515,-74.004533,884,729.0664,,130.37118619330616,0.0,130.37118619330616,False,
26709703,Not Applicable: Standalone Property,158 W 27th St,158 West 27th Street,10001,1008020075,2023,1913,1,85,Office,108000.0,,,917058.0,,441.0,,,,29.0,29.3,902.9,340.2,Yes,40.746089,-73.992576,989,917.058,,0.12924432804965327,0.0,0.12924432804965327,False,
4473909,4473909,ELLIOTT/CHELSEA ADDITION CAMPUS,288 10TH AVENUE,10001,1007240010;1007230001;1007240001;1007240015,2023,1947,5,100,Multifamily Housing,647764.0,,703.0,4108025.2,,52046154.9,,,,102.0,112.7,3577.2,4288.4,Yes,40.75005,-74.002436,852,4108.0252,,15253.220674872266,0.0,15253.220674872266,False,anchor_nycha_elliott_chelsea
4950993,Not Applicable: Standalone Property,AKAM - 420 West 25th Street,420 West 25th Street,10001,1007227501,2023,1912,1,100,Multifamily Housing,94597.0,,79.0,885576.1,,2776503.8,,,,61.3,65.4,5502.1,476.0,Yes,40.74811,-74.001223,759,885.5761,,813.712852513172,0.0,813.712852513172,False,
4950993,Not Applicable: Standalone Property,AKAM - 420 West 25th Street,420 West 25th Street,10001,1007227501,2023,1912,1,100,Multifamily Housing,94597.0,,79.0,885576.1,,2776503.8,,,,61.3,65.4,5502.1,476.0,Yes,40.74811,-74.001223,759,885.5761,,813.712852513172,0.0,813.712852513172,False,
4951007,Not Applicable: Standalone Property,AKAM - 263 9th Avenue,263 9th Avenue,10001,1007237501,2023,1914,1,100,Multifamily Housing,95844.0,,67.0,764840.7,,3136350.2,,,,60.0,61.1,3258.8,450.3,No,40.748178,-74.000112,811,764.8407,,919.173410719718,0.0,919.173410719718,False,
5864824,Not Applicable: Standalone Property,AKAM - 245 Seventh Avenue,245 Seventh Avenue,10001,1008007501,2023,1911,1,100,Multifamily Housing,63834.0,,33.0,429916.6,,2800002.4,,,,66.8,73.5,1411.0,308.2,Yes,40.744802,-73.995114,809,429.91659999999996,,820.5996116222595,0.0,820.5996116222595,False,
6261052,Not Applicable: Standalone Property,177 West 26th Street,177 West 26th Street,10001,1008020001,2023,1920,1,100,Multifamily Housing,25144.0,,18.0,475052.3,,1650984.0,1576056.6,,,192.8,202.5,,380.9,Yes,40.745645,-73.993392,941,475.0523,,483.8555956932625,461.89654475106846,945.752140444331,False,
6262541,Not Applicable: Standalone Property,400 West 25th Street,400 West 25th Street,10001,1007220043,2023,1929,1,100,Multifamily Housing,30500.0,,39.0,407082.4,,115172.0,1579009.8,,,101.1,100.7,1993.5,274.3,No,40.747794,-74.00048,742,407.0824,,33.75357766470446,462.76204214244314,496.5156198071476,False,
6382008,Not Applicable: Standalone Property,241 West 26th Street,241 West 26th Street,10001,1007760012,2023,1930,1,100,Parking,34213.0,,,79313.5,,0.0,,,,7.9,8.4,23.3,29.4,No,40.746633,-73.995723,869,79.3135,,0.0,0.0,0.0,False,
6382013,Not Applicable: Standalone Property,250 West 26th Street,250 West 26th Street,10001,1007750064,2023,1920,1,30,Office,30928.0,,,396920.4,,3833.0,,,,43.9,43.9,713.0,147.4,No,40.746677,-73.995871,825,396.92040000000003,,1.1233412911889364,0.0,1.1233412911889364,False,
6456870,Not Applicable: Standalone Property,245 10th Avenue,245 10th Avenue,10001,1006967502,2023,2007,1,100,Multifamily Housing,57388.0,,18.0,422357.1,,1334968.0,,,,48.4,54.4,778.7,227.6,Yes,40.748645,-74.00349,835,422.3571,,391.2404583396588,0.0,391.2404583396588,False,
6600340,Not Applicable: Standalone Property,AAG: 229 9th Ave,229 9 AVENUE,10001,1007220037,2023,1910,1,100,Multifamily Housing,26919.0,,21.0,238405.6,,1342970.0,,,,80.1,80.1,724.6,159.8,No,40.74719,-74.000826,697,238.4056,,393.5856127910269,0.0,393.5856127910269,False,
6598605,Not Applicable: Standalone Property,"WEST END ESTATES, LLC",154 West 27th Street,10001,1008020071,2023,1910,1,100,Multifamily Housing,30160.0,,12.0,92412.7,,8966.0,1367304.0,,,56.1,68.4,1179.6,136.2,Yes,40.746056,-73.992497,999,92.4127,,2.627674932637622,400.71720344581206,403.34487837844966,False,
1836628,Not Applicable: Standalone Property,M033 (OECID: 0100052; BBL: 1007240023),281 9th Avenue,10001,1007240023,2024,1951,1,100,K-12 School,83100.0,,,485841.0,,5413300.1,400200.1,,,89.9,98.9,,508.0,No,40.748977,-73.999531,887,485.841,,1586.4814828925641,117.28705897937425,1703.7685418719384,False,
2557741,3616164,Mutual Redevelopment -Penn South - Building 4,312 8th Ave,10001,1007490024,2024,1960,1,100,Multifamily Housing,232793.0,,186.0,,,217482458.7,55990546.8,,,1174.7,1215.8,,15706.14,No,40.746948,-73.997272,781,,,63737.810061832126,16409.207705892662,80147.01776772478,True,
2632792,Not Applicable: Standalone Property,The Chelsea Mercantile,252 7 Avenue,10001,1007747501,2024,1910,1,100,Multifamily Housing,603754.0,,354.0,7126998.3,,14743797.9,,,,64.7,66.2,20893.8,3581.73,No,40.745112,-73.994919,785,7126.9983,,4320.980164365962,0.0,4320.980164365962,False,
2636842,Not Applicable: Standalone Property,210 11 AVENUE,210 11 AVENUE,10001,1006960065,2024,1910,1,95,Office,108081.0,,,668095.8,,65511.0,2996642.4,,,49.4,53.8,336.0,488.19,No,40.74986,-74.006291,971,668.0958,,19.199376813743392,878.2291006646266,897.4284774783699,False,
2648547,Not Applicable: Standalone Property,322 Partners Pro,322 Eighth Avenue,10001,1007760001,2024,1925,1,100,Office,189049.0,,,1577130.9,,9675.0,4823431.1,,,54.0,56.6,,977.73,No,40.747294,-73.997023,855,1577.1308999999999,,2.835462299048516,1413.6079623884352,1416.4434246874837,False,
2649686,3616164,Mutual Redevelopment -Penn South - Building 1,350 West 24th Street,10001,1007470001,2024,1960,1,100,Multifamily Housing,203335.0,,186.0,966890.0,,4158192.0,,,,36.7,36.9,,600.54,Yes,40.746825,-74.000448,609,966.89,,1218.6456483932966,0.0,1218.6456483932966,True,
2649706,3616164,Mutual Redevelopment -Penn South - Building 2,351 West 24th Street,10001,1007480001,2024,1960,1,100,Multifamily Housing,403741.0,,378.0,,,6581283.0,,,,16.3,16.3,,349.56,Not Available,40.746614,-74.000242,685,,,1928.7834445342546,0.0,1928.7834445342546,True,
2649713,3616164,Mutual Redevelopment -Penn South - Building 3,321 West 24th Street,10001,1007480001,2024,1960,1,100,Multifamily Housing,403741.0,,378.0,,,6598784.0,,,,16.3,16.3,,350.49,Not Available,40.746054,-73.998567,685,,,1933.9124807818666,0.0,1933.9124807818666,True,
2649714,3616164,Mutual Redevelopment -Penn South - Building 5,365 West 25th Street,10001,1007490001,2024,1960,1,100,Multifamily Housing,202095.0,,186.0,,,604151.0,,,,3.0,3.0,43404.2,32.09,Not Available,40.747426,-73.999552,780,,,177.05916107829043,0.0,177.05916107829043,True,
2649734,3616164,Mutual Redevelopment -Penn South - Building 6,280 9th Ave,10001,1007510001,2024,1960,1,100,Multifamily Housing,458075.0,,378.0,26512.4,,2424209.0,,,,5.5,5.5,,139.17,No,40.748711,-73.9997,911,26.512400000000003,,710.4654495621812,0.0,710.4654495621812,True,
2649747,3616164,Mutual Redevelopment -Penn South - Building 7,330 West 28th Street,10001,1007510001,2024,1960,1,100,Multifamily Housing,458075.0,,378.0,26512.4,,2424209.0,,,,5.5,5.5,,139.17,No,40.749131,-73.997019,911,26.512400000000003,,710.4654495621812,0.0,710.4654495621812,True,
2649777,3616164,Mutual Redevelopment -Penn South - Building 8,345 8th Avenue,10001,1007510001,2024,1960,1,100,Multifamily Housing,458075.0,,378.0,26512.4,,2424209.0,,,,5.5,5.5,,139.17,No,40.74792,-73.996589,911,26.512400000000003,,710.4654495621812,0.0,710.4654495621812,True,
2651619,Not Applicable: Standalone Property,138 W 25th St - Tamkat Building Corp.,138 WEST 25TH STREET,10001,1008000061,2024,1911,1,60,Office,86797.0,,,517854.3,,3016486.1,0.0,,,55.1,,1650.7,363.57,No,40.744684,-73.993071,888,517.8543,,884.0447144345108,0.0,884.0447144345108,False,
2669826,Not Applicable: Standalone Property,545 West 25th St,543 WEST 25 STREET,10001,1006977501,2024,2005,1,100,Office,82048.0,,,859312.9,,2169318.8,,,,62.2,66.5,1238.8,452.66,No,40.749611,-74.004714,965,859.3129,,635.7645139035832,0.0,635.7645139035832,False,
2688352,3616164,Mutual Redevelopment -Commercial Building #3,309 West 23rd St,10001,1007470001,2024,1970,1,100,Medical Office,25929.0,,,1004107.4,,4144244.0,,,,292.0,293.5,,614.41,Yes,40.745549,-73.999069,609,1004.1074,,1214.5578935460483,0.0,1214.5578935460483,True,
2689489,Not Applicable: Standalone Property,146 West 25th Street,146 West 25th Street,10001,1008000065,2024,1911,1,95,Office,66528.0,,,306946.5,,2702.0,,2456009.0,,52.7,,,305.57,No,40.744752,-73.993233,873,306.9465,,0.791877946462955,719.785108591612,720.576986538075,False,
2689501,Not Applicable: Standalone Property,122 West 26th Street,122 West 26th Street,10001,1008010055,2024,1913,1,95,Office,70752.0,,,418515.5,,34.0,1892601.1,,,46.9,,896.2,304.78,No,40.745164,-73.992295,982,418.5155,,0.00996441531448574,554.6665701486047,554.6765345639192,False,
2689559,3616164,Mutual Redevelopment -Commercial Building #5,339 8th Ave,10001,1007510001,2024,1960,1,100,Supermarket/Grocery Store,115718.0,,,14829.3,,2424209.0,,,,21.4,21.5,,134.58,No,40.747651,-73.996788,911,14.8293,,710.4654495621812,0.0,710.4654495621812,True,
2694207,3616164,Mutual Redevelopment -Theater on West 23rd,333 West 23rd Street,10001,1007470001,2024,1960,1,100,Performing Arts,21644.0,,,1004107.4,,4144244.0,,,,349.8,351.6,,614.41,Yes,40.745755,-73.999556,609,1004.1074,,1214.5578935460483,0.0,1214.5578935460483,True,
2694218,3616164,Mutual Redevelopment -Commercial Building #1,230 9th Ave,10001,1007480001,2024,1960,1,100,Retail Store,9835.0,,,,,4256020.0,,,,432.7,437.6,,226.06,Not Available,40.747185,-74.000808,685,,,1247.3162019634588,0.0,1247.3162019634588,True,
2750347,20634224,200 West 26th Street,200 West 26th Street,10001,1007750044,2024,2001,1,100,Multifamily Housing,277680.0,,231.0,2557992.3,,19905322.0,,,,103.1,105.9,14149.4,2061.73,No,40.746045,-73.994381,865,2557.9923,,5833.673393428527,0.0,5833.673393428527,True,
2750350,20634224,220 West 26th Street,220 West 26th Street,10001,1007750046,2024,2001,1,100,Multifamily Housing,122744.0,,125.0,858589.8,,447152.0,483000.2,,,31.4,31.6,,396.74,Yes,40.746268,-73.994904,859,858.5898000000001,,131.04730107949786,141.5533702876375,272.60067136713536,True,
2798136,Not Applicable: Standalone Property,130 West 12th Street Condominium,130 West 12th Street,10001,1006077502,2024,1941,1,100,Multifamily Housing,105415.0,,40.0,720250.1,,8823512.9,,,,107.0,109.1,2251.6,751.48,No,40.736464,-73.998845,671,720.2501,,2585.916090244779,0.0,2585.916090244779,False,
2805211,Not Applicable: Standalone Property,207 W 25 street  - 39875,207 W 25 street,10001,1007757501,2024,1912,1,100,Office,138504.0,,,1377299.9,,3343154.3,,,,58.1,58.2,2201.5,718.41,No,40.745623,-73.995254,836,1377.2999,,979.7817031061427,0.0,979.7817031061427,False,
2830989,Not Applicable: Standalone Property,CHELSEA,425 WEST 25TH STREET,10001,1007230015,2024,1964,2,100,Multifamily Housing,398836.0,,425.0,2979850.9,,41897051.4,,,,130.5,130.6,16580.6,3395.46,No,40.748178,-74.001339,816,2979.8509,,12278.81237064577,0.0,12278.81237064577,False,
2830990,4473909,CHELSEA ADDITION,436 WEST 27TH DRIVE,10001,1007240010,2024,1968,1,100,Multifamily Housing,131916.0,,96.0,733090.0,,0.0,,,,19.0,19.0,,287.87,No,40.749773,-74.001252,929,733.09,,0.0,0.0,0.0,True,
2831030,4473909,ELLIOTT,288 10TH AVENUE,10001,1007230001;1007240001;1007240015,2024,1947,1,100,Multifamily Housing,515848.0,,607.0,,,,,,,,,,,Not Available,40.75005,-74.002436,852,,,,0.0,0.0,True,
2900365,Not Applicable: Standalone Property,19 West 21st Street,19 West 21st Street,10001,1008230024,2024,1908,1,100,Office,118948.0,,,637161.8,,2948.0,,,,,18.2,,,No,40.740649,-73.991408,965,637.1618000000001,,0.8639734219736459,0.0,0.8639734219736459,False,
3112854,3112854,521 West 26th Street,521 West 26th Street,10001,1006980018,2024,1920,4,100,Office,135214.0,,,546799.2,,4405140.9,,,,46.4,50.9,778.3,448.69,Yes,40.750064,-74.00388,985,546.7991999999999,,1291.0192190125736,0.0,1291.0192190125736,False,
3128112,4473909,ELLIOTT/CHELSEA ADDITION,288 10TH AVENUE,10001,1007240010;1007230001;1007240001;1007240015,2024,1947,1,100,Multifamily Housing,647764.0,,703.0,3484392.2,,60752632.4,,,,112.1,120.0,,4595.09,No,40.75005,-74.002436,852,3484.3922000000002,,17804.8370788789,0.0,17804.8370788789,True,
3513340,Not Applicable: Standalone Property,AKAM - 137-139 West 25th Street,137 West 25th Street,10001,1008017501,2024,1910,1,100,Office,87150.0,,,824695.3,,0.0,1629310.7,,,51.0,53.6,,444.74,Yes,40.744681,-73.99302,923,824.6953000000001,,0.0,477.50377915104355,477.50377915104355,False,
3616164,3616164,Penn South,321 Eighth Ave,10001,1007520001;1007490001;1007490024;1007470001;1007510001;1007480001,2024,1960,14,100,Multifamily Housing,3391963.0,,2628.0,3010154.0,,165287620.8,55990546.8,,,68.3,68.3,,14115.86,Yes,40.747116,-73.997178,609,3010.154,,48441.01470571858,16409.207705892662,64850.22241161125,False,
3994570,Not Applicable: Standalone Property,260 West 26th Street - 41589,260 West 26th Street,10001,1007757502,2024,2011,1,100,Multifamily Housing,236779.0,,230.0,1782016.2,,6574057.3,,,,53.4,55.1,9419.5,1048.94,Yes,40.746756,-73.996063,811,1782.0162,,1926.6658011301993,0.0,1926.6658011301993,False,
3994572,Not Applicable: Standalone Property,401 West 25th Street - 41674,401 West 25th Street,10001,1007237502,2024,2011,1,100,Multifamily Housing,179370.0,,168.0,1183220.0,,5921536.4,,,,55.5,55.5,8371.4,779.14,No,40.74781,-74.000469,781,1183.22,,1735.4308232189635,0.0,1735.4308232189635,False,
4038356,Not Applicable: Standalone Property,150 West 26th Street,146 W. 26Th Street,10001,1008017502,2024,1922,1,100,Multifamily Housing,53491.0,,25.0,229889.1,,575398.0,,,,25.4,25.6,1551.5,120.83,No,40.74537,-73.992782,937,229.8891,,168.63248950366076,0.0,168.63248950366076,False,
4390390,Not Applicable: Standalone Property,275 Seventh Avenue,275 7 AVENUE,10001,1008010001,2024,1931,1,80,Office,602144.0,1728.0,,7512883.8,,2209.0,7799483.3,,,55.5,56.8,,3529.01,No,40.745743,-73.994435,893,7512.8838,,0.6473939244029118,2285.802671752817,2286.4500656772198,False,
4405687,Not Applicable: Standalone Property,142 West 26th Street,142 W. 26Th Street,10001,1008010065,2024,1911,1,100,Multifamily Housing,52422.0,,20.0,226038.0,,280005.0,,,,20.1,20.2,1190.4,103.63,No,40.745334,-73.992703,946,226.038,,82.06135618036998,0.0,82.06135618036998,False,
4408617,Not Applicable: Standalone Property,114 West 26th Street,114 W. 26Th Street,10001,1008010051,2024,1970,1,100,Office,97419.0,,,596573.7,,2024.0,1380000.0,,,35.1,37.8,,336.77,No,40.745096,-73.992133,996,596.5736999999999,,0.5931757822505629,404.43803335265653,405.0312091349071,False,
4473909,4473909,ELLIOTT/CHELSEA ADDITION CAMPUS,288 10TH AVENUE,10001,1007240010;1007230001;1007240001;1007240015,2024,1947,5,100,Multifamily Housing,647764.0,,703.0,4217482.1,,60752632.4,,,,116.0,123.9,,4882.96,No,40.75005,-74.002436,852,4217.482099999999,,17804.8370788789,0.0,17804.8370788789,False,anchor_nycha_elliott_chelsea
4950993,Not Applicable: Standalone Property,AKAM - 420 West 25th Street,418 West 25th Street,10001,1007227501,2024,1912,1,100,Multifamily Housing,94597.0,,79.0,926802.0,,3122483.0,,,,66.4,69.1,5427.2,529.78,Yes,40.748088,-74.001173,759,926.802,,915.1093360123934,0.0,915.1093360123934,False,
4951007,Not Applicable: Standalone Property,AKAM - 263 9th Avenue,261 9th Avenue,10001,1007237501,2024,1914,1,100,Multifamily Housing,103320.0,,67.0,788922.1,,3996293.9,,,,64.7,65.2,,522.05,No,40.748134,-74.000144,811,788.9221,,1171.1980040689984,0.0,1171.1980040689984,False,
5864824,Not Applicable: Standalone Property,AKAM - 245 Seventh Avenue,245 Seventh Avenue,10001,1008007501,2024,1911,1,100,Multifamily Housing,85516.0,,33.0,480926.7,,3106568.9,,,,55.5,58.4,,353.85,Yes,40.744802,-73.995114,809,480.92670000000004,,910.4453741960328,0.0,910.4453741960328,False,
6213192,Not Applicable: Standalone Property,134 W 26th St,134 W 26th St,10001,1008010061,2024,1911,1,100,Manufacturing/Industrial Plant,96069.0,,,694759.4,,,2108717.3,,,46.6,46.6,,429.29,No,40.745266,-73.99254,956,694.7594,,,618.0039693541476,618.0039693541476,False,
6227870,Not Applicable: Standalone Property,THE SEYMOUR CONDOMINIUM,261 West 25th Street,10001,1007757503,2024,2014,1,100,Multifamily Housing,78375.0,,49.0,543538.9,,1694127.0,,,,45.3,46.3,2129.0,303.42,Yes,40.746084,-73.996351,787,543.5389,,496.4995595142289,0.0,496.4995595142289,False,
6261052,Not Applicable: Standalone Property,177 West 26th Street,177 West 26th Street,10001,1008020001,2024,1920,1,100,Multifamily Housing,31960.0,,18.0,547645.7,,1707321.0,,,,111.9,111.9,,305.73,Yes,40.745645,-73.993392,941,547.6456999999999,,500.3663387983267,0.0,500.3663387983267,False,
6262541,Not Applicable: Standalone Property,400 West 25th Street,400 West 25th Street,10001,1007220043,2024,1929,1,100,Multifamily Housing,38588.0,,39.41,427045.0,,102266.0,158562.0,,,44.5,44.4,2653.5,184.89,No,40.747794,-74.00048,742,427.045,,29.97120283974114,46.46993003222023,76.44113287196137,False,
6282464,Not Applicable: Standalone Property,Andrews: 291 7th Ave,291 7th Ave,10001,1008027502,2024,1907,1,100,Multifamily Housing,39152.0,,8.0,387312.7,,2141635.0,,,,88.5,94.0,,265.84,No,40.746309,-73.994027,965,387.3127,,627.6511938834902,0.0,627.6511938834902,False,
6282557,Not Applicable: Standalone Property,Cornerstone: 107 W 25th St,107 W 25th St,10001,1008010030,2024,1905,1,100,Multifamily Housing,43915.0,,27.0,279035.9,,132699.0,,,,24.7,25.0,1059.2,116.62,Yes,40.744426,-73.992411,985,279.0359,,38.89023375932186,0.0,38.89023375932186,False,
6314233,Not Applicable: Standalone Property,147 West 25th Street,147 West 25th Street,10001,1008010014,2024,1911,1,100,Office,41207.0,,,200908.6,,65.0,1670200.2,,,57.2,61.2,227.4,202.83,Yes,40.744766,-73.993223,914,200.9086,,0.019049617512987446,489.48730738638665,489.5063570038996,False,
6382008,Not Applicable: Standalone Property,241 West 26th Street,241 West 26th Street,10001,1007760012,2024,1930,1,100,Office,24438.0,,,60254.0,,0.0,,,,8.4,8.4,,23.66,Yes,40.746633,-73.995723,869,60.254,,0.0,0.0,0.0,False,
6382013,Not Applicable: Standalone Property,250 West 26th Street,250 West 26th Street,10001,1007750064,2024,1920,1,100,Office,30928.0,,,449985.7,,3639.0,,,,49.8,49.8,1375.7,176.89,No,40.746677,-73.995871,825,449.9857,,1.0664855096886354,0.0,1.0664855096886354,False,
6434656,Not Applicable: Standalone Property,508 W. 26th Street,508 W. 26th Street,10001,1006970042,2024,1927,1,100,Office,146388.0,,,1700213.8,,72254.0,,,,40.1,40.2,2163.4,671.48,No,40.749957,-74.003674,934,1700.2138,,21.175554827436844,0.0,21.175554827436844,False,
6434657,Not Applicable: Standalone Property,518 W. 26th Street,518 W. 26th Street,10001,1006970047,2024,1910,1,100,Office,217968.0,,,116802.5,,15759686.2,,,,74.1,81.7,,882.93,No,40.750034,-74.003855,964,116.8025,,4618.707603610869,0.0,4618.707603610869,False,
6456870,Not Applicable: Standalone Property,245 10th Avenue,245 10th Avenue,10001,1006967502,2024,2007,1,100,Multifamily Housing,57388.0,,18.0,467346.9,,1282996.0,,,,50.1,52.9,831.1,251.66,Yes,40.748645,-74.00349,835,467.3469,,376.0089703183514,0.0,376.0089703183514,False,
6598605,Not Applicable: Standalone Property,"WEST END ESTATES, LLC",154 West 27th Street,10001,1008020071,2024,1910,1,100,Multifamily Housing,30160.0,,12.0,102820.0,,7001.0,1454892.6,,,60.1,66.4,677.6,148.7,Yes,40.746056,-73.992497,999,102.82,,2.0517903416680783,426.3868854227052,428.4386757643733,False,
6600340,Not Applicable: Standalone Property,AAG: 229 9th Ave,229 9 AVENUE,10001,1007220037,2024,1910,1,100,Multifamily Housing,26919.0,,21.0,165964.9,,584287.0,,,,42.7,42.7,,96.2,No,40.74719,-74.000826,697,165.9649,,171.23759796632146,0.0,171.23759796632146,False,
6664912,Not Applicable: Standalone Property,Cahn: 510 West 27th St,510 West 27th Street,10001,1006980044,2024,1934,1,100,Manufacturing/Industrial Plant,42800.0,,,80668.2,,983457.0,,,,29.4,32.4,124.4,83.91,No,40.750602,-74.003288,998,80.6682,,288.22276446877066,0.0,288.22276446877066,False,
6801920,Not Applicable: Standalone Property,LL84 - Winter- 550 West 25th Street,550 West 25th Street,10001,1006960058,2024,1910,1,100,Parking,5596.0,,,92764.3,,0.0,,,,56.6,57.6,,36.43,No,40.749666,-74.004887,943,92.7643,,0.0,0.0,0.0,False,
6802621,Not Applicable: Standalone Property,Piermont: 125 West 16th St.,125 West 16th Street,10001,1007920020,2024,1918,1,100,Multifamily Housing,41306.0,,60.0,715702.4,,0.0,,,,59.1,61.3,2423.5,281.04,Yes,40.739079,-73.996781,566,715.7024,,0.0,0.0,0.0,False,
7088347,Not Applicable: Standalone Property,Hilton New York Fashion District,152 W. 26Th Street,10001,1008010071,2024,2010,1,100,Hotel,121269.0,,,1760839.7,,7390123.3,,,,110.5,112.7,8020.6,1083.97,Yes,40.745422,-73.992905,923,1760.8397,,2165.8311113664085,0.0,2165.8311113664085,False,
7435863,Not Applicable: Standalone Property,Icon West 25 Street,133 West 25th Street,10001,1008010019,2024,1921,1,75,Office,45386.0,,,256491.9,,0.0,,,,19.3,19.3,1363.7,100.72,No,40.744648,-73.992937,933,256.4919,,0.0,0.0,0.0,False,
7565449,Not Applicable: Standalone Property,61 - St Columba - School,331 W 25 St,10001,1007490017,2024,1927,1,0,K-12 School,31797.0,,,0.0,,0.0,,,,0.0,0.0,,0.0,No,40.74699,-73.998509,761,0.0,,0.0,0.0,0.0,False,
9849254,Not Applicable: Standalone Property,231 West 25th Street,231 West 25th Street,10001,1007750017,2024,1961,1,100,Multifamily Housing,50029.0,,69.0,228241.8,,144127.0,,2026041.9,,58.9,58.8,,249.81,No,40.745829,-73.995741,809,228.24179999999998,,42.23944958914371,593.7742040044054,636.0136535935492,False,
12444746,Not Applicable: Standalone Property,Nelco: 164 W 25th St,164 W 25th St,10001,1008000074,2024,1918,1,100,Manufacturing/Industrial Plant,47800.0,,,220747.3,,0.0,2146038.2,,,60.7,61.1,889.6,245.93,No,40.744906,-73.993598,847,220.7473,,0.0,628.9416442809239,628.9416442809239,False,
14840064,Not Applicable: Standalone Property,150 West 26th Street,150 West 26th Street,10001,1008017502,2024,1922,1,100,Multifamily Housing,53439.0,,27.0,229889.1,,571548.0,1827189.4,,,59.6,62.4,1551.5,256.21,No,40.745403,-73.992865,937,229.8891,,167.50416600481458,535.4962952890003,703.0004612938149,False,
14947872,Not Applicable: Standalone Property,Rudd: 236 West 26th St,236 West 26th Street,10001,1007750060,2024,1925,1,100,Multifamily Housing,92319.0,,115.2,462330.9,,26937.0,,2556167.7,,45.1,45.4,1159.5,375.41,No,40.746561,-73.995601,833,462.33090000000004,,7.894454568420658,749.1387228315822,757.0331774000028,False,
16866389,16880240,Center for Jewish History - 22 West 17th St,22 West 17th St.,10001,1008180064,2024,1963,1,100,Museum,32521.0,,,,,,,,,,,,,Not Available,40.738311,-73.993183,868,,,,0.0,0.0,True,
16886902,Not Applicable: Standalone Property,500 West 25th Street Condominium,500 West 25th Street,10001,1006967504,2024,2018,1,95,Multifamily Housing,27759.0,,34.0,,,,,,,,,,,No,40.749002,-74.003328,847,,,,0.0,0.0,False,
19081856,Not Applicable: Standalone Property,"226 West 26th St, New York, NY 10001",226 West 26th St,10001,1007750058,2024,1928,1,100,Office,103873.0,,,798220.3,,0.0,,5896648.1,,83.0,92.1,906.6,757.36,No,40.746482,-73.995409,843,798.2203000000001,,0.0,1728.1367832874482,1728.1367832874482,False,
20634224,20634224,Campus- 200 & 220 W 26th Street,200 & 220 W 26th Street,10001,1007750044;1007750046,2024,2001,2,100,Multifamily Housing,400424.0,,356.0,3416582.2,,20352474.0,483000.2,,,81.1,83.1,14149.4,2458.47,Yes,,,859,3416.5822000000003,,5964.720694508025,141.5533702876375,6106.2740647956625,False,
20806186,Not Applicable: Standalone Property,125 West 25th St,119 WEST 25 STREET,10001,1008010024,2024,1906,1,95,Office,113062.0,,,1066447.3,,1347153.2,,,,44.1,45.7,1063.0,490.32,Yes,40.744527,-73.992656,960,1066.4473,,394.811587559955,0.0,394.811587559955,False,
21292506,Not Applicable: Standalone Property,500 West 25th Street,500 West 25th Street,10001,1006967504,2024,2018,1,100,Multifamily Housing,29533.0,,8.0,292571.9,,571364.0,,,,53.1,55.9,,145.23,No,40.749002,-74.003328,847,292.5719,,167.45024093370088,0.0,167.45024093370088,False,
21294038,Not Applicable: Standalone Property,AKAM - 159 West 25th Street,157 West 25th Street,10001,1008010008,2024,1911,1,100,Office,85104.0,,,480893.8,,1899.0,,711312.1,,27.7,27.4,868.8,242.49,No,40.744851,-73.993425,895,480.8938,,0.5565419024178947,208.4649759593827,209.02151786180062,False,
21308112,Not Applicable: Standalone Property,108 West 25th Street Condominium,108 West 25 Street,10001,1008007502,2024,1913,1,100,Multifamily Housing,40120.0,,12.0,116200.9,,2561333.8,,,,73.7,81.5,2069.1,181.67,No,40.744429,-73.992461,955,116.20089999999999,,750.6527571244104,0.0,750.6527571244104,False,
21354471,21354471,Benchmarking Group - 3,227 West 27th St,10001,1007760040;1007770001;1007770018;1007770037;1007760033,2024,1959,7,100,College/University,1221878.0,,,17111046.1,3675550.0,893485.0,,,,51.5,52.4,12806.6,7010.65,Yes,40.747099,-73.994926,923,17111.046100000003,1077.1972561517077,261.8545769783321,0.0,1339.0518331300398,False,
21354473,21354471,FIT_12033_Dining Hall & Bookstore (West Courtyard Building),271 West 27th St,10001,1007770001,2024,2004,0,0,College/University,20369.0,,,,,,,,,,,,,Not Available,40.747484,-73.995824,957,,,,0.0,0.0,True,
21354474,21354471,FIT_1291_Dubinsky Student Center (A Building),340 8th Ave,10001,1007770001,2024,1975,1,100,College/University,230044.0,,,2572764.2,,893485.0,,,,42.0,,,1057.81,Yes,40.747912,-73.996571,957,2572.7642,,261.8545769783321,0.0,261.8545769783321,True,
21354475,21354471,FIT_6453_Feldman Center (C Building),227 West 27th St,10001,1007770018,2024,1959,1,100,College/University,310076.0,,,13124953.6,,,,,,144.4,144.4,,5153.89,Yes,40.747099,-73.994926,977,13124.953599999999,,,0.0,0.0,True,
21354477,21354471,FIT_6455_Goodman Resource Center (E Building),282 7th Ave,10001,1007760040,2024,1974,1,100,College/University,162066.0,,,,3674344.1,,,,,22.7,22.7,,243.97,Not Available,40.746147,-73.994168,934,,1076.843841786186,,0.0,1076.843841786186,True,
21354478,21354471,FIT_6458_Business and Liberal Arts Center (B Building),245 West 27th St,10001,1007770001,2024,1976,0,100,College/University,204470.0,,,,,,,,,,,,,Not Available,40.747256,-73.995294,957,,,,0.0,0.0,True,
21355240,Not Applicable: Standalone Property,DOHMH_3433_Chelsea Health Center,303 9th Ave,10001,1007240082,2024,1940,1,100,Urgent Care/Clinic/Other Outpatient,27985.0,,,581095.4,,1743328.7,,,,133.1,139.0,,320.78,No,40.749356,-73.999257,956,581.0954,,510.9191528371328,0.0,510.9191528371328,False,
21355269,Not Applicable: Standalone Property,DPR_3545_Chelsea Recreation Center,430 West 25th St,10001,1007220057,2024,1975,1,100,Fitness Center/Health Club/Gym,83940.0,,,968216.8,,3794672.2,,,,84.6,89.4,1876.1,581.75,No,40.748291,-74.001649,776,968.2168,,1112.1085230333322,0.0,1112.1085230333322,False,
21355707,Not Applicable: Standalone Property,DPR_5659_Chelsea Park Comfort Station,West 27th St at 10th Ave,10001,1007240100,2024,1950,1,100,Other - Recreation,984.0,,,65618.5,,,,,,227.5,243.2,,25.77,No,,,977,65.6185,,,0.0,0.0,False,
24231244,Not Applicable: Standalone Property,NYC-Chelsea NY MOT,113 W 24th St,10001,1008000050,2024,1980,1,80,Hotel,154812.0,,,2649041.7,,5619391.7,,,,94.7,91.6,9826.6,1338.69,No,40.743858,-73.992984,916,2649.0417,,1646.880962163943,0.0,1646.880962163943,False,
25561389,Not Applicable: Standalone Property,Feil - 530 West 25th Street,530 West 25 Street,10001,1006960049,2024,1958,1,100,Office,104557.0,,,744080.7,,334833.0,,,,27.5,29.7,,309.97,No,40.749515,-74.004533,884,744.0807,,98.12985508809423,0.0,98.12985508809423,False,
26105630,Not Applicable: Standalone Property,245 West 25th Street,245 West 25th Street,10001,1007750009,2024,1938,1,90,Multifamily Housing,39968.0,,67.0,335376.9,,3704104.1,,,,121.3,130.0,2144.7,328.44,No,40.745947,-73.996027,797,335.37690000000003,,1085.5656358967476,0.0,1085.5656358967476,False,
26616431,Not Applicable: Standalone Property,540 West 25 Street,534 West 25 Street,10001,1006960054,2024,2017,1,80,Museum,47330.0,,,1381471.5,,2135101.9,,,,144.7,147.0,1193.8,655.88,No,40.749545,-74.004602,916,1381.4715,,625.7365314808118,0.0,625.7365314808118,False,
26709703,Not Applicable: Standalone Property,158 West 27th St,158 WEST 27 STREET,10001,1008020075,2024,1913,1,85,Office,108000.0,,,1091756.7,,483.0,,,,34.5,35.7,1058.5,428.74,Yes,40.746089,-73.992576,989,1091.7567,,0.14155331167342977,0.0,0.14155331167342977,False,
30687963,Not Applicable: Standalone Property,151 West 26th Street,151 West 26th Street,10001,1008020008,2024,1911,1,80,Office,179131.0,,,1535638.3,,1033363.0,4292200.0,,,59.0,62.5,1903.7,976.39,No,40.745428,-73.992872,973,1535.6383,,302.84876772420375,1257.9195121422263,1560.76827986643,False,
30687964,Not Applicable: Standalone Property,152 West 25th Street,152 West 25th Street,10001,1008000068,2024,1911,1,80,Office,66115.0,,7.0,274033.2,,9949.0,2437328.6,,,51.2,56.7,1361.5,288.99,No,40.744805,-73.993352,864,274.0332,,2.915763763641724,714.3104243610027,717.2261881246444,False,
30687969,Not Applicable: Standalone Property,236 West 27th Street,236 West 27th Street,10001,1007760059,2024,1929,1,80,Office,94331.0,,,571961.7,,125689.0,4634039.8,,,71.1,77.6,597.7,575.13,No,40.747316,-73.995474,902,571.9617,,36.835805778305826,1358.1028573840129,1394.9386631623188,False,
33580916,Not Applicable: Standalone Property,"Halstead - 250 West 27th Street NY, NY 10001",244 WEST 27 STREET,10001,1007760065,2024,1918,1,100,Multifamily Housing,75163.0,,52.0,279088.1,,94545.0,2453087.9,,,46.6,46.6,1786.5,296.64,Yes,40.74741,-73.995694,894,279.0881,,27.70840135023689,718.9290187805783,746.6374201308151,False,
33641387,Not Applicable: Standalone Property,"Mactaggart: 555 W 25th St,",555 W 25th St,10001,1006970005,2024,1891,1,60,Office,43791.0,,,451420.9,,,,,,35.2,35.2,,177.26,No,40.749704,-74.00493,989,451.4209,,,0.0,0.0,False,
33910478,21354471,FIT_10241_FIT: Alumni Hall,210 West 27th St,10001,1007760033,2024,1988,1,100,Residence Hall/Dormitory,134311.4,,,1413328.3,,,,,,35.9,35.6,,554.98,No,40.746896,-73.994489,923,1413.3283000000001,,,0.0,0.0,True,
33922209,Not Applicable: Standalone Property,233-235 West 26th Street,233-235 West 26th Street,10001,1007760017,2024,1926,1,100,Multifamily Housing,47433.0,,20.0,233573.3,,1672765.0,,,,52.1,56.8,826.0,180.57,No,40.74657,-73.995579,877,233.5733,,490.2389759863453,0.0,490.2389759863453,False,
48631292,Not Applicable: Standalone Property,107 West 25th Street,107 West 25th Street,10001,1008010030,2024,1905,1,100,Multifamily Housing,43915.0,,27.0,278955.6,,132699.0,1401528.0,,,56.6,56.5,1059.2,220.59,Yes,40.744426,-73.992411,985,278.9556,,38.89023375932186,410.74726667295795,449.6375004322798,False,
50231292,Not Applicable: Standalone Property,291 7 AVENUE,291 7 AVENUE,10001,1008027502,2024,1907,1,100,Multifamily Housing,36420.0,,8.0,377662.7,,2142992.0,,,,94.2,99.7,,262.12,No,40.746309,-73.994027,965,377.66270000000003,,628.0488912829537,0.0,628.0488912829537,False,
53500792,Not Applicable: Standalone Property,"ROYAL EQUITIES OPERATING, LLC:151 WEST 25 STREET",151 WEST 25 STREET,10001,1008010011,2024,1909,1,100,Office,75760.0,,6.0,316313.7,,17241298.3,138000.0,,,243.6,277.1,2367.5,1050.21,No,40.744802,-73.993302,906,316.31370000000004,,5052.925200651087,40.44380333526565,5093.369003986352,False,
54086897,Not Applicable: Standalone Property,BRC - Reception Center,127 WEST 25 STREET,10001,1008017503,2024,1912,1,75,Office,89762.0,,,1776093.3,,6792613.3,,,,143.2,149.7,5240.9,1058.22,No,40.744596,-73.992818,944,1776.0933,,1990.7182350558683,0.0,1990.7182350558683,False,
54875492,Not Applicable: Standalone Property,DalanRE - 134 West 25th Street,134 West 25th Street,10001,1008000059,2024,1920,1,100,Office,30000.0,,,206047.7,,,561563.4,,,42.2,42.2,,122.58,No,40.744651,-73.992988,901,206.04770000000002,,,164.57796891219652,164.57796891219652,False,
55101792,Not Applicable: Standalone Property,MILTAN MANAGEMENT CORP:130 WEST 25 STREET,130 WEST 25 STREET,10001,1008000057,2024,1911,1,100,Office,49237.0,,,232034.6,,204578.0,1526997.8,,,51.2,56.4,747.1,215.29,No,40.744615,-73.992909,911,232.0346,,59.955886947260694,447.5188312795892,507.4747182268499,False,
56378210,3112854,521 West 26th Street - 1080320,521 West 26th Street,10001,1006980018,2024,1920,1,100,Office,33804.0,,,,,,,,,,,,,Not Available,40.750064,-74.00388,985,,,,0.0,0.0,True,
56379214,3112854,521 West 26th Street - 1080321,521 West 26th Street,10001,1006980018,2024,1920,1,100,Office,33803.0,,,,,,,,,,,,,Not Available,40.750064,-74.00388,985,,,,0.0,0.0,True,
56380298,3112854,521 West 26th Street - 1080319,521 West 26th Street,10001,1006980018,2024,1920,1,100,Office,33804.0,,,,,,,,,,,,,Not Available,40.750064,-74.00388,985,,,,0.0,0.0,True,
56380801,3112854,521 West 26th Street - 1080322,521 West 26th Street,10001,1006980018,2024,1920,1,100,Office,33803.0,,,,,,,,,,,,,Not Available,40.750064,-74.00388,985,,,,0.0,0.0,True,
58914292,Not Applicable: Standalone Property,"283 7 AVENUE, Manhattan.","283 7 AVENUE,",10001,1008020001,2024,1920,1,100,Multifamily Housing,25144.0,,15.0,170530.0,,1080999.9,,,,66.1,67.9,,124.38,Yes,40.746092,-73.994186,941,170.53,,316.8097634858104,0.0,316.8097634858104,False,
19501617,Not Applicable: Standalone Property,556 West 22 Street,556 West 22 Street,10011,1006930064,2022,1920,1,100,K-12 School,29600.0,,,455381.0,,699900.0,,,,76.1,76.1,,168.5,No,40.747733,-74.006374,805,455.381,,205.12041995907558,0.0,205.12041995907558,False,
19906892,Not Applicable: Standalone Property,363 West 16th Street,363 West 16th Street,10011,1007400001,2022,1969,1,100,Hotel,110286.0,,,4861925.2,,15767100.0,,,,293.4,295.9,18438.2,2239.9,No,40.741802,-74.003244,132,4861.925200000001,,4620.880373677297,0.0,4620.880373677297,False,
21715481,Not Applicable: Standalone Property,Claret Commons Condo - 136-140 West 23rd St,136-140 West 23rd St,10011,1007987503,2022,1950,1,90,Multifamily Housing,35154.0,,20.0,260746.0,,83500.0,1303423.8,,,64.8,65.8,1958.5,176.4,No,40.743388,-73.993966,773,260.746,,24.47143172822233,381.99576688191763,406.46719861014,False,
27204932,27204965,GTS - 440 West 21 Street,440 West 21 Street,10011,1007180001,2022,1931,1,90,Multifamily Housing,66942.0,,38.0,1615.0,,,,,,0.1,0.1,,0.5,No,40.745722,-74.003511,463,1.615,,,0.0,0.0,True,
27204960,27204965,GTS - 175 9th Ave,175 9th Ave,10011,1007180001,2022,1931,1,90,Multifamily Housing,66943.0,,38.0,654832.9,,10374400.3,,,,188.3,195.1,,739.9,No,40.74486,-74.00253,463,654.8329,,3040.4362714095723,0.0,3040.4362714095723,True,
27204965,27204965,GTS - 440 West 21 Street/175 9th Ave,440 West 21 Street,10011,1007180001,2022,1931,2,90,Multifamily Housing,133885.0,,76.0,656447.9,,10374400.3,,,,94.2,97.6,3189.6,740.4,No,40.745722,-74.003511,463,656.4479,,3040.4362714095723,0.0,3040.4362714095723,False,
24241109,Not Applicable: Standalone Property,135 West 18 Street,135 West 18 Street,10011,1007940017,2022,1896,1,50,Office,52500.0,,,933441.9,,1335900.0,,,,86.1,86.9,934.3,340.2,No,40.740339,-73.996128,582,933.4419,,391.51360054769117,0.0,391.51360054769117,False,
20405636,Not Applicable: Standalone Property,421 West 21st Street,421 West 21st Street,10011,1007190029,2022,1950,1,95,Multifamily Housing,26800.0,,36.0,706771.9,,3927499.8,,,,236.5,243.2,1039.7,412.5,No,40.745565,-74.003093,498,706.7719000000001,,1151.0364457282258,0.0,1151.0364457282258,False,
21309636,Not Applicable: Standalone Property,The Church of the Village,42 7 Avenue,10011,1006180040,2022,1931,1,100,Worship Facility,27200.0,,,263549.0,,98200.0,,,,36.7,36.7,134.0,81.2,No,40.737973,-74.000119,429,263.549,,28.779575996544107,0.0,28.779575996544107,False,
7534445,Not Applicable: Standalone Property,312 West 15 Street,312 West 15 Street,10011,1007380048,2022,1900,1,95,Multifamily Housing,28078.0,,36.0,89948.0,,29400.0,,1992900.2,,83.0,82.7,1415.6,177.6,No,40.740715,-74.002685,94,89.948,,8.616288536643552,584.0613315624028,592.6776200990463,False,
9640050,Not Applicable: Standalone Property,524 West 19th Street,524 W. 19th Street,10011,1006907502,2022,1970,1,100,Multifamily Housing,33183.0,,9.0,348202.0,,1201100.0,,,,72.0,73.0,311.2,164.2,No,40.74562,-74.0069,586,348.202,,352.0076245361418,0.0,352.0076245361418,False,
2982034,Not Applicable: Standalone Property,Maxwell: 22 West 15th St,22 West 15th Street,10011,1008167501,2022,1989,1,100,Multifamily Housing,162803.0,,134.0,1082471.9,,6397399.7,,,,62.0,62.8,6421.3,652.0,No,40.737141,-73.994212,868,1082.4719,,1874.8925748107788,0.0,1874.8925748107788,False,
6282519,Not Applicable: Standalone Property,Buchbinder: 222 W 15th St,222 W 15th St,10011,1007640051,2022,1928,1,100,Multifamily Housing,72395.0,,98.0,230980.0,,5148499.6,,,,82.0,85.4,,340.1,No,40.739606,-74.000061,305,230.98,,1508.8761253195207,0.0,1508.8761253195207,False,
6299719,Not Applicable: Standalone Property,Ace: 216 7th Ave,216 7th Avenue,10011,1007720045,2022,1890,1,90,Multifamily Housing,24582.0,,40.0,234985.0,,3427900.1,,,,172.1,176.0,,249.9,No,40.743767,-73.995897,645,234.985,,1004.6182427343294,0.0,1004.6182427343294,False,
6301459,Not Applicable: Standalone Property,Andrews: 12 W 17th St,12 W 17th St,10011,1008180058,2022,1925,1,100,Multifamily Housing,32508.0,,11.0,146514.0,,41700.0,1381159.2,,,59.1,61.2,398.3,147.0,No,40.738212,-73.992949,912,146.514,,12.221062312178098,404.77776130067275,416.99882361285086,False,
6600357,Not Applicable: Standalone Property,Andrews: 9 W 20th St,9 W 20th ST,10011,1008227503,2022,1910,1,100,Multifamily Housing,27379.0,,11.0,230046.0,,1597499.9,,,,87.0,88.4,742.1,151.2,No,40.739963,-73.991606,969,230.046,,468.1809549543952,0.0,468.1809549543952,False,
6629441,Not Applicable: Standalone Property,Andrews: 42 W 17th St,42 W 17th St,10011,1008180073,2022,1910,1,100,Multifamily Housing,52986.0,,21.0,264800.0,,1659900.0,,,,48.4,49.1,971.7,164.5,No,40.738508,-73.993653,802,264.8,,486.46861707396704,0.0,486.46861707396704,False,
6650159,Not Applicable: Standalone Property,Andrews: 124 W 24th St,124 W 24th St,10011,1007997501,2022,1920,1,100,Multifamily Housing,39014.0,,24.0,339882.0,,1697800.0,,,,73.2,72.2,1250.1,188.2,No,40.743946,-73.993237,850,339.882,,497.57600943923205,0.0,497.57600943923205,False,
6664908,Not Applicable: Standalone Property,Adorama Camera: 42 West 18th St,42 West 18th Street,10011,1008190014,2022,1920,1,100,Retail Store,29532.0,,,534119.9,,,855600.0,,,90.7,92.8,1567.5,217.6,Yes,40.739098,-73.993227,797,534.1199,,,250.75158067864703,250.75158067864703,False,
6750819,Not Applicable: Standalone Property,Cornerstone: 121 W 17th St,121 W 17th St,10011,1007930022,2022,1909,1,100,Multifamily Housing,57029.0,,29.0,277863.0,,334300.0,,,,22.5,22.1,1335.3,97.9,No,40.739675,-73.996384,599,277.863,,97.97364822448773,0.0,97.97364822448773,False,
6775024,Not Applicable: Standalone Property,Emor: 301-317 West 19th Street,301-317 West 19th Street,10011,1007430038,2022,1925,1,100,Multifamily Housing,83151.0,,100.0,537948.9,,2333700.2,,,,50.1,49.6,5091.2,279.1,No,40.743026,-74.000696,302,537.9489,,683.9399415381893,0.0,683.9399415381893,False,
6835716,Not Applicable: Standalone Property,Andrews: 205 West 19th St.,205 West 19th Street,10011,1007690031,2022,1913,1,100,Multifamily Housing,75191.0,,18.0,258892.0,,92000.0,1991698.8,,,39.5,40.2,531.1,227.4,No,40.741862,-73.997929,460,258.892,,26.96253555684377,583.709236016555,610.6717715733988,False,
6844497,Not Applicable: Standalone Property,ABC: 241 West 19th St.,241 West 19th Street,10011,1007697508,2022,2006,1,100,Multifamily Housing,32595.0,,19.0,298127.0,,1983100.1,,,,92.0,93.9,,191.3,No,40.74228,-73.998925,383,298.127,,581.1892060764177,0.0,581.1892060764177,False,
7069148,Not Applicable: Standalone Property,Stone: 123 Waverly Pl.,123 Waverly Place,10011,1005530041,2022,1917,1,100,Multifamily Housing,40595.0,,47.0,128633.0,,71800.0,2966310.1,,,85.7,87.8,1243.3,261.0,No,40.732673,-73.999524,991,128.633,,21.042500575884592,869.339581998639,890.3820825745236,False,
7857355,Not Applicable: Standalone Property,Halstead: 105 W 13th St.,105 West 13th Street,10011,1006090047,2022,1961,1,100,Multifamily Housing,100734.0,,98.0,405969.0,,1177600.0,6040411.5,,,85.4,84.9,4270.4,627.9,No,40.736889,-73.997842,681,405.969,,345.1204551276002,1770.2696722469348,2115.390127374535,False,
9469621,Not Applicable: Standalone Property,23rd Street: 241 W 23,241 W 23rd St,10011,1007730022,2022,1898,1,100,Multifamily Housing,28108.0,,25.0,91235.0,,1152000.0,,,,52.1,53.6,264.1,87.5,No,40.744626,-73.996878,663,91.235,,337.6178365378698,0.0,337.6178365378698,False,
10063093,Not Applicable: Standalone Property,Andrews: 139 West 19 St,139 West 19 Street,10011,1007950014,2022,1909,1,100,Multifamily Housing,73478.0,,21.0,260030.0,,4700.0,1946903.8,,,38.6,39.5,1111.2,219.7,No,40.740957,-73.995789,590,260.03,,1.377433881708323,570.58111883972,571.9585527214283,False,
10063205,Not Applicable: Standalone Property,Andrews: 511 W 22nd St.,511 West 22 Street,10011,1006947501,2022,1930,1,100,Multifamily Housing,94877.0,,30.0,658708.9,,2277199.9,,,,47.7,47.4,1640.5,311.0,No,40.747412,-74.005561,721,658.7089,,667.3813399325117,0.0,667.3813399325117,False,
10063210,Not Applicable: Standalone Property,Andrews: 125 W 21st St.,125 West 21st Street,10011,1007977501,2022,2006,1,100,Multifamily Housing,90281.0,,52.0,636095.9,,3077900.0,,,,58.1,58.9,1999.4,347.0,No,40.742013,-73.994645,725,636.0959,,902.0433498957547,0.0,902.0433498957547,False,
10063220,Not Applicable: Standalone Property,Andrews: 126 W 22nd St,126 West 22 Street,10011,1007977502,2022,1911,1,100,Multifamily Housing,67426.0,,21.0,518992.9,,2466500.0,,,,62.8,63.7,,280.7,No,40.742631,-73.994251,736,518.9929000000001,,722.8597168582081,0.0,722.8597168582081,False,
10063226,Not Applicable: Standalone Property,Andrews: 130 West 17 St,130 West 17 Street,10011,1007927503,2022,1906,1,100,Multifamily Housing,46010.0,,14.0,170968.0,,11400.0,1471907.9,,,44.9,46.2,424.1,159.2,No,40.739793,-73.996709,540,170.968,,3.3410098407393365,431.3735770668395,434.71458690757885,False,
10063237,Not Applicable: Standalone Property,Andrews: 227 West 17 St,227 West 17 Street,10011,1007670019,2022,1910,1,100,Multifamily Housing,45710.0,,5.0,135331.0,,67000.0,,,,,,220.1,,No,40.74088,-73.999235,319,135.331,,19.635759590310133,0.0,19.635759590310133,False,
10063239,Not Applicable: Standalone Property,Andrews: 120 W 18 St,120 West 18 Street,10011,1007937502,2022,1907,1,100,Multifamily Housing,27302.0,,10.0,192025.0,,1339800.0,,,,73.1,74.2,,126.6,No,40.740205,-73.995854,614,192.025,,392.65657759847045,0.0,392.65657759847045,False,
10149691,Not Applicable: Standalone Property,Andrews: 171 W 12th St.,171 West 12th Street,10011,1006080074,2022,1922,2,100,Multifamily Housing,33973.0,,25.0,103259.0,,32500.0,,,,11.3,11.1,730.1,31.5,No,40.736818,-73.999646,539,103.259,,9.524808756493721,0.0,9.524808756493721,False,
11173623,11173844,AAR: 400 W 23 St (child),400 W 23 St,10011,1007200047,2022,1920,1,100,Multifamily Housing,23608.0,,20.0,,,,,,,,,,0.0,Not Available,40.746666,-74.001758,570,,,,0.0,0.0,False,
11656102,Not Applicable: Standalone Property,Andrews: 221 W 17th St.,221 W 17th St,10011,1007677506,2022,1912,1,100,Multifamily Housing,41148.0,,12.0,200989.0,,761400.0,,,,35.2,35.7,451.8,98.4,No,40.740828,-73.999112,348,200.989,,223.1442888367483,0.0,223.1442888367483,False,
14910017,Not Applicable: Standalone Property,Andrews: 147 W 15th St,147 W 15th St,10011,1007910013,2022,1923,1,100,Multifamily Housing,60954.0,,13.0,701253.9,,39700.0,,,,39.9,39.8,1354.7,204.4,No,40.738747,-73.997986,505,701.2539,,11.634920234855407,0.0,11.634920234855407,False,
14947867,Not Applicable: Standalone Property,Mosbacher: 257 W 17th St,257 W 17th St,10011,1007677502,2022,1907,1,100,Multifamily Housing,78640.0,,32.0,577478.9,,3911600.1,,,,74.8,76.0,2233.7,374.3,No,40.741135,-73.999845,244,577.4789000000001,,1146.3767041348221,0.0,1146.3767041348221,False,
14947903,Not Applicable: Standalone Property,Rudd: 250 W 24th St,250 W 24th St,10011,1007730012,2022,1940,1,100,Multifamily Housing,170226.0,,151.0,842077.9,,9586300.1,524538.0,,,76.3,77.9,5720.4,791.0,No,40.745378,-73.996651,664,842.0779,,2809.466927226358,153.72689647734472,2963.193823703703,False,
15144817,Not Applicable: Standalone Property,Division: 345 W 14th St,345 W 14th St,10011,1007387504,2022,1960,1,100,Multifamily Housing,78294.0,,66.0,528656.9,,681100.0,,,,31.7,31.4,1499.8,188.7,No,40.7406,-74.004511,118,528.6569000000001,,199.61068443224227,0.0,199.61068443224227,False,
15745503,Not Applicable: Standalone Property,Mackedge: 136 W 23rd St,136 W 23rd St,10011,1007987503,2022,1950,1,100,Multifamily Housing,37614.0,,20.0,260746.0,,84300.0,,,,25.9,25.3,1958.5,79.7,No,40.743388,-73.993966,773,260.746,,24.705888559151408,0.0,24.705888559151408,False,
16754526,Not Applicable: Standalone Property,Buchbinder: 137 W 12th St,137 W 12th St,10011,1006080060,2022,1900,1,100,Multifamily Housing,55854.0,,100.0,261600.0,,2620500.0,,,,62.9,63.9,,214.6,No,40.736529,-73.998957,609,261.6,,767.9926568120553,0.0,767.9926568120553,False,
18652222,Not Applicable: Standalone Property,NEW BEDFORD : 140 5,140 5 AVENUE,10011,1008207501,2022,1950,1,100,Multifamily Housing,42845.0,,51.41,363765.0,,44300.0,,,,,,,,No,40.739005,-73.991448,988,363.765,,12.983047012697597,0.0,12.983047012697597,False,
19461628,Not Applicable: Standalone Property,Sandberg: 229 West 16 St,229 WEST 16 STREET,10011,1007660023,2022,1950,1,100,Multifamily Housing,33935.0,,51.0,172845.0,,1258600.1,,,,54.5,53.9,,116.7,No,40.740309,-73.9997,294,172.845,,368.85923856627306,0.0,368.85923856627306,False,
20965431,Not Applicable: Standalone Property,Lalezarian Properties LLC : 155 WEST 21 STREET,155 WEST 21 STREET,10011,1007970007,2022,1950,1,100,Multifamily Housing,137134.0,,110.0,826802.9,,4120199.8,,,,50.6,50.2,,457.3,No,40.742269,-73.995255,646,826.8029,,1207.511234878267,0.0,1207.511234878267,False,
22883381,Not Applicable: Standalone Property,Hotel Chelsea : 222 WEST 23 STREET,222 WEST 23 STREET,10011,1007720064,2022,1950,1,100,Hotel,182703.0,,,52071.0,,4297000.3,,,,24.5,24.5,5693.4,243.3,No,40.744459,-73.996521,625,52.071,,1259.3263410491122,0.0,1259.3263410491122,False,
25464593,Not Applicable: Standalone Property,Sandberg Management : 14 WEST 17 STREET,14 WEST 17 STREET,10011,1008180059,2022,1950,1,100,Multifamily Housing,54220.0,,18.0,165963.0,,1929000.1,,,,46.0,47.4,703.9,150.3,No,40.738231,-73.992996,901,165.963,,565.334062884839,0.0,565.334062884839,False,
26634247,Not Applicable: Standalone Property,KINSEY EQUITIES LLC : 109 West 24 Street,109 West 24 Street,10011,1008000033,2022,1950,1,100,Office,45657.0,,2.0,69378.0,,,,,,5.2,5.2,536.0,20.0,No,40.743825,-73.992901,931,69.378,,,0.0,0.0,False,
4128950,Not Applicable: Standalone Property,620 Avenue of the Americas,620 Avenue of the Americas,10011,1008207505,2022,1896,1,100,Office,731614.0,3697.0,,9260445.1,,20727.1,7810247.7,,,53.9,54.2,8783.0,3251.9,Yes,40.740081,-73.994843,804,9260.445099999999,,6.07451272543757,2288.957405641383,2295.0319183668207,False,
20800809,Not Applicable: Standalone Property,Pier 57,Pier 57 (25 11th Avenue),10011,1006620003,2022,2000,1,100,Office,630695.0,,,8223579.5,,19438786.7,,,,75.3,76.5,63.0,3404.6,Yes,40.743449,-74.0093,669,8223.5795,,5696.945408485344,0.0,5696.945408485344,False,
2384020,Not Applicable: Standalone Property,175 West 13th Street - Cambridge,175 West 13th Street,10011,1006090001,2022,1961,1,100,Multifamily Housing,144776.0,,135.0,632063.9,8582869.1,278500.0,,,,76.1,75.1,6552.9,767.0,No,40.737487,-73.999264,482,632.0639,2515.3903618313657,81.62028426718466,0.0,2597.0106460985503,False,
2388664,Not Applicable: Standalone Property,54 West 16th Street,54 West 16th Street,10011,1008170085,2022,1955,1,100,Multifamily Housing,138635.0,,119.0,615326.9,,7132600.3,,,,66.6,68.0,5760.7,556.3,No,40.738042,-73.994364,730,615.3269,,2090.358578277223,0.0,2090.358578277223,False,
2831044,Not Applicable: Standalone Property,FULTON,401 WEST 16TH STREET,10011,1007140031;1007150010;1007160017;1007170019,2022,1965,12,100,Multifamily Housing,932450.0,,944.0,10525397.1,105909441.1,0.0,,,,152.1,154.8,,10068.3,No,40.742321,-74.004478,234,10525.3971,31038.98990721957,0.0,0.0,31038.98990721957,False,anchor_nycha_fulton
6826591,Not Applicable: Standalone Property,EK 17 Street LLC,230 West 17th Street,10011,1007660061,2022,1945,1,100,Medical Office,53168.0,,,703706.9,,,1338600.0,,,70.3,70.3,1788.6,302.3,No,40.740899,-73.999325,289,703.7069,,,392.3048923520768,392.3048923520768,False,
11911004,Not Applicable: Standalone Property,0070-StFrancisXavier,122 WEST 17 STREET,10011,1007920050,2022,1910,1,100,K-12 School,25732.0,,,241655.0,,24200.0,,,,33.0,33.4,,71.0,No,40.739689,-73.996456,567,241.655,,7.092319135604556,0.0,7.092319135604556,False,
2689469,Not Applicable: Standalone Property,20 West 20th Street,20 West 20th Street,10011,1008210055,2022,1906,1,90,Office,105490.0,,,877102.0,,1000.0,,4311114.9,,69.2,,3662.9,577.6,No,40.740048,-73.991855,916,877.102,,0.2930710386613453,1263.462921531402,1263.7559925700632,False,
2689487,Not Applicable: Standalone Property,27 West 20th Street,27 West 20th Street,10011,1008220015,2022,1908,1,95,Office,100800.0,,,742302.9,,1100.0,,2856989.5,,53.5,,4043.2,429.3,No,40.740136,-73.992021,889,742.3029,,0.3223781425274798,837.3008802095576,837.623258352085,False,
6283105,Not Applicable: Standalone Property,151 W 19th Street,151 W 19th Street,10011,1007950012,2022,1911,1,95,Office,44712.0,,,247352.0,,34800.0,1835482.8,,,60.7,60.9,247.3,209.4,No,40.741058,-73.99603,568,247.352,,10.198872145414816,537.9268506410343,548.1257227864492,False,
6699671,Not Applicable: Standalone Property,115 West 23rd Street,115 West 23rd Street,10011,1007990030,2022,1920,1,100,Multifamily Housing,27132.0,,18.0,483088.9,,408100.0,,,,75.8,75.0,1640.5,161.0,No,40.743215,-73.993508,868,483.0889,,119.60229087769501,0.0,119.60229087769501,False,
6409994,Not Applicable: Standalone Property,Speer Street 635/641 Avenue of the Americas,635-641 Avenue of the Americas,10011,1007950037;1007950044,2022,1900,1,65,Office,282307.0,773.0,,2511524.6,3428700.1,,,,,42.5,42.8,486.8,952.1,No,40.740581,-73.994504,703,2511.5246,1004.8526995652585,,0.0,1004.8526995652585,False,
6821238,6821238,007 - Guardian Angel Church & School,185 10th Avenue,10011,1006930031; 1006930034,2022,1900,2,95,Worship Facility,50500.0,,,78184.0,,126900.0,1223577.0,,,32.0,33.3,325.4,120.1,No,40.746498,-74.005049,617,78.184,,37.19071480612472,358.5949822721329,395.7856970782576,False,
20652431,Not Applicable: Standalone Property,22 West 19th Street,22 West 19th Street,10011,1008200026,2022,1901,1,95,Office,191400.0,,,975083.9,,3269399.9,,,,34.5,34.2,1580.8,454.9,No,40.73948,-73.992332,896,975.0839,,958.1664244922985,0.0,958.1664244922985,False,
20652468,Not Applicable: Standalone Property,111 West 19th Street,111 West 19th Street,10011,1007950028,2022,1901,1,95,Office,165513.0,,,2748649.8,,4500.0,,3518891.6,,78.0,78.0,2339.2,1058.0,No,40.740715,-73.995219,676,2748.6497999999997,,1.3188196739760538,1031.2852161486833,1032.6040358226594,False,
20652469,Not Applicable: Standalone Property,119 West 24th Street,119 West 24th Street,10011,1008000025,2022,1913,1,95,Office,130876.0,,,1719102.8,,3100.0,3381413.9,,,70.7,70.7,,747.0,No,40.74391,-73.993104,900,1719.1028000000001,,0.9085202198501704,990.9944838169104,991.9030040367605,False,
20659095,Not Applicable: Standalone Property,100-104 5th Avenue,100-104 5th Avenue,10011,1008177502,2022,1906,1,95,Office,250671.0,,,3617762.1,,6874871.0,,,,76.7,78.3,1359.2,1408.7,No,40.736881,-73.992992,962,3617.7621,,2014.8255846327615,0.0,2014.8255846327615,False,
6382099,Not Applicable: Standalone Property,141 West 16th Street,141 West 16th Street,10011,1007920012,2022,1940,1,100,Multifamily Housing,34662.0,,49.0,134242.0,,2179200.0,,,,76.1,78.0,1313.7,154.5,No,40.739214,-73.997106,507,134.242,,638.6604074508036,0.0,638.6604074508036,False,
6382101,Not Applicable: Standalone Property,204 West 14 Street,204 West 14 Street,10011,1006180028,2022,1969,1,100,Multifamily Housing,32000.0,,52.0,238662.0,,2107300.0,,,,91.3,93.9,,180.8,No,40.738758,-74.000195,381,238.662,,617.5885997710529,0.0,617.5885997710529,False,
6382103,Not Applicable: Standalone Property,209 West 13th Street,209 West 13th Street,10011,1006180044,2022,1900,1,100,Multifamily Housing,27075.0,,36.0,89809.0,,1179600.0,,,,54.9,54.6,939.6,88.6,No,40.738102,-74.000718,392,89.809,,345.7065972049229,0.0,345.7065972049229,False,
6382107,Not Applicable: Standalone Property,247 West 21st Street,247 West 21st Street,10011,1007710014,2022,1920,1,100,Multifamily Housing,41100.0,,59.0,157069.0,,3063999.9,,,,87.6,90.2,,208.1,No,40.743523,-73.998243,495,157.069,,897.9696331512581,0.0,897.9696331512581,False,
6382108,Not Applicable: Standalone Property,248 West 17th Street,248 West 17th Street,10011,1007660071,2022,1920,1,100,Multifamily Housing,25362.0,,48.0,137117.0,,2068299.8,,,,100.0,102.9,645.6,149.4,No,40.741053,-73.999693,239,137.117,,606.1587706490527,0.0,606.1587706490527,False,
2825201,Not Applicable: Standalone Property,74 5th Avenue,74 Fifth Avenue,10011,1005770042,2022,1910,1,100,Multifamily Housing,98066.0,,36.0,967472.9,,3823799.8,,4140414.0,,114.9,116.9,,793.9,No,40.735519,-73.993981,978,967.4729,,1120.6449790190443,1213.4354314679754,2334.0804104870194,False,
3448547,Not Applicable: Standalone Property,8 West 14th Street,8 West 14th Street,10011,1005770034,2022,1946,1,100,Office,115500.0,,,2282763.9,4930510.0,,,,,110.1,111.7,3636.8,985.8,No,40.73626,-73.994248,938,2282.7639,1444.9896868301496,,0.0,1444.9896868301496,False,
4335590,Not Applicable: Standalone Property,401 West 22nd Street,401 West 22nd Street,10011,1007200045,2022,1999,1,100,Multifamily Housing,58394.0,,57.0,482803.0,,1481700.0,,,,53.6,53.7,1810.3,218.0,No,40.745916,-74.002007,542,482.803,,434.24335798451534,0.0,434.24335798451534,False,
4769672,Not Applicable: Standalone Property,London Terrace Towers,465 West 23rd Street,10011,1007217501,2022,1932,2,100,Multifamily Housing,690336.0,,702.0,4389687.5,,37525399.6,,,,76.1,77.8,25288.6,3259.4,No,40.747226,-74.003046,727,4389.6875,,10997.607836954032,0.0,10997.607836954032,False,
6294578,Not Applicable: Standalone Property,129 West 22nd Street,129 West 22nd Street,10011,1007980026,2022,1909,1,100,Multifamily Housing,45006.0,,16.0,277013.0,,2211000.0,,,,70.1,70.1,917.5,197.3,No,40.742661,-73.99428,765,277.013,,647.9800664802344,0.0,647.9800664802344,False,
6294587,Not Applicable: Standalone Property,350 West 23rd Street,350 West 23rd Street,10011,1007467507,2022,1910,1,100,Multifamily Housing,32450.0,,14.0,216366.0,,896400.0,,,,50.4,51.1,578.3,110.0,No,40.745894,-73.999931,549,216.366,,262.7088790560299,0.0,262.7088790560299,False,
6654365,Not Applicable: Standalone Property,234 West 13th Street,234 West 13th Street,10011,1006170036,2022,1890,1,100,Multifamily Housing,26377.0,,36.0,421427.0,,4206099.9,,,,214.0,218.7,2381.8,345.0,No,40.73819,-74.000971,339,421.427,,1232.6860664063806,0.0,1232.6860664063806,False,
15087890,Not Applicable: Standalone Property,100 West 12th Street (The Mark Twain),100 West 12th Street,10011,1006070038,2022,1959,1,100,Multifamily Housing,67166.0,,85.0,654209.9,,97400.0,998761.2,3748695.9,,105.4,107.4,2082.1,550.2,No,40.736208,-73.998235,721,654.2099000000001,,28.54511916561503,1391.342183297178,1419.887302462793,False,
6011298,Not Applicable: Standalone Property,12th Americas Company,86 West 12th Street,10011,1005750011,2022,1959,1,100,Multifamily Housing,38758.0,,42.0,270276.0,,2129000.2,,,,78.7,79.8,,191.0,No,40.73589,-73.997485,780,270.276,,623.9482999242119,0.0,623.9482999242119,False,
6800658,Not Applicable: Standalone Property,THE KOREAN ASSOCIATION,149 W 24th 6th Floor,10011,1008000010,2022,1919,1,90,Multifamily Housing,42078.0,,40.18,161166.0,,2960100.2,,,,83.4,85.9,2999.0,203.7,No,,,835,161.166,,867.519640155656,0.0,867.519640155656,False,
6178163,Not Applicable: Standalone Property,136 Wooster Corp (980 Madison Ave),555 W 24th Street,10011,1006960001,2022,1986,1,100,Museum,26548.0,,,514080.0,,997399.9,,,,103.6,102.8,1006.4,201.3,No,40.749087,-74.005396,936,514.08,,292.30902465372196,0.0,292.30902465372196,False,
6790170,Not Applicable: Standalone Property,CECO STUDIOS,439 W 14th St.,10011,1007120011,2022,1900,1,100,Other,46330.0,,,357774.5,,772090.7,,,,43.0,43.4,198.8,144.2,No,40.741709,-74.007142,318,357.7745,,226.27742338976515,0.0,226.27742338976515,False,
2539063,Not Applicable: Standalone Property,Winter- 26 W 17th St,26 W 17th St,10011,1008180066,2022,1905,1,75,Office,107967.0,,,555261.9,,500.0,1971882.0,,,35.8,36.8,,306.5,No,40.738349,-73.993277,848,555.2619,,0.14653551933067266,577.9015058576109,578.0480413769416,False,
2543889,Not Applicable: Standalone Property,GC - NRDC - New York,40 WEST 20th STREET,10011,1008217501,2022,1923,1,100,Office,130000.0,,,1141759.9,,2318000.0,688619.9,,,53.1,53.8,898.6,503.6,No,40.740246,-73.992324,835,1141.7599,,679.3386676169984,201.81454933587173,881.15321695287,False,
2609900,Not Applicable: Standalone Property,IAC 555 West 18th Street,555 West 18th Street,10011,1006900012,2022,2007,1,100,Office,183258.0,1446.0,,2606017.8,,9925682.7,,,,102.7,105.4,2792.2,1278.9,No,40.745107,-74.007456,602,2606.0177999999996,,2908.930138311946,0.0,2908.930138311946,False,
4040951,Not Applicable: Standalone Property,Manhattan Chelsea Market,75 Ninth Ave,10011,1007130001,2022,1934,1,100,Office,1116008.0,,,26354550.4,,46709098.9,,,,122.4,122.9,,10083.0,No,40.741876,-74.004713,274,26354.5504,,13689.0841295585,0.0,13689.0841295585,False,commercial_chelsea_market
4341957,Not Applicable: Standalone Property,636 Sixth Avenue Owner LLC.,636 6th Ave,10011,1008217506,2022,1902,1,70,Office,83971.0,,,93013.7,,129600.0,1518579.6,,,23.4,23.3,,146.4,No,40.740567,-73.99449,775,93.0137,,37.98200661051035,445.0517006619303,483.03370727244067,False,
4832241,Not Applicable: Standalone Property,430 West 15th St,430 West 15th St,10011,1007120046,2022,2016,1,100,Office,93118.0,,,1094799.9,,3135399.7,,,,73.8,74.4,,482.3,No,40.742211,-74.006232,278,1094.7999,,918.8948466974705,0.0,918.8948466974705,False,
7536925,Not Applicable: Standalone Property,111 Eighth Avenue,111 8th Avenue,10011,1007390001,2022,1932,1,100,Office,2336329.0,615752.0,,144746407.0,39495520.4,3322800.3,,,,229.7,229.7,,44551.5,No,40.740704,-74.001844,0,144746.407,11574.99318609835,973.8165351852297,0.0,12548.80972128358,False,source_and_self_offtaker
10497534,Not Applicable: Standalone Property,548 West 22nd Street,548 West 22nd Street,10011,1006930059,2022,1944,1,0,Museum,38100.0,,,485600.9,,,,,,43.5,45.0,274.2,140.1,No,40.747676,-74.006236,781,485.6009,,,0.0,0.0,False,
20507440,Not Applicable: Standalone Property,132 WEST 14 STREET,132 W 14th St,10011,1006090020,2022,1912,1,100,Office,47196.0,,,62176.0,,110700.0,,,,6.8,6.8,,23.8,No,40.737806,-73.997922,552,62.176,,32.442963979810926,0.0,32.442963979810926,False,
21968031,Not Applicable: Standalone Property,615 AVENUE OF THE AMER,615 AVENUE OF THE AMER,10011,1007940030,2022,1904,1,100,Retail Store,134235.0,,7.0,2208591.8,,4395900.3,,,,88.9,89.2,,870.6,No,40.739952,-73.994962,685,2208.5917999999997,,1288.3110667727194,0.0,1288.3110667727194,False,
26682952,Not Applicable: Standalone Property,541 WEST 21 STREET,541 W 21st St,10011,1006930010,2022,1915,1,0,Office,57150.0,,,146511.0,,0.0,,,,8.7,8.7,,42.3,No,40.746984,-74.006464,741,146.511,,0.0,0.0,0.0,False,
6295276,Not Applicable: Standalone Property,Sam Sasson & Joseph Sasson,110 West 14 Street,10011,1006090033,2022,1920,1,100,Multifamily Housing,26500.0,,9.0,252430.0,,263600.0,,1105366.0,,84.2,83.8,867.7,170.0,No,40.737619,-73.997474,641,252.43,,77.25352579113061,323.9507617209366,401.20428751206725,False,
10773088,Not Applicable: Standalone Property,Hope for Families and Children Foundation,143 West 15 Street,10011,1007910016,2022,1989,1,100,Office,27353.0,,,328026.0,,172200.0,1017349.8,,,84.4,86.8,251.7,179.3,No,40.7387,-73.997875,521,328.026,,50.46683285748366,298.1557625679119,348.62259542539556,False,
6654229,Not Applicable: Standalone Property,U-Haul Of Chelsea 803062,536 W 23rd St,10011,1006940058,2022,1977,1,100,Retail Store,42749.0,,,237248.0,,1981200.2,,,,65.3,67.9,144.4,173.7,No,40.748252,-74.005529,797,237.248,,580.632400410065,0.0,580.632400410065,False,
4367548,Not Applicable: Standalone Property,500 W 21st Street Condominium,500 W 21st Street,10011,1006927502,2022,2014,1,100,Multifamily Housing,101951.0,,32.0,941194.9,,3644100.2,,,,67.2,68.1,1357.7,465.0,No,40.74643,-74.005193,579,941.1949000000001,,1067.980230600016,0.0,1067.980230600016,False,
2639187,Not Applicable: Standalone Property,18 West 18th Street,18 West 18th Street,10011,1008190056,2022,1902,1,95,Office,180000.0,,,504090.9,,6041299.7,,,,43.1,43.1,,466.3,Yes,40.738859,-73.99266,872,504.09090000000003,,1770.5299779434738,0.0,1770.5299779434738,False,
12771968,Not Applicable: Standalone Property,Rudd: 21 West 20th Street,21 West 20th Street,10011,1008227506,2022,2015,2,100,Multifamily Housing,80907.0,,14.0,343673.0,,230100.0,,,,17.3,17.4,,111.4,No,40.740078,-73.991884,917,343.673,,67.43564599597555,0.0,67.43564599597555,False,
12771985,Not Applicable: Standalone Property,Rudd:  420 West 23 Street,420 west 23 street,10011,1007207501,2022,1985,1,100,Multifamily Housing,44272.0,,38.0,535390.0,,2482000.0,,,,97.3,98.6,2028.0,286.3,No,40.746836,-74.002162,591,535.39,,727.402317957459,0.0,727.402317957459,False,
4832241,Not Applicable: Standalone Property,430 West 15th St,430 West 15th St,10011,1007120046,2022,2016,1,100,Office,93118.0,,,1094799.9,,3135399.7,,,,73.8,74.4,,482.3,No,40.742211,-74.006232,278,1094.7999,,918.8948466974705,0.0,918.8948466974705,False,
2616221,Not Applicable: Standalone Property,5 West 19th Street,5 West 19th Street,10011,1008210038,2022,1900,1,100,Office,81980.0,,30.0,636219.9,,22300.0,,4366464.7,,80.0,81.9,,513.5,No,40.739337,-73.991946,988,636.2199,,6.535484162148,1279.6843449070996,1286.2198290692475,False,
7463419,Not Applicable: Standalone Property,The Alchemy Condominium,40 West 13th Street,10011,1005767504,2022,1920,1,85,Multifamily Housing,29164.0,,7.0,218597.0,,814800.0,,,,53.5,54.5,596.9,106.3,No,40.735884,-73.9955,846,218.597,,238.79428230126413,0.0,238.79428230126413,False,
6333453,Not Applicable: Standalone Property,Eagle Point - 513-519 West 20th Street,513-519 West 20th Street,10011,1006920023,2022,1910,1,90,Office,83250.0,,,626509.9,,,951386.0,,,37.1,36.6,,251.3,No,40.746202,-74.006428,613,626.5099,,,278.8236831878626,278.8236831878626,False,
6333460,Not Applicable: Standalone Property,Eagle Point - 521-527 West 20th Street,521-527 West 20th Street,10011,1006920019,2022,1913,1,100,Office,94622.0,,,1297043.9,,,,,,46.8,46.3,,374.1,No,40.746248,-74.006536,638,1297.0439,,,0.0,0.0,False,
6333465,Not Applicable: Standalone Property,Eagle Point - 529-535 West 20th Street,529-535 West 20th Street,10011,1006920015,2022,1930,1,90,Office,111330.0,,,408932.9,,2324299.9,,,,33.4,33.9,,241.4,No,40.746295,-74.006644,663,408.9329,,681.184985853461,0.0,681.184985853461,False,
6338140,Not Applicable: Standalone Property,Alfa -15 West 18th Street,15 West 18th Street,10011,1008200029,2022,1903,1,100,Office,42625.0,,9.0,624422.9,,5018300.2,,,,167.7,170.6,,446.7,No,40.738851,-73.992599,910,624.4229,,1470.718451928437,0.0,1470.718451928437,False,
16880240,16880240,Center for Jewish History,15 West 16th St,10011,1008180027;1008180061;1008180063;1008180064,2022,1963,4,100,Other,135725.0,,,1744072.8,,3678299.6,,,,70.9,70.5,,698.5,No,40.737677,-73.993454,868,1744.0728000000001,,1078.003084279611,0.0,1078.003084279611,False,
6274256,Not Applicable: Standalone Property,Dia Art Foundation,533 West 22nd Street,10011,1006940014,2022,1918,1,100,Museum,45000.0,,,512964.9,,393900.0,,,,47.6,48.0,417.7,168.9,No,40.747486,-74.005738,767,512.9649000000001,,115.44068212870391,0.0,115.44068212870391,False,
5531218,Not Applicable: Standalone Property,7 West 18th Street,7 West 18th Street,10011,1008200033,2022,1900,1,100,Office,48875.0,,,408634.0,,188500.0,,,,32.4,32.2,422.6,127.9,No,40.738774,-73.992415,939,408.634,,55.24389078766359,0.0,55.24389078766359,False,
2440154,Not Applicable: Standalone Property,335 W 16,335 West 16th Street,10011,1007400013,2022,1920,1,100,College/University,48800.0,,,861065.9,,3492700.2,,,,131.8,135.2,537.3,433.9,No,40.741561,-74.002674,65,861.0659,,1023.6092753466885,0.0,1023.6092753466885,False,
2636732,Not Applicable: Standalone Property,132 West 21st Street,132 West 21st Street,10011,1007960058,2022,1910,1,100,College/University,51384.0,,,443021.9,,9300.0,,2849555.0,,85.1,87.0,1550.0,582.0,No,40.742065,-73.994818,668,443.0219,,2.7255606595505113,835.1220435726298,837.8476042321803,False,
2637231,Not Applicable: Standalone Property,133 W21,133-141 W 21st Street,10011,1007970018,2022,1940,1,100,College/University,115895.0,,,2203506.7,,4351700.0,,,,102.4,104.2,,866.7,No,40.742082,-73.994807,696,2203.5067000000004,,1275.3572389425763,0.0,1275.3572389425763,False,
2637247,Not Applicable: Standalone Property,136 W21,136 West 21st Street,10011,1007960060,2022,1939,1,100,College/University,77437.0,,,1174211.9,,1700.0,,3238771.6,,93.6,95.4,,582.6,No,40.742101,-73.994901,654,1174.2119,,0.498220765724287,949.1901567988672,949.6883775645915,False,
6894297,Not Applicable: Standalone Property,255 WEST 14TH STREET,255 WEST 14TH STREET,10011,1007640007,2022,1930,1,95,Multifamily Housing,39628.0,,46.0,315963.9,,1665899.9,,,,69.2,70.5,3245.2,179.6,No,40.739203,-74.001198,216,315.9639,,488.22701399883124,0.0,488.22701399883124,False,
15498159,Not Applicable: Standalone Property,True North Flatiron- 27 West 16th,27 West 16th,10011,1008180019,2022,1851,1,90,Multifamily Housing,41300.0,,75.0,249187.0,,3660700.1,,,,109.2,111.7,,266.3,No,,,814,249.187,,1072.8451805346906,0.0,1072.8451805346906,False,
14255509,Not Applicable: Standalone Property,209 West 14 Street,209 West 14 Street,10011,1007647504,2022,2018,1,95,Multifamily Housing,36800.0,,21.0,508574.0,,1136500.0,,,,78.0,78.9,,207.1,No,40.738808,-74.000267,370,508.574,,333.0752354386189,0.0,333.0752354386189,False,
11990638,Not Applicable: Standalone Property,250 West 19th Street,250 West 19th Street,10011,1007680059,2022,1986,1,100,Multifamily Housing,134364.0,,200.0,1002399.9,,,,,,25.5,24.7,3638.5,289.1,No,40.742324,-73.999069,358,1002.3999,,,0.0,0.0,False,
2731500,Not Applicable: Standalone Property,JC Dwight 55 West 11th St,55 West 11th St,10011,1005750077,2022,1924,1,100,Multifamily Housing,72416.0,,84.0,254996.0,,2720600.4,,,,49.6,50.3,,218.1,No,40.734767,-73.996771,857,254.996,,797.3291850104714,0.0,797.3291850104714,False,
6549794,Not Applicable: Standalone Property,Owners Corp. - 36 West 15th St,36 West 15th St,10011,1008160062,2022,1909,1,100,Multifamily Housing,33878.0,,36.45,133920.0,,714600.0,1596121.6,,,81.7,,638.8,195.0,No,40.737366,-73.994742,826,133.92,,209.42856422739735,467.77701514180836,677.2055793692057,False,
6777152,Not Applicable: Standalone Property,JC Dwight - 130 West 16th st,130 West 16th st,10011,1007910062,2022,1927,1,100,Multifamily Housing,32384.0,,42.0,133996.0,,1944100.0,,,,74.2,75.8,778.7,141.9,No,40.739115,-73.996915,544,133.996,,569.7594062615213,0.0,569.7594062615213,False,
6778499,Not Applicable: Standalone Property,Chelsea Operating Inc - 521 West 21 st,521 West 21 st,10011,1006930018,2022,1931,1,100,Retail Store,34600.0,,,342183.9,,835300.0,,,,57.9,58.8,208.0,143.1,No,40.74685,-74.006139,695,342.18390000000005,,244.80223859382173,0.0,244.80223859382173,False,
6791778,Not Applicable: Standalone Property,JC Dwight Inc - 225 WEST 12th STREET,225 WEST 12th STREET,10011,1006170021,2022,1930,1,100,Multifamily Housing,43280.0,,57.0,277598.0,,3178000.0,,,,95.3,96.9,2746.3,248.9,No,40.73757,-74.001479,420,277.598,,931.3797608657553,0.0,931.3797608657553,False,
6802712,Not Applicable: Standalone Property,Vanderbilt - 253 West 16th St,253 West 16th St,10011,1007660009,2022,1930,1,100,Multifamily Housing,37782.0,,52.0,135383.0,,3610900.1,,,,107.8,108.9,1216.0,230.8,No,40.740512,-74.000188,212,135.383,,1058.2502428093555,0.0,1058.2502428093555,False,
12797241,Not Applicable: Standalone Property,BRG - 111 w 16th st,111 w 16th st,10011,1007920028,2022,1925,1,100,Multifamily Housing,39455.0,,83.0,174738.0,,2727399.8,,,,84.2,85.8,2252.8,195.3,No,40.738958,-73.9965,627,174.738,,799.3218922307453,0.0,799.3218922307453,False,
2544329,Not Applicable: Standalone Property,122 Greenwich Avenue,122 Greenwich Avenue,10011,1006187504,2022,2008,1,100,Multifamily Housing,79989.0,,30.0,1483008.9,,3259400.2,,,,104.0,105.1,3819.0,600.9,No,40.738961,-74.002515,246,1483.0088999999998,,955.2358020269967,0.0,955.2358020269967,False,
2659137,Not Applicable: Standalone Property,247 West 12th St,247 West 12thSt,10011,1006150086,2022,1910,1,100,Multifamily Housing,68294.0,,24.0,480229.9,,1203300.0,,,,41.6,42.0,,202.4,No,,,389,480.22990000000004,,352.6523808211968,0.0,352.6523808211968,False,
5853055,Not Applicable: Standalone Property,551 West 21st Street,551 West 21st Street,10011,1006937502,2022,2013,1,100,Multifamily Housing,204899.0,,43.0,2258254.9,,7342299.8,,,,73.4,73.7,403948.0,1041.4,No,40.747053,-74.006626,773,2258.2549,,2151.8154285489877,0.0,2151.8154285489877,False,
6311955,Not Applicable: Standalone Property,The Greenwich Lane,155 West 11th Street,10011,1006077503,2022,2015,1,100,Multifamily Housing,711670.0,,197.0,7239398.1,,916400.1,,,,92.4,,12614.2,4800.1,No,40.736016,-73.999733,599,7239.398099999999,,268.57032913636067,0.0,268.57032913636067,False,
6815789,Not Applicable: Standalone Property,512 West 22nd Street,512 WEST 22ND STREET,10011,1006937503,2022,2018,1,75,Office,129231.0,,,1918567.8,,3109470.2,,,,74.7,74.4,2930.9,718.6,No,40.74742,-74.005623,663,1918.5678,,911.2956612005012,0.0,911.2956612005012,False,
8899918,Not Applicable: Standalone Property,61 9th Avenue,61 9th Avenue,10011,1007120036;1007120038,2022,2017,1,100,Other - Technology/Science,156571.0,,,2975149.7,,14933129.4,,,,160.2,159.5,3974.4,1651.4,No,40.74144,-74.00502,183,2975.1497000000004,,4376.467743722272,0.0,4376.467743722272,False,
4040952,Not Applicable: Standalone Property,21 Chelsea,120 West 21st Street,10011,1007960048,2022,2000,1,95,Multifamily Housing,174621.0,,209.0,1114144.8,,7481399.9,,,,64.6,65.7,6195.4,718.8,No,40.741964,-73.994572,703,1114.1448,,2192.581639333885,0.0,2192.581639333885,False,
24231233,Not Applicable: Standalone Property,NYC-Chelsea NY HYP,140 West 24th St,10011,1007990063,2022,1980,1,80,Hotel,172767.0,,,2639504.9,,109976.9,,,,52.8,52.4,13179.3,767.2,No,40.74408,-73.993558,812,2639.5049,,32.2310443117549,0.0,32.2310443117549,False,
25727216,Not Applicable: Standalone Property,77 West 15th Street,77 West 15th Street,10011,1008170001,2022,1973,1,100,Multifamily Housing,91875.0,,108.0,533228.9,,5565399.8,,,,80.4,80.4,4595.9,449.4,No,40.737935,-73.996063,717,533.2289000000001,,1631.0574999516432,0.0,1631.0574999516432,False,
25750647,Not Applicable: Standalone Property,450 Sixth,450 Sixth Avenue,10011,1005740005,2022,1902,1,100,Multifamily Housing,41296.0,,31.0,242712.0,,2013300.1,,,,68.8,70.2,46.5,176.9,No,40.73513,-73.998452,826,242.712,,590.0399514439904,0.0,590.0399514439904,False,
8471298,Not Applicable: Standalone Property,120 11th Avenue,120 11th Avenue,10011,1006927501,2022,1910,1,100,Multifamily Housing,45946.0,,10.0,388983.0,,2384999.8,,,,80.8,80.5,650.1,238.9,No,40.746921,-74.007929,715,388.983,,698.9743685931007,0.0,698.9743685931007,False,
23380325,Not Applicable: Standalone Property,OLD WARREN ROAD HOUSE INC,141 WEST 17 STREET,10011,1007930014,2022,1918,1,100,Multifamily Housing,32862.0,,13.0,138535.0,,30100.0,1394628.0,,,57.7,58.7,20.9,145.1,No,40.739938,-73.997008,532,138.535,,8.821438263706494,408.7250765061947,417.5465147699012,False,
2681134,Not Applicable: Standalone Property,11 W 19th Street,11 W 19th Street,10011,1008210032,2022,1902,1,100,Office,284180.0,914.0,,3939151.5,,2979700.3,,,,57.8,57.7,6193.8,1294.5,No,40.739395,-73.992083,940,3939.1515,,873.2638618205222,0.0,873.2638618205222,False,
3962142,Not Applicable: Standalone Property,25 West 14th Street,25 West 14th Street,10011,1008160023,2022,1925,1,100,Retail Store,46684.0,,,940037.9,,1683400.0,,,,104.8,103.9,910.3,360.6,No,40.736447,-73.994649,876,940.0379,,493.3557864825087,0.0,493.3557864825087,False,
2646584,Not Applicable: Standalone Property,3620 Company (BBL) 1008210064 (BIN) 1015484,36 West 20th Street,10011,1008210064,2022,1906,1,100,Office,53540.0,,,270333.0,,7900.0,1172889.6,,,39.3,39.8,,165.4,No,40.740207,-73.992231,858,270.333,,2.315261205424628,343.7399733070898,346.05523451251446,False,
2563179,Not Applicable: Standalone Property,Forty Eight Eighteen Associates / 44 W 18th St,44 West 18th Street,10011,1008190010,2022,1906,1,100,Office,205000.0,,,1446128.7,,4012799.6,,,,43.6,44.2,,630.3,No,40.739118,-73.993274,781,1446.1287,,1176.035346711831,0.0,1176.035346711831,False,
6779565,Not Applicable: Standalone Property,334 West 23 Street,334 West 23 Street,10011,1007460060,2022,1926,1,10,Hotel,32000.0,,,285056.0,1798848.5,1037100.0,,,,119.0,121.9,1840.6,256.8,No,40.745757,-73.999607,546,285.056,527.190398289403,303.9439741956812,0.0,831.1343724850842,False,
16756678,Not Applicable: Standalone Property,54 WEST 13 STREET,54 WEST 13 STREET,10011,1005760014,2022,2011,1,75,Hotel,46020.0,,,1020628.9,,2229900.0,,,,124.1,123.4,3675.9,412.8,No,40.736024,-73.995829,801,1020.6289,,653.5191091109339,0.0,653.5191091109339,False,
26640250,Not Applicable: Standalone Property,143 WEST 20 STREET,"143 WEST 20 STREET,",10011,1007960013,2022,1909,1,100,Multifamily Housing,48477.0,,13.0,135704.0,,2128899.9,,,,53.5,55.5,,152.2,No,40.741786,-73.995933,624,135.704,,623.9189048990341,0.0,623.9189048990341,False,
2606281,Not Applicable: Standalone Property,90 Fifth Avenue,90 Fifth Avenue,10011,1008160037,2022,1903,1,100,Office,139895.0,,,1269962.8,,3421599.7,,,,55.4,56.2,1093.7,548.1,No,40.736354,-73.993379,971,1269.9628,,1002.7717779623475,0.0,1002.7717779623475,False,
4052447,4052447,Sheila C Johnson Center,2 West 13th Street,10011,1005760036;1005760042; 1005760041,2022,1913,3,100,College/University,206228.0,,,1964117.8,,155400.0,7837889.4,,,71.3,72.7,1567.1,1156.5,No,40.735511,-73.994605,972,1964.1178,,45.54323940797306,2297.0583873707487,2342.6016267787218,False,
4052575,Not Applicable: Standalone Property,Johnson/Kaplan Building,66 W.12th Street,10011,1005750017,2022,1931,1,100,College/University,120467.0,,,1068218.0,,250200.0,8005656.4,,,98.8,101.4,6277.9,915.5,No,40.735744,-73.997139,829,1068.218,,73.32637387306859,2346.2260363138466,2419.552410186915,False,
1633052,Not Applicable: Standalone Property,M440 (OECID: 0100175; BBL: 1007420007),351 West 18th Street,10011,1007420007,2022,1931,1,100,K-12 School,318200.0,,,1582399.8,,22008702.2,0.0,,,86.1,89.5,3331.8,1625.4,No,40.742867,-74.002136,230,1582.3998000000001,,6450.113213342235,0.0,6450.113213342235,False,
1633695,Not Applicable: Standalone Property,M011 (OECID: 0100034; BBL: 1007440024),320 West 21st Street,10011,1007440024,2022,1925,1,100,K-12 School,115300.0,,,573599.9,,397700.0,7113761.9,,,82.1,82.1,,714.5,No,40.744349,-74.000253,377,573.5999,,116.55435207561702,2084.837588822505,2201.391940898122,False,
1634600,Not Applicable: Standalone Property,M041 (OECID: 0100057; BBL: 1006060049),116 West 11th Street,10011,1006060049,2022,1957,1,100,K-12 School,97300.0,,,408011.9,,342200.0,3325110.2,,,52.0,53.6,,382.6,No,40.735687,-73.999,740,408.0119,,100.28890942991237,974.4934999774337,1074.782409407346,False,
1634606,Not Applicable: Standalone Property,M070 (OECID: 0100079; BBL: 1007410010),333 West 17th Street,10011,1007410010,2022,1966,1,100,K-12 School,180175.0,,,657359.9,,284900.0,2104085.9,8908525.8,,77.6,80.3,,1031.6,No,40.742129,-74.002198,153,657.3599,,83.49593891461727,3227.477549293084,3310.9734882077014,False,
1836464,Not Applicable: Standalone Property,M451 (OECID: 0101197; BBL: 1007670068),250 West 18th Street,10011,1007670068,2022,1903,1,100,K-12 School,48953.0,,,652799.9,,116200.0,338100.0,,,54.8,54.8,437.2,219.6,No,40.741657,-73.999307,255,652.7999,,34.05485469244832,99.08731817140084,133.14217286384917,False,
1836849,Not Applicable: Standalone Property,M883 (OECID: 0101359; BBL: 1005770019),34 West 14th Street,10011,1005770019,2022,1995,0,100,K-12 School,51830.0,,,427359.9,,2067300.2,,,,68.0,69.4,2575.0,233.1,No,40.736518,-73.994858,836,427.35990000000004,,605.8658168388068,0.0,605.8658168388068,False,
21355392,Not Applicable: Standalone Property,NYPD_4434_10th Precinct,230 West 20th St,10011,1007690055,2022,1920,1,100,Police Station,20110.0,,,195032.0,,50651.0,937461.5,,,82.2,84.4,283.1,128.5,No,40.742697,-73.998145,411,195.032,,14.844341179235801,274.74281551002275,289.58715668925856,False,
21355487,Not Applicable: Standalone Property,NYPL_4611_Jefferson Market Branch Library,425 6th Ave,10011,1006060001,2022,1877,1,100,Library,18643.0,,,214953.6,,1183093.0,,,,102.8,106.3,618.3,124.8,No,40.734323,-73.999065,828,214.9536,,346.730294342967,0.0,346.730294342967,False,
21355488,Not Applicable: Standalone Property,NYPL_4617_Muhlenberg Branch Library,209 West 23rd St,10011,1007730038,2022,1906,1,100,Library,12953.0,,,90926.4,,466067.0,,,,59.9,62.4,27.1,51.0,No,40.744355,-73.996229,706,90.9264,,136.59073977577722,0.0,136.59073977577722,False,
6309410,Not Applicable: Standalone Property,114 W 17th Condominium Association,114 West 17th Street,10011,1007927505,2022,1906,1,100,Multifamily Housing,38770.0,,6.0,229901.0,,362600.0,,,,29.6,29.5,438.9,85.6,No,40.739582,-73.996207,596,229.901,,106.2675586186038,0.0,106.2675586186038,False,
6664908,Not Applicable: Standalone Property,Adorama Camera: 42 West 18th St,42 West 18th Street,10011,1008190014,2023,1920,1,100,Retail Store,29532.0,,,518669.0,,,527436.0,,,77.8,83.7,,231.6,No,40.739098,-73.993227,797,518.669,,,154.57621634738533,154.57621634738533,False,
6666490,Not Applicable: Standalone Property,DEPM 1174 - 212 West 18th Street,212 West 18th Street,10011,1007677505,2023,1929,1,100,Multifamily Housing,344517.0,,47.0,13657511.3,36251400.9,,,,,240.5,240.5,12681.7,7473.6,No,40.74133,-73.998535,377,13657.5113,10624.235714691828,,0.0,10624.235714691828,False,
6667546,Not Applicable: Standalone Property,AKAM - 515 West 23rd Street,515 West 23rd Street,10011,1006957507,2023,2008,1,100,Multifamily Housing,39198.0,,11.0,340928.9,,1032098.0,,,,56.0,61.5,603.7,181.3,No,40.748079,-74.005074,770,340.9289,,302.47803286029716,0.0,302.47803286029716,False,
6684973,Not Applicable: Standalone Property,CFA - 163 West 18th Street,163 West 18th Street,10011,1007947502,2023,2006,1,100,Multifamily Housing,46948.0,,26.0,476687.0,,1973827.9,,,,76.7,81.9,1502.1,281.7,No,40.740575,-73.996698,512,476.687,,578.471792791742,0.0,578.471792791742,False,
6684983,Not Applicable: Standalone Property,CFA - 58 West 15th Street,58 West 15th Street,10011,1008160074,2023,1920,1,100,Multifamily Housing,31350.0,,9.0,76897.0,,40128.0,3352255.0,,,116.6,116.6,741.3,279.4,No,40.737781,-73.995742,742,76.897,,11.760354639402465,982.448854707688,994.2092093470906,False,
6682167,Not Applicable: Standalone Property,55 West 16th Street,55 West 16th Street,10011,1008180005,2023,1982,1,100,Multifamily Housing,25639.0,,9.0,115602.1,,73046.0,483993.6,,,37.1,,480.2,82.7,No,40.738064,-73.994374,727,115.60210000000001,,21.407667090056627,141.84450705744368,163.2521741475003,False,
6687349,Not Applicable: Standalone Property,Halstead - 130 West 20th Street,130 West 20th Street,10011,1007957502,2023,2008,1,100,Multifamily Housing,40339.0,,48.0,409269.2,,882444.0,,,,56.5,60.3,3951.2,198.7,No,40.741525,-73.995359,630,409.2692,,258.6187796404722,0.0,258.6187796404722,False,
6694544,Not Applicable: Standalone Property,DEPM 1872 - 560 West 24th Street,560 West 24th Street,10011,1006957509,2023,2013,1,100,Multifamily Housing,36216.0,,8.0,482751.1,,318154.0,,,,54.3,57.1,500.4,196.0,No,40.749117,-74.005515,903,482.75109999999995,,93.24172323426166,0.0,93.24172323426166,False,
6694545,Not Applicable: Standalone Property,DEPM 1228 - 125 West 12th Street,125 West 12th Street,10011,1006080053,2023,1918,1,100,Multifamily Housing,31128.0,,34.0,138179.9,,2167610.1,,,,84.8,95.3,,166.4,No,40.736425,-73.998712,662,138.1799,,635.2637434198226,0.0,635.2637434198226,False,
6695981,Not Applicable: Standalone Property,AKAM - 56 West 11th Street,56 West 11th Street,10011,1005740015,2023,1912,1,100,Multifamily Housing,27200.0,,36.0,129974.7,,34606.0,1849890.1,,,85.6,92.9,1060.9,187.3,No,40.734764,-73.996807,885,129.97469999999998,,10.142016363914514,542.1492130163399,552.2912293802544,False,
6722391,Not Applicable: Standalone Property,135-139 West 20th Street,135-139 West 20th Street,10011,1007960018,2023,1903,1,100,Office,34176.0,,,613202.3,,1712216.0,,,,111.3,118.4,1406.4,318.4,No,40.741591,-73.995471,644,613.2023,,501.80092153257397,0.0,501.80092153257397,False,
6699671,Not Applicable: Standalone Property,115 West 23rd Street,115 West 23rd Street,10011,1007990030,2023,1920,1,100,Multifamily Housing,27132.0,,18.0,475689.5,,403181.0,,,,74.7,74.5,1489.4,197.9,Yes,40.743215,-73.993508,868,475.6895,,118.16067443851986,0.0,118.16067443851986,False,
6750819,Not Applicable: Standalone Property,Cornerstone: 121 W 17th St,121 W 17th St,10011,1007930022,2023,1909,1,100,Multifamily Housing,57029.0,,29.0,271266.7,,116232.0,,,,18.3,18.2,1089.9,106.8,No,40.739675,-73.996384,599,271.2667,,34.064232965685484,0.0,34.064232965685484,False,
6775024,Not Applicable: Standalone Property,Emor: 301-317 West 19th Street,301-317 West 19th Street,10011,1007430038,2023,1925,1,100,Multifamily Housing,83151.0,,100.0,493453.2,,121441.0,,,,21.7,21.6,3319.9,189.5,Yes,40.743026,-74.000696,302,493.45320000000004,,35.59084000607243,0.0,35.59084000607243,False,
6777152,Not Applicable: Standalone Property,JC Dwight - 130 West 16th st,130 West 16th st,10011,1007910062,2023,1927,1,100,Multifamily Housing,32384.0,,42.0,126936.2,,1646583.0,,,,64.2,71.7,772.0,134.5,No,40.739115,-73.996915,544,126.9362,,482.5657900521139,0.0,482.5657900521139,False,
6778499,Not Applicable: Standalone Property,Chelsea Operating Inc - 521 West 21 st,521 West 21 st,10011,1006930018,2023,1931,1,100,Retail Store,34600.0,,,292864.5,,698303.0,,,,49.1,56.0,124.2,145.7,No,40.74685,-74.006139,695,292.8645,,204.6523855103334,0.0,204.6523855103334,False,
6772501,Not Applicable: Standalone Property,130 West 24th Street,130 West 24th Street,10011,1007990057,2023,1898,1,100,Multifamily Housing,33514.0,,10.0,106070.3,,,941988.0,,,38.9,38.8,296.3,109.3,Yes,40.743995,-73.993356,836,106.0703,,,276.0694015665233,276.0694015665233,False,
6779565,Not Applicable: Standalone Property,334 West 23 Street,334 West 23 Street,10011,1007460060,2023,1926,1,100,Hotel,32000.0,,,283903.9,12913635.6,1052062.0,,,,466.7,539.4,,1018.6,No,40.745757,-73.999607,546,283.9039,3784.6125981861246,308.32890307613224,0.0,4092.9415012622567,False,
6791778,Not Applicable: Standalone Property,JC Dwight Inc - 225 WEST 12th STREET,225 WEST 12th STREET,10011,1006170021,2023,1930,1,100,Multifamily Housing,43280.0,,56.0,271334.5,,2870466.0,,,,87.7,96.1,2002.0,253.1,Yes,40.73757,-74.001479,420,271.3345,,841.2504520620772,0.0,841.2504520620772,False,
6790068,Not Applicable: Standalone Property,150 West 21st Street,150 West 21st Street,10011,1007960067,2023,1950,1,100,Multifamily Housing,48249.0,,61.0,153180.7,,1785361.2,,,,47.8,53.8,1939.0,151.7,No,40.742219,-73.995182,613,153.1807,,523.2376612696659,0.0,523.2376612696659,False,
6790170,Not Applicable: Standalone Property,CECO STUDIOS,439 W 14th St.,10011,1007120011,2023,1900,1,100,Manufacturing/Industrial Plant,46330.0,,,359567.9,,672970.6,,,,41.0,40.4,168.6,169.1,No,40.741709,-74.007142,318,359.5679,,197.22819273054873,0.0,197.22819273054873,False,
6802712,Not Applicable: Standalone Property,Vanderbilt - 253 West 16th St,253 West 16th St,10011,1007660009,2023,1930,1,100,Multifamily Housing,37782.0,,52.0,143615.7,,3102121.0,,,,95.1,98.6,,218.0,No,40.740512,-74.000188,212,143.6157,,909.1418235231711,0.0,909.1418235231711,False,
6800658,Not Applicable: Standalone Property,THE KOREAN ASSOCIATION,149 W 24th 6th Floor,10011,1008000010,2023,1919,1,90,Multifamily Housing,42078.0,,11.0,141401.1,,3083150.0,,,,84.7,93.3,2736.2,216.2,Yes,,,835,141.4011,,903.5819728487268,0.0,903.5819728487268,False,
6815789,Not Applicable: Standalone Property,512 West 22nd Street,512 WEST 22ND STREET,10011,1006937503,2023,2018,1,85,Office,150000.0,,,2025194.3,,2844060.1,,,,65.0,68.2,0.0,902.3,No,40.74742,-74.005623,663,2025.1943,,833.5116475222895,0.0,833.5116475222895,False,
6811976,Not Applicable: Standalone Property,AKAM - 447-453 West 18 Street,447-453 West 18 Street,10011,1007167503,2023,2007,1,100,Multifamily Housing,70815.0,,47.0,722437.3,,1057134.0,,,,49.7,54.7,1825.7,324.2,No,40.74413,-74.005135,401,722.4373,,309.8153593842226,0.0,309.8153593842226,False,
6821238,6821238,007 - Guardian Angel Church & School,185 10th Avenue,10011,1006930031,2023,1900,1,95,Worship Facility,75500.0,,,70858.3,,127329.0,,,,4.9,4.9,272.3,33.0,No,40.746498,-74.005049,617,70.8583,,37.31644228171044,0.0,37.31644228171044,False,
6835716,Not Applicable: Standalone Property,Andrews: 205 West 19th St.,205 West 19th Street,10011,1007690031,2023,1913,1,100,Multifamily Housing,75191.0,,18.0,355993.6,,165026.0,1545600.0,,,38.9,38.9,691.2,255.5,No,40.741862,-73.997929,460,355.99359999999996,,48.364341226127166,452.97059735497527,501.33493858110245,False,
6844497,Not Applicable: Standalone Property,ABC: 241 West 19th St.,241 West 19th Street,10011,1007697508,2023,2006,1,100,Multifamily Housing,32595.0,,19.0,280939.3,,1768175.0,,,,83.7,93.8,,198.1,No,40.74228,-73.998925,383,280.9393,,518.2008837850242,0.0,518.2008837850242,False,
7069148,Not Applicable: Standalone Property,Stone: 123 Waverly Pl.,123 Waverly Place,10011,1005530041,2023,1917,1,100,Multifamily Housing,40595.0,,47.0,126264.2,,73662.0,,,,12.4,12.4,1376.4,50.8,No,40.732673,-73.999524,991,126.2642,,21.58819884987202,0.0,21.58819884987202,False,
6883119,Not Applicable: Standalone Property,245 West 14th Street,245 West 14th Street,10011,1007647503,2023,2015,1,100,Multifamily Housing,46630.0,,28.0,374023.6,,131952.0,,,,30.2,31.5,1630.3,145.8,Yes,40.739115,-74.000996,246,374.0236,,38.671309693441835,0.0,38.671309693441835,False,
6894297,Not Applicable: Standalone Property,255 WEST 14TH STREET,255 WEST 14TH STREET,10011,1007640007,2023,1930,1,95,Multifamily Housing,39628.0,,46.0,379193.7,,1114791.0,,,,60.8,64.1,3234.7,199.9,No,40.739203,-74.001198,216,379.19370000000004,,326.7129562603198,0.0,326.7129562603198,False,
7536925,Not Applicable: Standalone Property,111 Eighth Avenue,111 8th Avenue,10011,1007390001,2023,1932,1,100,Office,2329640.0,584789.0,,148091230.3,33859835.2,4402586.1,,,,233.3,235.5,,57419.4,No,40.740704,-74.001844,0,148091.23030000002,9923.337070965981,1290.2704811230012,0.0,11213.607552088983,False,source_and_self_offtaker
7440717,Not Applicable: Standalone Property,37 West 17th Street,37 West 17th Street,10011,1008190017,2023,1900,1,100,Office,35000.0,,,,,,,,,,,,,No,40.738475,-73.99353,820,,,,0.0,0.0,False,
7534445,Not Applicable: Standalone Property,312 West 15 Street,312 West 15 Street,10011,1007380048,2023,1900,1,95,Multifamily Housing,28078.0,,36.0,83278.7,,29873.0,,1436785.9,,62.4,62.3,2019.9,140.7,No,40.740715,-74.002685,94,83.2787,,8.754911137930367,421.0803360469758,429.83524718490617,False,
7463419,Not Applicable: Standalone Property,The Alchemy Condominium,40 West 13th Street,10011,1005767504,2023,1920,1,85,Multifamily Housing,32198.0,,7.0,209126.1,,635366.0,,,,41.9,47.4,,111.3,No,40.735884,-73.9955,846,209.1261,,186.2073735501043,0.0,186.2073735501043,False,
7857355,Not Applicable: Standalone Property,Halstead: 105 W 13th St.,105 West 13th Street,10011,1006090047,2023,1961,1,100,Multifamily Housing,100734.0,,81.0,519033.3,,1343029.0,5660180.5,,,87.1,97.1,4524.9,683.9,Yes,40.736889,-73.997842,681,519.0332999999999,,393.6029039823079,1658.8349781456927,2052.4378821280006,False,
8471298,Not Applicable: Standalone Property,120 11th Avenue,120 11th Avenue,10011,1006927501,2023,1910,1,100,Multifamily Housing,45946.0,,10.0,358093.4,,1963989.8,,,,69.3,76.7,573.0,237.2,Yes,40.746921,-74.007929,715,358.09340000000003,,575.5885306062878,0.0,575.5885306062878,False,
9469621,Not Applicable: Standalone Property,23rd Street: 241 W 23,241 W 23rd St,10011,1007730022,2023,1898,1,100,Multifamily Housing,28108.0,,25.0,88395.6,,1073709.0,,,,48.9,56.5,268.6,89.8,Yes,40.744626,-73.996878,663,88.3956,,314.6730118500344,0.0,314.6730118500344,False,
8899918,Not Applicable: Standalone Property,61 9th Avenue,61 9th Avenue,10011,1007120036;1007120038,2023,2017,1,100,Other - Technology/Science,156571.0,,,2898237.9,,14291229.2,,,,154.4,159.7,4677.6,1834.2,No,40.74144,-74.00502,183,2898.2379,,4188.345385391346,0.0,4188.345385391346,False,
9640050,Not Applicable: Standalone Property,524 West 19th Street,524 W. 19th Street,10011,1006907502,2023,1970,1,100,Multifamily Housing,33183.0,,9.0,319530.1,,1193340.0,,,,68.8,73.5,424.9,181.9,No,40.74562,-74.0069,586,319.5301,,349.7333932761298,0.0,349.7333932761298,False,
9947966,Not Applicable: Standalone Property,Sandberg: 40 W 15th St.,40 West 15th Street,10011,1008160063,2023,1903,1,100,Multifamily Housing,28970.0,,13.0,117749.6,,37808.0,,,,15.2,15.5,691.6,45.7,No,40.73743,-73.994898,815,117.7496,,11.080429829708143,0.0,11.080429829708143,False,
10063093,Not Applicable: Standalone Property,Andrews: 139 West 19 St,139 West 19 Street,10011,1007950014,2023,1909,1,100,Multifamily Housing,73478.0,,21.0,250328.7,,5790.0,2050956.1,,,39.6,43.2,1024.4,245.4,No,40.740957,-73.995789,590,250.3287,,1.6968813138491892,601.075834475822,602.7727157896712,False,
10063205,Not Applicable: Standalone Property,Andrews: 511 W 22nd St.,511 West 22 Street,10011,1006947501,2023,1930,1,100,Multifamily Housing,94877.0,,30.0,626037.8,,2848339.1,,,,52.5,52.4,1306.1,383.5,Yes,40.747412,-74.005561,721,626.0378000000001,,834.7656984967215,0.0,834.7656984967215,False,
10063210,Not Applicable: Standalone Property,Andrews: 125 W 21st St.,125 West 21st Street,10011,1007977501,2023,2006,1,100,Multifamily Housing,90281.0,,52.0,663062.2,,2523341.0,,,,53.0,57.3,1984.6,380.0,No,40.742013,-73.994645,725,663.0622,,739.5181677667576,0.0,739.5181677667576,False,
10063220,Not Applicable: Standalone Property,Andrews: 126 W 22nd St,126 West 22 Street,10011,1007977502,2023,1911,1,100,Multifamily Housing,67426.0,,21.0,587477.9,,2467076.3,,,,66.3,72.7,,349.0,Yes,40.742631,-73.994251,736,587.4779,,723.0286136977886,0.0,723.0286136977886,False,
10063226,Not Applicable: Standalone Property,Andrews: 130 West 17 St,130 West 17 Street,10011,1007927503,2023,1906,1,100,Multifamily Housing,46010.0,,14.0,187224.9,,4470.0,1460453.9,,,45.7,51.7,921.6,178.1,No,40.739793,-73.996709,540,187.2249,,1.3100275428162134,428.0167413900125,429.3267689328287,False,
10063237,Not Applicable: Standalone Property,Andrews: 227 West 17 St,227 West 17 Street,10011,1007670019,2023,1910,1,100,Multifamily Housing,45710.0,,5.0,162951.4,,10251.0,,,,12.4,12.4,171.2,61.0,Yes,40.74088,-73.999235,319,162.9514,,3.0042712173174504,0.0,3.0042712173174504,False,
10063239,Not Applicable: Standalone Property,Andrews: 120 W 18 St,120 West 18 Street,10011,1007937502,2023,1907,1,100,Multifamily Housing,27302.0,,10.0,124581.5,,841146.0,,,,46.4,53.8,,90.9,Yes,40.740205,-73.995854,614,124.5815,,246.51553188583594,0.0,246.51553188583594,False,
10149691,Not Applicable: Standalone Property,Andrews: 171 W 12th St.,171 West 12th Street,10011,1006080074,2023,1922,2,100,Multifamily Housing,33973.0,,25.0,96351.2,,32565.0,,,,10.6,10.6,804.9,37.5,No,40.736818,-73.999646,539,96.35119999999999,,9.54385837400671,0.0,9.54385837400671,False,
10063232,Not Applicable: Standalone Property,Andrews: 100 11th Ave,100 11 Avenue,10011,1006917501,2023,2007,1,100,Multifamily Housing,154709.0,,57.0,1663882.7,,,,,,,,4088.4,,No,40.746215,-74.008055,652,1663.8826999999999,,,0.0,0.0,False,
9848961,Not Applicable: Standalone Property,201-215 West 15th Street,201-215 West 15th Street,10011,1007650035,2023,1940,1,100,Multifamily Housing,128350.0,,113.0,920302.6,,2662189.0,,4415916.0,,79.6,84.4,,815.3,No,40.739431,-73.999603,365,920.3026,,780.2104953428081,1294.1770887612533,2074.3875841040617,False,
10317687,Not Applicable: Standalone Property,210 West 21st Street,210 West 21st Street,10011,1007700048,2023,1902,1,100,Multifamily Housing,25123.0,,29.0,110646.4,,1601368.0,0.0,,,78.8,,855.2,126.1,No,40.743054,-73.997171,518,110.6464,,469.31458303904117,0.0,469.31458303904117,False,
10773088,Not Applicable: Standalone Property,Hope for Families and Children Foundation,143 West 15 Street,10011,1007910016,2023,1989,1,100,Office,27353.0,,,258973.5,,148399.0,837549.6,,,68.3,75.3,285.4,166.1,No,40.7387,-73.997875,521,258.9735,,43.49144906630498,245.46153120239427,288.95298026869926,False,
10436939,Not Applicable: Standalone Property,4 West 16th Street,4 West 16th Street,10011,1008170057,2023,1902,1,100,Multifamily Housing,33080.0,,16.0,249268.2,,239799.0,1818467.4,,,87.9,103.0,,240.2,No,40.737548,-73.993187,939,249.2682,,70.27814199995194,532.940129689796,603.2182716897479,False,
10439457,Not Applicable: Standalone Property,508 West 24th Street,508 West 24th Street,10011,1006957508,2023,2013,1,100,Multifamily Housing,56706.0,,14.0,547720.5,,877027.0,,,,48.4,51.3,,249.8,No,40.748727,-74.004587,800,547.7205,,257.0312138240437,0.0,257.0312138240437,False,
11173623,11173844,AAR: 400 W 23 St (child),400 W 23 St,10011,1007200047,2023,1920,1,100,Multifamily Housing,23608.0,,20.0,,,,,,,,,,0.0,Not Available,40.746666,-74.001758,570,,,,0.0,0.0,False,
11656102,Not Applicable: Standalone Property,Andrews: 221 W 17th St.,221 W 17th St,10011,1007677506,2023,1912,1,100,Multifamily Housing,41148.0,,12.0,189645.4,,876838.0,,,,37.0,40.8,440.6,116.9,No,40.740828,-73.999112,348,189.6454,,256.9758233977367,0.0,256.9758233977367,False,
11911004,Not Applicable: Standalone Property,0070-StFrancisXavier,122 WEST 17 STREET,10011,1007920050,2023,1910,1,100,K-12 School,25732.0,,,205112.3,,0.0,,,,27.2,27.2,414.9,76.1,No,40.739689,-73.996456,567,205.11229999999998,,0.0,0.0,0.0,False,
12474962,Not Applicable: Standalone Property,101 West 15th Street,101 West 15th Street,10011,1007910036,2023,1974,1,100,Multifamily Housing,195442.0,,170.0,1883423.2,,68651.0,,,,33.2,33.7,,702.3,Yes,40.738201,-73.996687,647,1883.4232,,20.119619875140017,0.0,20.119619875140017,False,
14255509,Not Applicable: Standalone Property,209 West 14 Street,209 West 14 Street,10011,1007647504,2023,2018,1,95,Multifamily Housing,36800.0,,21.0,491461.4,,1278629.0,,,,80.3,86.6,,250.2,Yes,40.738808,-74.000267,370,491.4614,,374.72912909251727,0.0,374.72912909251727,False,
12797241,Not Applicable: Standalone Property,BRG - 111 w 16th st,111 w 16th st,10011,1007920028,2023,1925,1,100,Multifamily Housing,39455.0,,83.0,155614.4,,2560757.9,,,,78.4,88.7,2684.9,193.7,No,40.738958,-73.9965,627,155.6144,,750.4839775132453,0.0,750.4839775132453,False,
12771968,Not Applicable: Standalone Property,Rudd: 21 West 20th Street,21 West 20th Street,10011,1008227506,2023,2015,2,100,Multifamily Housing,80907.0,,14.0,456468.5,,954055.0,,,,31.0,31.9,,220.0,Yes,40.740078,-73.991884,917,456.4685,,279.6058897900498,0.0,279.6058897900498,False,
12771985,Not Applicable: Standalone Property,Rudd:  420 West 23 Street,420 west 23 street,10011,1007207501,2023,1985,1,100,Multifamily Housing,44272.0,,38.0,539517.4,,2130951.9,,,,89.7,95.8,1239.5,313.3,Yes,40.746836,-74.002162,591,539.5174000000001,,624.5202866703672,0.0,624.5202866703672,False,
14910017,Not Applicable: Standalone Property,Andrews: 147 W 15th St,147 W 15th St,10011,1007910013,2023,1923,1,100,Multifamily Housing,60954.0,,13.0,618780.6,,2174640.5,,,,70.3,70.3,1324.1,345.1,No,40.738747,-73.997986,505,618.7805999999999,,637.3241500500272,0.0,637.3241500500272,False,
14947867,Not Applicable: Standalone Property,Mosbacher: 257 W 17th St,257 W 17th St,10011,1007677502,2023,1907,1,100,Multifamily Housing,78640.0,,32.0,505573.3,,3342933.0,,,,64.4,71.0,1891.8,365.1,No,40.741135,-73.999845,244,505.57329999999996,,979.716846485287,0.0,979.716846485287,False,
14947903,Not Applicable: Standalone Property,Rudd: 250 W 24th St,250 W 24th St,10011,1007730012,2023,1940,1,100,Multifamily Housing,170226.0,,151.0,772859.2,,29859418.8,496800.0,,,193.8,193.6,,1909.6,Yes,40.745378,-73.996651,664,772.8592,,8750.9308815401,145.59769200695635,8896.528573547057,False,
15144817,Not Applicable: Standalone Property,Division: 345 W 14th St,345 W 14th St,10011,1007387504,2023,1960,1,100,Multifamily Housing,78294.0,,66.0,463322.9,,685156.0,,,,28.9,29.2,1176.2,208.3,Yes,40.7406,-74.004511,118,463.3229,,200.7993805650527,0.0,200.7993805650527,False,
15087890,Not Applicable: Standalone Property,100 West 12th Street (The Mark Twain),100 West 12th Street,10011,1006070038,2023,1959,1,100,Multifamily Housing,67166.0,,85.0,490476.6,,109674.0,3957177.6,,,85.5,85.5,2120.8,481.4,Yes,40.736208,-73.998235,721,490.47659999999996,,32.142273094144386,1159.7341493994097,1191.8764224935542,False,
14887282,Not Applicable: Standalone Property,37 West 14th Street,37 West 14th Street,10011,1008160016,2023,1906,1,60,Financial Office,45000.0,,,348296.8,,0.0,668002.8,,,41.3,47.7,385.8,178.8,No,40.736565,-73.994923,811,348.29679999999996,,0.0,195.7722744246869,195.7722744246869,False,
15356872,Not Applicable: Standalone Property,Century - 69 West 9th Street,69 West 9th Street,10011,1005737502,2023,1958,1,100,Multifamily Housing,117402.0,,119.0,1149272.9,,117739.0,,6114187.8,,86.5,92.0,4756.1,892.9,Yes,40.734037,-73.998726,879,1149.2729,,34.505891020948134,1791.8913691165258,1826.397260137474,False,
15356872,Not Applicable: Standalone Property,Century - 69 West 9th Street,69 West 9th Street,10011,1005737502,2023,1958,1,100,Multifamily Housing,117402.0,,119.0,1149272.9,,117739.0,,6114187.8,,86.5,92.0,4756.1,892.9,Yes,40.734037,-73.998726,879,1149.2729,,34.505891020948134,1791.8913691165258,1826.397260137474,False,
15548593,Not Applicable: Standalone Property,The Chelsea (ch205) - reporting,160 W 24th St,10011,1007990003,2023,1986,1,90,Multifamily Housing,203119.0,,204.0,1457280.3,,1988559.0,,,,34.3,36.5,144.4,646.2,Yes,40.74425,-73.993966,767,1457.2803000000001,,582.7890515693662,0.0,582.7890515693662,False,
15297421,Not Applicable: Standalone Property,200 West 24th Street,200 West 24th Street,10011,1007737501,2023,2004,1,100,Multifamily Housing,30927.0,,20.0,392044.0,,736751.9,,,,67.1,68.3,999.1,184.6,Yes,40.744923,-73.995561,749,392.044,,215.9206445687196,0.0,215.9206445687196,False,
1633052,Not Applicable: Standalone Property,M440 (OECID: 0100175; BBL: 1007420007),351 West 18th Street,10011,1007420007,2023,1931,1,100,K-12 School,318200.0,,,1463182.8,,16378400.1,0.0,,,67.2,79.3,4792.8,1412.7,No,40.742867,-74.002136,230,1463.1828,,4800.034728918082,0.0,4800.034728918082,False,
1633695,Not Applicable: Standalone Property,M011 (OECID: 0100034; BBL: 1007440024),320 West 21st Street,10011,1007440024,2023,1925,1,100,K-12 School,115300.0,,,522152.9,,450900.0,6147899.9,,,72.7,72.8,,673.9,No,40.744349,-74.000253,377,522.1529,,132.1457313324006,1801.771409278981,1933.9171406113817,False,
1634600,Not Applicable: Standalone Property,M041 (OECID: 0100057; BBL: 1006060049),116 West 11th Street,10011,1006060049,2023,1957,1,100,K-12 School,97300.0,,,383577.9,,153200.0,2497800.0,,,40.7,45.6,,335.8,No,40.735687,-73.999,740,383.5779,,44.8984831229181,732.0328403683083,776.9313234912264,False,
1634606,Not Applicable: Standalone Property,M070 (OECID: 0100079; BBL: 1007410010),333 West 17th Street,10011,1007410010,2023,1966,1,100,K-12 School,180175.0,,,574479.9,,300800.0,8341865.4,0.0,,61.1,61.2,,848.1,No,40.742129,-74.002198,153,574.4799,,88.15576842933267,2444.759157151139,2532.9149255804714,False,
1836464,Not Applicable: Standalone Property,M451 (OECID: 0101197; BBL: 1007670068),250 West 18th Street,10011,1007670068,2023,1903,1,100,K-12 School,48953.0,,,625014.9,,39800.0,0.0,,,44.4,44.4,668.0,234.0,No,40.741657,-73.999307,255,625.0149,,11.664227338721542,0.0,11.664227338721542,False,
1836849,Not Applicable: Standalone Property,M883 (OECID: 0101359; BBL: 1005770019),34 West 14th Street,10011,1005770019,2023,1995,0,100,K-12 School,51830.0,,,424945.9,,1363700.0,,,,54.3,60.5,2011.5,230.1,No,40.736518,-73.994858,836,424.94590000000005,,399.66097542247655,0.0,399.66097542247655,False,
2544329,Not Applicable: Standalone Property,122 Greenwich Avenue,122 Greenwich Avenue,10011,1006187504,2023,2008,1,100,Multifamily Housing,79989.0,,30.0,1499197.7,,2719484.8,,,,97.9,104.9,2673.5,700.6,No,40.738961,-74.002515,246,1499.1977,,797.0022349597408,0.0,797.0022349597408,False,
2563179,Not Applicable: Standalone Property,Forty Four Eighteen Associates / 44 W 18th St,44 West 18th Street,10011,1008190010,2023,1906,1,100,Office,204970.0,,,1632799.4,,3096604.6,,,,42.3,47.7,,770.2,Yes,40.739118,-73.993274,781,1632.7993999999999,,907.5251264454997,0.0,907.5251264454997,False,
2440154,Not Applicable: Standalone Property,335 W 16,335 West 16th Street,10011,1007400013,2023,1920,1,100,College/University,48800.0,,,843074.0,,4036641.7,,,,141.7,161.1,677.0,527.2,No,40.741561,-74.002674,65,843.074,,1183.0227757226987,0.0,1183.0227757226987,False,
2606281,Not Applicable: Standalone Property,90 Fifth Avenue,90 Fifth Avenue,10011,1008160037,2023,1903,1,100,Office,139895.0,,,1072567.1,,2463763.7,,,,43.8,48.8,881.2,528.8,Yes,40.736354,-73.993379,971,1072.5671,,722.0577865751192,0.0,722.0577865751192,False,
2388664,Not Applicable: Standalone Property,(4269) - 54 West 16th St. Apt. Corp. (54 West 16th Street),54 West 16th Street,10011,1008170085,2023,1955,1,100,Multifamily Housing,138635.0,,119.0,631301.2,,6411154.9,,,,61.8,68.3,7080.3,574.7,No,40.738042,-73.994364,730,631.3012,,1878.9238255617734,0.0,1878.9238255617734,False,
2543889,Not Applicable: Standalone Property,GC 40 West 20th Street,40 West 20th Street,10011,1008217501,2023,1923,1,100,Office,130000.0,,,1191809.2,,1935744.4,842489.8,,,52.7,56.6,1050.5,607.5,Yes,40.740246,-73.992324,835,1191.8092,,567.3106218908827,246.9093607475891,814.2199826384717,False,
2563179,Not Applicable: Standalone Property,Forty Four Eighteen Associates / 44 W 18th St,44 West 18th Street,10011,1008190010,2023,1906,1,100,Office,204970.0,,,1632799.4,,3096604.6,,,,42.3,47.7,,770.2,Yes,40.739118,-73.993274,781,1632.7993999999999,,907.5251264454997,0.0,907.5251264454997,False,
2636732,Not Applicable: Standalone Property,132 West 21st Street,132 West 21st Street,10011,1007960058,2023,1910,1,100,College/University,51384.0,,,569020.7,,1749.0,,2273035.1,,82.1,,615.6,705.7,Yes,40.742065,-73.994818,668,569.0206999999999,,0.5125812466186929,666.1607576706949,666.6733389173136,False,
2637231,Not Applicable: Standalone Property,133 W21,133-141 W 21st Street,10011,1007970018,2023,1940,1,100,College/University,115895.0,,,2088890.8,,5547106.6,,,,109.4,120.4,1229.8,1069.5,Yes,40.742082,-73.994807,696,2088.8908,,1625.6962928272035,0.0,1625.6962928272035,False,
2637247,Not Applicable: Standalone Property,136 W21,136 West 21st Street,10011,1007960060,2023,1939,1,100,College/University,77437.0,,,1137963.7,,1129.0,,3163075.2,,91.0,,,660.4,No,40.742101,-73.994901,654,1137.9637,,0.33087720264865883,927.0057342279425,927.3366114305912,False,
2646584,Not Applicable: Standalone Property,3620 Company (BBL) 1008210064 (BIN) 1015484,36 West 20th Street,10011,1008210064,2023,1906,1,100,Office,53540.0,,,238536.8,,5381.0,828165.6,,,30.8,30.7,438.4,150.2,Yes,40.740207,-73.992231,858,238.5368,,1.577015259036699,242.7113525755962,244.2883678346329,False,
2652722,Not Applicable: Standalone Property,96 Fifth Avenue,96 Fifth Avenue,10011,1008160042,2023,1962,1,100,Multifamily Housing,170000.0,,223.0,1183766.4,,687026.0,,14498238.1,,113.1,119.7,6960.6,1567.2,No,40.736592,-73.993202,961,1183.7664,,201.34742340734942,4249.01369872649,4450.361122133839,False,
2653174,Not Applicable: Standalone Property,235 West 22nd Street,235 West 22nd Street,10011,1007720018,2023,1974,1,100,Multifamily Housing,89866.0,,150.0,507148.6,,2564055.0,,,,47.8,51.2,,324.3,Yes,40.743877,-73.99716,588,507.1486,,751.4502620348158,0.0,751.4502620348158,False,
2639187,Not Applicable: Standalone Property,18 West 18th Street,18 West 18th Street,10011,1008190056,2023,1902,1,95,Office,180000.0,,,827039.1,,3211384.2,,,,33.5,35.4,,477.4,Yes,40.738859,-73.99266,872,827.0391,,941.1637030346335,0.0,941.1637030346335,False,
2616221,Not Applicable: Standalone Property,5 West 19th Street,5 West 19th Street,10011,1008210038,2023,1900,1,100,Multifamily Housing,100211.0,,30.0,663467.8,,24070.0,,3593206.0,,58.7,67.3,607.6,517.9,No,40.739337,-73.991946,988,663.4678,,7.054219900578581,1053.0646145441779,1060.1188344447564,False,
2659137,Not Applicable: Standalone Property,247 West 12th St,247 West 12thSt,10011,1006150086,2023,1910,1,100,Multifamily Housing,68294.0,,24.0,480805.2,,1059550.0,,,,39.5,42.5,,234.6,No,,,389,480.8052,,310.5234190136284,0.0,310.5234190136284,False,
2665536,Not Applicable: Standalone Property,Stellar - 119-21 West 23rd Street,119-21 West 23rd Street,10011,1007990028,2023,1967,1,100,Office,98800.0,,,842289.4,,0.0,,4565712.3,,75.3,85.1,3756.0,656.2,Yes,40.743248,-73.993591,868,842.2894,,0.0,1338.0780459898797,1338.0780459898797,False,
2665696,Not Applicable: Standalone Property,Stonehenge - 108 West 15th Street,108 West 15th Street,10011,1007900028,2023,1950,1,100,Multifamily Housing,56408.0,,55.0,453146.7,,1059131.0,,4016313.9,,117.4,131.2,5262.5,526.7,Yes,40.738275,-73.996907,637,453.1467,,310.40062224842933,1177.0652862629984,1487.4659085114276,False,
2665742,Not Applicable: Standalone Property,DEPM 2344 - 300 West 23rd St,300 West 23rd Street,10011,1007467503,2023,1931,1,100,Multifamily Housing,170798.0,,220.0,1182781.7,,1402533.0,9039593.6,,,84.8,95.2,4027.1,1184.1,Yes,40.745466,-73.998917,555,1182.7817,,411.0418030668126,2649.2430854284494,3060.284888495262,False,
2665791,Not Applicable: Standalone Property,Stonehenge - 555 Sixth Ave,555 Sixth Avenue,10011,1007910036,2023,1972,1,100,Multifamily Housing,172746.0,,176.0,1883423.2,,68651.0,,11921337.7,,106.6,118.6,,1599.9,Yes,40.73819,-73.996247,647,1883.4232,,20.119619875140017,3493.798821971653,3513.918441846793,False,
2666655,Not Applicable: Standalone Property,SW - 196-204 7th Ave,196-204 7th Avenue,10011,1007710046,2023,1940,1,100,Multifamily Housing,76450.0,,76.0,401382.8,,3399289.7,,,,62.4,69.7,1096.2,329.5,Yes,40.743106,-73.996377,597,401.3828,,996.2333630898129,0.0,996.2333630898129,False,
2679689,Not Applicable: Standalone Property,DEPM 7512 - 101 West 24th St,101 West 24th Street,10011,1008007504,2023,2008,1,100,Multifamily Housing,351608.0,,204.0,3407743.0,,8270702.0,,,,56.6,61.1,14264.6,1703.5,Yes,40.743756,-73.992739,957,3407.743,,2423.9032255984657,0.0,2423.9032255984657,False,
2679733,Not Applicable: Standalone Property,DEPM 7548 - 151 West 17th St,151 West 17th St,10011,1007937505,2023,2002,1,100,Multifamily Housing,125263.0,,51.0,737969.8,,5274062.7,,,,62.2,69.2,2311.7,553.9,Yes,40.740188,-73.9976,489,737.9698000000001,,1545.6750334540593,0.0,1545.6750334540593,False,
2679751,Not Applicable: Standalone Property,DEPM 7628 - 444 West 19th St,444 West 19th Street,10011,1007167501,2023,2005,1,100,Multifamily Housing,56810.0,,42.0,508312.9,,977606.0,,,,47.7,52.3,1784.6,240.5,Yes,40.744695,-74.004706,395,508.3129,,286.50800582156313,0.0,286.50800582156313,False,
2681134,Not Applicable: Standalone Property,11 W 19th Street,11 W 19th Street,10011,1008210032,2023,1902,1,100,Office,284180.0,914.0,,3872902.9,0.0,1743310.1,,,,52.6,53.8,,1529.3,No,40.739395,-73.992083,940,3872.9029,0.0,510.9137017158138,0.0,510.9137017158138,False,
2669471,Not Applicable: Standalone Property,Halstead - 130 West 19th Street,130 West 19th Street,10011,1007947501,2023,2006,1,100,Multifamily Housing,123900.0,,66.0,777424.8,,1992967.0,,,,37.5,41.0,,394.3,No,40.740874,-73.995634,592,777.4248,,584.0809087077854,0.0,584.0809087077854,False,
2704587,Not Applicable: Standalone Property,Orsid - 37 West 12th St,37 West 12th Street,10011,1005760025,2023,1963,1,100,Multifamily Housing,236489.0,,103.0,1072366.1,0.0,13273669.8,,,,71.6,74.9,7223.9,1102.8,No,40.735217,-73.995847,906,1072.3661000000002,0.0,3890.128195133732,0.0,3890.128195133732,False,
2685991,Not Applicable: Standalone Property,DEPM 2772/2774 - 200 Eleventh Ave,200 Eleventh Avenue,10011,1006957506,2023,2008,1,100,Multifamily Housing,57134.0,,16.0,778755.6,,2935606.9,,,,97.9,104.6,877.9,444.8,No,40.749452,-74.006594,917,778.7556,,860.341363284412,0.0,860.341363284412,False,
2704587,Not Applicable: Standalone Property,Orsid - 37 West 12th St,37 West 12th Street,10011,1005760025,2023,1963,1,100,Multifamily Housing,236489.0,,103.0,1072366.1,0.0,13273669.8,,,,71.6,74.9,7223.9,1102.8,No,40.735217,-73.995847,906,1072.3661000000002,0.0,3890.128195133732,0.0,3890.128195133732,False,
2689469,Not Applicable: Standalone Property,20 West 20th Street,20 West 20th Street,10011,1008210055,2023,1906,1,90,Office,105490.0,,,596030.6,,1433330.8,,2830028.7,,59.7,,0.0,510.3,Yes,40.740048,-73.991855,916,596.0305999999999,,420.067746301297,829.3994505504168,1249.4671968517137,False,
2689487,Not Applicable: Standalone Property,27 West 20th Street,27 West 20th Street,10011,1008220015,2023,1908,1,95,Office,100800.0,,,661856.4,,666.0,,2013560.6,,42.4,,2195.4,397.2,No,40.740136,-73.992021,889,661.8564,,0.19518531174845596,590.1162964495617,590.3114817613101,False,
2731500,Not Applicable: Standalone Property,JC Dwight 55 West 11th St,55 West 11th St,10011,1005750077,2023,1924,1,100,Multifamily Housing,72416.0,,84.0,245272.6,,2789033.1,,,,50.1,56.7,,239.1,No,40.734767,-73.996771,857,245.2726,,817.3848274778718,0.0,817.3848274778718,False,
2719178,Not Applicable: Standalone Property,The Maritime Hotel - Old,363 West 16th Street,10011,1007400001,2023,1969,1,100,Hotel,246340.0,,,,0.0,,,,,,,,,No,40.741802,-74.003244,132,,0.0,,0.0,0.0,False,
2719892,Not Applicable: Standalone Property,Maxwell: 100 W 12th St.,100 West 12th Street,10011,1006070038,2023,1959,1,100,Multifamily Housing,67166.0,,82.0,490467.1,,109632.0,,,,,,2120.8,,Yes,40.736208,-73.998235,721,490.46709999999996,,32.12996411052061,0.0,32.12996411052061,False,
2773932,Not Applicable: Standalone Property,130 5th Avenue,130 5th Avenue,10011,1008200038,2023,1904,1,100,Office,234767.0,,,,,,,,,,,,,Yes,40.738596,-73.991744,982,,,,0.0,0.0,False,
2825201,Not Applicable: Standalone Property,74 5th Avenue,74 Fifth Avenue,10011,1005770042,2023,1910,1,100,Multifamily Housing,98066.0,,36.0,971636.7,,3856763.9,,,,73.1,72.7,8108.1,565.3,No,40.735519,-73.993981,978,971.6366999999999,,1130.3058020445808,0.0,1130.3058020445808,False,
2831044,2831044,FULTON,401 WEST 16TH STREET,10011,1007140031;1007150010;1007160017;1007170019,2023,1965,12,100,Multifamily Housing,932450.0,,944.0,7484849.4,94343574.0,0.0,,,,128.6,140.8,,9040.9,Yes,40.742321,-74.004478,234,7484.8494,27649.369223203492,0.0,0.0,27649.369223203492,False,anchor_nycha_fulton
2954516,Not Applicable: Standalone Property,85 8th Avenue,85 8th Avenue,10011,1007387501,2023,1973,1,100,Multifamily Housing,55797.0,,117.0,,,,,,,,,,,No,40.739958,-74.002385,124,,,,0.0,0.0,False,
2982034,Not Applicable: Standalone Property,Maxwell: 22 West 15th St,22 West 15th Street,10011,1008167501,2023,1989,1,100,Multifamily Housing,162803.0,,134.0,1042203.0,,5711879.2,,,,56.9,62.5,6695.8,690.0,Yes,40.737141,-73.994212,868,1042.203,,1673.986369852134,0.0,1673.986369852134,False,
3177669,Not Applicable: Standalone Property,The Maritime Hotel - 88 9th Avenue,88 9th Avenue,10011,1007400001,2023,1969,1,100,Hotel,117568.0,,,7164996.8,0.0,28946218.5,,,,454.1,454.1,,4195.5,No,40.742367,-74.004341,132,7164.9968,0.0,8483.298321113249,0.0,8483.298321113249,False,
3448547,Not Applicable: Standalone Property,8 West 14th Street,8 West 14th Street,10011,1005770034,2023,1946,1,100,Office,115500.0,,,129849.2,3872786.8,,,,,37.4,41.5,2156.9,305.3,Yes,40.73626,-73.994248,938,129.8492,1135.0016499899477,,0.0,1135.0016499899477,False,
3962142,Not Applicable: Standalone Property,25 West 14th Street,25 West 14th Street,10011,1008160023,2023,1925,1,100,Retail Store,46684.0,,,941434.6,,1069942.0,,,,91.7,95.1,852.8,406.1,No,40.736447,-73.994649,876,941.4345999999999,,313.5690132473971,0.0,313.5690132473971,False,
3540230,Not Applicable: Standalone Property,Orsid - 61 West 9th St,61 West 9th Street,10011,1005730075,2023,1926,1,100,Multifamily Housing,62180.0,,56.0,242385.3,,3159296.3,,,,64.1,74.7,1587.4,257.7,No,40.73393,-73.99847,905,242.3853,,925.8982480799451,0.0,925.8982480799451,False,
4040951,Not Applicable: Standalone Property,Manhattan Chelsea Market,75 Ninth Ave,10011,1007130001,2023,1934,1,85,Office,1192490.0,,,26730778.8,,38763340.8,,,,109.0,113.1,,11975.2,Yes,40.741876,-74.004713,274,26730.7788,,11360.412550239702,0.0,11360.412550239702,False,commercial_chelsea_market
4014030,Not Applicable: Standalone Property,Stonehenge - 364 West 18th Street,364 West 18th Street,10011,1007410067,2023,1938,1,100,Multifamily Housing,67863.0,,64.0,437132.8,,4032369.3,,,,81.4,88.9,2126.0,376.3,Yes,40.742974,-74.002432,194,437.1328,,1181.7706590171217,0.0,1181.7706590171217,False,
4038846,Not Applicable: Standalone Property,Orsid - 15 West 12th Street,15 West 12th Street,10011,1005760049,2023,1959,1,100,Multifamily Housing,84361.0,,80.0,328645.5,,934004.0,3411083.6,,,64.8,75.7,,424.7,No,40.73497,-73.995266,962,328.6455,,273.72952239385114,999.689813612681,1273.4193360065321,False,
4038849,Not Applicable: Standalone Property,Orsid - 61 7th Avenue,61 7th Avenue,10011,1007900001,2023,1963,1,100,Multifamily Housing,412000.0,,352.0,3545874.4,14463948.8,1561807.0,,,,68.3,73.9,16435.1,2358.8,Yes,40.738599,-73.999636,453,3545.8743999999997,4238.964497960519,457.7203996785597,0.0,4696.684897639079,False,
4038850,Not Applicable: Standalone Property,Orsid - 170 West 23rd Street,170 West 23rd Street,10011,1007987502,2023,1973,1,100,Multifamily Housing,206773.0,,120.0,2641989.1,4738771.2,3079300.9,,,,81.4,85.1,6155.7,1458.3,Yes,40.743677,-73.994655,699,2641.9891000000002,1388.7965975624697,902.4539131138154,0.0,2291.250510676285,False,
4039173,Not Applicable: Standalone Property,Century - 10 West 15th Street,10 West 15th Street,10011,1008160031,2023,1964,1,100,Multifamily Housing,372865.0,,386.0,2185866.9,,28909604.7,,,,97.5,101.5,12319.7,2346.4,No,40.736949,-73.993754,922,2185.8669,,8472.567876717909,0.0,8472.567876717909,False,
4040788,Not Applicable: Standalone Property,DEPM 1688 - 166 West 18th Street,166 West 18th Street,10011,1007937508,2023,2008,1,100,Multifamily Housing,86183.0,,40.0,1012111.5,,1041419.0,,,,52.2,53.0,2028.0,430.8,No,40.740597,-73.996788,468,1012.1115,,305.20974801165954,0.0,305.20974801165954,False,
4040952,Not Applicable: Standalone Property,21 Chelsea,120 West 21st Street,10011,1007960048,2023,2000,1,95,Multifamily Housing,174621.0,,209.0,1128854.0,,7179201.2,,,,63.2,70.8,5990.2,800.1,No,40.741964,-73.994572,703,1128.854,,2104.015952442777,0.0,2104.015952442777,False,
4038982,Not Applicable: Standalone Property,AKAM - 32 West 18th Street,32 West 18th Street,10011,1008197503,2023,1908,1,100,Multifamily Housing,80730.0,,21.0,887845.7,,1902954.1,,,,61.1,63.2,1870.5,430.4,Yes,40.738999,-73.992989,829,887.8457,,557.7007346118655,0.0,557.7007346118655,False,
4038980,Not Applicable: Standalone Property,Halstead - 133 West 22nd Street,133 West 22nd Street,10011,1007987506,2023,2008,1,100,Multifamily Housing,129836.0,,99.0,1138261.8,,2235074.7,,,,47.1,50.3,3596.7,541.0,No,40.742694,-73.99436,744,1138.2618,,655.0356638146948,0.0,655.0356638146948,False,
31428966,Not Applicable: Standalone Property,The Sierra Chelsea (sr09),130 W 15th Street,10011,1007907502,2023,2001,1,95,Multifamily Housing,180281.0,,213.0,3879739.2,,10280289.2,,,,130.5,138.6,15869.9,1985.3,Yes,40.738519,-73.997492,587,3879.7392,,3012.8550335830105,0.0,3012.8550335830105,False,
30687928,Not Applicable: Standalone Property,62-66 9th Avenue AKA 366 West 15th Street,62-66 9th Avenue AKA 366 West 15th Street,10011,1007387502,2023,1905,1,50,Multifamily Housing,41302.0,,21.0,638827.6,,11142.0,,,,53.0,53.0,,237.6,No,40.741508,-74.004944,121,638.8276,,3.2653975127647095,0.0,3.2653975127647095,False,
30687951,Not Applicable: Standalone Property,39 West 19th Street,39 West 19th Street,10011,1008210014,2023,1911,1,80,Office,107152.0,,,1759479.1,,1787016.0,2070124.3,,,92.0,98.0,,901.3,No,40.739666,-73.992725,839,1759.4791,,523.7226352244426,606.6934787590903,1130.4161139835328,False,
30687967,Not Applicable: Standalone Property,154 West 14th Street,154 West 14th Street,10011,1006090007,2023,1912,1,75,Office,140044.0,,,772373.0,,3580.0,2677682.8,,,38.0,42.9,2709.0,485.4,Yes,40.737992,-73.998369,470,772.373,,1.0491943184076162,784.7512794016193,785.800473720027,False,
31978251,Not Applicable: Standalone Property,234 West 21st Street,234 West 21st Street,10011,1007700059,2023,1913,1,100,Multifamily Housing,32718.0,,36.0,111969.0,,52454.0,1237211.4,,,51.1,55.7,939.8,136.1,No,40.743328,-73.997828,468,111.969,,15.372748261942206,362.5908300416571,377.9635783035993,False,
31978308,Not Applicable: Standalone Property,445 West 19th Street,445 West 19th Street,10011,1007177501,2023,1989,1,100,Multifamily Housing,54355.0,,71.0,310621.0,,2550309.0,,,,66.4,72.4,2007.8,250.7,No,40.744709,-74.004695,430,310.621,,747.4217075373768,0.0,747.4217075373768,False,
31999717,Not Applicable: Standalone Property,110 West 14th Street,110 West 14th Street,10011,1006090033,2023,1920,1,100,Multifamily Housing,26500.0,,8.0,250541.1,,62035.0,729205.8,,,62.1,69.6,1028.6,150.4,No,40.737619,-73.997474,641,250.5411,,18.180661883356557,213.70910120387722,231.88976308723377,False,
31428966,Not Applicable: Standalone Property,The Sierra Chelsea (sr09),130 W 15th Street,10011,1007907502,2023,2001,1,95,Multifamily Housing,180281.0,,213.0,3879739.7,,10288602.2,,,,130.5,138.0,15869.9,2106.7,No,40.738519,-73.997492,587,3879.7397,,3015.291333127402,0.0,3015.291333127402,False,
30731787,Not Applicable: Standalone Property,523 West 24 Street,523 West 24 Street,10011,1006960020,2023,1930,1,90,Office,27066.0,,,367599.4,,969126.0,,,,82.1,85.1,,187.8,Yes,40.748845,-74.004829,855,367.5994,,284.0227634137149,0.0,284.0227634137149,False,
33030547,Not Applicable: Standalone Property,MMS #1981,500 W 17th Street,10011,1006887501,2023,1956,1,90,Self-Storage Facility,695866.0,,,1229124.0,,,,,,6.0,6.0,,456.0,No,40.744206,-74.007174,482,1229.124,,,0.0,0.0,False,
33030550,Not Applicable: Standalone Property,MMS #1992,510-520 W 21st Street,10011,1006920041,2023,1928,1,90,Self-Storage Facility,124385.0,,,257939.9,,,,,,7.1,,27.3,95.7,Yes,40.746767,-74.005991,630,257.93989999999997,,,0.0,0.0,False,
33030551,Not Applicable: Standalone Property,MMS #1982,524 W 23rd Street,10011,1006940047,2023,1931,1,90,Self-Storage Facility,141934.0,,,280057.0,,3686686.6,,,,32.7,38.9,98.5,299.7,Yes,40.748159,-74.005305,765,280.057,,1080.4610710808636,0.0,1080.4610710808636,False,
33561235,Not Applicable: Standalone Property,291 7th Ave Condo : 31 WEST 11 STREET,31 WEST 11 STREET,10011,1005757502,2023,1950,1,100,Multifamily Housing,32529.0,,6.0,179417.0,,,,,,18.8,18.8,,66.6,Yes,40.734537,-73.996218,942,179.417,,,0.0,0.0,False,
33165099,Not Applicable: Standalone Property,421 West 21st Street,421 West 21st Street,10011,1007190029,2023,1989,1,100,Multifamily Housing,26800.0,,36.0,175826.6,,2027766.1,,,,98.0,112.2,976.7,172.9,No,40.745565,-74.003093,498,175.8266,,594.2795170892654,0.0,594.2795170892654,False,
33191245,Not Applicable: Standalone Property,14 West 17th Street,14 West 17th Street,10011,1008180059,2023,1906,1,100,Multifamily Housing,50672.0,,19.0,161658.7,,1680138.0,,,,44.0,51.9,641.1,149.2,No,40.738231,-73.992996,901,161.6587,,492.39978875439533,0.0,492.39978875439533,False,
33193046,Not Applicable: Standalone Property,45 West 11th Street,45 West 11th Street,10011,1005750072,2023,1846,1,100,Multifamily Housing,27308.0,,34.0,109476.4,,1597465.0,,,,72.2,79.8,,125.5,No,40.734671,-73.99654,896,109.4764,,468.17072677514597,0.0,468.17072677514597,False,
33196960,Not Applicable: Standalone Property,229 West 16th Street,229 West 16th Street,10011,1007660023,2023,1910,1,100,Multifamily Housing,31715.0,,53.0,164293.5,,10930.0,,,,18.0,17.9,,61.5,No,40.740309,-73.9997,294,164.2935,,3.203266452568504,0.0,3.203266452568504,False,
33214016,Not Applicable: Standalone Property,30-34 West 13th Street,30-34 West 13th Street,10011,1005760022,2023,1900,1,100,Multifamily Housing,60692.0,,29.0,432850.5,,2864400.3,,,,71.5,79.6,,312.7,No,40.735785,-73.995266,868,432.8505,,839.472771062869,0.0,839.472771062869,False,
33546101,Not Applicable: Standalone Property,"Halstead - 58-60 West 15th St, NY, NY 10011",58-60 West 15th Street,10011,1008160074,2023,1920,1,100,Multifamily Housing,31496.0,,37.8,12000.0,,,,,,1.3,1.3,741.3,4.5,No,40.737781,-73.995742,742,12.0,,,0.0,0.0,False,
33807463,Not Applicable: Standalone Property,Lovett - 305 West 18th Street,305 West 18th Street,10011,1007427501,2023,1950,1,100,Multifamily Housing,52698.0,,60.0,181202.8,,2535696.0,,,,59.8,62.4,1595.6,201.9,No,40.742475,-74.001205,228,181.2028,,743.1390604494186,0.0,743.1390604494186,False,
33881135,Not Applicable: Standalone Property,146 West 22nd Street,146 West 22nd Street,10011,1007977505,2023,2003,1,100,Multifamily Housing,40729.0,,12.0,240545.1,,1197152.0,,,,49.5,49.9,942.0,152.8,No,40.742801,-73.994655,691,240.54510000000002,,350.85058007550685,0.0,350.85058007550685,False,
33910474,Not Applicable: Standalone Property,HRA_4365_Office HASA Services and FIA JC/SNAP,8-12 West 14th St,10011,1005770034,2023,1946,1,100,Office,120025.0,,,564620.2,1203922.2,,,,,26.1,27.9,2156.9,289.4,Yes,40.73626,-73.994248,938,564.6202,352.83472962145186,,0.0,352.83472962145186,False,
33922007,Not Applicable: Standalone Property,AKAM - 270 West 17th Street,270 West 17th Street,10011,1007667502,2023,1989,1,100,Multifamily Housing,172584.0,,157.0,2049128.0,,5453124.3,,,,72.1,76.3,10739.0,1049.8,No,40.741242,-74.000137,187,2049.128,,1598.1528025504215,0.0,1598.1528025504215,False,
33935158,33935158,GTS - 440 West 21 Street/175 9th Ave,440 West 21 Street,10011,1007180001,2023,1931,2,90,Multifamily Housing,133885.0,,76.0,556119.6,,9752904.1,,,,87.0,103.2,,724.3,No,40.745722,-74.003511,463,556.1196,,2858.293734551493,0.0,2858.293734551493,False,
33935159,33935158,GTS - 440 West 21 Street,440 West 21 Street,10011,1007180001,2023,1931,1,90,Multifamily Housing,66942.0,,38.0,,,,,,,,,,0.0,Not Available,40.745722,-74.003511,463,,,,0.0,0.0,True,
33935160,33935158,GTS - 175 9th Ave,175 9th Ave,10011,1007180001,2023,1931,1,90,Multifamily Housing,66943.0,,38.0,,,,,,,,,,0.0,Not Available,40.74486,-74.00253,463,,,,0.0,0.0,True,
33951717,2831044,FULTON - Bldgs 1-4,401 WEST 16TH STREET,10011,1007140031,2023,1965,1,100,Multifamily Housing,322060.0,,386.47,2609636.5,94343574.0,,,,,320.6,357.9,,7232.4,Yes,40.742321,-74.004478,234,2609.6365,27649.369223203492,,0.0,27649.369223203492,True,
33951718,2831044,"FULTON - Bldgs 5-7, 12",427 WEST 17TH STREET,10011,1007150010,2023,1965,1,100,Multifamily Housing,286330.0,,343.6,,,,,,,,,,0.0,Not Available,40.743361,-74.005128,274,,,,0.0,0.0,True,
33951720,2831044,FULTON - Bldgs 8-10,401 WEST 18TH STREET,10011,1007160017,2023,1965,1,100,Multifamily Housing,277210.0,,332.65,1929452.4,,,,,,23.7,23.7,,715.8,No,40.743474,-74.003576,305,1929.4524,,,0.0,0.0,True,
33951721,2831044,FULTON - Bldg 11,401 WEST 19TH STREET,10011,1007170019,2023,1965,1,100,Multifamily Housing,46850.0,,56.22,390679.3,,,,,,28.5,28.5,,144.9,No,40.744064,-74.003165,353,390.6793,,,0.0,0.0,True,
33978983,Not Applicable: Standalone Property,641 Avenue of the Americas,635-641 Avenue of the Americas,10011,1007950044,2023,1902,1,65,Office,173891.0,,,2078689.6,2098574.3,,,,,52.9,57.0,678.5,910.5,No,40.740581,-73.994504,715,2078.6896,615.0313498090056,,0.0,615.0313498090056,False,
35478994,Not Applicable: Standalone Property,Copy of Orsid - 101 West 12 Street,101 West 12 Street,10011,1006080039,2023,1961,1,100,Multifamily Housing,357196.0,,438.0,1503572.9,,23161924.7,,,,79.2,82.2,,1788.0,No,40.736222,-73.998228,699,1503.5729,,6788.089329224868,0.0,6788.089329224868,False,
35496319,Not Applicable: Standalone Property,Copy of DEPM 1688 - 166 West 18th Street,166 West 18th Street,10011,1007937508,2023,2008,1,100,Multifamily Housing,86183.0,,40.0,1012111.5,,1041419.0,,,,52.2,54.1,2028.0,430.8,No,40.740597,-73.996788,468,1012.1115,,305.20974801165954,0.0,305.20974801165954,False,
35496374,Not Applicable: Standalone Property,Copy of DEPM 2344 - 300 West 23rd St,300 West 23rd Street,10011,1007467503,2023,1931,1,100,Multifamily Housing,170798.0,,220.0,1182781.9,,1402533.0,9039593.6,,,84.8,95.2,4027.1,1184.1,Yes,40.745466,-73.998917,555,1182.7819,,411.0418030668126,2649.2430854284494,3060.284888495262,False,
35497313,Not Applicable: Standalone Property,Copy of Stonehenge - 108 West 15th Street,108 West 15th Street,10011,1007900028,2023,1950,1,100,Multifamily Housing,56408.0,,55.0,453146.7,,1059137.0,,4016313.9,,117.4,132.5,5262.5,526.7,Yes,40.738275,-73.996907,637,453.1467,,310.4023806746613,1177.0652862629984,1487.4676669376597,False,
35497547,Not Applicable: Standalone Property,Copy of Stonehenge - 364 West 18th Street,364 West 18th Street,10011,1007410067,2023,1938,1,100,Multifamily Housing,67863.0,,64.0,416318.8,,4024053.3,,,,80.2,86.7,2126.0,368.2,Yes,40.742974,-74.002432,194,416.3188,,1179.3334802596141,0.0,1179.3334802596141,False,
35497555,Not Applicable: Standalone Property,Copy of Stonehenge - 555 Sixth Ave,555 Sixth Avenue,10011,1007910036,2023,1972,1,100,Multifamily Housing,172746.0,,176.0,1600290.7,,67079.0,,11921337.7,,101.0,113.8,,1494.8,Yes,40.73819,-73.996247,647,1600.2907,,19.65891220236438,3493.798821971653,3513.4577341740173,False,
34705250,Not Applicable: Standalone Property,EK 17 Street LLC,230 West 17th Street,10011,1007660061,2023,1945,1,100,Medical Office,53168.0,,,596964.6,,,1338600.0,,,63.5,64.8,1240.3,320.8,No,40.740899,-73.999325,289,596.9646,,,392.3048923520768,392.3048923520768,False,
15745503,Not Applicable: Standalone Property,Mackedge: 136 W 23rd St,136 W 23rd St,10011,1007987503,2023,1950,1,100,Multifamily Housing,37614.0,,20.0,225717.2,,49251.0,308733.6,,,30.0,30.2,1789.0,109.3,Yes,40.743388,-73.993966,773,225.71720000000002,,14.434041725109918,90.48087682165631,104.91491854676623,False,
15572752,Not Applicable: Standalone Property,455 West 19th Street,455 West 19th Street,10011,1007177505,2023,2019,1,100,Multifamily Housing,36431.0,,10.0,276803.6,,505889.0,,,,39.8,41.8,,129.6,Yes,40.744783,-74.004876,453,276.80359999999996,,148.2614146773493,0.0,148.2614146773493,False,
15568360,Not Applicable: Standalone Property,AKAM - 223-231 West 21st Street,231 West 21st Street,10011,1007710023,2023,1899,2,100,Multifamily Housing,46620.0,,63.0,145666.5,,104756.0,,,,,,,,Yes,40.743325,-73.997773,520,145.6665,,30.700949726007888,0.0,30.700949726007888,False,
16754526,Not Applicable: Standalone Property,Buchbinder: 137 W 12th St,137 W 12th St,10011,1006080060,2023,1900,1,100,Multifamily Housing,55854.0,,100.0,232650.9,,2175279.0,,,,53.2,58.2,,201.8,No,40.736529,-73.998957,609,232.6509,,637.5112759082125,0.0,637.5112759082125,False,
16756678,Not Applicable: Standalone Property,54 WEST 13 STREET,54 WEST 13 STREET,10011,1005760014,2023,2011,1,75,Hotel,46020.0,,,1059288.6,,856408.0,,,,97.1,96.1,4694.8,438.5,No,40.736024,-73.995829,801,1059.2886,,250.9883820778854,0.0,250.9883820778854,False,
17978911,Not Applicable: Standalone Property,Clinton - 533 West 24th Street,533 West 24th Street,10011,1006960013,2023,1926,1,100,Museum,32508.0,,,174759.1,,552888.0,,,,35.4,40.4,515.6,94.2,No,40.748922,-74.005006,893,174.75910000000002,,162.03546042339389,0.0,162.03546042339389,False,
16880240,16880240,Center for Jewish History,15 West 16th St,10011,1008180027;1008180061;1008180063;1008180064,2023,1963,4,100,Other,135725.0,,,1682541.4,,1382158.0,,,,52.5,52.7,,697.6,No,40.737677,-73.993454,868,1682.5413999999998,,405.0704806540877,0.0,405.0704806540877,False,
19461628,Not Applicable: Standalone Property,Sandberg: 229 West 16 St,229 WEST 16 STREET,10011,1007660023,2023,1950,1,100,Multifamily Housing,33935.0,,51.0,164276.8,,10705.0,,,,16.8,16.8,,61.5,No,40.740309,-73.9997,294,164.27679999999998,,3.1373254688697014,0.0,3.1373254688697014,False,
19398456,Not Applicable: Standalone Property,124 West 16th Street,124 West 16th Street,10011,1007917502,2023,1920,1,100,Multifamily Housing,55517.0,,15.0,395885.9,,962167.0,,,,41.7,46.8,,198.0,Yes,40.739063,-73.996792,567,395.88590000000005,,281.9832820556706,0.0,281.9832820556706,False,
19398467,Not Applicable: Standalone Property,135 West 16th Street,135 West 16th Street,10011,1007927501,2023,1918,1,100,Multifamily Housing,39792.0,,48.0,187482.2,,1745651.8,,,,59.9,69.6,104.6,162.3,No,40.739164,-73.996987,536,187.4822,,511.599986167047,0.0,511.599986167047,False,
19501617,Not Applicable: Standalone Property,556 West 22 Street,556 West 22 Street,10011,1006930064,2023,1920,1,100,K-12 School,29600.0,,,467959.9,,636353.0,,,,75.4,78.2,,207.4,No,40.747733,-74.006374,805,467.9599,,186.49663466526306,0.0,186.49663466526306,False,
20313612,Not Applicable: Standalone Property,CFA - 40 West 15th Street,40 West 15th Street,10011,1008160063,2023,1903,1,100,Multifamily Housing,31500.0,,13.0,117770.3,,37814.0,921122.4,,,43.2,49.6,691.6,114.1,No,40.73743,-73.994898,815,117.7703,,11.08218825594011,269.95429850223115,281.03648675817124,False,
20268005,Not Applicable: Standalone Property,210 West 16th Street,210 West 16th Street,10011,1007650047,2023,1925,1,100,Multifamily Housing,33547.0,,52.0,166606.6,,622875.0,1171344.0,,,70.4,71.3,1297.9,181.8,Yes,40.740139,-73.999347,352,166.60660000000001,,182.54662320618544,343.28700270973485,525.8336259159203,False,
20405636,Not Applicable: Standalone Property,421 West 21st Street,421 West 21st Street,10011,1007190029,2023,1950,1,95,Multifamily Housing,26800.0,,36.0,644392.8,,3771806.0,,,,222.8,254.0,976.7,439.4,Yes,40.745565,-74.003093,498,644.3928000000001,,1105.4071020490942,0.0,1105.4071020490942,False,
19906892,Not Applicable: Standalone Property,363 West 16th Street,363 West 16th Street,10011,1007400001,2023,1969,1,100,Hotel,110286.0,,,4801591.1,0.0,28946218.5,,,,411.0,412.4,,3318.7,No,40.741802,-74.003244,132,4801.5911,0.0,8483.298321113249,0.0,8483.298321113249,False,
20466157,Not Applicable: Standalone Property,Century - 456 West 19th Street,456 West 19th Street,10011,1007167505,2023,2008,1,100,Multifamily Housing,56876.0,,24.0,632005.2,,3239684.1,,,,94.9,102.2,1513.3,406.5,Yes,40.744786,-74.004923,453,632.0052,,949.4575841216457,0.0,949.4575841216457,False,
20586441,Not Applicable: Standalone Property,Orsid - 101 West 12 Street,101 West 12 Street,10011,1006080039,2023,1961,1,100,Multifamily Housing,357196.0,,438.0,1503572.9,,23048015.8,,,,78.9,79.0,,1782.0,No,40.736222,-73.998228,699,1503.5729,,6754.705929589098,0.0,6754.705929589098,False,
20420240,Not Applicable: Standalone Property,532 West 20th Street,532 West 20th Street,10011,1006917503,2023,2021,1,65,Multifamily Housing,32049.0,,9.0,222970.4,,556135.0,,,,41.1,44.8,,112.3,No,40.746303,-74.006709,639,222.97039999999998,,162.98706208592728,0.0,162.98706208592728,False,
20583447,Not Applicable: Standalone Property,34 West 17th Street,34 West 17th Street,10011,1008187502,2023,1910,1,100,Multifamily Housing,28029.0,,9.0,196082.7,,312511.0,,,,35.0,36.7,,89.3,No,40.738429,-73.993465,829,196.08270000000002,,91.58792336309568,0.0,91.58792336309568,False,
20507440,Not Applicable: Standalone Property,132 WEST 14 STREET,132 W 14th St,10011,1006090020,2023,1912,1,100,Office,47196.0,,,234494.3,,110759.0,,,,19.3,19.3,,92.9,No,40.737806,-73.997922,552,234.49429999999998,,32.460255171091944,0.0,32.460255171091944,False,
20965431,Not Applicable: Standalone Property,Lalezarian Properties LLC : 155 WEST 21 STREET,155 WEST 21 STREET,10011,1007970007,2023,1950,1,100,Multifamily Housing,137134.0,,110.0,622999.9,,1116600.0,,,,23.6,23.4,,290.4,Yes,40.742269,-73.995255,646,622.9999,,327.24312176925815,0.0,327.24312176925815,False,
20662111,Not Applicable: Standalone Property,DEPM 1824 - 13 West 13th Street,13 West 13th Street,10011,1005770030,2023,1962,1,100,Multifamily Housing,102400.0,,83.0,553949.4,,3104788.0,,,,48.8,53.6,,370.4,Yes,40.73564,-73.994872,905,553.9494,,909.9234439832809,0.0,909.9234439832809,False,
20662115,Not Applicable: Standalone Property,DEPM 1596 - 155 West 11th Street,155 West 11th Street,10011,1006077503,2023,2013,10,100,Multifamily Housing,712101.0,,199.0,7159395.3,39102841.6,500058.1,,,,89.9,95.2,,5278.8,Yes,40.736016,-73.999733,599,7159.3953,11459.91040232206,146.55254675801888,0.0,11606.46294908008,False,
20662117,Not Applicable: Standalone Property,DEPM 1658 - 130 West 12th Street,130 West 12th Street,10011,1006077502,2023,1941,1,100,Multifamily Housing,105000.0,,42.0,721650.8,,8835092.5,,,,107.6,107.3,2274.1,737.0,No,40.736464,-73.998845,671,721.6508,,2589.3097356440617,0.0,2589.3097356440617,False,
20652431,Not Applicable: Standalone Property,22 West 19th Street,22 West 19th Street,10011,1008200026,2023,1901,1,70,Office,191400.0,,,1004714.0,,135.0,,,,17.9,17.7,1308.5,372.7,No,40.73948,-73.992332,896,1004.714,,0.03956459021928162,0.0,0.03956459021928162,False,
20652468,Not Applicable: Standalone Property,111 West 19th Street,111 West 19th Street,10011,1007950028,2023,1901,1,95,Office,165513.0,,,2550504.7,,5303.0,,1898408.9,,64.1,64.2,,1089.4,No,40.740715,-73.995219,676,2550.5047000000004,,1.554155718021114,556.368668126942,557.9228238449631,False,
20652469,Not Applicable: Standalone Property,119 West 24th Street,119 West 24th Street,10011,1008000025,2023,1913,1,95,Office,130876.0,,,1836397.6,,1995.0,2346165.6,,,65.8,65.8,,855.5,Yes,40.74391,-73.993104,900,1836.3976,,0.5846767221293838,687.5931892635184,688.1778659856478,False,
20800809,Not Applicable: Standalone Property,Pier 57,Pier 57 (25 11th Avenue),10011,1006620003,2023,2000,1,100,Office,630695.0,,,11473314.4,,22481819.0,,,,97.8,,72.4,5452.4,No,40.743449,-74.0093,669,11473.314400000001,,6588.770045326367,0.0,6588.770045326367,False,
20662119,Not Applicable: Standalone Property,AKAM - 514 West 24th Street,514 West 24th Street,10011,1006957511,2023,2016,1,100,Multifamily Housing,65817.0,,14.0,403603.9,,1189528.0,,,,39.0,40.0,,212.9,Yes,40.748771,-74.004695,815,403.6039,,348.6162064767527,0.0,348.6162064767527,False,
21294034,Not Applicable: Standalone Property,AKAM - 148 West 23rd Street,148 West 23rd Street,10011,1007980071,2023,1910,1,100,Multifamily Housing,127000.0,,107.0,663988.7,,3862637.2,,,,48.3,52.9,4645.4,451.5,No,40.74349,-73.994211,740,663.9887,,1132.0270961759506,0.0,1132.0270961759506,False,
21294053,Not Applicable: Standalone Property,AKAM - 101 West 14th Street,101 West 14th Street,10011,1007907505,2023,1953,1,100,Multifamily Housing,82685.0,,44.0,734578.3,,427177.0,,,,35.5,38.5,,295.2,Yes,40.737682,-73.996828,665,734.5783,,125.19320708223749,0.0,125.19320708223749,False,
21294063,Not Applicable: Standalone Property,AKAM - 257 West 17th Street,257 West 17th Street,10011,1007677502,2023,1907,1,100,Multifamily Housing,95919.0,,31.0,505573.3,,3342933.0,,,,52.8,58.2,1891.8,365.1,No,40.741135,-73.999845,244,505.57329999999996,,979.716846485287,0.0,979.716846485287,False,
21309636,Not Applicable: Standalone Property,The Church of the Village,42 7 Avenue,10011,1006180040,2023,1931,1,100,Worship Facility,27200.0,,,448604.5,0.0,213400.0,,,,64.1,64.1,992.8,177.8,Yes,40.737973,-74.000119,429,448.6045,0.0,62.54135965033109,0.0,62.54135965033109,False,
21355392,Not Applicable: Standalone Property,NYPD_4434_10th Precinct,230 West 20th St,10011,1007690055,2023,1920,1,100,Police Station,20110.0,,,210987.0,,54822.0,980433.4,,,87.3,,,153.9,No,40.742697,-73.998145,411,210.987,,16.06674048149227,287.3366348762742,303.4033753577665,False,
21355487,Not Applicable: Standalone Property,NYPL_4611_Jefferson Market Branch Library,425 6th Ave,10011,1006060001,2023,1877,1,100,Library,18643.0,,,269225.0,,952919.0,,,,100.4,115.4,288.0,150.5,No,40.734323,-73.999065,828,269.225,,279.2729610901305,0.0,279.2729610901305,False,
21355488,Not Applicable: Standalone Property,NYPL_4617_Muhlenberg Branch Library,209 West 23rd St,10011,1007730038,2023,1906,1,100,Library,12953.0,,,120067.0,,0.0,,,,31.6,,11.5,44.5,No,40.744355,-73.996229,706,120.067,,0.0,0.0,0.0,False,
22883381,Not Applicable: Standalone Property,Hotel Chelsea : 222 WEST 23 STREET,222 WEST 23 STREET,10011,1007720064,2023,1950,1,100,Hotel,182703.0,,,2616470.3,,7841190.1,,,,91.8,94.0,9331.9,1387.1,Yes,40.744459,-73.996521,625,2616.4703,,2298.025726948058,0.0,2298.025726948058,False,
21815773,Not Applicable: Standalone Property,249-257 West 24th Street,249-257 West 24th Street,10011,1007740008,2023,1920,1,100,Residential Care Facility,59250.0,,,46535.2,,71559.0,1158013.3,,,23.4,28.9,63.6,107.0,No,40.745373,-73.996597,712,46.535199999999996,,20.971870455567206,339.3801606146521,360.3520310702193,False,
21968031,Not Applicable: Standalone Property,615 AVENUE OF THE AMER,615 AVENUE OF THE AMER,10011,1007940030,2023,1904,1,100,Retail Store,134235.0,,7.0,1377008.5,,3683858.1,,,,62.4,68.6,,706.5,No,40.739952,-73.994962,685,1377.0085,,1079.63211964801,0.0,1079.63211964801,False,
22739867,Not Applicable: Standalone Property,WEST 23RD STREET OWNERS CORP,410 west 23rd Street,10011,1007200049,2023,1920,1,90,Multifamily Housing,36575.0,,20.0,435007.9,,3651017.0,,,,140.4,161.5,0.0,355.3,No,40.746751,-74.00196,576,435.0079,,1070.007344360229,0.0,1070.007344360229,False,
22009016,Not Applicable: Standalone Property,209 8th Ave,209 8th Ave,10011,1007440043,2023,1930,1,95,Multifamily Housing,25924.0,,35.0,269545.2,,2672854.0,,,,177.1,,2984.0,316.1,No,40.743787,-73.999589,410,269.5452,,783.3360979701314,0.0,783.3360979701314,False,
22009022,Not Applicable: Standalone Property,237 8th Ave,237 8th Ave,10011,1007460038,2023,1910,1,95,Multifamily Housing,38802.0,,44.0,173462.7,,30412.0,,,,54.2,,,175.9,Yes,40.744733,-73.998907,524,173.4627,,8.912876427768833,0.0,8.912876427768833,False,
21715481,Not Applicable: Standalone Property,Claret Commons Condo - 136-140 West 23rd St,136-140 West 23rd St,10011,1007987503,2023,1950,1,90,Multifamily Housing,35154.0,,20.0,225717.2,,49251.0,308733.6,,,32.1,32.4,1789.0,109.3,Yes,40.743388,-73.993966,773,225.71720000000002,,14.434041725109918,90.48087682165631,104.91491854676623,False,
24231233,Not Applicable: Standalone Property,NYC-Chelsea NY HYP,140 West 24th St,10011,1007990063,2023,1980,1,80,Hotel,172767.0,,,2376330.8,,181283.9,,,,48.0,47.7,10091.7,891.2,No,40.74408,-73.993558,812,2376.3307999999997,,53.129060865579454,0.0,53.129060865579454,False,
24896805,Not Applicable: Standalone Property,163 West 17th Street AKA 119 7th Avenue,163 West 17th Street AKA 119 7th Avenue,10011,1007930001,2023,1950,1,100,Multifamily Housing,53123.0,,55.0,735949.7,0.0,2723025.0,,1841979.8,,133.2,133.8,3934.0,556.3,Yes,40.740281,-73.997817,462,735.9497,0.0,798.0397650508098,539.8309331792171,1337.8706982300268,False,
24896820,Not Applicable: Standalone Property,415 West 24th Street,415 West 24th Street,10011,1007220026,2023,1926,1,100,Multifamily Housing,42204.0,,65.0,167914.6,,85346.0,,3302228.1,,93.8,106.6,1481.4,315.4,No,40.747456,-74.001552,717,167.9146,,25.012440865591174,967.7874191636809,992.799860029272,False,
24896821,Not Applicable: Standalone Property,434 Sixth Avenue,434 Sixth Avenue,10011,1005730006,2023,1915,1,100,Other - Education,28920.0,,,590932.8,,963627.0,,,,103.0,102.3,1135.5,270.4,No,40.734583,-73.998849,856,590.9328,,282.4111657721162,0.0,282.4111657721162,False,
25112004,Not Applicable: Standalone Property,177 Eighth Avenue,177 Eighth Avenue,10011,1007430038,2023,1925,1,100,Multifamily Housing,77712.0,,100.0,493446.8,,115228.0,4374724.1,,,79.4,86.9,3319.9,513.8,Yes,40.74293,-74.00022,302,493.4468,,33.7699896428695,1282.1049358438188,1315.8749254866882,False,
23380325,Not Applicable: Standalone Property,OLD WARREN ROAD HOUSE INC,141 WEST 17 STREET,10011,1007930014,2023,1918,1,100,Multifamily Housing,32862.0,,13.0,117186.7,,25192.0,1408359.1,,,55.8,60.0,0.0,149.3,No,40.739938,-73.997008,532,117.1867,,7.38304560595661,412.74926424515746,420.1323098511141,False,
25464593,Not Applicable: Standalone Property,Sandberg Management : 14 WEST 17 STREET,14 WEST 17 STREET,10011,1008180059,2023,1950,1,100,Multifamily Housing,54220.0,,18.0,273982.0,,1685310.0,,,,48.3,55.4,641.1,191.2,Yes,40.738231,-73.992996,901,273.982,,493.91555216635186,0.0,493.91555216635186,False,
25745721,Not Applicable: Standalone Property,135 West 23rd Street,135 West 23rd Street,10011,1007990021,2023,1973,1,100,Residential Care Facility,159606.0,,,1488511.1,,8078780.8,,,,82.4,87.1,10266.3,981.3,No,40.743386,-73.993916,809,1488.5111000000002,,2367.656680173334,0.0,2367.656680173334,False,
25727216,Not Applicable: Standalone Property,77 West 15th Street,77 West 15th Street,10011,1008170001,2023,1973,1,100,Multifamily Housing,91875.0,,108.0,549048.5,,2989427.2,,,,52.9,52.9,3831.4,362.5,Yes,40.737935,-73.996063,717,549.0485,,876.1145345064773,0.0,876.1145345064773,False,
25750647,Not Applicable: Standalone Property,450 Sixth,450 Sixth Avenue,10011,1005740005,2023,1902,1,100,Multifamily Housing,41296.0,,31.0,354760.6,,1415781.0,,,,63.6,68.9,45.9,206.8,No,40.73513,-73.998452,826,354.76059999999995,,414.9244081869981,0.0,414.9244081869981,False,
26533122,Not Applicable: Standalone Property,AKAM - 206 West 17th Street,206 West 17th Street,10011,1007667503,2023,1910,1,100,Multifamily Housing,69860.0,,11.0,725355.0,,191610.0,,,,38.2,38.5,,279.3,Yes,40.740693,-73.998838,388,725.355,,56.15534171790037,0.0,56.15534171790037,False,
26533123,Not Applicable: Standalone Property,AKAM - 121 West 19th Street,121 West 19th Street,10011,1007957501,2023,1903,1,100,Multifamily Housing,132282.0,,67.0,1472563.4,,3906793.1,,,,67.5,72.8,3348.3,753.8,No,40.740803,-73.995421,640,1472.5634,,1144.9679116519771,0.0,1144.9679116519771,False,
26634247,Not Applicable: Standalone Property,KINSEY EQUITIES LLC : 109 West 24 Street,109 West 24 Street,10011,1008000033,2023,1950,1,100,Office,45657.0,,2.0,145671.9,,0.0,,,,10.9,12.6,,54.0,Yes,40.743825,-73.992901,931,145.6719,,0.0,0.0,0.0,False,
28620949,Not Applicable: Standalone Property,Andrews Building Corp : 500 WEST 22 STREET,500 WEST 22 STREET,10011,1006937505,2023,1950,2,100,Multifamily Housing,40810.0,,24.0,231718.4,,795160.0,,,,38.9,41.1,,128.2,Yes,40.74705,-74.004742,647,231.7184,,233.03836710195532,0.0,233.03836710195532,False,
28621235,Not Applicable: Standalone Property,MIDWOOD MANAGEMENT CORP : 56 7 Avenue,56 7 Avenue,10011,1006180033,2023,1950,1,100,Multifamily Housing,152158.0,,182.59,,,,,,,,,,0.0,Not Available,40.738308,-73.999874,417,,,,0.0,0.0,False,
28482620,Not Applicable: Standalone Property,NPMG - 232 7th Ave,232 7th Ave,10011,1007730044,2023,2015,1,100,Multifamily Housing,51584.0,,49.0,3114145.2,,6253577.1,,,,327.2,327.2,,1487.4,Yes,40.744434,-73.99541,734,3114.1452000000004,,1832.7423360458035,0.0,1832.7423360458035,False,
28242206,Not Applicable: Standalone Property,455 West 19th Street,455 West 19th Street,10011,1007177505,2023,1900,1,90,Multifamily Housing,36431.0,,10.0,276814.7,,505889.0,,,,39.8,41.8,,129.6,No,40.744783,-74.004876,453,276.8147,,148.2614146773493,0.0,148.2614146773493,False,
28444237,Not Applicable: Standalone Property,204 West 23rd Street,204 West 23rd Street,10011,1007720047,2023,1920,1,80,Hotel,49750.0,,,617599.0,,2098384.1,,,,84.5,87.7,7818.6,340.6,No,40.744305,-73.996157,666,617.599,,614.9756076974522,0.0,614.9756076974522,False,
4052447,4052447,Sheila C Johnson Center,2 West 13th Street,10011,1005760036;1005760042; 1005760041,2023,1913,3,100,College/University,196016.0,,,854701.7,,172329.0,7041353.7,,,51.7,58.1,1639.2,848.8,Yes,40.735511,-73.994605,972,854.7017,,50.50463902147097,2063.6168424409066,2114.1214814623777,False,
4052575,Not Applicable: Standalone Property,Johnson/Kaplan Building,66 W.12th Street,10011,1005750017,2023,1931,1,100,College/University,120467.0,,,1046184.9,,341365.0,5329504.7,,,76.7,89.3,6350.7,801.7,No,40.735744,-73.997139,829,1046.1849,,100.04419511263013,1561.9234779795215,1661.9676730921517,False,
4045044,Not Applicable: Standalone Property,140 5th Avenue,140 5th Avenue,10011,1008207501,2023,1901,1,100,Multifamily Housing,55025.0,,66.0,,,,,,,,,2384.0,,Yes,40.739005,-73.991448,988,,,,0.0,0.0,False,
4335590,Not Applicable: Standalone Property,401 West 22nd Street,401 West 22nd Street,10011,1007200045,2023,1999,1,100,Multifamily Housing,58394.0,,57.0,446609.0,,1327965.0,,,,48.8,52.2,1698.1,236.2,No,40.745916,-74.002007,542,446.609,,389.1880818559134,0.0,389.1880818559134,False,
4377727,Not Applicable: Standalone Property,Century - 100 West 18th Street,100 West 18th Street,10011,1007937507,2023,2006,1,100,Multifamily Housing,107849.0,,42.0,1401927.8,,2121644.0,,,,64.0,67.4,2617.4,632.8,Yes,40.740034,-73.99545,667,1401.9278,,621.7924107496112,0.0,621.7924107496112,False,
4377727,Not Applicable: Standalone Property,Century - 100 West 18th Street,100 West 18th Street,10011,1007937507,2023,2006,1,100,Multifamily Housing,108912.0,,42.0,1401927.8,,2121644.0,,,,63.4,66.7,2617.4,632.8,Yes,40.740034,-73.99545,667,1401.9278,,621.7924107496112,0.0,621.7924107496112,False,
4128950,Not Applicable: Standalone Property,620 Avenue of the Americas,620 Avenue of the Americas,10011,1008207505,2023,1896,1,100,Office,737425.0,3697.0,,8283236.0,,21436.4,8139240.0,,,49.4,51.6,8800.0,3678.0,Yes,40.740081,-73.994843,804,8283.236,,6.2823880131600625,2385.375520713968,2391.657908727128,False,
4367548,Not Applicable: Standalone Property,500 W 21st Street Condominium,500 W 21st Street,10011,1006927502,2023,2014,1,100,Multifamily Housing,101951.0,,32.0,898245.7,,3147837.1,,,,60.9,65.9,1337.1,500.4,Yes,40.74643,-74.005193,579,898.2456999999999,,922.5398884337171,0.0,922.5398884337171,False,
4043731,Not Applicable: Standalone Property,Halstead - 360 West 22nd Street,360 West 22nd Street,10011,1007457502,2023,1960,1,100,Multifamily Housing,228765.0,,217.0,1131570.9,0.0,7143653.3,,,,48.1,52.7,8037.1,799.2,No,40.745313,-74.000617,477,1131.5709,0.0,2093.597892467547,0.0,2093.597892467547,False,
4043732,Not Applicable: Standalone Property,Halstead - 125 West 22nd Street,125 West 22nd Street,10011,1007987505,2023,2008,1,100,Multifamily Housing,71930.0,,33.0,347074.7,,1759655.0,,,,40.9,45.7,1068.5,222.2,Yes,40.742628,-73.994197,777,347.0747,,515.7039185356296,0.0,515.7039185356296,False,
4407514,Not Applicable: Standalone Property,SW - 200 West 15th Street,200 West 15th Street,10011,1007640042,2023,1931,1,100,Multifamily Housing,116249.0,,110.0,692984.4,,6812282.0,,,,78.9,86.7,,618.9,Yes,40.739417,-73.999614,386,692.9844,,1996.4825613939865,0.0,1996.4825613939865,False,
4407826,Not Applicable: Standalone Property,Olnick - ROC Fifth Avenue Associates LLC,130 Fifth Avenue,10011,1008200038,2023,1904,1,100,Office,140230.0,,,1799536.8,,2197.0,,926954.0,,50.4,50.4,831.8,737.5,Yes,40.738596,-73.991744,982,1799.5368,,0.6438770719389756,271.6633715712887,272.30724864322764,False,
4408958,Not Applicable: Standalone Property,135 West 18th Street,135 West 18th Street,10011,1007940017,2023,1989,1,100,Office,52500.0,,,927181.2,,1414047.0,,,,87.2,92.2,1104.9,419.1,No,40.740339,-73.996128,582,927.1812,,414.41622300595935,0.0,414.41622300595935,False,
4413921,Not Applicable: Standalone Property,520 West 19th Street,520 West 19th Street,10011,1006907501,2023,2007,1,100,Multifamily Housing,73107.0,,26.0,691010.6,,2361434.0,,,,64.6,69.0,1487.1,381.8,No,40.745601,-74.006853,564,691.0106,,692.0679151102153,0.0,692.0679151102153,False,
4769672,Not Applicable: Standalone Property,London Terrace Towers,465 West 23rd Street,10011,1007217501,2023,1932,2,100,Multifamily Housing,690336.0,,702.0,4386606.8,,41615924.7,,,,82.0,88.8,23922.7,3837.7,Yes,40.747226,-74.003046,727,4386.6068,,12196.422276681335,0.0,12196.422276681335,False,
4739512,Not Applicable: Standalone Property,206-218 West 19th Street,206-218 West 19th Street,10011,1007687501,2023,1939,1,100,Multifamily Housing,51717.0,,60.0,174664.1,,130751.0,2628430.5,,,64.9,71.5,1596.0,266.8,No,40.741761,-73.997734,423,174.66410000000002,,38.31933137600956,770.3168566841591,808.6361880601687,False,
4947936,Not Applicable: Standalone Property,CB - 47 West 13th Street,47 West 13th Street,10011,1005770015,2023,1910,1,100,Residence Hall/Dormitory,68009.0,,,681016.6,,2736019.2,,,,74.4,79.2,,398.0,No,40.735969,-73.995655,796,681.0165999999999,,801.8479887413831,0.0,801.8479887413831,False,
4949691,Not Applicable: Standalone Property,AKAM - 25 West 13th Street,25 West 13th Street,10011,1005770024,2023,1960,1,100,Multifamily Housing,173100.0,,182.0,697487.1,,7893788.9,,,,59.4,64.9,4404.2,678.0,Yes,40.735755,-73.99515,873,697.4870999999999,,2313.4409118963986,0.0,2313.4409118963986,False,
4950979,Not Applicable: Standalone Property,AKAM - 520 West 23rd Street,520 West 23rd Street,10011,1006940042,2023,2003,1,100,Multifamily Housing,102033.0,,107.0,679126.1,,3170849.0,,,,53.8,58.2,3629.5,420.4,No,40.748129,-74.005233,736,679.1261,,929.2840098682881,0.0,929.2840098682881,False,
4951878,Not Applicable: Standalone Property,AKAM - 201 West 17th Street,201 West 27th Street,10011,1007677503,2023,2010,1,100,Multifamily Housing,71206.0,,37.0,676733.2,,15965.0,,,,32.7,32.7,1971.9,251.9,No,40.746663,-73.993897,404,676.7331999999999,,4.678879132228378,0.0,4.678879132228378,False,
4951912,Not Applicable: Standalone Property,AKAM - 16 West 16th Street,16 West 16th Street,10011,1008170029,2023,1962,2,100,Multifamily Housing,444643.0,,489.0,1748677.8,,21895621.1,,,,62.7,70.1,13702.8,1811.7,No,40.737666,-73.993469,900,1748.6778,,6416.972417912269,0.0,6416.972417912269,False,
4952798,Not Applicable: Standalone Property,AKAM - 151 West 21st Street,151 West 21st Street,10011,1007977508,2023,2012,1,100,Multifamily Housing,56378.0,,50.0,555504.8,,1023106.0,,,,51.8,54.9,1394.4,260.4,No,40.742233,-73.995175,666,555.5048,,299.8427380806543,0.0,299.8427380806543,False,
5026632,Not Applicable: Standalone Property,80 Fifth Avenue,80 Fifth Avenue,10011,1005770039,2023,1908,1,100,Office,126756.0,,,1488385.6,,0.0,3963498.2,,,71.3,80.1,,846.3,Yes,40.735807,-73.993772,977,1488.3856,,0.0,1161.5865342063726,1161.5865342063726,False,
5531218,Not Applicable: Standalone Property,7 West 18th Street,7 West 18th Street,10011,1008200033,2023,1900,1,100,Office,48875.0,,,377486.5,,2766.0,,,,26.4,26.4,254.3,140.2,No,40.738774,-73.992415,939,377.4865,,0.8106344929372811,0.0,0.8106344929372811,False,
5853055,Not Applicable: Standalone Property,551 West 21st Street,551 West 21st Street,10011,1006937502,2023,2013,1,100,Multifamily Housing,204899.0,,43.0,2270892.4,,6814025.9,,,,71.1,75.1,,1204.4,No,40.747053,-74.006626,773,2270.8923999999997,,1996.9936479783082,0.0,1996.9936479783082,False,
5833941,Not Applicable: Standalone Property,105 West 13th Street,105 West 13th Street,10011,1006090047,2023,1961,1,100,Multifamily Housing,94144.0,,102.0,882720.0,,,,,,,,4524.9,,Yes,40.736889,-73.997842,681,882.72,,,0.0,0.0,False,
5829624,Not Applicable: Standalone Property,532 West 22nd Street,532 West 22nd Street,10011,1006937501,2023,1930,1,100,Multifamily Housing,35719.0,,14.0,2539100.3,,2272507.9,,,,306.2,327.4,849.8,1062.6,Yes,40.747563,-74.005966,735,2539.1002999999996,,666.0062506191126,0.0,666.0062506191126,False,
5850801,Not Applicable: Standalone Property,118-120 5th Avenue,118-120 5th Avenue,10011,1008190037,2023,1906,1,100,Office,70800.0,,,837451.9,,1483806.9,345041.4,,,66.2,,332.9,415.1,Yes,40.737981,-73.992191,972,837.4519,,434.86082935587086,101.12164147916471,535.9824708350355,False,
5850905,Not Applicable: Standalone Property,122-124 5th Avenue,122-124 5th Avenue,10011,1008190039,2023,1900,1,0,Office,244069.0,,,1458949.0,,987656.9,138041.4,,,25.0,,,603.9,Yes,40.73817,-73.992054,956,1458.949,,289.45363352404445,40.45593647626623,329.9095700003107,False,
6011298,Not Applicable: Standalone Property,12th Americas Company LLC,86 West 12th Street,10011,1005750011,2023,1959,1,100,Multifamily Housing,38758.0,,42.0,269970.1,,2017220.0,,,,75.8,82.7,,207.3,Yes,40.73589,-73.997485,780,269.9701,,591.188760608439,0.0,591.188760608439,False,
5876476,Not Applicable: Standalone Property,DEPM 1650 - 45 West 10th Street,45 West 10th Street,10011,1005740067,2023,1957,1,100,Multifamily Housing,79385.0,,90.0,386971.6,,21864.0,4158629.8,,,69.3,75.7,,453.3,No,40.73421,-73.997315,888,386.97159999999997,,6.4077051892916534,1218.7739548940226,1225.1816600833142,False,
6114096,Not Applicable: Standalone Property,71 West 12th Street,71 West 12th Street,10011,1005760076,2023,1922,1,95,Multifamily Housing,37824.0,,46.0,141822.5,,131164.0,2858697.6,,,91.8,108.4,1321.0,271.7,No,40.735818,-73.997272,793,141.8225,,38.4403697149767,837.8014748506951,876.2418445656717,False,
5990066,Not Applicable: Standalone Property,Halstead - 124 West 23rd Street,124 West 23rd Street,10011,1007987507,2023,2012,1,100,Multifamily Housing,58905.0,,29.0,385679.5,,1053804.1,,,,40.2,43.3,,199.0,No,40.743287,-73.993724,805,385.6795,,308.83946213258423,0.0,308.83946213258423,False,
6134883,Not Applicable: Standalone Property,215 West 20th Street,215 West 20th Street,10011,1007700031,2023,1910,1,100,Multifamily Housing,26250.0,,14.0,148286.8,,245534.0,,,,28.6,32.6,,68.1,No,40.742595,-73.99786,491,148.2868,,71.95890440667476,0.0,71.95890440667476,False,
6139025,Not Applicable: Standalone Property,226 West 20th Street,226 West 20th Street,10011,1007690053,2023,1920,1,100,Multifamily Housing,27381.0,,52.0,317274.4,,2325202.0,,,,124.5,130.5,3006.4,241.2,No,40.742664,-73.998069,421,317.2744,,681.4493652374374,0.0,681.4493652374374,False,
6168896,Not Applicable: Standalone Property,141 West 13th Street,141 West 13th Street,10011,1006090065,2023,1987,1,100,Multifamily Housing,28200.0,,15.0,176155.1,,1260289.0,,,,66.0,72.3,,132.3,Yes,40.737196,-73.998575,553,176.1551,,369.3542062434682,0.0,369.3542062434682,False,
6168917,Not Applicable: Standalone Property,521 West 23rd Street,521 West 23rd Street,10011,1006957502,2023,1914,1,100,Office,45816.0,,7.0,248703.9,,86527.0,,2121526.1,,66.7,67.4,426.3,256.6,Yes,40.748129,-74.005186,784,248.7039,,25.358557762250225,621.7578576741531,647.1164154364034,False,
6188320,Not Applicable: Standalone Property,142-146 West 23rd Street,142-146 West 23rd Street,10011,1007980066,2023,1989,1,100,Multifamily Housing,48680.0,,68.0,498944.4,,34031.0,138000.0,,,38.5,,3028.9,197.1,No,40.743438,-73.994089,758,498.94440000000003,,9.973500516684242,40.44380333526565,50.41730385194989,False,
6188324,Not Applicable: Standalone Property,160 West 22nd Street,160 West 22nd Street,10011,1007970074,2023,2000,1,100,Multifamily Housing,41423.0,,51.0,247387.6,,1808675.0,,,,64.0,67.8,1960.9,187.8,No,40.742919,-73.99494,663,247.3876,,530.0702608508087,0.0,530.0702608508087,False,
6178163,Not Applicable: Standalone Property,136 Wooster Corp (980 Madison Ave),555 W 24th Street,10011,1006960001,2023,1986,1,100,Museum,26548.0,,,379852.1,,527024.0,,,,68.7,68.7,,168.9,No,40.749087,-74.005396,936,379.85209999999995,,154.45547107945683,0.0,154.45547107945683,False,
6227726,Not Applicable: Standalone Property,McBurney,125 W 14th St,10011,1007907502,2023,2001,1,100,Fitness Center/Health Club/Gym,76534.0,,,2187070.1,,598298.0,,,,105.3,105.3,15869.9,843.1,Yes,40.737751,-73.997748,587,2187.0701,,175.34381628900556,0.0,175.34381628900556,False,
6262473,Not Applicable: Standalone Property,201 West 21st Street,201 West 21st Street,10011,1007710038,2023,1963,1,100,Multifamily Housing,80977.0,,97.0,,,,,,,,,,,No,40.742952,-73.996889,575,,,,0.0,0.0,False,
6272136,Not Applicable: Standalone Property,33 West 17th Street,33 West 17th Street,10011,1008190019,2023,1907,1,90,Office,48532.0,,,223503.5,,553728.0,,,,27.1,31.6,332.1,112.3,No,40.738437,-73.99344,835,223.5035,,162.28164009586942,0.0,162.28164009586942,False,
6274256,Not Applicable: Standalone Property,Dia Art Foundation,533 West 22nd Street,10011,1006940014,2023,1918,1,100,Office,45000.0,,,604810.8,,417338.0,,,,55.1,56.7,556.0,246.5,No,40.747486,-74.005738,767,604.8108000000001,,122.30968113284852,0.0,122.30968113284852,False,
6282519,Not Applicable: Standalone Property,Buchbinder: 222 W 15th St,222 W 15th St,10011,1007640051,2023,1928,1,100,Multifamily Housing,72395.0,,98.0,215401.9,,4461654.3,,,,71.8,71.7,1731.3,316.9,No,40.739606,-74.000061,305,215.40189999999998,,1307.5816598488575,0.0,1307.5816598488575,False,
6283105,Not Applicable: Standalone Property,151 W 19th Street,151 W 19th Street,10011,1007950012,2023,1911,1,95,Office,44712.0,,,239715.4,,35762.4,1588090.2,,,54.6,54.9,507.1,208.7,No,40.741058,-73.99603,568,239.7154,,10.480923713022495,465.42324440190356,475.90416811492605,False,
6291915,Not Applicable: Standalone Property,31 West 11th Street,31 West 11th Street,10011,1005757502,2023,1912,1,100,Multifamily Housing,30263.0,,17.0,221233.9,,1163888.0,,,,63.4,70.0,,143.9,No,40.734537,-73.996218,942,221.2339,,341.10186504547585,0.0,341.10186504547585,False,
6299719,Not Applicable: Standalone Property,Ace: 216 7th Ave,216 7th Avenue,10011,1007720045,2023,1890,1,90,Multifamily Housing,24582.0,,40.0,229371.8,,3163862.2,,,,160.5,167.3,,253.1,No,40.743767,-73.995897,645,229.37179999999998,,927.236381135369,0.0,927.236381135369,False,
6301459,Not Applicable: Standalone Property,Andrews: 12 W 17th St,12 W 17th St,10011,1008180058,2023,1925,1,100,Multifamily Housing,32508.0,,11.0,177554.6,,40490.0,1218857.4,,,57.4,66.6,503.4,158.5,Yes,40.738212,-73.992949,912,177.5546,,11.866446355397871,357.2118041980668,369.07825055346467,False,
6293816,Not Applicable: Standalone Property,Felds Realty LLC - 301 West 22nd Street,301 West 22nd Street,10011,1007460038,2023,1910,1,100,Multifamily Housing,38802.0,,44.0,143080.1,,30419.0,,,,,,,,Yes,40.744816,-73.999394,524,143.08010000000002,,8.914927925039462,0.0,8.914927925039462,False,
6293824,Not Applicable: Standalone Property,Doral Realty - 300 West 21st Street,300 West 21st Street,10011,1007440043,2023,1930,1,100,Multifamily Housing,25924.0,,35.0,269732.6,,2673943.0,,,,,,,,Yes,40.744179,-73.999848,410,269.7326,,783.6552523312337,0.0,783.6552523312337,False,
6294571,Not Applicable: Standalone Property,126 West 11th Street,126 West 11th Street,10011,1006060047,2023,1930,1,100,Multifamily Housing,29624.0,,28.0,121837.9,,1399071.0,,,,,,870.0,,No,40.735769,-73.999195,703,121.83789999999999,,410.027191130967,0.0,410.027191130967,False,
6294578,Not Applicable: Standalone Property,129 West 22nd Street,129 West 22nd Street,10011,1007980026,2023,1909,1,100,Multifamily Housing,45006.0,,16.0,237042.2,,1879948.9,,,,59.7,61.0,1241.8,187.8,Yes,40.742661,-73.99428,765,237.0422,,550.9585767532535,0.0,550.9585767532535,False,
6294587,Not Applicable: Standalone Property,350 West 23rd Street,350 West 23rd Street,10011,1007467507,2023,1910,1,100,Multifamily Housing,32450.0,,14.0,204642.8,,907789.0,,,,49.5,54.2,744.7,124.1,No,40.745894,-73.999931,549,204.6428,,266.04666511534396,0.0,266.04666511534396,False,
6352413,Not Applicable: Standalone Property,205 West 13th Street,205 West 13th Street,10011,1006180042,2023,1962,1,100,Multifamily Housing,26700.0,,55.0,126160.5,,1290359.0,,,,64.5,71.4,1009.9,115.3,No,40.73805,-74.000599,406,126.1605,,378.16685237601484,0.0,378.16685237601484,False,
6311955,Not Applicable: Standalone Property,The Greenwich Lane,155 West 11th Street,10011,1006077503,2023,2015,1,100,Multifamily Housing,704145.0,,198.0,7160888.2,39102841.6,500148.0,,,,90.9,96.3,,5279.4,Yes,40.736016,-73.999733,599,7160.8882,11459.91040232206,146.5788938443945,0.0,11606.489296166455,False,
6333453,Not Applicable: Standalone Property,Eagle Point - 513-519 West 20th Street,513-519 West 20th Street,10011,1006920023,2023,1910,1,90,Office,83250.0,,,592706.9,,,1278100.8,,,39.6,39.3,418.5,314.7,No,40.746202,-74.006428,613,592.7069,,,374.5743289698964,374.5743289698964,False,
6333460,Not Applicable: Standalone Property,Eagle Point - 521-527 West 20th Street,521-527 West 20th Street,10011,1006920019,2023,1913,1,100,Office,94622.0,,,1129392.1,,,,,,40.7,41.4,172.8,419.0,No,40.746248,-74.006536,638,1129.3921,,,0.0,0.0,False,
6333465,Not Applicable: Standalone Property,Eagle Point - 529-535 West 20th Street,529-535 West 20th Street,10011,1006920015,2023,1930,1,90,Office,111330.0,,,382241.9,,2142925.8,280830.0,,,33.5,39.7,268.6,276.5,No,40.746295,-74.006644,663,382.24190000000004,,628.0294899801943,82.3031397872656,710.3326297674598,False,
6338140,Not Applicable: Standalone Property,Alfa -15 West 18th Street,15 West 18th Street,10011,1008200029,2023,1903,1,100,Office,42625.0,,9.0,660562.0,,4164937.0,,,,150.6,160.0,,466.3,Yes,40.738851,-73.992599,910,660.562,,1220.6224125490676,0.0,1220.6224125490676,False,
6309410,Not Applicable: Standalone Property,114 W 17th Condominium Association,114 West 17th Street,10011,1007927505,2023,1906,1,100,Multifamily Housing,38770.0,,6.0,236886.4,,1391748.1,,,,56.7,56.9,524.3,161.8,No,40.739582,-73.996207,596,236.88639999999998,,407.88106122195387,0.0,407.88106122195387,False,
6409994,Not Applicable: Standalone Property,635 Avenue of the Americas,635 Avenue of the Americas,10011,1007950037,2023,1902,1,75,Office,76651.0,,,1869397.0,,2596758.8,,,,117.1,125.1,462.9,831.4,No,40.740581,-73.994504,703,1869.397,,761.0347986689885,0.0,761.0347986689885,False,
6382099,Not Applicable: Standalone Property,141 West 16th Street,141 West 16th Street,10011,1007920012,2023,1940,1,100,Multifamily Housing,34662.0,,49.0,129254.7,,2070416.1,,,,72.5,82.3,1279.5,157.9,No,40.739214,-73.997106,507,129.25469999999999,,606.7789968881717,0.0,606.7789968881717,False,
6382101,Not Applicable: Standalone Property,204 West 14 Street,204 West 14 Street,10011,1006180028,2023,1969,1,100,Multifamily Housing,32000.0,,52.0,207011.9,,1609653.0,,,,72.4,82.4,,162.3,No,40.738758,-74.000195,381,207.0119,,471.7426765943504,0.0,471.7426765943504,False,
6382103,Not Applicable: Standalone Property,209 West 13th Street,209 West 13th Street,10011,1006180044,2023,1900,1,100,Multifamily Housing,27075.0,,36.0,87263.4,,22345.0,,,,11.8,11.7,922.3,33.6,No,40.738102,-74.000718,392,87.26339999999999,,6.54867235888776,0.0,6.54867235888776,False,
6382108,Not Applicable: Standalone Property,248 West 17th Street,248 West 17th Street,10011,1007660071,2023,1920,1,100,Multifamily Housing,25362.0,,48.0,130804.2,,1815871.0,,,,89.2,97.4,476.9,145.0,No,40.741053,-73.999693,239,130.8042,,532.1792000450157,0.0,532.1792000450157,False,
6549794,Not Applicable: Standalone Property,Owners Corp. - 36 West 15th St,36 West 15th St,10011,1008160062,2023,1909,1,100,Multifamily Housing,33878.0,,36.45,129319.0,,773476.0,585879.0,,,53.1,,774.2,132.5,No,40.737366,-73.994742,826,129.319,,226.68341469962272,171.70416705987031,398.38758175949306,False,
6457870,Not Applicable: Standalone Property,117 West 13th Street,117 West 13th Street,10011,1006090053,2023,1910,1,100,Multifamily Housing,34027.0,,57.0,137237.4,,1869123.0,0.0,,,68.7,,2463.2,150.2,No,40.736993,-73.998088,631,137.2374,,547.7858189958097,0.0,547.7858189958097,False,
6600357,Not Applicable: Standalone Property,Andrews: 9 W 20th St,9 W 20th ST,10011,1008227503,2023,1910,1,100,Multifamily Housing,27379.0,,11.0,214228.2,,1466978.0,,,,80.3,88.5,626.9,157.4,Yes,40.739963,-73.991606,969,214.22820000000002,,429.928766153343,0.0,429.928766153343,False,
6582036,Not Applicable: Standalone Property,Orsid - 155 West 15th Street,155 West 15th Street,10011,1007910009,2023,1892,1,60,Multifamily Housing,49880.0,,40.0,193832.1,,741909.0,,,,28.1,28.1,967.2,111.3,Yes,40.738843,-73.998214,484,193.8321,,217.4320412222,0.0,217.4320412222,False,
6574521,Not Applicable: Standalone Property,132 West 22nd Street,132 West 22nd Street,10011,1007977503,2023,1913,1,100,Multifamily Housing,45603.0,,10.0,342602.1,,474668.0,,,,36.0,37.8,,152.3,No,40.74268,-73.99437,724,342.60209999999995,,139.11144377930344,0.0,139.11144377930344,False,
6629441,Not Applicable: Standalone Property,Andrews: 42 W 17th St,42 W 17th St,10011,1008180073,2023,1910,1,100,Multifamily Housing,52986.0,,21.0,257381.4,,1660298.0,,,,47.9,52.7,,183.7,Yes,40.738508,-73.993653,802,257.3814,,486.5852593473543,0.0,486.5852593473543,False,
6650159,Not Applicable: Standalone Property,Andrews: 124 W 24th St,124 W 24th St,10011,1007997501,2023,1920,1,100,Multifamily Housing,39014.0,,24.0,322204.1,,1433623.0,,,,64.9,66.9,1343.4,195.7,Yes,40.743946,-73.993237,850,322.2041,,420.1533816587938,0.0,420.1533816587938,False,
6654365,Not Applicable: Standalone Property,234 West 13th Street,234 West 13th Street,10011,1006170036,2023,1890,1,100,Multifamily Housing,26377.0,,36.0,402802.6,,3454515.0,,,,183.1,199.3,2715.4,332.9,Yes,40.73819,-74.000971,339,402.8026,,1012.4182991211973,0.0,1012.4182991211973,False,
6610148,Not Applicable: Standalone Property,CB - 60 West 14th Street,60 West 14th Street,10011,1005770010,2023,1906,1,100,Multifamily Housing,41900.0,,32.0,376150.9,,1793478.9,,,,73.4,82.8,1141.7,234.8,No,40.736776,-73.995468,755,376.15090000000004,,525.616724040207,0.0,525.616724040207,False,
6640510,Not Applicable: Standalone Property,575 6th Avenue,575 6th Avenue,10011,1007920033,2023,1900,1,100,Multifamily Housing,32950.0,,16.0,128632.0,,16713.0,1422352.1,,,57.0,67.4,588.0,154.2,No,40.738777,-73.995821,661,128.632,,4.8980962691470635,416.8502072891457,421.7483035582928,False,
6654229,Not Applicable: Standalone Property,U-Haul Of Chelsea 803062,536 W 23rd St,10011,1006940058,2023,1977,1,100,Retail Store,42749.0,,,214684.0,,1592660.0,,,,54.4,66.7,135.4,164.2,No,40.748252,-74.005529,797,214.684,,466.7625204343782,0.0,466.7625204343782,False,
6622206,Not Applicable: Standalone Property,Timothy Mitchell,527 West 22nd Street,10011,1006940017,2023,1920,1,90,Residential Care Facility,33535.0,,,,,1763077.4,,,,52.6,58.2,39.5,93.6,Not Available,40.747467,-74.005691,750,,,516.7069248583441,0.0,516.7069248583441,False,
6641272,Not Applicable: Standalone Property,MGRE - 140 Seventh Avenue,140 Seventh Avenue,10011,1007687502,2023,1962,1,100,Multifamily Housing,87743.0,,120.0,579053.2,,5738422.1,,,,87.9,87.8,3566.6,519.6,No,40.741324,-73.99768,442,579.0532,,1681.7653251242182,0.0,1681.7653251242182,False,
1633052,Not Applicable: Standalone Property,M440 (OECID: 0100175; BBL: 1007420007),351 West 18th Street,10011,1007420007,2024,1931,1,100,K-12 School,318200.0,,,1534015.1,,18924401.7,,,,75.9,80.1,3769.4,1607.53,No,40.742867,-74.002136,230,1534.0151,,5546.194062263528,0.0,5546.194062263528,False,
1633695,Not Applicable: Standalone Property,M011 (OECID: 0100034; BBL: 1007440024),320 West 21st Street,10011,1007440024,2024,1925,1,100,K-12 School,115300.0,,,416750.0,,453100.0,6121680.0,,,69.4,69.4,,641.96,No,40.744349,-74.000253,377,416.75,,132.79048761745554,1794.0871159523842,1926.8776035698397,False,
1634600,Not Applicable: Standalone Property,M041 (OECID: 0100057; BBL: 1006060049),116 West 11th Street,10011,1006060049,2024,1957,1,100,K-12 School,97300.0,,,377622.0,,16900.0,3214157.8,,,46.4,46.4,,387.68,No,40.735687,-73.999,740,377.622,,4.952900553376735,941.9765648674645,946.9294654208412,False,
1634606,Not Applicable: Standalone Property,M070 (OECID: 0100079; BBL: 1007410010),333 West 17th Street,10011,1007410010,2024,1966,1,100,K-12 School,180175.0,,,605909.0,,274600.0,6094080.2,,,49.0,51.9,,704.71,No,40.742129,-74.002198,153,605.909,,80.47730721640542,1785.998413899539,1866.4757211159445,False,
1712194,Not Applicable: Standalone Property,220 W 19th St (Red Circle NYC Corp),220 West 19 Street,10011,1007680050,2024,1929,1,90,Office,110032.0,,,1250535.0,,2672550.5,,,,63.1,64.3,2728.1,633.01,No,40.742093,-73.998528,399,1250.535,,783.2471509098976,0.0,783.2471509098976,False,
1836464,Not Applicable: Standalone Property,M451 (OECID: 0101197; BBL: 1007670068),250 West 18th Street,10011,1007670068,2024,1903,1,100,K-12 School,48953.0,,,513537.0,,121700.0,0.0,,,38.3,38.3,702.4,208.12,No,40.741657,-73.999307,255,513.537,,35.66674540508572,0.0,35.66674540508572,False,
1836849,Not Applicable: Standalone Property,M883 (OECID: 0101359; BBL: 1005770019),34 West 14th Street,10011,1005770019,2024,1995,0,100,K-12 School,51830.0,,,438590.0,,1198800.1,,,,52.0,53.5,481.6,235.9,No,40.736518,-73.994858,836,438.59,,351.3335904543246,0.0,351.3335904543246,False,
2388664,Not Applicable: Standalone Property,54 West 16th St. Apt. Corp. (54 West 16th Street),54 West 16th Street,10011,1008170085,2024,1955,1,100,Multifamily Housing,138635.0,,119.0,626371.5,,6906910.2,,,,65.2,67.2,6890.3,612.82,No,40.738042,-73.994364,730,626.3715,,2024.2153462546403,0.0,2024.2153462546403,False,
2440154,Not Applicable: Standalone Property,335 W 16,335 West 16th Street,10011,1007400013,2024,1920,1,100,College/University,50607.0,,,930888.1,,2322352.0,,,,108.7,109.7,867.4,488.89,Yes,40.741561,-74.002674,65,930.8881,,680.6141127772526,0.0,680.6141127772526,False,
2539063,Not Applicable: Standalone Property,Winter Management - 26 WEST 17 STREET,26 WEST 17 STREET,10011,1008180066,2024,1905,1,65,Office,107967.0,,,770753.6,,490.0,,,,,24.4,874.4,,Yes,40.738349,-73.993277,848,770.7536,,0.1436048089440592,0.0,0.1436048089440592,False,
2544329,Not Applicable: Standalone Property,122 Greenwich Avenue,122 GREENWICH AVE.,10011,1006187504,2024,2008,1,100,Multifamily Housing,78989.0,,30.0,1444950.3,,3333045.8,,,,104.6,106.4,2956.2,744.43,No,40.738961,-74.002515,246,1444.9503,,976.8191945118346,0.0,976.8191945118346,False,
2563179,Not Applicable: Standalone Property,Forty Four Eighteen Associates / 44 W 18th St,44 West 18th Street,10011,1008190010,2024,1906,1,75,Office,204970.0,,,1325276.4,,3096171.3,,,,37.2,38.6,,684.86,No,40.739118,-73.993274,781,1325.2764,,907.3981387644477,0.0,907.3981387644477,False,
2587287,Not Applicable: Standalone Property,534 WEST 23 STREET - [524 West 23rd],534 WEST 23 STREET,10011,1006940047,2024,1931,1,100,Self-Storage Facility,141935.0,,,305149.3,,4501579.9,,,,39.1,40.2,111.5,358.92,No,40.748238,-74.005493,765,305.1493,,1319.282696910035,0.0,1319.282696910035,False,
2587898,Not Applicable: Standalone Property,531 WEST 21 STREET - [531-539 West 21st St],531 WEST 21 STREET,10011,1006930014,2024,1921,1,100,Self-Storage Facility,91592.0,,,131984.4,,140968.0,,,,6.5,6.4,,59.31,Yes,40.746918,-74.006301,716,131.9844,,41.313638178012525,0.0,41.313638178012525,False,
2606281,Not Applicable: Standalone Property,90 Fifth Avenue,90 Fifth Avenue,10011,1008160037,2024,1903,1,100,Office,139895.0,,,1113703.8,,2782239.0,,,,47.1,49.0,689.7,585.1,No,40.736354,-73.993379,971,1113.7038,,815.3936735341026,0.0,815.3936735341026,False,
2609900,Not Applicable: Standalone Property,IAC 555 West 18th Street (80 11 AVENUE),80 11 AVENUE,10011,1006900012,2024,2007,1,100,Office,183258.0,1446.0,,2409713.7,,8841233.2,,,,93.1,96.3,2767.9,1415.84,No,40.745307,-74.00821,602,2409.7137000000002,,2591.109396971169,0.0,2591.109396971169,False,
2636732,Not Applicable: Standalone Property,132 West 21st Street,132 West 21st Street,10011,1007960058,2024,1910,1,100,College/University,53330.0,,,530854.3,,31.0,,2707449.0,,84.7,,943.3,204.27,No,40.742065,-73.994818,668,530.8543000000001,,0.009085202198501703,793.4748905526206,793.4839757548192,False,
2637231,Not Applicable: Standalone Property,133 W21,133-141 W 21st Street,10011,1007970018,2024,1940,1,100,College/University,117484.0,,,2108915.9,,5710845.2,,,,109.9,112.8,,1131.45,No,40.742082,-73.994807,696,2108.9159,,1673.6833343981582,0.0,1673.6833343981582,False,
2637247,Not Applicable: Standalone Property,136 W21,136 West 21st Street,10011,1007960060,2024,1939,1,100,College/University,78050.0,,,1117150.9,,0.0,,,,,,,,No,40.742101,-73.994901,654,1117.1508999999999,,0.0,0.0,0.0,False,
2637925,Not Applicable: Standalone Property,201 West 16 Owners Corp. (201 W 16 Street),201 W 16 Street,10011,1007660039,2024,1930,1,100,Multifamily Housing,110643.0,,115.0,549119.9,,5208930.8,,,,64.0,66.6,2552.4,492.3,No,40.740067,-73.999134,387,549.1199,,1526.5867598710722,0.0,1526.5867598710722,False,
2639187,Not Applicable: Standalone Property,18 West 18th Street,18 West 18th Street,10011,1008190056,2024,1902,1,95,Office,180000.0,,,833782.4,,2991852.6,,,,32.4,34.2,,486.32,No,40.738859,-73.99266,872,833.7824,,876.8253490036465,0.0,876.8253490036465,False,
2643762,Not Applicable: Standalone Property,"37 West 20, LLC (BBL): 1-00822-0009 (BIN) 1015489",37 West 20th Street,10011,1008220009,2024,1909,1,100,Office,110512.0,,,762534.9,,153918.0,1835400.0,,,41.5,41.8,1701.1,443.8,Yes,40.740232,-73.992252,854,762.5349,,45.108908128676944,537.9025843590332,583.0114924877101,False,
2645024,Not Applicable: Standalone Property,5421 Equities Company (BBL): 1-00822-0070 (BIN) 1015512,54 West 21st Street,10011,1008220070,2024,1910,1,100,Office,142635.0,,,953693.9,,291089.0,2069999.8,,,39.4,40.3,,543.56,No,40.740976,-73.992223,840,953.6939,,85.30975557289234,606.656991414777,691.9667469876694,False,
2646584,Not Applicable: Standalone Property,3620 Company (BBL) 1008210064 (BIN) 1015484,36 West 20th Street,10011,1008210064,2024,1906,1,100,Office,53540.0,,,262812.6,,6012.0,1269600.0,,,40.6,40.7,518.3,197.73,Yes,40.740207,-73.992231,858,262.8126,,1.7619430844320079,372.082990684444,373.844933768876,False,
2650027,Not Applicable: Standalone Property,80 Eighth Ave LLC,80 Eighth Avenue,10011,1007640001,2024,1930,1,100,Office,171309.0,,,1292854.2,,1762.0,5588516.1,,,58.4,58.6,806.4,922.45,No,40.739851,-74.002439,193,1292.8542,,0.5163911701212904,1637.8322180026505,1638.3486091727718,False,
2652722,Not Applicable: Standalone Property,96 Fifth Avenue,96 Fifth Avenue,10011,1008160042,2024,1962,1,100,Multifamily Housing,170000.0,,223.0,1220944.8,,396388.0,,18154954.9,,133.6,138.6,,1867.25,No,40.736592,-73.993202,961,1220.9448,,116.16984287289334,5320.69148939288,5436.861332265773,False,
2653174,Not Applicable: Standalone Property,235 West 22nd Street,235 West 22nd Street,10011,1007720018,2024,1974,1,100,Multifamily Housing,89866.0,,150.0,527955.9,,4314927.1,,,,68.1,68.3,,436.5,No,40.743877,-73.99716,588,527.9559,,1264.5801669449863,0.0,1264.5801669449863,False,
2654491,Not Applicable: Standalone Property,Milstein - 55 West 14th Street,55 West 14th Street,10011,1008160007,2024,1965,1,100,Multifamily Housing,315929.0,,239.0,1502872.2,,18374933.3,,,,74.4,76.5,,1566.12,No,40.736738,-73.995338,751,1502.8722,,5385.160787563941,0.0,5385.160787563941,False,
2665536,Not Applicable: Standalone Property,Stellar - 119-21 West 23rd Street,119 West 23rd Street,10011,1007990028,2024,1967,1,100,Office,98800.0,,,844724.2,,2116.0,,4325104.1,,73.0,75.6,3958.7,657.42,No,40.743248,-73.993591,868,844.7242,,0.6201383178074067,1267.562750905443,1268.1828892232504,False,
2665696,Not Applicable: Standalone Property,Stonehenge - 108 West 15th Street,103 West 14th Street,10011,1007900028,2024,1950,1,100,Multifamily Housing,56408.0,,55.0,455648.0,,1207450.0,1448917.3,2299792.0,,115.4,,5682.6,523.71,Yes,40.737564,-73.997301,637,455.648,,353.86862563164135,1098.6381281904446,1452.506753822086,False,
2665791,Not Applicable: Standalone Property,Stonehenge - 555 Sixth Avenue,101 West 15th Street,10011,1007910036,2024,1972,1,100,Multifamily Housing,172746.0,,176.0,1530695.2,,367744.0,,10913938.4,,95.5,98.6,,1442.24,Yes,40.738201,-73.996687,647,1530.6951999999999,,107.77511604147776,3198.559262773941,3306.334378815419,False,
2666655,Not Applicable: Standalone Property,SW - 196-204 7th Ave,196 7th Avenue,10011,1007710046,2024,1940,1,100,Multifamily Housing,76450.0,,76.0,391464.2,,4133901.9,,,,71.5,74.0,5269.9,373.29,Yes,40.743106,-73.996377,597,391.4642,,1211.5269235571088,0.0,1211.5269235571088,False,
2669471,Not Applicable: Standalone Property,Century - 130 West 19th Street,130 WEST 19 STREET,10011,1007947501,2024,2006,1,100,Multifamily Housing,113147.0,,66.0,775661.4,,2069720.0,,,,41.7,42.8,,414.52,No,40.740874,-73.995634,592,775.6614000000001,,606.5749901381596,0.0,606.5749901381596,False,
2670519,Not Applicable: Standalone Property,Brodsky - 177 9th Ave,177 9th Avenue,10011,1007187501,2024,2009,1,100,Multifamily Housing,144746.0,,54.0,1513095.8,,4833572.8,,,,69.1,70.6,4541.4,850.89,No,40.744917,-74.002487,411,1513.0958,,1416.580200941227,0.0,1416.580200941227,False,
2670565,Not Applicable: Standalone Property,Brodsky - 433 West 21 Street,433 West 21st Street,10011,1007190020,2024,1925,1,100,Multifamily Housing,65235.0,,68.0,228507.8,,5010619.9,,0.0,,88.8,92.1,2209.9,355.87,No,40.745667,-74.003338,515,228.50779999999997,,1468.4675784302062,0.0,1468.4675784302062,False,
2670610,Not Applicable: Standalone Property,Brodsky - 208 W 23rd Street,208 West 23rd Street,10011,1007720056,2024,1927,1,100,Multifamily Housing,156912.0,,262.0,1062501.0,,758986.0,8310525.1,,,80.9,82.5,14917.8,1074.2,Yes,40.744338,-73.99624,644,1062.501,,222.43681534941982,2435.5742228781805,2658.0110382276002,False,
2679689,Not Applicable: Standalone Property,DEPM 7512 - 101 West 24th St,735 6 Avenue,10011,1008007504,2024,2008,1,100,Multifamily Housing,319834.0,,204.0,3626153.9,,8064928.3,,,,63.9,65.7,10662.7,1852.28,Yes,40.743666,-73.992263,957,3626.1539,,2363.5969136102776,0.0,2363.5969136102776,False,
2679733,Not Applicable: Standalone Property,DEPM 7548 - 151 West 17th St,147 West 17 Street,10011,1007937505,2024,2002,1,100,Multifamily Housing,125263.0,,51.0,745822.5,,4712259.1,,,,57.9,59.9,,543.16,Yes,40.740018,-73.997196,489,745.8225,,1381.026668878376,0.0,1381.026668878376,False,
2679751,Not Applicable: Standalone Property,DEPM 7628 - 444 West 19th St,444 West 19 Street,10011,1007167501,2024,2005,1,100,Multifamily Housing,56810.0,,42.0,554100.6,,951649.0,,,,50.0,52.1,,268.13,No,40.744695,-74.004706,395,554.1006,,278.90076087103057,0.0,278.90076087103057,False,
2681134,Not Applicable: Standalone Property,11 W 19th Street,11 W 19th Street,10011,1008210032,2024,1902,1,100,Office,284180.0,914.0,,3938650.5,0.0,1578137.1,,,,52.8,53.4,5106.5,1630.45,No,40.739395,-73.992083,940,3938.6505,0.0,462.5062790470034,0.0,462.5062790470034,False,
2682647,2682647,59 West 12th St Condominium (59 West 12 Street),59 West 12 Street,10011,1005767502,2024,1931,2,100,Multifamily Housing,131801.0,,95.0,448708.9,,4408766.9,,,,45.1,47.4,,410.37,No,40.73564,-73.99685,821,448.7089,,1292.0818945987596,0.0,1292.0818945987596,False,
2685991,Not Applicable: Standalone Property,DEPM 2772/2774 - 200 Eleventh Ave,200 11 Avenue,10011,1006957506,2024,2008,1,100,Multifamily Housing,57134.0,,16.0,779256.6,,3102434.0,,,,100.8,104.7,880.7,470.78,Yes,40.749452,-74.006594,917,779.2565999999999,,909.2335547582721,0.0,909.2335547582721,False,
2688331,Not Applicable: Standalone Property,99 Tenth Avenue (501 WEST 16 STREET),501 WEST 16 STREET,10011,1006887501,2024,1908,1,100,Office,498449.0,,,8616413.7,,10025787.8,,,,79.1,80.2,1256.2,3916.0,Yes,40.743553,-74.007398,482,8616.4137,,2938.2680439442443,0.0,2938.2680439442443,False,
2689469,Not Applicable: Standalone Property,20 West 20th Street,20 West 20th Street,10011,1008210055,2024,1906,1,85,Office,105490.0,,,549951.4,,,,4548692.1,,,,,,No,40.740048,-73.991855,916,549.9514,,,1333.089918297656,1333.089918297656,False,
2689487,Not Applicable: Standalone Property,27 West 20th Street,27 West 20th Street,10011,1008220015,2024,1908,1,100,Office,100800.0,,,736307.3,,519.0,,2975459.4,,54.4,,3328.1,513.16,No,40.740136,-73.992021,889,736.3073,,0.1521038690652382,872.0209768526632,872.1730807217285,False,
2704587,2704587,Orsid - 37 West 12th St (parent),37 West 12th Street,10011,1005760025,2024,1963,2,100,Multifamily Housing,236489.0,,103.0,1035706.0,0.0,12997279.1,,,,69.9,72.1,7348.9,1097.04,No,40.735217,-73.995847,906,1035.706,0.0,3809.126085608395,0.0,3809.126085608395,False,
2710389,Not Applicable: Standalone Property,118 West 22nd Street,118 WEST 22 STREET,10011,1007970054,2024,1911,1,90,Office,103823.0,,,719672.3,,1036.0,,3003658.1,,52.6,53.7,626.9,508.78,No,40.742562,-73.994089,751,719.6723000000001,,0.3036215960531537,880.285199150563,880.5888207466162,False,
2715813,Not Applicable: Standalone Property,The Broadmoor,315 West 23rd Street,10011,1007470028,2024,1906,1,100,Multifamily Housing,132011.0,,75.0,468743.5,,5345281.5,,,,52.6,54.3,2890.5,467.98,No,40.745601,-73.999192,603,468.7435,,1566.5472011422737,0.0,1566.5472011422737,False,
2721945,Not Applicable: Standalone Property,121 West 20th St.,121 W. 20Th Street,10011,1007967502,2024,1875,1,100,Multifamily Housing,65849.0,,31.0,819556.9,,1249892.0,,,,61.4,62.5,,388.21,No,40.741409,-73.995038,703,819.5569,,366.3071466545062,0.0,366.3071466545062,False,
2731500,Not Applicable: Standalone Property,JC Dwight - 55 West 11th St,55 West 11th St,10011,1005750077,2024,1924,1,100,Multifamily Housing,72416.0,,84.0,239986.9,,2184575.0,,,,41.5,41.6,,210.27,No,40.734767,-73.996771,857,239.9869,,640.2356642836083,0.0,640.2356642836083,False,
2782326,Not Applicable: Standalone Property,30 West 15th Street,30 W. 15Th Street,10011,1008160059,2024,1908,1,100,Multifamily Housing,65151.0,,19.0,200911.1,,328659.0,2133858.2,,,48.3,48.3,979.2,254.69,No,40.73727,-73.994515,845,200.9111,,96.32043449539908,625.3720390300288,721.6924735254279,False,
2798374,Not Applicable: Standalone Property,Chelsea 19 Condominium,251 W. 19Th Street,10011,1007697505,2024,1910,1,100,Multifamily Housing,72312.0,,43.0,400591.9,,4110646.9,,,,75.7,78.9,2011.5,375.64,No,40.742354,-73.999098,368,400.5919,,1204.7115565530391,0.0,1204.7115565530391,False,
2799290,Not Applicable: Standalone Property,17 West 17th Street,17 W. 17Th Street,10011,1008190027,2024,1915,1,100,Office,53064.0,,11.0,399407.5,,1459036.0,,,,53.2,54.6,733.8,234.33,Yes,40.738283,-73.993072,897,399.4075,,427.6011959642946,0.0,427.6011959642946,False,
2799302,Not Applicable: Standalone Property,50 West Realty Company LP,50 W. 17Th Street,10011,1008180078,2024,1911,1,100,Office,76232.0,,,460673.5,,0.0,,2641606.9,,55.3,56.5,434.8,379.76,No,40.738585,-73.99384,770,460.6735,,0.0,774.1784779179765,774.1784779179765,False,
2800685,Not Applicable: Standalone Property,126 Fifth Avenue,126-8 Fifth Avenue,10011,1008190044,2024,1905,1,100,Office,107314.0,,10.0,860553.9,,4085825.9,,,,65.4,68.6,,554.94,No,40.738387,-73.991895,978,860.5539,,1197.4372403024258,0.0,1197.4372403024258,False,
2801945,Not Applicable: Standalone Property,50 West 15th Street,50 West 15th Street,10011,1008167503,2024,2008,1,100,Multifamily Housing,74212.0,,47.0,540670.4,,2864734.8,,,,63.5,64.9,1707.8,364.47,No,40.737696,-73.995533,785,540.6704,,839.5708033253012,0.0,839.5708033253012,False,
2805207,Not Applicable: Standalone Property,200 West 16th Street - 35457,200 West 16th Street,10011,1007650041,2024,1930,1,100,Multifamily Housing,155640.0,,168.0,727768.4,,7172989.2,,,,62.0,64.2,,666.77,No,40.740054,-73.999145,382,727.7684,,2102.1953951506125,0.0,2102.1953951506125,False,
2805261,Not Applicable: Standalone Property,344 W 23rd Street - 34185,344 W 23rd Street,10011,1007467502,2024,1985,1,100,Multifamily Housing,59331.0,,44.0,316087.2,,2188291.1,,,,55.1,56.8,2099.8,240.35,No,40.745842,-73.999812,547,316.0872,,641.3247455703779,0.0,641.3247455703779,False,
2806879,54407092,Chelsea Warren Corporation (155 West 20th Street),155 West 20th Street,10011,1007960007,2024,1938,1,100,Multifamily Housing,57605.0,,60.0,188732.5,,4889.0,,,,11.3,11.4,1267.9,74.37,Yes,40.741917,-73.996243,603,188.7325,,1.4328243080153171,0.0,1.4328243080153171,True,
2807291,Not Applicable: Standalone Property,The Christopher,202 W. 24Th Street,10011,1007730134,2024,1904,1,100,Multifamily Housing,75767.0,,177.0,1004955.3,,5787495.1,,,,121.6,124.8,,702.02,No,40.744939,-73.995604,729,1004.9553000000001,,1696.1472002044463,0.0,1696.1472002044463,False,
2810288,2810288,"38-50 West 9th Street Corporation (38, 42, 50 West 9th Street) (Campus)","38 West 9th Street, 42 West 9th Street, 50 West 9th Street",10011,1005720017,2024,1900,3,100,Multifamily Housing,73098.0,,54.0,297835.6,,5605977.8,,,,90.6,93.2,,414.71,No,40.733502,-73.997499,968,297.8356,,1642.9497365584434,0.0,1642.9497365584434,False,
2814587,54407092,Chelsea Warren Corporation (165 W 20th Street),165 W 20th Street,10011,1007960001,2024,1938,1,100,Multifamily Housing,62388.0,,58.0,285053.6,,113313.0,,,,17.4,17.5,1360.0,117.95,Yes,40.741975,-73.996384,572,285.05359999999996,,33.20875860383302,0.0,33.20875860383302,True,
2829947,Not Applicable: Standalone Property,Majestic Rayon: 116 West 23rd Street,116 West 23rd Street,10011,1007980041,2024,1910,1,100,Retail Store,180000.0,,,2737596.1,,1065665.0,,,,57.8,58.7,415.3,1131.6,Yes,40.743218,-73.993562,828,2737.5961,,312.31554841504254,0.0,312.31554841504254,False,
2831044,2831044,FULTON,401 WEST 16TH STREET,10011,1007140031;1007150010;1007160017;1007170019,2024,1965,12,100,Multifamily Housing,932450.0,,944.0,7249491.9,100660609.3,0.0,,,,134.5,136.9,,9530.43,Yes,40.742321,-74.004478,234,7249.4919,29500.709319834874,0.0,0.0,29500.709319834874,False,anchor_nycha_fulton
2940676,Not Applicable: Standalone Property,Teamsters Union Local 237,214 WEST 14TH STREET,10011,1006180024,2024,1965,1,100,Office,59400.0,,,308130.4,,,,2003120.0,,51.4,51.8,,271.8,Yes,40.738846,-74.000397,352,308.1304,,,587.056458963314,587.056458963314,False,
2954516,Not Applicable: Standalone Property,85 8th Avenue,85 8th Avenue,10011,1007387501,2024,1973,1,100,Multifamily Housing,125914.0,,117.0,524873.9,,4498913.0,,,,50.0,51.8,2825.3,445.06,No,40.739958,-74.002385,124,524.8739,,1318.5011057570289,0.0,1318.5011057570289,False,
2982034,Not Applicable: Standalone Property,Maxwell: 22 West 15th St,22 West 15th Street,10011,1008167501,2024,1989,1,100,Multifamily Housing,162803.0,,134.0,1063609.7,,5852484.1,,,,58.2,60.0,5340.3,728.51,No,40.737141,-73.994212,868,1063.6097,,1715.1935939360085,0.0,1715.1935939360085,False,
3114292,Not Applicable: Standalone Property,85 10th Ave,85 10Th Avenue,10011,1006870029,2024,1914,1,100,Office,642653.0,118738.0,,17731535.1,,8233124.3,,,,107.0,107.4,11857.7,7400.09,No,40.743059,-74.007546,461,17731.5351,,2412.8902900289613,0.0,2412.8902900289613,False,
3114446,Not Applicable: Standalone Property,Tate,527 W. 23Rd Street,10011,1006950015,2024,2002,1,100,Multifamily Housing,319422.0,,313.0,2194052.2,,15807838.3,,,,72.9,74.2,11514.8,1701.18,Yes,40.748175,-74.005302,825,2194.0522,,4632.819589571595,0.0,4632.819589571595,False,
3114461,Not Applicable: Standalone Property,The Caledonia,450 W. 17Th Street,10011,1007147501,2024,2007,1,100,Multifamily Housing,500361.0,,469.0,5413374.3,,28048344.7,,,,93.0,92.9,21855.1,3615.49,Yes,40.74369,-74.005955,357,5413.3742999999995,,8220.15751396044,0.0,8220.15751396044,False,
3114488,Not Applicable: Standalone Property,Westminster,180 W. 20Th Street,10011,1007950001,2024,2001,1,100,Multifamily Housing,285803.0,,254.0,2882433.0,,14480799.1,,,,85.1,86.1,,1901.01,Yes,40.74206,-73.996629,538,2882.433,,4243.902832883274,0.0,4243.902832883274,False,
3235263,Not Applicable: Standalone Property,The Dance Building Condominium,217 W. 19Th Street,10011,1007697506,2024,2002,1,100,Multifamily Housing,57582.0,,12.0,812483.6,,1592659.0,,,,75.8,78.1,1497.1,403.64,No,40.742107,-73.99851,432,812.4836,,466.76222736333955,0.0,466.76222736333955,False,
3448547,Not Applicable: Standalone Property,8 West 14th Street,8 West 14th Street,10011,1005770034,2024,1946,1,100,Office,115500.0,,,33822.4,513288.7,,,,,5.4,5.4,,47.36,Yes,40.73626,-73.994248,938,33.8224,150.43005244213168,,0.0,150.43005244213168,False,
3518964,Not Applicable: Standalone Property,Ten23 - 19178,500 West 23rd St.,10011,1006940039,2024,2011,1,100,Multifamily Housing,113150.0,,111.0,981906.5,,3550545.1,,,,61.0,62.3,,574.16,No,40.747717,-74.004259,699,981.9065,,1040.5619402709501,0.0,1040.5619402709501,False,
3522266,Not Applicable: Standalone Property,"NH Lenox Health, Greenwich Village 1011094",20 7 Avenue,10011,1006170055,2024,1964,1,100,Hospital (General Medical & Surgical),151532.0,,,5173567.0,18553542.3,0.0,,,,240.2,241.1,,3277.92,No,40.737328,-74.000585,451,5173.567,5437.505912708206,0.0,0.0,5437.505912708206,False,
3531301,Not Applicable: Standalone Property,Vesta 24 Condominium,231 10Th Avenue,10011,1006957504,2024,2004,1,100,Multifamily Housing,61107.0,,24.0,341689.1,,2197642.0,,,,55.0,55.4,1327.2,250.9,No,40.748175,-74.003829,775,341.6891,,644.0652235457962,0.0,644.0652235457962,False,
3538284,Not Applicable: Standalone Property,M Rapaport: 150 West 22nd Street,150 W 22nd St,10011,1007970070,2024,1910,1,100,Office,79745.0,,,575006.2,,8977.0,1959765.5,0.0,,49.3,49.3,,371.69,No,40.742834,-73.994735,680,575.0061999999999,,2.6308987140628965,574.3505106176707,576.9814093317336,False,
3539832,Not Applicable: Standalone Property,114 Fifth Avenue,114 5 AVENUE,10011,1008180051,2024,1910,1,100,Office,351552.0,,,3320831.9,,3261019.0,1483886.4,,,45.7,46.2,,1587.34,No,40.737696,-73.992397,958,3320.8319,,955.7102254243815,434.88412850344446,1390.594353927826,False,
3540230,Not Applicable: Standalone Property,Orsid - 61 West 9th St,61 WEST 9 STREET,10011,1005730075,2024,1926,1,100,Multifamily Housing,69259.0,,56.0,249708.6,,3333626.1,,,,60.4,63.2,,275.12,No,40.73393,-73.99847,905,249.70860000000002,,976.9892636355697,0.0,976.9892636355697,False,
3542194,Not Applicable: Standalone Property,140 West 22nd Street,140 West 22nd Street,10011,1007977507,2024,1911,1,100,Multifamily Housing,67132.0,,52.0,735726.2,,1419598.0,,,,58.5,60.0,,364.31,No,40.742749,-73.994533,703,735.7262,,416.04306034156843,0.0,416.04306034156843,False,
3762097,Not Applicable: Standalone Property,341 Chelsea Manhattan NY HAMP,108 W. 24th Street,10011,1007990046,2024,2003,1,100,Hotel,53696.0,,,748079.9,,1554759.4,,,,76.5,77.6,6154.1,376.34,No,40.743808,-73.992912,890,748.0799000000001,,455.65495222648997,0.0,455.65495222648997,False,
3962142,Not Applicable: Standalone Property,25 West 14th Street,17 West 14th Street,10011,1008160023,2024,1925,1,90,Retail Store,60582.0,,,804342.5,,683173.0,,,,56.6,57.0,,352.13,No,40.73637,-73.994465,876,804.3425,,200.21822069538726,0.0,200.21822069538726,False,
4014030,Not Applicable: Standalone Property,Stonehenge - 364 West 18th Street,112 9th Avenue,10011,1007410067,2024,1938,1,100,Multifamily Housing,67863.0,,64.0,432986.4,,3770689.2,,,,77.3,79.4,1940.4,370.3,Yes,40.743026,-74.00384,194,432.9864,,1105.0798003131172,0.0,1105.0798003131172,False,
4038846,Not Applicable: Standalone Property,Orsid - 15 West 12th Street,13 WEST 12 STREET,10011,1005760049,2024,1959,1,100,Multifamily Housing,84361.0,,80.0,322441.9,,1128515.0,2760551.6,,,59.1,60.5,,391.4,No,40.734948,-73.995212,962,322.44190000000003,,330.7350631949081,809.0377246902386,1139.7727878851467,False,
4038849,Not Applicable: Standalone Property,Orsid - 61 7th Avenue,61 7 AVENUE,10011,1007900001,2024,1963,1,100,Multifamily Housing,412000.0,,352.0,3621608.4,14547756.0,1668410.0,,,,69.4,71.2,15446.8,2476.69,Yes,40.738599,-73.999636,453,3621.6084,4263.525961111818,488.9626516129751,0.0,4752.488612724793,False,
4038850,Not Applicable: Standalone Property,Orsid - 170 West 23rd Street,215 7 AVENUE,10011,1007987502,2024,1973,1,100,Multifamily Housing,115909.0,,122.0,2070792.1,5181207.9,1614959.9,,,,119.6,122.2,5553.5,1242.96,Yes,40.743726,-73.9959,699,2070.7921,1518.4619807733677,473.2979752894223,0.0,1991.75995606279,False,
4038980,Not Applicable: Standalone Property,Halstead - 133 West 22nd Street,133 WEST 22 STREET,10011,1007987506,2024,2008,1,100,Multifamily Housing,141440.0,,99.0,1261122.0,,2208797.9,,,,46.0,47.1,,612.53,No,40.742694,-73.99436,744,1261.122,,647.3346947459983,0.0,647.3346947459983,False,
4038982,Not Applicable: Standalone Property,DEPM  2512 - TRANSFER - 32 West 18th Street,32 West 18 Street,10011,1008197503,2024,1908,1,100,Multifamily Housing,80425.0,,21.0,933888.7,,2661205.8,,,,72.7,73.2,1349.9,508.07,Yes,40.738999,-73.992989,829,933.8887,,779.9223478975963,0.0,779.9223478975963,False,
4039173,52943893,Century - 10 West 15th Street (Child - 5 West 14th),5 WEST 14 STREET,10011,1008160031,2024,1964,1,100,Multifamily Housing,197984.0,,193.0,2125713.8,,31953084.8,,,,198.0,198.1,13249.5,2531.89,No,40.736255,-73.994187,922,2125.7138,,9364.523750770044,0.0,9364.523750770044,True,
4040788,Not Applicable: Standalone Property,DEPM 1688 - 166 West 18th Street,127 7 Avenue,10011,1007937508,2024,2008,1,100,Multifamily Housing,86183.0,,40.0,967534.0,,541575.0,,,,44.6,45.3,1710.8,408.7,No,40.740811,-73.998026,468,967.534,,158.71994776301807,0.0,158.71994776301807,False,
4040793,Not Applicable: Standalone Property,245 West 17th Street,245 W 17th St,10011,1007670015,2024,1910,1,100,Office,118945.0,,,1275677.5,,2624712.6,,,,58.7,60.3,408.9,640.34,No,40.741034,-73.999599,300,1275.6775,,769.2272478695202,0.0,769.2272478695202,False,
4040951,Not Applicable: Standalone Property,Manhattan Chelsea Market,75 Ninth Ave,10011,1007130001,2024,1934,1,85,Office,1116700.0,989.0,,25613769.7,,41223067.5,,,,115.2,117.1,,12247.52,Yes,40.741876,-74.004713,274,25613.7697,,12081.287209031747,0.0,12081.287209031747,False,commercial_chelsea_market
4040952,Not Applicable: Standalone Property,21 Chelsea,120 West 21st Street,10011,1007960048,2024,2000,1,95,Multifamily Housing,174621.0,,209.0,1133681.0,,6797376.0,,,,61.1,63.3,5715.9,806.21,No,40.741964,-73.994572,703,1133.681,,1992.1140444917007,0.0,1992.1140444917007,False,
4043731,Not Applicable: Standalone Property,Halstead - 360 West 22nd Street,188 9 AVENUE,10011,1007457502,2024,1960,1,100,Multifamily Housing,240954.0,,217.0,1302081.4,0.0,4566539.0,,,,37.4,38.2,7544.1,753.85,No,40.745513,-74.002028,477,1302.0813999999998,0.0,1338.320327817541,0.0,1338.320327817541,False,
4043732,Not Applicable: Standalone Property,AKAM - 125 West 22nd Street,125 West 22nd Street,10011,1007987505,2024,2008,1,100,Multifamily Housing,55087.0,,33.0,345754.8,,1984290.0,,,,57.4,59.2,1118.5,241.17,No,40.742628,-73.994197,777,345.7548,,581.5379313053209,0.0,581.5379313053209,False,
4043768,Not Applicable: Standalone Property,305 West 16th St Owners Corp,305 West 16th Street,10011,1007407501,2024,2008,1,100,Multifamily Housing,83508.0,,53.0,1025493.2,,2062863.0,,,,66.6,67.0,1589.3,512.26,No,40.741303,-74.002061,128,1025.4932,,604.5654020260588,0.0,604.5654020260588,False,
4052447,4052447,Sheila C Johnson Center,2 West 13th Street,10011,1005760036;1005760042,2024,1913,3,100,College/University,196016.0,,,1968557.2,,127643.0,8353264.5,,,77.5,79.5,,1399.63,No,40.735511,-73.994605,972,1968.5572,,37.4084665878501,2448.0999032279433,2485.5083698157932,False,
4052575,Not Applicable: Standalone Property,Johnson/Kaplan - 66 W12th St,66 W12th Street,10011,1005750017,2024,1931,1,100,College/University,136556.0,,,950576.4,,439825.0,7163041.9,,,79.4,83.5,,928.15,No,40.735744,-73.997139,829,950.5764,,128.8999695792262,2099.2801296077364,2228.1800991869627,False,
4052580,58716192,55 W13th St,55 W.13th Street,10011,1005770071,2024,1900,1,100,College/University,86117.0,,,2078275.0,,3113076.0,,,,118.5,121.2,1879.3,981.44,No,40.736046,-73.99584,778,2078.275,,912.3524167517062,0.0,912.3524167517062,True,
4123405,Not Applicable: Standalone Property,249 West 17th Street,249 West 17th Street,10011,1007670012,2024,1902,1,100,Office,108768.0,,,1380130.0,,884499.5,,,,51.4,51.4,659.1,588.93,No,40.741066,-73.999682,280,1380.13,,259.2211871604406,0.0,259.2211871604406,False,
4128950,Not Applicable: Standalone Property,620 Avenue of the Americas,620 Avenue of the Americas,10011,1008207505,2024,1896,1,100,Office,731613.0,,,8415075.6,,8849.0,9980173.9,,,52.9,54.2,8102.2,4045.45,No,40.740081,-73.994843,804,8415.0756,,2.5933856211142445,2924.899930893849,2927.493316514963,False,
4136687,Not Applicable: Standalone Property,555W23 Condominium (555 W 23 St),555 W 23 St,10011,1006957503,2024,2005,1,90,Multifamily Housing,301191.0,,336.0,2592609.5,,19004945.4,,,,92.5,95.4,10017.9,2027.5,No,40.7484,-74.005836,865,2592.6095,,5569.799088080156,0.0,5569.799088080156,False,
4335590,Not Applicable: Standalone Property,401 West 22nd Street,401 West 22nd Street,10011,1007200045,2024,1999,1,100,Multifamily Housing,58463.0,,57.0,438819.0,,1491623.0,,,,51.1,52.4,1942.7,251.54,No,40.745916,-74.002007,542,438.819,,437.15150190115185,0.0,437.15150190115185,False,
4367548,Not Applicable: Standalone Property,500 W 21st Street Condominium,500 W 21st Street,10011,1006927502,2024,2014,1,100,Multifamily Housing,89431.0,,32.0,884062.4,,3127422.3,,,,68.7,69.9,2463.5,513.26,Yes,40.74643,-74.005193,579,884.0624,,916.5569017936533,0.0,916.5569017936533,False,
4372134,Not Applicable: Standalone Property,Brodsky - 445-455 West 20th Street,445 - 455 West 20th Street,10011,1007187503,2024,2014,1,100,Multifamily Housing,70000.0,,21.0,625490.9,,1323510.0,,,,49.4,50.8,,315.91,No,40.745184,-74.004006,488,625.4909,,387.8824503786771,0.0,387.8824503786771,False,
4376878,Not Applicable: Standalone Property,Halstead - 236-246 West 17th Street,236 WEST 17 STREET,10011,1007667504,2024,1926,1,100,Multifamily Housing,63066.0,,31.0,529282.7,,2654319.0,,,,70.7,72.8,,348.82,No,40.740951,-73.999448,263,529.2827,,777.9040262685434,0.0,777.9040262685434,False,
4377727,Not Applicable: Standalone Property,Century - 100 West 18th Street,605 6 AVENUE,10011,1007937507,2024,2006,1,100,Multifamily Housing,112560.0,,42.0,1569702.5,,2347627.0,,,,68.4,69.2,2286.0,741.08,No,40.739609,-73.995211,667,1569.7025,,688.021483279418,0.0,688.021483279418,False,
4405691,Not Applicable: Standalone Property,The Lawrence House,486 Avenue Of The Amer,10011,1005760001,2024,1960,1,100,Multifamily Housing,131126.0,,112.0,766646.0,,7705688.0,165600.0,,,80.0,81.9,3674.4,722.62,Yes,40.736167,-73.997698,765,766.646,,2258.3139857602646,48.53256400231878,2306.8465497625834,False,
4405892,Not Applicable: Standalone Property,590 6th Avenue,590 6th Avenue,10011,1008187501,2024,1988,1,100,K-12 School,173968.0,,,2117578.0,,4276610.7,,,,66.1,68.0,2011.5,1058.68,No,40.739178,-73.9955,729,2117.578,,1253.350739799223,0.0,1253.350739799223,False,
4407514,Not Applicable: Standalone Property,SW - 200 West 15th Street,200 West 15th Street,10011,1007640042,2024,1931,1,100,Multifamily Housing,116249.0,,110.0,719871.3,,6944706.2,,,,80.9,83.4,,651.54,Yes,40.739417,-73.999614,386,719.8713,,2035.2922592318844,0.0,2035.2922592318844,False,
4407826,Not Applicable: Standalone Property,Olnick - ROC Fifth Avenue Associates LLC,130 5 Avenue,10011,1008200038,2024,1904,1,100,Office,122509.0,,,1352777.9,,2532.0,,980536.0,,45.7,45.7,,605.16,No,40.738596,-73.991744,982,1352.7778999999998,,0.7420558698905263,287.3667039648409,288.1087598347314,False,
4408958,Not Applicable: Standalone Property,135 West 18th Street,135 West 18th Street,10011,1007940017,2024,1989,1,100,Office,52500.0,,,803187.8,,1207367.0,,,,75.2,76.4,1057.0,379.52,No,40.740339,-73.996128,582,803.1878,,353.84430073543245,0.0,353.84430073543245,False,
4410715,Not Applicable: Standalone Property,33 West 19th Street - 41708,33 West 19th Street,10011,1008210021,2024,1920,1,100,Office,56470.0,,,184881.5,,1064985.0,,,,30.0,31.5,,129.17,No,40.739609,-73.992588,881,184.8815,,312.11626010875284,0.0,312.11626010875284,False,
4410723,Not Applicable: Standalone Property,144 West 18 Street - 42252,144 West 18 Street,10011,1007937506,2024,1910,1,100,Multifamily Housing,70002.0,,18.0,422674.6,,2331191.9,,,,53.9,55.5,1648.9,289.8,No,40.740408,-73.996341,529,422.6746,,683.204831451915,0.0,683.204831451915,False,
4413921,Not Applicable: Standalone Property,520 West 19th Street,520 West 19th Street,10011,1006907501,2024,2007,1,100,Multifamily Housing,73107.0,,26.0,668509.0,,2228588.0,,,,61.7,62.7,1255.2,380.88,No,40.745601,-74.006853,564,668.509,,653.1345999082101,0.0,653.1345999082101,False,
4414554,Not Applicable: Standalone Property,Buchbinder: 160 W 16th St,160 W 16th St,10011,1007910078,2024,1920,1,100,Multifamily Housing,67200.0,,69.0,258990.2,,109512.0,,,,14.8,14.9,1551.1,107.52,Yes,40.73937,-73.997525,450,258.9902,,32.09479558588124,0.0,32.09479558588124,False,
4630104,Not Applicable: Standalone Property,143-145 Owners Corporation (143 West 20th Street),143 West 20th Street,10011,1007960013,2024,1909,1,95,Multifamily Housing,53820.0,,13.0,206105.1,,2004420.1,,,,50.3,52.8,591.9,187.4,No,40.741786,-73.995933,624,206.1051,,587.4374806206777,0.0,587.4374806206777,False,
4739512,Not Applicable: Standalone Property,206-218 West 19th Street,206-218 West 19th Street,10011,1007687501,2024,1939,1,100,Multifamily Housing,51717.0,,60.0,158418.8,,126424.0,2748849.8,,,66.0,68.2,1627.7,272.9,No,40.741761,-73.997734,423,158.41879999999998,,37.05121299172192,805.6082660100312,842.6594790017532,False,
4769672,4769672,London Terrace Towers,465 West 23rd Street,10011,1007217501,2024,1932,2,100,Multifamily Housing,690336.0,,702.0,4461264.2,,40354027.0,,,,80.5,82.8,,3895.23,Yes,40.747226,-74.003046,727,4461.2642000000005,,11826.596607057973,0.0,11826.596607057973,False,
4802833,Not Applicable: Standalone Property,218 West 18th Street,218 West 18th Street,10011,1007670054,2024,1912,1,100,Office,142590.0,5400.0,,3416540.3,,3311126.8,,,,105.0,107.7,2355.6,1517.47,No,40.741382,-73.998658,349,3416.5402999999997,,970.3953704154164,0.0,970.3953704154164,False,
4832241,Not Applicable: Standalone Property,430 West 15th Street (422 WEST 15 STREET),422 WEST 15 STREET,10011,1007120046,2024,2016,1,100,Office,111300.0,,,1057593.8,,2598564.9,,,,55.8,56.6,,553.32,No,40.742107,-74.00599,278,1057.5938,,761.5641142719148,0.0,761.5641142719148,False,
4936244,Not Applicable: Standalone Property,Elijah Equities - 520 W 20th St,516 WEST 20 STREET,10011,1006910043,2024,1914,1,50,Office,80500.0,,,47474.5,,2092757.8,,,,28.0,29.0,925.3,129.8,Yes,40.746213,-74.006493,610,47.4745,,613.3267021126319,0.0,613.3267021126319,False,
4936981,Not Applicable: Standalone Property,Union Land House Condo,116 W. 14Th Street,10011,1006097502,2024,1912,1,100,Multifamily Housing,65387.0,,19.0,255449.6,,303860.0,1856872.8,,,46.4,46.8,694.2,254.23,No,40.737668,-73.997597,615,255.4496,,89.05256580763638,544.1956401580005,633.2482059656369,False,
4949691,Not Applicable: Standalone Property,DEPM 2448 - 25 West 13th Street,22 West 14 Street,10011,1005770024,2024,1960,1,100,Multifamily Housing,125301.0,,183.0,746312.1,,7580352.2,,,,80.8,83.0,,695.69,Yes,40.7364,-73.994577,873,746.3121,,2221.581692672814,0.0,2221.581692672814,False,
4950979,Not Applicable: Standalone Property,AKAM - 520 West 23rd Street,514 West 23rd Street,10011,1006940042,2024,2003,1,100,Multifamily Housing,97568.0,,107.0,703663.3,,3229096.1,,,,57.7,59.4,3405.9,447.83,No,40.748082,-74.005121,736,703.6633,,946.3545479642993,0.0,946.3545479642993,False,
4951878,Not Applicable: Standalone Property,AKAM - 201 West 17th Street,201 West 27th Street,10011,1007677503,2024,2010,1,100,Multifamily Housing,91797.0,,37.0,688396.7,,0.0,,,,25.6,25.6,1778.9,270.32,No,40.746663,-73.993897,404,688.3967,,0.0,0.0,0.0,False,
4951912,Not Applicable: Standalone Property,AKAM - 16 West 16th Street,16 West 16th Street,10011,1008170029,2024,1962,2,100,Multifamily Housing,423105.0,,489.0,1741676.3,,21917346.2,,,,65.8,68.2,13778.4,1848.05,No,40.737666,-73.993469,900,1741.6763,,6423.339415534289,0.0,6423.339415534289,False,
4952798,Not Applicable: Standalone Property,AKAM - 151 West 21st Street,151 West 21st Street,10011,1007977508,2024,2012,1,100,Multifamily Housing,71842.0,,50.0,562156.6,,1009747.0,,,,40.8,41.3,1220.8,274.38,No,40.742233,-73.995175,666,562.1566,,295.92760207517745,0.0,295.92760207517745,False,
4978579,Not Applicable: Standalone Property,Dream Hotel: 355 West 16th St,355 West 16th St,10011,1007407502,2024,1966,1,100,Hotel,196328.0,,,4167261.6,7017102.2,448627.0,,,,110.4,111.5,,2126.15,No,40.741733,-74.003082,105,4167.2616,2056.509430146811,131.47958086152335,0.0,2187.9890110083343,False,
4997968,4997968,160 West 24th Street - The Chelsea (Parent Property),160 West 24th Street,10011,1007990003,2024,1987,2,95,Multifamily Housing,210103.0,,204.0,1719474.0,,1969404.0,,,,37.3,38.3,4891.2,779.8,Yes,40.74425,-73.993966,767,1719.474,,577.1752758238081,0.0,577.1752758238081,False,
5026632,Not Applicable: Standalone Property,80 Fifth Avenue,80 Fifth Avenue,10011,1005770039,2024,1908,1,85,Office,126756.0,,,1566358.3,,0.0,4334842.2,,,76.4,82.2,2326.4,936.73,Yes,40.735807,-73.993772,977,1566.3583,,0.0,1270.416705987031,1270.416705987031,False,
5043145,Not Applicable: Standalone Property,Kinsey: 148 West 24th St,148 West 24th St,10011,1007990067,2024,1910,1,100,Office,63971.0,,,587205.8,,2496433.3,,,,70.3,72.3,,363.18,No,40.744149,-73.993721,800,587.2058000000001,,731.6323001797698,0.0,731.6323001797698,False,
5218337,Not Applicable: Standalone Property,Merchants: 213 West 23rd St,213 West 23rd St,10011,1007737502,2024,1900,1,100,Multifamily Housing,70260.0,,12.0,908298.9,0.0,1289960.0,,,,62.5,63.3,3074.5,425.19,Yes,40.744388,-73.996308,700,908.2989,0.0,378.04991703158896,0.0,378.04991703158896,False,
5802561,Not Applicable: Standalone Property,101 7th Ave - 30014,101 7th Ave,10011,1007927504,2024,1930,1,100,Multifamily Housing,215622.0,,156.0,1380212.5,0.0,7371481.3,,,,56.0,58.1,,933.51,No,40.739966,-73.99864,446,1380.2125,0.0,2160.367681063684,0.0,2160.367681063684,False,
5829624,Not Applicable: Standalone Property,532 West 22nd Street,532 West 22nd Street,10011,1006937501,2024,1930,1,100,Multifamily Housing,35719.0,,14.0,244138.6,,2362398.0,,,,89.5,92.3,818.4,221.35,Yes,40.747563,-74.005966,735,244.1386,,692.3504355914848,0.0,692.3504355914848,False,
5832487,Not Applicable: Standalone Property,Charles H. Greenthal: 54 WEST 16TH STREET,54 WEST 16TH STREET,10011,1008170085,2024,1955,1,100,Multifamily Housing,139068.0,,119.0,626371.5,,6853314.2,,,,64.6,66.7,6890.3,609.97,No,40.738042,-73.994364,730,626.3715,,2008.5079108665468,0.0,2008.5079108665468,False,
5850801,Not Applicable: Standalone Property,118-120 5th Avenue,118-120 5th Avenue,10011,1008190037,2024,1906,1,100,Office,66269.0,,,762132.4,,1397361.1,0.0,,,60.4,,279.8,373.63,No,40.737981,-73.992191,972,762.1324000000001,,409.52606896196,0.0,409.52606896196,False,
5850905,Not Applicable: Standalone Property,122-124 5th Avenue,122-124 5th Avenue,10011,1008190039,2024,1900,1,50,Office,260974.0,,,1734936.9,,2948247.9,0.0,,,34.0,,,838.46,No,40.73817,-73.992054,956,1734.9369,,864.0460742841301,0.0,864.0460742841301,False,
5853055,Not Applicable: Standalone Property,551 West 21st Street,144 11 AVENUE,10011,1006937502,2024,2013,1,100,Multifamily Housing,204899.0,,43.0,2400173.1,,7656684.7,,,,77.3,78.9,4034.2,1349.18,No,40.747604,-74.007806,773,2400.1731,,2243.952537731431,0.0,2243.952537731431,False,
5876476,Not Applicable: Standalone Property,DEPM 1650 - 45 West 10th Street,45 West 10 Street,10011,1005740067,2024,1957,1,100,Multifamily Housing,72952.0,,90.0,392342.6,,0.0,4554690.2,,,80.8,83.0,3061.0,492.04,No,40.73421,-73.997315,888,392.3426,,0.0,1334.8477876946506,1334.8477876946506,False,
5876802,Not Applicable: Standalone Property,60 West 13th Street,60 W. 13TH ST.,10011,1005767501,2024,1968,1,100,Multifamily Housing,82017.0,,70.0,455292.0,,172706.0,2934059.5,,,56.8,56.9,2518.7,405.67,No,40.736085,-73.995969,782,455.292,,50.6151268030463,859.8878651591874,910.5029919622338,False,
5990066,Not Applicable: Standalone Property,Halstead - 124 West 23rd Street,124 WEST 23 STREET,10011,1007987507,2024,2012,1,100,Multifamily Housing,58905.0,,29.0,391933.3,,1239701.0,,,,43.7,44.6,1106.6,219.75,No,40.743287,-73.993724,805,391.9333,,363.32045969950843,0.0,363.32045969950843,False,
6011298,Not Applicable: Standalone Property,12th Americas Company LLC,86 West 12th Street,10011,1005750011,2024,1959,1,100,Multifamily Housing,38758.0,,42.0,312160.2,,1967556.0,,,,78.2,80.3,,227.08,Yes,40.73589,-73.997485,780,312.16020000000003,,576.6336805443619,0.0,576.6336805443619,False,
6078588,Not Applicable: Standalone Property,31 Operating Corp. (31 West 12th Street),31 West 12th Street,10011,1005760056,2024,1900,1,100,Multifamily Housing,50388.0,,22.0,170900.0,,33544.0,,,,12.2,12.3,641.3,68.89,No,40.735149,-73.995688,915,170.9,,9.830774920856166,0.0,9.830774920856166,False,
6078748,Not Applicable: Standalone Property,14 West 14th Street Condominium (14 West 14th Street),14 West 14th Street,10011,1005777504,2024,2008,1,100,Multifamily Housing,40805.0,,30.0,431272.6,,1086542.1,,,,62.7,64.2,,227.06,No,40.736321,-73.994389,918,431.27259999999995,,318.43402179627935,0.0,318.43402179627935,False,
6114096,Not Applicable: Standalone Property,71 West 12th Street,71 West 12th Street,10011,1005760076,2024,1922,1,95,Multifamily Housing,37824.0,,46.0,145165.7,,71951.0,2713093.7,,,86.7,88.4,,262.14,No,40.735818,-73.997272,793,145.16570000000002,,21.086754302722454,795.1291886445524,816.2159429472749,False,
6134883,Not Applicable: Standalone Property,215 West 20th Street,215 West 20th Street,10011,1007700031,2024,1910,1,100,Multifamily Housing,26250.0,,14.0,145127.3,,259873.0,,,,28.8,30.4,,70.79,Yes,40.742595,-73.99786,491,145.1273,,76.16125003003978,0.0,76.16125003003978,False,
6139025,Not Applicable: Standalone Property,226 West 20th Street,226 West 20th Street,10011,1007690053,2024,1920,1,100,Multifamily Housing,28633.0,,52.0,334887.1,,1757636.0,,,,101.3,101.5,3153.0,224.86,No,40.742664,-73.998069,421,334.8871,,515.1122081085723,0.0,515.1122081085723,False,
6168896,Not Applicable: Standalone Property,141 West 13th Street,141 West 13th Street,10011,1006090065,2024,1987,1,100,Multifamily Housing,28200.0,,15.0,180751.6,,1172446.0,,,,63.4,64.9,591.7,133.25,Yes,40.737196,-73.998575,553,180.7516,,343.60996699433963,0.0,343.60996699433963,False,
6168917,Not Applicable: Standalone Property,521 West 23rd Street,521 West 23rd Street,10011,1006957502,2024,1914,1,100,Multifamily Housing,45816.0,,7.0,289840.1,,39.0,1226074.9,1314583.8,,77.0,78.8,,303.76,Yes,40.748129,-74.005186,784,289.84009999999995,,0.011429770507792467,744.5934840929833,744.6049138634911,False,
6178163,Not Applicable: Standalone Property,136 Wooster Corp (980 Madison Ave),555 W 24th Street,10011,1006960001,2024,1986,1,100,Museum,26548.0,,,398269.7,,493893.0,,,,69.8,69.8,106.2,182.62,No,40.749087,-74.005396,936,398.2697,,144.7457344975678,0.0,144.7457344975678,False,
6188320,Not Applicable: Standalone Property,142-146 West 23rd Street,142-146 West 23rd Street,10011,1007980066,2024,1989,1,80,Multifamily Housing,48680.0,,68.0,464643.0,,187623.0,651042.6,,,49.8,,2761.1,240.73,No,40.743438,-73.994089,758,464.643,,54.98686748675759,190.80173099478276,245.78859848154036,False,
6188324,Not Applicable: Standalone Property,160 West 22nd Street,160 West 22nd Street,10011,1007970074,2024,2000,1,90,Multifamily Housing,41423.0,,51.0,265513.1,,1841859.0,,,,66.3,68.0,2315.1,202.09,No,40.742919,-73.99494,663,265.51309999999995,,539.7955301977468,0.0,539.7955301977468,False,
6225115,Not Applicable: Standalone Property,114 WEST 16th   STREET - 35453,114 WEST 16th   STREET,10011,1007910050,2024,1939,1,100,Multifamily Housing,36010.0,,41.0,117313.5,,2068177.1,,,,68.5,71.9,,155.92,No,40.738978,-73.99659,612,117.3135,,606.122810832609,0.0,606.122810832609,False,
6225116,Not Applicable: Standalone Property,115 WEST 16th   STREET - 35454,115 WEST 16th   STREET,10011,1007920024,2024,1920,1,100,Multifamily Housing,43190.0,,48.0,177635.6,,1839804.0,,,,56.6,58.8,1683.9,167.47,No,40.738991,-73.996579,597,177.6356,,539.1932692132978,0.0,539.1932692132978,False,
6227726,Not Applicable: Standalone Property,McBurney,125 W 14th St,10011,1007907502,2024,2001,1,100,Fitness Center/Health Club/Gym,76534.0,,,2593561.7,,741903.0,,,,125.3,126.0,16008.3,1057.84,No,40.737751,-73.997748,587,2593.5617,,217.43028279596805,0.0,217.43028279596805,False,
6232581,Not Applicable: Standalone Property,The Getty Condominium (501 West 24th Street),501 West 24th Street,10011,1006967503,2024,2017,1,100,Multifamily Housing,57515.0,,5.0,1041786.5,,3809371.8,,,,128.0,128.8,895.3,611.42,Yes,40.748398,-74.003764,810,1041.7865,,1116.4165500732386,0.0,1116.4165500732386,False,
6250162,Not Applicable: Standalone Property,6 West 20th Street,6 West 20th Street,10011,1008210049,2024,1910,1,100,Multifamily Housing,49032.0,,10.0,285231.3,1153344.3,23389.0,,,,43.8,46.0,1292.6,189.83,No,40.739911,-73.991527,965,285.2313,338.01181193514225,6.854638523250205,0.0,344.8664504583925,False,
6265967,Not Applicable: Standalone Property,510 WEST 21 STREET - [510-520 W. 21st],510 WEST 21 STREET,10011,1006920041,2024,1928,1,95,Self-Storage Facility,124386.0,,,72789.9,,,1628965.8,,,15.1,15.9,,149.46,No,40.746767,-74.005991,630,72.78989999999999,,,477.4026989498093,477.4026989498093,False,
6266279,Not Applicable: Standalone Property,258 West 22nd Street - 39832,258 West 22nd Street,10011,1007710068,2024,1920,1,100,Multifamily Housing,33413.0,,39.0,102154.0,,61177.0,2468682.1,,,86.1,87.7,899.2,226.55,No,40.744289,-73.998185,514,102.154,,17.92920693218512,723.4992271716711,741.4284341038563,False,
6272136,Not Applicable: Standalone Property,33 West 17th Street,33 West 17th Street,10011,1008190019,2024,1907,1,95,Office,48532.0,,,292437.2,,626829.0,,,,33.5,34.8,373.3,148.13,No,40.738437,-73.99344,835,292.4372,,183.7054260930524,0.0,183.7054260930524,False,
6274256,Not Applicable: Standalone Property,Dia Art Foundation,533 West 22nd Street,10011,1006940014,2024,1918,1,100,Office,45000.0,,,601151.4,,495510.0,,,,56.6,58.1,578.4,262.38,No,40.747486,-74.005738,767,601.1514,,145.2196303670832,0.0,145.2196303670832,False,
6282377,11173844,LOST AAR: 410 West 23rd Street (child),400-410 West 23rd Street,10011,1007200049,2024,1920,1,100,Multifamily Housing,39135.0,,42.0,524954.0,,6679000.4,,,,216.4,219.7,,560.89,Yes,40.746666,-74.001758,576,524.954,,1957.4215844475407,0.0,1957.4215844475407,False,
6282393,Not Applicable: Standalone Property,ABC: 234 West 21st St,234 West 21st St,10011,1007700059,2024,1913,1,100,Multifamily Housing,35008.0,,35.0,126787.4,,45303.0,1420751.5,,,54.2,54.2,941.5,157.62,Yes,40.743328,-73.997828,468,126.78739999999999,,13.276997264474925,416.3811177846643,429.6581150491392,False,
6282404,Not Applicable: Standalone Property,ABC: 445 West 19th St,445 West 19th St,10011,1007177501,2024,1989,1,100,Multifamily Housing,58160.0,,71.0,321237.1,,2684384.5,,,,65.0,66.3,2329.4,268.72,No,40.744709,-74.004695,430,321.2371,,786.715353581416,0.0,786.715353581416,False,
6282519,Not Applicable: Standalone Property,Buchbinder: 222 W 15th St,222 W 15th St,10011,1007640051,2024,1928,1,100,Multifamily Housing,72395.0,,98.0,245018.7,,5618878.4,,,,89.2,89.3,2308.5,394.66,No,40.739606,-74.000061,305,245.01870000000002,,1646.730528799798,0.0,1646.730528799798,False,
6282524,Not Applicable: Standalone Property,Buchbinder: 319 W 18th St,319 W 18th St,10011,1007420022,2024,1928,1,100,Multifamily Housing,36443.0,,60.0,142015.2,,244071.0,820272.1,1314218.9,,78.6,80.3,1122.2,228.54,Yes,40.742595,-74.00149,215,142.01520000000002,,71.5301414771132,625.5574943832936,697.0876358604069,False,
6282562,Not Applicable: Standalone Property,Cornerstone: 32 W 20th St,32 W 20th St,10011,1008210062,2024,1900,1,100,Multifamily Housing,44379.0,,18.0,232460.1,,1714487.9,,,,56.5,59.4,,182.35,No,40.740166,-73.992137,872,232.4601,,502.4667496253087,0.0,502.4667496253087,False,
6282680,Not Applicable: Standalone Property,J & M: 138 West 17th,138 West 17th Street,10011,1007927502,2024,1968,1,100,Multifamily Housing,37002.0,,8.0,124300.2,,1589733.9,,,,54.4,56.6,449.2,133.25,Yes,40.7399,-73.996958,519,124.3002,,465.9049652681512,0.0,465.9049652681512,False,
6282899,Not Applicable: Standalone Property,Sandra Greer: 181 7th Avenue,181 7th Ave,10011,1007967501,2024,1987,1,100,Multifamily Housing,37831.0,,45.0,321322.6,,3902855.7,,,,132.1,136.2,,333.47,No,40.742565,-73.996749,587,321.32259999999997,,1143.8139737443519,0.0,1143.8139737443519,False,
6283105,Not Applicable: Standalone Property,151 W 19th Street,151 W 19th Street,10011,1007950012,2024,1911,1,95,Office,44712.0,,,224719.3,,31202.0,1860999.0,,,59.5,59.7,319.4,227.99,No,40.741058,-73.99603,568,224.71929999999998,,9.144402548311296,545.4049098777249,554.5493124260362,False,
6288366,Not Applicable: Standalone Property,224 West 18th Street,224 W. 18TH ST.,10011,1007677504,2024,2002,1,100,Multifamily Housing,58120.0,,32.0,506202.0,,2705778.0,,,,76.3,77.9,1736.9,342.49,No,40.741434,-73.998777,322,506.202,,792.9851688470176,0.0,792.9851688470176,False,
6294568,6294568,220 West 24th St and 225 West 23rd Street,220 West 24th St,10011,1007730056;1007730027,2024,1930,2,100,Multifamily Housing,123731.0,,245.0,611349.0,,6480906.7,,,,69.2,71.6,,584.29,Yes,40.745104,-73.995998,682,611.349,,1899.3660580362719,0.0,1899.3660580362719,False,
6294578,Not Applicable: Standalone Property,129 West 22nd Street,129 West 22nd Street,10011,1007980026,2024,1909,1,100,Multifamily Housing,49223.0,,16.0,165761.8,,1872620.1,,,,49.5,51.2,983.7,164.55,Yes,40.742661,-73.99428,765,165.7618,,548.8107177251123,0.0,548.8107177251123,False,
6294587,Not Applicable: Standalone Property,350 West 23rd Street,350 West 23rd Street,10011,1007467507,2024,1910,1,100,Multifamily Housing,32958.0,,14.0,217802.0,,205150.0,,,,28.8,29.1,539.9,96.42,No,40.745894,-73.999931,549,217.802,,60.12352358137499,0.0,60.12352358137499,False,
6299929,Not Applicable: Standalone Property,250 West 15th Street,244 West 15 Street,10011,1007640062,2024,1930,1,100,Multifamily Housing,44800.0,,59.0,222156.8,,2680234.0,,,,76.7,79.5,1291.9,229.6,No,40.739793,-74.000505,228,222.15679999999998,,785.4989622354522,0.0,785.4989622354522,False,
6301459,Not Applicable: Standalone Property,Andrews: 12 W 17th St,12 W 17th St,10011,1008180058,2024,1925,1,100,Multifamily Housing,32508.0,,11.0,164737.7,,37474.0,1249866.0,,,56.9,58.4,451.4,159.42,Yes,40.738212,-73.992949,912,164.73770000000002,,10.982544102795254,366.299526807501,377.2820709102963,False,
6303085,Not Applicable: Standalone Property,250 West 16th Street,248 West 16 Street,10011,1007650070,2024,1930,1,100,Multifamily Housing,49816.0,,46.0,215828.0,,1339288.9,,,,41.7,41.8,1647.3,155.89,Yes,40.740465,-74.000119,196,215.828,,392.5067889906106,0.0,392.5067889906106,False,
6303546,Not Applicable: Standalone Property,Altair 20,15 W. 20Th Street,10011,1008227504,2024,1906,1,100,Multifamily Housing,41025.0,,17.0,465869.9,,1674506.0,,,,79.6,81.7,1046.5,271.88,Yes,40.74002,-73.991743,949,465.86990000000003,,490.74921266465464,0.0,490.74921266465464,False,
6306306,Not Applicable: Standalone Property,129 West 20th Street,129 W. 20Th Street,10011,1007967503,2024,1905,1,100,Multifamily Housing,36455.0,,16.0,257361.2,,67142.0,,,,25.9,26.0,981.4,104.63,No,40.741514,-73.995287,661,257.3612,,19.677375677800047,0.0,19.677375677800047,False,
6309302,Not Applicable: Standalone Property,452 West 19th Street,452 West 19Th Street,10011,1007167502,2024,1920,1,100,Multifamily Housing,23622.0,,20.0,111279.4,,259360.0,,,,27.1,27.6,,57.47,No,40.744755,-74.00485,432,111.2794,,76.01090458720651,0.0,76.01090458720651,False,
6309310,Not Applicable: Standalone Property,650 Sixth Avenue,650 Avenue Of The Amer,10011,1008217503,2024,1906,1,100,Multifamily Housing,136995.0,,70.0,1535426.6,2722105.3,842769.0,,,,64.3,64.6,4310.3,828.44,No,40.740855,-73.994277,788,1535.4266,797.7702276165529,246.99118618158332,0.0,1044.7614137981363,False,
6311955,60087394,1 7 Avenue,1 7 Avenue,10011,1006077503,2024,2015,1,100,Multifamily Housing,507665.0,,198.0,7308729.3,40613698.2,494431.0,,,,130.1,132.2,13566.9,5592.93,Yes,40.736656,-74.001018,599,7308.7293,11902.698715352411,144.9034067163676,0.0,12047.60212206878,True,
6317581,Not Applicable: Standalone Property,Warehouse Eyes LLC (John Peden),155 West 19th Street,10011,1007950010,2024,1893,1,40,Office,28813.0,,,77541.5,,875906.5,,,,39.6,40.7,3056.6,76.97,No,40.741094,-73.996113,556,77.5415,,256.70282772522364,0.0,256.70282772522364,False,
6318071,Not Applicable: Standalone Property,Loria: 6-8 West 18th Street,6-8 West 18th Street,10011,1008190050,2024,1910,1,100,Office,51889.0,,,504843.0,,796447.0,,,,,48.7,2036.2,,No,40.738741,-73.992379,926,504.843,,233.41554952871246,0.0,233.41554952871246,False,
6333453,Not Applicable: Standalone Property,Eagle Point - 513-519 West 20th Street,513-519 West 20th Street,10011,1006920023,2024,1910,1,90,Office,83250.0,,,593656.7,,,938441.3,,,35.6,36.2,374.8,302.75,No,40.746202,-74.006428,613,593.6567,,,275.02996651370313,275.02996651370313,False,
6333460,Not Applicable: Standalone Property,Eagle Point - 521-527 West 20th Street,521-527 West 20th Street,10011,1006920019,2024,1913,1,100,Office,94622.0,,,1216048.6,,,,,,43.8,44.4,167.8,477.52,No,40.746248,-74.006536,638,1216.0486,,,0.0,0.0,False,
6333465,Not Applicable: Standalone Property,Eagle Point - 529-535 West 20th Street,529-535 West 20th Street,10011,1006920015,2024,1930,1,90,Office,111330.0,,,423019.9,,2260675.0,,,,33.3,34.9,234.1,286.19,No,40.746295,-74.006644,663,423.0199,,662.5383703257368,0.0,662.5383703257368,False,
6338140,Not Applicable: Standalone Property,Alfa -15 West 18th Street,15 West 18th Street,10011,1008200029,2024,1903,1,100,Office,47225.0,,9.0,643254.2,,4201854.1,,,,135.5,140.4,,475.77,Yes,40.738851,-73.992599,910,643.2542,,1231.441745390432,0.0,1231.441745390432,False,
6352413,Not Applicable: Standalone Property,205 West 13th Street,205 West 13th Street,10011,1006180042,2024,1962,1,100,Multifamily Housing,26700.0,,55.0,129459.8,,1253405.0,,,,63.5,65.5,1287.2,117.41,No,40.73805,-74.000599,406,129.4598,,367.3367052133235,0.0,367.3367052133235,False,
6382099,Not Applicable: Standalone Property,141 West 16th Street,141 West 16th Street,10011,1007920012,2024,1940,1,100,Multifamily Housing,34662.0,,49.0,133346.9,,2281537.2,,,,78.9,82.2,1239.6,173.55,No,40.739214,-73.997106,507,133.3469,,668.6524769484976,0.0,668.6524769484976,False,
6382101,Not Applicable: Standalone Property,204 West 14 Street,204 West 14 Street,10011,1006180028,2024,1969,1,100,Multifamily Housing,32000.0,,52.0,289193.1,,1754772.0,,,,85.7,88.3,,206.76,No,40.738758,-74.000195,381,289.19309999999996,,514.2728526538463,0.0,514.2728526538463,False,
6382103,Not Applicable: Standalone Property,209 West 13th Street,209 West 13th Street,10011,1006180044,2024,1900,1,100,Multifamily Housing,27075.0,,36.0,85780.7,,2439387.0,,,,100.9,101.1,1158.0,163.25,No,40.738102,-74.000718,392,85.7807,,714.9136817869831,0.0,714.9136817869831,False,
6382108,Not Applicable: Standalone Property,248 West 17th Street,248 West 17th Street,10011,1007660071,2024,1920,1,100,Multifamily Housing,25362.0,,48.0,119389.9,,2120310.0,,,,99.7,103.2,,159.5,No,40.741053,-73.999693,239,119.3899,,621.4014539840371,0.0,621.4014539840371,False,
6409994,Not Applicable: Standalone Property,635 Avenue of the Americas,635 Avenue of the Americas,10011,1007950037,2024,1902,1,75,Office,76651.0,,,1498293.5,,2027173.2,,,,93.1,95.2,187.9,696.02,No,40.740581,-73.994504,703,1498.2935,,594.1057552704431,0.0,594.1057552704431,False,
6441058,Not Applicable: Standalone Property,101 West 23rd Street,101 West 23rd St,10011,1007990035,2024,1958,1,95,Multifamily Housing,99819.0,,80.0,638239.1,,25070.0,,4866179.9,,70.8,73.9,,618.3,No,40.743097,-73.993226,893,638.2391,,7.347290939239927,1426.1363976059615,1433.4836885452014,False,
6457870,Not Applicable: Standalone Property,117 West 13th Street,117 West 13th Street,10011,1006090053,2024,1910,1,100,Multifamily Housing,34027.0,,57.0,137246.5,,1886459.0,0.0,,,69.2,,,154.09,Yes,40.736993,-73.998088,631,137.2465,,552.8664985220428,0.0,552.8664985220428,False,
6549794,Not Applicable: Standalone Property,Owners Corp. - 36 West 15th St,36 West 15th St,10011,1008160062,2024,1909,1,100,Multifamily Housing,33878.0,,36.45,133842.8,,766295.0,1104414.0,,,68.7,71.6,954.1,175.21,Yes,40.737366,-73.994742,826,133.84279999999998,,224.5788715709956,323.67175809213103,548.2506296631266,False,
6574521,Not Applicable: Standalone Property,132 West 22nd Street,132 West 22nd Street,10011,1007977503,2024,1913,1,100,Multifamily Housing,40717.0,,10.0,376732.3,,0.0,,,,31.6,31.6,,147.93,No,40.74268,-73.99437,724,376.7323,,0.0,0.0,0.0,False,
6582036,Not Applicable: Standalone Property,Orsid - 155 West 15th Street,153 WEST 15 STREET,10011,1007910009,2024,1892,1,60,Multifamily Housing,49870.0,,40.0,214106.2,,1821162.0,,,,51.2,51.2,935.8,180.81,No,40.738819,-73.998156,484,214.1062,,533.7298389105729,0.0,533.7298389105729,False,
6600357,Not Applicable: Standalone Property,Andrews: 9 W 20th St,9 W 20th ST,10011,1008227503,2024,1910,1,100,Multifamily Housing,27379.0,,11.0,211540.2,,1412283.1,,,,77.9,80.3,671.8,158.08,Yes,40.739963,-73.991606,969,211.5402,,413.89927500086463,0.0,413.89927500086463,False,
6627932,Not Applicable: Standalone Property,127 West 24th Street,127 W. 24TH ST.,10011,1008000023,2024,1904,1,100,Office,40686.0,,,269370.6,,,1536326.3,,,60.4,60.4,501.7,219.78,No,40.743976,-73.993266,886,269.37059999999997,,,450.2527444637416,450.2527444637416,False,
6629441,Not Applicable: Standalone Property,Andrews: 42 W 17th St,42 W 17th St,10011,1008180073,2024,1910,1,100,Multifamily Housing,52986.0,,21.0,273314.3,,1661285.9,,,,49.0,50.5,,195.56,No,40.738508,-73.993653,802,273.3143,,486.8747842264478,0.0,486.8747842264478,False,
6640510,Not Applicable: Standalone Property,575 6th Avenue,575 6th Avenue,10011,1007920033,2024,1900,1,100,Multifamily Housing,32950.0,,16.0,125378.2,,16046.0,1510548.0,,,59.3,61.0,501.2,162.17,No,40.738777,-73.995821,661,125.37819999999999,,4.702617886359946,442.6978713078178,447.4004891941778,False,
6650159,Not Applicable: Standalone Property,Andrews: 124 W 24th St,124 W 24th St,10011,1007997501,2024,1920,1,100,Multifamily Housing,39014.0,,24.0,325751.0,,1650921.0,,,,70.8,71.5,1488.3,215.6,Yes,40.743946,-73.993237,850,325.751,,483.8371322178268,0.0,483.8371322178268,False,
6654229,Not Applicable: Standalone Property,U-Haul Of Chelsea 803062,536 W 23rd St,10011,1006940058,2024,1977,1,100,Retail Store,42640.0,,,175299.6,,1392176.9,,,,46.7,49.5,59.8,142.78,No,40.748252,-74.005529,797,175.2996,,408.00673008333183,0.0,408.00673008333183,False,
6654365,Not Applicable: Standalone Property,234 West 13th Street,234 West 13th Street,10011,1006170036,2024,1890,1,100,Multifamily Housing,26377.0,,36.0,392273.9,,3134672.8,,,,169.6,174.2,1942.7,320.53,Yes,40.73819,-74.000971,339,392.2739,,918.6818133594675,0.0,918.6818133594675,False,
6664908,Not Applicable: Standalone Property,Adorama Camera: 42 West 18th St,42 West 18th Street,10011,1008190014,2024,1920,1,100,Retail Store,29532.0,,,506685.6,,,540960.0,,,76.9,78.1,,239.11,No,40.739098,-73.993227,797,506.68559999999997,,,158.53970907424136,158.53970907424136,False,
6666490,Not Applicable: Standalone Property,DEPM 1174 - 212 West 18th Street,206 West 18 Street,10011,1007677505,2024,1929,1,100,Multifamily Housing,315455.0,152831.0,47.0,13136754.2,19477554.3,,,,,203.8,203.7,9745.6,6451.8,No,40.741281,-73.998412,377,13136.7542,5708.307069283753,,0.0,5708.307069283753,False,
6667546,Not Applicable: Standalone Property,AKAM - 515 West 23rd Street,515 West 23rd Street,10011,1006957507,2024,2008,1,100,Multifamily Housing,39902.0,,11.0,317650.3,,961858.1,,,,51.3,52.3,924.6,175.82,No,40.748079,-74.005074,770,317.6503,,281.8927524118281,0.0,281.8927524118281,False,
6682135,Not Applicable: Standalone Property,104 West 17th Street (585 6 AVENUE),585 6 AVENUE,10011,1007920038,2024,1920,1,100,Multifamily Housing,34500.0,,16.0,408726.7,,219534.0,2041296.0,,,106.0,110.0,2194.9,323.63,No,40.739033,-73.995634,645,408.7267,,64.33905740147978,598.2447389352495,662.5837963367293,False,
6682167,Not Applicable: Standalone Property,55 West 16th Street,55 West 16th Street,10011,1008180005,2024,1982,1,100,Multifamily Housing,25639.0,,9.0,,,,,,,,,,,No,40.738064,-73.994374,727,,,,0.0,0.0,False,
6684973,Not Applicable: Standalone Property,CFA - 163 West 18th Street,163 West 18th Street,10011,1007947502,2024,2006,1,100,Multifamily Housing,46948.0,,26.0,509484.9,,4089842.0,,,,124.1,127.9,3832.3,417.29,No,40.740575,-73.996698,512,509.48490000000004,,1198.6142429007937,0.0,1198.6142429007937,False,
6684983,Not Applicable: Standalone Property,CFA - 58 West 15th Street,58 West 15th Street,10011,1008160074,2024,1920,1,100,Multifamily Housing,31350.0,,9.0,66438.9,,41202.0,2862106.1,,,99.8,103.9,1154.2,240.65,No,40.737781,-73.995742,742,66.43889999999999,,12.075112934924748,838.8004074859722,850.8755204208969,False,
6687349,Not Applicable: Standalone Property,Halstead - 130 West 20th Street,130 WEST 20 STREET,10011,1007957502,2024,2008,1,100,Multifamily Housing,40339.0,,35.0,458480.0,,1051079.1,,,,64.8,66.5,2506.0,235.86,No,40.741525,-73.995359,630,458.48,,308.04084355223205,0.0,308.04084355223205,False,
6687943,Not Applicable: Standalone Property,Wallack - 42 West 13th Street,42 WEST 13 STREET,10011,1005760016,2024,1960,1,100,Multifamily Housing,41956.0,,40.0,162421.8,,59532.0,2529264.2,,,74.9,76.7,1392.1,254.62,No,40.735906,-73.995547,825,162.4218,,17.44710507358721,741.2540861429567,758.7011912165439,False,
6694544,Not Applicable: Standalone Property,DEPM 1872 - 560 West 24th Street,552 West 24 Street,10011,1006957509,2024,2013,1,100,Multifamily Housing,36216.0,,8.0,566143.5,,308341.0,,,,61.9,63.3,575.2,238.69,No,40.749056,-74.00537,903,566.1435,,90.36581713187788,0.0,90.36581713187788,False,
6694545,Not Applicable: Standalone Property,DEPM 1228 - 125 West 12th Street,119 West 12 Street,10011,1006080053,2024,1918,1,100,Multifamily Housing,36064.0,,34.0,139781.3,,2042405.9,,,,69.9,72.1,,163.37,No,40.736376,-73.998593,662,139.7813,,598.5700184810597,0.0,598.5700184810597,False,
6695981,Not Applicable: Standalone Property,AKAM - 56 West 11th Street,56 West 11th Street,10011,1005740015,2024,1912,1,100,Multifamily Housing,27200.0,,36.0,122470.7,,32147.0,1574442.0,,,74.4,74.6,1038.0,166.63,No,40.734764,-73.996807,885,122.4707,,9.421354679846267,461.4233522520458,470.84470693189206,False,
6698367,Not Applicable: Standalone Property,Advance Realty,235 West 23rd Street,10011,1007730024,2024,1906,1,100,Retail Store,49183.0,,,380521.3,0.0,339433.0,,,,33.3,34.4,993.2,167.45,No,40.744577,-73.996756,669,380.5213,0.0,99.47798186593641,0.0,99.47798186593641,False,
6699671,Not Applicable: Standalone Property,115 West 23rd Street,115 West 23rd Street,10011,1007990030,2024,1920,1,100,Multifamily Housing,27132.0,,18.0,468033.1,,516456.0,,,,77.9,78.1,1889.6,211.22,No,40.743215,-73.993508,868,468.0331,,151.35829634288373,0.0,151.35829634288373,False,
6707586,Not Applicable: Standalone Property,Left Bank Co.: 77 West 15th Street,77 West 15th Street,10011,1008170001,2024,1974,1,100,Multifamily Housing,91875.0,,108.0,567724.6,,3010449.1,,,,53.9,55.8,,382.83,No,40.737935,-73.996063,717,567.7246,,882.2754445741122,0.0,882.2754445741122,False,
6707599,Not Applicable: Standalone Property,450 Village Company: 450 6th Avenue,450 6th Avenue,10011,1005740005,2024,1902,1,100,Multifamily Housing,49690.0,,34.0,361948.4,,1489001.0,,,,54.8,56.1,,221.22,No,40.73513,-73.998452,826,361.94840000000005,,436.38306963778183,0.0,436.38306963778183,False,
6722391,Not Applicable: Standalone Property,135-139 West 20th Street,135-139 West 20th Street,10011,1007960018,2024,1903,1,100,Office,34000.0,,,642751.6,,1818249.0,,,,118.0,120.7,,348.97,No,40.741591,-73.995471,644,642.7515999999999,,532.8761229749524,0.0,532.8761229749524,False,
6750819,Not Applicable: Standalone Property,Cornerstone: 121 W 17th St,121 W 17th St,10011,1007930022,2024,1909,1,100,Multifamily Housing,57029.0,,29.0,286794.8,,226770.0,,,,21.1,21.3,753.3,124.66,No,40.739675,-73.996384,599,286.7948,,66.45971943723328,0.0,66.45971943723328,False,
6771355,16880240,Center for Jewish History - 15 W 16th st,11-15 W 16th Street,10011,1008180027,2024,1963,1,100,Library,39463.0,,,1696151.8,,1436417.1,,,,183.0,184.8,,742.34,No,40.737638,-73.99336,878,1696.1518,,420.97225144791753,0.0,420.97225144791753,True,
6772501,Not Applicable: Standalone Property,130 West 24th Street,130 West 24th Street,10011,1007990057,2024,1898,1,100,Multifamily Housing,33514.0,,10.0,96818.1,,,934881.0,,,37.8,37.9,664.1,107.39,Yes,40.743995,-73.993356,836,96.8181,,,273.9865456947571,273.9865456947571,False,
6773368,Not Applicable: Standalone Property,151 West 16th Street,151 West 16th Street,10011,1007920008,2024,1962,1,95,Multifamily Housing,43770.0,,76.0,246718.8,,2501928.9,,,,76.4,78.6,1734.7,229.77,No,40.739299,-73.997308,478,246.7188,,733.2429013798371,0.0,733.2429013798371,False,
6773430,Not Applicable: Standalone Property,78 Fifth Avenue,130-78 Fifth Avenue,10011,1005770041,2024,1900,1,100,Office,32100.0,,,306850.1,,1243190.0,,,,71.3,74.8,1445.2,186.52,Yes,40.738596,-73.991744,980,306.8501,,364.34298455339786,0.0,364.34298455339786,False,
6773464,Not Applicable: Standalone Property,35 West 9th Street,35 West 9th Street,10011,1005730062,2024,1926,1,100,Multifamily Housing,45553.0,,36.0,153521.2,,86700.0,3532399.8,,,90.9,93.9,1175.2,327.0,No,40.733422,-73.997261,976,153.52120000000002,,25.409259051938637,1035.2440783531283,1060.6533374050668,False,
6778499,Not Applicable: Standalone Property,Chelsea Operating Inc - 521 West 21 st,521 West 21 st,10011,1006930018,2024,1931,1,100,Retail Store,34600.0,,,322286.7,,815646.0,,,,55.4,58.1,115.9,169.88,No,40.74685,-74.006139,695,322.2867,,239.04222039997165,0.0,239.04222039997165,False,
6779339,Not Applicable: Standalone Property,166 W 22nd Street - 44844,166 W 22nd Street,10011,1007970076,2024,1950,1,100,Multifamily Housing,34935.0,,42.0,114111.1,,2091355.2,,,,71.0,73.3,1582.1,155.89,No,40.742971,-73.99506,651,114.11110000000001,,612.9156406738055,0.0,612.9156406738055,False,
6779565,Not Applicable: Standalone Property,334 West 23 Street,334 West 23 Street,10011,1007460060,2024,1926,1,100,Hotel,32000.0,,,290711.7,1701927.8,1024098.0,,,,116.2,116.3,,281.56,No,40.745757,-73.999607,546,290.7117,498.78574807261833,300.1334645510064,0.0,798.9192126236247,False,
6784491,Not Applicable: Standalone Property,Loria: 3 West 18th Street,3 West 18th Street,10011,1008200036,2024,1900,1,100,Office,34360.0,,,201186.4,,11080.0,678822.0,,,40.1,40.1,,129.96,No,40.738736,-73.992321,954,201.1864,,3.247227108367706,198.94306860617172,202.19029571453942,False,
6790068,Not Applicable: Standalone Property,150 West 21st Street,150 West 21st Street,10011,1007960067,2024,1950,1,100,Multifamily Housing,48249.0,,61.0,142414.3,,2281932.9,,,,57.4,59.7,1640.5,177.13,No,40.742219,-73.995182,613,142.4143,,668.7684451584958,0.0,668.7684451584958,False,
6791658,Not Applicable: Standalone Property,144 West 15th Street - LDS,143 W. 14Th Street,10011,1007900011,2024,1978,1,100,Worship Facility,33806.0,,,0.0,,135488.0,,,,4.0,4.5,,7.2,No,40.737905,-73.998113,508,0.0,,39.70760888614835,0.0,39.70760888614835,False,
6791778,Not Applicable: Standalone Property,JC Dwight - 225 WEST 12th STREET,221 WEST 12 STREET,10011,1006170021,2024,1930,1,100,Multifamily Housing,43280.0,,56.0,274714.7,,3113174.1,,,,93.6,97.6,2215.3,273.23,Yes,40.737526,-74.001368,420,274.7147,,912.3811670205988,0.0,912.3811670205988,False,
6800658,Not Applicable: Standalone Property,THE KOREAN ASSOCIATION,149 W 24th 6th Floor,10011,1008000010,2024,1919,1,90,Multifamily Housing,42078.0,,11.0,140156.1,,3034015.9,,,,83.5,86.0,1460.9,216.19,No,,,835,140.1561,,889.1821911280363,0.0,889.1821911280363,False,
6801340,Not Applicable: Standalone Property,412 West 15th Street,412 West 15th Street,10011,1007120042,2024,2010,1,100,Financial Office,140649.0,,,1810639.5,,2755282.1,,,,63.5,64.9,1182.7,857.34,Yes,40.74198,-74.005687,245,1810.6395,,807.4933868520127,0.0,807.4933868520127,False,
6801393,Not Applicable: Standalone Property,413-421 West 14th Street (One Building),413 West 14th Street,10011,1007120021,2024,1929,1,90,Financial Office,100867.0,,,1314126.6,,1527756.9,,,,59.6,60.6,196.0,597.18,No,40.741245,-74.006045,253,1314.1266,,447.74130150503703,0.0,447.74130150503703,False,
6802712,Not Applicable: Standalone Property,Vanderbilt - 253 West 16th St,253 West 16th St,10011,1007660009,2024,1930,1,100,Multifamily Housing,37782.0,,52.0,153968.8,,4086445.9,,,,122.1,124.0,,277.51,No,40.740512,-74.000188,212,153.9688,,1197.618944346396,0.0,1197.618944346396,False,
6810455,Not Applicable: Standalone Property,459 West 18th Street Condo (459 West 18th Street),459 West 18th Street,10011,1007167504,2024,2007,1,95,Multifamily Housing,30805.0,,10.0,258605.0,,740231.0,,,,52.7,54.0,,140.87,No,40.74422,-74.005352,421,258.605,,216.94026801932628,0.0,216.94026801932628,False,
6811976,Not Applicable: Standalone Property,AKAM - 447 West 18th Street,447 West 18th Street,10011,1007167503,2024,2007,1,100,Multifamily Housing,70815.0,,47.0,769146.9,,916066.0,,,,50.0,51.5,1766.1,350.68,No,40.74413,-74.005135,401,769.1469000000001,,268.4724141023439,0.0,268.4724141023439,False,
6812204,Not Applicable: Standalone Property,Moore Hotel,300 West 22nd Street,10011,1007450040,2024,1912,1,90,Hotel,32726.0,,,699267.3,,0.0,,,,72.9,72.9,3904.8,274.59,Yes,40.744802,-73.999401,485,699.2673000000001,,0.0,0.0,0.0,False,
6812502,6294568,225 W 23rd Street - LL84 ONLY,225 W 23Rd Street,10011,1007730027,2024,1930,1,100,Multifamily Housing,66524.0,,127.0,370184.9,,6400831.7,,,,115.2,118.7,6015.8,485.34,No,40.744489,-73.996554,682,370.1849,,1875.8983946154647,0.0,1875.8983946154647,True,
6812507,6294568,220 W 24th St - LL84 ONLY,220 W 24Th Street,10011,1007730056,2024,1930,1,100,Multifamily Housing,57207.0,,118.0,241164.1,,80075.0,,,,15.8,16.3,,98.95,Yes,40.745104,-73.995998,710,241.16410000000002,,23.467663420807224,0.0,23.467663420807224,True,
6815789,Not Applicable: Standalone Property,512 W 22nd,511 WEST 21 STREET,10011,1006937503,2024,2018,1,90,Office,162741.0,,,2019630.7,,2741696.1,,,,59.2,60.0,1900.8,938.69,No,40.746781,-74.00598,663,2019.6307,,803.5117237207596,0.0,803.5117237207596,False,
6820685,4052447,2 W 13th St.,2 West 13th Street,10011,1005760036,2024,1932,1,100,College/University,133540.0,,,1368579.2,,127643.0,,,,35.9,35.9,,544.19,No,40.735511,-73.994605,972,1368.5792,,37.4084665878501,0.0,37.4084665878501,True,
6821238,6821238,7 - St Gabriel Guardian Angel - Parent Property,185 10th Ave / 191 10th Ave,10011,1006930031;1006930034,2024,1900,2,100,K-12 School,31194.0,,,53147.6,,127158.0,,,,9.9,9.9,305.2,27.62,No,,,617,53.1476,,37.26632713409934,0.0,37.26632713409934,False,
6835716,Not Applicable: Standalone Property,Andrews: 205 West 19th St.,205 West 19th Street,10011,1007690031,2024,1913,1,100,Multifamily Housing,75191.0,,18.0,306390.4,,241372.0,1518303.7,,,37.3,38.0,693.4,245.8,No,40.741862,-73.997929,460,306.3904,,70.73914274376624,444.9708423623636,515.7099851061298,False,
6844497,Not Applicable: Standalone Property,ABC: 241 West 19th St.,241 West 19th Street,10011,1007697508,2024,2006,1,100,Multifamily Housing,32595.0,,19.0,293972.8,,1846878.8,,,,87.4,90.5,,213.53,No,40.74228,-73.998925,383,293.9728,,541.266688197619,0.0,541.266688197619,False,
6883119,Not Applicable: Standalone Property,245 West 14th Street,245 West 14th Street,10011,1007647503,2024,2015,1,100,Multifamily Housing,46630.0,,28.0,370894.1,,6987.0,,,,27.3,28.0,1493.4,146.01,Yes,40.739115,-74.000996,246,370.8941,,2.0476873471268195,0.0,2.0476873471268195,False,
6894297,Not Applicable: Standalone Property,255 WEST 14TH STREET,255 WEST 14TH STREET,10011,1007640007,2024,1930,1,95,Multifamily Housing,39818.0,,46.0,292250.3,,1964696.8,,,,74.4,75.9,2834.3,219.11,No,40.739203,-74.001198,216,292.2503,,575.7957318306214,0.0,575.7957318306214,False,
7069148,Not Applicable: Standalone Property,Stone: 123 Waverly Pl.,123 Waverly Place,10011,1005530041,2024,1917,1,100,Multifamily Housing,40595.0,,47.0,137052.3,,64682.0,2166751.8,,,66.5,66.6,1186.4,218.03,No,40.732673,-73.999524,991,137.0523,,18.956420922693137,635.0122005473395,653.9686214700326,False,
7463419,Not Applicable: Standalone Property,The Alchemy Condominium,40 West 13th Street,10011,1005767504,2024,1920,1,85,Multifamily Housing,32198.0,,7.0,209021.4,,774814.0,,,,46.2,48.4,,123.23,No,40.735884,-73.9955,846,209.0214,,227.0755437493516,0.0,227.0755437493516,False,
7523696,Not Applicable: Standalone Property,Loria: 15 West 17th Street,15 WEST 17TH STREET,10011,1008197504,2024,1906,1,100,Multifamily Housing,26180.0,,20.0,139064.2,,1235361.0,,,,65.3,67.9,,120.22,No,40.738264,-73.993025,909,139.0642,,362.0485313917182,0.0,362.0485313917182,False,
7534445,Not Applicable: Standalone Property,312 West 15 Street,312 West 15 Street,10011,1007380048,2024,1900,1,95,Multifamily Housing,28078.0,,36.0,87357.0,,26183.0,,1435618.0,,62.7,62.8,3582.6,143.77,No,40.740715,-74.002685,94,87.357,,7.6734790052700035,420.73805838092323,428.41153738619323,False,
7536925,Not Applicable: Standalone Property,111 Eighth Avenue,111 8th Avenue,10011,1007390001,2024,1932,1,95,Office,2375706.0,530990.0,,130751883.2,30952395.9,5699806.6,,,,203.2,203.9,,53701.39,Yes,40.740704,-74.001844,0,130751.8832,9071.250815470165,1670.448240430791,0.0,10741.699055900955,False,source_and_self_offtaker
7857355,Not Applicable: Standalone Property,Halstead: 105 W 13th St.,105 West 13th Street,10011,1006090047,2024,1961,1,100,Multifamily Housing,100734.0,,81.0,670857.3,,1063312.0,5786491.9,,,90.7,94.0,,749.28,No,40.736889,-73.997842,681,670.8573,,311.62595226107237,1695.8531913384616,2007.479143599534,False,
8899918,Not Applicable: Standalone Property,61 9th Ave,61 9  AVENUE,10011,1007120036;1007120038,2024,2017,1,100,Other - Technology/Science,155754.0,,,2733080.8,,15046930.1,,,,156.5,157.1,4147.2,1872.43,No,40.74144,-74.00502,183,2733.0807999999997,,4409.81943307166,0.0,4409.81943307166,False,
9469621,Not Applicable: Standalone Property,23rd Street: 241 W 23,241 W 23rd St,10011,1007730022,2024,1898,1,100,Multifamily Housing,28108.0,,25.0,93891.0,,1143351.0,,,,52.1,54.9,,97.6,Yes,40.744626,-73.996878,663,93.891,,335.0830651244878,0.0,335.0830651244878,False,
9562380,Not Applicable: Standalone Property,570 RH Contemporary,437 West 16th Street,10011,1007140014,2024,1920,1,100,Office,27456.0,,,236630.0,,283900.0,,,,39.7,40.0,855.0,108.0,No,40.742971,-74.006027,303,236.63,,83.20286787595593,0.0,83.20286787595593,False,
9640050,Not Applicable: Standalone Property,524 West 19th Street,524 W. 19th Street,10011,1006907502,2024,1970,1,100,Multifamily Housing,33183.0,,9.0,297726.1,,1329599.0,,,,70.7,71.8,421.9,187.53,No,40.74562,-74.0069,586,297.7261,,389.66695993308605,0.0,389.66695993308605,False,
9848961,Not Applicable: Standalone Property,201-215 West 15th Street,201-215 West 15th Street,10011,1007650035,2024,1940,1,100,Multifamily Housing,128350.0,,113.0,931169.3,,2767529.9,,5226873.0,,87.0,88.5,,906.14,No,40.739431,-73.999603,365,931.1693,,811.082862319329,1531.845099060942,2342.927961380271,False,
10063093,Not Applicable: Standalone Property,Andrews: 139 West 19 St,139 West 19 Street,10011,1007950014,2024,1909,1,100,Multifamily Housing,73478.0,,21.0,251541.7,,6672.0,2401200.0,,,44.5,46.9,,277.31,No,40.740957,-73.995789,590,251.54170000000002,,1.9553699699484959,703.7221780336223,705.6775480035708,False,
10063205,Not Applicable: Standalone Property,Andrews: 511 W 22nd St.,511 West 22 Street,10011,1006947501,2024,1930,1,100,Multifamily Housing,94877.0,,30.0,630843.8,,4304780.8,,,,68.1,68.3,,476.37,No,40.747412,-74.005561,721,630.8438000000001,,1261.6065802654168,0.0,1261.6065802654168,False,
10063210,Not Applicable: Standalone Property,Andrews: 125 W 21st St.,125 West 21st Street,10011,1007977501,2024,2006,1,100,Multifamily Housing,90281.0,,52.0,742678.6,,2680278.1,,,,57.8,59.5,2103.5,434.0,No,40.742013,-73.994645,725,742.6786,,785.5118866682571,0.0,785.5118866682571,False,
10063220,Not Applicable: Standalone Property,Andrews: 126 W 22nd St,126 West 22 Street,10011,1007977502,2024,1911,1,100,Multifamily Housing,67426.0,,21.0,527173.2,,2327349.0,,,,61.2,63.2,,330.63,No,40.742631,-73.994251,736,527.1732,,682.0785887574433,0.0,682.0785887574433,False,
10063226,Not Applicable: Standalone Property,Andrews: 130 West 17 St,130 West 17 Street,10011,1007927503,2024,1906,1,100,Multifamily Housing,46010.0,,14.0,206469.8,,2.0,1181004.0,,,41.0,42.2,736.8,168.71,No,40.739793,-73.996709,540,206.4698,,0.0005861420773226906,346.1180689432034,346.11865508528075,False,
10063239,Not Applicable: Standalone Property,Andrews: 120 W 18 St,120 West 18 Street,10011,1007937502,2024,1907,1,100,Multifamily Housing,27302.0,,10.0,138469.3,,672156.0,,,,41.9,41.9,,90.08,Yes,40.740205,-73.995854,614,138.46929999999998,,196.98945706245522,0.0,196.98945706245522,False,
10149691,Not Applicable: Standalone Property,Andrews: 171 W 12th St.,171 West 12th Street,10011,1006080074,2024,1922,2,100,Multifamily Housing,33973.0,,25.0,95443.7,,32041.0,,,,10.5,10.7,671.0,39.18,No,40.736818,-73.999646,539,95.44369999999999,,9.390289149748165,0.0,9.390289149748165,False,
10317687,Not Applicable: Standalone Property,210 West 21st Street,210 West 21st Street,10011,1007700048,2024,1902,1,100,Multifamily Housing,25123.0,,29.0,115581.0,,1656109.0,,,,81.6,84.3,794.9,133.35,No,40.743054,-73.997171,518,115.581,,485.3575847664019,0.0,485.3575847664019,False,
10436939,Not Applicable: Standalone Property,4 West 16th Street,4 West 16th Street,10011,1008170057,2024,1902,1,100,Multifamily Housing,33080.0,,16.0,245594.0,,170114.0,1813871.9,,,85.3,89.2,,240.07,Yes,40.737548,-73.993187,939,245.594,,49.85548667083609,531.5933217316278,581.4488084024639,False,
10439457,Not Applicable: Standalone Property,508 West 24th Street,508 West 24th Street,10011,1006957508,2024,2013,1,100,Multifamily Housing,55399.0,,14.0,607950.4,,751156.0,,,,51.0,52.0,655.3,278.63,No,40.748727,-74.004587,800,607.9504000000001,,220.1420691167015,0.0,220.1420691167015,False,
10497534,Not Applicable: Standalone Property,548 West 22nd Street,548 WEST 22 STREET,10011,1006930059,2024,1944,1,0,Museum,38100.0,,,445526.4,,,,,,39.9,41.7,,174.95,No,40.747676,-74.006236,781,445.5264,,,0.0,0.0,False,
10517316,Not Applicable: Standalone Property,425 W 18th Street,425 W 18th Street,10011,1007167506,2024,2018,1,100,Multifamily Housing,147404.0,,160.0,653766.3,,4170048.6,,,,43.4,43.5,6143.7,478.21,No,40.743962,-74.004735,344,653.7663,,1222.1204744702889,0.0,1222.1204744702889,False,
10719073,Not Applicable: Standalone Property,201 West 21st Street Tenants Corp. (201 W 21 St),201 W 21 St,10011,1007710038,2024,1961,1,100,Multifamily Housing,87628.0,,144.0,657479.7,0.0,4193285.9,,,,73.5,75.5,3438.0,480.9,No,40.742952,-73.996889,575,657.4797,0.0,1228.930654116974,0.0,1228.930654116974,False,
10773088,Not Applicable: Standalone Property,Hope for Families and Children Foundation,143 West 15 Street,10011,1007910016,2024,1989,1,100,Office,27353.0,,,257569.9,,154068.0,883641.6,,,70.1,72.7,290.2,174.89,No,40.7387,-73.997875,521,257.5699,,45.15286878447615,258.969761516373,304.12263030084915,False,
10814132,Not Applicable: Standalone Property,True North Flatiron 43,43 West 16th Street,10011,1008180010,2024,1911,1,95,Multifamily Housing,71644.0,,95.0,378581.3,,2824803.8,,,,57.5,57.7,,298.7,No,40.737948,-73.994096,759,378.5813,,827.868183680515,0.0,827.868183680515,False,
10877213,2682647,(Extra Account) 59 West 12th St Condominium (59 West 12th Street),59 West 12th Street,10011,1005767502,2024,1931,0,100,Multifamily Housing,1.0,,0.0,4766.7,,4306640.9,,,,4322905.0,4611155.0,,230.62,No,40.73564,-73.99685,821,4.7667,,1262.151721704431,0.0,1262.151721704431,True,
11656102,Not Applicable: Standalone Property,Andrews: 221 W 17th St.,221 W 17th St,10011,1007677506,2024,1912,1,100,Multifamily Housing,41148.0,,12.0,178013.0,,1922658.0,,,,61.5,61.7,387.5,172.02,No,40.740828,-73.999112,348,178.013,,563.4753770505448,0.0,563.4753770505448,False,
11911004,Not Applicable: Standalone Property,70 - St Francis Xavier,122 W 17th St,10011,1007920050,2024,1910,1,100,K-12 School,25732.0,,,193411.4,,258258.0,,,,35.7,35.7,431.8,89.67,No,40.739689,-73.996456,567,193.4114,,75.68794030260172,0.0,75.68794030260172,False,
11990638,Not Applicable: Standalone Property,101 - C3 The Grove,250 West 19th Street,10011,1007680059,2024,1986,1,100,Multifamily Housing,134364.0,,200.0,1051268.5,,5809805.0,,,,69.9,71.7,,721.4,No,40.742324,-73.999069,358,1051.2685,,1702.6855857698772,0.0,1702.6855857698772,False,
12771968,Not Applicable: Standalone Property,Rudd: 21 West 20th Street,21 West 20th Street,10011,1008227506,2024,2015,2,100,Multifamily Housing,80907.0,,14.0,1218698.0,,803203.0,,,,61.3,61.9,,521.22,Yes,40.740078,-73.991884,917,1218.698,,235.39553746590852,0.0,235.39553746590852,False,
12771985,Not Applicable: Standalone Property,Rudd:  420 West 23 Street,420 west 23 street,10011,1007207501,2024,1985,1,100,Multifamily Housing,44272.0,,38.0,516204.7,,2354512.9,,,,93.0,95.3,1180.4,327.76,No,40.746836,-74.002162,591,516.2047,,690.0395411445362,0.0,690.0395411445362,False,
12797241,Not Applicable: Standalone Property,BRG - 111 w 16th st,111 w 16th st,10011,1007920028,2024,1925,1,100,Multifamily Housing,39455.0,,83.0,152305.2,,2635879.0,,,,80.0,83.1,2542.4,199.81,No,40.738958,-73.9965,627,152.3052,,772.4997963156281,0.0,772.4997963156281,False,
14255509,Not Applicable: Standalone Property,209 West 14 Street,209 West 14 Street,10011,1007647504,2024,2018,1,95,Multifamily Housing,36800.0,,21.0,495611.6,,1314134.9,,,,81.7,83.7,689.0,264.42,Yes,40.738808,-74.000267,370,495.61159999999995,,385.1348800841231,0.0,385.1348800841231,False,
14887282,Not Applicable: Standalone Property,37 West 14th Street,37 West 14th Street,10011,1008160016,2024,1906,1,90,Office,59061.0,,,335707.5,,0.0,808500.6,,,33.1,35.1,,191.82,No,40.736565,-73.994923,811,335.7075,,0.0,236.94811060032086,236.94811060032086,False,
14910017,Not Applicable: Standalone Property,Andrews: 147 W 15th St,147 W 15th St,10011,1007910013,2024,1923,1,100,Multifamily Housing,60954.0,,13.0,710384.9,,2221454.7,,,,76.2,77.9,6291.1,396.94,No,40.738747,-73.997986,505,710.3849,,651.0440362681272,0.0,651.0440362681272,False,
14947903,Not Applicable: Standalone Property,Rudd: 250 W 24th St,250 W 24th St,10011,1007730012,2024,1940,1,100,Multifamily Housing,170226.0,,151.0,784790.2,,8561004.8,,,,,,,,Yes,40.745378,-73.996651,664,784.7901999999999,,2508.9825687207626,0.0,2508.9825687207626,False,
15087890,Not Applicable: Standalone Property,100 West 12th Street (The Mark Twain),100 West 12th Street,10011,1006070038,2024,1959,1,100,Multifamily Housing,67166.0,,85.0,584400.8,,778634.0,2428868.9,,,77.4,77.4,2078.9,451.07,No,40.736208,-73.998235,721,584.4008,,228.19507511703793,711.8311312952392,940.0262064122771,False,
15144817,Not Applicable: Standalone Property,Division: 345 W 14th St,345 W 14th St,10011,1007387504,2024,1960,1,100,Multifamily Housing,78294.0,,66.0,480289.0,,774048.0,,,,30.8,31.4,1202.6,229.71,No,40.7406,-74.004511,118,480.289,,226.851051333737,0.0,226.851051333737,False,
15297421,Not Applicable: Standalone Property,200 West 24th Street,200 West 24th Street,10011,1007737501,2024,2004,1,100,Multifamily Housing,30927.0,,20.0,452632.3,,668748.0,,,,71.6,73.1,938.4,213.26,Yes,40.744923,-73.995561,749,452.6323,,195.99067096269735,0.0,195.99067096269735,False,
15356872,Not Applicable: Standalone Property,Century - 69 West 9th Street,422 6 AVENUE,10011,1005737502,2024,1958,1,100,Multifamily Housing,105690.0,,119.0,1056570.3,,117109.0,,7237074.3,,103.7,107.8,,965.94,Yes,40.734281,-73.999069,879,1056.5703,,34.32125626659148,2120.9768819703286,2155.29813823692,False,
15368934,Not Applicable: Standalone Property,126 West 11th Street,126 W. 11Th Street,10011,1006060047,2024,1930,1,100,Multifamily Housing,29624.0,,28.0,122746.6,,1585099.0,,,,67.6,70.2,981.4,132.39,No,40.735769,-73.999195,703,122.7466,,464.54661031105974,0.0,464.54661031105974,False,
15548593,Not Applicable: Standalone Property,The Chelsea (ch205),160 W 24th St,10011,1007990003,2024,1986,1,90,Multifamily Housing,203119.0,,204.0,1719474.0,,1969270.0,,,,38.6,39.6,,779.8,Yes,40.74425,-73.993966,767,1719.474,,577.1360043046275,0.0,577.1360043046275,False,
15745503,Not Applicable: Standalone Property,Mackedge: 136 W 23rd St,136 W 23rd St,10011,1007987503,2024,1950,1,100,Multifamily Housing,37614.0,,20.0,182999.0,,285559.0,892998.0,,,47.9,47.9,960.4,153.29,Yes,40.743388,-73.993966,773,182.999,,83.6890727290951,261.71185138250405,345.4009241115991,False,
16096595,Not Applicable: Standalone Property,420 W 20th St Condo,420 W 20th St,10011,1007177504,2024,1920,3,100,Multifamily Housing,39945.0,,37.0,270491.4,,1998512.0,,,,73.1,74.7,1521.5,212.37,No,40.744964,-74.003529,401,270.4914,,585.7059876171625,0.0,585.7059876171625,False,
16754526,Not Applicable: Standalone Property,Buchbinder: 137 W 12th St,137 W 12th St,10011,1006080060,2024,1900,1,100,Multifamily Housing,55854.0,,100.0,236702.2,,1253284.0,,,,36.9,37.5,,159.52,No,40.736529,-73.998957,609,236.7022,,367.30124361764547,0.0,367.30124361764547,False,
16756678,Not Applicable: Standalone Property,54 WEST 13 STREET,54 WEST 13 STREET,10011,1005760014,2024,2011,1,75,Hotel,46020.0,,,1035358.5,,915873.9,,,,96.7,97.5,5009.7,455.21,No,40.736024,-73.995829,801,1035.3585,,268.4161151558171,0.0,268.4161151558171,False,
16822851,Not Applicable: Standalone Property,Edmal Realty: 26 WEST 17 ST,26 WEST 17 STREET,10011,1008180066,2024,1950,1,100,Multifamily Housing,106770.0,,128.12,770753.6,,490.0,,1992316.1,,43.3,45.0,874.4,452.67,Yes,40.738349,-73.993277,848,770.7536,,0.1436048089440592,583.8901487687207,584.0337535776647,False,
16866384,16880240,Center for Jewish History - 20 West 17th St,20 West 17th St.,10011,1008180063,2024,1955,1,95,Museum,39871.0,,,,,,,,,,,,,Not Available,40.738291,-73.993137,880,,,,0.0,0.0,True,
16866521,16880240,Center for Jewish History - 18 West 17th St,18 West 17th St.,10011,1008180061,2024,1963,1,100,Museum,23870.0,,,,,,,,,,,,,Not Available,40.738272,-73.99309,890,,,,0.0,0.0,True,
16880240,16880240,Center for Jewish History Campus,15 West 16th St,10011,1008180027;1008180061;1008180063;1008180064,2024,1963,4,100,Museum,135725.0,,,1696151.8,,1436417.1,,,,53.2,53.7,,742.34,No,40.737677,-73.993454,868,1696.1518,,420.97225144791753,0.0,420.97225144791753,False,
17978911,Not Applicable: Standalone Property,Clinton - 533 West 24th Street,533 West 24 Street,10011,1006960013,2024,1926,1,100,Museum,32508.0,,,190778.9,,478851.0,,,,34.8,36.0,607.0,100.35,No,40.748922,-74.005006,893,190.7789,,140.33735993402385,0.0,140.33735993402385,False,
18652222,Not Applicable: Standalone Property,NEW BEDFORD : 140 5,140 5 AVENUE,10011,1008207501,2024,1950,1,100,Multifamily Housing,42845.0,,52.0,330525.2,,43431.0,7902708.2,,,211.8,220.0,2330.4,718.5,Yes,40.739005,-73.991448,988,330.5252,,12.728368280100888,2316.0549004115305,2328.7832686916313,False,
19398467,Not Applicable: Standalone Property,135 West 16th Street,135 West 16th Street,10011,1007927501,2024,1918,1,100,Multifamily Housing,39792.0,,48.0,171737.8,,1624957.0,,,,55.6,55.9,65.6,153.75,No,40.739164,-73.996987,536,171.7378,,476.22783577002366,0.0,476.22783577002366,False,
19501617,Not Applicable: Standalone Property,556 West 22 Street,556 West 22 Street,10011,1006930064,2024,1920,1,100,K-12 School,38207.0,,,472364.0,,1359389.0,,,,77.8,78.0,,257.69,No,40.747733,-74.006374,805,472.364,,398.39754617480753,0.0,398.39754617480753,False,
19906892,Not Applicable: Standalone Property,363 West 16th Street,363 West 16th Street,10011,1007400001,2024,1969,1,100,Hotel,125294.0,,,4736786.7,0.0,16511143.5,,,,260.8,263.3,,2737.02,Yes,40.741802,-74.003244,132,4736.786700000001,0.0,4838.93797503152,0.0,4838.93797503152,False,
20268005,Not Applicable: Standalone Property,210 West 16th Street,210 West 16th Street,10011,1007650047,2024,1925,1,100,Multifamily Housing,33547.0,,52.0,167779.3,,1672668.0,0.0,,,66.9,,1756.4,154.73,No,40.740139,-73.999347,352,167.77929999999998,,490.21054809559513,0.0,490.21054809559513,False,
20313612,Not Applicable: Standalone Property,CFA - 40 West 15th Street,40 West 15th Street,10011,1008160063,2024,1903,1,100,Multifamily Housing,31500.0,,13.0,120491.8,,30643.0,982132.2,,,45.2,48.1,696.5,121.82,No,40.73743,-73.994898,815,120.4918,,8.980575837699604,287.8345039567521,296.81507979445166,False,
20413852,Not Applicable: Standalone Property,Jade Condominium (16 West 19 Street),16 West 19 Street,10011,1008207504,2024,2007,1,100,Multifamily Housing,77582.0,,57.0,762167.2,,1813514.9,,,,56.9,57.7,,395.61,No,40.739422,-73.992191,923,762.1672,,531.4886953708257,0.0,531.4886953708257,False,
20413921,Not Applicable: Standalone Property,108 Fifth Avenue Condominium (108 Fifth Avenue),108 Fifth Avenue,10011,1008177501,2024,1986,1,100,Multifamily Housing,76541.0,,49.0,504627.7,,3432265.0,,,,67.3,67.6,1389.0,380.46,No,40.737306,-73.992992,969,504.6277,,1005.8974685109823,0.0,1005.8974685109823,False,
20420240,Not Applicable: Standalone Property,532 West 20th Street,532 West 20th Street,10011,1006917503,2024,2021,1,65,Multifamily Housing,32049.0,,9.0,210297.4,,523526.0,,,,38.7,39.5,,110.39,No,40.746303,-74.006709,639,210.29739999999998,,153.43030858621947,0.0,153.43030858621947,False,
20466157,Not Applicable: Standalone Property,Century - 456 West 19th Street,140 10 AVENUE,10011,1007167505,2024,2008,1,100,Multifamily Housing,56473.0,,24.0,630671.5,,2737246.8,,,,86.6,88.3,1267.9,393.04,Yes,40.745022,-74.006099,453,630.6715,,802.2077627484437,0.0,802.2077627484437,False,
20507440,Not Applicable: Standalone Property,132 WEST 14 STREET,132 W 14th St,10011,1006090020,2024,1912,1,100,Office,47196.0,,,0.0,,101440.0,,,,2.1,2.1,,5.39,Yes,40.737806,-73.997922,552,0.0,,29.729126161806867,0.0,29.729126161806867,False,
20586441,Not Applicable: Standalone Property,Orsid - 101 West 12 Street,101 WEST 12 STREET,10011,1006080039,2024,1961,1,100,Multifamily Housing,357196.0,,367.0,1601348.2,,0.0,,,,15.3,15.5,16132.5,628.82,Yes,40.736222,-73.998228,699,1601.3482,,0.0,0.0,0.0,False,
20652431,Not Applicable: Standalone Property,22 West 19th Street,22 West 19th Street,10011,1008200026,2024,1901,1,95,Office,191400.0,,,1122215.3,,231.0,,,,20.0,20.0,1613.9,440.68,No,40.73948,-73.992332,896,1122.2153,,0.06769940993077077,0.0,0.06769940993077077,False,
20652468,Not Applicable: Standalone Property,111 West 19th Street,111 West 19th Street,10011,1007950028,2024,1901,1,95,Office,165513.0,,,2720418.0,,4900.0,,2482145.9,,71.1,71.2,2140.6,1255.37,No,40.740715,-73.995219,676,2720.418,,1.436048089440592,727.4450770219997,728.8811251114404,False,
20652469,Not Applicable: Standalone Property,119 West 24th Street,119 West 24th Street,10011,1008000025,2024,1913,1,95,Office,130876.0,,,1873672.4,,5466.0,2664255.6,,,69.2,69.2,,933.74,No,40.74391,-73.993104,900,1873.6724,,1.6019262973229134,780.8161559513057,782.4180822486287,False,
20659086,Not Applicable: Standalone Property,100 Eleventh Avenue Condominium (100 Eleventh Avenue),100 Eleventh Avenue,10011,1006917501,2024,2007,1,90,Multifamily Housing,144588.0,,57.0,1812983.6,,7346704.3,,,,93.6,95.8,,1102.14,No,40.746215,-74.008055,652,1812.9836,,2153.1062599387715,0.0,2153.1062599387715,False,
20662111,Not Applicable: Standalone Property,DEPM 1824 - 13 West 13th Street,13 West 13 Street,10011,1005770030,2024,1962,1,100,Multifamily Housing,90475.0,,83.0,459211.6,,3319616.0,,,,54.0,55.5,,356.64,No,40.73564,-73.994872,905,459.2116,,972.8833090768204,0.0,972.8833090768204,False,
20662119,Not Applicable: Standalone Property,AKAM - 514 West 24th Street,514 West 24th Street,10011,1006957511,2024,2016,1,100,Multifamily Housing,68508.0,,14.0,500482.6,,1044121.0,,,,40.2,40.3,928.3,251.99,Yes,40.748771,-74.004695,815,500.4826,,306.00162595812253,0.0,306.00162595812253,False,
20800735,Not Applicable: Standalone Property,117 West 21st Street,117 West 21st Street,10011,1007977509,2024,2016,1,90,Multifamily Housing,37713.0,,9.0,237424.9,,,,,,,,,,Yes,40.741945,-73.994482,742,237.4249,,,0.0,0.0,False,
20800809,Not Applicable: Standalone Property,Pier 57,Pier 57 (25 11th Avenue),10011,1006620003,2024,2000,1,100,Office,630696.0,,,13184868.2,,22830038.7,62348.4,,,107.6,108.9,18284.9,6394.65,No,40.743449,-74.0093,669,13184.868199999999,,6690.823154487709,18.27251034687302,6709.095664834582,False,
20965431,Not Applicable: Standalone Property,Lalezarian Properties LLC : 155 WEST 21 STREET,155 WEST 21 STREET,10011,1007970007,2024,1950,1,100,Multifamily Housing,137134.0,,110.0,638575.0,,1145100.0,,,,24.2,24.9,248502.8,311.58,Yes,40.742269,-73.995255,646,638.575,,335.5956463711065,0.0,335.5956463711065,False,
21099385,21099385,London Terrace Gardens,435 West 23Rd Street,10011,1007210007,2024,1934,10,100,Multifamily Housing,975170.0,,963.0,,,,,,,,,,,No,40.74697,-74.002436,679,,,,0.0,0.0,False,
21294034,Not Applicable: Standalone Property,AKAM - 148 West 23rd Street,148 West 23rd Street,10011,1007980071,2024,1910,1,100,Multifamily Housing,127000.0,,107.0,697677.8,,4237732.2,,,,52.1,53.7,4797.3,499.05,No,40.74349,-73.994211,740,697.6778,,1241.9565774226278,0.0,1241.9565774226278,False,
21294053,Not Applicable: Standalone Property,AKAM - 101 West 14th Street,101 West 14th Street,10011,1007907505,2024,1953,1,100,Multifamily Housing,82685.0,,44.0,,,,,,,,,,,Yes,40.737682,-73.996828,665,,,,0.0,0.0,False,
21294063,Not Applicable: Standalone Property,AKAM - 257 West 17th Street,257 West 17th Street,10011,1007677502,2024,1907,1,100,Multifamily Housing,78640.0,,31.0,548394.9,,3559989.8,,,,69.1,70.8,1845.4,404.43,No,40.741135,-73.999845,244,548.3949,,1043.3299083097947,0.0,1043.3299083097947,False,
21355392,Not Applicable: Standalone Property,NYPD_4434_10th Precinct,230 West 20th St,10011,1007690055,2024,1920,1,100,Police Station,20110.0,,,204628.2,,60517.0,555284.4,,,65.3,65.8,,124.77,No,40.742697,-73.998145,411,204.62820000000002,,17.735780046668634,162.73777586044193,180.47355590711055,False,
21355487,Not Applicable: Standalone Property,NYPL_4611_Jefferson Market Branch Library,425 6th Ave,10011,1006060001,2024,1877,1,100,Library,18643.0,,,268331.3,,1041151.0,,,,105.0,109.9,263.1,160.67,No,40.734323,-73.999065,828,268.3313,,305.13120497329834,0.0,305.13120497329834,False,
21355488,Not Applicable: Standalone Property,NYPL_4617_Muhlenberg Branch Library,209 West 23rd St,10011,1007730038,2024,1906,1,100,Library,12953.0,,,117572.8,,358735.0,,,,58.7,58.7,14.1,65.22,No,40.744355,-73.996229,706,117.5728,,105.1348390541777,0.0,105.1348390541777,False,
21715481,Not Applicable: Standalone Property,Claret Commons Condo - 136-140 West 23rd St,136-140 West 23rd St,10011,1007987503,2024,1950,1,95,Multifamily Housing,37422.0,,20.0,182987.7,,276481.0,892998.0,,,47.9,47.9,960.4,152.8,Yes,40.743388,-73.993966,773,182.98770000000002,,81.02857384012741,261.71185138250405,342.7404252226315,False,
21968031,Not Applicable: Standalone Property,615 AVENUE OF THE AMER,615 AVENUE OF THE AMER,10011,1007940030,2024,1904,1,100,Retail Store,134235.0,,7.0,1504850.0,,3751058.6,,,,66.2,68.2,501.4,790.16,Yes,40.739952,-73.994962,685,1504.85,,1099.3266399815718,0.0,1099.3266399815718,False,
22009016,Not Applicable: Standalone Property,209 8th Ave,209 8th Ave,10011,1007440043,2024,1930,1,95,Multifamily Housing,25924.0,,35.0,308417.6,,2810284.0,905086.8,,,183.9,185.0,,337.54,No,40.743787,-73.999589,410,308.4176,,823.6128508133601,265.2547285546733,1088.8675793680334,False,
22009022,Not Applicable: Standalone Property,237 8th Ave,237 8th Ave,10011,1007460038,2024,1910,1,95,Multifamily Housing,38802.0,,44.0,218443.9,,62849.0,1876903.4,,,69.2,70.4,1688.7,228.39,No,40.744733,-73.998907,524,218.44389999999999,,18.41922170882689,550.0660289050104,568.4852506138373,False,
22739867,Not Applicable: Standalone Property,WEST 23RD STREET OWNERS CORP,410 west 23rd Street,10011,1007200049,2024,1920,1,90,Multifamily Housing,36575.0,,20.0,507782.3,,3818476.0,,,,151.8,158.3,,402.21,No,40.746751,-74.00196,576,507.78229999999996,,1119.084727423419,0.0,1119.084727423419,False,
22839039,Not Applicable: Standalone Property,Lantern House,515 West 18Th Street,10011,1006907503,2024,2018,1,100,Multifamily Housing,348001.0,,181.0,3390259.6,,12881814.6,,,,70.3,71.7,7420.7,2015.49,Yes,40.744928,-74.00703,518,3390.2596000000003,,3775.2867846648824,0.0,3775.2867846648824,False,
22883381,Not Applicable: Standalone Property,Hotel Chelsea : 222 WEST 23 STREET,222 WEST 23 STREET,10011,1007720064,2024,1950,1,100,Hotel,202485.0,,52.92,3597769.1,,14453598.0,,,,132.0,132.0,12161.8,2180.46,Yes,40.744459,-73.996521,625,3597.7691,,4235.930978253543,0.0,4235.930978253543,False,
23380325,Not Applicable: Standalone Property,OLD WARREN ROAD HOUSE INC,141 WEST 17 STREET,10011,1007930014,2024,1918,1,100,Multifamily Housing,32862.0,,13.0,121087.1,,24153.0,1231001.4,,,50.8,51.6,445.5,140.18,No,40.739938,-73.997008,532,121.0871,,7.078544796787473,360.77085889157013,367.8494036883576,False,
24231233,Not Applicable: Standalone Property,NYC-Chelsea NY HYP,140 West 24th St,10011,1007990063,2024,1980,1,80,Hotel,172767.0,,,2456689.2,,348347.5,,,,50.5,51.4,10933.2,983.19,No,40.74408,-73.993558,812,2456.6892000000003,,102.09056364008298,0.0,102.09056364008298,False,
24312274,Not Applicable: Standalone Property,The Board of Managers of 128 West 23rd Street Condo (128 W 23rd St),128 West 23rd Street,10011,1007987508,2024,2021,2,90,Multifamily Housing,54455.0,,30.0,882750.1,,1226894.0,,,,77.8,78.3,,411.8,Yes,40.74332,-73.993804,794,882.7501,,359.56709890737255,0.0,359.56709890737255,False,
24896805,Not Applicable: Standalone Property,163 West 17th Street AKA 119 7th Avenue,163 West 17th Street AKA 119 7th Avenue,10011,1007930001,2024,1950,1,100,Multifamily Housing,53123.0,,55.0,751423.0,0.0,3075764.1,,4553550.0,,191.9,192.3,3286.2,801.24,Yes,40.740281,-73.997817,462,751.423,0.0,901.4173794642779,1334.5136280963688,2235.931007560647,False,
24896820,Not Applicable: Standalone Property,415 West 24th Street,415 West 24th Street,10011,1007220026,2024,1926,1,100,Multifamily Housing,42204.0,,65.0,179190.7,,88103.0,,3371578.1,,96.5,98.9,,328.87,No,40.747456,-74.001552,717,179.19070000000002,,25.820437719180504,988.1118956948451,1013.9323334140256,False,
24896821,Not Applicable: Standalone Property,434 6th Avenue,434 6th Avenue,10011,1005730006,2024,1915,1,100,Fitness Center/Health Club/Gym,33420.0,,,587476.7,,1438160.1,,,,103.0,105.4,1191.6,307.08,Yes,40.734583,-73.998849,856,587.4766999999999,,421.4830742683042,0.0,421.4830742683042,False,
25112004,Not Applicable: Standalone Property,177 Eighth Avenue,177 Eighth Avenue,10011,1007430038,2024,1925,1,100,Multifamily Housing,77712.0,,100.0,372261.6,,645236.0,3934131.9,,,75.3,77.1,3221.9,472.38,Yes,40.74293,-74.00022,302,372.2616,,189.0999847016918,1152.9801221637317,1342.0801068654234,False,
25518956,Not Applicable: Standalone Property,TMG - 37 West 17th Street,37 West 17th Street,10011,1008190017,2024,1900,1,100,Office,35000.0,,,,,,620489.4,,,,,,,No,40.738475,-73.99353,820,,,,181.84747293635496,181.84747293635496,False,
25745721,Not Applicable: Standalone Property,135 West 23rd Street,135 West 23rd Street,10011,1007990021,2024,1973,1,100,Residential Care Facility,159606.0,,,1437525.2,,7722344.0,,,,79.1,80.6,11754.9,974.65,No,40.743386,-73.993916,809,1437.5252,,2263.195376980208,0.0,2263.195376980208,False,
26278887,Not Applicable: Standalone Property,214 West 17 Street,214 West 17 Street,10011,1007660053,2024,1980,1,100,Multifamily Housing,29040.0,,12.0,101350.2,,0.0,,,,11.9,12.0,481.0,39.8,No,40.740762,-73.999,350,101.3502,,0.0,0.0,0.0,False,
26497677,Not Applicable: Standalone Property,The Cortland,555 W. 22Nd Street,10011,1006947502,2024,2022,1,100,Multifamily Housing,404656.0,,143.0,3877489.4,,17776643.8,,,,76.6,77.1,,2466.8,Yes,40.74756,-74.005919,836,3877.4894,,5209.819462378764,0.0,5209.819462378764,False,
26533122,Not Applicable: Standalone Property,AKAM - 206 West 17th Street,106 7th Avenue,10011,1007667503,2024,1910,1,100,Multifamily Housing,80340.0,,11.0,698688.1,,215315.0,2658984.0,,,65.4,66.5,,483.1,No,40.740128,-73.998546,388,698.6881,,63.10259068936756,779.2712026638985,842.3737933532661,False,
26533123,Not Applicable: Standalone Property,AKAM - 121 West 19th Street,121 West 19th Street,10011,1007957501,2024,1903,1,100,Multifamily Housing,133433.0,,67.0,1383331.5,,3043288.1,,,,58.2,58.5,3132.1,704.85,No,40.740803,-73.995421,640,1383.3315,,891.899604412712,0.0,891.899604412712,False,
26565549,Not Applicable: Standalone Property,505 West 19th Street,505 W. 19Th Street,10011,1006917502,2024,2013,1,100,Multifamily Housing,118784.0,,35.0,1455234.6,,1177543.0,,,,51.7,53.2,,633.98,Yes,40.745425,-74.006395,540,1455.2346,,345.1037500783965,0.0,345.1037500783965,False,
26583039,Not Applicable: Standalone Property,18 West 18th Street,18 WEST 18 STREET,10011,1008190056,2024,1903,1,70,Office,173152.0,,,833782.4,,2991852.6,,,,33.7,35.6,,486.32,No,40.738859,-73.99266,872,833.7824,,876.8253490036465,0.0,876.8253490036465,False,
26634247,Not Applicable: Standalone Property,KINSEY EQUITIES LLC : 109 West 24 Street,109 West 24 Street,10011,1008000033,2024,1950,1,100,Office,45657.0,,2.0,162121.0,,0.0,,,,12.1,12.9,192.2,63.66,No,40.743825,-73.992901,931,162.121,,0.0,0.0,0.0,False,
26664055,Not Applicable: Standalone Property,35 XV Condominium (35 West 15th St),35 West 15th St,10011,1008177503,2024,2015,1,90,Multifamily Housing,177938.0,,55.0,1778199.8,,4979066.9,,,,62.1,63.4,3932.1,962.72,No,40.737254,-73.994436,839,1778.1998,,1459.2203079473247,0.0,1459.2203079473247,False,
26679016,Not Applicable: Standalone Property,The Chadwin House Condominium (140 7th Avenue),140 7th Avenue,10011,1007687502,2024,1931,1,100,Multifamily Housing,120545.0,,144.65,569714.9,,5660213.1,692207.9,,,68.8,70.7,3723.1,575.72,No,40.741324,-73.99768,442,569.7149000000001,,1658.844532261553,202.86608822258864,1861.7106204841416,False,
26680772,Not Applicable: Standalone Property,154 West 18th Street,154 West 18th Street,10011,1007930067,2024,1906,1,100,Multifamily Housing,70858.0,,26.0,321040.0,,2373700.0,,,,49.0,51.2,1282.8,252.14,No,40.740493,-73.996547,505,321.04,,695.6627244704354,0.0,695.6627244704354,False,
26697879,Not Applicable: Standalone Property,147 West 22nd Street,147 W. 22ND ST.,10011,1007980017,2024,1909,1,95,Multifamily Housing,49895.0,,16.0,201043.8,,20311.0,1656138.0,,,47.3,47.7,818.4,202.91,No,40.742815,-73.994645,724,201.04379999999998,,5.952565866250584,485.3660838265231,491.3186496927737,False,
28242206,Not Applicable: Standalone Property,455 West 19th Street,455 West 19th Street,10011,1007177505,2024,1900,1,100,Multifamily Housing,36431.0,,10.0,277855.4,,574735.0,,,,41.8,42.6,,139.63,No,40.744783,-74.004876,453,277.85540000000003,,168.4381834050283,0.0,168.4381834050283,False,
28444237,Not Applicable: Standalone Property,204 West 23rd Street,204 West 23rd Street,10011,1007720047,2024,1920,1,70,Hotel,51844.0,,,634874.3,,1713939.0,,,,74.8,76.5,6906.0,340.34,No,40.744305,-73.996157,666,634.8743000000001,,502.3058829321875,0.0,502.3058829321875,False,
28482620,Not Applicable: Standalone Property,NPMG - 232 7th Ave,232 7th Ave,10011,1007730044,2024,2015,1,100,Multifamily Housing,51584.0,,49.0,3762007.3,,1889516.0,,,,285.5,284.6,,1577.62,No,40.744434,-73.99541,734,3762.0072999999998,,553.7624166872305,0.0,553.7624166872305,False,
28620949,Not Applicable: Standalone Property,Andrews Building Corp : 500 WEST 22 STREET,500 WEST 22 STREET,10011,1006937505,2024,1950,2,100,Multifamily Housing,40810.0,,24.0,253216.0,,890200.0,,,,43.0,43.8,,146.72,Yes,40.74705,-74.004742,647,253.216,,260.8918386163296,0.0,260.8918386163296,False,
28621235,Not Applicable: Standalone Property,MIDWOOD MANAGEMENT CORP : 56 7 Avenue,56 7 Avenue,10011,1006180033,2024,1950,1,100,Multifamily Housing,152158.0,,182.59,1112190.0,,7599000.0,,,,74.9,75.7,,840.35,Yes,40.738308,-73.999874,417,1112.19,,2227.046822787563,0.0,2227.046822787563,False,
30687928,Not Applicable: Standalone Property,62-66 9th Avenue AKA 366 West 15th Street,62-66 9th Avenue AKA 366 West 15th Street,10011,1007387502,2024,1905,1,100,Multifamily Housing,41302.0,,21.0,728075.4,,46477.0,,,,61.3,61.3,,288.37,No,40.741508,-74.004944,121,728.0754000000001,,13.621062663863345,0.0,13.621062663863345,False,
30687951,Not Applicable: Standalone Property,39 West 19th Street,39 West 19th Street,10011,1008210014,2024,1911,1,80,Office,107152.0,,,1228441.1,,228213.0,2520970.2,,,64.8,68.2,,681.57,No,40.739666,-73.992725,839,1228.4411,,66.88262094602159,738.8233549482994,805.705975894321,False,
30687967,Not Applicable: Standalone Property,154 West 14th Street,154 West 14th Street,10011,1006090007,2024,1912,1,75,Office,140044.0,,,716090.4,,3915.0,3826905.6,,,44.8,47.2,2298.1,565.37,Yes,40.737992,-73.998369,470,716.0904,,1.1473731163591667,1121.5551990509189,1122.702572167278,False,
30731787,Not Applicable: Standalone Property,523 West 24 Street,523 West 24 Street,10011,1006960020,2024,1930,1,90,Office,27106.0,,,384941.6,,1330620.0,,,,97.5,101.4,168.3,221.83,Yes,40.748845,-74.004829,855,384.9416,,389.96618546355927,0.0,389.96618546355927,False,
30833286,Not Applicable: Standalone Property,117 West 21 Street,117 W 21 STREET,10011,1007977509,2024,2016,1,95,Multifamily Housing,37713.0,,9.0,237515.6,,903707.0,,,,45.5,46.2,0.0,141.27,Yes,40.741945,-73.994482,742,237.5156,,264.85034913552835,0.0,264.85034913552835,False,
31428966,Not Applicable: Standalone Property,The Sierra Chelsea (sr09),130 W 15th Street,10011,1007907502,2024,2001,1,95,Multifamily Housing,180281.0,,213.0,4078837.2,,10642241.9,,,,136.2,138.7,16008.3,2166.93,No,40.738519,-73.997492,587,4078.8372000000004,,3118.932887318289,0.0,3118.932887318289,False,
31978251,Not Applicable: Standalone Property,234 West 21st Street,234 West 21st Street,10011,1007700059,2024,1913,1,100,Multifamily Housing,32718.0,,36.0,126707.7,,45303.0,1420751.5,,,58.0,59.0,941.5,157.59,Yes,40.743328,-73.997828,468,126.7077,,13.276997264474925,416.3811177846643,429.6581150491392,False,
31978308,Not Applicable: Standalone Property,445 West 19th Street,445 West 19th Street,10011,1007177501,2024,1989,1,100,Multifamily Housing,54355.0,,71.0,321237.1,,2684322.5,,,,69.5,,2329.4,268.72,No,40.744709,-74.004695,430,321.2371,,786.697183177019,0.0,786.697183177019,False,
31999717,Not Applicable: Standalone Property,110 West 14th Street,110 West 14th Street,10011,1006090033,2024,1920,1,100,Multifamily Housing,26500.0,,8.0,260019.4,,57809.0,1040271.7,,,74.9,81.5,754.0,182.37,Yes,40.737619,-73.997474,641,260.0194,,16.94214367397371,304.87350760900335,321.81565128297706,False,
32478054,Not Applicable: Standalone Property,Hauser &amp; Wirth,542 West 22nd Street,10011,1006930056,2024,2017,1,100,Museum,33000.0,,,869451.5,,,,,,89.9,89.9,,341.41,No,40.747635,-74.006135,759,869.4515,,,0.0,0.0,False,
32887548,Not Applicable: Standalone Property,The Salvation Army DHQ,120 West 14th Street,10011,1006090023,2024,1930,1,90,Office,182554.0,,,1871727.2,11891786.3,663188.0,,,,103.8,107.1,,1559.81,No,40.737704,-73.997676,593,1871.7272,3485.1381624797564,194.36119598774027,0.0,3679.4993584674967,False,
33043078,Not Applicable: Standalone Property,Fifth Avenue Loft,140 5Th Avenue,10011,1008207501,2024,1880,1,100,Multifamily Housing,50400.0,,19.0,330702.4,,43431.0,3086605.9,,,84.5,85.2,1145.3,361.2,Yes,40.739005,-73.991448,988,330.7024,,12.728368280100888,904.5947970512365,917.3231653313373,False,
33057218,Not Applicable: Standalone Property,56 7th Avenue (48 7 AVENUE),48 7 AVENUE,10011,1006180033,2024,1931,1,100,Multifamily Housing,142204.0,,124.02,1111185.0,0.0,8243675.8,,,,84.6,87.1,,874.2,No,40.738116,-74.000014,417,1111.185,0.0,2415.9826290933966,0.0,2415.9826290933966,False,
33191245,Not Applicable: Standalone Property,14 West 17th Street,14 West 17th Street,10011,1008180059,2024,1906,1,100,Multifamily Housing,50672.0,,19.0,163349.6,,2838011.4,,,,67.0,69.4,653.0,214.88,Yes,40.738231,-73.992996,901,163.3496,,831.7389487307387,0.0,831.7389487307387,False,
33193046,Not Applicable: Standalone Property,45 West 11th Street,45 West 11th Street,10011,1005750072,2024,1846,1,100,Multifamily Housing,27308.0,,34.0,107400.0,,217937.0,,,,21.4,21.5,,53.75,No,40.734671,-73.99654,896,107.4,,63.87102295273761,0.0,63.87102295273761,False,
33196960,Not Applicable: Standalone Property,229 West 16th Street,229 West 16th Street,10011,1007660023,2024,1910,1,100,Multifamily Housing,31715.0,,53.0,184320.8,,10179.0,,,,20.2,20.5,,72.92,No,40.740309,-73.9997,294,184.3208,,2.9831701025338337,0.0,2.9831701025338337,False,
33214016,33214016,30-34 West 13th Street (Parent Property),30-34 West 13th Street,10011,1005760022,2024,1900,2,100,Multifamily Housing,60692.0,,29.0,457203.7,,2640691.9,,,,69.2,71.2,,319.79,No,40.735785,-73.995266,868,457.2037,,773.9103179176013,0.0,773.9103179176013,False,
33560626,Not Applicable: Standalone Property,"Halstead - 63 West 17th Street NY, NY 10011",600 6th AVENUE,10011,1008197502,2024,1961,1,100,Multifamily Housing,60427.0,,17.0,649011.6,,3104699.1,,,,88.0,90.5,,419.76,No,40.739518,-73.995251,724,649.0115999999999,,909.8973899679439,0.0,909.8973899679439,False,
33561184,Not Applicable: Standalone Property,"Halstead - 105 West 13th Street NY, NY 10011",101 WEST 13 STREET,10011,1006090047,2024,1961,1,100,Multifamily Housing,94528.0,,102.0,671201.9,,1062615.0,5786491.9,,,96.7,99.4,,749.38,No,40.736856,-73.997763,681,671.2019,,311.42168174712543,1695.8531913384616,2007.274873085587,False,
33561235,Not Applicable: Standalone Property,291 7th Ave Condo : 31 WEST 11 STREET,31 WEST 11 STREET,10011,1005757502,2024,1950,1,100,Multifamily Housing,32529.0,,6.0,183907.0,,,,,,19.3,19.3,,72.22,Yes,40.734537,-73.996218,942,183.907,,,0.0,0.0,False,
33572213,Not Applicable: Standalone Property,155 W 18th Street - 44182,155 W 18th Street,10011,1007947504,2024,2016,1,100,Multifamily Housing,87794.0,,30.0,722608.2,,623075.0,,,,35.2,35.9,2657.9,316.85,No,40.740509,-73.996536,548,722.6081999999999,,182.6052374139177,0.0,182.6052374139177,False,
33638934,Not Applicable: Standalone Property,DEPM 2294 - 500 West 18th Street,1 High Line,10011,1006897501,2024,2017,1,100,Multifamily Housing,907366.0,,236.0,8571470.2,,2747203.9,,,,35.3,35.3,,3511.75,Yes,40.744525,-74.007019,514,8571.4702,,805.1259003874985,0.0,805.1259003874985,False,
33807463,Not Applicable: Standalone Property,Lovett - 305 West 18th Street,305 West 18 Street,10011,1007427501,2024,1950,1,100,Multifamily Housing,51557.0,,60.0,186586.0,,2634616.4,,,,63.4,65.5,1477.4,213.2,No,40.742475,-74.001205,228,186.586,,772.1297648222144,0.0,772.1297648222144,False,
33869333,Not Applicable: Standalone Property,210 WEST 19 STREET,210 WEST 19 STREET,10011,1007687501,2024,1939,1,100,Multifamily Housing,56889.0,,68.27,157863.0,,39117.0,2748849.8,,,58.5,58.6,1627.7,268.04,No,40.742019,-73.998347,423,157.863,,11.464059819315844,805.6082660100312,817.072325829347,False,
33869334,Not Applicable: Standalone Property,161 WEST 15 STREET,161 WEST 15 STREET,10011,1007910001,2024,1938,1,100,Multifamily Housing,138747.0,,166.5,486161.0,,5564700.7,,,,52.1,54.1,4917.4,486.47,Yes,40.739071,-73.998755,447,486.161,,1630.8526139885153,0.0,1630.8526139885153,False,
33881135,Not Applicable: Standalone Property,146 West 22nd Street,146 West 22nd Street,10011,1007977505,2024,2003,1,100,Multifamily Housing,40729.0,,12.0,239137.9,,1700819.0,,,,61.8,63.0,928.3,184.24,Yes,40.742801,-73.994655,691,239.1379,,498.4607909049506,0.0,498.4607909049506,False,
33912723,Not Applicable: Standalone Property,30 WEST 18 STREET,30 WEST 18 STREET,10011,1008190059,2024,2005,1,100,Multifamily Housing,98690.0,,98.0,797946.0,,5129873.0,,,,79.6,81.3,7175.3,585.81,Yes,40.738978,-73.992942,852,797.946,,1503.4172083107915,0.0,1503.4172083107915,False,
33915520,Not Applicable: Standalone Property,460 WEST 20 STREET,460 WEST 20 STREET,10011,1007170077,2024,1999,1,100,Multifamily Housing,69127.0,,73.0,873251.9,,6721764.2,,,,140.3,141.7,7442.4,699.93,No,40.745304,-74.004342,494,873.2519,,1969.9544157306468,0.0,1969.9544157306468,False,
33922007,Not Applicable: Standalone Property,AKAM - 270 West 17th Street,124 8th Avenue,10011,1007667502,2024,1989,1,100,Multifamily Housing,185106.0,,157.0,2189138.4,,5345919.0,2125338.0,,,80.7,,9004.3,1301.28,No,40.741206,-74.001451,187,2189.1384,,1566.7340339294203,622.8750151664262,2189.609049095847,False,
33935158,33935158,GTS - 440 West 21 Street/175 9th Ave,440 West 21 Street,10011,1007180001,2024,1931,2,90,Multifamily Housing,133770.0,,76.0,535246.0,,8743440.2,,,,79.0,83.3,,674.58,Yes,40.745722,-74.003511,463,535.246,,2562.4491008873606,0.0,2562.4491008873606,False,
33935159,33935158,440 West 21 Street - 1083575,440 West 21 Street,10011,1007180001,2024,1931,1,90,Multifamily Housing,66885.0,,38.0,,,,,,,,,,,Not Available,40.745722,-74.003511,463,,,,0.0,0.0,True,
33935160,33935158,175 9th Ave - 1083573,175 9th Ave,10011,1007180001,2024,1931,1,90,Multifamily Housing,66885.0,,38.0,,,,,,,,,,,Not Available,40.74486,-74.00253,463,,,,0.0,0.0,True,
33951717,2831044,FULTON - Bldgs 1-4,401 WEST 16TH STREET,10011,1007140031,2024,1965,1,100,Multifamily Housing,322060.0,,386.47,2531003.7,100660609.3,,,,,339.4,345.8,,7677.58,Yes,40.742321,-74.004478,234,2531.0037,29500.709319834874,,0.0,29500.709319834874,True,
33951718,2831044,"FULTON - Bldgs 5-7, 12",427 WEST 17TH STREET,10011,1007150010,2024,1965,1,100,Multifamily Housing,286330.0,,343.6,,,,,,,,,,,Not Available,40.743361,-74.005128,274,,,,0.0,0.0,True,
33951720,2831044,FULTON - Bldgs 8-10,401 WEST 18TH STREET,10011,1007160017,2024,1965,1,100,Multifamily Housing,277210.0,,332.65,1924694.8,,,,,,23.7,24.0,,755.79,No,40.743474,-74.003576,305,1924.6948,,,0.0,0.0,True,
33951721,2831044,FULTON - Bldg 11,401 WEST 19TH STREET,10011,1007170019,2024,1965,1,100,Multifamily Housing,46850.0,,56.22,406536.6,,,,,,29.6,29.9,,159.64,No,40.744064,-74.003165,353,406.53659999999996,,,0.0,0.0,True,
33978983,Not Applicable: Standalone Property,641 Avenue of the Americas,635-641 Avenue of the Americas,10011,1007950044,2024,1902,1,65,Office,173891.0,,,1588914.8,4186183.8,,,,,55.3,56.2,725.6,901.89,No,40.740581,-73.994504,715,1588.9148,1226.8492342932973,,0.0,1226.8492342932973,False,
33987261,Not Applicable: Standalone Property,600 - 435 West 23rd Street,435 West 23rd Street,10011,1007210007,2024,1934,10,100,Multifamily Housing,975170.0,,921.0,3610623.2,,48554535.2,,,,62.4,64.5,,3996.76,Yes,40.74697,-74.002436,679,3610.6232,,14229.928062782852,0.0,14229.928062782852,False,
33987403,Not Applicable: Standalone Property,31 WEST 17 STREET,31 WEST 17 STREET,10011,1008190020,2024,2005,1,100,Multifamily Housing,27758.0,,11.0,218282.8,,768744.0,,,,54.5,54.9,2280.6,126.55,No,40.738418,-73.993393,846,218.28279999999998,,225.29660254467723,0.0,225.29660254467723,False,
33999110,33999110,The Sierra Chelsea,120 West 15 Street,10011,1007907502,2024,2004,2,95,Multifamily Housing,343534.0,,213.0,4080276.0,,10674357.9,,,,71.6,72.9,16008.3,2169.2,No,40.738407,-73.997225,587,4080.276,,3128.345156795937,0.0,3128.345156795937,False,
34002988,Not Applicable: Standalone Property,74 Fifth Avenue,74 5TH AVE.,10011,1005770042,2024,1910,1,100,Multifamily Housing,101138.0,,33.0,1256227.5,,5324213.7,4422623.9,,,138.8,140.6,9599.0,1104.26,Yes,40.735519,-73.993981,978,1256.2275,,1560.3728391139643,1296.1429799814898,2856.5158190954544,False,
36304624,Not Applicable: Standalone Property,11 West 17th Street,11 West 17th Street,10011,1008190031,2024,1908,1,100,Multifamily Housing,27610.0,,12.0,248249.1,,1318816.9,,,,78.4,81.4,,167.53,No,40.738225,-73.992931,925,248.2491,,386.50703868713555,0.0,386.50703868713555,False,
36340942,Not Applicable: Standalone Property,159 West 24th Street,159 West 24th Street,10011,1008007505,2024,1900,1,100,Multifamily Housing,22312.0,,24.0,232312.4,,945692.0,,,,77.9,80.4,,141.45,No,40.74425,-73.993915,821,232.3124,,277.15493669372495,0.0,277.15493669372495,False,
36500729,Not Applicable: Standalone Property,Wallack - 43 West 13th Street,43 WEST 13 STREET,10011,1005770066,2024,1906,1,100,Multifamily Housing,51500.0,,15.0,229493.4,,253285.0,,,,20.1,20.7,375.6,103.57,No,40.735931,-73.995565,814,229.4934,,74.23049802733884,0.0,74.23049802733884,False,
43061592,Not Applicable: Standalone Property,JM - 12 W 18th Street,12 W 18th Street,10011,1008197501,2024,1885,1,90,Multifamily Housing,36729.0,,14.0,161097.9,,1036404.0,,,,43.2,45.4,,118.31,No,40.738802,-73.992519,901,161.09789999999998,,303.7399967527729,0.0,303.7399967527729,False,
44406002,Not Applicable: Standalone Property,JM - 138 W 17th street,138 W 17th street,10011,1007927502,2024,1968,1,90,Multifamily Housing,34571.0,,8.0,124336.9,,1591493.9,,,,58.3,60.6,449.2,133.36,Yes,40.7399,-73.996958,519,124.3369,,466.4207702961952,0.0,466.4207702961952,False,
44408395,Not Applicable: Standalone Property,JM - 135 W 17th street,135 W 17th street,10011,1007930017,2024,1920,1,90,Multifamily Housing,31980.0,,14.0,153244.3,,1218383.0,,,,54.4,56.1,510.2,124.89,No,40.739861,-73.996821,551,153.24429999999998,,357.07277129732586,0.0,357.07277129732586,False,
44408792,Not Applicable: Standalone Property,JM - 112 W 18 ST / 117 W 17 ST,112 W 18 ST / 117 W 17 ST,10011,1007937501,2024,1911,1,90,Multifamily Housing,58691.0,,35.0,706248.6,,3179760.2,,,,95.2,97.9,,446.22,No,,,628,706.2486,,931.8956245080071,0.0,931.8956245080071,False,
45047792,Not Applicable: Standalone Property,110 5th Avenue,110 5th Avenue,10011,1008180041,2024,1900,1,100,Office,176867.0,,,984689.3,,3250505.4,,,,37.4,38.3,,559.32,Yes,40.737424,-73.992599,958,984.6893,,952.6289937523117,0.0,952.6289937523117,False,
45838192,Not Applicable: Standalone Property,220 West 21st Street,220 West 21st Street,10011,1007700051,2024,1913,1,100,Multifamily Housing,26952.0,,35.0,110714.7,,39441.0,1828872.5,,,83.3,83.5,1584.3,181.28,No,40.743166,-73.997445,500,110.7147,,11.55901483584212,535.9895631541713,547.5485779900134,False,
45903292,Not Applicable: Standalone Property,312 West 15th Street,312 West 15th Street,10011,1007380048,2024,1900,1,100,Multifamily Housing,22639.0,,36.0,87357.0,,26189.0,1357036.8,,,74.3,74.4,3582.6,136.39,No,40.740715,-74.002685,94,87.357,,7.675237431501972,397.70818447766834,405.3834219091703,False,
46874796,Not Applicable: Standalone Property,Monarch - 251 West 14th Street,251 West 14th Street,10011,1007647506;1007640010,2024,2018,1,80,Multifamily Housing,117052.0,,49.0,429640.6,,72865.0,,,,13.1,13.1,,172.58,No,40.739167,-74.001119,232,429.64059999999995,,21.354621232058925,0.0,21.354621232058925,False,
47603092,Not Applicable: Standalone Property,100 Fifth Ave,100 Fifth Ave,10011,1008177502,2024,1906,1,100,Office,250671.0,,,238643.3,,6576126.5,,,,29.5,31.3,612.7,443.0,Yes,40.736881,-73.992992,962,238.64329999999998,,1927.2722237233972,0.0,1927.2722237233972,False,
48587198,Not Applicable: Standalone Property,32 West 20th Street,32 West 20th Street,10011,1008210062,2024,1912,1,100,Multifamily Housing,51480.0,,18.0,227051.6,,1714487.9,,,,48.5,,,180.73,No,40.740166,-73.992137,872,227.0516,,502.4667496253087,0.0,502.4667496253087,False,
48630493,Not Applicable: Standalone Property,121-125 West 17th Street,121 West 17th Street,10011,1007930022,2024,1909,1,100,Multifamily Housing,57029.0,,29.0,286901.0,,226802.0,734298.0,,,34.0,,753.3,179.19,No,40.739675,-73.996384,599,286.901,,66.46909771047044,215.20147754694852,281.67057525741893,False,
49067992,Not Applicable: Standalone Property,18 West 18th Street,18 West 18th Street,10011,1008190056,2024,1903,1,50,Office,157711.0,,,833782.4,,2238987.0,,,,32.2,33.8,,446.33,No,40.738859,-73.99266,872,833.7824,,656.1822456392495,0.0,656.1822456392495,False,
49068392,Not Applicable: Standalone Property,524 West 19th Street,524 West 19th Street,10011,1006907502,2024,2008,1,100,Multifamily Housing,33183.0,,9.0,297838.7,,1330641.0,,,,70.7,71.9,421.9,187.63,No,40.74562,-74.0069,586,297.8387,,389.9723399553712,0.0,389.9723399553712,False,
49621196,Not Applicable: Standalone Property,7 W 18th St,7 W 18th St,10011,1008200033,2024,1900,1,80,Office,49033.0,,,446676.3,,1321.0,,1504822.0,,61.8,62.1,,288.76,No,40.738774,-73.992415,939,446.67629999999997,,0.38714684207163713,441.01974654044295,441.40689338251457,False,
50099892,4997968,The Chelsea - 160 West 24th Street (Main Building),160 West 24th Street,10011,1007990003,2024,1987,1,100,Multifamily Housing,195239.0,,225.6,,,,,,,,,,,Not Available,40.74425,-73.993966,767,,,,0.0,0.0,True,
50103192,4997968,The Chelsea - 167 West 23rd Street,167 West 23rd Street,10011,1007990003,2024,1987,1,100,Office,14864.0,,,,,,,,,,,,,Not Available,40.743657,-73.994565,767,,,,0.0,0.0,True,
50145494,Not Applicable: Standalone Property,VILLAGE MEWS HOUSING CORP,141 WEST 13 STREET,10011,1006090065,2024,1910,1,95,Multifamily Housing,28200.0,,16.0,239320.5,,1173482.0,,,,70.6,72.6,591.7,156.3,Yes,40.737196,-73.998575,553,239.3205,,343.9135885903928,0.0,343.9135885903928,False,
50162294,Not Applicable: Standalone Property,261 West 21st Street,261 West 21st Street,10011,1007710001,2024,1910,1,100,Multifamily Housing,32325.0,,32.0,248001.7,,104.0,2261571.6,,,96.1,97.6,,265.21,Yes,40.743808,-73.998921,463,248.0017,,0.030479388020779912,662.8011378190006,662.8316172070214,False,
50495092,Not Applicable: Standalone Property,365 W 20 APTS CORP,363 WEST 20 STREET,10011,1007440001,2024,1928,1,100,Multifamily Housing,62638.0,,74.0,300371.2,,4092599.0,,,,81.7,85.2,,335.33,Yes,40.744141,-74.001527,376,300.3712,,1199.422239754383,0.0,1199.422239754383,False,
50506895,2810288,38-50 West 9th Street Corporation (38 West 9th Street),38 West 9th Street,10011,1005720017,2024,1900,1,100,Multifamily Housing,24366.0,,29.24,,,,,,,,,,,Not Available,40.733502,-73.997499,968,,,,0.0,0.0,True,
50508492,2810288,38-50 West 9th Street Corporation (42 West 9th Street),42 West 9th Street,10011,1005720017,2024,1900,1,100,Multifamily Housing,24366.0,,29.24,,,,,,,,,,,Not Available,40.73356,-73.997633,968,,,,0.0,0.0,True,
50508592,2810288,38-50 West 9th Street Corporation (50 West 9th Street),50 West 9th Street,10011,1005720017,2024,1900,1,100,Multifamily Housing,24366.0,,29.24,,,,,,,,,,,Not Available,40.733672,-73.997904,968,,,,0.0,0.0,True,
50675093,Not Applicable: Standalone Property,55 West 17th Street Condominium (55 West 17th Street),55 West 17th Street,10011,1008197505,2024,1920,1,95,Multifamily Housing,120377.0,,85.0,1056564.1,,2306873.9,,,,49.1,50.3,,537.42,No,40.738648,-73.993945,752,1056.5641,,676.0779299337484,0.0,676.0779299337484,False,
50716792,Not Applicable: Standalone Property,120 11th Avenue NCG,120 11 Avenue,10011,1006927501,2024,1910,1,100,Multifamily Housing,45946.0,,10.0,379064.8,,2088956.2,,,,73.6,77.3,695.7,259.8,No,40.746921,-74.007929,715,379.0648,,612.212563252057,0.0,612.212563252057,False,
51560292,Not Applicable: Standalone Property,76 8th Avenue,254 WEST 14 STREET,10011,1006180005,2024,2020,1,100,Office,38438.0,,,0.0,,0.0,,,,0.0,0.0,,0.0,No,40.739186,-74.001209,222,0.0,,0.0,0.0,0.0,False,
51811392,Not Applicable: Standalone Property,34 West 17th Street,34 WEST 17TH STREET,10011,1008187502,2024,1910,1,100,Multifamily Housing,28380.0,,9.0,204978.9,,311402.0,,,,35.6,36.5,480.2,97.03,No,40.738429,-73.993465,829,204.97889999999998,,91.26290758122025,0.0,91.26290758122025,False,
52512992,52698695,221 8th Avenue,221 8th Avenue,10011,1007457503,2024,1998,1,100,Multifamily Housing,90729.0,,71.0,628375.6,,237467.0,,,,26.2,26.6,,259.36,No,40.744201,-73.999289,460,628.3756,,69.59470033779368,0.0,69.59470033779368,True,
52523893,Not Applicable: Standalone Property,136 West 22nd Street,136 W. 22Nd Street,10011,1007977504,2024,1908,1,100,Multifamily Housing,35629.0,,8.0,130189.1,,43410.0,,,,13.7,13.8,409.2,53.43,No,40.742716,-73.994453,715,130.1891,,12.722213788288999,0.0,12.722213788288999,False,
52535692,Not Applicable: Standalone Property,133 West 17th Street,133 W. 17Th Street,10011,1007930020,2024,1920,1,100,Multifamily Housing,54890.0,,24.0,204700.6,,78616.0,1952713.8,,,49.7,50.3,1125.1,229.45,No,40.739834,-73.996759,574,204.7006,,23.040072775400322,572.2838615743425,595.3239343497428,False,
52536293,52536293,137 West 12th Street,137 W. 12Th Street,10011,1006080060,2024,1910,3,100,Multifamily Housing,52202.0,,105.0,236713.4,,1386951.0,,,,42.0,42.6,,166.62,No,40.736529,-73.998957,609,236.7134,,406.4751701423915,0.0,406.4751701423915,False,
52544497,Not Applicable: Standalone Property,160 West 16th Street,91 7 Avenue,10011,1007910078,2024,1920,1,100,Multifamily Housing,62400.0,,69.0,258991.5,,109560.0,,,,15.9,16.0,1551.1,107.52,No,40.739604,-73.998907,450,258.9915,,32.10886299573699,0.0,32.10886299573699,False,
52612292,Not Applicable: Standalone Property,300 West 20th,300 West 20th,10011,1007437501,2024,2003,1,100,Office,43197.0,,,464844.4,,2301913.0,,,,90.0,92.0,2516.5,304.8,No,,,333,464.8444,,674.6240338180534,0.0,674.6240338180534,False,
52614292,Not Applicable: Standalone Property,15 West 11th Street,15 W. 11Th Street,10011,1005750057,2024,1923,1,100,Multifamily Housing,54453.0,,48.0,205606.0,,2800180.1,,,,64.3,66.6,,229.47,No,40.73438,-73.99585,988,205.606,,820.6516903458297,0.0,820.6516903458297,False,
52698694,52698695,217 8 AVENUE,217 8 AVENUE,10011,1007450032,2024,1900,1,100,Multifamily Housing,12990.0,,14.0,,,,,,,,,,,Not Available,40.744102,-73.999358,438,,,,0.0,0.0,True,
52698695,52698695,225 8 AVENUE,225 8 AVENUE,10011,1007457503;1007450032;1007450031,2024,1998,3,100,Multifamily Housing,113294.0,,100.0,628375.6,,237467.0,,,,21.0,21.3,,259.36,No,40.744297,-73.99922,438,628.3756,,69.59470033779368,0.0,69.59470033779368,False,
52700092,52698695,303 WEST 21 STREET,303 WEST 21 STREET,10011,1007450031,2024,1900,1,100,Multifamily Housing,9575.0,,15.0,,,,,,,,,,,Not Available,40.744209,-73.999877,445,,,,0.0,0.0,True,
52719501,Not Applicable: Standalone Property,319 West 18th Street,319 W. 18Th Street,10011,1007420022,2024,1928,1,100,Multifamily Housing,37230.0,,60.0,142015.2,,68304.0,,,,22.3,,1122.2,79.87,No,40.742595,-74.00149,215,142.01520000000002,,20.017924224724528,0.0,20.017924224724528,False,
52721894,Not Applicable: Standalone Property,312 West 23rd Street,312 W. 23Rd Street,10011,1007467506,2024,1948,1,100,Multifamily Housing,48886.0,,77.0,389718.2,,3319300.0,,,,95.1,95.3,3091.0,329.34,No,40.745568,-73.999163,551,389.7182,,972.7906986286034,0.0,972.7906986286034,False,
52730392,Not Applicable: Standalone Property,222 West 15th Street,222 W. 15Th Street,10011,1007640051,2024,1928,1,100,Multifamily Housing,87828.0,,64.0,245056.6,,5618920.4,,,,73.5,73.6,2308.5,394.67,No,40.739606,-74.000061,305,245.0566,,1646.742837783422,0.0,1646.742837783422,False,
52943893,52943893,Century - 10 West 15th Street / 7 West 14th Street (Parent Property),5 WEST 14TH STREET / 8 WEST 15TH STREET,10011,1008160031,2024,1964,2,100,Multifamily Housing,372865.0,,386.0,2119572.7,,31953084.8,,,,105.1,105.1,13249.5,2529.48,No,,,922,2119.5727,,9364.523750770044,0.0,9364.523750770044,False,
52949292,52943893,Century - 10 West 15th Street (Child - 8 West 15th),8 WEST 15 STREET,10011,1008160031,2024,1964,1,100,Multifamily Housing,174881.0,,193.0,,,,,,,,,,,Not Available,40.736919,-73.993678,922,,,,0.0,0.0,True,
52963595,2704587,Orsid -37 WEST 12 STREET (child),37 WEST 12 STREET,10011,1005760025,2024,1963,1,100,Multifamily Housing,118244.0,,141.89,,,,,,,,,,,Not Available,40.735217,-73.995847,906,,,,0.0,0.0,True,
52966092,2704587,Orsid -12 WEST 13 STREET (child),12 WEST 13 STREET,10011,1005760025,2024,1963,1,100,Multifamily Housing,118245.0,,141.89,,,,,,,,,,,Not Available,40.73561,-73.994844,906,,,,0.0,0.0,True,
53053995,Not Applicable: Standalone Property,MQ Property Management:114 WEST 17 STREET,114 WEST 17 STREET,10011,1007927505,2024,1996,1,100,Retail Store,31560.0,,18.09,233102.8,,1496020.0,,,,72.6,75.8,560.5,170.99,No,40.739582,-73.996207,596,233.1028,,438.4401352581458,0.0,438.4401352581458,False,
53351492,Not Applicable: Standalone Property,157 W 18th Street,157 W 18th Street,10011,1007940009,2024,1906,1,100,Office,26644.0,,,136622.7,,0.0,,,,17.5,17.5,163.1,53.65,No,40.740526,-73.996575,528,136.6227,,0.0,0.0,0.0,False,
53650392,52536293,137 WEST 12 STREET,137 WEST 12 STREET,10011,1006080060,2024,1910,1,100,Multifamily Housing,17400.0,,20.88,,,,,,,,,,,Not Available,40.736529,-73.998957,609,,,,0.0,0.0,True,
53650492,52536293,145 WEST 12 STREET,145 WEST 12 STREET,10011,1006080060,2024,1910,1,100,Multifamily Housing,17401.0,,20.88,,,,,,,,,,,Not Available,40.736598,-73.99912,609,,,,0.0,0.0,True,
53650592,52536293,149 WEST 12 STREET,149 WEST 12 STREET,10011,1006080060,2024,1910,1,100,Multifamily Housing,17401.0,,20.88,,,,,,,,,,,Not Available,40.736631,-73.999199,609,,,,0.0,0.0,True,
53682493,33999110,125 WEST 14 STREET - 1086581,125 West 14 Street,10011,1007907502,2024,2004,1,90,Multifamily Housing,171767.0,,106.0,,,,,,,,,,,Not Available,40.737751,-73.997748,587,,,,0.0,0.0,True,
53682992,33999110,120 WEST 15 STREET - 1080572,120 West 15 Street,10011,1007907502,2024,2004,1,90,Multifamily Housing,171767.0,,107.0,,,,,,,,,,,Not Available,40.738407,-73.997225,587,,,,0.0,0.0,True,
53891992,Not Applicable: Standalone Property,GC 40 West 20th Street-RDA,40 West 20th Street,10011,1008217501,2024,1923,1,100,Office,115207.0,,,1153650.3,,2259387.9,,,,53.8,55.3,,573.02,No,40.740246,-73.992324,835,1153.6503,,662.1611585918757,0.0,662.1611585918757,False,
53897392,Not Applicable: Standalone Property,222 W 14th Street,222 W 14th Street,10011,1006187501,2024,1987,1,100,Multifamily Housing,120244.0,,132.0,994675.8,,4513155.2,,,,65.8,67.6,,630.3,No,40.738915,-74.000559,319,994.6758000000001,,1322.6750821038515,0.0,1322.6750821038515,False,
53933293,Not Applicable: Standalone Property,8 West 13th Street,8 West 13th Street,10011,1005767503,2024,1973,1,100,Multifamily Housing,37683.0,,32.0,172513.4,,30900.0,1928550.0,,,67.6,68.7,675.5,212.49,No,40.735569,-73.99475,945,172.5134,,9.05589509463557,565.2021516103374,574.258046704973,False,
53948493,Not Applicable: Standalone Property,47 West 13th Street AKA 48 West 14th Street,47 West 13th Street AKA 48 West 14th Street,10011,1005770015,2024,1950,1,100,Residence Hall/Dormitory,75195.0,,,808529.6,,3476121.1,,,,82.9,85.7,,502.12,No,40.735969,-73.995655,796,808.5296,,1018.7504212896182,0.0,1018.7504212896182,False,
53950093,Not Applicable: Standalone Property,58-60 West 14th Street,58-60 West 14th Street,10011,1005770010,2024,1950,1,100,Multifamily Housing,39591.0,,20.0,379118.2,,1742367.1,,,,76.7,77.8,1273.9,241.42,No,40.736754,-73.995421,755,379.1182,,510.6373357263561,0.0,510.6373357263561,False,
53977792,Not Applicable: Standalone Property,JM REALTY : 112 W 18th St,112 W 18th St,10011,1007937501,2024,1911,1,100,Multifamily Housing,58705.0,,70.45,394910.0,,2934999.7,,,,72.9,73.8,,310.96,Yes,40.740136,-73.995691,628,394.91,,860.1634105497369,0.0,860.1634105497369,False,
54162002,Not Applicable: Standalone Property,NB:55 West 16th Street,55 West 16th Street,10011,1008180005,2024,1982,1,100,Multifamily Housing,25639.0,,9.0,120540.6,,73254.0,,,,18.9,19.0,352.3,51.22,No,40.738064,-73.994374,727,120.54060000000001,,21.468625866098186,0.0,21.468625866098186,False,
54162698,Not Applicable: Standalone Property,NB:5 West 19th Street,5 West 19th Street,10011,1008210038,2024,1900,1,100,Multifamily Housing,100211.0,,30.0,626557.9,,18263.0,,3593351.8,,57.4,57.8,,517.52,No,40.739337,-73.991946,988,626.5579,,5.352356379072149,1053.1073443016146,1058.4597006806869,False,
54163098,Not Applicable: Standalone Property,NB:140 5th Avenue,140 5th Avenue,10011,1008207501,2024,1901,1,100,Multifamily Housing,55025.0,,66.0,330736.6,,43431.0,,,,21.3,22.0,1145.3,132.18,No,40.739005,-73.991448,988,330.73659999999995,,12.728368280100888,0.0,12.728368280100888,False,
54407092,54407092,Chelsea Warren (Campus),155 + 165 West 20th Street,10011,1007960007;1007960001,2024,1938,2,95,Multifamily Housing,119993.0,,118.0,473786.1,,118202.0,,,,14.5,14.6,,192.32,Yes,,,572,473.7861,,34.64158291184834,0.0,34.64158291184834,False,
54460592,Not Applicable: Standalone Property,540 6th Avenue,"530 Avenue of the America,",10011,1008167504,2024,2020,1,100,Multifamily Housing,83872.0,,50.0,635765.1,,1351866.1,,,,42.0,43.2,,321.45,Yes,40.737504,-73.996723,717,635.7651,,396.1928020580621,0.0,396.1928020580621,False,
54522597,Not Applicable: Standalone Property,The Board of Managers of 128 West 23rd Street Condo (128 W 23rd St),128 West 23rd Street,10011,1007987508,2024,2021,1,100,Multifamily Housing,27114.0,,32.54,,,,,,,,,,,Not Available,40.74332,-73.993804,794,,,,0.0,0.0,False,
54530892,Not Applicable: Standalone Property,The Board of Managers of 128 West 23rd Street Condo (130 W 23rd St),128 West 23rd Street,10011,1007987508,2024,2021,1,100,Multifamily Housing,27114.0,,32.54,,,,,,,,,,,Not Available,40.74332,-73.993804,794,,,,0.0,0.0,False,
54663893,Not Applicable: Standalone Property,Skyway Development Group:23 WEST 20 STREET,23 WEST 20 STREET,10011,1008227506,2024,1927,1,100,Office,73901.0,,23.4,882435.4,,541634.0,,,,48.1,48.6,,375.28,No,40.740097,-73.991928,917,882.4354000000001,,158.7372389542991,0.0,158.7372389542991,False,
54875692,Not Applicable: Standalone Property,DalanRE - 102-116 8th Ave,102-116 8th Ave,10011,1007650001,2024,1905,8,100,Multifamily Housing,122500.0,,100.0,994801.4,,9561845.2,,,,105.8,108.2,,898.51,Yes,40.740534,-74.001941,166,994.8014000000001,,2802.299904282999,0.0,2802.299904282999,False,
55096192,Not Applicable: Standalone Property,MILTAN MANAGEMENT CORP:133 WEST 19 STREET,133 WEST 19 STREET,10011,1007950020,2024,1909,1,100,Office,35535.0,,,311161.2,,,1092780.5,,,60.6,60.6,522.1,203.27,No,40.740904,-73.995666,618,311.1612,,,320.2623161638642,320.2623161638642,False,
55272692,Not Applicable: Standalone Property,121 West 20th Street,121 West 20th Street,10011,1007967502,2024,1875,1,100,Multifamily Housing,57280.0,,31.0,819560.3,,1250913.0,,,,70.7,71.8,,388.27,No,40.741409,-73.995038,703,819.5603000000001,,366.6063721849794,0.0,366.6063721849794,False,
55272895,Not Applicable: Standalone Property,129 West 20th Street - CEC,129 West 20th Street,10011,1007967503,2024,1905,1,100,Multifamily Housing,36455.0,,16.0,257361.2,,67142.0,,,,25.9,26.0,,104.63,No,40.741514,-73.995287,661,257.3612,,19.677375677800047,0.0,19.677375677800047,False,
55300592,Not Applicable: Standalone Property,200 W 24th St,200 W 24th St,10011,1007737501,2024,2004,1,100,Multifamily Housing,30927.0,,20.0,452883.3,,668775.0,,,,71.6,73.2,938.4,213.36,No,40.744923,-73.995561,749,452.88329999999996,,195.9985838807412,0.0,195.9985838807412,False,
55530192,Not Applicable: Standalone Property,200 REALTY EQUITIES LLC,128 7 AVENUE,10011,1007670043,2024,1959,1,100,Multifamily Housing,46812.0,,61.0,408465.0,,1000015.0,2882682.0,,,112.7,113.6,2089.3,427.41,No,40.740855,-73.998019,416,408.465,,293.0754347269252,844.8306078703641,1137.9060425972893,False,
55659892,6821238,7 - St Gabriel Guardian Angel - Church,185 10th Ave,10011,1006930031,2024,1900,1,100,Worship Facility,10122.0,,,,,,,,,,,,,Not Available,40.746498,-74.005049,617,,,,0.0,0.0,True,
56710994,4769672,London Terrace Towers - West - 1067979,465 West 23rd Street,10011,1007217501,2024,1932,1,100,Multifamily Housing,344722.0,,351.0,,,,,,,,,,,Not Available,40.747226,-74.003046,727,,,,0.0,0.0,True,
56714592,4769672,London Terrace Towers - East - 1077236,405 West 23rd Street,10011,1007217501,2024,1932,1,100,Multifamily Housing,345614.0,,351.0,,,,,,,,,,,Not Available,40.746712,-74.001826,727,,,,0.0,0.0,True,
56798796,Not Applicable: Standalone Property,130 W 16 OWNERS INC,130 WEST 16 STREET,10011,1007910062,2024,1927,1,100,Multifamily Housing,32384.0,,42.0,136526.6,,1765246.0,,,,68.9,71.3,893.9,147.37,No,40.739115,-73.996915,544,136.5266,,517.3424787127851,0.0,517.3424787127851,False,
57872692,Not Applicable: Standalone Property,National Energy Cost Services Inc:235 WEST 23 STREET,235 WEST 23 STREET,10011,1007730024,2024,1906,1,100,Office,49183.0,,,255460.0,,2117000.0,,,,60.8,61.5,786.6,212.76,Yes,40.744577,-73.996756,669,255.46,,620.431388846068,0.0,620.431388846068,False,
57872892,Not Applicable: Standalone Property,STRATCO Property Group:237-247 8 AVENUE,237-247 8 AVENUE,10011,1007460038,2024,1910,1,100,Multifamily Housing,38802.0,,44.0,225160.0,,1986000.0,,,,71.0,71.8,2064.4,193.9,Yes,40.744733,-73.998907,524,225.16,,582.0390827814317,0.0,582.0390827814317,False,
58047494,Not Applicable: Standalone Property,132 WEST 14 STREET:,132 WEST 14 STREET,10011,1006090020,2024,1912,1,100,Office,52700.0,,,311790.0,,2023000.0,,,,58.6,59.2,803.8,229.88,Yes,40.737806,-73.997922,552,311.79,,592.8827112119016,0.0,592.8827112119016,False,
58716192,58716192,Arnhold Hall,55 W 13th Street,10011,1005770071;1005770012,2024,1900,2,100,College/University,86117.0,,,2078275.0,,3113076.0,,,,118.5,121.2,1879.3,981.44,No,40.736046,-73.99584,766,2078.275,,912.3524167517062,0.0,912.3524167517062,False,
58716792,58716192,56 W14th St,56 W 14th Street,10011,1005770012,2024,1900,1,100,College/University,1000.0,,,,,,,,,,,,,Not Available,40.736735,-73.995374,766,,,,0.0,0.0,True,
58754793,Not Applicable: Standalone Property,124 West 16th Street,124-128 West 16th Street,10011,1007917502,2024,1920,1,100,Multifamily Housing,46289.0,,15.0,405754.2,,677221.9,,,,44.5,46.0,,195.3,Yes,40.739063,-73.996792,567,405.7542,,198.4741256372097,0.0,198.4741256372097,False,
58755692,Not Applicable: Standalone Property,126-128 West 16th Street,126-128 West 16th Street,10011,1007917502,2024,1920,1,100,Worship Facility,9268.0,,,13377.8,,261165.0,,,,33.1,34.7,,19.12,No,40.739082,-73.996835,567,13.377799999999999,,76.53989781199024,0.0,76.53989781199024,False,
58775493,21099385,445 WEST 23 STREET,445 WEST 23 STREET,10011,1007210007,2024,1934,1,100,Multifamily Housing,97517.0,,117.02,,,,,,,,,,,Not Available,40.747055,-74.002638,679,,,,0.0,0.0,True,
58775592,21099385,425 WEST 23 STREET,425 WEST 23 STREET,10011,1007210007,2024,1934,1,100,Multifamily Housing,97517.0,,117.02,,,,,,,,,,,Not Available,40.746885,-74.002234,679,,,,0.0,0.0,True,
58775692,21099385,433 WEST 23 STREET,433 WEST 23 STREET,10011,1007210007,2024,1934,1,100,Multifamily Housing,97517.0,,117.02,,,,,,,,,,,Not Available,40.746954,-74.002396,679,,,,0.0,0.0,True,
58775693,21099385,420 WEST 24 ST,420 WEST 24 ST,10011,1007210007,2024,1934,1,100,Multifamily Housing,97517.0,,117.02,,,,,,,,,,,Not Available,40.747495,-74.001685,679,,,,0.0,0.0,True,
58775694,21099385,430 WEST 24 STREET,430 WEST 24 STREET,10011,1007210007,2024,1934,1,100,Multifamily Housing,97517.0,,117.02,,,,,,,,,,,Not Available,40.74758,-74.001888,679,,,,0.0,0.0,True,
58775792,21099385,455 WEST 23 STREET,455 WEST 23 STREET,10011,1007210007,2024,1934,1,100,Multifamily Housing,97517.0,,117.02,,,,,,,,,,,Not Available,40.747141,-74.00284,679,,,,0.0,0.0,True,
58775892,21099385,440 W 24 ST,440 W 24 ST,10011,1007210007,2024,1934,1,100,Multifamily Housing,97517.0,,117.02,,,,,,,,,,,Not Available,40.747668,-74.00209,679,,,,0.0,0.0,True,
58775893,21099385,460 WEST 24 STREET,460 WEST 24 STREET,10011,1007210007,2024,1934,1,100,Multifamily Housing,97517.0,,117.02,,,,,,,,,,,Not Available,40.747838,-74.002497,679,,,,0.0,0.0,True,
58775992,21099385,415 WEST 23 STREET,415 WEST 23 STREET,10011,1007210007,2024,1934,1,100,Multifamily Housing,97517.0,,82.26,,,,,,,,,,,Not Available,40.7468,-74.002028,679,,,,0.0,0.0,True,
58776092,21099385,450 WEST 24 STREET,450 WEST 24 STREET,10011,1007210007,2024,1934,1,100,Multifamily Housing,97517.0,,117.02,,,,,,,,,,,Not Available,40.747753,-74.002295,679,,,,0.0,0.0,True,
58910793,Not Applicable: Standalone Property,"16-20 WEST 19 STREET, Manhattan","16-20 WEST 19 STREET, Manhattan",10011,1008207504,2024,1907,1,100,Multifamily Housing,58594.0,,57.0,379470.0,,2992000.1,,,,73.2,74.0,,307.93,Yes,40.739422,-73.992191,923,379.47,,876.8685769818491,0.0,876.8685769818491,False,
59125192,Not Applicable: Standalone Property,"U-Haul International, Inc : 536 WEST 23 STREET",536 WEST 23 STREET,10011,1006940058,2024,1934,1,100,Manufacturing/Industrial Plant,42640.0,,,857429.6,,5813176.7,,,,204.9,209.2,2114.1,645.46,Yes,40.748252,-74.005529,797,857.4295999999999,,1703.6737333909316,0.0,1703.6737333909316,False,
59262892,33214016,30 West 13th Street,30 West 13th Street,10011,1005760022,2024,1900,1,100,Multifamily Housing,42484.0,,21.0,,,,,,,,,,,Not Available,40.735785,-73.995266,868,,,,0.0,0.0,True,
59262893,33214016,34 West 13th Street,34 West 13th Street,10011,1005760022,2024,1900,1,100,Multifamily Housing,18208.0,,8.0,,,,,,,,,,,Not Available,40.735827,-73.99536,868,,,,0.0,0.0,True,
60087394,60087394,The Greenwich Lane - Parent,1 7 Avenue,10011,1006077503,2024,2015,8,100,Multifamily Housing,704145.0,,198.0,7308729.3,40613698.2,494431.0,,,,93.8,95.3,,5592.93,Yes,40.736656,-74.001018,599,7308.7293,11902.698715352411,144.9034067163676,0.0,12047.60212206878,False,
60088293,60087394,140 West 12 Street,155 West 11th Street,10011,1006077503,2024,2015,1,100,Multifamily Housing,99598.0,,0.0,,,,,,,,,,,Not Available,40.736016,-73.999733,599,,,,0.0,0.0,True,
60089995,60087394,133 West 11 Street,133 West 11th Street,10011,1006077503,2024,2015,1,100,Multifamily Housing,6709.0,,0.0,,,,,,,,,,,Not Available,40.735835,-73.999304,599,,,,0.0,0.0,True,
60090194,60087394,141 West 11 Street,141 West 11th Street,10011,1006077503,2024,2015,1,100,Multifamily Housing,6709.0,,0.0,,,,,,,,,,,Not Available,40.735901,-73.999459,599,,,,0.0,0.0,True,
60316392,Not Applicable: Standalone Property,Copy of DEPM 2344 - 300 West 23rd St,249 8 Avenue,10011,1007467503,2024,1931,1,100,Multifamily Housing,170798.0,,220.0,1192738.9,,1536043.0,8567357.0,,,83.0,86.0,,1185.67,No,40.744986,-73.998722,555,1192.7388999999998,,450.1697174384888,2510.844214572547,2961.013932011036,False,
61947292,Not Applicable: Standalone Property,Monarch - 251 West 14th Street lot 7506,251 West 14th Street,10011,1007647506,2024,2018,1,80,Multifamily Housing,117052.0,,49.0,429640.6,,72865.0,,,,13.1,13.1,,172.58,No,40.739167,-74.001119,232,429.64059999999995,,21.354621232058925,0.0,21.354621232058925,False,
65474392,60087394,139 West 11 Street,139 West 11th Street,10011,1006077503,2024,2015,1,100,Multifamily Housing,6709.0,,0.0,,,,,,,,,,,Not Available,40.735884,-73.999419,599,,,,0.0,0.0,True,
65474793,60087394,137 West 11 Street,137 West 11th Street,10011,1006077503,2024,2015,1,100,Multifamily Housing,6709.0,,0.0,,,,,,,,,,,Not Available,40.735868,-73.999379,599,,,,0.0,0.0,True,
65474994,60087394,145 West 11 Street,145 West 11th Street,10011,1006077503,2024,2015,1,100,Multifamily Housing,63338.0,,0.0,,,,,,,,,,,Not Available,40.735934,-73.999538,599,,,,0.0,0.0,True,
65475092,60087394,135 West 11 Street,135 West 11th Street,10011,1006077503,2024,2015,1,100,Multifamily Housing,6709.0,,0.0,,,,,,,,,,,Not Available,40.735851,-73.999343,599,,,,0.0,0.0,True,
19081268,Not Applicable: Standalone Property,278 West 10 Street,278 West 10 Street,10014,1006300012,2022,2003,1,100,K-12 School,66813.0,,,715203.9,,2015200.0,,,,66.7,67.7,722.6,313.3,No,40.733439,-74.008248,979,715.2039,,590.596757110343,0.0,590.596757110343,False,
19833666,Not Applicable: Standalone Property,300 west 12th street,300 west 12th street,10014,1006240041,2022,1920,1,90,Multifamily Housing,34872.0,,54.0,134339.0,,2857799.9,,,,95.1,97.8,1509.5,190.5,No,40.737539,-74.0045,466,134.339,,837.5383849792887,0.0,837.5383849792887,False,
6405424,Not Applicable: Standalone Property,Rapoport: 55 Perry St,55 Perry St,10014,1006220056,2022,1930,1,100,Multifamily Housing,36700.0,,72.0,179728.0,,3291400.3,,,,106.4,106.0,2125.1,226.7,No,40.735514,-74.003565,629,179.728,,964.6141045712634,0.0,964.6141045712634,False,
6600362,Not Applicable: Standalone Property,M. MEILMAN: 421 W 13TH ST,421 W 13th St,10014,1006460057,2022,1904,1,100,Manufacturing/Industrial Plant,48175.0,,,444122.9,,1322200.2,,,,58.9,60.3,669.5,198.3,No,40.740668,-74.00681,319,444.1229,,387.4985859322385,0.0,387.4985859322385,False,
6682900,Not Applicable: Standalone Property,Garage: 160 W 10th St,160 W 10th St,10014,1006100017,2022,1900,1,100,Parking,38520.0,,,87922.0,,,,,,7.8,7.8,64.3,25.4,No,40.734416,-74.001801,802,87.922,,,0.0,0.0,False,
6787440,Not Applicable: Standalone Property,Marbrose: 50 Bank St.,59 Bank Street,10014,1006247502,2022,1983,1,100,Multifamily Housing,29369.0,,15.0,243661.0,,2167600.0,,,,102.1,103.6,182.1,185.4,No,40.736771,-74.004251,508,243.661,,635.2607834023321,0.0,635.2607834023321,False,
9948014,Not Applicable: Standalone Property,Gershon: 110 Bank St,110 Bank St,10014,1006340016,2022,1957,1,100,Multifamily Housing,45216.0,,60.0,176370.0,,91900.0,,,,15.3,15.0,1565.5,55.8,No,40.736345,-74.007184,676,176.37,,26.933228452977634,0.0,26.933228452977634,False,
10063228,Not Applicable: Standalone Property,Andrews: 166 Bank St,166 Bank Street,10014,1006380004,2022,1920,1,100,Multifamily Housing,67410.0,,30.0,350361.0,,2112000.1,,,,49.1,50.0,1346.5,213.2,No,40.736043,-74.009523,823,350.361,,618.9660629598651,0.0,618.9660629598651,False,
15745500,Not Applicable: Standalone Property,Cornerstone: 300 W 14,300 W 14th St,10014,1006297504,2022,1920,1,100,Multifamily Housing,36024.0,,11.0,541221.9,,1799800.0,,,,101.2,102.0,1247.8,251.7,No,40.739782,-74.002616,189,541.2219,,527.4692553826893,0.0,527.4692553826893,False,
16754520,Not Applicable: Standalone Property,Andrews: 1 Sheridan Square,1 Sheridan Square,10014,1005927501,2022,1920,2,100,Multifamily Housing,29888.0,,45.0,198141.0,,3077399.9,,,,125.6,128.8,,220.6,No,40.732887,-74.001959,963,198.141,,901.8967850693201,0.0,901.8967850693201,False,
20579817,Not Applicable: Standalone Property,131 PERRY ST : 131 Perry Street,131 Perry Street,10014,1006330028,2022,1950,1,100,Multifamily Housing,32900.0,,14.0,147863.0,,1316800.0,,,,55.4,56.4,814.9,112.6,No,40.734943,-74.007516,788,147.863,,385.91594370925947,0.0,385.91594370925947,False,
20596955,20596955,413-421 West 14th Street,413-421 West 14th Street,10014,1007120014;1007120021,2022,1929,2,90,Office,88592.0,,,1613880.8,,2247199.5,,,,87.5,87.6,116.5,584.9,No,40.741245,-74.006045,253,1613.8808000000001,,658.5890915442558,0.0,658.5890915442558,False,
6699313,Not Applicable: Standalone Property,William Gottlieb Management,9 9th Avenue,10014,1006450049,2022,1920,1,100,Retail Store,58659.0,,,1464600.9,,4800.0,,,,85.3,85.3,2611.0,422.7,No,40.73973,-74.006272,318,1464.6009,,1.4067409855744575,0.0,1.4067409855744575,False,
6382098,Not Applicable: Standalone Property,129 West Washington Place,129 West Washington Place,10014,1005920082,2022,1924,1,100,Multifamily Housing,38214.0,,52.0,177651.0,,2467800.3,,,,80.4,82.6,1336.8,182.3,No,40.733022,-74.001916,922,177.651,,723.2407971297795,0.0,723.2407971297795,False,
6382100,Not Applicable: Standalone Property,190 Waverly Place,190 Waverly Place,10014,1006110027,2022,1926,1,100,Multifamily Housing,25075.0,,30.0,85883.0,,1261900.0,,,,62.0,63.1,1777.0,91.8,No,40.734638,-74.001443,755,85.883,,369.8263436867516,0.0,369.8263436867516,False,
6382110,Not Applicable: Standalone Property,304 West 14th Street,304 West 14th Street,10014,1006290029,2022,1905,1,100,Multifamily Housing,38376.0,,66.0,362940.9,,4496500.0,,,,149.4,151.9,,343.5,No,40.739867,-74.002818,174,362.9409,,1317.7939253407392,0.0,1317.7939253407392,False,
6382117,Not Applicable: Standalone Property,49 Grove Street,49 Grove Street,10014,1005910040,2022,1900,1,100,Multifamily Housing,43128.0,,46.0,518652.9,,4326799.7,,,,141.4,143.3,1672.2,379.4,No,40.732967,-74.003839,914,518.6529,,1268.0596821585973,0.0,1268.0596821585973,False,
16641747,Not Applicable: Standalone Property,115 W Washington Place,115-119 W Washington Place,10014,1005920075,2022,1900,2,100,Multifamily Housing,28560.0,,48.0,120282.0,,2051799.9,,,,86.2,88.5,,143.7,No,40.732657,-74.001191,957,120.282,,601.3231278182444,0.0,601.3231278182444,False,
6262477,Not Applicable: Standalone Property,24-30 Christopher Street,30 Christopher Street,10014,1005930036,2022,1930,1,100,Multifamily Housing,48531.0,,69.0,236679.0,,1900700.1,414000.0,,,64.3,66.9,371.8,199.9,No,40.733872,-74.000956,872,236.679,,557.0401524907229,121.33141000579695,678.3715624965198,False,
6262487,Not Applicable: Standalone Property,35 Grove Street,35 Grove Street,10014,1005880071,2022,1920,1,100,Multifamily Housing,33839.0,,65.0,185093.0,,1963900.0,,,,76.7,77.8,,157.7,No,40.732722,-74.004619,950,185.093,,575.562212827016,0.0,575.562212827016,False,
6262562,Not Applicable: Standalone Property,123 Bank Street,123 Bank Street,10014,1006350042,2022,1930,1,100,Multifamily Housing,37064.0,,49.0,323152.0,,1799500.0,,,,78.3,79.7,1944.1,188.8,No,40.736296,-74.007643,665,323.152,,527.3813340710908,0.0,527.3813340710908,False,
6690206,Not Applicable: Standalone Property,290 West 12th Street,290 West 12th Street,10014,1006240044,2022,1965,1,100,Multifamily Housing,26694.0,,40.0,169572.0,,32000.0,552634.8,,,43.6,43.0,944.8,91.6,No,40.737537,-74.004193,458,169.572,,9.37827323716305,161.96125483640483,171.3395280735679,False,
11986512,Not Applicable: Standalone Property,The Jane Hotel - 113 Jane Street,113 Jane Street,10014,1006420001,2022,1908,1,100,Hotel,43618.0,,,715049.9,,3331700.0,,,,132.3,133.7,,383.2,No,40.738154,-74.009025,618,715.0499,,976.4247795080041,0.0,976.4247795080041,False,
14365277,Not Applicable: Standalone Property,350 Bleecker Street,350 Bleecker Street,10014,1006200019,2022,1962,1,100,Multifamily Housing,92000.0,,126.0,607199.9,,4037300.3,,,,66.4,67.2,2989.2,389.6,No,40.734106,-74.004601,799,607.1999000000001,,1183.215792308761,0.0,1183.215792308761,False,
15314590,Not Applicable: Standalone Property,45 Christopher Street,45 Christopher Street,10014,1006107501,2022,1931,1,100,Multifamily Housing,106800.0,,112.0,654797.9,,210500.0,9459900.4,,,111.5,114.0,4282.9,902.1,No,40.733757,-74.001894,831,654.7979,,61.69145363821318,2772.4228358608757,2834.114289499089,False,
5722199,Not Applicable: Standalone Property,Sage Realty - 2 Gansevoort,2 Gansevoort,10014,1006270043,2022,1912,1,85,Office,181184.0,,,1943516.8,,2922500.1,276000.0,,,54.3,54.8,,736.3,No,,,266,1943.5168,,856.5001397948855,80.8876066705313,937.3877464654169,False,
6152632,Not Applicable: Standalone Property,Winter- 404-408 West 14th Street,404-408 West 14th Street,10014,1006460038,2022,1920,1,90,Office,37400.0,,,376989.0,,745700.0,,,,54.3,54.9,,148.4,No,40.741124,-74.005803,242,376.989,,218.5430735297652,0.0,218.5430735297652,False,
6313110,Not Applicable: Standalone Property,860 Washington St,860 Washington St,10014,1006460019,2022,2016,1,100,Office,122098.0,,,2510795.6,,4561700.0,,,,107.5,108.2,158.1,966.5,No,40.74105,-74.007412,377,2510.7956,,1336.9021570614589,0.0,1336.9021570614589,False,
23945840,Not Applicable: Standalone Property,St. Luke's School at 657 Greenwich St,657 Greenwich Street,10014,1006057501,2022,1955,1,100,K-12 School,60609.0,,,408328.0,,3000800.0,,,,72.5,72.4,1226.8,277.2,No,40.73225,-74.007675,995,408.328,,879.4475728149649,0.0,879.4475728149649,False,
7968700,Not Applicable: Standalone Property,"The Ruth Associates, LLC - 344 W 14",344 West 14th Street,10014,1006290013,2022,1910,1,100,Office,25100.0,,,278981.0,,1040099.9,,,,79.4,81.0,2453.6,135.7,No,40.74035,-74.003962,167,278.981,,304.8231580045614,0.0,304.8231580045614,False,
7463970,Not Applicable: Standalone Property,The Jefferson Court Condominium,134 West 10th Street,10014,1006107503,2022,2005,2,85,Multifamily Housing,24637.0,,7.0,203215.0,,891700.0,,,,64.3,65.9,662.9,106.0,Yes,40.734614,-74.000429,819,203.215,,261.3314451743216,0.0,261.3314451743216,False,
12077431,Not Applicable: Standalone Property,ROBERTO LOPEZ,440 West 14th street,10014,1006460018,2022,2006,1,100,Office,31000.0,,,707260.9,,1246700.0,,,,118.1,120.0,230.4,270.2,No,40.74172,-74.007214,353,707.2609,,365.3716638990992,0.0,365.3716638990992,False,
2671721,Not Applicable: Standalone Property,Greenway Mews Realty LLC,416 West 13th Street,10014,1006450029,2022,1905,1,100,Office,129835.0,,,1501211.3,,4413835.5,,,,73.4,74.6,1579.3,667.5,No,40.740569,-74.006615,352,1501.2113,,1293.5673544653184,0.0,1293.5673544653184,False,
6333435,Not Applicable: Standalone Property,Eagle Point - 259 West 10th Street,259 West 10th Street,10014,1006310030,2022,1979,1,90,Multifamily Housing,51300.0,,53.0,355540.0,,1748799.9,,,,57.7,58.7,,195.4,No,40.733661,-74.006917,900,355.54,,512.5226031038568,0.0,512.5226031038568,False,
15557119,15557119,Superior - 335+337 Campus,335-337 West 14th Street,10014,1007380015 ; 1007380014,2022,1900,2,100,Multifamily Housing,57142.0,,56.0,333542.0,,5098599.8,,,,109.1,112.1,3106.1,367.0,No,40.740471,-74.004204,99,333.542,,1494.2519391045273,0.0,1494.2519391045273,False,
15557120,15557119,Superior - 335 West 14th Street - Child Property,335 West 14th Street,10014,1007380015,2022,1900,1,100,Multifamily Housing,28321.0,,28.0,125514.0,,90900.0,,,,18.3,18.3,1578.2,41.0,No,40.740471,-74.004204,99,125.514,,26.64015741431629,0.0,26.64015741431629,True,
15557215,15557119,Superior - 337 West 14th Street - Child Property,337 West 14th Street,10014,1007380014,2022,1900,1,95,Multifamily Housing,28821.0,,28.0,208028.0,,823900.0,,,,53.2,52.9,1527.9,103.8,No,40.740495,-74.004265,103,208.028,,241.4612287530824,0.0,241.4612287530824,True,
5777220,Not Applicable: Standalone Property,Whitney Museum of American Art,93 Gansevoort Street,10014,1006440005,2022,2015,1,100,Museum,220000.0,,,5172674.5,,19460593.6,,,,168.7,168.8,110.7,2525.7,No,40.739386,-74.008754,518,5172.6745,,5703.336379318329,0.0,5703.336379318329,False,
20462032,Not Applicable: Standalone Property,Abington Court Owners Corp,75 Bank Street,10014,1006247504,2022,1938,1,100,Multifamily Housing,79065.0,,88.0,40413.9,,3724993.8,,,,48.9,50.8,2826.8,209.5,No,40.736705,-74.00472,522,40.4139,,1091.6878019730714,0.0,1091.6878019730714,False,
4491815,Not Applicable: Standalone Property,Direct Property Management - 87 Greenwich Ave,87 Greenwich Ave.,10014,1006150036,2022,1930,1,100,Multifamily Housing,64840.0,,77.0,346999.0,,91400.0,0.0,,,19.7,,,104.9,Yes,40.73724,-74.001516,466,346.999,,26.78669293364696,0.0,26.78669293364696,False,
4938442,Not Applicable: Standalone Property,URA Group - 18 Ninth Avenue,18 Ninth Avenue,10014,1006280004,2022,2003,1,100,Hotel,108548.0,,,2127845.7,,15494584.6,,,,209.6,211.5,19492.7,1436.8,No,40.740114,-74.005961,269,2127.8457000000003,,4541.014002348085,0.0,4541.014002348085,False,
6579377,Not Applicable: Standalone Property,Crane Realty LLC - 29 Charles st,29 Charles st,10014,1006120033,2022,1914,1,100,Multifamily Housing,27108.0,,37.0,114112.0,,1892000.1,,,,84.2,86.3,1128.8,133.4,No,40.735031,-74.002288,689,114.112,,554.4904344543692,0.0,554.4904344543692,False,
6701561,Not Applicable: Standalone Property,JC Dwight Inc - 15 ABINGDON SQUARE,15 ABINGDON SQUARE,10014,1006240031,2022,1930,1,100,Multifamily Housing,35136.0,,49.19,217655.0,,2401299.9,,,,89.5,91.0,1388.8,190.3,No,40.737226,-74.005153,492,217.655,,703.7514558303845,0.0,703.7514558303845,False,
7059087,Not Applicable: Standalone Property,Duell Management - 10 Christopher st,10 Christopher st,10014,1005937501,2022,1940,1,100,Multifamily Housing,25562.0,,31.0,129982.0,,858200.0,,,,50.9,52.5,840.8,83.1,No,40.733733,-74.000256,881,129.982,,251.51356537916652,0.0,251.51356537916652,False,
11934123,Not Applicable: Standalone Property,URA Group - 40 10th Avenue,40 10th Avenue,10014,1006460001,2022,2019,1,95,Office,143299.0,,,3249384.5,,2510399.9,,,,94.9,94.9,4761.4,1070.6,No,40.741827,-74.007975,417,3249.3845,,735.7255061483373,0.0,735.7255061483373,False,
15667798,Not Applicable: Standalone Property,URA Group - 405 W 13th Street,405 W 13th Street,10014,1006460049,2022,1911,1,0,Office,39751.0,,,0.0,,0.0,,,,0.0,0.0,74.1,0.0,No,40.740432,-74.006243,273,0.0,,0.0,0.0,0.0,False,
20805153,Not Applicable: Standalone Property,URA Group - 2 9th Ave,2 9th Ave,10014,1006280001,2022,1913,1,100,Office,39068.0,,,529367.9,,966800.0,,,,71.0,71.0,,204.0,No,40.739721,-74.006254,296,529.3679000000001,,283.3410801777886,0.0,283.3410801777886,False,
2790102,Not Applicable: Standalone Property,176 Perry St,176 Perry St,10014,1006377504,2022,2001,1,100,Multifamily Housing,61777.0,,15.0,1487918.4,,6654327.9,,,,189.9,193.4,,782.6,No,40.734621,-74.009742,947,1487.9184,,1950.1907892461688,0.0,1950.1907892461688,False,
6811996,Not Applicable: Standalone Property,385 West 12th Street,385 West 12th Street,10014,1006417503,2022,2007,1,100,Multifamily Housing,46041.0,,12.0,591241.0,,1918600.0,,,,85.5,85.5,1239.3,272.5,No,40.737567,-74.008899,624,591.241,,562.286094775657,0.0,562.286094775657,False,
6812013,Not Applicable: Standalone Property,397 West 12th Street,397 West 12th Street,10014,1006417504,2022,2007,1,100,Multifamily Housing,27978.0,,5.0,484080.9,,1906000.1,,,,127.2,129.1,426.5,240.9,No,40.737572,-74.00935,644,484.08090000000004,,558.5934289956281,0.0,558.5934289956281,False,
10868316,Not Applicable: Standalone Property,132 Perry Street,132 Perry Street,10014,1006327503,2022,1990,1,100,Multifamily Housing,45681.0,,9.0,407030.0,,1686300.0,,,,67.3,68.4,1802.8,207.0,No,40.734923,-74.007538,830,407.03,,494.2056924946266,0.0,494.2056924946266,False,
2808712,Not Applicable: Standalone Property,401 Associate LLC,401 West 14th Street,10014,1007120029,2022,1923,1,100,Office,62199.0,,,1645374.7,,463100.0,,,,97.7,98.0,2000.9,499.2,No,40.741086,-74.005666,197,1645.3746999999998,,135.721198004069,0.0,135.721198004069,False,
6898232,Not Applicable: Standalone Property,65 Bank Street,65 Bank Street,10014,1006240060,2022,1910,1,100,Multifamily Housing,25614.0,,35.0,104954.0,,1324300.0,,,,65.7,67.9,853.1,100.6,No,40.736746,-74.004428,503,104.954,,388.1139764992196,0.0,388.1139764992196,False,
15988908,Not Applicable: Standalone Property,875 Washington Street,875 Washington Street,10014,1006460027,2022,1887,1,100,Office,53658.0,,,1451074.8,,,,,,92.3,92.3,,418.6,No,40.741483,-74.007066,325,1451.0748,,,0.0,0.0,False,
21355407,Not Applicable: Standalone Property,NYPD_4451_6th Precinct,233 West 10th St,10014,1006200033,2022,1969,1,100,Police Station,30489.0,,,462619.2,,2384238.8,,,,130.0,134.1,,260.1,No,40.733889,-74.005394,815,462.61920000000003,,698.7513415326795,0.0,698.7513415326795,False,
21355567,Not Applicable: Standalone Property,DPR_9495_High Line Maintenance and Operations Building,820 Washington St,10014,1006440010,2022,2013,1,100,Office,24641.0,,,588788.2,,677675.0,,,,109.0,110.7,,205.8,Yes,40.739587,-74.008036,474,588.7882,,198.60691612482717,0.0,198.60691612482717,False,
23955121,Not Applicable: Standalone Property,Gansevoort Meat Market,555 West St,10014,1006440001,2022,1949,1,100,Manufacturing/Industrial Plant,77923.0,,,956391.9,,368581.2,,,,46.6,46.8,2029.3,295.5,No,40.740007,-74.009299,472,956.3919000000001,,108.02047511504504,0.0,108.02047511504504,False,
2560572,2560572,110-114 HORATIO II LLC,108-114 HORATIO STREET,10014,1006420004; 1006420012,2022,1900,2,90,Multifamily Housing,111280.0,,154.0,956362.9,,5365500.2,,,,77.5,78.4,3588.9,560.9,Yes,40.738739,-74.008816,577,956.3629,,1572.472716551656,0.0,1572.472716551656,False,
10767102,2560572,108 Horatio Street,108 HORATIO STREET,10014,1006420012,2022,1900,1,100,Multifamily Housing,26250.0,,33.0,,,,,,,,,,0.0,Not Available,40.738739,-74.008816,577,,,,0.0,0.0,True,
10767971,2560572,110 Horatio Street,108-114 HORATIO STREET,10014,1006420004,2022,1900,1,100,Multifamily Housing,85030.0,,121.0,,,,,,,,,,0.0,Not Available,40.738739,-74.008816,602,,,,0.0,0.0,True,
6667538,Not Applicable: Standalone Property,AKAM - 9 Barrow Street,9 Barrow Street,10014,1005907502,2023,1930,1,100,Multifamily Housing,97940.0,,86.0,845268.3,,5534291.2,,,,86.0,86.1,3809.1,607.5,Yes,40.732689,-74.002522,977,845.2683000000001,,1621.940470238343,0.0,1621.940470238343,False,
6667548,Not Applicable: Standalone Property,AKAM WVH - 690 Washington Street,690 Washington Street,10014,1006370030,2023,1974,2,100,Multifamily Housing,37996.0,,21.0,474738.4,,,,,,42.6,45.5,,176.1,No,40.734353,-74.008483,916,474.7384,,,0.0,0.0,False,
6682900,Not Applicable: Standalone Property,Garage: 160 W 10th St,160 W 10th St,10014,1006100017,2023,1900,1,100,Parking,38520.0,,,92598.5,,,,,,8.2,8.4,69.9,34.4,No,40.734416,-74.001801,802,92.5985,,,0.0,0.0,False,
6682121,Not Applicable: Standalone Property,359 West 11th Street,359 West 11th Street,10014,1006387502,2023,1999,1,100,Multifamily Housing,32207.0,,18.0,234696.1,,1522131.0,,,,72.1,77.6,683.9,167.9,Yes,40.735431,-74.009017,808,234.6961,,446.0925131486322,0.0,446.0925131486322,False,
6682172,Not Applicable: Standalone Property,495 West Street,495 West Street,10014,1006417502,2023,1998,1,100,Multifamily Housing,34600.0,,9.0,278808.8,,1126519.0,,,,60.1,68.6,,163.3,No,40.737857,-74.009941,659,278.80879999999996,,330.15009340174004,0.0,330.15009340174004,False,
6687351,Not Applicable: Standalone Property,Halstead - 166 Perry Street,166 Perry Street,10014,1006377508,2023,1905,1,100,Multifamily Housing,48620.0,,58.0,585518.8,,2562439.0,,,,93.8,98.9,232.5,353.3,No,40.734668,-74.009414,925,585.5188,,750.976659236339,0.0,750.976659236339,False,
6690206,Not Applicable: Standalone Property,290 West 12th Street,290 West 12th Street,10014,1006240044,2023,1965,1,100,Multifamily Housing,26694.0,,40.0,154607.4,,2406419.0,,,,109.9,109.8,999.4,185.2,No,40.737537,-74.004193,458,154.60739999999998,,705.2517157843959,0.0,705.2517157843959,False,
6693942,Not Applicable: Standalone Property,TKR - 35 Bethune Street,35 Bethune Street,10014,1006357501,2023,1930,1,100,Multifamily Housing,42926.0,,23.0,755522.8,,604975.0,,,,74.1,75.5,577.5,312.4,Yes,40.736952,-74.007581,632,755.5228000000001,,177.30065161414737,0.0,177.30065161414737,False,
6692943,Not Applicable: Standalone Property,10 Sheridan Square,10 Sheridan Square,10014,1005920040,2023,1929,1,100,Multifamily Housing,47808.0,,75.0,386122.9,,55714.0,,4496785.4,,122.8,139.2,3847.2,484.8,Yes,40.733022,-74.001916,898,386.1229,,16.328159847978192,1317.8775678151733,1334.2057276631515,False,
6701561,Not Applicable: Standalone Property,JC Dwight Inc - 15 ABINGDON SQUARE,15 ABINGDON SQUARE,10014,1006240031,2023,1930,1,100,Multifamily Housing,35136.0,,49.19,128868.3,,1731719.0,,,,61.8,71.2,1682.1,139.8,Yes,40.737226,-74.005153,492,128.8683,,507.51668599958623,0.0,507.51668599958623,False,
6701357,Not Applicable: Standalone Property,715 Washington Street AKA 340 West 11th Street,715 Washington Street AKA 340 West 11th Street,10014,1006330006,2023,1900,1,100,Multifamily Housing,25281.0,,45.0,288992.6,,484718.0,,,,58.2,58.6,,133.0,No,40.735363,-74.008371,787,288.9926,,142.05680771784998,0.0,142.05680771784998,False,
6699313,Not Applicable: Standalone Property,William Gottlieb Management,9 9th Avenue,10014,1006450049,2023,1920,1,100,Retail Store,58659.0,,,1997984.4,,4586.0,,,,116.3,116.3,1443.1,741.4,Yes,40.73973,-74.006272,318,1997.9843999999998,,1.3440237833009294,0.0,1.3440237833009294,False,
6787440,Not Applicable: Standalone Property,Marbrose: 50 Bank St.,59 Bank Street,10014,1006247502,2023,1983,1,100,Multifamily Housing,29369.0,,15.0,46936.9,,770963.0,,,,31.7,34.3,,58.4,No,40.736771,-74.004251,508,46.9369,,225.94692717946674,0.0,225.94692717946674,False,
6811996,Not Applicable: Standalone Property,385 West 12th Street,385 West 12th Street,10014,1006417503,2023,2007,1,100,Multifamily Housing,46041.0,,12.0,569169.1,,1773399.0,,,,80.7,82.2,1302.4,305.3,No,40.737567,-74.008899,624,569.1691,,519.7318868909911,0.0,519.7318868909911,False,
6812013,Not Applicable: Standalone Property,397 West 12th Street,397 West 12th Street,10014,1006417504,2023,2007,1,100,Multifamily Housing,27978.0,,5.0,491566.5,,1556429.0,,,,115.6,124.6,1109.1,265.0,No,40.737572,-74.00935,644,491.5665,,456.14426363263897,0.0,456.14426363263897,False,
6811135,Not Applicable: Standalone Property,Century - 147 Waverly Place,147 Waverly Place,10014,1005937502,2023,1950,1,100,Multifamily Housing,44820.0,,18.0,484527.1,,1068469.0,,,,60.7,64.6,1043.5,236.5,No,40.733345,-74.000898,894,484.52709999999996,,313.13731960744894,0.0,313.13731960744894,False,
7059087,Not Applicable: Standalone Property,Duell Management - 10 Christopher st,10 Christopher st,10014,1005937501,2023,1940,1,100,Multifamily Housing,25562.0,,31.0,118132.7,,699168.0,,,,43.1,50.9,935.8,81.0,No,40.733733,-74.000256,881,118.1327,,204.90589195877547,0.0,204.90589195877547,False,
6898232,Not Applicable: Standalone Property,65 Bank Street,65 Bank Street,10014,1006240060,2023,1910,1,100,Multifamily Housing,25614.0,,35.0,47576.9,,1284224.0,,,,56.5,61.1,835.6,85.9,No,40.736746,-74.004428,503,47.5769,,376.3688615538275,0.0,376.3688615538275,False,
7463970,Not Applicable: Standalone Property,The Jefferson Court Condominium,134 West 10th Street,10014,1006107503,2023,2005,2,85,Multifamily Housing,24637.0,,7.0,202986.5,,980784.0,,,,67.9,72.2,610.1,127.4,Yes,40.734614,-74.000429,819,202.9865,,287.4393855824289,0.0,287.4393855824289,False,
7968700,Not Applicable: Standalone Property,"The Ruth Associates, LLC - 344 W 14",344 West 14th Street,10014,1006290013,2023,1910,1,100,Office,25100.0,,,276092.3,,822711.0,,,,70.3,75.4,2372.8,146.1,No,40.74035,-74.003962,167,276.09229999999997,,241.11276728811404,0.0,241.11276728811404,False,
9948014,Not Applicable: Standalone Property,Gershon: 110 Bank St,110 Bank St,10014,1006340016,2023,1957,1,100,Multifamily Housing,45216.0,,60.0,165282.9,,87944.0,,,,14.4,14.3,1206.8,66.0,Yes,40.736345,-74.007184,676,165.28289999999998,,25.77383942403335,0.0,25.77383942403335,False,
10063228,Not Applicable: Standalone Property,Andrews: 166 Bank St,166 Bank Street,10014,1006380004,2023,1920,1,100,Multifamily Housing,67410.0,,30.0,321432.5,,1748751.0,,,,42.2,46.6,1486.4,212.1,No,40.736043,-74.009523,823,321.4325,,512.5082719300663,0.0,512.5082719300663,False,
10767102,2560572,108 Horatio Street,108 HORATIO STREET,10014,1006420012,2023,1900,1,100,Multifamily Housing,26250.0,,33.0,,,,,,,,,,0.0,Not Available,40.738739,-74.008816,577,,,,0.0,0.0,True,
10767971,2560572,110 Horatio Street,108-114 HORATIO STREET,10014,1006420004,2023,1900,1,100,Multifamily Housing,85030.0,,121.0,,,,,,,,,,0.0,Not Available,40.738739,-74.008816,602,,,,0.0,0.0,True,
10767102,2560572,108 Horatio Street,108 HORATIO STREET,10014,1006420012,2023,1900,1,100,Multifamily Housing,26250.0,,33.0,,,,,,,,,,0.0,Not Available,40.738739,-74.008816,577,,,,0.0,0.0,True,
10767971,2560572,110 Horatio Street,108-114 HORATIO STREET,10014,1006420004,2023,1900,1,100,Multifamily Housing,85030.0,,121.0,,,,,,,,,,0.0,Not Available,40.738739,-74.008816,602,,,,0.0,0.0,True,
10656758,10656737,330 Bleecker Street AKA 95 Christopher Street,95 Christopher Street,10014,1006190033,2023,1930,1,100,Multifamily Housing,130647.0,,200.0,827825.5,,182177.0,,,,23.0,23.0,,316.8,No,40.733376,-74.004442,882,827.8255,,53.3908026102079,0.0,53.3908026102079,False,
10819672,10656737,93 Christopher Street,93 Christopher Street,10014,1006190050,2023,1905,1,100,Multifamily Housing,3705.0,,4.0,,,,,,,,,,0.0,Not Available,40.733436,-74.004052,872,,,,0.0,0.0,False,
10868316,Not Applicable: Standalone Property,132 Perry Street,132 Perry Street,10014,1006327503,2023,1990,1,100,Multifamily Housing,45681.0,,9.0,417618.7,,1513957.0,,,,64.3,70.1,1944.9,235.3,No,40.734923,-74.007538,830,417.6187,,443.6969504786143,0.0,443.6969504786143,False,
11711675,Not Applicable: Standalone Property,Century - 325 West 11th Street,325 West 11th Street,10014,1006340036,2023,1900,3,100,Multifamily Housing,31206.0,,39.0,241785.5,,2712374.2,,,,113.4,126.7,,233.8,No,40.735648,-74.007404,712,241.7855,,794.9183240322355,0.0,794.9183240322355,False,
11922380,Not Applicable: Standalone Property,MacArthur - 411-417 West 13th Street,411-417 West 13th Street,10014,1006467501,2023,1900,1,100,Office,92379.0,,,1743565.8,,934196.0,,,,74.5,75.6,2521.7,696.4,No,40.74052,-74.006456,283,1743.5658,,273.7857920332741,0.0,273.7857920332741,False,
11986512,Not Applicable: Standalone Property,The Jane Hotel - 113 Jane Street,113 Jane Street,10014,1006420001,2023,1908,1,100,Hotel,43618.0,,,502790.7,,1988611.0,,,,84.9,87.9,346.4,292.1,Yes,40.738154,-74.009025,618,502.7907,,582.8042912633765,0.0,582.8042912633765,False,
11995563,Not Applicable: Standalone Property,130 Jane Street,130 Jane Street,10014,1006410010,2023,1930,1,100,Multifamily Housing,50820.0,,50.0,419417.9,,,,,,,,,,Yes,40.738137,-74.009093,608,419.41790000000003,,,0.0,0.0,False,
11985530,Not Applicable: Standalone Property,DEPM 1042 - 130 Jane Street,130 Jane Street,10014,1006410010,2023,1930,1,100,Multifamily Housing,50820.0,,50.0,419417.9,,1857481.1,,,,64.7,69.6,1488.0,254.3,Yes,40.738137,-74.009093,608,419.41790000000003,,544.3739152708182,0.0,544.3739152708182,False,
12077431,Not Applicable: Standalone Property,ROBERTO LOPEZ,440 West 14th street,10014,1006460018,2023,2006,1,100,Office,31000.0,,,648880.7,,1019278.0,,,,104.3,117.6,635.8,294.9,No,40.74172,-74.007214,353,648.8806999999999,,298.7208621446587,0.0,298.7208621446587,False,
14365277,Not Applicable: Standalone Property,350 Bleecker Street,350 Bleecker Street,10014,1006200019,2023,1962,1,100,Multifamily Housing,92000.0,,126.0,593558.0,,4274037.9,,,,68.5,73.4,2644.4,447.2,No,40.734106,-74.004601,799,593.558,,1252.5967266309551,0.0,1252.5967266309551,False,
14933113,Not Applicable: Standalone Property,360 West 11th Street,360 West 11th Street,10014,1006377507,2023,1922,1,100,Multifamily Housing,30064.0,,5.0,451043.5,,2054473.0,,,,119.5,129.0,,276.4,No,40.735398,-74.00914,841,451.0435,,602.1065360116901,0.0,602.1065360116901,False,
15314590,Not Applicable: Standalone Property,45 Christopher Street,45 Christopher Street,10014,1006107501,2023,1931,1,100,Multifamily Housing,106800.0,,112.0,628640.9,,218091.0,3105138.0,5073937.4,,98.7,,4479.1,857.2,Yes,40.733757,-74.001894,831,628.6409,,63.91615589269146,2397.050122767458,2460.96627866015,False,
15503670,Not Applicable: Standalone Property,GPG - 1 Christopher Street,1 Christopher Street,10014,1006100060,2023,1931,1,100,Multifamily Housing,102354.0,,125.0,693922.0,,6668732.1,,,,88.3,100.5,5594.6,611.6,No,40.734065,-73.999762,841,693.922,,1954.4122431012543,0.0,1954.4122431012543,False,
2560572,2560572,110-114 HORATIO II LLC,108-114 HORATIO STREET,10014,1006420004; 1006420012,2023,1900,2,90,Multifamily Housing,111280.0,,154.0,899235.3,,4161315.9,,,,65.0,67.3,3514.3,554.6,Yes,40.738739,-74.008816,577,899.2353,,1219.5611730109708,0.0,1219.5611730109708,False,
2560572,2560572,110-114 HORATIO II LLC,108-114 HORATIO STREET,10014,1006420004; 1006420012,2023,1900,2,90,Multifamily Housing,111280.0,,154.0,899235.3,,4161315.9,,,,65.0,67.3,3514.3,554.6,Yes,40.738739,-74.008816,577,899.2353,,1219.5611730109708,0.0,1219.5611730109708,False,
2671721,Not Applicable: Standalone Property,Greenway Mews Realty LLC,416 West 13th Street,10014,1006450029,2023,1905,1,100,Office,135000.0,,,1332835.3,,3851290.1,,,,62.2,68.5,2052.7,699.0,No,40.740569,-74.006615,352,1332.8353,,1128.7015897931565,0.0,1128.7015897931565,False,
2672673,Not Applicable: Standalone Property,DEPM 2102 - 720 Greenwich St,720 Greenwich Street,10014,1006320017,2023,1902,1,100,Multifamily Housing,149324.0,,159.0,573788.6,,4528389.2,,,,43.4,43.3,,453.4,No,40.734375,-74.007152,826,573.7886,,1327.1397263068186,0.0,1327.1397263068186,False,
2702103,Not Applicable: Standalone Property,756 Washington Street,756 Washington Street,10014,1006400021,2023,2003,1,100,Multifamily Housing,67909.0,,68.0,738063.2,,2988094.2,,,,81.1,85.1,2573.3,432.5,No,40.737051,-74.008256,638,738.0631999999999,,875.7238708119417,0.0,875.7238708119417,False,
2790102,Not Applicable: Standalone Property,176 Perry St,176 Perry St,10014,1006377504,2023,2001,1,100,Multifamily Housing,61777.0,,15.0,1796708.1,,7189770.0,,,,215.6,236.8,,1048.4,No,40.734621,-74.009742,947,1796.7081,,2107.1133616361803,0.0,2107.1133616361803,False,
2808712,Not Applicable: Standalone Property,401 Associate LLC,401 West 14th Street,10014,1007120029,2023,1923,1,100,Office,62199.0,,,1492759.7,,388743.0,,,,88.1,88.9,1419.2,574.4,No,40.741086,-74.005666,197,1492.7597,,113.92931478232735,0.0,113.92931478232735,False,
4042763,Not Applicable: Standalone Property,33 Ninth Avenue Condominium,29 9th Avenue,10014,1006467503,2023,1910,1,95,Hotel,78265.0,,,2656407.1,,9278991.6,,,,234.4,238.0,7787.2,1478.3,No,40.740369,-74.005799,254,2656.4071,,2719.403705941898,0.0,2719.403705941898,False,
4039172,Not Applicable: Standalone Property,Century - 25 Greenwich Avenue,25 Greenwich Avenue,10014,1006110065,2023,1961,1,100,Multifamily Housing,150941.0,,148.0,1063977.9,,6375788.2,,,,66.3,70.0,,733.4,No,40.734839,-74.000076,758,1063.9778999999999,,1868.558870058749,0.0,1868.558870058749,False,
31977411,Not Applicable: Standalone Property,155 Perry Street,155 Perry Street,10014,1006377501,2023,1913,1,100,Multifamily Housing,48708.0,,36.0,402464.7,,769221.0,,,,44.0,46.9,1184.8,190.2,No,40.734764,-74.008848,862,402.4647,,225.4363974301187,0.0,225.4363974301187,False,
31977680,Not Applicable: Standalone Property,165 Perry Street,165 Perry Street,10014,1006370077,2023,1911,1,100,Multifamily Housing,39750.0,,22.0,170860.5,,1493636.0,,,,52.2,55.7,769.7,142.7,Yes,40.734687,-74.009403,877,170.8605,,437.74145390197714,0.0,437.74145390197714,False,
31978303,Not Applicable: Standalone Property,377 West 11th Street,377 West 11th Street,10014,1006380001,2023,1930,1,100,Multifamily Housing,69755.0,,38.0,345724.9,,2037499.0,,,,46.1,53.2,1228.3,236.5,No,40.735354,-74.009616,835,345.72490000000005,,597.1319482014524,0.0,597.1319482014524,False,
30930844,Not Applicable: Standalone Property,0054-Notre Dame School 1,327 West 13,10014,1006290055,2023,1946,1,100,K-12 School,38387.0,,,170289.0,,1256454.0,,,,47.9,56.6,410.7,129.9,No,,,194,170.289,,368.2302788102019,0.0,368.2302788102019,False,
33375891,Not Applicable: Standalone Property,278 West 10 Street,278 West 10 Street,10014,1006300012,2023,2003,1,100,K-12 School,72494.0,,,750115.9,,1630981.1,,,,57.8,62.1,814.2,364.9,No,40.733439,-74.008248,979,750.1159,,477.9933250140235,0.0,477.9933250140235,False,
33545328,Not Applicable: Standalone Property,"Halstead - 341 West 11th St, NY, NY 10014",341 West 11th Street,10014,1006340047,2023,1905,1,100,Multifamily Housing,53500.0,,64.2,369767.8,,1960203.1,,,,60.2,66.7,1562.4,241.3,No,40.735566,-74.007989,749,369.76779999999997,,574.4787585041889,0.0,574.4787585041889,False,
33946658,Not Applicable: Standalone Property,115 7th Ave South,115 7th Ave South,10014,1006100016,2023,1923,1,100,Multifamily Housing,31563.0,,9.0,345324.2,,490589.0,,,,52.9,56.0,750.3,154.2,No,40.733936,-74.002605,811,345.3242,,143.77742778583072,0.0,143.77742778583072,False,
35424874,26680747,Office,63 Gansevoort Street,10014,1006440043,2023,1908,1,100,Office,25963.0,,,1864409.0,,7689988.4,,,,541.2,558.3,,1100.1,No,40.739397,-74.007282,392,1864.409,,2253.712887681697,0.0,2253.712887681697,True,
35424875,26680747,Restaurant,63 Gansevoort Street,10014,1006440043,2023,1908,1,100,Restaurant,25783.0,,,,,,,,,,,,0.0,Not Available,40.739397,-74.007282,392,,,,0.0,0.0,True,
35424877,26680747,Restaurant/Bar,63 Gansevoort Street,10014,1006440043,2023,1908,1,100,Other - Restaurant/Bar,12937.0,,,,,,,,,,,,0.0,Not Available,40.739397,-74.007282,392,,,,0.0,0.0,True,
35500619,Not Applicable: Standalone Property,The Standard Hotel,848 WASHINGTON ST,10014,1006450011,2023,2006,1,90,Hotel,219320.0,,,6055351.3,,13650467.2,,,,156.4,156.4,22099.6,2971.4,No,40.740624,-74.007719,414,6055.3513,,4000.5566005166256,0.0,4000.5566005166256,False,
35481605,Not Applicable: Standalone Property,"Copy of Halstead - 341 West 11th St, NY, NY 10014",341 West 11th Street,10014,1006340047,2023,1905,1,100,Multifamily Housing,53500.0,,62.0,369767.8,,1960203.1,,,,60.2,66.7,1562.4,241.3,No,40.735566,-74.007989,749,369.76779999999997,,574.4787585041889,0.0,574.4787585041889,False,
15745500,Not Applicable: Standalone Property,Cornerstone: 300 W 14,300 W 14th St,10014,1006297504,2023,1920,1,100,Multifamily Housing,36024.0,,11.0,615488.1,,512302.0,,,,72.5,72.6,1227.6,255.5,No,40.739782,-74.002616,189,615.4881,,150.1408792482845,0.0,150.1408792482845,False,
15568359,Not Applicable: Standalone Property,AKAM WVH - 352 West 11th Street,352 West 11th Street,10014,1006370066,2023,1974,5,100,Multifamily Housing,59820.0,,72.0,605129.5,,,,,,34.5,38.4,,224.5,No,40.735437,-74.008841,832,605.1295,,,0.0,0.0,False,
15557119,15557119,Superior - 335+337 Campus,335-337 West 14th Street,10014,1007380015 ; 1007380014,2023,1900,2,100,Multifamily Housing,57142.0,,56.0,300050.1,,2802438.1,,,,67.0,74.2,4056.2,260.2,Yes,40.740471,-74.004204,99,300.0501,,821.3134447511271,0.0,821.3134447511271,False,
15557120,15557119,Superior - 335 West 14th Street - Child Property,335 West 14th Street,10014,1007380015,2023,1900,1,100,Multifamily Housing,28321.0,,28.0,102815.3,,2009385.1,,,,83.3,98.2,1336.8,144.9,No,40.740471,-74.004204,99,102.81530000000001,,588.8925783276312,0.0,588.8925783276312,True,
15557215,15557119,Superior - 337 West 14th Street - Child Property,337 West 14th Street,10014,1007380014,2023,1900,1,95,Multifamily Housing,28821.0,,28.0,197234.8,,793053.0,,,,50.9,50.8,2719.3,115.3,Yes,40.740495,-74.004265,103,197.23479999999998,,232.42086642349588,0.0,232.42086642349588,True,
16754520,Not Applicable: Standalone Property,Andrews: 1 Sheridan Square,1 Sheridan Square,10014,1005927501,2023,1920,2,100,Multifamily Housing,29888.0,,45.0,199529.4,,2677024.8,,,,112.3,127.1,,216.2,No,40.732887,-74.001959,963,199.52939999999998,,784.5584386581801,0.0,784.5584386581801,False,
15988908,Not Applicable: Standalone Property,875 Washington Street,875 Washington Street,10014,1006460027,2023,1887,1,100,Office,53658.0,,,1185961.7,,0.0,,,,75.4,75.4,373.8,440.0,Yes,40.741483,-74.007066,325,1185.9617,,0.0,0.0,0.0,False,
17707039,Not Applicable: Standalone Property,77 Christopher Street,77 Christopher Street,10014,1006190067,2023,1910,3,100,Multifamily Housing,25955.0,,27.0,102044.7,,2648206.0,,,,115.4,123.1,,178.5,No,40.733549,-74.003359,829,102.04469999999999,,776.1124830092066,0.0,776.1124830092066,False,
18410769,Not Applicable: Standalone Property,720 Greenwich Street - data,720 Greenwich Street,10014,1006320017,2023,1930,1,100,Multifamily Housing,151600.0,,149.0,573788.6,,4528389.2,,,,42.8,42.7,,453.4,No,40.734375,-74.007152,826,573.7886,,1327.1397263068186,0.0,1327.1397263068186,False,
19833666,Not Applicable: Standalone Property,300 West 12th Street,300 West 12th Street,10014,1006240041,2023,1920,1,90,Multifamily Housing,34872.0,,54.0,128643.8,,1592782.0,,,,58.3,63.4,,132.3,No,40.737539,-74.0045,466,128.6438,,466.7982751010949,0.0,466.7982751010949,False,
20579817,Not Applicable: Standalone Property,131 PERRY ST : 131 Perry Street,131 Perry Street,10014,1006330028,2023,1950,1,100,Multifamily Housing,32900.0,,14.0,139840.5,,1059394.0,,,,46.7,53.5,,108.1,No,40.734943,-74.007516,788,139.8405,,310.4776999315972,0.0,310.4776999315972,False,
20596955,20596955,413-421 West 14th Street,413-421 West 14th Street,10014,1007120014;1007120021,2023,1929,2,90,Office,88592.0,,,1312636.9,,1832683.9,,,,71.2,74.5,273.5,584.3,No,40.741245,-74.006045,253,1312.6369,,537.1065741109251,0.0,537.1065741109251,False,
20462032,Not Applicable: Standalone Property,Abington Court Owners Corp,75 Bank Street,10014,1006247504,2023,1938,1,100,Multifamily Housing,79065.0,,88.0,36213.0,,5465389.9,,,,70.7,75.3,3476.9,303.7,No,40.736705,-74.00472,522,36.213,,1601.7474946822263,0.0,1601.7474946822263,False,
21205312,Not Applicable: Standalone Property,Halstead - 140 Charles Street,140 Charles Street,10014,1006317502,2023,1987,1,100,Multifamily Housing,95573.0,,73.0,692582.4,,7284615.9,,,,100.9,111.0,2945.9,643.8,Yes,40.734163,-74.007982,923,692.5824,,2134.9099480619507,0.0,2134.9099480619507,False,
21355407,Not Applicable: Standalone Property,NYPD_4451_6th Precinct,233 West 10th St,10014,1006200033,2023,1969,1,100,Police Station,30489.0,,,507555.0,,2357826.1,,,,134.1,156.1,,313.5,No,40.733889,-74.005394,815,507.555,,691.010544109829,0.0,691.010544109829,False,
21355567,Not Applicable: Standalone Property,DPR_9495_High Line Maintenance and Operations Building,820 Washington St,10014,1006440010,2023,2013,1,100,Office,24641.0,,,729771.9,,569169.0,,,,124.1,131.4,,301.0,No,40.739587,-74.008036,474,729.7719000000001,,166.80695000383923,0.0,166.80695000383923,False,
21739389,Not Applicable: Standalone Property,11-17 Jane Street,11-17 Jane Street,10014,1006167502,2023,2018,1,60,Multifamily Housing,40253.0,,7.0,370012.5,,583994.0,,,,45.9,47.3,,168.3,No,40.738141,-74.002735,339,370.0125,,171.1517281519937,0.0,171.1517281519937,False,
23758471,Not Applicable: Standalone Property,Stonehenge - 780 Greenwich Street,780 Greenwich Street,10014,1006350026,2023,1950,1,100,Multifamily Housing,87207.0,,90.0,260972.0,,2437418.8,,,,38.2,41.5,4466.7,226.3,No,40.73676,-74.006557,602,260.972,,714.3368593686898,0.0,714.3368593686898,False,
23758471,Not Applicable: Standalone Property,Stonehenge - 780 Greenwich Street,780 Greenwich Street,10014,1006350026,2023,1950,1,100,Multifamily Housing,87207.0,,90.0,260972.0,,2437418.8,,,,38.2,41.5,4466.7,226.3,No,40.73676,-74.006557,602,260.972,,714.3368593686898,0.0,714.3368593686898,False,
23945840,Not Applicable: Standalone Property,St. Luke's School at 657 Greenwich St,657 Greenwich Street,10014,1006057501,2023,1955,1,100,K-12 School,42162.0,,,423776.6,,2314504.9,,,,89.2,89.2,965.0,280.1,No,40.73225,-74.007675,995,423.7766,,678.3143550297731,0.0,678.3143550297731,False,
24896802,Not Applicable: Standalone Property,125 Christopher Street,125 Christopher Street,10014,1006190001,2023,1948,1,100,Multifamily Housing,37721.0,,47.0,323423.1,,181829.0,,,,34.1,33.7,,129.6,No,40.733142,-74.005943,928,323.4231,,53.28881388875375,0.0,53.28881388875375,False,
23955121,Not Applicable: Standalone Property,Gansevoort Meat Market,555 West St,10014,1006440001,2023,1949,1,100,Manufacturing/Industrial Plant,77923.0,,,,,,,,,,,2039.0,,No,40.740007,-74.009299,472,,,,0.0,0.0,False,
26533119,Not Applicable: Standalone Property,AKAM - 270 West 11th Street,270 West 11th Street,10014,1006220041,2023,1915,1,100,Multifamily Housing,29725.0,,48.0,113074.3,,1845583.0,,,,75.1,87.2,1136.4,140.0,No,40.736063,-74.004326,615,113.07430000000001,,540.8869267457217,0.0,540.8869267457217,False,
26617335,Not Applicable: Standalone Property,9 Ninth Avenue,9 Ninth Avenue,10014,1006450049,2023,1920,1,100,Retail Store,58659.0,,,1997984.4,,4586.0,,,,116.3,116.3,1443.1,741.4,Yes,40.73973,-74.006272,318,1997.9843999999998,,1.3440237833009294,0.0,1.3440237833009294,False,
26618023,Not Applicable: Standalone Property,40 10th Avenue,40 10th Avenue,10014,1006460001,2023,2017,1,100,Office,158847.0,,,4130843.6,,4635197.4,,,,117.9,117.9,4364.1,1778.6,Yes,40.741827,-74.007975,417,4130.8436,,1358.4421164183673,0.0,1358.4421164183673,False,
26618193,Not Applicable: Standalone Property,405 West 13th Street,405 West 13th Street,10014,1006460049,2023,1911,1,0,Office,47343.0,,,0.0,,0.0,,,,0.0,0.0,83.8,0.0,No,40.740432,-74.006243,273,0.0,,0.0,0.0,0.0,False,
26619467,Not Applicable: Standalone Property,675 Hudson Street,675 Hudson Street,10014,1006290001,2023,1910,1,100,Retail Store,29300.0,,5.0,831429.6,,2687997.0,,,,188.6,188.6,,451.2,Yes,40.740366,-74.005233,221,831.4295999999999,,787.7740727085802,0.0,787.7740727085802,False,
26619471,Not Applicable: Standalone Property,809 Washington Street,809 Washington Street,10014,1006430043,2023,1920,1,100,Office,83365.0,,,1144243.5,,2.0,,,,46.8,46.8,,424.5,Yes,40.739159,-74.008058,440,1144.2435,,0.0005861420773226906,0.0,0.0005861420773226906,False,
26680747,26680747,22 Little West 12th Street Partners LLC,63 Gansevoort Street,10014,1006440043,2023,1908,3,100,Office,64683.0,,,1864409.0,,7689988.4,,,,217.2,224.1,,1100.1,No,40.739397,-74.007282,392,1864.409,,2253.712887681697,0.0,2253.712887681697,False,
4414278,Not Applicable: Standalone Property,Century - 607 Hudson Street,607 Hudson Street,10014,1006247505,2023,1906,1,100,Multifamily Housing,58030.0,,9.0,444928.5,,1187283.0,,,,46.6,47.9,689.8,228.1,Yes,40.737427,-74.005727,505,444.9285,,347.95826199495804,0.0,347.95826199495804,False,
4491815,Not Applicable: Standalone Property,Direct Property Management - 87 Greenwich Ave,87 Greenwich Ave.,10014,1006150036,2023,1930,1,100,Multifamily Housing,64840.0,,77.0,299421.1,,225358.0,3867311.8,,,78.9,91.7,3160.5,410.0,Yes,40.73724,-74.001516,466,299.42109999999997,,66.04590313064345,1133.3970860532768,1199.4429891839202,False,
4938442,Not Applicable: Standalone Property,URA Group - 18 Ninth Avenue,18 Ninth Avenue,10014,1006280004,2023,2003,1,100,Hotel,108548.0,,,2064529.3,,7373368.3,,,,132.8,132.8,19637.1,1157.5,Yes,40.740114,-74.005961,269,2064.5293,,2160.9207061136376,0.0,2160.9207061136376,False,
4948339,Not Applicable: Standalone Property,Orsid - 136 Waverly Place,136 Waverly Place,10014,1005920066,2023,1929,1,100,Multifamily Housing,94291.0,,76.0,430067.2,,4298534.1,,,,61.2,67.9,2562.5,387.9,Yes,40.733022,-74.000278,965,430.0672,,1259.7758534082109,0.0,1259.7758534082109,False,
4947962,Not Applicable: Standalone Property,CB - 40 Gansevoort Street,40 Gansevoort Street,10014,1006270005,2023,2005,1,100,Office,56860.0,,,1009346.6,,2056312.0,,,,96.7,101.9,864.7,483.7,No,40.739403,-74.006221,350,1009.3466,,602.6454936517882,0.0,602.6454936517882,False,
4948339,Not Applicable: Standalone Property,Orsid - 136 Waverly Place,136 Waverly Place,10014,1005920066,2023,1929,1,100,Multifamily Housing,94291.0,,76.0,430067.2,,4298534.1,,,,61.2,67.9,2562.5,387.9,Yes,40.733022,-74.000278,965,430.0672,,1259.7758534082109,0.0,1259.7758534082109,False,
4945597,Not Applicable: Standalone Property,AKAM - WVH 726 Washington Street,726 Washington Street,10014,1006380019,2023,1939,10,100,Multifamily Housing,118350.0,,100.0,1191863.2,,,,,,34.4,37.5,3581.7,442.1,No,40.735843,-74.00835,776,1191.8632,,,0.0,0.0,False,
5764091,Not Applicable: Standalone Property,DEPM 1564 - 150 Charles Street,150 Charles Street,10014,1006367503,2023,1915,1,100,Multifamily Housing,283754.0,,122.0,4491360.5,,6685089.5,,,,77.6,81.2,5998.7,2021.2,No,40.734034,-74.008811,999,4491.3605,,1959.2061233090535,0.0,1959.2061233090535,False,
5722199,Not Applicable: Standalone Property,Sage Realty - 2 Gansevoort,2 Gansevoort,10014,1006270043,2023,1912,1,85,Office,181658.0,,,1803369.0,,2336687.1,124200.0,,,47.4,50.9,1226.1,802.3,No,,,266,1803.369,,684.8153154235669,36.39942300173909,721.214738425306,False,
5777220,Not Applicable: Standalone Property,Whitney Museum of American Art,93 Gansevoort Street,10014,1006440005,2023,2015,1,100,Museum,220000.0,,,5143517.8,,,,,,,,,,No,40.739386,-74.008754,518,5143.5178,,,0.0,0.0,False,
5864822,Not Applicable: Standalone Property,AKAM - 31 Jane Street,31 Jane Street,10014,1006160001,2023,1962,1,100,Multifamily Housing,93330.0,,127.0,474742.2,,4388137.4,,,,64.4,71.1,3604.9,409.2,Yes,40.738146,-74.003594,344,474.7422,,1286.0359856066952,0.0,1286.0359856066952,False,
5849964,Not Applicable: Standalone Property,Lawrence - 380 West 12th Street,380 West 12th Street,10014,1006400012,2023,1939,1,100,Multifamily Housing,100320.0,,53.0,545501.1,,2906300.0,,,,47.5,51.9,6466.9,356.7,No,40.73755,-74.008769,652,545.5011,,851.7523596614678,0.0,851.7523596614678,False,
5876479,Not Applicable: Standalone Property,DEPM 2548 - 61 Jane Street,61 Jane Street,10014,1006260012,2023,1963,1,100,Multifamily Housing,267542.0,,261.0,1113431.0,,12001112.1,,,,59.1,66.7,9389.5,1050.5,No,40.738146,-74.005849,395,1113.431,,3517.1783882382388,0.0,3517.1783882382388,False,
6262477,Not Applicable: Standalone Property,24-30 Christopher Street,30 Christopher Street,10014,1005930036,2023,1930,1,100,Multifamily Housing,48531.0,,69.0,220795.8,,1988175.8,207055.2,,,60.8,62.3,187.0,202.9,No,40.733872,-74.000956,872,220.79579999999999,,582.6767467473511,60.681882524232584,643.3586292715837,False,
6262487,Not Applicable: Standalone Property,35 Grove Street,35 Grove Street,10014,1005880071,2023,1920,1,100,Multifamily Housing,33839.0,,65.0,172096.6,,2346129.8,276000.0,,,94.8,98.6,,208.9,No,40.732722,-74.004619,950,172.0966,,687.5826973203342,80.8876066705313,768.4703039908655,False,
6262562,Not Applicable: Standalone Property,123 Bank Street,123 Bank Street,10014,1006350042,2023,1930,1,100,Multifamily Housing,37064.0,,49.0,273858.5,,24606.0,,,,25.9,26.3,,102.9,No,40.736296,-74.007643,665,273.8585,,7.211305977301063,0.0,7.211305977301063,False,
6313110,Not Applicable: Standalone Property,860 Washington St,860 Washington St,10014,1006460019,2023,2016,1,100,Office,122098.0,,,2496339.9,,2837761.1,,,,93.0,98.2,187.5,1076.8,No,40.74105,-74.007412,377,2496.3399,,831.6655930497618,0.0,831.6655930497618,False,
6333435,Not Applicable: Standalone Property,Eagle Point - 259 West 10th Street,259 West 10th Street,10014,1006310030,2023,1979,1,90,Multifamily Housing,51300.0,,53.0,431537.8,,1817748.9,,,,64.1,69.5,1013.7,256.6,No,40.733661,-74.006917,900,431.5378,,532.7295581485179,0.0,532.7295581485179,False,
6405424,Not Applicable: Standalone Property,Rapoport: 55 Perry St,55 Perry St,10014,1006220056,2023,1930,1,100,Multifamily Housing,36700.0,,72.0,165181.7,,2829501.8,,,,92.5,96.2,1957.4,211.6,No,40.735514,-74.003565,629,165.1817,,829.245031420146,0.0,829.245031420146,False,
6382098,Not Applicable: Standalone Property,129 West Washington Place,129 West Washington Place,10014,1005920082,2023,1924,1,100,Multifamily Housing,38214.0,,52.0,159711.9,,2228143.8,,,,72.6,82.3,1194.6,177.6,No,40.733022,-74.001916,922,159.71189999999999,,653.0044177528367,0.0,653.0044177528367,False,
6382100,Not Applicable: Standalone Property,190 Waverly Place,190 Waverly Place,10014,1006110027,2023,1926,1,100,Multifamily Housing,25075.0,,30.0,86612.4,,1130283.0,,,,56.9,65.2,1133.2,92.2,No,40.734638,-74.001443,755,86.6124,,331.2532127912613,0.0,331.2532127912613,False,
6382110,Not Applicable: Standalone Property,304 West 14th Street,304 West 14th Street,10014,1006290029,2023,1905,1,100,Multifamily Housing,38376.0,,66.0,363559.2,,4553820.0,,,,151.0,163.7,,376.7,No,40.739867,-74.002818,174,363.55920000000003,,1334.5927572768073,0.0,1334.5927572768073,False,
6382117,Not Applicable: Standalone Property,49 Grove Street,49 Grove Street,10014,1005910040,2023,1900,1,100,Multifamily Housing,43128.0,,46.0,555015.2,,3179673.9,,,,117.6,117.2,1812.8,374.8,No,40.732967,-74.003839,914,555.0151999999999,,931.8703324773705,0.0,931.8703324773705,False,
6457845,Not Applicable: Standalone Property,1 Jane Street AKA 115 Greenwich Avenue,1 Jane Street AKA 115 Greenwich Avenue,10014,1006160027,2023,1927,1,100,Multifamily Housing,25992.0,,37.0,142432.2,,704325.0,,,,45.8,45.6,804.2,90.2,Yes,40.738138,-74.002306,347,142.43220000000002,,206.41725930515202,0.0,206.41725930515202,False,
6457924,Not Applicable: Standalone Property,201 West 11th Street,201 West 11th Street,10014,1006140061,2023,1920,1,100,Multifamily Housing,38478.0,,42.0,407035.6,,1782649.9,0.0,,,82.4,,2749.6,245.7,Yes,40.736496,-74.001371,538,407.0356,,522.4430577625433,0.0,522.4430577625433,False,
6600362,Not Applicable: Standalone Property,M. MEILMAN: 421 W 13TH ST,421 W 13th St,10014,1006460057,2023,1904,1,100,Manufacturing/Industrial Plant,48175.0,,,420177.3,,1178157.0,,,,54.2,62.1,,218.5,No,40.740668,-74.00681,319,420.1773,,345.2836956961346,0.0,345.2836956961346,False,
6579377,Not Applicable: Standalone Property,Crane Realty LLC - 29 Charles st,29 Charles st,10014,1006120033,2023,1914,1,100,Multifamily Housing,27108.0,,37.0,106138.3,,1727858.0,,,,77.1,88.0,1047.3,131.1,No,40.735031,-74.002288,689,106.1383,,506.38513871931474,0.0,506.38513871931474,False,
2637906,Not Applicable: Standalone Property,167 Housing Corporation (167 Perry Street),167 Perry Street,10014,1006370081,2024,1961,1,100,Multifamily Housing,60393.0,,75.0,380354.5,,1376933.9,,,,44.3,44.5,1500.4,222.49,No,40.734676,-74.009483,895,380.3545,,403.53944824101694,0.0,403.53944824101694,False,
2649514,Not Applicable: Standalone Property,305 W 13,305 West 13th Street,10014,1006290044,2024,1964,1,100,Multifamily Housing,56508.0,,77.0,310158.8,,3487247.9,,,,80.4,83.0,3523.7,307.02,No,40.739205,-74.003349,203,310.1588,,1022.0113641225952,0.0,1022.0113641225952,False,
2672673,Not Applicable: Standalone Property,DEPM 2102 - 720 Greenwich St,720 Greenwich Street,10014,1006320017,2024,1902,1,100,Multifamily Housing,141755.0,,159.0,606361.5,,6229614.1,,,,58.5,62.3,,568.99,No,40.734375,-74.007152,826,606.3615,,1825.7194747463616,0.0,1825.7194747463616,False,
2682646,Not Applicable: Standalone Property,2 Horatio Owners Corp (2 Horatio Street),2 Horatio Street,10014,1006167501,2024,1962,1,95,Multifamily Housing,220644.0,,242.0,954308.1,,9387570.4,0.0,,,57.3,59.7,5384.5,873.35,No,40.738753,-74.002504,316,954.3081,,2751.225007634501,0.0,2751.225007634501,False,
2690725,Not Applicable: Standalone Property,Pratt Manhattan Ctr,144 W 14th St,10014,1006097503,2024,2005,1,100,College/University,96382.0,,,1274428.0,,2060500.0,213210.0,,,68.7,71.0,408.4,625.7,No,40.737907,-73.998163,524,1274.428,,603.8728751617019,62.48567615298543,666.3585513146874,False,
2702103,Not Applicable: Standalone Property,756 Washington Street,756 Washington Street,10014,1006400021,2024,2003,1,100,Multifamily Housing,67909.0,,68.0,764621.5,,2900839.0,,,,81.1,83.2,2607.7,454.33,No,40.737051,-74.008256,638,764.6215,,850.1518987193382,0.0,850.1518987193382,False,
2708793,2708793,95 Horatio Street (also 521 West Street),95 Horatio Street,10014,1006430001,2024,1985,2,100,Multifamily Housing,491394.0,,317.0,3781557.2,,9792215.1,0.0,,,46.2,47.6,14036.4,2005.04,Yes,40.738761,-74.008491,539,3781.5572,,2869.8146501523092,0.0,2869.8146501523092,False,
2808712,Not Applicable: Standalone Property,401 Associate LLC,401 West 14th Street,10014,1007120029,2024,1923,1,100,Office,61519.0,,,1527083.6,,416880.0,,,,91.5,93.6,1374.3,621.8,No,40.741086,-74.005666,197,1527.0836000000002,,122.17545459714162,0.0,122.17545459714162,False,
2814189,2814189,410 West 13th Street,410 West 13th Street,10014,1006450035,2024,2010,2,100,Office,74084.0,,,850349.7,,1365660.0,,,,57.6,58.6,,406.45,Yes,40.74049,-74.006427,323,850.3497,,400.2353946582528,0.0,400.2353946582528,False,
3111362,Not Applicable: Standalone Property,414 West 14th Street   (418 West 14th St),414 W 14th Street,10014,1006460032,2024,2008,1,100,Office,51744.0,,,651423.1,,705452.0,,,,56.6,58.3,2083.3,293.27,No,40.741256,-74.006117,281,651.4231,,206.74755036572336,0.0,206.74755036572336,False,
3114445,Not Applicable: Standalone Property,Superior Ink Condominium,400 W. 12Th Street,10014,1006407501,2024,2009,1,100,Multifamily Housing,191094.0,,59.0,2272118.8,,5934088.2,,,,71.6,73.3,,1207.4,No,40.737556,-74.009573,687,2272.1187999999997,,1739.109392282033,0.0,1739.109392282033,False,
3447970,Not Applicable: Standalone Property,Salon: 366 West 11 Street,366 West 11th Street,10014,1006377502,2024,1987,1,100,Multifamily Housing,64414.0,,81.0,399978.2,,3800856.6,,,,80.2,81.9,2390.8,358.94,No,40.735368,-74.009367,859,399.9782,,1113.9209915648294,0.0,1113.9209915648294,False,
3526759,Not Applicable: Standalone Property,165 Charles Street,165 Charles Street,10014,1006377505,2024,2004,1,100,Multifamily Housing,96123.0,,31.0,1253058.3,,4887862.2,,,,95.3,98.3,,751.67,No,40.733949,-74.009461,975,1253.0583000000001,,1432.4908517875283,0.0,1432.4908517875283,False,
4039172,Not Applicable: Standalone Property,Century - 25 Greenwich Avenue,23 GREENWICH AVENUE,10014,1006110065,2024,1961,1,100,Multifamily Housing,150941.0,,148.0,1092000.1,,6524047.0,,,,67.9,69.1,7884.5,775.33,No,40.734776,-74.00004,758,1092.0001000000002,,1912.0092305654339,0.0,1912.0092305654339,False,
4042763,Not Applicable: Standalone Property,33 Ninth Avenue Condominium,29 9th Avenue,10014,1006467503,2024,1910,1,95,Hotel,78265.0,,,1917863.0,,11454758.4,,,,230.0,234.6,8405.9,1361.52,No,40.740369,-74.005799,254,1917.863,,3357.05794190277,0.0,3357.05794190277,False,
4375882,Not Applicable: Standalone Property,Gansevoort Cooperative,652 Hudson Street,10014,1006280017,2024,1900,1,100,Multifamily Housing,56058.0,,13.0,415391.5,,1856716.0,,,,58.4,59.8,4037.2,261.73,No,40.739502,-74.005366,239,415.3915,,544.1496866191384,0.0,544.1496866191384,False,
4389657,Not Applicable: Standalone Property,"299 West 12th Street, New York",299 W. 12Th Street,10014,1006257501,2024,1930,1,100,Multifamily Housing,159790.0,,179.0,774586.0,,8750245.1,,,,71.3,74.1,,768.93,No,40.737556,-74.005041,438,774.586,,2564.443419998347,0.0,2564.443419998347,False,
4410272,Not Applicable: Standalone Property,Standard Hotel,848 Washington Street,10014,1006450011,2024,2006,1,100,Hotel,219359.0,,,5656214.4,,22744203.6,,,,191.7,193.1,,3429.12,No,40.740624,-74.007719,414,5656.214400000001,,6665.667372577109,0.0,6665.667372577109,False,
4414278,Not Applicable: Standalone Property,Century - 607 Hudson Street / 320 West 12th Street,607 HUDSON STREET,10014,1006247505,2024,1906,1,100,Multifamily Housing,58704.0,,9.0,508658.7,,1394965.0,,,,53.3,54.1,514.4,273.83,No,40.737427,-74.005727,505,508.6587,,408.8238414462235,0.0,408.8238414462235,False,
4491815,Not Applicable: Standalone Property,Direct Property Management - 87 Greenwich Ave,87 Greenwich Ave.,10014,1006150036,2024,1930,1,100,Multifamily Housing,64840.0,,77.0,429192.9,,245320.0,4683305.7,,,98.6,100.2,3224.9,529.08,Yes,40.73724,-74.001516,466,429.1929,,71.89618720440123,1372.541265867599,1444.4374530720002,False,
4862664,Not Applicable: Standalone Property,708 Greenwich Street,No matching record in CBL,10014,1006317501,2024,1901,1,100,Multifamily Housing,69490.0,,33.0,277325.5,,2548342.1,,,,50.3,51.8,,244.25,No,,,908,277.3255,,746.8452661114338,0.0,746.8452661114338,False,
4938442,Not Applicable: Standalone Property,URA Group - 18 Ninth Avenue,10 9 AVENUE,10014,1006280004,2024,2003,1,100,Hotel,108548.0,,,2100189.2,,7731839.9,,,,137.2,138.8,22226.1,1235.37,No,40.739919,-74.006106,269,2100.1892000000003,,2265.9783502562323,0.0,2265.9783502562323,False,
4945597,Not Applicable: Standalone Property,AKAM - WVH 726 Washington Street,726 Washington Street,10014,1006380019,2024,1939,10,100,Multifamily Housing,118350.0,,100.0,1243728.5,,,,,,35.9,37.0,,488.39,Yes,40.735843,-74.00835,776,1243.7285,,,0.0,0.0,False,
4948339,Not Applicable: Standalone Property,Orsid - 136 Waverly Place,134 WAVERLY PLACE,10014,1005920066,2024,1929,1,100,Multifamily Housing,100264.0,,76.0,457004.5,,4328681.0,,,,58.7,60.6,,409.37,No,40.732969,-74.000166,965,457.0045,,1268.6110367036308,0.0,1268.6110367036308,False,
5764091,Not Applicable: Standalone Property,DEPM 1564 - 150 Charles Street,150 Charles Street,10014,1006367503,2024,1915,1,100,Multifamily Housing,283754.0,,122.0,4669045.6,,7472717.7,,,,82.5,84.5,5883.7,2230.34,Yes,40.734034,-74.008811,999,4669.0455999999995,,2190.037137962019,0.0,2190.037137962019,False,
5777220,Not Applicable: Standalone Property,Whitney Museum of American Art,93 Gansevoort Street,10014,1006440005,2024,2015,1,100,Museum,220000.0,,,5250480.4,,21214215.1,,,,177.9,179.3,,3188.53,No,40.739386,-74.008754,518,5250.4804,,6217.272053742196,0.0,6217.272053742196,False,
5849964,Not Applicable: Standalone Property,Lawrence - 380 West 12th Street,380 WEST 12 STREET,10014,1006400012,2024,1939,1,100,Multifamily Housing,117233.0,,53.0,558504.2,,2987910.7,,,,41.7,43.0,6177.3,378.01,No,40.73755,-74.008769,652,558.5042,,875.6700922763473,0.0,875.6700922763473,False,
5864822,Not Applicable: Standalone Property,AKAM - 31 Jane Street,31 Jane Street,10014,1006160001,2024,1962,1,100,Multifamily Housing,93330.0,,127.0,538789.2,,5165634.4,,,,75.0,77.4,2365.9,485.94,No,40.738146,-74.003594,344,538.7891999999999,,1513.8978389527754,0.0,1513.8978389527754,False,
5868058,Not Applicable: Standalone Property,The Kimberly Condominium,534 Hudson Street,10014,1006207501,2024,1998,1,100,Multifamily Housing,74866.0,,22.0,925944.7,,1240575.0,,,,58.8,59.8,1580.6,429.49,No,40.734273,-74.006195,823,925.9446999999999,,363.57660378729844,0.0,363.57660378729844,False,
5876479,Not Applicable: Standalone Property,DEPM 2548 - 61 Jane Street,59 Jane Street,10014,1006260012,2024,1963,1,100,Multifamily Housing,264985.0,,261.0,1129923.7,,11794308.0,,,,59.1,61.1,8821.0,1070.15,No,40.738149,-74.005669,395,1129.9237,,3456.570095851814,0.0,3456.570095851814,False,
5989957,Not Applicable: Standalone Property,837 Washington Street,837 Washington St,10014,1006457501,2024,2016,1,90,Office,53695.0,,,68843.9,,667488.0,,,,16.8,17.2,1010.2,62.49,Yes,40.740454,-74.007816,359,68.84389999999999,,195.62140145398405,0.0,195.62140145398405,False,
6152632,Not Applicable: Standalone Property,Winter Management - 404-408 West 14th Street (402 WEST 14 STREET),402 WEST 14 STREET,10014,1006460038,2024,1920,1,90,Office,37400.0,,,425171.2,,445725.0,,,,50.7,51.9,,190.63,No,40.741097,-74.005738,242,425.1712,,130.62908870732812,0.0,130.62908870732812,False,
6225126,Not Applicable: Standalone Property,321 WEST 13th   STREET - 40440,321 WEST 13th   STREET,10014,1006297501,2024,1907,1,100,Multifamily Housing,33343.0,,21.0,171277.1,,988249.0,,,,47.2,48.8,843.8,119.75,Yes,40.739571,-74.0042,193,171.27710000000002,,289.6271608860358,0.0,289.6271608860358,False,
6262477,Not Applicable: Standalone Property,24-30 Christopher Street,30 Christopher Street,10014,1005930036,2024,1930,1,100,Multifamily Housing,48531.0,,69.0,224450.4,,3858056.1,0.0,,,95.3,95.4,,293.06,No,40.733872,-74.000956,872,224.4504,,1130.6845084407391,0.0,1130.6845084407391,False,
6262487,Not Applicable: Standalone Property,35 Grove Street,35 Grove Street,10014,1005880071,2024,1920,1,100,Multifamily Housing,33839.0,,65.0,179938.0,,1730142.2,0.0,,,69.3,69.5,,162.55,No,40.732722,-74.004619,950,179.938,,507.054571585825,0.0,507.054571585825,False,
6262562,Not Applicable: Standalone Property,123 Bank Street,123 Bank Street,10014,1006350042,2024,1930,1,100,Multifamily Housing,37064.0,,49.0,287855.5,,26864.0,,,,27.2,27.5,,114.46,No,40.736296,-74.007643,665,287.8555,,7.87306038259838,0.0,7.87306038259838,False,
6282388,Not Applicable: Standalone Property,ABC: 155 Perry St,155 Perry St,10014,1006377501,2024,1913,1,100,Multifamily Housing,52118.0,,32.0,427628.4,,709945.0,,,,41.6,43.0,1451.1,205.63,No,40.734764,-74.008848,862,427.6284,,208.0643185424288,0.0,208.0643185424288,False,
6282389,Not Applicable: Standalone Property,ABC: 165 Perry St,165 Perry St,10014,1006370077,2024,1911,1,100,Multifamily Housing,42533.0,,22.0,171643.3,,1512149.0,,,,49.3,51.0,1024.1,147.72,Yes,40.734687,-74.009403,877,171.64329999999998,,443.1670780407146,0.0,443.1670780407146,False,
6282403,Not Applicable: Standalone Property,ABC: 427 WEST STREET,427 WEST STREET,10014,1006380001,2024,1930,1,100,Multifamily Housing,74638.0,,38.0,375378.9,,2089578.0,,,,45.2,47.2,1215.6,258.39,No,40.735412,-74.010082,835,375.37890000000004,,612.3947948238965,0.0,612.3947948238965,False,
6282457,Not Applicable: Standalone Property,Andrews: 140 Perry Street,140 Perry Street,10014,1006327502,2024,1910,1,100,Multifamily Housing,31667.0,,8.0,120459.3,,954603.0,,,,43.1,44.4,178.8,98.01,No,40.734877,-74.007877,844,120.4593,,279.7664927192362,0.0,279.7664927192362,False,
6282579,Not Applicable: Standalone Property,David Ellis: 669 Hudson St,669 Hudson St,10014,1006290001,2024,1910,1,100,Multifamily Housing,31351.0,,10.0,737507.7,,2558155.0,,,,161.9,162.0,,425.48,Yes,40.74015,-74.005276,221,737.5077,,749.7211429067138,0.0,749.7211429067138,False,
6282832,Not Applicable: Standalone Property,Parkland: 97 Charles St,"97 Charles St,",10014,1006210027,2024,1910,1,100,Parking,27316.0,,,84567.7,,,,,,10.6,10.9,45.2,33.21,No,40.734578,-74.005333,743,84.5677,,,0.0,0.0,False,
6293352,Not Applicable: Standalone Property,345 West 13th Street,345 W. 13TH ST.,10014,1006297503,2024,1920,1,100,Multifamily Housing,150000.0,,42.0,1355130.9,,3037300.9,,,,51.1,52.7,,693.46,Yes,40.739889,-74.004947,190,1355.1308999999999,,890.1449294900389,0.0,890.1449294900389,False,
6309298,Not Applicable: Standalone Property,100 Bank Street,760 Greenwich Street,10014,1006340023,2024,1956,1,100,Multifamily Housing,45426.0,,55.0,226821.6,,2302519.9,,,,67.7,69.7,1507.3,211.37,No,40.736052,-74.006726,655,226.82160000000002,,674.8018986314169,0.0,674.8018986314169,False,
6333435,Not Applicable: Standalone Property,Eagle Point - 259 West 10th Street,259 West 10th Street,10014,1006310030,2024,1979,1,90,Multifamily Housing,51300.0,,53.0,451623.1,,1801349.0,,,,65.2,67.4,563.2,273.02,No,40.733661,-74.006917,900,451.62309999999997,,527.9232224215757,0.0,527.9232224215757,False,
6382098,Not Applicable: Standalone Property,129 West Washington Place,129 West Washington Place,10014,1005920082,2024,1924,1,100,Multifamily Housing,38214.0,,52.0,161930.2,,2465512.2,,,,79.0,82.0,1274.7,194.54,No,40.733022,-74.001916,922,161.9302,,722.5702212862185,0.0,722.5702212862185,False,
6382100,Not Applicable: Standalone Property,190 Waverly Place,190 Waverly Place,10014,1006110027,2024,1926,1,100,Multifamily Housing,25075.0,,30.0,89901.3,,1186981.0,,,,59.6,62.0,893.4,98.35,No,40.734638,-74.001443,755,89.9013,,347.8697545412823,0.0,347.8697545412823,False,
6382110,Not Applicable: Standalone Property,304 West 14th Street,304 West 14th Street,10014,1006290029,2024,1905,1,100,Multifamily Housing,38376.0,,66.0,363282.3,,3955551.1,,,,135.4,138.6,,352.75,No,40.739867,-74.002818,174,363.28229999999996,,1159.2574693550268,0.0,1159.2574693550268,False,
6382117,Not Applicable: Standalone Property,317 Bleecker Street,317 Bleecker Street,10014,1005910040,2024,1900,1,100,Multifamily Housing,43128.0,,46.0,537354.2,,2367087.0,,,,97.4,97.3,,336.73,No,40.732989,-74.004012,914,537.3542,,693.7246456917678,0.0,693.7246456917678,False,
6405424,Not Applicable: Standalone Property,Rapoport: 55 Perry St,55 Perry St,10014,1006220056,2024,1930,1,100,Multifamily Housing,36700.0,,72.0,162270.7,,2864584.3,,,,93.1,96.3,1692.7,215.87,No,40.735514,-74.003565,629,162.2707,,839.5266961339827,0.0,839.5266961339827,False,
6447087,Not Applicable: Standalone Property,275 West 10th Street Condominium (275 West 10th),275 West 10th,10014,1006317503,2024,1897,1,95,Multifamily Housing,136761.0,,60.0,1136715.5,,2794394.0,,,,48.8,50.0,2161.3,594.79,No,,,954,1136.7155,,818.9559520090313,0.0,818.9559520090313,False,
6457845,Not Applicable: Standalone Property,1 Jane Street AKA 115 Greenwich Avenue,1 Jane Street AKA 115 Greenwich Avenue,10014,1006160027,2024,1927,1,100,Multifamily Housing,25992.0,,37.0,130975.4,,41503.0,,,,18.8,18.9,628.4,53.64,No,40.738138,-74.002306,347,130.9754,,12.163327317561814,0.0,12.163327317561814,False,
6457924,Not Applicable: Standalone Property,201 West 11th Street,201 West 11th Street,10014,1006140061,2024,1920,1,100,Multifamily Housing,38478.0,,42.0,386549.2,,2986378.1,0.0,,,111.9,,2421.1,310.41,Yes,40.736496,-74.001371,538,386.5492,,875.2209316024949,0.0,875.2209316024949,False,
6571032,Not Applicable: Standalone Property,450 W. 14th Street,450 W. 14th Street,10014,1006467502,2024,1934,1,100,Office,103870.0,,,1392950.9,,2474468.9,,,,69.6,71.2,,678.41,Yes,40.74184,-74.007503,391,1392.9508999999998,,725.1951706581965,0.0,725.1951706581965,False,
6600362,Not Applicable: Standalone Property,M. MEILMAN: 421 W 13TH ST,421 W 13th St,10014,1006460057,2024,1904,1,100,Manufacturing/Industrial Plant,48175.0,,,450355.2,,1224787.9,,,,57.3,59.8,,241.9,No,40.740668,-74.00681,319,450.3552,,358.9498619928479,0.0,358.9498619928479,False,
6626322,Not Applicable: Standalone Property,92 Horatio Street,92 HORATIO ST.,10014,1006420042,2024,1920,1,100,Multifamily Housing,53262.0,,68.0,216483.9,,86954.0,2673888.0,,,65.7,67.3,1737.9,288.04,No,40.73875,-74.007766,503,216.4839,,25.48369909575862,783.6391334241073,809.1228325198659,False,
6667538,Not Applicable: Standalone Property,AKAM - 9 Barrow Street,5 Barrow Street,10014,1005907502,2024,1930,1,100,Multifamily Housing,97940.0,,86.0,847862.0,,2758699.0,,,,57.7,58.6,,479.46,Yes,40.732736,-74.002392,977,847.862,,808.4947812840146,0.0,808.4947812840146,False,
6667548,Not Applicable: Standalone Property,AKAM WVH - 690 Washington Street,690 Washington Street,10014,1006370030,2024,1974,2,100,Multifamily Housing,37996.0,,21.0,485985.1,,,,,,43.6,44.7,,190.84,Yes,40.734353,-74.008483,916,485.9851,,,0.0,0.0,False,
6682121,Not Applicable: Standalone Property,359 West 11th Street,359 West 11th Street,10014,1006387502,2024,1999,1,100,Multifamily Housing,31455.0,,18.0,241128.1,,1784955.0,,,,82.9,84.6,712.9,189.49,Yes,40.735431,-74.009017,808,241.12810000000002,,523.1186158137616,0.0,523.1186158137616,False,
6682172,Not Applicable: Standalone Property,495 West Street,495 West Street,10014,1006417502,2024,1998,1,100,Multifamily Housing,36104.0,,9.0,285971.4,,1132693.0,,,,58.4,60.8,,172.46,No,40.737857,-74.009941,659,285.9714,,331.95951399443516,0.0,331.95951399443516,False,
6682900,Not Applicable: Standalone Property,Garage: 160 W 10th St,160 W 10th St,10014,1006100017,2024,1900,1,100,Parking,38520.0,,,99285.9,,,,,,8.8,8.9,30.0,38.99,No,40.734416,-74.001801,802,99.2859,,,0.0,0.0,False,
6687351,Not Applicable: Standalone Property,Halstead - 166 Perry Street,166 PERRY STREET,10014,1006377508,2024,1905,1,100,Multifamily Housing,55960.0,,58.0,567372.9,,2513213.0,,,,79.5,81.9,65.8,356.28,No,40.734668,-74.009414,925,567.3729000000001,,736.5499442871956,0.0,736.5499442871956,False,
6690206,Not Applicable: Standalone Property,290 West 12th Street,290 West 12th Street,10014,1006240044,2024,1965,1,100,Multifamily Housing,26694.0,,40.0,144989.0,,2967195.9,,,,129.7,132.3,1001.6,214.54,No,40.737537,-74.004193,458,144.989,,869.5991843246852,0.0,869.5991843246852,False,
6692943,Not Applicable: Standalone Property,80 GROVE STREET,80 GROVE STREET,10014,1005920040,2024,1929,1,100,Multifamily Housing,47808.0,,75.0,425650.9,,,,,,,,3979.6,,No,40.733414,-74.002428,898,425.65090000000004,,,0.0,0.0,False,
6693942,Not Applicable: Standalone Property,TKR - 35 Bethune Street,33 Bethune Street,10014,1006357501,2024,1930,1,100,Multifamily Housing,42926.0,,23.0,332667.4,,647954.0,,,,41.5,42.3,607.4,165.05,Yes,40.736952,-74.007513,632,332.66740000000004,,189.89655178477332,0.0,189.89655178477332,False,
6699313,Not Applicable: Standalone Property,William Gottlieb Management,9 9th Avenue,10014,1006450049,2024,1920,1,100,Retail Store,58659.0,,,2077828.7,,920842.9,,,,136.6,138.9,,864.83,Yes,40.73973,-74.006272,318,2077.8287,,269.8723851469253,0.0,269.8723851469253,False,
6701357,Not Applicable: Standalone Property,715 Washington Street AKA 340 West 11th Street,715 Washington Street AKA 340 West 11th Street,10014,1006330006,2024,1900,1,100,Multifamily Housing,25281.0,,45.0,285078.0,,418198.0,,,,55.0,55.8,,134.16,No,40.735363,-74.008371,787,285.078,,122.56172222609727,0.0,122.56172222609727,False,
6701561,Not Applicable: Standalone Property,JC Dwight - 15 ABINGDON SQUARE,8 8 AVENUE,10014,1006240031,2024,1930,1,100,Multifamily Housing,35136.0,,49.19,113401.6,,1643214.1,,,,57.8,59.8,1471.7,131.81,Yes,40.73713,-74.005258,492,113.4016,,481.57846302996774,0.0,481.57846302996774,False,
6787440,Not Applicable: Standalone Property,Marbrose: 50 Bank St.,59 Bank Street,10014,1006247502,2024,1983,1,100,Multifamily Housing,29369.0,,15.0,50930.1,,961793.0,,,,38.7,40.1,,71.08,Yes,40.736771,-74.004251,508,50.930099999999996,,281.87367348721125,0.0,281.87367348721125,False,
6811135,Not Applicable: Standalone Property,Century - 147 Waverly Place,147 WAVERLY PLACE,10014,1005937502,2024,1950,1,100,Multifamily Housing,47708.0,,18.0,526163.8,,1122832.0,,,,61.2,63.2,1103.4,266.25,No,40.733345,-74.000898,894,526.1638,,329.06954048219563,0.0,329.06954048219563,False,
6811996,Not Applicable: Standalone Property,385 West 12th Street,385 W. 12TH ST.,10014,1006417503,2024,2007,1,100,Multifamily Housing,46041.0,,12.0,517724.2,,1247322.0,,,,65.5,65.4,1234.1,269.55,No,40.737567,-74.008899,624,517.7242,,365.55395408514653,0.0,365.55395408514653,False,
6812013,Not Applicable: Standalone Property,397 West 12th Street,397 W. 12TH ST.,10014,1006417504,2024,2007,1,100,Multifamily Housing,27978.0,,5.0,532301.5,,1720077.0,,,,126.4,128.9,800.9,300.38,No,40.737572,-74.00935,644,532.3015,,504.1047529674908,0.0,504.1047529674908,False,
6814882,Not Applicable: Standalone Property,350 West 14th Street,350 West 14Th Street,10014,1006297502,2024,1987,1,100,Multifamily Housing,42591.0,,43.0,647373.8,,2028811.9,,,,99.5,100.5,,361.97,Yes,40.740391,-74.004056,176,647.3738000000001,,594.5860107814974,0.0,594.5860107814974,False,
6898232,Not Applicable: Standalone Property,65 Bank Street,65 Bank Street,10014,1006240060,2024,1910,1,100,Multifamily Housing,25614.0,,35.0,79867.0,,1338649.0,,,,62.9,65.5,833.1,102.46,No,40.736746,-74.004428,503,79.867,,392.3192528329712,0.0,392.3192528329712,False,
7059087,Not Applicable: Standalone Property,Leor Management - 10 Christopher st,10 Christopher st,10014,1005937501,2024,1940,1,100,Multifamily Housing,25562.0,,31.0,123373.7,,600295.0,,,,40.0,40.5,781.7,80.33,No,40.733733,-74.000256,881,123.3737,,175.92907915321229,0.0,175.92907915321229,False,
7566203,Not Applicable: Standalone Property,99 Jane Street Condominium (99 Jane Street),99 Jane Street,10014,1006427502,2024,1997,1,90,Multifamily Housing,154498.0,,84.0,1152399.2,,5674087.0,,,,62.2,63.1,5171.3,753.9,Yes,40.738151,-74.008462,558,1152.3992,,1662.9105705448367,0.0,1662.9105705448367,False,
7968700,Not Applicable: Standalone Property,"The Ruth Associates, LLC - 344 W 14",344 West 14th Street,10014,1006290013,2024,1910,1,100,Office,25100.0,,,252773.0,,951426.0,,,,72.3,72.9,,149.79,No,40.74035,-74.003962,167,252.773,,278.8354060294091,0.0,278.8354060294091,False,
9948014,Not Applicable: Standalone Property,Gershon: 110 Bank St,110 Bank St,10014,1006340016,2024,1957,1,100,Multifamily Housing,45216.0,,60.0,164936.7,,89339.0,,,,14.4,14.5,,69.51,Yes,40.736345,-74.007184,676,164.9367,,26.182673522965928,0.0,26.182673522965928,False,
10063228,Not Applicable: Standalone Property,Andrews: 166 Bank St,166 Bank Street,10014,1006380004,2024,1920,1,100,Multifamily Housing,67410.0,,30.0,306921.9,,1828643.0,,,,42.7,43.9,1434.0,217.65,No,40.736043,-74.009523,823,306.92190000000005,,535.9223033507984,0.0,535.9223033507984,False,
10656758,10656737,330 Bleecker Street AKA 95 Christopher Street,95 Christopher Street,10014,1006190033,2024,1930,1,100,Multifamily Housing,130647.0,,200.0,763348.5,,189210.0,,,,21.4,21.4,,309.8,No,40.733376,-74.004442,882,763.3485,,55.45197122511314,0.0,55.45197122511314,False,
10819672,10656737,93 Christopher Street,93 Christopher Street,10014,1006190050,2024,1905,1,100,Multifamily Housing,3705.0,,4.0,,,,,,,,,,,Not Available,40.733436,-74.004052,872,,,,0.0,0.0,False,
10868316,Not Applicable: Standalone Property,132 Perry Street,132 PERRY ST.,10014,1006327503,2024,1990,1,100,Multifamily Housing,45681.0,,9.0,411465.4,,1644542.0,,,,66.7,69.1,2227.7,248.92,No,40.734923,-74.007538,830,411.46540000000005,,481.9676320622061,0.0,481.9676320622061,False,
11922380,Not Applicable: Standalone Property,MacArthur - 411-417 West 13th Street,411-417 West 13th Street,10014,1006467501,2024,1900,1,100,Office,92379.0,,,1560066.2,,1017702.0,,,,68.6,69.4,,666.66,No,40.74052,-74.006456,283,1560.0662,,298.2589821877284,0.0,298.2589821877284,False,
11985530,Not Applicable: Standalone Property,DEPM 1042 - 130 Jane Street,124 Jane Street,10014,1006410010,2024,1930,1,100,Multifamily Housing,54634.0,,50.0,430607.9,,1839345.9,,,,60.6,62.9,,266.79,No,40.738137,-74.008953,608,430.60790000000003,,539.0590133704869,0.0,539.0590133704869,False,
11986512,Not Applicable: Standalone Property,The Jane Hotel - 113 Jane Street,113 Jane Street,10014,1006420001,2024,1908,1,100,Hotel,43618.0,,,353293.5,,369903.0,,,,36.1,36.1,,158.38,Yes,40.738154,-74.009025,618,353.2935,,108.40785641394761,0.0,108.40785641394761,False,
12735191,Not Applicable: Standalone Property,0152-Meatpacking,9-19 9th Ave,10014,1006450049,2024,2018,1,100,Retail Store,77862.0,,,2073139.0,,1798200.1,,,,113.9,114.7,0.0,909.59,No,40.73973,-74.006272,318,2073.139,,527.000371027935,0.0,527.000371027935,False,
14365277,Not Applicable: Standalone Property,350 Bleecker Street,350 Bleecker Street,10014,1006200019,2024,1962,1,100,Multifamily Housing,92000.0,,126.0,596148.9,,4679649.3,,,,73.0,75.0,2383.3,482.65,No,40.734106,-74.004601,799,596.1489,,1371.4696809218374,0.0,1371.4696809218374,False,
14933113,Not Applicable: Standalone Property,360 West 11th Street,360 West 11th Street,10014,1006377507,2024,1922,1,100,Multifamily Housing,47224.0,,5.0,421525.2,,2380286.2,,,,80.9,82.5,,291.95,No,40.735398,-74.00914,841,421.5252,,697.5929489452667,0.0,697.5929489452667,False,
15314590,Not Applicable: Standalone Property,45 Christopher Street,45 Christopher Street,10014,1006107501,2024,1931,1,100,Multifamily Housing,106800.0,,112.0,645217.5,,217602.0,5048868.2,2657345.9,,94.8,98.7,4774.3,839.62,Yes,40.733757,-74.001894,831,645.2175,,63.77284415478606,2258.468170433704,2322.24101458849,False,
15497673,Not Applicable: Standalone Property,68 Jane Street,68 Jane Street,10014,1006410052,2024,1900,1,100,Multifamily Housing,33380.0,,14.0,130375.7,,1801875.2,,,,67.3,70.3,858.6,146.9,Yes,40.738132,-74.006723,476,130.3757,,528.0774364021192,0.0,528.0774364021192,False,
15503670,Not Applicable: Standalone Property,GPG - 1 Christopher Street,1 CHRISTOPHER STREET,10014,1006100060,2024,1931,1,100,Multifamily Housing,102354.0,,125.0,741422.1,,6990927.6,,,,93.0,96.6,5571.8,662.46,No,40.734065,-73.999762,841,741.4221,,2048.8384129382657,0.0,2048.8384129382657,False,
15557119,15557119,Superior - 335+337 Campus,335-337 West 14th Street,10014,1007380015;1007380014,2024,1900,2,100,Multifamily Housing,57142.0,,56.0,297540.2,,2730898.3,,,,65.6,67.7,4739.3,261.89,Yes,40.740471,-74.004204,99,297.5402,,800.3472012595021,0.0,800.3472012595021,False,
15557120,15557119,Superior - 335 West 14th Street - Child Property,335 West 14th Street,10014,1007380015,2024,1900,1,100,Multifamily Housing,28321.0,,28.0,103222.3,,2005318.3,,,,83.2,87.3,1266.7,147.04,No,40.740471,-74.004204,99,103.2223,,587.7007170276032,0.0,587.7007170276032,True,
15557215,15557119,Superior - 337 West 14th Street - Child Property,337 West 14th Street,10014,1007380014,2024,1900,1,95,Multifamily Housing,28821.0,,28.0,194317.8,,725580.0,,,,48.2,48.3,3472.7,114.84,Yes,40.740495,-74.004265,103,194.31779999999998,,212.6464842318989,0.0,212.6464842318989,True,
15568359,Not Applicable: Standalone Property,AKAM WVH - 352 West 11th Street,352 West 11th Street,10014,1006370066,2024,1974,5,100,Multifamily Housing,59820.0,,72.0,658549.4,,,,,,37.6,38.7,,258.6,No,40.735437,-74.008841,832,658.5494,,,0.0,0.0,False,
15620940,Not Applicable: Standalone Property,Left Bank Apartment Corporation (99 Bank Street),99 Bank Street,10014,1006240001,2024,1939,1,100,Multifamily Housing,110177.0,,114.0,1524231.9,,8339227.7,,,,122.9,125.7,,1041.47,No,40.736458,-74.006502,576,1524.2319,,2443.9861236724614,0.0,2443.9861236724614,False,
15745500,Not Applicable: Standalone Property,Cornerstone: 300 W 14,300 W 14th St,10014,1006297504,2024,1920,1,100,Multifamily Housing,36024.0,,11.0,648300.1,,0.0,,,,61.4,62.1,1278.4,254.57,No,40.739782,-74.002616,189,648.3000999999999,,0.0,0.0,0.0,False,
15988908,Not Applicable: Standalone Property,875 Washington Street,875 Washington Street,10014,1006460027,2024,1887,1,100,Office,53658.0,,,1098534.4,,0.0,,,,69.9,72.2,348.6,431.37,Yes,40.741483,-74.007066,325,1098.5344,,0.0,0.0,0.0,False,
20462032,Not Applicable: Standalone Property,Abington Court Owners Corp,75 Bank Street,10014,1006247504,2024,1938,1,100,Multifamily Housing,79065.0,,88.0,265463.1,,3186185.7,,,,51.8,52.3,3800.1,273.47,No,40.736705,-74.00472,522,265.4631,,933.7787524669255,0.0,933.7787524669255,False,
21205312,Not Applicable: Standalone Property,Halstead - 140 Charles Street,677 WASHINGTON STREET,10014,1006317502,2024,1987,1,100,Multifamily Housing,87089.0,,73.0,697591.4,,6349901.2,,,,100.2,103.5,,611.2,No,40.733806,-74.008505,923,697.5914,,1860.9721400809228,0.0,1860.9721400809228,False,
21355407,Not Applicable: Standalone Property,NYPD_4451_6th Precinct,233 West 10th St,10014,1006200033,2024,1969,1,100,Police Station,30489.0,,,398360.0,,2439305.2,,,,124.6,130.6,,285.99,No,40.733889,-74.005394,815,398.36,,714.8897085760207,0.0,714.8897085760207,False,
21355567,Not Applicable: Standalone Property,DPR_9495_High Line Maintenance and Operations Building,820 Washington St,10014,1006440010,2024,2013,1,100,Office,24641.0,,,746372.8,,699536.0,,,,131.7,134.9,,330.24,Yes,40.739587,-74.008036,474,746.3728000000001,,205.01374210100283,0.0,205.01374210100283,False,
21739389,Not Applicable: Standalone Property,11-17 Jane Street,11-17 Jane Street,10014,1006167502,2024,2018,1,100,Multifamily Housing,40253.0,,7.0,394247.7,,503184.0,,,,47.8,,,187.34,No,40.738141,-74.002735,339,394.2477,,147.46865751777037,0.0,147.46865751777037,False,
23758471,Not Applicable: Standalone Property,Stonehenge - 780 Greenwich Street,772 Greenwich Street,10014,1006350026,2024,1950,1,100,Multifamily Housing,87207.0,,90.0,258033.8,,3418779.3,,,,49.3,51.0,3621.7,282.91,No,40.736513,-74.006614,602,258.0338,,1001.9452004049069,0.0,1001.9452004049069,False,
23945840,Not Applicable: Standalone Property,St. Luke's School at 657 Greenwich St,657 Greenwich Street,10014,1006057501,2024,1955,1,100,K-12 School,61955.0,,,487992.5,,2519626.0,,,,67.5,67.8,908.1,325.45,No,40.73225,-74.007675,995,487.9925,,738.4294088581308,0.0,738.4294088581308,False,
23955121,Not Applicable: Standalone Property,Gansevoort Meat Market,555 West St,10014,1006440001,2024,1949,1,100,Manufacturing/Industrial Plant,77923.0,,,1205862.5,,1173128.0,,,,67.9,68.1,1710.6,535.83,No,40.740007,-74.009299,472,1205.8625,,343.80984144270667,0.0,343.80984144270667,False,
24317571,Not Applicable: Standalone Property,15 Charles at Waverly Place Condominium (15 Charles Street),15 Charles Street,10014,1006127504,2024,1964,1,90,Multifamily Housing,118865.0,,122.0,792674.3,,13562805.4,,,,136.9,138.5,6787.0,1031.65,No,40.735209,-74.001086,685,792.6743,,3974.865465739703,0.0,3974.865465739703,False,
24896802,Not Applicable: Standalone Property,125 Christopher Street,125 Christopher Street,10014,1006190001,2024,1948,1,100,Multifamily Housing,37721.0,,47.0,316030.7,,1920792.0,,,,79.5,79.6,,226.12,No,40.733142,-74.005943,928,316.0307,,562.9285064924028,0.0,562.9285064924028,False,
26533119,Not Applicable: Standalone Property,AKAM - 270 West 11th Street,270 West 11th Street,10014,1006220041,2024,1915,1,100,Multifamily Housing,29725.0,,48.0,112012.5,,1926027.9,,,,77.7,81.0,1074.8,146.28,Yes,40.736063,-74.004326,615,112.0125,,564.4629971437297,0.0,564.4629971437297,False,
26618023,Not Applicable: Standalone Property,40 10th Avenue,40 10th Avenue,10014,1006460001,2024,2017,1,100,Office,145162.0,,,4303398.8,,5537523.7,,,,139.4,,3595.1,1984.75,Yes,40.741827,-74.007975,417,4303.3988,,1622.887822370816,0.0,1622.887822370816,False,
26618193,Not Applicable: Standalone Property,405 West 13th Street,405 West 13th Street,10014,1006460049,2024,1911,1,95,Office,47343.0,,,0.0,,0.0,,,,0.0,0.0,148.1,0.0,No,40.740432,-74.006243,273,0.0,,0.0,0.0,0.0,False,
26619467,Not Applicable: Standalone Property,675 Hudson Street,675 Hudson Street,10014,1006290001,2024,1910,1,45,Office,43540.0,,,737507.7,,2558155.0,,,,116.5,116.7,,425.48,Yes,40.740366,-74.005233,221,737.5077,,749.7211429067138,0.0,749.7211429067138,False,
26619471,Not Applicable: Standalone Property,809 Washington Street,809 Washington Street,10014,1006430043,2024,1920,1,100,Office,81360.0,,,1244767.8,,0.0,,,,52.2,52.2,,488.79,Yes,40.739159,-74.008058,440,1244.7678,,0.0,0.0,0.0,False,
26632680,Not Applicable: Standalone Property,860 Washington Street,860 Washington Street,10014,1006460019,2024,2016,1,100,Office,115183.0,,,2459759.3,,2846723.0,,,,97.6,99.1,,1117.1,Yes,40.74105,-74.007412,377,2459.7592999999997,,834.2920663911409,0.0,834.2920663911409,False,
26680747,26680747,22 Little West 12th Street Partners LLC,63 Gansevoort Street,10014,1006440043,2024,1908,3,100,Office,64683.0,,,1777806.1,,5962911.9,,,,186.0,186.6,,1014.82,No,40.739397,-74.007282,392,1777.8061,,1747.556783979096,0.0,1747.556783979096,False,
30930844,Not Applicable: Standalone Property,54 - Notre Dame School,327 W 13th St,10014,1006290055,2024,1946,1,100,K-12 School,38387.0,,,160598.5,,1407811.8,,,,50.9,53.7,387.5,137.84,No,40.73965,-74.004384,194,160.5985,,412.5888664656981,0.0,412.5888664656981,False,
31977411,Not Applicable: Standalone Property,155 Perry Street,155 Perry Street,10014,1006377501,2024,1913,1,100,Multifamily Housing,48708.0,,36.0,427628.4,,709945.0,,,,44.5,46.1,1451.1,205.63,No,40.734764,-74.008848,862,427.6284,,208.0643185424288,0.0,208.0643185424288,False,
31977680,Not Applicable: Standalone Property,165 Perry Street,165 Perry Street,10014,1006370077,2024,1911,1,100,Multifamily Housing,39750.0,,22.0,171643.3,,1512149.0,,,,52.8,54.6,1024.1,147.72,Yes,40.734687,-74.009403,877,171.64329999999998,,443.1670780407146,0.0,443.1670780407146,False,
31978303,Not Applicable: Standalone Property,377 West 11th Street,377 West 11th Street,10014,1006380001,2024,1930,1,100,Multifamily Housing,69755.0,,38.0,375378.9,,2089578.0,,,,48.3,50.5,1215.6,258.39,No,40.735354,-74.009616,835,375.37890000000004,,612.3947948238965,0.0,612.3947948238965,False,
33375891,33375891,278 West 10 Street,278 West 10 Street,10014,1006300012,2024,2003,3,100,K-12 School,79771.0,,,775528.1,,1843504.0,,,,56.3,57.8,802.7,402.45,No,40.733439,-74.008248,979,775.5281,,540.2776320563447,0.0,540.2776320563447,False,
33541056,Not Applicable: Standalone Property,"Halstead - 247 West 12th Street NY, NY 10014",245 WEST 12 STREET,10014,1006150086,2024,1911,1,100,Multifamily Housing,57990.0,,24.0,410931.3,,1084128.0,,,,42.9,43.7,,218.95,Yes,40.737638,-74.002493,389,410.93129999999996,,317.72651900184695,0.0,317.72651900184695,False,
33545328,Not Applicable: Standalone Property,"Halstead - 341 West 11th St, NY, NY 10014",337 WEST 11 STREET,10014,1006340047,2024,1905,1,100,Multifamily Housing,53490.0,,62.0,376274.1,,2038724.9,,,,62.1,64.0,758.8,256.04,No,40.735588,-74.007845,749,376.2741,,597.4912239877473,0.0,597.4912239877473,False,
33869332,Not Applicable: Standalone Property,302 WEST 12 STREET,302 WEST 12 STREET,10014,1006247503,2024,1910,1,100,Multifamily Housing,160266.0,,192.32,679654.8,,69326.0,,,,14.9,15.0,3839.0,270.57,No,40.737539,-74.004561,467,679.6548,,20.317442826236423,0.0,20.317442826236423,False,
33946658,Not Applicable: Standalone Property,115 7th Ave South,115 7th Ave South,10014,1006100016,2024,1923,1,100,Multifamily Housing,31563.0,,9.0,578334.6,,816352.0,,,,88.4,88.4,1320.3,270.46,Yes,40.733936,-74.002605,811,578.3346,,239.24912855326656,0.0,239.24912855326656,False,
33999155,Not Applicable: Standalone Property,111 Charles Street,111 Charles Street,10014,1006210001,2024,2022,1,60,Multifamily Housing,38332.0,,19.0,464941.9,,251860.0,,,,48.0,48.0,,195.95,No,40.734482,-74.005972,774,464.94190000000003,,73.81287179724643,0.0,73.81287179724643,False,
34002978,Not Applicable: Standalone Property,295 West 11th Street,295 W. 11TH ST.,10014,1006237501,2024,1926,1,100,Multifamily Housing,37700.0,,60.0,181157.0,,78259.0,2953613.9,,,96.8,97.8,1303.0,294.46,Yes,40.735903,-74.005604,620,181.157,,22.93544641459822,865.6186934775868,888.554139892185,False,
34146013,34146013,West Perry Condominium,176 Perry Street,10014,1006377504,2024,2001,2,95,Multifamily Housing,109509.0,,126.65,1870707.0,,2573030.1,,,,81.8,82.2,,871.25,No,40.734621,-74.009742,947,1870.707,,754.0806039139052,0.0,754.0806039139052,False,
35163166,Not Applicable: Standalone Property,29 Charles Street,29 Charles Street,10014,1006120033,2024,1914,1,100,Multifamily Housing,27108.0,,32.53,111169.2,,1708739.9,,,,77.0,80.0,1021.1,134.41,No,40.735031,-74.002288,689,111.1692,,500.7821772950833,0.0,500.7821772950833,False,
35424874,26680747,Office,63 Gansevoort Street,10014,1006440043,2024,1908,1,100,Office,25963.0,,,1777806.1,,5962911.9,,,,463.3,464.9,,1014.82,No,40.739397,-74.007282,392,1777.8061,,1747.556783979096,0.0,1747.556783979096,True,
35424875,26680747,Restaurant,63 Gansevoort Street,10014,1006440043,2024,1908,1,100,Restaurant,25783.0,,,,,,,,,,,,,Not Available,40.739397,-74.007282,392,,,,0.0,0.0,True,
35424877,26680747,Restaurant/Bar,63 Gansevoort Street,10014,1006440043,2024,1908,1,100,Other - Restaurant/Bar,12937.0,,,,,,,,,,,,,Not Available,40.739397,-74.007282,392,,,,0.0,0.0,True,
35868829,Not Applicable: Standalone Property,2 Gansevoort,2 Gansevoort,10014,1006270043,2024,1912,1,85,Office,241313.0,,,1853517.7,,1315163.8,,,,31.7,31.9,,797.69,No,,,266,1853.5176999999999,,385.4364208758018,0.0,385.4364208758018,False,
36311824,Not Applicable: Standalone Property,Wallack - 3 Sheridan Square,3 SHERIDAN SQUARE,10014,1005910026,2024,1958,1,100,Multifamily Housing,158482.0,,160.0,1470328.3,0.0,6764138.7,,,,74.3,74.9,4450.2,936.64,No,40.732917,-74.002201,947,1470.3283000000001,0.0,1982.373154458402,0.0,1982.373154458402,False,
44141597,44312692,Rockrose - 108 Horatio Street,108 Horatio Street,10014,1006420012,2024,1900,1,90,Multifamily Housing,26250.0,,33.0,466907.2,,5259264.2,,,,261.0,263.8,,462.69,Yes,40.738739,-74.008816,577,466.9072,,1541.3380216884293,0.0,1541.3380216884293,True,
44143093,Not Applicable: Standalone Property,Rockrose - 100 Jane Street,100 Jane Street,10014,1006410017,2024,1996,1,90,Multifamily Housing,123646.0,,148.0,868903.9,,6503881.1,,,,76.6,78.8,4058.9,686.65,Yes,40.738135,-74.008379,591,868.9039,,1906.0991893068929,0.0,1906.0991893068929,False,
44143393,44312692,Rockrose - 110 Horatio Street,110 Horatio Street,10014,1006420004,2024,1900,1,90,Multifamily Housing,85030.0,,121.0,497100.6,,21715.0,,,,20.2,20.6,3532.8,196.35,No,40.738739,-74.008899,602,497.1006,,6.364037604531113,0.0,6.364037604531113,True,
44312692,44312692,Rockrose - 108-110 Horatio Street,108-110 Horatio Street,10014,1006420012;1006420004,2024,1900,2,80,Multifamily Housing,111280.0,,154.0,964007.8,,5280979.2,,,,77.0,77.9,3532.8,659.04,Yes,40.738739,-74.008816,577,964.0078000000001,,1547.7020592929605,0.0,1547.7020592929605,False,
44408194,Not Applicable: Standalone Property,JM - 131 Perry Street,131 Perry Street,10014,1006330028,2024,1950,1,90,Multifamily Housing,33250.0,,14.0,149755.4,,1127290.0,,,,49.3,51.4,680.0,118.68,No,40.734943,-74.007516,788,149.75539999999998,,330.37605117254793,0.0,330.37605117254793,False,
47971592,Not Applicable: Standalone Property,440 West 15th Street,440 West 15th Street,10014,1007120011,2024,1900,1,100,Performing Arts,46394.0,,,336191.3,,622668.0,,,,38.1,38.6,,165.09,No,40.742337,-74.006539,318,336.1913,,182.48595750118255,0.0,182.48595750118255,False,
48590894,48590894,300 West 14th Street,79 8 Avenue,10014,1006297504,2024,1907,2,100,Multifamily Housing,47229.0,,11.0,648510.3,,357315.0,,,,54.4,54.9,1278.4,273.63,No,40.739702,-74.002573,189,648.5103,,104.7186781792786,0.0,104.7186781792786,False,
49370795,Not Applicable: Standalone Property,275 West 10th Street,275 W. 10TH ST.,10014,1006317503,2024,1895,1,100,Multifamily Housing,133425.0,,160.11,1128611.2,,2791464.7,,,,49.8,50.9,2161.3,591.45,No,40.733504,-74.007949,954,1128.6112,,818.0974590154807,0.0,818.0974590154807,False,
50719194,33375891,278 West 10 Street - 1080228,278 West 10 Street,10014,1006300012,2024,2003,1,80,K-12 School,26590.0,,,,,,,,,,,,,Not Available,40.733439,-74.008248,979,,,,0.0,0.0,True,
50719293,33375891,278 West 10 Street - 1011727,278 West 10 Street,10014,1006300012,2024,2003,1,80,K-12 School,26590.0,,,,,,,,,,,,,Not Available,40.733439,-74.008248,979,,,,0.0,0.0,True,
50719294,33375891,278 West 10 Street - 1080229,278 West 10 Street,10014,1006300012,2024,2003,1,80,K-12 School,26591.0,,,,,,,,,,,,,Not Available,40.733439,-74.008248,979,,,,0.0,0.0,True,
52484292,Not Applicable: Standalone Property,416 WEST 13 STREET,416 WEST 13 STREET,10014,1006450029,2024,1902,1,85,Office,144001.0,,,972506.5,,3890455.8,345013.8,,,52.5,54.7,758.8,614.12,No,40.740569,-74.006615,352,972.5065,,1140.179922172055,101.11355271849764,1241.2934748905527,False,
52523993,Not Applicable: Standalone Property,420 West 14th Street,420 W. 14Th Street,10014,1006460030,2024,1900,1,100,Office,28440.0,,,293383.7,,468637.0,,,,51.7,53.2,1181.0,140.1,No,40.741335,-74.006304,297,293.38370000000003,,137.34393234513686,0.0,137.34393234513686,False,
52667993,Not Applicable: Standalone Property,MQ Property Management:134 WEST 10 STREET,134 WEST 10 STREET,10014,1006107503,2024,1910,1,100,Multifamily Housing,24637.0,,23.12,155887.3,,937248.0,,,,59.6,60.4,410.7,111.0,No,40.734614,-74.000429,819,155.88729999999998,,274.68024484326855,0.0,274.68024484326855,False,
53949393,Not Applicable: Standalone Property,40 Gansevoort Street AKA 831 Greenwich Street,40 Gansevoort Street AKA 831 Greenwich Street,10014,1006270005,2024,1950,1,100,Office,58453.0,,,987909.0,,1938515.0,,,,90.8,92.1,832.6,490.89,No,40.739403,-74.006221,350,987.909,,568.1226045105977,0.0,568.1226045105977,False,
53973196,Not Applicable: Standalone Property,Winter Management Corp.:408 WEST 14 STREET,408 WEST 14 STREET,10014,1006460038,2024,1891,1,100,Office,37400.0,,,425293.3,,445725.0,,,,50.7,51.7,,190.68,No,40.741176,-74.005929,242,425.2933,,130.62908870732812,0.0,130.62908870732812,False,
53974695,Not Applicable: Standalone Property,Impact Real Estate Management Inc. : 281 WEST 11 STREET,281 WEST 11 STREET,10014,1006230055,2024,1901,1,100,Multifamily Housing,11592.0,,13.91,72410.0,,616000.0,,,,74.5,75.3,,61.15,Yes,40.73603,-74.00468,587,72.41,,180.5317598153887,0.0,180.5317598153887,False,
54514492,Not Applicable: Standalone Property,GREENWICH GREEN COOPERATIVE IN,719 GREENWICH STREET,10014,1006320039,2024,1909,1,100,Multifamily Housing,25746.0,,13.0,75585.8,,1616944.0,,,,72.8,75.3,1125.6,115.56,No,40.734526,-74.00709,812,75.5858,,473.8794575372303,0.0,473.8794575372303,False,
56375992,Not Applicable: Standalone Property,397 W 12th St,397 W 12th St,10014,1006417504,2024,2010,1,100,Multifamily Housing,31872.0,,38.25,533278.5,,1721675.0,,,,111.1,113.3,800.9,300.85,No,40.737572,-74.00935,644,533.2785,,504.5730804872717,0.0,504.5730804872717,False,
56465392,34146013,173 Perry Street - 1086051,176 Perry Street,10014,1006377504,2024,2001,1,95,Multifamily Housing,36701.0,,44.04,,,,,,,,,,,Not Available,40.734621,-74.009742,947,,,,0.0,0.0,True,
56465592,34146013,176 Perry Street - 1080244,176 Perry Street,10014,1006377504,2024,2001,1,95,Multifamily Housing,72808.0,,82.61,,,,,,,,,,,Not Available,40.734621,-74.009742,947,,,,0.0,0.0,True,
57797892,Not Applicable: Standalone Property,FDNY_3626_Marine Co. 1,2 Bloomfield St,10014,1006510105,2024,1910,1,100,Fire Station,15000.0,,,391095.8,,620405.0,,,,130.3,133.3,,186.53,No,40.740492,-74.009992,693,391.0958,,181.82273774069193,0.0,181.82273774069193,False,
59235092,2814189,CHILD - 410 W 13th St,410 West 13th Street,10014,1006450035,2024,2009,1,60,Office,65245.0,,,,,,,,,,,,,Not Available,40.74049,-74.006427,323,,,,0.0,0.0,True,
59235992,2814189,CHILD - 414 W 13th St,414 West 13th Street,10014,1006450035,2024,2009,1,50,Retail Store,8839.0,,,,,,,,,,,,,Not Available,40.740542,-74.006553,323,,,,0.0,0.0,True,
59808495,Not Applicable: Standalone Property,MEPA,351 W 14th Street,10014,1007387505,2024,2024,1,20,Not Available,,,,445323.2,,,,,,,,,174.87,No,40.740679,-74.004695,133,445.3232,,,0.0,0.0,False,
60115696,2708793,97 Horatio - 1012155,95 Horatio Street,10014,1006430001,2024,1950,1,95,Multifamily Housing,56051.0,,0.0,,,,,,,,,,,Not Available,40.738761,-74.008491,539,,,,0.0,0.0,True,
60117692,2708793,95 Horatio - 1012154,95 Horatio Street,10014,1006430001,2024,1950,1,95,Multifamily Housing,435343.0,,0.0,,,,,,,,,,,Not Available,40.738761,-74.008491,539,,,,0.0,0.0,True,
61583593,48590894,75 8 Avenue,75 8 Avenue,10014,1006297504,2024,1907,1,100,Veterinary Office,3800.0,,,,,,,,,,,,,Not Available,40.739538,-74.002696,189,,,,0.0,0.0,True,
61585792,48590894,79 8 Avenue,79 8 Avenue,10014,1006297504,2024,1907,1,100,Multifamily Housing,43429.0,,45.65,,,,,,,,,,,Not Available,40.739702,-74.002573,189,,,,0.0,0.0,True,
6354513,Not Applicable: Standalone Property,300 West 17th Street,300 West 17th Street,10018,1007400037,2023,1900,1,100,Multifamily Housing,32930.0,,31.0,211221.0,,2999417.9,,,,113.0,126.5,624.0,237.7,Yes,40.74184,-74.001559,146,211.221,,879.0425193324311,0.0,879.0425193324311,False,
6354513,Not Applicable: Standalone Property,300 West 17th Street,300 West 17th Street,10018,1007400037,2024,1900,1,100,Multifamily Housing,32930.0,,31.0,160534.3,,2621187.1,,,,96.2,99.3,418.3,202.26,Yes,40.74184,-74.001559,146,160.5343,,768.1940259227196,0.0,768.1940259227196,False,
