bbl,address,borough,block,lot,zipcode,bct2020,ct2010,bldgclass,landuse,ownername,lotarea,bldgarea,resarea,comarea,officearea,retailarea,unitsres,unitstotal,numbldgs,numfloors,yearbuilt,yearalter1,builtfar,latitude,longitude,version,dist_m,tract_geoid
1006090039,525 AVENUE OF THE AMERICAS,MN,609,39,10011.0,1007100,71,D6,4.0,525 6TH AVE LLC,12900.0,123697.0,116860.0,6837.0,0.0,6837.0,60.0,62.0,1.0,13.0,2024.0,2024.0,9.59,40.7372674,-73.9973694,26v2,670,36061007100
1008190026,21 WEST 17 STREET,MN,819,26,10011.0,1005400,54,D6,4.0,MN W18W17 LLC,2484.0,27573.0,,,,,13.0,14.0,1.0,14.0,2023.0,2022.0,11.1,40.7386176,-73.9933531,26v2,885,36061005400
1008190055,16 WEST 18 STREET,MN,819,55,10011.0,1005400,54,D6,4.0,MN W18W17 LLC,2484.0,19047.0,,,,,9.0,10.0,1.0,10.0,2023.0,2022.0,7.67,40.7388537,-73.9931798,26v2,890,36061005400
1006340055,767 GREENWICH STREET,MN,634,55,10014.0,1007500,75,A5,1.0,KALINSKY JEFFREY,1428.0,2728.0,2728.0,0.0,0.0,0.0,1.0,1.0,1.0,3.0,1930.0,2006.0,1.91,40.7362215,-74.0064482,26v2,633,36061007500
1006340013,124 BANK STREET,MN,634,13,10014.0,1007500,75,J1,5.0,H B PLAYWRIGHTS FDTSINC,2050.0,1942.0,0.0,1942.0,0.0,0.0,0.0,1.0,1.0,1.0,1936.0,1980.0,0.95,40.7360814,-74.0076967,26v2,698,36061007500
1006340007,136 BANK STREET,MN,634,7,10014.0,1007500,75,C0,2.0,"136-138 BANK STREET, LLC",972.0,2448.0,1836.0,0.0,0.0,0.0,3.0,3.0,1.0,3.0,1833.0,0.0,2.52,40.7360814,-74.0081117,26v2,718,36061007500
1007940001,135 7 AVENUE,MN,794,1,10011.0,1008700,87,U2,7.0,"CONSOLIDATED EDISON CO. OF NY, INC.",22508.0,0.0,,,,,0.0,0.0,2.0,,0.0,0.0,0.0,40.7412198,-73.9972899,26v2,499,36061008700
1006210070,69 CHARLES STREET,MN,621,70,10014.0,1007300,73,C2,2.0,ANDROMACHE CAPSIS,1905.0,4155.0,4155.0,0.0,0.0,0.0,5.0,5.0,1.0,3.0,1866.0,0.0,2.18,40.7349755,-74.0039656,26v2,713,36061007300
1006210071,71 CHARLES STREET,MN,621,71,10014.0,1007300,73,C2,2.0,JOAN S MCALLISTER,1900.0,4060.0,4060.0,0.0,0.0,0.0,5.0,5.0,1.0,3.0,1866.0,1984.0,2.14,40.7349645,-74.0040377,26v2,715,36061007300
1006210072,73 CHARLES STREET,MN,621,72,10014.0,1007300,73,C3,2.0,"GEORGE A. DAVIDSON, AS TRUSTEE",1905.0,2991.0,2991.0,0.0,0.0,0.0,4.0,4.0,1.0,3.0,1866.0,1987.0,1.57,40.7349535,-74.0041099,26v2,716,36061007300
1006210073,75 CHARLES STREET,MN,621,73,10014.0,1007300,73,C5,2.0,75 CHARLES LLC,1900.0,4024.0,4024.0,0.0,0.0,0.0,8.0,8.0,1.0,3.0,1866.0,1987.0,2.12,40.7349425,-74.0041821,26v2,718,36061007300
1006210074,77 CHARLES STREET,MN,621,74,10014.0,1007300,73,A4,1.0,LE PETIT FRANCOZUELAN LLC,1905.0,3600.0,2700.0,0.0,0.0,0.0,1.0,1.0,1.0,3.0,1866.0,2017.0,1.89,40.7349343,-74.0042506,26v2,720,36061007300
1006210075,79 CHARLES STREET,MN,621,75,10014.0,1007300,73,C0,2.0,THE SJL TRUST,1900.0,3740.0,,,,,3.0,3.0,1.0,4.0,1866.0,1984.0,1.97,40.7349233,-74.0043228,26v2,722,36061007300
1006210076,81 CHARLES STREET,MN,621,76,10014.0,1007300,73,C5,2.0,THE SJL TRUST,1905.0,4040.0,4040.0,0.0,0.0,0.0,7.0,7.0,1.0,3.0,1866.0,0.0,2.12,40.7349123,-74.004395,26v2,724,36061007300
1006210077,83 CHARLES STREET,MN,621,77,10014.0,1007300,73,B1,1.0,BETTINA WITTEVEEN,1900.0,4120.0,3040.0,0.0,0.0,0.0,2.0,2.0,1.0,3.0,1866.0,0.0,2.17,40.7349014,-74.0044635,26v2,726,36061007300
1006210078,85 CHARLES STREET,MN,621,78,10014.0,1007300,73,A4,1.0,"PIRES, STRUAN",977.0,3984.0,3102.0,0.0,0.0,0.0,1.0,1.0,1.0,4.0,1868.0,2005.0,4.08,40.7348272,-74.0045176,26v2,735,36061007300
1006217502,367 BLEECKER STREET,MN,621,7502,10014.0,1007300,73,RM,4.0,MAISON PIERRE CONDOMINIUM,2042.0,11499.0,6916.0,4583.0,0.0,1718.0,5.0,6.0,2.0,5.0,1868.0,0.0,5.63,40.7347778,-74.0046223,26v2,742,36061007300
1006220011,298 WEST 11 STREET,MN,622,11,10014.0,1007300,73,A4,1.0,MINTZ PHYLLIS,1625.0,3960.0,2970.0,0.0,0.0,0.0,1.0,1.0,1.0,3.0,1808.0,0.0,2.44,40.7357192,-74.0056471,26v2,660,36061007300
1006220012,296 WEST 11 STREET,MN,622,12,10014.0,1007300,73,C4,2.0,VILLAGE DEVELOPMENTASSC,2370.0,9000.0,9000.0,0.0,0.0,0.0,16.0,16.0,1.0,5.0,1899.0,0.0,3.8,40.7356863,-74.0055497,26v2,661,36061007300
1006220013,294 WEST 11 STREET,MN,622,13,10014.0,1007300,73,C0,2.0,"CHIMERA, JOHN T",2358.0,4680.0,3510.0,0.0,0.0,0.0,3.0,3.0,1.0,3.0,1842.0,1987.0,1.98,40.7357,-74.0054559,26v2,657,36061007300
1006220016,400 BLEECKER STREET,MN,622,16,10014.0,1007300,73,C7,4.0,"400 BLEECKER STREET CO.,",1465.0,6760.0,5510.0,1250.0,0.0,1250.0,8.0,10.0,1.0,5.0,1888.0,0.0,4.61,40.7357906,-74.0052069,26v2,642,36061007300
1006220019,394 BLEECKER STREET,MN,622,19,10014.0,1007300,73,S2,4.0,376 BLEECKER STREET LLC,950.0,2334.0,1564.0,770.0,0.0,770.0,2.0,3.0,1.0,3.0,1853.0,0.0,2.46,40.7355738,-74.0051925,26v2,665,36061007300
1006220020,392 BLEECKER STREET,MN,622,20,10014.0,1007300,73,S2,4.0,CR32 PROPERTIES,954.0,2290.0,1530.0,760.0,0.0,760.0,2.0,3.0,1.0,3.0,1853.0,0.0,2.4,40.7355244,-74.005178,26v2,670,36061007300
1006220021,390 BLEECKER STREET,MN,622,21,10014.0,1007300,73,S1,4.0,HOWARD AARON,950.0,2290.0,1534.0,756.0,0.0,756.0,1.0,2.0,1.0,3.0,1853.0,2005.0,2.41,40.735475,-74.0051636,26v2,675,36061007300
1006220022,388 BLEECKER STREET,MN,622,22,10014.0,1007300,73,S3,4.0,"PINELAND CO., LTD.",950.0,3050.0,2550.0,500.0,0.0,500.0,3.0,4.0,1.0,4.0,1853.0,0.0,3.21,40.7354256,-74.0051491,26v2,680,36061007300
1006220023,386 BLEECKER STREET,MN,622,23,10014.0,1007300,73,S2,4.0,MICHAEL MURPHY,960.0,2860.0,1916.0,944.0,0.0,944.0,2.0,3.0,1.0,3.0,1853.0,0.0,2.98,40.7353707,-74.0051347,26v2,685,36061007300
1006220025,95 PERRY STREET,MN,622,25,10014.0,1007300,73,C4,2.0,MAJOR PERRY ST CORP,2376.0,9015.0,9015.0,0.0,0.0,0.0,30.0,30.0,1.0,5.0,1884.0,1961.0,3.79,40.7354393,-74.0053873,26v2,683,36061007300
1006220026,97 PERRY STREET,MN,622,26,10014.0,1007300,73,C4,2.0,EBRAHIM REALTY INC,2408.0,9145.0,9145.0,0.0,0.0,0.0,15.0,15.0,1.0,5.0,1894.0,1985.0,3.8,40.7354283,-74.0054739,26v2,687,36061007300
1006220027,99 PERRY STREET,MN,622,27,10014.0,1007300,73,C4,2.0,"ROSENBLUM, KENNETH",2599.0,8825.0,8825.0,0.0,0.0,0.0,20.0,20.0,1.0,5.0,1861.0,0.0,3.4,40.7354118,-74.0055677,26v2,691,36061007300
1006220029,389 BLEECKER STREET,MN,622,29,10014.0,1007300,73,B1,1.0,"EPSTEIN GARDENS, LLC",1368.0,3240.0,3240.0,0.0,0.0,0.0,2.0,2.0,1.0,4.0,1852.0,0.0,2.37,40.7355848,-74.0047919,26v2,656,36061007300
1006220030,391 BLEECKER STREET,MN,622,30,10014.0,1007300,73,A4,1.0,FRANCIS J MENTON,1368.0,3240.0,3240.0,0.0,0.0,0.0,1.0,1.0,1.0,4.0,1852.0,0.0,2.37,40.7356342,-74.0048064,26v2,651,36061007300
1006220031,393 BLEECKER STREET,MN,622,31,10014.0,1007300,73,A4,1.0,DENISE RENEE SOBEL AS TRUSTEE,1520.0,3200.0,3200.0,0.0,0.0,0.0,1.0,1.0,1.0,4.0,1853.0,2013.0,2.11,40.7356836,-74.0048208,26v2,646,36061007300
1006220032,395 BLEECKER STREET,MN,622,32,10014.0,1007300,73,S1,4.0,395 BLEECKER PARTNERS LLC,1425.0,3288.0,2466.0,822.0,0.0,822.0,1.0,2.0,1.0,4.0,1853.0,2016.0,2.31,40.7357357,-74.0048352,26v2,640,36061007300
1006220033,397 BLEECKER STREET,MN,622,33,10014.0,1007300,73,S1,4.0,"LAMB, JOHN D",954.0,3140.0,2585.0,555.0,0.0,555.0,1.0,2.0,1.0,4.0,1853.0,0.0,3.29,40.7357824,-74.004893,26v2,636,36061007300
1006220034,286 WEST 11 STREET,MN,622,34,10014.0,1007300,73,C7,4.0,"BLEECKER GARDENS,",1279.0,5990.0,5090.0,900.0,0.0,900.0,8.0,10.0,1.0,5.0,1859.0,1990.0,4.68,40.7358565,-74.0049471,26v2,629,36061007300
1006220035,284 WEST 11 STREET,MN,622,35,10014.0,1007300,73,B3,1.0,OVERLAND NYC LLC,740.0,2812.0,2812.0,0.0,0.0,0.0,2.0,2.0,1.0,4.0,1852.0,0.0,3.8,40.7358702,-74.0048497,26v2,626,36061007300
1006220036,282 WEST 11 STREET,MN,622,36,10014.0,1007300,73,B1,1.0,"FALCO, ELENA",1232.0,3278.0,2409.0,0.0,0.0,0.0,2.0,2.0,1.0,3.0,1818.0,0.0,2.66,40.7358565,-74.0047667,26v2,626,36061007300
1006220037,280 WEST 11 STREET,MN,622,37,10014.0,1007300,73,C2,2.0,"280 W11, LLC",2440.0,6865.0,6865.0,0.0,0.0,0.0,5.0,5.0,1.0,6.0,1818.0,0.0,2.81,40.7358181,-74.0046656,26v2,628,36061007300
1006220038,278 WEST 11 STREET,MN,622,38,10014.0,1007300,73,A4,1.0,WEST 11TH STREET LLC,2391.0,4890.0,3622.0,0.0,0.0,0.0,1.0,1.0,1.0,3.0,1853.0,2012.0,2.05,40.7358291,-74.0045754,26v2,626,36061007300
1006220039,276 WEST 11 STREET,MN,622,39,10014.0,1007300,73,C2,2.0,VILLA BATAVIA I LLC,2351.0,5217.0,5217.0,0.0,0.0,0.0,5.0,5.0,1.0,3.5,1852.0,1989.0,2.22,40.7358428,-74.0044852,26v2,623,36061007300
1006220040,274 WEST 11 STREET,MN,622,40,10014.0,1007300,73,C6,2.0,"274 OWNERS, INC.",2573.0,6190.0,6190.0,0.0,0.0,0.0,10.0,10.0,1.0,4.0,1845.0,1976.0,2.41,40.7358455,-74.004395,26v2,621,36061007300
1006220041,268 WEST 11 STREET,MN,622,41,10014.0,1007300,73,D4,3.0,270 W 11 ST OWNERS CORP,7123.0,29725.0,29725.0,0.0,0.0,0.0,48.0,48.0,1.0,6.0,1924.0,1990.0,4.17,40.7358812,-74.0042218,26v2,615,36061007300
1006220044,266 WEST 11 STREET,MN,622,44,10014.0,1007300,73,C4,2.0,JOSE LLOVES LLC,2375.0,8976.0,8976.0,0.0,0.0,0.0,20.0,20.0,1.0,5.0,1887.0,1957.0,3.78,40.7359087,-74.0040414,26v2,610,36061007300
1006220045,264 WEST 11 STREET,MN,622,45,10014.0,1007300,73,B1,1.0,264 WEST 11TH STREET HOLDING LLC,2375.0,8750.0,7000.0,0.0,0.0,0.0,2.0,2.0,1.0,4.0,1868.0,0.0,3.68,40.7359224,-74.0039512,26v2,608,36061007300
1006220046,262 WEST 11 STREET,MN,622,46,10014.0,1007300,73,C0,2.0,"GILLILAND, ERIC",2375.0,6500.0,5500.0,0.0,0.0,0.0,3.0,3.0,1.0,4.0,1828.0,1989.0,2.74,40.7359361,-74.0038574,26v2,606,36061007300
1006220047,260 WEST 11 STREET,MN,622,47,10014.0,1007300,73,A4,1.0,"JAMES G KELLY, TRUSTEE",1870.0,3344.0,2508.0,0.0,0.0,0.0,1.0,1.0,1.0,3.0,1830.0,2005.0,1.79,40.7359581,-74.0037708,26v2,603,36061007300
1006220051,278 WEST 4 STREET,MN,622,51,10014.0,1007300,73,B1,1.0,LINPERO VENTURES LIMITED,1113.0,2800.0,2100.0,0.0,0.0,0.0,2.0,2.0,1.0,3.0,1841.0,0.0,2.52,40.7358867,-74.003612,26v2,610,36061007300
1006220056,53 PERRY STREET,MN,622,56,10014.0,1007300,73,D1,3.0,55 PERRY ST COMPANY LLC,7825.0,34140.0,34140.0,0.0,0.0,0.0,72.0,72.0,1.0,6.0,1903.0,1988.0,4.36,40.7357111,-74.0036012,26v2,629,36061007300
1006220059,63 PERRY STREET,MN,622,59,10014.0,1007300,73,C1,2.0,63  PERRY STREET LLC,4750.0,19888.0,19788.0,100.0,100.0,0.0,24.0,24.0,1.0,6.0,1902.0,0.0,4.19,40.7356534,-74.0039187,26v2,637,36061007300
1006220061,67 PERRY STREET,MN,622,61,10014.0,1007300,73,C6,2.0,PERRYTWIN FLATS INC,3515.0,13500.0,13500.0,0.0,0.0,0.0,10.0,10.0,2.0,5.0,1878.0,1963.0,3.84,40.7356315,-74.0040775,26v2,641,36061007300
1006220062,71 PERRY STREET,MN,622,62,10014.0,1007300,73,C0,2.0,"FALK, PETER",1805.0,3648.0,2736.0,0.0,0.0,0.0,3.0,3.0,1.0,3.0,1868.0,0.0,2.02,40.7356177,-74.0041749,26v2,644,36061007300
1006220063,73 PERRY STREET,MN,622,63,10014.0,1007300,73,C2,2.0,73 PERRY LLC,1830.0,4425.0,4425.0,0.0,0.0,0.0,6.0,6.0,1.0,3.0,1868.0,0.0,2.42,40.7356068,-74.0042435,26v2,646,36061007300
1006220064,75 PERRY STREET,MN,622,64,10014.0,1007300,73,C4,2.0,ANTHONY JOHN OLDFIELD,2347.0,5425.0,5425.0,0.0,0.0,0.0,8.0,8.0,1.0,3.0,1854.0,0.0,2.31,40.7355875,-74.0043192,26v2,649,36061007300
1006220065,77 PERRY STREET,MN,622,65,10014.0,1007300,73,C6,2.0,77 PERRY RLTY CORP,2400.0,12271.0,10518.0,1753.0,0.0,1753.0,24.0,26.0,1.0,6.0,1902.0,1974.0,5.11,40.7355821,-74.0044094,26v2,650,36061007300
1006220066,79 PERRY STREET,MN,622,66,10014.0,1007300,73,C6,2.0,PERRY ELEVEN APARTMENT CORP,2208.0,8555.0,8555.0,0.0,0.0,0.0,11.0,11.0,1.0,5.0,1895.0,1972.0,3.87,40.7355711,-74.004496,26v2,653,36061007300
1006220067,81 PERRY STREET,MN,622,67,10014.0,1007300,73,C4,2.0,MZURI PRIDE CO LLC,2576.0,9050.0,9050.0,0.0,0.0,0.0,17.0,17.0,1.0,5.0,1895.0,0.0,3.51,40.7355573,-74.0045862,26v2,656,36061007300
1006220069,85 PERRY STREET,MN,622,69,10014.0,1007300,73,B9,1.0,DVULT LLC,1008.0,2520.0,2520.0,0.0,0.0,0.0,2.0,2.0,1.0,3.0,1818.0,2013.0,2.5,40.7354722,-74.004727,26v2,667,36061007300
1006220070,87 PERRY STREET,MN,622,70,10014.0,1007300,73,S2,4.0,"VALLETTA (TRUSTEE), AMBER E",723.0,2576.0,1288.0,1288.0,0.0,644.0,2.0,3.0,1.0,3.0,1818.0,0.0,3.56,40.7354228,-74.0048208,26v2,674,36061007300
1006220071,387 1/2 BLEECKER STREET,MN,622,71,10014.0,1007300,73,A4,1.0,CHARLES H. PARDOE II,832.0,2508.0,2508.0,0.0,0.0,0.0,1.0,1.0,1.0,4.0,1869.0,2005.0,3.01,40.7355271,-74.0048316,26v2,663,36061007300
1006227501,83 PERRY STREET,MN,622,7501,10014.0,1007300,73,R6,2.0,NAME NOT ON FILE,1215.0,2985.0,2985.0,0.0,0.0,0.0,2.0,2.0,1.0,3.0,1818.0,0.0,2.46,40.7354942,-74.0046584,26v2,664,36061007300
1006227502,387 BLEECKER STREET,MN,622,7502,10014.0,1007300,73,RM,4.0,UNAVAILABLE OWNER,504.0,1712.0,920.0,792.0,0.0,792.0,1.0,2.0,1.0,3.0,1818.0,2005.0,3.4,40.735475,-74.0048388,26v2,669,36061007300
1006230016,403 BLEECKER STREET,MN,623,16,10014.0,1007700,77,S2,4.0,285 NYC LLC,1129.0,4111.0,3411.0,700.0,0.0,700.0,2.0,3.0,1.0,4.0,1860.0,1961.0,3.64,40.7360871,-74.0049868,26v2,605,36061007700
1006230017,405 BLEECKER STREET,MN,623,17,10014.0,1007700,77,S1,4.0,LARA MULLARKEY REVOCABLE TRUST U/A/D 11- 7-2022,1046.0,3200.0,2400.0,800.0,0.0,800.0,1.0,2.0,1.0,4.0,1860.0,0.0,3.06,40.7361447,-74.0050049,26v2,599,36061007700
1006230019,409 BLEECKER STREET,MN,623,19,10014.0,1007700,77,S1,4.0,ABINGDON LLC,1033.0,3400.0,2400.0,1000.0,0.0,1000.0,1.0,2.0,1.0,4.0,1860.0,2010.0,3.29,40.73626,-74.0050337,26v2,588,36061007700
1006230020,411 BLEECKER STREET,MN,623,20,10014.0,1007700,77,S3,4.0,411 13 BLEECKER ST RLTY,1025.0,3494.0,2574.0,920.0,0.0,920.0,3.0,4.0,1.0,4.0,1860.0,1987.0,3.41,40.7363149,-74.0050482,26v2,582,36061007700
1006230021,413 BLEECKER STREET,MN,623,21,10014.0,1007700,77,S3,4.0,411 13 BLEECKER ST RLTY,1029.0,3564.0,2864.0,700.0,0.0,700.0,3.0,4.0,1.0,4.0,1860.0,1987.0,3.46,40.7363698,-74.0050626,26v2,576,36061007700
1006230022,415 BLEECKER STREET,MN,623,22,10014.0,1007700,77,S3,4.0,415-17 BLEEKER STREET LLC,1033.0,3511.0,2811.0,700.0,0.0,700.0,3.0,4.0,1.0,4.0,1860.0,0.0,3.4,40.7364247,-74.0050771,26v2,571,36061007700
1006230023,417 BLEECKER STREET,MN,623,23,10014.0,1007700,77,C4,2.0,WILLIAM GOTTLIEB,2263.0,8365.0,7165.0,1200.0,0.0,1200.0,6.0,8.0,1.0,4.0,1901.0,1983.0,3.7,40.7365125,-74.0051023,26v2,562,36061007700
1006230024,78 BANK STREET,MN,623,24,10014.0,1007700,77,C1,2.0,78 BANK STREET LLC,4667.0,18475.0,18475.0,0.0,0.0,0.0,24.0,24.0,1.0,6.0,1908.0,0.0,3.96,40.7364768,-74.0049002,26v2,561,36061007700
1006230026,76 BANK STREET,MN,623,26,10014.0,1007700,77,C2,2.0,BSTREET76 LLC,2082.0,3218.0,3218.0,0.0,0.0,0.0,5.0,5.0,1.0,2.5,1840.0,0.0,1.55,40.7365098,-74.0047703,26v2,555,36061007700
1006230027,74 BANK STREET,MN,623,27,10014.0,1007700,77,B1,1.0,"OKELLY,LISA,W",2045.0,3306.0,2231.0,0.0,0.0,0.0,2.0,2.0,1.0,2.5,1842.0,2009.0,1.62,40.7365262,-74.0046837,26v2,552,36061007700
1006230028,72 BANK STREET,MN,623,28,10014.0,1007700,77,B3,1.0,NANCY B. HOFFMAN AS TRUSTEE,2250.0,4900.0,3575.0,0.0,0.0,0.0,2.0,2.0,1.0,3.0,1839.0,0.0,2.18,40.7365235,-74.0045899,26v2,550,36061007700
1006230029,70 BANK STREET,MN,623,29,10014.0,1007700,77,A4,1.0,CASAVOLPE LLC,2250.0,7000.0,5600.0,0.0,0.0,0.0,1.0,1.0,1.0,4.0,1842.0,2015.0,3.11,40.7365345,-74.0045033,26v2,548,36061007700
1006230030,68 BANK STREET,MN,623,30,10014.0,1007700,77,C5,2.0,DMD PROPERTY GROUP LLC,2000.0,6380.0,6380.0,0.0,0.0,0.0,8.0,8.0,1.0,3.5,1863.0,1967.0,3.19,40.7365647,-74.0044203,26v2,543,36061007700
1006230031,66 BANK STREET,MN,623,31,10014.0,1007700,77,B1,1.0,"WHITE, RAYE G. - TRUSTEE",2113.0,3432.0,3432.0,0.0,0.0,0.0,2.0,2.0,1.0,3.0,1841.0,0.0,1.62,40.7365784,-74.0043265,26v2,540,36061007700
1006230032,64 BANK STREET,MN,623,32,10014.0,1007700,77,C2,2.0,64 B STREET LLC,2070.0,3303.0,3303.0,0.0,0.0,0.0,5.0,5.0,1.0,3.5,1841.0,0.0,1.6,40.7365784,-74.0042363,26v2,539,36061007700
1006230033,62 BANK STREET,MN,623,33,10014.0,1007700,77,B3,1.0,"LUHRING, LAWRENCE R",1675.0,1936.0,1936.0,0.0,0.0,0.0,2.0,2.0,1.0,3.0,1836.0,0.0,1.16,40.7366086,-74.0041605,26v2,534,36061007700
1006230034,60 BANK STREET,MN,623,34,10014.0,1007700,77,C2,2.0,"60 B STREET, LLC",1738.0,4350.0,4350.0,0.0,0.0,0.0,6.0,6.0,1.0,3.0,1854.0,0.0,2.5,40.7366196,-74.0040775,26v2,532,36061007700
1006230035,58 BANK STREET,MN,623,35,10014.0,1007700,77,A4,1.0,BAUDELAIRE LLC,1487.0,5200.0,4160.0,0.0,0.0,0.0,1.0,1.0,1.0,4.0,1845.0,2005.0,3.5,40.7366306,-74.0040018,26v2,530,36061007700
1006230036,56 BANK STREET,MN,623,36,10014.0,1007700,77,B1,1.0,PLUNKY LLC,840.0,2160.0,2160.0,0.0,0.0,0.0,2.0,2.0,1.0,3.0,1833.0,2005.0,2.57,40.7366882,-74.003944,26v2,523,36061007700
1006230038,296 WEST 4 STREET,MN,623,38,10014.0,1007700,77,C4,2.0,298 W 4 ST CORP,1680.0,8760.0,7660.0,1100.0,0.0,1100.0,10.0,12.0,1.0,6.0,1903.0,0.0,5.21,40.7367047,-74.0038322,26v2,520,36061007700
1006230039,294 WEST 4 STREET,MN,623,39,10014.0,1007700,77,C0,2.0,"HERRINGTON, DOUGLAS",1200.0,3486.0,2604.0,0.0,0.0,0.0,3.0,3.0,1.0,3.0,1860.0,0.0,2.91,40.7366114,-74.003843,26v2,531,36061007700
1006230040,292 WEST 4 STREET,MN,623,40,10014.0,1007700,77,A4,1.0,AR VENTURES REAL ESTATE II LLC,1200.0,3623.0,2780.0,0.0,0.0,0.0,1.0,1.0,1.0,3.0,1860.0,2013.0,3.02,40.7365565,-74.0038285,26v2,537,36061007700
1006230041,290 WEST 4 STREET,MN,623,41,10014.0,1007700,77,B1,1.0,"SEYMOUR, WHITNEY NORTH JR",1200.0,3360.0,2520.0,0.0,0.0,0.0,2.0,2.0,1.0,3.0,1860.0,0.0,2.8,40.7365043,-74.0038141,26v2,542,36061007700
1006230042,288 WEST 4 STREET,MN,623,42,10014.0,1007700,77,A4,1.0,"JACKSON, MICHAEL",1200.0,3664.0,3000.0,0.0,0.0,0.0,1.0,1.0,1.0,3.0,1860.0,2009.0,3.05,40.7364494,-74.0037997,26v2,548,36061007700
1006230043,255 WEST 11 STREET,MN,623,43,10014.0,1007700,77,A7,1.0,255W11ST LLC,1400.0,3520.0,2640.0,0.0,0.0,0.0,1.0,1.0,1.0,3.0,1861.0,0.0,2.51,40.7363369,-74.0036878,26v2,560,36061007700
1006230044,257 WEST 11 STREET,MN,623,44,10014.0,1007700,77,C0,2.0,"KAUFFMAN, L. RICHARD",1383.0,3520.0,2640.0,0.0,0.0,0.0,3.0,3.0,1.0,3.0,1861.0,0.0,2.55,40.7363286,-74.0037636,26v2,561,36061007700
1006230045,259 WEST 11 STREET,MN,623,45,10014.0,1007700,77,B9,1.0,"WASSERMAN, BARBARA",1418.0,3520.0,2640.0,0.0,0.0,0.0,2.0,2.0,1.0,3.0,1861.0,0.0,2.48,40.7363177,-74.0038394,26v2,563,36061007700
1006230046,261 WEST 11 STREET,MN,623,46,10014.0,1007700,77,C2,2.0,JACK & PAULA F KAPLAN,2368.0,4850.0,4850.0,0.0,0.0,0.0,5.0,5.0,1.0,4.0,1868.0,0.0,2.05,40.7363698,-74.0039296,26v2,558,36061007700
1006230047,265 WEST 11 STREET,MN,623,47,10014.0,1007700,77,C2,2.0,PACKER BROWN LLC,2279.0,3744.0,3744.0,0.0,0.0,0.0,5.0,5.0,1.0,4.0,1868.0,0.0,1.64,40.7363451,-74.0040919,26v2,563,36061007700
1006230049,269 WEST 11 STREET,MN,623,49,10014.0,1007700,77,A4,1.0,MCY REAL ESTATE LLC,2996.0,6714.0,6714.0,0.0,0.0,0.0,1.0,1.0,1.0,5.0,1836.0,1988.0,2.24,40.7363149,-74.0042543,26v2,568,36061007700
1006230050,271 WEST 11 STREET,MN,623,50,10014.0,1007700,77,C1,2.0,YW11 TRUST,2821.0,6740.0,6740.0,0.0,0.0,0.0,11.0,11.0,1.0,4.0,1836.0,0.0,2.39,40.7363039,-74.0043481,26v2,570,36061007700
1006230051,273 WEST 11 STREET,MN,623,51,10014.0,1007700,77,B1,1.0,SODERMALM TR LLC,5126.0,14400.0,10800.0,0.0,0.0,0.0,2.0,2.0,1.0,3.0,1846.0,1980.0,2.81,40.7362682,-74.0044744,26v2,576,36061007700
1006230053,277 WEST 11 STREET,MN,623,53,10014.0,1007700,77,C1,2.0,277 WEST 11TH LLC,5518.0,22686.0,22686.0,0.0,0.0,0.0,36.0,36.0,1.0,6.0,1906.0,2015.0,4.11,40.7362573,-74.0046585,26v2,580,36061007700
1006230055,281 WEST 11 STREET,MN,623,55,10014.0,1007700,77,C6,2.0,281 W 11 OWNERS CORP,2500.0,11592.0,11592.0,0.0,0.0,0.0,20.0,20.0,1.0,5.0,1901.0,0.0,4.64,40.7362216,-74.0047884,26v2,587,36061007700
1006230056,283 WEST 11 STREET,MN,623,56,10014.0,1007700,77,C4,2.0,"SPACE RS PROPERTIES, LLC",2500.0,11260.0,9660.0,1600.0,1600.0,0.0,10.0,11.0,1.0,5.0,1901.0,0.0,4.5,40.7362106,-74.0048822,26v2,590,36061007700
1006230146,263 WEST 11 STREET,MN,623,146,10014.0,1007700,77,B1,1.0,FRVRHM LLC,2942.0,6650.0,5200.0,0.0,0.0,0.0,2.0,2.0,1.0,4.0,1836.0,0.0,2.26,40.7363588,-74.004009,26v2,560,36061007700
1006237501,295 WEST 11 STREET,MN,623,7501,10014.0,1007700,77,RM,4.0,295 WEST 11 STREET OWNERS CORP.,7691.0,36822.0,32638.0,4184.0,0.0,4184.0,60.0,61.0,1.0,6.0,1926.0,0.0,4.79,40.7360898,-74.0056183,26v2,620,36061007700
1006237502,407 BLEECKER STREET,MN,623,7502,10014.0,1007700,77,RM,4.0,UNAVAILABLE OWNER,1050.0,4082.0,1680.0,2402.0,0.0,2402.0,1.0,2.0,1.0,4.0,1860.0,0.0,3.89,40.7362023,-74.0050193,26v2,593,36061007700
1006240001,771 GREENWICH STREET,MN,624,1,10014.0,1007900,79,D4,3.0,LEFT BANK APT CORP,14870.0,90450.0,77787.0,12663.0,0.0,12663.0,111.0,113.0,1.0,7.0,1890.0,1988.0,6.08,40.7367101,-74.0062282,26v2,576,36061007900
1006240008,791 GREENWICH STREET,MN,624,8,10014.0,1007900,79,C6,2.0,8-10 BETHUNE/791 GREENWICH ST,2207.0,8276.0,8276.0,0.0,0.0,0.0,7.0,7.0,1.0,4.0,1879.0,1984.0,3.75,40.737259,-74.0062896,26v2,525,36061007900
1006240017,605 HUDSON STREET,MN,624,17,10014.0,1007900,79,C7,4.0,ABINGTON VILLAGE LLC,2387.0,9915.0,7932.0,1983.0,0.0,1983.0,8.0,10.0,1.0,5.0,1887.0,1987.0,4.15,40.73727,-74.0060153,26v2,513,36061007900
1006240019,601 HUDSON STREET,MN,624,19,10014.0,1007900,79,C4,2.0,18 ABINGDON SQUARE LLC,2250.0,9550.0,9550.0,0.0,0.0,0.0,11.0,11.0,1.0,5.0,1885.0,0.0,4.24,40.7371739,-74.0060225,26v2,522,36061007900
1006240021,597 HUDSON STREET,MN,624,21,10014.0,1007900,79,C4,2.0,2 BETHUNE LLC,1400.0,6476.0,5376.0,1100.0,0.0,1100.0,12.0,14.0,1.0,5.0,1893.0,1957.0,4.63,40.7370202,-74.0060586,26v2,539,36061007900
1006240022,8 BETHUNE STREET,MN,624,22,10014.0,1007900,79,C6,2.0,8-10 BETHUNE/791 GREENWICH ST,2700.0,8276.0,8276.0,0.0,0.0,0.0,15.0,15.0,1.0,5.0,1896.0,0.0,3.07,40.737119,-74.0062571,26v2,537,36061007900
1006240023,10 BETHUNE STREET,MN,624,23,10014.0,1007900,79,C6,2.0,8-10 BETHUNE/791 GREENWICH STREET,1497.0,6990.0,6990.0,0.0,0.0,0.0,15.0,15.0,1.0,5.0,1896.0,0.0,4.67,40.7371108,-74.0063725,26v2,542,36061007900
1006240030,4 8 AVENUE,MN,624,30,10014.0,1007700,77,S4,4.0,"11 ABINGDON SQUARE, LLC",1077.0,4400.0,3700.0,700.0,0.0,700.0,4.0,5.0,1.0,5.0,1856.0,0.0,4.09,40.737023,-74.005124,26v2,509,36061007700
1006240031,8 8 AVENUE,MN,624,31,10014.0,1007700,77,D9,3.0,ALPERT CHARLES,7612.0,35136.0,35136.0,0.0,0.0,0.0,42.0,42.0,1.0,6.0,1927.0,1987.0,4.62,40.7371273,-74.0049147,26v2,492,36061007700
1006240041,300 WEST 12 STREET,MN,624,41,10014.0,1007700,77,D9,3.0,300 WEST 12TH STREET LLC,8625.0,34872.0,34872.0,0.0,0.0,0.0,54.0,54.0,1.0,6.0,1925.0,1987.0,4.04,40.7372673,-74.0044204,26v2,466,36061007700
1006240044,290 WEST 12 STREET,MN,624,44,10014.0,1007700,77,D1,3.0,290 W12 LLC,5880.0,26694.0,26694.0,0.0,0.0,0.0,44.0,44.0,1.0,6.0,1903.0,1988.0,4.54,40.7373085,-74.0041967,26v2,458,36061007700
1006240047,288 WEST 12 STREET,MN,624,47,10014.0,1007700,77,C6,2.0,288 WEST 12TH ST TENANTS CORP,1631.0,3432.0,3432.0,0.0,0.0,0.0,8.0,8.0,1.0,5.0,1849.0,1987.0,2.1,40.7373854,-74.004074,26v2,448,36061007700
1006240048,284 WEST 12 STREET,MN,624,48,10014.0,1007700,77,C7,4.0,DUNDALK MANAGEMENT INC.,1390.0,7197.0,5936.0,1261.0,0.0,1261.0,13.0,14.0,1.0,4.0,1845.0,1968.0,5.18,40.7373936,-74.0039765,26v2,446,36061007700
1006240049,310 WEST 4 STREET,MN,624,49,10014.0,1007700,77,C7,4.0,"310 WEST FOURTH ASSOCIATES, LLC",1950.0,9000.0,7500.0,1500.0,0.0,1500.0,15.0,16.0,1.0,5.0,1900.0,1984.0,4.62,40.7372646,-74.0039874,26v2,460,36061007700
1006240051,308 WEST 4 STREET,MN,624,51,10014.0,1007700,77,A4,1.0,LMNT LLC,1140.0,3120.0,2340.0,0.0,0.0,0.0,1.0,1.0,1.0,3.0,1847.0,2018.0,2.74,40.7371905,-74.0039801,26v2,468,36061007700
1006240052,306 WEST 4 STREET,MN,624,52,10014.0,1007700,77,C6,2.0,306 W 4 OWNERS CORP,2475.0,9885.0,9885.0,0.0,0.0,0.0,16.0,16.0,1.0,5.0,1886.0,1986.0,3.99,40.7371164,-74.0040054,26v2,477,36061007700
1006240053,51 BANK STREET,MN,624,53,10014.0,1007700,77,C7,4.0,51-53 LLC,2910.0,15450.0,13950.0,1500.0,0.0,1500.0,22.0,25.0,1.0,6.0,1898.0,1989.0,5.31,40.7369846,-74.0039043,26v2,490,36061007700
1006240055,55 BANK STREET,MN,624,55,10014.0,1007700,77,A4,1.0,ERIC T. BISCHOF,1280.0,3204.0,2268.0,0.0,0.0,0.0,1.0,1.0,1.0,3.0,1842.0,2005.0,2.5,40.7369682,-74.0040162,26v2,493,36061007700
1006240056,57 BANK STREET,MN,624,56,10014.0,1007700,77,A4,1.0,RED LODGE LLC,1296.0,3202.0,2353.0,0.0,0.0,0.0,1.0,1.0,1.0,3.0,1842.0,2005.0,2.47,40.7369599,-74.0040812,26v2,495,36061007700
1006240059,63 BANK STREET,MN,624,59,10014.0,1007700,77,C4,2.0,"BANK STREET REALTY,",2825.0,10440.0,10440.0,0.0,0.0,0.0,15.0,15.0,1.0,5.0,1889.0,1986.0,3.7,40.7369736,-74.0043482,26v2,497,36061007700
1006240060,65 BANK STREET,MN,624,60,10014.0,1007700,77,C7,4.0,65-67 K LLC,5000.0,25614.0,24764.0,850.0,850.0,0.0,35.0,36.0,1.0,6.0,1908.0,1986.0,5.12,40.7369434,-74.0044817,26v2,503,36061007700
1006247501,59 BANK STREET,MN,624,7501,10014.0,1007700,77,R1,2.0,NAME NOT ON FILE,2756.0,11048.0,11048.0,0.0,0.0,0.0,6.0,6.0,1.0,6.0,1905.0,0.0,4.01,40.7369956,-74.0041678,26v2,492,36061007700
1006247502,69 BANK STREET,MN,624,7502,10014.0,1007700,77,R4,3.0,UNAVAILABLE OWNER,5400.0,19853.0,19853.0,0.0,0.0,0.0,15.0,15.0,1.0,4.0,1905.0,0.0,3.68,40.736927,-74.0046657,26v2,508,36061007700
1006247503,302 WEST 12 STREET,MN,624,7503,10014.0,1007700,77,RM,4.0,302 WEST 12TH STREET CONDOMINIUM,10462.0,123604.0,116842.0,6762.0,4858.0,1904.0,128.0,131.0,1.0,17.0,1931.0,0.0,11.81,40.7373057,-74.0046694,26v2,467,36061007700
1006247504,419 BLEECKER STREET,MN,624,7504,10014.0,1007700,77,RM,4.0,ABINGDON COURT OWNERS CORP,15200.0,79065.0,75154.0,3911.0,0.0,3911.0,87.0,88.0,1.0,6.0,1938.0,0.0,5.2,40.7368693,-74.005023,26v2,522,36061007700
1006247505,607 HUDSON STREET,MN,624,7505,10014.0,1007900,79,R1,2.0,UNAVAILABLE OWNER,8185.0,46835.0,46835.0,0.0,0.0,0.0,9.0,9.0,1.0,7.0,1905.0,0.0,5.72,40.7373935,-74.006138,26v2,505,36061007900
1006250002,801 GREENWICH STREET,MN,625,2,10014.0,1007900,79,S9,4.0,PURE LUXE GREENWICH LLC,2000.0,11496.0,7664.0,3832.0,0.0,1916.0,4.0,6.0,1.0,6.0,1890.0,0.0,5.75,40.7378601,-74.0062499,26v2,466,36061007900
1006250003,803 GREENWICH STREET,MN,625,3,10014.0,1007900,79,C4,2.0,803 GREENWICH STREET LLC,2016.0,5880.0,3890.0,1990.0,0.0,1990.0,5.0,6.0,1.0,4.0,1858.0,0.0,2.92,40.737926,-74.0062463,26v2,460,36061007900
1006250004,805 GREENWICH STREET,MN,625,4,10014.0,1007900,79,C3,2.0,SAM'S ABODE INC,985.0,2144.0,2144.0,0.0,0.0,0.0,4.0,4.0,1.0,3.0,1849.0,0.0,2.18,40.7379891,-74.0063041,26v2,457,36061007900
1006250005,807 GREENWICH STREET,MN,625,5,10014.0,1007900,79,S2,4.0,JANE AND GREENWICH LLC,1071.0,3600.0,2700.0,900.0,0.0,900.0,2.0,3.0,1.0,3.0,1849.0,0.0,3.36,40.738044,-74.0062932,26v2,451,36061007900
1006250006,64 JANE STREET,MN,625,6,10014.0,1007900,79,B1,1.0,KEY DAVID,945.0,2940.0,2205.0,0.0,0.0,0.0,2.0,2.0,1.0,3.0,1849.0,0.0,3.11,40.7380138,-74.0061706,26v2,448,36061007900
1006250007,62 JANE STREET,MN,625,7,10014.0,1007900,79,A4,1.0,MAKEDONIA 62 JANE LLC,966.0,3192.0,2331.0,0.0,0.0,0.0,1.0,1.0,1.0,3.0,1849.0,2013.0,3.3,40.7380083,-74.0060912,26v2,445,36061007900
1006250008,60 JANE STREET,MN,625,8,10014.0,1007900,79,A5,1.0,JANE HUDSON LLC,1040.0,3338.0,3000.0,0.0,0.0,0.0,1.0,1.0,1.0,3.0,1849.0,0.0,3.21,40.7380056,-74.0060118,26v2,441,36061007900
1006250009,621 HUDSON STREET,MN,625,9,10014.0,1007900,79,S3,4.0,"58 JANE STREET ASSOCIATES, LLC",790.0,3016.0,2616.0,400.0,0.0,400.0,3.0,4.0,1.0,4.0,1849.0,1987.0,3.82,40.7380523,-74.0058602,26v2,430,36061007900
1006250010,619 HUDSON STREET,MN,625,10,10014.0,1007900,79,S2,4.0,INDALO 619 LLC,1012.0,2820.0,2420.0,400.0,0.0,400.0,2.0,3.0,1.0,4.0,1848.0,1985.0,2.79,40.7380029,-74.0058747,26v2,436,36061007900
1006250011,617 HUDSON STREET,MN,625,11,10014.0,1007900,79,S3,4.0,GP LEE LLC,993.0,2840.0,2440.0,400.0,0.0,400.0,3.0,4.0,1.0,4.0,1848.0,1975.0,2.86,40.7379507,-74.0058819,26v2,441,36061007900
1006250013,615 HUDSON STREET,MN,625,13,10014.0,1007900,79,S3,4.0,615 HUDSON STREET LLC,1920.0,6168.0,4468.0,1700.0,0.0,1700.0,3.0,4.0,1.0,4.0,1859.0,1985.0,3.21,40.7378327,-74.005954,26v2,455,36061007900
1006250014,613 HUDSON STREET,MN,625,14,10014.0,1007900,79,A4,1.0,"NATHAN, JULIA",600.0,2080.0,1560.0,0.0,0.0,0.0,1.0,1.0,1.0,3.0,1842.0,0.0,3.47,40.7377641,-74.005871,26v2,458,36061007900
1006250015,317 WEST 12 STREET,MN,625,15,10014.0,1007900,79,S4,4.0,CANDETA LLC,985.0,2784.0,2484.0,300.0,0.0,300.0,4.0,5.0,1.0,3.0,1842.0,1975.0,2.83,40.7376817,-74.0058818,26v2,467,36061007900
1006250016,319 WEST 12 STREET,MN,625,16,10014.0,1007900,79,B9,1.0,"WOODS, MARY",1342.0,3498.0,2596.0,0.0,0.0,0.0,2.0,2.0,1.0,3.0,1841.0,0.0,2.61,40.7377119,-74.0059684,26v2,468,36061007900
1006250017,321 WEST 12 STREET,MN,625,17,10014.0,1007900,79,C0,2.0,"BRANDSTON, SARA S",1408.0,3168.0,2376.0,0.0,0.0,0.0,3.0,3.0,1.0,3.0,1841.0,0.0,2.25,40.7377174,-74.0060478,26v2,470,36061007900
1006250018,323 WEST 12 STREET,MN,625,18,10014.0,1007900,79,A4,1.0,MAURICE REGAN 2012 FAMILY GST TRUST,936.0,2418.0,2418.0,0.0,0.0,0.0,1.0,1.0,1.0,3.0,1841.0,2009.0,2.58,40.7377064,-74.0061236,26v2,475,36061007900
1006250019,325 WEST 12 STREET,MN,625,19,10014.0,1007900,79,A9,1.0,JOSEPH N JAFFONI,948.0,3028.0,2314.0,0.0,0.0,0.0,1.0,1.0,1.0,3.0,1841.0,2005.0,3.19,40.7376899,-74.0062066,26v2,480,36061007900
1006250020,327 WEST 12 STREET,MN,625,20,10014.0,1007900,79,B9,1.0,"M.R. KOREN HOLDINGS, LLC",924.0,3024.0,3024.0,0.0,0.0,0.0,2.0,2.0,1.0,3.0,1841.0,2008.0,3.27,40.7376954,-74.0062824,26v2,483,36061007900
1006250021,799 GREENWICH STREET,MN,625,21,10014.0,1007900,79,C6,2.0,799 GREENWICH ST TENANT,2777.0,16026.0,16026.0,0.0,0.0,0.0,12.0,12.0,2.0,6.0,1890.0,1972.0,5.77,40.7378052,-74.0062752,26v2,472,36061007900
1006250026,622 HUDSON STREET,MN,625,26,10014.0,1007700,77,D4,3.0,TABLE BAY CORP,5032.0,15084.0,15084.0,0.0,0.0,0.0,31.0,31.0,1.0,4.0,1852.0,1985.0,3.0,40.737959,-74.005355,26v2,419,36061007700
1006250027,54 JANE STREET,MN,625,27,10014.0,1007700,77,C5,2.0,54 JANE STREET LLC,1680.0,3780.0,3780.0,0.0,0.0,0.0,8.0,8.0,1.0,3.0,1851.0,1987.0,2.25,40.7379617,-74.0051999,26v2,413,36061007700
1006250030,48 JANE STREET,MN,625,30,10014.0,1007700,77,A4,1.0,"DESARIO, VITO",1800.0,3520.0,2640.0,0.0,0.0,0.0,1.0,1.0,1.0,3.0,1846.0,0.0,1.96,40.7379617,-74.0049581,26v2,406,36061007700
1006250031,46 JANE STREET,MN,625,31,10014.0,1007700,77,C3,2.0,"ZAKUTANSKY, BRIAN",1535.0,4234.0,4234.0,0.0,0.0,0.0,4.0,4.0,1.0,3.0,1846.0,1982.0,2.76,40.7379727,-74.0048751,26v2,402,36061007700
1006250032,44 JANE STREET,MN,625,32,10014.0,1007700,77,B9,1.0,44 JANE LLC,1276.0,4240.0,3120.0,0.0,0.0,0.0,2.0,2.0,1.0,3.0,1846.0,0.0,3.32,40.7379919,-74.0047921,26v2,398,36061007700
1006250033,42 JANE STREET,MN,625,33,10014.0,1007700,77,A4,1.0,42 JANE STREET COLLECTIVE LLC,989.0,3466.0,2696.0,0.0,0.0,0.0,1.0,1.0,1.0,3.0,1846.0,2006.0,3.5,40.7380139,-74.0047127,26v2,393,36061007700
1006250038,23 8 AVENUE,MN,625,38,10014.0,1007700,77,S1,4.0,23 8TH AND JANE LLC,640.0,2400.0,1200.0,1200.0,0.0,600.0,1.0,2.0,1.0,3.0,1845.0,0.0,3.75,40.7379261,-74.004655,26v2,401,36061007700
1006250039,21 8 AVENUE,MN,625,39,10014.0,1007700,77,S1,4.0,"PB 21 EIGHTH AVE, LP",757.0,1854.0,1236.0,618.0,0.0,618.0,1.0,2.0,1.0,3.0,1845.0,2000.0,2.45,40.7378876,-74.0047163,26v2,406,36061007700
1006250041,17 8 AVENUE,MN,625,41,10014.0,1007700,77,S2,4.0,"KUEKEN, ANGELA",960.0,1800.0,1200.0,600.0,0.0,600.0,2.0,3.0,1.0,3.0,1845.0,0.0,1.88,40.7378163,-74.004821,26v2,417,36061007700
1006250042,15 8 AVENUE,MN,625,42,10014.0,1007700,77,S1,4.0,"APPLEHEART, LLC",840.0,2390.0,1593.0,797.0,0.0,797.0,1.0,2.0,1.0,3.0,1845.0,2015.0,2.85,40.7377696,-74.004857,26v2,423,36061007700
1006250043,13 8 AVENUE,MN,625,43,10014.0,1007700,77,S1,4.0,"SIEGEL, HOWARD J",500.0,1656.0,1152.0,504.0,0.0,504.0,1.0,2.0,1.0,3.0,1845.0,2013.0,3.31,40.737712,-74.0048823,26v2,429,36061007700
1006250044,11 8 AVENUE,MN,625,44,10014.0,1007700,77,C4,2.0,WEST VILLAGE COMMONS LLC,1980.0,8560.0,8160.0,400.0,0.0,400.0,8.0,9.0,1.0,5.0,1845.0,0.0,4.32,40.7377312,-74.0049581,26v2,430,36061007700
1006250051,22 8 AVENUE,MN,625,51,10014.0,1007700,77,S0,4.0,293 WEST 12TH STREET LLC,900.0,2557.0,1317.0,1240.0,0.0,1240.0,1.0,3.0,1.0,3.0,1840.0,0.0,2.84,40.7376516,-74.0044493,26v2,425,36061007700
1006250052,24 8 AVENUE,MN,625,52,10014.0,1007700,77,S9,4.0,26 EIGHTH LLC,1540.0,3998.0,2051.0,1947.0,0.0,1947.0,4.0,6.0,2.0,3.0,1840.0,1986.0,2.6,40.7377147,-74.0043627,26v2,417,36061007700
1006250058,38 8 AVENUE,MN,625,58,10014.0,1007700,77,S5,4.0,38 EIGHTH AV RLTY CP,997.0,3988.0,3488.0,500.0,0.0,500.0,6.0,7.0,1.0,4.0,1842.0,1987.0,4.0,40.7379727,-74.0040307,26v2,383,36061007700
1006250059,40 8 AVENUE,MN,625,59,10014.0,1007700,77,S2,4.0,38 EIGHTH AVENUE REALTY,748.0,1919.0,1286.0,633.0,0.0,633.0,2.0,3.0,1.0,3.0,1842.0,0.0,2.57,40.7380331,-74.0040018,26v2,376,36061007700
1006250062,283 WEST 12 STREET,MN,625,62,10014.0,1007700,77,S3,4.0,"283 WEST 12TH STREET,",1560.0,4584.0,3884.0,700.0,0.0,700.0,3.0,4.0,1.0,4.0,1840.0,1957.0,2.94,40.7377147,-74.004009,26v2,411,36061007700
1006250065,289 WEST 12 STREET,MN,625,65,10014.0,1007700,77,C5,2.0,289 WEST 12TH STREET LLC,1062.0,2727.0,2327.0,400.0,0.0,400.0,10.0,10.0,1.0,4.0,1841.0,0.0,2.57,40.7377065,-74.0042039,26v2,415,36061007700
1006250066,291 WEST 12 STREET,MN,625,66,10014.0,1007700,77,B1,1.0,"KERI CAMERON, TRUSTEE",1365.0,4200.0,4200.0,0.0,0.0,0.0,2.0,2.0,1.0,4.0,1848.0,1982.0,3.08,40.7377147,-74.0042725,26v2,415,36061007700
1006257501,299 WEST 12 STREET,MN,625,7501,10014.0,1007700,77,RM,4.0,299 WEST 12TH ST CONDOMINIUM,10875.0,132846.0,132324.0,522.0,0.0,522.0,178.0,179.0,1.0,17.0,1931.0,1986.0,12.22,40.7377366,-74.0052576,26v2,438,36061007700
1006260007,64 HORATIO STREET,MN,626,7,10014.0,1007900,79,A4,1.0,FRUIT FORWARD LLC,1866.0,4780.0,3664.0,576.0,0.0,0.0,1.0,1.0,2.0,2.0,1846.0,2018.0,2.56,40.7386231,-74.0063113,26v2,401,36061007900
1006260008,62 HORATIO STREET,MN,626,8,10014.0,1007900,79,A9,1.0,"SEGAL, ROBERT",950.0,2090.0,2090.0,0.0,0.0,0.0,1.0,1.0,1.0,3.0,1846.0,0.0,2.2,40.7386232,-74.0062067,26v2,395,36061007900
1006260009,60 HORATIO STREET,MN,626,9,10014.0,1007900,79,B3,1.0,"WHITE, II, HERMAN",979.0,2052.0,1539.0,0.0,0.0,0.0,2.0,2.0,1.0,3.0,1846.0,0.0,2.1,40.7386232,-74.0061381,26v2,392,36061007900
1006260010,58 HORATIO STREET,MN,626,10,10014.0,1007900,79,B1,1.0,J & A REALTY L P,996.0,2052.0,1539.0,0.0,0.0,0.0,2.0,2.0,1.0,3.0,1846.0,0.0,2.06,40.7386232,-74.0060696,26v2,388,36061007900
1006260012,631 HUDSON STREET,MN,626,12,10014.0,1007900,79,D4,3.0,61 JANE ST TENANTS CORP,16682.0,262297.0,262297.0,0.0,0.0,0.0,261.0,261.0,1.0,19.0,1964.0,0.0,15.72,40.738442,-74.0058855,26v2,395,36061007900
1006260022,626 HUDSON STREET,MN,626,22,10014.0,1007700,77,S3,4.0,CEXO REALTY INC,1082.0,3324.0,2824.0,500.0,0.0,500.0,3.0,4.0,1.0,4.0,1846.0,0.0,3.07,40.7382664,-74.0053117,26v2,387,36061007700
1006260023,628 HUDSON STREET,MN,626,23,10014.0,1007700,77,S3,4.0,"BEREA REALTY, INC.",1045.0,2890.0,2390.0,500.0,0.0,500.0,3.0,4.0,1.0,4.0,1846.0,0.0,2.77,40.7383213,-74.0053081,26v2,381,36061007700
1006260024,630 HUDSON STREET,MN,626,24,10014.0,1007700,77,S5,4.0,630 HUDSON LLC,1720.0,6160.0,5460.0,700.0,0.0,700.0,6.0,7.0,1.0,4.0,1847.0,1986.0,3.58,40.7383762,-74.005254,26v2,374,36061007700
1006260025,632 HUDSON STREET,MN,626,25,10014.0,1007700,77,S2,4.0,"632 ONHUDSON, LLC",2052.0,8150.0,6194.0,1956.0,0.0,1956.0,2.0,3.0,1.0,4.5,1847.0,0.0,3.97,40.7384366,-74.0052252,26v2,367,36061007700
1006260027,50 HORATIO STREET,MN,626,27,10014.0,1007700,77,C7,4.0,50 HORATIO LLC,2616.0,12657.0,10757.0,1900.0,0.0,1900.0,20.0,23.0,1.0,6.0,1907.0,1985.0,4.84,40.7386177,-74.0052721,26v2,351,36061007700
1006260029,48 HORATIO STREET,MN,626,29,10014.0,1007700,77,B1,1.0,"SEIGEL, JERROLD",1392.0,2760.0,2760.0,0.0,0.0,0.0,2.0,2.0,1.0,3.0,1856.0,0.0,1.98,40.7386122,-74.0051386,26v2,346,36061007700
1006260031,44 HORATIO STREET,MN,626,31,10014.0,1007700,77,B1,1.0,HORATIO HOME LLC,2412.0,6546.0,6038.0,0.0,0.0,0.0,2.0,2.0,2.0,4.0,1848.0,2015.0,2.71,40.7386067,-74.0050159,26v2,342,36061007700
1006260032,40 HORATIO STREET,MN,626,32,10014.0,1007700,77,C4,2.0,NYC CHRIS HOLDINGS LLC,4382.0,15785.0,15785.0,0.0,0.0,0.0,40.0,40.0,4.0,5.0,1871.0,0.0,3.6,40.7385683,-74.0048535,26v2,340,36061007700
1006260034,36 HORATIO STREET,MN,626,34,10014.0,1007700,77,C4,2.0,MYRON LEO LLC,2181.0,8655.0,8655.0,0.0,0.0,0.0,16.0,16.0,1.0,5.0,1886.0,0.0,3.97,40.7385683,-74.00472,26v2,336,36061007700
1006260035,34 HORATIO STREET,MN,626,35,10014.0,1007700,77,C4,2.0,MYRON LEO LLC,2188.0,8455.0,8455.0,0.0,0.0,0.0,17.0,17.0,1.0,5.0,1886.0,0.0,3.86,40.7385683,-74.0046298,26v2,333,36061007700
1006260040,51 8 AVENUE,MN,626,40,10014.0,1007700,77,D4,3.0,24 HORATIO STREET CORP,1628.0,9696.0,8096.0,1600.0,0.0,1600.0,8.0,9.0,1.0,6.0,1893.0,1988.0,5.96,40.7386617,-74.0040813,26v2,309,36061007700
1006260041,334 WEST 4 STREET,MN,626,41,10014.0,1007700,77,C7,4.0,45-47-49 EIGHTH AVENUE,3256.0,14540.0,11632.0,2908.0,0.0,2908.0,14.0,16.0,2.0,5.0,1873.0,2004.0,4.47,40.7385656,-74.0040813,26v2,319,36061007700
1006260043,45 8 AVENUE,MN,626,43,10014.0,1007700,77,C7,4.0,45-47-49 EIGHTH AVENUE,1557.0,6555.0,5255.0,1300.0,0.0,1300.0,8.0,9.0,1.0,5.0,1895.0,1986.0,4.21,40.7384723,-74.0040885,26v2,330,36061007700
1006260044,41 8 AVENUE,MN,626,44,10014.0,1007700,77,S0,4.0,37 EIGHTH PROPERTY OWNER LLC,803.0,5803.0,3888.0,1915.0,0.0,1915.0,1.0,3.0,1.0,3.0,1845.0,0.0,7.23,40.7384009,-74.0040776,26v2,337,36061007700
1006260045,35 8 AVENUE,MN,626,45,10014.0,1007700,77,S1,4.0,"MAGUIRE, KENNETH P",1632.0,3400.0,2300.0,1100.0,0.0,1100.0,1.0,2.0,1.0,3.0,1845.0,0.0,2.08,40.738357,-74.0041823,26v2,344,36061007700
1006260046,31 8 AVENUE,MN,626,46,10014.0,1007700,77,S3,4.0,HAMLIN REALTY LLC,1894.0,4746.0,2694.0,2052.0,0.0,2052.0,3.0,4.0,1.0,3.0,1842.0,1985.0,2.51,40.7383241,-74.0042725,26v2,349,36061007700
1006260050,41 JANE STREET,MN,626,50,10014.0,1007700,77,C6,2.0,41 JANE ST OWNERS INC,2319.0,9190.0,9190.0,0.0,0.0,0.0,18.0,18.0,1.0,5.0,1888.0,0.0,3.96,40.7383213,-74.0046261,26v2,358,36061007700
1006260051,43 JANE STREET,MN,626,51,10014.0,1007700,77,C4,2.0,MICHAEL REALTY LLC,2319.0,8965.0,8965.0,0.0,0.0,0.0,18.0,18.0,1.0,5.0,1888.0,1985.0,3.87,40.7383213,-74.0047236,26v2,361,36061007700
1006260052,47 JANE STREET,MN,626,52,10014.0,1007700,77,C4,2.0,47 JANE ST OWNER LLC,2406.0,9155.0,9155.0,0.0,0.0,0.0,20.0,20.0,1.0,4.0,1839.0,1987.0,3.81,40.7383213,-74.004821,26v2,364,36061007700
1006260053,49 JANE STREET,MN,626,53,10014.0,1007700,77,C4,2.0,LEVINSOHN CHARLES,2406.0,8727.0,8727.0,0.0,0.0,0.0,10.0,10.0,1.0,4.0,1839.0,1964.0,3.63,40.7383213,-74.004922,26v2,367,36061007700
1006260054,51 JANE STREET,MN,626,54,10014.0,1007700,77,C6,2.0,51 JANE ST OWNERS COR,2309.0,7650.0,7650.0,0.0,0.0,0.0,20.0,20.0,1.0,5.0,1870.0,0.0,3.31,40.738324,-74.0050122,26v2,370,36061007700
1006260055,53 JANE STREET,MN,626,55,10014.0,1007700,77,B1,1.0,53 JANE STREET LLC,1187.0,2850.0,2850.0,0.0,0.0,0.0,2.0,2.0,1.0,3.0,1846.0,2010.0,2.4,40.7382856,-74.0050916,26v2,377,36061007700
1006260056,55 JANE STREET,MN,626,56,10014.0,1007700,77,A4,1.0,SWEET OSCAR LLC,901.0,2508.0,1881.0,0.0,0.0,0.0,1.0,1.0,1.0,3.0,1846.0,2010.0,2.78,40.7382664,-74.0051674,26v2,382,36061007700
1006270005,831 GREENWICH STREET,MN,627,5,10014.0,1007900,79,O5,5.0,THE GERALD SUSSMAN & MARION SUSSMAN IRR  GRAT TRUST,9600.0,47800.0,0.0,47800.0,38240.0,9560.0,0.0,5.0,1.0,5.0,1948.0,0.0,4.98,40.7391721,-74.0061887,26v2,350,36061007900
1006270007,34 GANSEVOORT STREET,MN,627,7,10014.0,1007900,79,K4,4.0,34 GANSEVOORT PARTNERS LLC,2206.0,8195.0,0.0,8195.0,3278.0,4917.0,0.0,6.0,1.0,5.0,1870.0,1987.0,3.71,40.7391886,-74.0059686,26v2,335,36061007900
1006270009,649 HUDSON STREET,MN,627,9,10014.0,1007900,79,S9,4.0,"CALLEN, ROBINSON TR",1592.0,4888.0,4388.0,500.0,0.0,500.0,3.0,5.0,1.0,4.0,1840.0,0.0,3.07,40.7392792,-74.0057088,26v2,313,36061007900
1006270010,647 HUDSON STREET,MN,627,10,10014.0,1007900,79,S3,4.0,"CALLEN, ROBINSON TR",1349.0,4192.0,3492.0,700.0,0.0,700.0,3.0,4.0,1.0,4.0,1840.0,0.0,3.11,40.7392188,-74.0056907,26v2,317,36061007900
1006270011,645 HUDSON STREET,MN,627,11,10014.0,1007900,79,S3,4.0,KATZ-AUERBACHER CORP,1480.0,3935.0,3435.0,500.0,0.0,500.0,3.0,4.0,1.0,4.0,1840.0,0.0,2.66,40.7391584,-74.0057088,26v2,323,36061007900
1006270012,643 HUDSON STREET,MN,627,12,10014.0,1007900,79,S3,4.0,KATZ-AUERBACHER CORP,1422.0,3712.0,3212.0,500.0,0.0,500.0,3.0,4.0,1.0,4.0,1840.0,0.0,2.61,40.7390953,-74.005716,26v2,329,36061007900
1006270013,641 HUDSON STREET,MN,627,13,10014.0,1007900,79,C7,4.0,641 HUDSON STREET LLC,3212.0,13010.0,11010.0,2000.0,0.0,2000.0,16.0,17.0,1.0,5.0,1886.0,0.0,4.05,40.7390239,-74.0058098,26v2,340,36061007900
1006270014,639 1/2 HUDSON STREET,MN,627,14,10014.0,1007900,79,S2,4.0,639-1/2 HUDSON STREET LLC,1300.0,3110.0,1600.0,1510.0,0.0,1510.0,2.0,3.0,1.0,3.0,1854.0,0.0,2.39,40.738958,-74.005734,26v2,341,36061007900
1006270018,47 HORATIO STREET,MN,627,18,10014.0,1007900,79,B9,1.0,HOWARD A ELLINS,936.0,2480.0,1984.0,0.0,0.0,0.0,2.0,2.0,1.0,4.0,1848.0,0.0,2.65,40.7389031,-74.0059469,26v2,358,36061007900
1006270019,49 HORATIO STREET,MN,627,19,10014.0,1007900,79,B1,1.0,"MORAWETZ, NANCY",936.0,2480.0,1984.0,0.0,0.0,0.0,2.0,2.0,1.0,4.0,1848.0,0.0,2.65,40.7389031,-74.0060046,26v2,361,36061007900
1006270020,51 HORATIO STREET,MN,627,20,10014.0,1007900,79,A4,1.0,"KODAMA, CHIKAKO",936.0,2710.0,2168.0,0.0,0.0,0.0,1.0,1.0,1.0,4.0,1848.0,2015.0,2.9,40.7389031,-74.0060624,26v2,364,36061007900
1006270043,320 WEST 13 STREET,MN,627,43,10014.0,1007700,77,O6,5.0,320 WEST 13TH REALTY LLC,18177.0,181550.0,0.0,181550.0,181468.0,0.0,0.0,6.0,1.0,9.0,1912.0,1986.0,9.99,40.7390761,-74.0041282,26v2,266,36061007700
1006277502,57 HORATIO STREET,MN,627,7502,10014.0,1007900,79,R6,2.0,UNAVAILABLE OWNER,1000.0,2972.0,2972.0,0.0,0.0,0.0,3.0,3.0,1.0,3.0,1848.0,2002.0,2.97,40.7388921,-74.0062608,26v2,376,36061007900
1006277503,59 HORATIO STREET,MN,627,7503,10014.0,1007900,79,RM,4.0,UNAVAILABLE OWNER,1150.0,3396.0,2506.0,890.0,0.0,890.0,2.0,3.0,1.0,4.0,1848.0,2004.0,2.95,40.7389004,-74.006333,26v2,380,36061007900
1006290001,675 HUDSON STREET,MN,629,1,10014.0,1007900,79,K4,4.0,BIRLEY PROPCO LLC,5860.0,29300.0,11720.0,17580.0,0.0,17580.0,5.0,13.0,1.0,5.0,1849.0,1964.0,5.0,40.7403716,-74.0054815,26v2,221,36061007900
1006290038,73 8 AVENUE,MN,629,38,10014.0,1007700,77,S3,4.0,KEEL HOLDING LLC,2575.0,10300.0,7700.0,2600.0,0.0,2600.0,3.0,4.0,1.0,4.0,1834.0,2011.0,4.0,40.7395455,-74.0030781,26v2,202,36061007700
1006290039,71 8 AVENUE,MN,629,39,10014.0,1007700,77,S5,4.0,"HERITAGE 11, LLC",2575.0,9760.0,6260.0,3500.0,0.0,2400.0,6.0,7.0,1.0,4.0,1833.0,0.0,3.79,40.7394824,-74.0031214,26v2,209,36061007700
1006290040,69 8 AVENUE,MN,629,40,10014.0,1007700,77,C6,2.0,67 8 AVE OWNERS INC,2575.0,10055.0,8055.0,2000.0,0.0,2000.0,18.0,20.0,1.0,5.0,1884.0,0.0,3.9,40.739422,-74.0031647,26v2,216,36061007700
1006290041,67 8 AVENUE,MN,629,41,10014.0,1007700,77,C6,2.0,67 8 AVE OWNERS INC,2583.0,10105.0,8105.0,2000.0,0.0,2000.0,18.0,20.0,1.0,5.0,1884.0,0.0,3.91,40.7393589,-74.0032116,26v2,222,36061007700
1006290042,65 8 AVENUE,MN,629,42,10014.0,1007700,77,C7,4.0,"65 EIGHTH AVENUE,",1806.0,6220.0,4720.0,1500.0,0.0,1500.0,11.0,14.0,1.0,4.0,1852.0,1971.0,3.44,40.739271,-74.0032116,26v2,232,36061007700
1006290043,303 WEST 13 STREET,MN,629,43,10014.0,1007700,77,O2,5.0,STURJO LLC,792.0,2343.0,0.0,2343.0,2343.0,0.0,0.0,4.0,1.0,3.0,1850.0,0.0,2.96,40.7393424,-74.0033776,26v2,225,36061007700
1006297504,77 8 AVENUE,MN,629,7504,10014.0,1007700,77,RM,4.0,THE BANK BUILDING CONDOMINIUM,7746.0,33668.0,23227.0,10441.0,4490.0,5951.0,11.0,13.0,2.0,6.0,1907.0,0.0,4.35,40.739669,-74.0029879,26v2,189,36061007700
1006300021,686 GREENWICH STREET,MN,630,21,10014.0,1007500,75,D5,3.0,MO-HAK ASSOCIATES LLC,6787.0,24365.0,24365.0,0.0,0.0,0.0,42.0,42.0,1.0,5.0,1869.0,1979.0,3.59,40.7331089,-74.0077433,26v2,994,36061007500
1006300038,260 WEST 10 STREET,MN,630,38,10014.0,1007500,75,C6,2.0,260 W 10 ST HOUSING CORP,2880.0,9984.0,9984.0,0.0,0.0,0.0,10.0,10.0,1.0,5.0,1897.0,1975.0,3.47,40.7334987,-74.0070722,26v2,933,36061007500
1006300048,501 HUDSON STREET,MN,630,48,10014.0,1007500,75,K4,4.0,501 HUDSON CO. LLC,2775.0,5570.0,2000.0,3570.0,795.0,2775.0,2.0,6.0,1.0,2.0,1953.0,1988.0,2.01,40.7331364,-74.0067005,26v2,961,36061007500
1006300050,133 CHRISTOPHER STREET,MN,630,50,10014.0,1007500,75,B2,1.0,KESSLER STEPHEN G,1510.0,4176.0,3132.0,0.0,0.0,0.0,2.0,2.0,1.0,3.0,1819.0,0.0,2.77,40.7331309,-74.0068701,26v2,966,36061007500
1006300130,681 GREENWICH STREET,MN,630,130,10014.0,1007500,75,C1,2.0,"STAIRWAY APTS, LLC",1292.0,4800.0,4800.0,0.0,0.0,0.0,10.0,10.0,1.0,4.0,1845.0,1982.0,3.72,40.7330897,-74.0072454,26v2,980,36061007500
1006307501,692 GREENWICH STREET,MN,630,7501,10014.0,1007500,75,RM,4.0,NAME NOT ON FILE,1802.0,8234.0,6252.0,1982.0,0.0,1982.0,4.0,5.0,1.0,5.0,1869.0,0.0,4.57,40.7332406,-74.0076856,26v2,978,36061007500
1006310013,134 CHARLES STREET,MN,631,13,10014.0,1007500,75,S2,4.0,134 CHARLES LLC,4667.0,8914.0,4646.0,4268.0,4268.0,0.0,2.0,3.0,1.0,3.0,1912.0,1986.0,1.91,40.7340036,-74.0077975,26v2,905,36061007500
1006310015,132 CHARLES STREET,MN,631,15,10014.0,1007500,75,B1,1.0,DONNA K. MCCORMICK,567.0,1800.0,1800.0,0.0,0.0,0.0,2.0,2.0,1.0,3.0,1819.0,0.0,3.17,40.7341189,-74.0076857,26v2,889,36061007500
1006310016,130 CHARLES STREET,MN,631,16,10014.0,1007500,75,A4,1.0,"130 CHARLES STREET, LLC",735.0,3354.0,3354.0,0.0,0.0,0.0,1.0,1.0,1.0,3.0,1853.0,2008.0,4.56,40.7341217,-74.0076027,26v2,886,36061007500
1006310017,716 GREENWICH STREET,MN,631,17,10014.0,1007500,75,C7,4.0,128 CHARLES STREET LLC,1675.0,8051.0,6441.0,1610.0,0.0,1610.0,12.0,16.0,1.0,5.0,1881.0,0.0,4.81,40.7341546,-74.0074187,26v2,876,36061007500
1006310018,714 GREENWICH STREET,MN,631,18,10014.0,1007500,75,C1,2.0,714 GREENWICH LLC,1525.0,6155.0,6155.0,0.0,0.0,0.0,10.0,10.0,1.0,5.0,1889.0,2020.0,4.04,40.7340805,-74.0074547,26v2,885,36061007500
1006310024,702 GREENWICH STREET,MN,631,24,10014.0,1007500,75,S1,4.0,"702 GREENWICH STREET, LLC",1707.0,1703.0,1067.0,636.0,0.0,636.0,1.0,2.0,1.0,1.0,1937.0,2007.0,1.0,40.7336606,-74.0075593,26v2,931,36061007500
1006310025,269 WEST 10 STREET,MN,631,25,10014.0,1007500,75,C0,2.0,"ROBERT ELI ANTAR, AS TRUSTEE",882.0,2832.0,2088.0,0.0,0.0,0.0,3.0,3.0,1.0,3.0,1835.0,0.0,3.21,40.7336606,-74.0076892,26v2,936,36061007500
1006310026,271 WEST 10 STREET,MN,631,26,10014.0,1007500,75,A4,1.0,271 WEST 10TH STREET LLC,2619.0,7657.0,7657.0,0.0,0.0,0.0,1.0,1.0,1.0,3.0,1911.0,2008.0,2.92,40.7337209,-74.0077903,26v2,933,36061007500
1006310030,697 GREENWICH STREET,MN,631,30,10014.0,1007500,75,D5,3.0,EPH 259 WEST 10TH STREET LLC,6710.0,51200.0,51200.0,0.0,0.0,0.0,53.0,53.0,1.0,8.0,1892.0,0.0,7.63,40.7337951,-74.0070109,26v2,900,36061007500
1006310034,705 GREENWICH STREET,MN,631,34,10014.0,1007500,75,S9,4.0,705 GREENWICH PROPER,2250.0,4400.0,2250.0,2150.0,0.0,2150.0,2.0,4.0,1.0,3.0,1828.0,0.0,1.96,40.7340009,-74.0069532,26v2,877,36061007500
1006310037,711 GREENWICH STREET,MN,631,37,10014.0,1007500,75,K2,5.0,STEPHAN WEISS STUDISLTD,7155.0,9599.0,0.0,9599.0,0.0,9599.0,0.0,1.0,1.0,2.0,1945.0,1982.0,1.34,40.7341492,-74.0069135,26v2,860,36061007500
1006310039,533 HUDSON STREET,MN,631,39,10014.0,1007500,75,S5,4.0,NEVINS REALTY LLC,1324.0,2609.0,1609.0,1000.0,0.0,1000.0,5.0,6.0,1.0,3.5,1827.0,0.0,1.97,40.7343084,-74.0064733,26v2,831,36061007500
1006310041,529 HUDSON STREET,MN,631,41,10014.0,1007500,75,K4,4.0,GBR RRJ LIMITED LIABILITY COMPANY,1522.0,4014.0,1476.0,2538.0,0.0,2538.0,2.0,4.0,1.0,3.0,1827.0,1986.0,2.64,40.7341959,-74.0065202,26v2,844,36061007500
1006310042,527 HUDSON STREET,MN,631,42,10014.0,1007500,75,C6,2.0,DOSHUN OWNERS CORP,2700.0,8307.0,5728.0,2579.0,2579.0,0.0,2.0,3.0,1.0,4.0,1858.0,1978.0,3.08,40.7341382,-74.0065743,26v2,852,36061007500
1006310046,519 HUDSON STREET,MN,631,46,10014.0,1007500,75,C7,4.0,"HUDSON STREET EQUITIES GROUP, LP",12399.0,39285.0,33585.0,5700.0,0.0,5700.0,90.0,96.0,5.0,5.0,1889.0,1986.0,3.17,40.7339269,-74.0066176,26v2,875,36061007500
1006310140,531 HUDSON STREET,MN,631,140,10014.0,1007500,75,S4,4.0,531 HUDSON STREET LIMITED LIABILITY COMP ANY,984.0,3650.0,2360.0,1290.0,0.0,240.0,4.0,5.0,1.0,3.0,1827.0,0.0,3.71,40.7342535,-74.0064625,26v2,836,36061007500
1006320003,689 WASHINGTON STREET,MN,632,3,10014.0,1007500,75,A4,1.0,"SACKHEIM, CARL",5773.0,1892.0,1892.0,0.0,0.0,0.0,1.0,1.0,1.0,3.0,1981.0,0.0,0.33,40.7343494,-74.0082342,26v2,887,36061007500
1006320004,691 WASHINGTON STREET,MN,632,4,10014.0,1007500,75,A4,1.0,MARC SHERMAN 2011 TRUST,1539.0,1892.0,1892.0,0.0,0.0,0.0,1.0,1.0,1.0,3.0,1981.0,0.0,1.23,40.7344016,-74.008162,26v2,879,36061007500
1006320005,693 WASHINGTON STREET,MN,632,5,10014.0,1007500,75,A4,1.0,HAND  ROBERT E,2126.0,1892.0,1892.0,0.0,0.0,0.0,1.0,1.0,1.0,3.0,1981.0,0.0,0.89,40.7344565,-74.0081692,26v2,874,36061007500
1006320006,695 WASHINGTON STREET,MN,632,6,10014.0,1007500,75,C6,2.0,PERRY WASHINGTON TENANTS CORP,8099.0,14628.0,14628.0,0.0,0.0,0.0,9.0,9.0,1.0,4.0,1911.0,1979.0,1.81,40.7346184,-74.0081765,26v2,859,36061007500
1006320029,129 CHARLES STREET,MN,632,29,10014.0,1007500,75,A4,1.0,"CHARLES REALTY ASSOCIATES, LLC",2502.0,6991.0,6991.0,0.0,0.0,0.0,1.0,1.0,1.0,4.0,1897.0,1983.0,2.79,40.7344373,-74.0075739,26v2,853,36061007500
1006320034,139 CHARLES STREET,MN,632,34,10014.0,1007500,75,K1,5.0,WASHINGTON 685 LLC,2500.0,2580.0,0.0,2580.0,0.0,2580.0,0.0,1.0,1.0,1.0,1955.0,0.0,1.03,40.7342918,-74.0080537,26v2,886,36061007500
1006320036,121 CHARLES STREET,MN,632,36,10014.0,1007500,75,A9,1.0,SURI BIELER,4868.0,958.0,958.0,0.0,0.0,0.0,1.0,1.0,1.0,2.0,1810.0,0.0,0.2,40.7344648,-74.0068702,26v2,826,36061007500
1006320039,719 GREENWICH STREET,MN,632,39,10014.0,1007500,75,D0,3.0,GREENWICH GREEN COOPERATIVE IN,4550.0,25746.0,25746.0,0.0,0.0,0.0,14.0,14.0,1.0,6.0,1909.0,1976.0,5.66,40.7345938,-74.0068269,26v2,812,36061007500
1006320048,549 HUDSON STREET,MN,632,48,10014.0,1007500,75,C7,4.0,PERRY 112-114 LLC,2251.0,11900.0,9100.0,2800.0,1400.0,0.0,13.0,15.0,1.0,5.0,1891.0,0.0,5.29,40.7349863,-74.0064156,26v2,758,36061007500
1006320052,541 HUDSON STREET,MN,632,52,10014.0,1007500,75,S2,4.0,WEST VILLAGE HUDSON STREET LLC,840.0,3116.0,1558.0,1558.0,0.0,779.0,2.0,3.0,1.0,3.0,1846.0,0.0,3.71,40.734775,-74.006412,26v2,780,36061007500
1006320055,535 HUDSON STREET,MN,632,55,10014.0,1007500,75,C7,4.0,535 HUDSON REALTY LLC,5115.0,20273.0,16773.0,3500.0,0.0,3500.0,30.0,34.0,1.0,5.0,1953.0,1983.0,3.96,40.734624,-74.0064084,26v2,796,36061007500
1006320056,115 CHARLES STREET,MN,632,56,10014.0,1007500,75,C6,2.0,115 CHARLES ST RLTY INC,2391.0,9515.0,9515.0,0.0,0.0,0.0,15.0,15.0,1.0,5.0,1893.0,1984.0,3.98,40.7345938,-74.0065527,26v2,803,36061007500
1006320057,117 CHARLES STREET,MN,632,57,10014.0,1007500,75,C4,2.0,431 HOLDING CORP,1380.0,5700.0,5700.0,0.0,0.0,0.0,13.0,13.0,1.0,4.0,1853.0,0.0,4.13,40.734528,-74.0066321,26v2,813,36061007500
1006320149,547 HUDSON STREET,MN,632,149,10014.0,1007500,75,S3,4.0,547 HUDSON LLC,1576.0,4328.0,3246.0,1082.0,0.0,1082.0,3.0,4.0,1.0,4.0,1846.0,1980.0,2.75,40.734926,-74.0064156,26v2,765,36061007500
1006320151,543 HUDSON STREET,MN,632,151,10014.0,1007500,75,S1,4.0,HOPE AUGUSTINE,1364.0,3344.0,2508.0,836.0,0.0,836.0,1.0,2.0,1.0,4.0,1846.0,1980.0,2.45,40.7348272,-74.0064084,26v2,775,36061007500
1006327501,545 HUDSON STREET,MN,632,7501,10014.0,1007500,75,R6,2.0,UNAVAILABLE OWNER,1458.0,3955.0,3955.0,0.0,0.0,0.0,2.0,2.0,1.0,4.0,1846.0,0.0,2.71,40.7348766,-74.0064156,26v2,770,36061007500
1006327502,140 PERRY STREET,MN,632,7502,10014.0,1007500,75,R1,2.0,UNAVAILABLE OWNER,6138.0,28569.0,28569.0,0.0,0.0,0.0,8.0,8.0,1.0,5.0,1909.0,0.0,4.65,40.7346624,-74.0079275,26v2,844,36061007500
1006327503,132 PERRY STREET,MN,632,7503,10014.0,1007500,75,RM,4.0,UNAVAILABLE OWNER,8183.0,41875.0,25292.0,16583.0,4366.0,12217.0,10.0,16.0,2.0,11.0,1915.0,0.0,5.12,40.7347008,-74.0076641,26v2,830,36061007500
1006330008,338 WEST 11 STREET,MN,633,8,10014.0,1007500,75,C4,2.0,336-338 WEST 11TH STREET OWNER LLC,4933.0,18965.0,18965.0,0.0,0.0,0.0,20.0,20.0,2.0,5.0,1890.0,0.0,3.84,40.7353678,-74.0078626,26v2,773,36061007500
1006330015,322 WEST 11 STREET,MN,633,15,10014.0,1007500,75,C7,4.0,"322 WEST 11TH STREET, LLC",2703.0,15960.0,13760.0,2200.0,0.0,2200.0,18.0,20.0,1.0,6.0,1902.0,1986.0,5.9,40.7355078,-74.00726,26v2,735,36061007500
1006330017,320 WEST 11 STREET,MN,633,17,10014.0,1007500,75,B9,1.0,SHIRLEY A. WRIGHT REVOCABLE TRUST,1260.0,2535.0,2535.0,0.0,0.0,0.0,2.0,2.0,1.0,3.0,1843.0,0.0,2.01,40.7355188,-74.007141,26v2,729,36061007500
1006330018,318 WEST 11 STREET,MN,633,18,10014.0,1007500,75,B1,1.0,"STROLIGO, CHRIS M",1400.0,2320.0,2320.0,0.0,0.0,0.0,2.0,2.0,1.0,3.0,1843.0,0.0,1.66,40.7355188,-74.0070616,26v2,726,36061007500
1006330019,316 WEST 11 STREET,MN,633,19,10014.0,1007500,75,C5,2.0,AI R NEW YORK LLC,956.0,4020.0,3020.0,1000.0,0.0,1000.0,6.0,7.0,1.0,4.0,1843.0,1983.0,4.21,40.7355764,-74.0069858,26v2,718,36061007500
1006330024,738 GREENWICH STREET,MN,633,24,10014.0,1007500,75,G1,10.0,125 OWNERS LLC,10000.0,39628.0,0.0,39628.0,0.0,0.0,0.0,1.0,1.0,4.0,1930.0,1986.0,3.96,40.7351647,-74.0072528,26v2,769,36061007500
1006330027,129 PERRY STREET,MN,633,27,10014.0,1007500,75,C7,4.0,129 PERRY STREET LLC,2454.0,11622.0,11222.0,400.0,400.0,0.0,24.0,25.0,1.0,6.0,1902.0,1962.0,4.74,40.7351345,-74.0074873,26v2,780,36061007500
1006330030,135 PERRY STREET,MN,633,30,10014.0,1007500,75,C6,2.0,135 PERRY OWNERS CORP,2438.0,9600.0,9600.0,0.0,0.0,0.0,16.0,16.0,1.0,5.0,1890.0,1983.0,3.94,40.7351015,-74.0077471,26v2,794,36061007500
1006330031,137 PERRY STREET,MN,633,31,10014.0,1007500,75,G8,5.0,CUKER ENTERPRISES INC,2475.0,3596.0,0.0,3596.0,1125.0,0.0,0.0,1.0,1.0,1.0,1945.0,1984.0,1.45,40.7350906,-74.0078373,26v2,799,36061007500
1006330032,139 PERRY STREET,MN,633,32,10014.0,1007500,75,G1,10.0,139 PERRY STREET LLC,1983.0,1972.0,0.0,1972.0,0.0,0.0,0.0,1.0,1.0,1.0,1945.0,1981.0,0.99,40.7350768,-74.0079203,26v2,804,36061007500
1006330033,141 PERRY STREET,MN,633,33,10014.0,1007500,75,B1,1.0,"HITZ, ELIZABETH BARBARA",1600.0,3040.0,2280.0,0.0,0.0,0.0,2.0,2.0,1.0,3.0,1846.0,0.0,1.9,40.7350411,-74.0079853,26v2,810,36061007500
1006330034,143 PERRY STREET,MN,633,34,10014.0,1007500,75,S3,4.0,143 PERRY CORP,864.0,2839.0,2439.0,400.0,0.0,400.0,3.0,4.0,1.0,4.0,1859.0,0.0,3.29,40.734978,-74.008043,26v2,818,36061007500
1006330038,733 GREENWICH STREET,MN,633,38,10014.0,1007500,75,C7,4.0,"117 PERRY STREET PROPERTY, LLC",3150.0,17470.0,14970.0,2500.0,0.0,2500.0,25.0,28.0,1.0,6.0,1905.0,1986.0,5.55,40.7351647,-74.0067188,26v2,750,36061007500
1006330040,737 GREENWICH STREET,MN,633,40,10014.0,1007500,75,C3,2.0,"CHARLTON, AMANDA",1330.0,1330.0,1330.0,0.0,0.0,0.0,4.0,4.0,1.0,2.5,1838.0,0.0,1.0,40.7352526,-74.0066899,26v2,740,36061007500
1006330041,739 GREENWICH STREET,MN,633,41,10014.0,1007500,75,C3,2.0,"LEROY, YANN",1548.0,1412.0,1412.0,0.0,0.0,0.0,4.0,4.0,1.0,3.0,1843.0,0.0,0.91,40.7352992,-74.0066574,26v2,734,36061007500
1006330042,741 GREENWICH STREET,MN,633,42,10014.0,1007500,75,B9,1.0,GREENWICH STREET IRREVOCABLE TRUST DATED  3-15-2011,1254.0,2160.0,2160.0,0.0,0.0,0.0,2.0,2.0,1.0,3.0,1854.0,0.0,1.72,40.7353541,-74.0066214,26v2,727,36061007500
1006330043,743 GREENWICH STREET,MN,633,43,10014.0,1007500,75,G2,7.0,"EHA ENTERPRISES, LLC",1707.0,1707.0,0.0,1707.0,0.0,0.0,0.0,1.0,1.0,1.0,1930.0,0.0,1.0,40.7354063,-74.0066177,26v2,722,36061007500
1006330044,745 GREENWICH STREET,MN,633,44,10014.0,1007500,75,B1,1.0,BARBARA COHN SCHLACHET REVOCABLE TRUST,1178.0,1836.0,1836.0,0.0,0.0,0.0,2.0,2.0,1.0,3.0,1835.0,0.0,1.56,40.7354639,-74.0066502,26v2,717,36061007500
1006330045,747 GREENWICH STREET,MN,633,45,10014.0,1007500,75,C3,2.0,"PLOTKIN, ROBERT I",1370.0,1680.0,1680.0,0.0,0.0,0.0,4.0,4.0,1.0,3.0,1835.0,0.0,1.23,40.7354941,-74.0066069,26v2,712,36061007500
1006330047,312 WEST 11 STREET,MN,633,47,10014.0,1007500,75,A4,1.0,OUR TOWNHOUSE LLC,1260.0,3040.0,2280.0,0.0,0.0,0.0,1.0,1.0,1.0,3.0,1843.0,2008.0,2.41,40.7355929,-74.0065853,26v2,702,36061007500
1006330048,310 WEST 11 STREET,MN,633,48,10014.0,1007500,75,A4,1.0,310W11 LLC,3140.0,2520.0,2520.0,0.0,0.0,0.0,1.0,1.0,1.0,3.0,1843.0,2010.0,0.8,40.7355902,-74.0065131,26v2,699,36061007500
1006330049,308 WEST 11 STREET,MN,633,49,10014.0,1007500,75,A4,1.0,TERRANO ANTHONY E,1696.0,3600.0,2700.0,0.0,0.0,0.0,1.0,1.0,1.0,3.0,1843.0,0.0,2.12,40.7355902,-74.006441,26v2,697,36061007500
1006330050,306 WEST 11 STREET,MN,633,50,10014.0,1007500,75,M9,8.0,KHANIQAHI NIMATULLAHI NY,2375.0,4275.0,1675.0,2600.0,0.0,0.0,2.0,3.0,1.0,3.0,1845.0,0.0,1.8,40.7355792,-74.0063544,26v2,695,36061007500
1006330055,557 HUDSON STREET,MN,633,55,10014.0,1007500,75,S3,4.0,557 HUDSON STREET LLC,2282.0,5248.0,3460.0,1788.0,0.0,1788.0,4.0,6.0,2.0,3.0,1842.0,1985.0,2.3,40.7354228,-74.0063255,26v2,710,36061007500
1006330056,555 HUDSON STREET,MN,633,56,10014.0,1007500,75,S2,4.0,"555 HUDSON STREET, LLC",1039.0,1920.0,1280.0,640.0,0.0,640.0,2.0,3.0,1.0,3.0,1842.0,0.0,1.85,40.7353569,-74.006311,26v2,717,36061007500
1006330060,113 PERRY STREET,MN,633,60,10014.0,1007500,75,C4,2.0,"115 PERRY STREET, LLC",2530.0,15660.0,15660.0,0.0,0.0,0.0,19.0,19.0,1.0,6.0,1905.0,1989.0,6.19,40.7352279,-74.006477,26v2,735,36061007500
1006340004,727 WASHINGTON STREET,MN,634,4,10014.0,1007500,75,A4,1.0,727 WASHINGTON NYC LLC,3803.0,10935.0,10935.0,0.0,0.0,0.0,1.0,1.0,1.0,3.0,1893.0,2009.0,2.88,40.7359579,-74.0080684,26v2,727,36061007500
1006340009,132 BANK STREET,MN,634,9,10014.0,1007500,75,A4,1.0,"SHIPMAN, SUSANNAH G",1026.0,2448.0,2448.0,0.0,0.0,0.0,1.0,1.0,1.0,3.5,1833.0,2008.0,2.39,40.7360951,-74.0079818,26v2,710,36061007500
1006340010,130 BANK STREET,MN,634,10,10014.0,1007500,75,B3,1.0,BEARS130 LLC,1694.0,1836.0,1836.0,0.0,0.0,0.0,2.0,2.0,1.0,3.0,1837.0,0.0,1.08,40.7360512,-74.0078988,26v2,710,36061007500
1006340011,128 BANK STREET,MN,634,11,10014.0,1007500,75,B3,1.0,"GAGNON, JOSEPH RAYMOND",1694.0,1836.0,1836.0,0.0,0.0,0.0,2.0,2.0,1.0,3.0,1837.0,0.0,1.08,40.7360622,-74.0078338,26v2,706,36061007500
1006340012,126 BANK STREET,MN,634,12,10014.0,1007500,75,A4,1.0,"GORDON, SARAH A",1694.0,1836.0,1836.0,0.0,0.0,0.0,1.0,1.0,1.0,3.0,1837.0,0.0,1.08,40.7360704,-74.0077725,26v2,703,36061007500
1006340014,122 BANK STREET,MN,634,14,10014.0,1007500,75,O2,5.0,H.B.PLAYWRIGHTS FDTSINC,2375.0,3610.0,0.0,3610.0,3610.0,0.0,4.0,4.0,1.0,4.0,1868.0,1982.0,1.52,40.7360924,-74.0076173,26v2,694,36061007500
1006340015,120 BANK STREET,MN,634,15,10014.0,1007500,75,W9,8.0,"HERBERT BERGHOF STUDIO, INC.",2375.0,6440.0,0.0,6440.0,6440.0,0.0,0.0,7.0,1.0,3.0,1836.0,0.0,2.71,40.7361034,-74.0075307,26v2,689,36061007500
1006340033,317 WEST 11TH STREET,MN,634,33,10014.0,1007500,75,C1,2.0,PGGL LLC,3320.0,6837.0,5098.0,0.0,0.0,0.0,7.0,7.0,2.0,3.0,1845.0,2015.0,2.06,40.7358701,-74.0071554,26v2,695,36061007500
1006340035,321 WEST 11 STREET,MN,634,35,10014.0,1007500,75,C7,4.0,321 W 11 ST. LLC,3050.0,10400.0,7700.0,2700.0,0.0,2700.0,18.0,20.0,1.0,5.0,1839.0,1988.0,3.41,40.7358674,-74.0072817,26v2,701,36061007500
1006340036,323 WEST 11 STREET,MN,634,36,10014.0,1007500,75,C6,2.0,323-325-327 WEST 11TH STREET OWNERSCORP.,8182.0,31206.0,28006.0,3200.0,0.0,3200.0,39.0,44.0,3.0,5.0,1897.0,0.0,3.81,40.7358372,-74.007491,26v2,712,36061007500
1006340040,331 WEST 11 STREET,MN,634,40,10014.0,1007500,75,C3,2.0,B K VADEHRA,1987.0,3939.0,3939.0,0.0,0.0,0.0,4.0,4.0,1.0,4.0,1839.0,0.0,1.98,40.7358124,-74.0076787,26v2,723,36061007500
1006340041,333 WEST 11 STREET,MN,634,41,10014.0,1007500,75,C1,2.0,"VIDEO STORYBOARD TESTS, INC.",2027.0,4905.0,4905.0,0.0,0.0,0.0,9.0,9.0,1.0,4.0,1839.0,1956.0,2.42,40.7358015,-74.0077508,26v2,727,36061007500
1006340042,335 WEST 11 STREET,MN,634,42,10014.0,1007500,75,A5,1.0,335 11TH STREET LLC,2027.0,4004.0,3150.0,0.0,0.0,0.0,1.0,1.0,1.0,3.5,1839.0,1987.0,1.98,40.7357905,-74.0078302,26v2,732,36061007500
1006340047,337 WEST 11 STREET,MN,634,47,10014.0,1007500,75,D5,3.0,RKS 341 WEST 11TH LLC,7100.0,53500.0,53500.0,0.0,0.0,0.0,62.0,62.0,1.0,6.0,1905.0,1982.0,7.54,40.7357136,-74.0080611,26v2,749,36061007500
1006340048,311 WEST 11 STREET,MN,634,48,10014.0,1007500,75,A4,1.0,"11TH AND GREENWICH, LLC",1372.0,2718.0,2718.0,0.0,0.0,0.0,1.0,1.0,1.0,3.0,1837.0,2004.0,1.98,40.7358427,-74.006607,26v2,677,36061007500
1006340049,755 GREENWICH STREET,MN,634,49,10014.0,1007500,75,S1,4.0,"755 GREENWICH, LLC",2760.0,6000.0,4000.0,2000.0,2000.0,0.0,1.0,2.0,2.0,3.0,1837.0,2005.0,2.17,40.7359113,-74.0065204,26v2,667,36061007500
1006340052,761 GREENWICH STREET,MN,634,52,10014.0,1007500,75,B9,1.0,761 GREENWICH STREET LLC,1470.0,2646.0,2646.0,0.0,0.0,0.0,2.0,2.0,1.0,3.0,1838.0,0.0,1.8,40.7360486,-74.0064879,26v2,652,36061007500
1006340053,763 GREENWICH STREET,MN,634,53,10014.0,1007500,75,A4,1.0,MANGO TANGO LLC,1465.0,4218.0,4218.0,0.0,0.0,0.0,1.0,1.0,1.0,4.0,1838.0,2008.0,2.88,40.7361089,-74.0064735,26v2,645,36061007500
1006340056,769 GREENWICH STREET,MN,634,56,10014.0,1007500,75,A4,1.0,"ANSCHLOWAR, JEFFREY R",882.0,2001.0,2001.0,0.0,0.0,0.0,1.0,1.0,1.0,3.0,1839.0,2005.0,2.27,40.7363148,-74.0065132,26v2,626,36061007500
1006340057,96 BANK STREET,MN,634,57,10014.0,1007500,75,B9,1.0,"HOUSE NUMBER 96, LLC",1005.0,2736.0,2052.0,0.0,0.0,0.0,2.0,2.0,1.0,3.0,1839.0,0.0,2.72,40.7363203,-74.0064446,26v2,623,36061007500
1006340058,94 BANK STREET,MN,634,58,10014.0,1007500,75,B1,1.0,O'BRIEN BNK ST LLC,901.0,2896.0,2132.0,0.0,0.0,0.0,2.0,2.0,1.0,3.0,1839.0,0.0,3.21,40.7363203,-74.0063797,26v2,621,36061007500
1006340059,92 BANK STREET,MN,634,59,10014.0,1007500,75,B9,1.0,STARCIRCLE LLC,576.0,2356.0,1767.0,0.0,0.0,0.0,2.0,2.0,1.0,2.0,1839.0,0.0,4.09,40.7363368,-74.0063256,26v2,617,36061007500
1006340060,581 HUDSON STREET,MN,634,60,10014.0,1007500,75,D8,3.0,"581 HUDSON STREET, LLC",3432.0,16700.0,14700.0,2000.0,0.0,2000.0,22.0,24.0,1.0,5.0,1873.0,0.0,4.87,40.7363615,-74.0061668,26v2,609,36061007500
1006340062,579 HUDSON STREET,MN,634,62,10014.0,1007500,75,C7,4.0,579 HUDSON STREET LLC,1935.0,5558.0,4658.0,900.0,0.0,900.0,10.0,11.0,1.0,3.0,1870.0,1961.0,2.87,40.7362462,-74.0061848,26v2,621,36061007500
1006340065,571 HUDSON STREET,MN,634,65,10014.0,1007500,75,D0,3.0,571 HUDSON ST APT CORP,3605.0,22671.0,19574.0,3097.0,0.0,3097.0,16.0,17.0,1.0,5.0,1892.0,1978.0,6.29,40.7360156,-74.0062245,26v2,646,36061007500
1006340067,569 HUDSON STREET,MN,634,67,10014.0,1007500,75,C7,4.0,569 HUDSON 5 LLC,1904.0,8902.0,5712.0,3190.0,0.0,1606.0,16.0,17.0,1.0,4.0,1836.0,0.0,4.68,40.7359113,-74.0062461,26v2,658,36061007500
1006347501,765 GREENWICH STREET,MN,634,7501,10014.0,1007500,75,R1,2.0,UNAVAILABLE OWNER,1452.0,3328.0,3328.0,0.0,0.0,0.0,4.0,4.0,1.0,2.5,1838.0,0.0,2.29,40.7361666,-74.0064591,26v2,639,36061007500
1006350002,735 WASHINGTON STREET,MN,635,2,10014.0,1007900,79,B9,1.0,"MCCULLAGH GRACE, CHARLOTTE",1180.0,2400.0,2400.0,0.0,0.0,0.0,2.0,2.0,1.0,3.0,1845.0,2009.0,2.03,40.7363669,-74.0080756,26v2,690,36061007900
1006350003,737 WASHINGTON STREET,MN,635,3,10014.0,1007900,79,B3,1.0,"MERRIMAN, DWIGHT A.",1500.0,3112.0,3112.0,0.0,0.0,0.0,2.0,2.0,1.0,3.0,1845.0,0.0,2.07,40.7364245,-74.0080432,26v2,683,36061007900
1006350004,739 WASHINGTON STREET,MN,635,4,10014.0,1007900,79,C0,2.0,BFT WASHINGTON LLC,1400.0,2400.0,2400.0,0.0,0.0,0.0,3.0,3.0,1.0,3.0,1845.0,0.0,1.71,40.7364794,-74.0080504,26v2,679,36061007900
1006350005,745 WASHINGTON STREET,MN,635,5,10014.0,1007900,79,A4,1.0,WHITNEY MUSEUM OF AMERICAN ART,4870.0,5850.0,5850.0,0.0,0.0,0.0,1.0,1.0,1.0,2.0,1913.0,2008.0,1.2,40.7365892,-74.0080215,26v2,668,36061007900
1006350008,747 WASHINGTON STREET,MN,635,8,10014.0,1007900,79,G1,10.0,WHAAM-NOMAD LLC,2052.0,2052.0,0.0,2052.0,0.0,0.0,0.0,1.0,1.0,1.0,1916.0,0.0,1.0,40.7367017,-74.0079746,26v2,655,36061007900
1006350009,749 WASHINGTON STREET,MN,635,9,10014.0,1007900,79,C0,2.0,"SCHOONOVER, KATHERINE W",1140.0,3120.0,2280.0,0.0,0.0,0.0,3.0,3.0,1.0,3.0,1842.0,0.0,2.74,40.7367594,-74.0080432,26v2,654,36061007900
1006350012,41 BETHUNE STREET,MN,635,12,10014.0,1007900,79,B9,1.0,"SCHIFFER, ROBERT",1200.0,2400.0,2400.0,0.0,0.0,0.0,2.0,2.0,1.0,3.0,1842.0,0.0,2.0,40.7368143,-74.0079025,26v2,642,36061007900
1006350018,31 BETHUNE STREET,MN,635,18,10014.0,1007900,79,C4,2.0,31 BETHUNE STREET LLC,2105.0,7993.0,7993.0,0.0,0.0,0.0,9.0,9.0,1.0,5.0,1890.0,2005.0,3.8,40.7367759,-74.0075128,26v2,626,36061007900
1006350019,29 BETHUNE STREET,MN,635,19,10014.0,1007900,79,C0,2.0,BREZY INVESTMENT CORP,1980.0,3520.0,2640.0,0.0,0.0,0.0,3.0,3.0,1.0,4.0,1836.0,0.0,1.78,40.7367786,-74.0074298,26v2,621,36061007900
1006350020,27 BETHUNE STREET,MN,635,20,10014.0,1007900,79,C0,2.0,27 BETHUNE LLC,2296.0,3520.0,2640.0,0.0,0.0,0.0,3.0,3.0,1.0,3.0,1836.0,0.0,1.53,40.7367841,-74.0073504,26v2,617,36061007900
1006350021,25 BETHUNE STREET,MN,635,21,10014.0,1007900,79,B3,1.0,"WOODS, EDWARD",1560.0,3520.0,2640.0,0.0,0.0,0.0,2.0,2.0,1.0,3.0,1836.0,0.0,2.26,40.7367896,-74.007271,26v2,613,36061007900
1006350024,19 BETHUNE STREET,MN,635,24,10014.0,1007900,79,A4,1.0,BETHUNE STREET LLC,1672.0,3700.0,2730.0,0.0,0.0,0.0,1.0,1.0,1.0,3.0,1837.0,2018.0,2.21,40.7367896,-74.0070329,26v2,602,36061007900
1006350026,772 GREENWICH STREET,MN,635,26,10014.0,1007900,79,D1,3.0,"780 GREENWICH OWNER, LLC",14425.0,70350.0,70350.0,0.0,0.0,0.0,90.0,90.0,1.0,6.0,1949.0,2020.0,4.88,40.7366936,-74.0068272,26v2,602,36061007900
1006350035,109 BANK STREET,MN,635,35,10014.0,1007900,79,A4,1.0,109 WEST SIDE LLC,1860.0,3440.0,2520.0,0.0,0.0,0.0,1.0,1.0,1.0,3.0,1846.0,0.0,1.85,40.7365508,-74.0071808,26v2,631,36061007900
1006350036,111 BANK STREET,MN,635,36,10014.0,1007900,79,C5,2.0,TEN BEARS HOLDINGS LLC,1930.0,3960.0,3960.0,0.0,0.0,0.0,7.0,7.0,1.0,4.0,1846.0,0.0,2.05,40.7365426,-74.0072566,26v2,635,36061007900
1006350037,113 BANK STREET,MN,635,37,10014.0,1007900,79,A7,1.0,"113-115 BANK STREET, LLC",4180.0,10832.0,10832.0,0.0,0.0,0.0,1.0,1.0,1.0,4.5,1857.0,2007.0,2.59,40.7365261,-74.0073756,26v2,642,36061007900
1006350039,117 BANK STREET,MN,635,39,10014.0,1007900,79,C4,2.0,117 LIMITED PARTNERSHIP,2587.0,9620.0,9620.0,0.0,0.0,0.0,20.0,20.0,1.0,5.0,1884.0,1988.0,3.72,40.7365151,-74.0075019,26v2,649,36061007900
1006350040,119 BANK STREET,MN,635,40,10014.0,1007900,79,C4,2.0,117 LIMITED PARTNERSHIP,2865.0,9505.0,9505.0,0.0,0.0,0.0,20.0,20.0,1.0,5.0,1884.0,0.0,3.32,40.7365178,-74.0075957,26v2,653,36061007900
1006350041,121 BANK STREET,MN,635,41,10014.0,1007900,79,C4,2.0,117 LIMITED PARTNERSHIP,1767.0,6400.0,6400.0,0.0,0.0,0.0,10.0,10.0,1.0,5.0,1884.0,0.0,3.62,40.7364959,-74.0076643,26v2,658,36061007900
1006350042,123 BANK STREET,MN,635,42,10014.0,1007900,79,D5,3.0,ELK 123 BONCK LLC,6685.0,37064.0,37064.0,0.0,0.0,0.0,49.0,49.0,1.0,4.0,1907.0,1978.0,5.54,40.7364931,-74.0077906,26v2,665,36061007900
1006350046,129 BANK STREET,MN,635,46,10014.0,1007900,79,B1,1.0,"GRIMES, JOHN M.",600.0,1240.0,1240.0,0.0,0.0,0.0,2.0,2.0,1.0,3.0,1855.0,0.0,2.07,40.7363531,-74.0079205,26v2,684,36061007900
1006357501,33 BETHUNE STREET,MN,635,7501,10014.0,1007900,79,R4,3.0,PICKWICK HOUSE INC,5260.0,30113.0,30113.0,0.0,0.0,0.0,24.0,24.0,1.0,6.0,1886.0,0.0,5.72,40.7367896,-74.0076679,26v2,632,36061007900
1006357502,131 BANK STREET,MN,635,7502,10014.0,1007900,79,RM,4.0,UNAVAILABLE OWNER,1134.0,4840.0,3356.0,1484.0,0.0,1484.0,4.0,5.0,1.0,5.0,1899.0,0.0,4.27,40.736312,-74.0080865,26v2,696,36061007900
1006357503,751 WASHINGTON STREET,MN,635,7503,10014.0,1007900,79,R6,2.0,UNAVAILABLE OWNER,1140.0,3040.0,3040.0,0.0,0.0,0.0,2.0,2.0,1.0,,1842.0,0.0,2.67,40.7368143,-74.0080432,26v2,649,36061007900
1006370063,354 WEST 11 STREET,MN,637,63,10014.0,1007500,75,C0,2.0,FV STREETS OF NEW YORK LLC,2178.0,3840.0,2880.0,0.0,0.0,0.0,3.0,3.0,1.0,3.0,1842.0,0.0,1.76,40.735225,-74.0088477,26v2,831,36061007500
1006400034,755 WASHINGTON STREET,MN,640,34,10014.0,1007900,79,K2,5.0,755 WASHINGTON STREET LLC,8038.0,16076.0,0.0,16076.0,0.0,16076.0,0.0,1.0,1.0,2.0,1938.0,2014.0,2.0,40.7371628,-74.0079711,26v2,615,36061007900
1006400039,765 WASHINGTON STREET,MN,640,39,10014.0,1007900,79,S5,4.0,"VIDEO STORYBOARD TEST, INC.",1140.0,4465.0,3565.0,900.0,0.0,0.0,6.0,7.0,1.0,5.0,1886.0,0.0,3.92,40.7373961,-74.0079603,26v2,595,36061007900
1006400040,767 WASHINGTON STREET,MN,640,40,10014.0,1007900,79,S1,4.0,366 WEST 12TH STREET LLC,715.0,3714.0,2314.0,1400.0,0.0,1400.0,1.0,2.0,1.0,3.0,1842.0,0.0,5.19,40.7374483,-74.0079675,26v2,592,36061007900
1006400044,354 WEST 12 STREET,MN,640,44,10014.0,1007900,79,C6,2.0,350-52-54 WEST 12TH OWNERS CORP,5657.0,23720.0,23720.0,0.0,0.0,0.0,49.0,49.0,3.0,5.0,1875.0,0.0,4.19,40.7373632,-74.0075309,26v2,575,36061007900
1006400047,344 WEST 12 STREET,MN,640,47,10014.0,1007900,79,D4,3.0,344 WEST 12TH STREET OWNERS CORP,5790.0,22530.0,22530.0,0.0,0.0,0.0,47.0,47.0,1.0,6.0,1928.0,1987.0,3.89,40.7373633,-74.0072711,26v2,561,36061007900
1006400051,338 WEST 12 STREET,MN,640,51,10014.0,1007900,79,C5,2.0,"OSPREY POINT INVESTMENTS XVIII, LLC",1930.0,2985.0,2985.0,0.0,0.0,0.0,6.0,6.0,1.0,4.0,1860.0,2009.0,1.55,40.7373605,-74.0070113,26v2,548,36061007900
1006400053,334 WEST 12 STREET,MN,640,53,10014.0,1007900,79,A4,1.0,"334W12, LLC",885.0,2820.0,2180.0,0.0,0.0,0.0,1.0,1.0,1.0,4.0,1854.0,0.0,3.19,40.7374127,-74.0068417,26v2,535,36061007900
1006400054,332 WEST 12 STREET,MN,640,54,10014.0,1007900,79,B1,1.0,MATTESON  GEORGE A,885.0,2560.0,1920.0,0.0,0.0,0.0,2.0,2.0,1.0,3.0,1854.0,0.0,2.89,40.7374127,-74.0067695,26v2,532,36061007900
1006400055,330 WEST 12 STREET,MN,640,55,10014.0,1007900,79,A4,1.0,PHILIP LAFFEY,885.0,2560.0,1920.0,0.0,0.0,0.0,1.0,1.0,1.0,3.0,1854.0,0.0,2.89,40.7374127,-74.0066973,26v2,528,36061007900
1006400056,328 WEST 12 STREET,MN,640,56,10014.0,1007900,79,C4,2.0,328 MANAGEMENT INC,1018.0,5090.0,4072.0,1018.0,0.0,1018.0,8.0,10.0,1.0,5.0,1877.0,0.0,5.0,40.7374127,-74.0066179,26v2,525,36061007900
1006400064,20 BETHUNE STREET,MN,640,64,10014.0,1007900,79,C6,2.0,20 BETHUNE OWNERS CORP,3203.0,12290.0,12290.0,0.0,0.0,0.0,18.0,18.0,1.0,5.0,1910.0,1983.0,3.84,40.7371355,-74.0070437,26v2,570,36061007900
1006400067,26 BETHUNE STREET,MN,640,67,10014.0,1007900,79,C2,2.0,"26 BETHUNE STREET, LLC",1306.0,2181.0,2181.0,0.0,0.0,0.0,5.0,5.0,1.0,4.0,1845.0,0.0,1.67,40.7371382,-74.0072025,26v2,578,36061007900
1006400068,28 BETHUNE STREET,MN,640,68,10014.0,1007900,79,C0,2.0,NEW YORK UNIVERSITYSCHOOL OF LAW FOUNDAT ION,1689.0,3360.0,2520.0,0.0,0.0,0.0,3.0,3.0,1.0,3.0,1845.0,0.0,1.99,40.7371382,-74.0072711,26v2,581,36061007900
1006400069,30 BETHUNE STREET,MN,640,69,10014.0,1007900,79,B3,1.0,CERNIGLIA ADRIENNE,1367.0,2448.0,1836.0,0.0,0.0,0.0,2.0,2.0,1.0,3.0,1845.0,0.0,1.79,40.7371382,-74.007336,26v2,584,36061007900
1006400070,32 BETHUNE STREET,MN,640,70,10014.0,1007900,79,A9,1.0,EMILY BRONKESH-BUCHBINDER AS TRUSTEE,1367.0,2448.0,1836.0,0.0,0.0,0.0,1.0,1.0,1.0,3.0,1845.0,0.0,1.79,40.7371382,-74.0073973,26v2,587,36061007900
1006400073,38 BETHUNE STREET,MN,640,73,10014.0,1007900,79,A5,1.0,38 BETHUNE STREET LLC,1760.0,5280.0,5280.0,0.0,0.0,0.0,1.0,1.0,1.0,3.0,1927.0,2005.0,3.0,40.7371382,-74.0076247,26v2,599,36061007900
1006410042,86 JANE STREET,MN,641,42,10014.0,1007900,79,A4,1.0,JANE 86 LLC,1760.0,3193.0,2395.0,0.0,0.0,0.0,1.0,1.0,1.0,3.0,1858.0,0.0,1.81,40.7379698,-74.0074407,26v2,519,36061007900
1006410043,84 JANE STREET,MN,641,43,10014.0,1007900,79,A4,1.0,THE GARCHA-BEDI 2000 TRUST,1920.0,4288.0,3112.0,0.0,0.0,0.0,1.0,1.0,1.0,3.0,1858.0,2011.0,2.23,40.7379698,-74.0073541,26v2,514,36061007900
1006410044,82 JANE STREET,MN,641,44,10014.0,1007900,79,C4,2.0,UNAVAILABLE OWNER,3406.0,14680.0,14680.0,0.0,0.0,0.0,49.0,49.0,2.0,5.0,1886.0,0.0,4.31,40.7379671,-74.0072314,26v2,507,36061007900
1006410046,80 JANE STREET,MN,641,46,10014.0,1007900,79,B9,1.0,"GRANN, GEORGIA ADAMS",1140.0,2520.0,1890.0,0.0,0.0,0.0,2.0,2.0,1.0,3.0,1849.0,0.0,2.21,40.7379671,-74.007134,26v2,502,36061007900
1006410047,78 JANE STREET,MN,641,47,10014.0,1007900,79,A4,1.0,KATHARINE EMMA MCCAGG,1100.0,2340.0,1755.0,0.0,0.0,0.0,1.0,1.0,1.0,3.0,1855.0,0.0,2.13,40.7379671,-74.0070835,26v2,499,36061007900
1006410048,76 JANE STREET,MN,641,48,10014.0,1007900,79,A4,1.0,"DAHLBERG, ROBIN L",1100.0,2340.0,1755.0,0.0,0.0,0.0,1.0,1.0,1.0,3.0,1855.0,0.0,2.13,40.7379671,-74.0070294,26v2,496,36061007900
1006410049,74 JANE STREET,MN,641,49,10014.0,1007900,79,A5,1.0,"PENNEY, DAVID JEFFREY",1106.0,2768.0,2076.0,0.0,0.0,0.0,1.0,1.0,1.0,3.0,1855.0,1986.0,2.5,40.7379671,-74.0069825,26v2,493,36061007900
1006410050,72 JANE STREET,MN,641,50,10014.0,1007900,79,B1,1.0,"GABEL, FREDERICK D JR",1133.0,2520.0,1890.0,0.0,0.0,0.0,2.0,2.0,1.0,3.0,1855.0,0.0,2.22,40.7379671,-74.0069319,26v2,491,36061007900
1006410051,70 JANE STREET,MN,641,51,10014.0,1007900,79,A4,1.0,GO FOR YOUR LIFE NYC LLC,1352.0,2832.0,2124.0,0.0,0.0,0.0,1.0,1.0,1.0,3.0,1855.0,1973.0,2.09,40.7379616,-74.0068778,26v2,488,36061007900
1006410052,812 GREENWICH STREET,MN,641,52,10014.0,1007900,79,D0,3.0,JANE STREET TENANTS CORP,4337.0,30345.0,30345.0,0.0,0.0,0.0,14.0,14.0,1.0,7.0,1897.0,1976.0,7.0,40.7380001,-74.0067082,26v2,476,36061007900
1006410058,802 GREENWICH STREET,MN,641,58,10014.0,1007900,79,S1,4.0,"JEFFREY A. LEVITT, AS TRUSTEE",7397.0,11889.0,8502.0,3387.0,3387.0,0.0,1.0,2.0,1.0,3.0,1944.0,1989.0,1.61,40.737775,-74.006701,26v2,495,36061007900
1006410059,337 WEST 12 STREET,MN,641,59,10014.0,1007900,79,B3,1.0,337 WEST 12TH TRUST,1076.0,2448.0,1836.0,0.0,0.0,0.0,2.0,2.0,1.0,3.0,1847.0,0.0,2.28,40.7377146,-74.0068453,26v2,508,36061007900
1006410060,339 WEST 12 STREET,MN,641,60,10014.0,1007900,79,B1,1.0,"WESTERN CLINE NY, LLC",1453.0,2592.0,1944.0,0.0,0.0,0.0,2.0,2.0,1.0,3.0,1847.0,2010.0,1.78,40.7377366,-74.0069067,26v2,509,36061007900
1006410061,341 WEST 12 STREET,MN,641,61,10014.0,1007900,79,B1,1.0,12TH STREET COBBLESTONE LLC,1453.0,2996.0,2133.0,0.0,0.0,0.0,2.0,2.0,1.0,3.0,1847.0,0.0,2.06,40.7377366,-74.0069716,26v2,513,36061007900
1006410065,349 WEST 12 STREET,MN,641,65,10014.0,1007900,79,O8,4.0,WILLIAM GOTTLIEB,5280.0,13938.0,3744.0,10194.0,8434.0,1760.0,2.0,8.0,1.0,3.0,1870.0,2013.0,2.64,40.7377393,-74.0073613,26v2,533,36061007900
1006410075,361 WEST 12 STREET,MN,641,75,10014.0,1007900,79,K4,4.0,775 WASHINGTON OPCO LLC,10585.0,21170.0,,,,,0.0,2.0,1.0,2.0,1925.0,0.0,2.0,40.737753,-74.0078629,26v2,561,36061007900
1006420012,108 HORATIO STREET,MN,642,12,10014.0,1007900,79,D1,3.0,110-114 HORATIO II L.L.C.,4885.0,26250.0,26250.0,0.0,0.0,0.0,33.0,33.0,1.0,6.0,1883.0,1987.0,5.37,40.7385763,-74.0089853,26v2,577,36061007900
1006420038,783 WASHINGTON STREET,MN,642,38,10014.0,1007900,79,A5,1.0,SEAN MACPHERSON,1400.0,2100.0,2100.0,0.0,0.0,0.0,1.0,1.0,1.0,3.0,1849.0,2003.0,1.5,40.738236,-74.0079387,26v2,529,36061007900
1006420039,785 WASHINGTON STREET,MN,642,39,10014.0,1007900,79,A9,1.0,ANDREA ROSEN,1333.0,2870.0,2870.0,0.0,0.0,0.0,1.0,1.0,1.0,3.0,1873.0,2003.0,2.15,40.7383101,-74.0079351,26v2,523,36061007900
1006420045,88 HORATIO STREET,MN,642,45,10014.0,1007900,79,C6,2.0,82 HORATIO OWNERS LTD.,2187.0,8125.0,8125.0,0.0,0.0,0.0,20.0,20.0,1.0,5.0,1878.0,0.0,3.72,40.7385737,-74.0076321,26v2,485,36061007900
1006420046,86 HORATIO STREET,MN,642,46,10014.0,1007900,79,C6,2.0,82 HORATION OWNERS LTD,2185.0,8125.0,8125.0,0.0,0.0,0.0,20.0,20.0,1.0,5.0,1878.0,0.0,3.72,40.7385737,-74.0075455,26v2,479,36061007900
1006420049,80 HORATIO STREET,MN,642,49,10014.0,1007900,79,C4,2.0,JANE ST GARDEN LLC,2145.0,6133.0,5433.0,700.0,0.0,700.0,8.0,9.0,1.0,5.0,1853.0,1986.0,2.86,40.7385764,-74.0073001,26v2,463,36061007900
1006420052,72 HORATIO STREET,MN,642,52,10014.0,1007900,79,D0,3.0,72 HORATIO ST OWNERS CORP,4360.0,16600.0,16600.0,0.0,0.0,0.0,8.0,8.0,1.0,4.0,1907.0,2010.0,3.81,40.7385737,-74.0069861,26v2,444,36061007900
1006420056,828 GREENWICH STREET,MN,642,56,10014.0,1007900,79,C0,2.0,"TGOE PROPERTIES, LLC",1562.0,3582.0,2664.0,0.0,0.0,0.0,3.0,3.0,1.0,2.0,1839.0,0.0,2.29,40.7385984,-74.0066866,26v2,424,36061007900
1006420057,822 GREENWICH STREET,MN,642,57,10014.0,1007900,79,D0,3.0,GREENWICH CORP,6887.0,19032.0,19032.0,0.0,0.0,0.0,24.0,24.0,1.0,3.0,1957.0,1983.0,2.76,40.7384996,-74.0067444,26v2,436,36061007900
1006420062,820 GREENWICH STREET,MN,642,62,10014.0,1007900,79,O5,5.0,"69 JANE STREET COMPANY, LLC",6132.0,22898.0,6812.0,16086.0,3648.0,3200.0,2.0,4.0,1.0,6.0,1909.0,1968.0,3.73,40.7382938,-74.0067299,26v2,452,36061007900
1006420063,71 JANE STREET,MN,642,63,10014.0,1007900,79,B1,1.0,"LOUPIS, KYRIACOS",1807.0,3360.0,2520.0,0.0,0.0,0.0,2.0,2.0,1.0,3.0,1847.0,1971.0,1.86,40.7383239,-74.006932,26v2,461,36061007900
1006420064,73 JANE STREET,MN,642,64,10014.0,1007900,79,C0,2.0,"BRANT, SANDRA J.",1807.0,3780.0,2800.0,0.0,0.0,0.0,3.0,3.0,1.0,3.0,1847.0,0.0,2.09,40.7383239,-74.0070041,26v2,465,36061007900
1006420065,75 JANE STREET,MN,642,65,10014.0,1007900,79,A4,1.0,77 JANE LLC,3610.0,7918.0,5834.0,0.0,0.0,0.0,1.0,1.0,1.0,3.0,1847.0,2010.0,2.19,40.7383239,-74.007116,26v2,472,36061007900
1006420069,83 JANE STREET,MN,642,69,10014.0,1007900,79,C0,2.0,"83 JANE STREET, LLC",2011.0,4648.0,4648.0,0.0,0.0,0.0,3.0,3.0,1.0,4.0,1854.0,0.0,2.31,40.7383239,-74.0073867,26v2,488,36061007900
1006420070,85 JANE STREET,MN,642,70,10014.0,1007900,79,A7,1.0,85 JANE REALTY LLC,8127.0,12179.0,12179.0,0.0,0.0,0.0,1.0,1.0,2.0,2.0,1860.0,2007.0,1.5,40.7383102,-74.0076068,26v2,502,36061007900
1006430054,842 GREENWICH STREET,MN,643,54,10014.0,1007900,79,K2,5.0,"46-50 GANSEVOORT STREET, LLC",6281.0,11762.0,0.0,11762.0,0.0,11762.0,0.0,2.0,1.0,2.0,1939.0,2004.0,1.87,40.739205,-74.0067047,26v2,380,36061007900
1006430057,838 GREENWICH STREET,MN,643,57,10014.0,1007900,79,D0,3.0,838 GREENWICH ST CORP,4085.0,18969.0,18969.0,0.0,0.0,0.0,29.0,29.0,1.0,4.0,1981.0,1981.0,4.64,40.7390486,-74.0067119,26v2,391,36061007900
1006430062,65 HORATIO STREET,MN,643,62,10014.0,1007900,79,B3,1.0,65 HORATIO LLC,850.0,2296.0,1698.0,0.0,0.0,0.0,2.0,2.0,1.0,3.0,1845.0,0.0,2.7,40.7388592,-74.0068346,26v2,413,36061007900
1006430063,67 HORATIO STREET,MN,643,63,10014.0,1007900,79,A4,1.0,"AMAMPURI PROPERTIES, INC.",1949.0,4600.0,3450.0,0.0,0.0,0.0,1.0,1.0,1.0,3.0,1842.0,0.0,2.36,40.7389388,-74.0069393,26v2,414,36061007900
1006430064,69 HORATIO STREET,MN,643,64,10014.0,1007900,79,C3,2.0,AMAMPURI REALTY LLC,1949.0,4432.0,4432.0,0.0,0.0,0.0,4.0,4.0,1.0,3.0,1836.0,0.0,2.27,40.7389388,-74.0070223,26v2,419,36061007900
1006430065,71 HORATIO STREET,MN,643,65,10014.0,1007900,79,C0,2.0,"MERYMAN, ELIZABETH",1949.0,4224.0,3147.0,0.0,0.0,0.0,3.0,3.0,1.0,3.0,1836.0,0.0,2.17,40.7389388,-74.0071016,26v2,424,36061007900
1006430066,73 HORATIO STREET,MN,643,66,10014.0,1007900,79,W8,8.0,WEST VILLAGE NURSERY,1949.0,4257.0,0.0,4257.0,4257.0,0.0,2.0,3.0,1.0,3.0,1836.0,1984.0,2.18,40.7389387,-74.0071846,26v2,430,36061007900
1006430069,79 HORATIO STREET,MN,643,69,10014.0,1007900,79,A4,1.0,PALMSAW LLC,1938.0,6010.0,6010.0,0.0,0.0,0.0,1.0,1.0,1.0,4.0,1870.0,2013.0,3.1,40.7389387,-74.0074372,26v2,447,36061007900
1006430070,81 HORATIO STREET,MN,643,70,10014.0,1007900,79,B1,1.0,HORATIO ST. LLC,1943.0,6000.0,4800.0,0.0,0.0,0.0,2.0,2.0,1.0,4.0,1870.0,2009.0,3.09,40.738936,-74.0075202,26v2,452,36061007900
1006430071,83 HORATIO STREET,MN,643,71,10014.0,1007900,79,B9,1.0,RT HORATIO PROPERTY LLC,1938.0,3312.0,2484.0,0.0,0.0,0.0,2.0,2.0,1.0,3.0,1853.0,0.0,1.71,40.738936,-74.0076032,26v2,458,36061007900
1006440030,817 WASHINGTON STREET,MN,644,30,10014.0,1007900,79,K4,4.0,817-33 WASHINGTON STREET LLC,6660.0,19406.0,0.0,19406.0,8626.0,10780.0,0.0,5.0,1.0,3.0,1887.0,1945.0,2.91,40.7395947,-74.0077657,26v2,431,36061007900
1006440033,823 WASHINGTON STREET,MN,644,33,10014.0,1007900,79,K2,5.0,817-33 WASHINGTON STREET LLC,1710.0,2633.0,0.0,2633.0,0.0,2633.0,0.0,2.0,1.0,2.0,1880.0,0.0,1.54,40.7397319,-74.0077405,26v2,423,36061007900
1006440036,829 WASHINGTON STREET,MN,644,36,10014.0,1007900,79,K2,5.0,817-33 WASHINGTON STREET LLC,817.0,1678.0,0.0,1678.0,839.0,839.0,0.0,2.0,1.0,2.0,1880.0,0.0,2.05,40.7398856,-74.0078126,26v2,421,36061007900
1006440037,831 WASHINGTON STREET,MN,644,37,10014.0,1007900,79,K2,5.0,817-33 WASHINGTON STREET LLC,1275.0,2397.0,0.0,2397.0,1198.0,1199.0,0.0,1.0,1.0,2.0,1880.0,0.0,1.88,40.7399488,-74.007791,26v2,417,36061007900
1006440038,833 WASHINGTON STREET,MN,644,38,10014.0,1007900,79,K2,5.0,817-33 WASHINGTON STREET LLC,3492.0,6984.0,0.0,6984.0,3492.0,3492.0,0.0,3.0,1.0,2.0,1880.0,1945.0,2.0,40.7400586,-74.0077694,26v2,411,36061007900
1006440040,36 LITTLE WEST 12 ST,MN,644,40,10014.0,1007900,79,K2,5.0,817-33 WASHINGTON STREET LLC,1354.0,2197.0,0.0,2197.0,0.0,2197.0,0.0,2.0,1.0,2.0,1880.0,0.0,1.62,40.7399515,-74.0076467,26v2,405,36061007900
1006440048,14 LITTLE WEST 12 ST,MN,644,48,10014.0,1007900,79,K1,5.0,"LITTLE WEST 12TH STREET REALTY, L.P.",4181.0,2970.0,0.0,2970.0,0.0,2970.0,0.0,1.0,1.0,1.0,1928.0,0.0,0.71,40.7397238,-74.0070873,26v2,374,36061007900
1006440054,7 9 AVENUE,MN,644,54,10014.0,1007900,79,K4,4.0,"LITTLE WEST 12TH STREET REALTY, L.P.",1260.0,3660.0,0.0,3660.0,0.0,2040.0,0.0,1.0,1.0,4.0,1849.0,2006.0,2.9,40.7396359,-74.0066579,26v2,348,36061007900
1006440055,5 9 AVENUE,MN,644,55,10014.0,1007900,79,B9,1.0,"LITTLE WEST 12TH STREET REALTY, L.P.",1197.0,2280.0,2280.0,0.0,0.0,0.0,2.0,2.0,1.0,3.0,1849.0,0.0,1.9,40.7395865,-74.0066939,26v2,354,36061007900
1006440063,67 GANSEVOORT STREET,MN,644,63,10014.0,1007900,79,O5,5.0,NUEVA MAISON LLC,2000.0,5317.0,0.0,5317.0,3317.0,2000.0,0.0,2.0,1.0,3.0,1887.0,0.0,2.66,40.7395975,-74.0074698,26v2,409,36061007900
1006440064,69 GANSEVOORT STREET,MN,644,64,10014.0,1007900,79,K2,5.0,RECORD STORE LIFE MANAGEMENT LLC,2020.0,3007.0,0.0,3007.0,0.0,3007.0,0.0,1.0,1.0,2.0,1949.0,2015.0,1.49,40.7395975,-74.00756,26v2,416,36061007900
1006450029,416 WEST 13 STREET,MN,645,29,10014.0,1007900,79,O5,5.0,"GREENWAY MEWS RELATY,",35971.0,144000.0,0.0,144000.0,96000.0,48000.0,0.0,44.0,1.0,3.0,1902.0,2014.0,4.0,40.7403413,-74.0071668,26v2,352,36061007900
1006450038,406 WEST 13 STREET,MN,645,38,10014.0,1007900,79,K2,5.0,CA 406 WEST 13TH STREET LLC,1459.0,2364.0,0.0,2364.0,904.0,1460.0,0.0,2.0,1.0,2.0,1846.0,1988.0,1.62,40.7403167,-74.00651,26v2,301,36061007900
1006450049,19 9 AVENUE,MN,645,49,10014.0,1007900,79,K4,4.0,9TH AVENUE DELAWARE OWNER LLC,16103.0,58659.0,0.0,58659.0,0.0,58659.0,0.0,3.0,1.0,5.0,1889.0,2015.0,3.64,40.7399928,-74.0065244,26v2,318,36061007900
1006450062,835 WASHINGTON STREET,MN,645,62,10014.0,1007900,79,K2,5.0,"835 WASHINGTON STREET, LLC",2581.0,7743.0,0.0,7743.0,0.0,7743.0,0.0,1.0,1.0,2.0,1927.0,2004.0,3.0,40.7404291,-74.0076575,26v2,389,36061007900
1006460014,446 WEST 14 STREET,MN,646,14,10014.0,1007900,79,O9,5.0,MEAT PACK 14 REALTY LLC,5162.0,15416.0,0.0,15416.0,11539.0,3877.0,0.0,3.0,1.0,3.0,1937.0,2010.0,2.99,40.7415737,-74.0075963,26v2,370,36061007900
1006460027,428 WEST 14 STREET,MN,646,27,10014.0,1007900,79,O5,5.0,875 WASHINGTON STREET OWNER LLC,10325.0,53658.0,0.0,53658.0,43152.0,10506.0,0.0,49.0,1.0,5.0,1887.0,1984.0,5.2,40.7411812,-74.0070586,26v2,325,36061007900
1006460029,426 WEST 14 STREET,MN,646,29,10014.0,1007900,79,O5,5.0,BEN'OUS REALTY INC,2581.0,15486.0,0.0,15486.0,12905.0,2581.0,0.0,6.0,1.0,6.0,1910.0,2015.0,6.0,40.7412553,-74.0068457,26v2,307,36061007900
1006460037,410 WEST 14 STREET,MN,646,37,10014.0,1007900,79,C4,2.0,AMCOJOR REALTY CORP,2575.0,6221.0,3721.0,2500.0,0.0,2500.0,4.0,5.0,1.0,3.0,1909.0,0.0,2.42,40.7409891,-74.0062141,26v2,257,36061007900
1006460038,408 WEST 14 STREET,MN,646,38,10014.0,1007900,79,O5,5.0,404 WEST LLC,10325.0,37400.0,0.0,37400.0,27400.0,10000.0,0.0,11.0,1.0,4.0,1891.0,2003.0,3.62,40.7409041,-74.0060156,26v2,242,36061007900
1006460043,400 WEST 14 STREET,MN,646,43,10014.0,1007900,79,O5,5.0,SAAB ASSOCIATES,5162.0,24000.0,5000.0,19000.0,15000.0,4000.0,7.0,10.0,1.0,5.0,1886.0,0.0,4.65,40.7408025,-74.0057775,26v2,225,36061007900
1006460049,405 WEST 13 STREET,MN,646,49,10014.0,1007900,79,O5,5.0,JARMCO HOLDING CORP,7744.0,39751.0,0.0,39751.0,29179.0,9844.0,0.0,2.0,1.0,6.0,1909.0,0.0,5.13,40.7407092,-74.0063296,26v2,273,36061007900
1006460056,419 WEST 13 STREET,MN,646,56,10014.0,1007900,79,O5,5.0,MAILLOFF INC,2788.0,15390.0,0.0,15390.0,10260.0,5130.0,0.0,2.0,1.0,6.0,1900.0,2016.0,5.52,40.740904,-74.0067951,26v2,306,36061007900
1006460057,421 WEST 13 STREET,MN,646,57,10014.0,1007900,79,O5,5.0,"M. MEILMAN REALTY AND CONSULTING,",7537.0,44082.0,0.0,44082.0,29388.0,14694.0,0.0,8.0,1.0,6.0,1902.0,0.0,5.85,40.7409726,-74.0069539,26v2,319,36061007900
1006467501,415 WEST 13 STREET,MN,646,7501,10014.0,1007900,79,RC,5.0,UNAVAILABLE OWNER,15487.0,80330.0,0.0,80330.0,42614.0,27182.0,0.0,4.0,1.0,5.0,1901.0,2002.0,5.19,40.740893,-74.0065064,26v2,283,36061007900
1006467503,29 9 AVENUE,MN,646,7503,10014.0,1007900,79,RC,5.0,UNAVAILABLE OWNER,10330.0,73409.0,0.0,25386.0,0.0,25386.0,0.0,2.0,1.0,6.0,1903.0,0.0,7.11,40.7405912,-74.0060517,26v2,254,36061007900
1006970005,553 WEST 25 STREET,MN,697,5,10001.0,1009901,99,O5,5.0,MFP 555 W 25 STREET LP,7406.0,40926.0,0.0,40926.0,27426.0,13500.0,0.0,8.0,1.0,6.0,1891.0,1985.0,5.53,40.7501072,-74.0053524,26v2,989,36061009901
1006970013,521 WEST 25 STREET,MN,697,13,10001.0,1009901,99,K9,5.0,PRIME STORAGE EMPIRE CAPITAL TWENTY-FIFT H STREET W,24687.0,81065.0,0.0,81065.0,0.0,18000.0,0.0,1.0,3.0,4.0,1901.0,2002.0,3.28,40.7497258,-74.0044429,26v2,936,36061009901
1006970027,507 WEST 25 STREET,MN,697,27,10001.0,1009901,99,G1,10.0,WEST CHELSEA BUILDING LLC,9875.0,6350.0,0.0,6350.0,0.0,0.0,0.0,1.0,1.0,1.0,1934.0,0.0,0.64,40.7495144,-74.0035622,26v2,907,36061009901
1006977501,543 WEST 25 STREET,MN,697,7501,10001.0,1009901,99,RK,5.0,UNAVAILABLE OWNER,6458.0,73489.0,0.0,73489.0,0.0,0.0,0.0,21.0,1.0,20.0,2007.0,0.0,11.38,40.7499343,-74.0049409,26v2,965,36061009901
1006980044,510 WEST 27 STREET,MN,698,44,10001.0,1009902,99,E1,6.0,CF 510 WEST 27TH ASSOCIATES LLC,7406.0,40000.0,0.0,40000.0,0.0,0.0,0.0,2.0,1.0,6.0,1910.0,1989.0,5.4,40.7503379,-74.0032194,26v2,998,36061009902
1007120011,439 WEST 14 STREET,MN,712,11,10014.0,1008300,83,J6,5.0,"CECO STUDIOS,",15487.0,46330.0,0.0,46330.0,0.0,0.0,0.0,3.0,1.0,3.0,1893.0,0.0,2.99,40.7420568,-74.0068746,26v2,318,36061008300
1007120014,421 WEST 14 STREET,MN,712,14,10014.0,1008300,83,O5,5.0,413 WEST 14 ASSOCS,17208.0,53685.0,0.0,53685.0,33396.0,16698.0,0.0,28.0,2.0,3.0,1914.0,0.0,3.12,40.7417604,-74.0065931,26v2,289,36061008300
1007120021,413 WEST 14 STREET,MN,712,21,10014.0,1008300,83,O5,5.0,413 WEST 14 ASSOCS,8603.0,38468.0,0.0,38468.0,25162.0,8357.0,0.0,2.0,1.0,4.0,1914.0,1989.0,4.47,40.7415957,-74.0061998,26v2,253,36061008300
1007120024,409 WEST 14 STREET,MN,712,24,10014.0,1008300,83,O5,5.0,405 WEST 14TH STREET LLC,5162.0,18489.0,0.0,18489.0,13644.0,4845.0,0.0,3.0,1.0,4.0,1876.0,2009.0,3.58,40.7415079,-74.0059904,26v2,235,36061008300
1007120026,407 WEST 14 STREET,MN,712,26,10014.0,1008300,83,O5,5.0,405 WEST 14TH STREET LLC,2950.0,12969.0,0.0,12969.0,7089.0,5880.0,0.0,1.0,1.0,4.0,1876.0,0.0,4.4,40.7414777,-74.0058605,26v2,224,36061008300
1007120027,405 WEST 14 STREET,MN,712,27,10014.0,1008300,83,K4,4.0,405 WEST 14TH STREET LLC,2950.0,8590.0,0.0,8590.0,4295.0,4295.0,0.0,1.0,1.0,4.0,1878.0,2012.0,2.91,40.7414448,-74.0057811,26v2,217,36061008300
1007170039,159 9 AVENUE,MN,717,39,10011.0,1008900,89,S3,4.0,NENZI RLTY CP,2627.0,6032.0,4532.0,1500.0,0.0,1500.0,3.0,4.0,1.0,4.0,1861.0,1968.0,2.3,40.7444586,-74.0032191,26v2,345,36061008900
1007170042,165 9 AVENUE,MN,717,42,10011.0,1008900,89,S4,4.0,"165 NINTH AVENUE, LLC",1386.0,4915.0,3715.0,1200.0,0.0,1200.0,4.0,5.0,1.0,5.0,1845.0,1969.0,3.55,40.7445574,-74.0030964,26v2,356,36061008900
1007170045,402 WEST 20 STREET,MN,717,45,10011.0,1008900,89,C2,2.0,"DONAC, LLC",1971.0,6545.0,6545.0,0.0,0.0,0.0,5.0,5.0,1.0,5.0,1897.0,0.0,3.32,40.7446425,-74.003248,26v2,365,36061008900
1007170046,404 WEST 20 STREET,MN,717,46,10011.0,1008900,89,B3,1.0,404 W 20 LLC,2700.0,4562.0,3437.0,0.0,0.0,0.0,2.0,2.0,1.0,3.0,1830.0,2023.0,1.69,40.744637,-74.0033562,26v2,365,36061008900
1007170047,406 WEST 20 STREET,MN,717,47,10011.0,1008900,89,C0,2.0,"GUERRERO, ALLEGRA A",2227.0,3696.0,2772.0,0.0,0.0,0.0,3.0,3.0,1.0,3.0,1840.0,0.0,1.66,40.7446727,-74.0034212,26v2,369,36061008900
1007170048,408 WEST 20 STREET,MN,717,48,10011.0,1008900,89,C0,2.0,"KORNHAUSER, LAURA",2227.0,4410.0,3528.0,0.0,0.0,0.0,3.0,3.0,1.0,4.0,1840.0,0.0,1.98,40.7447001,-74.0034862,26v2,372,36061008900
1007170050,412 WEST 20 STREET,MN,717,50,10011.0,1008900,89,C3,2.0,412 W20 OWNERS LLC,2229.0,4730.0,4730.0,0.0,0.0,0.0,4.0,4.0,1.0,3.5,1840.0,0.0,2.12,40.744755,-74.0036197,26v2,379,36061008900
1007170051,414 WEST 20 STREET,MN,717,51,10011.0,1008900,89,C2,2.0,ISOLINO FERNANDEZ,2227.0,4730.0,4730.0,0.0,0.0,0.0,5.0,5.0,1.0,3.5,1840.0,0.0,2.12,40.7447852,-74.0036919,26v2,383,36061008900
1007170052,416 WEST 20 STREET,MN,717,52,10011.0,1008900,89,C2,2.0,"416W20ST, LLC",2248.0,4730.0,4730.0,0.0,0.0,0.0,5.0,5.0,1.0,3.5,1840.0,0.0,2.1,40.7448154,-74.0037641,26v2,387,36061008900
1007170053,418 WEST 20 STREET,MN,717,53,10011.0,1008900,89,C2,2.0,418 WEST 20TH STREET LLC,2227.0,5230.0,5230.0,0.0,0.0,0.0,5.0,5.0,1.0,3.5,1840.0,2021.0,2.35,40.7448429,-74.003829,26v2,391,36061008900
1007170061,434 WEST 20 STREET,MN,717,61,10011.0,1008900,89,C6,2.0,434 OWNERS CORP,2800.0,11125.0,11125.0,0.0,0.0,0.0,7.0,7.0,1.0,4.0,1857.0,1986.0,3.97,40.7450954,-74.0044606,26v2,429,36061008900
1007170062,436 WEST 20 STREET,MN,717,62,10011.0,1008900,89,C1,2.0,"CHELSEA SQUARE, LLC",2574.0,5247.0,5247.0,0.0,0.0,0.0,7.0,7.0,1.0,5.0,1835.0,2023.0,2.04,40.7451393,-74.0045328,26v2,435,36061008900
1007170063,438 WEST 20 STREET,MN,717,63,10011.0,1008900,89,A4,1.0,438 WEST 20 STREET LLC,1533.0,4151.0,4151.0,0.0,0.0,0.0,1.0,1.0,1.0,5.0,1854.0,2013.0,2.71,40.7451832,-74.0045905,26v2,441,36061008900
1007170064,440 WEST 20 STREET,MN,717,64,10011.0,1008900,89,B1,1.0,"MACMURRAY, HAZEL",1533.0,3971.0,3971.0,0.0,0.0,0.0,2.0,2.0,1.0,5.0,1854.0,2016.0,2.59,40.7452024,-74.004641,26v2,444,36061008900
1007170065,442 WEST 20 STREET,MN,717,65,10011.0,1008900,89,C0,2.0,BEVILACQUA ELIZABETH,1533.0,3119.0,3119.0,0.0,0.0,0.0,3.0,3.0,1.0,4.0,1854.0,0.0,2.03,40.7452244,-74.0046916,26v2,448,36061008900
1007170067,446 WEST 20 STREET,MN,717,67,10011.0,1008900,89,B9,1.0,"PHILLIPS, C. WILLIAM",1533.0,3392.0,3392.0,0.0,0.0,0.0,2.0,2.0,1.0,4.0,1855.0,1999.0,2.21,40.745282,-74.0048251,26v2,457,36061008900
1007170068,448 WEST 20 STREET,MN,717,68,10011.0,1008900,89,C2,2.0,448 WEST 20TH LLC,1533.0,3920.0,3920.0,0.0,0.0,0.0,5.0,5.0,1.0,4.0,1855.0,1984.0,2.56,40.7453039,-74.0048756,26v2,461,36061008900
1007170069,450 WEST 20 STREET,MN,717,69,10011.0,1008900,89,C6,2.0,450 WEST 20TH STREET CORP,1533.0,4330.0,4330.0,0.0,0.0,0.0,4.0,4.0,1.0,4.0,1855.0,0.0,2.82,40.7453259,-74.0049298,26v2,464,36061008900
1007170070,452 WEST 20 STREET,MN,717,70,10011.0,1008900,89,C6,2.0,452 WEST 20TH STREET CCPERATIVE CORP,1533.0,3920.0,3920.0,0.0,0.0,0.0,4.0,4.0,1.0,4.0,1853.0,1982.0,2.56,40.7453479,-74.0049839,26v2,468,36061008900
1007170071,454 WEST 20 STREET,MN,717,71,10011.0,1008900,89,C6,2.0,"STARKEY, KEITH",1533.0,3506.0,3506.0,0.0,0.0,0.0,4.0,4.0,1.0,4.0,1853.0,0.0,2.29,40.7453698,-74.0050344,26v2,472,36061008900
1007170072,456 WEST 20 STREET,MN,717,72,10011.0,1008900,89,C0,2.0,"DE ROUSSY DE SALES, ELISABETH",1533.0,3392.0,3392.0,0.0,0.0,0.0,3.0,3.0,1.0,4.0,1853.0,0.0,2.21,40.7453918,-74.005085,26v2,475,36061008900
1007170073,458 WEST 20 STREET,MN,717,73,10011.0,1008900,89,D4,3.0,458 WEST 20TH STREET OWNERS INC,2300.0,6680.0,6680.0,0.0,0.0,0.0,19.0,19.0,1.0,5.0,1845.0,1979.0,2.9,40.7454192,-74.0051535,26v2,480,36061008900
1007177502,428 WEST 20 STREET,MN,717,7502,10011.0,1008900,89,R1,2.0,UNAVAILABLE OWNER,2382.0,6400.0,6400.0,0.0,0.0,0.0,5.0,5.0,1.0,4.0,1857.0,0.0,2.69,40.7450213,-74.0042007,26v2,416,36061008900
1007177503,410 WEST 20 STREET,MN,717,7503,10011.0,1008900,89,R6,2.0,UNAVAILABLE OWNER,2227.0,4420.0,4420.0,0.0,0.0,0.0,3.0,3.0,1.0,,1840.0,0.0,1.98,40.7447276,-74.0035511,26v2,376,36061008900
1007177504,420 WEST 20 STREET,MN,717,7504,10011.0,1008900,89,RM,4.0,UNAVAILABLE OWNER,10889.0,36424.0,34971.0,1453.0,0.0,0.0,37.0,38.0,3.0,5.0,1896.0,0.0,3.35,40.744917,-74.0040167,26v2,401,36061008900
1007180097,421 WEST 20 STREET,MN,718,97,10011.0,1008900,89,W7,8.0,"4 CHELSEA SQUARE, LLC",3095.0,5390.0,0.0,5390.0,0.0,0.0,0.0,1.0,1.0,4.0,1892.0,0.0,1.74,40.7452189,-74.0036378,26v2,431,36061008900
1007180098,419 WEST 20 STREET,MN,718,98,10011.0,1008900,89,W7,8.0,"3 CHELSEA SQUARE NORTH, LLC",1738.0,5264.0,0.0,5264.0,0.0,0.0,0.0,1.0,1.0,4.0,1892.0,0.0,3.03,40.7451613,-74.0035403,26v2,424,36061008900
1007180099,417 WEST 20 STREET,MN,718,99,10011.0,1008900,89,W7,8.0,417 W 20TH STREET LLC,2878.0,7388.0,0.0,7388.0,0.0,0.0,0.0,1.0,1.0,4.0,1892.0,0.0,2.57,40.7451256,-74.0034248,26v2,419,36061008900
1007190001,473 WEST 21 STREET,MN,719,1,10011.0,1008900,89,A4,1.0,ROBERT BAILIN 2023 REVOCABLE TRUST,1058.0,2960.0,2220.0,0.0,0.0,0.0,1.0,1.0,1.0,3.0,1853.0,1999.0,2.8,40.7464567,-74.0048252,26v2,583,36061008900
1007190002,471 WEST 21 STREET,MN,719,2,10011.0,1008900,89,B9,1.0,ADAM H SEESSEL,1945.0,3546.0,2573.0,0.0,0.0,0.0,2.0,2.0,1.0,3.0,1853.0,2000.0,1.82,40.7464869,-74.0047169,26v2,584,36061008900
1007190003,469 WEST 21 STREET,MN,719,3,10011.0,1008900,89,A5,1.0,"CHENZHOU FAMILY,  LLC",1945.0,2785.0,2785.0,0.0,0.0,0.0,1.0,1.0,1.0,3.0,1853.0,2009.0,1.43,40.7464595,-74.004652,26v2,580,36061008900
1007190004,467 WEST 21 STREET,MN,719,4,10011.0,1008900,89,A5,1.0,ANNE E DELANEY,1975.0,2795.0,2795.0,0.0,0.0,0.0,1.0,1.0,1.0,3.0,1853.0,0.0,1.42,40.7464348,-74.004587,26v2,576,36061008900
1007190005,465 WEST 21 STREET,MN,719,5,10011.0,1008900,89,B9,1.0,"29 CHELSEA SQUARE NORTH, L.P.",1975.0,2440.0,2440.0,0.0,0.0,0.0,2.0,2.0,1.0,3.0,1853.0,0.0,1.24,40.7464101,-74.0045293,26v2,572,36061008900
1007190006,463 WEST 21 STREET,MN,719,6,10011.0,1008900,89,C6,2.0,463 WEST 21ST INC,2468.0,6150.0,6150.0,0.0,0.0,0.0,6.0,6.0,1.0,4.5,1836.0,1972.0,2.49,40.7463799,-74.0044571,26v2,568,36061008900
1007190007,461 WEST 21 STREET,MN,719,7,10011.0,1008900,89,C3,2.0,JACKALOPE EAST LLC,1728.0,4430.0,4430.0,0.0,0.0,0.0,4.0,4.0,1.0,4.0,1854.0,1963.0,2.56,40.7463497,-74.0043885,26v2,564,36061008900
1007190008,459 WEST 21 STREET,MN,719,8,10011.0,1008900,89,A9,1.0,"BORTHWICK, JOHN K.L.",1728.0,5630.0,4430.0,0.0,0.0,0.0,1.0,1.0,1.0,4.0,1854.0,1964.0,3.26,40.7463278,-74.0043344,26v2,561,36061008900
1007190009,457 WEST 21 STREET,MN,719,9,10011.0,1008900,89,C1,2.0,THE GEORGE C. CABELL,1975.0,4515.0,4515.0,0.0,0.0,0.0,10.0,10.0,1.0,5.0,1854.0,0.0,2.29,40.7463031,-74.0042766,26v2,557,36061008900
1007190010,455 WEST 21 STREET,MN,719,10,10011.0,1008900,89,C3,2.0,"HOWELL, CAROL ANN PALLANGE",1975.0,4660.0,4660.0,0.0,0.0,0.0,4.0,4.0,1.0,4.0,1854.0,0.0,2.36,40.7462756,-74.0042117,26v2,553,36061008900
1007190011,453 WEST 21 STREET,MN,719,11,10011.0,1008900,89,C2,2.0,453W.21ST LLC,2472.0,4851.0,4851.0,0.0,0.0,0.0,5.0,5.0,1.0,4.0,1853.0,1954.0,1.96,40.7462454,-74.0041359,26v2,549,36061008900
1007190012,451 WEST 21 STREET,MN,719,12,10011.0,1008900,89,A4,1.0,"BURNHAM, JONATHAN",1646.0,4416.0,3532.0,0.0,0.0,0.0,1.0,1.0,1.0,4.0,1857.0,0.0,2.68,40.7462152,-74.0040709,26v2,545,36061008900
1007190013,449 WEST 21 STREET,MN,719,13,10011.0,1008900,89,A4,1.0,EMILY FORRESTER BAKER TOBIN AS TRUSTEE,1646.0,5181.0,4203.0,0.0,0.0,0.0,1.0,1.0,1.0,5.0,1857.0,1982.0,3.15,40.746196,-74.0040204,26v2,542,36061008900
1007190014,447 WEST 21 STREET,MN,719,14,10011.0,1008900,89,A9,1.0,"MURRIN, P. JOHN",1646.0,3328.0,3328.0,0.0,0.0,0.0,1.0,1.0,1.0,4.0,1857.0,1999.0,2.02,40.7461713,-74.0039662,26v2,539,36061008900
1007190015,445 WEST 21 STREET,MN,719,15,10011.0,1008900,89,C1,2.0,FOGLIA INC,2534.0,9375.0,9375.0,0.0,0.0,0.0,10.0,10.0,1.0,5.0,1898.0,2019.0,3.7,40.7461439,-74.0039013,26v2,535,36061008900
1007190016,443 WEST 21 STREET,MN,719,16,10011.0,1008900,89,A4,1.0,MACK JOSHUA L,1950.0,3971.0,2490.0,0.0,0.0,0.0,1.0,1.0,1.0,3.0,1854.0,1999.0,2.04,40.7461164,-74.0038327,26v2,532,36061008900
1007190017,441 WEST 21 STREET,MN,719,17,10011.0,1008900,89,C0,2.0,"MORGAN , ELIZABETH GRISWOLD",3575.0,9200.0,7650.0,0.0,0.0,0.0,3.0,3.0,1.0,5.0,1854.0,2006.0,2.57,40.7461164,-74.0037064,26v2,531,36061008900
1007190019,439 WEST 21 STREET,MN,719,19,10011.0,1008900,89,C1,2.0,HIGH LINE 21 CORPORATION,1577.0,3600.0,3600.0,0.0,0.0,0.0,8.0,8.0,1.0,4.0,1853.0,2009.0,2.28,40.7460368,-74.0037028,26v2,522,36061008900
1007190025,427 WEST 21 STREET,MN,719,25,10011.0,1008900,89,C6,2.0,427 W21 ST CP,2350.0,5330.0,5330.0,0.0,0.0,0.0,5.0,5.0,1.0,4.0,1853.0,2016.0,2.27,40.7459216,-74.0033527,26v2,507,36061008900
1007190026,425 WEST 21 STREET,MN,719,26,10011.0,1008900,89,C2,2.0,GEORGE FARES,2288.0,6270.0,6270.0,0.0,0.0,0.0,5.0,5.0,1.0,5.0,1853.0,2009.0,2.74,40.7458914,-74.0032805,26v2,504,36061008900
1007190029,421 WEST 21 STREET,MN,719,29,10011.0,1008900,89,D1,3.0,PANDL LLC,6750.0,26800.0,26800.0,0.0,0.0,0.0,36.0,36.0,1.0,6.0,1938.0,1989.0,3.97,40.7458337,-74.0031398,26v2,498,36061008900
1007190030,417 WEST 21 STREET,MN,719,30,10011.0,1008900,89,C0,2.0,"BISBEE, SAMUEL M",2300.0,4215.0,2715.0,0.0,0.0,0.0,3.0,3.0,1.0,3.5,1843.0,1993.0,1.83,40.7457761,-74.0030026,26v2,491,36061008900
1007190031,415 WEST 21 STREET,MN,719,31,10011.0,1008900,89,A5,1.0,THE JENNIFER RUDOLPH WALSH REVOCABLE TRU ST,2299.0,4224.0,3168.0,0.0,0.0,0.0,1.0,1.0,1.0,3.0,1843.0,2000.0,1.84,40.7457487,-74.0029377,26v2,489,36061008900
1007190032,413 WEST 21 STREET,MN,719,32,10011.0,1008900,89,A4,1.0,MARYAM BANIKARIM,2299.0,4354.0,4354.0,0.0,0.0,0.0,1.0,1.0,1.0,4.0,1843.0,1983.0,1.89,40.7457185,-74.0028691,26v2,486,36061008900
1007190033,411 WEST 21 STREET,MN,719,33,10011.0,1008900,89,C6,2.0,CHELSEA SQUARE NORTH INC,1980.0,6160.0,6160.0,0.0,0.0,0.0,5.0,5.0,1.0,5.0,1853.0,1962.0,3.11,40.7456718,-74.0028077,26v2,481,36061008900
1007190034,409 WEST 21 STREET,MN,719,34,10011.0,1008900,89,C6,2.0,CHELSEA SQUARE NORTH INC,1980.0,5676.0,5676.0,0.0,0.0,0.0,5.0,5.0,1.0,4.0,1853.0,1962.0,2.87,40.7456416,-74.0027392,26v2,478,36061008900
1007190035,407 WEST 21 STREET,MN,719,35,10011.0,1008900,89,A4,1.0,"MASON, LUBICA",1980.0,5900.0,5900.0,0.0,0.0,0.0,1.0,1.0,1.0,4.0,1853.0,2010.0,2.98,40.7456142,-74.0026706,26v2,475,36061008900
1007190036,405 WEST 21 STREET,MN,719,36,10011.0,1008900,89,C6,2.0,CHELSEA GARDENS APT. CORP.,1980.0,6072.0,6072.0,0.0,0.0,0.0,12.0,12.0,1.0,4.0,1853.0,1976.0,3.07,40.745584,-74.002602,26v2,472,36061008900
1007190037,403 WEST 21 STREET,MN,719,37,10011.0,1008900,89,C6,2.0,UNAVAILABLE OWNER,2100.0,8280.0,8280.0,0.0,0.0,0.0,10.0,10.0,1.0,5.0,1889.0,0.0,3.94,40.7455373,-74.0025371,26v2,468,36061008900
1007190041,189 9 AVENUE,MN,719,41,10011.0,1008900,89,K2,5.0,LANGER 189 LLC,1208.0,1636.0,0.0,1636.0,0.0,1636.0,0.0,1.0,1.0,2.0,1868.0,0.0,1.35,40.745562,-74.0023422,26v2,473,36061008900
1007190042,191 9 AVENUE,MN,719,42,10011.0,1008900,89,S4,4.0,"ZIMMERMAN, TTEE, TERRI LEIGH",2742.0,5832.0,4832.0,1000.0,0.0,1000.0,4.0,5.0,1.0,4.5,1856.0,0.0,2.13,40.7456553,-74.0023747,26v2,483,36061008900
1007190043,193 9 AVENUE,MN,719,43,10011.0,1008900,89,N4,8.0,LORISUE REALTY CO.,1554.0,5670.0,4536.0,1134.0,1134.0,0.0,8.0,9.0,1.0,5.0,1858.0,1964.0,3.65,40.7456718,-74.0022808,26v2,486,36061008900
1007190044,400 WEST 22 STREET,MN,719,44,10011.0,1008900,89,S5,4.0,400 WEST 22ND STREET,1026.0,4045.0,3345.0,700.0,0.0,700.0,5.0,6.0,1.0,4.5,1856.0,1984.0,3.94,40.7457459,-74.0021004,26v2,497,36061008900
1007190045,402 WEST 22 STREET,MN,719,45,10011.0,1008900,89,C5,2.0,402W22 OWNER LLC,1026.0,4788.0,3024.0,1764.0,1764.0,0.0,7.0,8.0,1.0,4.5,1856.0,0.0,4.67,40.7457651,-74.0021509,26v2,498,36061008900
1007190046,404 WEST 22 STREET,MN,719,46,10011.0,1008900,89,C2,2.0,404 WEST 22 LLC,1026.0,3920.0,3920.0,0.0,0.0,0.0,5.0,5.0,1.0,4.5,1856.0,1966.0,3.82,40.7457844,-74.0021942,26v2,499,36061008900
1007190047,406 WEST 22 STREET,MN,719,47,10011.0,1008900,89,C5,2.0,LEONI REALTY LLC,1026.0,3990.0,3990.0,0.0,0.0,0.0,10.0,10.0,1.0,4.5,1856.0,1959.0,3.89,40.7458036,-74.0022411,26v2,501,36061008900
1007190048,408 WEST 22 STREET,MN,719,48,10011.0,1008900,89,S5,4.0,KATIE D WONG,1026.0,3990.0,3630.0,360.0,360.0,0.0,6.0,7.0,1.0,4.5,1856.0,1986.0,3.89,40.7458228,-74.0022845,26v2,502,36061008900
1007190058,426 WEST 22 STREET,MN,719,58,10011.0,1008900,89,C0,2.0,CONDOR 426 W 22ST NYC LLC,1813.0,3440.0,2580.0,0.0,0.0,0.0,3.0,3.0,1.0,3.0,1843.0,1984.0,1.9,40.7460176,-74.0028258,26v2,519,36061008900
1007190059,428 WEST 22 STREET,MN,719,59,10011.0,1008900,89,B9,1.0,"EKER, JESSICA",1821.0,3230.0,2375.0,0.0,0.0,0.0,2.0,2.0,1.0,2.0,1843.0,2023.0,1.77,40.7460423,-74.0028908,26v2,521,36061008900
1007190060,430 WEST 22 STREET,MN,719,60,10011.0,1008900,89,B1,1.0,PADUKONE MAITREYA,1784.0,3530.0,2647.0,0.0,0.0,0.0,2.0,2.0,1.0,3.0,1843.0,2015.0,1.98,40.7460698,-74.0029521,26v2,524,36061008900
1007190061,432 WEST 22 STREET,MN,719,61,10011.0,1008900,89,C0,2.0,THE WEINBERG 2011 TRUST,1815.0,1850.0,1850.0,0.0,0.0,0.0,3.0,3.0,1.0,3.0,1843.0,2000.0,1.02,40.7460945,-74.0030135,26v2,527,36061008900
1007190065,440 WEST 22 STREET,MN,719,65,10011.0,1008900,89,C2,2.0,"MINICK, MICHAEL",2469.0,6576.0,6576.0,0.0,0.0,0.0,6.0,6.0,1.0,3.0,1836.0,1999.0,2.66,40.7461878,-74.0032517,26v2,537,36061008900
1007190066,442 WEST 22 STREET,MN,719,66,10011.0,1008900,89,C5,2.0,NIHAL MEHTA REVOCABLE TRUST,2462.0,5300.0,5300.0,0.0,0.0,0.0,24.0,24.0,1.0,4.0,1847.0,2023.0,2.15,40.7462207,-74.0033311,26v2,541,36061008900
1007190067,444 WEST 22 STREET,MN,719,67,10011.0,1008900,89,C0,2.0,"444 W 22ND STREET, LLC",2469.0,4740.0,3960.0,0.0,0.0,0.0,3.0,3.0,1.0,3.0,1836.0,2018.0,1.92,40.7462537,-74.0034105,26v2,544,36061008900
1007190068,446 WEST 22 STREET,MN,719,68,10011.0,1008900,89,B2,1.0,"EVIATAR, JOSEPH DR.",1080.0,3580.0,3580.0,0.0,0.0,0.0,2.0,2.0,1.0,4.5,1854.0,2005.0,3.31,40.7463141,-74.0034502,26v2,551,36061008900
1007190069,448 WEST 22 STREET,MN,719,69,10011.0,1008900,89,B2,1.0,"VENCE, DAVID",1080.0,3120.0,3120.0,0.0,0.0,0.0,2.0,2.0,1.0,4.0,1854.0,1999.0,2.89,40.7463333,-74.0034971,26v2,554,36061008900
1007190070,450 WEST 22 STREET,MN,719,70,10011.0,1008900,89,B9,1.0,"DOWNES, JOANNE",1975.0,3200.0,2400.0,0.0,0.0,0.0,2.0,2.0,1.0,2.0,1835.0,0.0,1.62,40.746325,-74.0035765,26v2,553,36061008900
1007190071,452 WEST 22 STREET,MN,719,71,10011.0,1008900,89,C5,2.0,CHELSEA EQUITIES LLC,2098.0,8820.0,8820.0,0.0,0.0,0.0,15.0,15.0,1.0,4.0,1835.0,0.0,4.2,40.7463497,-74.0036378,26v2,556,36061008900
1007190072,454 WEST 22 STREET,MN,719,72,10011.0,1008900,89,C4,2.0,"GW 454 WEST 22ND STREET, LLC",2839.0,9480.0,9480.0,0.0,0.0,0.0,16.0,16.0,1.0,5.0,1897.0,1987.0,3.34,40.7463827,-74.0037172,26v2,560,36061008900
1007190073,456 WEST 22 STREET,MN,719,73,10011.0,1008900,89,C5,2.0,"GW 456 WEST 22ND STREET, LLC",2462.0,5000.0,5000.0,0.0,0.0,0.0,15.0,15.0,1.0,4.0,1839.0,0.0,2.03,40.7464184,-74.0038002,26v2,565,36061008900
1007190074,458 WEST 22 STREET,MN,719,74,10011.0,1008900,89,C2,2.0,FINN G  ISDAHL,2123.0,5670.0,5670.0,0.0,0.0,0.0,5.0,5.0,1.0,4.0,1854.0,0.0,2.67,40.7464513,-74.0038796,26v2,569,36061008900
1007190075,460 WEST 22 STREET,MN,719,75,10011.0,1008900,89,A4,1.0,DRGB Y ASOCIADOS LLC,1580.0,4019.0,,,,,1.0,1.0,1.0,4.0,1854.0,1989.0,2.54,40.746476,-74.0039374,26v2,572,36061008900
1007190101,188 10 AVENUE,MN,719,101,10011.0,1008900,89,S1,4.0,188 TENTH AVENUE ASSOCIATES LLC,883.0,2640.0,1760.0,880.0,0.0,880.0,1.0,2.0,1.0,3.0,1891.0,0.0,2.99,40.7465775,-74.0047386,26v2,594,36061008900
1007200001,493 WEST 22 STREET,MN,720,1,10011.0,1009300,93,K2,5.0,EMPIRE DINER OF NYC LLC,1547.0,2147.0,0.0,2147.0,0.0,2147.0,0.0,1.0,2.0,2.0,1930.0,2016.0,1.39,40.7471429,-74.0043344,26v2,650,36061009300
1007200002,491 WEST 22 STREET,MN,720,2,10011.0,1009300,93,C1,2.0,"491 CHELSEA APARTMENTS, LLC",1547.0,4150.0,4150.0,0.0,0.0,0.0,7.0,7.0,1.0,4.0,1856.0,1970.0,2.68,40.747121,-74.0042839,26v2,647,36061009300
1007200003,489 WEST 22 STREET,MN,720,3,10011.0,1009300,93,C0,2.0,EDWARD B FRIEDMAN,1547.0,3000.0,3000.0,0.0,0.0,0.0,3.0,3.0,1.0,4.0,1856.0,0.0,1.94,40.747099,-74.0042297,26v2,644,36061009300
1007200004,487 WEST 22 STREET,MN,720,4,10011.0,1009300,93,B9,1.0,"COX ZUCKERMAN, RICHARD",1547.0,3000.0,3000.0,0.0,0.0,0.0,2.0,2.0,1.0,4.0,1856.0,0.0,1.94,40.7470771,-74.0041792,26v2,641,36061009300
1007200005,485 WEST 22 STREET,MN,720,5,10011.0,1009300,93,C3,2.0,"NORTH PROPERTY HOLDINGS, LLC",1547.0,4150.0,4150.0,0.0,0.0,0.0,4.0,4.0,1.0,4.0,1856.0,2013.0,2.68,40.7470579,-74.0041323,26v2,638,36061009300
1007200006,483 WEST 22 STREET,MN,720,6,10011.0,1009300,93,A4,1.0,"483 WEST 22ND STREET, LLC",1562.0,4150.0,3320.0,0.0,0.0,0.0,1.0,1.0,1.0,4.0,1856.0,0.0,2.66,40.7470387,-74.0040854,26v2,636,36061009300
1007200007,481 WEST 22 STREET,MN,720,7,10011.0,1009300,93,A4,1.0,"MEHAS, JOHN",1547.0,3666.0,3666.0,0.0,0.0,0.0,1.0,1.0,1.0,5.0,1856.0,2008.0,2.37,40.7470167,-74.0040312,26v2,633,36061009300
1007200008,479 WEST 22 STREET,MN,720,8,10011.0,1009300,93,C3,2.0,MARYANNE ORENSTEIN REVOCABLE TRUST,1557.0,4150.0,4150.0,0.0,0.0,0.0,4.0,4.0,1.0,4.0,1856.0,1988.0,2.67,40.7469947,-74.0039807,26v2,630,36061009300
1007200009,477 WEST 22 STREET,MN,720,9,10011.0,1009300,93,C6,2.0,UNAVAILABLE OWNER,1547.0,3920.0,3920.0,0.0,0.0,0.0,4.0,4.0,1.0,4.0,1856.0,1981.0,2.53,40.7469728,-74.0039302,26v2,627,36061009300
1007200010,475 WEST 22 STREET,MN,720,10,10011.0,1009300,93,C6,2.0,473 475 W 22ND ST TEN CO,3241.0,9839.0,9839.0,0.0,0.0,0.0,5.0,5.0,1.0,5.0,1855.0,1981.0,3.04,40.7469399,-74.0038544,26v2,623,36061009300
1007200021,453 WEST 22 STREET,MN,720,21,10011.0,1009300,93,C6,2.0,NATIONAL COOPERATIVE BANK,1234.0,3860.0,3860.0,0.0,0.0,0.0,8.0,8.0,1.0,5.0,1854.0,1988.0,3.13,40.7467121,-74.0033094,26v2,595,36061009300
1007200022,451 WEST 22 STREET,MN,720,22,10011.0,1009300,93,C6,2.0,451 WEST OWNERS LTD,1234.0,3860.0,3860.0,0.0,0.0,0.0,8.0,8.0,1.0,5.0,1854.0,1988.0,3.13,40.7466956,-74.0032697,26v2,593,36061009300
1007200023,449 WEST 22 STREET,MN,720,23,10011.0,1009300,93,C6,2.0,"GENERAL CO., LTD. FICTITIOUS NAME GENERA L JAPAN",1975.0,5575.0,5575.0,0.0,0.0,0.0,5.0,5.0,1.0,5.0,1854.0,1987.0,2.82,40.7466736,-74.0032192,26v2,591,36061009300
1007200024,447 WEST 22 STREET,MN,720,24,10011.0,1009300,93,C6,2.0,"GENERAL CO., LTD. FICTITIOUS NAME GENERA L JAPAN",1975.0,4935.0,4935.0,0.0,0.0,0.0,7.0,7.0,1.0,5.0,1858.0,1987.0,2.5,40.7466462,-74.0031579,26v2,588,36061009300
1007200027,441 WEST 22 STREET,MN,720,27,10011.0,1009300,93,C1,2.0,"THE 441 GROUP, LLC",1975.0,5200.0,5200.0,0.0,0.0,0.0,9.0,9.0,1.0,4.0,1855.0,1970.0,2.63,40.7465666,-74.0029666,26v2,579,36061009300
1007200029,437 WEST 22 STREET,MN,720,29,10011.0,1009300,93,C1,2.0,DAFFY REALTY LLC,1646.0,3672.0,3672.0,0.0,0.0,0.0,9.0,9.0,1.0,4.0,1855.0,2009.0,2.23,40.7465199,-74.0028547,26v2,575,36061009300
1007200030,435 WEST 22 STREET,MN,720,30,10011.0,1009300,93,C0,2.0,ELMORE R. TORN REVOCABLE TRUST,1638.0,3618.0,3618.0,0.0,0.0,0.0,3.0,3.0,1.0,4.0,1855.0,0.0,2.21,40.746498,-74.0028042,26v2,572,36061009300
1007200031,433 WEST 22 STREET,MN,720,31,10011.0,1009300,93,C2,2.0,ERNEST J DUPUY,2485.0,5020.0,5020.0,0.0,0.0,0.0,5.0,5.0,1.0,4.0,1855.0,1984.0,2.02,40.7464705,-74.0027356,26v2,570,36061009300
1007200032,431 WEST 22 STREET,MN,720,32,10011.0,1009300,93,C1,2.0,"GW 431 WEST 22ND STREET, LLC",2469.0,5000.0,5000.0,0.0,0.0,0.0,7.0,7.0,1.0,3.0,1855.0,0.0,2.03,40.7464376,-74.0026598,26v2,567,36061009300
1007200034,429 WEST 22 STREET,MN,720,34,10011.0,1009300,93,C6,2.0,ANDERSON HOUSE OWNERS CORP.,3283.0,10500.0,10500.0,0.0,0.0,0.0,8.0,8.0,2.0,4.0,1855.0,0.0,3.2,40.7463992,-74.002566,26v2,563,36061009300
1007200035,425 WEST 22 STREET,MN,720,35,10011.0,1009300,93,C0,2.0,UNAVAILABLE OWNER,1646.0,3472.0,3472.0,0.0,0.0,0.0,3.0,3.0,1.0,4.0,1855.0,2008.0,2.11,40.7463662,-74.0024866,26v2,560,36061009300
1007200036,423 WEST 22 STREET,MN,720,36,10011.0,1009300,93,D4,3.0,423 W 23ND ST APT C,1646.0,5727.0,5727.0,0.0,0.0,0.0,5.0,5.0,1.0,5.0,1856.0,1982.0,3.48,40.7463415,-74.0024324,26v2,558,36061009300
1007200038,419 WEST 22 STREET,MN,720,38,10011.0,1009300,93,C6,2.0,419 WEST 22ND STREET REALTY CORP,1648.0,4284.0,4284.0,0.0,0.0,0.0,4.0,4.0,1.0,4.75,1856.0,1979.0,2.6,40.7462976,-74.0023278,26v2,554,36061009300
1007200039,417 WEST 22 STREET,MN,720,39,10011.0,1009300,93,C6,2.0,417 WEST 22ND OWNERS CORP,1975.0,4606.0,4606.0,0.0,0.0,0.0,4.0,4.0,1.0,4.0,1856.0,1985.0,2.33,40.7462729,-74.00227,26v2,552,36061009300
1007200040,415 WEST 22ND STREET,MN,720,40,10011.0,1009300,93,C1,2.0,"WU, ANDY FRED",2963.0,7000.0,7000.0,0.0,0.0,0.0,18.0,18.0,2.0,4.0,1856.0,0.0,2.36,40.74624,-74.0021906,26v2,549,36061009300
1007200042,411 WEST 22 STREET,MN,720,42,10011.0,1009300,93,C6,2.0,NORTH RIVER APARTMENT CORPORATION,1646.0,6134.0,6134.0,0.0,0.0,0.0,8.0,8.0,1.0,5.0,1855.0,1975.0,3.73,40.7462098,-74.0021185,26v2,547,36061009300
1007200060,426 WEST 23 STREET,MN,720,60,10011.0,1009300,93,D4,3.0,"426 WEST 23RD ST APTS, INC",2485.0,9463.0,9463.0,0.0,0.0,0.0,10.0,10.0,1.0,5.0,1856.0,1978.0,3.81,40.7467066,-74.002566,26v2,597,36061009300
1007200061,428 WEST 23 STREET,MN,720,61,10011.0,1009300,93,C6,2.0,428 W 23RD ST TENANTS CORP,1646.0,4528.0,4528.0,0.0,0.0,0.0,4.0,4.0,1.0,4.0,1855.0,1986.0,2.75,40.746734,-74.0026309,26v2,600,36061009300
1007200064,434 WEST 23 STREET,MN,720,64,10011.0,1009300,93,C6,2.0,434 WEST 23RD ST TENANTS CORP,2485.0,7331.0,7331.0,0.0,0.0,0.0,5.0,5.0,1.0,6.0,1854.0,1988.0,2.95,40.7468054,-74.0028042,26v2,606,36061009300
1007200065,436 WEST 23 STREET,MN,720,65,10011.0,1009300,93,C6,2.0,436 WEST 23RD ST TENANTS CORP,2452.0,7244.0,7244.0,0.0,0.0,0.0,5.0,5.0,1.0,5.0,1854.0,1986.0,2.95,40.7468383,-74.00288,26v2,610,36061009300
1007200066,438 WEST 23 STREET,MN,720,66,10011.0,1009300,93,C6,2.0,438 W 23RD ST TENANTS CORP,2444.0,7077.0,7077.0,0.0,0.0,0.0,4.0,4.0,1.0,6.0,1855.0,1983.0,2.9,40.7468713,-74.0029594,26v2,613,36061009300
1007200067,440 WEST 23 STREET,MN,720,67,10011.0,1009300,93,C6,2.0,440 WEST 23 ST TENANTS CORP,2485.0,6333.0,6333.0,0.0,0.0,0.0,5.0,5.0,1.0,6.0,1854.0,1986.0,2.55,40.7469042,-74.0030352,26v2,617,36061009300
1007200068,442 WEST 23 STREET,MN,720,68,10011.0,1009300,93,C6,2.0,442 WEST 23 ST OWNERS CORP,2469.0,6975.0,6975.0,0.0,0.0,0.0,5.0,5.0,1.0,6.0,1855.0,1981.0,2.83,40.7469371,-74.0031146,26v2,620,36061009300
1007200069,444 WEST 23 STREET,MN,720,69,10011.0,1009300,93,C6,2.0,444 W 23RD ST TENANTS CORP,2469.0,6975.0,6975.0,0.0,0.0,0.0,5.0,5.0,1.0,6.0,1857.0,1981.0,2.83,40.7469728,-74.003194,26v2,624,36061009300
1007200070,446 WEST 23 STREET,MN,720,70,10011.0,1009300,93,C6,2.0,446 WEST 23RD STREET TENANTS CORPORATION,2469.0,7280.0,7280.0,0.0,0.0,0.0,5.0,5.0,1.0,5.0,1857.0,1981.0,2.95,40.7470057,-74.003277,26v2,628,36061009300
1007200071,448 WEST 23 STREET,MN,720,71,10011.0,1009300,93,C2,2.0,"JANE G. STEVENS, AS TRUSTEE",2683.0,9790.0,9790.0,0.0,0.0,0.0,5.0,5.0,1.0,5.0,1856.0,1980.0,3.65,40.7470414,-74.00336,26v2,632,36061009300
1007200072,450 WEST 23 STREET,MN,720,72,10011.0,1009300,93,C6,2.0,450 WEST 23RD ST TENANTS CORP,2370.0,7244.0,7244.0,0.0,0.0,0.0,5.0,5.0,1.0,6.0,1856.0,1981.0,3.06,40.7470744,-74.0034394,26v2,636,36061009300
1007200073,452 WEST 23 STREET,MN,720,73,10011.0,1009300,93,C6,2.0,452 WEST 23RD STREET OWNER CORP,2370.0,6940.0,6940.0,0.0,0.0,0.0,9.0,9.0,1.0,5.0,1856.0,1983.0,2.93,40.7471073,-74.0035116,26v2,640,36061009300
1007200074,454 WEST 23 STREET,MN,720,74,10011.0,1009300,93,C6,2.0,454 CHELSEA OWNERS CORP,2172.0,6349.0,6349.0,0.0,0.0,0.0,10.0,10.0,1.0,5.0,1857.0,0.0,2.92,40.7471375,-74.0035873,26v2,643,36061009300
1007200075,456 WEST 23 STREET,MN,720,75,10011.0,1009300,93,C6,2.0,CHRISTY HOUSE OWNRS C,2172.0,6135.0,,,,,10.0,10.0,1.0,5.0,1857.0,1987.0,2.82,40.7471649,-74.0036559,26v2,647,36061009300
1007200076,458 WEST 23 STREET,MN,720,76,10011.0,1009300,93,C6,2.0,458-460 W 23RD OWNERS,2173.0,6135.0,6135.0,0.0,0.0,0.0,10.0,10.0,1.0,5.0,1857.0,1996.0,2.82,40.7471951,-74.0037245,26v2,650,36061009300
1007200077,460 WEST 23 STREET,MN,720,77,10011.0,1009300,93,C6,2.0,458-460 W 23RD OWNERS,2173.0,6135.0,6135.0,0.0,0.0,0.0,11.0,11.0,1.0,5.0,1857.0,1986.0,2.82,40.7472253,-74.0037931,26v2,654,36061009300
1007200078,462 WEST 23 STREET,MN,720,78,10011.0,1009300,93,A5,1.0,WEST 23RD STREET TRUST,2173.0,5808.0,5808.0,0.0,0.0,0.0,1.0,1.0,1.0,5.0,1857.0,1988.0,2.67,40.7472528,-74.0038652,26v2,658,36061009300
1007200079,464 WEST 23 STREET,MN,720,79,10011.0,1009300,93,C1,2.0,464 W 23 STREET LLC,2173.0,6135.0,6135.0,0.0,0.0,0.0,10.0,10.0,1.0,4.0,1857.0,1978.0,2.82,40.7472829,-74.0039338,26v2,661,36061009300
1007200080,466 WEST 23 STREET,MN,720,80,10011.0,1009300,93,C1,2.0,"GW 466 WEST 23RD STREET, LLC",2173.0,6135.0,6135.0,0.0,0.0,0.0,10.0,10.0,1.0,4.0,1857.0,1987.0,2.82,40.7473131,-74.0040024,26v2,665,36061009300
1007207502,468 WEST 23 STREET,MN,720,7502,10011.0,1009300,93,R4,3.0,468 WEST 23RD STREET ASSOCIATI,2173.0,8408.0,8408.0,0.0,0.0,0.0,11.0,11.0,1.0,4.0,1857.0,1986.0,3.87,40.7473406,-74.004071,26v2,669,36061009300
1007207503,455 WEST 22 STREET,MN,720,7503,10011.0,1009300,93,R1,2.0,PURSPACE 1 CONDO ASSOCIATION,1646.0,4591.0,4591.0,0.0,0.0,0.0,4.0,4.0,1.0,4.5,1855.0,2006.0,2.79,40.7467313,-74.0033564,26v2,597,36061009300
1007207504,421 WEST 22 STREET,MN,720,7504,10011.0,1009300,93,R1,2.0,UNAVAILABLE OWNER,1646.0,5421.0,5421.0,0.0,0.0,0.0,8.0,8.0,1.0,5.0,1856.0,2013.0,3.29,40.7463196,-74.0023819,26v2,556,36061009300
1007220006,459 WEST 24 STREET,MN,722,6,10011.0,1009300,93,C3,2.0,WEST DAYTON LLC,2057.0,2890.0,2890.0,0.0,0.0,0.0,4.0,4.0,1.0,3.0,1850.0,1987.0,1.4,40.748326,-74.0030461,26v2,775,36061009300
1007220007,457 WEST 24 STREET,MN,722,7,10011.0,1009300,93,C3,2.0,"KAVOURIAS, DEBORAH",1975.0,2735.0,2735.0,0.0,0.0,0.0,4.0,4.0,1.0,3.0,1850.0,2016.0,1.38,40.7482985,-74.0029775,26v2,772,36061009300
1007220008,455 WEST 24 STREET,MN,722,8,10011.0,1009300,93,A9,1.0,"MORGENSTERN, JONATHAN",2057.0,4064.0,3000.0,0.0,0.0,0.0,1.0,1.0,1.0,3.0,1850.0,2009.0,1.98,40.7482711,-74.0029125,26v2,769,36061009300
1007220009,453 WEST 24 STREET,MN,722,9,10011.0,1009300,93,B1,1.0,DONOVAN MICHAEL,2057.0,2966.0,2266.0,0.0,0.0,0.0,2.0,2.0,1.0,3.0,1850.0,0.0,1.44,40.7482436,-74.0028476,26v2,766,36061009300
1007220010,451 WEST 24 STREET,MN,722,10,10011.0,1009300,93,A4,1.0,VYC TOMORROW LLC,2057.0,3360.0,2520.0,0.0,0.0,0.0,1.0,1.0,1.0,3.0,1850.0,2008.0,1.63,40.7482162,-74.0027826,26v2,763,36061009300
1007220011,449 WEST 24 STREET,MN,722,11,10011.0,1009300,93,C2,2.0,CLARA FRIJS LLC,2057.0,4072.0,4072.0,0.0,0.0,0.0,5.0,5.0,1.0,3.0,1850.0,0.0,1.98,40.7481887,-74.002714,26v2,760,36061009300
1007220012,447 WEST 24 STREET,MN,722,12,10011.0,1009300,93,B9,1.0,"SLATER, IAN",2057.0,3360.0,2520.0,0.0,0.0,0.0,2.0,2.0,1.0,3.0,1850.0,0.0,1.63,40.7481613,-74.002649,26v2,758,36061009300
1007220013,443 WEST 24 STREET,MN,722,13,10011.0,1009300,93,C6,2.0,443-445 W 24TH ST.CORP,4115.0,9326.0,9326.0,0.0,0.0,0.0,9.0,9.0,2.0,3.0,1850.0,1984.0,2.27,40.7481201,-74.0025516,26v2,754,36061009300
1007220015,441 WEST 24 STREET,MN,722,15,10011.0,1009300,93,B1,1.0,"MILLMAN, DEBORAH S",2057.0,3760.0,2740.0,0.0,0.0,0.0,2.0,2.0,1.0,3.0,1850.0,2014.0,1.83,40.748079,-74.0024542,26v2,750,36061009300
1007220016,439 WEST 24 STREET,MN,722,16,10011.0,1009300,93,C0,2.0,POETRY SHACK II LLC,2057.0,3360.0,2520.0,0.0,0.0,0.0,3.0,3.0,1.0,3.0,1850.0,1999.0,1.63,40.7480488,-74.0023856,26v2,747,36061009300
1007220017,437 WEST 24 STREET,MN,722,17,10011.0,1009300,93,B9,1.0,THE BRONNIE KUPRIS 2019 IRREVOCABLE TRUS T DATED JU,2057.0,3360.0,2520.0,0.0,0.0,0.0,2.0,2.0,1.0,3.0,1850.0,0.0,1.63,40.7480213,-74.002317,26v2,745,36061009300
1007380080,56 9 AVENUE,MN,738,80,10011.0,1008300,83,K2,5.0,56 NINTH AVENUE LLC,1750.0,3372.0,0.0,3372.0,0.0,3372.0,0.0,1.0,1.0,3.0,1842.0,0.0,1.93,40.741206,-74.0047707,26v2,133,36061008300
1007410031,145 8 AVENUE,MN,741,31,10011.0,1008300,83,S2,4.0,145 EIGHTH AVE LLC,2100.0,7000.0,5250.0,1750.0,0.0,1750.0,2.0,3.0,1.0,3.0,1827.0,0.0,3.33,40.7419554,-74.0013244,26v2,172,36061008300
1007410032,147 8 AVENUE,MN,741,32,10011.0,1008300,83,S2,4.0,IAKOVOS  INC,2075.0,4990.0,3240.0,1750.0,0.0,1750.0,2.0,3.0,1.0,3.5,1828.0,2008.0,2.4,40.7420076,-74.0012883,26v2,177,36061008300
1007430002,150 9 AVENUE,MN,743,2,10011.0,1008900,89,S9,4.0,"MUNICH PRODUCTIONS,INC.",1360.0,4424.0,3318.0,1106.0,0.0,1106.0,3.0,5.0,1.0,4.0,1852.0,1980.0,3.25,40.7440853,-74.0027499,26v2,306,36061008900
1007430003,152 9 AVENUE,MN,743,3,10011.0,1008900,89,S2,4.0,"CHELSEA WEST PROPERTIES, LLC",1369.0,4806.0,3434.0,1372.0,0.0,1372.0,2.0,3.0,1.0,4.0,1852.0,2009.0,3.51,40.7441402,-74.0027102,26v2,312,36061008900
1007430004,154 9 AVENUE,MN,743,4,10011.0,1008900,89,S3,4.0,S-PLATFORM HQ LLC,1369.0,4424.0,3324.0,1100.0,0.0,1100.0,3.0,4.0,1.0,4.0,1852.0,1980.0,3.23,40.7441924,-74.0026742,26v2,318,36061008900
1007430056,318 WEST 20 STREET,MN,743,56,10011.0,1008900,89,A4,1.0,CHELSEA TOWNHOUSE LLC,2307.0,5414.0,5414.0,0.0,0.0,0.0,1.0,1.0,1.0,4.0,1837.0,2018.0,2.35,40.7436599,-74.0009708,26v2,318,36061008900
1007430057,320 WEST 20 STREET,MN,743,57,10011.0,1008900,89,C1,2.0,CHES REALTY LLC,2316.0,5000.0,5000.0,0.0,0.0,0.0,14.0,14.0,1.0,3.0,1837.0,0.0,2.16,40.7436929,-74.0010502,26v2,317,36061008900
1007430058,322 WEST 20 STREET,MN,743,58,10011.0,1008900,89,B9,1.0,"HEDLEY, SIMON",1526.0,3200.0,2400.0,0.0,0.0,0.0,2.0,2.0,1.0,3.0,1858.0,1969.0,2.1,40.7437203,-74.0011151,26v2,316,36061008900
1007430059,324 WEST 20 STREET,MN,743,59,10011.0,1008900,89,A9,1.0,CAROL OTT J,1495.0,1652.0,1652.0,0.0,0.0,0.0,1.0,1.0,1.0,3.0,1858.0,1998.0,1.11,40.7437423,-74.0011656,26v2,316,36061008900
1007430060,326 WEST 20 STREET,MN,743,60,10011.0,1008900,89,C0,2.0,"TAYLOR, ALBERT R",1625.0,3200.0,3200.0,0.0,0.0,0.0,3.0,3.0,1.0,4.0,1858.0,0.0,1.97,40.7437642,-74.0012198,26v2,315,36061008900
1007430061,328 WEST 20 STREET,MN,743,61,10011.0,1008900,89,B3,1.0,"WINTER, ALEXANDER C",1526.0,3168.0,2336.0,0.0,0.0,0.0,2.0,2.0,1.0,3.0,1857.0,2006.0,2.08,40.7437862,-74.0012703,26v2,315,36061008900
1007430062,330 WEST 20 STREET,MN,743,62,10011.0,1008900,89,A5,1.0,330 WEST 20TH STREET LLC,1518.0,3264.0,2448.0,0.0,0.0,0.0,1.0,1.0,1.0,3.0,1857.0,0.0,2.15,40.7438109,-74.0013244,26v2,315,36061008900
1007430063,332 WEST 20 STREET,MN,743,63,10011.0,1008900,89,A9,1.0,332 SISTER LLC,1510.0,3072.0,2304.0,0.0,0.0,0.0,1.0,1.0,1.0,3.0,1857.0,1999.0,2.03,40.7438329,-74.0013786,26v2,315,36061008900
1007430064,334 WEST 20 STREET,MN,743,64,10011.0,1008900,89,A4,1.0,THE LAVA TRUST UNDER AGREEMENT DATED 10/ 28/2021,2316.0,5579.0,4100.0,0.0,0.0,0.0,1.0,1.0,1.0,3.0,1836.0,1986.0,2.41,40.7438603,-74.0014435,26v2,315,36061008900
1007430072,346 WEST 20 STREET,MN,743,72,10011.0,1008900,89,M3,8.0,"RECTOR, CHURCH-WARDENS AND VESTRYMEN ETC .",3780.0,4740.0,0.0,4740.0,0.0,0.0,0.0,1.0,1.0,2.0,1832.0,0.0,1.25,40.7440524,-74.0020029,26v2,316,36061008900
1007430073,348 WEST 20 STREET,MN,743,73,10011.0,1008900,89,C0,2.0,"MEIER, STACI ANN",1533.0,5000.0,4000.0,0.0,0.0,0.0,3.0,3.0,1.0,4.0,1854.0,0.0,3.26,40.7441183,-74.0020606,26v2,322,36061008900
1007430074,350 WEST 20 STREET,MN,743,74,10011.0,1008900,89,C6,2.0,UNAVAILABLE OWNER,1534.0,4634.0,4634.0,0.0,0.0,0.0,9.0,9.0,1.0,4.0,1854.0,1969.0,3.02,40.7441403,-74.0021148,26v2,323,36061008900
1007430075,352 WEST 20 STREET,MN,743,75,10011.0,1008900,89,B1,1.0,"WILSON, LYDIA ANDRE",1533.0,4012.0,,,,,2.0,2.0,1.0,4.0,1854.0,1987.0,2.62,40.7441622,-74.0021653,26v2,324,36061008900
1007430076,354 WEST 20 STREET,MN,743,76,10011.0,1008900,89,A4,1.0,"CACKOWSKY, KEITH E",1533.0,4477.0,4477.0,0.0,0.0,0.0,1.0,1.0,1.0,5.0,1854.0,2015.0,2.92,40.7441842,-74.0022158,26v2,325,36061008900
1007430077,356 WEST 20 STREET,MN,743,77,10011.0,1008900,89,C5,2.0,356 LLC,1533.0,4634.0,4634.0,0.0,0.0,0.0,10.0,10.0,1.0,4.0,1854.0,0.0,3.02,40.7442089,-74.00227,26v2,327,36061008900
1007430078,358 WEST 20 STREET,MN,743,78,10011.0,1008900,89,B9,1.0,"GRIMMINGER, ANDREAS",1533.0,3840.0,3840.0,0.0,0.0,0.0,2.0,2.0,1.0,4.0,1854.0,0.0,2.5,40.7442308,-74.0023241,26v2,328,36061008900
1007430082,158 9 AVENUE,MN,743,82,10011.0,1008900,89,S3,4.0,SEMINARY ASSOCIATES LLC,1760.0,4448.0,3448.0,1000.0,0.0,1000.0,3.0,4.0,1.0,4.0,1852.0,1988.0,2.53,40.7442857,-74.0025659,26v2,330,36061008900
1007430083,156 9 AVENUE,MN,743,83,10011.0,1008900,89,S3,4.0,"156 9TH AVE, LLC",1840.0,4224.0,0.0,1056.0,0.0,1056.0,3.0,4.0,1.0,4.0,1852.0,0.0,2.3,40.7442308,-74.0026056,26v2,323,36061008900
1007440006,361 WEST 20 STREET,MN,744,6,10011.0,1008900,89,C1,2.0,361 WEST 20TH STREET LLC,1591.0,4407.0,4407.0,0.0,0.0,0.0,8.0,8.0,1.0,3.5,1860.0,0.0,2.77,40.7446151,-74.0021798,26v2,372,36061008900
1007440007,359 WEST 20 STREET,MN,744,7,10011.0,1008900,89,C2,2.0,BROWNESTONE LLC,1591.0,4472.0,4472.0,0.0,0.0,0.0,5.0,5.0,1.0,3.5,1858.0,1985.0,2.81,40.7445849,-74.0021112,26v2,370,36061008900
1007440008,357 WEST 20 STREET,MN,744,8,10011.0,1008900,89,C0,2.0,KARPFINGER BARNEY,1628.0,2024.0,2024.0,0.0,0.0,0.0,3.0,3.0,1.0,3.0,1858.0,0.0,1.24,40.7445547,-74.002039,26v2,369,36061008900
1007440009,355 WEST 20 STREET,MN,744,9,10011.0,1008900,89,C2,2.0,355 WEST 20TH STREETCORPORATION,1628.0,3036.0,3036.0,0.0,0.0,0.0,5.0,5.0,1.0,3.5,1858.0,0.0,1.86,40.7445273,-74.0019704,26v2,367,36061008900
1007440010,353 WEST 20 STREET,MN,744,10,10011.0,1008900,89,C1,2.0,"BAYOU, BRADLEY",1702.0,3884.0,3884.0,0.0,0.0,0.0,7.0,7.0,1.0,3.0,1853.0,0.0,2.28,40.7444971,-74.0019019,26v2,366,36061008900
1007440011,351 WEST 20 STREET,MN,744,11,10011.0,1008900,89,C6,2.0,351 OWNERS CORPORATION,1403.0,3924.0,3924.0,0.0,0.0,0.0,5.0,5.0,1.0,3.0,1864.0,1980.0,2.8,40.7444888,-74.0018297,26v2,367,36061008900
1007440012,349 WEST 20 STREET,MN,744,12,10011.0,1008900,89,A9,1.0,"THE EASTON FOUNDATION, INC.",1380.0,3110.0,2245.0,0.0,0.0,0.0,1.0,1.0,1.0,3.0,1864.0,0.0,2.25,40.7444696,-74.0017792,26v2,366,36061008900
1007440013,347 WEST 20 STREET,MN,744,13,10011.0,1008900,89,B9,1.0,"THE EASTON FOUNDATION, INC.",1403.0,3300.0,2475.0,0.0,0.0,0.0,2.0,2.0,1.0,3.0,1856.0,1999.0,2.35,40.7444504,-74.0017359,26v2,365,36061008900
1007440014,345 WEST 20 STREET,MN,744,14,10011.0,1008900,89,C3,2.0,"SKYLER,",1840.0,4700.0,4700.0,0.0,0.0,0.0,4.0,4.0,1.0,4.0,1852.0,2005.0,2.55,40.7444285,-74.0016817,26v2,365,36061008900
1007440015,343 WEST 20 STREET,MN,744,15,10011.0,1008900,89,C4,2.0,343 WEST 20TH STREET LLC,1840.0,3200.0,3200.0,0.0,0.0,0.0,8.0,8.0,1.0,4.0,1849.0,0.0,1.74,40.744401,-74.0016168,26v2,364,36061008900
1007440016,341 WEST 20 STREET,MN,744,16,10011.0,1008900,89,A4,1.0,HELLER SIGMUND D,1840.0,2400.0,2400.0,0.0,0.0,0.0,1.0,1.0,1.0,3.0,1847.0,0.0,1.3,40.7443736,-74.0015518,26v2,363,36061008900
1007440017,339 WEST 20 STREET,MN,744,17,10011.0,1008900,89,C4,2.0,SUTLINGAR REALTY CORP,1840.0,5480.0,5480.0,0.0,0.0,0.0,8.0,8.0,1.0,5.0,1845.0,2000.0,2.98,40.7443461,-74.0014868,26v2,362,36061008900
1007440019,335 WEST 20 STREET,MN,744,19,10011.0,1008900,89,C6,2.0,IVY DAY INC,2300.0,5500.0,5500.0,0.0,0.0,0.0,12.0,12.0,1.0,4.0,1849.0,1966.0,2.39,40.744283,-74.0013389,26v2,361,36061008900
1007440020,333 WEST 20 STREET,MN,744,20,10011.0,1008900,89,A4,1.0,333W20 LLC,1500.0,6526.0,6526.0,0.0,0.0,0.0,1.0,1.0,1.0,5.0,1855.0,2014.0,4.35,40.7442501,-74.0012595,26v2,361,36061008900
1007440022,329 WEST 20 STREET,MN,744,22,10011.0,1008900,89,B3,1.0,"SHALEM, TABITA",1104.0,2460.0,1968.0,0.0,0.0,0.0,2.0,2.0,1.0,4.0,1861.0,0.0,2.23,40.7441924,-74.0011224,26v2,361,36061008900
1007440023,327 WEST 20 STREET,MN,744,23,10011.0,1008900,89,B3,1.0,WADE L WATSON,1135.0,2460.0,1968.0,0.0,0.0,0.0,2.0,2.0,1.0,4.0,1861.0,0.0,2.17,40.7441787,-74.0010863,26v2,361,36061008900
1007450001,180 9 AVENUE,MN,745,1,10011.0,1008900,89,C6,2.0,CHELSEA COTTAGE CORP,1480.0,4875.0,4075.0,800.0,0.0,800.0,7.0,8.0,1.0,4.0,1848.0,0.0,3.29,40.7451997,-74.0019488,26v2,440,36061008900
1007450003,184 9 AVENUE,MN,745,3,10011.0,1008900,89,C7,4.0,ROZMAE REALTY CO. LLC,1480.0,4878.0,3878.0,1000.0,0.0,1000.0,8.0,9.0,1.0,4.0,1854.0,1980.0,3.3,40.7453205,-74.0018586,26v2,455,36061008900
1007450004,186 9 AVENUE,MN,745,4,10011.0,1008900,89,S5,4.0,ROZMAE REALTY CO. LLC,1825.0,5336.0,4136.0,1200.0,0.0,1200.0,6.0,7.0,1.0,4.0,1852.0,0.0,2.92,40.7453727,-74.00179,26v2,462,36061008900
1007450005,359 WEST 21 STREET,MN,745,5,10011.0,1008900,89,B9,1.0,"WILLIAM LINDSLEY WARD, TRUSTEE",1332.0,2464.0,1848.0,0.0,0.0,0.0,2.0,2.0,1.0,3.0,1851.0,0.0,1.85,40.7452052,-74.0017756,26v2,444,36061008900
1007450006,357 WEST 21 STREET,MN,745,6,10011.0,1008900,89,B9,1.0,"SHAH, ALKESH",1728.0,2720.0,2040.0,0.0,0.0,0.0,2.0,2.0,1.0,3.0,1851.0,0.0,1.57,40.7452189,-74.0016926,26v2,448,36061008900
1007450007,355 WEST 21 STREET,MN,745,7,10011.0,1008900,89,B9,1.0,"DE GEOFROY, ISABELLE",2074.0,3612.0,2646.0,0.0,0.0,0.0,2.0,2.0,1.0,3.0,1849.0,2020.0,1.74,40.745186,-74.0016312,26v2,446,36061008900
1007450008,353 WEST 21 STREET,MN,745,8,10011.0,1008900,89,C0,2.0,"CONROY, BRIAN",2074.0,3486.0,2576.0,0.0,0.0,0.0,3.0,3.0,1.0,3.0,1851.0,0.0,1.68,40.7451613,-74.0015699,26v2,445,36061008900
1007450009,351 WEST 21 STREET,MN,745,9,10011.0,1008900,89,C1,2.0,WEST 21 STREET REALTY,2074.0,2610.0,2610.0,0.0,0.0,0.0,7.0,7.0,1.0,3.5,1848.0,0.0,1.26,40.7451339,-74.0015085,26v2,443,36061008900
1007450010,349 WEST 21 STREET,MN,745,10,10011.0,1008900,89,C6,2.0,349 WEST 21ST STREET CORP,2074.0,4312.0,4312.0,0.0,0.0,0.0,4.0,4.0,1.0,4.0,1846.0,0.0,2.08,40.7451064,-74.0014399,26v2,442,36061008900
1007450011,347 WEST 21 STREET,MN,745,11,10011.0,1008900,89,A4,1.0,DIAMONDJIM LLC,2074.0,5808.0,4527.0,0.0,0.0,0.0,1.0,1.0,1.0,4.0,1859.0,2014.0,2.8,40.7450762,-74.0013714,26v2,441,36061008900
1007450046,314 WEST 22 STREET,MN,745,46,10011.0,1008900,89,C6,2.0,314 WEST 22 ST APT CO,1975.0,3200.0,3200.0,0.0,0.0,0.0,4.0,4.0,1.0,4.0,1842.0,0.0,1.62,40.7447633,-73.9998665,26v2,472,36061008900
1007450047,316 WEST 22 STREET,MN,745,47,10011.0,1008900,89,C6,2.0,316 WEST 22ND ST ASSOCIATES,2469.0,7776.0,7776.0,0.0,0.0,0.0,6.0,6.0,1.0,5.0,1836.0,1987.0,3.15,40.7447935,-73.9999386,26v2,471,36061008900
1007450048,318 WEST 22 STREET,MN,745,48,10011.0,1008900,89,H3,5.0,"SHANTI OUTSITE NYC, LLC",2469.0,7315.0,,,,,0.0,1.0,1.0,4.0,1848.0,1989.0,2.96,40.7448237,-74.000018,26v2,470,36061008900
1007450049,320 WEST 22 STREET,MN,745,49,10011.0,1008900,89,C1,2.0,320 W 22ND PARTNERS LLC,2469.0,8000.0,8000.0,0.0,0.0,0.0,15.0,15.0,1.0,4.0,1836.0,1985.0,3.24,40.7448567,-74.0000938,26v2,469,36061008900
1007450050,322 WEST 22 STREET,MN,745,50,10011.0,1008900,89,C6,2.0,322 WEST 22ND STREET HOUSING CORP,2468.0,6305.0,6305.0,0.0,0.0,0.0,8.0,8.0,1.0,4.0,1849.0,1982.0,2.55,40.7448896,-74.0001732,26v2,468,36061008900
1007450051,324 WEST 22 STREET,MN,745,51,10011.0,1008900,89,B9,1.0,324 WEST 22ND STREET REVOCABLE TRUST,2049.0,4648.0,3392.0,0.0,0.0,0.0,2.0,2.0,1.0,3.0,1843.0,0.0,2.27,40.7449225,-74.000249,26v2,468,36061008900
1007450052,326 WEST 22 STREET,MN,745,52,10011.0,1008900,89,C6,2.0,CHELSEA OWNERS CORP,2049.0,5775.0,5775.0,0.0,0.0,0.0,8.0,8.0,1.0,4.0,1841.0,1988.0,2.82,40.74495,-74.0003176,26v2,468,36061008900
1007450053,328 WEST 22 STREET,MN,745,53,10011.0,1008900,89,B9,1.0,CYNTHIA A LOOMIS,2074.0,4772.0,3467.0,0.0,0.0,0.0,2.0,2.0,1.0,3.0,1841.0,0.0,2.3,40.7449774,-74.0003825,26v2,467,36061008900
1007450054,330 WEST 22 STREET,MN,745,54,10011.0,1008900,89,C3,2.0,DANIEL P BRUNETTO,2049.0,3675.0,2675.0,1000.0,0.0,1000.0,4.0,4.0,1.0,3.0,1841.0,0.0,1.79,40.7450049,-74.0004439,26v2,467,36061008900
1007450055,332 WEST 22 STREET,MN,745,55,10011.0,1008900,89,C3,2.0,AEGEAN ENTERPRISES INC,2098.0,4843.0,4843.0,0.0,0.0,0.0,4.0,4.0,1.0,3.0,1841.0,1970.0,2.31,40.7450323,-74.0005089,26v2,467,36061008900
1007450056,334 WEST 22 STREET,MN,745,56,10011.0,1008900,89,C6,2.0,CLONGOWS WOOD INC,4493.0,18612.0,18612.0,0.0,0.0,0.0,27.0,27.0,1.0,6.0,1918.0,1986.0,4.14,40.7450735,-74.0006099,26v2,467,36061008900
1007450058,338 WEST 22 STREET,MN,745,58,10011.0,1008900,89,B1,1.0,"V&M CHELSEA PROPERTY, LLC",2469.0,5896.0,4596.0,0.0,0.0,0.0,2.0,2.0,1.0,3.0,1836.0,2013.0,2.39,40.7451201,-74.0007218,26v2,468,36061008900
1007450059,340 WEST 22 STREET,MN,745,59,10011.0,1008900,89,A9,1.0,EZRATTY FAMILY 2012 REAL ESTATE TRUST AS  TO 40%,2057.0,4188.0,2976.0,0.0,0.0,0.0,1.0,1.0,1.0,3.0,1841.0,0.0,2.04,40.7451531,-74.0008012,26v2,468,36061008900
1007450060,342 WEST 22 STREET,MN,745,60,10011.0,1008900,89,C0,2.0,"FORSTER, WILLIAM D",2057.0,4024.0,2988.0,0.0,0.0,0.0,3.0,3.0,1.0,3.0,1841.0,0.0,1.96,40.7451833,-74.0008697,26v2,469,36061008900
1007450061,344 WEST 22 STREET,MN,745,61,10011.0,1008900,89,A4,1.0,CREMASTER COWBOYS LLC,2057.0,4395.0,3296.0,0.0,0.0,0.0,1.0,1.0,1.0,3.0,1841.0,0.0,2.14,40.7452107,-74.0009347,26v2,469,36061008900
1007450063,348 WEST 22 STREET,MN,745,63,10011.0,1008900,89,A4,1.0,"FADEL, KARIM",2057.0,3042.0,3042.0,0.0,0.0,0.0,1.0,1.0,1.0,3.0,1841.0,1984.0,1.48,40.7452656,-74.0010646,26v2,470,36061008900
1007450064,350 WEST 22 STREET,MN,745,64,10011.0,1008900,89,B1,1.0,"STURMAN, DEBORAH M",2057.0,4640.0,3480.0,0.0,0.0,0.0,2.0,2.0,1.0,3.0,1841.0,2004.0,2.26,40.7452931,-74.0011296,26v2,471,36061008900
1007457501,346 WEST 22 STREET,MN,745,7501,10011.0,1008900,89,R1,2.0,CHELSEA BROWNSTONE CONDO ASSOC.,2057.0,5733.0,5733.0,0.0,0.0,0.0,4.0,4.0,1.0,4.0,1841.0,1986.0,2.79,40.7452382,-74.0009997,26v2,470,36061008900
1007457502,360 WEST 22 STREET,MN,745,7502,10011.0,1008900,89,RM,4.0,UNAVAILABLE OWNER,19750.0,210014.0,184677.0,25337.0,989.0,12553.0,217.0,220.0,1.0,16.0,1965.0,0.0,10.63,40.7454413,-74.0014833,26v2,477,36061008900
1007457504,182 9 AVENUE,MN,745,7504,10011.0,1008900,89,RM,4.0,UNAVAILABLE OWNER,1480.0,6233.0,3102.0,3131.0,0.0,3131.0,3.0,4.0,1.0,4.0,1854.0,2005.0,4.21,40.7452629,-74.0019055,26v2,448,36061008900
1007460001,198 9 AVENUE,MN,746,1,10011.0,1009300,93,S5,4.0,198 CHELSEA CORP.,1930.0,5917.0,4717.0,1200.0,0.0,1200.0,6.0,7.0,1.0,4.0,1851.0,0.0,3.07,40.7458063,-74.0014652,26v2,516,36061009300
1007460002,200 9 AVENUE,MN,746,2,10011.0,1009300,93,C7,4.0,200 CHELSEA CORP,1924.0,6914.0,5714.0,1200.0,0.0,1200.0,8.0,10.0,1.0,5.0,1857.0,2006.0,3.59,40.7458695,-74.0014183,26v2,524,36061009300
1007460003,202 9 AVENUE,MN,746,3,10011.0,1009300,93,S4,4.0,202 NINTH AVE LLC,2475.0,7256.0,6056.0,1200.0,0.0,1200.0,4.0,5.0,1.0,5.0,1860.0,0.0,2.93,40.7459134,-74.0013425,26v2,530,36061009300
1007460004,204 9 AVENUE,MN,746,4,10011.0,1009300,93,C7,4.0,"204 NINTH AVENUE, LL",2469.0,9960.0,8960.0,1000.0,0.0,1000.0,8.0,9.0,1.0,6.0,1841.0,2006.0,4.03,40.7459738,-74.0012992,26v2,538,36061009300
1007460005,363 WEST 22 STREET,MN,746,5,10011.0,1009300,93,C3,2.0,CLAIRENNELL LLC,1086.0,3898.0,3898.0,0.0,0.0,0.0,4.0,4.0,1.0,3.0,1874.0,1987.0,3.59,40.7457706,-74.0012848,26v2,517,36061009300
1007460006,361 WEST 22 STREET,MN,746,6,10011.0,1009300,93,C6,2.0,361 WEST 22ND ST OWNERS INC,1852.0,5775.0,5775.0,0.0,0.0,0.0,6.0,6.0,1.0,4.0,1872.0,2010.0,3.12,40.7458036,-74.0011765,26v2,523,36061009300
1007460007,359 WEST 22 STREET,MN,746,7,10011.0,1009300,93,C2,2.0,"357-359 WEST 22ND, LLC",1852.0,4556.0,4556.0,0.0,0.0,0.0,5.0,5.0,1.0,4.0,1872.0,1987.0,2.46,40.7457789,-74.0011152,26v2,522,36061009300
1007460008,357 WEST 22 STREET,MN,746,8,10011.0,1009300,93,C2,2.0,"357-359 WEST 22ND, LLC",1852.0,4556.0,4556.0,0.0,0.0,0.0,5.0,5.0,1.0,4.0,1872.0,1987.0,2.46,40.7457542,-74.0010574,26v2,521,36061009300
1007460009,355 WEST 22 STREET,MN,746,9,10011.0,1009300,93,C2,2.0,PAULY MICHAEL A,1852.0,4556.0,4556.0,0.0,0.0,0.0,5.0,5.0,1.0,4.0,1872.0,1984.0,2.46,40.7457295,-74.0009997,26v2,520,36061009300
1007460010,353 WEST 22 STREET,MN,746,10,10011.0,1009300,93,B9,1.0,"353NYC, LLC",1234.0,3300.0,2640.0,0.0,0.0,0.0,2.0,2.0,1.0,4.0,1874.0,0.0,2.67,40.7457075,-74.0009491,26v2,520,36061009300
1007460011,349 WEST 22 STREET,MN,746,11,10011.0,1009300,93,C0,2.0,HN 827 LLC,2222.0,4268.0,3102.0,0.0,0.0,0.0,3.0,3.0,1.0,3.0,1841.0,0.0,1.92,40.7456691,-74.0008553,26v2,519,36061009300
1007460014,343 WEST 22 STREET,MN,746,14,10011.0,1009300,93,C1,2.0,TURNER DAVID,2222.0,4139.0,4139.0,0.0,0.0,0.0,9.0,9.0,1.0,4.0,1841.0,0.0,1.86,40.7455758,-74.0006388,26v2,516,36061009300
1007460015,341 WEST 22 STREET,MN,746,15,10011.0,1009300,93,C1,2.0,CHELSEA EQUITIES LLC,2222.0,4139.0,4139.0,0.0,0.0,0.0,10.0,10.0,1.0,4.0,1841.0,0.0,1.86,40.7455456,-74.0005666,26v2,516,36061009300
1007460016,337 WEST 22 STREET,MN,746,16,10011.0,1009300,93,C1,2.0,CHELSEA 337 HOLDINGS LLC,3703.0,8244.0,8244.0,0.0,0.0,0.0,9.0,9.0,1.0,3.0,1836.0,2000.0,2.23,40.7455044,-74.0004692,26v2,515,36061009300
1007460018,333 WEST 22 STREET,MN,746,18,10011.0,1009300,93,D4,3.0,333 W 22ND ST OWNERS CORP,3703.0,11165.0,11165.0,0.0,0.0,0.0,16.0,16.0,1.0,4.0,1836.0,1988.0,3.02,40.745455,-74.0003501,26v2,515,36061009300
1007460020,331 WEST 22 STREET,MN,746,20,10011.0,1009300,93,B2,1.0,"331 WEST 22ND STREET,",2222.0,3072.0,3072.0,0.0,0.0,0.0,2.0,2.0,1.0,4.0,1850.0,2005.0,1.38,40.7454166,-74.0002598,26v2,515,36061009300
1007460023,325 WEST 22 STREET,MN,746,23,10011.0,1009300,93,C3,2.0,"HILDA MAE REGIER AND WAYNE A. HARMS, TRU STEES",2222.0,3960.0,3960.0,0.0,0.0,0.0,4.0,4.0,1.0,3.0,1846.0,0.0,1.78,40.7453287,-74.0000505,26v2,515,36061009300
1007460024,323 WEST 22 STREET,MN,746,24,10011.0,1009300,93,A5,1.0,"EHRENBERG, ROGER",2222.0,3800.0,3800.0,0.0,0.0,0.0,1.0,1.0,1.0,4.0,1843.0,0.0,1.71,40.7452986,-73.999982,26v2,515,36061009300
1007460025,321 WEST 22 STREET,MN,746,25,10011.0,1009300,93,C5,2.0,"HOROWITZ, L. FAMILYLIMITED PARTNERSHIP",2256.0,6100.0,6100.0,0.0,0.0,0.0,8.0,8.0,1.0,4.0,1853.0,0.0,2.7,40.7452684,-73.9999098,26v2,516,36061009300
1007460026,319 WEST 22 STREET,MN,746,26,10011.0,1009300,93,C5,2.0,"BARDEL ASSOCIATES,",2222.0,6100.0,6100.0,0.0,0.0,0.0,19.0,19.0,1.0,5.0,1853.0,0.0,2.75,40.7452382,-73.9998376,26v2,516,36061009300
1007460027,317 WEST 22 STREET,MN,746,27,10011.0,1009300,93,C5,2.0,"BERKOWITZ, IRWIN",2156.0,6720.0,6720.0,0.0,0.0,0.0,20.0,20.0,1.0,5.0,1853.0,0.0,3.12,40.745208,-73.9997654,26v2,517,36061009300
1007460028,315 WEST 22 STREET,MN,746,28,10011.0,1009300,93,M1,8.0,THE GERMAN EV LUTH CHURCH OF ST PAUL,5859.0,8583.0,0.0,8583.0,0.0,0.0,0.0,1.0,1.0,2.0,1898.0,1987.0,1.46,40.7451558,-73.9996391,26v2,518,36061009300
1007460110,351 WEST 22 STREET,MN,746,110,10011.0,1009300,93,C0,2.0,"LEWIS, LOIDA N",1234.0,3300.0,2640.0,0.0,0.0,0.0,3.0,3.0,1.0,4.0,1874.0,0.0,2.67,40.7456911,-74.0009094,26v2,519,36061009300
1007467504,313 WEST 22 STREET,MN,746,7504,10011.0,1009300,93,R4,3.0,CHELSEA COMMONS CONDOMINIUM,7400.0,24388.0,24388.0,0.0,0.0,0.0,26.0,26.0,1.0,5.0,1873.0,1985.0,3.3,40.7450653,-73.9994262,26v2,521,36061009300
1007510076,298 9 AVENUE,MN,751,76,10001.0,1009700,97,M1,8.0,PROT EPIS CHUR HOLY A,13950.0,12375.0,0.0,12375.0,0.0,0.0,0.0,1.0,2.0,3.5,1848.0,0.0,0.89,40.7492702,-73.9988198,26v2,954,36061009700
1007640015,241 WEST 14 STREET,MN,764,15,10011.0,1008100,81,C0,2.0,NORWOOD HOUSE LLC,3011.0,7830.0,6264.0,0.0,0.0,0.0,3.0,3.0,1.0,4.0,1847.0,2007.0,2.6,40.7395154,-74.0012414,26v2,264,36061008100
1007720064,216 WEST 23 STREET,MN,772,64,10011.0,1009100,91,H3,5.0,CHELSEA HOTEL OWNER LLC,17281.0,170750.0,0.0,13000.0,0.0,13000.0,0.0,10.0,1.0,12.0,1885.0,1989.0,9.88,40.7443104,-73.9968892,26v2,625,36061009100
1007700017,243 WEST 20 STREET,MN,770,17,10011.0,1008700,87,W9,8.0,NYC DEPARTMENT OF CITYWIDE ADMINISTRATIVE SERVICES,1875.0,3750.0,0.0,3750.0,0.0,0.0,0.0,0.0,1.0,3.0,1866.0,0.0,2.0,40.7431549,-73.9987297,26v2,427,36061008700
1007730038,209 WEST 23 STREET,MN,773,38,10011.0,1009100,91,P8,8.0,NEW YORK PUBLIC LIBRARY,4099.0,10230.0,0.0,10230.0,10230.0,0.0,0.0,1.0,1.0,3.0,1906.0,2000.0,2.5,40.7445272,-73.9959436,26v2,706,36061009100
1007930056,130 WEST 18 STREET,MN,793,56,10011.0,1008100,81,S1,4.0,130-132 W 18 LLC,3956.0,7912.0,3975.0,3937.0,0.0,3937.0,1.0,2.0,1.0,2.0,1865.0,0.0,2.0,40.7402317,-73.9964672,26v2,582,36061008100
1007930059,136 WEST 18 STREET,MN,793,59,10011.0,1008100,81,S1,4.0,"ARAM PROPERTIES NYC, LLC",2116.0,4232.0,2116.0,2116.0,0.0,2116.0,1.0,2.0,1.0,2.0,1866.0,0.0,2.0,40.7403086,-73.9966476,26v2,565,36061008100
1007930061,140 WEST 18 STREET,MN,793,61,10011.0,1008100,81,K4,4.0,NEW YORK AIKIKAI LTD,4232.0,11457.0,0.0,11457.0,0.0,6877.0,0.0,3.0,1.0,3.0,1865.0,0.0,2.71,40.7403854,-73.996828,26v2,548,36061008100
1007940017,135 WEST 18 STREET,MN,794,17,10011.0,1008700,87,O5,5.0,135 WEST 18TH STREETREALTY CORP.,10444.0,52500.0,0.0,52500.0,21996.0,10168.0,0.0,3.0,1.0,5.0,1896.0,1989.0,5.03,40.7406461,-73.9963625,26v2,582,36061008700
1007940030,615 AVENUE OF THE AMERICAS,MN,794,30,10011.0,1008700,87,O5,5.0,625 OWNERSHIP,28042.0,134235.0,11000.0,123235.0,77005.0,46230.0,7.0,13.0,1.0,5.0,1877.0,1987.0,4.79,40.740314,-73.9952005,26v2,685,36061008700
1007950037,635 AVENUE OF THE AMERICAS,MN,795,37,10011.0,1008700,87,O6,5.0,"635 AOA OWNER, LLC",9656.0,76651.0,0.0,76651.0,57067.0,19584.0,0.0,9.0,1.0,8.0,1902.0,1964.0,7.94,40.7407531,-73.994901,26v2,703,36061008700
1007950044,641 AVENUE OF THE AMERICAS,MN,795,44,10011.0,1008700,87,O6,5.0,"641 AOA OWNER, LLC",18491.0,149885.0,0.0,149885.0,121885.0,28000.0,0.0,10.0,1.0,8.0,1902.0,0.0,8.11,40.7409837,-73.9947349,26v2,715,36061008700
1007967502,121 WEST 20 STREET,MN,796,7502,10011.0,1008700,87,RM,4.0,UNAVAILABLE OWNER,10819.0,56442.0,40456.0,15986.0,15986.0,0.0,28.0,29.0,1.0,5.0,1890.0,1988.0,5.22,40.7415601,-73.994872,26v2,703,36061008700
1007967504,655 AVENUE OF THE AMERICAS,MN,796,7504,10011.0,1008700,87,RM,4.0,UNAVAILABLE OWNER,18452.0,106279.0,79826.0,26453.0,0.0,24601.0,47.0,49.0,1.0,7.0,1887.0,2005.0,5.76,40.7414256,-73.9943199,26v2,749,36061008700
1007970037,675 AVENUE OF THE AMERICAS,MN,797,37,10010.0,1008700,87,O5,5.0,675 OWNERSHIP LLC,39500.0,237000.0,0.0,237000.0,200000.0,37000.0,0.0,8.0,1.0,6.0,1902.0,2014.0,6.0,40.7421227,-73.9939879,26v2,781,36061008700
1007980041,695 AVENUE OF THE AMERICAS,MN,798,41,10010.0,1009100,91,K4,4.0,CUDGE REALTY LLC,33780.0,186450.0,0.0,186450.0,61000.0,125450.0,0.0,7.0,1.0,5.0,1889.0,0.0,5.52,40.7427018,-73.9935403,26v2,828,36061009100
1007980049,711 AVENUE OF THE AMERICAS,MN,798,49,10010.0,1009100,91,K4,4.0,WEST 23RD STREET REALTY LLC,1605.0,8025.0,0.0,8025.0,3350.0,4675.0,0.0,5.0,1.0,5.0,1871.0,0.0,5.0,40.742861,-73.9931578,26v2,863,36061009100
1008170055,2 WEST 16 STREET,MN,817,55,10011.0,1005400,54,C5,2.0,2 WEST 16TH OWNER LLC,3900.0,12750.0,12750.0,0.0,0.0,0.0,13.0,13.0,1.0,4.0,1852.0,1988.0,3.27,40.7373276,-73.993281,26v2,949,36061005400
1008180001,572 AVENUE OF THE AMERICAS,MN,818,1,10011.0,1005400,54,K4,4.0,"SPIROS KALOUDIS, AS TRUSTEE",1939.0,7696.0,0.0,7696.0,3696.0,2000.0,0.0,4.0,1.0,4.0,1904.0,0.0,3.97,40.7386781,-73.9955507,26v2,711,36061005400
1008180019,27 WEST 16 STREET,MN,818,19,10011.0,1005400,54,D5,3.0,27 WEST 16TH STREET LLC,9200.0,41300.0,41300.0,0.0,0.0,0.0,63.0,63.0,1.0,7.0,1851.0,1986.0,4.49,40.7383871,-73.9943743,26v2,814,36061005400
1008180022,23 WEST 16 STREET,MN,818,22,10011.0,1005400,54,C6,2.0,23 WEST 16 ST HOUSING CORP,2300.0,6825.0,6825.0,0.0,0.0,0.0,4.0,4.0,1.0,3.5,1845.0,0.0,2.97,40.738217,-73.9942192,26v2,834,36061005400
1008180023,21 WEST 16 STREET,MN,818,23,10011.0,1005400,54,C2,2.0,123RLB LLC,2300.0,4650.0,4650.0,0.0,0.0,0.0,6.0,6.0,1.0,3.5,1846.0,0.0,2.02,40.7381868,-73.9941434,26v2,841,36061005400
1008180024,19 WEST 16 STREET,MN,818,24,10011.0,1005400,54,M9,8.0,"YESHE NYING PO, INCORP",2300.0,4650.0,0.0,4650.0,0.0,0.0,8.0,8.0,1.0,3.5,1846.0,0.0,2.02,40.7381538,-73.9940676,26v2,849,36061005400
1008180025,17 WEST 16 STREET,MN,818,25,10011.0,1005400,54,B1,1.0,"ETHAN I. RYMAN, CO-TRUSTEE",3036.0,5742.0,3756.0,0.0,0.0,0.0,2.0,2.0,1.0,3.0,1846.0,2007.0,1.89,40.7381154,-73.9939738,26v2,858,36061005400
1008180033,9 WEST 16 STREET,MN,818,33,10011.0,1005400,54,D0,3.0,9 W 16TH ST CORP,3066.0,7358.0,7358.0,0.0,0.0,0.0,10.0,10.0,1.0,4.0,1846.0,1988.0,2.4,40.737937,-73.9935552,26v2,898,36061005400
1008180035,7 WEST 16 STREET,MN,818,35,10011.0,1005400,54,C5,2.0,7 WEST 16 REALTY LLC,3066.0,5625.0,5625.0,0.0,0.0,0.0,7.0,7.0,1.0,3.5,1846.0,1969.0,1.83,40.737893,-73.993447,26v2,908,36061005400
1008180037,5 WEST 16 STREET,MN,818,37,10011.0,1005400,54,C5,2.0,"5 W. 16 STREET, LLC",3066.0,8469.0,6469.0,2000.0,0.0,2000.0,12.0,17.0,1.0,4.0,1846.0,1987.0,2.76,40.7378491,-73.9933423,26v2,918,36061005400
1008180041,110 5 AVENUE,MN,818,41,10011.0,1005400,54,O6,5.0,110 FIFTH REALTY CORP.,14525.0,148940.0,0.0,148940.0,134940.0,14000.0,0.0,8.0,1.0,11.0,1890.0,2012.0,10.25,40.7376734,-73.9929274,26v2,958,36061005400
1008180051,114 5 AVENUE,MN,818,51,10011.0,1005400,54,O6,5.0,"114 FIFTH AVENUE ASSOCIATES, LLC",16144.0,351552.0,0.0,351552.0,328682.0,17703.0,0.0,22.0,1.0,18.0,1909.0,1989.0,21.78,40.7379204,-73.992783,26v2,958,36061005400
1008180058,12 WEST 17 STREET,MN,818,58,10011.0,1005400,54,D4,3.0,12 W 17 ST TENANTS CORP,2760.0,30240.0,28340.0,1900.0,0.0,1900.0,11.0,12.0,1.0,12.0,1912.0,1982.0,10.96,40.7381181,-73.9932593,26v2,912,36061005400
1008180059,14 WEST 17 STREET,MN,818,59,10011.0,1005400,54,D0,3.0,14 W 17 TENANTS CORP,4600.0,50672.0,46080.0,4592.0,0.0,4592.0,19.0,20.0,1.0,12.0,1907.0,1979.0,11.02,40.7381702,-73.993382,26v2,901,36061005400
1008180064,22 WEST 17 STREET,MN,818,64,10011.0,1005400,54,P7,8.0,"CENTER FOR JEWISH HISTORY, INC.",4103.0,28980.0,0.0,28980.0,0.0,0.0,0.0,1.0,1.0,7.0,1947.0,1987.0,7.06,40.738313,-73.9937176,26v2,868,36061005400
1008180066,26 WEST 17 STREET,MN,818,66,10011.0,1005400,54,O6,5.0,EDMAL REALTY CO. LLC,8602.0,106770.0,0.0,106770.0,101226.0,5544.0,0.0,29.0,1.0,12.0,1908.0,1981.0,12.41,40.7384036,-73.9939341,26v2,848,36061005400
1008180071,36 WEST 17 STREET,MN,818,71,10011.0,1005400,54,O5,5.0,36 W 17 ST CORP,2300.0,12000.0,0.0,12000.0,7400.0,4600.0,0.0,2.0,1.0,5.0,1850.0,2010.0,5.22,40.7385216,-73.9942119,26v2,821,36061005400
1008180075,44 WEST 17 STREET,MN,818,75,10011.0,1005400,54,S4,4.0,44 W 17 LLC,1515.0,5664.0,,,,,4.0,5.0,1.0,5.0,1861.0,1985.0,3.74,40.7386479,-73.994515,26v2,792,36061005400
1008190010,47 WEST 17 STREET,MN,819,10,10011.0,1005400,54,O6,5.0,44 WEST 18TH STREET LLC,14479.0,179186.0,0.0,179186.0,165186.0,14000.0,0.0,15.0,1.0,12.0,1907.0,0.0,12.38,40.7392051,-73.9943851,26v2,781,36061005400
1008190014,45 WEST 17 STREET,MN,819,14,10011.0,1005400,54,O5,5.0,42 WEST 18TH REALTY CORP,4600.0,27600.0,2300.0,25300.0,10350.0,4600.0,1.0,12.0,1.0,6.0,1908.0,0.0,6.0,40.7391364,-73.9942191,26v2,797,36061005400
1008190017,37 WEST 17 STREET,MN,819,17,10011.0,1005400,54,O6,5.0,37-39 WEST 17TH OWNER LLC,4725.0,35000.0,0.0,35000.0,30000.0,5000.0,0.0,13.0,2.0,7.0,1906.0,0.0,7.41,40.7389004,-73.9940314,26v2,820,36061005400
1008190019,33 WEST 17 STREET,MN,819,19,10011.0,1005400,54,O6,5.0,NORMAN KURLAN,4725.0,48532.0,0.0,48532.0,42182.0,6350.0,0.0,12.0,1.0,11.0,1908.0,0.0,10.27,40.7388373,-73.9938691,26v2,835,36061005400
1008190022,29 WEST 17 STREET,MN,819,22,10011.0,1005400,54,O6,5.0,29 W 17TH OWNER LLC,2300.0,25000.0,4600.0,20400.0,17900.0,2500.0,3.0,10.0,1.0,10.0,1906.0,1987.0,10.87,40.7387522,-73.9936778,26v2,854,36061005400
1008190030,13 WEST 17 STREET,MN,819,30,10011.0,1005400,54,S9,4.0,EMILY FRANKEL QTIP FBO JOHN CULLUM,2484.0,9395.0,5637.0,3758.0,0.0,3758.0,2.0,4.0,1.0,4.0,1850.0,2003.0,3.78,40.7384721,-73.9930103,26v2,917,36061005400
1008190044,126 5 AVENUE,MN,819,44,10011.0,1005400,54,O6,5.0,"126-8 FIFTH AVENUE, LLC",6900.0,100621.0,19301.0,81320.0,74320.0,7000.0,11.0,33.0,1.0,15.0,1906.0,1980.0,14.58,40.738505,-73.9922308,26v2,978,36061005400
1008190049,4 WEST 18 STREET,MN,819,49,10011.0,1005400,54,K4,4.0,MAR-RICH HOLDING CORP,2300.0,5250.0,0.0,5250.0,1625.0,3625.0,0.0,3.0,1.0,3.0,1914.0,0.0,2.28,40.7386423,-73.9926819,26v2,937,36061005400
1008190052,10 WEST 18 STREET,MN,819,52,10011.0,1005400,54,O6,5.0,10 W 18TH OWNER LLC,2576.0,22276.0,2296.0,19980.0,17980.0,2000.0,1.0,9.0,1.0,9.0,1901.0,1986.0,8.65,40.7387466,-73.9929272,26v2,914,36061005400
1008190056,18 WEST 18 STREET,MN,819,56,10011.0,1005400,54,O6,5.0,17-18 MANAGEMENT COMPANY,13800.0,173152.0,0.0,173152.0,157500.0,15652.0,0.0,7.0,1.0,11.0,1904.0,0.0,12.55,40.7388015,-73.9934288,26v2,872,36061005400
1008190066,40 WEST 18 STREET,MN,819,66,10011.0,1005400,54,O5,5.0,WEST 18 REALTY CORP.,2300.0,8165.0,0.0,8165.0,4150.0,2015.0,0.0,4.0,1.0,4.0,1858.0,0.0,3.55,40.7392188,-73.9940531,26v2,807,36061005400
1008190077,604 AVENUE OF THE AMERICAS,MN,819,77,10011.0,1005400,54,K2,5.0,THE JANE H. GOLDMAN RESIDUARY TRUST NUMB ER 1,16675.0,53030.0,0.0,53030.0,7820.0,37390.0,0.0,1.0,2.0,4.0,1912.0,2013.0,3.18,40.7394988,-73.9947134,26v2,745,36061005400
1008197501,12 WEST 18 STREET,MN,819,7501,10011.0,1005400,54,RM,4.0,CHELSEA E CONDOMINIUMS,4876.0,30675.0,24500.0,6175.0,3500.0,2675.0,14.0,18.0,1.0,9.0,1885.0,0.0,6.29,40.7388015,-73.9930571,26v2,901,36061005400
1008197504,15 WEST 17 STREET,MN,819,7504,10011.0,1005400,54,RM,4.0,UNAVAILABLE OWNER,2576.0,24414.0,22000.0,2414.0,0.0,2414.0,10.0,11.0,1.0,11.0,1907.0,1987.0,9.48,40.7385106,-73.9930969,26v2,909,36061005400
1008200026,23 WEST 18 STREET,MN,820,26,10011.0,1005400,54,O6,5.0,18-19TH ASSOCIATES,15175.0,191400.0,0.0,191400.0,165500.0,25900.0,0.0,20.0,1.0,11.0,1902.0,1987.0,12.61,40.7393614,-73.9929019,26v2,896,36061005400
1008200029,15 WEST 18 STREET,MN,820,29,10011.0,1005400,54,O6,5.0,FIRST FLATIRON LLC,4600.0,42625.0,19262.0,23363.0,19263.0,4100.0,9.0,16.0,1.0,10.0,1904.0,2005.0,9.27,40.7391556,-73.9928117,26v2,910,36061005400
1008200033,7 WEST 18 STREET,MN,820,33,10011.0,1005400,54,O6,5.0,7 WEST 18TH LLC,4674.0,43307.0,0.0,43307.0,39307.0,4000.0,0.0,9.0,1.0,9.0,1897.0,1987.0,9.27,40.7390238,-73.9924978,26v2,939,36061005400
1008200036,3 WEST 18 STREET,MN,820,36,10011.0,1005400,54,O6,5.0,3-5 WEST 18TH LLC,4511.0,34360.0,0.0,34360.0,30160.0,4200.0,0.0,8.0,1.0,8.0,1896.0,1989.0,7.62,40.7389552,-73.992339,26v2,954,36061005400
1008200038,130 5 AVENUE,MN,820,38,10011.0,1005400,54,O6,5.0,"ROC-FIFTH AVENUE ASSOCIATES,",10975.0,120000.0,0.0,120000.0,104140.0,10000.0,0.0,11.0,1.0,11.0,1903.0,0.0,10.93,40.7388179,-73.9920467,26v2,982,36061005400
1008200044,134 5 AVENUE,MN,820,44,10011.0,1005400,54,O5,5.0,"134 5TH AVE.,",3671.0,14130.0,0.0,14130.0,11630.0,2500.0,0.0,6.0,1.0,5.0,1853.0,1986.0,3.85,40.7389579,-73.991971,26v2,984,36061005400
1008200045,136 5 AVENUE,MN,820,45,10011.0,1005400,54,K1,5.0,"136 FIFTH AVENUE, LLC",3675.0,3755.0,0.0,3755.0,0.0,3755.0,0.0,1.0,1.0,1.0,1850.0,1987.0,1.02,40.7390155,-73.9919313,26v2,985,36061005400
1008200046,138 5 AVENUE,MN,820,46,10011.0,1005400,54,O5,5.0,138 NEW YORK LLC,4373.0,16076.0,0.0,16076.0,12076.0,4000.0,0.0,4.0,1.0,4.0,1847.0,1986.0,3.68,40.7390869,-73.9918952,26v2,986,36061005400
1008200053,12 WEST 19 STREET,MN,820,53,10011.0,1005400,54,K4,4.0,12 WEST 19 LLC,2300.0,5050.0,2350.0,2700.0,0.0,2700.0,4.0,6.0,1.0,3.0,1852.0,1987.0,2.2,40.7392763,-73.9923642,26v2,943,36061005400
1008200054,14 WEST 19 STREET,MN,820,54,10011.0,1005400,54,S3,4.0,TRESJ LLC,1969.0,5807.0,4355.0,1452.0,0.0,1452.0,3.0,4.0,1.0,4.0,1848.0,0.0,2.95,40.7393065,-73.9924364,26v2,936,36061005400
1008207502,11 WEST 18 STREET,MN,820,7502,10011.0,1005400,54,RM,4.0,UNAVAILABLE OWNER,4600.0,17058.0,13018.0,4040.0,0.0,4040.0,8.0,10.0,1.0,5.0,1849.0,0.0,3.71,40.7390897,-73.992653,26v2,924,36061005400
1008207503,8 WEST 19 STREET,MN,820,7503,10011.0,1005400,54,RM,4.0,LE CANTALOO CONDOMINIUM,4600.0,43481.0,37795.0,5686.0,0.0,5686.0,10.0,11.0,1.0,11.0,1907.0,0.0,9.45,40.7392269,-73.9922488,26v2,953,36061005400
1008207504,16 WEST 19 STREET,MN,820,7504,10011.0,1005400,54,RM,4.0,UNAVAILABLE OWNER,5858.0,58594.0,50742.0,7852.0,0.0,4435.0,57.0,58.0,1.0,14.0,1907.0,2006.0,10.0,40.7393614,-73.9925699,26v2,923,36061005400
1008210010,55 WEST 19 STREET,MN,821,10,10011.0,1005400,54,O5,5.0,55 W 19 AIOVS LLC,2326.0,9508.0,1566.0,7942.0,5714.0,2228.0,1.0,5.0,1.0,5.0,1854.0,0.0,4.09,40.7403222,-73.9937895,26v2,802,36061005400
1008210011,53 WEST 19 STREET,MN,821,11,10011.0,1005400,54,C7,4.0,"PANASIA ESTATE, INC.",2080.0,6900.0,3726.0,3174.0,1242.0,1932.0,12.0,14.0,1.0,5.0,1854.0,0.0,3.32,40.7402974,-73.9937065,26v2,809,36061005400
1008210012,51 WEST 19 STREET,MN,821,12,10011.0,1005400,54,O5,5.0,"PANASIA ESTATE, INC.",2080.0,7084.0,1288.0,5796.0,3864.0,1932.0,1.0,4.0,1.0,5.0,1854.0,0.0,3.41,40.7402673,-73.9936344,26v2,816,36061005400
1008210013,49 WEST 19 STREET,MN,821,13,10011.0,1005400,54,K4,4.0,"BDS MANAGEMENT, LLC",1779.0,5945.0,0.0,1140.0,0.0,1140.0,5.0,6.0,1.0,5.0,1855.0,1983.0,3.34,40.7402425,-73.9935694,26v2,821,36061005400
1008210014,39 WEST 19 STREET,MN,821,14,10011.0,1005400,54,O6,5.0,ABNER PROPERTIES CO,9721.0,107152.0,0.0,107152.0,97652.0,9500.0,0.0,15.0,1.0,12.0,1910.0,2019.0,11.02,40.7401602,-73.9933746,26v2,839,36061005400
1008210019,37 WEST 19 STREET,MN,821,19,10011.0,1005400,54,C7,4.0,CHELSEA SUNSHINE LLC,2300.0,14600.0,12000.0,2600.0,0.0,2600.0,7.0,8.0,1.0,7.0,1902.0,2006.0,6.35,40.7400723,-73.9931653,26v2,858,36061005400
1008210020,35 WEST 19 STREET,MN,821,20,10011.0,1005400,54,S5,4.0,MKF RLTY CORP,2349.0,13050.0,10400.0,2650.0,0.0,2288.0,5.0,6.0,1.0,6.0,1903.0,2014.0,5.56,40.7400367,-73.9930859,26v2,865,36061005400
1008210021,31 WEST 19 STREET,MN,821,21,10011.0,1005400,54,O5,5.0,PANASIA ESTATE 1 INC.,8556.0,51336.0,0.0,51336.0,42780.0,8556.0,0.0,13.0,1.0,6.0,1903.0,2003.0,6.0,40.740108,-73.9928838,26v2,881,36061005400
1008210025,25 WEST 19 STREET,MN,821,25,10011.0,1005400,54,C7,4.0,REPUBLIC 1948 LTD,2300.0,7125.0,5700.0,1425.0,0.0,1425.0,8.0,9.0,1.0,4.0,1856.0,0.0,3.1,40.7398747,-73.9926962,26v2,901,36061005400
1008210027,21 WEST 19 STREET,MN,821,27,10011.0,1005400,54,D7,4.0,19 FUNDING INC.,2300.0,11375.0,9825.0,1550.0,0.0,1550.0,6.0,7.0,1.0,7.0,1911.0,2012.0,4.95,40.7398061,-73.9925374,26v2,915,36061005400
1008210033,9 WEST 19 STREET,MN,821,33,10011.0,1005400,54,O5,5.0,9 W 19 CORP.,2300.0,9869.0,3807.0,6062.0,3881.0,2181.0,3.0,5.0,1.0,5.0,1904.0,2010.0,4.29,40.7396057,-73.9920611,26v2,959,36061005400
1008210034,7 WEST 19 STREET,MN,821,34,10011.0,1005400,54,O8,4.0,CARBIL OWNER LLC,2300.0,8600.0,2000.0,6600.0,4450.0,2150.0,2.0,4.0,1.0,4.0,1850.0,1985.0,3.74,40.7395727,-73.9919817,26v2,966,36061005400
1008210038,142 5 AVENUE,MN,821,38,10011.0,1005400,54,O6,5.0,142 FIFTH AVE OWNERS CORP,9200.0,91000.0,43680.0,47320.0,39130.0,8190.0,11.0,23.0,1.0,10.0,1899.0,0.0,9.89,40.7394437,-73.991758,26v2,988,36061005400
1008210049,6 WEST 20 STREET,MN,821,49,10011.0,1005400,54,O6,5.0,"6 WEST 20TH ST. TENANTS CORP.,",4600.0,45400.0,20450.0,24950.0,20450.0,4500.0,9.0,20.0,1.0,11.0,1907.0,1988.0,9.87,40.7398554,-73.9919275,26v2,965,36061005400
1008210055,18 WEST 20 STREET,MN,821,55,10011.0,1005400,54,O6,5.0,DEZER PROPERTIES II LLC,9200.0,93722.0,0.0,93722.0,86622.0,7100.0,0.0,56.0,1.0,11.0,1902.0,0.0,10.19,40.7400147,-73.9924869,26v2,916,36061005400
1008210058,24 WEST 20 STREET,MN,821,58,10011.0,1005400,54,K1,5.0,DEZER PROPERTIES II LLC,2300.0,3848.0,0.0,3848.0,0.0,3848.0,0.0,1.0,1.0,1.0,1852.0,1989.0,1.67,40.7401382,-73.9925987,26v2,904,36061005400
1008210059,26 WEST 20 STREET,MN,821,59,10011.0,1005400,54,D0,3.0,26 WEST 20 ST CORP,2576.0,12635.0,8000.0,4635.0,0.0,2500.0,4.0,5.0,1.0,5.0,1952.0,1961.0,4.9,40.7401739,-73.9926817,26v2,897,36061005400
1008210064,36 WEST 20 STREET,MN,821,64,10011.0,1005400,54,O6,5.0,JGW 36WEST20 LLC,4600.0,49500.0,0.0,49500.0,40500.0,9000.0,0.0,13.0,1.0,11.0,1907.0,0.0,10.76,40.7403551,-73.9931111,26v2,858,36061005400
1008210071,48 WEST 20 STREET,MN,821,71,10011.0,1005400,54,O5,5.0,SALGO LLC,2392.0,8000.0,0.0,8000.0,4550.0,3450.0,0.0,5.0,1.0,5.0,1855.0,2010.0,3.34,40.7405472,-73.9935766,26v2,816,36061005400
1008217501,40 WEST 20 STREET,MN,821,7501,10011.0,1005400,54,RB,5.0,40 WEST 20TH STREET CONDMINIUM,9905.0,95316.0,0.0,95316.0,95316.0,0.0,0.0,3.0,1.0,12.0,1910.0,0.0,9.62,40.7404594,-73.9933637,26v2,835,36061005400
1008217502,29 WEST 19 STREET,MN,821,7502,10011.0,1005400,54,RM,4.0,UNAVAILABLE OWNER,2576.0,11623.0,9050.0,2573.0,1816.0,0.0,5.0,11.0,1.0,5.0,1854.0,2005.0,4.51,40.7399406,-73.9928549,26v2,886,36061005400
1008217503,650 AVENUE OF THE AMERICAS,MN,821,7503,10011.0,1005400,54,RM,4.0,UNAVAILABLE OWNER,18675.0,110630.0,83500.0,27130.0,0.0,27130.0,67.0,70.0,1.0,7.0,1892.0,1987.0,5.92,40.7406543,-73.993905,26v2,788,36061005400
1008217506,636 AVENUE OF THE AMERICAS,MN,821,7506,10011.0,1005400,54,RC,5.0,UNAVAILABLE OWNER,10750.0,73270.0,0.0,73270.0,55707.0,17563.0,0.0,2.0,1.0,7.0,1896.0,0.0,6.82,40.7404292,-73.9940963,26v2,775,36061005400
1008220001,652 AVENUE OF THE AMERICAS,MN,822,1,10011.0,1005400,54,K4,4.0,MANSION REALTY LLC,13750.0,22000.0,0.0,22000.0,0.0,8016.0,0.0,4.0,3.0,3.0,1853.0,2003.0,1.6,40.7410303,-73.9936307,26v2,808,36061005400
1008220008,47 WEST 20 STREET,MN,822,8,10011.0,1005400,54,K2,5.0,MANSION REALTY LLC,2694.0,7500.0,0.0,7500.0,0.0,7500.0,0.0,1.0,1.0,3.0,1853.0,2015.0,2.78,40.7408985,-73.9933276,26v2,834,36061005400
1008220009,37 WEST 20 STREET,MN,822,9,10011.0,1005400,54,O6,5.0,37 WEST 20 COMPANY,9821.0,105942.0,0.0,105942.0,96942.0,9000.0,0.0,51.0,1.0,12.0,1910.0,0.0,10.79,40.7408162,-73.9931002,26v2,854,36061005400
1008220023,17 WEST 20 STREET,MN,822,23,10011.0,1005400,54,O5,5.0,"HH WEST 20TH, LLC",3404.0,16724.0,4081.0,12643.0,9800.0,2843.0,0.0,14.0,1.0,6.0,1852.0,1985.0,4.91,40.7404209,-73.9921656,26v2,936,36061005400
1008220029,7 WEST 20 STREET,MN,822,29,10011.0,1005400,54,C4,2.0,THREE SEVENS LLC,2300.0,9225.0,6725.0,2500.0,0.0,2500.0,8.0,9.0,1.0,5.0,1851.0,1988.0,4.01,40.7402287,-73.991711,26v2,977,36061005400
1008220030,5 WEST 20 STREET,MN,822,30,10011.0,1005400,54,O5,5.0,5 WEST 20 ST CORP,2576.0,10940.0,0.0,10940.0,8364.0,2576.0,0.0,5.0,1.0,5.0,1852.0,2008.0,4.25,40.740193,-73.991628,26v2,984,36061005400
1008220054,22 WEST 21 STREET,MN,822,54,10010.0,1005400,54,O6,5.0,21 BUILDING CORP,9200.0,101368.0,0.0,101368.0,92868.0,8500.0,0.0,14.0,1.0,12.0,1908.0,2015.0,11.02,40.7407063,-73.9921331,26v2,936,36061005400
1008220061,36 WEST 21 STREET,MN,822,61,10010.0,1005400,54,S3,4.0,36 W 21 ST HOLDINGS LLC,1537.0,4760.0,3610.0,1150.0,0.0,1150.0,3.0,4.0,1.0,4.0,1855.0,0.0,3.1,40.7408738,-73.9925301,26v2,901,36061005400
1008220066,46 WEST 21 STREET,MN,822,66,10010.0,1005400,54,S4,4.0,REDLEAF CAPITAL LLC,2300.0,9499.0,7805.0,1694.0,0.0,1694.0,4.0,5.0,1.0,5.0,1860.0,1992.0,4.13,40.7409891,-73.9928043,26v2,877,36061005400
1008220069,52 WEST 21 STREET,MN,822,69,10010.0,1005400,54,S4,4.0,ASPEN ESTATE LLC,1392.0,5118.0,3860.0,1258.0,0.0,1258.0,4.0,5.0,1.0,5.0,1862.0,2010.0,3.68,40.7410852,-73.993028,26v2,858,36061005400
1008220075,64 WEST 21 STREET,MN,822,75,10010.0,1005400,54,K4,4.0,"DUBILIER, MICHAEL J.",2430.0,6244.0,,,,,1.0,3.0,1.0,4.0,1851.0,2004.0,2.57,40.7412471,-73.9934466,26v2,822,36061005400
1008220076,670 AVENUE OF THE AMERICAS,MN,822,76,10010.0,1005400,54,O5,5.0,670 6TH RETAIL LLC,2950.0,5920.0,0.0,5920.0,2960.0,2960.0,0.0,1.0,1.0,2.0,1852.0,2006.0,2.01,40.7413844,-73.9935513,26v2,814,36061005400
1008220078,668 AVENUE OF THE AMERICAS,MN,822,78,10010.0,1005400,54,K4,4.0,668 AVE LLC,1478.0,6673.0,1953.0,4720.0,0.0,4720.0,2.0,4.0,1.0,4.0,1851.0,2014.0,4.51,40.7413103,-73.993609,26v2,809,36061005400
1008220079,666 AVENUE OF THE AMERICAS,MN,822,79,10010.0,1005400,54,S3,4.0,BEN-DOV CHANA,1475.0,4460.0,3610.0,850.0,0.0,850.0,3.0,4.0,1.0,4.0,1851.0,1984.0,3.02,40.7412609,-73.9936415,26v2,806,36061005400
1008220080,664 AVENUE OF THE AMERICAS,MN,822,80,10010.0,1005400,54,K4,4.0,664 AVENUE OF THE AMERICAS  LLC,1478.0,5400.0,2106.0,3294.0,0.0,3294.0,2.0,4.0,1.0,4.0,1850.0,2015.0,3.65,40.7412142,-73.9936776,26v2,803,36061005400
1008227501,11 WEST 20 STREET,MN,822,7501,10011.0,1005400,54,RM,4.0,UNAVAILABLE OWNER,2631.0,20189.0,13230.0,6959.0,4410.0,2549.0,6.0,9.0,1.0,9.0,1901.0,1995.0,7.67,40.7403028,-73.9918842,26v2,961,36061005400
1008227502,35 WEST 20 STREET,MN,822,7502,10011.0,1005400,54,RM,4.0,UNAVAILABLE OWNER,2300.0,8875.0,5524.0,3351.0,0.0,3351.0,4.0,5.0,1.0,4.0,1858.0,0.0,3.86,40.7407283,-73.9928946,26v2,872,36061005400
1008227503,9 WEST 20 STREET,MN,822,7503,10011.0,1005400,54,RM,4.0,9 WEST 20TH CONDOMINIUM,2622.0,25588.0,23692.0,1896.0,0.0,1896.0,11.0,12.0,1.0,12.0,1908.0,2002.0,9.76,40.7402644,-73.991794,26v2,969,36061005400
1008230004,682 AVENUE OF THE AMERICAS,MN,823,4,10010.0,1005800,58,D0,3.0,682 6 AVE HOUSING DEVLPMT CORP,2346.0,16965.0,12700.0,4265.0,0.0,2300.0,5.0,8.0,1.0,8.0,1897.0,0.0,7.23,40.7417659,-73.9932337,26v2,842,36061005800
1008230006,57 WEST 21 STREET,MN,823,6,10010.0,1005800,58,K2,5.0,57 WEST REALTY LLC,2272.0,5238.0,0.0,5238.0,0.0,5238.0,0.0,1.0,1.0,2.0,1851.0,0.0,2.31,40.7415957,-73.993111,26v2,851,36061005800
1008230009,53 WEST 21 STREET,MN,823,9,10010.0,1005800,58,K4,4.0,53-55 WEST 21ST OWNER LLC,4550.0,32000.0,10000.0,22000.0,10000.0,12000.0,2.0,8.0,1.0,6.0,1902.0,1989.0,7.03,40.7415518,-73.9930027,26v2,860,36061005800
1008230010,45 WEST 21 STREET,MN,823,10,10010.0,1005800,58,O5,5.0,"45 WEST 21ST ST. ASSOCIATES,",10820.0,70000.0,0.0,70000.0,50000.0,20000.0,0.0,23.0,1.0,6.0,1902.0,0.0,6.47,40.7414474,-73.9927537,26v2,881,36061005800
1008230055,20 WEST 22 STREET,MN,823,55,10010.0,1005800,58,O6,5.0,ELK REALTY LLC,10253.0,169887.0,0.0,169887.0,144393.0,25494.0,0.0,88.0,1.0,16.0,1911.0,1990.0,16.57,40.7412744,-73.9915954,26v2,978,36061005800
1008230059,28 WEST 22 STREET,MN,823,59,10010.0,1005800,58,O5,5.0,28-30 WEST 22ND STREET MANHATTAN LLC,4945.0,27410.0,0.0,27410.0,22665.0,4745.0,0.0,9.0,1.0,6.0,1905.0,2011.0,5.54,40.741376,-73.9918371,26v2,958,36061005800
1008230061,32 WEST 22 STREET,MN,823,61,10010.0,1005800,58,O5,5.0,"32 WEST 22ND STREET,",3144.0,17147.0,0.0,17147.0,14347.0,2800.0,0.0,6.0,1.0,6.0,1905.0,1965.0,5.45,40.7414309,-73.991967,26v2,947,36061005800
1008230062,34 WEST 22 STREET,MN,823,62,10010.0,1005800,58,S9,4.0,SECOND JAM DEVELOPMENT,2435.0,12328.0,7889.0,4439.0,0.0,4439.0,4.0,6.0,1.0,6.0,1899.0,1987.0,5.06,40.7414666,-73.9920609,26v2,939,36061005800
1008230063,36 WEST 22 STREET,MN,823,63,10010.0,1005800,58,D4,3.0,GREEN TURTLE RLTY CORP,2271.0,14655.0,12555.0,2100.0,0.0,2100.0,6.0,7.0,1.0,7.0,1903.0,0.0,6.45,40.7414996,-73.992133,26v2,933,36061005800
1008230065,40 WEST 22 STREET,MN,823,65,10010.0,1005800,58,D0,3.0,40 WEST 22ND ST TENANTS COOP CORP,4455.0,50313.0,41583.0,8730.0,0.0,0.0,15.0,16.0,1.0,12.0,1910.0,1980.0,11.29,40.7415764,-73.9923135,26v2,918,36061005800
1008230068,46 WEST 22 STREET,MN,823,68,10010.0,1005800,58,S5,4.0,"46 WEST 22ND STREET,",2271.0,9661.0,8161.0,1500.0,0.0,1500.0,5.0,6.0,1.0,5.0,1850.0,2006.0,4.25,40.7416533,-73.9924939,26v2,903,36061005800
1008230069,48 WEST 22 STREET,MN,823,69,10010.0,1005800,58,D0,3.0,22 ST OWNERS INC,2271.0,12740.0,10740.0,2000.0,0.0,2000.0,5.0,6.0,1.0,6.0,1904.0,1984.0,5.61,40.7416835,-73.9925697,26v2,897,36061005800
1008230070,50 WEST 22 STREET,MN,823,70,10010.0,1005800,58,S3,4.0,50 W. 22ND REALTY LLC,2271.0,7654.0,5740.0,1914.0,0.0,1914.0,3.0,4.0,1.0,4.0,1851.0,1967.0,3.37,40.7417137,-73.9926418,26v2,891,36061005800
1008230072,54 WEST 22 STREET,MN,823,72,10010.0,1005800,58,S9,4.0,54 W 22ND OWNER LLC,2334.0,12005.0,6006.0,5999.0,3679.0,2320.0,3.0,6.0,1.0,6.0,1897.0,0.0,5.14,40.7417768,-73.9927898,26v2,879,36061005800
1008230073,56 WEST 22 STREET,MN,823,73,10010.0,1005800,58,O6,5.0,56 W 22 LLC,4592.0,55200.0,0.0,55200.0,50600.0,4600.0,0.0,15.0,1.0,12.0,1908.0,0.0,12.02,40.7418207,-73.992898,26v2,870,36061005800
1008230075,60 WEST 22 STREET,MN,823,75,10010.0,1005800,58,O5,5.0,JP REAL ESTATE GROUP LIMITED,1780.0,4972.0,,,,,1.0,4.0,1.0,4.0,1853.0,0.0,2.79,40.7418647,-73.9929991,26v2,862,36061005800
1008230076,62 WEST 22 STREET,MN,823,76,10010.0,1005800,58,K2,5.0,JP REAL ESTATE GROUP LIMITED,1778.0,3478.0,0.0,3478.0,0.0,3478.0,0.0,2.0,1.0,2.0,1849.0,2016.0,1.96,40.7418866,-73.9930532,26v2,858,36061005800
1008230079,688 AVENUE OF THE AMERICAS,MN,823,79,10010.0,1005800,58,K2,5.0,FRANCMEN 688 LLC,2916.0,8298.0,0.0,8298.0,0.0,8298.0,0.0,5.0,1.0,3.0,1862.0,0.0,2.85,40.7419992,-73.9931362,26v2,852,36061005800
1008230082,686 AVENUE OF THE AMERICAS,MN,823,82,10010.0,1005800,58,K2,5.0,MCDONALDS CORPORATION,1455.0,4287.0,0.0,4287.0,0.0,4287.0,0.0,1.0,1.0,3.0,1847.0,1994.0,2.95,40.7419086,-73.9932048,26v2,845,36061005800
1008230083,684 AVENUE OF THE AMERICAS,MN,823,83,10010.0,1005800,58,K4,4.0,JP REAL ESTATE GROUP LIMITED,1455.0,3421.0,1100.0,2321.0,0.0,2321.0,1.0,3.0,1.0,3.0,1847.0,0.0,2.35,40.741851,-73.9932481,26v2,841,36061005800
1008237501,43 WEST 21 STREET,MN,823,7501,10010.0,1005800,58,RM,4.0,4321 REALTY CORP.,2469.0,8100.0,6391.0,1709.0,0.0,1709.0,3.0,4.0,1.0,5.0,1910.0,1998.0,3.28,40.7413569,-73.9925408,26v2,899,36061005800
1008237503,31 WEST 21 STREET,MN,823,7503,10010.0,1005800,58,RM,4.0,UNAVAILABLE OWNER,5530.0,55764.0,48244.0,7520.0,0.0,7520.0,11.0,12.0,1.0,11.0,1907.0,2002.0,10.08,40.7411729,-73.9921042,26v2,936,36061005800
1008237504,44 WEST 22 STREET,MN,823,7504,10010.0,1005800,58,RM,4.0,UNAVAILABLE OWNER,2225.0,9647.0,7059.0,2588.0,0.0,2588.0,5.0,6.0,1.0,6.0,1851.0,2005.0,4.34,40.7416231,-73.9924253,26v2,909,36061005800
1008250007,69 WEST 23 STREET,MN,825,7,10010.0,1005800,58,K4,4.0,"TTMH NYC HOLDINGS I, LLC",2271.0,8191.0,0.0,8191.0,0.0,3385.0,0.0,1.0,1.0,5.0,1851.0,1987.0,3.61,40.7428609,-73.992003,26v2,959,36061005800
1008250071,36 WEST 24 STREET,MN,825,71,10010.0,1005800,58,D0,3.0,40 W 24 ST CORP,7406.0,69823.0,55708.0,14115.0,0.0,14115.0,24.0,26.0,1.0,10.0,1906.0,1989.0,9.43,40.7430201,-73.9915951,26v2,996,36061005800
1005530001,378 AVENUE OF THE AMERICAS,MN,553,1,10011.0,1006300,63,K1,5.0,378 SIXTH LLC,6750.0,6750.0,0.0,6750.0,0.0,6750.0,0.0,3.0,1.0,1.0,1941.0,0.0,1.0,40.7329609,-73.9996753,26v2,980,36061006300
1005530009,396 AVENUE OF THE AMERICAS,MN,553,9,10011.0,1006300,63,K2,5.0,378 SIXTH LLC,3640.0,10800.0,0.0,10800.0,0.0,10800.0,0.0,1.0,1.0,2.0,1935.0,1982.0,2.97,40.7333644,-73.999383,26v2,946,36061006300
1005530014,56 WEST 8 STREET,MN,553,14,10011.0,1006300,63,K1,5.0,RETURN TO HOME CO.,3942.0,3602.0,0.0,3602.0,0.0,3602.0,0.0,2.0,1.0,1.0,1934.0,1980.0,0.91,40.7330844,-73.9991088,26v2,983,36061006300
1005530015,52 WEST 8 STREET,MN,553,15,10011.0,1006300,63,O2,5.0,L&M 52 WEST 8TH LLC,6763.0,20448.0,0.0,20448.0,20448.0,0.0,0.0,4.0,1.0,3.0,1927.0,2013.0,3.02,40.733046,-73.9989789,26v2,991,36061006300
1005720001,402 AVENUE OF THE AMERICAS,MN,572,1,10011.0,1006300,63,C7,4.0,402 SIXTH AVENUE LLC,1802.0,7104.0,3552.0,3552.0,0.0,1776.0,11.0,16.0,1.0,4.0,1951.0,0.0,3.94,40.7335894,-73.9992314,26v2,927,36061006300
1005720002,404 AVENUE OF THE AMERICAS,MN,572,2,10011.0,1006300,63,K4,4.0,404 NY LLC,1571.0,4762.0,1620.0,3142.0,0.0,3142.0,2.0,4.0,1.0,4.0,1839.0,2007.0,3.03,40.7336471,-73.9991881,26v2,922,36061006300
1005720003,406 AVENUE OF THE AMERICAS,MN,572,3,10011.0,1006300,63,K4,4.0,406 NY LLC,1552.0,4620.0,1540.0,3080.0,1540.0,1540.0,1.0,3.0,1.0,3.0,1839.0,0.0,2.98,40.7336992,-73.9991484,26v2,918,36061006300
1005720004,408 AVENUE OF THE AMERICAS,MN,572,4,10011.0,1006300,63,K4,4.0,GREENWICH VILLAGE PROPERTIES INC,1552.0,5292.0,0.0,5292.0,770.0,4522.0,0.0,2.0,1.0,3.0,1839.0,0.0,3.41,40.7337486,-73.9991124,26v2,914,36061006300
1005720005,410 AVENUE OF THE AMERICAS,MN,572,5,10011.0,1006300,63,K2,5.0,410 SIXTH AVE INC,1552.0,3984.0,0.0,3984.0,770.0,3214.0,0.0,2.0,1.0,3.0,1839.0,0.0,2.57,40.7337953,-73.9990799,26v2,910,36061006300
1005720011,62 WEST 9 STREET,MN,572,11,10011.0,1006300,63,S5,4.0,HARRAN HOLDING CORP,2348.0,6915.0,5715.0,1200.0,0.0,1200.0,5.0,6.0,1.0,5.0,1839.0,2009.0,2.95,40.7338063,-73.9987479,26v2,920,36061006300
1005720012,60 WEST 9 STREET,MN,572,12,10011.0,1006300,63,A4,1.0,"60 WEST 9TH STREET RESIDENCE, LLC",2348.0,5065.0,5065.0,0.0,0.0,0.0,1.0,1.0,1.0,5.0,1839.0,2009.0,2.16,40.7337733,-73.9986685,26v2,926,36061006300
1005720013,58 WEST 9 STREET,MN,572,13,10011.0,1006300,63,A4,1.0,"BORDES, PETER A JR.",1565.0,3944.0,3944.0,0.0,0.0,0.0,1.0,1.0,1.0,4.0,1853.0,1987.0,2.52,40.7337431,-73.9986036,26v2,932,36061006300
1005720014,56 WEST 9 STREET,MN,572,14,10011.0,1006300,63,A9,1.0,"56 WEST 9TH STREET, LLC",1565.0,2436.0,2436.0,0.0,0.0,0.0,1.0,1.0,1.0,4.0,1853.0,0.0,1.56,40.7337212,-73.9985495,26v2,936,36061006300
1005720015,54 WEST 9 STREET,MN,572,15,10011.0,1006300,63,C2,2.0,54 W 9TH STREET LLC,1565.0,4060.0,4060.0,0.0,0.0,0.0,5.0,5.0,1.0,4.0,1853.0,1960.0,2.59,40.7336992,-73.998499,26v2,940,36061006300
1005720022,36 WEST 9 STREET,MN,572,22,10011.0,1006300,63,S4,4.0,HONEYPOT AHEAD LLC,2350.0,6252.0,4902.0,1350.0,0.0,1350.0,4.0,5.0,1.0,4.0,1845.0,0.0,2.66,40.7334247,-73.9978459,26v2,991,36061006300
1005720023,34 WEST 9 STREET,MN,572,23,10011.0,1006300,63,C2,2.0,34W9 LLC,2350.0,5116.0,5116.0,0.0,0.0,0.0,5.0,5.0,1.0,4.0,1845.0,0.0,2.18,40.7333918,-73.9977665,26v2,998,36061006300
1005720064,41 WEST 8 STREET,MN,572,64,10011.0,1006300,63,S3,4.0,"RASHTIAN, ALBERT",2162.0,6750.0,3450.0,3300.0,0.0,3300.0,3.0,4.0,1.0,5.0,1845.0,0.0,3.12,40.7332848,-73.9982392,26v2,991,36061006300
1005720065,43 WEST 8 STREET,MN,572,65,10011.0,1006300,63,S5,4.0,43 WEST 8TH LLC,2160.0,6729.0,5579.0,1150.0,0.0,1150.0,6.0,7.0,1.0,4.0,1845.0,1984.0,3.12,40.733315,-73.9983113,26v2,985,36061006300
1005720066,45 WEST 8 STREET,MN,572,66,10011.0,1006300,63,C7,4.0,GOLDBERG CENTER LLC,4320.0,17000.0,10200.0,6800.0,0.0,5100.0,12.0,17.0,2.0,5.0,1845.0,2006.0,3.94,40.7333616,-73.9984196,26v2,977,36061006300
1005720068,49 WEST 8 STREET,MN,572,68,10011.0,1006300,63,S9,4.0,WAVERLY REALTY CO.,2160.0,7817.0,4417.0,3400.0,0.0,3400.0,6.0,8.0,1.0,4.5,1845.0,1987.0,3.62,40.7334083,-73.9985314,26v2,968,36061006300
1005720069,51 WEST 8 STREET,MN,572,69,10011.0,1006300,63,C7,4.0,OWEMANCO IN THE VILLAGE L.P.,2348.0,9490.0,7790.0,1700.0,0.0,1700.0,16.0,17.0,1.0,5.0,1877.0,1986.0,4.04,40.7334385,-73.9986072,26v2,962,36061006300
1005720070,53 WEST 8 STREET,MN,572,70,10011.0,1006300,63,C7,4.0,53 WEST 8TH STREET LLC,2348.0,9325.0,7460.0,1865.0,0.0,1865.0,15.0,16.0,1.0,5.0,1890.0,1982.0,3.97,40.7334714,-73.998683,26v2,956,36061006300
1005720071,55 WEST 8 STREET,MN,572,71,10011.0,1006300,63,C7,4.0,JANART 55 WEST 8 LLC,2348.0,10788.0,9188.0,1600.0,0.0,1600.0,9.0,10.0,1.0,6.0,1895.0,1986.0,4.59,40.7335044,-73.9987624,26v2,950,36061006300
1005720072,57 WEST 8 STREET,MN,572,72,10011.0,1006300,63,C7,4.0,OWEMANCO IN THE VILLAGE L.P,2348.0,9490.0,7790.0,1700.0,0.0,1700.0,16.0,17.0,1.0,5.0,1875.0,1986.0,4.04,40.7335373,-73.9988417,26v2,944,36061006300
1005720073,59 WEST 8 STREET,MN,572,73,10011.0,1006300,63,C7,4.0,"ROOSTERBROOK ASSOCIATES I, LLC",2348.0,9490.0,7592.0,1898.0,0.0,1898.0,16.0,18.0,1.0,5.0,1875.0,0.0,4.04,40.7335702,-73.9989211,26v2,938,36061006300
1005730005,432 AVENUE OF THE AMERICAS,MN,573,5,10011.0,1006300,63,K4,4.0,402 6TH AVENUE LLC,2127.0,4967.0,1392.0,3575.0,0.0,3575.0,1.0,2.0,1.0,3.0,1841.0,1968.0,2.34,40.7344129,-73.9986252,26v2,864,36061006300
1005730006,434 AVENUE OF THE AMERICAS,MN,573,6,10011.0,1006300,63,O5,5.0,HARRAN HOLDING CORP,5104.0,28619.0,0.0,28619.0,23719.0,4900.0,0.0,10.0,1.0,6.0,1894.0,0.0,5.61,40.7345254,-73.9985422,26v2,856,36061006300
1005730008,68 WEST 10 STREET,MN,573,8,10011.0,1006300,63,C4,2.0,H-O REALTY CORPORATION,2303.0,9135.0,9135.0,0.0,0.0,0.0,20.0,20.0,1.0,5.0,1892.0,1984.0,3.97,40.7344211,-73.9984015,26v2,871,36061006300
1005730009,66 WEST 10 STREET,MN,573,9,10011.0,1006300,63,C4,2.0,H-O REALTY CORPORATION,2302.0,9135.0,9135.0,0.0,0.0,0.0,20.0,20.0,1.0,5.0,1892.0,1984.0,3.97,40.7343909,-73.9983221,26v2,877,36061006300
1005730010,64 WEST 10 STREET,MN,573,10,10011.0,1006300,63,K4,4.0,"64 WEST 10TH ST., LLC",2024.0,4076.0,0.0,4076.0,2476.0,1600.0,1.0,2.0,1.0,4.0,1838.0,1987.0,2.01,40.734358,-73.9982464,26v2,884,36061006300
1005730011,60 WEST 10 STREET,MN,573,11,10011.0,1006300,63,D1,3.0,"CASTEGA-60 WET 10THSTREET, LLC",3920.0,20797.0,20797.0,0.0,0.0,0.0,27.0,27.0,1.0,7.0,1902.0,0.0,5.31,40.7343168,-73.9981453,26v2,892,36061006300
1005730013,58 WEST 10 STREET,MN,573,13,10011.0,1006300,63,W9,8.0,NEW YORK UNIVERSITY,1983.0,4090.0,0.0,4090.0,4090.0,0.0,0.0,1.0,1.0,3.0,1836.0,0.0,2.06,40.7342729,-73.9980443,26v2,900,36061006300
1005730014,56 WEST 10 STREET,MN,573,14,10011.0,1006300,63,A4,1.0,SCHEUER JEFFREY,1983.0,1776.0,1776.0,0.0,0.0,0.0,1.0,1.0,1.0,3.5,1832.0,0.0,0.9,40.7342454,-73.9979757,26v2,906,36061006300
1005730015,54 WEST 10 STREET,MN,573,15,10011.0,1006300,63,C7,4.0,54 WEST 10TH OWNER LLC,1983.0,5500.0,4840.0,660.0,660.0,0.0,9.0,10.0,1.0,4.0,1839.0,0.0,2.77,40.7342152,-73.9979072,26v2,911,36061006300
1005730016,52 WEST 10 STREET,MN,573,16,10011.0,1006300,63,B2,1.0,"LAJBOSCHITZ, LENNART",1976.0,2720.0,2720.0,0.0,0.0,0.0,2.0,2.0,1.0,2.5,1831.0,0.0,1.38,40.7341878,-73.9978386,26v2,917,36061006300
1005730017,50 WEST 10 STREET,MN,573,17,10011.0,1006300,63,A4,1.0,"SONENBERG, DAVID",1983.0,4000.0,4000.0,0.0,0.0,0.0,1.0,1.0,1.0,4.0,1879.0,2008.0,2.02,40.7341576,-73.9977737,26v2,922,36061006300
1005730018,48 WEST 10 STREET,MN,573,18,10011.0,1006300,63,S2,4.0,THE FENTON/GREER FAMILY TRUST,1983.0,3864.0,2856.0,1008.0,0.0,1008.0,2.0,3.0,1.0,3.0,1830.0,0.0,1.95,40.7341301,-73.9977051,26v2,928,36061006300
1005730023,38 WEST 10 STREET,MN,573,23,10011.0,1006300,63,C1,2.0,"38W10, LLC",2030.0,6016.0,6016.0,0.0,0.0,0.0,8.0,8.0,1.0,5.0,1858.0,0.0,2.96,40.7339819,-73.9973551,26v2,957,36061006300
1005730024,36 WEST 10 STREET,MN,573,24,10011.0,1006300,63,A5,1.0,36 W TENTH HOLDINGS LLC,1968.0,5844.0,5844.0,0.0,0.0,0.0,1.0,1.0,1.0,5.0,1856.0,2015.0,2.97,40.7339545,-73.9972866,26v2,963,36061006300
1005730025,34 WEST 10 STREET,MN,573,25,10011.0,1006300,63,B2,1.0,"34 WEST 10TH I, LLC",1691.0,6398.0,6398.0,0.0,0.0,0.0,2.0,2.0,1.0,4.5,1856.0,2006.0,3.78,40.733927,-73.9972252,26v2,968,36061006300
1005730026,32 WEST 10 STREET,MN,573,26,10011.0,1006300,63,C2,2.0,"EHRLICH, RICHARD",1690.0,5008.0,5008.0,0.0,0.0,0.0,5.0,5.0,1.0,4.5,1856.0,1930.0,2.96,40.7339023,-73.9971675,26v2,973,36061006300
1005730027,30 WEST 10 STREET,MN,573,27,10011.0,1006300,63,C1,2.0,"DAVIS, CARY",1691.0,5008.0,5008.0,0.0,0.0,0.0,7.0,7.0,1.0,4.5,1856.0,1979.0,2.96,40.7338776,-73.9971062,26v2,978,36061006300
1005730028,28 WEST 10 STREET,MN,573,28,10011.0,1006300,63,C2,2.0,28 WEST 10TH STREET LLC,1691.0,5004.0,5004.0,0.0,0.0,0.0,6.0,6.0,1.0,4.5,1856.0,1986.0,2.96,40.7338529,-73.9970484,26v2,983,36061006300
1005730029,26 WEST 10 STREET,MN,573,29,10011.0,1006300,63,C6,2.0,26 WEST 10 STREET PROPERTIES LLC,1707.0,5052.0,5052.0,0.0,0.0,0.0,7.0,7.0,1.0,4.5,1856.0,1985.0,2.96,40.7338282,-73.9969907,26v2,988,36061006300
1005730030,24 WEST 10 STREET,MN,573,30,10011.0,1006300,63,A9,1.0,24 WEST 10TH STREET TOWNHOUSE LLC,1960.0,5774.0,5774.0,0.0,0.0,0.0,1.0,1.0,1.0,5.0,1856.0,1999.0,2.95,40.7338035,-73.9969294,26v2,993,36061006300
1005730059,29 WEST 9 STREET,MN,573,59,10011.0,1006300,63,A9,1.0,"ZACCARO, ANNE",1569.0,4216.0,4216.0,0.0,0.0,0.0,1.0,1.0,1.0,4.0,1854.0,1957.0,2.69,40.7336333,-73.9972252,26v2,996,36061006300
1005730060,31 WEST 9 STREET,MN,573,60,10011.0,1006300,63,S9,4.0,VILLAGE REDWOOD LLC,1607.0,3868.0,1934.0,1934.0,1159.0,775.0,4.0,6.0,1.0,4.0,1854.0,1985.0,2.41,40.7336553,-73.9972758,26v2,992,36061006300
1005730061,33 WEST 9 STREET,MN,573,61,10011.0,1006300,63,C2,2.0,GORMAN PROPERTIES LLC,1607.0,3868.0,3868.0,0.0,0.0,0.0,5.0,5.0,1.0,4.0,1855.0,1987.0,2.41,40.7336772,-73.9973299,26v2,987,36061006300
1005730062,35 WEST 9 STREET,MN,573,62,10011.0,1006300,63,D4,3.0,35 WEST 9 OWNERS CORP,6440.0,41412.0,41412.0,0.0,0.0,0.0,36.0,36.0,1.0,9.0,1929.0,0.0,6.43,40.7337376,-73.997467,26v2,976,36061006300
1005730066,43 WEST 9 STREET,MN,573,66,10011.0,1006300,63,C5,2.0,43 WEST 9 LLC,2414.0,5326.0,5326.0,0.0,0.0,0.0,10.0,10.0,1.0,4.0,1857.0,0.0,2.21,40.7338008,-73.9976221,26v2,963,36061006300
1005730067,45 WEST 9 STREET,MN,573,67,10011.0,1006300,63,A4,1.0,KIRAT SINGH QUALIFIED PERSONAL RESIDENCE,1476.0,4369.0,3472.0,0.0,0.0,0.0,1.0,1.0,1.0,4.0,1854.0,2011.0,2.96,40.7338282,-73.9976907,26v2,958,36061006300
1005730068,47 WEST 9 STREET,MN,573,68,10011.0,1006300,63,A4,1.0,AH NYRE 3 LLC,2611.0,6029.0,6029.0,0.0,0.0,0.0,1.0,1.0,1.0,4.0,1854.0,1987.0,2.31,40.7338584,-73.9977593,26v2,952,36061006300
1005730069,49 WEST 9 STREET,MN,573,69,10011.0,1006300,63,C6,2.0,49 W 9TH STREET CORP.,2614.0,14080.0,14080.0,0.0,0.0,0.0,7.0,7.0,1.0,5.0,1855.0,1988.0,5.39,40.7338968,-73.9978495,26v2,945,36061006300
1005730070,51 WEST 9 STREET,MN,573,70,10011.0,1006300,63,A5,1.0,THE JOHN A. LEGUIZAMO RLT DTD 2/28/07,1476.0,3136.0,3136.0,0.0,0.0,0.0,1.0,1.0,1.0,4.0,1854.0,2008.0,2.12,40.733927,-73.997918,26v2,939,36061006300
1005730071,53 WEST 9 STREET,MN,573,71,10011.0,1006300,63,A4,1.0,53W9 LLC,1476.0,3200.0,3200.0,0.0,0.0,0.0,1.0,1.0,1.0,4.0,1854.0,0.0,2.17,40.7339462,-73.9979685,26v2,935,36061006300
1005730072,55 WEST 9 STREET,MN,573,72,10011.0,1006300,63,A9,1.0,RAINEY RONDELLIO LLC,2045.0,4048.0,3036.0,0.0,0.0,0.0,1.0,1.0,1.0,3.0,1840.0,2011.0,1.98,40.7339737,-73.9980299,26v2,930,36061006300
1005730073,57 WEST 9 STREET,MN,573,73,10011.0,1006300,63,C0,2.0,"KRIEGER, HAROLD",2045.0,3037.0,3037.0,0.0,0.0,0.0,3.0,3.0,1.0,4.0,1840.0,0.0,1.49,40.7340039,-73.9980984,26v2,924,36061006300
1005737501,59 WEST 9 STREET,MN,573,7501,10011.0,1006300,63,R1,2.0,NAME NOT ON FILE,2405.0,3800.0,3800.0,0.0,0.0,0.0,2.0,2.0,1.0,4.0,1840.0,1939.0,1.58,40.7340313,-73.9981706,26v2,919,36061006300
1005737502,422 AVENUE OF THE AMERICAS,MN,573,7502,10011.0,1006300,63,RM,4.0,69 WEST 9TH ST,10655.0,104556.0,94250.0,10306.0,0.0,10306.0,119.0,120.0,1.0,,1958.0,0.0,9.81,40.7342454,-73.9986721,26v2,879,36061006300
1005740001,442 AVENUE OF THE AMERICAS,MN,574,1,10011.0,1006300,63,S2,4.0,"442 VILLAGE PROPERTIES, LLC",1304.0,3762.0,2709.0,1053.0,0.0,1053.0,2.0,3.0,1.0,3.0,1835.0,0.0,2.88,40.7347889,-73.9984051,26v2,835,36061006300
1005740002,444 AVENUE OF THE AMERICAS,MN,574,2,10011.0,1006300,63,S2,4.0,V.P. REALTY CORP.,1095.0,2800.0,1800.0,1000.0,0.0,1000.0,2.0,3.0,1.0,4.0,1835.0,0.0,2.56,40.7348465,-73.9983618,26v2,831,36061006300
1005740003,446 AVENUE OF THE AMERICAS,MN,574,3,10011.0,1006300,63,S1,4.0,"450 VILLAGE COMPANY, LLC",1589.0,3019.0,2234.0,785.0,0.0,785.0,1.0,2.0,1.0,3.0,1845.0,0.0,1.9,40.7348877,-73.9982933,26v2,830,36061006300
1005740004,448 AVENUE OF THE AMERICAS,MN,574,4,10011.0,1006300,63,S2,4.0,"450 VILLAGE COMPANY, LLC",1589.0,3896.0,2493.0,1403.0,0.0,1403.0,2.0,3.0,1.0,3.0,1845.0,0.0,2.45,40.7349426,-73.9982536,26v2,827,36061006300
1005740005,450 AVENUE OF THE AMERICAS,MN,574,5,10011.0,1006300,63,D5,3.0,"450 VILLAGE COMPANY, LLC",7794.0,41296.0,35310.0,5986.0,0.0,5986.0,34.0,35.0,1.0,6.0,1891.0,1981.0,5.3,40.7350167,-73.998102,26v2,826,36061006300
1005740007,458 AVENUE OF THE AMERICAS,MN,574,7,10011.0,1006300,63,C7,4.0,78 WEST 11 STREET LLC,3227.0,14432.0,12932.0,1500.0,0.0,1500.0,21.0,22.0,1.0,6.0,1915.0,1984.0,4.47,40.7351512,-73.9980551,26v2,816,36061006300
1005740009,70 WEST 11 STREET,MN,574,9,10011.0,1006300,63,C4,2.0,70 WEST 11TH STREET LLC,3314.0,13700.0,13700.0,0.0,0.0,0.0,10.0,10.0,1.0,5.0,1879.0,1987.0,4.13,40.7349481,-73.997817,26v2,845,36061006300
1005740010,68 WEST 11 STREET,MN,574,10,10011.0,1006300,63,C6,2.0,11TH OWNERS CORP,2086.0,4400.0,4400.0,0.0,0.0,0.0,11.0,11.0,1.0,3.0,1855.0,0.0,2.11,40.7349206,-73.9977159,26v2,853,36061006300
1005740011,64 WEST 11 STREET,MN,574,11,10011.0,1006300,63,C6,2.0,11TH OWNERS CORP.,6269.0,14196.0,8596.0,5600.0,0.0,5600.0,14.0,15.0,3.0,3.0,1855.0,0.0,2.26,40.7348602,-73.9975788,26v2,864,36061006300
1005740014,60 WEST 11 STREET,MN,574,14,10011.0,1006300,63,A4,1.0,DONALBANE HOUSE LLC,2085.0,3696.0,2772.0,0.0,0.0,0.0,1.0,1.0,1.0,3.25,1843.0,2005.0,1.77,40.7348026,-73.9974417,26v2,876,36061006300
1005740017,54 WEST 11 STREET,MN,574,17,10011.0,1006300,63,C0,2.0,"ABRAMSON, JOSHUA DAVID",2085.0,4168.0,3008.0,0.0,0.0,0.0,3.0,3.0,1.0,3.0,1841.0,0.0,2.0,40.7347148,-73.9972288,26v2,894,36061006300
1005740018,52 WEST 11 STREET,MN,574,18,10011.0,1006300,63,A5,1.0,MORTAKA LLC,2053.0,4720.0,3586.0,0.0,0.0,0.0,1.0,1.0,1.0,3.0,1841.0,2008.0,2.3,40.7346846,-73.9971602,26v2,900,36061006300
1005740019,50 WEST 11 STREET,MN,574,19,10011.0,1006300,63,B9,1.0,50 WEST 11TH STREET NYC LLC,2053.0,3780.0,2772.0,0.0,0.0,0.0,2.0,2.0,1.0,4.0,1841.0,0.0,1.84,40.7346544,-73.9970917,26v2,906,36061006300
1005740020,48 WEST 11 STREET,MN,574,20,10011.0,1006300,63,C0,2.0,FATTY LITTLE ONE LLC,2061.0,3984.0,2922.0,0.0,0.0,0.0,3.0,3.0,1.0,3.0,1841.0,0.0,1.93,40.7346269,-73.9970267,26v2,912,36061006300
1005740021,46 WEST 11 STREET,MN,574,21,10011.0,1006300,63,S2,4.0,UNAVAILABLE OWNER,2061.0,4932.0,3651.0,1281.0,1281.0,0.0,2.0,3.0,1.0,3.0,1841.0,0.0,2.39,40.7345995,-73.9969546,26v2,918,36061006300
1005740022,44 WEST 11 STREET,MN,574,22,10011.0,1006300,63,C0,2.0,"44 WEST 11TH STREET, L.L.C.",2053.0,3528.0,2646.0,0.0,0.0,0.0,3.0,3.0,1.0,3.0,1841.0,0.0,1.72,40.7345693,-73.996886,26v2,924,36061006300
1005740023,42 WEST 11 STREET,MN,574,23,10011.0,1006300,63,A4,1.0,42 WEST 11 LLC,2061.0,4436.0,3215.0,0.0,0.0,0.0,1.0,1.0,1.0,3.0,1841.0,2014.0,2.15,40.7345418,-73.9968211,26v2,930,36061006300
1005740024,40 WEST 11 STREET,MN,574,24,10011.0,1006300,63,B1,1.0,FEZZI VENTURES LLC,2037.0,3672.0,2718.0,0.0,0.0,0.0,2.0,2.0,1.0,3.0,1841.0,0.0,1.8,40.7345144,-73.9967561,26v2,935,36061006300
1005740025,38 WEST 11 STREET,MN,574,25,10011.0,1006300,63,C3,2.0,LINDA ATKINS LLC,2053.0,4058.0,4058.0,0.0,0.0,0.0,4.0,4.0,1.0,3.0,1841.0,0.0,1.98,40.7344842,-73.996684,26v2,942,36061006300
1005740026,36 WEST 11 STREET,MN,574,26,10011.0,1006300,63,S5,4.0,"36 WEST 11TH STREET BH, LLC",2054.0,4791.0,4091.0,700.0,700.0,0.0,6.0,7.0,1.0,3.0,1841.0,0.0,2.33,40.734454,-73.9966154,26v2,948,36061006300
1005740027,34 WEST 11 STREET,MN,574,27,10011.0,1006300,63,S1,4.0,DMZ REAL ESTATE LLC,2085.0,4488.0,3300.0,1188.0,1188.0,0.0,1.0,2.0,1.0,3.0,1841.0,0.0,2.15,40.7344265,-73.9965432,26v2,954,36061006300
1005740028,32 WEST 11 STREET,MN,574,28,10011.0,1006300,63,B3,1.0,"PENTACLES REALTY,",2085.0,3696.0,2772.0,0.0,0.0,0.0,2.0,2.0,1.0,3.0,1841.0,0.0,1.77,40.7343963,-73.9964747,26v2,960,36061006300
1005740029,30 WEST 11 STREET,MN,574,29,10011.0,1006300,63,B9,1.0,"30 WEST 11 STREET, LLC",2132.0,5670.0,4860.0,0.0,0.0,0.0,2.0,2.0,1.0,3.0,1841.0,1995.0,2.66,40.7343662,-73.9964061,26v2,966,36061006300
1005740030,28 WEST 11 STREET,MN,574,30,10011.0,1006300,63,C1,2.0,"28 WEST 11TH STREET, LLC",2353.0,6066.0,6066.0,0.0,0.0,0.0,10.0,10.0,1.0,4.0,1846.0,1988.0,2.58,40.734336,-73.9963303,26v2,973,36061006300
1005740031,26 WEST 11 STREET,MN,574,31,10011.0,1006300,63,C3,2.0,26 WEST 11TH STREET LLC,2013.0,3906.0,3906.0,0.0,0.0,0.0,4.0,4.0,1.0,4.0,1845.0,1987.0,1.94,40.7343058,-73.9962582,26v2,979,36061006300
1005740032,24 WEST 11 STREET,MN,574,32,10011.0,1006300,63,A5,1.0,LLC 24W11,2018.0,4278.0,4278.0,0.0,0.0,0.0,1.0,1.0,1.0,3.0,1845.0,2007.0,2.12,40.7342756,-73.9961932,26v2,985,36061006300
1005740033,22 WEST 11 STREET,MN,574,33,10011.0,1006300,63,A4,1.0,RED BRICK BUILDING LLC,2021.0,4684.0,3445.0,0.0,0.0,0.0,1.0,1.0,1.0,3.0,1845.0,2013.0,2.32,40.7342481,-73.9961247,26v2,991,36061006300
1005740034,20 WEST 11 STREET,MN,574,34,10011.0,1006300,63,B1,1.0,20 WEST 11TH STREET OWNERS CORP,2029.0,3948.0,3948.0,0.0,0.0,0.0,2.0,2.0,1.0,4.0,1845.0,1982.0,1.95,40.7342207,-73.9960561,26v2,997,36061006300
1005740053,17 WEST 10 STREET,MN,574,53,10011.0,1006300,63,D4,3.0,WEST TENTH 17 APARTMENT CORP.,2465.0,10585.0,10585.0,0.0,0.0,0.0,8.0,8.0,1.0,5.0,1846.0,1988.0,4.29,40.7340478,-73.9963737,26v2,996,36061006300
1005740054,19 WEST 10 STREET,MN,574,54,10011.0,1006300,63,C1,2.0,"19 WEST 10TH STREET, LLC",2465.0,9465.0,9465.0,0.0,0.0,0.0,9.0,9.0,1.0,5.0,1846.0,0.0,3.84,40.7340807,-73.9964567,26v2,989,36061006300
1005740055,21 WEST 10 STREET,MN,574,55,10011.0,1006300,63,C1,2.0,WEST 10TH TOWNHOUSE LLC,2511.0,8589.0,8589.0,0.0,0.0,0.0,10.0,10.0,1.0,4.0,1846.0,1989.0,3.42,40.7341164,-73.9965396,26v2,982,36061006300
1005740056,23 WEST 10 STREET,MN,574,56,10011.0,1006300,63,C7,4.0,23 WEST 10TH STREET CORP,2776.0,7178.0,4674.0,2504.0,2504.0,0.0,7.0,9.0,1.0,4.0,1839.0,0.0,2.59,40.7341521,-73.9966262,26v2,975,36061006300
1005740057,25 WEST 10 STREET,MN,574,57,10011.0,1006300,63,A9,1.0,"NICOLE AKEMI TAMARIBUCHI REED, TRUSTEE",2397.0,7445.0,5804.0,0.0,0.0,0.0,1.0,1.0,1.0,4.0,1847.0,1987.0,3.11,40.7341905,-73.9967128,26v2,967,36061006300
1005740058,27 WEST 10 STREET,MN,574,58,10011.0,1006300,63,C6,2.0,UNAVAILABLE OWNER,2397.0,8204.0,8204.0,0.0,0.0,0.0,7.0,7.0,1.0,4.0,1847.0,1988.0,3.42,40.7342234,-73.9967922,26v2,960,36061006300
1005740059,29 WEST 10 STREET,MN,574,59,10011.0,1006300,63,C6,2.0,29 WEST 10TH ST CORP,2397.0,7824.0,7824.0,0.0,0.0,0.0,6.0,6.0,1.0,4.0,1847.0,0.0,3.26,40.7342564,-73.9968716,26v2,953,36061006300
1005740060,31 WEST 10 STREET,MN,574,60,10011.0,1006300,63,C4,2.0,HOLIAT EDWARD,2400.0,11292.0,6392.0,4900.0,4900.0,0.0,6.0,7.0,1.0,5.0,1847.0,0.0,4.71,40.7342921,-73.9969546,26v2,946,36061006300
1005740061,33 WEST 10 STREET,MN,574,61,10011.0,1006300,63,A7,1.0,FIRST JANE ROSENBLUM QUALIFIED PERSONAL RESIDENCE,2370.0,3565.0,3565.0,0.0,0.0,0.0,1.0,1.0,1.0,3.0,1832.0,0.0,1.5,40.734325,-73.9970304,26v2,940,36061006300
1005740062,35 WEST 10 STREET,MN,574,62,10011.0,1006300,63,B9,1.0,"GINA S. NEWHOUSE, AS TRUSTEE OF THE GINA  S.",2069.0,4454.0,3474.0,0.0,0.0,0.0,2.0,2.0,1.0,3.0,1832.0,1993.0,2.15,40.7343552,-73.9971025,26v2,933,36061006300
1005740063,37 WEST 10 STREET,MN,574,63,10011.0,1006300,63,A4,1.0,37 WEST 10TH STREET HOUSING LLC,2321.0,8310.0,6648.0,0.0,0.0,0.0,1.0,1.0,1.0,5.0,1839.0,2014.0,3.58,40.7343854,-73.9971783,26v2,927,36061006300
1005740064,39 WEST 10 STREET,MN,574,64,10011.0,1006300,63,A4,1.0,39 W. 10TH LLC,2321.0,5110.0,4149.0,0.0,0.0,0.0,1.0,1.0,1.0,3.5,1839.0,2016.0,2.2,40.7344183,-73.9972541,26v2,921,36061006300
1005740065,41 WEST 10 STREET,MN,574,65,10011.0,1006300,63,C6,2.0,UNAVAILABLE OWNER,2321.0,6540.0,6540.0,0.0,0.0,0.0,5.0,5.0,1.0,4.0,1839.0,1989.0,2.82,40.7344485,-73.9973298,26v2,914,36061006300
1005740066,43 WEST 10 STREET,MN,574,66,10011.0,1006300,63,C0,2.0,LAURA CARENDI 2024 REVOCABLE TRUST,2321.0,4704.0,3456.0,0.0,0.0,0.0,3.0,3.0,1.0,3.0,1839.0,0.0,2.03,40.7344815,-73.9974092,26v2,908,36061006300
1005740067,45 WEST 10 STREET,MN,574,67,10011.0,1006300,63,D4,3.0,45 W 10 TENANTS CORP,11315.0,77829.0,74129.0,3700.0,0.0,0.0,90.0,90.0,1.0,11.0,1959.0,1988.0,6.88,40.7345803,-73.9976365,26v2,888,36061006300
1005740072,57 WEST 10 STREET,MN,574,72,10011.0,1006300,63,D7,4.0,57 WEST 10TH LLC,2077.0,13278.0,11828.0,1450.0,0.0,1450.0,22.0,23.0,1.0,8.0,1885.0,1984.0,6.39,40.7346709,-73.9978567,26v2,870,36061006300
1005740073,59 WEST 10 STREET,MN,574,73,10011.0,1006300,63,C1,2.0,"19 MILE HOLDING ENTERPRISES, LLC",9001.0,37999.0,37998.0,1.0,0.0,0.0,60.0,60.0,2.0,6.0,1916.0,0.0,4.22,40.734745,-73.9980443,26v2,855,36061006300
1005740077,69 WEST 10 STREET,MN,574,77,10011.0,1006300,63,S1,4.0,"JARED ANTICO, AS LIMITED TRUSTEE",874.0,2128.0,1520.0,608.0,0.0,608.0,1.0,2.0,1.0,2.5,1832.0,0.0,2.43,40.7347669,-73.9982716,26v2,843,36061006300
1005750003,466 AVENUE OF THE AMERICAS,MN,575,3,10011.0,1006300,63,C7,4.0,"466 ASSOCIATES,",3790.0,9231.0,7031.0,2200.0,0.0,2200.0,9.0,12.0,3.0,3.0,1844.0,0.0,2.44,40.735519,-73.997835,26v2,792,36061006300
1005750011,472 AVENUE OF THE AMERICAS,MN,575,11,10011.0,1006300,63,D8,3.0,12TH AMERICAS COMPANY LLC,7272.0,34485.0,28903.0,5582.0,0.0,5582.0,41.0,47.0,1.0,7.0,1956.0,0.0,4.74,40.7357194,-73.9976979,26v2,780,36061006300
1005750013,82 WEST 12 STREET,MN,575,13,10011.0,1006300,63,D7,4.0,ANPORA 82 WEST 12TH STREET LLC,4440.0,20634.0,19634.0,1000.0,0.0,1000.0,24.0,25.0,1.0,6.0,1903.0,1987.0,4.65,40.7356562,-73.9975174,26v2,795,36061006300
1005750015,80 WEST 12 STREET,MN,575,15,10011.0,1006300,63,A4,1.0,"GARDNER RANKIN, ARTHUR",2039.0,3040.0,2280.0,0.0,0.0,0.0,1.0,1.0,1.0,3.0,1843.0,0.0,1.49,40.7356096,-73.9974164,26v2,804,36061006300
1005750023,64 WEST 12 STREET,MN,575,23,10011.0,1006300,63,B9,1.0,"FINK, HENRI",1996.0,3270.0,2580.0,0.0,0.0,0.0,2.0,2.0,1.0,3.0,1843.0,0.0,1.64,40.7354037,-73.9969293,26v2,848,36061006300
1005750031,48 WEST 12 STREET,MN,575,31,10011.0,1006300,63,C6,2.0,UNAVAILABLE OWNER,2108.0,5800.0,4976.0,824.0,824.0,0.0,9.0,10.0,1.0,4.0,1854.0,0.0,2.75,40.7351923,-73.9964241,26v2,893,36061006300
1005750032,44 WEST 12 STREET,MN,575,32,10011.0,1006300,63,C6,2.0,UNAVAILABLE OWNER,2168.0,6100.0,6100.0,0.0,0.0,0.0,8.0,8.0,1.0,4.0,1860.0,2009.0,2.81,40.7351649,-73.9963592,26v2,899,36061006300
1005750033,42 WEST 12 STREET,MN,575,33,10011.0,1006300,63,A4,1.0,42 WEST 12 LLC,2160.0,8113.0,6305.0,0.0,0.0,0.0,1.0,1.0,1.0,6.0,1860.0,2015.0,3.76,40.7351374,-73.9962906,26v2,905,36061006300
1005750034,40 WEST 12 STREET,MN,575,34,10011.0,1006300,63,C6,2.0,12 STREET OWNERS CORP,2160.0,4484.0,4484.0,0.0,0.0,0.0,4.0,4.0,1.0,4.0,1860.0,2008.0,2.08,40.73511,-73.9962257,26v2,911,36061006300
1005750035,38 WEST 12 STREET,MN,575,35,10011.0,1006300,63,A4,1.0,"UPHAM, SAMUEL PHINEAS",2160.0,5400.0,4320.0,0.0,0.0,0.0,1.0,1.0,1.0,4.0,1860.0,0.0,2.5,40.7350825,-73.9961607,26v2,916,36061006300
1005750036,36 WEST 12 STREET,MN,575,36,10011.0,1006300,63,A4,1.0,LEEDS ASHLEY,2160.0,5775.0,4641.0,0.0,0.0,0.0,1.0,1.0,1.0,4.0,1860.0,1992.0,2.67,40.7350551,-73.9960958,26v2,922,36061006300
1005750037,34 WEST 12 STREET,MN,575,37,10011.0,1006300,63,C2,2.0,W12TH STREET LLC,2160.0,5845.0,5845.0,0.0,0.0,0.0,5.0,5.0,1.0,5.0,1860.0,1985.0,2.71,40.7350276,-73.9960308,26v2,928,36061006300
1005750038,30 WEST 12 STREET,MN,575,38,10011.0,1006300,63,S5,4.0,OLGA RAGUSA PHD AND ISA RAGUSA PHD FOUND ATION FOR,2581.0,9080.0,7280.0,1800.0,0.0,1800.0,6.0,7.0,1.0,5.0,1854.0,0.0,3.52,40.7349974,-73.9959587,26v2,935,36061006300
1005750039,28 WEST 12 STREET,MN,575,39,10011.0,1006300,63,S9,4.0,28 W 12 S&S LLC,1755.0,6000.0,4800.0,1200.0,1200.0,0.0,5.0,7.0,1.0,4.0,1852.0,1984.0,3.42,40.7349865,-73.9958721,26v2,940,36061006300
1005750040,24 WEST 12 STREET,MN,575,40,10011.0,1006300,63,W9,8.0,NY UNIVERSITY,3252.0,19924.0,0.0,19924.0,0.0,0.0,0.0,1.0,1.0,5.0,1852.0,1989.0,6.13,40.7349261,-73.9958179,26v2,948,36061006300
1005750041,22 WEST 12 STREET,MN,575,41,10011.0,1006300,63,C2,2.0,GARCIA-MORENO DOLORES,2633.0,5991.0,5991.0,0.0,0.0,0.0,5.0,5.0,1.0,4.0,1847.0,1985.0,2.28,40.7348959,-73.9957169,26v2,957,36061006300
1005750042,20 WEST 12 STREET,MN,575,42,10011.0,1006300,63,C2,2.0,CASPER R CALLEN TRUST,2684.0,7227.0,7227.0,0.0,0.0,0.0,6.0,6.0,1.0,5.0,1847.0,0.0,2.69,40.7348629,-73.9956375,26v2,964,36061006300
1005750043,18 WEST 12 STREET,MN,575,43,10011.0,1006300,63,C0,2.0,BLACKDIAMOND 1812 LLC,2581.0,9151.0,7451.0,0.0,0.0,0.0,3.0,3.0,1.0,4.0,1846.0,0.0,3.55,40.73483,-73.9955617,26v2,971,36061006300
1005750044,16 WEST 12 STREET,MN,575,44,10011.0,1006300,63,A5,1.0,"16 WEST 12 HOLDINGS, LLC",2581.0,6180.0,6180.0,0.0,0.0,0.0,1.0,1.0,1.0,5.0,1846.0,2004.0,2.39,40.734797,-73.9954824,26v2,978,36061006300
1005750061,21 WEST 11 STREET,MN,575,61,10011.0,1006300,63,B1,1.0,MICHAEL B. BENNER AS TRUSTEE,1957.0,4038.0,3060.0,0.0,0.0,0.0,2.0,2.0,1.0,4.0,1834.0,0.0,2.06,40.7346132,-73.995836,26v2,974,36061006300
1005750062,23 WEST 11 STREET,MN,575,62,10011.0,1006300,63,B1,1.0,FRIEDMAN  MAX,1957.0,3920.0,3100.0,0.0,0.0,0.0,2.0,2.0,1.0,4.0,1834.0,0.0,2.0,40.7346379,-73.9958973,26v2,969,36061006300
1005750063,25 WEST 11 STREET,MN,575,63,10011.0,1006300,63,A9,1.0,EPSTEIN DANIELLE,2099.0,4000.0,3000.0,0.0,0.0,0.0,1.0,1.0,1.0,4.0,1834.0,2007.0,1.91,40.7346653,-73.9959587,26v2,963,36061006300
1005750064,27 WEST 11 STREET,MN,575,64,10011.0,1006300,63,H3,5.0,ST CLAIRE BUILDRS &,4130.0,20184.0,,,,,10.0,78.0,1.0,6.0,1889.0,1989.0,4.89,40.7347037,-73.9960561,26v2,954,36061006300
1005750068,37 WEST 11 STREET,MN,575,68,10011.0,1006300,63,C0,2.0,09HOME21 LLC,2220.0,3696.0,2772.0,0.0,0.0,0.0,3.0,3.0,1.0,3.0,1848.0,0.0,1.66,40.7348437,-73.9963881,26v2,925,36061006300
1005750069,39 WEST 11 STREET,MN,575,69,10011.0,1006300,63,A4,1.0,ELIZBETH B. GILMORE,2246.0,3780.0,2772.0,0.0,0.0,0.0,1.0,1.0,1.0,3.0,1842.0,0.0,1.68,40.7348739,-73.9964566,26v2,919,36061006300
1005750070,41 WEST 11 STREET,MN,575,70,10011.0,1006300,63,A4,1.0,REINVENT GOLDEN RIDGE LLC,2349.0,5411.0,4147.0,0.0,0.0,0.0,1.0,1.0,1.0,5.0,1847.0,2014.0,2.3,40.7349014,-73.9965252,26v2,913,36061006300
1005750071,43 WEST 11 STREET,MN,575,71,10011.0,1006300,63,B1,1.0,"WEILER, SUSAN J",2349.0,5300.0,3975.0,0.0,0.0,0.0,2.0,2.0,1.0,4.0,1846.0,0.0,2.26,40.7349316,-73.9965973,26v2,906,36061006300
1005750075,51 WEST 11 STREET,MN,575,75,10011.0,1006300,63,C5,2.0,"51 WEST 11TH STREET, L.P.",2452.0,8628.0,,,,,19.0,19.0,1.0,4.0,1852.0,0.0,3.52,40.7350551,-73.9968896,26v2,880,36061006300
1005750085,71 WEST 11 STREET,MN,575,85,10011.0,1006300,63,B2,1.0,"DEAN, NATHANIEL",2349.0,5002.0,4002.0,0.0,0.0,0.0,2.0,2.0,1.0,3.0,1851.0,2005.0,2.13,40.7353763,-73.9976546,26v2,813,36061006300
1005750086,73 WEST 11 STREET,MN,575,86,10011.0,1006300,63,C7,4.0,73 WEST 11TH LLC,2323.0,7969.0,6469.0,1500.0,0.0,1500.0,7.0,8.0,1.0,5.0,1851.0,1988.0,3.43,40.7354065,-73.9977267,26v2,807,36061006300
1005750124,62 WEST 12 STREET,MN,575,124,10011.0,1006300,63,A5,1.0,JESSICA ICLISOY AS TRUSTEE,1996.0,3200.0,2400.0,0.0,0.0,0.0,1.0,1.0,1.0,3.0,1843.0,2004.0,1.6,40.735379,-73.9968679,26v2,853,36061006300
1005750125,60 WEST 12 STREET,MN,575,125,10011.0,1006300,63,A4,1.0,KIMBERLEY A. FITERMAN-DUEPNER &    GREGO RY A. DUEPNER,1996.0,3040.0,2280.0,0.0,0.0,0.0,1.0,1.0,1.0,3.0,1843.0,0.0,1.52,40.7353515,-73.996803,26v2,859,36061006300
1005750126,58 WEST 12 STREET,MN,575,126,10011.0,1006300,63,C3,2.0,SALOME CONZEN,1995.0,4169.0,4169.0,0.0,0.0,0.0,4.0,4.0,1.0,3.0,1843.0,1985.0,2.09,40.7353296,-73.9967453,26v2,864,36061006300
1005750127,56 WEST 12 STREET,MN,575,127,10011.0,1006300,63,C2,2.0,20 CHARLES STREET LLC,1995.0,4169.0,4169.0,0.0,0.0,0.0,6.0,6.0,1.0,3.0,1843.0,0.0,2.09,40.7353021,-73.9966839,26v2,869,36061006300
1005750128,54 WEST 12 STREET,MN,575,128,10011.0,1006300,63,C2,2.0,54 WEST 12TH PARTNERSHIP LP,2065.0,4313.0,4313.0,0.0,0.0,0.0,5.0,5.0,1.0,3.0,1843.0,1979.0,2.09,40.7352747,-73.9966226,26v2,875,36061006300
1005750129,52 WEST 12 STREET,MN,575,129,10011.0,1006300,63,C2,2.0,THE 1994 BARBARA LIDSKY TRUST AGREEMENT,2168.0,5360.0,5360.0,0.0,0.0,0.0,6.0,6.0,1.0,4.0,1854.0,1985.0,2.47,40.7352472,-73.9965576,26v2,881,36061006300
1005750130,50 WEST 12 STREET,MN,575,130,10011.0,1006300,63,S1,4.0,LBLB REAL ESTATE 2 LLC,2168.0,4872.0,3654.0,1218.0,0.0,0.0,1.0,2.0,1.0,4.0,1854.0,1991.0,2.25,40.7352198,-73.9964891,26v2,887,36061006300
1005757501,53 WEST 11 STREET,MN,575,7501,10011.0,1006300,63,RM,4.0,NAME NOT ON FILE,2478.0,11380.0,9380.0,2000.0,2000.0,0.0,15.0,16.0,1.0,5.0,1891.0,0.0,4.59,40.735088,-73.9969654,26v2,873,36061006300
1005757502,31 WEST 11 STREET,MN,575,7502,10011.0,1006300,63,R4,3.0,31 W 11 CONDOMINIUM,5352.0,30263.0,28571.0,1692.0,0.0,0.0,17.0,17.0,1.0,8.0,1910.0,1988.0,5.65,40.7347641,-73.9962004,26v2,942,36061006300
1005760048,11 WEST 12 STREET,MN,576,48,10011.0,1006300,63,A4,1.0,12TH STREET NY HOLDINGS LLC,2581.0,8125.0,6500.0,0.0,0.0,0.0,1.0,1.0,1.0,4.0,1847.0,2015.0,3.15,40.7351182,-73.9950457,26v2,977,36061006300
1005760049,15 WEST 12 STREET,MN,576,49,10011.0,1006300,63,D4,3.0,12 STREET APARTMENTS CORP.,8609.0,66201.0,62442.0,3759.0,3759.0,0.0,75.0,79.0,1.0,13.0,1957.0,1987.0,7.69,40.7352033,-73.9951937,26v2,962,36061006300
1005760052,19 WEST 12 STREET,MN,576,52,10011.0,1006300,63,A4,1.0,"19W12, LLC",2663.0,6725.0,5425.0,0.0,0.0,0.0,1.0,1.0,1.0,4.0,1845.0,2009.0,2.53,40.7352527,-73.9953596,26v2,948,36061006300
1005760053,21 WEST 12 STREET,MN,576,53,10011.0,1006300,63,C7,4.0,"WACO ENTERPRISES, LLC",2662.0,8750.0,7250.0,1500.0,1500.0,0.0,8.0,9.0,1.0,4.0,1845.0,1988.0,3.29,40.7352856,-73.9954354,26v2,941,36061006300
1005760055,29 WEST 12 STREET,MN,576,55,10011.0,1006300,63,C1,2.0,29 WEST 12TH STREETREALTY    .,2287.0,7993.0,7993.0,0.0,0.0,0.0,28.0,28.0,1.0,5.0,1846.0,0.0,3.49,40.735335,-73.9956086,26v2,927,36061006300
1005760056,31 WEST 12 STREET,MN,576,56,10011.0,1006300,63,D4,3.0,31 OPERATING CORP,5035.0,44586.0,44586.0,0.0,0.0,0.0,23.0,23.0,1.0,11.5,1901.0,0.0,8.86,40.7353789,-73.9957457,26v2,915,36061006300
1005760060,35 WEST 12 STREET,MN,576,60,10011.0,1006300,63,A4,1.0,"GREENE, SCOTT",983.0,2184.0,1638.0,0.0,0.0,0.0,1.0,1.0,1.0,4.0,1840.0,0.0,2.22,40.7354146,-73.9958756,26v2,905,36061006300
1005760063,41 WEST 12 STREET,MN,576,63,10011.0,1006300,63,S1,4.0,"41 WEST 12TH STREET,LLC",800.0,3075.0,2460.0,615.0,0.0,615.0,1.0,2.0,1.0,4.0,1861.0,0.0,3.84,40.7354805,-73.9960957,26v2,887,36061006300
1005760064,45 WEST 12 STREET,MN,576,64,10011.0,1006300,63,A4,1.0,45 WEST 12TH ST LLC,1024.0,1656.0,1656.0,0.0,0.0,0.0,1.0,1.0,1.0,3.0,1846.0,2014.0,1.62,40.7355107,-73.9962004,26v2,878,36061006300
1005760065,47 WEST 12 STREET,MN,576,65,10011.0,1006300,63,C3,2.0,FLAGSTAFF 3 LLC,2037.0,5290.0,5290.0,0.0,0.0,0.0,4.0,4.0,1.0,4.0,1840.0,1971.0,2.6,40.7355629,-73.9962473,26v2,871,36061006300
1005760163,43 WEST 12 STREET,MN,576,163,10011.0,1006300,63,A4,1.0,"GLASER, NATALIE",598.0,2288.0,1888.0,0.0,0.0,0.0,1.0,1.0,1.0,4.0,1861.0,2005.0,3.83,40.7355025,-73.9961426,26v2,882,36061006300
1005770012,56 WEST 14 STREET,MN,577,12,10011.0,1006300,63,O6,5.0,"BABSOL REALTY, LLC",2581.0,22819.0,0.0,22819.0,20494.0,2325.0,0.0,2.0,1.0,9.0,1897.0,0.0,8.84,40.7368364,-73.9963446,26v2,766,36061006300
1005850046,494 HUDSON STREET,MN,585,46,10014.0,1007300,73,C7,4.0,494 HUDSON LLC,1892.0,3803.0,3138.0,665.0,0.0,665.0,9.0,10.0,1.0,4.0,1827.0,2009.0,2.01,40.7328043,-74.006134,26v2,983,36061007300
1005850047,496 HUDSON STREET,MN,585,47,10014.0,1007300,73,C7,4.0,494 HUDSON LLC,1780.0,4426.0,3756.0,670.0,0.0,670.0,9.0,10.0,1.0,4.0,1827.0,2003.0,2.49,40.7328647,-74.0061268,26v2,976,36061007300
1005850048,498 HUDSON STREET,MN,585,48,10014.0,1007300,73,S2,4.0,"JACOBSON, JUDITH ANN",1760.0,4462.0,3346.0,1116.0,0.0,1116.0,2.0,3.0,1.0,4.0,1827.0,1987.0,2.54,40.7329278,-74.0061268,26v2,969,36061007300
1005850049,500 HUDSON STREET,MN,585,49,10014.0,1007300,73,C7,4.0,HUDSON 500 LLC,1717.0,5448.0,4161.0,1287.0,0.0,1287.0,9.0,10.0,1.0,4.0,1827.0,1986.0,3.17,40.7329992,-74.0061412,26v2,962,36061007300
1005850051,115 BEDFORD STREET,MN,585,51,10014.0,1007300,73,A4,1.0,"WEISS, AARON",629.0,1134.0,1134.0,0.0,0.0,0.0,1.0,1.0,1.0,3.0,1843.0,2016.0,1.8,40.7329882,-74.0059247,26v2,959,36061007300
1005850052,113 BEDFORD STREET,MN,585,52,10014.0,1007300,73,A4,1.0,SAPOKANIKAN LLC,720.0,1122.0,1122.0,0.0,0.0,0.0,1.0,1.0,1.0,3.0,1843.0,0.0,1.56,40.7329388,-74.0059031,26v2,964,36061007300
1005850053,111 BEDFORD STREET,MN,585,53,10014.0,1007300,73,A5,1.0,"BRADBURN, JAMES",882.0,2520.0,1890.0,0.0,0.0,0.0,1.0,1.0,1.0,3.0,1844.0,2005.0,2.86,40.7328921,-74.0058886,26v2,968,36061007300
1005850054,109 BEDFORD STREET,MN,585,54,10014.0,1007300,73,A4,1.0,THOMAS HESSE,689.0,1440.0,1440.0,0.0,0.0,0.0,1.0,1.0,1.0,3.0,1844.0,0.0,2.09,40.732851,-74.0058778,26v2,973,36061007300
1005850055,107 BEDFORD STREET,MN,585,55,10014.0,1007300,73,C0,2.0,"TREYZ, RUSSELL L",720.0,1440.0,1440.0,0.0,0.0,0.0,3.0,3.0,1.0,3.0,1844.0,0.0,2.0,40.7328153,-74.005867,26v2,976,36061007300
1005880012,30 GROVE STREET,MN,588,12,10014.0,1007300,73,A4,1.0,THE CHISHOLM LIVING TRUST,2100.0,4567.0,3307.0,0.0,0.0,0.0,1.0,1.0,1.0,4.0,1852.0,2014.0,2.17,40.7324448,-74.0047664,26v2,1000,36061007300
1005880013,32 GROVE STREET,MN,588,13,10014.0,1007300,73,B1,1.0,"ROBB, RICHARD",2100.0,3780.0,2688.0,0.0,0.0,0.0,2.0,2.0,1.0,3.0,1852.0,0.0,1.8,40.7324667,-74.0046979,26v2,997,36061007300
1005880014,34 GROVE STREET,MN,588,14,10014.0,1007300,73,C0,2.0,ELIZBETH B. GILMORE,2100.0,3312.0,3312.0,0.0,0.0,0.0,3.0,3.0,1.0,3.0,1852.0,0.0,1.58,40.7324915,-74.0046257,26v2,993,36061007300
1005880015,36 GROVE STREET,MN,588,15,10014.0,1007300,73,A4,1.0,"LUKE, TIMOTHY",2100.0,4730.0,3600.0,0.0,0.0,0.0,1.0,1.0,1.0,4.0,1852.0,2017.0,2.25,40.7325134,-74.0045572,26v2,990,36061007300
1005880016,38 GROVE STREET,MN,588,16,10014.0,1007300,73,A5,1.0,38 GROVE STREET LLC,2100.0,4525.0,4525.0,0.0,0.0,0.0,1.0,1.0,1.0,3.0,1852.0,1987.0,2.15,40.7325354,-74.0044886,26v2,987,36061007300
1005880017,40 GROVE STREET,MN,588,17,10014.0,1007300,73,C1,2.0,"40 GROVE STREET, LLC",2350.0,7050.0,7050.0,0.0,0.0,0.0,19.0,19.0,1.0,4.0,1852.0,1959.0,3.0,40.7325573,-74.0044092,26v2,984,36061007300
1005880018,42 GROVE STREET,MN,588,18,10014.0,1007300,73,C7,4.0,GROVE 44 ASSOCIATES LLC,4200.0,17603.0,13403.0,4200.0,0.0,4200.0,33.0,34.0,1.0,6.0,1914.0,1975.0,4.19,40.732593,-74.004301,26v2,979,36061007300
1005880022,310 BLEECKER STREET,MN,588,22,10014.0,1007300,73,S3,4.0,310 BLEECKER ST/RLTY/CP,1660.0,3360.0,2400.0,960.0,0.0,960.0,3.0,4.0,1.0,4.0,1847.0,1989.0,2.02,40.7326589,-74.0040845,26v2,970,36061007300
1005880023,308 BLEECKER STREET,MN,588,23,10014.0,1007300,73,S3,4.0,"BUTCHER GROUP, LLC",1660.0,3360.0,2400.0,960.0,0.0,960.0,3.0,4.0,1.0,4.0,1847.0,1989.0,2.02,40.7326068,-74.0040556,26v2,976,36061007300
1005880024,306 BLEECKER STREET,MN,588,24,10014.0,1007300,73,S3,4.0,COURDON BLEECKER LLC,2400.0,3360.0,2520.0,840.0,0.0,840.0,3.0,4.0,1.0,4.0,1847.0,0.0,1.4,40.7325573,-74.0040232,26v2,981,36061007300
1005880025,304 BLEECKER STREET,MN,588,25,10014.0,1007300,73,S3,4.0,304 BLEECKER LLC,1659.0,3965.0,2370.0,1595.0,0.0,1595.0,3.0,4.0,1.0,4.0,1829.0,2012.0,2.39,40.7325052,-74.0039943,26v2,987,36061007300
1005880042,102 BEDFORD STREET,MN,588,42,10014.0,1007300,73,C6,2.0,102 BEDFORD ST OWNERS,1100.0,4400.0,4400.0,0.0,0.0,0.0,10.0,10.0,1.0,3.0,1830.0,0.0,4.0,40.7327412,-74.0054665,26v2,977,36061007300
1005880043,104 BEDFORD STREET,MN,588,43,10014.0,1007300,73,D4,3.0,104 106 BEDFORD ST OWNERS CORP,3220.0,14328.0,14328.0,0.0,0.0,0.0,30.0,30.0,1.0,5.0,1891.0,0.0,4.45,40.732829,-74.005452,26v2,967,36061007300
1005880045,120 CHRISTOPHER STREET,MN,588,45,10014.0,1007300,73,C7,4.0,M&E CHRISTOPHER,5340.0,22785.0,21165.0,1620.0,0.0,1620.0,19.0,21.0,2.0,5.0,1883.0,2004.0,4.27,40.7329937,-74.0055928,26v2,952,36061007300
1005880047,118 CHRISTOPHER STREET,MN,588,47,10014.0,1007300,73,C7,4.0,M&E CHRISTOPHER,1687.0,8545.0,6420.0,2125.0,0.0,2125.0,18.0,20.0,1.0,5.0,1885.0,2003.0,5.07,40.7330294,-74.0054484,26v2,945,36061007300
1005880050,112 CHRISTOPHER STREET,MN,588,50,10014.0,1007300,73,S3,4.0,RODA REAL ESTATE CORP.,2390.0,5043.0,3903.0,1140.0,0.0,1140.0,3.0,4.0,1.0,3.0,1921.0,0.0,2.11,40.7330541,-74.005167,26v2,938,36061007300
1005880051,106 CHRISTOPHER STREET,MN,588,51,10014.0,1007300,73,D7,4.0,110 CHRISTOPHER STREET,4692.0,20490.0,18745.0,1745.0,998.0,747.0,30.0,32.0,1.0,5.0,1898.0,2013.0,4.37,40.7330843,-74.0050335,26v2,933,36061007300
1005880054,100 CHRISTOPHER STREET,MN,588,54,10014.0,1007300,73,C7,4.0,100 CHRISTOPHER LLC,5270.0,21849.0,18249.0,3600.0,0.0,3600.0,37.0,40.0,1.0,5.0,1912.0,2012.0,4.15,40.7331337,-74.0048242,26v2,925,36061007300
1005880057,98 CHRISTOPHER STREET,MN,588,57,10014.0,1007300,73,C7,4.0,TRANSFERANCE REALTY LLC,1687.0,7374.0,6579.0,795.0,0.0,795.0,20.0,22.0,1.0,6.0,1856.0,0.0,4.37,40.7331694,-74.0046582,26v2,919,36061007300
1005880058,96 CHRISTOPHER STREET,MN,588,58,10014.0,1007300,73,C5,2.0,"GHS, LLC",1435.0,3800.0,3320.0,480.0,0.0,480.0,6.0,7.0,1.0,4.0,1874.0,0.0,2.65,40.7331749,-74.0045789,26v2,917,36061007300
1005880059,94 CHRISTOPHER STREET,MN,588,59,10014.0,1007300,73,S3,4.0,"GHS,",1370.0,3148.0,2696.0,452.0,0.0,452.0,3.0,4.0,1.0,4.0,1854.0,0.0,2.3,40.7331886,-74.0045103,26v2,915,36061007300
1005880061,326 BLEECKER STREET,MN,588,61,10014.0,1007300,73,S3,4.0,"GHS, LLC",1198.0,3272.0,2714.0,558.0,0.0,558.0,3.0,4.0,1.0,4.0,1854.0,2014.0,2.73,40.7332106,-74.004366,26v2,911,36061007300
1005880062,324 BLEECKER STREET,MN,588,62,10014.0,1007300,73,S2,4.0,THE BLEECKER STREET LIMITED PARTNERSHIP,1205.0,3600.0,2800.0,800.0,0.0,800.0,2.0,3.0,1.0,4.0,1854.0,2009.0,2.99,40.7331584,-74.0043371,26v2,917,36061007300
1005880066,316 BLEECKER STREET,MN,588,66,10014.0,1007300,73,S9,4.0,"GROVE TR, LLC.",648.0,2148.0,1611.0,537.0,0.0,537.0,3.0,5.0,1.0,4.0,1854.0,2014.0,3.31,40.7329608,-74.0041531,26v2,937,36061007300
1005880067,43 GROVE STREET,MN,588,67,10014.0,1007300,73,C7,4.0,GROVE EQUITIES,4049.0,11704.0,9632.0,2072.0,0.0,2072.0,15.0,17.0,1.0,4.0,1830.0,1986.0,2.89,40.733002,-74.0043263,26v2,934,36061007300
1005880071,33 GROVE STREET,MN,588,71,10014.0,1007300,73,D1,3.0,35 GROVE LLC,8250.0,31460.0,31460.0,0.0,0.0,0.0,65.0,65.0,1.0,5.0,1888.0,1987.0,3.81,40.7328977,-74.0047196,26v2,950,36061007300
1005880074,31 GROVE STREET,MN,588,74,10014.0,1007300,73,A5,1.0,31 GROVE LLC,2100.0,3792.0,3792.0,0.0,0.0,0.0,1.0,1.0,1.0,3.0,1841.0,1985.0,1.81,40.7328428,-74.0048964,26v2,958,36061007300
1005880075,29 GROVE STREET,MN,588,75,10014.0,1007300,73,A4,1.0,ISABEL S KLERER,2083.0,3200.0,,,,,1.0,1.0,1.0,3.0,1841.0,0.0,1.54,40.7328181,-74.0049685,26v2,961,36061007300
1005880076,27 GROVE STREET,MN,588,76,10014.0,1007300,73,C5,2.0,CASTEGA - 27 GROVE S,2200.0,5172.0,5172.0,0.0,0.0,0.0,12.0,12.0,1.0,4.0,1848.0,1989.0,2.35,40.7327961,-74.0050407,26v2,965,36061007300
1005880077,25 GROVE STREET,MN,588,77,10014.0,1007300,73,C4,2.0,25 GROVE STREET LLC,3200.0,13110.0,12710.0,400.0,400.0,0.0,24.0,25.0,1.0,5.0,1886.0,0.0,4.1,40.7327687,-74.0051273,26v2,969,36061007300
1005880078,23 GROVE STREET,MN,588,78,10014.0,1007300,73,D3,3.0,ZAPATA 23 LLC,2625.0,11838.0,11838.0,0.0,0.0,0.0,25.0,25.0,1.0,6.0,1901.0,1980.0,4.51,40.7327467,-74.0052283,26v2,973,36061007300
1005887501,312 BLEECKER STREET,MN,588,7501,10014.0,1007300,73,RM,4.0,BLEECKER GROVE CONDOMINIUM,3320.0,6507.0,3937.0,2570.0,0.0,2570.0,6.0,8.0,2.0,4.0,1847.0,0.0,1.96,40.7327358,-74.0041314,26v2,962,36061007300
1005900059,25 BARROW STREET,MN,590,59,10014.0,1006700,67,S2,4.0,NFJ REALTY LLC,2046.0,3016.0,2058.0,958.0,958.0,0.0,2.0,3.0,1.0,3.0,1826.0,0.0,1.47,40.7323762,-74.0029299,26v2,999,36061006700
1005900060,23 BARROW STREET,MN,590,60,10014.0,1006700,67,C5,2.0,23 BARROW STREET ASSO,2050.0,8065.0,8065.0,0.0,0.0,0.0,16.0,16.0,1.0,5.0,1872.0,1984.0,3.93,40.7324037,-74.0028505,26v2,996,36061006700
1005900064,15 BARROW STREET,MN,590,64,10014.0,1006700,67,S4,4.0,RAGANATI REALTY CORP,2027.0,7702.0,6602.0,1100.0,0.0,1100.0,4.0,5.0,1.0,4.0,1896.0,1968.0,3.8,40.7325217,-74.0025185,26v2,984,36061006700
1005900073,182 WEST 4 STREET,MN,590,73,10014.0,1006700,67,C7,4.0,A B ILIBASSI RLTY CO,3550.0,16220.0,13020.0,3200.0,0.0,3200.0,20.0,25.0,1.0,5.0,1894.0,1982.0,4.57,40.7324284,-74.0019484,26v2,999,36061006700
1005907502,9 BARROW STREET,MN,590,7502,10014.0,1006700,67,RM,4.0,LOWELL ASSOCIATES,9450.0,72987.0,58221.0,14766.0,0.0,14766.0,86.0,87.0,1.0,8.0,1897.0,0.0,7.72,40.7326041,-74.0022804,26v2,977,36061006700
1005910002,301 BLEECKER STREET,MN,591,2,10014.0,1007300,73,K2,5.0,STEVEN ELI,234.0,468.0,0.0,468.0,0.0,468.0,1.0,2.0,1.0,2.0,1926.0,0.0,2.0,40.7325354,-74.0036371,26v2,982,36061007300
1005910003,303 BLEECKER STREET,MN,591,3,10014.0,1007300,73,S1,4.0,EROPEL LLC,925.0,2057.0,1049.0,1008.0,0.0,1008.0,1.0,2.0,1.0,3.0,1939.0,0.0,2.22,40.7326068,-74.0036299,26v2,974,36061007300
1005910004,305 BLEECKER STREET,MN,591,4,10014.0,1007300,73,S1,4.0,BLDG BLEECKER LLC,1751.0,5253.0,3502.0,1751.0,0.0,1751.0,1.0,2.0,1.0,3.0,1931.0,2012.0,3.0,40.7326864,-74.0036227,26v2,965,36061007300
1005910006,309 BLEECKER STREET,MN,591,6,10014.0,1007300,73,K1,5.0,309-313 BLEECKER STREET LP,4732.0,4737.0,0.0,4737.0,0.0,4737.0,0.0,1.0,1.0,1.0,1933.0,1959.0,1.0,40.7328044,-74.0036696,26v2,952,36061007300
1005910009,315 BLEECKER STREET,MN,591,9,10014.0,1007300,73,S9,4.0,50 GROVE STREET ASSOC,1125.0,3459.0,2179.0,1280.0,0.0,1280.0,3.0,5.0,1.0,3.0,1848.0,1985.0,3.07,40.7329005,-74.0037345,26v2,942,36061007300
1005910010,52 GROVE STREET,MN,591,10,10014.0,1007300,73,S9,4.0,5,3540.0,10444.0,7062.0,3382.0,0.0,3382.0,6.0,8.0,1.0,3.0,1933.0,0.0,2.95,40.7329252,-74.0034747,26v2,938,36061007300
1005910017,97 7 AVENUE SOUTH,MN,591,17,10014.0,1007300,73,K1,5.0,AVEL REALTY LLC,2817.0,2817.0,0.0,2817.0,0.0,2817.0,0.0,1.0,1.0,1.0,1919.0,1960.0,1.0,40.7330185,-74.0028577,26v2,928,36061007300
1005910019,101 7 AVENUE SOUTH,MN,591,19,10014.0,1007300,73,C7,4.0,70 GROVE STREET LLC,2000.0,7250.0,6450.0,800.0,0.0,800.0,7.0,8.0,1.0,5.0,1899.0,2011.0,3.63,40.7330844,-74.0027747,26v2,921,36061007300
1005910022,74 GROVE STREET,MN,591,22,10014.0,1007300,73,K4,4.0,J P MORGAN CHASE,3900.0,15296.0,3000.0,12296.0,12296.0,0.0,3.0,4.0,1.0,3.5,1919.0,1994.0,3.92,40.733142,-74.0025943,26v2,915,36061007300
1005910026,194 WEST 4 STREET,MN,591,26,10014.0,1007300,73,D4,3.0,SHERIDAN OWNERS CORP,15467.0,168332.0,156732.0,11600.0,0.0,11600.0,160.0,162.0,1.0,17.0,1958.0,1988.0,10.88,40.7328538,-74.0026232,26v2,947,36061007300
1005910033,16 BARROW STREET,MN,591,33,10014.0,1007300,73,C7,4.0,16 BARROW EQ LLC,1925.0,7397.0,6547.0,850.0,400.0,450.0,14.0,16.0,1.0,5.0,1897.0,0.0,3.84,40.7327029,-74.0030201,26v2,963,36061007300
1005910034,18 BARROW STREET,MN,591,34,10014.0,1007300,73,K2,5.0,"EIGHTY-NINE SEVENTH, LLC",2192.0,3830.0,0.0,3830.0,0.0,3830.0,0.0,2.0,1.0,2.0,1923.0,2006.0,1.75,40.7326233,-74.0031067,26v2,971,36061007300
1005910040,317 BLEECKER STREET,MN,591,40,10014.0,1007300,73,D7,4.0,49 GROVE REALTY LLC,8000.0,43128.0,35748.0,7380.0,0.0,7380.0,46.0,54.0,1.0,6.0,1889.0,2012.0,5.39,40.7331502,-74.0038031,26v2,914,36061007300
1005910043,323 BLEECKER STREET,MN,591,43,10014.0,1007300,73,C7,4.0,323-325 BLEECKER REALTY LLC,3307.0,12418.0,9111.0,3307.0,0.0,3307.0,20.0,22.0,1.0,6.0,1902.0,1988.0,3.76,40.7332847,-74.0039438,26v2,900,36061007300
1005910045,327 BLEECKER STREET,MN,591,45,10014.0,1007300,73,S9,4.0,327 BLEECKER STREET LLC,1112.0,3481.0,1981.0,1500.0,0.0,1500.0,3.0,5.0,1.0,4.0,1833.0,0.0,3.13,40.7333506,-74.0039979,26v2,893,36061007300
1005910046,86 CHRISTOPHER STREET,MN,591,46,10014.0,1007300,73,S4,4.0,86 CHRISTOPHER STREET LLC,1100.0,3587.0,2673.0,914.0,0.0,914.0,4.0,5.0,1.0,3.0,1836.0,0.0,3.26,40.7333369,-74.0037778,26v2,893,36061007300
1005910047,84 CHRISTOPHER STREET,MN,591,47,10014.0,1007300,73,S5,4.0,"CHRISTOPHER DEVELOPMENT CO.,",1386.0,3564.0,3114.0,450.0,0.0,450.0,5.0,6.0,1.0,3.0,1836.0,1988.0,2.57,40.7333204,-74.0037021,26v2,895,36061007300
1005910048,82 CHRISTOPHER STREET,MN,591,48,10014.0,1007300,73,C7,4.0,82 CHRISTOPHER STREET LLC,1592.0,6375.0,4850.0,1525.0,0.0,1525.0,7.0,10.0,1.0,5.0,1892.0,1968.0,4.0,40.7333396,-74.0036227,26v2,892,36061007300
1005910049,78 CHRISTOPHER STREET,MN,591,49,10014.0,1007300,73,C6,2.0,78-80 CHRISTOPHER STETC,2960.0,11565.0,11565.0,0.0,0.0,0.0,15.0,15.0,1.0,5.0,1889.0,1985.0,3.91,40.7333643,-74.0034892,26v2,889,36061007300
1005910051,61 GROVE STREET,MN,591,51,10014.0,1007300,73,C7,4.0,61 GROVE ST. OWNER LLC,3212.0,14295.0,11895.0,2400.0,0.0,2400.0,12.0,15.0,1.0,5.0,1890.0,1986.0,4.45,40.7333259,-74.003316,26v2,893,36061007300
1005910052,74 CHRISTOPHER STREET,MN,591,52,10014.0,1007300,73,K1,5.0,A.J.R. REALITY CORP,1733.0,1733.0,0.0,1733.0,0.0,1733.0,0.0,2.0,1.0,1.0,1921.0,0.0,1.0,40.7333945,-74.0032366,26v2,886,36061007300
1005910053,108 7 AVENUE SOUTH,MN,591,53,10014.0,1007300,73,K4,4.0,108 7TH AVE. SOUTH INC.,1027.0,3084.0,0.0,3084.0,1028.0,2056.0,0.0,3.0,1.0,3.0,1925.0,0.0,3.0,40.7334412,-74.0031681,26v2,881,36061007300
1005910054,110 7 AVENUE SOUTH,MN,591,54,10014.0,1007300,73,K1,5.0,"70 CHRISTOPHER REALTY,",375.0,373.0,0.0,373.0,0.0,373.0,0.0,1.0,1.0,1.0,1921.0,0.0,0.99,40.7334851,-74.0031031,26v2,876,36061007300
1005910060,59 GROVE STREET,MN,591,60,10014.0,1007300,73,S2,4.0,T PAINE 59 HOUSE CORP,868.0,2091.0,1192.0,899.0,0.0,899.0,2.0,3.0,1.0,3.0,1839.0,0.0,2.41,40.7332353,-74.003399,26v2,904,36061007300
1005910061,57 GROVE STREET,MN,591,61,10014.0,1007300,73,S2,4.0,57 GROVE CORP,855.0,1851.0,1407.0,444.0,0.0,444.0,2.0,3.0,1.0,3.0,1839.0,0.0,2.16,40.7332134,-74.0034711,26v2,906,36061007300
1005910062,55 GROVE STREET,MN,591,62,10014.0,1007300,73,O8,4.0,BELMA REATLY L.L.C.,915.0,2224.0,556.0,1668.0,1668.0,0.0,2.0,3.0,1.0,3.0,1839.0,2008.0,2.43,40.7331969,-74.0035397,26v2,908,36061007300
1005920006,126 WEST WASHINGTON PLCE,MN,592,6,10014.0,1007100,71,C3,2.0,"SPICER, RICHARD C",990.0,2520.0,2520.0,0.0,0.0,0.0,4.0,4.0,1.0,3.0,1834.0,0.0,2.55,40.7326837,-74.0016273,26v2,974,36061007100
1005920007,124 WEST WASHINGTON PLCE,MN,592,7,10014.0,1007100,71,C0,2.0,"GREENAN, GARTH",1145.0,3520.0,2640.0,0.0,0.0,0.0,3.0,3.0,1.0,3.0,1834.0,0.0,3.07,40.7326452,-74.0015732,26v2,979,36061007100
1005920008,122 WEST WASHINGTON PLCE,MN,592,8,10014.0,1007100,71,B1,1.0,122 WASHINGTON LLC,1278.0,3168.0,2376.0,0.0,0.0,0.0,2.0,2.0,1.0,4.0,1833.0,0.0,2.48,40.7326013,-74.0015299,26v2,984,36061007100
1005920009,120 WEST WASHINGTON PLCE,MN,592,9,10014.0,1007100,71,B3,1.0,"ABELS, JANET M KAPRAL",1278.0,3066.0,3066.0,0.0,0.0,0.0,2.0,2.0,1.0,4.0,1833.0,0.0,2.4,40.7325739,-74.0014794,26v2,988,36061007100
1005920010,118 WEST WASHINGTON PLCE,MN,592,10,10014.0,1007100,71,B3,1.0,118 WASHINGTON PLACE LLC,1278.0,3121.0,3121.0,0.0,0.0,0.0,2.0,2.0,1.0,3.75,1833.0,2009.0,2.44,40.7325464,-74.0014216,26v2,991,36061007100
1005920011,116 WEST WASHINGTON PLCE,MN,592,11,10014.0,1007100,71,B1,1.0,WELLS HANSON PROPERTIES LLC,1278.0,3135.0,3135.0,0.0,0.0,0.0,2.0,2.0,1.0,4.0,1833.0,0.0,2.45,40.7325217,-74.0013675,26v2,995,36061007100
1005920012,114 WEST WASHINGTON PLCE,MN,592,12,10014.0,1007100,71,B3,1.0,"DOLAN, SCOTT ERIC",1278.0,1995.0,1995.0,0.0,0.0,0.0,2.0,2.0,1.0,2.5,1833.0,0.0,1.56,40.7324943,-74.0013134,26v2,999,36061007100
1005920036,179 WEST 4 STREET,MN,592,36,10014.0,1007100,71,K4,4.0,WEST FOURTH STREET PARTNERS LLC,830.0,2740.0,685.0,2055.0,0.0,2055.0,2.0,4.0,1.0,2.0,1834.0,0.0,3.3,40.7324723,-74.0016237,26v2,997,36061007100
1005920037,181 WEST 4 STREET,MN,592,37,10014.0,1007100,71,S9,4.0,"181 WEST 4TH ST. OWNERS, LLC",770.0,1953.0,1333.0,620.0,0.0,620.0,2.0,4.0,1.0,3.0,1852.0,0.0,2.54,40.7325272,-74.0016706,26v2,991,36061007100
1005920045,90 GROVE STREET,MN,592,45,10014.0,1007100,71,A5,1.0,90 GROVE STREET LLC,2000.0,3480.0,2800.0,0.0,0.0,0.0,1.0,1.0,1.0,2.0,1827.0,2006.0,1.74,40.7333836,-74.0018943,26v2,894,36061007100
1005920046,92 GROVE STREET,MN,592,46,10014.0,1007100,71,D1,3.0,92 GROVE REALTY LLC,3810.0,16500.0,16500.0,0.0,0.0,0.0,24.0,24.0,1.0,6.0,1916.0,1981.0,4.33,40.7333918,-74.0017861,26v2,894,36061007100
1005920048,96 GROVE STREET,MN,592,48,10014.0,1007100,71,C7,4.0,96 LLC,1960.0,6292.0,5492.0,800.0,0.0,800.0,7.0,8.0,1.0,4.0,1826.0,1989.0,3.21,40.7335373,-74.0017248,26v2,879,36061007100
1005920049,168 WAVERLY PLACE,MN,592,49,10014.0,1007100,71,C6,2.0,168-170 OWNERS CORP,1680.0,3696.0,3696.0,0.0,0.0,0.0,2.0,2.0,1.0,3.0,1834.0,0.0,2.2,40.7334796,-74.0016526,26v2,886,36061007100
1005920050,164 WAVERLY PLACE,MN,592,50,10014.0,1007100,71,C1,2.0,164 WAVERLY PLACE LLC,4190.0,18024.0,18024.0,0.0,0.0,0.0,26.0,26.0,1.0,6.0,1907.0,2017.0,4.3,40.7334138,-74.0015696,26v2,894,36061007100
1005920052,160 WAVERLY PLACE,MN,592,52,10014.0,1007100,71,C1,2.0,160 WAVERLY PLACE,4115.0,17117.0,17117.0,0.0,0.0,0.0,26.0,26.0,1.0,6.0,1906.0,0.0,4.16,40.7333479,-74.0014397,26v2,903,36061007100
1005920054,158 WAVERLY PLACE,MN,592,54,10014.0,1007100,71,C6,2.0,158 WAVERLY OWNRS CORP,2315.0,6856.0,6856.0,0.0,0.0,0.0,4.0,4.0,1.0,4.0,1839.0,1986.0,2.96,40.7332985,-74.0013387,26v2,910,36061007100
1005920055,156 WAVERLY PLACE,MN,592,55,10014.0,1007100,71,C5,2.0,LUMINOUS CONDO LLC,2158.0,3770.0,3770.0,0.0,0.0,0.0,6.0,6.0,1.0,3.5,1839.0,1984.0,1.75,40.7332656,-74.0012701,26v2,915,36061007100
1005920056,154 WAVERLY PLACE,MN,592,56,10014.0,1007100,71,A9,1.0,154 WAVERLY PLACE LLC,2162.0,5544.0,4974.0,0.0,0.0,0.0,1.0,1.0,1.0,4.0,1839.0,1999.0,2.56,40.7332326,-74.0012015,26v2,919,36061007100
1005920057,152 WAVERLY PLACE,MN,592,57,10014.0,1007100,71,A5,1.0,"PEPPERMAN II, RICHARD C",2162.0,5544.0,4974.0,0.0,0.0,0.0,1.0,1.0,1.0,4.0,1839.0,1999.0,2.56,40.7331969,-74.001133,26v2,924,36061007100
1005920060,146 WAVERLY PLACE,MN,592,60,10014.0,1007100,71,A7,1.0,ONE46 WAVERLY LLC,2158.0,6118.0,6118.0,0.0,0.0,0.0,1.0,1.0,1.0,4.0,1839.0,1986.0,2.84,40.7330981,-74.0009309,26v2,938,36061007100
1005920061,144 WAVERLY PLACE,MN,592,61,10014.0,1007100,71,C3,2.0,CHATEAU WAVERLY ESTATES LLC,2231.0,6135.0,6135.0,0.0,0.0,0.0,4.0,4.0,1.0,4.0,1839.0,0.0,2.75,40.7330624,-74.0008588,26v2,944,36061007100
1005920062,140 WAVERLY PLACE,MN,592,62,10014.0,1007100,71,D1,3.0,140 WAVERLY ASSOCIAT,2823.0,12144.0,12144.0,0.0,0.0,0.0,23.0,23.0,1.0,6.0,1926.0,1984.0,4.3,40.7330268,-74.0007866,26v2,949,36061007100
1005920063,138 WAVERLY PLACE,MN,592,63,10014.0,1007100,71,M4,8.0,FRIARS OF ATONEMENT I,2177.0,7801.0,0.0,7801.0,7801.0,0.0,0.0,1.0,1.0,4.0,1895.0,0.0,3.58,40.7329883,-74.0007108,26v2,954,36061007100
1005920066,375 AVENUE OF THE AMERICAS,MN,592,66,10014.0,1007100,71,D4,3.0,WAVERTREE CORPORATION,6825.0,93291.0,89879.0,3412.0,0.0,3412.0,76.0,81.0,1.0,16.0,1928.0,1988.0,13.67,40.732928,-74.0004871,26v2,965,36061007100
1005920068,373 AVENUE OF THE AMERICAS,MN,592,68,10014.0,1007100,71,S3,4.0,LEE YUEN FUNG TRADING CO,1680.0,5562.0,4762.0,800.0,0.0,800.0,3.0,4.0,1.0,4.0,1875.0,0.0,3.31,40.732799,-74.0005268,26v2,978,36061007100
1005920071,365 AVENUE OF THE AMERICAS,MN,592,71,10014.0,1007100,71,M1,8.0,RC CHUR ST JOSEPH,6725.0,16625.0,0.0,16625.0,16625.0,0.0,0.0,1.0,1.0,2.0,1834.0,0.0,2.47,40.7326096,-74.0007,26v2,996,36061007100
1005920072,109 WEST WASHINGTON PLCE,MN,592,72,10014.0,1007100,71,W2,8.0,ST JOSEPH'S WASHINGTON PLACE SCHOOL,5238.0,20580.0,0.0,20580.0,0.0,0.0,0.0,1.0,1.0,5.0,1897.0,1989.0,3.93,40.7327605,-74.0009057,26v2,976,36061007100
1005920074,113 WEST WASHINGTON PLCE,MN,592,74,10014.0,1007100,71,C5,2.0,"NEWMAN FAMILY ENTERPRISES, LTD.",5238.0,6225.0,6225.0,0.0,0.0,0.0,10.0,10.0,1.0,4.0,1836.0,1989.0,1.19,40.7328237,-74.001032,26v2,967,36061007100
1005920075,115 WEST WASHINGTON PLCE,MN,592,75,10014.0,1007100,71,C7,4.0,115-119 WASHINGTON PLACE LLC,7275.0,28562.0,,,,,48.0,52.0,2.0,6.0,1912.0,1987.0,3.93,40.732895,-74.0011799,26v2,957,36061007100
1005920079,123 WEST WASHINGTON PLCE,MN,592,79,10014.0,1007100,71,A4,1.0,"SANZ, GEMINIANO",2134.0,4700.0,4700.0,0.0,0.0,0.0,1.0,1.0,1.0,3.0,1831.0,2014.0,2.2,40.7330021,-74.0013928,26v2,942,36061007100
1005920080,125 WEST WASHINGTON PLCE,MN,592,80,10014.0,1007100,71,D1,3.0,125 WASHINGTON PLACE LLC,4268.0,17688.0,17688.0,0.0,0.0,0.0,30.0,30.0,1.0,6.0,1915.0,1988.0,4.14,40.7330515,-74.0014974,26v2,935,36061007100
1005930001,137 WAVERLY PLACE,MN,593,1,10014.0,1007100,71,S9,4.0,EVERYTHING TOGETHER LLC,1785.0,3215.0,1877.0,1338.0,1338.0,0.0,2.0,6.0,1.0,3.0,1838.0,0.0,1.8,40.7333012,-74.0003789,26v2,927,36061007100
1005930002,139 WAVERLY PLACE,MN,593,2,10014.0,1007100,71,C5,2.0,JUMEX REALTY CORP,1655.0,4736.0,4736.0,0.0,0.0,0.0,11.0,11.0,1.0,3.0,1838.0,1988.0,2.86,40.7333287,-74.000451,26v2,923,36061007100
1005930005,11 GAY STREET,MN,593,5,10014.0,1007100,71,C0,2.0,"TATTERSALL, IAN",1078.0,2310.0,1715.0,0.0,0.0,0.0,3.0,3.0,1.0,3.0,1860.0,0.0,2.14,40.7334934,-74.000332,26v2,908,36061007100
1005930006,13 GAY STREET,MN,593,6,10014.0,1007100,71,A4,1.0,THE 13 GAY STREET TRUST,1235.0,2030.0,2030.0,0.0,0.0,0.0,1.0,1.0,1.0,3.0,1844.0,2024.0,1.64,40.7335346,-74.0002995,26v2,904,36061007100
1005930007,15 GAY STREET,MN,593,7,10014.0,1007100,71,C3,2.0,405 SIXTH LLC,1235.0,2001.0,2001.0,0.0,0.0,0.0,4.0,4.0,1.0,3.0,1844.0,0.0,1.62,40.7335812,-74.0002634,26v2,900,36061007100
1005930008,17 GAY STREET,MN,593,8,10014.0,1007100,71,C5,2.0,17 GAY LLC,1235.0,2520.0,2520.0,0.0,0.0,0.0,8.0,8.0,1.0,3.0,1844.0,0.0,2.04,40.7336251,-74.0002309,26v2,896,36061007100
1005930012,8 CHRISTOPHER STREET,MN,593,12,10014.0,1007100,71,S2,4.0,CS 8,1861.0,4755.0,3804.0,951.0,0.0,0.0,2.0,3.0,1.0,3.0,1849.0,2005.0,2.56,40.7338282,-74.0000902,26v2,878,36061007100
1005930013,403 AVENUE OF THE AMERICAS,MN,593,13,10014.0,1007100,71,K1,5.0,ONE GREENWICH RETAIL ECU TIC LLC,12987.0,18564.0,0.0,18564.0,0.0,18564.0,0.0,8.0,1.0,1.0,1944.0,0.0,1.43,40.7337404,-73.9999026,26v2,892,36061007100
1005930022,399 AVENUE OF THE AMERICAS,MN,593,22,10014.0,1007100,71,K2,5.0,"REALYA GVA, LLC",2534.0,4306.0,0.0,4306.0,0.0,4306.0,0.0,2.0,1.0,2.0,1879.0,0.0,1.7,40.7334989,-74.0000144,26v2,915,36061007100
1005930026,389 AVENUE OF THE AMERICAS,MN,593,26,10014.0,1007100,71,K4,4.0,"REALYA GVA, LLC",1760.0,5720.0,2640.0,3080.0,1320.0,1760.0,3.0,5.0,1.0,4.0,1826.0,0.0,3.25,40.7332628,-74.0001876,26v2,936,36061007100
1005930027,387 AVENUE OF THE AMERICAS,MN,593,27,10014.0,1007100,71,K4,4.0,"REALYA GVA, LLC",1760.0,5720.0,2640.0,3080.0,1320.0,1760.0,2.0,4.0,1.0,4.0,1827.0,0.0,3.25,40.7332052,-74.0002309,26v2,941,36061007100
1005930028,385 AVENUE OF THE AMERICAS,MN,593,28,10014.0,1007100,71,C7,4.0,135 WAVERLY REALTY LLC,1717.0,6860.0,5145.0,1715.0,0.0,1715.0,9.0,10.0,1.0,4.0,1877.0,0.0,4.0,40.7331503,-74.0002706,26v2,946,36061007100
1005930029,143 WAVERLY PLACE,MN,593,29,10014.0,1007100,71,C4,2.0,SLOANE REALTY L.L.C.,4202.0,17790.0,17790.0,0.0,0.0,0.0,30.0,30.0,3.0,5.0,1892.0,1987.0,4.23,40.7334742,-74.0006964,26v2,902,36061007100
1005930036,24 CHRISTOPHER STREET,MN,593,36,10014.0,1007100,71,D1,3.0,ELK 30 CHRISTOPHER LLC,7350.0,48531.0,47075.0,1456.0,0.0,0.0,69.0,69.0,1.0,7.0,1907.0,0.0,6.6,40.7337075,-74.0009201,26v2,872,36061007100
1005930041,22 CHRISTOPHER STREET,MN,593,41,10014.0,1007100,71,S1,4.0,AL DANA CORP.,1235.0,2739.0,2082.0,657.0,0.0,657.0,1.0,2.0,1.0,3.0,1900.0,0.0,2.22,40.7337569,-74.0007144,26v2,871,36061007100
1005930042,20 CHRISTOPHER STREET,MN,593,42,10014.0,1007100,71,S4,4.0,AW CHRISTOPHER TIC LLC,1240.0,1554.0,1154.0,400.0,0.0,400.0,4.0,5.0,1.0,2.5,1827.0,1987.0,1.25,40.7337651,-74.0006495,26v2,872,36061007100
1005930043,18 CHRISTOPHER STREET,MN,593,43,10014.0,1007100,71,S4,4.0,AW CHRISTOPHER TIC LLC,1155.0,1916.0,1097.0,819.0,0.0,819.0,4.0,5.0,1.0,2.5,1827.0,1987.0,1.66,40.7337898,-74.0005737,26v2,871,36061007100
1005930045,14 CHRISTOPHER STREET,MN,593,45,10014.0,1007100,71,S5,4.0,ANNA   HOLDER,1125.0,5354.0,4229.0,1125.0,0.0,1125.0,6.0,7.0,1.0,5.0,1897.0,0.0,4.76,40.7338173,-74.0004222,26v2,871,36061007100
1005930047,16 GAY STREET,MN,593,47,10014.0,1007100,71,C3,2.0,GAY STREET REVIVAL INITIATIVE 2 LLC,622.0,1380.0,1380.0,0.0,0.0,0.0,4.0,4.0,1.0,3.0,1828.0,0.0,2.22,40.7336855,-74.0005088,26v2,883,36061007100
1005930049,12 GAY STREET,MN,593,49,10014.0,1007100,71,A5,1.0,"LUCINA INTERNATIONAL, LLC",1536.0,4346.0,3576.0,0.0,0.0,0.0,1.0,1.0,1.0,3.5,1828.0,2010.0,2.83,40.7336059,-74.0006278,26v2,889,36061007100
1005930051,165 WAVERLY PLACE,MN,593,51,10014.0,1007100,71,I5,8.0,WILLIAM GOTTLIEB,1908.0,4824.0,0.0,4824.0,0.0,0.0,0.0,1.0,1.0,5.0,1831.0,1980.0,2.53,40.73368,-74.0013026,26v2,869,36061007100
1005937501,10 CHRISTOPHER STREET,MN,593,7501,10014.0,1007100,71,RM,4.0,NAME NOT ON FILE,4537.0,25562.0,21738.0,3824.0,0.0,3824.0,31.0,32.0,1.0,7.0,1903.0,0.0,5.63,40.7337679,-74.0001985,26v2,881,36061007100
1005937502,147 WAVERLY PLACE,MN,593,7502,10014.0,1007100,71,R4,3.0,UNAVAILABLE OWNER,4105.0,37298.0,37298.0,0.0,0.0,0.0,18.0,18.0,1.0,13.0,1912.0,2007.0,9.09,40.7335153,-74.0008912,26v2,894,36061007100
1006060004,18 GREENWICH AVENUE,MN,606,4,10011.0,1007100,71,K1,5.0,"18 GREENWICH AVENUE REAL ESTATE, LLC",4322.0,4320.0,0.0,4320.0,0.0,4320.0,0.0,3.0,1.0,1.0,1954.0,2011.0,1.0,40.734863,-73.9997402,26v2,779,36061007100
1006060006,22 GREENWICH AVENUE,MN,606,6,10011.0,1007100,71,S1,4.0,"22 GREENWICH AVENUE , LLC",815.0,1895.0,970.0,925.0,0.0,925.0,1.0,2.0,1.0,3.0,1839.0,2011.0,2.33,40.7348987,-73.9998629,26v2,772,36061007100
1006060007,24 GREENWICH AVENUE,MN,606,7,10011.0,1007100,71,S3,4.0,"DERBY BOW 9, LLC",2097.0,5055.0,3483.0,1572.0,0.0,1572.0,3.0,4.0,1.0,4.0,1836.0,0.0,2.41,40.7349646,-73.9998304,26v2,766,36061007100
1006060008,26 GREENWICH AVENUE,MN,606,8,10011.0,1007100,71,S5,4.0,"14 L. PIERRE ASSOCIATES, LLC",2208.0,4008.0,3308.0,700.0,0.0,700.0,6.0,7.0,1.0,4.0,1836.0,1984.0,1.82,40.7350222,-73.9998557,26v2,759,36061007100
1006060017,44 GREENWICH AVENUE,MN,606,17,10011.0,1007100,71,K4,4.0,PORT REALTY,2105.0,3840.0,0.0,3840.0,1920.0,1920.0,0.0,4.0,1.0,3.0,1854.0,0.0,1.82,40.7355712,-74.0001876,26v2,692,36061007100
1006060018,46 GREENWICH AVENUE,MN,606,18,10011.0,1007100,71,K4,4.0,PORT REALTY L.L.C.,1850.0,4291.0,1196.0,3095.0,0.0,3095.0,1.0,3.0,1.0,3.0,1854.0,0.0,2.32,40.7356206,-74.0002454,26v2,685,36061007100
1006060019,48 GREENWICH AVENUE,MN,606,19,10011.0,1007100,71,C7,4.0,"SCHAPIRO, JOEL",3487.0,15000.0,11513.0,3487.0,0.0,3487.0,35.0,39.0,2.0,5.0,1872.0,1989.0,4.3,40.7357084,-74.0003139,26v2,674,36061007100
1006060021,52 GREENWICH AVENUE,MN,606,21,10011.0,1007100,71,C7,4.0,431 HOLDING COMPANY,1410.0,4963.0,3983.0,980.0,0.0,980.0,8.0,9.0,1.0,5.0,1872.0,0.0,3.52,40.735799,-74.0003644,26v2,663,36061007100
1006060022,54 GREENWICH AVENUE,MN,606,22,10011.0,1007100,71,C7,4.0,"LINCOLN SAVINGS BANK, FS",5492.0,14263.0,10144.0,4119.0,0.0,4119.0,8.0,10.0,3.0,4.0,1861.0,0.0,2.6,40.7359115,-74.0004294,26v2,649,36061007100
1006060025,60 GREENWICH AVENUE,MN,606,25,10011.0,1007100,71,S9,4.0,"BISCUIT ENTERTAINMENT CO., LTD.,",1610.0,3900.0,2600.0,1300.0,0.0,1300.0,3.0,5.0,1.0,3.0,1839.0,2015.0,2.42,40.7360295,-74.0005232,26v2,634,36061007100
1006060026,62 GREENWICH AVENUE,MN,606,26,10011.0,1007100,71,K2,5.0,"CEM GREENWICH AVE, INC.",1025.0,3400.0,0.0,3400.0,0.0,3400.0,0.0,1.0,1.0,3.0,1841.0,0.0,3.32,40.7360789,-74.0005773,26v2,628,36061007100
1006060027,64 GREENWICH AVENUE,MN,606,27,10011.0,1007100,71,S2,4.0,ENS 64 LLC,1052.0,2549.0,1709.0,840.0,0.0,840.0,2.0,3.0,1.0,3.0,1841.0,0.0,2.42,40.7361283,-74.0006098,26v2,622,36061007100
1006060028,66 GREENWICH AVENUE,MN,606,28,10011.0,1007100,71,S1,4.0,"GREENWICH VILLAGE REALTY, L.L.C.",925.0,2337.0,1683.0,654.0,0.0,654.0,1.0,2.0,1.0,3.0,1841.0,0.0,2.53,40.7361805,-74.0006459,26v2,615,36061007100
1006060033,156 WEST 11 STREET,MN,606,33,10011.0,1007100,71,S2,4.0,"BRIGNOLE, LOUISE KATHERINE",425.0,1312.0,656.0,656.0,0.0,328.0,2.0,3.0,1.0,3.0,1845.0,0.0,3.09,40.7361887,-74.0004944,26v2,619,36061007100
1006060034,154 WEST 11 STREET,MN,606,34,10011.0,1007100,71,A4,1.0,154 WEST 11TH STREET HOLDINGS LLC,792.0,2400.0,2400.0,0.0,0.0,0.0,1.0,1.0,1.0,3.0,1845.0,2006.0,3.03,40.736153,-74.0004474,26v2,624,36061007100
1006060035,152 WEST 11 STREET,MN,606,35,10011.0,1007100,71,A9,1.0,BIRCH HILLSIDE PROPERTY HOLDING LLC,830.0,1880.0,1410.0,0.0,0.0,0.0,1.0,1.0,1.0,3.0,1836.0,2008.0,2.27,40.7361229,-74.0003861,26v2,629,36061007100
1006060036,150 WEST 11 STREET,MN,606,36,10011.0,1007100,71,B1,1.0,"WOJNOWSKI, AARON",931.0,2880.0,2070.0,0.0,0.0,0.0,2.0,2.0,1.0,3.0,1836.0,2005.0,3.09,40.7360899,-74.0003356,26v2,634,36061007100
1006060037,148 WEST 11 STREET,MN,606,37,10011.0,1007100,71,B9,1.0,STEIN CARL,1053.0,3130.0,2275.0,0.0,0.0,0.0,2.0,2.0,1.0,3.0,1836.0,0.0,2.97,40.736057,-74.0002815,26v2,639,36061007100
1006060038,146 WEST 11 STREET,MN,606,38,10011.0,1007100,71,B3,1.0,THE 146 W. 11TH CORPORATION,1073.0,1890.0,1890.0,0.0,0.0,0.0,2.0,2.0,1.0,3.0,1836.0,0.0,1.76,40.7360268,-74.0002237,26v2,644,36061007100
1006060039,144 WEST 11 STREET,MN,606,39,10011.0,1007100,71,C0,2.0,LESLIE ROTTENBERG,2025.0,7245.0,5796.0,0.0,0.0,0.0,3.0,3.0,1.0,4.0,1855.0,2008.0,3.58,40.7359637,-74.000184,26v2,652,36061007100
1006060040,142 WEST 11 STREET,MN,606,40,10011.0,1007100,71,C2,2.0,"142 WEST 11TH STREET, LLC",2447.0,4338.0,4338.0,0.0,0.0,0.0,5.0,5.0,1.0,4.0,1855.0,0.0,1.77,40.7359115,-74.0001299,26v2,659,36061007100
1006060043,136 WEST 11 STREET,MN,606,43,10011.0,1007100,71,C0,2.0,"TC TH, LLC",2916.0,5930.0,4550.0,0.0,0.0,0.0,3.0,3.0,1.0,3.0,1855.0,0.0,2.03,40.7357907,-73.9999387,26v2,678,36061007100
1006060044,134 WEST 11 STREET,MN,606,44,10011.0,1007100,71,C2,2.0,"ALESSANDRA H. DEVINE, TRUSTEE",2916.0,5750.0,5750.0,0.0,0.0,0.0,6.0,6.0,1.0,2.0,1855.0,0.0,1.97,40.7357605,-73.9998665,26v2,683,36061007100
1006060045,132 WEST 11 STREET,MN,606,45,10011.0,1007100,71,B9,1.0,"MEDIUM TERM CAPITAL MANAGEMENT HOLDINGS,  LLC",2913.0,6600.0,5280.0,0.0,0.0,0.0,2.0,2.0,1.0,4.0,1855.0,0.0,2.27,40.7357304,-73.9997979,26v2,689,36061007100
1006060046,130 WEST 11 STREET,MN,606,46,10011.0,1007100,71,C4,2.0,"WAC 11, LLC",2860.0,5992.0,5992.0,0.0,0.0,0.0,7.0,7.0,1.0,4.0,1855.0,0.0,2.1,40.7357002,-73.9997294,26v2,694,36061007100
1006060047,126 WEST 11 STREET,MN,606,47,10011.0,1007100,71,D4,3.0,UNADILLA OWNERS CORP,5831.0,29624.0,29624.0,0.0,0.0,0.0,28.0,28.0,1.0,7.0,1899.0,0.0,5.08,40.7356562,-73.9996211,26v2,703,36061007100
1006060063,457 AVENUE OF THE AMERICAS,MN,606,63,10011.0,1007100,71,S2,4.0,453 LLC,895.0,2418.0,1668.0,750.0,0.0,750.0,2.0,3.0,1.0,3.0,1852.0,0.0,2.7,40.7352445,-73.9986757,26v2,780,36061007100
1006060064,455 AVENUE OF THE AMERICAS,MN,606,64,10011.0,1007100,71,S2,4.0,453 LLC,1205.0,2805.0,1955.0,850.0,0.0,850.0,2.0,3.0,1.0,3.0,1852.0,0.0,2.33,40.7352088,-73.9987335,26v2,781,36061007100
1006060065,453 AVENUE OF THE AMERICAS,MN,606,65,10011.0,1007100,71,K4,4.0,453 LLC,1173.0,2506.0,1160.0,1346.0,0.0,1346.0,2.0,3.0,1.0,3.0,1852.0,0.0,2.14,40.7351622,-73.9987659,26v2,784,36061007100
1006060067,4 MILLIGAN PLACE,MN,606,67,10011.0,1007100,71,C3,2.0,1-4 MANAGEMENT LLC,1576.0,2100.0,2100.0,0.0,0.0,0.0,4.0,4.0,1.0,3.0,1852.0,0.0,1.33,40.7352775,-73.999134,26v2,758,36061007100
1006060068,3 MILLIGAN PLACE,MN,606,68,10011.0,1007100,71,C3,2.0,1-4 MANAGEMENT LLC,1080.0,2100.0,2100.0,0.0,0.0,0.0,4.0,4.0,1.0,3.0,1852.0,0.0,1.94,40.735132,-73.9989716,26v2,779,36061007100
1006060069,2 MILLIGAN PLACE,MN,606,69,10011.0,1007100,71,C0,2.0,1-4 MANAGEMENT LLC,1134.0,2040.0,2040.0,0.0,0.0,0.0,3.0,3.0,1.0,3.0,1852.0,0.0,1.8,40.7350826,-73.9989464,26v2,785,36061007100
1006060070,1 MILLIGAN PLACE,MN,606,70,10011.0,1007100,71,C0,2.0,1-4 MANAGEMENT LLC,1170.0,2040.0,2040.0,0.0,0.0,0.0,3.0,3.0,1.0,3.0,1852.0,0.0,1.74,40.7350332,-73.9989247,26v2,791,36061007100
1006060073,101 WEST 10 STREET,MN,606,73,10011.0,1007100,71,S1,4.0,ESER ASSOCIATES LLC,635.0,1435.0,1075.0,360.0,0.0,360.0,1.0,2.0,1.0,3.0,1836.0,0.0,2.26,40.7349536,-73.9989139,26v2,799,36061007100
1006060074,103 WEST 10 STREET,MN,606,74,10011.0,1007100,71,S1,4.0,ESER ASSOCIATES LLC,555.0,1728.0,1152.0,576.0,0.0,576.0,1.0,2.0,1.0,3.0,1836.0,2009.0,3.11,40.7349399,-73.9989716,26v2,798,36061007100
1006060075,105 WEST 10 STREET,MN,606,75,10011.0,1007100,71,S2,4.0,ESER ASSOCIATES LLC,505.0,1257.0,,,,,2.0,3.0,1.0,3.0,1836.0,0.0,2.49,40.7349261,-73.9990294,26v2,797,36061007100
1006060080,1 PATCHIN PLACE,MN,606,80,10011.0,1007100,71,A4,1.0,"OR PATCHIN PLACE, LLC",1260.0,2520.0,2520.0,0.0,0.0,0.0,1.0,1.0,1.0,3.0,1848.0,0.0,2.0,40.7349673,-73.9991376,26v2,789,36061007100
1006060081,2 PATCHIN PLACE,MN,606,81,10011.0,1007100,71,B9,1.0,"OR PATCHIN PLACE, LLC",1200.0,2400.0,2400.0,0.0,0.0,0.0,2.0,2.0,1.0,3.0,1848.0,0.0,2.0,40.7350222,-73.9991593,26v2,783,36061007100
1006060082,3 PATCHIN PLACE,MN,606,82,10011.0,1007100,71,C0,2.0,"OR PATCHIN PLACE, LLC",1200.0,2400.0,2400.0,0.0,0.0,0.0,3.0,3.0,1.0,3.0,1848.0,0.0,2.0,40.7350744,-73.9991809,26v2,777,36061007100
1006060083,5 PATCHIN PLACE,MN,606,83,10011.0,1007100,71,S3,4.0,"OR PATCHIN PLACE, LLC",1140.0,2415.0,1610.0,805.0,0.0,805.0,3.0,4.0,1.0,3.0,1848.0,0.0,2.12,40.7351265,-73.9991989,26v2,771,36061007100
1006060084,7 PATCHIN PLACE,MN,606,84,10011.0,1007100,71,C2,2.0,"OR PATCHIN PLACE, LLC",1200.0,3675.0,3675.0,0.0,0.0,0.0,5.0,5.0,1.0,3.0,1848.0,0.0,3.06,40.7351787,-73.9992206,26v2,765,36061007100
1006060085,9 PATCHIN PLACE,MN,606,85,10011.0,1007100,71,S4,4.0,"OR PATCHIN PLACE, LLC",1140.0,3870.0,2580.0,1290.0,0.0,1290.0,4.0,5.0,1.0,3.0,1848.0,0.0,3.39,40.7352308,-73.9992422,26v2,759,36061007100
1006060086,10 PATCHIN PLACE,MN,606,86,10011.0,1007100,71,C0,2.0,"OR PATCHIN PLACE, LLC",1770.0,1596.0,1596.0,0.0,0.0,0.0,3.0,3.0,1.0,3.0,1848.0,0.0,0.9,40.7351457,-73.9995381,26v2,757,36061007100
1006060087,8 PATCHIN PLACE,MN,606,87,10011.0,1007100,71,C2,2.0,"OR PATCHIN PLACE, LLC",1330.0,2154.0,2154.0,0.0,0.0,0.0,5.0,5.0,1.0,3.0,1848.0,1969.0,1.62,40.7351018,-73.9995526,26v2,761,36061007100
1006060088,6 PATCHIN PLACE,MN,606,88,10011.0,1007100,71,C2,2.0,"OR PATCHIN PLACE, LLC",1390.0,2274.0,2274.0,0.0,0.0,0.0,5.0,5.0,1.0,3.0,1848.0,0.0,1.64,40.7350551,-73.9995381,26v2,766,36061007100
1006060089,4 PATCHIN PLACE,MN,606,89,10011.0,1007100,71,B1,1.0,OR PATCHIN PLACE II LLC,1421.0,2160.0,2160.0,0.0,0.0,0.0,2.0,2.0,1.0,3.0,1848.0,0.0,1.52,40.7350112,-73.9995201,26v2,771,36061007100
1006060090,113 WEST 10 STREET,MN,606,90,10011.0,1007100,71,S2,4.0,"OR PATCHIN PLACE, LLC",1120.0,2343.0,1640.0,703.0,0.0,703.0,2.0,3.0,1.0,3.0,1850.0,0.0,2.09,40.7349206,-73.9993613,26v2,786,36061007100
1006060091,115 WEST 10 STREET,MN,606,91,10011.0,1007100,71,S3,4.0,115 WEST 10TH STREET CORP.,1150.0,2684.0,1989.0,695.0,0.0,695.0,3.0,4.0,1.0,3.0,1850.0,0.0,2.33,40.7349124,-73.9994299,26v2,784,36061007100
1006060092,117 WEST 10 STREET,MN,606,92,10011.0,1007100,71,S2,4.0,"WEST TENTH STREET PROPERTIES, LLC",1150.0,3000.0,2010.0,990.0,0.0,990.0,2.0,3.0,1.0,3.0,1850.0,0.0,2.61,40.7349042,-73.9994984,26v2,783,36061007100
1006060093,119 WEST 10 STREET,MN,606,93,10011.0,1007100,71,A9,1.0,DC BEARDED ON 10TH LLC,1140.0,2268.0,2268.0,0.0,0.0,0.0,1.0,1.0,1.0,3.0,1850.0,0.0,1.99,40.7348959,-73.999567,26v2,781,36061007100
1006067501,160 WEST 11 STREET,MN,606,7501,10011.0,1007100,71,RM,4.0,NAME NOT ON FILE,1164.0,6036.0,3785.0,2251.0,0.0,2251.0,3.0,4.0,1.0,4.0,1854.0,1982.0,5.19,40.7363067,-74.0007542,26v2,599,36061007100
1006070032,120 WEST 12 STREET,MN,607,32,10011.0,1007100,71,A4,1.0,"LEWNOWSKI, OSKAR",2375.0,5520.0,4140.0,0.0,0.0,0.0,1.0,1.0,1.0,3.0,1850.0,1988.0,2.32,40.7361695,-73.9987443,26v2,689,36061007100
1006070033,118 WEST 12 STREET,MN,607,33,10011.0,1007100,71,A4,1.0,NAKATOMI ACQUISITIONS LLC,2478.0,6000.0,4360.0,0.0,0.0,0.0,1.0,1.0,1.0,3.0,1850.0,0.0,2.42,40.7361393,-73.9986685,26v2,695,36061007100
1006070038,475 AVENUE OF THE AMERICAS,MN,607,38,10011.0,1007100,71,D4,3.0,MARK TWAIN OWNERS CORP,17089.0,62772.0,49956.0,12816.0,0.0,12816.0,82.0,85.0,1.0,6.0,1956.0,0.0,3.67,40.7360103,-73.998369,26v2,721,36061007100
1006070043,473 AVENUE OF THE AMERICAS,MN,607,43,10011.0,1007100,71,S2,4.0,CAM KENMAR WEST VILLAGE LLC,1457.0,3902.0,2692.0,1210.0,0.0,1210.0,2.0,3.0,1.0,3.0,1842.0,0.0,2.68,40.7358017,-73.9983329,26v2,742,36061007100
1006070044,471 AVENUE OF THE AMERICAS,MN,607,44,10011.0,1007100,71,S2,4.0,MAR-RICH HOLDING CORP.,1200.0,2680.0,1796.0,884.0,0.0,884.0,2.0,3.0,1.0,3.0,1842.0,0.0,2.23,40.7357441,-73.9983474,26v2,747,36061007100
1006070045,469 AVENUE OF THE AMERICAS,MN,607,45,10011.0,1007100,71,S2,4.0,"TT NEW YORK, LP",1200.0,2916.0,1512.0,1404.0,0.0,1062.0,2.0,3.0,1.0,3.0,1842.0,0.0,2.43,40.7356974,-73.9983798,26v2,750,36061007100
1006070047,465 AVENUE OF THE AMERICAS,MN,607,47,10011.0,1007100,71,S9,4.0,HERLIEN 72ND STREET LLC,1515.0,6060.0,4545.0,1515.0,0.0,1515.0,6.0,9.0,1.0,4.0,1842.0,2014.0,4.0,40.7355986,-73.998452,26v2,756,36061007100
1006070048,105 WEST 11 STREET,MN,607,48,10011.0,1007100,71,C3,2.0,105 WEST 11TH LLC,1929.0,3036.0,3036.0,0.0,0.0,0.0,4.0,4.0,1.0,3.0,1842.0,1985.0,1.57,40.7357331,-73.9985242,26v2,740,36061007100
1006070049,107 WEST 11 STREET,MN,607,49,10011.0,1007100,71,C2,2.0,KENNETH ROSENBLUM,1665.0,9545.0,9545.0,0.0,0.0,0.0,6.0,6.0,1.0,4.0,1842.0,1986.0,5.73,40.7357743,-73.9985819,26v2,733,36061007100
1006070050,109 WEST 11 STREET,MN,607,50,10011.0,1007100,71,A4,1.0,CHAPLIN KEATON LLC,1665.0,4060.0,3000.0,0.0,0.0,0.0,1.0,1.0,1.0,3.0,1842.0,2003.0,2.44,40.735777,-73.9986649,26v2,729,36061007100
1006070051,111 WEST 11 STREET,MN,607,51,10011.0,1007100,71,C6,2.0,111 W 11 CORP,3497.0,12962.0,12962.0,0.0,0.0,0.0,20.0,20.0,1.0,6.0,1873.0,0.0,3.71,40.7358429,-73.9987082,26v2,721,36061007100
1006070052,113 WEST 11 STREET,MN,607,52,10011.0,1007100,71,C2,2.0,"113 WEST 11TH, LLC",2272.0,4776.0,4776.0,0.0,0.0,0.0,5.0,5.0,1.0,4.0,1842.0,1987.0,2.1,40.7358731,-73.9988128,26v2,714,36061007100
1006070053,115 WEST 11 STREET,MN,607,53,10011.0,1007100,71,C5,2.0,115 WEST 11TH STREET LLC,2271.0,6938.0,6938.0,0.0,0.0,0.0,4.0,5.0,1.0,5.0,1842.0,1985.0,3.06,40.7359005,-73.9988814,26v2,708,36061007100
1006070054,117 WEST 11 STREET,MN,607,54,10011.0,1007100,71,C0,2.0,TRUST U/W JOHN D. MARKS F/B/O MICHAEL V. P. MARKS,2375.0,5052.0,3653.0,0.0,0.0,0.0,3.0,3.0,1.0,3.0,1842.0,0.0,2.13,40.7359307,-73.99895,26v2,702,36061007100
1006070055,119 WEST 11 STREET,MN,607,55,10011.0,1007100,71,S3,4.0,"MILEA, ANTHONY C MD",2272.0,4972.0,3234.0,1738.0,1738.0,0.0,3.0,4.0,1.0,4.0,1842.0,0.0,2.19,40.7359609,-73.9990221,26v2,696,36061007100
1006070056,121 WEST 11 STREET,MN,607,56,10011.0,1007100,71,S1,4.0,121 WEST 11TH STREET LLC,2168.0,4704.0,3528.0,1176.0,0.0,1176.0,1.0,2.0,1.0,3.0,1842.0,0.0,2.17,40.7359884,-73.9990871,26v2,691,36061007100
1006070057,123 WEST 11 STREET,MN,607,57,10011.0,1007100,71,C5,2.0,ESCORP INC,2306.0,5056.0,5056.0,0.0,0.0,0.0,9.0,9.0,1.0,4.0,1849.0,1987.0,2.19,40.7360185,-73.9991556,26v2,685,36061007100
1006070058,125 WEST 11 STREET,MN,607,58,10011.0,1007100,71,A4,1.0,FROM THE ASHES 125 LLC,2306.0,5896.0,3916.0,0.0,0.0,0.0,1.0,1.0,1.0,3.0,1849.0,0.0,2.56,40.7360487,-73.9992314,26v2,679,36061007100
1006070059,127 WEST 11 STREET,MN,607,59,10011.0,1007100,71,A4,1.0,W11 PROPERTY LLC,2306.0,5104.0,3872.0,0.0,0.0,0.0,1.0,1.0,1.0,4.0,1849.0,0.0,2.21,40.7360789,-73.9993,26v2,673,36061007100
1006070060,129 WEST 11 STREET,MN,607,60,10011.0,1007100,71,A9,1.0,"LAKE ANNECY, LLC",2302.0,4502.0,3242.0,0.0,0.0,0.0,1.0,1.0,1.0,3.0,1849.0,1996.0,1.96,40.7361091,-73.9993721,26v2,667,36061007100
1006077501,131 WEST 11 STREET,MN,607,7501,10011.0,1007100,71,RM,4.0,NAME NOT ON FILE,2305.0,5464.0,3944.0,1520.0,0.0,1520.0,4.0,5.0,1.0,4.0,1849.0,0.0,2.37,40.7361366,-73.9994407,26v2,662,36061007100
1006080009,37 7 AVENUE,MN,608,9,10011.0,1007100,71,D6,4.0,162 WEST 13TH STREET LLC,4700.0,22998.0,19473.0,3525.0,0.0,3525.0,32.0,36.0,1.0,6.0,1924.0,0.0,4.89,40.7376105,-73.9999639,26v2,499,36061007100
1006080010,158 WEST 13 STREET,MN,608,10,10011.0,1007100,71,S3,4.0,158 WEST 13TH STREET HOLDINGS LLC,2117.0,6172.0,4585.0,1587.0,0.0,1587.0,3.0,4.0,1.0,4.0,1846.0,1989.0,2.92,40.7374623,-73.9998196,26v2,519,36061007100
1006080011,156 WEST 13 STREET,MN,608,11,10011.0,1007100,71,A5,1.0,"CASCADE HOPS, LLC",2065.0,5600.0,5600.0,0.0,0.0,0.0,1.0,1.0,1.0,3.0,1846.0,2004.0,2.71,40.7374348,-73.9997546,26v2,525,36061007100
1006080012,154 WEST 13 STREET,MN,608,12,10011.0,1007100,71,S1,4.0,MARGARET JEAN WORT AS TRUSTEE,2065.0,3600.0,2640.0,960.0,0.0,960.0,1.0,2.0,1.0,3.0,1846.0,0.0,1.74,40.7374074,-73.9996933,26v2,530,36061007100
1006080013,152 WEST 13 STREET,MN,608,13,10011.0,1007100,71,A5,1.0,"THE CITY AND COUNTRY SCHOOL, INC.",2065.0,3381.0,3381.0,0.0,0.0,0.0,1.0,1.0,1.0,3.0,1846.0,2014.0,1.64,40.7373827,-73.9996319,26v2,535,36061007100
1006080014,150 WEST 13 STREET,MN,608,14,10011.0,1007100,71,W8,8.0,"THE CITY & COUNTRY SCHOOL, INC.",2065.0,3720.0,0.0,3720.0,0.0,0.0,0.0,1.0,1.0,4.0,1846.0,1948.0,1.8,40.7373552,-73.999567,26v2,541,36061007100
1006080017,144 WEST 13 STREET,MN,608,17,10011.0,1007100,71,W8,8.0,THE CITY COUNTRY SCHOOL INC.,7365.0,11970.0,0.0,11970.0,0.0,0.0,0.0,1.0,3.0,4.0,1842.0,0.0,1.63,40.7372949,-73.9994226,26v2,553,36061007100
1006080018,142 WEST 13 STREET,MN,608,18,10011.0,1007100,71,A4,1.0,"ROCKER, DANIEL",2452.0,3864.0,3864.0,0.0,0.0,0.0,1.0,1.0,1.0,4.0,1842.0,2009.0,1.58,40.7372317,-73.9992711,26v2,566,36061007100
1006080019,140 WEST 13 STREET,MN,608,19,10011.0,1007100,71,S3,4.0,SCAFA LLC,2452.0,5436.0,4077.0,1359.0,0.0,1359.0,3.0,4.0,1.0,4.0,1842.0,0.0,2.22,40.7371988,-73.9991953,26v2,573,36061007100
1006080021,138 WEST 13 STREET,MN,608,21,10011.0,1007100,71,C6,2.0,136 WEST 13TH ST OWNERS CORP,2272.0,5732.0,5732.0,0.0,0.0,0.0,10.0,10.0,1.0,3.0,1842.0,1987.0,2.52,40.7371384,-73.999051,26v2,586,36061007100
1006080026,126 WEST 13 STREET,MN,608,26,10011.0,1007100,71,S5,4.0,ENTER HOLDING LLC,4422.0,4754.0,2827.0,1927.0,0.0,1927.0,6.0,7.0,1.0,3.0,1842.0,1982.0,1.08,40.7369902,-73.9987046,26v2,616,36061007100
1006080027,124 WEST 13 STREET,MN,608,27,10011.0,1007100,71,S1,4.0,BRACKMAN JESSICA,2148.0,7700.0,5700.0,2000.0,2000.0,0.0,1.0,2.0,1.0,4.0,1848.0,0.0,3.58,40.7369627,-73.998636,26v2,622,36061007100
1006080028,122 WEST 13 STREET,MN,608,28,10011.0,1007100,71,C3,2.0,ISOLINO FERNANDEZ,2151.0,4040.0,4040.0,0.0,0.0,0.0,4.0,4.0,1.0,3.0,1848.0,0.0,1.88,40.7369353,-73.9985674,26v2,628,36061007100
1006080032,114 WEST 13 STREET,MN,608,32,10011.0,1007100,71,C3,2.0,"FEIRSTEIN, DAVID",2150.0,3058.0,3058.0,0.0,0.0,0.0,4.0,4.0,1.0,3.0,1848.0,1986.0,1.42,40.7368255,-73.9983076,26v2,652,36061007100
1006080033,112 WEST 13 STREET,MN,608,33,10011.0,1007100,71,B1,1.0,MNYC STUDIO COLLECTIVE LLC,2065.0,4256.0,3556.0,0.0,0.0,0.0,2.0,2.0,1.0,3.0,1845.0,1991.0,2.06,40.7367953,-73.9982427,26v2,658,36061007100
1006080034,110 WEST 13 STREET,MN,608,34,10011.0,1007100,71,A4,1.0,SCENIC SHARON LLC,2065.0,3640.0,2660.0,0.0,0.0,0.0,1.0,1.0,1.0,3.0,1845.0,2014.0,1.76,40.7367706,-73.9981777,26v2,663,36061007100
1006080037,104 WEST 13 STREET,MN,608,37,10011.0,1007100,71,C6,2.0,104 W 13TH ST OWNERS CORP,2065.0,5000.0,3452.0,1548.0,0.0,1548.0,2.0,3.0,1.0,3.0,1845.0,0.0,2.42,40.7366883,-73.9979865,26v2,681,36061007100
1006080052,117 WEST 12 STREET,MN,608,52,10011.0,1007100,71,S2,4.0,CASARTELLI FIELD ETC.,2375.0,5336.0,4002.0,1334.0,0.0,1334.0,2.0,3.0,1.0,3.0,1848.0,0.0,2.25,40.7365153,-73.9983726,26v2,675,36061007100
1006080053,125 WEST 12 STREET,MN,608,53,10011.0,1007100,71,D4,3.0,125 W 12TH ST TENANTS CORP,7744.0,31128.0,31128.0,0.0,0.0,0.0,34.0,34.0,1.0,6.0,1916.0,0.0,4.02,40.7365812,-73.9985314,26v2,662,36061007100
1006080056,127 WEST 12 STREET,MN,608,56,10011.0,1007100,71,C5,2.0,127 W 12TH OWNER LLC,2323.0,4299.0,4299.0,0.0,0.0,0.0,7.0,7.0,1.0,4.0,1855.0,0.0,1.85,40.7366471,-73.9986829,26v2,648,36061007100
1006080057,129 WEST 12 STREET,MN,608,57,10011.0,1007100,71,C5,2.0,129 WEST 12 LLC,2266.0,5720.0,5720.0,0.0,0.0,0.0,9.0,9.0,1.0,4.0,1828.0,1986.0,2.52,40.7366745,-73.9987515,26v2,642,36061007100
1006080058,133 WEST 12 STREET,MN,608,58,10011.0,1007100,71,A4,1.0,133 WEST 12TH STREET LLC,2315.0,5188.0,3891.0,0.0,0.0,0.0,1.0,1.0,1.0,3.0,1828.0,0.0,2.24,40.7367047,-73.9988236,26v2,636,36061007100
1006080059,135 WEST 12 STREET,MN,608,59,10011.0,1007100,71,C2,2.0,TRUST B UNDER CASSIM MOHAMED JADWAT REVO CABLE TR,2317.0,5760.0,5760.0,0.0,0.0,0.0,5.0,5.0,1.0,4.0,1828.0,1986.0,2.49,40.7367377,-73.9988994,26v2,629,36061007100
1006080060,137 WEST 12 STREET,MN,608,60,10011.0,1007100,71,D4,3.0,CENTRENTSET CORP 45,12906.0,52202.0,52200.0,0.0,0.0,0.0,105.0,105.0,3.0,6.0,1910.0,0.0,4.04,40.7368365,-73.9991304,26v2,609,36061007100
1006080066,153 WEST 12 STREET,MN,608,66,10011.0,1007100,71,W9,8.0,FV 12TH STREET LLC,2151.0,2577.0,0.0,2577.0,0.0,0.0,0.0,1.0,1.0,3.0,1841.0,0.0,1.2,40.7369326,-73.9993649,26v2,589,36061007100
1006080067,155 WEST 12 STREET,MN,608,67,10011.0,1007100,71,B1,1.0,"GSWT, LLC",2151.0,3782.0,2751.0,0.0,0.0,0.0,2.0,2.0,1.0,3.0,1841.0,1992.0,1.76,40.73696,-73.9994299,26v2,584,36061007100
1006080069,159 WEST 12 STREET,MN,608,69,10011.0,1007100,71,A4,1.0,"REICHSTETTER, ARTHUR C",2151.0,5100.0,3825.0,0.0,0.0,0.0,1.0,1.0,1.0,3.0,1841.0,2008.0,2.37,40.7370149,-73.9995598,26v2,573,36061007100
1006080073,167 WEST 12 STREET,MN,608,73,10011.0,1007100,71,K4,4.0,"CULINARY ARTS FDTN,INC",2168.0,3360.0,840.0,2520.0,840.0,1680.0,1.0,2.0,1.0,4.0,1844.0,0.0,1.55,40.7371274,-73.9998232,26v2,550,36061007100
1006087501,175 WEST 12 STREET,MN,608,7501,10011.0,1007100,71,RM,4.0,175 W 12 ST CONDOMINIUM,15435.0,183621.0,161894.0,21727.0,0.0,9261.0,214.0,224.0,1.0,19.0,1963.0,0.0,11.9,40.737358,-74.0001516,26v2,514,36061007100
1006087502,132 WEST 13 STREET,MN,608,7502,10011.0,1007100,71,R1,2.0,UNAVAILABLE OWNER,2266.0,6094.0,6094.0,0.0,0.0,0.0,2.0,2.0,1.0,3.0,1842.0,0.0,2.69,40.737078,-73.9989102,26v2,598,36061007100
1006087504,134 WEST 13 STREET,MN,608,7504,10011.0,1007100,71,R6,2.0,UNAVAILABLE OWNER,2272.0,4040.0,4040.0,0.0,0.0,0.0,2.0,2.0,1.0,3.0,1842.0,0.0,1.78,40.7371082,-73.9989824,26v2,592,36061007100
1006090001,41 7 AVENUE,MN,609,1,10011.0,1007100,71,D4,3.0,THE CAMBRIDGE OWNERS CORP,8883.0,137882.0,131220.0,6662.0,0.0,6662.0,135.0,139.0,1.0,20.0,1963.0,0.0,15.52,40.7379069,-73.9997438,26v2,482,36061007100
1006090007,154 WEST 14 STREET,MN,609,7,10011.0,1007100,71,O6,5.0,ABNER PROPERTIES COMPANY,11767.0,140044.0,0.0,140044.0,98219.0,8825.0,0.0,13.0,1.0,12.0,1913.0,0.0,11.9,40.7381622,-73.9995598,26v2,470,36061007100
1006090049,107 WEST 13 STREET,MN,609,49,10011.0,1007100,71,G1,10.0,107 WEST 13TH STREETLLC,4000.0,21400.0,0.0,21400.0,0.0,0.0,0.0,1.0,1.0,7.0,1900.0,1986.0,5.35,40.7370917,-73.9977555,26v2,661,36061007100
1006090051,111 WEST 13 STREET,MN,609,51,10011.0,1007100,71,A4,1.0,THE KIMBERLY R. TEXTOR 2000 TRUST,2000.0,3280.0,2460.0,0.0,0.0,0.0,1.0,1.0,1.0,2.0,1845.0,0.0,1.64,40.7371329,-73.997853,26v2,652,36061007100
1006090052,113 WEST 13 STREET,MN,609,52,10011.0,1007100,71,S3,4.0,113 W 13TH LLC,2000.0,2340.0,1560.0,780.0,0.0,780.0,3.0,4.0,1.0,3.0,1845.0,1985.0,1.17,40.7371604,-73.9979143,26v2,646,36061007100
1006090053,117 WEST 13 STREET,MN,609,53,10011.0,1007100,71,D1,3.0,BLDG WEST 13TH STREET LLC,8363.0,34026.0,34026.0,0.0,0.0,0.0,58.0,58.0,1.0,6.0,1924.0,1988.0,4.07,40.7372262,-73.9980731,26v2,631,36061007100
1006090063,135 WEST 13 STREET,MN,609,63,10011.0,1007100,71,S5,4.0,"133-135 W. 13TH STREET HOLDINGS, LLC",2117.0,4800.0,3600.0,1200.0,0.0,1200.0,5.0,6.0,1.0,3.0,1845.0,1989.0,2.27,40.7374595,-73.9986216,26v2,581,36061007100
1006090070,149 WEST 13 STREET,MN,609,70,10011.0,1007100,71,A4,1.0,"TILNEY, ANNE  M",2065.0,4535.0,3395.0,0.0,0.0,0.0,1.0,1.0,1.0,3.0,1848.0,1988.0,2.2,40.7376846,-73.9991592,26v2,532,36061007100
1006090071,151 WEST 13 STREET,MN,609,71,10011.0,1007100,71,C0,2.0,"YUDITSKY, EUGENE",2065.0,5744.0,4664.0,0.0,0.0,0.0,3.0,3.0,1.0,3.0,1848.0,0.0,2.78,40.7377148,-73.9992278,26v2,526,36061007100
1006090072,153 WEST 13 STREET,MN,609,72,10011.0,1007100,71,A4,1.0,"153 WEST 13TH STREET, LLC",2065.0,4316.0,3196.0,0.0,0.0,0.0,1.0,1.0,1.0,3.0,1848.0,2009.0,2.09,40.7377395,-73.9992891,26v2,521,36061007100
1006090073,155 WEST 13 STREET,MN,609,73,10011.0,1007100,71,B3,1.0,"TOMEI, AS TRUSTEE , GARY",2065.0,3920.0,2800.0,0.0,0.0,0.0,2.0,2.0,1.0,3.0,1848.0,0.0,1.9,40.7377642,-73.9993505,26v2,515,36061007100
1006090074,157 WEST 13 STREET,MN,609,74,10011.0,1007100,71,C0,2.0,THE SAVAGE FAMILY TRUST,2065.0,4480.0,4480.0,0.0,0.0,0.0,3.0,3.0,1.0,4.0,1848.0,0.0,2.17,40.7377917,-73.9994154,26v2,509,36061007100
1006090075,159 WEST 13 STREET,MN,609,75,10011.0,1007100,71,C6,2.0,159 W 13TH HOUSING CORP,2060.0,3920.0,,,,,4.0,4.0,1.0,3.0,1848.0,1985.0,1.9,40.7378191,-73.9994804,26v2,504,36061007100
1006090076,161 WEST 13 STREET,MN,609,76,10011.0,1007100,71,C0,2.0,MILK & HONEY DEVELOPMENTS LLC,2065.0,3608.0,2520.0,0.0,0.0,0.0,3.0,3.0,1.0,3.0,1848.0,0.0,1.75,40.7378466,-73.9995417,26v2,498,36061007100
1006090163,137 WEST 13 STREET,MN,609,163,10011.0,1007100,71,A4,1.0,"WOODHEAD, SARAH",2395.0,5370.0,5370.0,0.0,0.0,0.0,1.0,1.0,1.0,3.0,1845.0,0.0,2.24,40.737487,-73.9986865,26v2,575,36061007100
1006097501,147 WEST 13 STREET,MN,609,7501,10011.0,1007100,71,RM,4.0,UNION LANE HOUSE,2005.0,5620.0,5200.0,420.0,420.0,0.0,5.0,6.0,1.0,3.0,1848.0,0.0,2.8,40.7376572,-73.9990943,26v2,538,36061007100
1006097503,144 WEST 14 STREET,MN,609,7503,10011.0,1007100,71,RC,5.0,PRATT INSTITUTE,12906.0,83169.0,0.0,83169.0,0.0,83169.0,0.0,2.0,1.0,7.0,1896.0,0.0,6.44,40.7379289,-73.9989499,26v2,524,36061007100
1006100016,115 7 AVENUE SOUTH,MN,610,16,10014.0,1007300,73,K2,5.0,117 SEVENTH AVE ETC,5755.0,31563.0,14343.0,17220.0,0.0,17220.0,9.0,11.0,1.0,6.0,1923.0,0.0,5.48,40.7341082,-74.0022335,26v2,811,36061007300
1006100017,160 WEST 10 STREET,MN,610,17,10014.0,1007300,73,G1,10.0,RIBAR OWNERS LLC,10612.0,36000.0,0.0,36000.0,0.0,0.0,0.0,1.0,1.0,2.0,1892.0,0.0,3.39,40.7342097,-74.0019232,26v2,802,36061007300
1006100022,182 WAVERLY PLACE,MN,610,22,10014.0,1007300,73,C1,2.0,TENTH & WAVERLY LLC,1454.0,2537.0,2537.0,0.0,0.0,0.0,7.0,7.0,1.0,3.0,1839.0,0.0,1.74,40.7342976,-74.0015768,26v2,797,36061007300
1006100025,176 WAVERLY PLACE,MN,610,25,10014.0,1007300,73,C5,2.0,"1776 WAVERLY, LLC",2952.0,6451.0,6451.0,0.0,0.0,0.0,15.0,15.0,2.0,3.0,1839.0,2005.0,2.19,40.7341823,-74.0015444,26v2,810,36061007300
1006100026,174 WAVERLY PLACE,MN,610,26,10014.0,1007300,73,S5,4.0,LOFFREDO LIMITED PARTNERSHIP,1716.0,2442.0,1628.0,814.0,0.0,814.0,5.0,6.0,1.0,3.0,1827.0,1986.0,1.42,40.7341109,-74.0015191,26v2,819,36061007300
1006100027,172 WAVERLY PLACE,MN,610,27,10014.0,1007300,73,C7,4.0,33 CHRISTOPHER CORP,1596.0,8000.0,6404.0,1596.0,0.0,1596.0,12.0,14.0,1.0,5.0,1868.0,0.0,5.01,40.7339984,-74.0013712,26v2,833,36061007300
1006100028,35 CHRISTOPHER STREET,MN,610,28,10014.0,1007300,73,C7,4.0,NEW YORK PROPERTY HOLDING CORPORATION,2400.0,10608.0,9408.0,1200.0,0.0,1200.0,22.0,24.0,1.0,6.0,1908.0,2012.0,4.42,40.7339847,-74.0014722,26v2,833,36061007300
1006100030,39 CHRISTOPHER STREET,MN,610,30,10014.0,1007300,73,C7,4.0,VILLAGE REALTY LLC,2400.0,10434.0,9234.0,1200.0,0.0,1200.0,22.0,23.0,1.0,6.0,1908.0,0.0,4.35,40.7339682,-74.0015876,26v2,833,36061007300
1006100041,177 WAVERLY PLACE,MN,610,41,10014.0,1007100,71,C7,4.0,"EMGE 2, INC.",1600.0,6325.0,5825.0,500.0,0.0,500.0,10.0,11.0,1.0,5.0,1890.0,0.0,3.95,40.7341603,-74.0010753,26v2,820,36061007100
1006100044,148 WEST 10 STREET,MN,610,44,10014.0,1007100,71,C4,2.0,"SCHAPIRO, JOEL",2404.0,9320.0,9320.0,0.0,0.0,0.0,20.0,20.0,1.0,5.0,1885.0,0.0,3.88,40.7343333,-74.0010392,26v2,802,36061007100
1006100045,146 WEST 10 STREET,MN,610,45,10014.0,1007100,71,C4,2.0,146 WEST 10TH LLC,2404.0,9540.0,9540.0,0.0,0.0,0.0,20.0,20.0,1.0,5.0,1887.0,0.0,3.97,40.734347,-74.0009454,26v2,803,36061007100
1006100046,144 WEST 10 STREET,MN,610,46,10014.0,1007100,71,C4,2.0,DECA,2403.0,9215.0,9215.0,0.0,0.0,0.0,20.0,20.0,1.0,5.0,1887.0,1965.0,3.83,40.7343607,-74.0008588,26v2,803,36061007100
1006100048,140 WEST 10 STREET,MN,610,48,10014.0,1007100,71,C6,2.0,138 140 VILLAGE OWNERS CORP,4960.0,19726.0,15780.0,3945.0,0.0,3945.0,38.0,40.0,2.0,5.0,1887.0,0.0,3.98,40.7343937,-74.0006387,26v2,804,36061007100
1006100052,130 WEST 10 STREET,MN,610,52,10014.0,1007100,71,S2,4.0,10TH ST. WEST VILLAGE LLC,667.0,2464.0,1232.0,1232.0,0.0,1232.0,2.0,3.0,1.0,3.0,1862.0,1986.0,3.69,40.7345117,-74.0003067,26v2,800,36061007100
1006100054,19 GREENWICH AVENUE,MN,610,54,10014.0,1007100,71,C7,4.0,"GREEN 19, LLC",2100.0,9093.0,8043.0,1050.0,0.0,1050.0,12.0,13.0,1.0,5.0,1890.0,0.0,4.33,40.734454,-74.0001624,26v2,810,36061007100
1006100055,17 GREENWICH AVENUE,MN,610,55,10014.0,1007100,71,C7,4.0,BLDG 17 GREENWICH LLC,2210.0,9344.0,8294.0,1050.0,0.0,1050.0,11.0,12.0,1.0,5.0,1890.0,0.0,4.23,40.7343909,-74.0001371,26v2,817,36061007100
1006100056,15 GREENWICH AVENUE,MN,610,56,10014.0,1007100,71,K1,5.0,JERICHO EMPIRE LLC,1500.0,1500.0,0.0,1500.0,0.0,1500.0,0.0,2.0,1.0,1.0,1937.0,1986.0,1.0,40.734347,-74.0000794,26v2,823,36061007100
1006100064,9 CHRISTOPHER STREET,MN,610,64,10014.0,1007100,71,C7,4.0,BCD CHRISTOPHER LLC,3465.0,13500.0,11768.0,1732.0,0.0,1732.0,13.0,15.0,1.0,5.0,1886.0,0.0,3.9,40.7341905,-74.0002778,26v2,835,36061007100
1006100068,17 CHRISTOPHER STREET,MN,610,68,10014.0,1007100,71,B3,1.0,"JOHNSON, PETER  J",1800.0,2520.0,2520.0,0.0,0.0,0.0,2.0,2.0,1.0,3.0,1827.0,0.0,1.4,40.7341219,-74.0006495,26v2,833,36061007100
1006100071,23 CHRISTOPHER STREET,MN,610,71,10014.0,1007100,71,C0,2.0,GIANNA VALERIO LEMONIDES PROPERTY TRUST,1823.0,2160.0,2160.0,0.0,0.0,0.0,3.0,3.0,1.0,3.0,1827.0,0.0,1.18,40.734089,-74.000866,26v2,832,36061007100
1006100072,25 CHRISTOPHER STREET,MN,610,72,10014.0,1007100,71,C2,2.0,M & L REALTY INC.,1423.0,2589.0,2589.0,0.0,0.0,0.0,5.0,5.0,1.0,3.0,1827.0,0.0,1.82,40.7340506,-74.0009309,26v2,835,36061007100
1006100075,27 CHRISTOPHER STREET,MN,610,75,10014.0,1007100,71,A4,1.0,"VILLAGEFH, LLC",4270.0,14579.0,,,,,1.0,1.0,1.0,4.0,1911.0,1988.0,3.41,40.7340286,-74.0010753,26v2,835,36061007100
1006107502,142 WEST 10 STREET,MN,610,7502,10014.0,1007100,71,RM,4.0,142 WEST 10TH STREET CONDOMINIUM,2404.0,6416.0,4466.0,1950.0,0.0,0.0,4.0,5.0,1.0,4.0,1887.0,2004.0,2.67,40.7343717,-74.0007722,26v2,804,36061007100
1006110001,233 WEST 4 STREET,MN,611,1,10014.0,1007300,73,C7,4.0,233 WEST 4TH STREET,1627.0,7766.0,6139.0,1627.0,0.0,1627.0,13.0,18.0,2.0,5.0,1897.0,0.0,4.77,40.7343772,-74.002782,26v2,777,36061007300
1006110002,235 WEST 4 STREET,MN,611,2,10014.0,1007300,73,D3,3.0,LRC - 235 WEST 4TH S,3227.0,6400.0,6400.0,0.0,0.0,0.0,7.0,7.0,1.0,4.0,1839.0,0.0,1.98,40.7344348,-74.0028001,26v2,771,36061007300
1006110004,239 WEST 4 STREET,MN,611,4,10014.0,1007300,73,S9,4.0,239 WEST 4TH STREET PROPERTY LLC,1642.0,2586.0,1986.0,600.0,0.0,600.0,2.0,4.0,1.0,3.0,1839.0,0.0,1.57,40.7345418,-74.0028325,26v2,759,36061007300
1006110008,247 WEST 4 STREET,MN,611,8,10014.0,1007300,73,C0,2.0,"LEVY, MARC",1723.0,6688.0,5016.0,0.0,0.0,0.0,3.0,3.0,1.0,3.0,1828.0,2010.0,3.88,40.7347751,-74.0029011,26v2,733,36061007300
1006110009,249 WEST 4 STREET,MN,611,9,10014.0,1007300,73,S3,4.0,BIENVENIDO ALVAREZ REVOCABLE TRUST,1647.0,4520.0,2873.0,1647.0,0.0,1647.0,3.0,4.0,1.0,4.0,1828.0,0.0,2.74,40.7348355,-74.0029191,26v2,726,36061007300
1006110011,56 CHARLES STREET,MN,611,11,10014.0,1007300,73,B3,1.0,"SARMA HOLDINGS WV, LLC",1900.0,4960.0,3820.0,0.0,0.0,0.0,2.0,2.0,1.0,3.0,1840.0,1973.0,2.61,40.7347779,-74.0026305,26v2,733,36061007300
1006110012,54 CHARLES STREET,MN,611,12,10014.0,1007300,73,A4,1.0,54 CHARLES LLC,1900.0,4960.0,4600.0,0.0,0.0,0.0,1.0,1.0,1.0,3.0,1840.0,0.0,2.61,40.7347889,-74.0025619,26v2,733,36061007300
1006110013,52 CHARLES STREET,MN,611,13,10014.0,1007300,73,B3,1.0,"52 CHARLES STREET NY, LLC",1900.0,3640.0,2660.0,0.0,0.0,0.0,2.0,2.0,1.0,3.0,1840.0,0.0,1.92,40.7347999,-74.0024898,26v2,732,36061007300
1006110015,48 CHARLES STREET,MN,611,15,10014.0,1007300,73,S4,4.0,"48 CHARLES STREET, LLC",1215.0,4635.0,3420.0,1215.0,0.0,1215.0,4.0,5.0,1.0,3.0,1840.0,1986.0,3.81,40.734863,-74.0023635,26v2,726,36061007300
1006110016,44 CHARLES STREET,MN,611,16,10014.0,1007300,73,S2,4.0,AYWANA LLC,759.0,2275.0,1300.0,975.0,0.0,975.0,2.0,3.0,1.0,3.0,1921.0,0.0,3.0,40.7349206,-74.0022913,26v2,720,36061007300
1006110022,28 CHARLES STREET,MN,611,22,10014.0,1007300,73,C7,4.0,CHARLES STREET LLC,2330.0,12074.0,9744.0,2330.0,0.0,2330.0,20.0,24.0,1.0,6.0,1910.0,1986.0,5.18,40.734981,-74.0017248,26v2,720,36061007300
1006110024,200 WAVERLY PLACE,MN,611,24,10014.0,1007300,73,C1,2.0,WAVERLY PLACE REALTY LLC,4237.0,17166.0,17166.0,0.0,0.0,0.0,24.0,24.0,1.0,6.0,1903.0,0.0,4.05,40.734852,-74.001714,26v2,735,36061007300
1006110027,190 WAVERLY PLACE,MN,611,27,10014.0,1007300,73,D5,3.0,190 WAVERLY PLACE LLC,5650.0,25075.0,22075.0,3000.0,0.0,0.0,30.0,31.0,1.0,5.0,1883.0,0.0,4.44,40.7346736,-74.0016634,26v2,755,36061007300
1006110030,186 WAVERLY PLACE,MN,611,30,10014.0,1007300,73,K4,4.0,WAVERLY & WEST 10TH REALTY LLC,1451.0,3696.0,1794.0,1902.0,439.0,1463.0,4.0,5.0,1.0,3.0,1826.0,1978.0,2.55,40.7345446,-74.0016237,26v2,769,36061007300
1006110031,161 WEST 10 STREET,MN,611,31,10014.0,1007300,73,C5,2.0,"ROOSTERBROOK ASSOCAITES II, LLC",2660.0,11480.0,11480.0,0.0,0.0,0.0,20.0,20.0,1.0,5.0,1879.0,1980.0,4.32,40.7346187,-74.0018439,26v2,758,36061007300
1006110032,163 WEST 10 STREET,MN,611,32,10014.0,1007300,73,C7,4.0,163 W. 10TH,2227.0,9495.0,7789.0,1706.0,0.0,1706.0,16.0,19.0,1.0,5.0,1886.0,0.0,4.26,40.7345995,-74.0019341,26v2,759,36061007300
1006110033,133 7 AVENUE SOUTH,MN,611,33,10014.0,1007300,73,K2,5.0,"133 7TH AVENUE SOUTH LLC, A NEW YORK LIMITED LIABILITY COMPANY",1300.0,3600.0,0.0,3600.0,0.0,3600.0,0.0,1.0,1.0,2.0,1929.0,1957.0,2.77,40.7345473,-74.0020062,26v2,764,36061007300
1006110034,167 WEST 10 STREET,MN,611,34,10014.0,1007300,73,K4,4.0,"131 & 137 7TH AVE. SOUTH,",652.0,2344.0,1144.0,1200.0,0.0,1200.0,1.0,2.0,1.0,3.0,1929.0,0.0,3.6,40.7344952,-74.0020712,26v2,769,36061007300
1006110041,181 WEST 10 STREET,MN,611,41,10014.0,1007300,73,S5,4.0,181 WEST 10TH STREETLIMITED LIABILITY CO MPANY,1520.0,3492.0,1898.0,1594.0,0.0,1594.0,5.0,6.0,1.0,3.0,1839.0,0.0,2.3,40.734487,-74.0026269,26v2,766,36061007300
1006110043,191 WAVERLY PLACE,MN,611,43,10014.0,1007100,71,C2,2.0,191 WAVERLY LLC,1650.0,4576.0,4576.0,0.0,0.0,0.0,5.0,5.0,1.0,4.0,1864.0,1985.0,2.77,40.7348081,-74.0012774,26v2,746,36061007100
1006110044,193 WAVERLY PLACE,MN,611,44,10014.0,1007100,71,A4,1.0,193 WAVERLY LLC,1600.0,3440.0,2520.0,0.0,0.0,0.0,1.0,1.0,1.0,3.0,1847.0,0.0,2.15,40.7348657,-74.001281,26v2,740,36061007100
1006110045,24 CHARLES STREET,MN,611,45,10014.0,1007100,71,C7,4.0,"CHARLES STREET ASSOCIATES #1, LLC",3000.0,14450.0,12950.0,1500.0,0.0,1500.0,18.0,19.0,1.0,6.0,1903.0,0.0,4.82,40.7349838,-74.0013892,26v2,725,36061007100
1006110047,22 CHARLES STREET,MN,611,47,10014.0,1007100,71,C5,2.0,22 CHARLES LLC,1500.0,3840.0,3840.0,0.0,0.0,0.0,6.0,6.0,1.0,3.0,1846.0,0.0,2.56,40.7350002,-74.0012774,26v2,726,36061007100
1006110048,20 CHARLES STREET,MN,611,48,10014.0,1007100,71,A4,1.0,"YEDID, ELI",1500.0,4074.0,3234.0,0.0,0.0,0.0,1.0,1.0,1.0,3.0,1846.0,2014.0,2.72,40.7350112,-74.0012052,26v2,726,36061007100
1006110049,18 CHARLES STREET,MN,611,49,10014.0,1007100,71,C5,2.0,"18 CHARLES STREET, LLC",3800.0,7170.0,7170.0,0.0,0.0,0.0,16.0,16.0,2.0,4.0,1846.0,0.0,1.89,40.7350002,-74.0010897,26v2,729,36061007100
1006110051,12 CHARLES STREET,MN,611,51,10014.0,1007100,71,D1,3.0,12 CHARLES LLC,3800.0,14944.0,14944.0,0.0,0.0,0.0,28.0,28.0,1.0,6.0,1903.0,1985.0,3.93,40.7350195,-74.0009526,26v2,730,36061007100
1006110054,6 CHARLES STREET,MN,611,54,10014.0,1007100,71,D1,3.0,ELK 6 CHARLES LLC,3800.0,15168.0,15168.0,0.0,0.0,0.0,27.0,27.0,1.0,6.0,1902.0,1985.0,3.99,40.7350524,-74.0007361,26v2,732,36061007100
1006110056,4 CHARLES STREET,MN,611,56,10014.0,1007100,71,S2,4.0,"NAUTILUS, LLC",1060.0,3460.0,1868.0,1592.0,0.0,1592.0,2.0,3.0,1.0,3.0,1846.0,2009.0,3.26,40.7351265,-74.0006495,26v2,726,36061007100
1006110057,37 GREENWICH AVENUE,MN,611,57,10014.0,1007100,71,S5,4.0,"WACO ENTERPRISES, LLC",1505.0,5638.0,4938.0,700.0,0.0,700.0,5.0,6.0,1.0,4.0,1845.0,1985.0,3.75,40.7351759,-74.000534,26v2,724,36061007100
1006110058,35 GREENWICH AVENUE,MN,611,58,10014.0,1007100,71,S2,4.0,THERESA ANN TENAGLIA IRREVOCABLE LIVING  TRUST,1240.0,2751.0,2063.0,688.0,0.0,688.0,2.0,3.0,1.0,3.0,1845.0,0.0,2.22,40.7351128,-74.0005016,26v2,731,36061007100
1006110067,135 WEST 10 STREET,MN,611,67,10014.0,1007100,71,C1,2.0,132132 COMPANY,4180.0,16968.0,16968.0,0.0,0.0,0.0,25.0,25.0,1.0,6.0,1903.0,0.0,4.06,40.7347889,-74.0006675,26v2,761,36061007100
1006110069,139 WEST 10 STREET,MN,611,69,10014.0,1007100,71,K4,4.0,CEM WEST 10TH STREET INC,2090.0,5432.0,2464.0,2968.0,0.0,2968.0,2.0,3.0,1.0,3.0,1834.0,2008.0,2.6,40.7347724,-74.000783,26v2,760,36061007100
1006110070,141 WEST 10 STREET,MN,611,70,10014.0,1007100,71,C7,4.0,VALOR REALTY LLC,4180.0,16548.0,14458.0,2090.0,0.0,2090.0,23.0,24.0,1.0,6.0,1902.0,0.0,3.96,40.7347532,-74.0009021,26v2,760,36061007100
1006110072,145 WEST 10 STREET,MN,611,72,10014.0,1007100,71,C7,4.0,145 W 10TH ST LLC,3982.0,16800.0,16000.0,800.0,800.0,0.0,24.0,25.0,1.0,6.0,1901.0,0.0,4.22,40.7347258,-74.0010572,26v2,760,36061007100
1006110074,149 WEST 10 STREET,MN,611,74,10014.0,1007100,71,B2,1.0,"CEM WEST VILLAGE, INC",1606.0,4538.0,3938.0,0.0,0.0,0.0,2.0,2.0,1.0,3.0,1834.0,2005.0,2.83,40.7346846,-74.0011691,26v2,762,36061007100
1006120001,255 WEST 4 STREET,MN,612,1,10014.0,1007300,73,C3,2.0,255 WEST 4 LLC,1418.0,2868.0,2868.0,0.0,0.0,0.0,4.0,4.0,1.0,3.0,1871.0,0.0,2.02,40.735217,-74.0030563,26v2,683,36061007300
1006120002,257 WEST 4 STREET,MN,612,2,10014.0,1007300,73,C2,2.0,CA 257 WEST 4TH LLC,1067.0,2559.0,2559.0,0.0,0.0,0.0,5.0,5.0,1.0,3.0,1871.0,1987.0,2.4,40.7352692,-74.0030996,26v2,677,36061007300
1006120007,48 PERRY STREET,MN,612,7,10014.0,1007300,73,C4,2.0,48 PERRY ASSOCIATES,2367.0,9030.0,9030.0,0.0,0.0,0.0,17.0,17.0,1.0,5.0,1885.0,1985.0,3.81,40.73539,-74.0029877,26v2,664,36061007300
1006120009,44 PERRY STREET,MN,612,9,10014.0,1007300,73,C4,2.0,44 PERRY STREET LLC,2446.0,9490.0,9490.0,0.0,0.0,0.0,17.0,17.0,1.0,5.0,1887.0,1986.0,3.88,40.7354174,-74.0028109,26v2,662,36061007300
1006120010,42 PERRY STREET,MN,612,10,10014.0,1007300,73,C4,2.0,42 PERRY STREET LLC,2446.0,9395.0,9395.0,0.0,0.0,0.0,22.0,22.0,1.0,5.0,1887.0,1988.0,3.84,40.7354311,-74.0027207,26v2,661,36061007300
1006120011,40 PERRY STREET,MN,612,11,10014.0,1007300,73,B9,1.0,40 PERRY ST. LLC,1979.0,3520.0,2640.0,0.0,0.0,0.0,2.0,2.0,1.0,3.0,1845.0,0.0,1.78,40.7354421,-74.0026377,26v2,660,36061007300
1006120012,38 PERRY STREET,MN,612,12,10014.0,1007300,73,A4,1.0,"GOLDBERG, MINDY",1979.0,4025.0,3001.0,0.0,0.0,0.0,1.0,1.0,1.0,3.0,1845.0,2001.0,2.03,40.7354531,-74.0025692,26v2,659,36061007300
1006120013,36 PERRY STREET,MN,612,13,10014.0,1007300,73,C0,2.0,MFB TRUST,1979.0,3332.0,2499.0,0.0,0.0,0.0,3.0,3.0,1.0,3.0,1845.0,1988.0,1.68,40.7354641,-74.002497,26v2,658,36061007300
1006120014,34 PERRY STREET,MN,612,14,10014.0,1007300,73,C0,2.0,WVT HOLDINGS LLC,1900.0,3760.0,2760.0,0.0,0.0,0.0,3.0,3.0,1.0,3.0,1845.0,0.0,1.98,40.7354751,-74.0024212,26v2,658,36061007300
1006120015,32 PERRY STREET,MN,612,15,10014.0,1007300,73,B1,1.0,BELLEJACKBLUE LLC,1979.0,4155.0,3047.0,0.0,0.0,0.0,2.0,2.0,1.0,3.0,1845.0,2018.0,2.1,40.735486,-74.0023454,26v2,657,36061007300
1006120016,30 PERRY STREET,MN,612,16,10014.0,1007300,73,C5,2.0,"30 PERRY STREET, LLC",1985.0,4320.0,4320.0,0.0,0.0,0.0,8.0,8.0,1.0,3.0,1845.0,2014.0,2.18,40.735497,-74.0022661,26v2,657,36061007300
1006120018,26 PERRY STREET,MN,612,18,10014.0,1007300,73,C7,4.0,26 PERRY STREET REALTY    .,2375.0,9880.0,9380.0,500.0,500.0,0.0,15.0,17.0,1.0,5.0,1889.0,1986.0,4.16,40.735519,-74.0020965,26v2,656,36061007300
1006120029,152 7 AVENUE SOUTH,MN,612,29,10014.0,1007300,73,C7,4.0,152-54 SEVENTH AVENUE,1960.0,7235.0,5275.0,1960.0,0.0,1960.0,12.0,14.0,1.0,5.0,1876.0,0.0,3.69,40.7352884,-74.0021289,26v2,681,36061007300
1006120036,33 CHARLES STREET,MN,612,36,10014.0,1007300,73,A4,1.0,KOUSA REALTY LLC,1639.0,3196.0,2397.0,0.0,0.0,0.0,1.0,1.0,1.0,3.0,1869.0,2008.0,1.95,40.7351676,-74.0026305,26v2,690,36061007300
1006120037,35 CHARLES STREET,MN,612,37,10014.0,1007300,73,C2,2.0,35 CHARLES STREET CORP,1584.0,3311.0,3311.0,0.0,0.0,0.0,6.0,6.0,1.0,3.0,1869.0,0.0,2.09,40.7351594,-74.0026882,26v2,691,36061007300
1006120038,37 CHARLES STREET,MN,612,38,10014.0,1007300,73,C5,2.0,"BROSER, LORIE",1584.0,3132.0,3132.0,0.0,0.0,0.0,8.0,8.0,1.0,3.0,1869.0,2013.0,1.98,40.7351512,-74.0027496,26v2,691,36061007300
1006120039,39 CHARLES STREET,MN,612,39,10014.0,1007300,73,C5,2.0,39 CHARLES LLC,1583.0,3100.0,3100.0,0.0,0.0,0.0,8.0,8.0,1.0,3.0,1869.0,0.0,1.96,40.7351429,-74.0028073,26v2,692,36061007300
1006120040,41 CHARLES STREET,MN,612,40,10014.0,1007300,73,A4,1.0,CHARLES REEF LLC,1584.0,3474.0,2674.0,0.0,0.0,0.0,1.0,1.0,1.0,4.0,1869.0,2014.0,2.19,40.735132,-74.0028686,26v2,693,36061007300
1006120041,43 CHARLES STREET,MN,612,41,10014.0,1007300,73,C3,2.0,"ROBINSON, ERIC",1233.0,3268.0,3268.0,0.0,0.0,0.0,4.0,4.0,1.0,3.0,1869.0,0.0,2.65,40.7350963,-74.0029228,26v2,697,36061007300
1006120042,45 CHARLES STREET,MN,612,42,10014.0,1007300,73,A4,1.0,EILEEN ROBERT,1233.0,3056.0,3056.0,0.0,0.0,0.0,1.0,1.0,1.0,3.0,1869.0,0.0,2.48,40.735088,-74.0029805,26v2,698,36061007300
1006120051,159 1/2 7 AVENUE SOUTH,MN,612,51,10014.0,1007100,71,D7,4.0,PERRY STREET 3 LLC,3862.0,17826.0,14855.0,2971.0,0.0,2971.0,21.0,27.0,1.0,6.0,1928.0,0.0,4.62,40.7355931,-74.0014001,26v2,659,36061007100
1006120052,10 PERRY STREET,MN,612,52,10014.0,1007100,71,B1,1.0,"KRASNO, ALAN V",2097.0,3960.0,2860.0,0.0,0.0,0.0,2.0,2.0,1.0,3.0,1849.0,0.0,1.89,40.7356425,-74.001281,26v2,656,36061007100
1006120053,8 PERRY STREET,MN,612,53,10014.0,1007100,71,A4,1.0,"8 PERRY ST., LLC",2097.0,4214.0,3106.0,0.0,0.0,0.0,1.0,1.0,1.0,3.0,1849.0,2011.0,2.01,40.7356535,-74.0012016,26v2,657,36061007100
1006120054,6 PERRY STREET,MN,612,54,10014.0,1007100,71,C0,2.0,HANIFIN  PETER J,2097.0,4656.0,3352.0,0.0,0.0,0.0,3.0,3.0,1.0,3.0,1849.0,0.0,2.22,40.7356645,-74.0011222,26v2,657,36061007100
1006120055,4 PERRY STREET,MN,612,55,10014.0,1007100,71,C2,2.0,FOURPERRY LLC,2090.0,3454.0,3454.0,0.0,0.0,0.0,5.0,5.0,1.0,3.0,1849.0,1985.0,1.65,40.7356782,-74.0010428,26v2,658,36061007100
1006120057,55 GREENWICH AVENUE,MN,612,57,10014.0,1007100,71,C7,4.0,55 GREENWICH AVENUE LLC,1012.0,4660.0,4060.0,600.0,0.0,600.0,8.0,10.0,1.0,5.0,1849.0,0.0,4.6,40.7357935,-74.0008732,26v2,649,36061007100
1006120058,53 GREENWICH AVENUE,MN,612,58,10014.0,1007100,71,S4,4.0,"LANYARD REALTY CO.,L.L.C.",1490.0,5044.0,4424.0,620.0,0.0,620.0,4.0,5.0,1.0,5.0,1848.0,0.0,3.39,40.7357249,-74.0008768,26v2,657,36061007100
1006120059,51 GREENWICH AVENUE,MN,612,59,10014.0,1007100,71,C7,4.0,"LANYARD REALTY CO.,L.L.C.",1585.0,4777.0,3952.0,825.0,0.0,825.0,8.0,9.0,1.0,5.0,1848.0,0.0,3.01,40.7356727,-74.0008552,26v2,663,36061007100
1006120064,41 GREENWICH AVENUE,MN,612,64,10014.0,1007100,71,S4,4.0,"41 GREENWICH AVENUE, LLC",1570.0,4884.0,3504.0,1380.0,0.0,1380.0,4.0,5.0,1.0,5.0,1849.0,2018.0,3.11,40.7354065,-74.0006928,26v2,695,36061007100
1006120065,39 GREENWICH AVENUE,MN,612,65,10014.0,1007100,71,C7,4.0,1-3 CHARLES STREET LLC,1562.0,7482.0,5932.0,1550.0,0.0,1550.0,12.0,14.0,1.0,5.0,1848.0,0.0,4.79,40.7353571,-74.0006459,26v2,702,36061007100
1006120068,9 CHARLES STREET,MN,612,68,10014.0,1007100,71,C1,2.0,9 CHARLES HOLDINGS LLC,2090.0,4884.0,4884.0,0.0,0.0,0.0,10.0,10.0,1.0,4.0,1848.0,0.0,2.34,40.7354092,-74.0010428,26v2,686,36061007100
1006120069,11 CHARLES STREET,MN,612,69,10014.0,1007100,71,C5,2.0,11 CHARLES LLC,2090.0,5280.0,5280.0,0.0,0.0,0.0,7.0,7.0,1.0,4.0,1848.0,1985.0,2.53,40.7353982,-74.0011222,26v2,686,36061007100
1006127502,25 CHARLES STREET,MN,612,7502,10014.0,1007300,73,RM,4.0,25 CHARLES ST OWNERS CORP,5680.0,20593.0,19715.0,878.0,0.0,252.0,30.0,31.0,1.0,6.0,1903.0,0.0,3.63,40.7352226,-74.0022624,26v2,687,36061007300
1006127504,15 CHARLES STREET,MN,612,7504,10014.0,1007100,71,RM,4.0,UNAVAILABLE OWNER,10400.0,105590.0,92642.0,12948.0,0.0,4578.0,122.0,125.0,1.0,18.0,1961.0,0.0,10.15,40.7353625,-74.0013604,26v2,685,36061007100
1006127505,28 PERRY STREET,MN,612,7505,10014.0,1007300,73,R2,2.0,28 PERRY ST CONDOMINUM,2125.0,7115.0,7115.0,0.0,0.0,0.0,17.0,17.0,1.0,5.0,1899.0,0.0,3.35,40.735519,-74.0021867,26v2,655,36061007300
1006130001,267 WEST 4 STREET,MN,613,1,10014.0,1007300,73,S4,4.0,JANDALE REALTY INC.,896.0,2688.0,1792.0,896.0,0.0,896.0,4.0,5.0,1.0,3.0,1828.0,0.0,3.0,40.7356452,-74.0032115,26v2,635,36061007300
1006130002,269 WEST 4 STREET,MN,613,2,10014.0,1007300,73,S3,4.0,JANDALE REALTY INC,895.0,2364.0,1914.0,450.0,0.0,450.0,3.0,4.0,1.0,3.0,1828.0,0.0,2.64,40.7356974,-74.0032259,26v2,630,36061007300
1006130003,271 WEST 4 STREET,MN,613,3,10014.0,1007300,73,S2,4.0,JANDALE REALTY INC,1792.0,3584.0,2401.0,1183.0,0.0,1183.0,2.0,3.0,1.0,3.0,1827.0,0.0,2.0,40.7357715,-74.0032475,26v2,621,36061007300
1006130005,275 WEST 4 STREET,MN,613,5,10014.0,1007300,73,S2,4.0,JANDALE REALTY INC,850.0,2364.0,1584.0,780.0,0.0,780.0,2.0,3.0,1.0,3.0,1827.0,0.0,2.78,40.7358456,-74.0032692,26v2,613,36061007300
1006130006,277 WEST 4 STREET,MN,613,6,10014.0,1007300,73,S2,4.0,JANDALE REALTY INC,895.0,2364.0,1584.0,780.0,0.0,780.0,2.0,3.0,1.0,3.0,1827.0,0.0,2.64,40.7358922,-74.00328,26v2,608,36061007300
1006130007,279 WEST 4 STREET,MN,613,7,10014.0,1007300,73,A4,1.0,THOMAS MOZJESIK AS TRUSTEE,863.0,2040.0,2040.0,0.0,0.0,0.0,1.0,1.0,1.0,3.0,1869.0,2008.0,2.36,40.7359362,-74.0032945,26v2,603,36061007300
1006130008,281 WEST 4 STREET,MN,613,8,10014.0,1007300,73,A4,1.0,"KAMEL, FARZAM",858.0,2040.0,2040.0,0.0,0.0,0.0,1.0,1.0,1.0,3.0,1869.0,2008.0,2.38,40.7359828,-74.0033089,26v2,598,36061007300
1006130009,252 WEST 11 STREET,MN,613,9,10014.0,1007300,73,C2,2.0,"ALEXANDER, ERIC",810.0,2037.0,2037.0,0.0,0.0,0.0,5.0,5.0,1.0,3.0,1869.0,1987.0,2.51,40.7360624,-74.0033955,26v2,589,36061007300
1006130010,250 WEST 11 STREET,MN,613,10,10014.0,1007300,73,B1,1.0,"HATSAV, MOSHE",806.0,2568.0,1904.0,0.0,0.0,0.0,2.0,2.0,1.0,3.0,1869.0,0.0,3.19,40.7360734,-74.0033342,26v2,588,36061007300
1006130011,248 WEST 11 STREET,MN,613,11,10014.0,1007300,73,B1,1.0,248W11 LLC,814.0,2560.0,1920.0,0.0,0.0,0.0,2.0,2.0,1.0,3.0,1869.0,0.0,3.14,40.7360816,-74.0032692,26v2,587,36061007300
1006130013,244 WEST 11 STREET,MN,613,13,10014.0,1007300,73,C5,2.0,JACKSON HOLE 244 LLC,1600.0,3340.0,3340.0,0.0,0.0,0.0,8.0,8.0,1.0,3.0,1842.0,1988.0,2.09,40.7360597,-74.0031213,26v2,589,36061007300
1006130014,242 WEST 11 STREET,MN,613,14,10014.0,1007300,73,C3,2.0,"BLUE SKIES 242, LLC",1600.0,2562.0,2562.0,0.0,0.0,0.0,4.0,4.0,1.0,3.0,1842.0,0.0,1.6,40.7360707,-74.0030491,26v2,588,36061007300
1006130015,240 WEST 11 STREET,MN,613,15,10014.0,1007300,73,C0,2.0,"NEAR TWO CHURCHES,",1900.0,4120.0,3020.0,0.0,0.0,0.0,3.0,3.0,1.0,3.0,1853.0,0.0,2.17,40.7360624,-74.0029733,26v2,589,36061007300
1006130016,238 WEST 11 STREET,MN,613,16,10014.0,1007300,73,C6,2.0,238 W 11TH ST COOP CO,1900.0,3385.0,3385.0,0.0,0.0,0.0,4.0,4.0,1.0,4.0,1853.0,0.0,1.78,40.7360734,-74.0029012,26v2,588,36061007300
1006130017,232 WEST 11 STREET,MN,613,17,10014.0,1007300,73,M1,8.0,GREATER NEW YORK CORP,8295.0,12890.0,0.0,12890.0,0.0,0.0,0.0,2.0,1.0,2.0,1881.0,0.0,1.55,40.7360762,-74.0027316,26v2,589,36061007300
1006130020,230 WEST 11 STREET,MN,613,20,10014.0,1007300,73,A4,1.0,230 WEST 11TH STREET LLC,2363.0,4400.0,3300.0,0.0,0.0,0.0,1.0,1.0,1.0,3.0,1860.0,1986.0,1.86,40.7361228,-74.0025511,26v2,585,36061007300
1006130021,228 WEST 11 STREET,MN,613,21,10014.0,1007300,73,B9,1.0,228 TRUST A,1729.0,4000.0,3000.0,0.0,0.0,0.0,2.0,2.0,1.0,3.0,1838.0,0.0,2.31,40.7361366,-74.0024609,26v2,584,36061007300
1006130022,226 WEST 11 STREET,MN,613,22,10014.0,1007300,73,C6,2.0,226 WEST 11 OWNERS CORP.,2750.0,4500.0,4500.0,0.0,0.0,0.0,7.0,7.0,1.0,4.0,1838.0,1986.0,1.64,40.7361311,-74.0023671,26v2,586,36061007300
1006130028,17 PERRY STREET,MN,613,28,10014.0,1007300,73,C7,4.0,PERRY MANSIONS,1600.0,6400.0,5575.0,825.0,0.0,825.0,8.0,10.0,1.0,4.0,1846.0,0.0,4.0,40.7359142,-74.0019233,26v2,615,36061007300
1006130029,19 PERRY STREET,MN,613,29,10014.0,1007300,73,C0,2.0,"GOODALE, RIVEL DEBORAH",1227.0,3192.0,2394.0,0.0,0.0,0.0,3.0,3.0,1.0,3.0,1845.0,0.0,2.6,40.7358895,-74.0019954,26v2,617,36061007300
1006130030,21 PERRY STREET,MN,613,30,10014.0,1007300,73,C0,2.0,"GINSBURG, ADAM",1227.0,3274.0,2533.0,0.0,0.0,0.0,3.0,3.0,1.0,3.0,1845.0,2010.0,2.67,40.7358786,-74.002064,26v2,617,36061007300
1006130031,23 PERRY STREET,MN,613,31,10014.0,1007300,73,A4,1.0,"HOLLAND, TRUSTEE, CYNTHIA LEIGH",1248.0,2660.0,1995.0,0.0,0.0,0.0,1.0,1.0,1.0,3.0,1845.0,2012.0,2.13,40.7358703,-74.0021326,26v2,617,36061007300
1006130032,25 PERRY STREET,MN,613,32,10014.0,1007300,73,A4,1.0,25 PERRY STREET LLC,1437.0,3738.0,2888.0,0.0,0.0,0.0,1.0,1.0,1.0,3.0,1851.0,0.0,2.6,40.7358731,-74.0022083,26v2,616,36061007300
1006130033,27 PERRY STREET,MN,613,33,10014.0,1007300,73,B9,1.0,RUTH LLC,2008.0,3760.0,2660.0,0.0,0.0,0.0,2.0,2.0,1.0,3.0,1848.0,1978.0,1.87,40.7358703,-74.0022877,26v2,615,36061007300
1006130034,29 PERRY STREET,MN,613,34,10014.0,1007300,73,C6,2.0,29 PERRY OWNERS CORP,2088.0,8750.0,6750.0,2000.0,0.0,2000.0,10.0,10.0,1.0,5.0,1871.0,1986.0,4.19,40.7358758,-74.0023851,26v2,614,36061007300
1006130036,33 PERRY STREET,MN,613,36,10014.0,1007300,73,C0,2.0,33 PERRY ST. HOLDING LLC,2454.0,6608.0,6608.0,0.0,0.0,0.0,3.0,3.0,1.0,3.0,1897.0,1990.0,2.69,40.7358511,-74.0025656,26v2,615,36061007300
1006130037,35 PERRY STREET,MN,613,37,10014.0,1007300,73,C6,2.0,35 PERRY ST OWNERS CORP,1271.0,3020.0,3020.0,0.0,0.0,0.0,6.0,6.0,1.0,4.0,1855.0,2018.0,2.38,40.7358099,-74.0026341,26v2,619,36061007300
1006130038,37 PERRY STREET,MN,613,38,10014.0,1007300,73,C3,2.0,PERRY STREET 3739 LLC,2516.0,6750.0,6240.0,510.0,0.0,510.0,4.0,4.0,1.0,4.0,1855.0,1987.0,2.68,40.7357962,-74.0027243,26v2,620,36061007300
1006130040,41 PERRY STREET,MN,613,40,10014.0,1007300,73,C6,2.0,41 PERRY ST OWNERS CORP,1975.0,10500.0,9513.0,987.0,0.0,987.0,22.0,23.0,1.0,6.0,1898.0,1986.0,5.32,40.7358099,-74.0028362,26v2,618,36061007300
1006130041,43 PERRY STREET,MN,613,41,10014.0,1007300,73,B1,1.0,WIDJAJA S. HATTA,1900.0,3000.0,3000.0,0.0,0.0,0.0,2.0,2.0,2.0,3.0,1859.0,2005.0,1.58,40.7358044,-74.0029192,26v2,618,36061007300
1006130042,45 PERRY STREET,MN,613,42,10014.0,1007300,73,C6,2.0,45 PERRY ST OWNERS CORP,3025.0,11405.0,10405.0,1000.0,0.0,1000.0,18.0,19.0,1.0,5.0,1889.0,0.0,3.77,40.7358072,-74.0030058,26v2,618,36061007300
1006130043,47 PERRY STREET,MN,613,43,10014.0,1007300,73,C5,2.0,47 PERRY LLC,3025.0,11405.0,11405.0,0.0,0.0,0.0,20.0,20.0,1.0,5.0,1889.0,0.0,3.77,40.7357934,-74.0031032,26v2,619,36061007300
1006130046,214 WEST 11 STREET,MN,613,46,10014.0,1007100,71,B9,1.0,44 JANE LLC,1044.0,3344.0,2508.0,0.0,0.0,0.0,2.0,2.0,1.0,3.0,1856.0,2010.0,3.2,40.7362903,-74.0018006,26v2,576,36061007100
1006130047,212 WEST 11 STREET,MN,613,47,10014.0,1007100,71,C3,2.0,214 WEST 11TH ST REALTY LLC,1048.0,2952.0,2952.0,0.0,0.0,0.0,4.0,4.0,1.0,3.0,1856.0,1975.0,2.82,40.7363012,-74.001732,26v2,576,36061007100
1006130048,210 WEST 11 STREET,MN,613,48,10014.0,1007100,71,A4,1.0,210 WYCOMBE LLC,1062.0,3600.0,2700.0,0.0,0.0,0.0,1.0,1.0,1.0,3.0,1856.0,0.0,3.39,40.7363122,-74.0016635,26v2,576,36061007100
1006130049,208 WEST 11 STREET,MN,613,49,10014.0,1007100,71,A4,1.0,"BOLGER, KATHERINE M",1062.0,3040.0,2280.0,0.0,0.0,0.0,1.0,1.0,1.0,3.0,1856.0,1986.0,2.86,40.7363232,-74.0015913,26v2,576,36061007100
1006130060,59 GREENWICH AVENUE,MN,613,60,10014.0,1007100,71,S9,4.0,59 GREENWICH LLC,1187.0,4922.0,2086.0,2836.0,0.0,2836.0,2.0,4.0,1.0,4.0,1845.0,1986.0,4.15,40.7360268,-74.0010537,26v2,620,36061007100
1006130061,57 GREENWICH AVENUE,MN,613,61,10014.0,1007100,71,C4,2.0,1 PERRY STREET LLC,1445.0,4940.0,4190.0,750.0,0.0,750.0,5.0,6.0,1.0,4.0,1845.0,0.0,3.42,40.7359691,-74.0010104,26v2,627,36061007100
1006130068,174 7 AVENUE SOUTH,MN,613,68,10014.0,1007100,71,K2,5.0,HUANG'S HOLDING  CORP,2155.0,4300.0,0.0,4300.0,0.0,4300.0,0.0,5.0,1.0,2.0,1922.0,0.0,2.0,40.7360103,-74.0016887,26v2,608,36061007100
1006137501,31 PERRY STREET,MN,613,7501,10014.0,1007300,73,RM,4.0,NAME NOT ON FILE,2375.0,8743.0,4446.0,4297.0,0.0,4297.0,1.0,2.0,1.0,4.0,1901.0,0.0,3.68,40.7358621,-74.0024754,26v2,614,36061007300
1006140001,287 WEST 4 STREET,MN,614,1,10014.0,1007700,77,C1,2.0,287-289 WEST FOURTH LLC,2200.0,7170.0,7170.0,0.0,0.0,0.0,10.0,10.0,1.0,5.0,1906.0,1986.0,3.26,40.7364906,-74.0034533,26v2,542,36061007700
1006140003,291 WEST 4 STREET,MN,614,3,10014.0,1007700,77,B3,1.0,291 WEST 4TH STREET LLC,1175.0,2480.0,1860.0,0.0,0.0,0.0,2.0,2.0,1.0,3.0,1828.0,2012.0,2.11,40.7365812,-74.0034533,26v2,532,36061007700
1006140004,293 WEST 4 STREET,MN,614,4,10014.0,1007700,77,A4,1.0,"RESNICK, SCOTT N",2449.0,6970.0,6970.0,0.0,0.0,0.0,1.0,1.0,1.0,3.0,1911.0,2006.0,2.85,40.736658,-74.0034749,26v2,523,36061007700
1006140006,297 WEST 4 STREET,MN,614,6,10014.0,1007700,77,A4,1.0,THE LAWRENCE WEINER QUALIFIED PERSONAL R ESIDENCE T,1127.0,2658.0,2658.0,0.0,0.0,0.0,1.0,1.0,1.0,3.0,1911.0,2006.0,2.36,40.7367294,-74.0034966,26v2,515,36061007700
1006140007,299 WEST 4 STREET,MN,614,7,10014.0,1007700,77,S4,4.0,BROWNSTONE DEV ASSOC LLC,1191.0,3576.0,2385.0,1191.0,0.0,1191.0,4.0,5.0,1.0,3.0,1828.0,1987.0,3.0,40.7367815,-74.003511,26v2,510,36061007700
1006140008,48 BANK STREET,MN,614,8,10014.0,1007700,77,A4,1.0,48BS LLC,1828.0,3440.0,3440.0,0.0,0.0,0.0,1.0,1.0,1.0,2.0,1910.0,0.0,1.88,40.7367047,-74.0033234,26v2,518,36061007700
1006140009,46 BANK STREET,MN,614,9,10014.0,1007700,77,C4,2.0,BANJO REALTY LLC,1825.0,7145.0,7145.0,0.0,0.0,0.0,10.0,10.0,1.0,5.0,1889.0,0.0,3.92,40.7367129,-74.0032512,26v2,517,36061007700
1006140010,42 BANK STREET,MN,614,10,10014.0,1007700,77,C4,2.0,"ROSENBLUM, KENNETH",3600.0,14520.0,14520.0,0.0,0.0,0.0,31.0,31.0,1.0,6.0,1910.0,0.0,4.03,40.7367294,-74.0031502,26v2,515,36061007700
1006140012,40 BANK STREET,MN,614,12,10014.0,1007700,77,A9,1.0,"40 B. STREET, LLC",1820.0,4320.0,3240.0,0.0,0.0,0.0,1.0,1.0,1.0,3.0,1851.0,0.0,2.37,40.7367431,-74.0030455,26v2,514,36061007700
1006140013,38 BANK STREET,MN,614,13,10014.0,1007700,77,C0,2.0,ANDREW D ARONS,1710.0,4320.0,3300.0,0.0,0.0,0.0,3.0,3.0,1.0,3.0,1851.0,0.0,2.53,40.7367541,-74.002977,26v2,513,36061007700
1006140014,36 BANK STREET,MN,614,14,10014.0,1007700,77,B1,1.0,LITTLE LEE LLC,1800.0,4320.0,3240.0,0.0,0.0,0.0,2.0,2.0,1.0,3.0,1851.0,2007.0,2.4,40.7367651,-74.0029048,26v2,512,36061007700
1006140015,34 BANK STREET,MN,614,15,10014.0,1007700,77,B9,1.0,27 BBC LLC,1953.0,3840.0,2880.0,0.0,0.0,0.0,2.0,2.0,1.0,3.0,1845.0,0.0,1.97,40.7367706,-74.002829,26v2,511,36061007700
1006140016,32 BANK STREET,MN,614,16,10014.0,1007700,77,C2,2.0,32 BELERIAND LLC,1814.0,3570.0,3570.0,0.0,0.0,0.0,5.0,5.0,1.0,3.0,1845.0,0.0,1.97,40.7367816,-74.0027569,26v2,510,36061007700
1006140017,30 BANK STREET,MN,614,17,10014.0,1007700,77,B1,1.0,THOMPSON LOUISE S,1860.0,3800.0,2850.0,0.0,0.0,0.0,2.0,2.0,1.0,3.0,1845.0,0.0,2.04,40.7367925,-74.0026883,26v2,510,36061007700
1006140018,28 BANK STREET,MN,614,18,10014.0,1007700,77,C0,2.0,LAURIE BROWN-NAGIN 2012 FAMILY TRUST,1860.0,3360.0,2880.0,0.0,0.0,0.0,3.0,3.0,1.0,3.0,1845.0,0.0,1.81,40.7368035,-74.0026197,26v2,509,36061007700
1006140019,26 BANK STREET,MN,614,19,10014.0,1007700,77,C0,2.0,"KERRI E MILLER REVOCABLE TRUST DATED JUN E 22, 2021",1814.0,4170.0,3169.0,0.0,0.0,0.0,3.0,3.0,1.0,3.0,1845.0,1988.0,2.3,40.7368118,-74.0025476,26v2,509,36061007700
1006140021,22 BANK STREET,MN,614,21,10014.0,1007700,77,B1,1.0,22 WEST VILLAGE TH LLC,1784.0,3200.0,2400.0,0.0,0.0,0.0,2.0,2.0,1.0,3.0,1845.0,0.0,1.79,40.7368337,-74.0024104,26v2,508,36061007700
1006140022,20 BANK STREET,MN,614,22,10014.0,1007700,77,C0,2.0,B20 PROPERTY LLC,1469.0,3496.0,2546.0,0.0,0.0,0.0,3.0,3.0,1.0,3.0,1845.0,0.0,2.38,40.7368667,-74.0023455,26v2,505,36061007700
1006140023,18 BANK STREET,MN,614,23,10014.0,1007700,77,C5,2.0,16-18 VILLAGE MANAGEMENT LLC,1462.0,3461.0,2911.0,550.0,0.0,550.0,6.0,7.0,1.0,3.0,1845.0,0.0,2.37,40.7368776,-74.0022805,26v2,504,36061007700
1006140030,223 WEST 11 STREET,MN,614,30,10014.0,1007700,77,A4,1.0,"223 WEST 11 MAUD, LLC",1992.0,3624.0,3624.0,0.0,0.0,0.0,1.0,1.0,1.0,4.0,1844.0,2009.0,1.82,40.7365675,-74.0023347,26v2,538,36061007700
1006140031,225 WEST 11 STREET,MN,614,31,10014.0,1007700,77,B9,1.0,"HARRIS, TRUSTEE, MITCHELL E",1940.0,4320.0,3360.0,0.0,0.0,0.0,2.0,2.0,1.0,3.0,1844.0,2012.0,2.23,40.7365592,-74.0024068,26v2,538,36061007700
1006140034,231 WEST 11 STREET,MN,614,34,10014.0,1007700,77,B3,1.0,"231WII, LLC",1660.0,3360.0,2520.0,0.0,0.0,0.0,2.0,2.0,1.0,3.0,1844.0,0.0,2.02,40.736529,-74.0026125,26v2,539,36061007700
1006140035,233 WEST 11 STREET,MN,614,35,10014.0,1007700,77,B3,1.0,IRA J. GILBERT AS TRUSTEE,1660.0,3360.0,2520.0,0.0,0.0,0.0,2.0,2.0,1.0,3.0,1844.0,0.0,2.02,40.7365181,-74.0026847,26v2,540,36061007700
1006140036,235 WEST 11 STREET,MN,614,36,10014.0,1007700,77,C3,2.0,UNDICESIMA LLC,2025.0,5659.0,5659.0,0.0,0.0,0.0,4.0,4.0,1.0,4.0,1844.0,1988.0,2.79,40.7365098,-74.0027568,26v2,541,36061007700
1006140037,237 WEST 11 STREET,MN,614,37,10014.0,1007700,77,C6,2.0,W 11 ST OWNERS INC,3750.0,13968.0,13968.0,0.0,0.0,0.0,20.0,20.0,1.0,6.0,1904.0,0.0,3.72,40.7364961,-74.0028651,26v2,542,36061007700
1006140039,241 WEST 11 STREET,MN,614,39,10014.0,1007700,77,A4,1.0,"BELUGA PROPERTIES, LLC",1900.0,4256.0,3192.0,0.0,0.0,0.0,1.0,1.0,1.0,3.0,1851.0,2014.0,2.24,40.7364824,-74.0029697,26v2,543,36061007700
1006140040,243 WEST 11 STREET,MN,614,40,10014.0,1007700,77,C0,2.0,THE BRYSON B LLC,1875.0,3344.0,2508.0,0.0,0.0,0.0,3.0,3.0,1.0,3.0,1851.0,0.0,1.78,40.7364714,-74.0030419,26v2,544,36061007700
1006140041,245 WEST 11 STREET,MN,614,41,10014.0,1007700,77,A4,1.0,"BREMMER, IAN",2200.0,4496.0,3612.0,0.0,0.0,0.0,1.0,1.0,1.0,3.0,1831.0,2014.0,2.04,40.7364604,-74.0031141,26v2,545,36061007700
1006140042,247 WEST 11 STREET,MN,614,42,10014.0,1007700,77,C7,4.0,WEST 11TH STREET LLC,2800.0,11790.0,10790.0,1000.0,1000.0,0.0,23.0,24.0,1.0,5.0,1887.0,0.0,4.21,40.7364494,-74.0032007,26v2,546,36061007700
1006140043,249 WEST 11 STREET,MN,614,43,10014.0,1007700,77,C4,2.0,BROWNSTONE DEV ASSOC LLC,2500.0,9375.0,9375.0,0.0,0.0,0.0,16.0,16.0,1.0,5.0,1901.0,0.0,3.75,40.7364357,-74.0032945,26v2,548,36061007700
1006140044,251 WEST 11 STREET,MN,614,44,10014.0,1007700,77,A4,1.0,251 W 11TH LLC,1400.0,2488.0,2488.0,0.0,0.0,0.0,1.0,1.0,1.0,3.0,1827.0,0.0,1.78,40.7363616,-74.0033667,26v2,556,36061007700
1006140045,253 WEST 11 STREET,MN,614,45,10014.0,1007700,77,C4,2.0,285 WEST FOURTH LLC,1400.0,6375.0,5565.0,810.0,0.0,810.0,9.0,10.0,1.0,5.0,1900.0,0.0,4.55,40.7363479,-74.0034641,26v2,558,36061007700
1006140046,241 WAVERLY PLACE,MN,614,46,10014.0,1007700,77,B3,1.0,241 WAVERLY LLC,800.0,2880.0,2160.0,0.0,0.0,0.0,2.0,2.0,1.0,3.0,1877.0,0.0,3.6,40.7366992,-74.0018872,26v2,530,36061007700
1006140047,243 WAVERLY PLACE,MN,614,47,10014.0,1007700,77,A4,1.0,243 WAVERLY PLACE LLC,1100.0,3068.0,2301.0,0.0,0.0,0.0,1.0,1.0,1.0,3.0,1888.0,2008.0,2.79,40.7367541,-74.0018547,26v2,525,36061007700
1006140048,245 WAVERLY PLACE,MN,614,48,10014.0,1007700,77,B1,1.0,245 WAVERLY PLACE LLC,1100.0,2896.0,2160.0,0.0,0.0,0.0,2.0,2.0,1.0,3.0,1888.0,0.0,2.63,40.736798,-74.0018692,26v2,520,36061007700
1006140049,247 WAVERLY PLACE,MN,614,49,10014.0,1007700,77,B1,1.0,247 WAVERLY LLC,1100.0,2944.0,2208.0,0.0,0.0,0.0,2.0,2.0,1.0,2.5,1888.0,0.0,2.68,40.7368447,-74.00188,26v2,514,36061007700
1006140050,14 BANK STREET,MN,614,50,10014.0,1007700,77,B9,1.0,"14 WEST VILLAGE, LLC",730.0,3650.0,2920.0,0.0,0.0,0.0,2.0,2.0,1.0,5.0,1861.0,2006.0,5.0,40.7369682,-74.0020027,26v2,499,36061007700
1006140051,12 BANK STREET,MN,614,51,10014.0,1007700,77,C6,2.0,TWELVE TENANTS CORP,900.0,3300.0,3300.0,0.0,0.0,0.0,5.0,5.0,1.0,5.0,1861.0,0.0,3.67,40.736949,-74.0019305,26v2,502,36061007700
1006140052,10 BANK STREET,MN,614,52,10014.0,1007700,77,A4,1.0,10 BRAVO ALPHA NOVEMBER KILO ST 1 LLC,900.0,3300.0,3300.0,0.0,0.0,0.0,1.0,1.0,1.0,5.0,1861.0,0.0,3.67,40.7369572,-74.0018728,26v2,502,36061007700
1006140054,6 BANK STREET,MN,614,54,10014.0,1007700,77,C3,2.0,WINSLOW KENNETH,900.0,3300.0,3300.0,0.0,0.0,0.0,4.0,4.0,1.0,5.0,1861.0,1989.0,3.67,40.7369737,-74.0017645,26v2,503,36061007700
1006140056,2 BANK STREET,MN,614,56,10014.0,1007700,77,C7,4.0,"ROSEBUD REALTY, LLC",3870.0,17733.0,15483.0,2250.0,0.0,2250.0,20.0,22.0,1.0,6.0,1902.0,0.0,4.58,40.7369929,-74.001613,26v2,504,36061007700
1006140061,201 WEST 11 STREET,MN,614,61,10014.0,1007700,77,D8,3.0,201-207 WEST 11TH ASSOCIATES LLC,7800.0,38478.0,29918.0,8560.0,0.0,8560.0,42.0,50.0,1.0,6.0,1924.0,0.0,4.93,40.7367075,-74.0014686,26v2,538,36061007700
1006140064,207 WEST 11 STREET,MN,614,64,10014.0,1007700,77,C1,2.0,201-207 WEST 11TH ASSOCIATES LLC,3280.0,13878.0,13878.0,0.0,0.0,0.0,25.0,25.0,1.0,6.0,1916.0,0.0,4.23,40.7366471,-74.0016382,26v2,540,36061007700
1006140066,211 WEST 11 STREET,MN,614,66,10014.0,1007700,77,A4,1.0,211 WEST 11TH STREET LLC,1600.0,3520.0,2640.0,0.0,0.0,0.0,1.0,1.0,1.0,3.0,1842.0,0.0,2.2,40.7366306,-74.0017501,26v2,540,36061007700
1006140150,249 WAVERLY PLACE,MN,614,150,10014.0,1007700,77,B1,1.0,"JOHNSON, JENNIFER",470.0,1763.0,1763.0,0.0,0.0,0.0,2.0,2.0,1.0,5.0,1861.0,2002.0,3.75,40.7368859,-74.0019774,26v2,508,36061007700
1006150002,303 WEST 4 STREET,MN,615,2,10014.0,1007700,77,C0,2.0,C.P.K. TSE CORPORATION,1050.0,3200.0,2470.0,0.0,0.0,0.0,3.0,3.0,1.0,2.5,1836.0,1986.0,3.05,40.7370094,-74.0035796,26v2,485,36061007700
1006150003,305 WEST 4 STREET,MN,615,3,10014.0,1007700,77,C2,2.0,M CHRISTINE BOYER,1452.0,3207.0,3207.0,0.0,0.0,0.0,5.0,5.0,1.0,3.0,1836.0,1968.0,2.21,40.7370697,-74.0035615,26v2,478,36061007700
1006150004,307 WEST 4 STREET,MN,615,4,10014.0,1007700,77,A4,1.0,"TWO LIVES, LLC",1440.0,3710.0,2730.0,0.0,0.0,0.0,1.0,1.0,1.0,3.0,1836.0,2011.0,2.58,40.7371274,-74.003576,26v2,472,36061007700
1006150005,309 WEST 4 STREET,MN,615,5,10014.0,1007700,77,C3,2.0,"SUZANNE V. GEORGES,",1503.0,3540.0,3540.0,0.0,0.0,0.0,4.0,4.0,1.0,2.5,1836.0,2003.0,2.36,40.7371823,-74.0035832,26v2,466,36061007700
1006150006,311 WEST 4 STREET,MN,615,6,10014.0,1007700,77,A9,1.0,311 W4 LLC,1500.0,3588.0,2785.0,0.0,0.0,0.0,1.0,1.0,1.0,3.0,1836.0,1998.0,2.39,40.7372372,-74.003594,26v2,460,36061007700
1006150007,313 WEST 4 STREET,MN,615,7,10014.0,1007700,77,A4,1.0,RRM WEST 4TH LLC,1503.0,3306.0,2797.0,0.0,0.0,0.0,1.0,1.0,1.0,3.0,1836.0,0.0,2.2,40.7372893,-74.0036049,26v2,454,36061007700
1006150008,315 WEST 4 STREET,MN,615,8,10014.0,1007700,77,A4,1.0,BLUEJAY TRUST,1503.0,3372.0,2569.0,0.0,0.0,0.0,1.0,1.0,1.0,3.0,1836.0,1996.0,2.24,40.7373442,-74.0036157,26v2,448,36061007700
1006150009,317 WEST 4 STREET,MN,615,9,10014.0,1007700,77,C0,2.0,THE JOHN & CYNTHIA BEAL LIMITED,1502.0,4559.0,3306.0,0.0,0.0,0.0,3.0,3.0,1.0,3.0,1836.0,0.0,3.04,40.7373991,-74.0036301,26v2,442,36061007700
1006150010,319 WEST 4 STREET,MN,615,10,10014.0,1007700,77,C6,2.0,"280 W 12TH STREET OWNERS, INC.",1280.0,6020.0,6020.0,0.0,0.0,0.0,10.0,10.0,1.0,4.0,1836.0,0.0,4.7,40.7374485,-74.0036482,26v2,436,36061007700
1006150016,262 WEST 12 STREET,MN,615,16,10014.0,1007700,77,A4,1.0,HIKARI HOME LLC,1411.0,3038.0,2278.0,0.0,0.0,0.0,1.0,1.0,1.0,3.5,1841.0,2008.0,2.15,40.7374019,-74.0030889,26v2,440,36061007700
1006150017,260 WEST 12 STREET,MN,615,17,10014.0,1007700,77,B3,1.0,"OLIVER PLATT, TTEE OF OLIVER PLATT REVOC ABLE TRUST",1743.0,3520.0,2640.0,0.0,0.0,0.0,2.0,2.0,1.0,3.0,1857.0,0.0,2.02,40.7374074,-74.0030203,26v2,440,36061007700
1006150018,258 WEST 12 STREET,MN,615,18,10014.0,1007700,77,C0,2.0,"PETERSON, AS TRUSTEE, ALICE LAURE",1836.0,4112.0,3104.0,0.0,0.0,0.0,3.0,3.0,1.0,3.0,1857.0,0.0,2.24,40.7374019,-74.0029409,26v2,441,36061007700
1006150019,256 WEST 12 STREET,MN,615,19,10014.0,1007700,77,A5,1.0,"DAL PIAZ, CHRISTOPHER",1777.0,5624.0,4324.0,0.0,0.0,0.0,1.0,1.0,1.0,3.0,1857.0,2008.0,3.16,40.7374101,-74.0028687,26v2,440,36061007700
1006150020,254 WEST 12 STREET,MN,615,20,10014.0,1007700,77,B9,1.0,"MARTIN H. KORNFELD, TRUSTEE",1806.0,3680.0,2760.0,0.0,0.0,0.0,2.0,2.0,1.0,3.0,1857.0,0.0,2.04,40.7374183,-74.0027966,26v2,440,36061007700
1006150021,252 WEST 12 STREET,MN,615,21,10014.0,1007700,77,A4,1.0,"SCALAWAG, LLC",1764.0,4073.0,3023.0,0.0,0.0,0.0,1.0,1.0,1.0,3.5,1857.0,0.0,2.31,40.7374266,-74.0027244,26v2,439,36061007700
1006150022,250 WEST 12 STREET,MN,615,22,10014.0,1007700,77,C0,2.0,WILLIAM S NIMMO,1722.0,4160.0,3120.0,0.0,0.0,0.0,3.0,3.0,1.0,3.0,1857.0,0.0,2.42,40.7374348,-74.0026486,26v2,439,36061007700
1006150023,248 WEST 12 STREET,MN,615,23,10014.0,1007700,77,B9,1.0,248 WEST 12TH LLC,1539.0,3420.0,2565.0,0.0,0.0,0.0,2.0,2.0,1.0,3.0,1852.0,0.0,2.22,40.7374431,-74.0025765,26v2,439,36061007700
1006150024,246 WEST 12 STREET,MN,615,24,10014.0,1007700,77,A4,1.0,WITH APPRECIATION LLC,1501.0,4104.0,3078.0,0.0,0.0,0.0,1.0,1.0,1.0,3.0,1852.0,0.0,2.73,40.7374513,-74.0025115,26v2,439,36061007700
1006150025,244 WEST 12 STREET,MN,615,25,10014.0,1007700,77,A4,1.0,THE LARA SHEN HEJTMANEK LIVING TRUST,1488.0,3416.0,2619.0,0.0,0.0,0.0,1.0,1.0,1.0,3.0,1852.0,2000.0,2.3,40.7374568,-74.0024429,26v2,439,36061007700
1006150026,242 WEST 12 STREET,MN,615,26,10014.0,1007700,77,C0,2.0,"HERSHKOFF, HELEN M",1463.0,2880.0,2880.0,0.0,0.0,0.0,3.0,3.0,1.0,3.0,1852.0,0.0,1.97,40.737465,-74.0023744,26v2,439,36061007700
1006150027,240 WEST 12 STREET,MN,615,27,10014.0,1007700,77,A4,1.0,"DAVIES, JAMES",1621.0,4076.0,3057.0,0.0,0.0,0.0,1.0,1.0,1.0,3.0,1859.0,0.0,2.51,40.7374732,-74.0023022,26v2,439,36061007700
1006150029,97 GREENWICH AVENUE,MN,615,29,10014.0,1007700,77,K2,5.0,ALMI GREENWICH ASSOC,8612.0,25000.0,0.0,25000.0,0.0,3000.0,0.0,1.0,1.0,4.0,1929.0,0.0,2.9,40.7374952,-74.0020388,26v2,441,36061007700
1006150036,87 GREENWICH AVENUE,MN,615,36,10014.0,1007700,77,D6,4.0,1 BANK STREET CORP,12312.0,68766.0,62283.0,6483.0,0.0,4123.0,77.0,82.0,1.0,6.0,1929.0,0.0,5.59,40.7372784,-74.0019377,26v2,466,36061007700
1006150040,9 BANK STREET,MN,615,40,10014.0,1007700,77,C3,2.0,"ASYLUM ADVENTURES,",2070.0,5244.0,5244.0,0.0,0.0,0.0,4.0,4.0,1.0,3.0,1857.0,1988.0,2.53,40.7372427,-74.0022336,26v2,465,36061007700
1006150041,11 BANK STREET,MN,615,41,10014.0,1007700,77,C3,2.0,"MIRTH HOLDINGS, LLC",2160.0,5855.0,5855.0,0.0,0.0,0.0,4.0,4.0,1.0,3.0,1845.0,1987.0,2.71,40.7372317,-74.0023166,26v2,465,36061007700
1006150042,13 BANK STREET,MN,615,42,10014.0,1007700,77,A5,1.0,CHEGET LLC,1980.0,5066.0,3966.0,0.0,0.0,0.0,1.0,1.0,1.0,4.0,1852.0,1986.0,2.56,40.7372207,-74.0023996,26v2,465,36061007700
1006150043,15 BANK STREET,MN,615,43,10014.0,1007700,77,A5,1.0,CHEGET LLC,1980.0,4448.0,4448.0,0.0,0.0,0.0,1.0,1.0,1.0,4.0,1852.0,1986.0,2.25,40.7372097,-74.0024754,26v2,466,36061007700
1006150044,17 BANK STREET,MN,615,44,10014.0,1007700,77,A4,1.0,17 BANK STREET LLC,1965.0,5485.0,4403.0,0.0,0.0,0.0,1.0,1.0,1.0,5.0,1857.0,1987.0,2.79,40.7371988,-74.0025548,26v2,466,36061007700
1006150045,19 BANK STREET,MN,615,45,10014.0,1007700,77,C5,2.0,19 BANK OWNER LLC,1965.0,3385.0,3385.0,0.0,0.0,0.0,6.0,6.0,1.0,4.0,1857.0,1986.0,1.72,40.7371878,-74.0026306,26v2,466,36061007700
1006150046,21 BANK STREET,MN,615,46,10014.0,1007700,77,C5,2.0,21 BANK STREET LLC,1965.0,6385.0,6385.0,0.0,0.0,0.0,8.0,8.0,1.0,4.0,1857.0,1987.0,3.25,40.7371768,-74.00271,26v2,467,36061007700
1006150047,23 BANK STREET,MN,615,47,10014.0,1007700,77,C6,2.0,23 BANK ST CORP,1900.0,4368.0,4368.0,0.0,0.0,0.0,4.0,4.0,1.0,4.0,1857.0,1985.0,2.3,40.7371631,-74.0027857,26v2,468,36061007700
1006150048,25 BANK STREET,MN,615,48,10014.0,1007700,77,A4,1.0,"25 B STREET OWNER NYC, LLC",1965.0,4200.0,3150.0,0.0,0.0,0.0,1.0,1.0,1.0,3.0,1857.0,0.0,2.14,40.7371521,-74.0028651,26v2,469,36061007700
1006150049,27 BANK STREET,MN,615,49,10014.0,1007700,77,C2,2.0,"OLDFIELD, ANTHONY",1990.0,4149.0,4149.0,0.0,0.0,0.0,5.0,5.0,1.0,3.0,1857.0,0.0,2.08,40.7371521,-74.0029445,26v2,468,36061007700
1006150050,29 BANK STREET,MN,615,50,10014.0,1007700,77,A4,1.0,CASA OAXACA L.L.C.,2500.0,3890.0,3890.0,0.0,0.0,0.0,1.0,1.0,1.0,3.0,1840.0,2010.0,1.56,40.7371466,-74.0030275,26v2,469,36061007700
1006150051,31 BANK STREET,MN,615,51,10014.0,1007700,77,C4,2.0,HOUSING DEVELOPMENTASSC,2325.0,9490.0,9490.0,0.0,0.0,0.0,16.0,16.0,1.0,5.0,1891.0,0.0,4.08,40.7371301,-74.0031141,26v2,470,36061007700
1006150052,33 BANK STREET,MN,615,52,10014.0,1007700,77,C1,2.0,"LUSTRO REALTY , LLC",4650.0,20832.0,20832.0,0.0,0.0,0.0,29.0,29.0,1.0,6.0,1913.0,0.0,4.48,40.7371054,-74.003244,26v2,473,36061007700
1006150054,37 BANK STREET,MN,615,54,10014.0,1007700,77,C2,2.0,"ROY M. ZUCKERMAN, TRUSTEE",2587.0,4075.0,4075.0,0.0,0.0,0.0,5.0,5.0,1.0,3.5,1837.0,1989.0,1.58,40.7370944,-74.0033811,26v2,475,36061007700
1006150056,323 WEST 4 STREET,MN,615,56,10014.0,1007700,77,C4,2.0,323 WEST 4TH STREET ASSOCIATES,2090.0,7095.0,7095.0,0.0,0.0,0.0,19.0,19.0,1.0,5.0,1853.0,0.0,3.39,40.7377696,-74.0036554,26v2,401,36061007700
1006150058,327 WEST 4 STREET,MN,615,58,10014.0,1007700,77,A4,1.0,"THIERFELDER, MARK",1210.0,3888.0,3208.0,0.0,0.0,0.0,1.0,1.0,1.0,3.0,1829.0,2018.0,3.21,40.7379124,-74.0036915,26v2,385,36061007700
1006150059,329 WEST 4 STREET,MN,615,59,10014.0,1007700,77,A4,1.0,329 WEST 4 STREET CORP,1210.0,2742.0,2316.0,0.0,0.0,0.0,1.0,1.0,1.0,3.0,1829.0,2001.0,2.27,40.7379755,-74.0036879,26v2,378,36061007700
1006150060,331 WEST 4 STREET,MN,615,60,10014.0,1007700,77,S2,4.0,331 WEST 4TH STREET CORP,1210.0,2618.0,1408.0,1210.0,0.0,1210.0,2.0,3.0,1.0,3.0,1829.0,0.0,2.16,40.7380359,-74.0036879,26v2,372,36061007700
1006150061,32 JANE STREET,MN,615,61,10014.0,1007700,77,C2,2.0,"ZIKRY, AVI",1340.0,3420.0,3420.0,0.0,0.0,0.0,5.0,5.0,1.0,3.0,1829.0,0.0,2.55,40.7379755,-74.0035544,26v2,377,36061007700
1006150066,22 JANE STREET,MN,615,66,10014.0,1007700,77,A5,1.0,"TIMOTHY M. WALSH, TRUSTEE",1716.0,2760.0,2760.0,0.0,0.0,0.0,1.0,1.0,1.0,2.0,1868.0,1987.0,1.61,40.7379673,-74.0031358,26v2,377,36061007700
1006150067,20 JANE STREET,MN,615,67,10014.0,1007700,77,C6,2.0,20 JANE TENANTS CORP.,1636.0,7200.0,7200.0,0.0,0.0,0.0,20.0,20.0,1.0,5.0,1872.0,0.0,4.4,40.73797,-74.0030528,26v2,377,36061007700
1006150068,16 JANE STREET,MN,615,68,10014.0,1007700,77,C4,2.0,"JANE STREET ASSOCIATES,",3272.0,13200.0,13200.0,0.0,0.0,0.0,28.0,28.0,1.0,5.0,1887.0,0.0,4.03,40.7379755,-74.0029193,26v2,377,36061007700
1006150073,8 JANE STREET,MN,615,73,10014.0,1007700,77,C0,2.0,8 JANE STREET LLC,1260.0,3520.0,2600.0,0.0,0.0,0.0,3.0,3.0,1.0,3.0,1843.0,2012.0,2.79,40.737981,-74.0025187,26v2,380,36061007700
1006150075,4 JANE STREET,MN,615,75,10014.0,1007700,77,B1,1.0,FANDC REALTY LLC,1180.0,3360.0,,,,,2.0,2.0,1.0,3.0,1843.0,0.0,2.85,40.7379865,-74.0023708,26v2,382,36061007700
1006150076,111 GREENWICH AVENUE,MN,615,76,10014.0,1007700,77,C6,2.0,2 JANE ST OWNERS CORP,2665.0,12363.0,10363.0,2000.0,0.0,2000.0,15.0,16.0,1.0,6.0,1903.0,0.0,4.64,40.7380085,-74.0022228,26v2,382,36061007700
1006150078,109 GREENWICH AVENUE,MN,615,78,10014.0,1007700,77,B1,1.0,"GEORGIA A. BROWN, AS TRUSTEE",1382.0,3878.0,2962.0,0.0,0.0,0.0,2.0,2.0,1.0,3.0,1842.0,1990.0,2.81,40.7379289,-74.0021831,26v2,391,36061007700
1006150079,107 GREENWICH AVENUE,MN,615,79,10014.0,1007700,77,S2,4.0,"JJG GREENWICH REALTY, LLC",1349.0,2788.0,2091.0,697.0,0.0,697.0,2.0,3.0,1.0,3.0,1842.0,0.0,2.07,40.7378795,-74.0021471,26v2,397,36061007700
1006150081,103 GREENWICH AVENUE,MN,615,81,10014.0,1007700,77,C7,4.0,235 WEST 12TH STREET LLC,2247.0,9887.0,8337.0,1550.0,0.0,1550.0,16.0,18.0,1.0,6.0,1907.0,0.0,4.4,40.7377999,-74.0020785,26v2,407,36061007700
1006150082,237 WEST 12 STREET,MN,615,82,10014.0,1007700,77,B1,1.0,237 WEST 12TH STREET LLC,665.0,1803.0,1803.0,0.0,0.0,0.0,2.0,2.0,1.0,3.0,1848.0,2011.0,2.71,40.7377889,-74.0022192,26v2,406,36061007700
1006150084,241 WEST 12 STREET,MN,615,84,10014.0,1007700,77,B9,1.0,BAUM  MARC L,1364.0,3860.0,2832.0,0.0,0.0,0.0,2.0,2.0,1.0,3.0,1843.0,0.0,2.83,40.7378136,-74.0023888,26v2,400,36061007700
1006150085,243 WEST 12 STREET,MN,615,85,10014.0,1007700,77,B1,1.0,243 W 12TH STREET LLC,1364.0,3720.0,2762.0,0.0,0.0,0.0,2.0,2.0,1.0,3.0,1843.0,0.0,2.73,40.7378081,-74.0024646,26v2,400,36061007700
1006150086,245 WEST 12 STREET,MN,615,86,10014.0,1007700,77,D4,3.0,GREENWICH HOUSE HOLDING CORP,10000.0,58565.0,58565.0,0.0,0.0,0.0,24.0,24.0,1.0,6.0,1911.0,0.0,5.86,40.737885,-74.0026667,26v2,389,36061007700
1006150089,255 WEST 12 STREET,MN,615,89,10014.0,1007700,77,C4,2.0,255 WEST 12 STREET LLC,1750.0,6925.0,6925.0,0.0,0.0,0.0,10.0,10.0,1.0,5.0,1891.0,0.0,3.96,40.7377916,-74.0028291,26v2,398,36061007700
1006150090,257 WEST 12 STREET,MN,615,90,10014.0,1007700,77,C4,2.0,"KC VILLAGE CORP.,",1750.0,6925.0,6925.0,0.0,0.0,0.0,11.0,11.0,1.0,5.0,1891.0,0.0,3.96,40.7377861,-74.0029193,26v2,398,36061007700
1006150096,273 WEST 12 STREET,MN,615,96,10014.0,1007700,77,B1,1.0,"SHARON YESHAYA, TRUSTEE",1276.0,1967.0,1967.0,0.0,0.0,0.0,2.0,2.0,1.0,3.0,1831.0,2013.0,1.54,40.7377257,-74.0034678,26v2,405,36061007700
1006150097,275 WEST 12 STREET,MN,615,97,10014.0,1007700,77,A4,1.0,"DANA, SARAH F",735.0,3080.0,2310.0,0.0,0.0,0.0,1.0,1.0,1.0,3.0,1830.0,2005.0,4.19,40.7376846,-74.0035399,26v2,410,36061007700
1006150098,277 WEST 12 STREET,MN,615,98,10014.0,1007700,77,A4,1.0,"277-279 WEST 12TH STREET, LLC",607.0,3160.0,3160.0,0.0,0.0,0.0,1.0,1.0,1.0,5.0,1830.0,0.0,5.21,40.7376818,-74.0036085,26v2,410,36061007700
1006150099,279 WEST 12 STREET,MN,615,99,10014.0,1007700,77,C2,2.0,"277-279 WEST 12TH STREET, LLC",656.0,3914.0,3914.0,0.0,0.0,0.0,5.0,5.0,1.0,5.0,1830.0,1986.0,5.97,40.7376818,-74.0036771,26v2,411,36061007700
1006150100,281 WEST 12 STREET,MN,615,100,10014.0,1007700,77,S5,4.0,281 WEST 12 STREET LLC,798.0,4120.0,3296.0,824.0,0.0,824.0,5.0,6.0,1.0,5.0,1870.0,1985.0,5.16,40.7376763,-74.0037528,26v2,412,36061007700
1006150112,268 WEST 12 STREET,MN,615,112,10014.0,1007700,77,C4,2.0,268 WEST 12 OWNERS CORP,5522.0,20830.0,20830.0,0.0,0.0,0.0,18.0,18.0,2.0,5.0,1887.0,0.0,3.77,40.7373662,-74.003327,26v2,444,36061007700
1006150156,39 BANK STREET,MN,615,156,10014.0,1007700,77,B9,1.0,CAROL FLATON,842.0,1748.0,1748.0,0.0,0.0,0.0,2.0,2.0,1.0,4.0,1839.0,0.0,2.08,40.7369956,-74.0034425,26v2,486,36061007700
1006157501,274 WEST 12 STREET,MN,615,7501,10014.0,1007700,77,R1,2.0,UNAVAILABLE OWNER,1532.0,4218.0,4218.0,0.0,0.0,0.0,6.0,6.0,1.0,5.0,1889.0,0.0,2.75,40.7373634,-74.0034497,26v2,445,36061007700
1006160001,42 8 AVENUE,MN,616,1,10014.0,1007700,77,D4,3.0,31 JANE STREET TENANTS CORP,7012.0,91500.0,86500.0,5000.0,0.0,5000.0,127.0,129.0,1.0,17.0,1959.0,0.0,13.05,40.7382829,-74.0035724,26v2,344,36061007700
1006160005,48 8 AVENUE,MN,616,5,10014.0,1007700,77,S1,4.0,SM2CJ LLC,668.0,1887.0,1246.0,641.0,0.0,641.0,1.0,2.0,1.0,3.0,1845.0,0.0,2.82,40.7383982,-74.0035869,26v2,331,36061007700
1006160011,54 8 AVENUE,MN,616,11,10014.0,1007700,77,D4,3.0,14 HORATIO ST APTS CORP.,11245.0,127072.0,117072.0,10000.0,0.0,10000.0,160.0,163.0,1.0,17.0,1959.0,0.0,11.3,40.7385574,-74.0032441,26v2,312,36061007700
1006160027,115 GREENWICH AVENUE,MN,616,27,10014.0,1007700,77,C7,4.0,MECOX PARTNERS LP,5150.0,25992.0,21573.0,4419.0,0.0,4419.0,37.0,42.0,1.0,6.0,1939.0,0.0,5.05,40.7382994,-74.0023852,26v2,347,36061007700
1006160029,5 JANE STREET,MN,616,29,10014.0,1007700,77,C5,2.0,5-7 1/2 JANE STREET,2590.0,11007.0,11005.0,0.0,0.0,0.0,32.0,32.0,4.0,5.0,1871.0,0.0,4.25,40.7382802,-74.0025873,26v2,346,36061007700
1006160031,9 JANE STREET,MN,616,31,10014.0,1007700,77,C3,2.0,"WALKER JANE REALTY, LLC",769.0,3098.0,3098.0,0.0,0.0,0.0,4.0,4.0,1.0,4.0,1844.0,0.0,4.03,40.7382527,-74.00271,26v2,348,36061007700
1006160036,21 JANE STREET,MN,616,36,10014.0,1007700,77,F9,6.0,"P.E. GUREIN, INC.",4627.0,15242.0,3000.0,12242.0,3000.0,0.0,2.0,3.0,3.0,4.0,1868.0,0.0,3.29,40.7383076,-74.0032513,26v2,339,36061007700
1006160041,345 WEST 4 STREET,MN,616,41,10014.0,1007700,77,C6,2.0,345 W 4TH 306 W 13TH ST OWNERS CORP,1100.0,4060.0,4060.0,0.0,0.0,0.0,10.0,10.0,1.0,4.0,1868.0,0.0,3.69,40.7390295,-74.0036807,26v2,262,36061007700
1006160042,308 WEST 13 STREET,MN,616,42,10014.0,1007700,77,S2,4.0,351 WEST 4TH STREET,479.0,2395.0,1641.0,754.0,0.0,754.0,2.0,3.0,1.0,5.0,1868.0,1988.0,5.0,40.7392134,-74.0037277,26v2,243,36061007700
1006160043,306 WEST 13 STREET,MN,616,43,10014.0,1007700,77,C6,2.0,345 W 4TH 306 W 13TH ST OWNERS CORP,1205.0,4844.0,3644.0,1200.0,0.0,1200.0,8.0,9.0,1.0,5.0,1850.0,1988.0,4.02,40.739131,-74.0036302,26v2,250,36061007700
1006160044,302 WEST 13 STREET,MN,616,44,10014.0,1007700,77,C0,2.0,302 W 13TH STREET LLC,1422.0,4800.0,4800.0,0.0,0.0,0.0,3.0,3.0,1.0,3.0,1892.0,0.0,3.38,40.7391036,-74.0035039,26v2,252,36061007700
1006160051,1 HORATIO STREET,MN,616,51,10014.0,1007700,77,C4,2.0,HORATIO STREET LLC,1091.0,2691.0,2041.0,650.0,0.0,650.0,6.0,7.0,1.0,4.0,1848.0,0.0,2.47,40.738906,-74.0036194,26v2,275,36061007700
1006160052,3 HORATIO STREET,MN,616,52,10014.0,1007700,77,S9,4.0,KWAI AND WONG INC,1090.0,3002.0,2402.0,600.0,0.0,600.0,6.0,8.0,1.0,4.0,1848.0,0.0,2.75,40.7389087,-74.0036807,26v2,275,36061007700
1006160053,5 HORATIO STREET,MN,616,53,10014.0,1007700,77,C4,2.0,KWAI AND WONG INC,1091.0,4364.0,3274.0,1090.0,0.0,1090.0,6.0,7.0,1.0,4.0,1848.0,0.0,4.0,40.7389087,-74.0037457,26v2,276,36061007700
1006160106,50 8 AVENUE,MN,616,106,10014.0,1007700,77,S2,4.0,YOUCHUNG CORPORATION,1524.0,2741.0,1528.0,1213.0,0.0,1213.0,2.0,3.0,1.0,3.0,1845.0,0.0,1.8,40.7384229,-74.0035219,26v2,328,36061007700
1006160131,9 1/2 JANE STREET,MN,616,131,10014.0,1007700,77,A5,1.0,"LAURIE GRIMS, AS TRUSTEE",1458.0,3500.0,2625.0,0.0,0.0,0.0,1.0,1.0,1.0,3.0,1854.0,2008.0,2.4,40.7383516,-74.0027317,26v2,337,36061007700
1006160142,347 WEST 4 STREET,MN,616,142,10014.0,1007700,77,B1,1.0,"DOVER & CO., REALTY, LLC",548.0,2625.0,2100.0,0.0,0.0,0.0,2.0,2.0,1.0,4.0,1868.0,0.0,4.79,40.7390899,-74.003724,26v2,256,36061007700
1006167501,2 HORATIO STREET,MN,616,7501,10014.0,1007700,77,RM,4.0,"AVIRAM, KAREN",16225.0,219011.0,209011.0,10000.0,0.0,10000.0,241.0,246.0,1.0,17.0,1931.0,0.0,13.5,40.7385464,-74.0027136,26v2,316,36061007700
1006170021,221 WEST 12 STREET,MN,617,21,10011.0,1007700,77,D6,4.0,225 W 12 LLC,10292.0,43280.0,40200.0,3080.0,0.0,3080.0,56.0,59.0,1.0,6.0,1926.0,1988.0,4.21,40.7378218,-74.0014542,26v2,420,36061007700
1006170026,90 GREENWICH AVENUE,MN,617,26,10011.0,1007700,77,C7,4.0,92 MANAGEMENT LLC C/O,2554.0,3521.0,2321.0,1200.0,0.0,1200.0,7.0,9.0,1.0,3.0,1832.0,1988.0,1.38,40.7378685,-74.001678,26v2,409,36061007700
1006170028,94 GREENWICH AVENUE,MN,617,28,10011.0,1007700,77,S2,4.0,"STALLINGS, MASON",1512.0,2375.0,1583.0,792.0,0.0,792.0,2.0,3.0,1.0,3.0,1830.0,2013.0,1.57,40.7379481,-74.0016635,26v2,401,36061007700
1006170029,96 GREENWICH AVENUE,MN,617,29,10011.0,1007700,77,S2,4.0,LYONS THOMAS J,1789.0,2625.0,1759.0,866.0,0.0,866.0,2.0,3.0,1.0,3.0,1837.0,0.0,1.47,40.7380085,-74.0016671,26v2,395,36061007700
1006170030,98 GREENWICH AVENUE,MN,617,30,10011.0,1007700,77,S4,4.0,S. SAETINE & MEYTOH INC.,1620.0,3864.0,3389.0,475.0,0.0,475.0,4.0,5.0,1.0,3.0,1837.0,1988.0,2.39,40.7380579,-74.0017068,26v2,388,36061007700
1006170031,100 GREENWICH AVENUE,MN,617,31,10011.0,1007700,77,A4,1.0,"GELFOND, RICHARD",1533.0,3364.0,3364.0,0.0,0.0,0.0,1.0,1.0,1.0,3.0,1837.0,1987.0,2.19,40.7381073,-74.0017501,26v2,382,36061007700
1006170032,102 GREENWICH AVENUE,MN,617,32,10011.0,1007700,77,C5,2.0,"UNITED GREENWICH, LLC",1372.0,4789.0,4789.0,0.0,0.0,0.0,14.0,14.0,1.0,4.0,1829.0,1987.0,3.49,40.738154,-74.0017934,26v2,376,36061007700
1006170033,104 GREENWICH AVENUE,MN,617,33,10011.0,1007700,77,B9,1.0,104 GREENWICH AVENUE NYC LLC,1200.0,3507.0,3507.0,0.0,0.0,0.0,2.0,2.0,1.0,4.0,1829.0,2010.0,2.92,40.7382006,-74.0018331,26v2,370,36061007700
1006170036,234 WEST 13 STREET,MN,617,36,10011.0,1007700,77,D7,4.0,BABA VILLAGE 6 LLC,5612.0,26377.0,20765.0,5612.0,0.0,5612.0,37.0,42.0,1.0,5.0,1882.0,1988.0,4.7,40.7384559,-74.0019991,26v2,339,36061007700
1006170040,230 WEST 13 STREET,MN,617,40,10011.0,1007700,77,W8,8.0,"ZELNIK, SIMON B",2137.0,5400.0,0.0,5400.0,0.0,0.0,0.0,8.0,1.0,3.0,1901.0,1987.0,2.53,40.7383708,-74.0017646,26v2,354,36061007700
1006170042,228 WEST 13 STREET,MN,617,42,10011.0,1007700,77,C5,2.0,BRUNI FAMILY IRREVOCABE LIVING TRUST,1195.0,3900.0,3900.0,0.0,0.0,0.0,9.0,9.0,1.0,4.0,1899.0,0.0,3.26,40.7383104,-74.001678,26v2,363,36061007700
1006170055,20 7 AVENUE,MN,617,55,10011.0,1007700,77,I9,8.0,LENOX HILL HOSPITAL,36147.0,153000.0,0.0,153000.0,153000.0,0.0,0.0,2.0,1.0,6.0,1963.0,1985.0,4.23,40.7377148,-74.0008733,26v2,451,36061007700
1006180042,205 WEST 13 STREET,MN,618,42,10011.0,1007700,77,D1,3.0,205 WEST 13TH LLC C/O,5163.0,26700.0,26700.0,0.0,0.0,0.0,55.0,55.0,1.0,7.0,1961.0,2003.0,5.17,40.738294,-74.0005918,26v2,406,36061007700
1006180044,209 WEST 13 STREET,MN,618,44,10011.0,1007700,77,C1,2.0,209 WEST 13 ASSOCIATES,5235.0,27075.0,27075.0,0.0,0.0,0.0,36.0,36.0,1.0,6.0,1909.0,1985.0,5.17,40.7383626,-74.0007542,26v2,392,36061007700
1006180046,213 WEST 13 STREET,MN,618,46,10011.0,1007700,77,C1,2.0,"213-215 WEST 13TH STREET ASSOCIATES, LLC",3125.0,13000.0,13000.0,0.0,0.0,0.0,24.0,24.0,2.0,6.0,1851.0,0.0,4.16,40.73839,-74.0009238,26v2,382,36061007700
1006180048,217 WEST 13 STREET,MN,618,48,10011.0,1007700,77,C2,2.0,"MOLNER, THOMAS E.",1562.0,4475.0,4475.0,0.0,0.0,0.0,5.0,5.0,1.0,4.0,1852.0,0.0,2.86,40.7384312,-74.0010212,26v2,374,36061007700
1006180050,221 WEST 13 STREET,MN,618,50,10011.0,1007700,77,C3,2.0,221 W 13TH STREET DEVELOPMENT LLC,1563.0,3840.0,2880.0,0.0,0.0,0.0,4.0,4.0,1.0,3.0,1852.0,2006.0,2.46,40.7384861,-74.0011511,26v2,364,36061007700
1006180051,223 WEST 13 STREET,MN,618,51,10011.0,1007700,77,C3,2.0,223 W 13TH STREET LLC,1562.0,3948.0,3948.0,0.0,0.0,0.0,4.0,4.0,1.0,4.0,1852.0,0.0,2.53,40.7385135,-74.0012161,26v2,358,36061007700
1006180052,225 WEST 13 STREET,MN,618,52,10011.0,1007700,77,O5,5.0,"225W13, LLC",2581.0,9021.0,0.0,9021.0,5522.0,0.0,0.0,2.0,1.0,3.0,1909.0,0.0,3.5,40.7385767,-74.001263,26v2,350,36061007700
1006180053,227 WEST 13 STREET,MN,618,53,10011.0,1007700,77,W8,8.0,INTEGRAL YOGA INSTTT,3267.0,18720.0,0.0,18720.0,18720.0,0.0,1.0,5.0,1.0,6.0,1895.0,1987.0,5.73,40.7385931,-74.0013893,26v2,344,36061007700
1006180055,231 WEST 13 STREET,MN,618,55,10011.0,1007700,77,C2,2.0,"SCHAPIRO, JOEL",1633.0,3332.0,3332.0,0.0,0.0,0.0,6.0,6.0,1.0,4.0,1854.0,0.0,2.04,40.7386315,-74.0014831,26v2,336,36061007700
1006180056,233 WEST 13 STREET,MN,618,56,10011.0,1007700,77,C0,2.0,231-235 WEST 13TH STREET ASSOC LLC,1633.0,3360.0,2520.0,0.0,0.0,0.0,3.0,3.0,1.0,3.0,1854.0,0.0,2.06,40.738659,-74.0015445,26v2,331,36061007700
1006180057,235 WEST 13 STREET,MN,618,57,10011.0,1007700,77,C5,2.0,231-235 WEST 13TH STREET ASSOC LLC,1635.0,3332.0,3332.0,0.0,0.0,0.0,8.0,8.0,1.0,4.0,1854.0,1987.0,2.04,40.7386864,-74.0016094,26v2,326,36061007700
1006180058,237 WEST 13 STREET,MN,618,58,10011.0,1007700,77,C7,4.0,237 WEST 13 REALTY LLC,2581.0,10500.0,9240.0,1260.0,0.0,1260.0,18.0,20.0,1.0,5.0,1884.0,0.0,4.07,40.7387413,-74.0016599,26v2,319,36061007700
1006180059,239 WEST 13 STREET,MN,618,59,10011.0,1007700,77,C2,2.0,ROGER DUBOIS,2151.0,2814.0,2814.0,0.0,0.0,0.0,6.0,6.0,1.0,3.0,1854.0,0.0,1.31,40.7387715,-74.0017321,26v2,314,36061007700
1006180060,241 WEST 13 STREET,MN,618,60,10011.0,1007700,77,C6,2.0,241 WEST 13TH STREET LLC,4302.0,18468.0,18468.0,0.0,0.0,0.0,31.0,31.0,1.0,6.0,1906.0,0.0,4.29,40.7388127,-74.0018295,26v2,306,36061007700
1006180062,245 WEST 13 STREET,MN,618,62,10011.0,1007700,77,A4,1.0,"KEARY, PAUL",2151.0,3565.0,3565.0,0.0,0.0,0.0,1.0,1.0,1.0,3.0,1854.0,2012.0,1.66,40.7388539,-74.001927,26v2,299,36061007700
1006180063,247 WEST 13 STREET,MN,618,63,10011.0,1007700,77,A4,1.0,MOUNTAIN CROWN LLC,2051.0,5183.0,4167.0,0.0,0.0,0.0,1.0,1.0,1.0,3.0,1854.0,2013.0,2.53,40.7388813,-74.0019955,26v2,294,36061007700
1006180064,249 WEST 13 STREET,MN,618,64,10011.0,1007700,77,S5,4.0,"ERIKA MUNK, AS TRUSTEE",1562.0,4215.0,0.0,1053.0,0.0,1053.0,5.0,6.0,1.0,4.0,1854.0,0.0,2.7,40.7388786,-74.0020821,26v2,292,36061007700
1006180065,251 WEST 13 STREET,MN,618,65,10011.0,1007700,77,S1,4.0,SL/TMF PRODUCTIONS INC.,2581.0,7735.0,4457.0,3278.0,3278.0,0.0,1.0,2.0,1.0,3.0,1887.0,1987.0,3.0,40.7389444,-74.0021327,26v2,283,36061007700
1006187502,219 WEST 13 STREET,MN,618,7502,10011.0,1007700,77,R1,2.0,NAME NOT ON FILE,1508.0,1187.0,1187.0,0.0,0.0,0.0,5.0,5.0,1.0,4.0,1852.0,0.0,0.79,40.7384586,-74.0010862,26v2,369,36061007700
1006190005,510 HUDSON STREET,MN,619,5,10014.0,1007300,73,S2,4.0,SUSAN & CHRISTOPHER ADAMS,1420.0,4325.0,2988.0,1337.0,0.0,1337.0,2.0,3.0,1.0,3.0,1827.0,0.0,3.05,40.7334273,-74.0060727,26v2,914,36061007300
1006190006,512 HUDSON STREET,MN,619,6,10014.0,1007300,73,S2,4.0,ATHENS BUILDING CORP,1461.0,2628.0,1761.0,867.0,0.0,867.0,2.0,3.0,1.0,3.0,1827.0,0.0,1.8,40.7334877,-74.0060547,26v2,908,36061007300
1006190009,252 WEST 10 STREET,MN,619,9,10014.0,1007300,73,S5,4.0,HUDSON ASSOCIATES LLC,1050.0,4440.0,3290.0,1150.0,0.0,1150.0,5.0,6.0,1.0,4.0,1826.0,2005.0,4.23,40.7336716,-74.0060727,26v2,888,36061007300
1006190010,250 WEST 10 STREET,MN,619,10,10014.0,1007300,73,A9,1.0,250 W 10 LLC,1005.0,3000.0,3000.0,0.0,0.0,0.0,1.0,1.0,1.0,3.0,1826.0,2005.0,2.99,40.7336744,-74.0059573,26v2,885,36061007300
1006190012,246 WEST 10 STREET,MN,619,12,10014.0,1007300,73,A5,1.0,"GEORGIADES, WILLIAM J.",1044.0,4084.0,3063.0,0.0,0.0,0.0,1.0,1.0,1.0,3.0,1826.0,0.0,3.91,40.7336716,-74.0058707,26v2,884,36061007300
1006190014,242 WEST 10 STREET,MN,619,14,10014.0,1007300,73,C4,2.0,CARMINE LIMITED,2375.0,9480.0,7680.0,1800.0,0.0,1800.0,22.0,24.0,1.0,6.0,1860.0,0.0,3.99,40.733636,-74.0056902,26v2,884,36061007300
1006190015,240 WEST 10 STREET,MN,619,15,10014.0,1007300,73,C7,4.0,CARMINE LIMITED,2375.0,9780.0,8280.0,1500.0,0.0,1500.0,22.0,24.0,1.0,6.0,1860.0,1987.0,4.12,40.7336497,-74.0056036,26v2,881,36061007300
1006190016,236 WEST 10 STREET,MN,619,16,10014.0,1007300,73,C7,4.0,WEST 10TH STREET PARTNER LLC,4825.0,20073.0,18573.0,1500.0,0.0,1500.0,33.0,37.0,1.0,6.0,1907.0,1980.0,4.16,40.7336717,-74.0054701,26v2,876,36061007300
1006190018,234 WEST 10 STREET,MN,619,18,10014.0,1007300,73,A5,1.0,"TINY CASTLE HOLDINGS, LLC",2375.0,3000.0,3000.0,0.0,0.0,0.0,1.0,1.0,1.0,3.0,1848.0,2005.0,1.26,40.7336936,-74.0053366,26v2,871,36061007300
1006190019,232 WEST 10 STREET,MN,619,19,10014.0,1007300,73,B9,1.0,"THE INCREDIBLE X, LLC",943.0,2684.0,2001.0,0.0,0.0,0.0,2.0,2.0,1.0,3.0,1832.0,0.0,2.85,40.733754,-74.0052717,26v2,863,36061007300
1006190021,228 WEST 10 STREET,MN,619,21,10014.0,1007300,73,C6,2.0,228 W TENTH ST OWNERS CORP,2362.0,6714.0,5014.0,1700.0,0.0,1700.0,6.0,7.0,1.0,4.0,1877.0,0.0,2.84,40.7337183,-74.005131,26v2,865,36061007300
1006190022,226 WEST 10 STREET,MN,619,22,10014.0,1007300,73,A4,1.0,NOEL BLAIR AS TRUSTEE OF THE,2043.0,4250.0,3250.0,0.0,0.0,0.0,1.0,1.0,1.0,3.0,1848.0,1970.0,2.08,40.7337376,-74.005048,26v2,862,36061007300
1006190023,224 WEST 10 STREET,MN,619,23,10014.0,1007300,73,A4,1.0,THE COOL TRUST,2042.0,3450.0,2587.0,0.0,0.0,0.0,1.0,1.0,1.0,3.0,1848.0,1983.0,1.69,40.7337485,-74.0049686,26v2,859,36061007300
1006190024,220 WEST 10 STREET,MN,619,24,10014.0,1007300,73,C4,2.0,220-2 WEST 10TH STREET LLC,3850.0,11085.0,11085.0,0.0,0.0,0.0,22.0,22.0,2.0,5.0,1860.0,0.0,2.88,40.7337732,-74.0048567,26v2,855,36061007300
1006190026,340 BLEECKER STREET,MN,619,26,10014.0,1007300,73,D8,3.0,PHILLIPS AND HUYLER LLC,4650.0,23165.0,19227.0,3938.0,0.0,3938.0,35.0,38.0,1.0,6.0,1928.0,1983.0,4.98,40.7337952,-74.0046908,26v2,850,36061007300
1006190033,330 BLEECKER STREET,MN,619,33,10014.0,1007300,73,D6,4.0,BLDG GANSVOORT LLC,11925.0,136785.0,126785.0,10000.0,0.0,10000.0,200.0,207.0,1.0,16.0,1931.0,0.0,11.47,40.7335152,-74.0047449,26v2,882,36061007300
1006190039,107 CHRISTOPHER STREET,MN,619,39,10014.0,1007300,73,C7,4.0,107 CHRISTOPHER LLC,4000.0,17226.0,15851.0,1375.0,0.0,1375.0,22.0,24.0,1.0,6.0,1904.0,1987.0,4.31,40.7334493,-74.0051346,26v2,894,36061007300
1006190041,111 CHRISTOPHER STREET,MN,619,41,10014.0,1007300,73,C7,4.0,D & B CHRISTOPHER STCRP,2437.0,9550.0,7550.0,2000.0,0.0,2000.0,16.0,18.0,1.0,5.0,1873.0,1986.0,3.92,40.7334384,-74.0052572,26v2,898,36061007300
1006190042,113 CHRISTOPHER STREET,MN,619,42,10014.0,1007300,73,C4,2.0,113 CHRISTOPHER ST LLC,2437.0,9295.0,7495.0,1800.0,0.0,1800.0,16.0,18.0,1.0,5.0,1873.0,0.0,3.81,40.7334191,-74.0053511,26v2,901,36061007300
1006190044,117 CHRISTOPHER STREET,MN,619,44,10014.0,1007300,73,C7,4.0,117 CHRISTOPHER STREET LLC,2260.0,10638.0,8865.0,1773.0,0.0,1773.0,22.0,24.0,1.0,6.0,1899.0,1987.0,4.71,40.7333917,-74.0055279,26v2,907,36061007300
1006190045,119 CHRISTOPHER STREET,MN,619,45,10014.0,1007300,73,C7,4.0,119 CHRISTOPHER LLC,2296.0,11016.0,9616.0,1400.0,0.0,1400.0,22.0,24.0,1.0,6.0,1899.0,1986.0,4.8,40.733378,-74.0056145,26v2,910,36061007300
1006190046,121 CHRISTOPHER STREET,MN,619,46,10014.0,1007300,73,J1,5.0,LUCILLE LORTEL THEATRE FOUNDATIN INC.,4521.0,5558.0,0.0,5558.0,0.0,0.0,0.0,1.0,1.0,3.0,1868.0,1984.0,1.23,40.733356,-74.005748,26v2,915,36061007300
1006190051,335 BLEECKER STREET,MN,619,51,10014.0,1007300,73,S9,4.0,CHRISTOPHER BLEECKER OWNER LLC,997.0,2661.0,1861.0,800.0,0.0,800.0,2.0,4.0,1.0,3.0,1861.0,1987.0,2.67,40.7336745,-74.0042433,26v2,859,36061007300
1006190052,341 BLEECKER STREET,MN,619,52,10014.0,1007300,73,S2,4.0,CHRISTOPHER BLEECKER OWNER LLC,651.0,1503.0,848.0,655.0,0.0,655.0,2.0,3.0,1.0,3.0,1820.0,0.0,2.31,40.7337486,-74.0042722,26v2,851,36061007300
1006190053,343 BLEECKER STREET,MN,619,53,10014.0,1007300,73,S1,4.0,343-5 BLEEKER STREET LLC,763.0,1719.0,1117.0,602.0,0.0,602.0,1.0,2.0,1.0,3.0,1831.0,0.0,2.25,40.7338089,-74.0042939,26v2,845,36061007300
1006190054,345 BLEECKER STREET,MN,619,54,10014.0,1007300,73,S2,4.0,343-5 BLEECKER STREET,812.0,2215.0,1484.0,731.0,0.0,731.0,2.0,3.0,1.0,3.0,1831.0,0.0,2.73,40.7338721,-74.0043191,26v2,838,36061007300
1006190055,347 BLEECKER STREET,MN,619,55,10014.0,1007300,73,S3,4.0,"RUSSO, BRITT L",1032.0,4128.0,3428.0,700.0,0.0,700.0,3.0,4.0,1.0,4.0,1883.0,1986.0,4.0,40.7339434,-74.004348,26v2,830,36061007300
1006190056,208 WEST 10 STREET,MN,619,56,10014.0,1007300,73,C7,4.0,210 WEST 10TH I LLC,5105.0,22005.0,21165.0,840.0,0.0,840.0,39.0,41.0,1.0,6.0,1911.0,1987.0,4.31,40.7338721,-74.0041495,26v2,836,36061007300
1006190062,200 WEST 10 STREET,MN,619,62,10014.0,1007300,73,C3,2.0,"SPENCE, WILLIAM CHENAULT JR",1717.0,3591.0,3591.0,0.0,0.0,0.0,4.0,4.0,1.0,3.0,1839.0,1986.0,2.09,40.7339242,-74.003814,26v2,828,36061007300
1006190063,198 WEST 10 STREET,MN,619,63,10014.0,1007300,73,C4,2.0,"198 W. 10TH STREET OWNER, LLC",1812.0,3450.0,3450.0,0.0,0.0,0.0,8.0,8.0,1.0,4.0,1839.0,1985.0,1.9,40.7339352,-74.0037454,26v2,827,36061007300
1006190064,196 WEST 10 STREET,MN,619,64,10014.0,1007300,73,C1,2.0,PDS PROPERTIES LLC,2375.0,9365.0,9365.0,0.0,0.0,0.0,20.0,20.0,1.0,5.0,1885.0,1986.0,3.94,40.7339462,-74.0036696,26v2,825,36061007300
1006190065,194 WEST 10 STREET,MN,619,65,10014.0,1007300,73,C4,2.0,"SHINKO CO., LTD.",2407.0,9530.0,9530.0,0.0,0.0,0.0,10.0,10.0,1.0,5.0,1885.0,0.0,3.96,40.7339599,-74.0035794,26v2,823,36061007300
1006190068,184 WEST 10 STREET,MN,619,68,10014.0,1007300,73,C4,2.0,230W 4ST LLC,2668.0,12500.0,10000.0,2500.0,0.0,2500.0,16.0,17.0,1.0,5.0,1881.0,1986.0,4.69,40.7341164,-74.0031897,26v2,805,36061007300
1006190069,228 WEST 4 STREET,MN,619,69,10014.0,1007300,73,C7,4.0,228 W 4 OWNERS CORP,2676.0,10437.0,8097.0,2340.0,0.0,2340.0,16.0,17.0,1.0,5.0,1899.0,0.0,3.9,40.7340423,-74.0031717,26v2,814,36061007300
1006190077,79 CHRISTOPHER STREET,MN,619,77,10014.0,1007300,73,A4,1.0,"DEWITZ, MATTHEW CLEMENT",1387.0,2144.0,1608.0,0.0,0.0,0.0,1.0,1.0,1.0,3.0,1868.0,2008.0,1.55,40.7337102,-74.0034892,26v2,851,36061007300
1006190078,81 CHRISTOPHER STREET,MN,619,78,10014.0,1007300,73,M1,8.0,ST JOHNS GERMAN CHUR,6595.0,4250.0,0.0,4250.0,0.0,4250.0,0.0,1.0,1.0,3.0,1822.0,0.0,0.64,40.7336964,-74.0036408,26v2,853,36061007300
1006190080,83 CHRISTOPHER STREET,MN,619,80,10014.0,1007300,73,M9,8.0,ST JOHNS LUTHERAN CHURCH,1259.0,3777.0,0.0,3777.0,0.0,0.0,0.0,1.0,1.0,3.0,1886.0,0.0,3.0,40.7336251,-74.0037598,26v2,861,36061007300
1006190081,85 CHRISTOPHER STREET,MN,619,81,10014.0,1007300,73,C7,4.0,CHRISTOPHER ST.ASSOCINC,2275.0,10950.0,10050.0,900.0,0.0,900.0,20.0,22.0,1.0,6.0,1872.0,1986.0,4.81,40.7336525,-74.0038609,26v2,859,36061007300
1006190082,87 CHRISTOPHER STREET,MN,619,82,10014.0,1007300,73,C7,4.0,CHRIS-MAC,2275.0,10950.0,9850.0,1100.0,0.0,1100.0,20.0,22.0,1.0,6.0,1872.0,1987.0,4.81,40.7336388,-74.0039547,26v2,861,36061007300
1006190083,89 CHRISTOPHER STREET,MN,619,83,10014.0,1007300,73,C7,4.0,CHRISTOPHER BLEECKER OWNER LLC,2400.0,10950.0,10050.0,900.0,0.0,900.0,20.0,21.0,1.0,6.0,1872.0,1986.0,4.56,40.7336196,-74.0040377,26v2,864,36061007300
1006190084,91 CHRISTOPHER STREET,MN,619,84,10014.0,1007300,73,C7,4.0,CHRISTOPHER BLEECKER OWNER LLC,2400.0,10950.0,10050.0,900.0,0.0,900.0,20.0,21.0,1.0,6.0,1872.0,1985.0,4.56,40.7336058,-74.0041243,26v2,866,36061007300
1006197501,115 CHRISTOPHER STREET,MN,619,7501,10014.0,1007300,73,RM,4.0,CHRISTOPHER HOUSE,2288.0,12678.0,8350.0,4328.0,2038.0,2290.0,5.0,7.0,1.0,7.0,1903.0,0.0,5.54,40.7334054,-74.0054376,26v2,904,36061007300
1006197502,204 WEST 10 STREET,MN,619,7502,10014.0,1007300,73,RM,4.0,UNAVAILABLE OWNER,3761.0,17297.0,16445.0,852.0,0.0,852.0,29.0,31.0,1.0,6.0,1910.0,0.0,4.6,40.7338995,-74.0039835,26v2,832,36061007300
1006200001,520 HUDSON STREET,MN,620,1,10014.0,1007300,73,D8,3.0,247 WEST REALTY CORP,5025.0,23778.0,19505.0,4273.0,0.0,4273.0,24.0,28.0,1.0,5.0,1880.0,1986.0,4.73,40.7339351,-74.0059573,26v2,857,36061007300
1006200004,526 HUDSON STREET,MN,620,4,10014.0,1007300,73,C7,4.0,OUR NEIGHBORHOOD PLACE LLC,1920.0,4965.0,4005.0,960.0,0.0,960.0,7.0,8.0,1.0,4.0,1832.0,0.0,2.59,40.7340532,-74.0059393,26v2,844,36061007300
1006200012,108 CHARLES STREET,MN,620,12,10014.0,1007300,73,C4,2.0,106 & 108 CHARLES LLC,2283.0,7920.0,7920.0,0.0,0.0,0.0,20.0,20.0,1.0,5.0,1871.0,2010.0,3.47,40.7343222,-74.0056867,26v2,810,36061007300
1006200013,106 CHARLES STREET,MN,620,13,10014.0,1007300,73,C4,2.0,106 & 108 CHARLES LLC,2214.0,7680.0,7680.0,0.0,0.0,0.0,20.0,20.0,1.0,5.0,1871.0,0.0,3.47,40.7343359,-74.0056001,26v2,807,36061007300
1006200018,102 CHARLES STREET,MN,620,18,10014.0,1007300,73,S2,4.0,"FADE USA, INC.",2425.0,5153.0,2970.0,2183.0,0.0,2183.0,2.0,3.0,1.0,3.0,1854.0,0.0,2.12,40.7343908,-74.0051851,26v2,793,36061007300
1006200019,350 BLEECKER STREET,MN,620,19,10014.0,1007300,73,D4,3.0,350 BLEECKER ST APT CORP,19157.0,92998.0,75578.0,17420.0,0.0,8600.0,137.0,139.0,1.0,7.0,1963.0,1987.0,4.85,40.734292,-74.0049253,26v2,799,36061007300
1006200037,237 WEST 10 STREET,MN,620,37,10014.0,1007300,73,C4,2.0,686 HOLDING LLC,2500.0,9382.0,9382.0,0.0,0.0,0.0,20.0,20.0,1.0,5.0,1871.0,0.0,3.75,40.7340587,-74.0056073,26v2,837,36061007300
1006200041,213 WEST 10 STREET,MN,620,41,10014.0,1007300,73,D7,4.0,DKF2 215 WEST 10TH LLC,4314.0,20599.0,17165.0,3434.0,0.0,3434.0,25.0,32.0,1.0,6.0,1903.0,1976.0,4.77,40.7342124,-74.004449,26v2,802,36061007300
1006200044,355 BLEECKER STREET,MN,620,44,10014.0,1007300,73,S3,4.0,ANTOINETTE TANNEHILL,1707.0,3948.0,2632.0,1316.0,0.0,1316.0,3.0,4.0,1.0,3.0,1830.0,0.0,2.31,40.7343689,-74.0043985,26v2,784,36061007300
1006200045,357 BLEECKER STREET,MN,620,45,10014.0,1007300,73,S1,4.0,RYOUN LLC,1190.0,2672.0,1540.0,1132.0,0.0,1132.0,1.0,2.0,1.0,3.0,1830.0,2015.0,2.25,40.73441,-74.0044635,26v2,780,36061007300
1006200046,359 BLEECKER STREET,MN,620,46,10014.0,1007300,73,S1,4.0,359 BLEEKER STREET LLC,1190.0,1871.0,1254.0,617.0,0.0,617.0,1.0,2.0,1.0,3.0,1830.0,0.0,1.57,40.7344567,-74.0044779,26v2,775,36061007300
1006200048,363 BLEECKER STREET,MN,620,48,10014.0,1007300,73,S1,4.0,SCOUT 363 LLC,802.0,2448.0,1836.0,612.0,0.0,612.0,1.0,2.0,1.0,4.0,1830.0,0.0,3.05,40.7345418,-74.0045465,26v2,766,36061007300
1006200049,365 BLEECKER STREET,MN,620,49,10014.0,1007300,73,S1,4.0,BOONE REAL ESTATE LTD.,960.0,2640.0,1584.0,1056.0,0.0,1056.0,1.0,2.0,1.0,3.0,1830.0,0.0,2.75,40.7345939,-74.0045609,26v2,761,36061007300
1006200050,94 CHARLES STREET,MN,620,50,10014.0,1007300,73,S1,4.0,THE 94 CHARLES STREET REVOCABLE INTER VI VOS TRUST F/B/O MAURA TIERNEY,814.0,3256.0,1628.0,1628.0,0.0,814.0,1.0,2.0,1.0,3.0,1855.0,2012.0,4.0,40.7345912,-74.0044202,26v2,760,36061007300
1006200051,92 CHARLES STREET,MN,620,51,10014.0,1007300,73,A4,1.0,WEST VILLAGE INVESTMENT HOLDINGS LLC,2349.0,3795.0,3795.0,0.0,0.0,0.0,1.0,1.0,1.0,4.0,1836.0,2008.0,1.62,40.7345336,-74.0043228,26v2,765,36061007300
1006200052,90 CHARLES STREET,MN,620,52,10014.0,1007300,73,C0,2.0,JLC 90 LLC,1884.0,2358.0,2358.0,0.0,0.0,0.0,3.0,3.0,1.0,3.0,1847.0,0.0,1.25,40.7345336,-74.0042434,26v2,764,36061007300
1006200053,88 CHARLES STREET,MN,620,53,10014.0,1007300,73,C6,2.0,84-88 CHARLES ST OWNERS CORP,2500.0,9700.0,9700.0,0.0,0.0,0.0,20.0,20.0,1.0,5.0,1887.0,1960.0,3.88,40.7345391,-74.004164,26v2,763,36061007300
1006200054,84 CHARLES STREET,MN,620,54,10014.0,1007300,73,C6,2.0,84-88 CHARLES ST OWNERS CORP,3600.0,13685.0,13685.0,0.0,0.0,0.0,24.0,24.0,1.0,6.0,1901.0,1983.0,3.8,40.7345638,-74.0040594,26v2,759,36061007300
1006200056,82 CHARLES STREET,MN,620,56,10014.0,1007300,73,C6,2.0,80 82 CHARLES ST OWNERS CORP,4800.0,19210.0,19210.0,0.0,0.0,0.0,30.0,30.0,2.0,5.0,1893.0,1987.0,4.0,40.7345857,-74.0039006,26v2,756,36061007300
1006200058,78 CHARLES STREET,MN,620,58,10014.0,1007300,73,C6,2.0,SEVENTY EIGHT TENANT CORP,2621.0,9900.0,9900.0,0.0,0.0,0.0,15.0,15.0,1.0,5.0,1897.0,1978.0,3.78,40.7346077,-74.0037635,26v2,752,36061007300
1006200059,76 CHARLES STREET,MN,620,59,10014.0,1007300,73,C4,2.0,74-76 CHARLES REALTY LLC,4750.0,16250.0,16250.0,0.0,0.0,0.0,48.0,48.0,2.0,6.0,1871.0,1982.0,3.42,40.7346297,-74.0036264,26v2,749,36061007300
1006200061,72 CHARLES STREET,MN,620,61,10014.0,1007300,73,C4,2.0,"CHARLES THOMPSON, LLC",2375.0,9545.0,9545.0,0.0,0.0,0.0,17.0,17.0,1.0,5.0,1895.0,1986.0,4.02,40.7346489,-74.0034965,26v2,747,36061007300
1006200062,70 CHARLES STREET,MN,620,62,10014.0,1007300,73,A4,1.0,"SHERIF, TAREK",910.0,2984.0,2238.0,0.0,0.0,0.0,1.0,1.0,1.0,3.0,1861.0,2013.0,3.28,40.734723,-74.0034387,26v2,738,36061007300
1006200063,68 CHARLES STREET,MN,620,63,10014.0,1007300,73,B9,1.0,BENJAMIN J. JENKINS,910.0,2952.0,2214.0,0.0,0.0,0.0,2.0,2.0,1.0,3.0,1861.0,2010.0,3.24,40.734734,-74.0033702,26v2,737,36061007300
1006200064,66 CHARLES STREET,MN,620,64,10014.0,1007300,73,A4,1.0,"ATKINS, KATHLEEN",910.0,2880.0,2160.0,0.0,0.0,0.0,1.0,1.0,1.0,3.0,1861.0,2015.0,3.16,40.7347449,-74.0033016,26v2,736,36061007300
1006200065,64 CHARLES STREET,MN,620,65,10014.0,1007300,73,S9,4.0,BORDER 64 LLC,960.0,3350.0,2500.0,850.0,0.0,850.0,3.0,5.0,1.0,4.0,1861.0,1985.0,3.49,40.7347559,-74.0032258,26v2,734,36061007300
1006200066,244 WEST 4 STREET,MN,620,66,10014.0,1007300,73,C6,2.0,242-244 OWNERS CORP,1838.0,7100.0,7100.0,0.0,0.0,0.0,15.0,15.0,1.0,5.0,1884.0,1969.0,3.86,40.7346324,-74.0033016,26v2,748,36061007300
1006200067,242 WEST 4 STREET,MN,620,67,10014.0,1007300,73,C6,2.0,242-244 OWNERS CORP,1613.0,6730.0,6730.0,0.0,0.0,0.0,11.0,11.0,1.0,5.0,1884.0,1966.0,4.17,40.7345693,-74.0032836,26v2,755,36061007300
1006200068,236 WEST 4 STREET,MN,620,68,10014.0,1007300,73,C4,2.0,240 W 4TH STREET ASSOC,5771.0,21895.0,21895.0,0.0,0.0,0.0,32.0,32.0,2.0,5.0,1897.0,0.0,3.79,40.734454,-74.0032619,26v2,768,36061007300
1006200071,234 WEST 4 STREET,MN,620,71,10014.0,1007300,73,C4,2.0,PENTA TWO REALTY,2603.0,11877.0,9502.0,2375.0,0.0,2375.0,20.0,24.0,1.0,5.0,1891.0,1988.0,4.56,40.734325,-74.0032258,26v2,782,36061007300
1006200072,191 WEST 10 STREET,MN,620,72,10014.0,1007300,73,C4,2.0,191 W 10 STREET LLC,2026.0,4115.0,4115.0,0.0,0.0,0.0,8.0,8.0,1.0,3.0,1841.0,1989.0,2.03,40.7343799,-74.0034459,26v2,776,36061007300
1006200073,193 WEST 10 STREET,MN,620,73,10014.0,1007300,73,A4,1.0,"GARY L. GINSBERG, AS TRUSTEE OF THE GLG  QUALIFIED",2027.0,3276.0,3276.0,0.0,0.0,0.0,1.0,1.0,1.0,3.0,1841.0,2008.0,1.62,40.7343689,-74.0035289,26v2,778,36061007300
1006200074,195 WEST 10 STREET,MN,620,74,10014.0,1007300,73,C1,2.0,"195-97 WEST 10TH STREET REALTY    ,",4441.0,18408.0,18408.0,0.0,0.0,0.0,30.0,30.0,1.0,6.0,1922.0,1983.0,4.15,40.7343497,-74.0036516,26v2,780,36061007300
1006200076,199 WEST 10 STREET,MN,620,76,10014.0,1007300,73,C7,4.0,199 WEST 10 FEE LLC,4570.0,19343.0,19068.0,275.0,275.0,0.0,25.0,26.0,1.0,6.0,1906.0,1981.0,4.23,40.7343222,-74.0038248,26v2,784,36061007300
1006200078,203 WEST 10 STREET,MN,620,78,10014.0,1007300,73,D1,3.0,205 OWNERS LLC,3600.0,15084.0,15084.0,0.0,0.0,0.0,30.0,30.0,1.0,6.0,1928.0,1988.0,4.19,40.7342975,-74.00398,26v2,788,36061007300
1006200080,207 WEST 10 STREET,MN,620,80,10014.0,1007300,73,C1,2.0,207/10 ASSOCIATES LLC,3450.0,13362.0,13362.0,0.0,0.0,0.0,24.0,24.0,1.0,6.0,1903.0,1983.0,3.87,40.7342728,-74.0041099,26v2,792,36061007300
1006210005,546 HUDSON STREET,MN,621,5,10014.0,1007300,73,S3,4.0,546 HUDSON STREET PARTNERS LLC,1422.0,3324.0,2774.0,550.0,0.0,550.0,3.0,4.0,1.0,4.0,1852.0,1986.0,2.34,40.7348656,-74.0058275,26v2,755,36061007300
1006210007,548 1/2 HUDSON STREET,MN,621,7,10014.0,1007300,73,S4,4.0,"HUDSON REAL ESTATE HOLDINGS, L.L.C.",1420.0,5410.0,4710.0,700.0,0.0,700.0,4.0,5.0,1.0,5.0,1862.0,1985.0,3.81,40.7349754,-74.0058094,26v2,743,36061007300
1006210008,550 HUDSON STREET,MN,621,8,10014.0,1007300,73,C7,4.0,108 PERRY LLC,2242.0,10080.0,8080.0,2000.0,0.0,2000.0,12.0,14.0,1.0,5.0,1861.0,1963.0,4.5,40.735055,-74.0058058,26v2,734,36061007300
1006210010,104 PERRY STREET,MN,621,10,10014.0,1007300,73,C4,2.0,PERRY 104 LLC,2381.0,8465.0,8465.0,0.0,0.0,0.0,14.0,14.0,1.0,5.0,1886.0,1973.0,3.56,40.7350111,-74.0055532,26v2,733,36061007300
1006210013,96 PERRY STREET,MN,621,13,10014.0,1007300,73,D4,3.0,96 PERRY ST CORP,3680.0,16986.0,16986.0,0.0,0.0,0.0,36.0,36.0,1.0,6.0,1900.0,1985.0,4.62,40.7350468,-74.0052898,26v2,724,36061007300
1006210018,380 BLEECKER STREET,MN,621,18,10014.0,1007300,73,S3,4.0,"MARQUES, 50% INTEREST, LUIS",1488.0,5286.0,3993.0,1293.0,0.0,1293.0,3.0,4.0,1.0,4.0,1853.0,0.0,3.55,40.735066,-74.0050878,26v2,718,36061007300
1006210019,378 BLEECKER STREET,MN,621,19,10014.0,1007300,73,C4,2.0,HARRIET LIPSITZ,1498.0,3941.0,2916.0,1025.0,0.0,1025.0,8.0,9.0,1.0,4.0,1854.0,2005.0,2.63,40.7350056,-74.0050697,26v2,724,36061007300
1006210020,376 BLEECKER STREET,MN,621,20,10014.0,1007300,73,S3,4.0,376 BLEECKER ASSOCIATES LLC,1498.0,4106.0,3080.0,1026.0,0.0,1026.0,3.0,4.0,1.0,4.0,1853.0,2005.0,2.74,40.734948,-74.0050553,26v2,730,36061007300
1006210027,97 CHARLES STREET,MN,621,27,10014.0,1007300,73,G1,10.0,99 CHARLES ST CORP,8525.0,25410.0,0.0,25410.0,0.0,0.0,0.0,1.0,1.0,3.0,1895.0,0.0,2.98,40.7348903,-74.0053981,26v2,743,36061007300
1006210029,101 CHARLES STREET,MN,621,29,10014.0,1007300,73,C7,4.0,101-103-105 CHARLES LLC,2727.0,10468.0,9285.0,1183.0,1183.0,0.0,20.0,24.0,1.0,5.0,1894.0,1986.0,3.84,40.7347449,-74.0054955,26v2,760,36061007300
1006210030,103 CHARLES STREET,MN,621,30,10014.0,1007300,73,C7,4.0,101-103-105 CHARLES LLC,2729.0,10465.0,10122.0,343.0,343.0,0.0,20.0,21.0,1.0,5.0,1894.0,1983.0,3.83,40.7347311,-74.0055965,26v2,764,36061007300
1006210031,105 CHARLES STREET,MN,621,31,10014.0,1007300,73,C4,2.0,101-103-105 CHARLES LLC,1632.0,6510.0,6510.0,0.0,0.0,0.0,10.0,10.0,1.0,5.0,1894.0,0.0,3.99,40.7347201,-74.0056759,26v2,767,36061007300
1006210037,375 BLEECKER STREET,MN,621,37,10014.0,1007300,73,S4,4.0,"MARQUES-FARZAM, TRUSTEE, JULIA",1362.0,4655.0,3724.0,931.0,0.0,931.0,4.0,5.0,1.0,5.0,1867.0,2012.0,3.42,40.7350166,-74.0046295,26v2,715,36061007300
1006210040,381 BLEECKER STREET,MN,621,40,10014.0,1007300,73,S4,4.0,BLEECKER & PERRY ASSOCIATES LLC,1416.0,5637.0,4737.0,900.0,0.0,0.0,4.0,5.0,1.0,5.0,1868.0,1966.0,3.98,40.7351676,-74.0046981,26v2,700,36061007300
1006210041,383 BLEECKER STREET,MN,621,41,10014.0,1007300,73,C4,2.0,88 PERRY OWNER LLC,1541.0,7705.0,6405.0,1300.0,0.0,1300.0,7.0,8.0,1.0,5.0,1868.0,1979.0,5.0,40.7352362,-74.0047161,26v2,693,36061007300
1006210042,86 PERRY STREET,MN,621,42,10014.0,1007300,73,C4,2.0,86 PERRY STREET LLC,960.0,3500.0,3500.0,0.0,0.0,0.0,10.0,10.0,1.0,5.0,1868.0,0.0,3.65,40.7352252,-74.0045574,26v2,692,36061007300
1006210043,84 PERRY STREET,MN,621,43,10014.0,1007300,73,A4,1.0,VILLAGE 84 LLC,1905.0,4640.0,3480.0,0.0,0.0,0.0,1.0,1.0,1.0,3.0,1868.0,0.0,2.44,40.7351731,-74.0044708,26v2,696,36061007300
1006210044,80 PERRY STREET,MN,621,44,10014.0,1007300,73,D4,3.0,PERRY ST COOPERATIVE LTD,3805.0,12605.0,12605.0,0.0,0.0,0.0,10.0,10.0,1.0,5.0,1887.0,1988.0,3.31,40.7351896,-74.0043625,26v2,693,36061007300
1006210046,78 PERRY STREET,MN,621,46,10014.0,1007300,73,C0,2.0,"SALTZMAN, MARIAN B",1902.0,3680.0,2760.0,0.0,0.0,0.0,3.0,3.0,1.0,3.0,1869.0,1979.0,1.93,40.735206,-74.0042579,26v2,690,36061007300
1006210047,76 PERRY STREET,MN,621,47,10014.0,1007300,73,B1,1.0,"MINTZ,LOWELL A",1902.0,3840.0,2880.0,0.0,0.0,0.0,2.0,2.0,1.0,3.0,1866.0,0.0,2.02,40.7352115,-74.0041857,26v2,689,36061007300
1006210048,74 PERRY STREET,MN,621,48,10014.0,1007300,73,B9,1.0,74 PERRY STREET LLC,1900.0,4186.0,3156.0,0.0,0.0,0.0,2.0,2.0,1.0,3.0,1866.0,2016.0,2.2,40.735228,-74.0041171,26v2,686,36061007300
1006210049,72 PERRY STREET,MN,621,49,10014.0,1007300,73,C6,2.0,MEAD HOUSE TENANTS,1902.0,4875.0,4875.0,0.0,0.0,0.0,10.0,10.0,1.0,4.0,1868.0,1986.0,2.56,40.7352362,-74.004045,26v2,685,36061007300
1006210050,70 PERRY STREET,MN,621,50,10014.0,1007300,73,C3,2.0,70 PERRY LLC,1902.0,4508.0,4508.0,0.0,0.0,0.0,4.0,4.0,1.0,4.0,1867.0,1978.0,2.37,40.7352472,-74.0039728,26v2,683,36061007300
1006210051,68 PERRY STREET,MN,621,51,10014.0,1007300,73,C5,2.0,"68 PERRY STREET, LLC",1900.0,4710.0,4710.0,0.0,0.0,0.0,9.0,9.0,1.0,4.0,1867.0,1987.0,2.48,40.7352554,-74.0039006,26v2,681,36061007300
1006210052,66 PERRY STREET,MN,621,52,10014.0,1007300,73,C0,2.0,BARBARA HEYMAN LORBER 2019 REVOCABLE TRU ST,1902.0,3840.0,2880.0,0.0,0.0,0.0,3.0,3.0,1.0,3.0,1866.0,0.0,2.02,40.7352692,-74.0038285,26v2,679,36061007300
1006210053,64 PERRY STREET,MN,621,53,10014.0,1007300,73,A4,1.0,"64 PERRY STREET, LLC",1902.0,4160.0,3120.0,0.0,0.0,0.0,1.0,1.0,1.0,3.0,1866.0,2013.0,2.19,40.7352774,-74.0037563,26v2,678,36061007300
1006210054,62 PERRY STREET,MN,621,54,10014.0,1007300,73,C0,2.0,SARAH BRECHT,1902.0,3938.0,2929.0,0.0,0.0,0.0,3.0,3.0,1.0,3.0,1866.0,0.0,2.07,40.7352884,-74.0036877,26v2,676,36061007300
1006210055,60 PERRY STREET,MN,621,55,10014.0,1007300,73,B9,1.0,60 PERRY ST. LLC,1900.0,3852.0,3000.0,0.0,0.0,0.0,2.0,2.0,1.0,3.0,1866.0,1978.0,2.03,40.7352994,-74.0036156,26v2,675,36061007300
1006210058,56 PERRY STREET,MN,621,58,10014.0,1007300,73,C4,2.0,56-58 PERRY,4320.0,23296.0,23296.0,0.0,0.0,0.0,40.0,40.0,2.0,5.0,1893.0,0.0,5.39,40.7353515,-74.0034749,26v2,668,36061007300
1006210059,258 WEST 4 STREET,MN,621,59,10014.0,1007300,73,B9,1.0,"WIGGINS, DOROTHY",1335.0,3520.0,2640.0,0.0,0.0,0.0,2.0,2.0,1.0,3.0,1866.0,0.0,2.64,40.7352225,-74.0034388,26v2,683,36061007300
1006210062,53 CHARLES STREET,MN,621,62,10014.0,1007300,73,M1,8.0,TR CONG DARECH AMUNO,1588.0,2457.0,0.0,2457.0,0.0,0.0,0.0,1.0,1.0,2.0,1917.0,0.0,1.55,40.7350386,-74.0033882,26v2,703,36061007300
1006210063,55 CHARLES STREET,MN,621,63,10014.0,1007300,73,A4,1.0,WARDLE JEAN F,1905.0,6024.0,5024.0,0.0,0.0,0.0,1.0,1.0,1.0,4.0,1867.0,2008.0,3.16,40.7350469,-74.0034712,26v2,702,36061007300
1006210064,57 CHARLES STREET,MN,621,64,10014.0,1007300,73,A9,1.0,57 CHARLES STREET LLC,1900.0,4182.0,3137.0,0.0,0.0,0.0,1.0,1.0,1.0,3.0,1866.0,0.0,2.2,40.7350386,-74.0035434,26v2,703,36061007300
1006210065,59 CHARLES STREET,MN,621,65,10014.0,1007300,73,B1,1.0,"PAUL,ANDREW,S",1905.0,3920.0,2940.0,0.0,0.0,0.0,2.0,2.0,1.0,3.0,1866.0,0.0,2.06,40.7350276,-74.003612,26v2,705,36061007300
1006210066,61 CHARLES STREET,MN,621,66,10014.0,1007300,73,C0,2.0,LOMOND LLC,1900.0,4080.0,3180.0,0.0,0.0,0.0,3.0,3.0,1.0,3.0,1866.0,1959.0,2.15,40.7350167,-74.0036805,26v2,706,36061007300
1006210068,63 GHARLES STREET,MN,621,68,10014.0,1007300,73,C0,2.0,C128 LLC,3805.0,9280.0,6960.0,0.0,0.0,0.0,3.0,3.0,1.0,3.0,1866.0,1989.0,2.44,40.7349947,-74.0038248,26v2,710,36061007300
1006210069,67 CHARLES STREET,MN,621,69,10014.0,1007300,73,A4,1.0,67 CHARLES STREET LLC,1900.0,4180.0,3220.0,0.0,0.0,0.0,1.0,1.0,1.0,3.0,1866.0,1960.0,2.2,40.7349865,-74.003897,26v2,711,36061007300
1007910072,150 WEST 16 STREET,MN,791,72,10011.0,1008100,81,U7,7.0,NYC TRANSIT AUTHORITY,6599.0,0.0,,,,,0.0,0.0,1.0,,0.0,0.0,0.0,40.7393863,-73.9981271,26v2,481,36061008100
1006060001,421 AVENUE OF THE AMERICAS,MN,606,1,10011.0,1007100,71,P8,8.0,NEW YORK PUBLIC LIBRARY,26747.0,19800.0,0.0,19800.0,0.0,0.0,0.0,1.0,2.0,3.0,1877.0,1967.0,0.74,40.7345007,-73.9993974,26v2,828,36061007100
1006060049,106 WEST 11 STREET,MN,606,49,10011.0,1007100,71,W1,8.0,NYC DEPARTMENT OF EDUCATION,37195.0,81947.0,0.0,81947.0,81947.0,0.0,0.0,2.0,1.0,4.0,1955.0,1967.0,2.2,40.7354504,-73.9991665,26v2,740,36061007100
1006100051,132 WEST 10 STREET,MN,610,51,10014.0,1007100,71,Y1,8.0,FIRE DEPARTMENT OF NEW YORK,2200.0,5020.0,0.0,5020.0,0.0,0.0,0.0,1.0,1.0,3.0,1891.0,0.0,2.28,40.7344321,-74.0003572,26v2,807,36061007100
1006180066,253 WEST 13 STREET,MN,618,66,10011.0,1007700,77,U7,7.0,NYC TRANSIT AUTHORITY,4883.0,0.0,,,,,0.0,0.0,1.0,,1930.0,0.0,0.0,40.7389966,-74.0022481,26v2,275,36061007700
1006300052,137 CHRISTOPHER STREET,MN,630,52,10014.0,1007500,75,U7,7.0,PORT AUTHORITY OF NY AND NJ,4171.0,0.0,,,,,0.0,0.0,1.0,,1906.0,0.0,0.0,40.7331556,-74.0071552,26v2,971,36061007500
1006420047,84 HORATIO STREET,MN,642,47,10014.0,1007900,79,C6,2.0,CITY OF NEW YORK,2185.0,8125.0,8125.0,0.0,0.0,0.0,20.0,20.0,1.0,5.0,1878.0,0.0,3.72,40.7385737,-74.0074552,26v2,473,36061007900
1006420048,82 HORATIO STREET,MN,642,48,10014.0,1007900,79,C6,2.0,CITY OF NEW YORK,1577.0,5960.0,5960.0,0.0,0.0,0.0,11.0,11.0,1.0,5.0,1878.0,0.0,3.78,40.7385737,-74.0073759,26v2,468,36061007900
1007770018,243 WEST 27 STREET,MN,777,18,10001.0,1009500,95,W1,8.0,NYC DEPARTMENT OF EDUCATION,59350.0,397650.0,0.0,397650.0,0.0,0.0,0.0,0.0,1.0,10.0,1971.0,2018.0,6.7,40.7473625,-73.9947381,26v2,977,36061009500
1007920053,128 WEST 17 STREET,MN,792,53,10011.0,1008100,81,Y6,7.0,NYC DEPARTMENT OF SANITATION,2300.0,6900.0,0.0,6900.0,0.0,0.0,0.0,1.0,1.0,3.0,1935.0,0.0,3.0,40.7397047,-73.9970446,26v2,551,36061008100
1007670068,250 WEST 18 STREET,MN,767,68,10011.0,1008100,81,W8,8.0,NYC DEPARTMENT OF EDUCATION,7176.0,39990.0,0.0,39990.0,0.0,0.0,0.0,1.0,1.0,5.0,1945.0,1987.0,5.57,40.741821,-74.0002382,26v2,255,36061008100
1007400024,317 WEST 16 STREET,MN,740,24,10011.0,1008300,83,Q1,9.0,NYC DEPARTMENT OF PARKS AND RECREATION,23370.0,0.0,,,,,0.0,0.0,0.0,,0.0,0.0,0.0,40.7416535,-74.00201,26v2,106,36061008300
1007760033,210 WEST 27 STREET,MN,776,33,10001.0,1009500,95,H8,8.0,DORMITORY AUTHORITY OF THE STATE OF NEW YORK,11071.0,149614.0,,,,,0.0,1.0,1.0,17.0,1974.0,1989.0,13.51,40.7465912,-73.9947056,26v2,923,36061009500
1006680030,11 AVENUE,MN,668,30,10011.0,1009901,99,Q1,9.0,NYS DEPARTMENT OF TRANSPORTATION,75750.0,0.0,,,,,0.0,0.0,0.0,,0.0,0.0,0.0,40.748839,-74.0080555,26v2,926,36061009901
1006620007,MARGINAL STREET,MN,662,7,10011.0,1009901,99,V1,11.0,NYS DEPARTMENT OF TRANSPORTATION,319775.0,0.0,,,,,0.0,0.0,0.0,,0.0,0.0,0.0,40.7445597,-74.0104441,26v2,706,36061009901
1006620003,25 11 AVENUE,MN,662,3,10011.0,1009901,99,O5,5.0,NYS PARKS RECREATION AND HISTORIC PRESERVATION,327389.0,396000.0,0.0,396000.0,325814.0,31521.0,0.0,5.0,1.0,5.0,1900.0,2016.0,1.21,40.7435606,-74.0105991,26v2,669,36061009901
1007740019,233 WEST 24 STREET,MN,774,19,10011.0,1009100,91,W1,8.0,NYC DEPARTMENT OF EDUCATION,39500.0,400000.0,0.0,400000.0,400000.0,0.0,0.0,2.0,1.0,11.0,1938.0,0.0,10.13,40.7456745,-73.9963586,26v2,750,36061009100
1006240070,BANK STREET,MN,624,70,10014.0,1007700,77,Q2,9.0,NYC DEPARTMENT OF PARKS AND RECREATION,483.0,0.0,,,,,0.0,0.0,0.0,,0.0,0.0,0.0,40.7367019,-74.0055209,26v2,553,36061007700
1006860029,65 11 AVENUE,MN,686,29,10011.0,1009901,99,V9,11.0,NYS DEPARTMENT OF TRANSPORTATION,24700.0,0.0,,,,,0.0,0.0,0.0,,0.0,0.0,0.0,40.7426935,-74.0082929,26v2,453,36061009901
1007660030,217 WEST 16 STREET,MN,766,30,10011.0,1008100,81,C7,4.0,BALANCE PROPERTY LLC,4600.0,18030.0,17530.0,500.0,0.0,500.0,20.0,60.0,2.0,5.0,1930.0,0.0,3.92,40.7404074,-73.9994154,26v2,337,36061008100
1007677506,221 WEST 17TH STREET,MN,767,7506,10011.0,1008100,81,RM,4.0,"221 W. 17TH STREET, LLC",5500.0,32965.0,28496.0,4469.0,0.0,4469.0,13.0,14.0,1.0,10.0,1912.0,2018.0,5.99,40.7410689,-73.9990978,26v2,348,36061008100
1006917503,532 WEST 20TH STREET,MN,691,7503,10011.0,1009901,99,R1,2.0,DDG 532 WEST 20TH STREET LLC,4600.0,23837.0,23837.0,0.0,0.0,0.0,9.0,9.0,1.0,11.0,2019.0,0.0,5.18,40.7462617,-74.007171,26v2,639,36061009901
1007690055,230 WEST 20 STREET,MN,769,55,10011.0,1008700,87,Y2,8.0,NYC POLICE DEPARTMENT,4496.0,20110.0,0.0,20110.0,20110.0,0.0,0.0,1.0,1.0,5.0,1920.0,1984.0,4.47,40.742691,-73.9986539,26v2,411,36061008700
1007240100,294 10 AVENUE,MN,724,100,10001.0,1009700,97,Q1,9.0,NYC DEPARTMENT OF PARKS AND RECREATION,150050.0,18924.0,0.0,18924.0,0.0,0.0,0.0,0.0,1.0,,0.0,0.0,0.13,40.7499399,-74.000729,26v2,977,36061009700
1006210067,63 CHARLES STREET,MN,621,67,10014.0,1007300,73,A4,1.0,C128 LLC,1905.0,3840.0,,,,,1.0,1.0,1.0,3.0,1866.0,1999.0,2.02,40.7350057,-74.0037527,26v2,708,36061007300
1006510013,503 WEST STREET,MN,651,13,,1007900,79,T2,7.0,NYS DEPARTMENT OF TRANSPORTATION,257700.0,33000.0,0.0,33000.0,0.0,0.0,0.0,0.0,1.0,1.0,0.0,0.0,0.13,40.7382549,-74.0117638,26v2,799,36061007900
1006510017,PIER 52,MN,651,17,,1007900,79,V9,11.0,NYS DEPARTMENT OF TRANSPORTATION,141950.0,0.0,,,,,0.0,0.0,0.0,,0.0,0.0,0.0,40.7390509,-74.011883,26v2,775,36061007900
1006510005,PIER 49,MN,651,5,,1007900,79,T2,7.0,NYS DEPARTMENT OF TRANSPORTATION,290225.0,92760.0,0.0,92760.0,0.0,0.0,0.0,0.0,1.0,1.0,0.0,0.0,0.32,40.7362649,-74.0120521,26v2,936,36061007900
1006510009,PIER 50,MN,651,9,,1007900,79,V9,11.0,NYS DEPARTMENT OF TRANSPORTATION,278925.0,0.0,,,,,0.0,0.0,0.0,,0.0,0.0,0.0,40.7372723,-74.0119043,26v2,862,36061007900
1007900015,137 WEST 14 STREET,MN,790,15,10011.0,1008100,81,K4,4.0,"PEOPLE'S FORUM, INC.",2581.0,6675.0,0.0,6675.0,2442.0,3333.0,0.0,6.0,1.0,3.0,1920.0,0.0,2.59,40.7383159,-73.9983617,26v2,530,36061008100
1007510020,341 8TH AVENUE,MN,751,20,10001.0,1009700,97,D6,4.0,MUTUAL REDEVELOPMENT HOUSES INC,40261.0,157984.0,,,,,188.0,190.0,1.0,7.0,2024.0,2022.0,3.92,40.7477057,-73.9974159,26v2,858,36061009700
1006140024,16 BANK STREET,MN,614,24,10014.0,1007700,77,S5,4.0,16-18 VILLAGHE MANAGEMENT,1462.0,2614.0,2064.0,550.0,0.0,550.0,6.0,7.0,1.0,3.0,1845.0,0.0,1.79,40.7368886,-74.0022084,26v2,504,36061007700
1008170036,,MN,817,36,10011.0,1005400,54,,,,,,,,,,,,,,,,,40.7371541,-73.9935067,26v2,942,36061005400
1006060066,,MN,606,66,10011.0,1007100,71,,,,,,,,,,,,,,,,,40.7351226,-73.9987964,26v2,787,36061007100
1006060079,,MN,606,79,10011.0,1007100,71,,,,,,,,,,,,,,,,,40.7350376,-73.9993277,26v2,775,36061007100
1005770042,74 5 AVENUE,MN,577,42,10011.0,1006300,63,D0,3.0,74 FIFTH AVE OWNERS CORP,7742.0,93396.0,85613.0,7783.0,0.0,7783.0,36.0,38.0,1.0,12.0,1910.0,1982.0,12.06,40.7357083,-73.9943204,26v2,978,36061006300
1005770015,48 WEST 14 STREET,MN,577,15,10011.0,1006300,63,H8,8.0,47 DEVELOPMENT LLC,9812.0,60930.0,0.0,8540.0,0.0,8540.0,65.0,67.0,2.0,9.0,1910.0,1985.0,6.21,40.7365894,-73.9961715,26v2,796,36061006300
1005770039,80 5 AVENUE,MN,577,39,10011.0,1006300,63,O6,5.0,AMES ASSOCIATES,7820.0,126756.0,0.0,126756.0,111326.0,15430.0,0.0,66.0,1.0,17.0,1908.0,1987.0,16.21,40.7359388,-73.9940858,26v2,977,36061006300
1005720062,39 WEST 8 STREET,MN,572,62,10011.0,1006300,63,D6,4.0,37-39 WEST 8 ASSOC LP,4324.0,16777.0,12727.0,4050.0,0.0,4050.0,34.0,37.0,2.0,9.0,1923.0,1983.0,3.88,40.7332381,-73.9981309,26v2,999,36061006300
1005930044,16 CHRISTOPHER STREET,MN,593,44,10014.0,1007100,71,C7,4.0,"16 CHRISTOPHER STREET, LLC",1398.0,4568.0,4217.0,350.0,0.0,350.0,13.0,14.0,2.0,3.0,1910.0,1987.0,3.27,40.7337843,-74.0004907,26v2,873,36061007100
1006097502,116 WEST 14 STREET,MN,609,7502,10011.0,1007100,71,RM,4.0,UNAVAILABLE OWNER,5163.0,47076.0,40736.0,6340.0,0.0,6340.0,19.0,20.0,1.0,12.0,1912.0,0.0,9.12,40.7375172,-73.9979648,26v2,615,36061007100
1006130059,61 GREENWICH AVENUE,MN,613,59,10014.0,1007100,71,U0,7.0,NYC TRANSIT AUTHORITY,2956.0,5000.0,0.0,5000.0,0.0,0.0,0.0,1.0,1.0,2.0,0.0,2014.0,1.69,40.7361338,-74.0010897,26v2,608,36061007100
1006100042,179 WAVERLY PLACE,MN,610,42,10014.0,1007100,71,D7,4.0,"JONIS-181 WAVERLY PLACE, LLC",4809.0,21420.0,17420.0,4000.0,0.0,4000.0,28.0,32.0,1.0,5.0,1926.0,0.0,4.45,40.7343113,-74.0011727,26v2,802,36061007100
1006120046,7 AVENUE,MN,612,46,10014.0,1007100,71,Z9,,VALERIE SHAKESPEARE,2.0,0.0,,,,,0.0,0.0,0.0,,0.0,0.0,0.0,40.7355163,-74.0015263,26v2,665,36061007100
1006060061,461 AVENUE OF THE AMERICAS,MN,606,61,10011.0,1007100,71,S1,4.0,453 LLC,337.0,1008.0,608.0,400.0,0.0,400.0,1.0,2.0,1.0,3.0,1910.0,0.0,2.99,40.7353241,-73.998553,26v2,777,36061007100
1007510001,345 8TH AVENUE,MN,751,1,10001.0,1009700,97,D4,3.0,MUTUAL REDEVELOPMENT HOUSES INC,350782.0,1448543.0,1208340.0,240203.0,1948.0,0.0,1134.0,1140.0,4.0,22.0,1960.0,2000.0,4.13,40.7485511,-73.9980294,26v2,911,36061009700
1008180018,31 WEST 16 STREET,MN,818,18,10011.0,1005400,54,C6,2.0,31 WEST 16 TENANTS CORP,2300.0,8125.0,6925.0,1200.0,1200.0,0.0,5.0,6.0,1.0,4.0,1925.0,1970.0,3.53,40.7383515,-73.9945367,26v2,804,36061005400
1008180010,43 WEST 16 STREET,MN,818,10,10011.0,1005400,54,D3,3.0,43 WEST 16TH STREET LLC,5980.0,64049.0,64049.0,0.0,0.0,0.0,95.0,95.0,1.0,12.0,1911.0,1986.0,10.71,40.7385464,-73.9949986,26v2,759,36061005400
1008180009,49 WEST 16 STREET,MN,818,9,10011.0,1005400,54,C2,2.0,"49 WEST 16TH STREET, LLC",1840.0,6538.0,6538.0,0.0,0.0,0.0,6.0,6.0,1.0,5.0,1925.0,2008.0,3.55,40.7386013,-73.9951321,26v2,746,36061005400
1008180014,39 WEST 16 STREET,MN,818,14,10011.0,1005400,54,C5,2.0,37-39 WEST 16TH STREET LLC,1518.0,4720.0,4720.0,0.0,0.0,0.0,10.0,10.0,1.0,5.0,1920.0,1962.0,3.11,40.738464,-73.9948037,26v2,778,36061005400
1008180016,35 WEST 16 STREET,MN,818,16,10011.0,1005400,54,C5,2.0,16 MANAGEMENT LLC,1932.0,5544.0,5544.0,0.0,0.0,0.0,10.0,10.0,1.0,5.0,1925.0,0.0,2.87,40.7384173,-73.9946919,26v2,789,36061005400
1008170026,27 WEST 15 STREET,MN,817,26,10011.0,1005400,54,C5,2.0,THREE BRANCHES PROPERTIES LLC,2582.0,7918.0,7455.0,463.0,0.0,463.0,9.0,10.0,1.0,4.0,1925.0,1986.0,3.07,40.7374594,-73.9943636,26v2,862,36061005400
1008170025,29 WEST 15 STREET,MN,817,25,10011.0,1005400,54,D0,3.0,15 ST LOFT CORP,2581.0,22220.0,20220.0,2000.0,0.0,0.0,10.0,11.0,1.0,10.0,1905.0,1988.0,8.61,40.7374951,-73.9944465,26v2,854,36061005400
1008180021,25 WEST 16 STREET,MN,818,21,10011.0,1005400,54,C5,2.0,25 W. 16TH STREET LLC,2300.0,6170.0,6170.0,0.0,0.0,0.0,10.0,10.0,1.0,4.0,1920.0,1987.0,2.68,40.7382526,-73.9943021,26v2,826,36061005400
1008160037,84 5 AVENUE,MN,816,37,10011.0,1005400,54,O6,5.0,"90 FIFTH OWNER, LLC",10325.0,132491.0,0.0,132491.0,118113.0,14378.0,0.0,4.0,1.0,11.0,1903.0,2014.0,12.83,40.736367,-73.9937574,26v2,971,36061005400
1008160031,7 WEST 14 STREET,MN,816,31,10011.0,1005400,54,D4,3.0,5 WEST 14 OWNERS CORP,33550.0,350800.0,309000.0,41800.0,800.0,12000.0,430.0,436.0,2.0,21.0,1964.0,1989.0,10.46,40.7366964,-73.9941652,26v2,922,36061005400
1008220058,30 WEST 21 STREET,MN,822,58,10010.0,1005400,54,O6,5.0,FLATIRON 30 LLC,4618.0,60798.0,0.0,60798.0,58280.0,2518.0,0.0,12.0,1.0,15.0,1907.0,2009.0,13.17,40.7408051,-73.9923713,26v2,915,36061005400
1008190031,11 WEST 17 STREET,MN,819,31,10011.0,1005400,54,D7,4.0,"TRIAD 11 WEST, LLC",2484.0,27610.0,25210.0,2400.0,0.0,2400.0,12.0,13.0,1.0,12.0,1908.0,1996.0,11.12,40.7384365,-73.9929273,26v2,925,36061005400
1008210032,11 WEST 19 STREET,MN,821,32,10011.0,1005400,54,O6,5.0,11 WEST 19TH ASSOCIATES LLC,20700.0,224320.0,0.0,224320.0,207320.0,17000.0,0.0,19.0,1.0,11.0,1904.0,1987.0,10.84,40.7398198,-73.9922379,26v2,940,36061005400
1008180056,8 WEST 17 STREET,MN,818,56,10011.0,1005400,54,V1,11.0,10 WEST 17TH STREET OWNER LLC,4140.0,0.0,,,,,0.0,0.0,0.0,,0.0,0.0,0.0,40.7380687,-73.9931402,26v2,924,36061005400
1007420027,315 WEST 18 STREET,MN,742,27,10011.0,1008900,89,C5,2.0,"GIRALDO, GEORGE",2024.0,4400.0,3300.0,1100.0,0.0,0.0,15.0,15.0,1.0,4.0,1900.0,0.0,2.17,40.7427844,-74.001411,26v2,219,36061008900
1006190038,105 CHRISTOPHER STREET,MN,619,38,10014.0,1007300,73,C6,2.0,105 CHRISTOPHER STR OWNER,2313.0,6450.0,5075.0,1375.0,0.0,1375.0,10.0,12.0,2.0,4.0,1900.0,1973.0,2.79,40.7334713,-74.0050119,26v2,890,36061007300
1006220010,570 HUDSON STREET,MN,622,10,10014.0,1007300,73,S2,4.0,"300 WEST 11TH STREET,",1800.0,5313.0,3560.0,1753.0,0.0,1753.0,2.0,3.0,1.0,3.0,1901.0,0.0,2.95,40.735711,-74.0057554,26v2,664,36061007300
1006290023,324 WEST 14 STREET,MN,629,23,10014.0,1007700,77,C7,4.0,320-324 WEST 14 REALTY ASSOCIATES LLC,2581.0,7000.0,6250.0,750.0,0.0,750.0,8.0,9.0,1.0,5.0,1910.0,1988.0,2.71,40.7400286,-74.003919,26v2,160,36061007700
1006290022,326 WEST 14 STREET,MN,629,22,10014.0,1007700,77,M3,8.0,CHURCH OF ST BERNARD,2581.0,6555.0,0.0,6555.0,0.0,0.0,0.0,1.0,1.0,5.0,1920.0,0.0,2.54,40.7400615,-74.0039984,26v2,159,36061007700
1006290051,319 WEST 13 STREET,MN,629,51,10014.0,1007700,77,D1,3.0,EFF REALTY CORP,3097.0,8885.0,8885.0,0.0,0.0,0.0,19.0,19.0,1.0,5.0,1925.0,1962.0,2.87,40.73968,-74.0038792,26v2,195,36061007700
1006290021,328 WEST 14 STREET,MN,629,21,10014.0,1007700,77,M3,8.0,RC CH ST BERNARD,2581.0,5000.0,0.0,5000.0,0.0,0.0,0.0,1.0,1.0,4.0,1900.0,0.0,1.94,40.7400972,-74.0040814,26v2,159,36061007700
1006280017,652 HUDSON STREET,MN,628,17,10014.0,1007700,77,D0,3.0,GANSEVOORT COOPERATIVE CORP,16077.0,50962.0,35235.0,15727.0,8680.0,7047.0,14.0,20.0,1.0,6.0,1900.0,2005.0,3.17,40.7396305,-74.0048969,26v2,239,36061007700
1006260047,35 JANE STREET,MN,626,47,10014.0,1007700,77,S4,4.0,DONALL B. HEALY IRREVOCABLE TRUST,2200.0,5924.0,5224.0,700.0,0.0,700.0,4.0,5.0,2.0,4.0,1915.0,0.0,2.69,40.7383213,-74.0043663,26v2,352,36061007700
1006250040,19 8 AVENUE,MN,625,40,10014.0,1007700,77,S1,4.0,STOLIAR REAL ESTATE CORP,860.0,2560.0,1280.0,1280.0,0.0,640.0,1.0,2.0,1.0,3.0,1845.0,0.0,2.98,40.7378519,-74.0047704,26v2,412,36061007700
1006290024,322 WEST 14 STREET,MN,629,24,10014.0,1007700,77,C4,2.0,320-324 WEST 14 REALTY ASSOCIATES LLC,2581.0,8750.0,8750.0,0.0,0.0,0.0,19.0,19.0,1.0,5.0,1920.0,0.0,3.39,40.7399929,-74.0038396,26v2,161,36061007700
1006160107,52 8 AVENUE,MN,616,107,10014.0,1007700,77,S2,4.0,"LWNY 8, LLC",1306.0,2800.0,1524.0,1276.0,0.0,1276.0,2.0,3.0,2.0,3.0,1900.0,0.0,2.14,40.7384339,-74.0034281,26v2,326,36061007700
1006180009,248 WEST 14 STREET,MN,618,9,10011.0,1007700,77,S9,4.0,14 SMI LLC,2478.0,8400.0,0.0,2478.0,0.0,2478.0,3.0,5.0,1.0,5.0,1900.0,1986.0,3.39,40.7392656,-74.0021074,26v2,251,36061007700
1006180015,234 WEST 14 STREET,MN,618,15,10011.0,1007700,77,D7,4.0,234-236 W 14TH LLC,5163.0,17500.0,16000.0,1500.0,0.0,1500.0,30.0,31.0,1.0,5.0,1926.0,2012.0,3.39,40.739046,-74.001595,26v2,291,36061007700
1006180022,220 WEST 14 STREET,MN,618,22,10011.0,1007700,77,C7,4.0,220 WEST INVESTORS LLC,3288.0,8050.0,6050.0,2000.0,0.0,2000.0,17.0,18.0,1.0,5.0,1920.0,1987.0,2.45,40.7388319,-74.0010826,26v2,333,36061007700
1007910068,140 WEST 16 STREET,MN,791,68,10011.0,1008100,81,C6,2.0,136/140 W.16TH ST. REALTY CORP.,3923.0,15203.0,15203.0,0.0,0.0,0.0,12.0,12.0,1.0,5.0,1915.0,0.0,3.88,40.7392381,-73.9977735,26v2,515,36061008100
1007920028,111 WEST 16 STREET,MN,792,28,10011.0,1008100,81,D4,3.0,111 W 16TH ST OWNERS INC,9200.0,39455.0,39455.0,0.0,0.0,0.0,83.0,83.0,1.0,6.0,1925.0,1985.0,4.29,40.739131,-73.996377,26v2,627,36061008100
1007910025,127 WEST 15 STREET,MN,791,25,10011.0,1008100,81,C6,2.0,127 W 15TH ST OWNERS CORP,2065.0,4386.0,4386.0,0.0,0.0,0.0,8.0,8.0,1.0,3.0,1911.0,0.0,2.12,40.7387303,-73.9973694,26v2,572,36061008100
1007930050,118 WEST 18 STREET,MN,793,50,10011.0,1008100,81,E2,6.0,"118 W. 18TH STREET REALTY ASSOCIATES,",1863.0,3402.0,0.0,1700.0,1700.0,0.0,0.0,1.0,1.0,2.0,1920.0,1960.0,1.83,40.7400368,-73.9960016,26v2,625,36061008100
1007930022,121 WEST 17 STREET,MN,793,22,10011.0,1008100,81,D0,3.0,121-125 W 17 OWNERS CORP.,7074.0,53298.0,46607.0,6691.0,0.0,6691.0,28.0,29.0,1.0,8.0,1909.0,1988.0,7.53,40.7398968,-73.9963697,26v2,599,36061008100
1007930029,111 WEST 17 STREET,MN,793,29,10011.0,1008100,81,O5,5.0,PAJEOT & OTTER LLC,1840.0,8900.0,2400.0,6500.0,3475.0,1625.0,1.0,5.0,1.0,5.0,1920.0,2000.0,4.84,40.7397266,-73.99598,26v2,635,36061008100
1007910030,117 WEST 15 STREET,MN,791,30,10011.0,1008100,81,C4,2.0,117 WEST 15TH LLC,2581.0,11575.0,9575.0,2000.0,0.0,0.0,12.0,13.0,1.0,5.0,1920.0,0.0,4.48,40.7385876,-73.9970266,26v2,605,36061008100
1007920032,105 WEST 16 STREET,MN,792,32,10011.0,1008100,81,S3,4.0,WASSFAM,1725.0,4025.0,2525.0,1500.0,0.0,1500.0,3.0,4.0,1.0,3.0,1920.0,0.0,2.33,40.7390212,-73.9961966,26v2,645,36061008100
1007930031,107 WEST 17 STREET,MN,793,31,10011.0,1008100,81,K4,4.0,ASSANTE & SONS LLC,2300.0,4658.0,0.0,3429.0,0.0,2200.0,2.0,3.0,1.0,3.0,1920.0,0.0,2.03,40.7396635,-73.9958321,26v2,649,36061008100
1007920070,113 7 AVENUE,MN,792,70,10011.0,1008100,81,O6,5.0,CHELSEA 115 LLC,5296.0,42380.0,0.0,42380.0,38433.0,3947.0,0.0,2.0,1.0,7.0,1924.0,0.0,8.0,40.7402015,-73.998073,26v2,451,36061008100
1007910071,148 WEST 16 STREET,MN,791,71,10011.0,1008100,81,C6,2.0,148 16 HOUSING CORP,2151.0,6705.0,6705.0,0.0,0.0,0.0,8.0,8.0,1.0,4.0,1920.0,1987.0,3.12,40.7393287,-73.9979936,26v2,494,36061008100
1007920035,579 AVENUE OF THE AMERICAS,MN,792,35,10011.0,1008100,81,K2,5.0,579 HANA CORP.,1725.0,4370.0,0.0,4370.0,0.0,4370.0,0.0,2.0,1.0,3.0,1920.0,2007.0,2.53,40.739013,-73.9959945,26v2,661,36061008100
1007910018,141 WEST 15 STREET,MN,791,18,10011.0,1008100,81,C2,2.0,14115 REALTY LLC,2065.0,4160.0,4160.0,0.0,0.0,0.0,5.0,5.0,1.0,3.0,1910.0,0.0,2.01,40.738917,-73.9978132,26v2,529,36061008100
1007910032,113 WEST 15 STREET,MN,791,32,10011.0,1008100,81,C6,2.0,113 W 15TH ST OWNERS CORP,2581.0,6175.0,6175.0,0.0,0.0,0.0,27.0,27.0,2.0,3.0,1911.0,0.0,2.39,40.7385217,-73.9968714,26v2,620,36061008100
1007920020,125 WEST 16 STREET,MN,792,20,10011.0,1008100,81,D3,3.0,"AAK ACQUISITIONS, LLC",9200.0,39504.0,39504.0,0.0,0.0,0.0,54.0,54.0,1.0,6.0,1918.0,0.0,4.29,40.7393946,-73.9970085,26v2,566,36061008100
1007930014,141 WEST 17 STREET,MN,793,14,10011.0,1008100,81,D0,3.0,OLD WARREN ROAD HOUSE INC,6178.0,32862.0,26662.0,6200.0,600.0,5600.0,12.0,13.0,1.0,6.0,1918.0,1984.0,5.32,40.740196,-73.9970878,26v2,532,36061008100
1007930054,126 WEST 18 STREET,MN,793,54,10011.0,1008100,81,K4,4.0,126-128 WEST LLC,3864.0,9568.0,1960.0,7608.0,0.0,7608.0,1.0,2.0,1.0,3.0,1920.0,2015.0,2.48,40.7401768,-73.9963336,26v2,594,36061008100
1007910078,91 7 AVENUE,MN,791,78,10011.0,1008100,81,D9,3.0,160 ASSOCIATES,12925.0,62400.0,55400.0,7000.0,0.0,7000.0,68.0,69.0,1.0,6.0,1920.0,1981.0,4.83,40.7395428,-73.9984411,26v2,450,36061008100
1007660036,207 WEST 16 STREET,MN,766,36,10011.0,1008100,81,C0,2.0,MIRCHANDANI RAJU S,954.0,2052.0,2052.0,0.0,0.0,0.0,3.0,3.0,1.0,4.0,1901.0,0.0,2.15,40.7402016,-73.9990654,26v2,372,36061008100
1007640049,218 WEST 15 STREET,MN,764,49,10011.0,1008100,81,A9,1.0,"REICH, DAVID L",2141.0,3935.0,3375.0,0.0,0.0,0.0,1.0,1.0,1.0,3.0,1910.0,2000.0,1.84,40.7394824,-74.0002887,26v2,323,36061008100
1007660022,233 WEST 16 STREET,MN,766,22,10011.0,1008100,81,C5,2.0,NEW TRINITY COURT LLC,2017.0,5304.0,5304.0,0.0,0.0,0.0,8.0,8.0,1.0,4.0,1910.0,1988.0,2.63,40.7406737,-74.0000289,26v2,278,36061008100
1007650022,225 WEST 15 STREET,MN,765,22,10011.0,1008100,81,C4,2.0,PADRONE PROPERTIES LLC,2581.0,9120.0,9120.0,0.0,0.0,0.0,25.0,25.0,1.0,5.0,1915.0,0.0,3.53,40.7399024,-74.000148,26v2,305,36061008100
1007650051,212 WEST 16 STREET,MN,765,51,10011.0,1008100,81,C4,2.0,212 W. 16TH    .,2581.0,5005.0,5005.0,0.0,0.0,0.0,23.0,23.0,2.0,3.0,1890.0,0.0,1.94,40.7400204,-73.9996427,26v2,335,36061008100
1007650047,208 WEST 16 STREET,MN,765,47,10011.0,1008100,81,D3,3.0,"UNITED CHELSEA, LLC",8983.0,33547.0,33547.0,0.0,0.0,0.0,52.0,52.0,1.0,6.5,1925.0,1985.0,3.73,40.7399435,-73.9994659,26v2,352,36061008100
1007910001,79 7 AVENUE,MN,791,1,10011.0,1008100,81,D0,3.0,WEST 15 TOWNHOUSE CORP,18085.0,126134.0,108134.0,18000.0,0.0,18000.0,64.0,65.0,1.0,7.0,1938.0,1980.0,6.97,40.7392985,-73.9986504,26v2,447,36061008100
1007660033,213 WEST 16 STREET,MN,766,33,10011.0,1008100,81,C4,2.0,213 WEST 16TH STREET LIMITED LIABILITY C OMPANY,2300.0,5975.0,5975.0,0.0,0.0,0.0,12.0,12.0,2.0,4.0,1905.0,1987.0,2.6,40.7403251,-73.9992169,26v2,355,36061008100
1007670071,160 8 AVENUE,MN,767,71,10011.0,1008100,81,S5,4.0,"154-160 8TH AVENUE CO.,",2637.0,15418.0,12918.0,2500.0,0.0,2500.0,5.0,6.0,1.0,6.0,1920.0,1987.0,5.85,40.7420186,-74.0004655,26v2,242,36061008100
1007670002,146 8 AVENUE,MN,767,2,10011.0,1008100,81,D7,4.0,ST. FRANCIS FRIENDSETC.,5250.0,19615.0,16615.0,3000.0,0.0,3000.0,80.0,82.0,1.0,5.0,1920.0,1986.0,3.74,40.7417304,-74.0006712,26v2,218,36061008100
1007670067,246 WEST 18TH STREET,MN,767,67,10011.0,1008100,81,C7,4.0,246 WEST 18TH STREET LAND LLC,4598.0,15371.0,13371.0,2000.0,0.0,2000.0,39.0,40.0,2.0,5.0,1915.0,0.0,3.34,40.7417359,-74.0000397,26v2,270,36061008100
1007670054,218 WEST 18 STREET,MN,767,54,10011.0,1008100,81,O6,5.0,218 W 18TH STREET GORP PROPERTY LLC,10775.0,167210.0,0.0,167210.0,139342.0,0.0,0.0,77.0,1.0,12.0,1912.0,1984.0,15.52,40.741283,-73.999069,26v2,349,36061008100
1007670074,154 8 AVENUE,MN,767,74,10011.0,1008100,81,S4,4.0,"ROY SAVELLI, AS TRUSTEE",1750.0,3640.0,2503.0,1137.0,0.0,1137.0,4.0,5.0,1.0,4.0,1920.0,1987.0,2.08,40.7418786,-74.000563,26v2,230,36061008100
1007660061,230 WEST 17 STREET,MN,766,61,10011.0,1008100,81,O3,5.0,"EK 17TH STREET,",6300.0,53168.0,0.0,53168.0,53168.0,0.0,0.0,8.0,1.0,8.0,1912.0,1987.0,8.44,40.7408932,-73.9998376,26v2,289,36061008100
1007660019,239 WEST 16 STREET,MN,766,19,10011.0,1008100,81,C1,2.0,239 WEST 16 LLC,2000.0,4160.0,4160.0,0.0,0.0,0.0,7.0,7.0,1.0,3.0,1910.0,0.0,2.08,40.7407532,-74.0002165,26v2,261,36061008100
1007670017,241 WEST 17 STREET,MN,767,17,10011.0,1008100,81,A4,1.0,ZERO DAY LLC,994.0,4500.0,4500.0,0.0,0.0,0.0,1.0,1.0,1.0,5.0,1910.0,1990.0,4.53,40.7412034,-73.9996644,26v2,299,36061008100
1007670043,128 7 AVENUE,MN,767,43,10011.0,1008100,81,D6,4.0,200 REALTY EQUITIES LLC,8100.0,46812.0,41812.0,5000.0,0.0,5000.0,61.0,65.0,1.0,7.0,1959.0,1982.0,5.78,40.7410195,-73.9982931,26v2,416,36061008100
1007660077,258 WEST 17 STREET,MN,766,77,10011.0,1008100,81,C4,2.0,258 W. 17 REALTY LLC,2600.0,10190.0,10190.0,0.0,0.0,0.0,10.0,10.0,1.0,5.0,1901.0,1987.0,3.92,40.741261,-74.000664,26v2,215,36061008100
1007660014,247 WEST 16 STREET,MN,766,14,10011.0,1008100,81,K4,4.0,FITZ ROY ROAD LLC,1883.0,7653.0,0.0,2660.0,0.0,2660.0,0.0,2.0,1.0,3.0,1910.0,1986.0,4.06,40.7408521,-74.0005124,26v2,234,36061008100
1007650015,239 WEST 15 STREET,MN,765,15,10011.0,1008100,81,C7,4.0,GMART NY 2022 LLC,2509.0,9645.0,9245.0,400.0,0.0,400.0,21.0,22.0,1.0,5.0,1901.0,0.0,3.84,40.7401329,-74.0006965,26v2,252,36061008100
1007640068,256 WEST 15 STREET,MN,764,68,10011.0,1008100,81,C7,4.0,"256 CHELSEA, LLC",2581.0,13056.0,11010.0,2046.0,0.0,2046.0,22.0,24.0,1.0,6.0,1901.0,1984.0,5.06,40.7400067,-74.001595,26v2,203,36061008100
1007650001,102 8 AVENUE,MN,765,1,10011.0,1008100,81,C7,4.0,PAYOURENT EIGHTH AVE LLC,19307.0,102046.0,83046.0,19000.0,0.0,19000.0,102.0,120.0,8.0,5.0,1905.0,1987.0,5.29,40.7406325,-74.0014868,26v2,166,36061008100
1007640067,254 WEST 15 STREET,MN,764,67,10011.0,1008100,81,C1,2.0,BAY ASSOCIATES,2581.0,12276.0,12276.0,0.0,0.0,0.0,24.0,24.0,1.0,6.0,1928.0,0.0,4.76,40.739971,-74.0015156,26v2,210,36061008100
1007650010,251 WEST 15 STREET,MN,765,10,10011.0,1008100,81,C5,2.0,CHELSEA 251 LLC,2581.0,7750.0,7750.0,0.0,0.0,0.0,29.0,29.0,1.0,5.0,1928.0,0.0,3.0,40.7402921,-74.0010754,26v2,215,36061008100
1007650011,249 WEST 15 STREET,MN,765,11,10011.0,1008100,81,D9,3.0,NESOR NEW YORK LLC,4870.0,19310.0,19310.0,0.0,0.0,0.0,33.0,33.0,1.0,5.0,1950.0,1972.0,3.97,40.7402455,-74.0009635,26v2,226,36061008100
1007650070,248 WEST 16 STREET,MN,765,70,10011.0,1008100,81,D4,3.0,250 W 16 ST OWNERS CO,10325.0,49816.0,49816.0,0.0,0.0,0.0,46.0,46.0,1.0,5.0,1930.0,1973.0,4.82,40.7406297,-74.0010898,26v2,196,36061008100
1007900045,112 WEST 15 STREET,MN,790,45,10011.0,1008100,81,C1,2.0,112 WEST 15 REALTY LLC,1665.0,4932.0,4932.0,0.0,0.0,0.0,9.0,9.0,2.0,4.0,1920.0,2009.0,2.96,40.7381704,-73.9971601,26v2,621,36061008100
1007900018,131 WEST 14 STREET,MN,790,18,10011.0,1008100,81,K9,5.0,131 WEST SB LLC,2581.0,11550.0,6768.0,4782.0,0.0,4782.0,3.0,5.0,1.0,5.0,1920.0,1983.0,4.48,40.7382171,-73.9981272,26v2,553,36061008100
1007900044,110 WEST 15 STREET,MN,790,44,10011.0,1008100,81,C3,2.0,110 WEST 15 LLC,1665.0,5200.0,5200.0,0.0,0.0,0.0,4.0,4.0,1.0,4.0,1890.0,1982.0,3.12,40.738143,-73.9970951,26v2,627,36061008100
1007150050,436 WEST 18 STREET,MN,715,50,10011.0,1008300,83,O5,5.0,DUGOUT DOUG-TWO LLC,2468.0,6100.0,800.0,5300.0,3050.0,2250.0,1.0,4.0,1.0,3.0,1910.0,1991.0,2.47,40.7438822,-74.005139,26v2,324,36061008300
1007380014,337 WEST 14 STREET,MN,738,14,10014.0,1008300,83,D7,4.0,335-7 LLC,4687.0,28821.0,28321.0,500.0,0.0,500.0,28.0,29.0,1.0,7.0,1900.0,0.0,6.15,40.7407861,-74.0041716,26v2,103,36061008300
1007410061,352 WEST 18 STREET,MN,741,61,10011.0,1008300,83,C1,2.0,352-354 W. 18 REALTY LLC,2300.0,8825.0,8825.0,0.0,0.0,0.0,16.0,16.0,1.0,5.0,1910.0,0.0,3.84,40.7429545,-74.0029267,26v2,179,36061008300
1007410030,301 WEST 17 STREET,MN,741,30,10011.0,1008300,83,C4,2.0,301 W 17 LLC,2575.0,13788.0,11788.0,2000.0,0.0,2000.0,10.0,12.0,1.0,6.0,1900.0,0.0,5.35,40.7418978,-74.0013749,26v2,166,36061008300
1007400010,347 WEST 16 STREET,MN,740,10,10011.0,1008300,83,C4,2.0,"347 WEST 16, LLC",2300.0,9430.0,9430.0,0.0,0.0,0.0,20.0,20.0,1.0,5.0,1900.0,1987.0,4.1,40.7420707,-74.0033597,26v2,80,36061008300
1007380057,330 WEST 15 STREET,MN,738,57,10011.0,1008300,83,C1,2.0,330 WEST 15TH STREET LLC,4000.0,16284.0,16284.0,0.0,0.0,0.0,24.0,24.0,1.0,6.0,1904.0,1984.0,4.07,40.740841,-74.003486,26v2,62,36061008300
1007380061,338 WEST 15 STREET,MN,738,61,10011.0,1008300,83,A4,1.0,MANRAFAYA LLC,1528.0,5694.0,4745.0,0.0,0.0,0.0,1.0,1.0,1.0,5.0,1900.0,2014.0,3.73,40.7409096,-74.003652,26v2,62,36061008300
1007410029,311 WEST 17 STREET,MN,741,29,10011.0,1008300,83,S3,4.0,311 W 17 LLC,2225.0,4668.0,3668.0,1000.0,0.0,1000.0,3.0,4.0,1.0,4.0,1900.0,0.0,2.1,40.742068,-74.0015084,26v2,163,36061008300
1007410009,349 WEST 17 STREET,MN,741,9,10011.0,1008300,83,B1,1.0,"VON BISMARCK, VANESSA",2024.0,4361.0,3488.0,0.0,0.0,0.0,2.0,2.0,1.0,4.0,1900.0,2014.0,2.15,40.7426965,-74.0030241,26v2,149,36061008300
1007400022,321 WEST 16 STREET,MN,740,22,10011.0,1008300,83,C1,2.0,321 W16 PROPERTY OWNER LLC,1551.0,5125.0,5125.0,0.0,0.0,0.0,10.0,10.0,1.0,5.0,1905.0,0.0,3.3,40.7416398,-74.0024395,26v2,72,36061008300
1007400023,319 WEST 16 STREET,MN,740,23,10011.0,1008300,83,C0,2.0,FATA MORGANA INC.,1619.0,6000.0,4800.0,0.0,0.0,0.0,3.0,3.0,1.0,4.0,1910.0,1987.0,3.71,40.7416068,-74.0023529,26v2,77,36061008300
1007440039,203 8 AVENUE,MN,744,39,10011.0,1008900,89,C7,4.0,ZEVA REALTY CORP,2517.0,5656.0,4456.0,1200.0,0.0,1200.0,12.0,13.0,1.0,3.0,1900.0,0.0,2.25,40.7437917,-73.9999928,26v2,383,36061008900
1007450026,313 WEST 21 STREET,MN,745,26,10011.0,1008900,89,D1,3.0,ISMO 9 LLC,4938.0,20496.0,20496.0,0.0,0.0,0.0,35.0,35.0,1.0,6.0,1938.0,1986.0,4.15,40.7445657,-74.0001552,26v2,440,36061008900
1007420019,331 WEST 18 STREET,MN,742,19,10011.0,1008900,89,B9,1.0,331 W 18TH ST LLC,2147.0,4554.0,3335.0,0.0,0.0,0.0,2.0,2.0,1.0,3.0,1910.0,0.0,2.12,40.7430177,-74.0019632,26v2,212,36061008900
1007440035,303 WEST 20 STREET,MN,744,35,10011.0,1008900,89,S1,4.0,YODER KATRINA D,1141.0,2098.0,1301.0,797.0,0.0,0.0,1.0,2.0,1.0,3.0,1910.0,0.0,1.84,40.7437478,-74.0001913,26v2,368,36061008900
1007440069,354 WEST 21 STREET,MN,744,69,10011.0,1008900,89,C0,2.0,STEPHEN HIRSCH,1221.0,3456.0,2592.0,0.0,0.0,0.0,3.0,3.0,1.0,3.0,1910.0,0.0,2.83,40.7448429,-74.0018838,26v2,403,36061008900
1007450014,337 WEST 21 STREET,MN,745,14,10011.0,1008900,89,C4,2.0,SJA W 21 ST CORP,4938.0,20737.0,20737.0,0.0,0.0,0.0,31.0,31.0,1.0,6.0,1930.0,0.0,4.2,40.7449637,-74.0011007,26v2,438,36061008900
1007190086,480 WEST 22 STREET,MN,719,86,10011.0,1008900,89,Q1,9.0,NYC DEPARTMENT OF PARKS AND RECREATION,21303.0,0.0,,,,,0.0,0.0,0.0,,0.0,0.0,0.0,40.7466297,-74.0043055,26v2,593,36061008900
1007160062,448 WEST 19 STREET,MN,716,62,10011.0,1008900,89,D1,3.0,JP REAL ESTATE GROUP LIMITED,4600.0,19100.0,19100.0,0.0,0.0,0.0,40.0,40.0,2.0,6.0,1910.0,0.0,4.15,40.7447522,-74.0053808,26v2,419,36061008900
1007160004,136 10 AVENUE,MN,716,4,10011.0,1008900,89,S4,4.0,136-38 TENTH AVENUE,4467.0,21220.0,17020.0,4200.0,0.0,4200.0,4.0,5.0,1.0,5.0,1908.0,0.0,4.75,40.7448071,-74.0058608,26v2,444,36061008900
1007160012,445 WEST 18 STREET,MN,716,12,10011.0,1008900,89,B1,1.0,INMACULADA DE HABSBURGO DOBKIN,1533.0,1956.0,1956.0,0.0,0.0,0.0,2.0,2.0,1.0,3.0,1920.0,0.0,1.28,40.7444256,-74.0053086,26v2,384,36061008900
1007160055,434 WEST 19 STREET,MN,716,55,10011.0,1008900,89,D1,3.0,MMP 434 OWNER LLC,4600.0,21000.0,21000.0,0.0,0.0,0.0,40.0,40.0,1.0,8.0,1986.0,0.0,4.57,40.7445189,-74.004825,26v2,377,36061008900
1007160003,134 10 AVENUE,MN,716,3,10011.0,1008900,89,S2,4.0,134 10TH AVE. LLC,2233.0,5575.0,3375.0,2200.0,0.0,2200.0,2.0,3.0,1.0,4.0,1910.0,1985.0,2.5,40.7447248,-74.0059222,26v2,439,36061008900
1007220076,254 10 AVENUE,MN,722,76,10001.0,1009300,93,S3,4.0,"VISO, LLC",1382.0,4011.0,3061.0,950.0,0.0,950.0,3.0,4.0,1.0,4.0,1910.0,0.0,2.9,40.7486718,-74.003111,26v2,813,36061009300
1007460063,338 WEST 23 STREET,MN,746,63,10011.0,1009300,93,S2,4.0,ALAN MANOCHERIAN,2469.0,5400.0,2700.0,2700.0,0.0,0.0,2.0,3.0,1.0,3.0,1901.0,1998.0,2.19,40.7456801,-74.0001155,26v2,546,36061009300
1007480005,359 WEST 24 STREET,MN,748,5,10011.0,1009300,93,M1,8.0,ST ELEUTHERIUS CHUR,13325.0,9441.0,0.0,9441.0,0.0,0.0,0.0,1.0,1.0,1.0,1975.0,1964.0,0.71,40.7470881,-74.0001263,26v2,688,36061009300
1007460038,237 8 AVENUE,MN,746,38,10011.0,1009300,93,C7,4.0,WEST 22ND STREET OWNER LLC,8460.0,38802.0,32802.0,6000.0,0.0,6000.0,44.0,50.0,1.0,6.0,1910.0,1989.0,4.59,40.7449335,-73.9991627,26v2,524,36061009300
1007460068,348 WEST 23 STREET,MN,746,68,10011.0,1009300,93,C7,4.0,IRREVOCABLE TRUST OF HELEN RAKOSI FBO MF R,2469.0,10465.0,9465.0,1000.0,1000.0,0.0,8.0,9.0,1.0,5.0,1900.0,0.0,4.24,40.7458475,-74.0005161,26v2,548,36061009300
1007220022,425 WEST 24 STREET,MN,722,22,10011.0,1009300,93,D4,3.0,WEST 24TH OWNERS CORP.,4905.0,18700.0,18700.0,0.0,0.0,0.0,32.0,32.0,2.0,5.0,1900.0,1980.0,3.81,40.7478429,-74.0018911,26v2,729,36061009300
1007220043,241 9 AVENUE,MN,722,43,10001.0,1009300,93,D6,4.0,ELK 400 WEST 25TH LLC,4938.0,30500.0,28340.0,2160.0,0.0,2160.0,40.0,43.0,1.0,6.0,1929.0,1979.0,6.18,40.7477743,-74.0007976,26v2,742,36061009300
1007220018,433 WEST 24 STREET,MN,722,18,10011.0,1009300,93,D4,3.0,WEST 24TH OWNERS CORP.,4905.0,18700.0,18700.0,0.0,0.0,0.0,32.0,32.0,1.0,6.0,1920.0,0.0,3.81,40.7479747,-74.0022087,26v2,740,36061009300
1007220024,421 WEST 24 STREET,MN,722,24,10011.0,1009300,93,D1,3.0,"CHELSEA TOWN, SERIES III, LLC",4905.0,21012.0,21012.0,0.0,0.0,0.0,35.0,35.0,1.0,6.0,1927.0,1980.0,4.28,40.7477771,-74.0017359,26v2,724,36061009300
1007760010,249 WEST 26 STREET,MN,776,10,10001.0,1009500,95,C7,4.0,"CHELSEA PARTNERS I,",2469.0,10025.0,9150.0,875.0,0.0,875.0,18.0,19.0,1.0,5.0,1901.0,0.0,4.06,40.7470991,-73.9962972,26v2,864,36061009500
1008020004,289 7 AVENUE,MN,802,4,10001.0,1009500,95,K4,4.0,DOREEN LLC,2000.0,7280.0,0.0,7280.0,1760.0,5520.0,0.0,6.0,1.0,4.0,1920.0,2001.0,3.64,40.7461273,-73.9937601,26v2,956,36061009500
1007760055,230 WEST 27 STREET,MN,776,55,10001.0,1009500,95,H8,8.0,F.I.T. STUDENT HOUSING CORPORATION,13183.0,109132.0,,,,,0.0,1.0,1.0,15.0,1974.0,2016.0,8.28,40.7470277,-73.9953624,26v2,913,36061009500
1007760009,251 WEST 26 STREET,MN,776,9,10001.0,1009500,95,C7,4.0,"CHELSEA PARTNERS I, LLC",2469.0,10025.0,8425.0,1600.0,0.0,1600.0,16.0,17.0,1.0,5.0,1901.0,1978.0,4.06,40.747132,-73.9963802,26v2,862,36061009500
1006980032,279 10 AVENUE,MN,698,32,10001.0,1009902,99,G6,10.0,26-10 CORP,7075.0,0.0,,,,,0.0,0.0,0.0,,0.0,0.0,0.0,40.7498795,-74.0030064,26v2,947,36061009902
1006980028,511 WEST 26 STREET,MN,698,28,10001.0,1009902,99,G6,10.0,26-10 CORP.,12225.0,0.0,,,,,0.0,0.0,0.0,,0.0,0.0,0.0,40.7501293,-74.0031364,26v2,975,36061009902
1007970017,143 WEST 21 STREET,MN,797,17,10011.0,1008700,87,D0,3.0,143 WEST 21ST OWNERS CORP,1967.0,5726.0,5726.0,0.0,0.0,0.0,5.0,5.0,1.0,4.0,1910.0,1986.0,2.91,40.7424988,-73.9952545,26v2,682,36061008700
1007710013,249 WEST 21 STREET,MN,771,13,10011.0,1008700,87,C4,2.0,D-J ZADA 249W21 LLC,2468.0,9310.0,9310.0,0.0,0.0,0.0,15.0,15.0,1.0,5.0,1920.0,1986.0,3.77,40.7438466,-73.998459,26v2,486,36061008700
1007640075,92 8 AVENUE,MN,764,75,10011.0,1008100,81,V1,11.0,GO 8TH AVENUE LLC,2407.0,0.0,,,,,0.0,0.0,0.0,,0.0,0.0,0.0,40.7400231,-74.0019306,26v2,184,36061008100
1007460075,362 WEST 23 STREET,MN,746,75,10011.0,1009300,93,C7,4.0,FAMILY OF FANNY LLC,3544.0,10582.0,,,,,25.0,28.0,2.0,5.0,1910.0,0.0,2.99,40.7461275,-74.0010791,26v2,560,36061009300
1006950023,525 WEST 23 STREET,MN,695,23,10011.0,1009901,99,K2,5.0,NOVAWORKS REALTY CORP.,2469.0,9876.0,0.0,9876.0,0.0,9876.0,0.0,3.0,1.0,4.0,1910.0,1989.0,4.0,40.7483424,-74.0049877,26v2,791,36061009901
1007960048,120 WEST 21 STREET,MN,796,48,10011.0,1008700,87,D8,3.0,UDR CHELSEA LLC,21344.0,174621.0,159521.0,15100.0,800.0,0.0,210.0,212.0,1.0,14.0,2000.0,0.0,8.18,40.741862,-73.9948864,26v2,703,36061008700
1007970023,131 WEST 21 STREET,MN,797,23,10011.0,1008700,87,S3,4.0,B BRAGES ASSOCIATES,2235.0,6815.0,5815.0,1000.0,0.0,1000.0,3.0,4.0,1.0,4.0,1925.0,2008.0,3.05,40.7423396,-73.994872,26v2,711,36061008700
1006180007,252 WEST 14 STREET,MN,618,7,10011.0,1007700,77,S9,4.0,M MARKET 14 LLC,1852.0,7000.0,4000.0,3000.0,1500.0,1500.0,3.0,5.0,1.0,5.0,1930.0,2007.0,3.78,40.7393616,-74.0022301,26v2,237,36061007700
1007380060,336 WEST 15 STREET,MN,738,60,10011.0,1008300,83,V1,11.0,336 WEST 15TH STREET LLC,1528.0,0.0,,,,,0.0,0.0,0.0,,0.0,0.0,0.0,40.7408849,-74.0035942,26v2,62,36061008300
1007680002,164 8 AVENUE,MN,768,2,10011.0,1008700,87,S5,4.0,HOPPENFELD JOAN,1320.0,4400.0,3300.0,1100.0,0.0,1100.0,5.0,6.0,1.0,4.0,1920.0,1987.0,3.33,40.7422985,-74.0003464,26v2,263,36061008700
1007660013,251 WEST 16 STREET,MN,766,13,10011.0,1008100,81,A9,1.0,FITZ ROY ROAD LLC,1360.0,2736.0,2346.0,0.0,0.0,0.0,1.0,1.0,1.0,3.0,1910.0,0.0,2.01,40.7408877,-74.0005954,26v2,226,36061008100
1007380063,342 WEST 15 STREET,MN,738,63,10011.0,1008300,83,C2,2.0,ZHAO NYC LLC,1528.0,3950.0,3950.0,0.0,0.0,0.0,6.0,6.0,1.0,6.0,1900.0,2020.0,2.59,40.740959,-74.0037711,26v2,65,36061008300
1005730075,61 WEST 9 STREET,MN,573,75,10011.0,1006300,63,D4,3.0,61 WEST 9TH STREET TENANTS CORP,8210.0,56527.0,,,,,60.0,61.0,1.0,10.0,1925.0,1989.0,6.89,40.7341054,-73.9983474,26v2,905,36061006300
1007720072,250 WEST 23 STREET,MN,772,72,10011.0,1009100,91,V1,11.0,273 WEST 22 LLC,4938.0,0.0,,,,,0.0,0.0,0.0,,0.0,1973.0,0.0,40.744659,-73.997712,26v2,591,36061009100
1005760066,49 WEST 12 STREET,MN,576,66,10011.0,1006300,63,D4,3.0,49 WEST 12TH TENANTS CORP,9575.0,67421.0,60421.0,7000.0,7000.0,0.0,70.0,80.0,1.0,10.0,1952.0,1986.0,7.04,40.7356919,-73.9964133,26v2,851,36061006300
1007430038,177 8 AVENUE,MN,743,38,10011.0,1008900,89,C7,4.0,"THE MANHATTAN ASSOCIATES REALTY, LLC",19550.0,77712.0,70212.0,7500.0,0.0,7500.0,100.0,103.0,1.0,6.0,1925.0,1999.0,3.98,40.7432208,-74.0005955,26v2,302,36061008900
1007430052,310 WEST 20 STREET,MN,743,52,10011.0,1008900,89,C5,2.0,310 W. 20TH PARTNERS LLC,2300.0,5238.0,5238.0,0.0,0.0,0.0,33.0,33.0,1.0,3.0,1900.0,0.0,2.28,40.7435584,-74.000729,26v2,322,36061008900
1007420054,328 WEST 19 STREET,MN,742,54,10011.0,1008900,89,C5,2.0,"328 WEST 19TH STREET, LLC",4029.0,15195.0,15195.0,0.0,0.0,0.0,24.0,24.0,1.0,6.0,1910.0,1987.0,3.77,40.7431961,-74.0016925,26v2,241,36061008900
1007430028,321 WEST 19 STREET,MN,743,28,10011.0,1008900,89,B9,1.0,"EDWARDS, GEORGE B",1894.0,3696.0,2814.0,0.0,0.0,0.0,2.0,2.0,1.0,3.0,1910.0,0.0,1.95,40.7433937,-74.0010357,26v2,291,36061008900
1007420049,318 WEST 19 STREET,MN,742,49,10011.0,1008900,89,D4,3.0,CHELSEA 19TH ST OWNERS CORP,6045.0,22700.0,22700.0,0.0,0.0,0.0,34.0,34.0,1.0,5.0,1900.0,1970.0,3.76,40.7430643,-74.0013858,26v2,244,36061008900
1007420058,336 WEST 19 STREET,MN,742,58,10011.0,1008900,89,C5,2.0,"336 WEST 19TH REALTY, LLC",2300.0,6546.0,6546.0,0.0,0.0,0.0,21.0,21.0,1.0,4.0,1910.0,2014.0,2.85,40.7433031,-74.0019487,26v2,241,36061008900
1007430024,329 WEST 19 STREET,MN,743,24,10011.0,1008900,89,C6,2.0,329 W 19 ST APT CORP,1985.0,5312.0,5312.0,0.0,0.0,0.0,5.0,5.0,1.0,3.0,1920.0,1977.0,2.68,40.7435035,-74.0012992,26v2,288,36061008900
1007420018,333 WEST 18 STREET,MN,742,18,10011.0,1008900,89,C3,2.0,"WILLIAMS, DAMIAN",2154.0,5789.0,5789.0,0.0,0.0,0.0,4.0,4.0,1.0,4.0,1900.0,2000.0,2.69,40.7430478,-74.002039,26v2,212,36061008900
1007430018,341 WEST 19 STREET,MN,743,18,10011.0,1008900,89,C2,2.0,"GW 341 WEST 19TH STREET, LLC",1397.0,4136.0,4136.0,0.0,0.0,0.0,6.0,6.0,1.0,3.0,1900.0,1975.0,2.96,40.7436599,-74.0017719,26v2,283,36061008900
1007430012,353 WEST 19 STREET,MN,743,12,10011.0,1008900,89,C0,2.0,CONRADO CRUZ,1397.0,3528.0,2562.0,0.0,0.0,0.0,3.0,3.0,1.0,3.0,1910.0,1998.0,2.53,40.7438328,-74.0021869,26v2,288,36061008900
1007440040,205 8 AVENUE,MN,744,40,10011.0,1008900,89,C4,2.0,"BCC 205-207 EIGHTH AVE, LLC",2500.0,10800.0,8800.0,2000.0,0.0,2000.0,10.0,11.0,1.0,5.0,1900.0,1986.0,4.32,40.7438521,-73.9999459,26v2,390,36061008900
1007430022,333 WEST 19 STREET,MN,743,22,10011.0,1008900,89,C4,2.0,"TOKUYAMA, SEIYA",2300.0,8525.0,8525.0,0.0,0.0,0.0,15.0,15.0,1.0,5.0,1910.0,1988.0,3.71,40.7435666,-74.0014507,26v2,287,36061008900
1007440038,201 8 AVENUE,MN,744,38,10011.0,1008900,89,K4,4.0,"KAPI HOLDINGS NYC, LLC",1442.0,3132.0,0.0,3132.0,1000.0,2132.0,0.0,2.0,1.0,3.0,1910.0,1987.0,2.17,40.7437286,-74.0,26v2,377,36061008900
1007420053,326 WEST 19 STREET,MN,742,53,10011.0,1008900,89,C1,2.0,354 EAST 89TH STREET GROUP LLC,2009.0,4220.0,4220.0,0.0,0.0,0.0,7.0,7.0,1.0,3.0,1910.0,1987.0,2.1,40.7431522,-74.0015915,26v2,241,36061008900
1007430050,306 WEST 20 STREET,MN,743,50,10011.0,1008900,89,C6,2.0,306 WEST 20TH APT CORP,2300.0,6985.0,6985.0,0.0,0.0,0.0,6.0,6.0,1.0,4.0,1920.0,1987.0,3.04,40.7434953,-74.0005738,26v2,325,36061008900
1007430025,327 WEST 19 STREET,MN,743,25,10011.0,1008900,89,C0,2.0,"POPE, SARAH ANDERSON TTEE",1894.0,3520.0,2640.0,0.0,0.0,0.0,3.0,3.0,1.0,3.0,1910.0,0.0,1.86,40.743476,-74.0012306,26v2,288,36061008900
1007430019,339 WEST 19 STREET,MN,743,19,10011.0,1008900,89,C2,2.0,"GW 339 WEST 19TH STREET, LLC",1397.0,4560.0,4560.0,0.0,0.0,0.0,6.0,6.0,1.0,3.5,1900.0,1975.0,3.26,40.7436325,-74.0017034,26v2,283,36061008900
1007420052,324 WEST 19 STREET,MN,742,52,10011.0,1008900,89,B1,1.0,DANIS AMY,2009.0,3780.0,2730.0,0.0,0.0,0.0,2.0,2.0,1.0,3.0,1841.0,0.0,1.88,40.7431247,-74.0015229,26v2,242,36061008900
1007420071,362 WEST 19 STREET,MN,742,71,10011.0,1008900,89,A4,1.0,"BOSSARD, VANESSA",1393.0,2100.0,2100.0,0.0,0.0,0.0,1.0,1.0,1.0,3.0,1930.0,0.0,1.51,40.7437203,-74.0028546,26v2,264,36061008900
1007430020,335 WEST 19 STREET,MN,743,20,10011.0,1008900,89,C5,2.0,"TOKUYAMA, SEIYA",4584.0,14540.0,14540.0,0.0,0.0,0.0,44.0,44.0,1.0,4.0,1938.0,0.0,3.17,40.743616,-74.0015698,26v2,286,36061008900
1007420020,329 WEST 18 STREET,MN,742,20,10011.0,1008900,89,C0,2.0,MARIE C BANNISTER,2009.0,3360.0,2520.0,0.0,0.0,0.0,3.0,3.0,1.0,3.0,1920.0,0.0,1.67,40.7429875,-74.001891,26v2,212,36061008900
1007430016,345 WEST 19 STREET,MN,743,16,10011.0,1008900,89,C1,2.0,345W19 LLC,1397.0,2737.0,2737.0,0.0,0.0,0.0,8.0,8.0,2.0,3.0,1910.0,1962.0,1.96,40.7437313,-74.0019452,26v2,284,36061008900
1007440036,197 8 AVENUE,MN,744,36,10011.0,1008900,89,C4,2.0,SNA ENTERPRISES INC,3050.0,11076.0,7224.0,3852.0,0.0,2000.0,9.0,11.0,1.0,4.0,1900.0,1980.0,3.63,40.7436599,-74.0000505,26v2,369,36061008900
1007430051,308 WEST 20 STREET,MN,743,51,10011.0,1008900,89,C2,2.0,"308 WEST 20TH,",2300.0,5497.0,5497.0,0.0,0.0,0.0,6.0,6.0,1.0,4.0,1900.0,1964.0,2.39,40.7435282,-74.0006532,26v2,323,36061008900
1007420059,338 WEST 19 STREET,MN,742,59,10011.0,1008900,89,C6,2.0,338 WEST 19 ST INC,2300.0,11150.0,11150.0,0.0,0.0,0.0,18.0,18.0,1.0,6.0,1920.0,1975.0,4.85,40.743336,-74.0020245,26v2,241,36061008900
1007420074,140 9 AVENUE,MN,742,74,10011.0,1008900,89,S2,4.0,"BANK, S. TED",995.0,2992.0,1496.0,1496.0,0.0,748.0,2.0,3.0,1.0,3.0,1920.0,0.0,3.01,40.7437477,-74.0030025,26v2,266,36061008900
1007420060,340 WEST 19 STREET,MN,742,60,10011.0,1008900,89,C6,2.0,340  W OWNERS CORPORATION,4600.0,19438.0,19438.0,0.0,0.0,0.0,26.0,26.0,1.0,6.0,1920.0,1988.0,4.23,40.7433854,-74.0021436,26v2,242,36061008900
1007420048,316 WEST 19 STREET,MN,742,48,10011.0,1008900,89,C4,2.0,170 HARMEN REALTY LLC,2392.0,9600.0,9600.0,0.0,0.0,0.0,12.0,12.0,1.0,5.0,1900.0,1986.0,4.01,40.7430039,-74.0012378,26v2,247,36061008900
1007420047,314 WEST 19 STREET,MN,742,47,10011.0,1008900,89,C6,2.0,314 WEST 19TH CORP,1748.0,6595.0,6595.0,0.0,0.0,0.0,8.0,8.0,1.0,5.0,1920.0,0.0,3.77,40.7429737,-74.0011656,26v2,249,36061008900
1007420056,332 WEST 19 STREET,MN,742,56,10011.0,1008900,89,C6,2.0,CHELSEA COURT EQUITIES INC,2155.0,7589.0,7589.0,0.0,0.0,0.0,5.0,5.0,1.0,4.0,1910.0,1989.0,3.52,40.74324,-74.0017972,26v2,240,36061008900
1007420057,334 WEST 19 STREET,MN,742,57,10011.0,1008900,89,C6,2.0,CHELSEA COURT EQUITIES INC,2155.0,7589.0,7589.0,0.0,0.0,0.0,5.0,5.0,1.0,4.0,1910.0,1988.0,3.52,40.7432702,-74.001873,26v2,240,36061008900
1007430023,331 WEST 19 STREET,MN,743,23,10011.0,1008900,89,C3,2.0,331 WEST NINETEENTH STREET LLC,2277.0,5500.0,5500.0,0.0,0.0,0.0,4.0,4.0,1.0,3.0,1910.0,1987.0,2.42,40.7435337,-74.0013713,26v2,287,36061008900
1007430026,325 WEST 19 STREET,MN,743,26,10011.0,1008900,89,C0,2.0,EDWARDS SARAH,1894.0,3520.0,2640.0,0.0,0.0,0.0,3.0,3.0,1.0,3.0,1910.0,0.0,1.86,40.7434486,-74.0011656,26v2,289,36061008900
1007430027,323 WEST 19 STREET,MN,743,27,10011.0,1008900,89,A9,1.0,WALLFLOWER LLC,1894.0,3564.0,2673.0,0.0,0.0,0.0,1.0,1.0,1.0,3.0,1901.0,1962.0,1.88,40.7434211,-74.0011007,26v2,290,36061008900
1007430029,319 WEST 19 STREET,MN,743,29,10011.0,1008900,89,B1,1.0,GWENN KIRSCHNER,1963.0,4032.0,2940.0,0.0,0.0,0.0,2.0,2.0,1.0,3.0,1910.0,0.0,2.05,40.7433662,-74.0009708,26v2,292,36061008900
1007430053,312 WEST 20 STREET,MN,743,53,10011.0,1008900,89,D7,4.0,MARLENE ASSOCIATES LLC,4577.0,18828.0,18328.0,500.0,500.0,0.0,24.0,25.0,1.0,6.0,1906.0,1987.0,4.11,40.7436105,-74.0008517,26v2,319,36061008900
1007420007,335 WEST 18 STREET,MN,742,7,10011.0,1008900,89,W1,8.0,NYC DEPARTMENT OF EDUCATION,43240.0,280569.0,0.0,280569.0,280569.0,0.0,0.0,1.0,1.0,10.0,1931.0,1934.0,6.49,40.7433635,-74.0025262,26v2,230,36061008900
1007420037,167 8 AVENUE,MN,742,37,10011.0,1008900,89,C7,4.0,167-8TH AVENUE LLC,2233.0,9240.0,7220.0,2020.0,0.0,2020.0,8.0,9.0,1.0,5.0,1910.0,2008.0,4.14,40.7426499,-74.0008192,26v2,247,36061008900
1007420043,306 WEST 19 STREET,MN,742,43,10011.0,1008900,89,O8,4.0,"JOYCE 306 W19, LLC",1552.0,5104.0,638.0,4466.0,4466.0,0.0,1.0,2.0,1.0,4.0,1910.0,1985.0,3.29,40.7429024,-74.0009058,26v2,259,36061008900
1007420036,165 8 AVENUE,MN,742,36,10011.0,1008900,89,S3,4.0,"HALL REALTY, INC.",2233.0,5390.0,3890.0,1500.0,0.0,1500.0,3.0,4.0,1.0,3.0,1910.0,1989.0,2.41,40.742595,-74.0008589,26v2,241,36061008900
1007420035,163 8 AVENUE,MN,742,35,10011.0,1008900,89,S3,4.0,L&E BROKERAGE INC,1742.0,4198.0,2813.0,1385.0,0.0,1385.0,3.0,4.0,1.0,3.0,1901.0,0.0,2.41,40.7425264,-74.0008625,26v2,236,36061008900
1007420038,169 8 AVENUE,MN,742,38,10011.0,1008900,89,C7,4.0,"169 EIGHTH AVENUE REALTY,    .",2233.0,9185.0,8105.0,1080.0,0.0,1080.0,9.0,10.0,1.0,5.0,1910.0,1986.0,4.11,40.742702,-74.0007795,26v2,253,36061008900
1007420039,171 8 AVENUE,MN,742,39,10011.0,1008900,89,J2,5.0,"THE JOYCE THEATER FOUNDATION, INC.",7256.0,6742.0,0.0,6742.0,0.0,0.0,0.0,1.0,1.0,3.0,1942.0,1983.0,0.93,40.7428173,-74.0007037,26v2,266,36061008900
1007420034,161 8 AVENUE,MN,742,34,10011.0,1008900,89,S3,4.0,J&J 161 8TH AVE. LLC,1950.0,7800.0,6100.0,1700.0,0.0,1700.0,3.0,4.0,1.0,4.0,1920.0,1989.0,4.0,40.7424687,-74.0009058,26v2,230,36061008900
1007420046,312 WEST 19 STREET,MN,742,46,10011.0,1008900,89,B9,1.0,"JOHNSON , NADINE POLET",1120.0,3040.0,2432.0,0.0,0.0,0.0,2.0,2.0,1.0,4.0,1920.0,0.0,2.71,40.7429765,-74.0010862,26v2,254,36061008900
1007420033,303 WEST 18 STREET,MN,742,33,10011.0,1008900,89,C2,2.0,CHELSEA 303 W 18TH STREET LLC,1041.0,4400.0,4400.0,0.0,0.0,0.0,5.0,5.0,1.0,4.0,1920.0,0.0,4.23,40.742562,-74.0010429,26v2,226,36061008900
1007420044,308 WEST 19 STREET,MN,742,44,10011.0,1008900,89,B9,1.0,A&S HANSEATIC PARTNERS LLC,1540.0,3344.0,2508.0,0.0,0.0,0.0,2.0,2.0,1.0,3.0,1920.0,2008.0,2.17,40.7429298,-74.0009744,26v2,257,36061008900
1007420026,317 WEST 18 STREET,MN,742,26,10011.0,1008900,89,B1,1.0,TERZI ROBERT C,2009.0,3520.0,2640.0,0.0,0.0,0.0,2.0,2.0,1.0,3.0,1920.0,1987.0,1.75,40.7428118,-74.0014796,26v2,217,36061008900
1007420021,327 WEST 18 STREET,MN,742,21,10011.0,1008900,89,C4,2.0,BANNISTER TERRANCE,2008.0,6164.0,6164.0,0.0,0.0,0.0,6.0,6.0,1.0,4.0,1910.0,1987.0,3.07,40.7429573,-74.0018224,26v2,213,36061008900
1007420022,319 WEST 18 STREET,MN,742,22,10011.0,1008900,89,D4,3.0,319 WEST 18 STREET OWNERS CORP BUCHBINDE R LLC,8010.0,33900.0,33900.0,0.0,0.0,0.0,60.0,60.0,1.0,6.0,1928.0,1986.0,4.23,40.7428859,-74.0016492,26v2,215,36061008900
1007190057,414 WEST 22 STREET,MN,719,57,10011.0,1008900,89,C5,2.0,414-424 WEST 22ND STREET LLC,12215.0,24415.0,24415.0,0.0,0.0,0.0,20.0,20.0,4.0,4.0,1960.0,0.0,2.0,40.7459106,-74.0026129,26v2,509,36061008900
1007190020,433 WEST 21 STREET,MN,719,20,10011.0,1008900,89,D1,3.0,"433 WEST ASSOCIATES,",8381.0,63956.0,63956.0,0.0,0.0,0.0,69.0,69.0,1.0,13.0,1930.0,1988.0,7.63,40.7459874,-74.0035259,26v2,515,36061008900
1007190062,434 WEST 22 STREET,MN,719,62,10011.0,1008900,89,C3,2.0,"PRESTON, JEFFREY",1863.0,4366.0,4366.0,0.0,0.0,0.0,4.0,4.0,1.0,3.0,1900.0,0.0,2.34,40.7461219,-74.0030748,26v2,530,36061008900
1007190064,436 WEST 22 STREET,MN,719,64,10011.0,1008900,89,D1,3.0,"PRESTON, JEFFREY",3086.0,6566.0,6566.0,0.0,0.0,0.0,6.0,6.0,1.0,3.0,1900.0,1984.0,2.13,40.7461549,-74.0031578,26v2,533,36061008900
1007190049,410 WEST 22 STREET,MN,719,49,10011.0,1008900,89,C5,2.0,SIXTH 410 W 22ND ST LLC,2050.0,7980.0,7980.0,0.0,0.0,0.0,12.0,12.0,2.0,4.5,1856.0,0.0,3.89,40.745853,-74.0023566,26v2,505,36061008900
1007160017,401 WEST 18 STREET,MN,716,17,10011.0,1008900,89,D1,3.0,NYC HOUSING AUTHORITY,62560.0,253070.0,253070.0,0.0,0.0,0.0,36.0,36.0,3.0,7.0,1963.0,0.0,4.05,40.7440359,-74.0040202,26v2,305,36061008900
1007420004,134 9 AVENUE,MN,742,4,10011.0,1008900,89,C7,4.0,160 EAST 28TH & 134NINTH,1814.0,7100.0,5439.0,1661.0,0.0,1661.0,8.0,9.0,1.0,5.0,1950.0,1985.0,3.91,40.743594,-74.0030711,26v2,249,36061008900
1007420003,132 9 AVENUE,MN,742,3,10011.0,1008900,89,S5,4.0,132 NINTH AVENUE LIMITED LIABILITY COMPA NY,1760.0,3900.0,3000.0,900.0,0.0,900.0,6.0,7.0,1.0,4.0,1900.0,1968.0,2.22,40.7435391,-74.0031108,26v2,242,36061008900
1007420005,359 WEST 18 STREET,MN,742,5,10011.0,1008900,89,C0,2.0,"CIOFFI, SARI",892.0,2200.0,1760.0,0.0,0.0,0.0,3.0,3.0,1.0,3.0,1910.0,0.0,2.47,40.7434156,-74.0030783,26v2,229,36061008900
1007180001,440 WEST 21 STREET,MN,718,1,10011.0,1008900,89,W7,8.0,GEN THEO SEMINARY P E,77773.0,133885.0,0.0,133885.0,0.0,0.0,0.0,16.0,2.0,6.0,1931.0,0.0,1.72,40.7455044,-74.0037497,26v2,463,36061008900
1007170040,161 9 AVENUE,MN,717,40,10011.0,1008900,89,C6,2.0,161 NINTH LTD,2021.0,5021.0,5021.0,0.0,0.0,0.0,8.0,8.0,1.0,4.0,1900.0,1969.0,2.48,40.7445053,-74.0031325,26v2,350,36061008900
1007420076,136 9 AVENUE,MN,742,76,10011.0,1008900,89,S5,4.0,136 NINTH AVENUE CORP,2233.0,4286.0,3486.0,800.0,0.0,800.0,6.0,7.0,1.0,4.0,1910.0,2000.0,1.92,40.7436379,-74.0029989,26v2,254,36061008900
1007420002,130 9 AVENUE,MN,742,2,10011.0,1008900,89,S3,4.0,HUA DA INC,1561.0,4236.0,3036.0,1200.0,0.0,1200.0,3.0,4.0,1.0,4.0,1920.0,0.0,2.71,40.7434952,-74.003183,26v2,237,36061008900
1007170043,169 9 AVENUE,MN,717,43,10011.0,1008900,89,C7,4.0,LMS REALTY LLC,2481.0,11736.0,9388.0,2348.0,0.0,2348.0,8.0,10.0,1.0,5.0,1910.0,2012.0,4.73,40.7446233,-74.0030459,26v2,363,36061008900
1007170019,401 WEST 19 STREET,MN,717,19,10011.0,1008900,89,D1,3.0,NYC HOUSING AUTHORITY,29275.0,45420.0,45420.0,0.0,0.0,0.0,36.0,36.0,1.0,7.0,1965.0,1987.0,1.55,40.7445053,-74.0037352,26v2,353,36061008900
1007420001,128 9 AVENUE,MN,742,1,10011.0,1008900,89,B1,1.0,363 WEST 18TH STREEET REALTY LLC,975.0,3432.0,2574.0,0.0,0.0,0.0,2.0,2.0,1.0,4.0,1910.0,0.0,3.52,40.7434458,-74.0032515,26v2,232,36061008900
1007420072,144 9 AVENUE,MN,742,72,10011.0,1008900,89,C7,4.0,932 AMSTER LLC.,2190.0,8760.0,6660.0,2100.0,0.0,2100.0,16.0,18.0,1.0,4.0,1910.0,0.0,4.0,40.7438109,-74.0029556,26v2,273,36061008900
1007420080,361 WEST 18 STREET,MN,742,80,10011.0,1008900,89,A4,1.0,MCEVOY  KEVIN,353.0,1408.0,1056.0,0.0,0.0,0.0,1.0,1.0,1.0,3.0,1920.0,0.0,3.99,40.7434074,-74.0031541,26v2,228,36061008900
1007170014,443 WEST 19 STREET,MN,717,14,10011.0,1008900,89,B9,1.0,HOME21HOME LLC,2000.0,4875.0,4875.0,0.0,0.0,0.0,2.0,2.0,1.0,3.0,1901.0,0.0,2.44,40.7449142,-74.0046988,26v2,415,36061008900
1007430001,148 9 AVENUE,MN,743,1,10011.0,1008900,89,S0,4.0,"ROUNDSTONE PROPERTIES, LLC",1500.0,3100.0,1550.0,1550.0,0.0,1550.0,1.0,3.0,1.0,2.0,1910.0,0.0,2.07,40.744025,-74.0027932,26v2,298,36061008900
1007440003,170 9 AVENUE,MN,744,3,10011.0,1008900,89,C6,2.0,CHELTONCORT OWNERS CORP,12100.0,37887.0,30387.0,7500.0,0.0,7500.0,55.0,62.0,3.0,5.0,1940.0,1988.0,3.13,40.7448347,-74.0020787,26v2,398,36061008900
1007190040,187 9 AVENUE,MN,719,40,10011.0,1008900,89,K2,5.0,"YAMCO II, LLC",1115.0,1604.0,0.0,1604.0,0.0,1604.0,0.0,1.0,1.0,2.0,1868.0,0.0,1.44,40.7455126,-74.0023674,26v2,467,36061008900
1007450012,345 WEST 21 STREET,MN,745,12,10011.0,1008900,89,C6,2.0,345 WEST 21 ST APT CO,2469.0,9735.0,9735.0,0.0,0.0,0.0,20.0,20.0,1.0,5.0,1920.0,1975.0,3.94,40.745046,-74.0012992,26v2,440,36061008900
1007440067,350 WEST 21 STREET,MN,744,67,10011.0,1008900,89,C4,2.0,"350 W. 21ST STREET,",1554.0,3612.0,3612.0,0.0,0.0,0.0,8.0,8.0,1.0,4.0,1900.0,0.0,2.32,40.7447963,-74.0017683,26v2,401,36061008900
1007450013,343 WEST 21 STREET,MN,745,13,10011.0,1008900,89,C5,2.0,BALLROOM BARKS] INC,2469.0,7000.0,7000.0,0.0,0.0,0.0,15.0,15.0,1.0,4.0,1920.0,1988.0,2.84,40.7450131,-74.0012162,26v2,440,36061008900
1007440070,356 WEST 21 STREET,MN,744,70,10011.0,1008900,89,C2,2.0,356 WEST 21 LLC,1604.0,5720.0,5720.0,0.0,0.0,0.0,5.0,5.0,1.0,5.0,1940.0,0.0,3.57,40.7448676,-74.0019416,26v2,404,36061008900
1007440063,342 WEST 21 STREET,MN,744,63,10011.0,1008900,89,C6,2.0,"342 WEST 21ST STREET OWNERS, INC.",4600.0,19440.0,19440.0,0.0,0.0,0.0,31.0,31.0,1.0,6.0,1940.0,0.0,4.23,40.7446947,-74.0016096,26v2,395,36061008900
1007440001,363 WEST 20 STREET,MN,744,1,10011.0,1008900,89,D4,3.0,365 W 20 APTS CORP,4810.0,62638.0,60138.0,2500.0,0.0,2500.0,74.0,76.0,1.0,16.0,1928.0,1985.0,13.02,40.7446755,-74.0023241,26v2,376,36061008900
1007440066,348 WEST 21 STREET,MN,744,66,10011.0,1008900,89,C1,2.0,"GW 348 WEST 21ST STREET, LLC",1554.0,4218.0,4218.0,0.0,0.0,0.0,10.0,10.0,1.0,3.5,1920.0,1985.0,2.71,40.7447661,-74.0017034,26v2,399,36061008900
1007190038,401 WEST 21 STREET,MN,719,38,10011.0,1008900,89,S1,4.0,"SHORE, J. STEVEN",2660.0,4050.0,3050.0,1000.0,0.0,1000.0,1.0,2.0,2.0,2.0,1910.0,0.0,1.52,40.7454358,-74.0024252,26v2,458,36061008900
1007440068,352 WEST 21 STREET,MN,744,68,10011.0,1008900,89,A5,1.0,"MCDEAN, CRAIG",1221.0,4455.0,3564.0,0.0,0.0,0.0,1.0,1.0,1.0,4.0,1910.0,2008.0,3.65,40.744821,-74.0018297,26v2,402,36061008900
1007170077,460 WEST 20 STREET,MN,717,77,10011.0,1008900,89,D7,4.0,"10TH AVENUE ASSOCIATES, LLC",10750.0,68260.0,58260.0,10000.0,0.0,8000.0,73.0,75.0,1.0,9.0,1999.0,0.0,6.35,40.7454851,-74.0053701,26v2,494,36061008900
1007170005,459 WEST 19 STREET,MN,717,5,10011.0,1008900,89,K1,5.0,459 WEST 19TH REALTY LLC,3800.0,3800.0,0.0,3800.0,0.0,3800.0,0.0,1.0,1.0,1.0,1910.0,2000.0,1.0,40.7451969,-74.005352,26v2,463,36061008900
1007160013,443 WEST 18 STREET,MN,716,13,10011.0,1008900,89,K2,5.0,"ALCAM PROPERTY MANAGEMENT,",8425.0,16866.0,0.0,16866.0,0.0,16866.0,0.0,2.0,1.0,2.0,1920.0,0.0,2.0,40.7443515,-74.0051354,26v2,370,36061008900
1007160061,446 WEST 19 STREET,MN,716,61,10011.0,1008900,89,C4,2.0,JP REAL ESTATE GROUP LIMITED,2300.0,7100.0,7100.0,0.0,0.0,0.0,8.0,8.0,1.0,4.0,1885.0,1988.0,3.09,40.7447028,-74.0052617,26v2,410,36061008900
1007440055,326 WEST 21 STREET,MN,744,55,10011.0,1008900,89,Q2,9.0,NYC DEPARTMENT OF EDUCATION,18361.0,0.0,,,,,0.0,0.0,1.0,,0.0,0.0,0.0,40.7445273,-74.0012162,26v2,390,36061008900
1007170060,430 WEST 20 STREET,MN,717,60,10011.0,1008900,89,M9,8.0,MOTHERS OF THE HELPLESS,8650.0,9221.0,0.0,9221.0,0.0,0.0,0.0,0.0,3.0,4.0,1900.0,0.0,1.07,40.7449746,-74.0044389,26v2,415,36061008900
1007170002,148 10 AVENUE,MN,717,2,10011.0,1008900,89,C7,4.0,146-150 TENTH AVENUE REALTY LLC,2001.0,8625.0,6925.0,1700.0,0.0,1700.0,15.0,16.0,1.0,5.0,1900.0,1981.0,4.31,40.7452737,-74.0055649,26v2,478,36061008900
1007160002,132 10 AVENUE,MN,716,2,10011.0,1008900,89,K4,4.0,132 WEST CHELSEA LLC,1675.0,3909.0,0.0,3909.0,2281.0,1628.0,0.0,1.0,1.0,3.0,1910.0,1998.0,2.33,40.7446863,-74.0060016,26v2,438,36061008900
1007160001,130 10 AVENUE,MN,716,1,10011.0,1008900,89,S4,4.0,130 WEST CHELSEA LLC,1875.0,5225.0,3350.0,1875.0,0.0,1875.0,4.0,5.0,1.0,4.5,1910.0,0.0,2.79,40.7446287,-74.0060449,26v2,435,36061008900
1007170003,150 10 AVENUE,MN,717,3,10011.0,1008900,89,C4,2.0,146-150 TENTH AVENUE REALTY LLC,2001.0,8625.0,6925.0,1700.0,0.0,1700.0,15.0,16.0,1.0,5.0,1900.0,1981.0,4.31,40.7453341,-74.005518,26v2,483,36061008900
1007170001,146 10 AVENUE,MN,717,1,10011.0,1008900,89,C7,4.0,146-150 TENTH AVENUE REALTY LLC,2001.0,8625.0,6925.0,1700.0,0.0,1700.0,16.0,17.0,1.0,5.0,1900.0,1981.0,4.31,40.7452106,-74.0056118,26v2,474,36061008900
1007170009,453 WEST 19 STREET,MN,717,9,10011.0,1008900,89,D4,3.0,WEST 19 ST OWNERS CORP,2302.0,11852.0,11852.0,0.0,0.0,0.0,12.0,12.0,1.0,7.0,1983.0,2008.0,5.15,40.7450926,-74.0050813,26v2,444,36061008900
1007220067,450 WEST 25 STREET,MN,722,67,10001.0,1009300,93,A4,1.0,FLAGSTAFF2 LLC,1778.0,5334.0,5334.0,0.0,0.0,0.0,1.0,1.0,1.0,5.0,1910.0,2013.0,3.0,40.7484742,-74.0026418,26v2,793,36061009300
1007220078,250 10 AVENUE,MN,722,78,10001.0,1009300,93,S2,4.0,"SALVIONI, DANIELA",1383.0,4560.0,2736.0,1824.0,0.0,912.0,2.0,3.0,1.0,4.0,1910.0,0.0,3.3,40.7485757,-74.0031796,26v2,802,36061009300
1007220003,246 10 AVENUE,MN,722,3,10001.0,1009300,93,C7,4.0,KF 10TH AVENUE LLC,2467.0,10635.0,8485.0,2150.0,0.0,2150.0,8.0,9.0,1.0,6.0,1910.0,2003.0,4.31,40.748444,-74.0032157,26v2,788,36061009300
1007230001,264 10 AVENUE,MN,723,1,10001.0,1009300,93,D3,3.0,NYC HOUSING AUTHORITY,64183.0,325140.0,325140.0,0.0,0.0,0.0,240.0,240.0,2.0,11.0,1940.0,1987.0,5.07,40.748993,-74.0023495,26v2,852,36061009300
1007220004,248 10 AVENUE,MN,722,4,10001.0,1009300,93,C7,4.0,KF 10TH AVENUE LLC,2467.0,9656.0,8656.0,1000.0,0.0,1000.0,9.0,10.0,1.0,6.0,1900.0,2003.0,3.91,40.7485016,-74.0031724,26v2,794,36061009300
1007220072,460 WEST 25 STREET,MN,722,72,10001.0,1009300,93,A9,1.0,"KETCHUM, CALVIN",1626.0,3721.0,3721.0,0.0,0.0,0.0,1.0,1.0,1.0,4.0,1910.0,1999.0,2.29,40.7486087,-74.0029342,26v2,806,36061009300
1007220069,454 WEST 25 STREET,MN,722,69,10001.0,1009300,93,C6,2.0,"HORT, ANDREW",1975.0,3432.0,3432.0,0.0,0.0,0.0,4.0,4.0,1.0,3.0,1900.0,2015.0,1.74,40.7485263,-74.0027646,26v2,798,36061009300
1007220005,461 WEST 24 STREET,MN,722,5,10011.0,1009300,93,A9,1.0,"CAMERON, REGAN",987.0,3430.0,2450.0,0.0,0.0,0.0,1.0,1.0,1.0,2.5,1910.0,2000.0,3.48,40.7482958,-74.0031543,26v2,771,36061009300
1007220073,462 WEST 25 STREET,MN,722,73,10001.0,1009300,93,A5,1.0,"COLOSI, MICHAEL",1370.0,4290.0,4290.0,0.0,0.0,0.0,1.0,1.0,1.0,5.0,1970.0,2005.0,3.13,40.7486306,-74.0029847,26v2,809,36061009300
1007220002,244 10 AVENUE,MN,722,2,10001.0,1009300,93,C7,4.0,"TSUKAKI CO., LTD.",1973.0,6399.0,5449.0,950.0,0.0,950.0,9.0,10.0,1.0,5.0,1910.0,0.0,3.24,40.7483946,-74.0032915,26v2,782,36061009300
1007220071,458 WEST 25 STREET,MN,722,71,10001.0,1009300,93,B1,1.0,"WILSON, KATHERINE C",1775.0,2310.0,2310.0,0.0,0.0,0.0,2.0,2.0,1.0,3.0,1900.0,0.0,1.3,40.7485758,-74.0028873,26v2,803,36061009300
1007220057,430 WEST 25 STREET,MN,722,57,10001.0,1009300,93,Q1,9.0,NYC DEPARTMENT OF PARKS AND RECREATION,16787.0,83940.0,0.0,83940.0,0.0,0.0,0.0,0.0,1.0,5.0,1975.0,0.0,5.0,40.7482958,-74.0022196,26v2,776,36061009300
1007220065,446 WEST 25 STREET,MN,722,65,10001.0,1009300,93,C1,2.0,GARVIN-HOFFER LLC,1975.0,3360.0,3360.0,0.0,0.0,0.0,8.0,8.0,1.0,3.0,1910.0,0.0,1.7,40.7484221,-74.0025191,26v2,787,36061009300
1007220077,252 10 AVENUE,MN,722,77,10001.0,1009300,93,S3,4.0,"ORGA, LLC",1383.0,3987.0,3037.0,950.0,0.0,950.0,3.0,4.0,1.0,4.0,1910.0,0.0,2.88,40.7486251,-74.0031435,26v2,808,36061009300
1007220001,242 10 AVENUE,MN,722,1,10001.0,1009300,93,S5,4.0,242 TENTH OWNER LP,1975.0,5738.0,4538.0,1200.0,0.0,1200.0,5.0,6.0,2.0,4.0,1910.0,2019.0,2.91,40.7483287,-74.0033384,26v2,775,36061009300
1007220066,448 WEST 25 STREET,MN,722,66,10001.0,1009300,93,C0,2.0,GEODUCK 25TH LLC,1925.0,2666.0,2666.0,0.0,0.0,0.0,3.0,3.0,1.0,3.0,1900.0,1986.0,1.38,40.7484495,-74.0025841,26v2,790,36061009300
1007220068,452 WEST 25 STREET,MN,722,68,10001.0,1009300,93,A4,1.0,JOSEPH CALVO,1925.0,4212.0,4212.0,0.0,0.0,0.0,1.0,1.0,1.0,4.0,1910.0,2017.0,2.19,40.7484989,-74.0026996,26v2,795,36061009300
1007220070,456 WEST 25 STREET,MN,722,70,10001.0,1009300,93,B1,1.0,"WAEEN, NADEEM",1975.0,3520.0,2640.0,0.0,0.0,0.0,2.0,2.0,1.0,3.0,1910.0,0.0,1.78,40.748551,-74.0028295,26v2,800,36061009300
1007220042,239 9 AVENUE,MN,722,42,10001.0,1009300,93,C7,4.0,237-239 NINTH AVE LLC,2467.0,9510.0,7610.0,1900.0,0.0,1900.0,18.0,20.0,1.0,5.0,1910.0,0.0,3.85,40.7476837,-74.0008626,26v2,730,36061009300
1007220050,416 WEST 25 STREET,MN,722,50,10001.0,1009300,93,C4,2.0,416 W. 25TH ST. ASSOCS.    .,2468.0,9750.0,9750.0,0.0,0.0,0.0,22.0,22.0,1.0,5.0,1900.0,0.0,3.95,40.7479692,-74.00144,26v2,750,36061009300
1007460072,356 WEST 23 STREET,MN,746,72,10011.0,1009300,93,C6,2.0,354-356 WEST 23RD STREET CORP.,2469.0,8445.0,8445.0,0.0,0.0,0.0,14.0,14.0,1.0,5.0,1910.0,1972.0,3.42,40.7459793,-74.0008264,26v2,551,36061009300
1007460058,328 WEST 23 STREET,MN,746,58,10011.0,1009300,93,B9,1.0,BLUE DOOR 23 LLC,2474.0,7635.0,6135.0,0.0,0.0,0.0,2.0,2.0,1.0,5.0,1926.0,2014.0,3.09,40.7455154,-73.9997221,26v2,548,36061009300
1007220074,258 10 AVENUE,MN,722,74,10001.0,1009300,93,S3,4.0,NYC HOUSING PRESERVATION AND DEVELOPMENT,1146.0,3433.0,2633.0,800.0,0.0,800.0,3.0,4.0,1.0,3.0,1910.0,0.0,3.0,40.7487734,-74.0030605,26v2,824,36061009300
1007460059,330 WEST 23 STREET,MN,746,59,10011.0,1009300,93,M9,8.0,LEO HOUSE FOR GERMAN CATHOLIC EMIGRANTS,2417.0,8000.0,0.0,8000.0,0.0,0.0,0.0,1.0,1.0,5.0,1926.0,2011.0,3.31,40.7455483,-73.9998015,26v2,547,36061009300
1007460060,334 WEST 23 STREET,MN,746,60,10011.0,1009300,93,M9,8.0,LEO HOUSE FOR GERMAN CATHOLIC EMIGRANTS,4950.0,32000.0,0.0,32000.0,0.0,0.0,0.0,1.0,1.0,8.0,1926.0,1985.0,6.46,40.745595,-73.999917,26v2,546,36061009300
1007490017,341 WEST 25 STREET,MN,749,17,10001.0,1009300,93,M1,8.0,341 W 25TH L.P.,12838.0,31797.0,0.0,31797.0,0.0,0.0,0.0,3.0,1.0,1.0,1927.0,1986.0,2.48,40.7473763,-73.998892,26v2,761,36061009300
1007460062,336 WEST 23 STREET,MN,746,62,10011.0,1009300,93,K4,4.0,"SOUTHWEST PROPERTIES,",2469.0,12049.0,5316.0,6733.0,0.0,6733.0,2.0,3.0,1.0,5.0,1910.0,2006.0,4.88,40.7456471,-74.0000325,26v2,547,36061009300
1007490015,343 WEST 25 STREET,MN,749,15,10001.0,1009300,93,M3,8.0,341 W 25TH L.P.,4444.0,7925.0,0.0,7925.0,0.0,0.0,0.0,2.0,1.0,3.0,1927.0,0.0,1.78,40.7474916,-73.9991699,26v2,762,36061009300
1007460057,326 WEST 23 STREET,MN,746,57,10011.0,1009300,93,C7,4.0,"GW 326 WEST 23RD STREET, LLC",2156.0,5698.0,4298.0,1400.0,0.0,1400.0,8.0,9.0,1.0,4.0,1900.0,1984.0,2.64,40.7454825,-73.9996463,26v2,548,36061009300
1007470028,315 WEST 23 STREET,MN,747,28,10011.0,1009300,93,D4,3.0,315 WEST 23RD STREET OWNER CORP,10038.0,120010.0,117600.0,2410.0,0.0,0.0,81.0,81.0,1.0,13.0,1926.0,1981.0,11.96,40.7458118,-73.9991302,26v2,603,36061009300
1007460012,347 WEST 22 STREET,MN,746,12,10011.0,1009300,93,C6,2.0,345-347 W 22ND APT CP,4444.0,13830.0,13830.0,0.0,0.0,0.0,11.0,11.0,1.0,4.0,1910.0,1981.0,3.11,40.7456224,-74.0007507,26v2,517,36061009300
1007220040,235 9 AVENUE,MN,722,40,10001.0,1009300,93,S5,4.0,RSG ASSOCIATES LLC,2467.0,5849.0,4649.0,1200.0,0.0,1200.0,6.0,7.0,1.0,4.0,1910.0,0.0,2.37,40.7475657,-74.0009456,26v2,716,36061009300
1007480001,311 WEST 24 STREET,MN,748,1,10001.0,1009300,93,D4,3.0,MUT REDEVELOPMENT,206175.0,817317.0,806961.0,10356.0,645.0,9711.0,756.0,763.0,3.0,21.0,1963.0,0.0,3.96,40.7467286,-73.9992277,26v2,685,36061009300
1007460071,354 WEST 23 STREET,MN,746,71,10011.0,1009300,93,C6,2.0,354 356 W 23 ST CORP,2469.0,7500.0,7500.0,0.0,0.0,0.0,13.0,13.0,1.0,5.0,1900.0,1973.0,3.04,40.7459491,-74.0007507,26v2,551,36061009300
1007460064,340 WEST 23 STREET,MN,746,64,10011.0,1009300,93,A4,1.0,RIVER TUTI LLC,2469.0,7673.0,7673.0,0.0,0.0,0.0,1.0,1.0,1.0,5.0,1900.0,0.0,3.11,40.745713,-74.0001913,26v2,547,36061009300
1007220041,237 9 AVENUE,MN,722,41,10001.0,1009300,93,C4,2.0,237-239 NINTH AVE LLC,2467.0,9510.0,7610.0,1900.0,0.0,1900.0,18.0,20.0,1.0,5.0,1910.0,0.0,3.85,40.7476261,-74.0009023,26v2,723,36061009300
1007470001,212 9 AVENUE,MN,747,1,10011.0,1009300,93,D4,3.0,MUTUAL REDEVELOPMENT HOUSES INC,71700.0,250908.0,213545.0,37363.0,16700.0,20663.0,186.0,197.0,3.0,21.0,1963.0,0.0,3.5,40.7461961,-73.9998196,26v2,609,36061009300
1007490001,250 9 AVENUE,MN,749,1,10001.0,1009300,93,D4,3.0,MUTUAL REDEVELOPMENT HOUSES INC,49375.0,202095.0,200559.0,1536.0,1536.0,0.0,186.0,186.0,1.0,22.0,1963.0,0.0,4.09,40.7478292,-73.9996319,26v2,780,36061009300
1007490023,329 WEST 25 STREET,MN,749,23,10001.0,1009300,93,M1,8.0,341 W 25TH L.P.,2469.0,7300.0,0.0,7300.0,0.0,0.0,0.0,1.0,1.0,5.0,1962.0,1988.0,2.96,40.7472748,-73.9986466,26v2,762,36061009300
1007200018,459 WEST 22 STREET,MN,720,18,10011.0,1009300,93,C6,2.0,457 WEST 22ND STREET TENANTS CORP,3925.0,8122.0,8122.0,0.0,0.0,0.0,6.0,6.0,1.0,4.0,1900.0,1982.0,2.07,40.7467642,-74.0034358,26v2,601,36061009300
1007200028,439 WEST 22 STREET,MN,720,28,10011.0,1009300,93,C0,2.0,PAUL R VERSHBOW TRUST,1646.0,3688.0,2766.0,0.0,0.0,0.0,3.0,3.0,1.0,4.0,1855.0,1956.0,2.24,40.7465419,-74.0029088,26v2,577,36061009300
1007490070,346 WEST 26 STREET,MN,749,70,10001.0,1009300,93,Q2,9.0,NYC DEPARTMENT OF PARKS AND RECREATION,18219.0,0.0,,,,,0.0,0.0,1.0,,0.0,0.0,0.0,40.7475904,-73.9986935,26v2,790,36061009300
1007200014,467 WEST 22 STREET,MN,720,14,10011.0,1009300,93,C6,2.0,UNAVAILABLE OWNER,3292.0,7890.0,7890.0,0.0,0.0,0.0,6.0,6.0,1.0,4.0,1900.0,1979.0,2.4,40.746852,-74.0036415,26v2,612,36061009300
1007490069,348 WEST 26 STREET,MN,749,69,10001.0,1009300,93,M1,8.0,AMER PROT DEFENSE LEA,4938.0,10866.0,0.0,10866.0,0.0,0.0,0.0,1.0,1.0,3.0,1855.0,1983.0,2.2,40.7478073,-73.9991374,26v2,795,36061009300
1007220048,412 WEST 25 STREET,MN,722,48,10001.0,1009300,93,D1,3.0,TRILOBITE 25 LLC,4905.0,19500.0,19500.0,0.0,0.0,0.0,35.0,35.0,1.0,6.0,1910.0,0.0,3.98,40.7479198,-74.0013209,26v2,747,36061009300
1007220045,406 WEST 25 STREET,MN,722,45,10001.0,1009300,93,C4,2.0,IC BUSINESS MANAGMENT LLC,2468.0,9800.0,9800.0,0.0,0.0,0.0,20.0,20.0,1.0,5.0,1910.0,1985.0,3.97,40.7478045,-74.0010466,26v2,739,36061009300
1007230015,407 WEST 25 STREET,MN,723,15,10001.0,1009300,93,D3,3.0,NYC HOUSING AUTHORITY,74062.0,567000.0,567000.0,0.0,0.0,0.0,425.0,425.0,2.0,21.0,1962.0,1987.0,7.66,40.7485456,-74.0012307,26v2,816,36061009300
1007460079,206 9 AVENUE,MN,746,79,10011.0,1009300,93,C7,4.0,FAMILY OF FANNY LLC,2490.0,9720.0,8470.0,1250.0,0.0,1250.0,9.0,10.0,1.0,5.0,1915.0,0.0,3.9,40.7460341,-74.0012559,26v2,545,36061009300
1007200047,400 WEST 23 STREET,MN,720,47,10011.0,1009300,93,D4,3.0,UNAVAILABLE OWNER,5431.0,23608.0,18178.0,5430.0,0.0,5430.0,16.0,20.0,1.0,6.0,1920.0,1988.0,4.35,40.7463608,-74.0017431,26v2,570,36061009300
1007460078,368 WEST 23 STREET,MN,746,78,10011.0,1009300,93,D4,3.0,368 WEST 23RD ST APTS INC,2141.0,10426.0,7298.0,3128.0,0.0,3128.0,8.0,9.0,1.0,5.0,1900.0,1982.0,4.87,40.7462098,-74.001274,26v2,563,36061009300
1007220020,429 WEST 24 STREET,MN,722,20,10011.0,1009300,93,D4,3.0,WEST 24 OWNERS CORP.,4905.0,18700.0,18700.0,0.0,0.0,0.0,32.0,32.0,2.0,5.0,1920.0,1980.0,3.81,40.7479088,-74.0020499,26v2,735,36061009300
1007200063,430 WEST 23 STREET,MN,720,63,10011.0,1009300,93,C6,2.0,430 WEST 23 ST TENANTS CORP,3308.0,9577.0,9577.0,0.0,0.0,0.0,10.0,10.0,1.0,4.0,1920.0,2013.0,2.9,40.746767,-74.0027103,26v2,603,36061009300
1007220039,233 9 AVENUE,MN,722,39,10001.0,1009300,93,S5,4.0,233 NINTH CORP,2467.0,4840.0,3630.0,1210.0,0.0,1210.0,5.0,6.0,1.0,4.0,1920.0,1957.0,1.96,40.7475053,-74.0009889,26v2,708,36061009300
1007220030,411 WEST 24 STREET,MN,722,30,10011.0,1009300,93,D6,4.0,411 W.24 ST.ASSOCIATES,2468.0,11650.0,10000.0,1650.0,1650.0,0.0,18.0,19.0,2.0,4.0,1986.0,0.0,4.72,40.7475932,-74.0012993,26v2,712,36061009300
1007460077,366 WEST 23 STREET,MN,746,77,10011.0,1009300,93,C7,4.0,TINGS INTERNATIONALCORP,1698.0,6325.0,5325.0,1000.0,0.0,1000.0,8.0,10.0,1.0,5.0,1910.0,0.0,3.72,40.7461741,-74.001191,26v2,562,36061009300
1007200016,463 WEST 22 STREET,MN,720,16,10011.0,1009300,93,C6,2.0,461 WEST 22 ST TENANTS CORP 461,3925.0,8117.0,8117.0,0.0,0.0,0.0,6.0,6.0,1.0,4.0,1900.0,1979.0,2.07,40.7468081,-74.0035368,26v2,606,36061009300
1007220031,409 WEST 24 STREET,MN,722,31,10011.0,1009300,93,C4,2.0,NEW 24 LLC,2468.0,6190.0,6190.0,0.0,0.0,0.0,15.0,15.0,3.0,4.0,1900.0,1988.0,2.51,40.7475602,-74.0012199,26v2,710,36061009300
1007220046,408 WEST 25 STREET,MN,722,46,10001.0,1009300,93,C6,2.0,NEW ERA HOUSING ETAL,2469.0,9580.0,9580.0,0.0,0.0,0.0,20.0,20.0,1.0,5.0,1910.0,1985.0,3.88,40.7478374,-74.001126,26v2,741,36061009300
1007460074,360 WEST 23 STREET,MN,746,74,10011.0,1009300,93,S4,4.0,FAMILY OF FANNY LLC,2469.0,9870.0,7896.0,1974.0,0.0,1974.0,4.0,5.0,1.0,5.0,1910.0,0.0,4.0,40.7460479,-74.0009852,26v2,554,36061009300
1007200055,416 WEST 23 STREET,MN,720,55,10011.0,1009300,93,D1,3.0,"GW 416 WEST 23RD STREET, LLC",4789.0,18079.0,18079.0,0.0,0.0,0.0,24.0,24.0,1.0,6.0,1900.0,0.0,3.78,40.7465556,-74.0022087,26v2,584,36061009300
1007200049,410 WEST 23 STREET,MN,720,49,10011.0,1009300,93,D4,3.0,WEST 23RD STREET OWNERS CORP,9381.0,36575.0,31871.0,4704.0,0.0,4704.0,44.0,46.0,1.0,6.0,1920.0,1988.0,3.9,40.7464596,-74.0019813,26v2,576,36061009300
1007220037,229 9 AVENUE,MN,722,37,10001.0,1009300,93,C7,4.0,GOLDEN EQUITIES CORP.,4933.0,25158.0,21158.0,4000.0,0.0,4000.0,21.0,24.0,1.0,6.0,1910.0,1988.0,5.1,40.747412,-74.0010574,26v2,697,36061009300
1007220047,410 WEST 25 STREET,MN,722,47,10001.0,1009300,93,C6,2.0,410 WEST 25TH STREET OWNERS CORP.,2468.0,7992.0,7992.0,0.0,0.0,0.0,12.0,12.0,1.0,5.0,1910.0,1985.0,3.24,40.7478704,-74.0012018,26v2,743,36061009300
1007210007,415 WEST 23 STREET,MN,721,7,10011.0,1009300,93,D9,3.0,LONDON TERRACE GARDENS,108625.0,975170.0,911000.0,64170.0,28970.0,0.0,901.0,964.0,10.0,17.0,1934.0,1982.0,8.98,40.7474422,-74.0024938,26v2,679,36061009300
1007220026,415 WEST 24 STREET,MN,722,26,10011.0,1009300,93,D1,3.0,"SILVERBOW REALTY CO., INC.",9809.0,42204.0,42204.0,0.0,0.0,0.0,65.0,65.0,1.0,6.0,1926.0,1988.0,4.3,40.7476782,-74.0014977,26v2,717,36061009300
1007200012,471 WEST 22 STREET,MN,720,12,10011.0,1009300,93,C6,2.0,469 WEST 22ND  STREET TENANTS CORP,3292.0,9000.0,9000.0,0.0,0.0,0.0,6.0,6.0,1.0,5.0,1900.0,2009.0,2.73,40.7468959,-74.0037497,26v2,617,36061009300
1007200025,443 WEST 22 STREET,MN,720,25,10011.0,1009300,93,I9,8.0,THE FREDERICK FLEM HOUSING DEVELOPMENT C ORP.,3925.0,15640.0,0.0,15640.0,0.0,0.0,0.0,0.0,2.0,6.0,1910.0,0.0,3.98,40.7466078,-74.003064,26v2,584,36061009300
1007200045,401 WEST 22 STREET,MN,720,45,10011.0,1009300,93,D6,4.0,FRIEDMAN MANAGEMENT,8229.0,58394.0,48080.0,10314.0,0.0,10314.0,57.0,61.0,1.0,8.0,1999.0,0.0,7.1,40.7461412,-74.0019597,26v2,542,36061009300
1007490024,313 8 AVENUE,MN,749,24,10001.0,1009300,93,D4,3.0,MUTUAL REDEVELOPMENT,59250.0,232793.0,201369.0,31424.0,714.0,0.0,186.0,189.0,3.0,22.0,1963.0,0.0,3.93,40.7471485,-73.9979681,26v2,781,36061009300
1007200082,470 WEST 23 STREET,MN,720,82,10011.0,1009300,93,D7,4.0,470 WEST 23 OWNER LLC,2370.0,13860.0,11485.0,2375.0,0.0,2375.0,18.0,20.0,2.0,6.0,1920.0,1986.0,5.85,40.7473735,-74.0041468,26v2,673,36061009300
1007760017,233 WEST 26 STREET,MN,776,17,10001.0,1009500,95,D4,3.0,233 235 W 26TH OWNERS INC,4912.0,47433.0,47433.0,0.0,0.0,0.0,20.0,20.0,1.0,9.0,1926.0,0.0,9.66,40.7468657,-73.9957486,26v2,877,36061009500
1007760068,254 WEST 27 STREET,MN,776,68,10001.0,1009500,95,K2,5.0,FIT CHANG LLC,700.0,2084.0,0.0,2084.0,0.0,2084.0,0.0,2.0,1.0,2.0,1930.0,0.0,2.98,40.7475574,-73.9962827,26v2,903,36061009500
1007760062,242 WEST 27 STREET,MN,776,62,10001.0,1009500,95,O6,5.0,242 WEST 27 LLC,2456.0,14952.0,0.0,14952.0,12952.0,2000.0,0.0,16.0,1.0,7.0,1927.0,1987.0,6.09,40.7472637,-73.9959218,26v2,899,36061009500
1008020003,287 7 AVENUE,MN,802,3,10001.0,1009500,95,K4,4.0,"287  7TH AVE REALTY, LLC",2000.0,5039.0,0.0,5039.0,675.0,3014.0,0.0,1.0,1.0,4.0,1920.0,1986.0,2.52,40.7460752,-73.9937998,26v2,950,36061009500
1008020001,283 7 AVENUE,MN,802,1,10001.0,1009500,95,D5,3.0,"177 WEST 26 REALTY, LLC",4942.0,25144.0,21144.0,4000.0,0.0,4000.0,15.0,18.0,1.0,6.0,1920.0,1988.0,5.09,40.7459901,-73.9938612,26v2,941,36061009500
1007760020,229 WEST 26 STREET,MN,776,20,10001.0,1009500,95,D9,3.0,229 REALTY ASSOCIATES,2364.0,13000.0,13000.0,0.0,0.0,0.0,26.0,26.0,1.0,7.0,1925.0,1974.0,5.5,40.7467834,-73.9955501,26v2,883,36061009500
1008020077,299 7 AVENUE,MN,802,77,10001.0,1009500,95,K2,5.0,299 SEVENTH AVE REALTY,1683.0,3366.0,0.0,3366.0,0.0,3366.0,0.0,1.0,1.0,1.75,1920.0,1989.0,2.0,40.74641,-73.993623,26v2,984,36061009500
1007760065,250 WEST 27 STREET,MN,776,65,10001.0,1009500,95,D0,3.0,27TH ST APT CORP,10878.0,66636.0,62871.0,3765.0,0.0,3765.0,52.0,55.0,1.0,7.0,1918.0,1987.0,6.13,40.7473516,-73.9961347,26v2,894,36061009500
1008020079,295 7 AVENUE,MN,802,79,10001.0,1009500,95,K4,4.0,295 7TH AVENUE REAL ESTATE LLC,2000.0,7220.0,1757.0,5463.0,1757.0,1949.0,2.0,5.0,1.0,4.0,1914.0,0.0,3.61,40.7462755,-73.9936518,26v2,973,36061009500
1007760004,328 8 AVENUE,MN,776,4,10001.0,1009500,95,D7,4.0,328-334 8TH AVENUE LLC,8800.0,25938.0,21618.0,4320.0,0.0,4320.0,28.0,32.0,2.0,5.0,1900.0,0.0,2.95,40.7474175,-73.9965353,26v2,877,36061009500
1007760040,282 7 AVENUE,MN,776,40,10001.0,1009500,95,W6,8.0,STATE UNIVERSITY OF,26400.0,169784.0,0.0,169784.0,0.0,0.0,0.0,1.0,1.0,6.0,1974.0,0.0,6.43,40.7464677,-73.9944097,26v2,934,36061009500
1007760012,241 WEST 26 STREET,MN,776,12,10001.0,1009500,95,G1,10.0,"241 WEST 26, LLC",6300.0,34213.0,0.0,34213.0,280.0,800.0,0.0,1.0,1.0,6.0,1930.0,0.0,5.43,40.7470085,-73.9960806,26v2,869,36061009500
1007760047,220 WEST 27 STREET,MN,776,47,10001.0,1009500,95,H8,8.0,FIT STAFF HOUSING COINC,13870.0,65240.0,,,,,0.0,1.0,1.0,10.0,1961.0,1987.0,4.7,40.7468437,-73.9949294,26v2,926,36061009500
1007760058,234 WEST 27 STREET,MN,776,58,10001.0,1009500,95,S9,4.0,KREINE REALTY CORP,2384.0,7905.0,5575.0,2330.0,0.0,2330.0,5.0,7.0,1.0,5.0,1920.0,2009.0,3.32,40.747132,-73.9956115,26v2,906,36061009500
1007760059,236 WEST 27 STREET,MN,776,59,10001.0,1009500,95,O9,5.0,236 WEST 27 LLC,7266.0,94331.0,2000.0,92331.0,84331.0,8000.0,2.0,35.0,1.0,15.0,1929.0,0.0,12.98,40.7471978,-73.9957666,26v2,902,36061009500
1007760069,338 8 AVENUE,MN,776,69,10001.0,1009500,95,C7,4.0,"BLUE 8 REALTY,",3260.0,9288.0,7158.0,2130.0,0.0,2130.0,12.0,14.0,1.0,3.0,1950.0,0.0,2.85,40.7475766,-73.9964415,26v2,896,36061009500
1008020006,165 WEST 26 STREET,MN,802,6,10001.0,1009500,95,D5,3.0,165 WEST 26 LLC,4345.0,24254.0,21254.0,3000.0,0.0,3000.0,10.0,12.0,1.0,6.0,1920.0,0.0,5.58,40.7459571,-73.9935833,26v2,959,36061009500
1007760011,247 WEST 26 STREET,MN,776,11,10001.0,1009500,95,C7,4.0,"CHELSEA PARTNERS I,",2469.0,10000.0,9000.0,1000.0,0.0,1000.0,18.0,19.0,1.0,5.0,1901.0,1988.0,4.05,40.7470661,-73.9962178,26v2,866,36061009500
1007760015,239 WEST 26 STREET,MN,776,15,10001.0,1009500,95,C4,2.0,PME 26 LLC,2475.0,4972.0,4972.0,0.0,0.0,0.0,9.0,9.0,1.0,4.0,1901.0,0.0,2.01,40.7469481,-73.9959435,26v2,872,36061009500
1008020078,297 7 AVENUE,MN,802,78,10001.0,1009500,95,H9,5.0,ALEA PARTNERS NY LLC,2340.0,4800.0,0.0,2400.0,1200.0,1200.0,0.0,3.0,1.0,4.0,1920.0,0.0,2.05,40.7463277,-73.9936157,26v2,979,36061009500
1008020076,166 WEST 27 STREET,MN,802,76,10001.0,1009500,95,K4,4.0,"LAM, PING HING",796.0,3166.0,1582.0,1584.0,0.0,1584.0,4.0,8.0,1.0,4.0,1910.0,0.0,3.98,40.7463441,-73.9934642,26v2,990,36061009500
1007760001,322 8 AVENUE,MN,776,1,10001.0,1009500,95,O4,5.0,"322 PARTNERS,",9605.0,173491.0,0.0,173491.0,166191.0,7300.0,0.0,42.0,1.0,21.0,1925.0,1985.0,18.06,40.7472089,-73.9966292,26v2,855,36061009500
1007760021,221 WEST 26 STREET,MN,776,21,10001.0,1009500,95,J6,5.0,221 WEST 26TH STREET LLC,19700.0,53361.0,0.0,53361.0,244.0,0.0,0.0,1.0,1.0,3.0,1930.0,1986.0,2.71,40.7466351,-73.9951965,26v2,894,36061009500
1007770001,340 8 AVENUE,MN,777,1,10001.0,1009500,95,W6,8.0,DEPARTMENT OF EDUCATION NYC DEPARTMENT OF EDUCATION,66700.0,401980.0,0.0,401980.0,0.0,0.0,0.0,2.0,1.0,10.0,1971.0,0.0,6.03,40.7478429,-73.9957305,26v2,957,36061009500
1008020014,147 WEST 26 STREET,MN,802,14,10001.0,1009500,95,O5,5.0,JUSTATONE BUILDING INC,3044.0,16476.0,0.0,16476.0,14476.0,2000.0,0.0,6.0,1.0,6.0,1925.0,1988.0,5.41,40.7457073,-73.9929915,26v2,987,36061009500
1008020017,141 WEST 26 STREET,MN,802,17,10001.0,1009500,95,D0,3.0,FUMOHA DEVELOPMENT CORP,4938.0,20000.0,15000.0,5000.0,0.0,5000.0,5.0,6.0,2.0,6.0,1910.0,2009.0,4.05,40.7456552,-73.9928688,26v2,993,36061009500
1008020008,151 WEST 26 STREET,MN,802,8,10001.0,1009500,95,O6,5.0,ABNER PROPERTIES CO,15208.0,179131.0,0.0,179131.0,100000.0,14850.0,0.0,24.0,1.0,12.0,1911.0,1989.0,11.78,40.7458336,-73.9932766,26v2,973,36061009500
1008020071,154 WEST 27 STREET,MN,802,71,10001.0,1009500,95,D7,4.0,"WEST END ESTATES, LLC",4378.0,26959.0,20759.0,6200.0,0.0,3600.0,12.0,14.0,1.0,7.0,1910.0,0.0,6.16,40.7460833,-73.993125,26v2,999,36061009500
1006980141,502 WEST 27 STREET,MN,698,141,10001.0,1009902,99,A9,1.0,TOWN HOUSE ASSOCIATES LLC,400.0,1125.0,1125.0,0.0,0.0,0.0,1.0,1.0,1.0,3.0,1920.0,1989.0,2.81,40.7502665,-74.0027791,26v2,991,36061009902
1006980037,289 10 AVENUE,MN,698,37,10001.0,1009902,99,K2,5.0,289 TENTH AVENUE GARAGE CORP.,4937.0,8700.0,0.0,8700.0,0.0,8700.0,0.0,1.0,1.0,2.0,1946.0,2005.0,1.76,40.7500881,-74.002826,26v2,971,36061009902
1006980035,285 10 AVENUE,MN,698,35,10001.0,1009902,99,K4,4.0,"287 10TH AVENUE, LLC",3160.0,4344.0,0.0,4344.0,2172.0,2172.0,0.0,4.0,1.0,2.0,1930.0,1987.0,1.37,40.7499673,-74.0028693,26v2,958,36061009902
1006980018,519 WEST 26 STREET,MN,698,18,10001.0,1009902,99,K4,4.0,"513 WEST 26TH REALTY,",21052.0,138002.0,0.0,138002.0,9808.0,125406.0,0.0,49.0,4.0,4.0,1920.0,2012.0,6.56,40.7502116,-74.0036886,26v2,985,36061009902
1006980040,293 10 AVENUE,MN,698,40,10001.0,1009902,99,K1,5.0,AHABEL REALTY INC,4937.0,5000.0,0.0,5000.0,0.0,5000.0,0.0,1.0,1.0,1.0,1938.0,0.0,1.01,40.7501924,-74.0027177,26v2,983,36061009902
1007170066,444 WEST 20 STREET,MN,717,66,10011.0,1008900,89,C0,2.0,JOHN SLOSS,2300.0,5400.0,4050.0,0.0,0.0,0.0,3.0,3.0,1.0,2.0,1854.0,1999.0,2.35,40.7452545,-74.0047601,26v2,452,36061008900
1006960049,516 WEST 25 STREET,MN,696,49,10001.0,1009901,99,O3,5.0,530 WEST 25TH STREET LLC,19750.0,90436.0,0.0,90436.0,70603.0,19833.0,0.0,33.0,1.0,7.0,1958.0,2020.0,4.58,40.7492509,-74.0044825,26v2,884,36061009901
1006970047,518 WEST 26 STREET,MN,697,47,10001.0,1009901,99,O6,5.0,WEST CHELSEA BUILDING LLC,22219.0,218019.0,0.0,218019.0,195734.0,21673.0,0.0,150.0,1.0,10.0,1910.0,1983.0,9.81,40.7499865,-74.0043057,26v2,964,36061009901
1006960026,509 WEST 24 STREET,MN,696,26,10011.0,1009901,99,K4,4.0,"511 W 24TH ST., LLC",5925.0,9976.0,1178.0,8798.0,714.0,8084.0,1.0,2.0,1.0,2.0,2006.0,0.0,1.68,40.7488365,-74.0042371,26v2,836,36061009901
1007680012,245 WEST 18 STREET,MN,768,12,10011.0,1008700,87,K4,4.0,"LEFT IS RIGHT, HOT IS COLD LLC",4000.0,5834.0,1826.0,4008.0,0.0,4008.0,1.0,2.0,1.0,2.0,1915.0,1985.0,1.46,40.7420652,-73.9997077,26v2,305,36061008700
1007680077,274 WEST 19 STREET,MN,768,77,10011.0,1008700,87,D1,3.0,274 W 19TH ST LLC,5040.0,22506.0,22506.0,0.0,0.0,0.0,25.0,25.0,1.0,6.0,1920.0,0.0,4.47,40.7423754,-73.9998737,26v2,303,36061008700
1007680019,231 WEST 18 STREET,MN,768,19,10011.0,1008700,87,S9,4.0,"ORETO, LLC",2300.0,6500.0,4000.0,2500.0,0.0,2500.0,2.0,5.0,1.0,3.0,1910.0,1964.0,2.83,40.7418511,-73.9991953,26v2,342,36061008700
1007420045,310 WEST 19 STREET,MN,742,45,10011.0,1008900,89,A9,1.0,"SHAW, VICTORIA",1120.0,1728.0,1728.0,0.0,0.0,0.0,1.0,1.0,1.0,3.0,1910.0,0.0,1.54,40.7429545,-74.0010321,26v2,255,36061008900
1005910036,22 BARROW STREET,MN,591,36,10014.0,1007300,73,K1,5.0,"EIGHTY-NINE SEVENTH, LLC",252.0,249.0,0.0,249.0,0.0,249.0,0.0,1.0,1.0,1.0,1900.0,0.0,0.99,40.7325327,-74.0032113,26v2,982,36061007300
1005910015,91 7 AVENUE SOUTH,MN,591,15,10014.0,1007300,73,K4,4.0,91-95 7TH AVE SOUTH LLC,3354.0,5354.0,0.0,5354.0,0.0,3354.0,0.0,2.0,1.0,3.0,1900.0,0.0,1.6,40.7328017,-74.0029515,26v2,952,36061007300
1005910020,72 GROVE STREET,MN,591,20,10014.0,1007300,73,S2,4.0,STEVECO LLC,2053.0,4826.0,3571.0,1255.0,0.0,1255.0,2.0,3.0,3.0,3.0,1842.0,0.0,2.35,40.7331118,-74.0027062,26v2,918,36061007300
1005880081,17 GROVE STREET,MN,588,81,10014.0,1007300,73,A4,1.0,"MEATPACKING , LLC",800.0,2400.0,2400.0,0.0,0.0,0.0,1.0,1.0,1.0,3.0,1822.0,2009.0,3.0,40.7325792,-74.0054231,26v2,994,36061007300
1005880048,114 CHRISTOPHER STREET,MN,588,48,10014.0,1007300,73,C6,2.0,114 CHRISTOPHER APT CORP,5317.0,23039.0,19052.0,3987.0,0.0,3987.0,33.0,36.0,1.0,6.0,1908.0,1985.0,4.33,40.7330294,-74.0053005,26v2,943,36061007300
1005880026,300 BLEECKER STREET,MN,588,26,10014.0,1007300,73,C7,4.0,ELK 300 BLEEKER LLC,3166.0,8597.0,6596.0,2000.0,0.0,2000.0,9.0,11.0,1.0,4.0,1900.0,0.0,2.72,40.7324311,-74.003951,26v2,995,36061007300
1008180002,576 AVENUE OF THE AMERICAS,MN,818,2,10011.0,1005400,54,S2,4.0,WOO YOUNG S,1300.0,5260.0,2980.0,1300.0,0.0,1300.0,2.0,3.0,1.0,4.0,1975.0,1988.0,4.05,40.738744,-73.9955037,26v2,711,36061005400
1008180005,55 WEST 16 STREET,MN,818,5,10011.0,1005400,54,D4,3.0,SIXTEENTH STREET OWNERS INC.,2760.0,25639.0,23139.0,2500.0,0.0,2500.0,9.0,10.0,1.0,10.0,1950.0,1982.0,9.29,40.7386891,-73.9953378,26v2,727,36061005400
1008180013,41 WEST 16 STREET,MN,818,13,10011.0,1005400,54,C6,2.0,41 W 16TH ST INC,1932.0,6300.0,6300.0,0.0,0.0,0.0,10.0,10.0,1.0,4.0,1925.0,1968.0,3.26,40.7384887,-73.9948651,26v2,772,36061005400
1008190020,31 WEST 17 STREET,MN,819,20,10011.0,1005400,54,D7,4.0,30 WEST 18 ASSOCIATES,2175.0,27758.0,25850.0,1908.0,0.0,1750.0,11.0,12.0,1.0,13.0,2005.0,0.0,12.76,40.7387796,-73.9937572,26v2,846,36061005400
1008180076,48 WEST 17 STREET,MN,818,76,10011.0,1005400,54,H3,5.0,JS CHELSEA LLC,3098.0,13506.0,1800.0,1950.0,0.0,1950.0,7.0,11.0,2.0,5.0,1890.0,1988.0,4.36,40.7386808,-73.9945908,26v2,785,36061005400
1008180073,40 WEST 17 STREET,MN,818,73,10011.0,1005400,54,D0,3.0,42 WEST 17TH STREET CORP,4600.0,49520.0,43580.0,5940.0,0.0,2970.0,21.0,23.0,1.0,12.0,1910.0,1981.0,10.77,40.738604,-73.9944104,26v2,802,36061005400
1008180078,50 WEST 17 STREET,MN,818,78,10011.0,1005400,54,O6,5.0,"50 WEST REALTY COMPANY, L.P.",6072.0,74792.0,0.0,74792.0,66792.0,8000.0,0.0,14.0,1.0,12.0,1911.0,1987.0,12.32,40.7387467,-73.9947496,26v2,770,36061005400
1008190059,30 WEST 18 STREET,MN,819,59,10011.0,1005400,54,D7,4.0,30 WEST 18 ASSOCIATES,6900.0,98690.0,85505.0,13185.0,2945.0,6880.0,98.0,100.0,1.0,20.0,2005.0,0.0,14.3,40.7390211,-73.9935804,26v2,852,36061005400
1008180007,53 WEST 16 STREET,MN,818,7,10011.0,1005400,54,S5,4.0,"MORON, L.L.C.",1840.0,5600.0,4600.0,1000.0,0.0,1000.0,6.0,7.0,1.0,4.0,1925.0,0.0,3.04,40.7386534,-73.9952584,26v2,734,36061005400
1008180008,51 WEST 16 STREET,MN,818,8,10011.0,1005400,54,C2,2.0,"51 WEST 16 REALTY,    .",1840.0,5600.0,5600.0,0.0,0.0,0.0,6.0,6.0,1.0,4.0,1925.0,2004.0,3.04,40.738626,-73.9951898,26v2,741,36061005400
1008180017,33 WEST 16 STREET,MN,818,17,10011.0,1005400,54,C5,2.0,33 WEST 16 REALTY LLC,2300.0,5764.0,5764.0,0.0,0.0,0.0,10.0,10.0,1.0,4.0,1925.0,2004.0,2.51,40.7383844,-73.9946197,26v2,796,36061005400
1008190015,41 WEST 17 STREET,MN,819,15,10011.0,1005400,54,G6,10.0,42 WEST 18TH REALTY CORP,6900.0,0.0,,,,,0.0,0.0,1.0,,0.0,0.0,0.0,40.7390404,-73.994118,26v2,808,36061005400
1008220062,38 WEST 21 STREET,MN,822,62,10010.0,1005400,54,O6,5.0,38 W 21 LLC,6166.0,68808.0,0.0,68808.0,62508.0,6300.0,0.0,19.0,1.0,12.0,1908.0,1987.0,11.16,40.7409287,-73.99266,26v2,890,36061005400
1008220015,27 WEST 20 STREET,MN,822,15,10011.0,1005400,54,O6,5.0,27 SWEST STREET LLC,9200.0,100800.0,0.0,100800.0,92400.0,8400.0,0.0,62.0,1.0,12.0,1908.0,0.0,10.96,40.740646,-73.9926961,26v2,889,36061005400
1008220070,54 WEST 21 STREET,MN,822,70,10010.0,1005400,54,O6,5.0,5421 EQUITIES COMPANY,10850.0,142532.0,0.0,142532.0,109640.0,32892.0,0.0,51.0,1.0,12.0,1910.0,1985.0,13.14,40.741162,-73.9932373,26v2,840,36061005400
1008220067,48 WEST 21 STREET,MN,822,67,10010.0,1005400,54,O6,5.0,DEZER PROPERTIES 48,4600.0,48520.0,0.0,48520.0,44020.0,4500.0,0.0,21.0,1.0,12.0,1908.0,0.0,10.55,40.7410412,-73.9929234,26v2,867,36061005400
1008160023,17 WEST 14 STREET,MN,816,23,10011.0,1005400,54,K2,5.0,EPIC W14  LLC,20425.0,40838.0,0.0,40838.0,0.0,40838.0,0.0,4.0,1.0,2.0,1929.0,0.0,2.0,40.7368007,-73.9947353,26v2,876,36061005400
1008160061,34 WEST 15 STREET,MN,816,61,10011.0,1005400,54,O6,5.0,ADOMAH CORP,2582.0,15277.0,2101.0,13176.0,10999.0,2177.0,1.0,7.0,1.0,7.0,1920.0,2010.0,5.92,40.7372124,-73.9949554,26v2,834,36061005400
1008160078,546 AVENUE OF THE AMERICAS,MN,816,78,10011.0,1005400,54,D0,3.0,W 15 ST OWNERS INC,4000.0,22000.0,19000.0,3000.0,0.0,3000.0,12.0,13.0,1.0,6.0,1920.0,1977.0,5.5,40.7377998,-73.9961569,26v2,714,36061005400
1008170057,4 WEST 16 STREET,MN,817,57,10011.0,1005400,54,D0,3.0,4 WEST 16TH ST CORP,3363.0,33080.0,30980.0,2100.0,0.0,2100.0,16.0,17.0,1.0,10.0,1902.0,1981.0,9.84,40.7373907,-73.9933712,26v2,939,36061005400
1008160079,544 AVENUE OF THE AMERICAS,MN,816,79,10011.0,1005400,54,O5,5.0,DEG REALTY LLC,1760.0,5900.0,0.0,5900.0,4400.0,1500.0,0.0,7.0,1.0,5.0,1920.0,0.0,3.35,40.7377093,-73.9962219,26v2,715,36061005400
1008160013,47 WEST 14 STREET,MN,816,13,10011.0,1005400,54,O5,5.0,47 WEST 14 ST. CORP.,5163.0,22215.0,0.0,22215.0,10000.0,5000.0,0.0,10.0,1.0,5.0,1920.0,0.0,4.3,40.7372015,-73.9957384,26v2,781,36061005400
1008170027,25 WEST 15 STREET,MN,817,27,10011.0,1005400,54,D4,3.0,25 W 15 ST CORP,2582.0,15619.0,15619.0,0.0,0.0,0.0,7.0,7.0,1.0,7.0,1926.0,1988.0,6.05,40.7374265,-73.9942842,26v2,870,36061005400
1008180061,18 WEST 17 STREET,MN,818,61,10011.0,1005400,54,P7,8.0,"CENTER FOR JEWISH HISTORY, INC.",2300.0,24600.0,0.0,24600.0,0.0,0.0,0.0,1.0,1.0,12.0,1963.0,2003.0,10.7,40.7382197,-73.9934974,26v2,890,36061005400
1008180015,37 WEST 16 STREET,MN,818,15,10011.0,1005400,54,C5,2.0,37-39 WEST 16TH STREET LLC,1518.0,4720.0,4720.0,0.0,0.0,0.0,10.0,10.0,1.0,5.0,1920.0,1962.0,3.11,40.738442,-73.9947496,26v2,783,36061005400
1008160012,51 WEST 14 STREET,MN,816,12,10011.0,1005400,54,O5,5.0,BASIL REALTY LLC,2582.0,9336.0,0.0,9336.0,7036.0,2300.0,0.0,7.0,1.0,4.0,1910.0,1985.0,3.62,40.7372509,-73.9958575,26v2,770,36061005400
1008160020,35 WEST 14TH STREET,MN,816,20,10011.0,1005400,54,V1,11.0,HW W 14TH ST LLC,7626.0,0.0,,,,,0.0,0.0,1.0,,0.0,2024.0,0.0,40.7369517,-73.9951466,26v2,838,36061005400
1008180027,11 WEST 16 STREET,MN,818,27,10011.0,1005400,54,P7,8.0,"CENTER FOR JEWISH HISTORY, INC.",9200.0,27600.0,0.0,27600.0,0.0,0.0,0.0,1.0,2.0,3.0,1934.0,1998.0,3.0,40.7380275,-73.9937645,26v2,878,36061005400
1008170070,20 WEST 16 STREET,MN,817,70,10011.0,1005400,54,C0,2.0,"HERKOVITS, JONATHANS.",2168.0,4620.0,4620.0,0.0,0.0,0.0,3.0,3.0,1.0,4.0,1925.0,2008.0,2.13,40.7377586,-73.9942805,26v2,852,36061005400
1008170001,552 AVENUE OF THE AMERICAS,MN,817,1,10011.0,1005400,54,D9,3.0,LEFT BANK COMPANY,17475.0,101231.0,82944.0,18287.0,5171.0,3360.0,108.0,111.0,1.0,6.0,1973.0,0.0,5.79,40.7381511,-73.9958249,26v2,717,36061005400
1008160042,96 5 AVENUE,MN,816,42,10011.0,1005400,54,D6,4.0,"LILLIAN GOLDMAN FAMILY,",15487.0,180000.0,160000.0,20000.0,5000.0,5000.0,223.0,230.0,1.0,18.0,1962.0,1987.0,11.62,40.7366579,-73.9936383,26v2,961,36061005400
1008170085,568 AVENUE OF THE AMERICAS,MN,817,85,10011.0,1005400,54,D4,3.0,54 W 16 ST APT CORP,11875.0,129970.0,122345.0,7625.0,0.0,3000.0,119.0,121.0,1.0,15.0,1955.0,1988.0,10.94,40.7383186,-73.9955326,26v2,730,36061005400
1008160007,53 WEST 14 STREET,MN,816,7,10011.0,1005400,54,D6,4.0,COURTNEY HOUSE LLC,20375.0,310000.0,275000.0,35000.0,0.0,10000.0,239.0,245.0,2.0,20.0,1965.0,0.0,15.21,40.7374238,-73.9959585,26v2,751,36061005400
1008170071,22 WEST 16 STREET,MN,817,71,10011.0,1005400,54,B1,1.0,"TWIN TOWNHOUSES, LLC",2582.0,8125.0,8125.0,0.0,0.0,0.0,2.0,2.0,1.0,5.0,1998.0,0.0,3.15,40.7377888,-73.9943527,26v2,845,36061005400
1008180063,20 WEST 17 STREET,MN,818,63,10011.0,1005400,54,P7,8.0,"CENTER FOR JEWISH HISTORY, INC.",3082.0,34938.0,0.0,34938.0,0.0,0.0,0.0,2.0,1.0,12.0,1911.0,1987.0,11.34,40.7382608,-73.9935949,26v2,880,36061005400
1008160063,38 WEST 15 STREET,MN,816,63,10011.0,1005400,54,D0,3.0,FIFTH FIFTEENTH RLTY CORP,5163.0,27075.0,27075.0,0.0,0.0,0.0,13.0,13.0,1.0,6.0,1903.0,1985.0,5.24,40.7372948,-73.9951574,26v2,815,36061005400
1008160062,36 WEST 15 STREET,MN,816,62,10011.0,1005400,54,D0,3.0,36 W 15 ST OWNERS CORP,2581.0,31272.0,29572.0,1700.0,0.0,1700.0,11.0,12.0,1.0,12.0,1909.0,1988.0,12.12,40.7372454,-73.9950384,26v2,826,36061005400
1008160016,37 WEST 14 STREET,MN,816,16,10011.0,1005400,54,O5,5.0,37 W. 14TH ST. ASSOCS.,10325.0,45000.0,0.0,45000.0,35500.0,9500.0,0.0,34.0,1.0,5.0,1906.0,1983.0,4.36,40.7370697,-73.9954245,26v2,811,36061005400
1008160054,20 WEST 15 STREET,MN,816,54,10011.0,1005400,54,D3,3.0,20 W 15TH OWNER LLC,1812.0,12925.0,12925.0,0.0,0.0,0.0,9.0,9.0,1.0,,2023.0,2020.0,7.13,40.7370148,-73.9943816,26v2,887,36061005400
1008160015,45 WEST 14 STREET,MN,816,15,10011.0,1005400,54,O2,5.0,PAINT INDUST FD BLDG,2582.0,12825.0,0.0,12825.0,12825.0,0.0,0.0,1.0,1.0,5.0,1915.0,2013.0,4.97,40.7371521,-73.9956229,26v2,792,36061005400
1008160059,30 WEST 15 STREET,MN,816,59,10011.0,1005400,54,D0,3.0,30 WEST 15 STREET OWNERS CORP,5250.0,53508.0,49758.0,3750.0,0.0,3750.0,21.0,22.0,1.0,12.0,1908.0,0.0,10.19,40.737163,-73.9948399,26v2,845,36061005400
1008160074,58 WEST 15 STREET,MN,816,74,10011.0,1005400,54,D0,3.0,58-60 W 15TH ST APT COR,3194.0,31496.0,29196.0,2300.0,0.0,2300.0,9.0,10.0,1.0,10.0,1920.0,0.0,9.86,40.7376159,-73.9959152,26v2,742,36061005400
1008160080,542 AVENUE OF THE AMERICAS,MN,816,80,10011.0,1005400,54,C4,2.0,MONTEL RLTY CP,1760.0,7108.0,5500.0,1608.0,0.0,1608.0,8.0,9.0,1.0,5.0,1920.0,0.0,4.04,40.7376571,-73.9962616,26v2,716,36061005400
1008170029,6 WEST 16 STREET,MN,817,29,10011.0,1005400,54,D4,3.0,AKAM ASSOCIATES,45223.0,403741.0,377427.0,26314.0,0.0,0.0,481.0,483.0,2.0,14.0,1964.0,0.0,8.93,40.7374319,-73.993862,26v2,900,36061005400
1005880069,41 GROVE STREET,MN,588,69,10014.0,1007300,73,C4,2.0,"41 GROVE STREET, LLC",2150.0,6875.0,6875.0,0.0,0.0,0.0,9.0,9.0,1.0,4.0,1855.0,1988.0,3.2,40.7329663,-74.004449,26v2,939,36061007300
1005880063,318 BLEECKER STREET,MN,588,63,10014.0,1007300,73,S9,4.0,"318-22 BLEECKER STREET REALTY    ,",1717.0,6416.0,4922.0,1494.0,0.0,1494.0,6.0,9.0,1.0,4.0,1910.0,0.0,3.74,40.7330706,-74.004218,26v2,926,36061007300
1005880070,39 GROVE STREET,MN,588,70,10014.0,1007300,73,C5,2.0,39 GROVE STREET LLC,2550.0,6070.0,4720.0,1350.0,0.0,1350.0,8.0,9.0,1.0,3.0,1831.0,0.0,2.38,40.7329526,-74.0045392,26v2,942,36061007300
1005880079,19 GROVE STREET,MN,588,79,10014.0,1007300,73,D1,3.0,TWENTY-ONE GROVE STREET ASSOCIATES LLC,3447.0,12168.0,12168.0,0.0,0.0,0.0,39.0,39.0,1.0,5.0,1900.0,1988.0,3.53,40.7326616,-74.0053221,26v2,983,36061007300
1005880082,100 BEDFORD STREET,MN,588,82,10014.0,1007300,73,A1,1.0,"MEATPACKING, LLC",750.0,750.0,750.0,0.0,0.0,0.0,1.0,1.0,1.0,2.0,1833.0,0.0,1.0,40.7326616,-74.0054701,26v2,986,36061007300
1006220058,61 PERRY STREET,MN,622,58,10014.0,1007300,73,C0,2.0,"TARANTO, KENNETH",2388.0,2100.0,1500.0,0.0,0.0,0.0,3.0,3.0,2.0,2.5,1905.0,0.0,0.88,40.7356754,-74.0037816,26v2,634,36061007300
1006220014,290 WEST 11 STREET,MN,622,14,10014.0,1007300,73,C6,2.0,BLEECKER AND 11 OWNERS CORP,3545.0,8617.0,7917.0,700.0,0.0,700.0,18.0,19.0,1.0,4.0,1910.0,0.0,2.43,40.7357385,-74.0053404,26v2,650,36061007300
1006220017,398 BLEECKER STREET,MN,622,17,10014.0,1007300,73,C6,2.0,BLEECKER AND 11 OWNERS CORP,1907.0,5984.0,5644.0,340.0,0.0,340.0,17.0,18.0,1.0,4.0,1910.0,2012.0,3.14,40.7356506,-74.0052141,26v2,657,36061007300
1006220024,93 PERRY STREET,MN,622,24,10014.0,1007300,73,C5,2.0,GREEN TOMATO LLC,2376.0,5370.0,5370.0,0.0,0.0,0.0,16.0,16.0,2.0,3.0,1900.0,0.0,2.26,40.7354503,-74.0053007,26v2,680,36061007300
1006130023,224 WEST 11 STREET,MN,613,23,10014.0,1007300,73,M9,8.0,"RECTOR, CHURCH WARDENS AND VESTRYMEN OF",12100.0,19365.0,4500.0,14865.0,14865.0,0.0,0.0,5.0,4.0,4.0,1920.0,0.0,1.6,40.7361475,-74.0021362,26v2,587,36061007300
1006120033,29 CHARLES STREET,MN,612,33,10014.0,1007300,73,D3,3.0,29-31 CHARLES STREET REALTY LLC,6175.0,27108.0,27108.0,0.0,0.0,0.0,37.0,37.0,1.0,6.0,1914.0,0.0,4.39,40.7351896,-74.0024825,26v2,689,36061007300
1006120028,156 7 AVENUE SOUTH,MN,612,28,10014.0,1007300,73,S1,4.0,"JARIWALA VILLAGE, LLC",830.0,3150.0,2100.0,1050.0,0.0,1050.0,1.0,2.0,1.0,3.0,1981.0,0.0,3.8,40.7353323,-74.0020532,26v2,677,36061007300
1006110035,169 WEST 10 STREET,MN,611,35,10014.0,1007300,73,K1,5.0,WORLD'S SMALLEST LLC,25.0,50.0,0.0,50.0,0.0,50.0,0.0,1.0,1.0,1.0,1905.0,2010.0,2.0,40.734454,-74.0021217,26v2,773,36061007300
1006220048,282 WEST 4 STREET,MN,622,48,10014.0,1007300,73,A4,1.0,ELEVENTH AND FOURTH PROPERTY LLC,3397.0,11039.0,11039.0,0.0,0.0,0.0,1.0,1.0,3.0,4.0,1900.0,2015.0,3.25,40.7360075,-74.0036445,26v2,596,36061007300
1006120043,47 CHARLES STREET,MN,612,43,10014.0,1007300,73,A4,1.0,LUDLOW FARM LLC,2529.0,5764.0,5764.0,0.0,0.0,0.0,1.0,1.0,3.0,3.0,1890.0,1989.0,2.28,40.7350743,-74.0030779,26v2,699,36061007300
1006210061,51 CHARLES STREET,MN,621,61,10014.0,1007300,73,C6,2.0,CHARLES IV INC,1585.0,4584.0,4584.0,0.0,0.0,0.0,5.0,5.0,2.0,3.0,1880.0,1983.0,2.89,40.7350496,-74.0033125,26v2,702,36061007300
1006120008,46 PERRY STREET,MN,612,8,10014.0,1007300,73,C0,2.0,46 PERRY STREET,2450.0,6189.0,5314.0,0.0,0.0,0.0,3.0,3.0,3.0,3.0,1900.0,1983.0,2.53,40.7354037,-74.0028975,26v2,663,36061007300
1006130012,246 WEST 11 STREET,MN,613,12,10014.0,1007300,73,A4,1.0,AVERY ELLISON HOLDINGS LLC,1600.0,3980.0,3980.0,0.0,0.0,0.0,1.0,1.0,1.0,4.0,1910.0,0.0,2.49,40.7360514,-74.0031898,26v2,590,36061007300
1006210060,256 WEST 4 STREET,MN,621,60,10014.0,1007300,73,A4,1.0,256 W 4TH LLC,600.0,2280.0,1710.0,0.0,0.0,0.0,1.0,1.0,1.0,3.0,1899.0,0.0,3.8,40.7351759,-74.0033882,26v2,688,36061007300
1006190007,514 HUDSON STREET,MN,619,7,10014.0,1007300,73,C7,4.0,OL REALTY CORP,4315.0,7106.0,4850.0,2256.0,0.0,2256.0,15.0,18.0,3.0,4.0,1905.0,0.0,1.65,40.7335591,-74.0059789,26v2,898,36061007300
1005850050,126 CHRISTOPHER STREET,MN,585,50,10014.0,1007300,73,C0,2.0,"117 BEDFORD, LLC",766.0,2800.0,2100.0,0.0,0.0,0.0,3.0,3.0,1.0,3.0,1843.0,0.0,3.66,40.7330266,-74.0059752,26v2,955,36061007300
1006200038,239 WEST 10 STREET,MN,620,38,10014.0,1007300,73,C5,2.0,239 WEST 10TH STREET LLC,2557.0,7590.0,7590.0,0.0,0.0,0.0,15.0,15.0,1.0,4.0,1910.0,1952.0,2.97,40.7339928,-74.0057083,26v2,846,36061007300
1006190001,502 HUDSON STREET,MN,619,1,10014.0,1007300,73,D8,3.0,HUDSON ONE ASSOC,8602.0,37721.0,33616.0,4105.0,0.0,4105.0,47.0,52.0,2.0,6.0,1948.0,0.0,4.39,40.7332929,-74.0060186,26v2,928,36061007300
1006190013,244 WEST 10 STREET,MN,619,13,10014.0,1007300,73,C4,2.0,FUTURE TENTH ASSOC L.P.,2425.0,8590.0,8590.0,0.0,0.0,0.0,26.0,26.0,2.0,5.0,1920.0,1987.0,3.54,40.7336222,-74.0057768,26v2,887,36061007300
1006110005,241 WEST 4 STREET,MN,611,5,10014.0,1007300,73,C2,2.0,ELI3 LLC,2069.0,4624.0,4624.0,0.0,0.0,0.0,5.0,5.0,2.0,3.0,1920.0,1984.0,2.23,40.7345995,-74.0028217,26v2,752,36061007300
1006110010,58 CHARLES STREET,MN,611,10,10014.0,1007300,73,C1,2.0,"L.E.O. 58 MANAGEMENT, LLC",2375.0,5825.0,5825.0,0.0,0.0,0.0,7.0,7.0,2.0,3.0,1900.0,1987.0,2.45,40.7347642,-74.0027063,26v2,735,36061007300
1006110007,245 WEST 4TH STREET,MN,611,7,10014.0,1007300,73,B3,1.0,243-245 W. FOURTH STREET REALTY TRUST,3344.0,8960.0,7319.0,0.0,0.0,0.0,2.0,2.0,2.0,3.0,1910.0,2010.0,2.68,40.7346846,-74.0028758,26v2,743,36061007300
1006190070,226 WEST 4 STREET,MN,619,70,10014.0,1007300,73,C7,4.0,228 W 4TH OWNERS CORP,2668.0,12420.0,9870.0,2550.0,0.0,2550.0,20.0,21.0,1.0,5.0,1905.0,1987.0,4.66,40.7339709,-74.00315,26v2,822,36061007300
1006110021,137 7 AVENUE SOUTH,MN,611,21,10014.0,1007300,73,K2,5.0,"131 & 137 7TH AVE. SOUTH, LLC",1050.0,2033.0,0.0,2033.0,0.0,2033.0,0.0,1.0,1.0,2.0,1996.0,2011.0,1.94,40.7347971,-74.0018908,26v2,738,36061007300
1006110014,50 CHARLES STREET,MN,611,14,10014.0,1007300,73,S3,4.0,"SUNFLOWER, LLLP.",1750.0,4842.0,3632.0,1210.0,0.0,1210.0,3.0,4.0,2.0,3.0,1940.0,1984.0,2.77,40.7348191,-74.0024212,26v2,730,36061007300
1006100021,184 WAVERLY PLACE,MN,610,21,10014.0,1007300,73,S5,4.0,TENTH & WAVERLY LLC,1995.0,5985.0,5085.0,900.0,0.0,900.0,5.0,6.0,3.0,3.0,1900.0,1987.0,3.0,40.7343552,-74.0015913,26v2,791,36061007300
1006110003,237 WEST 4 STREET,MN,611,3,10014.0,1007300,73,S2,4.0,"237 WEST 4TH STREET, LLC",1617.0,4200.0,2400.0,1800.0,0.0,1800.0,2.0,3.0,1.0,4.0,1920.0,2005.0,2.6,40.7344897,-74.0028181,26v2,765,36061007300
1006100001,113 7 AVENUE SOUTH,MN,610,1,10014.0,1007300,73,C7,4.0,CHRISTOPHER & SEVENTH REALTY LLC,9565.0,21100.0,15242.0,5850.0,600.0,5250.0,23.0,31.0,7.0,3.0,1915.0,1987.0,2.21,40.7338694,-74.0022624,26v2,837,36061007300
1006100009,223 WEST 4 STREET,MN,610,9,10014.0,1007300,73,C7,4.0,WEST 4TH ST ASSOC,2900.0,13306.0,7274.0,6032.0,0.0,6032.0,10.0,14.0,3.0,4.0,1910.0,0.0,4.59,40.7341274,-74.0027784,26v2,805,36061007300
1006100023,180 WAVERLY PLACE,MN,610,23,10014.0,1007300,73,B3,1.0,180 WAVERLY PL LLC,1454.0,3542.0,2567.0,0.0,0.0,0.0,2.0,2.0,1.0,3.0,1839.0,0.0,2.44,40.7342509,-74.0015624,26v2,803,36061007300
1006190074,226 WEST 4 STREET,MN,619,74,10014.0,1007300,73,K2,5.0,"HI   REST REALTY CO.,",12950.0,22240.0,0.0,22240.0,0.0,22240.0,0.0,6.0,1.0,2.0,1932.0,1984.0,1.72,40.733787,-74.0031572,26v2,842,36061007300
1006190067,192 WEST 10 STREET,MN,619,67,10014.0,1007300,73,C4,2.0,10TH STREET ASSOCIATES 4 LLC,6730.0,25955.0,25455.0,500.0,0.0,500.0,27.0,27.0,3.0,5.0,1910.0,1985.0,3.86,40.7339023,-74.0034387,26v2,829,36061007300
1006210009,106 PERRY STREET,MN,621,9,10014.0,1007300,73,C2,2.0,106 PERRY LLC,2397.0,6668.0,6668.0,0.0,0.0,0.0,6.0,6.0,2.0,3.0,1847.0,1985.0,2.78,40.7349974,-74.0056435,26v2,737,36061007300
1006200082,211 WEST 10 STREET,MN,620,82,10014.0,1007300,73,C6,2.0,W 10 ST HLDG,4349.0,18126.0,18126.0,0.0,0.0,0.0,24.0,24.0,1.0,6.0,1920.0,1974.0,4.17,40.7342426,-74.0042614,26v2,796,36061007300
1006210024,368 BLEECKER STREET,MN,621,24,10014.0,1007300,73,C4,2.0,GOMIDAS HOLDING CORP.,5956.0,18105.0,14779.0,3326.0,0.0,3326.0,17.0,21.0,4.0,5.0,1900.0,1988.0,3.04,40.7348053,-74.005012,26v2,745,36061007300
1006200047,361 BLEECKER STREET,MN,620,47,10014.0,1007300,73,S1,4.0,"LIPMAN-WULF, LLC",1190.0,3171.0,2125.0,1046.0,0.0,1046.0,1.0,2.0,1.0,3.0,1901.0,0.0,2.66,40.7345006,-74.0044924,26v2,770,36061007300
1005880060,328 BLEECKER STREET,MN,588,60,10014.0,1007300,73,S5,4.0,"GHS,",1537.0,6148.0,4611.0,1537.0,0.0,1537.0,5.0,6.0,1.0,4.0,1910.0,0.0,4.0,40.733271,-74.0044057,26v2,905,36061007300
1006200033,229 WEST 10 STREET,MN,620,33,10014.0,1007300,73,Y2,8.0,NYC POLICE DEPARTMENT,17300.0,30489.0,0.0,30489.0,30489.0,0.0,0.0,1.0,1.0,2.0,1969.0,0.0,1.76,40.7342206,-74.0054052,26v2,815,36061007300
1008170069,18 WEST 16 STREET,MN,817,69,10011.0,1005400,54,C4,2.0,18 W. 16TH STREET CORP,2168.0,6269.0,6269.0,0.0,0.0,0.0,9.0,9.0,1.0,4.0,1920.0,1983.0,2.89,40.7377311,-73.994212,26v2,859,36061005400
1008170072,30 WEST 16 STREET,MN,817,72,10011.0,1005400,54,W9,8.0,COLLEGE ST FRANCIS XA,45250.0,200428.0,0.0,200428.0,0.0,0.0,0.0,6.0,5.0,5.0,1865.0,0.0,4.43,40.7378547,-73.9949301,26v2,799,36061005400
1008170080,46 WEST 16 STREET,MN,817,80,10011.0,1005400,54,M1,8.0,CHURCH ST FRANCIS XAVIER,13725.0,16725.0,0.0,16725.0,0.0,0.0,0.0,2.0,1.0,1.0,1870.0,0.0,1.22,40.7380413,-73.9952801,26v2,763,36061005400
1008220052,18 WEST 21 STREET,MN,822,52,10010.0,1005400,54,O6,5.0,"G.A.M. REAL ESTATE, LLC",4600.0,53500.0,0.0,53500.0,49000.0,4500.0,0.0,12.0,1.0,11.0,1907.0,0.0,11.63,40.7406075,-73.9918986,26v2,956,36061005400
1008220059,34 WEST 21 STREET,MN,822,59,10010.0,1005400,54,S1,4.0,APSEC REAL ESTATE INVESTMENT INC,1481.0,7975.0,5933.0,627.0,0.0,627.0,1.0,2.0,1.0,7.0,2018.0,0.0,5.38,40.7408518,-73.9924759,26v2,906,36061005400
1008220045,4 WEST 21 STREET,MN,822,45,10010.0,1005400,54,D4,3.0,BREM REALTY LLC,9384.0,119136.0,104254.0,14882.0,0.0,2604.0,54.0,56.0,1.0,17.0,2005.0,0.0,12.7,40.7404043,-73.9914223,26v2,999,36061005400
1008190039,122 5TH AVENUE,MN,819,39,10011.0,1005400,54,O6,5.0,122 FIFTH ASSOC,21646.0,244069.0,0.0,244069.0,223387.0,20682.0,0.0,4.0,2.0,11.0,1900.0,1987.0,11.28,40.738409,-73.9925484,26v2,956,36061005400
1008210062,32 WEST 20 STREET,MN,821,62,10011.0,1005400,54,D4,3.0,DAVID SHAMA,4655.0,41476.0,37400.0,4076.0,0.0,4076.0,18.0,19.0,1.0,11.0,1912.0,1985.0,8.91,40.7402892,-73.9929523,26v2,872,36061005400
1008190027,17 WEST 17 STREET,MN,819,27,10011.0,1005400,54,O6,5.0,"17 W. 17TH STREET ENTERPRISES,INC",4876.0,51102.0,18444.0,32658.0,27881.0,4777.0,6.0,11.0,1.0,11.0,1907.0,2006.0,10.48,40.7385627,-73.9932268,26v2,897,36061005400
1008190037,118 5 AVENUE,MN,819,37,10011.0,1005400,54,O6,5.0,120 FEE LLC,5727.0,65857.0,0.0,65857.0,60257.0,5600.0,0.0,7.0,1.0,11.0,1906.0,1986.0,11.5,40.7381757,-73.9924618,26v2,972,36061005400
1008190050,6 WEST 18 STREET,MN,819,50,10011.0,1005400,54,O6,5.0,6-8 WEST 18TH STREET LLC,4784.0,51889.0,0.0,51889.0,47349.0,4500.0,0.0,22.0,1.0,12.0,1910.0,0.0,10.85,40.7386917,-73.992801,26v2,926,36061005400
1008220049,12 WEST 21 STREET,MN,822,49,10010.0,1005400,54,O6,5.0,"12W21 LAND, L.P.",4646.0,58900.0,0.0,58900.0,50000.0,4200.0,0.0,12.0,1.0,12.0,1907.0,2012.0,12.68,40.7405087,-73.9916604,26v2,977,36061005400
1008180039,3 WEST 16 STREET,MN,818,39,10011.0,1005400,54,S5,4.0,"3 WEST 16TH STREET, LLC",3066.0,17216.0,15762.0,1454.0,0.0,1454.0,5.0,6.0,1.0,6.0,1920.0,1984.0,5.62,40.7378052,-73.9932377,26v2,928,36061005400
1008250001,716 AVENUE OF THE AMERICAS,MN,825,1,10010.0,1005800,58,P2,8.0,TRUSTEES OF THE MASONIC HALL AND ASYLUM FUND,22725.0,219718.0,0.0,219718.0,207718.0,12000.0,0.0,37.0,1.0,19.0,1912.0,0.0,9.67,40.7430339,-73.992104,26v2,954,36061005800
1008260001,736 AVENUE OF THE AMERICAS,MN,826,1,10010.0,1005800,58,D6,4.0,CHELSEA ASSOCIATES FEE OWNER LLC,25181.0,296400.0,265000.0,31400.0,0.0,18000.0,301.0,306.0,1.0,29.0,1999.0,0.0,11.77,40.7436898,-73.9917394,26v2,1000,36061005800
1008250008,67 WEST 23 STREET,MN,825,8,10010.0,1005800,58,K1,5.0,"TTMH NYC HOLDINGS I, LLC",1975.0,1975.0,0.0,1975.0,0.0,1975.0,0.0,2.0,1.0,1.0,1976.0,1986.0,1.0,40.7428335,-73.9919308,26v2,964,36061005800
1008230001,676 AVENUE OF THE AMERICAS,MN,823,1,10010.0,1005800,58,K2,5.0,"APHIS REALTY, INC.",2344.0,4600.0,0.0,4600.0,0.0,4600.0,0.0,2.0,1.0,2.0,1910.0,0.0,1.96,40.7415875,-73.9933672,26v2,829,36061005800
1006190020,230 WEST 10 STREET,MN,619,20,10014.0,1007300,73,A4,1.0,"BAKOS, YANNIS",2113.0,4800.0,4800.0,0.0,0.0,0.0,1.0,1.0,3.0,3.0,1905.0,0.0,2.27,40.7336909,-74.005214,26v2,869,36061007300
1006190050,329 BLEECKER STREET,MN,619,50,10014.0,1007300,73,S9,4.0,CHRISTOPHER BLEECKER OWNER LLC,1320.0,3705.0,2905.0,800.0,0.0,800.0,4.0,6.0,2.0,3.0,1905.0,1985.0,2.81,40.7335509,-74.0041964,26v2,872,36061007300
1006190061,202 WEST 10 STREET,MN,619,61,10014.0,1007300,73,A4,1.0,"SUBIN, NINA",1789.0,2990.0,2280.0,0.0,0.0,0.0,1.0,1.0,1.0,3.0,1829.0,0.0,1.67,40.733916,-74.0038789,26v2,830,36061007300
1006210035,371 BLEECKER STREET,MN,621,35,10014.0,1007300,73,C6,2.0,BLEEKER 373 OWNERS CORP,2347.0,9270.0,7416.0,1854.0,0.0,1854.0,13.0,15.0,1.0,5.0,1910.0,1985.0,3.95,40.734937,-74.0046295,26v2,724,36061007300
1006210038,377 BLEECKER STREET,MN,621,38,10014.0,1007300,73,C5,2.0,EVGER BLEECKR ST.RLTY CP,3080.0,10874.0,9335.0,1539.0,0.0,1539.0,17.0,19.0,1.0,5.0,1910.0,1986.0,3.53,40.7350935,-74.0046367,26v2,707,36061007300
1006210001,538 HUDSON STREET,MN,621,1,10014.0,1007300,73,D8,3.0,540 HUDSON STREET PARTNERS LLC,8020.0,38332.0,31345.0,6987.0,0.0,6987.0,18.0,19.0,1.0,7.0,2022.0,0.0,4.78,40.7346899,-74.0058491,26v2,774,36061007300
1006210006,548 HUDSON STREET,MN,621,6,10014.0,1007300,73,S1,4.0,"548 HUDSON, LLC",1556.0,4068.0,3450.0,618.0,0.0,618.0,1.0,2.0,1.0,4.0,1852.0,2015.0,2.61,40.7349205,-74.005813,26v2,749,36061007300
1006220005,560 HUDSON STREET,MN,622,5,10014.0,1007300,73,C5,2.0,560-566 HUDSON,5100.0,14352.0,14352.0,0.0,0.0,0.0,32.0,32.0,4.0,4.0,1900.0,1988.0,2.81,40.7355381,-74.0057301,26v2,681,36061007300
1006220001,552 HUDSON STREET,MN,622,1,10014.0,1007300,73,C7,4.0,101 PERRY STREET LLC,4905.0,15594.0,12594.0,3000.0,0.0,3000.0,32.0,36.0,1.0,4.0,1949.0,1987.0,3.18,40.7353377,-74.0057517,26v2,703,36061007300
1006180040,42 7 AVENUE,MN,618,40,10011.0,1007700,77,P5,8.0,METROPOLITAN TEMPLE,6800.0,27200.0,0.0,27200.0,0.0,0.0,0.0,1.0,1.0,4.0,1931.0,1985.0,4.0,40.7381485,-74.0003825,26v2,429,36061007700
1006170045,220 WEST 13 STREET,MN,617,45,10011.0,1007700,77,D7,4.0,220 W 13 STREET LLC,3315.0,13662.0,11385.0,2277.0,0.0,2277.0,22.0,23.0,1.0,6.0,1928.0,0.0,4.12,40.7381896,-74.0014759,26v2,382,36061007700
1006170047,208 WEST 13 STREET,MN,617,47,10011.0,1007700,77,I5,8.0,THE LESBIAN & GAY SERVICE,15488.0,27000.0,0.0,27000.0,0.0,250.0,28.0,34.0,3.0,4.0,1925.0,1984.0,1.74,40.7380414,-74.0011944,26v2,406,36061007700
1006150074,6 JANE STREET,MN,615,74,10014.0,1007700,77,C0,2.0,"JOSEPH J. PETRONE, AS CO-TRUSTEE",1200.0,3420.0,2540.0,0.0,0.0,0.0,3.0,3.0,1.0,3.0,1843.0,1986.0,2.85,40.7379838,-74.002443,26v2,381,36061007700
1006150064,24 JANE STREET,MN,615,64,10014.0,1007700,77,C4,2.0,24-26 JANE REALTY LLC,3587.0,13343.0,13341.0,0.0,0.0,0.0,34.0,34.0,3.0,5.0,1910.0,0.0,3.72,40.7379645,-74.0032693,26v2,378,36061007700
1006170001,76 GREENWICH AVENUE,MN,617,1,10011.0,1007700,77,Q1,9.0,NYC DEPARTMENT OF PARKS AND RECREATION,15845.0,0.0,,,,,0.0,0.0,0.0,,0.0,0.0,0.0,40.7371988,-74.00118,26v2,493,36061007700
1006150062,28 JANE STREET,MN,615,62,10014.0,1007700,77,K4,4.0,28-30 JANE STREET LLC,2948.0,4988.0,2000.0,2988.0,0.0,2988.0,2.0,4.0,2.0,2.0,1830.0,0.0,1.69,40.7379755,-74.0034353,26v2,377,36061007700
1006150057,325 WEST 4 STREET,MN,615,57,10014.0,1007700,77,C4,2.0,IRREVOCABLE TRUST OF HELEN RAKOSI F/B/O  JER,2613.0,9797.0,9797.0,0.0,0.0,0.0,18.0,18.0,2.0,5.0,1910.0,0.0,3.75,40.7378438,-74.0036157,26v2,392,36061007700
1006150091,259 WEST 12 STREET,MN,615,91,10014.0,1007700,77,D3,3.0,259 WEST 12 ST LLC,3512.0,14596.0,14596.0,0.0,0.0,0.0,26.0,26.0,1.0,6.0,1900.0,0.0,4.16,40.7377752,-74.0030564,26v2,399,36061007700
1006150083,239 WEST 12 STREET,MN,615,83,10014.0,1007700,77,C1,2.0,239 WEST LLC,1285.0,4544.0,4544.0,0.0,0.0,0.0,8.0,8.0,1.0,4.0,1843.0,2011.0,3.54,40.7378163,-74.0023094,26v2,401,36061007700
1006150093,263 WEST 12 STREET,MN,615,93,10014.0,1007700,77,A4,1.0,"MANTELLO, JOSEPH",1775.0,5084.0,5084.0,0.0,0.0,0.0,1.0,1.0,2.0,3.0,1920.0,2011.0,2.86,40.7377642,-74.0031935,26v2,400,36061007700
1006150094,269 WEST 12 STREET,MN,615,94,10014.0,1007700,77,C1,2.0,269 WEST 12 ST LLC,4543.0,15708.0,15708.0,0.0,0.0,0.0,29.0,29.0,1.0,6.0,1910.0,1987.0,3.46,40.7377614,-74.0033379,26v2,400,36061007700
1006240058,61 BANK STREET,MN,624,58,10014.0,1007700,77,B9,1.0,61 ACQUISITION CORP.,2675.0,4500.0,3375.0,0.0,0.0,0.0,2.0,2.0,2.0,3.0,1899.0,2009.0,1.68,40.7369874,-74.0042616,26v2,494,36061007700
1006240024,8 AVENUE,MN,624,24,10014.0,1007700,77,Q1,9.0,NYC DEPARTMENT OF PARKS AND RECREATION,7750.0,0.0,,,,,0.0,0.0,0.0,,0.0,0.0,0.0,40.7373332,-74.0054308,26v2,485,36061007700
1006260021,624 HUDSON STREET,MN,626,21,10014.0,1007700,77,S3,4.0,BANDE REAL ESTATE CORP,865.0,3204.0,2554.0,650.0,0.0,650.0,3.0,4.0,1.0,4.0,1920.0,1987.0,3.7,40.738217,-74.0053262,26v2,392,36061007700
1006250029,50 JANE STREET,MN,625,29,10014.0,1007700,77,C0,2.0,"SEDGH, JOSEPH",1800.0,3960.0,2860.0,0.0,0.0,0.0,3.0,3.0,1.0,3.0,1846.0,0.0,2.2,40.7379617,-74.0050411,26v2,408,36061007700
1006250055,32 8 AVENUE,MN,625,55,10014.0,1007700,77,H3,5.0,JANE 8 LLC,800.0,2293.0,,,,,0.0,1.0,1.0,3.0,1841.0,0.0,2.87,40.737841,-74.0041967,26v2,400,36061007700
1006250063,285 WEST 12 STREET,MN,625,63,10014.0,1007700,77,C5,2.0,285 WEST 12TH PROPERTY OWNER LLC,2080.0,4864.0,4164.0,700.0,0.0,700.0,12.0,13.0,1.0,4.0,1841.0,0.0,2.34,40.7377147,-74.0041137,26v2,412,36061007700
1006250054,30 8 AVENUE,MN,625,54,10014.0,1007700,77,H3,5.0,JANE 8 LLC,571.0,1624.0,,,,,0.0,1.0,1.0,3.0,1841.0,0.0,2.84,40.7378218,-74.0042616,26v2,403,36061007700
1006250034,36 JANE STREET,MN,625,34,10014.0,1007700,77,QG,9.0,NYC DEPARTMENT OF PARKS AND RECREATION,2164.0,0.0,,,,,0.0,0.0,0.0,,0.0,0.0,0.0,40.7380194,-74.0045648,26v2,389,36061007700
1006260026,634 HUDSON STREET,MN,626,26,10014.0,1007700,77,C4,2.0,634 HUDSON REALTY LLC,2982.0,9230.0,8630.0,600.0,0.0,600.0,20.0,21.0,2.0,4.0,1900.0,1987.0,3.1,40.7384969,-74.0051638,26v2,358,36061007700
1006250028,52 JANE STREET,MN,625,28,10014.0,1007700,77,B1,1.0,"MURPHY, KATHLEEN M.",1800.0,3880.0,2820.0,0.0,0.0,0.0,2.0,2.0,1.0,3.0,1848.0,1996.0,2.16,40.7379617,-74.0051241,26v2,411,36061007700
1006250056,34 8 AVENUE,MN,625,56,10014.0,1007700,77,D7,4.0,ALLIED VI LLC,3020.0,10552.0,9752.0,800.0,0.0,800.0,23.0,24.0,4.0,5.0,1900.0,1987.0,3.49,40.7378877,-74.0040848,26v2,393,36061007700
1006260038,26 HORATIO STREET,MN,626,38,10014.0,1007700,77,C1,2.0,MYRON LEO LLC,4375.0,18564.0,18564.0,0.0,0.0,0.0,24.0,24.0,1.0,6.0,1904.0,0.0,4.24,40.7385683,-74.0043122,26v2,324,36061007700
1006150001,301 WEST 4 STREET,MN,615,1,10014.0,1007700,77,S2,4.0,301 WEST 4TH HOLDINGS LLC,1040.0,3007.0,2005.0,1002.0,0.0,1002.0,2.0,3.0,1.0,3.0,1910.0,0.0,2.89,40.736949,-74.003576,26v2,491,36061007700
1006150015,264 WEST 12 STREET,MN,615,15,10014.0,1007700,77,A9,1.0,"ERICSSON, ALICE",1428.0,2313.0,2313.0,0.0,0.0,0.0,1.0,1.0,1.0,3.0,1899.0,2008.0,1.62,40.7373936,-74.0031502,26v2,441,36061007700
1006150014,266 WEST 12 STREET,MN,615,14,10014.0,1007700,77,A4,1.0,"KUNST, MARIA A",1462.0,2752.0,2752.0,0.0,0.0,0.0,1.0,1.0,1.0,3.0,1841.0,0.0,1.88,40.7373881,-74.0032079,26v2,442,36061007700
1006230048,267 WEST 11 STREET,MN,623,48,10014.0,1007700,77,B1,1.0,"BT267 TRUST DATED OCTOBER 4, 2022",2538.0,6144.0,4722.0,0.0,0.0,0.0,2.0,2.0,2.0,4.0,1910.0,2009.0,2.42,40.7363149,-74.0041605,26v2,567,36061007700
1006230002,580 HUDSON STREET,MN,623,2,10014.0,1007700,77,Q1,9.0,NYC DEPARTMENT OF PARKS AND RECREATION,15135.0,2640.0,0.0,2640.0,0.0,0.0,0.0,1.0,1.0,1.0,1945.0,0.0,0.17,40.7362956,-74.0054884,26v2,595,36061007700
1006180032,62 7 AVENUE,MN,618,32,10011.0,1007700,77,C7,4.0,CHECO 200 WEST 14TH LLC,2600.0,12239.0,7039.0,5200.0,0.0,5200.0,12.0,18.0,1.0,5.0,1901.0,1983.0,4.71,40.7385382,-74.0001046,26v2,408,36061007700
1006270025,638 HUDSON STREET,MN,627,25,10014.0,1007700,77,Q1,9.0,NYC DEPARTMENT OF PARKS AND RECREATION,49130.0,400.0,0.0,400.0,0.0,0.0,0.0,1.0,1.0,1.0,1920.0,0.0,0.01,40.7390706,-74.0047958,26v2,288,36061007700
1006180031,202 WEST 14 STREET,MN,618,31,10011.0,1007700,77,C4,2.0,202 W. 14 REALTY,2581.0,6400.0,4465.0,1935.0,0.0,1935.0,6.0,8.0,1.0,5.0,1910.0,0.0,2.48,40.73853,-74.0003717,26v2,395,36061007700
1006180028,204 WEST 14 STREET,MN,618,28,10011.0,1007700,77,D7,4.0,204-208 W. 14 REALTY LLC,7744.0,32000.0,27850.0,4150.0,0.0,4150.0,52.0,57.0,1.0,6.0,1969.0,0.0,4.13,40.7385986,-74.0005305,26v2,381,36061007700
1006180033,48 7 AVENUE,MN,618,33,10011.0,1007700,77,D6,4.0,JOUP LLC,11250.0,142204.0,132204.0,10000.0,0.0,10000.0,159.0,162.0,1.0,20.0,1931.0,0.0,12.64,40.7383681,-74.0002237,26v2,417,36061007700
1006260036,30 HORATIO STREET,MN,626,36,10014.0,1007700,77,D3,3.0,JANE-HORATIO LLC,8637.0,41970.0,41970.0,0.0,0.0,0.0,47.0,47.0,2.0,3.0,1910.0,0.0,4.86,40.7384503,-74.0044962,26v2,341,36061007700
1006290013,344 WEST 14 STREET,MN,629,13,10014.0,1007700,77,C7,4.0,344 WEST 14TH STREET LLC,5165.0,25100.0,21600.0,3500.0,0.0,3500.0,20.0,22.0,1.0,6.0,1910.0,2005.0,4.86,40.7403469,-74.0046732,26v2,167,36061007700
1006160046,55 8 AVENUE,MN,616,46,10014.0,1007700,77,G3,7.0,51 EIGHTH AVENUE LLC,4034.0,506.0,0.0,506.0,0.0,0.0,0.0,1.0,1.0,1.0,1977.0,2012.0,0.13,40.7389773,-74.0034823,26v2,266,36061007700
1006160143,349 WEST 4 STREET,MN,616,143,10014.0,1007700,77,B1,1.0,"KAREN BERT COOPER, AS TRUSTEE",552.0,2750.0,2200.0,0.0,0.0,0.0,2.0,2.0,1.0,4.0,1868.0,0.0,4.98,40.739153,-74.003724,26v2,249,36061007700
1006290027,316 WEST 14 STREET,MN,629,27,10014.0,1007700,77,C5,2.0,316 WEST 14 REALTY ASSOCIATES LLC,2516.0,7425.0,4950.0,2475.0,0.0,2475.0,20.0,22.0,1.0,4.0,1910.0,0.0,2.95,40.7398968,-74.0036086,26v2,166,36061007700
1006290025,320 WEST 14 STREET,MN,629,25,10014.0,1007700,77,C4,2.0,320-324 WEST 14 REALTY ASSOCIATES LLC,2581.0,8250.0,8250.0,0.0,0.0,0.0,7.0,9.0,1.0,5.0,1901.0,1986.0,3.2,40.73996,-74.0037638,26v2,163,36061007700
1006290029,304 WEST 14 STREET,MN,629,29,10014.0,1007700,77,C7,4.0,304-10 W 14 REALTY LLC,8772.0,38376.0,33376.0,5000.0,0.0,5000.0,66.0,73.0,1.0,6.0,1905.0,0.0,4.37,40.739798,-74.0033271,26v2,174,36061007700
1006290028,314 WEST 14 STREET,MN,629,28,10014.0,1007700,77,O7,5.0,THE CHELSEA VILLAGE REALTY TRUST II,2516.0,15750.0,0.0,15750.0,15750.0,0.0,0.0,10.0,1.0,6.0,1910.0,1985.0,6.26,40.7398639,-74.0035292,26v2,169,36061007700
1006290026,318 WEST 14 STREET,MN,629,26,10014.0,1007700,77,C6,2.0,318 W 14 ST HSNG CORP,2581.0,7875.0,7875.0,0.0,0.0,0.0,5.0,5.0,1.0,5.0,1910.0,1983.0,3.05,40.7399298,-74.003688,26v2,164,36061007700
1006290017,336 WEST 14 STREET,MN,629,17,10014.0,1007700,77,C1,2.0,VILLAGE DEVELOPMENTASSC,3098.0,6656.0,6656.0,0.0,0.0,0.0,18.0,18.0,2.0,4.0,1900.0,0.0,2.15,40.7402317,-74.0043989,26v2,161,36061007700
1006290018,330 WEST 14 STREET,MN,629,18,10014.0,1007700,77,M1,8.0,RC CHURCH ST BERNARD,10000.0,9330.0,0.0,9330.0,0.0,0.0,0.0,1.0,1.0,2.0,1910.0,0.0,0.93,40.7401219,-74.0042546,26v2,163,36061007700
1006290044,305 WEST 13 STREET,MN,629,44,10014.0,1007700,77,D1,3.0,SUPREME COMPANY I,14517.0,56508.0,56508.0,0.0,0.0,0.0,77.0,77.0,1.0,6.0,1964.0,0.0,3.89,40.7395537,-74.0035364,26v2,203,36061007700
1006290055,327 WEST 13 STREET,MN,629,55,10014.0,1007700,77,W2,8.0,RC CHUR ST BERNARD,10575.0,38387.0,0.0,38387.0,0.0,0.0,0.0,1.0,1.0,5.0,1946.0,0.0,3.63,40.7398474,-74.0043448,26v2,194,36061007700
1006180027,210 WEST 14 STREET,MN,618,27,10011.0,1007700,77,C4,2.0,HAPPY UNITED REALTYINC,3275.0,6000.0,6000.0,0.0,0.0,0.0,6.0,7.0,2.0,5.0,1910.0,1982.0,1.83,40.7386316,-74.0007109,26v2,369,36061007700
1006180012,242 WEST 14 STREET,MN,618,12,10011.0,1007700,77,S4,4.0,J & R 240 LLC,3288.0,7152.0,5176.0,1976.0,0.0,1976.0,4.0,5.0,2.0,4.0,1910.0,1987.0,2.18,40.7391338,-74.0018909,26v2,271,36061007700
1006170044,224 WEST 13 STREET,MN,617,44,10011.0,1007700,77,C5,2.0,"UNITED GREENWICH, LLC",1460.0,4194.0,4194.0,0.0,0.0,0.0,10.0,10.0,2.0,5.0,1900.0,0.0,2.87,40.7382418,-74.0015625,26v2,373,36061007700
1006180005,74 8 AVENUE,MN,618,5,10011.0,1007700,77,O6,5.0,76 8TH AVENUE OWNER LLC,3608.0,34364.0,0.0,32540.0,27067.0,5473.0,0.0,2.0,3.0,10.0,2020.0,2018.0,9.52,40.7394632,-74.0023672,26v2,222,36061007700
1006180017,232 WEST 14 STREET,MN,618,17,10011.0,1007700,77,C5,2.0,232 W 14TH LLC,2600.0,7405.0,6405.0,1000.0,0.0,1000.0,9.0,10.0,1.0,5.0,1900.0,2005.0,2.85,40.7389966,-74.0014759,26v2,301,36061007700
1006170043,226 WEST 13 STREET,MN,617,43,10011.0,1007700,77,C5,2.0,"UNITED GREENWICH, LLC",1320.0,2860.0,2860.0,0.0,0.0,0.0,13.0,13.0,1.0,2.5,1910.0,0.0,2.17,40.7382747,-74.0016202,26v2,368,36061007700
1006160054,JACKSON SQUARE,MN,616,54,10014.0,1007700,77,Q1,9.0,NYC DEPARTMENT OF PARKS AND RECREATION,9720.0,0.0,,,,,0.0,0.0,0.0,,0.0,0.0,0.0,40.7389252,-74.0028472,26v2,272,36061007700
1006180013,240 WEST 14 STREET,MN,618,13,10011.0,1007700,77,C7,4.0,J & R 240 LLC,2581.0,7017.0,6017.0,1000.0,0.0,1000.0,7.0,9.0,1.0,4.0,1910.0,1985.0,2.72,40.7391311,-74.0017935,26v2,275,36061007700
1006170034,106 GREENWICH AVENUE,MN,617,34,10011.0,1007700,77,C7,4.0,GRAIN LLC,2137.0,4843.0,3643.0,1200.0,0.0,1200.0,8.0,10.0,2.0,4.0,1900.0,2009.0,2.27,40.7382747,-74.0018909,26v2,361,36061007700
1006180008,250 WEST 14 STREET,MN,618,8,10011.0,1007700,77,C4,2.0,M MARKET 14 LLC,2444.0,5760.0,4320.0,1440.0,0.0,1440.0,6.0,8.0,1.0,5.0,1900.0,0.0,2.36,40.7393095,-74.0021724,26v2,244,36061007700
1006180010,244 WEST 14 STREET,MN,618,10,10011.0,1007700,77,K2,5.0,14 SMI LLC,5163.0,10300.0,0.0,10300.0,0.0,10300.0,0.0,3.0,1.0,2.0,1920.0,1987.0,1.99,40.7392134,-74.0019883,26v2,260,36061007700
1006180014,238 WEST 14 STREET,MN,618,14,10011.0,1007700,77,D7,4.0,S3 REALTY LLC,2582.0,8812.0,7521.0,1291.0,0.0,1291.0,14.0,15.0,2.0,5.0,1900.0,1985.0,3.41,40.7390982,-74.0017141,26v2,281,36061007700
1006180024,214 WEST 14 STREET,MN,618,24,10011.0,1007700,77,O6,5.0,"BEVERLY, ROBERT TR",6575.0,53906.0,0.0,53906.0,35000.0,0.0,0.0,6.0,1.0,8.0,1916.0,0.0,8.2,40.7387166,-74.0009094,26v2,352,36061007700
1006180026,212 WEST 14 STREET,MN,618,26,10011.0,1007700,77,C7,4.0,212 WEST 14TH STREETREALTY CORP.,3300.0,9750.0,7900.0,1850.0,0.0,1850.0,8.0,9.0,1.0,5.0,1915.0,0.0,2.95,40.7386645,-74.0007903,26v2,362,36061007700
1006140059,79 GREENWICH AVENUE,MN,614,59,10014.0,1007700,77,C7,4.0,VILLAGE MANAGEMENT INCRP,2200.0,4706.0,3806.0,900.0,0.0,900.0,7.0,9.0,2.0,3.0,1900.0,0.0,2.14,40.7368722,-74.0015877,26v2,517,36061007700
1006140053,8 BANK STREET,MN,614,53,10014.0,1007700,77,C3,2.0,CJ-EIGHT HOLDING LLC,900.0,3300.0,3300.0,0.0,0.0,0.0,4.0,4.0,1.0,5.0,1861.0,0.0,3.67,40.7369655,-74.0018187,26v2,502,36061007700
1006140032,227 WEST 11 STREET,MN,614,32,10014.0,1007700,77,C6,2.0,227 W 11 ST OWNERS CORP,3860.0,15798.0,14598.0,1200.0,0.0,1200.0,28.0,30.0,1.0,6.0,1915.0,0.0,4.09,40.7365428,-74.0025079,26v2,539,36061007700
1006140027,217 WEST 11 STREET,MN,614,27,10014.0,1007700,77,C1,2.0,CARMINE LIMITED,4687.0,22050.0,22050.0,0.0,0.0,0.0,36.0,36.0,1.0,6.0,1916.0,0.0,4.7,40.7365675,-74.0021867,26v2,540,36061007700
1006140025,244 WAVERLY PLACE,MN,614,25,10014.0,1007700,77,C5,2.0,244 WAVERLY LLC,2074.0,6860.0,6860.0,0.0,0.0,0.0,13.0,13.0,1.0,3.0,1900.0,0.0,3.31,40.7367239,-74.00223,26v2,522,36061007700
1006140020,24 BANK STREET,MN,614,20,10014.0,1007700,77,B3,1.0,"MORTENSON, RAY",1860.0,3192.0,2394.0,0.0,0.0,0.0,2.0,2.0,1.0,3.0,1845.0,2005.0,1.72,40.7368227,-74.002479,26v2,508,36061007700
1008240011,56 WEST 23 STREET,MN,824,11,10010.0,1005800,58,D6,4.0,"WHITEHALL PROPERTIES, LLC",46676.0,527452.0,381098.0,146354.0,0.0,104376.0,431.0,444.0,1.0,20.0,2000.0,0.0,11.3,40.7423285,-73.9924974,26v2,909,36061005800
1008250009,61 WEST 23 STREET,MN,825,9,10010.0,1005800,58,O6,5.0,61 WEST 23RD STREET LLC,7406.0,46900.0,0.0,46900.0,39990.0,6910.0,0.0,12.0,1.0,7.0,1920.0,0.0,6.33,40.7427676,-73.9917792,26v2,975,36061005800
1008230002,678 AVENUE OF THE AMERICAS,MN,823,2,10010.0,1005800,58,C7,4.0,678 6TH AVENUE LLC/HEP FACHIONS LTD C/O,4693.0,14599.0,11399.0,3200.0,0.0,3200.0,8.0,10.0,1.0,5.0,1915.0,2004.0,3.11,40.7416753,-73.9933022,26v2,835,36061005800
1008230024,19 WEST 21 STREET,MN,823,24,10010.0,1005800,58,O6,5.0,FIFTH PARTNERS LLC,10377.0,113284.0,0.0,113284.0,103384.0,9900.0,0.0,49.0,1.0,12.0,1908.0,0.0,10.92,40.7410302,-73.991765,26v2,965,36061005800
1008230017,35 WEST 21 STREET,MN,823,17,10010.0,1005800,58,D6,4.0,"MARJAYROB ASSOCIATES, LLC",12134.0,151236.0,141236.0,10000.0,0.0,10000.0,116.0,118.0,1.0,15.0,2007.0,0.0,12.46,40.7413212,-73.9923207,26v2,917,36061005800
1008230029,15 WEST 21 STREET,MN,823,29,10010.0,1005800,58,O6,5.0,MEYSAR REALTY CORP,11200.0,137007.0,0.0,137007.0,117007.0,20000.0,0.0,17.0,1.0,12.0,1910.0,1988.0,12.23,40.7410411,-73.9914294,26v2,993,36061005800
1008240015,37 WEST 22 STREET,MN,824,15,10010.0,1005800,58,O6,5.0,50 WEST 23RD STREET LLC,19751.0,284930.0,0.0,284930.0,262598.0,22332.0,0.0,38.0,2.0,13.0,1906.0,2011.0,14.43,40.7420348,-73.9919525,26v2,951,36061005800
1008250082,732 AVENUE OF THE AMERICAS,MN,825,82,10010.0,1005800,58,G6,10.0,"TTMH NYC HOLDINGS II, LLC",9381.0,0.0,,,,,0.0,0.0,0.0,,0.0,0.0,0.0,40.7432535,-73.9921473,26v2,955,36061005800
1005900061,19 BARROW STREET,MN,590,61,10014.0,1006700,67,C7,4.0,BARROW NYC LLC,4100.0,8136.0,7116.0,1020.0,0.0,1020.0,11.0,12.0,1.0,4.0,1900.0,1988.0,1.98,40.7324503,-74.0027242,26v2,992,36061006700
1005900063,17 BARROW STREET,MN,590,63,10014.0,1006700,67,K4,4.0,RAPA NUI RLTY CORP,2025.0,3501.0,0.0,3501.0,787.0,2714.0,0.0,2.0,2.0,2.0,1910.0,1986.0,1.73,40.7324943,-74.0025979,26v2,987,36061006700
1007910036,555 AVENUE OF THE AMERICAS,MN,791,36,10011.0,1008100,81,D6,4.0,SP 555 SIXTH LLC,30975.0,195442.0,117357.0,78085.0,27585.0,19000.0,163.0,170.0,1.0,6.0,1974.0,2013.0,6.31,40.7385327,-73.9964997,26v2,647,36061008100
1007910050,114 WEST 16 STREET,MN,791,50,10011.0,1008100,81,D1,3.0,114 ASSOCIATES,7744.0,32736.0,32736.0,0.0,0.0,0.0,41.0,41.0,1.0,6.0,1939.0,0.0,4.23,40.7388127,-73.9967631,26v2,612,36061008100
1007910016,143 WEST 15 STREET,MN,791,16,10011.0,1008100,81,O3,5.0,"PUERTO RICAN FAMILY FOUNDATION, INC.",4132.0,27353.0,0.0,27353.0,27353.0,0.0,0.0,1.0,1.0,7.0,1909.0,1989.0,6.62,40.7389582,-73.9979034,26v2,521,36061008100
1007920008,151 WEST 16 STREET,MN,792,8,10011.0,1008100,81,D3,3.0,SUPREME COMPANY I LLC,9652.0,43770.0,43770.0,0.0,0.0,0.0,76.0,76.0,1.0,7.0,1962.0,1988.0,4.53,40.7397788,-73.9979359,26v2,478,36061008100
1007900055,132 WEST 15 STREET,MN,790,55,10011.0,1008100,81,C4,2.0,132132 COMPANY,2581.0,10076.0,10076.0,0.0,0.0,0.0,21.0,21.0,1.0,5.0,1920.0,1987.0,3.9,40.7384696,-73.9979395,26v2,548,36061008100
1007920049,120 WEST 17 STREET,MN,792,49,10011.0,1008100,81,S4,4.0,PENTECOSTAL CHURCH ETAL,1894.0,3208.0,1774.0,1434.0,0.0,0.0,4.0,5.0,1.0,3.0,1920.0,1986.0,1.69,40.7395675,-73.9967198,26v2,582,36061008100
1007920045,112 WEST 17 STREET,MN,792,45,10011.0,1008100,81,O5,5.0,BLONDIE LEE CORP,2300.0,3990.0,0.0,3990.0,2990.0,1000.0,0.0,4.0,2.0,3.0,1900.0,0.0,1.73,40.7394357,-73.9964095,26v2,611,36061008100
1007910070,146 WEST 16 STREET,MN,791,70,10011.0,1008100,81,C6,2.0,146 WEST 16TH STREET,2151.0,5000.0,5000.0,0.0,0.0,0.0,9.0,9.0,1.0,4.0,1920.0,1987.0,2.32,40.7393013,-73.9979287,26v2,500,36061008100
1007930037,603 AVENUE OF THE AMERICAS,MN,793,37,10011.0,1008100,81,K4,4.0,"595 REALTY, LLC",1325.0,3975.0,0.0,3975.0,0.0,1300.0,0.0,2.0,1.0,3.0,1920.0,0.0,3.0,40.7396553,-73.9955217,26v2,675,36061008100
1007900056,134 WEST 15 STREET,MN,790,56,10011.0,1008100,81,C1,2.0,134 MANAGEMENT LLC,2581.0,9925.0,9925.0,0.0,0.0,0.0,21.0,21.0,1.0,5.0,1920.0,1987.0,3.85,40.7385025,-73.9980225,26v2,540,36061008100
1007920012,141 WEST 16 STREET,MN,792,12,10011.0,1008100,81,D1,3.0,141 WEST 16 ASSOCIATES    .,8284.0,34662.0,34662.0,0.0,0.0,0.0,48.0,48.0,1.0,6.0,1940.0,1987.0,4.18,40.7396526,-73.9976255,26v2,507,36061008100
1007910027,123 WEST 15 STREET,MN,791,27,10011.0,1008100,81,C0,2.0,"SOHO BUILDERS, LLC",2065.0,6847.0,6847.0,0.0,0.0,0.0,3.0,3.0,1.0,6.0,1910.0,2006.0,3.32,40.7386782,-73.9972431,26v2,584,36061008100
1007920064,150 WEST 17 STREET,MN,792,64,10011.0,1008100,81,P7,8.0,"RUBIN, DONALD CULTURAL TRUST",2231.0,12000.0,0.0,12000.0,12000.0,0.0,0.0,2.0,1.0,6.0,1915.0,1985.0,5.38,40.7400176,-73.9977915,26v2,480,36061008100
1007920061,144 WEST 17 STREET,MN,792,61,10011.0,1008100,81,C7,4.0,"RUBIN, DONALD CULTURAL TRUST",2231.0,8675.0,4875.0,3800.0,0.0,3800.0,14.0,15.0,1.0,5.0,1915.0,1987.0,3.89,40.7399243,-73.9975678,26v2,501,36061008100
1007910026,125 WEST 15 STREET,MN,791,26,10011.0,1008100,81,C0,2.0,FURNIVAL LLC,2065.0,4400.0,3300.0,0.0,0.0,0.0,3.0,3.0,1.0,3.0,1901.0,0.0,2.13,40.7387056,-73.997308,26v2,578,36061008100
1007920050,122 WEST 17 STREET,MN,792,50,10011.0,1008100,81,W3,8.0,ST FRANCIS XAVIER ETAL,7314.0,25732.0,0.0,25732.0,0.0,0.0,0.0,1.0,1.0,5.0,1910.0,0.0,3.52,40.7396333,-73.9968786,26v2,567,36061008100
1007920060,142 WEST 17 STREET,MN,792,60,10011.0,1008100,81,C7,4.0,"RUBIN, DONALD CULTURAL TRUST",2224.0,9280.0,5480.0,3800.0,0.0,3800.0,11.0,12.0,1.0,5.0,1915.0,1987.0,4.17,40.7398886,-73.9974884,26v2,509,36061008100
1007930035,599 AVENUE OF THE AMERICAS,MN,793,35,10011.0,1008100,81,S9,4.0,"595 REALTY, LLC",2652.0,5733.0,0.0,5733.0,3133.0,2600.0,4.0,7.0,1.0,3.0,1920.0,0.0,2.16,40.7395866,-73.9955723,26v2,673,36061008100
1007910019,139 WEST 15 STREET,MN,791,19,10011.0,1008100,81,C1,2.0,"13915 REALTY, LLC.",2065.0,4160.0,4160.0,0.0,0.0,0.0,8.0,8.0,1.0,3.0,1910.0,0.0,2.01,40.7388923,-73.9977483,26v2,536,36061008100
1007910054,120 WEST 16 STREET,MN,791,54,10011.0,1008100,81,N2,8.0,NYS OFFICE FOR PEOPLE WITH DISABIL,5162.0,8932.0,0.0,8932.0,0.0,0.0,0.0,2.0,2.0,2.0,1931.0,0.0,1.73,40.738928,-73.997041,26v2,586,36061008100
1007920024,115 WEST 16 STREET,MN,792,24,10011.0,1008100,81,D1,3.0,115 ASSOCIATES LLC,9200.0,39264.0,39264.0,0.0,0.0,0.0,48.0,48.0,1.0,6.0,1920.0,0.0,4.27,40.7392628,-73.9966909,26v2,597,36061008100
1007930017,135 WEST 17 STREET,MN,793,17,10011.0,1008100,81,D0,3.0,135 W 17 ST TENANTS CORP,5980.0,32322.0,26732.0,5590.0,0.0,5590.0,14.0,15.0,1.0,6.0,1920.0,1988.0,5.41,40.7401082,-73.9968821,26v2,551,36061008100
1007920039,587 AVENUE OF THE AMERICAS,MN,792,39,10011.0,1008100,81,G6,10.0,WASSFAM,4600.0,0.0,,,,,0.0,0.0,0.0,,0.0,0.0,0.0,40.7392765,-73.9958537,26v2,661,36061008100
1007910031,115 WEST 15 STREET,MN,791,31,10011.0,1008100,81,C6,2.0,COATES COURT INC,2582.0,5803.0,5803.0,0.0,0.0,0.0,10.0,10.0,2.0,3.0,1911.0,0.0,2.25,40.7385547,-73.9969472,26v2,613,36061008100
1007910024,129 WEST 15 STREET,MN,791,24,10011.0,1008100,81,C3,2.0,DEBIASO FAMILY LIMITED PARTNERSHIP,2065.0,3220.0,3220.0,0.0,0.0,0.0,4.0,4.0,1.0,3.0,1910.0,0.0,1.56,40.7387578,-73.9974307,26v2,566,36061008100
1007910013,147 WEST 15 STREET,MN,791,13,10011.0,1008100,81,D0,3.0,LA FABRIQUE OWNERS CORP,6195.0,53203.0,44617.0,8586.0,0.0,8586.0,14.0,15.0,1.0,9.0,1923.0,1987.0,8.59,40.739024,-73.9980622,26v2,505,36061008100
1007910021,135 WEST 15 STREET,MN,791,21,10011.0,1008100,81,C3,2.0,13515 REALTY LLC,2065.0,4608.0,4608.0,0.0,0.0,0.0,4.0,4.0,1.0,3.0,1910.0,2021.0,2.23,40.7388374,-73.9976184,26v2,548,36061008100
1007920062,146 WEST 17 STREET,MN,792,62,10011.0,1008100,81,C7,4.0,"RUBIN, DONALD CULTURAL TRUST",2231.0,8675.0,4875.0,3800.0,0.0,3800.0,15.0,16.0,1.0,5.0,1915.0,1987.0,3.89,40.7399572,-73.9976472,26v2,494,36061008100
1007920063,148 WEST 17 STREET,MN,792,63,10011.0,1008100,81,C7,4.0,"RUBIN, DONALD CULTURAL TRUST",2231.0,8675.0,5725.0,2950.0,0.0,0.0,13.0,14.0,1.0,5.0,1915.0,1987.0,3.89,40.7399874,-73.997723,26v2,487,36061008100
1007930033,595 AVENUE OF THE AMERICAS,MN,793,33,10011.0,1008100,81,K4,4.0,"595 REALTY,LLC",2646.0,6702.0,0.0,6702.0,3912.0,2790.0,0.0,3.0,1.0,3.0,1880.0,0.0,2.53,40.7394933,-73.9956408,26v2,670,36061008100
1007910029,119 WEST 15 STREET,MN,791,29,10011.0,1008100,81,C4,2.0,119 WEST 15TH LLC,2581.0,13755.0,13755.0,0.0,0.0,0.0,28.0,28.0,1.0,6.0,1914.0,1989.0,5.33,40.7386233,-73.9971096,26v2,597,36061008100
1007910020,137 WEST 15 STREET,MN,791,20,10011.0,1008100,81,C1,2.0,UNAVAILABLE OWNER,2065.0,4160.0,4160.0,0.0,0.0,0.0,7.0,7.0,1.0,3.0,1910.0,0.0,2.01,40.7388648,-73.9976869,26v2,542,36061008100
1007920033,575 AVENUE OF THE AMERICAS,MN,792,33,10011.0,1008100,81,D0,3.0,575 OWNERS CORP,3450.0,32950.0,29950.0,3000.0,0.0,3000.0,16.0,17.0,1.0,9.0,1900.0,1981.0,9.55,40.7389252,-73.9960558,26v2,661,36061008100
1007920066,154 WEST 17 STREET,MN,792,66,10011.0,1008100,81,P7,8.0,"RUBIN, DONALD CULTURAL TRUST",1540.0,5000.0,0.0,5000.0,5000.0,0.0,0.0,1.0,1.0,6.0,1910.0,1987.0,3.25,40.7400341,-73.9979611,26v2,466,36061008100
1007920065,152 WEST 17 STREET,MN,792,65,10011.0,1008100,81,P7,8.0,"RUBIN, DONALD CULTURAL TRUST",2231.0,12000.0,0.0,12000.0,12000.0,0.0,0.0,2.0,1.0,6.0,1910.0,1985.0,5.38,40.7400506,-73.9978673,26v2,473,36061008100
1007910069,144 WEST 16 STREET,MN,791,69,10011.0,1008100,81,C4,2.0,"WAKEFIELD TOWERS, INC.",2151.0,5104.0,5104.0,0.0,0.0,0.0,10.0,10.0,1.0,4.0,1901.0,0.0,2.37,40.7392738,-73.9978637,26v2,506,36061008100
1007930030,109 WEST 17 STREET,MN,793,30,10011.0,1008100,81,K2,5.0,109 WEST 17TH STREET LLC,2300.0,6450.0,0.0,6450.0,0.0,6450.0,0.0,1.0,1.0,3.0,1920.0,0.0,2.8,40.7396992,-73.9959115,26v2,642,36061008100
1007930032,105 WEST 17 STREET,MN,793,32,10011.0,1008100,81,C7,4.0,SEVENTEENTH STREET HOUSING DEVELOPMENT F UND CORP.,2576.0,8820.0,7020.0,1800.0,1800.0,0.0,18.0,19.0,2.0,4.0,1940.0,0.0,3.42,40.7396306,-73.9957491,26v2,657,36061008100
1007930020,133 WEST 17 STREET,MN,793,20,10011.0,1008100,81,D0,3.0,131 WEST 17 REALTY CORP,8280.0,44004.0,44004.0,0.0,0.0,0.0,24.0,24.0,1.0,6.0,1920.0,1979.0,5.31,40.7400039,-73.9966368,26v2,574,36061008100
1007910022,131 WEST 15 STREET,MN,791,22,10011.0,1008100,81,C5,2.0,PR15 LLC,4130.0,8320.0,8320.0,0.0,0.0,0.0,34.0,34.0,1.0,3.0,1910.0,1980.0,2.01,40.7387962,-73.9975245,26v2,557,36061008100
1007910053,118 WEST 16 STREET,MN,791,53,10011.0,1008100,81,S1,4.0,"FERNANDEZ, SECUNDINOJR.",2581.0,5412.0,3206.0,2206.0,2206.0,0.0,1.0,2.0,1.0,3.0,1901.0,0.0,2.1,40.7388785,-73.9969219,26v2,597,36061008100
1007910062,130 WEST 16 STREET,MN,791,62,10011.0,1008100,81,D4,3.0,130 W 16 OWNERS INC,7744.0,32384.0,32384.0,0.0,0.0,0.0,42.0,42.0,1.0,6.0,1927.0,1979.0,4.18,40.7391091,-73.997474,26v2,544,36061008100
1007910066,136 WEST 16 STREET,MN,791,66,10011.0,1008100,81,C6,2.0,136/140 W16TH ST RLTY,3820.0,14765.0,14765.0,0.0,0.0,0.0,12.0,12.0,1.0,5.0,1910.0,0.0,3.87,40.739186,-73.9976544,26v2,527,36061008100
1007920036,581 AVENUE OF THE AMERICAS,MN,792,36,10011.0,1008100,81,O5,5.0,MW 581-583 SIXTH AVENUE,4600.0,22650.0,0.0,22650.0,17850.0,4800.0,0.0,5.0,1.0,5.0,1900.0,0.0,4.92,40.7391118,-73.9959728,26v2,659,36061008100
1007920038,585 AVENUE OF THE AMERICAS,MN,792,38,10011.0,1008100,81,D5,3.0,"WASSFAM,LLC",6900.0,34500.0,29500.0,5000.0,0.0,5000.0,16.0,19.0,1.0,5.0,1920.0,1988.0,5.0,40.7392793,-73.9960594,26v2,645,36061008100
1007920043,108 WEST 17 STREET,MN,792,43,10011.0,1008100,81,C7,4.0,"WASSFAM,LLC",2300.0,9300.0,7800.0,1500.0,0.0,1500.0,10.0,12.0,1.0,5.0,1920.0,1980.0,4.04,40.7393698,-73.9962507,26v2,627,36061008100
1007640030,215 WEST 14 STREET,MN,764,30,10011.0,1008100,81,C7,4.0,"TAWIL, ROBERT",3000.0,7970.0,6300.0,1670.0,0.0,1670.0,16.0,17.0,1.0,5.0,1920.0,0.0,2.66,40.7391229,-74.000249,26v2,352,36061008100
1007900001,61 7 AVENUE,MN,790,1,10011.0,1008100,81,D4,3.0,THE VERMEER OWNERS INC,25812.0,371863.0,331155.0,40708.0,0.0,19708.0,354.0,361.0,1.0,21.0,1963.0,0.0,14.41,40.7387496,-73.9990798,26v2,453,36061008100
1007660050,208 WEST 17 STREET,MN,766,50,10011.0,1008100,81,C4,2.0,"210 WEST 17TH STREET OWNERS, LLC",4530.0,10872.0,10872.0,0.0,0.0,0.0,22.0,22.0,3.0,4.0,1930.0,1985.0,2.4,40.7404815,-73.9989715,26v2,370,36061008100
1007640031,213 WEST 14 STREET,MN,764,31,10011.0,1008100,81,C7,4.0,213 WEST 14TH STREETCORP,3000.0,8125.0,6425.0,1700.0,0.0,1700.0,8.0,10.0,1.0,5.0,1920.0,0.0,2.71,40.7390927,-74.0001696,26v2,359,36061008100
1007640051,222 WEST 15 STREET,MN,764,51,10011.0,1008100,81,D3,3.0,"14-15 ST. ASSOCIATES, L.P.",6432.0,38330.0,38330.0,0.0,0.0,0.0,64.0,64.0,1.0,10.0,1928.0,1974.0,5.96,40.7395126,-74.0005269,26v2,305,36061008100
1007650035,78 7 AVENUE,MN,765,35,10011.0,1008100,81,D7,4.0,CHELSMORE APTS. LLC,21394.0,128350.0,118350.0,10000.0,0.0,10000.0,112.0,119.0,1.0,6.0,1940.0,0.0,6.0,40.7396361,-73.9995201,26v2,365,36061008100
1007900068,158 WEST 15 STREET,MN,790,68,10011.0,1008100,81,C4,2.0,"FLM,",2581.0,10855.0,10355.0,500.0,0.0,500.0,20.0,21.0,1.0,5.0,1901.0,1987.0,4.21,40.7388374,-73.9988128,26v2,465,36061008100
1007900067,156 WEST 15 STREET,MN,790,67,10011.0,1008100,81,C7,4.0,156 WEST 15TH STREET CHELSEA LLC,2065.0,5520.0,4520.0,1000.0,0.0,1000.0,10.0,11.0,1.0,5.0,1910.0,1985.0,2.67,40.7388072,-73.9987406,26v2,471,36061008100
1007650023,223 WEST 15 STREET,MN,765,23,10011.0,1008100,81,A4,1.0,WOLFE GARY J & IRENE,2022.0,3800.0,3040.0,0.0,0.0,0.0,1.0,1.0,1.0,4.0,1901.0,0.0,1.88,40.7398722,-74.0000794,26v2,311,36061008100
1007640043,206 WEST 15 STREET,MN,764,43,10011.0,1008100,81,A5,1.0,"HPNY II, L.L.C.",2141.0,5504.0,5504.0,0.0,0.0,0.0,1.0,1.0,1.0,4.0,1901.0,2009.0,2.57,40.7392876,-73.9998232,26v2,367,36061008100
1007650055,220 WEST 16 STREET,MN,765,55,10011.0,1008100,81,C7,4.0,GOLDEN CITY 220 REALTY LLC,2581.0,6250.0,5500.0,750.0,0.0,750.0,8.0,9.0,1.0,5.0,1901.0,0.0,2.42,40.7401549,-73.9999639,26v2,304,36061008100
1007640042,72 7 AVENUE,MN,764,42,10011.0,1008100,81,D6,4.0,200 W.15 REALTY LLC,6600.0,109669.0,104069.0,5600.0,900.0,4700.0,110.0,113.0,1.0,20.0,1931.0,1987.0,16.62,40.7392244,-73.9995994,26v2,386,36061008100
1007650017,235 WEST 15 STREET,MN,765,17,10011.0,1008100,81,C4,2.0,WEST 15 LLC.,2581.0,7236.0,7236.0,0.0,0.0,0.0,16.0,16.0,1.0,4.0,1901.0,0.0,2.8,40.7400671,-74.0005413,26v2,267,36061008100
1007640053,226 WEST 15 STREET,MN,764,53,10011.0,1008100,81,C1,2.0,226-228 WEST 15TH STREET,4281.0,11092.0,11092.0,0.0,0.0,0.0,24.0,24.0,2.0,3.0,1900.0,1979.0,2.59,40.7396306,-74.0006423,26v2,289,36061008100
1007660039,100 7 AVENUE,MN,766,39,10011.0,1008100,81,D4,3.0,201 WEST 16 OWNERS CORP,6949.0,101221.0,96221.0,5000.0,0.0,5000.0,114.0,115.0,1.0,19.0,1930.0,0.0,14.57,40.7401741,-73.9988885,26v2,387,36061008100
1007910009,155 WEST 15 STREET,MN,791,9,10011.0,1008100,81,D0,3.0,155 W 15 ST HOUSING CORP,8260.0,49880.0,49880.0,0.0,0.0,0.0,39.0,39.0,1.0,7.0,1940.0,1980.0,6.04,40.7391174,-73.9982859,26v2,484,36061008100
1007640036,203 WEST 14 STREET,MN,764,36,10011.0,1008100,81,C7,4.0,203 WEST 14TH STREET LIMITED LIABILITY C OMPANY,2400.0,11025.0,8900.0,2125.0,0.0,2125.0,10.0,12.0,1.0,6.0,1920.0,0.0,4.59,40.7388923,-73.9997907,26v2,398,36061008100
1007660035,209 WEST 16 STREET,MN,766,35,10011.0,1008100,81,A4,1.0,"VEITZER, LYNN M",1105.0,2655.0,1974.0,0.0,0.0,0.0,1.0,1.0,1.0,3.0,1901.0,0.0,2.4,40.74024,-73.9991087,26v2,367,36061008100
1007650053,216 WEST 16 STREET,MN,765,53,10011.0,1008100,81,C4,2.0,CHELSEA VILLAGE LLC,5163.0,18880.0,18880.0,0.0,0.0,0.0,30.0,30.0,2.0,5.0,1910.0,0.0,3.66,40.7401055,-73.9998448,26v2,316,36061008100
1007900010,145 WEST 14 STREET,MN,790,10,10011.0,1008100,81,C7,4.0,PR 145 WEST 14 LLC,1952.0,5955.0,4955.0,1000.0,0.0,1000.0,8.0,9.0,1.0,5.0,1920.0,0.0,3.05,40.7384641,-73.9987045,26v2,498,36061008100
1007650020,229 WEST 15 STREET,MN,765,20,10011.0,1008100,81,C4,2.0,EVGER 15TH STREET REALTY CORP,2582.0,10120.0,10120.0,0.0,0.0,0.0,20.0,20.0,1.0,5.0,1901.0,0.0,3.92,40.7399683,-74.0003031,26v2,290,36061008100
1007650052,214 WEST 16 STREET,MN,765,52,10011.0,1008100,81,C6,2.0,214 W 16TH ST OWNERS CORP,2581.0,11330.0,11330.0,0.0,0.0,0.0,15.0,15.0,1.0,5.0,1901.0,0.0,4.39,40.7400533,-73.9997257,26v2,327,36061008100
1007660020,237 WEST 16 STREET,MN,766,20,10011.0,1008100,81,C6,2.0,UNAVAILABLE OWNER,2000.0,3920.0,3920.0,0.0,0.0,0.0,6.0,6.0,1.0,4.0,1901.0,0.0,1.96,40.7407258,-74.0001552,26v2,267,36061008100
1007640046,212 WEST 15 STREET,MN,764,46,10011.0,1008100,81,S2,4.0,SOLLI WILLIAM R,2141.0,6500.0,5005.0,1495.0,1495.0,0.0,2.0,3.0,1.0,4.0,1910.0,0.0,3.04,40.7393864,-74.0000577,26v2,344,36061008100
1007650058,226 WEST 16 STREET,MN,765,58,10011.0,1008100,81,C4,2.0,28-44 MARINE AVE CORP,2582.0,9785.0,9785.0,0.0,0.0,0.0,16.0,16.0,1.0,5.0,1901.0,0.0,3.79,40.7402537,-74.0001985,26v2,282,36061008100
1007640039,70 7 AVENUE,MN,764,39,10011.0,1008100,81,C7,4.0,"70 SEVENTH AVENUE, NYC, LP",2200.0,6670.0,5239.0,1431.0,0.0,1431.0,12.0,13.0,1.0,5.0,1910.0,0.0,3.03,40.7391146,-73.9996788,26v2,388,36061008100
1007650021,227 WEST 15 STREET,MN,765,21,10011.0,1008100,81,C4,2.0,227 MANAGEMENT CO INC,2581.0,10065.0,10065.0,0.0,0.0,0.0,18.0,18.0,1.0,5.0,1901.0,0.0,3.9,40.7399353,-74.0002237,26v2,297,36061008100
1007650018,233 WEST 15 STREET,MN,765,18,10011.0,1008100,81,C2,2.0,233233 COMPANY,2581.0,8760.0,8760.0,0.0,0.0,0.0,6.0,6.0,1.0,4.0,1901.0,1973.0,3.39,40.7400341,-74.0004619,26v2,274,36061008100
1007660052,212 WEST 17 STREET,MN,766,52,10011.0,1008100,81,C7,4.0,"FEB REALTY, LLC",2300.0,8880.0,8080.0,800.0,0.0,800.0,15.0,16.0,1.0,5.0,1901.0,0.0,3.86,40.7405529,-73.9990509,26v2,362,36061008100
1007660055,218 WEST 17 STREET,MN,766,55,10011.0,1008100,81,C5,2.0,218-226 WEST 17TH STREET OWNER LLC,9200.0,24400.0,24400.0,0.0,0.0,0.0,113.0,113.0,8.0,3.0,1915.0,0.0,2.65,40.7407038,-73.9994082,26v2,328,36061008100
1007660021,235 WEST 16 STREET,MN,766,21,10011.0,1008100,81,C6,2.0,235 WEST 16 STREET LLC,2000.0,5216.0,5216.0,0.0,0.0,0.0,5.0,5.0,1.0,4.0,1920.0,0.0,2.61,40.7407011,-74.0000902,26v2,273,36061008100
1007900014,139 WEST 14 STREET,MN,790,14,10011.0,1008100,81,C7,4.0,"CHELSEA 139, LLC",2581.0,10750.0,8600.0,2150.0,0.0,2150.0,23.0,24.0,1.0,5.0,1901.0,0.0,4.17,40.7383488,-73.9984411,26v2,523,36061008100
1007900011,143 WEST 14 STREET,MN,790,11,10011.0,1008100,81,N4,8.0,CORPORATION OF THE PRESIDING BISHOP,11584.0,33806.0,0.0,33806.0,0.0,0.0,0.0,1.0,1.0,5.0,1978.0,1978.0,2.92,40.7385163,-73.998488,26v2,508,36061008100
1007900063,148 WEST 15 STREET,MN,790,63,10011.0,1008100,81,C1,2.0,PR 148 WEST 15 LLC,2000.0,4100.0,4100.0,0.0,0.0,0.0,8.0,8.0,1.0,3.0,1910.0,1978.0,2.05,40.7387029,-73.9984808,26v2,496,36061008100
1007650059,228 WEST 16 STREET,MN,765,59,10011.0,1008100,81,C6,2.0,228 WEST 16TH STREET HOUSING CORP.,2581.0,9985.0,9985.0,0.0,0.0,0.0,17.0,17.0,1.0,5.0,1901.0,0.0,3.87,40.7402866,-74.0002779,26v2,274,36061008100
1007650024,221 WEST 15 STREET,MN,765,24,10011.0,1008100,81,C4,2.0,221 WEST 15TH STREET LLC,2582.0,10245.0,10245.0,0.0,0.0,0.0,21.0,21.0,1.0,5.0,1901.0,1988.0,3.97,40.739842,-74.0000072,26v2,318,36061008100
1007650063,236 WEST 16 STREET,MN,765,63,10011.0,1008100,81,C4,2.0,236 W. 16TH ST. LLC,2788.0,12002.0,12002.0,0.0,0.0,0.0,21.0,21.0,1.0,5.5,1901.0,0.0,4.3,40.7404266,-74.0006063,26v2,243,36061008100
1007650041,90 7 AVENUE,MN,765,41,10011.0,1008100,81,D6,4.0,"200 ASSOCITES, L.L.C.",10325.0,141491.0,136491.0,5000.0,0.0,5000.0,175.0,180.0,1.0,19.0,1930.0,1985.0,13.7,40.7398173,-73.9991628,26v2,382,36061008100
1007650019,231 WEST 15 STREET,MN,765,19,10011.0,1008100,81,C4,2.0,231 W 15 REALTY LLC,2581.0,7008.0,7008.0,0.0,0.0,0.0,16.0,16.0,1.0,4.0,1901.0,0.0,2.72,40.7400012,-74.0003861,26v2,282,36061008100
1007900058,138 WEST 15 STREET,MN,790,58,10011.0,1008100,81,S2,4.0,138 W 15 ST CORP,2581.0,7270.0,4745.0,2525.0,0.0,2525.0,2.0,3.0,1.0,3.0,1901.0,0.0,2.82,40.7385684,-73.9981777,26v2,525,36061008100
1007900066,154 WEST 15 STREET,MN,790,66,10011.0,1008100,81,D4,3.0,154 W 15 ST TENANTS,2065.0,8900.0,8900.0,0.0,0.0,0.0,12.0,12.0,1.0,6.0,1910.0,1985.0,4.31,40.7387798,-73.9986757,26v2,478,36061008100
1007660032,215 WEST 16 STREET,MN,766,32,10011.0,1008100,81,C4,2.0,METRE WEST REALTY LLC,2300.0,8855.0,8855.0,0.0,0.0,0.0,16.0,16.0,1.0,5.0,1920.0,1983.0,3.85,40.740358,-73.9992927,26v2,348,36061008100
1007650064,240 WEST 16 STREET,MN,765,64,10011.0,1008100,81,C4,2.0,CHESTERFIELD REALTY,2022.0,7060.0,7060.0,0.0,0.0,0.0,19.0,19.0,1.0,5.0,1901.0,1985.0,3.49,40.7404568,-74.0006784,26v2,236,36061008100
1007900057,136 WEST 15 STREET,MN,790,57,10011.0,1008100,81,B3,1.0,"BELL, JOYCE",1291.0,2640.0,2640.0,0.0,0.0,0.0,2.0,2.0,1.0,4.0,1901.0,0.0,2.04,40.7385272,-73.9980803,26v2,535,36061008100
1007660029,221 WEST 16 STREET,MN,766,29,10011.0,1008100,81,D1,3.0,GARY BROWN,2300.0,10788.0,10788.0,0.0,0.0,0.0,13.0,13.0,1.0,5.0,1915.0,2017.0,4.69,40.7404568,-73.9995345,26v2,325,36061008100
1007650025,219 WEST 15 STREET,MN,765,25,10011.0,1008100,81,C4,2.0,YANO ASH LLC,1566.0,6330.0,6330.0,0.0,0.0,0.0,9.0,9.0,1.0,5.0,1901.0,2005.0,4.04,40.7398145,-73.9999423,26v2,324,36061008100
1007900065,152 WEST 15 STREET,MN,790,65,10011.0,1008100,81,C2,2.0,152 SIXTH SEVENTH LLC,2000.0,6568.0,6568.0,0.0,0.0,0.0,5.0,5.0,1.0,4.0,1910.0,1985.0,3.28,40.7387551,-73.9986107,26v2,484,36061008100
1007660028,223 WEST 16 STREET,MN,766,28,10011.0,1008100,81,C7,4.0,223 WEST 16TH LLC,2300.0,10620.0,8850.0,1770.0,0.0,1770.0,15.0,16.0,1.0,5.0,1915.0,1983.0,4.62,40.7404898,-73.9996103,26v2,318,36061008100
1007660034,211 WEST 16 STREET,MN,766,34,10011.0,1008100,81,S5,4.0,211 WEST 16TH STREET,1300.0,4420.0,3120.0,1300.0,0.0,1300.0,6.0,7.0,1.0,4.0,1930.0,0.0,3.4,40.7402619,-73.9991664,26v2,362,36061008100
1007900064,150 WEST 15 STREET,MN,790,64,10011.0,1008100,81,A4,1.0,150 W 15 TOWNHOUSE LLC,2000.0,8997.0,8997.0,0.0,0.0,0.0,1.0,1.0,1.0,6.0,1920.0,1989.0,4.5,40.7387304,-73.9985458,26v2,490,36061008100
1007650056,222 WEST 16 STREET,MN,765,56,10011.0,1008100,81,C4,2.0,"CLARA 222 WEST 16, LLC",2581.0,6649.0,6649.0,0.0,0.0,0.0,14.0,14.0,2.0,4.0,1890.0,0.0,2.58,40.7401878,-74.0000397,26v2,297,36061008100
1007650060,230 WEST 16 STREET,MN,765,60,10011.0,1008100,81,C4,2.0,TOCKWOTTEN ASSOCIATES LLC,5160.0,17169.0,17169.0,0.0,0.0,0.0,26.0,26.0,3.0,5.0,1900.0,0.0,3.33,40.7403388,-74.0003969,26v2,263,36061008100
1007650016,237 WEST 15 STREET,MN,765,16,10011.0,1008100,81,C6,2.0,237 W 15 ST OWNERS CO,2581.0,7100.0,6000.0,1100.0,0.0,1100.0,14.0,15.0,2.0,4.0,1905.0,1989.0,2.75,40.7401,-74.0006207,26v2,259,36061008100
1007640045,210 WEST 15 STREET,MN,764,45,10011.0,1008100,81,C0,2.0,STEPHANIE GROSSO GARTNER REVOCABLE TRUST,2141.0,5580.0,4080.0,0.0,0.0,0.0,3.0,3.0,1.0,3.0,1901.0,2005.0,2.61,40.7393534,-73.9999783,26v2,352,36061008100
1007650057,224 WEST 16 STREET,MN,765,57,10011.0,1008100,81,C4,2.0,224 W 16 REALTY LLC,2581.0,9780.0,9780.0,0.0,0.0,0.0,20.0,20.0,1.0,5.0,1901.0,0.0,3.79,40.7402208,-74.0001191,26v2,289,36061008100
1007640035,205 WEST 14 STREET,MN,764,35,10011.0,1008100,81,S4,4.0,"205    , AS TO 50%",2400.0,8400.0,6720.0,1680.0,0.0,1680.0,4.0,5.0,1.0,5.0,1920.0,2016.0,3.5,40.738928,-73.9998737,26v2,390,36061008100
1007660023,227 WEST 16 STREET,MN,766,23,10011.0,1008100,81,C6,2.0,227 W 16 ST OWNERS I,8200.0,31715.0,31715.0,0.0,0.0,0.0,51.0,51.0,3.0,5.0,1910.0,1985.0,3.87,40.740605,-73.9998665,26v2,294,36061008100
1007660053,214 WEST 17 STREET,MN,766,53,10011.0,1008100,81,D4,3.0,214 WEST 17TH APARTMENT CORPORATION,4600.0,26400.0,26400.0,0.0,0.0,0.0,12.0,12.0,1.0,6.0,1900.0,1980.0,5.74,40.740605,-73.99917,26v2,350,36061008100
1007660027,225 WEST 16 STREET,MN,766,27,10011.0,1008100,81,C7,4.0,225 W 16TH ST CORP,2392.0,11200.0,9700.0,1500.0,0.0,1500.0,18.0,19.0,1.0,5.0,1910.0,0.0,4.68,40.7405254,-73.9996933,26v2,310,36061008100
1007640034,207 WEST 14 STREET,MN,764,34,10011.0,1008100,81,S9,4.0,207 W. 14 REALTY,2400.0,7625.0,4375.0,3250.0,0.0,3250.0,6.0,8.0,1.0,5.0,1920.0,2008.0,3.18,40.7389637,-73.9999567,26v2,382,36061008100
1007900008,149 WEST 14 STREET,MN,790,8,10011.0,1008100,81,C7,4.0,PR 149 WEST 14 LLC,2581.0,7650.0,5500.0,2150.0,0.0,2150.0,8.0,9.0,1.0,5.0,1920.0,0.0,2.96,40.7385163,-73.9988381,26v2,485,36061008100
1007900059,140 WEST 15 STREET,MN,790,59,10011.0,1008100,81,C4,2.0,CHELSEA 140 LLC,2581.0,7375.0,7375.0,0.0,0.0,0.0,20.0,20.0,1.0,4.0,1920.0,0.0,2.86,40.7386041,-73.9982571,26v2,518,36061008100
1007660018,241 WEST 16 STREET,MN,766,18,10011.0,1008100,81,B1,1.0,"BELL, TEMMA",2000.0,2520.0,2520.0,0.0,0.0,0.0,2.0,2.0,1.0,3.0,1901.0,0.0,1.26,40.7407807,-74.0002815,26v2,255,36061008100
1007900009,147 WEST 14 STREET,MN,790,9,10011.0,1008100,81,C7,4.0,PR 147 WEST 14 LLC,2077.0,8200.0,4800.0,3400.0,0.0,3400.0,15.0,18.0,1.0,5.0,1901.0,1980.0,3.95,40.7384916,-73.9987659,26v2,492,36061008100
1007640037,201 WEST 14 STREET,MN,764,37,10011.0,1008100,81,C7,4.0,201 WEST 14 REALTY LLC,2400.0,11463.0,9072.0,2391.0,0.0,2391.0,16.0,19.0,1.0,5.0,1920.0,0.0,4.78,40.7388566,-73.9997041,26v2,406,36061008100
1007640038,68 7 AVENUE,MN,764,38,10011.0,1008100,81,S5,4.0,203 WEST 14TH STREET LIMITED LIABILITY C OMPANY,2260.0,6310.0,4810.0,1500.0,0.0,1500.0,5.0,6.0,1.0,5.0,1920.0,0.0,2.79,40.7390625,-73.9997149,26v2,390,36061008100
1007640044,208 WEST 15 STREET,MN,764,44,10011.0,1008100,81,C5,2.0,"URBAN, CHRISTINE",2141.0,4452.0,4452.0,0.0,0.0,0.0,12.0,12.0,1.0,3.0,1920.0,0.0,2.08,40.7393177,-73.999899,26v2,360,36061008100
1007650026,217 WEST 15 STREET,MN,765,26,10011.0,1008100,81,C3,2.0,"OGIALE, STELLA",2065.0,4500.0,4500.0,0.0,0.0,0.0,4.0,4.0,1.0,4.0,1901.0,0.0,2.18,40.7397926,-73.9998881,26v2,330,36061008100
1007650062,234 WEST 16 STREET,MN,765,62,10011.0,1008100,81,C6,2.0,234 WEST 16TH STREET OWNERS CORP,2906.0,12080.0,12080.0,0.0,0.0,0.0,20.0,20.0,1.0,5.0,1915.0,1984.0,4.16,40.7403882,-74.0005269,26v2,250,36061008100
1007660047,116 7 AVENUE,MN,766,47,10011.0,1008100,81,K4,4.0,717 SUBSIDIARY LLC,4184.0,11874.0,0.0,11874.0,3627.0,8247.0,0.0,2.0,1.0,4.0,1910.0,2017.0,2.84,40.7404541,-73.9986648,26v2,396,36061008100
1007660059,226 WEST 17 STREET,MN,766,59,10011.0,1008100,81,C4,2.0,218-226 WEST 17TH STREET OWNER LLC,2300.0,9545.0,9545.0,0.0,0.0,0.0,20.0,20.0,1.0,5.0,1930.0,0.0,4.15,40.7407862,-73.9995994,26v2,311,36061008100
1007660009,253 WEST 16 STREET,MN,766,9,10011.0,1008100,81,D4,3.0,253 W 16 OWNERS INC,7550.0,37782.0,37782.0,0.0,0.0,0.0,53.0,53.0,1.0,6.0,1930.0,1986.0,5.0,40.7409893,-74.0007398,26v2,212,36061008100
1007660016,245 WEST 16 STREET,MN,766,16,10011.0,1008100,81,S5,4.0,245 WEST 16 LLC,1932.0,3390.0,2590.0,800.0,0.0,800.0,5.0,6.0,1.0,3.0,1910.0,0.0,1.75,40.7408246,-74.000415,26v2,243,36061008100
1007660017,243 WEST 16 STREET,MN,766,17,10011.0,1008100,81,A5,1.0,"BRITTON, PAUL",2000.0,4800.0,4800.0,0.0,0.0,0.0,1.0,1.0,1.0,3.0,1901.0,2009.0,2.4,40.7408054,-74.0003428,26v2,249,36061008100
1007670005,152 8 AVENUE,MN,767,5,10011.0,1008100,81,C7,4.0,VILLAGE MANAGEMENT INCRP,2625.0,12390.0,10340.0,2050.0,0.0,2050.0,16.0,18.0,1.0,6.0,1900.0,1986.0,4.72,40.7418237,-74.0006027,26v2,225,36061008100
1007670001,144 8 AVENUE,MN,767,1,10011.0,1008100,81,K4,4.0,"CHELSEA BUSINESS PROPERTIES,",2637.0,7662.0,0.0,7662.0,2554.0,5108.0,0.0,5.0,1.0,3.0,1920.0,1987.0,2.91,40.7416343,-74.0007434,26v2,210,36061008100
1007670041,124 7 AVENUE,MN,767,41,10011.0,1008100,81,K1,5.0,124 SEVENTH AVE LLC,2767.0,2767.0,0.0,2767.0,0.0,2767.0,0.0,1.0,1.0,1.0,1920.0,1999.0,1.0,40.7408877,-73.9983905,26v2,409,36061008100
1007670012,249 WEST 17 STREET,MN,767,12,10011.0,1008100,81,O5,5.0,249 WEST 17TH STREET PROPERTY INVESTORS II LLC,17790.0,108768.0,0.0,108768.0,64768.0,44000.0,0.0,1.0,1.0,6.0,1902.0,2012.0,6.11,40.7415245,-73.9998881,26v2,280,36061008100
1007670057,228 WEST 18 STREET,MN,767,57,10011.0,1008100,81,C7,4.0,228 W 18TH PARTNERS LLC,4549.0,14220.0,11220.0,3000.0,0.0,3000.0,22.0,25.0,1.0,5.0,1915.0,0.0,3.13,40.7414888,-73.9993721,26v2,323,36061008100
1007670015,245 WEST 17 STREET,MN,767,15,10011.0,1008100,81,O6,5.0,245 - 249 WEST 17 STREET,9200.0,118945.0,0.0,118945.0,111445.0,7500.0,0.0,3.0,1.0,12.0,1909.0,1985.0,12.93,40.7414257,-73.9996536,26v2,300,36061008100
1007660071,248 WEST 17 STREET,MN,766,71,10011.0,1008100,81,D1,3.0,248 W. 17 REALTY LLC,6292.0,25362.0,25362.0,0.0,0.0,0.0,48.0,48.0,1.0,6.0,1920.0,0.0,4.03,40.7410936,-74.0003933,26v2,239,36061008100
1007670019,227 WEST 17 STREET,MN,767,19,10011.0,1008100,81,D0,3.0,227 WEST 17TH STREET CORP.,4944.0,42720.0,25200.0,17520.0,0.0,7440.0,5.0,8.0,1.0,8.0,1910.0,2005.0,8.64,40.7411073,-73.999437,26v2,319,36061008100
1007660060,228 WEST 17 STREET,MN,766,60,10011.0,1008100,81,C4,2.0,228 WEST 17 STREET HOUSING DEVELOPMENT F UND CORP.,2100.0,7790.0,7790.0,0.0,0.0,0.0,15.0,15.0,1.0,5.0,1930.0,0.0,3.71,40.7408246,-73.9996752,26v2,304,36061008100
1007670073,156 8 AVENUE,MN,767,73,10011.0,1008100,81,S4,4.0,"CHELSEA PROPERTIES,INC.",1750.0,3640.0,2503.0,1137.0,0.0,1137.0,4.0,5.0,1.0,4.0,1915.0,1987.0,2.08,40.7419225,-74.0005341,26v2,234,36061008100
1007640023,229 WEST 14 STREET,MN,764,23,10011.0,1008100,81,M1,8.0,CHUR OUR LADY GUADALU,3000.0,10625.0,0.0,10625.0,0.0,0.0,0.0,3.0,1.0,4.0,1920.0,1985.0,3.54,40.7393562,-74.0008011,26v2,301,36061008100
1007640062,244 WEST 15 STREET,MN,764,62,10011.0,1008100,81,D4,3.0,250 WEST 15TH STREET OWNERS CORP,10041.0,44800.0,44800.0,0.0,0.0,0.0,59.0,59.0,1.0,6.0,1930.0,1983.0,4.46,40.7398914,-74.0013208,26v2,228,36061008100
1007640072,98 8 AVENUE,MN,764,72,10011.0,1008100,81,S4,4.0,"243 THIRD AVE ASSOCIATES, INC.",1200.0,2500.0,1500.0,1000.0,0.0,1000.0,4.0,5.0,1.0,3.0,1915.0,2015.0,2.08,40.7401933,-74.0018693,26v2,172,36061008100
1007650014,241 WEST 15 STREET,MN,765,14,10011.0,1008100,81,C4,2.0,WETOJA,2478.0,9890.0,9890.0,0.0,0.0,0.0,21.0,21.0,1.0,5.0,1901.0,0.0,3.99,40.7401659,-74.0007722,26v2,244,36061008100
1007640020,235 WEST 14 STREET,MN,764,20,10011.0,1008100,81,C5,2.0,COLUMN ASSOCIATES LLC,3700.0,9950.0,7050.0,2900.0,0.0,2900.0,26.0,32.0,1.0,5.0,1920.0,0.0,2.69,40.7394605,-74.0010465,26v2,279,36061008100
1007640074,94 8 AVENUE,MN,764,74,10011.0,1008100,81,S2,4.0,DBMJ 94 8TH AVE LLC,1421.0,2226.0,1536.0,690.0,0.0,690.0,2.0,3.0,1.0,3.0,1901.0,0.0,1.57,40.7400945,-74.0019234,26v2,178,36061008100
1007640055,230 WEST 15 STREET,MN,764,55,10011.0,1008100,81,B1,1.0,230 TOWNHOUSE LLC,2141.0,4596.0,3750.0,0.0,0.0,0.0,2.0,2.0,1.0,3.0,1910.0,2006.0,2.15,40.73968,-74.0007578,26v2,278,36061008100
1007640007,253 WEST 14 STREET,MN,764,7,10011.0,1008100,81,D9,3.0,255 WEST 14TH STREET LLC,7486.0,39628.0,24656.0,14972.0,0.0,14972.0,46.0,47.0,1.0,6.0,1930.0,1972.0,5.29,40.7397459,-74.0017899,26v2,216,36061008100
1007650008,255 WEST 15 STREET,MN,765,8,10011.0,1008100,81,C4,2.0,"DERBY CURTAIN 153, LLC",2546.0,9700.0,9700.0,0.0,0.0,0.0,20.0,20.0,1.0,5.0,1901.0,0.0,3.81,40.740358,-74.0012305,26v2,200,36061008100
1007640061,240 WEST 15 STREET,MN,764,61,10011.0,1008100,81,C7,4.0,240 WEST 15TH STREET LLC,5059.0,23112.0,21054.0,2058.0,0.0,2058.0,35.0,36.0,1.0,6.0,1928.0,1987.0,4.57,40.7397953,-74.001097,26v2,249,36061008100
1007640021,233 WEST 14 STREET,MN,764,21,10011.0,1008100,81,C5,2.0,WEST 233RD REALTY LLC,3000.0,8455.0,4410.0,4045.0,1470.0,2575.0,6.0,8.0,1.0,5.0,1920.0,1980.0,2.82,40.7394248,-74.0009599,26v2,287,36061008100
1007640056,232 WEST 15 STREET,MN,764,56,10011.0,1008100,81,C0,2.0,232 W 15 LLC,1688.0,4480.0,3600.0,0.0,0.0,0.0,3.0,3.0,1.0,4.0,1901.0,0.0,2.65,40.7397267,-74.0008228,26v2,271,36061008100
1007640057,236 WEST 15 STREET,MN,764,57,10011.0,1008100,81,C7,4.0,"DERBY HOLIDAY 136, LLC",4233.0,17154.0,14254.0,2900.0,0.0,2900.0,35.0,37.0,1.0,6.0,1901.0,0.0,4.05,40.7397349,-74.0009527,26v2,262,36061008100
1007640070,260 WEST 15 STREET,MN,764,70,10011.0,1008100,81,C1,2.0,260 WEST 15 ESTATES LTD,1550.0,6300.0,6300.0,0.0,0.0,0.0,11.0,11.0,1.0,5.0,1901.0,0.0,4.06,40.7401027,-74.0017213,26v2,188,36061008100
1007650065,242 WEST 16 STREET,MN,765,65,10011.0,1008100,81,C7,4.0,WEST 16TH REALTY,4603.0,21643.0,19468.0,2175.0,0.0,2175.0,33.0,34.0,2.0,6.0,1910.0,1987.0,4.7,40.740498,-74.0007795,26v2,226,36061008100
1007650005,259 WEST 15 STREET,MN,765,5,10011.0,1008100,81,C1,2.0,257-259 WEST 15TH STREET LLC,5151.0,20550.0,20550.0,0.0,0.0,0.0,29.0,29.0,1.0,5.0,1905.0,1989.0,3.99,40.7404101,-74.0013532,26v2,189,36061008100
1007640022,231 WEST 14 STREET,MN,764,22,10011.0,1008100,81,M1,8.0,ROMAN CATH CHRCH OURLDY,3000.0,8125.0,0.0,8125.0,0.0,0.0,0.0,2.0,1.0,5.0,1920.0,1985.0,2.71,40.7393919,-74.0008805,26v2,294,36061008100
1007640001,80 8 AVENUE,MN,764,1,10011.0,1008100,81,O4,5.0,THE BET ELI COMPANY DELAWARE LLC,9653.0,185198.0,0.0,185198.0,180198.0,5000.0,0.0,73.0,1.0,20.0,1930.0,0.0,19.19,40.7398584,-74.0020533,26v2,193,36061008100
1007650013,243 WEST 15 STREET,MN,765,13,10011.0,1008100,81,C4,2.0,"NORONOMO, L.L.C",2548.0,9920.0,9920.0,0.0,0.0,0.0,22.0,22.0,1.0,5.0,1901.0,0.0,3.89,40.7401961,-74.000848,26v2,237,36061008100
1007640014,243 WEST 14 STREET,MN,764,14,10011.0,1008100,81,S5,4.0,243 WEST 14 STREET,2607.0,11730.0,9311.0,2419.0,0.0,2419.0,5.0,6.0,1.0,5.0,1910.0,0.0,4.5,40.739551,-74.0013244,26v2,256,36061008100
1007640018,239 WEST 14 STREET,MN,764,18,10011.0,1008100,81,C7,4.0,"SPANISH BENEVOLENT SOCIETY, INC., CENTRO  ESPANOL",2624.0,9020.0,4700.0,4320.0,500.0,3820.0,8.0,10.0,1.0,4.0,1920.0,1987.0,3.44,40.7394797,-74.0011584,26v2,271,36061008100
1007640024,225 WEST 14 STREET,MN,764,24,10011.0,1008100,81,D7,4.0,"14-15 ST. ASSOCIATES, L.P.",3850.0,17424.0,16074.0,1350.0,0.0,1350.0,27.0,29.0,1.0,5.0,1928.0,1988.0,4.53,40.7392546,-74.0007217,26v2,314,36061008100
1007640069,258 WEST 15 STREET,MN,764,69,10011.0,1008100,81,C7,4.0,ROSAR REALTY CORP C/O,2581.0,11730.0,10230.0,1500.0,0.0,1500.0,21.0,23.0,1.0,6.0,1901.0,1987.0,4.54,40.7400396,-74.0016744,26v2,196,36061008100
1007640071,100 8 AVENUE,MN,764,71,10011.0,1008100,81,S9,4.0,100 AND 8TH LLC,1618.0,3917.0,2917.0,1000.0,0.0,1000.0,4.0,7.0,2.0,3.0,1915.0,0.0,2.42,40.7402235,-74.0018115,26v2,173,36061008100
1007640073,96 8 AVENUE,MN,764,73,10011.0,1008100,81,S2,4.0,"DAYANTA HOLDINGS, LLC",1421.0,3141.0,2356.0,785.0,0.0,785.0,2.0,3.0,1.0,3.0,1920.0,2015.0,2.21,40.7401412,-74.0018873,26v2,175,36061008100
1007650009,253 WEST 15 STREET,MN,765,9,10011.0,1008100,81,C4,2.0,"DERBY CURTAIN 153, LLC",2615.0,9980.0,9980.0,0.0,0.0,0.0,20.0,20.0,1.0,5.0,1901.0,1987.0,3.82,40.7403251,-74.0011512,26v2,208,36061008100
1007930067,154 WEST 18 STREET,MN,793,67,10011.0,1008100,81,D0,3.0,HELLMUTH OWNERS CORP,8678.0,64416.0,58416.0,6000.0,0.0,6000.0,26.0,27.0,1.0,8.0,1906.0,1988.0,7.42,40.7405364,-73.9973188,26v2,505,36061008100
1007930058,134 WEST 18 STREET,MN,793,58,10011.0,1008100,81,K4,4.0,"LUCILLE LORTEL THEATRE FOUNDATION, INC.",2116.0,5290.0,0.0,5290.0,2116.0,3174.0,0.0,2.0,1.0,2.0,1920.0,2012.0,2.5,40.7402784,-73.9965718,26v2,572,36061008100
1007930001,119 7 AVENUE,MN,793,1,10011.0,1008100,81,D7,4.0,"119-125 SEVENTH AVENUE REALTY, LLC",10300.0,53123.0,45123.0,8000.0,0.0,8000.0,55.0,59.0,1.0,6.0,1950.0,1988.0,5.16,40.7405282,-73.9978384,26v2,462,36061008100
1007900028,103 WEST 14 STREET,MN,790,28,10011.0,1008100,81,D7,4.0,"C S 108 WEST 15 STREET, LP",13275.0,55233.0,46433.0,8800.0,0.0,8800.0,55.0,59.0,1.0,6.0,1950.0,1988.0,4.16,40.7378904,-73.9971926,26v2,637,36061008100
1007900037,541 AVENUE OF THE AMERICAS,MN,790,37,10011.0,1008100,81,K4,4.0,GOLDEN ARCH REALTY CORP,4000.0,14400.0,0.0,14400.0,0.0,7400.0,0.0,2.0,1.0,4.0,1900.0,1977.0,3.6,40.7379069,-73.9968498,26v2,659,36061008100
1007900039,545 AVENUE OF THE AMERICAS,MN,790,39,10011.0,1008100,81,K4,4.0,545 AVENUE OF THE AM,2000.0,5720.0,2406.0,3314.0,0.0,3314.0,4.0,5.0,1.0,4.0,1901.0,2019.0,2.86,40.7379783,-73.9967956,26v2,658,36061008100
1007900040,547 AVENUE OF THE AMERICAS,MN,790,40,10011.0,1008100,81,D0,3.0,10015 OWNRS CORP,5990.0,22998.0,21998.0,1000.0,0.0,1000.0,45.0,47.0,1.0,5.0,1920.0,1987.0,3.84,40.7380661,-73.9967992,26v2,652,36061008100
1007410062,354 WEST 18 STREET,MN,741,62,10011.0,1008300,83,C1,2.0,352-354 W. 18 REALTY LLC,2300.0,8825.0,8825.0,0.0,0.0,0.0,16.0,16.0,1.0,5.0,1910.0,0.0,3.84,40.7429874,-74.0030025,26v2,182,36061008300
1007150010,117 NINTH AVENUE,MN,715,10,10011.0,1008300,83,D1,3.0,NYC HOUSING AUTHORITY,89700.0,253070.0,253070.0,0.0,0.0,0.0,272.0,272.0,4.0,7.0,1965.0,0.0,2.82,40.7435363,-74.0047275,26v2,274,36061008300
1007150059,442 WEST 18 STREET,MN,715,59,10011.0,1008300,83,G9,7.0,RETACO HOLDING CORP,21375.0,35720.0,0.0,35720.0,16720.0,0.0,0.0,1.0,2.0,2.0,1915.0,2003.0,1.67,40.7440496,-74.0055323,26v2,357,36061008300
1007150063,126 10TH AVENUE,MN,715,63,10011.0,1008300,83,K2,5.0,10TH AVENUE KOSTAS LLC,2963.0,4150.0,0.0,4150.0,0.0,4150.0,0.0,2.0,1.0,3.0,1930.0,2000.0,1.4,40.7444173,-74.0062,26v2,423,36061008300
1007150007,447 WEST 17 STREET,MN,715,7,10011.0,1008300,83,K1,5.0,"NEO-NEO, INC.",6900.0,8900.0,0.0,8900.0,0.0,8900.0,0.0,1.0,1.0,1.0,1910.0,1998.0,1.29,40.7439205,-74.0059329,26v2,366,36061008300
1007140016,431 WEST 16 STREET,MN,714,16,10011.0,1008300,83,K2,5.0,MCPJF W. 16TH LLC,6884.0,15200.0,0.0,15200.0,0.0,6900.0,0.0,1.0,1.0,2.0,1950.0,1999.0,2.21,40.7430697,-74.0057235,26v2,285,36061008300
1007150005,453 WEST 17TH STREET,MN,715,5,10011.0,1008300,83,O5,5.0,453 W 17TH STREET LLC,4759.0,17720.0,0.0,17720.0,13720.0,4000.0,0.0,13.0,1.0,4.0,1950.0,2004.0,3.72,40.7440056,-74.0061314,26v2,384,36061008300
1007120051,436 WEST 15 STREET,MN,712,51,10011.0,1008300,83,K2,5.0,413 WEST 14 ASSOCS,2581.0,4804.0,0.0,4804.0,0.0,4804.0,0.0,2.0,1.0,2.0,1920.0,2000.0,1.86,40.7421227,-74.0066184,26v2,300,36061008300
1007150060,456 WEST 18 STREET,MN,715,60,10011.0,1008300,83,K1,5.0,18TH STREET KOSTAS LLC,5775.0,7483.0,0.0,7483.0,0.0,7483.0,0.0,1.0,1.0,1.0,1966.0,2000.0,1.3,40.7442527,-74.0059835,26v2,398,36061008300
1007140031,430 WEST 17 STREET,MN,714,31,10011.0,1008300,83,D1,3.0,NYC HOUSING AUTHORITY,80408.0,298470.0,298470.0,0.0,0.0,0.0,34.0,34.0,4.0,7.0,1963.0,2015.0,3.71,40.7429517,-74.0050306,26v2,234,36061008300
1007140063,458 WEST 17 STREET,MN,714,63,10011.0,1008300,83,C7,4.0,"CLINTON HOUSING 10THPARTNERS,L.P.",2325.0,10710.0,9460.0,1250.0,0.0,1250.0,12.0,14.0,1.0,5.0,1910.0,2003.0,4.61,40.7438382,-74.0065717,26v2,395,36061008300
1007150001,457 WEST 17 STREET,MN,715,1,10011.0,1008300,83,C7,4.0,HIGHLINE PROPERTIES LLC,2050.0,9719.0,7769.0,1950.0,0.0,1950.0,12.0,13.0,1.0,5.0,1900.0,1984.0,4.74,40.7440193,-74.0064382,26v2,402,36061008300
1007150003,118 TENTH AVENUE,MN,715,3,10011.0,1008300,83,V1,11.0,"HARLOW ON 10TH, LLC",12045.0,0.0,,,,,0.0,0.0,0.0,,0.0,0.0,0.0,40.7441977,-74.0063119,26v2,410,36061008300
1007380067,350 WEST 15 STREET,MN,738,67,10011.0,1008300,83,C3,2.0,NICOLAS ALBERT,1528.0,3100.0,3100.0,0.0,0.0,0.0,4.0,4.0,1.0,4.0,1900.0,1969.0,2.03,40.7410606,-74.0040092,26v2,75,36061008300
1007120046,422 WEST 15 STREET,MN,712,46,10011.0,1008300,83,O3,5.0,BRK GARAGE CO,12906.0,111300.0,0.0,111300.0,111300.0,0.0,0.0,2.0,1.0,7.0,1950.0,0.0,8.62,40.7420266,-74.0063874,26v2,278,36061008300
1007380066,348 WEST 15 STREET,MN,738,66,10011.0,1008300,83,C2,2.0,AISELI LLC,1528.0,4257.0,4257.0,0.0,0.0,0.0,6.0,6.0,1.0,4.0,1900.0,0.0,2.79,40.7410331,-74.0039515,26v2,72,36061008300
1007120006,70 10 AVENUE,MN,712,6,10011.0,1008300,83,K1,5.0,"461 WEST 14TH STREET PROPERTY INVESTORS  III, LLC",17438.0,17342.0,0.0,17342.0,0.0,17342.0,0.0,1.0,1.0,1.0,2013.0,0.0,0.99,40.7423587,-74.0076866,26v2,393,36061008300
1007140014,437 WEST 16 STREET,MN,714,14,10011.0,1008300,83,O2,5.0,"SALMIR REALTY, LLC",4707.0,27456.0,0.0,27456.0,27456.0,0.0,0.0,9.0,1.0,5.0,1920.0,1989.0,5.83,40.743152,-74.005922,26v2,303,36061008300
1007120040,408 WEST 15 STREET,MN,712,40,10011.0,1008300,83,K4,4.0,408 WEST 15TH STREET OWNER LLC,5163.0,20000.0,0.0,20000.0,0.0,20000.0,0.0,5.0,1.0,4.0,1950.0,2020.0,3.87,40.7417769,-74.0057956,26v2,223,36061008300
1007120029,47 9 AVENUE,MN,712,29,10011.0,1008300,83,O5,5.0,401 W. 14TH FEE LLC,13531.0,58595.0,0.0,58595.0,39393.0,19202.0,0.0,10.0,1.0,4.0,1923.0,2006.0,4.33,40.741335,-74.0055502,26v2,197,36061008300
1007120001,444 WEST 15 STREET,MN,712,1,10014.0,1008300,83,O6,5.0,BLACK LARK ENTERPRISES LLC,34188.0,281361.0,0.0,281361.0,154952.0,17865.0,0.0,30.0,1.0,8.0,1936.0,1971.0,8.23,40.7422407,-74.0072608,26v2,355,36061008300
1007130001,75 9 AVENUE,MN,713,1,10011.0,1008300,83,O6,5.0,MANHATTAN CHELSEA MARKET LLC,165200.0,1100533.0,0.0,1100533.0,986862.0,113670.0,0.0,167.0,1.0,8.0,1905.0,2014.0,6.66,40.7425509,-74.0060555,26v2,274,36061008300
1007380015,335 WEST 14 STREET,MN,738,15,10014.0,1008300,83,D1,3.0,335-7,4687.0,28321.0,28321.0,0.0,0.0,0.0,28.0,28.0,1.0,7.0,1900.0,0.0,6.04,40.7407367,-74.0040525,26v2,99,36061008300
1007120036,61 9 AVENUE,MN,712,36,10011.0,1008300,83,O6,5.0,G.D.C.L. HOLDINGS LLC,12281.0,154664.0,0.0,154664.0,129383.0,25281.0,0.0,2.0,1.0,9.0,2016.0,0.0,12.59,40.741604,-74.0053553,26v2,183,36061008300
1007120038,404 WEST 15 STREET,MN,712,38,10011.0,1008300,83,O6,5.0,G.D.C.L. HOLDINGS LLC,4450.0,122962.0,0.0,122962.0,122962.0,0.0,0.0,1.0,1.0,9.0,2016.0,0.0,27.63,40.7417302,-74.0056224,26v2,208,36061008300
1007120042,412 WEST 15 STREET,MN,712,42,10011.0,1008300,83,O6,5.0,LM LEGACY GROUP LLC,10330.0,116624.0,0.0,116624.0,106513.0,10111.0,0.0,206.0,1.0,18.0,2010.0,0.0,11.29,40.7418757,-74.0060338,26v2,245,36061008300
1007380079,58 9 AVENUE,MN,738,79,10011.0,1008300,83,S3,4.0,NINTHVIEW LP,3413.0,7719.0,4306.0,3413.0,0.0,3413.0,3.0,4.0,2.0,3.0,1899.0,2015.0,2.26,40.7412719,-74.0047238,26v2,128,36061008300
1007410005,357 WEST 17 STREET,MN,741,5,10011.0,1008300,83,A4,1.0,357 WEST 17TH ST. LLC,2300.0,11418.0,11418.0,0.0,0.0,0.0,1.0,1.0,1.0,5.0,1920.0,2015.0,4.96,40.7428282,-74.0033345,26v2,164,36061008300
1007400018,331 WEST 16 STREET,MN,740,18,10011.0,1008300,83,C4,2.0,WILLIAM GOTTLIEB,2300.0,8060.0,8060.0,0.0,0.0,0.0,16.0,16.0,1.0,5.0,1900.0,0.0,3.5,40.7418072,-74.0027318,26v2,64,36061008300
1007410008,351 WEST 17 STREET,MN,741,8,10011.0,1008300,83,C3,2.0,351 W 17 LLC,2085.0,6216.0,6216.0,0.0,0.0,0.0,4.0,4.0,1.0,4.0,1900.0,2008.0,2.98,40.7427294,-74.0030963,26v2,153,36061008300
1007400001,363 WEST 16 STREET,MN,740,1,10011.0,1008300,83,H2,5.0,MARKET CORNER REALTYASSOCIATES,18400.0,110286.0,0.0,30286.0,0.0,30286.0,0.0,4.0,1.0,12.0,1969.0,1989.0,5.99,40.7424385,-74.0038758,26v2,132,36061008300
1007400054,344 WEST 17 STREET,MN,740,54,10011.0,1008300,83,C1,2.0,CHELSEA VENTURA LLC,2300.0,10800.0,10800.0,0.0,0.0,0.0,25.0,25.0,1.0,6.0,1900.0,1987.0,4.7,40.7422354,-74.0030349,26v2,98,36061008300
1007410067,112 9 AVENUE,MN,741,67,10011.0,1008300,83,D7,4.0,SP 364 W 18 LLC,13506.0,57706.0,48706.0,9000.0,0.0,9000.0,64.0,68.0,1.0,6.0,1938.0,0.0,4.27,40.7430945,-74.0033995,26v2,194,36061008300
1007400011,345 WEST 16 STREET,MN,740,11,10011.0,1008300,83,C4,2.0,345 WEST 16TH STREET,2300.0,8590.0,8590.0,0.0,0.0,0.0,15.0,15.0,1.0,5.0,1900.0,1987.0,3.73,40.7420377,-74.0032803,26v2,76,36061008300
1007410063,356 WEST 18 STREET,MN,741,63,10011.0,1008300,83,I5,8.0,"COMMUNITY HEALTH PROJECT, INC.",4600.0,24706.0,0.0,24706.0,0.0,0.0,0.0,1.0,1.0,6.0,1900.0,1998.0,5.37,40.7430396,-74.0031252,26v2,187,36061008300
1007400052,338 WEST 17 STREET,MN,740,52,10011.0,1008300,83,C4,2.0,338 W 17 ST. HOLDINGS LLC,2300.0,8525.0,8525.0,0.0,0.0,0.0,17.0,17.0,1.0,5.0,1900.0,1987.0,3.71,40.7421695,-74.0028798,26v2,94,36061008300
1007400051,336 WEST 17 STREET,MN,740,51,10011.0,1008300,83,C4,2.0,336 W 17 LLC,2300.0,8525.0,8525.0,0.0,0.0,0.0,16.0,16.0,1.0,5.0,1910.0,1987.0,3.71,40.7421366,-74.0028004,26v2,93,36061008300
1007400006,357 WEST 16 STREET,MN,740,6,10011.0,1008300,83,K2,5.0,A1001 LIMITED,2300.0,5700.0,0.0,5700.0,0.0,5700.0,0.0,1.0,1.0,2.0,1940.0,2000.0,2.48,40.7422052,-74.0036773,26v2,102,36061008300
1007410060,350 WEST 18 STREET,MN,741,60,10011.0,1008300,83,C1,2.0,350W18 STONE LLC,2300.0,9864.0,9864.0,0.0,0.0,0.0,15.0,15.0,1.0,6.0,1910.0,1960.0,4.29,40.7429216,-74.0028437,26v2,176,36061008300
1007380020,327 WEST 14 STREET,MN,738,20,10014.0,1008300,83,C5,2.0,327 WEST 14TH STREET LLC,3163.0,9000.0,6000.0,3000.0,0.0,3000.0,8.0,9.0,1.0,5.0,1900.0,1986.0,2.85,40.7405967,-74.0037169,26v2,95,36061008300
1007380027,313 WEST 14 STREET,MN,738,27,10014.0,1008300,83,C1,2.0,K&KB102 LLC,3125.0,7349.0,7349.0,0.0,0.0,0.0,9.0,9.0,1.0,5.0,1905.0,1960.0,2.35,40.7403607,-74.0031648,26v2,111,36061008300
1007380052,320 WEST 15 STREET,MN,738,52,10011.0,1008300,83,C3,2.0,320 W 15 LLC,2038.0,6000.0,6000.0,0.0,0.0,0.0,4.0,4.0,1.0,4.0,1910.0,2004.0,2.94,40.7406544,-74.0030493,26v2,80,36061008300
1007380056,328 WEST 15 STREET,MN,738,56,10011.0,1008300,83,C6,2.0,C & T 328 REALTY LLC,2031.0,5224.0,4124.0,1100.0,0.0,1100.0,13.0,14.0,1.0,4.0,1900.0,0.0,2.57,40.7407889,-74.0033669,26v2,65,36061008300
1007380024,319 WEST 14 STREET,MN,738,24,10014.0,1008300,83,C6,2.0,"PARKIN, ROBERT P",2581.0,9034.0,7253.0,1781.0,1781.0,0.0,6.0,7.0,1.0,4.0,1910.0,1986.0,3.5,40.7404376,-74.0034174,26v2,104,36061008300
1007380013,343 WEST 14 STREET,MN,738,13,10014.0,1008300,83,C5,2.0,"BERGEL 14TH STREET, LLC",2581.0,8867.0,6417.0,2450.0,0.0,2450.0,13.0,14.0,1.0,5.0,1920.0,1973.0,3.44,40.7408026,-74.0042871,26v2,110,36061008300
1007380064,344 WEST 15 STREET,MN,738,64,10011.0,1008300,83,C5,2.0,"344 W 15 HOLDINGS, LLC",1528.0,3166.0,2166.0,1000.0,0.0,1000.0,8.0,9.0,1.0,3.0,1900.0,0.0,2.07,40.7409837,-74.0038288,26v2,67,36061008300
1007380018,331 WEST 14 STREET,MN,738,18,10014.0,1008300,83,D4,3.0,331 W 14TH ST CORP,3125.0,13550.0,13550.0,0.0,0.0,0.0,21.0,21.0,1.0,7.0,1900.0,1983.0,4.34,40.7406599,-74.0038757,26v2,96,36061008300
1007380062,340 WEST 15 STREET,MN,738,62,10011.0,1008300,83,C1,2.0,LUIS SKIBAR BEATRIZ RODRIGUEZ LLC,1528.0,2850.0,2850.0,0.0,0.0,0.0,10.0,10.0,1.0,3.0,1900.0,1986.0,1.87,40.7409343,-74.0037133,26v2,64,36061008300
1007380072,358 WEST 15 STREET,MN,738,72,10011.0,1008300,83,C1,2.0,"WEST 15 STREET ASSOCIATES, LLC",5163.0,22318.0,22318.0,0.0,0.0,0.0,36.0,36.0,1.0,6.0,1911.0,0.0,4.32,40.7411457,-74.0042907,26v2,94,36061008300
1007380023,321 WEST 14 STREET,MN,738,23,10014.0,1008300,83,C6,2.0,319-321 WEST 14 OWNERS CORP.,2581.0,8144.0,8144.0,0.0,0.0,0.0,5.0,5.0,1.0,5.0,1900.0,0.0,3.16,40.7404677,-74.0034968,26v2,102,36061008300
1007380051,318 WEST 15 STREET,MN,738,51,10011.0,1008300,83,C6,2.0,318 WEST 15 ST APT CORP.,2050.0,6500.0,6500.0,0.0,0.0,0.0,10.0,10.0,1.0,3.0,1900.0,0.0,3.17,40.7406215,-74.0029699,26v2,85,36061008300
1007380048,312 WEST 15 STREET,MN,738,48,10011.0,1008300,83,C1,2.0,312 WEST 15TH STREET LLC,5163.0,28078.0,28078.0,0.0,0.0,0.0,36.0,36.0,1.0,6.0,1900.0,0.0,5.44,40.7405501,-74.0028725,26v2,94,36061008300
1007380022,323 WEST 14 STREET,MN,738,22,10014.0,1008300,83,C5,2.0,323 WEST 14TH STREET LLC,3131.0,10230.0,10230.0,0.0,0.0,0.0,12.0,12.0,1.0,4.0,1900.0,1986.0,3.27,40.7405281,-74.0035617,26v2,97,36061008300
1007380025,317 WEST 14 STREET,MN,738,25,10014.0,1008300,83,H3,5.0,317 WEST 14 REALTY LLC,3031.0,8355.0,,,,,0.0,1.0,1.0,5.0,1900.0,0.0,2.76,40.7404238,-74.0033272,26v2,105,36061008300
1007380021,325 WEST 14 STREET,MN,738,21,10014.0,1008300,83,K4,4.0,325 WEST 14TH ST INC,3125.0,9870.0,3720.0,6150.0,1215.0,4935.0,7.0,9.0,1.0,4.0,1901.0,1988.0,3.16,40.7405638,-74.0036375,26v2,96,36061008300
1007380026,315 WEST 14 STREET,MN,738,26,10014.0,1008300,83,D3,3.0,PR 14 LLC,3125.0,10050.0,10050.0,0.0,0.0,0.0,30.0,30.0,1.0,5.0,1900.0,0.0,3.22,40.7403936,-74.0032442,26v2,107,36061008300
1007380019,329 WEST 14 STREET,MN,738,19,10014.0,1008300,83,D1,3.0,CIRCULAR,3125.0,7812.0,7812.0,0.0,0.0,0.0,19.0,19.0,1.0,4.0,1900.0,1958.0,2.5,40.7406269,-74.0037963,26v2,95,36061008300
1007380054,324 WEST 15TH STREET,MN,738,54,10011.0,1008300,83,W8,8.0,324 WEST 15TH STREET LLC,7294.0,19777.0,1416.0,18361.0,0.0,0.0,2.0,3.0,4.0,4.0,1960.0,2011.0,2.71,40.7407065,-74.0032261,26v2,73,36061008300
1007380065,346 WEST 15 STREET,MN,738,65,10011.0,1008300,83,B1,1.0,"MCCANN, AS TRUSTEE, AIDAN FRANCIS",1528.0,3610.0,2888.0,0.0,0.0,0.0,2.0,2.0,1.0,4.0,1900.0,1982.0,2.36,40.7410084,-74.0038901,26v2,69,36061008300
1007410033,149 8 AVENUE,MN,741,33,10011.0,1008300,83,K1,5.0,149 EIGHTH AVE. LLC,1992.0,1992.0,0.0,1992.0,0.0,1992.0,0.0,1.0,1.0,1.0,1940.0,0.0,1.0,40.742057,-74.0012522,26v2,182,36061008300
1007410040,308 WEST 18 STREET,MN,741,40,10011.0,1008300,83,C2,2.0,308 EIGHTH NINTH LLC,2136.0,5760.0,5760.0,0.0,0.0,0.0,5.0,5.0,1.0,4.0,1900.0,0.0,2.7,40.742293,-74.0013641,26v2,187,36061008300
1007410039,306 WEST 18 STREET,MN,741,39,10011.0,1008300,83,C5,2.0,306 W. 18 REALTY LLC,2168.0,11431.0,11431.0,0.0,0.0,0.0,20.0,20.0,1.0,5.0,1900.0,0.0,5.27,40.7422793,-74.0012703,26v2,193,36061008300
1007410034,151 8 AVENUE,MN,741,34,10011.0,1008300,83,C4,2.0,151EIGHTH STONE LP,3967.0,14375.0,10875.0,3500.0,0.0,3500.0,16.0,18.0,1.0,5.0,1900.0,1987.0,3.62,40.7421146,-74.0011873,26v2,190,36061008300
1007410036,155 8 AVENUE,MN,741,36,10011.0,1008300,83,K2,5.0,FATHER REALTY CORP.,1463.0,4555.0,0.0,4555.0,0.0,4555.0,0.0,3.0,1.0,3.0,1910.0,0.0,3.11,40.7421805,-74.0011115,26v2,199,36061008300
1007410041,310 WEST 18 STREET,MN,741,41,10011.0,1008300,83,C6,2.0,310 WEST 18TH STREET OWNERS CORPORATION,1794.0,7700.0,6864.0,836.0,0.0,836.0,16.0,17.0,1.0,5.0,1900.0,1986.0,4.29,40.742326,-74.0014255,26v2,185,36061008300
1007410138,304 WEST 18 STREET,MN,741,138,10011.0,1008300,83,A4,1.0,"FRIEDMAN, ALISON",687.0,3363.0,3363.0,0.0,0.0,0.0,1.0,1.0,1.0,4.0,1910.0,2013.0,4.9,40.7422985,-74.001162,26v2,202,36061008300
1007400013,335 WEST 16 STREET,MN,740,13,10011.0,1008300,83,W6,8.0,335 WEST 16TH ST. LLC,8464.0,48800.0,0.0,48800.0,0.0,0.0,0.0,1.0,1.0,5.0,1920.0,1987.0,5.77,40.7419225,-74.0030061,26v2,65,36061008300
1007400043,320 WEST 17 STREET,MN,740,43,10011.0,1008300,83,C6,2.0,CHELSEA ROW INC,3249.0,11680.0,11680.0,0.0,0.0,0.0,20.0,20.0,1.0,5.0,1920.0,1975.0,3.59,40.7418347,-74.0021833,26v2,101,36061008300
1007400045,324 WEST 17 STREET,MN,740,45,10011.0,1008300,83,C6,2.0,17 W 24TH ST NOMINEE  CORP,3100.0,10800.0,10800.0,0.0,0.0,0.0,12.0,12.0,1.0,5.0,1910.0,1986.0,3.48,40.7418978,-74.0023529,26v2,94,36061008300
1007400019,323 WEST 16 STREET,MN,740,19,10011.0,1008300,83,D0,3.0,WEST 16 STREET TENANTS CORP,4594.0,23650.0,16650.0,7000.0,0.0,0.0,10.0,12.0,1.0,6.0,1902.0,1984.0,5.15,40.7417002,-74.0026019,26v2,64,36061008300
1007400012,343 WEST 16 STREET,MN,740,12,10011.0,1008300,83,C1,2.0,CHELSEA VENTURA LLC,2300.0,8250.0,8250.0,0.0,0.0,0.0,8.0,8.0,1.0,6.0,2005.0,0.0,3.59,40.7420048,-74.0032009,26v2,72,36061008300
1007390001,111 8 AVENUE,MN,739,1,10011.0,1008300,83,O6,5.0,ONE CITY BLOCK LLC,165200.0,2161994.0,0.0,2161994.0,2161994.0,0.0,0.0,133.0,1.0,17.0,1931.0,1988.0,13.09,40.7413598,-74.0032081,26v2,0,36061008300
1007410028,313 WEST 17 STREET,MN,741,28,10011.0,1008300,83,C1,2.0,313 W 17 LLC,2300.0,8945.0,8945.0,0.0,0.0,0.0,10.0,10.0,1.0,5.0,1900.0,0.0,3.89,40.7420982,-74.0015915,26v2,159,36061008300
1007400050,334 WEST 17 STREET,MN,740,50,10011.0,1008300,83,C6,2.0,328 W17TH ST OWNERS INCCO THE ARGO CORP,2300.0,8525.0,8525.0,0.0,0.0,0.0,15.0,15.0,1.0,5.0,1900.0,1987.0,3.71,40.7421009,-74.002721,26v2,92,36061008300
1007410001,108 9 AVENUE,MN,741,1,10011.0,1008300,83,C7,4.0,108-110 9TH PARTNERS LLC,2633.0,12197.0,9797.0,2400.0,0.0,2400.0,17.0,19.0,1.0,5.0,1910.0,1986.0,4.63,40.742831,-74.0035943,26v2,167,36061008300
1007400037,139 8 AVENUE,MN,740,37,10011.0,1008300,83,D4,3.0,300 W 17TH ST HOUSING DEV CORP,4600.0,32930.0,30805.0,2125.0,0.0,2125.0,31.0,33.0,1.0,7.0,1900.0,1986.0,7.16,40.7416755,-74.0015301,26v2,146,36061008300
1007400049,332 WEST 17 STREET,MN,740,49,10011.0,1008300,83,C6,2.0,328 W17TH ST OWNERS INCCO THE ARGO CORP,2300.0,8525.0,8525.0,0.0,0.0,0.0,15.0,15.0,1.0,5.0,1900.0,1987.0,3.71,40.742068,-74.0026416,26v2,92,36061008300
1007400047,328 WEST 17 STREET,MN,740,47,10011.0,1008300,83,C6,2.0,328 W17TH ST OWNERS INCCO THE ARGO CORP,3244.0,12475.0,11675.0,800.0,0.0,800.0,17.0,18.0,2.0,5.0,1900.0,1987.0,3.85,40.7419609,-74.0025189,26v2,89,36061008300
1007400048,330 WEST 17 STREET,MN,740,48,10011.0,1008300,83,C6,2.0,328 W17TH ST OWNERS INCCO THE ARGO CORP,2300.0,8525.0,8525.0,0.0,0.0,0.0,15.0,15.0,1.0,5.0,1900.0,1987.0,3.71,40.7420378,-74.0025658,26v2,93,36061008300
1007400044,322 WEST 17 STREET,MN,740,44,10011.0,1008300,83,C6,2.0,322-6 WEST 17TH ST HDFC,3050.0,10800.0,10800.0,0.0,0.0,0.0,12.0,12.0,1.0,5.0,1910.0,1986.0,3.54,40.7418676,-74.0022735,26v2,97,36061008300
1007380068,352 WEST 15 STREET,MN,738,68,10011.0,1008300,83,C1,2.0,"WEST 15 STREET ASSOCIATES, LLC",5163.0,22318.0,22318.0,0.0,0.0,0.0,36.0,36.0,1.0,6.0,1911.0,0.0,4.32,40.7410798,-74.0041319,26v2,84,36061008300
1007400046,326 WEST 17 STREET,MN,740,46,10011.0,1008300,83,C6,2.0,322-6 WEST 17TH ST HDFC,3150.0,10800.0,10800.0,0.0,0.0,0.0,12.0,12.0,1.0,5.0,1910.0,2020.0,3.43,40.741928,-74.0024359,26v2,91,36061008300
1007400053,340 WEST 17 STREET,MN,740,53,10011.0,1008300,83,C4,2.0,CHELSEA VENTURA LLC,2300.0,9000.0,9000.0,0.0,0.0,0.0,15.0,15.0,1.0,5.0,1910.0,0.0,3.91,40.7422024,-74.0029592,26v2,96,36061008300
1007400017,333 WEST 16 STREET,MN,740,17,10011.0,1008300,83,C2,2.0,PAKALANA MANAGEMENT LLC,2300.0,9200.0,9200.0,0.0,0.0,0.0,5.0,5.0,1.0,6.0,1900.0,1986.0,4.0,40.7418401,-74.0028076,26v2,63,36061008300
1007410002,110 9 AVENUE,MN,741,2,10011.0,1008300,83,C7,4.0,108-110 9TH PARTNERS LLC,2625.0,10420.0,8020.0,2400.0,0.0,2400.0,17.0,19.0,1.0,5.0,1910.0,1986.0,3.97,40.7428996,-74.0035438,26v2,174,36061008300
1007410006,353 WEST 17 STREET,MN,741,6,10011.0,1008300,83,W4,8.0,THE LORGE SCHOOL,4600.0,20680.0,0.0,20680.0,0.0,0.0,0.0,1.0,1.0,6.0,1910.0,1962.0,4.5,40.7427761,-74.0032118,26v2,157,36061008300
1007380028,309 WEST 14 STREET,MN,738,28,10014.0,1008300,83,H3,5.0,309309 CORPORATION,5163.0,15565.0,2400.0,0.0,0.0,0.0,0.0,59.0,1.0,4.0,1910.0,0.0,3.01,40.7402866,-74.0030673,26v2,120,36061008300
1007380033,81 8 AVENUE,MN,738,33,10011.0,1008300,83,K2,5.0,"CENTRAL RUG & CARPETMART,",8556.0,22274.0,0.0,22274.0,5162.0,8556.0,0.0,1.0,1.0,3.0,1897.0,2010.0,2.6,40.7401219,-74.0027678,26v2,143,36061008300
1007430006,365 WEST 19 STREET,MN,743,6,10011.0,1008900,89,C6,2.0,365 WEST 19TH STREET OWNERS CORP,2024.0,5524.0,5524.0,0.0,0.0,0.0,7.0,7.0,1.0,3.0,1910.0,0.0,2.73,40.7440195,-74.0025298,26v2,301,36061008900
1007440043,209 8 AVENUE,MN,744,43,10011.0,1008900,89,D7,4.0,300 WEST 21ST STREET OWNER LLC,5260.0,25924.0,21624.0,4300.0,0.0,4300.0,35.0,40.0,1.0,6.0,1930.0,1985.0,4.93,40.7440113,-73.9998304,26v2,410,36061008900
1007410010,330 WEST 18 STREET,MN,741,10,10011.0,1008300,83,W1,8.0,NYC DEPARTMENT OF EDUCATION,78920.0,157160.0,0.0,157160.0,157160.0,0.0,0.0,2.0,1.0,4.0,1966.0,0.0,1.99,40.7425099,-74.0022194,26v2,153,36061008300
1007430008,361 WEST 19 STREET,MN,743,8,10011.0,1008900,89,C0,2.0,SAMUEL J ELLIS,2024.0,4576.0,3432.0,0.0,0.0,0.0,3.0,3.0,1.0,3.0,1910.0,0.0,2.26,40.7439618,-74.002389,26v2,297,36061008900
1007440046,308 WEST 21 STREET,MN,744,46,10011.0,1008900,89,C4,2.0,"PROLIFIA, LLC",2300.0,8125.0,8125.0,0.0,0.0,0.0,19.0,19.0,2.0,5.0,1900.0,1988.0,3.53,40.7441128,-74.0002274,26v2,396,36061008900
1007440018,337 WEST 20 STREET,MN,744,18,10011.0,1008900,89,C6,2.0,337 WEST 20TH STREET CORP,2300.0,6900.0,6900.0,0.0,0.0,0.0,12.0,12.0,2.0,4.0,1850.0,1987.0,3.0,40.7443159,-74.0014147,26v2,362,36061008900
1007440031,311 WEST 20 STREET,MN,744,31,10011.0,1008900,89,C6,2.0,311 W 20TH ST HSNG CORP,2300.0,6375.0,6375.0,0.0,0.0,0.0,5.0,5.0,2.0,4.0,1850.0,0.0,2.77,40.7439207,-74.0004728,26v2,366,36061008900
1007440044,304 WEST 21 STREET,MN,744,44,10011.0,1008900,89,C4,2.0,AVANTI REALTY CORP,2300.0,8720.0,8720.0,0.0,0.0,0.0,20.0,20.0,1.0,5.0,1900.0,1980.0,3.79,40.744047,-74.0000686,26v2,399,36061008900
1007440041,207 8 AVENUE,MN,744,41,10011.0,1008900,89,C4,2.0,"BCC 205-207 EIGHTH AVE, LLC",2500.0,10800.0,8800.0,2000.0,0.0,2000.0,12.0,13.0,1.0,5.0,1900.0,1986.0,4.32,40.7439125,-73.9999026,26v2,398,36061008900
1007440030,313 WEST 20 STREET,MN,744,30,10011.0,1008900,89,B9,1.0,"CARTERON-KELBAN, MICHELLE",2300.0,9200.0,9200.0,0.0,0.0,0.0,2.0,2.0,1.0,3.5,1900.0,0.0,4.0,40.7439536,-74.0005558,26v2,365,36061008900
1007430080,160 9 AVENUE,MN,743,80,10011.0,1008900,89,C6,2.0,NINTH AVENUE APARTMENT CORP,5757.0,21304.0,20522.0,782.0,0.0,782.0,35.0,36.0,4.0,4.0,1920.0,0.0,3.7,40.7443379,-74.0024648,26v2,337,36061008900
1007440034,305 WEST 20 STREET,MN,744,34,10011.0,1008900,89,C1,2.0,SERENE COURTYARD LLC,2300.0,5600.0,5600.0,0.0,0.0,0.0,7.0,7.0,2.0,4.0,1850.0,1985.0,2.43,40.7438191,-74.0002346,26v2,371,36061008900
1007440045,306 WEST 21 STREET,MN,744,45,10011.0,1008900,89,C4,2.0,AVANTI REALTY CORP,2300.0,9125.0,9125.0,0.0,0.0,0.0,15.0,15.0,1.0,5.0,1900.0,0.0,3.97,40.7440799,-74.000148,26v2,397,36061008900
1007430005,367 WEST 19 STREET,MN,743,5,10011.0,1008900,89,A4,1.0,"TAN, DUN",1980.0,6012.0,4734.0,0.0,0.0,0.0,1.0,1.0,1.0,4.0,1910.0,0.0,3.04,40.7440469,-74.002602,26v2,303,36061008900
1007440048,312 WEST 21 STREET,MN,744,48,10011.0,1008900,89,C1,2.0,312 W 21 STREET LLC,2300.0,8930.0,8930.0,0.0,0.0,0.0,10.0,10.0,1.0,5.0,1900.0,1989.0,3.88,40.7441814,-74.0003861,26v2,394,36061008900
1007430011,355 WEST 19 STREET,MN,743,11,10011.0,1008900,89,C0,2.0,"MARSHALL, JAMES  B",1564.0,3264.0,2448.0,0.0,0.0,0.0,3.0,3.0,1.0,3.0,1910.0,0.0,2.09,40.7438932,-74.0022266,26v2,294,36061008900
1007440021,331 WEST 20 STREET,MN,744,21,10011.0,1008900,89,B9,1.0,331 WEST 20 STREET LLC,2277.0,4854.0,4854.0,0.0,0.0,0.0,2.0,2.0,2.0,4.0,1900.0,1976.0,2.13,40.7442171,-74.0011801,26v2,361,36061008900
1007450032,303 WEST 21 STREET,MN,745,32,10011.0,1008900,89,C7,4.0,GALILEO ASSOCS. LLC,2825.0,12990.0,11490.0,1500.0,0.0,1500.0,13.0,14.0,1.0,5.0,1900.0,1988.0,4.6,40.7442446,-73.9996608,26v2,438,36061008900
1007430013,351 WEST 19 STREET,MN,743,13,10011.0,1008900,89,A9,1.0,"SABIN, ELLEN",1397.0,4800.0,3600.0,0.0,0.0,0.0,1.0,1.0,1.0,3.0,1915.0,1988.0,3.44,40.7438054,-74.0021184,26v2,287,36061008900
1007440032,307 WEST 20 STREET,MN,744,32,10011.0,1008900,89,C6,2.0,307-9 OWNERS CORP,4600.0,6100.0,6100.0,0.0,0.0,0.0,12.0,12.0,4.0,4.0,1850.0,0.0,1.33,40.7438713,-74.0003537,26v2,369,36061008900
1007430007,363 WEST 19 STREET,MN,743,7,10011.0,1008900,89,C1,2.0,GFM REALTY CORP,2024.0,3960.0,3960.0,0.0,0.0,0.0,9.0,9.0,1.0,3.0,1920.0,1974.0,1.96,40.7439893,-74.0024612,26v2,299,36061008900
1007430009,359 WEST 19 STREET,MN,743,9,10011.0,1008900,89,C1,2.0,357 WEST 19TH CO. LLC,3066.0,7335.0,7335.0,0.0,0.0,0.0,8.0,8.0,1.0,4.0,1900.0,1966.0,2.39,40.7439262,-74.002306,26v2,295,36061008900
1007430014,349 WEST 19 STREET,MN,743,14,10011.0,1008900,89,C0,2.0,GERCON BUYER LLC,1397.0,3168.0,2376.0,0.0,0.0,0.0,3.0,3.0,1.0,3.0,1920.0,1998.0,2.27,40.7437752,-74.0020498,26v2,286,36061008900
1007430070,336 WEST 20 STREET,MN,743,70,10011.0,1008900,89,M3,8.0,ST PETERS EPISCOPAL CHURCH,17220.0,18451.0,0.0,18451.0,0.0,0.0,0.0,1.0,2.0,2.0,1900.0,0.0,1.07,40.7439371,-74.0017286,26v2,313,36061008900
1007450044,310 WEST 22 STREET,MN,745,44,10011.0,1008900,89,C5,2.0,"GW 310 WEST 22ND STREET, LLC",1975.0,4540.0,4540.0,0.0,0.0,0.0,12.0,12.0,1.0,3.0,1900.0,1985.0,2.3,40.7447084,-73.9997402,26v2,473,36061008900
1007450018,331 WEST 21 STREET,MN,745,18,10011.0,1008900,89,C6,2.0,331-5 W 21 STREET COR,2469.0,10500.0,10500.0,0.0,0.0,0.0,15.0,15.0,1.0,5.0,1900.0,1988.0,4.25,40.7448457,-74.0008192,26v2,437,36061008900
1007450017,333 WEST 21 STREET,MN,745,17,10011.0,1008900,89,C6,2.0,331-5 WEST 21ST STREET CORP,2469.0,10250.0,10250.0,0.0,0.0,0.0,22.0,22.0,1.0,5.0,1900.0,1988.0,4.15,40.7448786,-74.0008986,26v2,437,36061008900
1007450019,329 WEST 21 STREET,MN,745,19,10011.0,1008900,89,C6,2.0,329 W 21ST CORPORATION,2469.0,7400.0,7400.0,0.0,0.0,0.0,11.0,11.0,2.0,5.0,1900.0,1988.0,3.0,40.7448127,-74.0007398,26v2,437,36061008900
1007440024,315 WEST 20 STREET,MN,744,24,10011.0,1008900,89,W1,8.0,NYC DEPARTMENT OF EDUCATION,27600.0,89802.0,0.0,89802.0,89802.0,0.0,0.0,3.0,1.0,5.0,1925.0,0.0,3.25,40.7441869,-74.000747,26v2,377,36061008900
1007450022,323 WEST 21 STREET,MN,745,22,10011.0,1008900,89,C0,2.0,"PRYOR LIEBOWITZ ASSOCIATES, LLC",2500.0,8531.0,8531.0,0.0,0.0,0.0,3.0,3.0,1.0,4.0,1865.0,0.0,3.41,40.7447139,-74.0005089,26v2,437,36061008900
1007450031,303 WEST 21 STREET,MN,745,31,10011.0,1008900,89,C4,2.0,GALILEO ASSOCS. LLC,2469.0,9575.0,9575.0,0.0,0.0,0.0,15.0,15.0,1.0,5.0,1900.0,1999.0,3.88,40.7444147,-73.9997943,26v2,445,36061008900
1007450028,311 WEST 21 STREET,MN,745,28,10011.0,1008900,89,C4,2.0,311 W 21 LLC,2469.0,9690.0,9690.0,0.0,0.0,0.0,15.0,15.0,1.0,5.0,1900.0,1988.0,3.92,40.7445163,-74.0000361,26v2,441,36061008900
1007430017,343 WEST 19 STREET,MN,743,17,10011.0,1008900,89,B3,1.0,WOLFETDEN LLC,1397.0,4224.0,3168.0,0.0,0.0,0.0,2.0,2.0,1.0,3.0,1900.0,1996.0,3.02,40.7436874,-74.0018405,26v2,283,36061008900
1007450029,309 WEST 21 STREET,MN,745,29,10011.0,1008900,89,C4,2.0,309 WEST 21ST STREET ASSOCIATES LLC,2469.0,9250.0,9250.0,0.0,0.0,0.0,16.0,16.0,1.0,5.0,1900.0,1988.0,3.75,40.7444834,-73.9999567,26v2,442,36061008900
1007450030,305 WEST 21 STREET,MN,745,30,10011.0,1008900,89,O8,4.0,WEST 21ST STREET HOLDING,2469.0,8332.0,2979.0,5353.0,5353.0,0.0,4.0,6.0,2.0,5.0,1910.0,0.0,3.37,40.7444477,-73.9998737,26v2,444,36061008900
1007450045,312 WEST 22 STREET,MN,745,45,10011.0,1008900,89,C0,2.0,FOX  CAROL R,1975.0,3400.0,2500.0,0.0,0.0,0.0,3.0,3.0,1.0,3.0,1910.0,0.0,1.72,40.7447359,-73.9998051,26v2,472,36061008900
1007450042,306 WEST 22 STREET,MN,745,42,10011.0,1008900,89,C1,2.0,"KHS REALTY, INC.",1975.0,4996.0,4996.0,0.0,0.0,0.0,12.0,12.0,1.0,4.0,1920.0,2007.0,2.53,40.7446563,-73.9996139,26v2,475,36061008900
1007450040,231 8 AVENUE,MN,745,40,10011.0,1008900,89,H2,5.0,300 WEST 22 REALTY LLC,5700.0,30948.0,0.0,3470.0,0.0,3470.0,0.0,1.0,1.0,5.0,1912.0,2007.0,5.43,40.7446206,-73.9993829,26v2,485,36061008900
1007450020,327 WEST 21 STREET,MN,745,20,10011.0,1008900,89,C4,2.0,327 WEST 21 LLC,2469.0,9690.0,9690.0,0.0,0.0,0.0,17.0,17.0,1.0,5.0,1900.0,1988.0,3.92,40.7447771,-74.0006604,26v2,436,36061008900
1007450021,325 WEST 21 STREET,MN,745,21,10011.0,1008900,89,C6,2.0,UNAVAILABLE OWNER,2468.0,9645.0,9645.0,0.0,0.0,0.0,19.0,19.0,1.0,5.0,1864.0,1988.0,3.91,40.7447469,-74.0005882,26v2,437,36061008900
1007450025,317 WEST 21 STREET,MN,745,25,10011.0,1008900,89,C4,2.0,"317-321 WEST 21ST STREET ASSOCIATES, LLC",2469.0,13050.0,13050.0,0.0,0.0,0.0,20.0,20.0,1.0,5.0,1900.0,1971.0,5.29,40.7446151,-74.0002743,26v2,438,36061008900
1007450024,319 WEST 21 STREET,MN,745,24,10011.0,1008900,89,C4,2.0,"317-321 WEST 21ST STREET ASSOCIATES, LLC",2469.0,13050.0,13050.0,0.0,0.0,0.0,20.0,20.0,1.0,5.0,1900.0,1971.0,5.29,40.7446481,-74.0003537,26v2,438,36061008900
1007450043,308 WEST 22 STREET,MN,745,43,10011.0,1008900,89,C1,2.0,308 WEST 22ND ST. LLC,1975.0,4460.0,4460.0,0.0,0.0,0.0,8.0,8.0,1.0,3.0,1900.0,0.0,2.26,40.744681,-73.9996752,26v2,474,36061008900
1007450016,335 WEST 21 STREET,MN,745,16,10011.0,1008900,89,C6,2.0,331-5 W 21 STREET COR,2469.0,10250.0,10250.0,0.0,0.0,0.0,20.0,20.0,1.0,5.0,1920.0,1988.0,4.15,40.7449143,-74.0009816,26v2,437,36061008900
1007450023,321 WEST 21 STREET,MN,745,23,10011.0,1008900,89,C4,2.0,"317-321 WEST 21ST STREET ASSOCIATES, LLC",2469.0,13050.0,13050.0,0.0,0.0,0.0,20.0,20.0,1.0,5.0,1900.0,0.0,5.29,40.744681,-74.0004295,26v2,437,36061008900
1007720033,221 WEST 22 STREET,MN,772,33,10011.0,1009100,91,C1,2.0,221 WEST 22 LLC,2523.0,5376.0,5376.0,0.0,0.0,0.0,12.0,12.0,1.0,3.0,1920.0,1955.0,2.13,40.7439014,-73.9967448,26v2,613,36061009100
1006940033,207 10 AVENUE,MN,694,33,10011.0,1009901,99,K1,5.0,HIGHLINE 22 OWNER LLC,1233.0,665.0,0.0,665.0,0.0,665.0,0.0,1.0,1.0,1.0,1920.0,0.0,0.54,40.7473653,-74.0048216,26v2,681,36061009901
1006960040,508 WEST 25 STREET,MN,696,40,10001.0,1009901,99,K1,5.0,510 WEST 25TH LLC,3950.0,4000.0,0.0,4000.0,0.0,4000.0,0.0,1.0,1.0,1.0,2013.0,0.0,1.01,40.7490094,-74.0039087,26v2,853,36061009901
1006970042,508 WEST 26 STREET,MN,697,42,10001.0,1009901,99,O6,5.0,WEST CHELSEA BUILDING LLC,12343.0,146416.0,0.0,146416.0,126422.0,19026.0,0.0,46.0,1.0,9.0,1927.0,2004.0,11.86,40.7497532,-74.0037499,26v2,934,36061009901
1006950015,527 WEST 23 STREET,MN,695,15,10011.0,1009901,99,D6,4.0,"23RD CHELSEA ASSOCIATES,",37031.0,300000.0,280175.0,19825.0,0.0,19825.0,313.0,325.0,1.0,14.0,2001.0,0.0,8.1,40.7486113,-74.0052765,26v2,825,36061009901
1006920053,540 WEST 21 STREET,MN,692,53,10011.0,1009901,99,D7,4.0,550W21 OWNER LLC,20555.0,205247.0,151827.0,53420.0,48738.0,4682.0,34.0,36.0,1.0,20.0,2020.0,2019.0,9.99,40.7470989,-74.0073335,26v2,727,36061009901
1006940031,203 10 AVENUE,MN,694,31,10011.0,1009901,99,C7,4.0,HIGHLINE 22 OWNER LLC,1835.0,8520.0,7620.0,900.0,0.0,900.0,8.0,9.0,1.0,5.0,1905.0,1982.0,4.64,40.7472335,-74.0048541,26v2,668,36061009901
1006920047,522 WEST 21 STREET,MN,692,47,10011.0,1009901,99,K1,5.0,GARFIELD LESLIE J,9200.0,9200.0,0.0,9200.0,0.0,9200.0,0.0,1.0,1.0,1.0,1933.0,0.0,1.0,40.7467531,-74.0065034,26v2,661,36061009901
1006940047,524 WEST 23 STREET,MN,694,47,10011.0,1009901,99,E7,6.0,"SM I MMS, L.L.C.",14318.0,141934.0,0.0,141934.0,14190.0,0.0,0.0,1.0,1.0,10.0,1931.0,1986.0,9.91,40.747991,-74.0056121,26v2,765,36061009901
1006950037,229 10 AVENUE,MN,695,37,10011.0,1009901,99,K2,5.0,229 TENTH AVENUE LLC,2468.0,4932.0,0.0,4932.0,0.0,4932.0,0.0,2.0,1.0,2.0,1938.0,2006.0,2.0,40.7482079,-74.0042046,26v2,766,36061009901
1006920051,530 WEST 21 STREET,MN,692,51,10011.0,1009901,99,K4,4.0,"VENTUNO, LLC",4660.0,8554.0,0.0,8554.0,0.0,8554.0,0.0,1.0,1.0,4.0,1945.0,2007.0,1.84,40.7468546,-74.0067416,26v2,680,36061009901
1006930064,154 11 AVENUE,MN,693,64,10011.0,1009901,99,W3,8.0,WEST CHELSEA PARTNERS LLC,9850.0,29600.0,0.0,29600.0,0.0,0.0,0.0,1.0,1.0,3.0,1920.0,1983.0,3.01,40.7478976,-74.0073228,26v2,805,36061009901
1006920052,534 WEST 21 STREET,MN,692,52,10011.0,1009901,99,K2,5.0,"534 WEST 21ST STREET, LLC",4570.0,6854.0,0.0,6854.0,0.0,6854.0,0.0,1.0,1.0,1.5,1946.0,1996.0,1.5,40.7469205,-74.0069004,26v2,692,36061009901
1006940014,533 WEST 22 STREET,MN,694,14,10011.0,1009901,99,K4,4.0,DIA CENTER FOR THE ARTS INC,7406.0,41284.0,0.0,41284.0,13809.0,27475.0,0.0,8.0,1.0,6.0,1913.0,2019.0,5.57,40.7478922,-74.0061354,26v2,767,36061009901
1006930018,521 WEST 21 STREET,MN,693,18,10011.0,1009901,99,K2,5.0,CHELSEA OPERATING INC.,17281.0,34600.0,0.0,34600.0,0.0,34600.0,0.0,7.0,2.0,2.0,1931.0,0.0,2.0,40.7471923,-74.006175,26v2,695,36061009901
1006930028,507 WEST 21 STREET,MN,693,28,10011.0,1009901,99,G6,10.0,"510 WEST 22ND STREET OWNER, LLC",9875.0,0.0,,,,,0.0,0.0,0.0,,0.0,0.0,0.0,40.746948,-74.0054351,26v2,649,36061009901
1006950028,511 WEST 23 STREET,MN,695,28,10011.0,1009901,99,K1,5.0,504 OWNERS LLC,8393.0,8573.0,0.0,8573.0,0.0,8573.0,0.0,1.0,1.0,1.0,2015.0,0.0,1.02,40.748293,-74.0044428,26v2,778,36061009901
1006960042,510 WEST 25 STREET,MN,696,42,10001.0,1009901,99,K1,5.0,510 WEST 25TH LLC,3950.0,3950.0,0.0,3950.0,0.0,3950.0,0.0,1.0,1.0,1.0,1975.0,0.0,1.0,40.7490643,-74.004035,26v2,860,36061009901
1006620016,111B 11 AVENUE,MN,662,16,10011.0,1009901,99,T2,7.0,HUDSON RIVER PARK TRUST,300000.0,216239.0,0.0,216239.0,3556.0,0.0,0.0,1.0,1.0,2.0,1908.0,1963.0,0.72,40.7466513,-74.0101051,26v2,827,36061009901
1006960028,507 WEST 24 STREET,MN,696,28,10011.0,1009901,99,K1,5.0,"507 W. 24 RETAIL, LLC",3950.0,7900.0,0.0,7900.0,0.0,7900.0,0.0,1.0,1.0,1.0,2013.0,0.0,2.0,40.7487678,-74.0040783,26v2,827,36061009901
1006950031,505 WEST 23 STREET,MN,695,31,10011.0,1009901,99,S3,4.0,505-507 WEST 23RD OWNERS CORP,2962.0,9600.0,7200.0,2400.0,0.0,2400.0,3.0,4.0,1.0,4.0,1946.0,1988.0,3.24,40.7480322,-74.004385,26v2,749,36061009901
1006920028,509 WEST 20 STREET,MN,692,28,10011.0,1009901,99,E9,6.0,NEW YORK CENTRAL LINES,9200.0,9200.0,0.0,1020.0,1020.0,0.0,0.0,1.0,1.0,1.0,1958.0,0.0,1.0,40.7463414,-74.0058718,26v2,598,36061009901
1006930014,531 WEST 21 STREET,MN,693,14,10011.0,1009901,99,E7,6.0,"SM I MMS, L.L.C.",12261.0,91591.0,0.0,3300.0,0.0,3300.0,0.0,2.0,1.0,7.0,1921.0,2009.0,7.47,40.7472718,-74.0065901,26v2,716,36061009901
1006930036,195 10 AVENUE,MN,693,36,10011.0,1009901,99,C7,4.0,195 10TH AVE LLC,2467.0,8830.0,6830.0,2000.0,0.0,2000.0,8.0,9.0,1.0,5.0,1905.0,2006.0,3.58,40.7469343,-74.0051284,26v2,641,36061009901
1006930059,548 WEST 22 STREET,MN,693,59,10011.0,1009901,99,K4,4.0,"FORTINET, INC.",9875.0,38100.0,0.0,38100.0,19032.0,19068.0,0.0,4.0,1.0,4.0,1920.0,2021.0,3.86,40.7477631,-74.0070051,26v2,781,36061009901
1006940017,527 WEST 22 STREET,MN,694,17,10011.0,1009901,99,D5,3.0,FLEMISTER HOUSING DEVELOPMENT FUND CORPO RATION,7380.0,33535.0,33535.0,0.0,0.0,0.0,50.0,50.0,1.0,5.0,1926.0,1995.0,4.54,40.7477934,-74.0059008,26v2,750,36061009901
1006940058,536 WEST 23 STREET,MN,694,58,10011.0,1009901,99,E7,6.0,U-HAUL INTNL INC,14812.0,42640.0,0.0,42640.0,0.0,0.0,0.0,1.0,1.0,3.0,1934.0,0.0,2.88,40.7481886,-74.0060813,26v2,797,36061009901
1006930046,522 WEST 22 STREET,MN,693,46,10011.0,1009901,99,K1,5.0,AUTUMN RHYTHM INC,4937.0,4937.0,0.0,4937.0,0.0,4937.0,0.0,1.0,1.0,1.0,1920.0,0.0,1.0,40.7472993,-74.0059007,26v2,698,36061009901
1006960020,513 WEST 24 STREET,MN,696,20,10011.0,1009901,99,K4,4.0,513 WEST 24TH ASSOCIATES,14812.0,27066.0,0.0,27066.0,10300.0,16766.0,0.0,3.0,1.0,3.0,1930.0,2016.0,1.83,40.7489764,-74.0045727,26v2,855,36061009901
1006940039,500 WEST 23 STREET,MN,694,39,10011.0,1009901,99,D8,3.0,500 WEST 23RD STREET GROUND OWNER LLC,13578.0,109795.0,99726.0,10069.0,0.0,10068.0,111.0,112.0,1.0,13.0,2011.0,0.0,8.09,40.7475409,-74.0046881,26v2,699,36061009901
1006940009,545 WEST 22 STREET,MN,694,9,10011.0,1009901,99,K1,5.0,DIA CENTER FOR THE ARTS INC,7406.0,7500.0,0.0,7500.0,0.0,7500.0,0.0,1.0,1.0,1.0,1949.0,1992.0,1.01,40.7480596,-74.0065324,26v2,796,36061009901
1006940012,541 WEST 22 STREET,MN,694,12,10011.0,1009901,99,K1,5.0,"DIA CENTER FOR THE ARTS, INC.",4937.0,4937.0,0.0,4937.0,0.0,4937.0,0.0,1.0,1.0,1.0,1966.0,1966.0,1.0,40.7479773,-74.0063339,26v2,782,36061009901
1006940007,551 WEST 22 STREET,MN,694,7,10011.0,1009901,99,S2,4.0,LUCEIN DEL LLC,3975.0,8276.0,4304.0,3972.0,0.0,3972.0,2.0,3.0,1.0,3.0,1918.0,0.0,2.08,40.7481172,-74.0067489,26v2,808,36061009901
1006930010,541 WEST 21 STREET,MN,693,10,10011.0,1009901,99,O6,5.0,541 W 21 CAPITAL LLC,7466.0,55141.0,0.0,55141.0,47997.0,7144.0,0.0,2.0,1.0,8.0,1915.0,2019.0,7.39,40.7474036,-74.0069041,26v2,741,36061009901
1006950035,225 10 AVENUE,MN,695,35,10011.0,1009901,99,S3,4.0,"LARU PROPERTIES, LLC",1200.0,3500.0,2500.0,1000.0,0.0,1000.0,3.0,4.0,1.0,4.0,1920.0,1985.0,2.92,40.7480679,-74.0042262,26v2,751,36061009901
1006920019,525 WEST 20 STREET,MN,692,19,10011.0,1009901,99,E1,6.0,EKA 521 WEST 20TH STREET LLC,9200.0,94622.0,0.0,94622.0,0.0,0.0,0.0,1.0,1.0,9.0,1913.0,1988.0,10.29,40.7464951,-74.0065828,26v2,638,36061009901
1006930048,526 WEST 22 STREET,MN,693,48,10011.0,1009901,99,K2,5.0,AUTUMN RHYTHM INC,2468.0,4938.0,0.0,4938.0,0.0,4938.0,0.0,1.0,1.0,2.0,1920.0,2004.0,2.0,40.7473487,-74.0060162,26v2,707,36061009901
1006920023,513 WEST 20 STREET,MN,692,23,10011.0,1009901,99,O6,5.0,EKA 513 WEST 20TH STREET LLC,9200.0,83240.0,0.0,83240.0,74040.0,9200.0,0.0,13.0,1.0,7.0,1910.0,1988.0,9.05,40.7463633,-74.0062724,26v2,613,36061009901
1006620019,111C 11 AVENUE,MN,662,19,10011.0,1009901,99,T2,7.0,HUDSON RIVER PARK TRUST,401282.0,222813.0,0.0,222813.0,20407.0,0.0,0.0,1.0,1.0,2.0,1908.0,1963.0,0.56,40.7478754,-74.0101161,26v2,929,36061009901
1006910001,112 11 AVENUE,MN,691,1,10011.0,1009901,99,Y3,8.0,CHELSEA BEACON HOUSING DEVELOPMENT FUND  CORP,15800.0,95837.0,0.0,95837.0,0.0,0.0,0.0,2.0,1.0,8.0,1931.0,1988.0,6.07,40.7464182,-74.0075283,26v2,670,36061009901
1006910015,527 WEST 19 STREET,MN,691,15,10011.0,1009901,99,K2,5.0,DAZW LLC,9200.0,13800.0,0.0,13800.0,4600.0,9200.0,0.0,1.0,2.0,2.0,1919.0,2006.0,1.5,40.7460092,-74.0072504,26v2,619,36061009901
1006900054,96 11 AVENUE,MN,690,54,10011.0,1009901,99,O3,5.0,"HTRF VENTURES, LLC",530.0,1500.0,0.0,1500.0,1500.0,0.0,0.0,1.0,1.0,10.0,2004.0,0.0,2.83,40.7458994,-74.0079,26v2,641,36061009901
1006910039,508 WEST 20 STREET,MN,691,39,10011.0,1009901,99,K1,5.0,SHERWOOD 20 ASSOCIATES LLC,3834.0,4189.0,0.0,4189.0,0.0,4189.0,0.0,1.0,1.0,1.0,2013.0,2013.0,1.09,40.7459242,-74.0063662,26v2,573,36061009901
1006910041,512 WEST 20 STREET,MN,691,41,10011.0,1009901,99,M1,8.0,NEW YORK CONGREGATIOETA,3066.0,6060.0,0.0,6060.0,0.0,0.0,0.0,1.0,1.0,2.0,1936.0,0.0,1.98,40.7459763,-74.0064853,26v2,583,36061009901
1006910019,521 WEST 19 STREET,MN,691,19,10011.0,1009901,99,K2,5.0,LAN CHEN CORP,6900.0,7638.0,0.0,7638.0,738.0,6900.0,0.0,1.0,1.0,2.0,1920.0,1988.0,1.11,40.7458912,-74.0069761,26v2,596,36061009901
1006910037,504 WEST 20 STREET,MN,691,37,10011.0,1009901,99,G6,10.0,"161 TENTH AVENUE PROPERTIES, LLC",4600.0,0.0,,,,,0.0,0.0,0.0,,0.0,0.0,0.0,40.7458638,-74.0062182,26v2,561,36061009901
1006910022,517 WEST 19 STREET,MN,691,22,10011.0,1009901,99,K1,5.0,"517 W. 19TH STREET, LLC",4600.0,4500.0,0.0,4500.0,0.0,4500.0,0.0,1.0,1.0,1.0,1965.0,2006.0,0.98,40.7458089,-74.0067776,26v2,579,36061009901
1006900012,555 WEST 18 STREET,MN,690,12,10011.0,1009901,99,O3,5.0,"HTRF VENTURES, LLC",28850.0,195000.0,0.0,195000.0,195000.0,0.0,0.0,10.0,1.0,10.0,2007.0,0.0,6.76,40.74557,-74.0076978,26v2,602,36061009901
1006910035,165 10 AVENUE,MN,691,35,10011.0,1009901,99,G6,10.0,"161 TENTH AVENUE PROPERTIES, LLC",4600.0,0.0,,,,,0.0,0.0,0.0,,0.0,0.0,0.0,40.7458172,-74.0059295,26v2,546,36061009901
1006870029,85 10 AVENUE,MN,687,29,10011.0,1009901,99,O6,5.0,"85 TENTH AVENUE ASSOCIATES, L.L.C.",45950.0,553472.0,0.0,553472.0,459560.0,75530.0,0.0,19.0,1.0,11.0,1914.0,2015.0,12.05,40.7433852,-74.0079827,26v2,461,36061009901
1006970008,547 WEST 25 STREET,MN,697,8,10001.0,1009901,99,K1,5.0,547 WEST 25 STREET LLC,5896.0,5891.0,0.0,5891.0,0.0,5891.0,0.0,1.0,1.0,1.0,1926.0,1959.0,1.0,40.7500194,-74.0051358,26v2,977,36061009901
1006960054,534 WEST 25 STREET,MN,696,54,10001.0,1009901,99,K2,5.0,WENAT REALTY ASSOC,9875.0,47330.0,0.0,47330.0,0.0,47330.0,0.0,1.0,1.0,8.0,2017.0,0.0,4.79,40.7494842,-74.0050347,26v2,916,36061009901
1006960001,202 11 AVENUE,MN,696,1,10001.0,1009901,99,K2,5.0,136 WOOSTER CORP.,21527.0,26000.0,0.0,26000.0,4000.0,22000.0,0.0,1.0,1.0,1.5,1938.0,2014.0,1.21,40.7495308,-74.0058937,26v2,936,36061009901
1006960065,210 11 AVENUE,MN,696,65,10001.0,1009901,99,O3,5.0,"ONBAR,",9875.0,108081.0,0.0,108081.0,108081.0,0.0,0.0,31.0,1.0,11.0,1911.0,1989.0,10.94,40.7498465,-74.0059046,26v2,971,36061009901
1006960010,537 WEST 24 STREET,MN,696,10,10011.0,1009901,99,K1,5.0,SAMKAT REALTY LLC,7406.0,7943.0,0.0,7943.0,0.0,7943.0,0.0,1.0,1.0,1.0,1946.0,2000.0,1.07,40.749336,-74.0054281,26v2,906,36061009901
1006960053,532 WEST 25 STREET,MN,696,53,10001.0,1009901,99,K4,4.0,"BABASHAK, AS TRUSTEE, KARA",2468.0,7404.0,0.0,7404.0,0.0,7404.0,0.0,3.0,1.0,3.0,1900.0,1985.0,3.0,40.7493991,-74.0048362,26v2,904,36061009901
1006960013,533 WEST 24 STREET,MN,696,13,10011.0,1009901,99,O5,5.0,"GTM ASSOCIATES, LLC",5628.0,32424.0,0.0,32424.0,26796.0,5628.0,0.0,6.0,1.0,6.0,1926.0,2002.0,5.76,40.7492481,-74.0052188,26v2,893,36061009901
1006690017,181 11 AVENUE,MN,669,17,10011.0,1009901,99,Q1,9.0,NYS DEPARTMENT OF TRANSPORTATION,44438.0,0.0,,,,,0.0,0.0,1.0,,2023.0,2021.0,0.0,40.7494456,-74.0072868,26v2,963,36061009901
1006300140,258 WEST 10 STREET,MN,630,140,10014.0,1007500,75,A9,1.0,KOVEN CORY L,1178.0,2026.0,2026.0,0.0,0.0,0.0,1.0,1.0,1.0,4.0,1989.0,0.0,1.72,40.7335206,-74.0069062,26v2,926,36061007500
1006300051,135 CHRISTOPHER STREET,MN,630,51,10014.0,1007500,75,C7,4.0,CHRISTOPHER REALTY,2225.0,8240.0,6140.0,2100.0,0.0,2100.0,9.0,10.0,1.0,4.0,1911.0,1980.0,3.7,40.7331665,-74.0069603,26v2,964,36061007500
1006310033,703 GREENWICH STREET,MN,631,33,10014.0,1007500,75,G7,10.0,703 GREENWICH STREET LLC,2375.0,0.0,,,,,0.0,0.0,0.0,,1980.0,0.0,0.0,40.7339323,-74.0069676,26v2,885,36061007500
1006300034,687 GREENWICH STREET,MN,630,34,10014.0,1007500,75,A9,1.0,"WAZLAWEK, ABBIE",711.0,2844.0,2133.0,0.0,0.0,0.0,1.0,1.0,1.0,3.0,1989.0,0.0,4.0,40.7332791,-74.0072634,26v2,961,36061007500
1006300035,687 GREENWICH STREET,MN,630,35,10014.0,1007500,75,A9,1.0,"WONG, ROBERT",685.0,2408.0,1798.0,0.0,0.0,0.0,1.0,1.0,1.0,3.0,1989.0,0.0,3.52,40.7332736,-74.0071804,26v2,959,36061007500
1006300037,7 GREENWICH MEWS,MN,630,37,10014.0,1007500,75,A9,1.0,CASA GREENWICH MEWS LLC,776.0,2800.0,2092.0,0.0,0.0,0.0,1.0,1.0,1.0,3.0,1989.0,0.0,3.61,40.7332599,-74.0070289,26v2,956,36061007500
1006300043,511 HUDSON STREET,MN,630,43,10014.0,1007500,75,C6,2.0,HUDSON MEWS APT CORP,11609.0,40320.0,40320.0,0.0,0.0,0.0,30.0,30.0,2.0,6.0,1911.0,0.0,3.47,40.7333532,-74.0067041,26v2,938,36061007500
1006300135,6 GREENWICH MEWS,MN,630,135,10014.0,1007500,75,A9,1.0,SIX MEWS LLC,740.0,2588.0,1933.0,0.0,0.0,0.0,1.0,1.0,1.0,3.0,1989.0,0.0,3.5,40.7332653,-74.0071046,26v2,958,36061007500
1006300031,681A GREENWICH STREET,MN,630,31,10014.0,1007500,75,Z9,,PORT AUTHORITY OF NY AND NJ,219.0,0.0,,,,,0.0,0.0,0.0,,0.0,0.0,0.0,40.7330705,-74.0071155,26v2,979,36061007500
1006340006,138 BANK STREET,MN,634,6,10014.0,1007500,75,G7,10.0,"731 WASHINGTON STREET, LLC",1000.0,0.0,,,,,0.0,0.0,1.0,,0.0,0.0,0.0,40.7360704,-74.0081839,26v2,722,36061007500
1006340016,110 BANK STREET,MN,634,16,10014.0,1007500,75,D1,3.0,"BANK STREET ASSOCIATES,LLC",9410.0,42258.0,42258.0,0.0,0.0,0.0,61.0,61.0,1.0,6.0,1957.0,1986.0,4.49,40.7361363,-74.0073142,26v2,676,36061007500
1006340023,760 GREENWICH STREET,MN,634,23,10014.0,1007500,75,D4,3.0,100 BANK ST OWNERS CORP,9020.0,45426.0,45426.0,0.0,0.0,0.0,55.0,55.0,1.0,6.0,1956.0,1984.0,5.04,40.7361913,-74.0069498,26v2,655,36061007500
1006340063,575 HUDSON STREET,MN,634,63,10014.0,1007500,75,C7,4.0,L & F HOLDING CORP,3074.0,9504.0,8404.0,1100.0,0.0,1100.0,7.0,9.0,2.0,4.0,1900.0,0.0,3.09,40.7361419,-74.0062029,26v2,633,36061007500
1006370055,370 WEST 11 STREET,MN,637,55,10014.0,1007500,75,A4,1.0,370 W 11TH LLC,2160.0,4009.0,3809.0,200.0,0.0,0.0,1.0,1.0,1.0,4.0,1905.0,1988.0,1.86,40.7351344,-74.0094791,26v2,871,36061007500
1006380001,427 WEST STREET,MN,638,1,10014.0,1007500,75,D4,3.0,RIVERBANK SOUTH OWNERS CORP,14205.0,69755.0,69755.0,0.0,0.0,0.0,38.0,38.0,1.0,4.0,1930.0,1982.0,4.91,40.7355433,-74.0094792,26v2,835,36061007500
1006340008,134 BANK STREET,MN,634,8,10014.0,1007500,75,A4,1.0,SEAN CAVANAUGH AS TRUSTEE,1026.0,1728.0,1728.0,0.0,0.0,0.0,1.0,1.0,1.0,3.0,1833.0,0.0,1.68,40.7360869,-74.0080467,26v2,714,36061007500
1006320059,117A CHARLES STREET,MN,632,59,10014.0,1007500,75,A1,1.0,"117-A CHARLES STREET, LLC",995.0,1000.0,1000.0,0.0,0.0,0.0,1.0,1.0,1.0,2.0,1910.0,0.0,1.01,40.7346597,-74.006661,26v2,800,36061007500
1006370021,156 PERRY STREET,MN,637,21,10014.0,1007500,75,V1,11.0,156 PERRY STREET PARTNERS LLC,6426.0,0.0,,,,,0.0,0.0,0.0,,0.0,0.0,0.0,40.7345305,-74.0090136,26v2,903,36061007500
1006370054,372 WEST 11 STREET,MN,637,54,10014.0,1007500,75,A4,1.0,372 WEST 11 STREET LLC,1180.0,3200.0,3200.0,0.0,0.0,0.0,1.0,1.0,1.0,4.0,1900.0,1988.0,2.71,40.7351783,-74.0095658,26v2,871,36061007500
1006330051,304 WEST 11 STREET,MN,633,51,10014.0,1007500,75,S9,4.0,567 HUDSON LLC,2375.0,3400.0,2700.0,700.0,0.0,700.0,6.0,8.0,1.0,4.0,1905.0,1982.0,1.43,40.7355929,-74.0062605,26v2,691,36061007500
1006330010,332 WEST 11 STREET,MN,633,10,10014.0,1007500,75,G1,10.0,332 W 11 HOLDING LLC,5121.0,24840.0,0.0,24840.0,0.0,0.0,0.0,1.0,1.0,5.0,1905.0,0.0,4.85,40.7353843,-74.0076858,26v2,764,36061007500
1006330046,749 GREENWICH STREET,MN,633,46,10014.0,1007500,75,K4,4.0,314 W. 11TH ST. LLC,1170.0,4400.0,1200.0,3200.0,0.0,2400.0,1.0,2.0,1.0,3.0,1890.0,2005.0,3.76,40.7356012,-74.0066791,26v2,704,36061007500
1006320030,131 CHARLES STREET,MN,632,30,10014.0,1007500,75,C0,2.0,"131 CHARLES REALTY OWNER, LLC",1525.0,2362.0,2362.0,0.0,0.0,0.0,3.0,3.0,2.0,3.0,1899.0,0.0,1.55,40.7344236,-74.0076605,26v2,858,36061007500
1006330006,717 WASHINGTON STREET,MN,633,6,10014.0,1007500,75,C6,2.0,WASHINGTON W 11TH ST OWN CP,8180.0,25281.0,22281.0,3000.0,0.0,3000.0,41.0,45.0,6.0,5.0,1900.0,2014.0,3.09,40.7353403,-74.0081116,26v2,787,36061007500
1006330037,703 WASHINGTON STREET,MN,633,37,10014.0,1007500,75,A4,1.0,GREENWICH HEIGHTS CORPORATION,8250.0,27040.0,25099.0,0.0,0.0,0.0,1.0,1.0,1.0,4.0,2020.0,2020.0,3.28,40.7350658,-74.0081801,26v2,816,36061007500
1006370066,702 WASHINGTON STREET,MN,637,66,10014.0,1007500,75,C6,2.0,WVH HOUSING CORPORATION,17242.0,59820.0,59820.0,0.0,0.0,0.0,72.0,72.0,5.0,5.0,1974.0,0.0,3.47,40.7351207,-74.0086564,26v2,832,36061007500
1006330012,330 WEST 11 STREET,MN,633,12,10014.0,1007500,75,C3,2.0,"GUASTELLA, TRUSTEE, JOSEPH",2541.0,4751.0,4751.0,0.0,0.0,0.0,4.0,4.0,2.0,3.0,1900.0,0.0,1.87,40.7354062,-74.0075523,26v2,756,36061007500
1006320017,726 GREENWICH STREET,MN,632,17,10014.0,1007500,75,D4,3.0,GREENWICH TOWERS OWNERS CORP.,18207.0,141001.0,141000.0,1.0,0.0,0.0,157.0,157.0,1.0,10.0,1930.0,1976.0,7.74,40.7346295,-74.0073502,26v2,826,36061007500
1006370041,161 CHARLES STREET,MN,637,41,10014.0,1007500,75,B1,1.0,STALLER JAN,2244.0,4212.0,4212.0,0.0,0.0,0.0,2.0,2.0,3.0,3.5,1901.0,2004.0,1.88,40.7341682,-74.0093672,26v2,953,36061007500
1006330058,551 HUDSON STREET,MN,633,58,10014.0,1007500,75,C7,4.0,"551 HUDSON STREET PROPERTY, LLC",3122.0,15168.0,12768.0,2400.0,0.0,2400.0,20.0,24.0,1.0,6.0,1901.0,0.0,4.86,40.7352526,-74.006311,26v2,728,36061007500
1006340002,723 WASHINGTON STREET,MN,634,2,10014.0,1007500,75,S2,4.0,BENNETT  EDWARD A,3200.0,8000.0,6500.0,1500.0,1500.0,0.0,2.0,3.0,1.0,3.5,1941.0,1989.0,2.5,40.7358591,-74.0080684,26v2,736,36061007500
1006330028,131 PERRY STREET,MN,633,28,10014.0,1007500,75,D0,3.0,131 PERRY ST APARTMENT CORP,4750.0,32000.0,31000.0,1000.0,0.0,1000.0,14.0,14.0,1.0,7.0,1905.0,1980.0,6.74,40.7351098,-74.0076172,26v2,788,36061007500
1006330013,326 WEST 11 STREET,MN,633,13,10014.0,1007500,75,D1,3.0,EMGE-4,4820.0,19260.0,19260.0,0.0,0.0,0.0,31.0,31.0,1.0,4.0,1920.0,1978.0,4.0,40.7354282,-74.0074188,26v2,749,36061007500
1006330053,561 HUDSON STREET,MN,633,53,10014.0,1007500,75,C7,4.0,567 HUDSON LLC,376.0,1580.0,1225.0,355.0,0.0,355.0,9.0,11.0,1.0,4.0,1905.0,0.0,4.2,40.7355545,-74.0061811,26v2,692,36061007500
1006370036,151 CHARLES STREET,MN,637,36,10014.0,1007500,75,C6,2.0,CHARLES STREET TENANTS CORP,9103.0,13156.0,13156.0,0.0,0.0,0.0,12.0,12.0,1.0,2.0,1979.0,0.0,1.45,40.7342121,-74.0090965,26v2,937,36061007500
1006370017,164 PERRY STREET,MN,637,17,10014.0,1007500,75,S1,4.0,"164 PERRY STREET, LLC",1440.0,3662.0,2022.0,1640.0,0.0,1640.0,1.0,2.0,1.0,3.0,1901.0,2008.0,2.54,40.7345031,-74.0091904,26v2,914,36061007500
1006370025,154 PERRY STREET,MN,637,25,10014.0,1007500,75,C6,2.0,WVH HOUSING CORPORATION,7042.0,18510.0,18510.0,0.0,0.0,0.0,12.0,12.0,1.0,5.0,1975.0,0.0,2.63,40.73458,-74.0087105,26v2,885,36061007500
1006320045,731 GREENWICH STREET,MN,632,45,10014.0,1007500,75,C6,2.0,GREENWICH PERRY ST HOUSING CORP,10000.0,23398.0,23398.0,0.0,0.0,0.0,56.0,56.0,10.0,4.0,1911.0,1988.0,2.34,40.7348244,-74.0067404,26v2,785,36061007500
1006320001,685 WASHINGTON STREET,MN,632,1,10014.0,1007500,75,V1,11.0,"WASHINGTON 685,",2217.0,0.0,,,,,0.0,0.0,0.0,,0.0,0.0,0.0,40.7342561,-74.0082666,26v2,898,36061007500
1006320031,133 CHARLES STREET,MN,632,31,10014.0,1007500,75,D5,3.0,135 CHARLES STREET LLC,7355.0,34504.0,34504.0,0.0,0.0,0.0,50.0,50.0,2.0,6.0,1896.0,1986.0,4.69,40.7343989,-74.0078373,26v2,867,36061007500
1006330052,302 WEST 11 STREET,MN,633,52,10014.0,1007500,75,S2,4.0,567 HUDSON LLC,1102.0,2996.0,2007.0,989.0,0.0,989.0,2.0,3.0,2.0,3.0,1910.0,0.0,2.72,40.735678,-74.0061848,26v2,680,36061007500
1006340051,759 GREENWICH STREET,MN,634,51,10014.0,1007500,75,A4,1.0,"ALDO RADOCZY LIVING TRUST U/A/D SEPTEMBE R 14, 2017",1502.0,6109.0,6109.0,0.0,0.0,0.0,1.0,1.0,1.0,6.0,1910.0,1985.0,4.07,40.7359937,-74.0064987,26v2,658,36061007500
1006300030,679 GREENWICH STREET,MN,630,30,10014.0,1007500,75,S4,4.0,679 GREENWICH PROPERTY LLC,1410.0,5952.0,3968.0,1984.0,0.0,1984.0,4.0,5.0,1.0,3.0,1900.0,1987.0,4.22,40.7330293,-74.007267,26v2,987,36061007500
1006300039,687 GREENWICH STREET,MN,630,39,10014.0,1007500,75,A9,1.0,"URBAN, CHRISTINE",720.0,2440.0,1820.0,0.0,0.0,0.0,1.0,1.0,1.0,3.0,1989.0,0.0,3.39,40.7334218,-74.007231,26v2,946,36061007500
1006300012,272 WEST 10TH STREET,MN,630,12,10014.0,1007500,75,W3,8.0,VILLAGE COMMUNITY SCHOOL,14581.0,66813.0,0.0,66813.0,0.0,0.0,0.0,3.0,1.0,5.0,1920.0,0.0,4.58,40.7333229,-74.0079418,26v2,979,36061007500
1006300139,687 GREENWICH STREET,MN,630,139,10014.0,1007500,75,A9,1.0,ANNE M. CAPENER AS TRUSTEE,811.0,2794.0,2085.0,0.0,0.0,0.0,1.0,1.0,1.0,3.0,1989.0,0.0,3.45,40.7334273,-74.0071516,26v2,943,36061007500
1007720006,277 WEST 22 STREET,MN,772,6,10011.0,1009100,91,S5,4.0,27577 WEST 22ND LLC,2074.0,5590.0,3790.0,1800.0,0.0,1800.0,5.0,6.0,1.0,4.0,1901.0,1961.0,2.7,40.7446261,-73.9983832,26v2,545,36061009100
1007720036,217 WEST 22 STREET,MN,772,36,10011.0,1009100,91,B3,1.0,PINK SPARKLE LLC,1267.0,2448.0,2448.0,0.0,0.0,0.0,2.0,2.0,1.0,3.0,1901.0,0.0,1.93,40.7438465,-73.9966185,26v2,620,36061009100
1007720007,275 WEST 22 STREET,MN,772,7,10011.0,1009100,91,S5,4.0,27577 WEST 22ND LLC,2074.0,5394.0,3594.0,1800.0,0.0,1800.0,5.0,6.0,1.0,5.0,1901.0,0.0,2.6,40.7445986,-73.9983183,26v2,547,36061009100
1007720085,246 8 AVENUE,MN,772,85,10011.0,1009100,91,K4,4.0,SOCIETY OF KASTORIANS,2798.0,8071.0,0.0,8071.0,3500.0,4571.0,0.0,3.0,1.0,3.0,1920.0,0.0,2.88,40.7448676,-73.9984482,26v2,559,36061009100
1007720002,238 8 AVENUE,MN,772,2,10011.0,1009100,91,S4,4.0,J.B.E. CORPORATION,1337.0,3350.0,2050.0,1300.0,0.0,1300.0,4.0,5.0,1.0,4.0,1901.0,1987.0,2.51,40.7446618,-73.998607,26v2,534,36061009100
1007720080,266 WEST 23 STREET,MN,772,80,10011.0,1009100,91,S9,4.0,"266 WEST 23RD STREET, LLC",1863.0,7546.0,4528.0,3018.0,1509.0,1509.0,3.0,5.0,1.0,5.0,1920.0,1986.0,4.05,40.7449225,-73.9982605,26v2,575,36061009100
1007720003,240 8 AVENUE,MN,772,3,10011.0,1009100,91,S5,4.0,JBE CORPORATION,1343.0,4883.0,3283.0,1600.0,0.0,1600.0,6.0,7.0,1.0,4.0,1901.0,1988.0,3.64,40.7447084,-73.9985745,26v2,539,36061009100
1007720001,236 8 AVENUE,MN,772,1,10011.0,1009100,91,S5,4.0,BACK STREET BUILDINGS LLC,2852.0,6364.0,5364.0,1000.0,0.0,1000.0,5.0,6.0,1.0,4.0,1901.0,1984.0,2.23,40.7447112,-73.9984049,26v2,550,36061009100
1007720004,242 8 AVENUE,MN,772,4,10011.0,1009100,91,S5,4.0,242 A&A REALTY LLC,1343.0,4189.0,2851.0,1338.0,0.0,1338.0,6.0,7.0,1.0,4.0,1910.0,2000.0,3.12,40.7447578,-73.9985384,26v2,545,36061009100
1007980010,163 WEST 22 STREET,MN,798,10,10011.0,1009100,91,S3,4.0,"CARTIS, LLC",1949.0,6544.0,4281.0,2263.0,0.0,1740.0,3.0,4.0,1.0,4.0,1920.0,2008.0,3.36,40.7433881,-73.9954998,26v2,687,36061009100
1007990021,137 WEST 23 STREET,MN,799,21,10011.0,1009100,91,N9,8.0,ASSOCIATED BLIND ETAL,21231.0,159606.0,148501.0,11105.0,0.0,0.0,210.0,210.0,1.0,12.0,1973.0,2012.0,7.52,40.7437778,-73.9941573,26v2,809,36061009100
1007720056,208 WEST 23 STREET,MN,772,56,10011.0,1009100,91,D6,4.0,"J.S.B. PROPERTIES,",11875.0,152342.0,142342.0,10000.0,0.0,10000.0,262.0,266.0,1.0,18.0,1927.0,1979.0,12.83,40.7441045,-73.9964706,26v2,644,36061009100
1007990009,163 WEST 23 STREET,MN,799,9,10011.0,1009100,91,O5,5.0,CHELSEA 23RD BUILDING LLC,3150.0,17000.0,0.0,17000.0,14000.0,3000.0,0.0,6.0,1.0,6.0,1931.0,2019.0,5.4,40.7441017,-73.9948791,26v2,765,36061009100
1007990024,131 WEST 23 STREET,MN,799,24,10011.0,1009100,91,H3,5.0,"127 WEST 23RD OWNER, LLC",17968.0,32347.0,0.0,21783.0,0.0,600.0,0.0,2.0,4.0,5.0,1925.0,2018.0,1.8,40.7436735,-73.9935727,26v2,852,36061009100
1007980061,132 WEST 23 STREET,MN,798,61,10011.0,1009100,91,S3,4.0,GRENDEL CO,1852.0,5346.0,3686.0,1660.0,0.0,1660.0,3.0,4.0,1.0,4.0,1910.0,0.0,2.89,40.7431767,-73.9941898,26v2,786,36061009100
1007980017,147 WEST 22 STREET,MN,798,17,10011.0,1009100,91,D0,3.0,147 WEST 22ND STREET CORP.,4444.0,45451.0,45451.0,0.0,0.0,0.0,16.0,16.0,1.0,10.0,1909.0,1987.0,10.23,40.7431795,-73.9949621,26v2,724,36061009100
1007720030,229 WEST 22 STREET,MN,772,30,10011.0,1009100,91,C1,2.0,CHELSEA HOTEL OWNER LLC,1588.0,3600.0,3600.0,0.0,0.0,0.0,8.0,8.0,1.0,4.0,1910.0,0.0,2.27,40.7439975,-73.9969,26v2,607,36061009100
1007720035,219 WEST 22 STREET,MN,772,35,10011.0,1009100,91,C6,2.0,219 W 22ND REALTY CORP,1267.0,2448.0,2448.0,0.0,0.0,0.0,2.0,2.0,1.0,3.0,1901.0,0.0,1.93,40.7438685,-73.9966691,26v2,617,36061009100
1007980011,161 WEST 22 STREET,MN,798,11,10011.0,1009100,91,O9,5.0,LONE OAK-OAK BEACH CORP.,2148.0,6959.0,1200.0,5759.0,4559.0,1200.0,1.0,4.0,1.0,4.0,1920.0,0.0,3.24,40.7433689,-73.995424,26v2,693,36061009100
1007720039,211 WEST 22 STREET,MN,772,39,10011.0,1009100,91,C0,2.0,CHATEAU 22 LLC,847.0,2100.0,2100.0,0.0,0.0,0.0,3.0,3.0,1.0,4.0,1901.0,1967.0,2.48,40.7437505,-73.9964886,26v2,625,36061009100
1007990011,159 WEST 23 STREET,MN,799,11,10011.0,1009100,91,K4,4.0,159 WEST 23RD LLC,2452.0,9776.0,4872.0,4904.0,0.0,4904.0,6.0,7.0,1.0,5.0,1920.0,1986.0,3.99,40.7440166,-73.9947275,26v2,773,36061009100
1007990008,165 WEST 23 STREET,MN,799,8,10011.0,1009100,91,K4,4.0,165 WEST 23 LLC,2475.0,8459.0,4000.0,4459.0,0.0,4459.0,4.0,5.0,1.0,5.0,1901.0,2003.0,3.42,40.7441319,-73.9949584,26v2,760,36061009100
1007990063,140 WEST 24 STREET,MN,799,63,10011.0,1009100,91,H2,5.0,NY 24TH STREET VI LLC,7406.0,172767.0,,,,,0.0,1.0,1.0,45.0,2019.0,0.0,23.33,40.7441621,-73.9943125,26v2,812,36061009100
1007980062,134 WEST 23 STREET,MN,798,62,10011.0,1009100,91,S3,4.0,GRENDEL CO,1852.0,5346.0,3496.0,1850.0,0.0,1850.0,3.0,4.0,1.0,4.0,1910.0,0.0,2.89,40.7432014,-73.9942476,26v2,782,36061009100
1007990028,119 WEST 23 STREET,MN,799,28,10011.0,1009100,91,O6,5.0,"KATZ, PAULA",9875.0,98800.0,0.0,98800.0,88800.0,10000.0,0.0,52.0,1.0,10.0,1901.0,1989.0,10.01,40.7435911,-73.9933345,26v2,868,36061009100
1007720029,231 WEST 22 STREET,MN,772,29,10011.0,1009100,91,A4,1.0,"JAVA, STEPHANIE THERESA",1588.0,5653.0,5653.0,0.0,0.0,0.0,1.0,1.0,1.0,5.0,1900.0,2013.0,3.56,40.7440195,-73.9969505,26v2,604,36061009100
1007990010,161 WEST 23 STREET,MN,799,10,10011.0,1009100,91,O9,5.0,NEW MEN ASSOCIATES LLC,2452.0,7600.0,1750.0,5850.0,3500.0,2350.0,1.0,4.0,1.0,4.0,1925.0,1989.0,3.1,40.7440496,-73.9948105,26v2,768,36061009100
1007720052,206 WEST 23 STREET,MN,772,52,10011.0,1009100,91,K4,4.0,DYNASTY 23RD ST RLTYINC,2469.0,7141.0,0.0,7141.0,3375.0,3766.0,0.0,5.0,1.0,5.0,1920.0,0.0,2.89,40.7440469,-73.996254,26v2,658,36061009100
1007720045,214 7 AVENUE,MN,772,45,10011.0,1009100,91,D7,4.0,216 REALTY ASSOCIATES,4937.0,22974.0,20974.0,2000.0,0.0,2000.0,40.0,44.0,2.0,6.0,1890.0,0.0,4.65,40.7438136,-73.9962649,26v2,645,36061009100
1007720042,205 WEST 22 STREET,MN,772,42,10011.0,1009100,91,C0,2.0,205-207 WEST 22ND COMPANY LLC,822.0,2776.0,2468.0,0.0,0.0,0.0,3.0,3.0,1.0,4.0,1901.0,0.0,3.38,40.7436818,-73.9963262,26v2,635,36061009100
1007980001,209 7 AVENUE,MN,798,1,10011.0,1009100,91,S5,4.0,209 7TH AVE LLC,936.0,3756.0,2822.0,934.0,0.0,934.0,5.0,6.0,1.0,4.0,1901.0,0.0,4.01,40.7434019,-73.9958246,26v2,662,36061009100
1007980002,211 7 AVENUE,MN,798,2,10011.0,1009100,91,S3,4.0,211 SEVENTH AVENUE LLC,989.0,2764.0,2068.0,696.0,0.0,696.0,3.0,4.0,1.0,4.0,1901.0,0.0,2.79,40.743443,-73.9957921,26v2,666,36061009100
1007980003,213 7 AVENUE,MN,798,3,10011.0,1009100,91,S9,4.0,"EAST HOUSTON SEVENTH, LLC",1040.0,3625.0,2900.0,725.0,0.0,725.0,6.0,8.0,1.0,6.0,1950.0,2009.0,3.49,40.7434869,-73.9957597,26v2,671,36061009100
1007980071,148 WEST 23 STREET,MN,798,71,10011.0,1009100,91,D4,3.0,148 W 23 ST OWNERS INC,10097.0,127000.0,127000.0,0.0,0.0,0.0,107.0,107.0,1.0,12.0,1910.0,1980.0,12.58,40.7434622,-73.9948719,26v2,740,36061009100
1007720047,204 WEST 23 STREET,MN,772,47,10011.0,1009100,91,H3,5.0,202-4 WEST 23 ST CORP,7406.0,49875.0,0.0,7000.0,7000.0,0.0,0.0,4.0,1.0,6.0,1920.0,2015.0,6.73,40.7439783,-73.9960952,26v2,666,36061009100
1007980014,151 WEST 22 STREET,MN,798,14,10011.0,1009100,91,N9,8.0,ST.FRANCIS FRI/POOR/INC.,6666.0,29364.0,0.0,29364.0,0.0,0.0,0.0,119.0,2.0,5.0,1931.0,1985.0,4.41,40.7432536,-73.9951426,26v2,711,36061009100
1007720037,215 WEST 22 STREET,MN,772,37,10011.0,1009100,91,B3,1.0,B & B LONG LLC,1260.0,2448.0,2448.0,0.0,0.0,0.0,2.0,2.0,1.0,4.0,1901.0,0.0,1.94,40.7438246,-73.9965644,26v2,623,36061009100
1007720018,235 WEST 22 STREET,MN,772,18,10011.0,1009100,91,D1,3.0,235 WEST 22ND STREET,19918.0,116586.0,89866.0,26720.0,0.0,0.0,150.0,150.0,1.0,6.0,1974.0,0.0,5.85,40.7441649,-73.9972934,26v2,588,36061009100
1007990067,148 WEST 24 STREET,MN,799,67,10011.0,1009100,91,O6,5.0,148 W24 TENANT CORP,4937.0,55923.0,0.0,55923.0,48928.0,4813.0,0.0,15.0,1.0,12.0,1910.0,0.0,11.33,40.7442444,-73.9945109,26v2,800,36061009100
1007990057,130 WEST 24 STREET,MN,799,57,10011.0,1009100,91,D0,3.0,ALLOFUS TENANTS INC,7455.0,33514.0,26714.0,6800.0,0.0,6800.0,10.0,13.0,1.0,5.0,1898.0,1977.0,4.5,40.7439974,-73.9939191,26v2,836,36061009100
1007990060,136 WEST 24 STREET,MN,799,60,10011.0,1009100,91,D0,3.0,136 LOFT CORP,4839.0,22169.0,18169.0,4000.0,0.0,0.0,7.0,8.0,1.0,5.0,1898.0,0.0,4.58,40.744077,-73.994114,26v2,824,36061009100
1007720041,207 WEST 22 STREET,MN,772,41,10011.0,1009100,91,C0,2.0,"TRISTRAM, EDWARD W.",822.0,2368.0,2368.0,0.0,0.0,0.0,3.0,3.0,1.0,4.0,1901.0,0.0,2.88,40.7437038,-73.9963767,26v2,632,36061009100
1007720032,225 WEST 22 STREET,MN,772,32,10011.0,1009100,91,A4,1.0,MARY L ROONEY,1504.0,4864.0,3879.0,0.0,0.0,0.0,1.0,1.0,1.0,4.0,1901.0,0.0,3.23,40.7439536,-73.9968062,26v2,612,36061009100
1007990012,155 WEST 23 STREET,MN,799,12,10011.0,1009100,91,O6,5.0,"155 WEST 23RD STREET PROPERTIES, LLC",5925.0,68940.0,0.0,68940.0,64386.0,4554.0,0.0,6.0,1.0,12.0,1910.0,1911.0,11.64,40.743959,-73.994594,26v2,781,36061009100
1008010028,117 WEST 25 STREET,MN,801,28,10001.0,1009100,91,K2,5.0,JJHA MORAK AND ASSOCIATES 25 LLC,2469.0,4500.0,0.0,4500.0,0.0,4500.0,0.0,2.0,1.0,2.0,1906.0,1989.0,1.82,40.7447219,-73.9925657,26v2,971,36061009100
1008010030,107 WEST 25 STREET,MN,801,30,10001.0,1009100,91,D0,3.0,107 WEST 25TH STREET CORP C/O CORNERSTON E MGMT SYSTEMS INC,7900.0,41042.0,34042.0,7000.0,0.0,7000.0,24.0,27.0,1.0,6.0,1905.0,1980.0,5.2,40.7446258,-73.9923348,26v2,985,36061009100
1008010036,755 AVENUE OF THE AMERICAS,MN,801,36,10010.0,1009100,91,S9,4.0,PRIME INVESTORS GROUP,1185.0,4740.0,2370.0,2370.0,0.0,2370.0,2.0,6.0,1.0,4.0,1920.0,2019.0,4.0,40.7443788,-73.9920533,26v2,998,36061009100
1008010029,115 WEST 25 STREET,MN,801,29,10001.0,1009100,91,K4,4.0,JJHA MORAK AND ASSOCIATES 25 LLC,1975.0,5580.0,0.0,5580.0,1815.0,1975.0,0.0,4.0,1.0,4.0,1906.0,0.0,2.83,40.7446917,-73.9924935,26v2,976,36061009100
1008000074,164 WEST 25 STREET,MN,800,74,10001.0,1009100,91,O6,5.0,NELCO SEWING MACHINE SA,3835.0,44748.0,0.0,44748.0,41448.0,3300.0,0.0,19.0,1.0,12.0,1918.0,0.0,11.67,40.7449992,-73.9943774,26v2,847,36061009100
1007730012,255 WEST 23 STREET,MN,773,12,10011.0,1009100,91,D4,3.0,CHELSEA GARDENS OWNERS CORP.,39500.0,159090.0,149090.0,10000.0,0.0,10000.0,151.0,159.0,4.0,6.0,1940.0,1985.0,4.03,40.7452217,-73.9972031,26v2,664,36061009100
1007750022,219 WEST 25 STREET,MN,775,22,10001.0,1009100,91,D4,3.0,225 25 HOUSING CORP,12442.0,62586.0,62586.0,0.0,0.0,0.0,68.0,68.0,1.0,6.0,1939.0,0.0,5.03,40.7460258,-73.9956548,26v2,821,36061009100
1007750044,200 WEST 26 STREET,MN,775,44,10001.0,1009100,91,D8,3.0,200-220 WEST 26 LLC,12994.0,264000.0,231595.0,32405.0,0.0,32405.0,231.0,234.0,1.0,17.0,2000.0,0.0,20.32,40.7458474,-73.9948176,26v2,865,36061009100
1007740013,245 WEST 24 STREET,MN,774,13,10011.0,1009100,91,C6,2.0,W G K APARTMENT CORP,1760.0,3340.0,3340.0,0.0,0.0,0.0,4.0,4.0,1.0,4.0,1920.0,1978.0,1.9,40.7457377,-73.9969252,26v2,719,36061009100
1007730079,260 WEST 24 STREET,MN,773,79,10011.0,1009100,91,A4,1.0,ROTHMAN CHERI C,1646.0,3335.0,3335.0,0.0,0.0,0.0,1.0,1.0,1.0,3.0,1920.0,1986.0,2.03,40.7455071,-73.9975098,26v2,666,36061009100
1008010008,159 WEST 25 STREET,MN,801,8,10001.0,1009100,91,O6,5.0,159 WEST 25TH STREET,7369.0,86027.0,0.0,86027.0,80027.0,6000.0,0.0,11.0,1.0,12.0,1911.0,0.0,11.67,40.7452984,-73.993937,26v2,895,36061009100
1007750060,236 WEST 26 STREET,MN,775,60,10001.0,1009100,91,D0,3.0,"SHTROMBERG, ANNA",8359.0,86280.0,40000.0,46280.0,38780.0,7500.0,25.0,43.0,1.0,12.0,1925.0,0.0,10.32,40.7464842,-73.995994,26v2,833,36061009100
1007740072,260 WEST 25 STREET,MN,774,72,10001.0,1009100,91,C3,2.0,JOSEPH DIMATTIO AND TAMARA DIMATTIO AS T RUSTEES,1643.0,3180.0,3180.0,0.0,0.0,0.0,4.0,4.0,1.0,4.0,1910.0,0.0,1.94,40.7459847,-73.9967592,26v2,748,36061009100
1007750064,250 WEST 26 STREET,MN,775,64,10001.0,1009100,91,O2,5.0,"HAG REALTY,",8330.0,30928.0,0.0,30928.0,30928.0,0.0,0.0,13.0,1.0,4.0,1920.0,1986.0,3.71,40.7465968,-73.9962647,26v2,825,36061009100
1007740015,241 WEST 24 STREET,MN,774,15,10011.0,1009100,91,C1,2.0,241 WEST 24TH STREETASSOCIATES,1760.0,3420.0,3420.0,0.0,0.0,0.0,8.0,8.0,1.0,3.0,1920.0,1978.0,1.94,40.7456855,-73.9968025,26v2,723,36061009100
1008000078,259 7 AVENUE,MN,800,78,10001.0,1009100,91,K9,5.0,VICTOR MANHATTAN LLC,1290.0,3870.0,0.0,3870.0,0.0,1290.0,0.0,3.0,1.0,4.0,1920.0,0.0,3.0,40.7451228,-73.994583,26v2,838,36061009100
1008010001,275 7 AVENUE,MN,801,1,10001.0,1009100,91,O4,5.0,275 SEVENTH AVENUE BUILDING LLC,22732.0,548680.0,0.0,548680.0,533680.0,15000.0,0.0,50.0,1.0,27.0,1928.0,1985.0,24.14,40.7455454,-73.9941608,26v2,893,36061009100
1008010011,151 WEST 25 STREET,MN,801,11,10001.0,1009100,91,O6,5.0,"ROYAL EQUITIES OPERATING, LLC",5863.0,70804.0,0.0,70804.0,65304.0,5500.0,6.0,19.0,1.0,12.0,1909.0,1988.0,12.08,40.7452106,-73.9937277,26v2,906,36061009100
1007740055,226 WEST 25 STREET,MN,774,55,10001.0,1009100,91,C4,2.0,226-228 W. 25 REALTY LLC,2938.0,11055.0,11055.0,0.0,0.0,0.0,18.0,18.0,1.0,5.0,1925.0,1987.0,3.76,40.7455922,-73.9958534,26v2,778,36061009100
1007740085,290 8 AVENUE,MN,774,85,10001.0,1009100,91,S1,4.0,290 8TH AVE. LLC,2467.0,4686.0,2671.0,2015.0,0.0,2015.0,1.0,2.0,1.0,3.0,1910.0,0.0,1.9,40.7462263,-73.9974016,26v2,729,36061009100
1008000071,160 WEST 25 STREET,MN,800,71,10001.0,1009100,91,H3,5.0,CHELSEA GRAND WEST LLC,5431.0,55916.0,,,,,0.0,1.0,1.0,21.0,2001.0,0.0,10.3,40.7449334,-73.9942294,26v2,854,36061009100
1007750058,226 WEST 26 STREET,MN,775,58,10001.0,1009100,91,O6,5.0,"226 WEST 26TH STREET,    .",11113.0,103873.0,0.0,103873.0,76173.0,7000.0,0.0,12.0,2.0,10.0,1928.0,1983.0,9.35,40.7463552,-73.9956873,26v2,843,36061009100
1007740012,247 WEST 24 STREET,MN,774,12,10011.0,1009100,91,W9,8.0,"CHABAD YOUNG PROFESSIONALS, INC.",1760.0,3820.0,1450.0,2370.0,0.0,0.0,1.0,2.0,1.0,3.0,1880.0,2003.0,2.17,40.7457651,-73.9969902,26v2,717,36061009100
1007730056,220 WEST 24 STREET,MN,773,56,10011.0,1009100,91,D1,3.0,5537 - 225 WEST 23RD AND 220 WEST 24TH S TREET,12961.0,57207.0,57207.0,0.0,0.0,0.0,118.0,118.0,1.0,6.0,1930.0,0.0,4.41,40.7449883,-73.996272,26v2,710,36061009100
1007750009,245 WEST 25 STREET,MN,775,9,10001.0,1009100,91,D1,3.0,245 OWNER LLC,14815.0,39698.0,39698.0,0.0,0.0,0.0,67.0,67.0,1.0,6.0,1938.0,2015.0,2.68,40.7463443,-73.9964127,26v2,797,36061009100
1007740014,243 WEST 24 STREET,MN,774,14,10011.0,1009100,91,M1,8.0,SIVANANDA YOGA VEDANTA CENTER INC,1760.0,4000.0,0.0,4000.0,4000.0,0.0,0.0,2.0,1.0,4.0,1920.0,0.0,2.27,40.7457102,-73.9968602,26v2,721,36061009100
1007730008,271 WEST 23 STREET,MN,773,8,10011.0,1009100,91,K2,5.0,"STANDARD RLTY ASSOC,INC.",1852.0,3375.0,0.0,3375.0,0.0,3375.0,0.0,1.0,1.0,2.0,2001.0,0.0,1.82,40.7453177,-73.9978166,26v2,632,36061009100
1007740008,253 WEST 24 STREET,MN,774,8,10011.0,1009100,91,N2,8.0,"253 WEST 24TH STREET, LLC",9271.0,59250.0,0.0,59250.0,0.0,0.0,0.0,1.0,1.0,6.0,1920.0,1987.0,6.39,40.745853,-73.9971814,26v2,712,36061009100
1007740056,228 WEST 25 STREET,MN,774,56,10001.0,1009100,91,C4,2.0,226-228 W. 25 REALTY LLC,2938.0,12222.0,12222.0,0.0,0.0,0.0,22.0,22.0,1.0,5.0,1925.0,1987.0,4.16,40.7456251,-73.9959327,26v2,775,36061009100
1007740083,294 8 AVENUE,MN,774,83,10001.0,1009100,91,O5,5.0,294 EIGHTH AVE RLTYCP,1694.0,6000.0,0.0,6000.0,3388.0,2612.0,0.0,1.0,1.0,3.0,1910.0,1969.0,3.54,40.7463717,-73.9973727,26v2,743,36061009100
1007740081,280 WEST 25 STREET,MN,774,81,10001.0,1009100,91,A4,1.0,"FADLUN, ELISA",937.0,2607.0,2607.0,0.0,0.0,0.0,1.0,1.0,1.0,4.0,1900.0,2008.0,2.78,40.7462894,-73.9972644,26v2,742,36061009100
1007740069,254 WEST 25 STREET,MN,774,69,10001.0,1009100,91,D4,3.0,W 25TH ST OWNERS INC,4928.0,20456.0,20456.0,0.0,0.0,0.0,25.0,25.0,1.0,6.0,1925.0,1988.0,4.15,40.7459463,-73.9966653,26v2,751,36061009100
1008010065,142 WEST 26 STREET,MN,801,65,10001.0,1009100,91,D0,3.0,142 W 26TH OWNERS CORP,4366.0,52543.0,49543.0,3000.0,0.0,3000.0,13.0,18.0,1.0,12.0,1911.0,1980.0,12.03,40.7453423,-73.9932838,26v2,946,36061009100
1007740074,264 WEST 25 STREET,MN,774,74,10001.0,1009100,91,C4,2.0,264-266 W 25 STREET LLC,3019.0,11660.0,11660.0,0.0,0.0,0.0,17.0,17.0,1.0,5.0,1925.0,0.0,3.86,40.7460341,-73.9968747,26v2,745,36061009100
1008010071,152 WEST 26 STREET,MN,801,71,10001.0,1009100,91,H1,5.0,"FASHION 26TH STREET, LLC",9826.0,122236.0,0.0,5000.0,0.0,5000.0,0.0,1.0,1.0,21.0,2010.0,0.0,12.44,40.7455289,-73.9937277,26v2,923,36061009100
1007750017,231 WEST 25 STREET,MN,775,17,10001.0,1009100,91,D1,3.0,"CHELSEA 25,",9973.0,50029.0,50029.0,0.0,0.0,0.0,69.0,69.0,1.0,7.0,1961.0,1985.0,5.02,40.7461768,-73.9960121,26v2,809,36061009100
1007730064,230 WEST 24 STREET,MN,773,64,10011.0,1009100,91,C1,2.0,24TH STREET HOLDING,2634.0,10350.0,10350.0,0.0,0.0,0.0,17.0,17.0,1.0,5.0,1901.0,1975.0,3.93,40.7451283,-73.9966112,26v2,696,36061009100
1008010014,147 WEST 25 STREET,MN,801,14,10001.0,1009100,91,O6,5.0,147 WEST 25TH STREET LLC,3341.0,41579.0,0.0,41579.0,38114.0,3465.0,0.0,13.0,1.0,12.0,1911.0,1989.0,12.45,40.7451474,-73.9935798,26v2,914,36061009100
1008000079,257 7 AVENUE,MN,800,79,10001.0,1009100,91,K4,4.0,GUISAR REALTY CORP.,1260.0,3780.0,1660.0,2120.0,0.0,2120.0,2.0,4.0,1.0,4.0,1920.0,1989.0,3.0,40.7450679,-73.9946228,26v2,833,36061009100
1007730066,232 WEST 24 STREET,MN,773,66,10011.0,1009100,91,C1,2.0,24TH STREET HOLDING,2634.0,10350.0,10350.0,0.0,0.0,0.0,17.0,17.0,1.0,5.0,1920.0,1975.0,3.93,40.745164,-73.9966906,26v2,693,36061009100
1007730081,262 WEST 24 STREET,MN,773,81,10011.0,1009100,91,C4,2.0,DUNDALK MNGMNT INCORP,4115.0,18762.0,18762.0,0.0,0.0,0.0,25.0,25.0,1.0,6.0,1925.0,1984.0,4.56,40.7455483,-73.9976037,26v2,663,36061009100
1007740001,280 8 AVENUE,MN,774,1,10001.0,1009100,91,D3,3.0,"RA 280 DEVELOPMENT, LLC",8986.0,88052.0,76458.0,11594.0,0.0,11132.0,104.0,106.0,1.0,12.0,1963.0,0.0,9.8,40.7459765,-73.9975423,26v2,701,36061009100
1007740076,270 WEST 25 STREET,MN,774,76,10001.0,1009100,91,D3,3.0,"270 W. 25TH STREET, LLC",4938.0,13400.0,13400.0,0.0,0.0,0.0,20.0,20.0,1.0,4.0,1930.0,1987.0,2.71,40.7461357,-73.9970731,26v2,741,36061009100
1007740079,276 WEST 25 STREET,MN,774,79,10001.0,1009100,91,K4,4.0,"CATS 280 EIGHTH AVENUE, LLC",2380.0,4666.0,0.0,4666.0,2306.0,2360.0,0.0,2.0,1.0,2.0,1910.0,1989.0,1.96,40.7461576,-73.9971995,26v2,735,36061009100
1007730063,228 WEST 24 STREET,MN,773,63,10011.0,1009100,91,C4,2.0,24TH STREET HOLDING,2634.0,10350.0,10350.0,0.0,0.0,0.0,17.0,17.0,1.0,5.0,1901.0,1975.0,3.93,40.7450926,-73.9965246,26v2,700,36061009100
1007740004,286 8 AVENUE,MN,774,4,10001.0,1009100,91,K4,4.0,CARLAMY REALTY LLC,2467.0,7775.0,0.0,7775.0,0.0,2418.0,0.0,4.0,1.0,4.0,1920.0,1989.0,3.15,40.7461082,-73.9974882,26v2,715,36061009100
1007740080,278 WEST 25 STREET,MN,774,80,10001.0,1009100,91,B9,1.0,"DIAZ, JASON C",937.0,2052.0,1881.0,0.0,0.0,0.0,2.0,2.0,1.0,3.0,1900.0,1980.0,2.19,40.7462647,-73.9972031,26v2,744,36061009100
1007750001,300 8 AVENUE,MN,775,1,10001.0,1009100,91,K9,5.0,CONCORD MANAGEMENT 211 W 21ST LLC,2345.0,7035.0,2345.0,4690.0,2345.0,2345.0,0.0,3.0,1.0,3.0,1920.0,1989.0,3.0,40.7465501,-73.9971778,26v2,769,36061009100
1007750002,302 8 AVENUE,MN,775,2,10001.0,1009100,91,S5,4.0,302 EIGHTH AVENUE LLC,2344.0,5652.0,3777.0,1875.0,0.0,1875.0,5.0,6.0,1.0,4.0,1910.0,1983.0,2.41,40.7466133,-73.9971309,26v2,777,36061009100
1007750046,220 WEST 26 STREET,MN,775,46,10001.0,1009100,91,D6,4.0,200-220 WEST 26 LLC,17700.0,136477.0,106511.0,29966.0,1336.0,11630.0,125.0,129.0,1.0,11.0,2000.0,0.0,7.71,40.7461658,-73.9952326,26v2,859,36061009100
1008000076,168 WEST 25 STREET,MN,800,76,10001.0,1009100,91,S3,4.0,W J YOUNG CORP,1297.0,5226.0,4026.0,1200.0,0.0,1200.0,3.0,4.0,1.0,4.0,1913.0,0.0,4.03,40.7450734,-73.9944495,26v2,846,36061009100
1008000077,261 7 AVENUE,MN,800,77,10001.0,1009100,91,C7,4.0,168-170 WEST 25 STREET LLC,1510.0,6010.0,4810.0,1200.0,0.0,1200.0,9.0,11.0,1.0,4.0,1920.0,1989.0,3.98,40.7451831,-73.9945397,26v2,845,36061009100
1007740084,292 8 AVENUE,MN,774,84,10001.0,1009100,91,S3,4.0,RALRO RLTY CORP,1369.0,4681.0,3317.0,1364.0,0.0,1364.0,3.0,4.0,1.0,4.0,1910.0,0.0,3.42,40.7463086,-73.9974196,26v2,735,36061009100
1008010060,132 WEST 26 STREET,MN,801,60,10001.0,1009100,91,D7,4.0,132W26 OWNER LLC,1852.0,18093.0,14678.0,3415.0,0.0,3415.0,10.0,11.0,1.0,12.0,2015.0,0.0,9.77,40.745194,-73.9929302,26v2,965,36061009100
1008000033,109 WEST 24 STREET,MN,800,33,10011.0,1009100,91,K4,4.0,"OAC ADELPHI, LLC",5712.0,42670.0,7403.0,13060.0,0.0,5729.0,2.0,14.0,1.0,7.0,1902.0,0.0,7.47,40.7440001,-73.9927246,26v2,931,36061009100
1008000059,134 WEST 25 STREET,MN,800,59,10001.0,1009100,91,O6,5.0,WEST 25TH STREET LLC,4061.0,26905.0,0.0,26905.0,24905.0,2000.0,0.0,7.0,1.0,7.0,1920.0,0.0,6.63,40.7446177,-73.9934138,26v2,901,36061009100
1007990030,115 WEST 23 STREET,MN,799,30,10011.0,1009100,91,C7,4.0,THE PIANO BUILDING L,4938.0,27122.0,22122.0,5000.0,0.0,5000.0,18.0,21.0,1.0,6.0,1920.0,1989.0,5.49,40.7434017,-73.993266,26v2,868,36061009100
1007990041,727 AVENUE OF THE AMERICAS,MN,799,41,10010.0,1009100,91,O7,5.0,"727 SIXTH AVE, LLC",1636.0,5752.0,825.0,4927.0,4927.0,0.0,1.0,2.0,1.0,4.0,1894.0,1989.0,3.52,40.743517,-73.9926958,26v2,918,36061009100
1008010051,114 WEST 26 STREET,MN,801,51,10001.0,1009100,91,O6,5.0,JAL COLIN PROPERTIES,8465.0,97005.0,0.0,97005.0,93005.0,4000.0,0.0,9.0,1.0,12.0,1911.0,1988.0,11.46,40.7449662,-73.9923925,26v2,996,36061009100
1008000050,113 WEST 24 STREET,MN,800,50,10011.0,1009100,91,H2,5.0,MOCHA 24TH LLC,7112.0,154812.0,,,,,0.0,1.0,1.0,42.0,2019.0,0.0,21.77,40.7440605,-73.9929411,26v2,916,36061009100
1008010024,119 WEST 25 STREET,MN,801,24,10001.0,1009100,91,O6,5.0,"AFIAA 125 WEST 25TH STREET, LLC",9875.0,128947.0,0.0,128947.0,122821.0,6126.0,0.0,13.0,1.0,12.0,1906.0,1989.0,13.06,40.7448043,-73.9927606,26v2,960,36061009100
1008000025,119 WEST 24 STREET,MN,800,25,10011.0,1009100,91,O3,5.0,"119 WEST 24TH STREET PROPERTIES, LLC",10717.0,130876.0,0.0,130876.0,130876.0,0.0,0.0,1.0,1.0,12.0,1913.0,2015.0,12.21,40.7441922,-73.9932009,26v2,900,36061009100
1007990042,729 AVENUE OF THE AMERICAS,MN,799,42,10010.0,1009100,91,K9,5.0,729 SIXTH AVENUE OWNER LLC,1636.0,6444.0,1650.0,4794.0,0.0,1600.0,0.0,4.0,1.0,4.0,1920.0,1987.0,3.94,40.7435801,-73.9926489,26v2,923,36061009100
1008000053,120 WEST 25 STREET,MN,800,53,10001.0,1009100,91,C7,4.0,120-22 W 25 STREET LLC,4100.0,16920.0,14750.0,2170.0,0.0,2170.0,8.0,10.0,2.0,6.0,1900.0,0.0,4.13,40.7444173,-73.9929411,26v2,929,36061009100
1008010055,122 WEST 26 STREET,MN,801,55,10001.0,1009100,91,O6,5.0,DEZER PROPERTIES 122,6701.0,75888.0,0.0,75888.0,69564.0,6324.0,0.0,19.0,1.0,12.0,1913.0,0.0,11.32,40.7450678,-73.9926343,26v2,982,36061009100
1008000055,124 WEST 25 STREET,MN,800,55,10001.0,1009100,91,C4,2.0,124-26 W 25 STREET LLC,2469.0,10160.0,9160.0,1000.0,0.0,1000.0,9.0,11.0,1.0,5.0,1901.0,1978.0,4.12,40.7444447,-73.993071,26v2,920,36061009100
1008010019,133 WEST 25 STREET,MN,801,19,10001.0,1009100,91,O6,5.0,133 W ORCHARD LLC,4937.0,45449.0,0.0,45449.0,40499.0,4950.0,0.0,19.0,1.0,9.0,1921.0,1985.0,9.21,40.7450047,-73.9932369,26v2,933,36061009100
1008000056,126 WEST 25 STREET,MN,800,56,10001.0,1009100,91,C7,4.0,124-26 W 25 STREET LLC,2469.0,10470.0,9470.0,1000.0,0.0,1000.0,8.0,9.0,1.0,5.0,1901.0,0.0,4.24,40.7444777,-73.9931504,26v2,916,36061009100
1007990046,108 WEST 24 STREET,MN,799,46,10011.0,1009100,91,H3,5.0,"HCIN CHELSEA GRAND EAST ASSOCIATES, LLC",4938.0,53696.0,,,,,0.0,1.0,1.0,19.0,2001.0,0.0,10.87,40.743646,-73.9930855,26v2,890,36061009100
1007990035,101 WEST 23 STREET,MN,799,35,10010.0,1009100,91,D4,3.0,101 WEST 23 OWNER I LLC,19738.0,94835.0,59635.0,35200.0,0.0,12000.0,80.0,84.0,1.0,6.0,1958.0,0.0,4.8,40.743377,-73.9929484,26v2,893,36061009100
1007720016,255 WEST 22 STREET,MN,772,16,10011.0,1009100,91,D9,3.0,KATZ 36170 22ND STREET LLC,3703.0,14922.0,14922.0,0.0,0.0,0.0,19.0,19.0,1.0,6.0,1920.0,0.0,4.03,40.7443241,-73.9976723,26v2,571,36061009100
1007730134,202 WEST 24 STREET,MN,773,134,10011.0,1009100,91,D9,3.0,BREAKING GROUND III HOUSING DEVELOPMENT  FUND CORP,18682.0,68879.0,68879.0,0.0,0.0,0.0,180.0,180.0,1.0,10.0,2002.0,0.0,3.69,40.7448346,-73.9958678,26v2,729,36061009100
1008000021,133 WEST 24 STREET,MN,800,21,10011.0,1009100,91,C6,2.0,133 WEST 24TH ST. CORP.,2908.0,17870.0,15370.0,2500.0,0.0,2500.0,6.0,7.0,1.0,7.0,1910.0,0.0,6.15,40.7443871,-73.9936304,26v2,874,36061009100
1007990006,169 WEST 23 STREET,MN,799,6,10011.0,1009100,91,K4,4.0,HANNAH REALTY CORP,883.0,2052.0,0.0,2052.0,684.0,1368.0,0.0,3.0,1.0,3.0,1920.0,1988.0,2.32,40.7441017,-73.9951497,26v2,744,36061009100
1007720069,244 WEST 23 STREET,MN,772,69,10011.0,1009100,91,D4,3.0,244 246 OWNERS CORP,3703.0,23882.0,20293.0,3589.0,0.0,3589.0,12.0,13.0,1.0,7.0,1900.0,1982.0,6.45,40.7445684,-73.9974954,26v2,599,36061009100
1007730040,224 7 AVENUE,MN,773,40,10011.0,1009100,91,K4,4.0,224 SEVENTH AVENUE REALTY LLC,1974.0,7680.0,0.0,7680.0,3715.0,3965.0,0.0,5.0,1.0,4.0,1880.0,1989.0,3.89,40.7443598,-73.9958209,26v2,706,36061009100
1008000068,152 WEST 25 STREET,MN,800,68,10001.0,1009100,91,O6,5.0,"JOSEPH, ROSEN F",5530.0,66115.0,0.0,66115.0,58415.0,5200.0,8.0,21.0,1.0,12.0,1911.0,1988.0,11.96,40.744862,-73.9940562,26v2,864,36061009100
1007720005,244 8 AVENUE,MN,772,5,10011.0,1009100,91,S9,4.0,244 A.G. REALTY LLC,1632.0,4320.0,3320.0,1000.0,0.0,1000.0,6.0,8.0,1.0,4.0,1890.0,2006.0,2.65,40.7447935,-73.9984807,26v2,552,36061009100
1008000015,145 WEST 24 STREET,MN,800,15,10011.0,1009100,91,O5,5.0,145 WEST 24TH STREET CORP,2469.0,9351.0,0.0,9351.0,7013.0,2338.0,0.0,4.0,1.0,4.0,1915.0,1989.0,3.79,40.7445354,-73.9940418,26v2,849,36061009100
1007720015,259 WEST 22 STREET,MN,772,15,10011.0,1009100,91,A4,1.0,259 W 22ND STREET LLC,1852.0,6142.0,6142.0,0.0,0.0,0.0,1.0,1.0,1.0,7.0,1901.0,1999.0,3.32,40.7443626,-73.9977661,26v2,567,36061009100
1007730024,235 WEST 23 STREET,MN,773,24,10011.0,1009100,91,O6,5.0,ADVANCE REALITY CORP.,5925.0,49183.0,0.0,49183.0,44183.0,4700.0,0.0,12.0,1.0,8.0,1906.0,1958.0,8.3,40.7448703,-73.9967556,26v2,669,36061009100
1007730041,226 7 AVENUE,MN,773,41,10011.0,1009100,91,S1,4.0,226 SEVENTH LLC,1702.0,3404.0,1702.0,1702.0,0.0,1702.0,1.0,2.0,1.0,2.0,1920.0,1987.0,2.0,40.7444147,-73.9957596,26v2,714,36061009100
1007730044,232 7 AVENUE,MN,773,44,10011.0,1009100,91,H6,3.0,"KARMELENA REALTY CO., LLC",4721.0,51584.0,0.0,1490.0,0.0,1490.0,18.0,49.0,1.0,16.0,2015.0,2015.0,10.93,40.7446205,-73.9956333,26v2,734,36061009100
1008000023,127 WEST 24 STREET,MN,800,23,10011.0,1009100,91,O6,5.0,THE HORNE BUILDING OWNERS CORP,5800.0,35600.0,0.0,35600.0,30000.0,5600.0,0.0,7.0,1.0,7.0,1904.0,1982.0,6.14,40.7443075,-73.9934355,26v2,886,36061009100
1007990001,225 7 AVENUE,MN,799,1,10011.0,1009100,91,C7,4.0,23RD WEST ASSOCIATES LLC,2577.0,9100.0,7000.0,2100.0,0.0,2100.0,9.0,14.0,1.0,4.0,1950.0,1980.0,3.53,40.7441566,-73.995276,26v2,737,36061009100
1007720012,261 WEST 22 STREET,MN,772,12,10011.0,1009100,91,C6,2.0,261 WEST 22ND ST TENANT OWNERS CORP,5554.0,24462.0,24462.0,0.0,0.0,0.0,36.0,36.0,1.0,6.0,1917.0,1981.0,4.4,40.744412,-73.9978816,26v2,563,36061009100
1007990003,229 7 AVENUE,MN,799,3,10011.0,1009100,91,D8,3.0,"GS CHELSEA II PROPERTY OWNER, LLC",18415.0,212134.0,195774.0,16360.0,1440.0,11920.0,204.0,214.0,2.0,19.0,1987.0,1998.0,11.52,40.7443597,-73.9950126,26v2,767,36061009100
1008000014,147 WEST 24 STREET,MN,800,14,10011.0,1009100,91,O6,5.0,147 WEST 24TH OWNER LLC,2469.0,17800.0,0.0,17800.0,15000.0,2800.0,0.0,6.0,1.0,7.0,1910.0,0.0,7.21,40.7445683,-73.9941212,26v2,845,36061009100
1007730043,230 7 AVENUE,MN,773,43,10011.0,1009100,91,K4,4.0,230 7TH AVENUE LLC,1573.0,5710.0,0.0,5710.0,2803.0,2907.0,0.0,4.0,1.0,4.0,1920.0,1988.0,3.63,40.7445245,-73.9957055,26v2,723,36061009100
1007720067,240 WEST 23 STREET,MN,772,67,10011.0,1009100,91,D4,3.0,240 W 23 OWNERS CORP,3769.0,24378.0,21878.0,2500.0,0.0,2500.0,18.0,19.0,1.0,8.0,1920.0,1984.0,6.47,40.7445163,-73.9973727,26v2,604,36061009100
1007720079,264 WEST 23 STREET,MN,772,79,10011.0,1009100,91,C7,4.0,"GROVE ASSOCIATES,     A NY LTD. LIAB. CO MPANY",2173.0,6750.0,5375.0,1375.0,0.0,1375.0,9.0,10.0,1.0,5.0,1910.0,1983.0,3.11,40.7448676,-73.9982064,26v2,574,36061009100
1008000010,149 WEST 24 STREET,MN,800,10,10011.0,1009100,91,D5,3.0,KOREAN ASSOCIATN/N.Y.INC,8145.0,42078.0,30565.0,11513.0,7013.0,4500.0,10.0,14.0,1.0,6.0,1904.0,0.0,5.17,40.7446397,-73.9942908,26v2,835,36061009100
1008000061,138 WEST 25 STREET,MN,800,61,10001.0,1009100,91,O6,5.0,TAMKAT BUILDING CORP,7483.0,96000.0,0.0,96000.0,88000.0,8000.0,0.0,15.0,1.0,12.0,1911.0,1989.0,12.83,40.744711,-73.9936412,26v2,888,36061009100
1007730027,225 WEST 23 STREET,MN,773,27,10011.0,1009100,91,D7,4.0,5537 - 225 WEST 23RD AND 220 WEST 24TH S TREET,12961.0,66524.0,60524.0,6000.0,0.0,6000.0,127.0,138.0,1.0,7.0,1930.0,0.0,5.13,40.7447413,-73.9964525,26v2,682,36061009100
1007730042,228 7 AVENUE,MN,773,42,10011.0,1009100,91,S1,4.0,228 SEVENTH LLC,1574.0,4719.0,3146.0,1573.0,0.0,1573.0,1.0,2.0,1.0,4.0,1920.0,0.0,3.0,40.7444751,-73.9957379,26v2,718,36061009100
1007990069,152 WEST 24 STREET,MN,799,69,10011.0,1009100,91,I9,8.0,"BIDEAWEE, INC.",4594.0,10287.0,0.0,10287.0,0.0,0.0,0.0,1.0,1.0,3.0,1882.0,0.0,2.24,40.7443186,-73.9946625,26v2,792,36061009100
1008000009,157 WEST 24 STREET,MN,800,9,10011.0,1009100,91,V1,11.0,157 WEST 24TH STREET LODGING LLC,2057.0,0.0,,,,,0.0,0.0,1.0,,0.0,0.0,0.0,40.7447083,-73.9944532,26v2,826,36061009100
1008000022,131 WEST 24 STREET,MN,800,22,10011.0,1009100,91,D0,3.0,BRICK FARMS ETC,2904.0,17840.0,16090.0,1750.0,0.0,1750.0,6.0,7.0,1.0,7.0,1901.0,1985.0,6.14,40.7443569,-73.993551,26v2,879,36061009100
1007710011,253 WEST 21 STREET,MN,771,11,10011.0,1008700,87,B1,1.0,"CHOW, VANESSA",1646.0,2890.0,2245.0,0.0,0.0,0.0,2.0,2.0,1.0,3.0,1901.0,2013.0,1.76,40.7438987,-73.9985781,26v2,482,36061008700
1007710073,264 WEST 22 STREET,MN,771,73,10011.0,1008700,87,C6,2.0,264 W 22ND ST OWNERS CORP,2469.0,9700.0,9700.0,0.0,0.0,0.0,20.0,20.0,1.0,5.0,1920.0,0.0,3.93,40.7442254,-73.9985998,26v2,502,36061008700
1007710008,259 WEST 21 STREET,MN,771,8,10011.0,1008700,87,C6,2.0,259 WEST TENANTS CORP,2469.0,5026.0,5026.0,0.0,0.0,0.0,6.0,6.0,2.0,4.0,1900.0,2006.0,2.04,40.7439811,-73.9987766,26v2,474,36061008700
1007710012,251 WEST 21 STREET,MN,771,12,10011.0,1008700,87,C0,2.0,RICHAD J. AND CAROLE LEE BECKSTEIN REVOC ABLE TR,1646.0,3040.0,2440.0,0.0,0.0,0.0,3.0,3.0,1.0,4.0,1901.0,0.0,1.85,40.7438768,-73.998524,26v2,484,36061008700
1007710010,255 WEST 21 STREET,MN,771,10,10011.0,1008700,87,B9,1.0,GARY N TANNENBAUM C/O,1646.0,5100.0,4250.0,0.0,0.0,0.0,2.0,2.0,1.0,5.0,1910.0,2008.0,3.1,40.7439207,-73.9986286,26v2,480,36061008700
1007710072,262 WEST 22 STREET,MN,771,72,10011.0,1008700,87,C7,4.0,"ARIEL/MATH REALTY, LLC",2469.0,11226.0,10986.0,240.0,0.0,240.0,25.0,26.0,1.0,6.0,1920.0,0.0,4.55,40.7441897,-73.9985204,26v2,505,36061008700
1007710071,260 WEST 22 STREET,MN,771,71,10011.0,1008700,87,C6,2.0,22ND STR APT CORP,2469.0,5500.0,5500.0,0.0,0.0,0.0,9.0,9.0,1.0,4.0,1905.0,0.0,2.23,40.7441567,-73.998441,26v2,508,36061008700
1007710074,234 8 AVENUE,MN,771,74,10011.0,1008700,87,D4,3.0,ZADA REALTY LLC,1836.0,12888.0,11158.0,1730.0,0.0,1730.0,10.0,12.0,1.0,7.0,1960.0,1987.0,7.02,40.744412,-73.998773,26v2,505,36061008700
1007710006,228 8 AVENUE,MN,771,6,10011.0,1008700,87,C7,4.0,224-30 EIGHTH AVE LLC,3925.0,15226.0,12226.0,3000.0,0.0,3000.0,22.0,23.0,1.0,6.0,1920.0,0.0,3.88,40.744261,-73.998838,26v2,490,36061008700
1007710068,258 WEST 22 STREET,MN,771,68,10011.0,1008700,87,D1,3.0,"WEST 22ND STREET ASSOCIATES #1, LLC",7406.0,30375.0,30375.0,0.0,0.0,0.0,39.0,39.0,1.0,5.0,1920.0,0.0,4.1,40.7440909,-73.9982822,26v2,514,36061008700
1007710009,257 WEST 21 STREET,MN,771,9,10011.0,1008700,87,C4,2.0,"LES FILLES QUATRE,",2469.0,9755.0,9755.0,0.0,0.0,0.0,10.0,10.0,1.0,5.0,1901.0,1987.0,3.95,40.7439481,-73.9986972,26v2,477,36061008700
1007710001,216 8 AVENUE,MN,771,1,10011.0,1008700,87,D7,4.0,CHELSEA 8TH AVENUE LLC,7000.0,32325.0,26325.0,6000.0,0.0,6000.0,31.0,37.0,1.0,6.0,1910.0,1989.0,4.62,40.7440332,-73.9990004,26v2,463,36061008700
1007710004,224 8 AVENUE,MN,771,4,10011.0,1008700,87,C7,4.0,224-30 EIGHTH AVE LLC,4000.0,16479.0,13479.0,3000.0,0.0,3000.0,22.0,25.0,1.0,6.0,1910.0,0.0,4.12,40.7441677,-73.9989029,26v2,479,36061008700
1007700005,206 8 AVENUE,MN,770,5,10011.0,1008700,87,K1,5.0,BARWEST LLC,3575.0,3000.0,0.0,3000.0,0.0,3000.0,0.0,1.0,1.0,1.0,1930.0,0.0,0.84,40.7435666,-73.9992494,26v2,414,36061008700
1007700007,261 WEST 20 STREET,MN,770,7,10011.0,1008700,87,C0,2.0,245 REALTY L.L.C. C/O,1341.0,2816.0,2112.0,0.0,0.0,0.0,3.0,3.0,1.0,3.0,1901.0,0.0,2.1,40.7433882,-73.9992458,26v2,403,36061008700
1007700001,198 8 AVENUE,MN,770,1,10011.0,1008700,87,C7,4.0,"FALCON HOLDING,",1787.0,8955.0,7155.0,1800.0,0.0,1800.0,8.0,9.0,1.0,5.0,1944.0,1989.0,5.01,40.7434047,-73.9995128,26v2,386,36061008700
1007700064,244 WEST 21 STREET,MN,770,64,10011.0,1008700,87,C1,2.0,"CHELSEA PARTNERS, LLC",2162.0,8503.0,8503.0,0.0,0.0,0.0,12.0,12.0,1.0,6.0,1944.0,0.0,3.93,40.7433525,-73.9984915,26v2,455,36061008700
1007700068,252 WEST 21 STREET,MN,770,68,10011.0,1008700,87,C6,2.0,"CLEMENT HOUSE, INC.",2269.0,6820.0,6820.0,0.0,0.0,0.0,10.0,10.0,1.0,5.0,1910.0,0.0,3.01,40.743498,-73.9987658,26v2,443,36061008700
1007700070,256 WEST 21 STREET,MN,770,70,10011.0,1008700,87,C6,2.0,256 W 21 OWNERS CORP,7360.0,22000.0,22000.0,0.0,0.0,0.0,35.0,35.0,2.0,5.0,1900.0,1988.0,2.99,40.7435721,-73.998921,26v2,437,36061008700
1007700002,200 8 AVENUE,MN,770,2,10011.0,1008700,87,S4,4.0,DAYTONA HOLDING CORP,1500.0,6200.0,4820.0,1380.0,0.0,1380.0,4.0,5.0,1.0,5.0,1900.0,1987.0,4.13,40.7434596,-73.9994695,26v2,392,36061008700
1007700076,208 8 AVENUE,MN,770,76,10011.0,1008700,87,K1,5.0,SALVATION ARMY,5421.0,5050.0,0.0,5050.0,0.0,5050.0,0.0,2.0,1.0,1.0,1920.0,0.0,0.93,40.7436819,-73.9992421,26v2,422,36061008700
1007700024,229 WEST 20 STREET,MN,770,24,10011.0,1008700,87,C4,2.0,229 WEST 20TH STREET OWNER LLC,2434.0,7612.0,7612.0,0.0,0.0,0.0,15.0,15.0,1.0,5.0,1901.0,1984.0,3.13,40.742982,-73.9982389,26v2,456,36061008700
1007700023,231 WEST 20 STREET,MN,770,23,10011.0,1008700,87,D1,3.0,231 WEST 20TH STREET OWNER LLC,1963.0,8896.0,8896.0,0.0,0.0,0.0,6.0,6.0,1.0,3.0,1910.0,2021.0,4.53,40.7429875,-73.9983291,26v2,449,36061008700
1007700021,233 WEST 20 STREET,MN,770,21,10011.0,1008700,87,A9,1.0,"CALADIUM W20, LLC",1064.0,7564.0,7564.0,0.0,0.0,0.0,1.0,1.0,1.0,6.0,1824.0,2006.0,7.11,40.7430204,-73.9984121,26v2,444,36061008700
1007690066,252 WEST 20 STREET,MN,769,66,10011.0,1008700,87,D4,3.0,252 W 20 TNTS CORP,2199.0,11000.0,11000.0,0.0,0.0,0.0,18.0,18.0,1.0,6.0,1901.0,1989.0,5.0,40.7430369,-73.9994623,26v2,367,36061008700
1007690068,194 8 AVENUE,MN,769,68,10011.0,1008700,87,S5,4.0,HANME EIGHTH REALTY C,2500.0,5640.0,3320.0,2320.0,0.0,2320.0,5.0,6.0,1.0,3.0,1920.0,1986.0,2.26,40.7431329,-73.9996572,26v2,358,36061008700
1007700066,248 WEST 21 STREET,MN,770,66,10011.0,1008700,87,C1,2.0,"248 W 21ST ST REALTY, LLC",2104.0,6982.0,6982.0,0.0,0.0,0.0,15.0,15.0,1.0,5.0,1920.0,1986.0,3.32,40.7434349,-73.9986178,26v2,450,36061008700
1007700019,239 WEST 20 STREET,MN,770,19,10011.0,1008700,87,C4,2.0,Z&L ENTERPRISE LLC,1971.0,8898.0,8898.0,0.0,0.0,0.0,24.0,24.0,1.0,6.0,1910.0,0.0,4.51,40.7430863,-73.9985709,26v2,435,36061008700
1007700063,242 WEST 21 STREET,MN,770,63,10011.0,1008700,87,C1,2.0,"CHELSEA PARTNERS, LLC",2167.0,4721.0,4721.0,0.0,0.0,0.0,12.0,12.0,1.0,6.0,1910.0,2003.0,2.18,40.7433251,-73.9984302,26v2,458,36061008700
1007700062,240 WEST 21 STREET,MN,770,62,10011.0,1008700,87,A4,1.0,240 WEST 21 LLC,2162.0,5297.0,4142.0,0.0,0.0,0.0,1.0,1.0,1.0,5.0,1901.0,2004.0,2.45,40.7433004,-73.9983688,26v2,461,36061008700
1007690003,184 8 AVENUE,MN,769,3,10011.0,1008700,87,C7,4.0,EIGHTH-19TH CO.,2331.0,7611.0,5366.0,2245.0,0.0,2245.0,8.0,9.0,1.0,5.0,1900.0,0.0,3.27,40.7429408,-73.9998196,26v2,335,36061008700
1007690004,188 8 AVENUE,MN,769,4,10011.0,1008700,87,C6,2.0,188-90  8 AVE  HDFC,3100.0,12080.0,10080.0,2000.0,0.0,2000.0,8.0,10.0,1.0,5.0,1910.0,1983.0,3.9,40.7430039,-73.999751,26v2,344,36061008700
1007700020,237 WEST 20 STREET,MN,770,20,10011.0,1008700,87,C4,2.0,YOSSI'S 20TH,1732.0,7530.0,7530.0,0.0,0.0,0.0,15.0,15.0,1.0,5.0,1901.0,0.0,4.35,40.7430533,-73.9984879,26v2,440,36061008700
1007690067,196 8 AVENUE,MN,769,67,10011.0,1008700,87,S2,4.0,258 W 20 ST REALTY,1390.0,3738.0,1917.0,1821.0,0.0,1821.0,2.0,3.0,1.0,3.0,1920.0,0.0,2.69,40.7432263,-73.9996788,26v2,363,36061008700
1007700003,202 8 AVENUE,MN,770,3,10011.0,1008700,87,C7,4.0,"202 EIGHTH AVENUE,LLC",1500.0,6200.0,4820.0,1380.0,0.0,1380.0,8.0,9.0,1.0,5.0,1901.0,1984.0,4.13,40.743509,-73.9994334,26v2,398,36061008700
1007700018,241 WEST 20 STREET,MN,770,18,10011.0,1008700,87,S3,4.0,"DERBY MAD HATTER 241, LLC",1679.0,4450.0,3338.0,1112.0,0.0,1112.0,3.0,4.0,1.0,4.0,1920.0,0.0,2.65,40.7431192,-73.9986503,26v2,431,36061008700
1007700033,209 WEST 20 STREET,MN,770,33,10011.0,1008700,87,D1,3.0,20 CHELSEA LLC,2050.0,8525.0,8525.0,0.0,0.0,0.0,12.0,12.0,1.0,7.0,2004.0,0.0,4.16,40.7426608,-73.9975316,26v2,500,36061008700
1007700065,246 WEST 21 STREET,MN,770,65,10011.0,1008700,87,C5,2.0,"246 WEST 21ST STREET OWNERS, L.P.",2582.0,5250.0,5250.0,0.0,0.0,0.0,28.0,28.0,1.0,5.0,1910.0,1986.0,2.03,40.74338,-73.9985637,26v2,451,36061008700
1007710014,247 WEST 21 STREET,MN,771,14,10011.0,1008700,87,C1,2.0,239-243-247 W. 21 REALTY LLC,9875.0,41100.0,41100.0,0.0,0.0,0.0,60.0,60.0,3.0,5.0,1920.0,1980.0,4.16,40.7437642,-73.9982605,26v2,495,36061008700
1007700059,234 WEST 21 STREET,MN,770,59,10011.0,1008700,87,D4,3.0,234 W 21ST ST OWNRS C,6335.0,32718.0,32718.0,0.0,0.0,0.0,35.0,35.0,1.0,7.0,1913.0,1983.0,5.16,40.7432482,-73.9982425,26v2,468,36061008700
1007700008,245 WEST 20 STREET,MN,770,8,10011.0,1008700,87,HH,5.0,245 REALTY L.L.C. C/O,13187.0,26110.0,,,,,0.0,3.0,13.0,3.0,1900.0,0.0,1.98,40.7432867,-73.9989823,26v2,416,36061008700
1007690065,250 WEST 20 STREET,MN,769,65,10011.0,1008700,87,C4,2.0,20 WEST LLC,2100.0,8195.0,8195.0,0.0,0.0,0.0,15.0,15.0,1.0,5.0,1901.0,1979.0,3.9,40.7430067,-73.9993757,26v2,371,36061008700
1007700004,204 8 AVENUE,MN,770,4,10011.0,1008700,87,C7,4.0,SINORAMA REALTY CORP,1500.0,6200.0,5200.0,1000.0,0.0,1000.0,8.0,9.0,1.0,5.0,1900.0,0.0,4.13,40.7435584,-73.9993973,26v2,404,36061008700
1007690064,248 WEST 20 STREET,MN,769,64,10011.0,1008700,87,C4,2.0,245 REALTY L.L.C. C/O,2000.0,7789.0,7789.0,0.0,0.0,0.0,13.0,13.0,1.0,5.0,1901.0,2001.0,3.89,40.7429792,-73.9992999,26v2,375,36061008700
1007970054,118 WEST 22 STREET,MN,797,54,10011.0,1008700,87,O6,5.0,W 22 LLC,7406.0,89389.0,0.0,89389.0,82339.0,7050.0,0.0,12.0,1.0,12.0,1911.0,0.0,12.07,40.7424631,-73.9944137,26v2,751,36061008700
1007960047,104 WEST 21 STREET,MN,796,47,10011.0,1008700,87,Z8,9.0,CONG SHEARETH ISRAEL,9920.0,0.0,,,,,0.0,0.0,0.0,,0.0,0.0,0.0,40.7416177,-73.9944209,26v2,741,36061008700
1007960058,132 WEST 21 STREET,MN,796,58,10011.0,1008700,87,W9,8.0,"SCHOOL OF VISUAL ARTS, INC.",4232.0,51384.0,0.0,51384.0,23384.0,3000.0,0.0,10.0,1.0,12.0,1910.0,0.0,12.14,40.7420487,-73.9953267,26v2,668,36061008700
1007950028,111 WEST 19 STREET,MN,795,28,10011.0,1008700,87,O6,5.0,19TH STREET OWNER LLC,18400.0,165513.0,0.0,165513.0,125013.0,40500.0,0.0,8.0,1.0,8.0,1901.0,2003.0,9.0,40.741077,-73.9951969,26v2,676,36061008700
1007950054,120 WEST 20 STREET,MN,795,54,10011.0,1008700,87,D0,3.0,120 W 20 ST APT CORP,2300.0,11910.0,10510.0,1400.0,0.0,1400.0,6.0,7.0,1.0,7.0,1950.0,1987.0,5.18,40.7412692,-73.9952943,26v2,667,36061008700
1007960022,127 WEST 20 STREET,MN,796,22,10011.0,1008700,87,S2,4.0,"127 WEST 20TH STREET,",2100.0,4660.0,2660.0,2000.0,0.0,2000.0,2.0,3.0,1.0,3.0,1910.0,2003.0,2.22,40.7417138,-73.9952401,26v2,672,36061008700
1007960023,123 WEST 20 STREET,MN,796,23,10011.0,1008700,87,K4,4.0,HONG DIEP REALTY INCORPORATED,4208.0,22104.0,9864.0,12240.0,3288.0,4202.0,5.0,9.0,1.0,5.0,1900.0,0.0,5.25,40.7416671,-73.9951319,26v2,681,36061008700
1007970018,133 WEST 21 STREET,MN,797,18,10011.0,1008700,87,W9,8.0,"SS 133 W 21,LLC",9924.0,115895.0,7698.0,108197.0,0.0,0.0,1.0,5.0,1.0,12.0,1911.0,1985.0,11.68,40.742422,-73.9950668,26v2,696,36061008700
1007700045,206 WEST 21 STREET,MN,770,45,10011.0,1008700,87,C1,2.0,206 W 21ST PARTNERS LLC,4950.0,11864.0,11864.0,0.0,0.0,0.0,47.0,47.0,1.0,4.0,1920.0,1987.0,2.4,40.742842,-73.9972501,26v2,528,36061008700
1007970076,162 WEST 22 STREET,MN,797,76,10011.0,1008700,87,D4,3.0,166 WEST 22 ST OWNER CORP,6180.0,31759.0,31759.0,0.0,0.0,0.0,42.0,42.0,1.0,6.0,1950.0,1988.0,5.14,40.7430835,-73.9958174,26v2,651,36061008700
1007700039,176 7 AVENUE,MN,770,39,10011.0,1008700,87,S5,4.0,OBERSTEIN CORPORATION,2107.0,3906.0,2622.0,1284.0,0.0,1284.0,6.0,7.0,1.0,4.0,1901.0,0.0,1.85,40.7426196,-73.9971166,26v2,532,36061008700
1007950010,155 WEST 19 STREET,MN,795,10,10011.0,1008700,87,O3,5.0,"WAREHOUSE EYES, LLC",4158.0,25090.0,0.0,25090.0,25090.0,0.0,0.0,6.0,1.0,7.0,1910.0,1986.0,6.03,40.741519,-73.9966114,26v2,556,36061008700
1007700038,174 7 AVENUE,MN,770,38,10011.0,1008700,87,S5,4.0,344 BOWERY RETAIL LLC,2106.0,4283.0,3290.0,993.0,0.0,993.0,5.0,6.0,2.0,4.0,1901.0,0.0,2.03,40.7425648,-73.9971563,26v2,527,36061008700
1007710038,188 7 AVENUE,MN,771,38,10011.0,1008700,87,D4,3.0,201 WEST 21 ST TENANTS,7400.0,80977.0,74425.0,6552.0,0.0,6552.0,130.0,133.0,1.0,14.0,1963.0,1988.0,10.94,40.7431027,-73.9967846,26v2,575,36061008700
1007950061,134 WEST 20 STREET,MN,795,61,10011.0,1008700,87,C6,2.0,134 WEST 20TH ST HDFC,2300.0,8855.0,7255.0,1600.0,0.0,1600.0,16.0,17.0,1.0,5.0,1901.0,0.0,3.85,40.7415025,-73.9958464,26v2,620,36061008700
1007970002,191 7 AVENUE,MN,797,2,10011.0,1008700,87,K4,4.0,191 CHELSEA LLC,9862.0,61232.0,27348.0,33884.0,2000.0,11038.0,22.0,29.0,2.0,5.0,1900.0,1998.0,6.21,40.7429298,-73.9960881,26v2,625,36061008700
1007950066,140 WEST 20 STREET,MN,795,66,10011.0,1008700,87,Q2,9.0,NYC DEPARTMENT OF PARKS AND RECREATION,10029.0,0.0,,,,,0.0,0.0,1.0,,0.0,2017.0,0.0,40.7415931,-73.9960593,26v2,603,36061008700
1007960060,136 WEST 21 STREET,MN,796,60,10011.0,1008700,87,W9,8.0,"SCHOOL OF VISUAL ARTS, INC.",6348.0,77437.0,0.0,77437.0,22089.0,6348.0,0.0,13.0,1.0,12.0,1910.0,0.0,12.2,40.7421255,-73.9955071,26v2,654,36061008700
1007970074,160 WEST 22 STREET,MN,797,74,10011.0,1008700,87,D1,3.0,"160 WEST 22ND STREET, INC.",4938.0,41423.0,41423.0,0.0,0.0,0.0,51.0,51.0,1.0,13.0,2000.0,0.0,8.39,40.7429792,-73.995637,26v2,663,36061008700
1007700048,210 WEST 21 STREET,MN,770,48,10011.0,1008700,87,D4,3.0,210 EQUITIES CORP,4809.0,25123.0,25123.0,0.0,0.0,0.0,28.0,28.0,1.0,7.0,1902.0,1985.0,5.22,40.7429051,-73.9974017,26v2,518,36061008700
1007970007,163 WEST 21 STREET,MN,797,7,10011.0,1008700,87,D6,4.0,155 W. 21ST ST. LLC,9867.0,115373.0,92839.0,22534.0,0.0,3634.0,110.0,113.0,1.0,15.0,2005.0,0.0,11.69,40.7427102,-73.9957561,26v2,646,36061008700
1007970001,169 WEST 21 STREET,MN,797,1,10011.0,1008700,87,K4,4.0,7TH AVE 21ST ST REALTY CO IN,1850.0,5555.0,2469.0,3086.0,0.0,1850.0,1.0,3.0,1.0,4.0,1920.0,2013.0,3.0,40.7427953,-73.9962433,26v2,608,36061008700
1007970005,167 WEST 21 STREET,MN,797,5,10011.0,1008700,87,O2,5.0,"ART HOUSE 21, LLC",614.0,2400.0,0.0,2400.0,2400.0,0.0,0.0,8.0,1.0,3.0,1930.0,0.0,3.91,40.7427267,-73.9960809,26v2,619,36061008700
1007700036,201 WEST 20 STREET,MN,770,36,10011.0,1008700,87,K4,4.0,344 BOWERY RETAIL LLC,2106.0,7350.0,3404.0,3946.0,0.0,2106.0,9.0,12.0,2.0,4.0,1890.0,0.0,3.49,40.7424467,-73.9972393,26v2,517,36061008700
1007690034,152 7 AVENUE,MN,769,34,10011.0,1008700,87,C7,4.0,152-154 SEVENTH AVENUE OWNER LLC,1840.0,7360.0,5520.0,1840.0,0.0,1840.0,11.0,13.0,1.0,4.0,1901.0,0.0,4.0,40.7418621,-73.9976507,26v2,472,36061008700
1007950055,122 WEST 20 STREET,MN,795,55,10011.0,1008700,87,C7,4.0,122 W 20 STREET LLC,2300.0,7000.0,4150.0,2850.0,1425.0,1425.0,8.0,10.0,1.0,5.0,1901.0,1986.0,3.04,40.7413021,-73.9953737,26v2,660,36061008700
1007940009,157 WEST 18 STREET,MN,794,9,10011.0,1008700,87,O6,5.0,157 W 18 OWNER LLC,3620.0,26644.0,0.0,26644.0,21644.0,5000.0,0.0,7.0,1.0,7.0,1906.0,2020.0,7.36,40.7409179,-73.9969723,26v2,528,36061008700
1007960073,183 7 AVENUE,MN,796,73,10011.0,1008700,87,O5,5.0,NORTH SIDE REALTY CORP,3910.0,23010.0,7670.0,15340.0,7670.0,2557.0,4.0,11.0,1.0,6.0,1910.0,0.0,5.88,40.7425675,-73.9963876,26v2,590,36061008700
1007700031,215 WEST 20 STREET,MN,770,31,10011.0,1008700,87,D9,3.0,"MINJAK,",4034.0,26250.0,22850.0,3400.0,0.0,3400.0,12.0,13.0,2.0,7.0,1910.0,1987.0,6.51,40.7427102,-73.9976543,26v2,491,36061008700
1007960018,135 WEST 20 STREET,MN,796,18,10011.0,1008700,87,O5,5.0,A AND G REAL ESTATE LLC,5980.0,34000.0,0.0,34000.0,28500.0,5500.0,0.0,9.0,1.0,6.0,1903.0,0.0,5.69,40.741862,-73.9955938,26v2,644,36061008700
1007950020,133 WEST 19 STREET,MN,795,20,10011.0,1008700,87,O6,5.0,JERSEY STREET ASSOCITES,3687.0,33210.0,0.0,33210.0,29770.0,3440.0,0.0,14.0,1.0,10.0,1909.0,0.0,9.01,40.7412143,-73.9958789,26v2,618,36061008700
1007690035,154 7 AVENUE,MN,769,35,10011.0,1008700,87,S3,4.0,152-154 SEVENTH AVENUE OWNER LLC,1840.0,6370.0,4530.0,1840.0,0.0,1840.0,3.0,4.0,1.0,4.0,1901.0,0.0,3.46,40.741917,-73.997611,26v2,476,36061008700
1007700040,178 7 AVENUE,MN,770,40,10011.0,1008700,87,C7,4.0,178 7TH AVE INC,2116.0,7682.0,4682.0,3000.0,0.0,1500.0,12.0,13.0,1.0,5.0,1982.0,0.0,3.63,40.7426745,-73.9970769,26v2,537,36061008700
1007700037,172 7 AVENUE,MN,770,37,10011.0,1008700,87,C7,4.0,344 BOWERY RETAIL LLC,2106.0,6414.0,3502.0,2912.0,621.0,2291.0,17.0,19.0,2.0,4.0,1890.0,0.0,3.05,40.7425071,-73.997196,26v2,522,36061008700
1007690036,156 7 AVENUE,MN,769,36,10011.0,1008700,87,K1,5.0,BLUE NY 156 7TH LLC,3680.0,3470.0,0.0,3470.0,0.0,3470.0,0.0,2.0,1.0,1.0,1920.0,0.0,0.94,40.7419993,-73.9975497,26v2,482,36061008700
1007960063,142 WEST 21 STREET,MN,796,63,10011.0,1008700,87,D6,4.0,LOVES LANE OWNER LLC,8188.0,79336.0,70789.0,8547.0,0.0,0.0,22.0,24.0,1.0,13.0,1925.0,0.0,9.69,40.7422298,-73.9957561,26v2,635,36061008700
1007950012,151 WEST 19 STREET,MN,795,12,10011.0,1008700,87,O6,5.0,DEZER PROPERTIES 151,4146.0,48784.0,0.0,48784.0,45058.0,3726.0,0.0,14.0,1.0,12.0,1912.0,1984.0,11.77,40.7414586,-73.9964671,26v2,568,36061008700
1007970006,165 WEST 21 STREET,MN,797,6,10011.0,1008700,87,C0,2.0,RED MOUNTAIN RLTY CORP.,1975.0,4655.0,3920.0,0.0,0.0,0.0,3.0,3.0,1.0,4.0,1910.0,1989.0,2.36,40.7427898,-73.9959437,26v2,632,36061008700
1007950071,156 WEST 20 STREET,MN,795,71,10011.0,1008700,87,C7,4.0,156 W 20 STREET LLC,1632.0,6330.0,5580.0,750.0,0.0,750.0,9.0,10.0,1.0,5.0,1901.0,0.0,3.88,40.7417825,-73.9965212,26v2,565,36061008700
1007950056,124 WEST 20 STREET,MN,795,56,10011.0,1008700,87,G1,10.0,124 WEST 20TH STREET,6900.0,20025.0,0.0,20025.0,0.0,0.0,0.0,1.0,1.0,3.0,1900.0,0.0,2.9,40.7413707,-73.995536,26v2,646,36061008700
1007950014,139-143 WEST 19 STREET,MN,795,14,10011.0,1008700,87,D0,3.0,CHELSEA LOFTS CORP,11225.0,68671.0,59071.0,9600.0,0.0,9600.0,21.0,23.0,1.0,8.0,1909.0,1980.0,6.12,40.7413488,-73.9962,26v2,590,36061008700
1007970073,156 WEST 22 STREET,MN,797,73,10011.0,1008700,87,S2,4.0,DAMASCO GINO PAUL,2057.0,4700.0,3580.0,1120.0,0.0,1120.0,2.0,3.0,1.0,3.0,1910.0,1986.0,2.28,40.7429325,-73.9955251,26v2,670,36061008700
1007700049,214 WEST 21 STREET,MN,770,49,10011.0,1008700,87,C4,2.0,"WEST 21ST STREET ASSOCIATES,",4815.0,19956.0,19956.0,0.0,0.0,0.0,31.0,31.0,1.0,6.0,1901.0,0.0,4.14,40.7429655,-73.9975496,26v2,509,36061008700
1007950067,148 WEST 20 STREET,MN,795,67,10011.0,1008700,87,G1,10.0,CHELSEA W 20 LLC,4265.0,20215.0,0.0,20215.0,0.0,0.0,0.0,1.0,1.0,5.0,1951.0,0.0,4.74,40.7416919,-73.9963083,26v2,582,36061008700
1007700044,204 WEST 21 STREET,MN,770,44,10011.0,1008700,87,A4,1.0,"DELAY AURORA, LLC",1478.0,3365.0,2475.0,0.0,0.0,0.0,1.0,1.0,1.0,3.0,1910.0,2016.0,2.28,40.7428392,-73.9971094,26v2,539,36061008700
1007950001,180 WEST 20 STREET,MN,795,1,10011.0,1008700,87,D6,4.0,"20TH AND SEVENTH ASSOCIATES,",26467.0,274659.0,243881.0,30778.0,0.0,20000.0,254.0,259.0,1.0,15.0,2000.0,0.0,10.38,40.741766,-73.996846,26v2,538,36061008700
1007960015,141 WEST 20 STREET,MN,796,15,10011.0,1008700,87,O5,5.0,A AND G REAL ESTATE LLC,2300.0,12750.0,0.0,12750.0,11250.0,1500.0,0.0,6.0,1.0,6.0,1903.0,0.0,5.54,40.7419224,-73.9957309,26v2,633,36061008700
1007940062,140 WEST 19 STREET,MN,794,62,10011.0,1008700,87,D7,4.0,TROPHY WEST LLC,2880.0,18714.0,15914.0,2800.0,0.0,2800.0,24.0,25.0,1.0,7.0,1920.0,2004.0,6.5,40.7410112,-73.9965321,26v2,564,36061008700
1007940064,144 WEST 19 STREET,MN,794,64,10011.0,1008700,87,C4,2.0,"144-146 WEST 19TH STREET ASSOCIATES, LLC",4218.0,17586.0,14586.0,3000.0,0.0,3000.0,33.0,36.0,1.0,6.0,1909.0,1988.0,4.17,40.7411018,-73.9967161,26v2,548,36061008700
1007950069,152 WEST 20 STREET,MN,795,69,10011.0,1008700,87,C4,2.0,PM 152 W 20TH LLC,3329.0,12840.0,12840.0,0.0,0.0,0.0,20.0,20.0,1.0,5.0,1910.0,1988.0,3.86,40.7417468,-73.9964346,26v2,572,36061008700
1007960001,171 7 AVENUE,MN,796,1,10011.0,1008700,87,D4,3.0,"173 7TH AVE SO., LLC",11600.0,62158.0,57927.0,4231.0,0.0,4231.0,58.0,62.0,1.0,6.0,1938.0,1988.0,5.36,40.7422573,-73.9965284,26v2,572,36061008700
1007960007,147 WEST 20 STREET,MN,796,7,10011.0,1008700,87,D4,3.0,CHELSEA WARREN CORP,11968.0,57606.0,56806.0,800.0,800.0,0.0,60.0,61.0,1.0,6.0,1938.0,1988.0,4.81,40.7420844,-73.9961206,26v2,603,36061008700
1007960013,143 WEST 20 STREET,MN,796,13,10011.0,1008700,87,D0,3.0,143 5 OWNERS CORP,4140.0,46632.0,44154.0,2478.0,0.0,2478.0,13.0,14.0,1.0,12.0,1909.0,1979.0,11.26,40.7419691,-73.9958428,26v2,624,36061008700
1007960067,150 WEST 21 STREET,MN,796,67,10011.0,1008700,87,D1,3.0,2 ELLWOOD ST. L.L.C.,9298.0,48249.0,48249.0,0.0,0.0,0.0,61.0,61.0,1.0,6.0,1950.0,1987.0,5.19,40.7423561,-73.9960556,26v2,613,36061008700
1007710174,266 WEST 22 STREET,MN,771,174,10011.0,1008700,87,S4,4.0,"TURK MANAGEMENT, LTD.",635.0,2467.0,1851.0,616.0,0.0,616.0,4.0,5.0,1.0,5.0,1900.0,0.0,3.89,40.7443461,-73.9986106,26v2,510,36061008700
1007710049,218 WEST 22 STREET,MN,771,49,10011.0,1008700,87,C4,2.0,216 WEST 22ND STREET LLC,2967.0,13875.0,13875.0,0.0,0.0,0.0,15.0,16.0,1.0,5.0,1901.0,1989.0,4.68,40.7435254,-73.9969506,26v2,580,36061008700
1007710063,246 WEST 22 STREET,MN,771,63,10011.0,1008700,87,C4,2.0,"JORUT REALTY TRANSACTION, LLC",2469.0,11130.0,11130.0,0.0,0.0,0.0,24.0,24.0,1.0,6.0,1920.0,1982.0,4.51,40.7439234,-73.9978888,26v2,531,36061008700
1007710020,233 WEST 21 STREET,MN,771,20,10011.0,1008700,87,D4,3.0,233 W 21 ST INC,4938.0,20748.0,20748.0,0.0,0.0,0.0,31.0,31.0,1.0,6.0,1920.0,1986.0,4.2,40.7436654,-73.998026,26v2,506,36061008700
1007710065,250 WEST 22 STREET,MN,771,65,10011.0,1008700,87,D4,3.0,250 EQUITIES CORP,4962.0,19470.0,19470.0,0.0,0.0,0.0,23.0,23.0,1.0,5.0,1920.0,0.0,3.92,40.7440085,-73.9980873,26v2,522,36061008700
1007700056,228 WEST 21 STREET,MN,770,56,10011.0,1008700,87,C6,2.0,WEST 21ST STREET APARTMENT CORP,4462.0,12750.0,12750.0,0.0,0.0,0.0,9.0,9.0,2.0,4.0,1910.0,1987.0,2.86,40.7431988,-73.9980585,26v2,480,36061008700
1007710034,209 WEST 21 STREET,MN,771,34,10011.0,1008700,87,C4,2.0,"WEST 21 STREET ASSOCIATES,",2469.0,9620.0,9620.0,0.0,0.0,0.0,20.0,20.0,1.0,5.0,1920.0,1988.0,3.9,40.7432482,-73.9970408,26v2,560,36061008700
1007710033,211 WEST 21 STREET,MN,771,33,10011.0,1008700,87,C4,2.0,211 WEST 21ST STREET LLC,2469.0,9880.0,9880.0,0.0,0.0,0.0,15.0,15.0,1.0,5.0,1901.0,0.0,4.0,40.7432839,-73.9971202,26v2,556,36061008700
1007970080,207 7TH AVENUE,MN,797,80,10011.0,1008700,87,D6,4.0,RESTORING COMMUNITIES HOUSING DEVELOPMEN T FUND COR,3700.0,28744.0,24710.0,4034.0,0.0,4034.0,26.0,28.0,1.0,9.0,2023.0,2023.0,7.77,40.7431768,-73.9960123,26v2,639,36061008700
1007710057,234 WEST 22 STREET,MN,771,57,10011.0,1008700,87,A4,1.0,ALBERT J. ZUCKERMAN QUALIFIED PERSONAL R ESI. TRUST,1632.0,4080.0,4080.0,0.0,0.0,0.0,1.0,1.0,1.0,4.0,1920.0,1986.0,2.5,40.7437505,-73.9974666,26v2,552,36061008700
1007710058,236 WEST 22 STREET,MN,771,58,10011.0,1008700,87,B1,1.0,"KATZ, MICHAEL A",1632.0,4590.0,4080.0,0.0,0.0,0.0,2.0,2.0,1.0,4.0,1901.0,1999.0,2.81,40.7437724,-73.9975243,26v2,549,36061008700
1007710060,240 WEST 22 STREET,MN,771,60,10011.0,1008700,87,C0,2.0,"BAUGHMAN, BRUCE C.",2173.0,4928.0,4928.0,0.0,0.0,0.0,3.0,3.0,1.0,4.0,1901.0,0.0,2.27,40.7438246,-73.9976579,26v2,542,36061008700
1007710050,220 WEST 22 STREET,MN,771,50,10011.0,1008700,87,B1,1.0,JOHN B LEVENTHAL,1975.0,3815.0,2850.0,0.0,0.0,0.0,2.0,2.0,1.0,3.0,1901.0,1971.0,1.93,40.7435611,-73.9970299,26v2,575,36061008700
1007710052,224 WEST 22 STREET,MN,771,52,10011.0,1008700,87,A9,1.0,NISCHARINAS LLC,1975.0,6715.0,5450.0,0.0,0.0,0.0,1.0,1.0,1.0,6.0,1901.0,0.0,3.4,40.7436132,-73.9971563,26v2,568,36061008700
1007710029,217 WEST 21 STREET,MN,771,29,10011.0,1008700,87,O5,5.0,STAR CINEMA BUILDING LLC,4938.0,13688.0,0.0,13688.0,5475.0,0.0,0.0,3.0,1.0,3.0,1920.0,0.0,2.77,40.7433992,-73.9973944,26v2,540,36061008700
1007710032,213 WEST 21 STREET,MN,771,32,10011.0,1008700,87,C1,2.0,JWP PROPERTY LLC,2469.0,6750.0,6750.0,0.0,0.0,0.0,9.0,9.0,2.0,3.0,1900.0,1982.0,2.73,40.7433168,-73.9971996,26v2,551,36061008700
1007710031,215 WEST 21 STREET,MN,771,31,10011.0,1008700,87,C4,2.0,JWP PROPERTY LLC,2469.0,5080.0,5080.0,0.0,0.0,0.0,9.0,9.0,2.0,3.0,1900.0,1989.0,2.06,40.7433498,-73.997279,26v2,546,36061008700
1007710048,216 WEST 22 STREET,MN,771,48,10011.0,1008700,87,C4,2.0,216 WEST 22ND STREET LLC,2967.0,13875.0,13875.0,0.0,0.0,0.0,15.0,18.0,1.0,5.0,1901.0,1989.0,4.68,40.743487,-73.9968567,26v2,585,36061008700
1007710028,221 WEST 21 STREET,MN,771,28,10011.0,1008700,87,D4,3.0,221 WEST OWNERS LTD,2469.0,10015.0,10015.0,0.0,0.0,0.0,20.0,20.0,1.0,5.0,1920.0,1988.0,4.06,40.7434486,-73.9975135,26v2,533,36061008700
1007710053,226 WEST 22 STREET,MN,771,53,10011.0,1008700,87,A4,1.0,"GOODBODY, BRIDGET",1975.0,4000.0,3000.0,0.0,0.0,0.0,1.0,1.0,1.0,3.0,1901.0,2006.0,2.03,40.7436407,-73.9972176,26v2,565,36061008700
1007710061,242 WEST 22 STREET,MN,771,61,10011.0,1008700,87,C0,2.0,ROYSTAR INVESTMENT CORP,2469.0,7583.0,7583.0,0.0,0.0,0.0,3.0,3.0,1.0,5.0,2016.0,0.0,3.07,40.7438575,-73.99773,26v2,539,36061008700
1007710023,223 WEST 21 STREET,MN,771,23,10011.0,1008700,87,D4,3.0,22321 OWNERS CORP,12497.0,46620.0,46170.0,450.0,0.0,0.0,63.0,64.0,2.0,5.0,1889.0,1985.0,3.73,40.7435501,-73.9977481,26v2,520,36061008700
1007710035,207 WEST 21 STREET,MN,771,35,10011.0,1008700,87,C6,2.0,207-21 CHELSEA OWNERS CORP,2469.0,5054.0,5054.0,0.0,0.0,0.0,6.0,6.0,1.0,4.0,1905.0,1986.0,2.05,40.7432153,-73.9969614,26v2,565,36061008700
1007710046,196 7 AVENUE,MN,771,46,10011.0,1008700,87,D7,4.0,212 W 22 REALTY LLC,14318.0,76450.0,66450.0,10000.0,0.0,10000.0,77.0,85.0,1.0,6.0,1940.0,1987.0,5.34,40.743358,-73.996633,26v2,597,36061008700
1007710051,222 WEST 22 STREET,MN,771,51,10011.0,1008700,87,A4,1.0,"CHANTAL BACON, AS TRUSTEE",1975.0,3280.0,2460.0,0.0,0.0,0.0,1.0,1.0,1.0,3.0,1901.0,1950.0,1.66,40.7435885,-73.9970949,26v2,572,36061008700
1007710054,228 WEST 22 STREET,MN,771,54,10011.0,1008700,87,A4,1.0,"JP HOUSE, LLC",1975.0,5605.0,4484.0,0.0,0.0,0.0,1.0,1.0,1.0,4.0,1901.0,2008.0,2.84,40.7436681,-73.9972826,26v2,561,36061008700
1007710062,244 WEST 22 STREET,MN,771,62,10011.0,1008700,87,C4,2.0,244 W 22 STREET LLC,2468.0,9620.0,9620.0,0.0,0.0,0.0,20.0,20.0,1.0,5.0,1901.0,0.0,3.9,40.7438905,-73.9978094,26v2,535,36061008700
1007710064,248 WEST 22 STREET,MN,771,64,10011.0,1008700,87,C0,2.0,248WEST22ND LLC,2444.0,4600.0,4600.0,0.0,0.0,0.0,3.0,3.0,1.0,4.0,1901.0,2005.0,1.88,40.7439591,-73.9979682,26v2,528,36061008700
1007680030,209 WEST 18 STREET,MN,768,30,10011.0,1008700,87,S1,4.0,KHEDOURI EZAIR CORP.,2300.0,11000.0,8800.0,2200.0,0.0,2200.0,1.0,2.0,1.0,5.0,1920.0,2017.0,4.78,40.7414861,-73.998322,26v2,412,36061008700
1007680001,162 8 AVENUE,MN,768,1,10011.0,1008700,87,C7,4.0,162 EIGHTH AVENUE LLC,1290.0,3548.0,2258.0,1290.0,0.0,1290.0,8.0,10.0,1.0,3.0,1920.0,0.0,2.75,40.7422436,-74.0003861,26v2,257,36061008700
1007680018,233 WEST 18 STREET,MN,768,18,10011.0,1008700,87,S4,4.0,DREWVIN BLDG CORP,2300.0,4100.0,3475.0,625.0,0.0,625.0,4.0,5.0,1.0,3.0,1910.0,0.0,1.78,40.7418841,-73.999271,26v2,337,36061008700
1007680011,249 WEST 18 STREET,MN,768,11,10011.0,1008700,87,C4,2.0,249 WEST 18TH STREET,2348.0,5150.0,3070.0,2080.0,0.0,2080.0,6.0,8.0,1.0,3.0,1920.0,0.0,2.19,40.7421119,-73.999816,26v2,298,36061008700
1007690062,244 WEST 20 STREET,MN,769,62,10011.0,1008700,87,C6,2.0,MERLE HOUSE INC,1582.0,4400.0,4400.0,0.0,0.0,0.0,10.0,10.0,1.0,4.0,1925.0,1972.0,2.78,40.7429216,-73.9991303,26v2,385,36061008700
1007690001,178 8 AVENUE,MN,769,1,10011.0,1008700,87,C7,4.0,EIGHTH-19TH CO. LLC,4560.0,20312.0,16312.0,4000.0,0.0,4000.0,20.0,24.0,1.0,5.0,1887.0,1987.0,4.45,40.7428475,-73.9998917,26v2,325,36061008700
1007690053,226 WEST 20 STREET,MN,769,53,10011.0,1008700,87,D9,3.0,226 WEST 20TH STREETHOUSING DEVELOPMENT  ETC.,4429.0,27381.0,27381.0,0.0,0.0,0.0,52.0,52.0,1.0,8.0,1920.0,1999.0,6.18,40.7426252,-73.9984951,26v2,421,36061008700
1007690045,210 WEST 20 STREET,MN,769,45,10011.0,1008700,87,C0,2.0,"MOLLE, ROBERT",2075.0,3672.0,2772.0,0.0,0.0,0.0,3.0,3.0,1.0,3.0,1899.0,0.0,1.77,40.7423507,-73.9978203,26v2,467,36061008700
1007680072,264 WEST 19 STREET,MN,768,72,10011.0,1008700,87,C1,2.0,"UNITED CHELSEA,",5253.0,22554.0,22554.0,0.0,0.0,0.0,30.0,30.0,1.0,6.0,1913.0,1988.0,4.29,40.7422958,-73.999567,26v2,324,36061008700
1007690061,242 WEST 20 STREET,MN,769,61,10011.0,1008700,87,S4,4.0,245 REALTY L.L.C.,1512.0,6160.0,4620.0,1540.0,0.0,1540.0,4.0,5.0,1.0,4.0,1900.0,2005.0,4.07,40.7428969,-73.9990617,26v2,389,36061008700
1007690021,231 WEST 19 STREET,MN,769,21,10011.0,1008700,87,C7,4.0,231-233 WEST 19TH ST.LLC,2395.0,9165.0,8415.0,750.0,0.0,750.0,16.0,17.0,1.0,5.0,1901.0,1984.0,3.83,40.7423754,-73.9986034,26v2,404,36061008700
1007690020,233 WEST 19 STREET,MN,769,20,10011.0,1008700,87,C7,4.0,231-233 WEST 19TH ST.,2375.0,9460.0,8710.0,750.0,0.0,750.0,18.0,19.0,1.0,5.0,1901.0,1984.0,3.98,40.7424083,-73.9986828,26v2,399,36061008700
1007690060,240 WEST 20 STREET,MN,769,60,10011.0,1008700,87,C1,2.0,HEMA LLC,2231.0,6000.0,6000.0,0.0,0.0,0.0,10.0,10.0,1.0,4.0,1920.0,1972.0,2.69,40.7428365,-73.9990112,26v2,390,36061008700
1007680031,207 WEST 18 STREET,MN,768,31,10011.0,1008700,87,S1,4.0,KATE HIRSON TRUST U/T/D 5/23/23 AKA KATE  HIRSON TR,2300.0,4000.0,2025.0,1975.0,0.0,1975.0,1.0,2.0,1.0,3.0,1880.0,0.0,1.74,40.7414531,-73.9982462,26v2,418,36061008700
1007680004,168 8 AVENUE,MN,768,4,10011.0,1008700,87,C7,4.0,"FAMILY OF LOUIS, LLC",2951.0,12160.0,11410.0,750.0,0.0,750.0,14.0,15.0,1.0,5.0,1901.0,1981.0,4.12,40.7423781,-74.000184,26v2,279,36061008700
1007680027,213 WEST 18 STREET,MN,768,27,10011.0,1008700,87,D9,3.0,CHELRAE ESTATES INC,4600.0,17500.0,17500.0,0.0,0.0,0.0,40.0,40.0,1.0,5.0,1920.0,1987.0,3.8,40.7415684,-73.998524,26v2,395,36061008700
1007680008,253 WEST 18 STREET,MN,768,8,10011.0,1008700,87,A4,1.0,TSE 253W18 LLC,1521.0,6984.0,5806.0,0.0,0.0,0.0,1.0,1.0,1.0,6.0,1901.0,2015.0,4.59,40.7421421,-74.0000072,26v2,283,36061008700
1007680016,237 WEST 18 STREET,MN,768,16,10011.0,1008700,87,C4,2.0,FLGSP 237 W 18 ST LLC,2300.0,10524.0,10524.0,0.0,0.0,0.0,20.0,22.0,1.0,5.0,1930.0,1989.0,4.58,40.74195,-73.9994298,26v2,325,36061008700
1007680017,235 WEST 18 STREET,MN,768,17,10011.0,1008700,87,C7,4.0,SECONDO,2300.0,10524.0,8770.0,1754.0,877.0,877.0,20.0,22.0,1.0,5.0,1901.0,0.0,4.58,40.741917,-73.9993504,26v2,331,36061008700
1007680081,174 8 AVENUE,MN,768,81,10011.0,1008700,87,K2,5.0,"174 8TH AVENUE ASSOCIATES, INC.",2107.0,4200.0,0.0,4200.0,0.0,4200.0,0.0,1.0,1.0,2.0,1910.0,0.0,1.99,40.7425593,-74.0000938,26v2,294,36061008700
1007690005,263 WEST 19 STREET,MN,769,5,10011.0,1008700,87,C7,4.0,EIGHTH-19TH CO.,2471.0,10075.0,8875.0,1200.0,0.0,1200.0,16.0,18.0,1.0,5.0,1901.0,1987.0,4.08,40.7428146,-73.9996716,26v2,339,36061008700
1007690008,257 WEST 19 STREET,MN,769,8,10011.0,1008700,87,O5,5.0,W19 DEVELOPER LLC,3828.0,8342.0,0.0,8342.0,0.0,2085.0,0.0,1.0,2.0,4.0,1910.0,0.0,2.18,40.7427404,-73.9993612,26v2,359,36061008700
1007690051,222 WEST 20 STREET,MN,769,51,10011.0,1008700,87,C4,2.0,NEW 20 LLC,2425.0,10320.0,10320.0,0.0,0.0,0.0,18.0,18.0,1.0,6.0,1901.0,1984.0,4.26,40.7425428,-73.9982931,26v2,434,36061008700
1007700025,227 WEST 20 STREET,MN,770,25,10011.0,1008700,87,C7,4.0,225-227 W20 PROPERTY OWNER LLC,2180.0,9234.0,8634.0,600.0,600.0,0.0,20.0,22.0,1.0,5.0,1920.0,0.0,4.24,40.7429381,-73.9981667,26v2,460,36061008700
1007680050,220 WEST 19 STREET,MN,768,50,10011.0,1008700,87,O6,5.0,RED CIRCLE N.Y. CORP,8379.0,115433.0,0.0,98433.0,98433.0,0.0,0.0,39.0,1.0,12.0,1910.0,1985.0,13.78,40.7418594,-73.9985204,26v2,399,36061008700
1007680082,172 8 AVENUE,MN,768,82,10011.0,1008700,87,S2,4.0,SIDNEY RUBELL FAMILY TRUST,2108.0,3776.0,2794.0,982.0,0.0,982.0,2.0,3.0,1.0,3.0,1910.0,0.0,1.79,40.7425017,-74.0001335,26v2,288,36061008700
1007680009,251 WEST 18 STREET,MN,768,9,10011.0,1008700,87,C7,4.0,251 WEST 18 LLC,1638.0,5582.0,4932.0,650.0,0.0,650.0,9.0,10.0,1.0,5.0,1901.0,1979.0,3.41,40.7421119,-73.9999242,26v2,289,36061008700
1007680020,217 WEST 18 STREET,MN,768,20,10011.0,1008700,87,Z3,8.0,UNITED STATES POSTAL SERVICE,16100.0,32200.0,0.0,32200.0,0.0,0.0,0.0,2.0,1.0,2.0,1936.0,0.0,2.0,40.7417167,-73.9988741,26v2,367,36061008700
1007690007,259 WEST 19 STREET,MN,769,7,10011.0,1008700,87,C7,4.0,EIGHTH-19TH CO. LLC,2741.0,8536.0,7536.0,1000.0,0.0,1000.0,16.0,18.0,1.0,5.0,1901.0,1987.0,3.11,40.7427569,-73.9994839,26v2,350,36061008700
1007680006,257 WEST 18 STREET,MN,768,6,10011.0,1008700,87,S4,4.0,IRMA'S 18TH STREET LLC,870.0,3200.0,2360.0,840.0,0.0,840.0,4.0,5.0,1.0,4.0,1900.0,1987.0,3.68,40.7421888,-74.0001732,26v2,272,36061008700
1007690022,227 WEST 19 STREET,MN,769,22,10011.0,1008700,87,D8,3.0,227W19OWNER LLC,3606.0,21732.0,21732.0,0.0,0.0,0.0,8.0,8.0,1.0,11.0,2025.0,0.0,6.03,40.7423342,-73.9985024,26v2,411,36061008700
1007680079,278 WEST 19 STREET,MN,768,79,10011.0,1008700,87,C1,2.0,"FAMILY OF LOUIS, LLC",1405.0,5445.0,5445.0,0.0,0.0,0.0,7.0,7.0,1.0,5.0,1929.0,0.0,3.88,40.7424852,-73.9999206,26v2,304,36061008700
1007680083,170 8 AVENUE,MN,768,83,10011.0,1008700,87,C7,4.0,"FAMILY OF LOUIS, LLC",2200.0,8040.0,6540.0,1500.0,0.0,1500.0,8.0,9.0,1.0,5.0,1910.0,0.0,3.65,40.742433,-74.0001443,26v2,284,36061008700
1007690019,235 WEST 19 STREET,MN,769,19,10011.0,1008700,87,C7,4.0,235 WEST 19TH STREET LLC,2362.0,9375.0,7625.0,1750.0,0.0,1750.0,16.0,18.0,1.0,5.0,1901.0,0.0,3.97,40.7424413,-73.9987658,26v2,393,36061008700
1007680003,166 8 AVENUE,MN,768,3,10011.0,1008700,87,S2,4.0,8 18,2342.0,3454.0,2660.0,794.0,0.0,794.0,2.0,3.0,1.0,3.0,1920.0,0.0,1.47,40.742326,-74.0002418,26v2,272,36061008700
1007690059,238 WEST 20 STREET,MN,769,59,10011.0,1008700,87,C1,2.0,HEMA LLC,2311.0,9305.0,9305.0,0.0,0.0,0.0,20.0,20.0,1.0,5.0,1929.0,1962.0,4.03,40.7428063,-73.9989354,26v2,394,36061008700
1007680059,238 WEST 19 STREET,MN,768,59,10011.0,1008700,87,D9,3.0,MMP 250 OWNER LLC,23732.0,157364.0,142364.0,15000.0,0.0,0.0,200.0,202.0,2.0,16.0,1986.0,2016.0,6.63,40.7420927,-73.9990726,26v2,358,36061008700
1007680007,255 WEST 18 STREET,MN,768,7,10011.0,1008700,87,S9,4.0,COLIN 18TH STREET LLC,1579.0,3610.0,2260.0,1350.0,0.0,1350.0,2.0,4.0,1.0,3.0,1920.0,1987.0,2.29,40.7421805,-74.0000866,26v2,278,36061008700
1007690058,236 WEST 20 STREET,MN,769,58,10011.0,1008700,87,C4,2.0,PENTECOSTAL CH OF GOD,2573.0,7695.0,6695.0,1000.0,0.0,0.0,8.0,9.0,1.0,5.0,1947.0,0.0,2.99,40.7427706,-73.9988488,26v2,399,36061008700
1007690031,205 WEST 19 STREET,MN,769,31,10011.0,1008700,87,D0,3.0,205 W 19 ST CORP,6440.0,70273.0,65222.0,5051.0,0.0,5051.0,18.0,19.0,1.0,12.0,1913.0,1988.0,10.91,40.7420405,-73.9978239,26v2,460,36061008700
1007690047,214 WEST 20 STREET,MN,769,47,10011.0,1008700,87,C5,2.0,"214 WEST 20TH STREET REALTY, LLC",2100.0,4000.0,4000.0,0.0,0.0,0.0,16.0,16.0,1.0,3.0,1930.0,0.0,1.9,40.7424138,-73.9979755,26v2,456,36061008700
1007700030,217 WEST 20 STREET,MN,770,30,10011.0,1008700,87,A9,1.0,"217W20 CRG NY, LLC",2002.0,7805.0,7805.0,0.0,0.0,0.0,1.0,1.0,1.0,6.0,1920.0,2016.0,3.9,40.7427624,-73.997777,26v2,483,36061008700
1007690029,211 WEST 19 STREET,MN,769,29,10011.0,1008700,87,O5,5.0,PROPERTIUS  INC,5000.0,23000.0,0.0,23000.0,18400.0,4600.0,0.0,5.0,1.0,6.0,1910.0,0.0,4.6,40.7421311,-73.9980044,26v2,447,36061008700
1007700054,224 WEST 21 STREET,MN,770,54,10011.0,1008700,87,C1,2.0,WYCLIFFE CHELSEA LLC,2927.0,11580.0,11580.0,0.0,0.0,0.0,17.0,17.0,1.0,5.0,1920.0,1974.0,3.96,40.7431,-73.997878,26v2,489,36061008700
1007700028,221 WEST 20 STREET,MN,770,28,10011.0,1008700,87,C6,2.0,221 W 20TH OWNERS CORP,1975.0,8020.0,8020.0,0.0,0.0,0.0,10.0,10.0,1.0,5.0,1901.0,1988.0,4.06,40.7428255,-73.9979358,26v2,473,36061008700
1007700053,222 WEST 21 STREET,MN,770,53,10011.0,1008700,87,C1,2.0,WYCLIFFE CHELSEA LLC,2029.0,8540.0,8540.0,0.0,0.0,0.0,10.0,10.0,1.0,5.0,1920.0,1974.0,4.21,40.7430698,-73.9978023,26v2,494,36061008700
1007700027,223 WEST 20 STREET,MN,770,27,10011.0,1008700,87,C4,2.0,223 WEST 20 MB LLC,1950.0,6965.0,6965.0,0.0,0.0,0.0,10.0,10.0,1.0,5.0,1901.0,0.0,3.57,40.7428585,-73.9980152,26v2,468,36061008700
1007690048,216 WEST 20 STREET,MN,769,48,10011.0,1008700,87,E9,6.0,"216 W. 20TH STREET,",2125.0,6369.0,0.0,6369.0,2123.0,0.0,0.0,1.0,1.0,3.0,1920.0,1987.0,3.0,40.7424467,-73.9980549,26v2,451,36061008700
1007700029,219 WEST 20 STREET,MN,770,29,10011.0,1008700,87,C4,2.0,219 W 20 ST CORP,1988.0,7805.0,7805.0,0.0,0.0,0.0,20.0,20.0,1.0,5.0,1901.0,2005.0,3.93,40.7427926,-73.9978564,26v2,478,36061008700
1007690049,218 WEST 20 STREET,MN,769,49,10011.0,1008700,87,S2,4.0,"GOBER, ROBERT",2150.0,4978.0,3278.0,1700.0,0.0,1700.0,2.0,3.0,1.0,3.0,1920.0,0.0,2.32,40.7424797,-73.9981379,26v2,445,36061008700
1007690046,212 WEST 20 STREET,MN,769,46,10011.0,1008700,87,C1,2.0,"212 W 20TH, LLC",2089.0,7950.0,7950.0,0.0,0.0,0.0,12.0,12.0,1.0,6.0,1938.0,2016.0,3.81,40.7423809,-73.9978961,26v2,462,36061008700
1007690044,208 WEST 20 STREET,MN,769,44,10011.0,1008700,87,D9,3.0,208 W 20 STREET LLC,2050.0,7630.0,7630.0,0.0,0.0,0.0,20.0,20.0,1.0,5.0,1920.0,1987.0,3.72,40.742315,-73.9977373,26v2,473,36061008700
1007700055,226 WEST 21 STREET,MN,770,55,10011.0,1008700,87,C1,2.0,226 WEST 21ST STREET LLC,2496.0,6449.0,6449.0,0.0,0.0,0.0,8.0,8.0,1.0,4.0,1920.0,1973.0,2.58,40.7431329,-73.997961,26v2,484,36061008700
1006400041,356 WEST 12 STREET,MN,640,41,10014.0,1007900,79,O1,5.0,"356 WEST 12TH STREET, LLC",7669.0,7370.0,0.0,7370.0,7370.0,0.0,0.0,1.0,1.0,1.0,1922.0,0.0,0.96,40.7372534,-74.0077438,26v2,595,36061007900
1006400071,34 BETHUNE STREET,MN,640,71,10014.0,1007900,79,C6,2.0,34-36 BETHUNE ST OWNR,1401.0,2888.0,2888.0,0.0,0.0,0.0,7.0,7.0,2.0,4.0,1915.0,1989.0,2.06,40.7371382,-74.0074623,26v2,591,36061007900
1006400052,336 WEST 12 STREET,MN,640,52,10014.0,1007900,79,A4,1.0,336 WEST 12TH PROPERTY OWNER LLC,1930.0,5160.0,4128.0,0.0,0.0,0.0,1.0,1.0,2.0,4.0,1905.0,2010.0,2.67,40.7373605,-74.0069247,26v2,544,36061007900
1006400021,756 WASHINGTON STREET,MN,640,21,10014.0,1007900,79,D1,3.0,"756 WAYWEST DEVELOPMENT CO,LLC",12377.0,76549.0,67749.0,8800.0,0.0,0.0,67.0,67.0,1.0,11.0,2003.0,0.0,6.18,40.7372342,-74.0084655,26v2,638,36061007900
1006400072,36 BETHUNE STREET,MN,640,72,10014.0,1007900,79,C6,2.0,34 36 BETHUNE ST OWNRS CORP,1970.0,2226.0,2226.0,0.0,0.0,0.0,8.0,8.0,2.0,3.0,1900.0,1989.0,1.13,40.7371382,-74.0075381,26v2,595,36061007900
1006450001,20 10 AVENUE,MN,645,1,10014.0,1007900,79,G7,10.0,NEW YORK STATE,4242.0,0.0,,,,,0.0,0.0,0.0,,0.0,0.0,0.0,40.7408655,-74.0084876,26v2,448,36061007900
1006400066,24 BETHUNE STREET,MN,640,66,10014.0,1007900,79,C0,2.0,"24 BETHUNE STREET, LLC",1280.0,3136.0,2352.0,0.0,0.0,0.0,3.0,3.0,1.0,3.0,1845.0,0.0,2.45,40.7371382,-74.0071448,26v2,575,36061007900
1006400050,340 WEST 12 STREET,MN,640,50,10014.0,1007900,79,A4,1.0,340 WEST 12 REALTY LLC,1957.0,5250.0,4200.0,0.0,0.0,0.0,1.0,1.0,2.0,4.0,1899.0,2015.0,2.68,40.7373633,-74.0070979,26v2,552,36061007900
1006400038,763 WASHINGTON STREET,MN,640,38,10014.0,1007900,79,C1,2.0,763 WASHINGTON LLC,1940.0,7560.0,7560.0,0.0,0.0,0.0,20.0,20.0,1.0,5.0,1911.0,1962.0,3.9,40.7373412,-74.0079639,26v2,600,36061007900
1006400012,380 WEST 12 STREET,MN,640,12,10014.0,1007900,79,D0,3.0,WAYWEST TENANTS CORP,14080.0,100320.0,100320.0,0.0,0.0,0.0,53.0,53.0,1.0,7.0,1939.0,1979.0,7.13,40.7373604,-74.0088732,26v2,652,36061007900
1006400057,790 GREENWICH STREET,MN,640,57,10014.0,1007900,79,K4,4.0,"GREENWICH ASSOCIATES, LLC, 4",6011.0,24212.0,10676.0,13536.0,0.0,13536.0,6.0,7.0,2.0,4.0,1920.0,1989.0,4.03,40.7371794,-74.0067587,26v2,553,36061007900
1006510001,427 GANSEVOORT STREET,MN,651,1,10014.0,1007900,79,V1,11.0,NYS DEPARTMENT OF TRANSPORTATION,323300.0,0.0,,,,,0.0,0.0,1.0,,0.0,0.0,0.0,40.7399979,-74.0113311,26v2,701,36061007900
1006510056,PIER 56,MN,651,56,10011.0,1009901,99,T2,7.0,NYS DEPARTMENT OF TRANSPORTATION,317450.0,85956.0,0.0,85956.0,0.0,0.0,0.0,1.0,1.0,1.0,1900.0,0.0,0.27,40.7425972,-74.0108227,26v2,656,36061009901
1006350011,753 WASHINGTON STREET,MN,635,11,10014.0,1007900,79,S2,4.0,"753 WASHINGTON STREET, LLC",1112.0,3680.0,2680.0,1000.0,0.0,1000.0,2.0,3.0,1.0,3.0,1842.0,0.0,3.31,40.7368719,-74.0080396,26v2,644,36061007900
1006350022,23 BETHUNE STREET,MN,635,22,10014.0,1007900,79,C6,2.0,21-23 BETHUNE ST TNTS,3401.0,6924.0,6924.0,0.0,0.0,0.0,8.0,8.0,2.0,4.0,1939.0,2020.0,2.04,40.7367924,-74.0071519,26v2,607,36061007900
1006450023,55 LITTLE WEST 12 ST,MN,645,23,10014.0,1007900,79,K2,5.0,55 LITTLE WEST 12TH LLC,2575.0,5081.0,0.0,5081.0,0.0,5081.0,0.0,3.0,1.0,3.0,1900.0,2003.0,1.97,40.7407584,-74.0084407,26v2,446,36061007900
1006440010,820 WASHINGTON STREET,MN,644,10,10014.0,1007900,79,Y8,7.0,NYC DEPARTMENT OF PARKS AND RECREATION,17436.0,24801.0,0.0,24801.0,0.0,0.0,0.0,1.0,1.0,4.0,2011.0,0.0,1.42,40.7396605,-74.0083647,26v2,474,36061007900
1006440041,32 LITTLE WEST 12 ST,MN,644,41,10014.0,1007900,79,K2,5.0,817-33 WASHINGTON STREET LLC,5350.0,9658.0,0.0,9658.0,4718.0,4940.0,0.0,1.0,3.0,2.0,1920.0,2002.0,1.81,40.739861,-74.0076611,26v2,411,36061007900
1006450011,848 WASHINGTON STREET,MN,645,11,10014.0,1007900,79,H1,5.0,"GC SHL, LLC",32070.0,219320.0,0.0,23191.0,0.0,23191.0,0.0,1.0,2.0,19.0,2006.0,0.0,6.84,40.7408271,-74.0080762,26v2,414,36061007900
1006460001,40 10 AVENUE,MN,646,1,10014.0,1007900,79,O6,5.0,40-56 TENTH OWNER LLC,23541.0,131297.0,0.0,131297.0,100809.0,30488.0,0.0,9.0,1.0,12.0,2017.0,2017.0,5.58,40.7415874,-74.0081485,26v2,417,36061007900
1006450044,21 9 AVENUE,MN,645,44,10014.0,1007900,79,K4,4.0,25 NINTH AVE CORP,5180.0,19574.0,0.0,19574.0,2534.0,17040.0,0.0,2.0,1.0,4.0,1920.0,2010.0,3.78,40.7402069,-74.0062465,26v2,286,36061007900
1006440056,3 9 AVENUE,MN,644,56,10014.0,1007900,79,K4,4.0,"LITTLE WEST 12TH STREET REALTY, L.P.",2442.0,3464.0,1684.0,1780.0,0.0,1780.0,2.0,3.0,2.0,3.0,1899.0,2008.0,1.42,40.7395344,-74.0067517,26v2,361,36061007900
1006270022,55 HORATIO STREET,MN,627,22,10014.0,1007900,79,A4,1.0,"MATHEWS, PHILIP",1000.0,2480.0,1860.0,0.0,0.0,0.0,1.0,1.0,1.0,3.0,1848.0,1985.0,2.48,40.7388921,-74.0061887,26v2,372,36061007900
1006460019,860 WASHINGTON STREET,MN,646,19,10014.0,1007900,79,O6,5.0,EIGHT60 LLC,15178.0,115173.0,0.0,115173.0,89683.0,25490.0,0.0,8.0,1.0,10.0,2016.0,2011.0,7.59,40.7412827,-74.0076865,26v2,377,36061007900
1006450008,32 10 AVENUE,MN,645,8,10014.0,1007900,79,G7,10.0,NYS DEPARTMENT OF TRANSPORTATION,5175.0,0.0,,,,,0.0,0.0,0.0,,0.0,0.0,0.0,40.7411948,-74.0084912,26v2,445,36061007900
1006440005,93 GANSEVOORT STREET,MN,644,5,10014.0,1007900,79,P7,8.0,WHITNEY MUSEUM OF AMERICAN ART,35667.0,232421.0,0.0,232421.0,0.0,0.0,0.0,1.0,1.0,9.0,2011.0,0.0,6.52,40.7395754,-74.0088916,26v2,518,36061007900
1006450005,28 10 AVENUE,MN,645,5,10014.0,1007900,79,G7,10.0,NEW YORK STATE,4055.0,0.0,,,,,0.0,0.0,0.0,,0.0,0.0,0.0,40.7410823,-74.0086175,26v2,457,36061007900
1006540031,500 WEST 14 STREET,MN,654,31,10014.0,1007900,79,H4,5.0,HYUNDAI MOTOR AMERICA,2245.0,6735.0,,,,,0.0,1.0,1.0,3.0,1910.0,1972.0,3.0,40.7420265,-74.0085599,26v2,457,36061007900
1006450039,402 WEST 13 STREET,MN,645,39,10014.0,1007900,79,O5,5.0,402-04  WEST 13TH STREET LLC,2984.0,17667.0,0.0,17667.0,14134.0,3533.0,0.0,2.0,1.0,5.0,2010.0,0.0,5.92,40.7402782,-74.0064161,26v2,296,36061007900
1006440060,57 GANSEVOORT STREET,MN,644,60,10014.0,1007900,79,H2,5.0,RH GANSEVOORT LLC,3740.0,24699.0,0.0,3741.0,0.0,3741.0,0.0,14.0,1.0,5.0,1887.0,0.0,6.6,40.7395481,-74.0071053,26v2,385,36061007900
1006440001,555 WEST STREET,MN,644,1,10014.0,1007900,79,K4,4.0,NYC DEPARTMENT OF PARKS AND RECREATION,94394.0,77923.0,0.0,77923.0,38961.0,38962.0,0.0,1.0,1.0,2.0,1949.0,0.0,0.83,40.7400914,-74.0085597,26v2,472,36061007900
1006450002,10 AVENUE,MN,645,2,10014.0,1007900,79,G7,10.0,NYS DEPARTMENT OF TRANSPORTATION,6526.0,0.0,,,,,0.0,0.0,0.0,,0.0,0.0,0.0,40.7409066,-74.0086752,26v2,463,36061007900
1006460030,420 WEST 14 STREET,MN,646,30,10014.0,1007900,79,O5,5.0,EBS LLC,5162.0,30162.0,0.0,30162.0,25135.0,5027.0,0.0,24.0,1.0,6.0,1900.0,1964.0,5.84,40.7412059,-74.0067266,26v2,297,36061007900
1006280001,2 9 AVENUE,MN,628,1,10014.0,1007900,79,O5,5.0,2 NINTH AVENUE PARTNERS LLC,7727.0,39068.0,0.0,39068.0,33224.0,5844.0,0.0,3.0,3.0,6.0,1913.0,2005.0,5.06,40.7396525,-74.0059001,26v2,296,36061007900
1006280004,10 9 AVENUE,MN,628,4,10014.0,1007900,79,H1,5.0,REGENT SPE LLC,18625.0,108600.0,,,,,0.0,1.0,1.0,13.0,2003.0,0.0,5.83,40.7398226,-74.0056799,26v2,269,36061007900
1006440043,63 GANSEVOORT STREET,MN,644,43,10014.0,1007900,79,K4,4.0,22 LITTLE WEST 12TH STREET PARTNERS LLC,13260.0,64683.0,0.0,64683.0,21144.0,43539.0,0.0,6.0,3.0,6.0,1908.0,2012.0,4.88,40.7397539,-74.0073507,26v2,392,36061007900
1006440051,12 LITTLE WEST 12 ST,MN,644,51,10014.0,1007900,79,K4,4.0,"8-10-12 LITTLE WEST 12TH STREET, LLC",4723.0,8920.0,3240.0,5680.0,1640.0,4040.0,3.0,8.0,1.0,3.0,1899.0,2018.0,1.89,40.7396497,-74.0069032,26v2,365,36061007900
1006450035,410 WEST 13 STREET,MN,645,35,10014.0,1007900,79,O5,5.0,15 LW 12 OWNER LLC,13159.0,66893.0,0.0,66893.0,42842.0,24051.0,0.0,3.0,2.0,5.0,2008.0,0.0,5.08,40.7402425,-74.0067409,26v2,323,36061007900
1006460018,440 WEST 14 STREET,MN,646,18,10014.0,1007900,79,K3,5.0,389 WEST 12TH STREET,7743.0,31449.0,0.0,31449.0,0.0,31449.0,0.0,3.0,1.0,5.0,1920.0,0.0,4.06,40.7414886,-74.0073906,26v2,353,36061007900
1006460032,418 WEST 14 STREET,MN,646,32,10014.0,1007900,79,O5,5.0,"PONTE GADEA NEW YORK, LLC",7743.0,55170.0,0.0,55170.0,38583.0,16587.0,0.0,9.0,1.0,6.0,1900.0,1929.0,7.13,40.7411209,-74.0065317,26v2,281,36061007900
1006270021,53 HORATIO STREET,MN,627,21,10014.0,1007900,79,C6,2.0,53 HORATIO OWNERS CORP,1530.0,4998.0,4998.0,0.0,0.0,0.0,6.0,6.0,2.0,4.0,1929.0,1979.0,3.27,40.7389416,-74.0061057,26v2,363,36061007900
1006430049,52 GANSEVOORT STREET,MN,643,49,10014.0,1007900,79,K2,5.0,52-58 GANSEVOORT STREET LLC,8048.0,13287.0,0.0,13287.0,0.0,13287.0,0.0,2.0,1.0,2.0,1905.0,0.0,1.65,40.7391775,-74.0070367,26v2,404,36061007900
1006430038,807 WASHINGTON STREET,MN,643,38,10014.0,1007900,79,C4,2.0,803-07 WASHINGTON ST,4725.0,10764.0,8064.0,2700.0,0.0,2700.0,9.0,12.0,4.0,4.0,1920.0,1986.0,2.28,40.7390156,-74.0078053,26v2,467,36061007900
1006430001,521 WEST STREET,MN,643,1,10014.0,1007900,79,D5,3.0,95-97 HORATIO L.L.C.,62290.0,434276.0,396250.0,38026.0,0.0,38026.0,318.0,332.0,2.0,10.0,1930.0,2011.0,6.97,40.7390594,-74.0088374,26v2,539,36061007900
1006270017,45 HORATIO STREET,MN,627,17,10014.0,1007900,79,B9,1.0,45 HORATIO LLC,936.0,2704.0,2096.0,0.0,0.0,0.0,2.0,2.0,1.0,4.0,1899.0,0.0,2.89,40.7389031,-74.0058892,26v2,354,36061007900
1006270001,829 GREENWICH STREET,MN,627,1,10014.0,1007900,79,A4,1.0,"829 GREENWICH STREET, LLC",1350.0,3302.0,3302.0,0.0,0.0,0.0,1.0,1.0,1.0,3.0,1899.0,2004.0,2.45,40.7389992,-74.0062536,26v2,367,36061007900
1006270008,32 GANSEVOORT STREET,MN,627,8,10014.0,1007900,79,O5,5.0,32 GANSEVOORT STREET LLC,2225.0,11178.0,4472.0,6706.0,4472.0,2234.0,2.0,4.0,1.0,5.0,1910.0,0.0,5.02,40.7391913,-74.0058784,26v2,330,36061007900
1006430043,809 WASHINGTON STREET,MN,643,43,10014.0,1007900,79,O5,5.0,60-74 GANSEVOORT STREET LLC,16591.0,74496.0,0.0,74496.0,58287.0,16209.0,0.0,8.0,1.0,6.0,1920.0,0.0,4.49,40.739183,-74.0075672,26v2,440,36061007900
1006260004,815 GREENWICH STREET,MN,626,4,10014.0,1007900,79,C6,2.0,815 GREENWICH APTS CORP,4807.0,10000.0,10000.0,0.0,0.0,0.0,20.0,20.0,1.0,4.0,1947.0,0.0,2.08,40.7384914,-74.0062319,26v2,408,36061007900
1006260001,809 GREENWICH STREET,MN,626,1,10014.0,1007900,79,C4,2.0,65 JANE STREET,6695.0,15250.0,14325.0,925.0,925.0,0.0,27.0,27.0,1.0,4.0,1901.0,0.0,2.28,40.7383267,-74.0062247,26v2,422,36061007900
1006250012,615 1/2 HUDSON STREET,MN,625,12,10014.0,1007900,79,C7,4.0,615A HUDSON LLC,1975.0,9654.0,8754.0,900.0,0.0,900.0,15.0,17.0,1.0,6.0,1900.0,1985.0,4.89,40.7378958,-74.0059468,26v2,449,36061007900
1006420042,92 HORATIO STREET,MN,642,42,10014.0,1007900,79,D4,3.0,HORATIO ARMS INC,11177.0,44385.0,44385.0,0.0,0.0,0.0,66.0,66.0,1.0,5.0,1920.0,1970.0,3.97,40.7385188,-74.0078486,26v2,503,36061007900
1006410063,345 WEST 12 STREET,MN,641,63,10014.0,1007900,79,C4,2.0,345 WEST 12TH STREET LLC,3520.0,5682.0,5682.0,0.0,0.0,0.0,12.0,12.0,1.0,3.0,1900.0,0.0,1.61,40.7377365,-74.0071629,26v2,523,36061007900
1006410001,489 WEST STREET,MN,641,1,10014.0,1007900,79,V1,11.0,489 WEST STREET PARTNERS LLC,1826.0,0.0,,,,,0.0,0.0,1.0,,0.0,0.0,0.0,40.7376678,-74.0094687,26v2,668,36061007900
1006410036,777 WASHINGTON STREET,MN,641,36,10014.0,1007900,79,A4,1.0,777 WASHINGTON LLC,6325.0,17422.0,17422.0,0.0,0.0,0.0,1.0,1.0,1.0,3.0,1948.0,1986.0,2.75,40.7379835,-74.0078954,26v2,545,36061007900
1006410039,92 JANE STREET,MN,641,39,10014.0,1007900,79,A4,1.0,92 JANE NY LLC,1684.0,4248.0,3151.0,0.0,0.0,0.0,1.0,1.0,1.0,4.0,1858.0,2005.0,2.52,40.7379808,-74.0076789,26v2,532,36061007900
1006410005,497 WEST STREET,MN,641,5,10014.0,1007900,79,D6,4.0,134 JANE STREET LLC,10255.0,72754.0,72171.0,583.0,0.0,583.0,15.0,16.0,1.0,11.0,2025.0,0.0,7.09,40.7379889,-74.009328,26v2,637,36061007900
1006420055,830 GREENWICH STREET,MN,642,55,10014.0,1007900,79,C3,2.0,"MARKS, MATTHEW",1584.0,5016.0,5016.0,0.0,0.0,0.0,4.0,4.0,1.0,3.0,1905.0,1966.0,3.17,40.7386616,-74.0066866,26v2,419,36061007900
1006410017,100 JANE STREET,MN,641,17,10014.0,1007900,79,D3,3.0,100 JANE STREET L.P.,17635.0,123646.0,123646.0,0.0,0.0,0.0,148.0,148.0,1.0,9.0,1996.0,0.0,7.01,40.73786,-74.00848,26v2,591,36061007900
1006420050,76 HORATIO STREET,MN,642,50,10014.0,1007900,79,C1,2.0,CASTEGA REALTY ASSOCIATES,2440.0,11060.0,11060.0,0.0,0.0,0.0,16.0,16.0,2.0,4.0,1905.0,1987.0,4.53,40.7386204,-74.0071666,26v2,452,36061007900
1006420067,79 JANE STREET,MN,642,67,10014.0,1007900,79,B1,1.0,"FOUR SONS PROPERTY, LLC",3620.0,8976.0,5984.0,0.0,0.0,0.0,2.0,2.0,1.0,3.0,1899.0,2013.0,2.48,40.7383239,-74.0072676,26v2,481,36061007900
1006420150,78 HORATIO STREET,MN,642,150,10014.0,1007900,79,B9,1.0,"FOTOS, CONSTANTINE",1625.0,3657.0,3657.0,0.0,0.0,0.0,2.0,2.0,1.0,3.0,1888.0,2008.0,2.25,40.7384996,-74.0071702,26v2,461,36061007900
1006050028,HUDSON STREET,MN,605,28,10014.0,1006900,69,Q2,9.0,THE BOARD OF MANAGERS OF THE DIOCESAN MI SSIONARY ETC.,6109.0,0.0,,,,,0.0,0.0,0.0,,0.0,0.0,0.0,40.7328509,-74.006751,26v2,992,36061006900
1007240001,278 10 AVENUE,MN,724,1,10001.0,1009700,97,D3,3.0,NYC HOUSING AUTHORITY,51324.0,159200.0,159200.0,0.0,0.0,0.0,162.0,162.0,3.0,12.0,1946.0,0.0,3.1,40.7497642,-74.00205,26v2,940,36061009700
1007240023,281 9 AVENUE,MN,724,23,10001.0,1009700,97,W1,8.0,NYC DEPARTMENT OF EDUCATION,65600.0,85085.0,0.0,85085.0,0.0,0.0,0.0,2.0,1.0,3.0,1960.0,1985.0,1.3,40.7490067,-74.000231,26v2,887,36061009700
1007240010,441 WEST 26 STREET,MN,724,10,10001.0,1009700,97,D6,4.0,NYC HOUSING AUTHORITY,36645.0,108426.0,100611.0,7815.0,0.0,0.0,94.0,97.0,1.0,14.0,1968.0,2004.0,2.96,40.7496133,-74.0014942,26v2,929,36061009700
1007240015,427 WEST 26 STREET,MN,724,15,10001.0,1009700,97,D3,3.0,NYC HOUSING AUTHORITY,52411.0,187330.0,187330.0,0.0,0.0,0.0,81.0,81.0,1.0,12.0,1968.0,0.0,3.57,40.7493169,-74.0010106,26v2,904,36061009700
1007240082,303 9 AVENUE,MN,724,82,10001.0,1009700,97,I5,8.0,NYC DEPARTMENT OF HEALTH AND MENTAL HYGIENE,7950.0,18000.0,0.0,18000.0,0.0,0.0,0.0,1.0,1.0,3.0,1940.0,2017.0,2.26,40.7495749,-73.999852,26v2,956,36061009700
1005930048,14 GAY STREET,MN,593,48,10014.0,1007100,71,V1,11.0,GAY STREET REVIVAL INITIATIVE 1 LLC,990.0,0.0,,,,,0.0,0.0,1.0,,0.0,1987.0,0.0,40.7336471,-74.0005557,26v2,886,36061007100
1005770030,18 WEST 14 STREET,MN,577,30,10011.0,1006300,63,D4,3.0,13 W 13 APT CORP,18070.0,100315.0,95115.0,5200.0,0.0,5200.0,83.0,86.0,1.0,6.0,1962.0,0.0,5.55,40.7360596,-73.9950637,26v2,905,36061006300
1005770024,22 WEST 14 STREET,MN,577,24,10011.0,1006300,63,D4,3.0,25 WEST 13TH ST CORP,25812.0,151500.0,130000.0,21500.0,0.0,21500.0,182.0,186.0,1.0,7.0,1960.0,1989.0,5.87,40.7362737,-73.9953199,26v2,873,36061006300
1005770019,34 WEST 14 STREET,MN,577,19,10011.0,1006300,63,O5,5.0,THE NEW SCHOOL,25297.0,151541.0,0.0,151541.0,113540.0,38000.0,0.0,6.0,1.0,5.0,1930.0,1986.0,5.99,40.7364192,-73.9957348,26v2,836,36061006300
1005760025,37 WEST 12 STREET,MN,576,25,10011.0,1006300,63,D4,3.0,BUTTERFIELD HOUSE INC-B.H.S.(37120),29110.0,235875.0,230621.0,5254.0,5254.0,0.0,102.0,105.0,2.0,13.0,1961.0,0.0,8.1,40.7356095,-73.9955942,26v2,906,36061006300
1005770034,8 WEST 14 STREET,MN,577,34,10011.0,1006300,63,V1,11.0,5W13 OWNER LLC,18070.0,0.0,,,,,0.0,0.0,0.0,,0.0,2001.0,0.0,40.7359416,-73.994674,26v2,938,36061006300
1005770018,44 WEST 14 STREET,MN,577,18,10011.0,1006300,63,D7,4.0,EBR 14 LLC,2581.0,13712.0,11762.0,1950.0,0.0,1950.0,18.0,19.0,1.0,6.0,1900.0,2001.0,5.31,40.736647,-73.9958864,26v2,809,36061006300
1005770041,78 5 AVENUE,MN,577,41,10011.0,1006300,63,O6,5.0,"AMDAR COMPANY, LLC",3219.0,32100.0,0.0,32100.0,30100.0,2000.0,0.0,7.0,1.0,10.0,1900.0,0.0,9.97,40.7358043,-73.9941833,26v2,980,36061006300
1005770037,6 WEST 14 STREET,MN,577,37,10011.0,1006300,63,O5,5.0,"4-6 WEST 14TH STREET VENTURES, LLC",4440.0,19642.0,0.0,19642.0,10990.0,4326.0,0.0,8.0,1.0,4.0,1910.0,0.0,4.42,40.7360047,-73.9943601,26v2,954,36061006300
1005770066,43 WEST 13 STREET,MN,577,66,10011.0,1006300,63,D0,3.0,GLASS HOUSE COOPERATIVE INC,5163.0,46350.0,41200.0,5150.0,5150.0,0.0,14.0,15.0,1.0,9.0,1906.0,0.0,8.98,40.7363945,-73.9961029,26v2,814,36061006300
1005770014,52 WEST 14 STREET,MN,577,14,10011.0,1006300,63,D7,4.0,52 WEST 14TH STREET LLC,2581.0,12800.0,10500.0,2300.0,0.0,2300.0,18.0,19.0,1.0,7.0,1900.0,1987.0,4.96,40.7367733,-73.9961895,26v2,781,36061006300
1005770013,54 WEST 14 STREET,MN,577,13,10011.0,1006300,63,K4,4.0,FAB 14 LLC,2581.0,9243.0,0.0,9243.0,0.0,2525.0,0.0,1.0,1.0,4.0,1900.0,0.0,3.58,40.7368035,-73.9962689,26v2,774,36061006300
1005760022,30 WEST 13 STREET,MN,576,22,10011.0,1006300,63,D4,3.0,WEST 13TH ST OWNERS INC,11132.0,60692.0,50692.0,10000.0,0.0,0.0,29.0,30.0,2.0,6.0,1900.0,0.0,5.45,40.7357797,-73.9959983,26v2,868,36061006300
1005760041,68 5 AVENUE,MN,576,41,10011.0,1006300,63,W9,8.0,NEW SCHL FR SOCIAL RSRCH,2971.0,8164.0,0.0,8164.0,8164.0,0.0,0.0,1.0,1.0,5.0,1900.0,1989.0,2.75,40.7352883,-73.9945694,26v2,993,36061006300
1005760054,23 WEST 12 STREET,MN,576,54,10011.0,1006300,63,C3,2.0,"HUCK, SIMON",2581.0,7000.0,7000.0,0.0,0.0,0.0,4.0,4.0,1.0,4.0,1900.0,0.0,2.71,40.7353158,-73.9955184,26v2,933,36061006300
1005770017,46 WEST 14 STREET,MN,577,17,10011.0,1006300,63,D9,3.0,SASSON REALTY CORP,2581.0,16400.0,11710.0,4690.0,0.0,4690.0,9.0,10.0,1.0,6.0,1920.0,2005.0,6.35,40.73668,-73.9959694,26v2,802,36061006300
1005740015,56 WEST 11 STREET,MN,574,15,10011.0,1006300,63,D3,3.0,56 WEST 11TH STREET LLC,4171.0,27184.0,27184.0,0.0,0.0,0.0,36.0,36.0,1.0,9.0,1912.0,0.0,6.52,40.7347587,-73.9973371,26v2,885,36061006300
1005730022,40 WEST 10 STREET,MN,573,22,10011.0,1006300,63,A7,1.0,RIVENDELL HOUSE LLC,2245.0,6136.0,6136.0,0.0,0.0,0.0,1.0,1.0,1.0,3.0,1899.0,2007.0,2.73,40.7340149,-73.9974273,26v2,951,36061006300
1005750001,462 AVENUE OF THE AMERICAS,MN,575,1,10011.0,1006300,63,S9,4.0,"EUGENE ELLIS REAL ESTATE,",2932.0,7140.0,0.0,2940.0,0.0,2940.0,4.0,7.0,1.0,3.0,1910.0,0.0,2.44,40.7353955,-73.9979288,26v2,799,36061006300
1005750017,66 WEST 12 STREET,MN,575,17,10011.0,1006300,63,W6,8.0,NEW SCHOOL SOC RESEAR,22315.0,120467.0,0.0,120467.0,0.0,0.0,0.0,1.0,3.0,8.0,1931.0,0.0,5.4,40.7354037,-73.9972901,26v2,829,36061006300
1005750077,55 WEST 11 STREET,MN,575,77,10011.0,1006300,63,D6,4.0,LIANT RECORD LLC,9912.0,63943.0,62943.0,1000.0,0.0,1000.0,87.0,88.0,1.0,9.0,1924.0,1987.0,6.45,40.7351676,-73.9971566,26v2,857,36061006300
1005720008,416 AVENUE OF THE AMERICAS,MN,572,8,10011.0,1006300,63,D6,4.0,66 WEST ASSOCIATES,3388.0,20893.0,18093.0,2800.0,0.0,2800.0,30.0,32.0,1.0,7.0,1900.0,1988.0,6.17,40.7339682,-73.99895,26v2,897,36061006300
1005740008,72 WEST 11 STREET,MN,574,8,10011.0,1006300,63,Z8,9.0,CONG SHEARETH ISRAEL CEMETARY,4398.0,0.0,,,,,0.0,0.0,0.0,,0.0,0.0,0.0,40.7350853,-73.9978422,26v2,831,36061006300
1005750016,78 WEST 12 STREET,MN,575,16,10011.0,1006300,63,C0,2.0,"SCHWARTZ, ARTHUR Z",2056.0,5100.0,3825.0,0.0,0.0,0.0,3.0,3.0,1.0,3.0,1843.0,0.0,2.48,40.7355849,-73.9973551,26v2,810,36061006300
1005730019,42 WEST 10 STREET,MN,573,19,10011.0,1006300,63,D7,4.0,SHALVIN CP,5950.0,39782.0,39182.0,600.0,600.0,0.0,46.0,47.0,1.0,9.0,1917.0,0.0,6.69,40.7340725,-73.997568,26v2,939,36061006300
1005760006,496 AVENUE OF THE AMERICAS,MN,576,6,10011.0,1006300,63,S3,4.0,"496 DK PROPERTIES, CORP.",1965.0,4924.0,3699.0,1225.0,0.0,1225.0,3.0,4.0,1.0,4.0,1900.0,1982.0,2.51,40.7362408,-73.9972612,26v2,758,36061006300
1005760001,486 AVENUE OF THE AMERICAS,MN,576,1,10011.0,1006300,63,D4,3.0,79 W 12 ST CORP,10827.0,131126.0,125926.0,5200.0,0.0,5200.0,107.0,113.0,1.0,16.0,1960.0,0.0,12.11,40.7360926,-73.9973586,26v2,765,36061006300
1005760008,500 AVENUE OF THE AMERICAS,MN,576,8,10011.0,1006300,63,S4,4.0,"SIXTH AVENUE EQUITIES,",2000.0,4200.0,2200.0,2000.0,0.0,2000.0,4.0,5.0,1.0,4.0,1920.0,2005.0,2.1,40.7363369,-73.9971854,26v2,755,36061006300
1005760007,498 AVENUE OF THE AMERICAS,MN,576,7,10011.0,1006300,63,K4,4.0,"SIXTH AVENUE EQUITIES,",2000.0,4032.0,1600.0,2432.0,0.0,2432.0,2.0,4.0,1.0,4.0,1900.0,1988.0,2.02,40.7362875,-73.9972215,26v2,757,36061006300
1005760010,504 AVENUE OF THE AMERICAS,MN,576,10,10011.0,1006300,63,K4,4.0,504 ASSOCIATES LLC,2500.0,5129.0,2029.0,3100.0,0.0,3100.0,2.0,3.0,2.0,3.0,1920.0,2008.0,2.05,40.736444,-73.9971097,26v2,750,36061006300
1005770010,58 WEST 14 STREET,MN,577,10,10011.0,1006300,63,D5,3.0,13-14 DEVELOPMENT,5162.0,37810.0,32648.0,5162.0,0.0,5162.0,32.0,33.0,1.0,9.0,1906.0,1999.0,7.32,40.7368858,-73.9964601,26v2,755,36061006300
1005760076,71 WEST 12 STREET,MN,576,76,10011.0,1006300,63,D7,4.0,"71 WEST 12TH STREET, LLC",9034.0,37824.0,36879.0,945.0,945.0,0.0,46.0,47.0,1.0,6.0,1922.0,1988.0,4.19,40.7359636,-73.9970519,26v2,793,36061006300
1005760014,54 WEST 13 STREET,MN,576,14,10011.0,1006300,63,HB,5.0,BRIDGETON WEST 13 FEE LLC,4336.0,46020.0,0.0,3000.0,0.0,3000.0,0.0,1.0,1.0,17.0,2011.0,0.0,10.61,40.7361338,-73.9966658,26v2,801,36061006300
1005760009,502 AVENUE OF THE AMERICAS,MN,576,9,10011.0,1006300,63,K1,5.0,VRAHOS LLC,2000.0,1880.0,0.0,1880.0,0.0,1880.0,0.0,2.0,1.0,1.0,1920.0,1985.0,0.94,40.7363891,-73.9971493,26v2,752,36061006300
1005760016,42 WEST 13 STREET,MN,576,16,10011.0,1006300,63,D4,3.0,4213 VILLAGE CORP,8550.0,31540.0,31540.0,0.0,0.0,0.0,40.0,40.0,1.0,5.0,1960.0,1988.0,3.69,40.736024,-73.9964024,26v2,825,36061006300
1005760015,50 WEST 13 STREET,MN,576,15,10011.0,1006300,63,S2,4.0,50 WEST 13 LLC,2168.0,3864.0,3066.0,798.0,0.0,798.0,2.0,3.0,1.0,3.0,1901.0,0.0,1.78,40.7360899,-73.9965648,26v2,810,36061006300
1005770071,55 WEST 13 STREET,MN,577,71,10011.0,1006300,63,O3,5.0,NEW SCHOOL-SOCL RESEARCH,10325.0,86117.0,0.0,86117.0,86117.0,0.0,0.0,6.0,1.0,9.0,1900.0,0.0,8.34,40.7365592,-73.9964962,26v2,778,36061006300
1005530011,58 WEST 8 STREET,MN,553,11,10011.0,1006300,63,C7,4.0,RETURN TO HOME,7265.0,23897.0,19117.0,4780.0,0.0,4780.0,28.0,32.0,5.0,5.0,1900.0,1988.0,3.29,40.7331887,-73.9992098,26v2,969,36061006300
1005530006,388 AVENUE OF THE AMERICAS,MN,553,6,10011.0,1006300,63,K2,5.0,378 SIXTH LLC,8000.0,21009.0,0.0,21009.0,0.0,21009.0,0.0,4.0,2.0,2.0,1956.0,1971.0,2.63,40.733186,-73.9995129,26v2,961,36061006300
1005720017,38 WEST 9 STREET,MN,572,17,10011.0,1006300,63,D4,3.0,38-50 WEST 9 STREET CORP,15121.0,73098.0,73098.0,0.0,0.0,0.0,54.0,54.0,3.0,6.0,1900.0,1987.0,4.83,40.7335483,-73.9981381,26v2,968,36061006300
1005720006,412 AVENUE OF THE AMERICAS,MN,572,6,10011.0,1006300,63,O6,5.0,W A & W O KAISER INC,3094.0,21490.0,0.0,21490.0,18590.0,2900.0,0.0,7.0,1.0,7.0,1902.0,0.0,6.95,40.7338639,-73.9990258,26v2,905,36061006300
1005720010,64 WEST 9 STREET,MN,572,10,10011.0,1006300,63,C5,2.0,"61 WEST 8TH ST.,LLC",4696.0,17382.0,14782.0,2600.0,0.0,2600.0,16.0,17.0,3.0,5.0,1900.0,1987.0,3.7,40.7337212,-73.9989139,26v2,923,36061006300
1005530041,123 WAVERLY PLACE,MN,553,41,10011.0,1006300,63,D3,3.0,DARLINGTON ESTATES INC,6427.0,37939.0,37132.0,807.0,807.0,0.0,47.0,47.0,1.0,9.0,1917.0,1987.0,5.9,40.7329142,-73.9994371,26v2,991,36061006300
1005720016,52 WEST 9 STREET,MN,572,16,10011.0,1006300,63,C6,2.0,52 W 9TH ST OWNRS CP,2348.0,6114.0,6114.0,0.0,0.0,0.0,2.0,2.0,2.0,4.0,1980.0,2005.0,2.6,40.7336718,-73.998434,26v2,945,36061006300
1005760036,2 WEST 13 STREET,MN,576,36,10011.0,1006300,63,W6,8.0,NEW SCHOOL/SOCIAL RES.,10500.0,116962.0,0.0,116962.0,0.0,0.0,0.0,2.0,1.0,12.0,1913.0,1956.0,11.14,40.7353899,-73.9947859,26v2,972,36061006300
1005760042,64 5 AVENUE,MN,576,42,10011.0,1006300,63,W6,8.0,NEW SCHOOL/SOCIAL RES.,6045.0,49391.0,0.0,49391.0,0.0,0.0,0.0,2.0,1.0,8.0,1920.0,1925.0,8.17,40.735195,-73.9946488,26v2,995,36061006300
1005750057,15 WEST 11 STREET,MN,575,57,10011.0,1006300,63,D4,3.0,15 TENANT STOCKHOLDERS INC,7537.0,51113.0,51113.0,0.0,0.0,0.0,42.0,42.0,1.0,9.0,1923.0,0.0,6.78,40.7345418,-73.9956917,26v2,988,36061006300
1005750067,35 WEST 11 STREET,MN,575,67,10011.0,1006300,63,C2,2.0,NANCY RUDOLPH ASSOCIATES,2349.0,5344.0,5344.0,0.0,0.0,0.0,5.0,5.0,1.0,3.0,1900.0,1985.0,2.28,40.7348135,-73.9963159,26v2,931,36061006300
1005750074,49 WEST 11 STREET,MN,575,74,10011.0,1006300,63,C1,2.0,49 WEST 11TH STREETLLC,2460.0,6960.0,6960.0,0.0,0.0,0.0,26.0,26.0,1.0,5.0,1900.0,1989.0,2.83,40.7350249,-73.9968174,26v2,887,36061006300
1005750072,45 WEST 11 STREET,MN,575,72,10011.0,1006300,63,D4,3.0,45 WEST 11TH STREET,4715.0,27308.0,27308.0,0.0,0.0,0.0,34.0,34.0,1.0,8.0,1846.0,1996.0,5.79,40.7349782,-73.9967092,26v2,896,36061006300
1005920005,128 WEST WASHINGTON PLCE,MN,592,5,10014.0,1007100,71,B9,1.0,GINSBERG REVOCABLE TRUST,1102.0,2784.0,2784.0,0.0,0.0,0.0,2.0,2.0,1.0,3.0,1899.0,0.0,2.53,40.7327056,-74.0016959,26v2,971,36061007100
1005920044,88 GROVE STREET,MN,592,44,10014.0,1007100,71,A5,1.0,"NADIN, ANNA KENNEDY",2000.0,2040.0,2040.0,0.0,0.0,0.0,1.0,1.0,2.0,3.0,1899.0,0.0,1.02,40.7333616,-74.0019629,26v2,896,36061007100
1005920082,129 WEST WASHINGTON PLCE,MN,592,82,10014.0,1007100,71,D3,3.0,13-15 SHERIDAN SQUARE LLC,9092.0,38214.0,38214.0,0.0,0.0,0.0,52.0,52.0,1.0,6.0,1924.0,1985.0,4.2,40.7331448,-74.0017356,26v2,922,36061007100
1005920078,121 WEST WASHINGTON PLCE,MN,592,78,10014.0,1007100,71,A7,1.0,"CZOE WASHINGTON PL, LLC",2134.0,6716.0,6716.0,0.0,0.0,0.0,1.0,1.0,2.0,4.0,1925.0,2018.0,3.15,40.7329691,-74.0013242,26v2,946,36061007100
1005920039,183 WEST 4 STREET,MN,592,39,10014.0,1007100,71,B1,1.0,TANA TWO LLC,834.0,462.0,462.0,0.0,0.0,0.0,2.0,2.0,2.0,1.0,1910.0,0.0,0.55,40.7325876,-74.0017392,26v2,983,36061007100
1005920087,CHRISTOPHER STREET,MN,592,87,10014.0,1007100,71,Q1,9.0,UNITED STATES OF AMERICA,8007.0,0.0,,,,,0.0,0.0,0.0,,0.0,0.0,0.0,40.7335839,-74.0023165,26v2,868,36061007100
1005920040,80 GROVE STREET,MN,592,40,10014.0,1007100,71,D6,4.0,"TEN SHERIDAN ASSOCIATES, LLC",3427.0,47808.0,43808.0,4000.0,573.0,3427.0,74.0,76.0,1.0,14.0,1929.0,1988.0,13.95,40.7333177,-74.0022299,26v2,898,36061007100
1005920042,84 GROVE STREET,MN,592,42,10014.0,1007100,71,D1,3.0,UNAVAILABLE OWNER,4215.0,16400.0,16400.0,0.0,0.0,0.0,20.0,20.0,3.0,5.0,1885.0,1989.0,3.89,40.7333232,-74.0020603,26v2,899,36061007100
1006110076,153 WEST 10 STREET,MN,611,76,10014.0,1007100,71,C4,2.0,151 WEST 10TH STREET ASSOCIATES,3212.0,11836.0,11836.0,0.0,0.0,0.0,27.0,27.0,3.0,4.0,1910.0,0.0,3.68,40.7346654,-74.0012918,26v2,762,36061007100
1006120056,2 PERRY STREET,MN,612,56,10014.0,1007100,71,B9,1.0,"TARNOWSKI, THOMAS A",771.0,2032.0,2032.0,0.0,0.0,0.0,2.0,2.0,1.0,3.0,1849.0,0.0,2.64,40.7357743,-74.0009851,26v2,649,36061007100
1006090012,152 WEST 14 STREET,MN,609,12,10011.0,1007100,71,V1,11.0,152 W 14 REALTY LLC,2581.0,0.0,,,,,0.0,0.0,1.0,,0.0,0.0,0.0,40.7380963,-73.9993469,26v2,487,36061007100
1006080024,128 WEST 13 STREET,MN,608,24,10011.0,1007100,71,D7,4.0,"VILLAGE VENTURA ASSOCIATES    .,",4544.0,18570.0,17570.0,1000.0,1000.0,0.0,42.0,43.0,1.0,6.0,1910.0,0.0,4.09,40.7370341,-73.9988056,26v2,607,36061007100
1006060032,158 WEST 11 STREET,MN,606,32,10011.0,1007100,71,A9,1.0,GILMAN DANIELLE,420.0,863.0,863.0,0.0,0.0,0.0,1.0,1.0,1.0,3.0,1899.0,0.0,2.05,40.7362272,-74.0005485,26v2,613,36061007100
1006090164,139 WEST 13 STREET,MN,609,164,10011.0,1007100,71,C6,2.0,WINKLER RICHARD S,2581.0,7925.0,7925.0,0.0,0.0,0.0,6.0,6.0,3.0,3.0,1910.0,1980.0,3.07,40.7375172,-73.9987587,26v2,568,36061007100
1006090013,150 WEST 14 STREET,MN,609,13,10011.0,1007100,71,G7,10.0,150 W. 14 REALTY LLC,2575.0,0.0,,,,,0.0,0.0,1.0,,0.0,0.0,0.0,40.7380634,-73.9992675,26v2,495,36061007100
1006060029,68 GREENWICH AVENUE,MN,606,29,10011.0,1007100,71,S2,4.0,"DERBY RED BALL MARKET GLOBAL, LLC",950.0,2402.0,1513.0,889.0,0.0,889.0,2.0,3.0,1.0,3.0,1910.0,0.0,2.53,40.7362381,-74.0006712,26v2,608,36061007100
1006080068,157 WEST 12 STREET,MN,608,68,10011.0,1007100,71,A4,1.0,"ROBYN BEVERLEY CALDER, AS TRUSTEE",2151.0,3200.0,2400.0,0.0,0.0,0.0,1.0,1.0,2.0,3.0,1899.0,2005.0,1.49,40.7369874,-73.9994948,26v2,578,36061007100
1006060041,138 WEST 11 STREET,MN,606,41,10011.0,1007100,71,A4,1.0,137+1 HOLDINGS LLC,5450.0,10800.0,8100.0,0.0,0.0,0.0,1.0,1.0,1.0,4.0,1855.0,2018.0,1.98,40.7358456,-74.0000361,26v2,669,36061007100
1006090065,141 WEST 13 STREET,MN,609,65,10011.0,1007100,71,C6,2.0,VILLAGE MEWS HOUSING CORP,8776.0,28200.0,28200.0,0.0,0.0,0.0,15.0,15.0,1.0,2.0,1910.0,0.0,3.21,40.7375913,-73.9989319,26v2,553,36061007100
1006080074,169 WEST 12 STREET,MN,608,74,10011.0,1007100,71,D4,3.0,171 W 12 ST INC,6505.0,31750.0,31750.0,0.0,0.0,0.0,25.0,25.0,1.0,6.0,1922.0,0.0,4.88,40.7371823,-73.9999531,26v2,539,36061007100
1006090014,148 WEST 14 STREET,MN,609,14,10011.0,1007100,71,C7,4.0,148 W REALTY LLC,2581.0,7605.0,6084.0,1521.0,0.0,1521.0,24.0,26.0,1.0,5.0,1900.0,0.0,2.95,40.7380305,-73.9991881,26v2,502,36061007100
1005920069,371 AVENUE OF THE AMERICAS,MN,592,69,10014.0,1007100,71,W2,8.0,RC CHUR ST JOSEPH,4075.0,14475.0,0.0,14475.0,0.0,0.0,0.0,1.0,1.0,4.0,1954.0,0.0,3.55,40.7327605,-74.000617,26v2,981,36061007100
1005930024,391 AVENUE OF THE AMERICAS,MN,593,24,10014.0,1007100,71,K1,5.0,"REALYA GVA, LLC",3085.0,3085.0,0.0,3085.0,0.0,3085.0,0.0,1.0,1.0,1.0,1920.0,0.0,1.0,40.7333397,-74.0001335,26v2,929,36061007100
1006100053,21 GREENWICH AVENUE,MN,610,53,10014.0,1007100,71,S9,4.0,GREENWICH-TENTH COMPANY,2158.0,4837.0,3437.0,1400.0,0.0,1400.0,4.0,7.0,2.0,3.0,1910.0,0.0,2.24,40.7345446,-74.0001804,26v2,800,36061007100
1006100069,19 CHRISTOPHER STREET,MN,610,69,10014.0,1007100,71,C7,4.0,"DAVIT REALTY,",3600.0,14780.0,12980.0,1800.0,0.0,1800.0,22.0,25.0,1.0,6.0,1900.0,0.0,4.11,40.7341055,-74.0007577,26v2,833,36061007100
1005930023,395 AVENUE OF THE AMERICAS,MN,593,23,10014.0,1007100,71,K7,5.0,"REALYA GVA, LLC",2462.0,4926.0,0.0,4926.0,0.0,4926.0,0.0,1.0,1.0,2.0,1915.0,1982.0,2.0,40.7334248,-74.0000686,26v2,921,36061007100
1006100066,13 CHRISTOPHER STREET,MN,610,66,10014.0,1007100,71,C7,4.0,"13-15 CHRISTOPHER STREET, LLC",3600.0,8280.0,4980.0,3300.0,0.0,3300.0,7.0,10.0,3.0,3.0,1920.0,1985.0,2.3,40.7341357,-74.0005449,26v2,834,36061007100
1005930003,141 WAVERLY PLACE,MN,593,3,10014.0,1007100,71,C6,2.0,5-7 GARY ST OWNERS CORP,1650.0,6300.0,5050.0,1250.0,0.0,1250.0,12.0,13.0,2.0,4.0,1900.0,1986.0,3.82,40.7333671,-74.0005124,26v2,917,36061007100
1006100060,1 CHRISTOPHER STREET,MN,610,60,10014.0,1007100,71,D6,4.0,CARMINE LIMITED,8060.0,102354.0,94904.0,7450.0,0.0,7450.0,125.0,134.0,1.0,16.0,1931.0,0.0,12.7,40.7341933,-74.0000253,26v2,841,36061007100
1005930004,9 GAY STREET,MN,593,4,10014.0,1007100,71,A5,1.0,"FINA, MARK CHARLES",1285.0,2450.0,1820.0,0.0,0.0,0.0,1.0,1.0,1.0,3.0,1899.0,0.0,1.91,40.7334522,-74.0003608,26v2,911,36061007100
1006110053,10 CHARLES STREET,MN,611,53,10014.0,1007100,71,C2,2.0,10 CHARLES STREET LLC,1900.0,4860.0,4860.0,0.0,0.0,0.0,6.0,6.0,2.0,4.0,1920.0,2009.0,2.56,40.7350359,-74.0008444,26v2,731,36061007100
1006120062,45 GREENWICH AVENUE,MN,612,62,10014.0,1007100,71,C7,4.0,"LANYARD REALTY CO.,L.L.C.",2867.0,9252.0,6952.0,2300.0,0.0,2300.0,12.0,16.0,1.0,5.0,1940.0,0.0,3.23,40.7354888,-74.0007289,26v2,685,36061007100
1006060009,30 GREENWICH AVENUE,MN,606,9,10011.0,1007100,71,D8,3.0,"14 L. PIERRE ASSOCIATES, LLC",9727.0,37736.0,34536.0,3200.0,0.0,3200.0,49.0,54.0,3.0,6.0,1920.0,0.0,3.88,40.7351677,-73.9997474,26v2,748,36061007100
1006060013,32 GREENWICH AVENUE,MN,606,13,10011.0,1007100,71,Q2,9.0,NYC DEPARTMENT OF EDUCATION,20737.0,0.0,,,,,0.0,0.0,0.0,,0.0,0.0,0.0,40.7353763,-73.9999711,26v2,719,36061007100
1006110065,23 GREENWICH AVENUE,MN,611,65,10014.0,1007100,71,D4,3.0,33 GREENWICH OWNERS CORP,13422.0,142941.0,133540.0,9401.0,0.0,9401.0,150.0,155.0,1.0,15.0,1961.0,0.0,10.65,40.7348767,-74.0004294,26v2,758,36061007100
1006120060,49 GREENWICH AVENUE,MN,612,60,10014.0,1007100,71,C7,4.0,"LANYARD REALTY CO.,L.L.C.",3000.0,10204.0,8204.0,2000.0,0.0,2000.0,12.0,15.0,1.0,5.0,1900.0,0.0,3.4,40.7355986,-74.0008011,26v2,672,36061007100
1006120066,5 CHARLES STREET,MN,612,66,10014.0,1007100,71,C6,2.0,5-7 CHARLES ST TENANT,4138.0,10958.0,10956.0,0.0,0.0,0.0,23.0,23.0,3.0,4.0,1900.0,0.0,2.65,40.7354257,-74.0009237,26v2,687,36061007100
1006130044,227 WAVERLY PLACE,MN,613,44,10014.0,1007100,71,C7,4.0,SINKOKIGYO K.K.,3472.0,15117.0,14697.0,420.0,0.0,420.0,29.0,32.0,2.0,6.0,1910.0,0.0,4.35,40.736164,-74.0016671,26v2,592,36061007100
1006130062,173 7 AVENUE SOUTH,MN,613,62,10014.0,1007100,71,K2,5.0,"173 7TH AVE SO., LLC",1450.0,2170.0,0.0,2170.0,0.0,2170.0,0.0,1.0,2.0,2.0,1915.0,0.0,1.5,40.7359637,-74.001216,26v2,623,36061007100
1006130066,182 7 AVENUE SOUTH,MN,613,66,10014.0,1007100,71,K1,5.0,F POSEIDON REALTY INC.,35.0,35.0,0.0,35.0,0.0,35.0,0.0,1.0,1.0,1.0,1920.0,0.0,1.0,40.7360981,-74.0015841,26v2,601,36061007100
1006130053,192 7 AVENUE SOUTH,MN,613,53,10014.0,1007100,71,S3,4.0,192 SEVENTH AVENUE SOUTH LLC,1875.0,7022.0,5858.0,1164.0,0.0,1164.0,3.0,4.0,1.0,5.0,2018.0,2016.0,3.75,40.7363452,-74.0014939,26v2,576,36061007100
1006060062,459 AVENUE OF THE AMERICAS,MN,606,62,10011.0,1007100,71,S1,4.0,453 LLC,597.0,1794.0,924.0,870.0,0.0,870.0,1.0,2.0,1.0,3.0,1910.0,0.0,3.01,40.735283,-73.998618,26v2,779,36061007100
1006060071,445 AVENUE OF THE AMERICAS,MN,606,71,10011.0,1007100,71,C7,4.0,ESER ASSOCIATES LLC,1530.0,4386.0,3014.0,1372.0,0.0,1372.0,7.0,9.0,2.0,3.0,1910.0,0.0,2.87,40.734992,-73.9988165,26v2,799,36061007100
1006060077,109 WEST 10 STREET,MN,606,77,10011.0,1007100,71,S9,4.0,ESER ASSOCIATES LLC,1087.0,3231.0,2146.0,1085.0,0.0,1085.0,6.0,9.0,1.0,3.0,1910.0,0.0,2.97,40.7348987,-73.9991412,26v2,796,36061007100
1006090043,517 AVENUE OF THE AMERICAS,MN,609,43,10011.0,1007100,71,S2,4.0,517 SIXTH LLC,1191.0,2961.0,1865.0,1096.0,0.0,1096.0,2.0,3.0,1.0,3.0,1910.0,0.0,2.49,40.7370862,-73.9973767,26v2,684,36061007100
1006080039,101 WEST 12 STREET,MN,608,39,10011.0,1007100,71,D4,3.0,THE JOHN ADAMS OWNERS INC,27070.0,364679.0,328273.0,36406.0,750.0,15601.0,416.0,425.0,1.0,21.0,1961.0,0.0,13.47,40.7364769,-73.9979757,26v2,699,36061007100
1006070046,467 AVENUE OF THE AMERICAS,MN,607,46,10011.0,1007100,71,S2,4.0,BARNETT 467 LLC,1080.0,3240.0,1785.0,1455.0,0.0,1455.0,2.0,3.0,1.0,4.0,1842.0,0.0,3.0,40.7356535,-73.9984123,26v2,752,36061007100
1006090033,110 WEST 14 STREET,MN,609,33,10011.0,1007100,71,D6,4.0,"SAM AND JOSEPH SASSON, LLC",2825.0,26500.0,21200.0,5300.0,0.0,5300.0,8.0,9.0,1.0,10.0,1920.0,0.0,9.38,40.7373882,-73.9976906,26v2,641,36061007100
1006090062,133 WEST 13 STREET,MN,609,62,10011.0,1007100,71,S5,4.0,"133-135 W. 13TH STREET HOLDINGS, LLC",2117.0,4800.0,3600.0,1200.0,0.0,1200.0,6.0,7.0,1.0,3.0,1890.0,1989.0,2.27,40.7374348,-73.9985566,26v2,587,36061007100
1006090020,132 WEST 14 STREET,MN,609,20,10011.0,1007100,71,O6,5.0,THE SALVATION ARMY,7692.0,52700.0,0.0,52700.0,45606.0,7094.0,0.0,2.0,1.0,7.0,1912.0,2023.0,6.85,40.7377999,-73.998636,26v2,552,36061007100
1006080035,106 WEST 13 STREET,MN,608,35,10011.0,1007100,71,C7,4.0,106 WEST 13TH STREET LLC,4130.0,16893.0,15493.0,1400.0,0.0,1400.0,30.0,31.0,1.0,6.0,1910.0,0.0,4.09,40.7367294,-73.9980839,26v2,672,36061007100
1006090047,509 AVENUE OF THE AMERICAS,MN,609,47,10011.0,1007100,71,D4,3.0,105 W 13 ST CORP,7370.0,94144.0,84144.0,10000.0,0.0,10000.0,98.0,102.0,1.0,16.0,1961.0,0.0,12.77,40.7369764,-73.9975679,26v2,681,36061007100
1006090031,112 WEST 14 STREET,MN,609,31,10011.0,1007100,71,H8,8.0,114 WEST 14 REALTY LLC,5313.0,19225.0,,,,,0.0,1.0,1.0,5.0,1910.0,0.0,3.62,40.7374458,-73.9978097,26v2,630,36061007100
1006090023,120 WEST 14 STREET,MN,609,23,10011.0,1007100,71,P3,8.0,THE SALVATION ARMY,26122.0,182554.0,0.0,182554.0,182554.0,0.0,0.0,1.0,1.0,16.0,1930.0,0.0,6.99,40.7375282,-73.9983148,26v2,593,36061007100
1006090034,108 WEST 14 STREET,MN,609,34,10011.0,1007100,71,S5,4.0,SAM & CECELIA REALTY CORP.,2500.0,7050.0,4700.0,2350.0,0.0,2350.0,5.0,6.0,1.0,3.0,1910.0,1983.0,2.82,40.7373717,-73.997604,26v2,648,36061007100
1006090044,515 AVENUE OF THE AMERICAS,MN,609,44,10011.0,1007100,71,S2,4.0,"P S T  REALTY, INC.",1149.0,2541.0,1652.0,889.0,0.0,889.0,2.0,3.0,1.0,3.0,1910.0,0.0,2.21,40.7370423,-73.9974091,26v2,685,36061007100
1006090045,513 AVENUE OF THE AMERICAS,MN,609,45,10011.0,1007100,71,S2,4.0,CHELSEA CENTRO INC.,1209.0,2565.0,1330.0,1235.0,0.0,1235.0,2.0,3.0,1.0,3.0,1910.0,1987.0,2.12,40.7369984,-73.997438,26v2,687,36061007100
1008010059,130 WEST 26 STREET,MN,801,59,10001.0,1009100,91,D0,3.0,130 W 26TH ST HOUSING DEVEL FU CORP,2469.0,16100.0,13800.0,2300.0,0.0,2300.0,6.0,7.0,1.0,7.0,1912.0,1985.0,6.52,40.7451638,-73.9928616,26v2,969,36061009100
1008207505,620 AVENUE OF THE AMERICAS,MN,820,7505,10011.0,1005400,54,RB,5.0,UNAVAILABLE OWNER,88940.0,627558.0,0.0,627558.0,210854.0,416704.0,0.0,6.0,4.0,7.0,1900.0,2012.0,7.06,40.7397622,-73.9939051,26v2,804,36061005400
1007220075,256 10 AVENUE,MN,722,75,10001.0,1009300,93,S3,4.0,KENYTA GROUP LLC,1146.0,3339.0,,,,,3.0,4.0,1.0,4.0,1910.0,0.0,2.91,40.7487267,-74.003093,26v2,819,36061009300
1008187501,590 AVENUE OF THE AMERICAS,MN,818,7501,10011.0,1005400,54,RC,5.0,UNAVAILABLE OWNER,19209.0,144461.0,0.0,144461.0,50046.0,0.0,0.0,2.0,1.0,16.0,1988.0,0.0,7.52,40.7389004,-73.9951826,26v2,729,36061005400
1008187502,34 WEST 17 STREET,MN,818,7502,10011.0,1005400,54,RM,4.0,34 17TH STREET PROJECT  LLC,2622.0,22715.0,20305.0,2410.0,0.0,2410.0,9.0,10.0,1.0,10.0,1910.0,2014.0,8.66,40.7384859,-73.9941253,26v2,829,36061005400
1008197503,32 WEST 18 STREET,MN,819,7503,10011.0,1005400,54,RM,4.0,UNAVAILABLE OWNER,6900.0,73288.0,64603.0,8685.0,0.0,8685.0,21.0,23.0,1.0,12.0,1908.0,2006.0,10.62,40.73912,-73.9938185,26v2,829,36061005400
1008197505,55 WEST 17 STREET,MN,819,7505,10011.0,1005400,54,RM,4.0,UNAVAILABLE OWNER,9200.0,89227.0,81862.0,7365.0,0.0,5106.0,52.0,84.0,1.0,19.0,2015.0,2014.0,9.7,40.7392051,-73.9947495,26v2,752,36061005400
1008197502,63 WEST 17 STREET,MN,819,7502,10011.0,1005400,54,RM,4.0,UNAVAILABLE OWNER,7471.0,43097.0,31281.0,11816.0,6230.0,5586.0,17.0,22.0,1.0,10.0,1961.0,0.0,5.77,40.7393286,-73.9950418,26v2,724,36061005400
1008167503,50 WEST 15 STREET,MN,816,7503,10011.0,1005400,54,R4,3.0,UNAVAILABLE OWNER,10325.0,59168.0,59168.0,0.0,0.0,0.0,47.0,47.0,1.0,10.0,2008.0,0.0,5.73,40.7374293,-73.9954714,26v2,785,36061005400
1008177503,31 WEST 15 STREET,MN,817,7503,10011.0,1005400,54,RM,4.0,UNAVAILABLE OWNER,7744.0,139901.0,104786.0,35115.0,0.0,0.0,55.0,56.0,1.0,25.0,2012.0,2011.0,18.07,40.737561,-73.9946017,26v2,839,36061005400
1008160075,60 WEST 15 STREET,MN,816,75,10011.0,1005400,54,D0,3.0,58-60 REALTY COMPANY,3309.0,19764.0,,,,,5.0,6.0,1.0,6.0,1920.0,2009.0,5.97,40.7376653,-73.9960126,26v2,732,36061005400
1008177501,108 5 AVENUE,MN,817,7501,10011.0,1005400,54,RM,4.0,108 5TH AVE CONDOMINIUM,5896.0,60752.0,55352.0,5400.0,0.0,5400.0,50.0,51.0,1.0,21.0,1986.0,0.0,10.3,40.7372892,-73.9930429,26v2,969,36061005400
1008177502,100 5 AVENUE,MN,817,7502,10011.0,1005400,54,RC,5.0,UNAVAILABLE OWNER,16085.0,250671.0,0.0,250671.0,224260.0,16926.0,0.0,2.0,1.0,19.0,1906.0,1979.0,15.58,40.7370504,-73.9933135,26v2,962,36061005400
1008167501,22 WEST 15 STREET,MN,816,7501,10011.0,1005400,54,RM,4.0,GROSVENOR HOUSE CONDO,8741.0,123964.0,109139.0,14825.0,4603.0,0.0,134.0,138.0,1.0,22.0,1989.0,0.0,14.18,40.7370834,-73.9945945,26v2,868,36061005400
1008167502,42 WEST 15 STREET,MN,816,7502,10011.0,1005400,54,RM,4.0,NAME NOT ON FILE,2581.0,15551.0,12140.0,3411.0,0.0,3411.0,7.0,8.0,1.0,8.0,1902.0,0.0,6.03,40.7373469,-73.9952765,26v2,804,36061005400
1008227505,16 WEST 21 STREET,MN,822,7505,10010.0,1005400,54,R1,2.0,16W21 CONDOMINIUM 16 W. 21 ST PARTNERS LLC,2300.0,18063.0,18063.0,0.0,0.0,0.0,9.0,9.0,1.0,14.0,2009.0,0.0,7.85,40.7405581,-73.9917795,26v2,967,36061005400
1008227506,21 WEST 20 STREET,MN,822,7506,10011.0,1005400,54,RM,4.0,UNAVAILABLE OWNER,9200.0,80907.0,28110.0,52797.0,45240.0,7557.0,13.0,14.0,2.0,16.0,1927.0,2014.0,8.79,40.7405115,-73.9923822,26v2,917,36061005400
1008207501,140 5 AVENUE,MN,820,7501,10011.0,1005400,54,RM,4.0,NAME NOT ON FILE,1626.0,42845.0,38533.0,4312.0,0.0,2720.0,21.0,27.0,1.0,12.0,1901.0,2010.0,26.35,40.739161,-73.991841,26v2,988,36061005400
1008167504,540 6TH AVENUE,MN,816,7504,10011.0,1005400,54,RM,4.0,LS-14 AVE LLC,8438.0,64656.0,53156.0,11500.0,0.0,11500.0,50.0,51.0,1.0,12.0,2020.0,0.0,7.66,40.7374924,-73.9963915,26v2,717,36061005400
1008217505,27 WEST 19 STREET,MN,821,7505,10011.0,1005400,54,RD,3.0,UNAVAILABLE OWNER,2300.0,20255.0,20121.0,134.0,0.0,0.0,13.0,17.0,1.0,15.0,2007.0,0.0,8.81,40.7399049,-73.992772,26v2,894,36061005400
1008227504,15 WEST 20 STREET,MN,822,7504,10011.0,1005400,54,RM,4.0,15 WEST 20TH STREET CONDOMINIUM,5152.0,41025.0,37025.0,4000.0,0.0,4000.0,17.0,18.0,1.0,11.0,1906.0,2006.0,7.96,40.7403577,-73.9920177,26v2,949,36061005400
1008237508,29 WEST 21ST STREET,MN,823,7508,10010.0,1005800,58,RM,4.0,"TWENTY-FIRST LOFTS, LLC",2518.0,14171.0,13709.0,462.0,0.0,462.0,6.0,7.0,1.0,7.0,1910.0,2009.0,5.63,40.741118,-73.9919743,26v2,947,36061005800
1008237505,52 WEST 22 STREET,MN,823,7505,10010.0,1005800,58,R1,2.0,UNAVAILABLE OWNER,2239.0,6225.0,6225.0,0.0,0.0,0.0,5.0,5.0,1.0,5.0,1851.0,2007.0,2.78,40.7417439,-73.992714,26v2,885,36061005800
1006127501,22 PERRY STREET,MN,612,7501,10014.0,1007300,73,RM,4.0,ACUMED,4242.0,20463.0,15003.0,5460.0,0.0,5460.0,20.0,22.0,1.0,5.0,1987.0,0.0,4.82,40.7355684,-74.0019593,26v2,653,36061007300
1006127503,259 WEST 4 STREET,MN,612,7503,10014.0,1007300,73,RM,4.0,PERRY STREET CONDOMINUM,3667.0,18685.0,13997.0,4688.0,0.0,4688.0,25.0,32.0,1.0,6.0,1905.0,0.0,5.1,40.7354009,-74.0031357,26v2,663,36061007300
1006117501,130 7 AVENUE,MN,611,7501,10014.0,1007300,73,RM,4.0,UNAVAILABLE OWNER,2910.0,15414.0,12475.0,2939.0,0.0,0.0,5.0,12.0,1.0,7.0,2015.0,0.0,5.3,40.7345666,-74.0025294,26v2,758,36061007300
1006107501,45 CHRISTOPHER STREET,MN,610,7501,10014.0,1007300,73,RM,4.0,45 CHRISTOPHER STREET CONDO,10812.0,106769.0,101553.0,5216.0,0.0,5216.0,112.0,120.0,1.0,17.0,1931.0,0.0,9.88,40.7339572,-74.0018547,26v2,831,36061007300
1006207502,223 WEST 10 STREET,MN,620,7502,10014.0,1007300,73,RM,4.0,THE AMOS ST.CONDOMINUM,2450.0,19844.0,18403.0,1441.0,0.0,1441.0,40.0,43.0,2.0,5.0,1893.0,1988.0,8.1,40.73413,-74.0052068,26v2,821,36061007300
1006217503,382 BLEECKER STREET,MN,621,7503,10014.0,1007300,73,RM,4.0,UNAVAILABLE OWNER,2975.0,16914.0,11330.0,5584.0,0.0,3828.0,20.0,29.0,1.0,6.0,1914.0,1960.0,5.69,40.7351538,-74.005113,26v2,708,36061007300
1006217501,93 CHARLES STREET,MN,621,7501,10014.0,1007300,73,R1,2.0,UNAVAILABLE OWNER,3725.0,14103.0,14103.0,0.0,0.0,0.0,4.0,4.0,1.0,5.0,2002.0,2003.0,3.79,40.734786,-74.005214,26v2,750,36061007300
1006207501,534 HUDSON STREET,MN,620,7501,10014.0,1007300,73,RM,4.0,UNAVAILABLE OWNER,11337.0,56772.0,36375.0,20397.0,10902.0,9495.0,22.0,25.0,1.0,7.0,1998.0,0.0,5.01,40.7342425,-74.0058779,26v2,823,36061007300
1006297503,345 WEST 13 STREET,MN,629,7503,10014.0,1007700,77,RM,4.0,UNAVAILABLE OWNER,18509.0,126372.0,124023.0,2349.0,2349.0,0.0,46.0,47.0,2.0,7.0,1920.0,0.0,6.83,40.7401246,-74.0047598,26v2,190,36061007700
1006297502,350 WEST 14 STREET,MN,629,7502,10014.0,1007700,77,RM,4.0,VILLAGE POINTE CONDO,7372.0,39080.0,28689.0,10391.0,0.0,10391.0,49.0,50.0,1.0,8.0,1910.0,0.0,5.3,40.7404759,-74.0049366,26v2,176,36061007700
1006297505,325 WEST 13 STREET,MN,629,7505,10014.0,1007700,77,R1,2.0,UNAVAILABLE OWNER,2581.0,12592.0,12592.0,0.0,0.0,0.0,7.0,7.0,1.0,7.0,2006.0,0.0,4.88,40.7397733,-74.004103,26v2,192,36061007700
1006297507,348 W 14TH STREET,MN,629,7507,10014.0,1007700,77,RB,5.0,348 WEST 14TH ST LLC,2581.0,12364.0,0.0,12364.0,10339.0,2025.0,0.0,6.0,1.0,6.0,1910.0,2016.0,4.79,40.7403963,-74.0047851,26v2,171,36061007700
1006297506,317 WEST 13 STREET,MN,629,7506,10014.0,1007700,77,RM,4.0,UNAVAILABLE OWNER,2581.0,7243.0,4978.0,2265.0,2265.0,0.0,2.0,3.0,1.0,5.0,1926.0,1987.0,2.81,40.7396416,-74.0037926,26v2,197,36061007700
1006297501,321 WEST 13 STREET,MN,629,7501,10014.0,1007700,77,R4,3.0,GANSEVOORT CONDOMINIUM INC,4646.0,24171.0,24171.0,0.0,0.0,0.0,21.0,21.0,1.0,7.0,1907.0,0.0,5.2,40.7397266,-74.0039947,26v2,193,36061007700
1006187501,222 WEST 14 STREET,MN,618,7501,10011.0,1007700,77,RM,4.0,222-228 WEST 14TH STREET REALTY CORP.,12483.0,123979.0,92829.0,31150.0,11309.0,0.0,132.0,138.0,1.0,15.0,1987.0,0.0,9.93,40.7388868,-74.0012991,26v2,319,36061007700
1006187503,218 WEST 14 STREET,MN,618,7503,10011.0,1007700,77,RM,4.0,UNAVAILABLE OWNER,3288.0,11560.0,8739.0,2821.0,0.0,2821.0,13.0,14.0,1.0,5.0,1910.0,0.0,3.52,40.738766,-74.0010284,26v2,342,36061007700
1006167502,11 JANE STREET,MN,616,7502,10014.0,1007700,77,R1,2.0,17  JANE STREET CONDOMINIUM,9093.0,30205.0,30205.0,0.0,0.0,0.0,7.0,7.0,1.0,6.0,1922.0,2017.0,3.32,40.7383186,-74.0029554,26v2,339,36061007700
1006187504,122 GREENWICH AVENUE,MN,618,7504,10011.0,1007700,77,RM,4.0,UNAVAILABLE OWNER,10702.0,60292.0,51576.0,8716.0,0.0,8509.0,30.0,40.0,1.0,11.0,2008.0,0.0,5.63,40.7392244,-74.002425,26v2,246,36061007700
1006147501,213 WEST 11 STREET,MN,614,7501,10014.0,1007700,77,RM,4.0,WAVERLY CONDOMINIUMS,2400.0,4650.0,3150.0,1500.0,1500.0,0.0,5.0,6.0,2.0,3.0,1880.0,0.0,1.94,40.7365867,-74.0018547,26v2,543,36061007700
1007937502,120 WEST 18 STREET,MN,793,7502,10011.0,1008100,81,RM,4.0,120 W 18TH ST CONDO,4477.0,27892.0,18089.0,9803.0,0.0,4000.0,9.0,11.0,1.0,6.0,1907.0,1986.0,6.23,40.7400835,-73.9961135,26v2,614,36061008100
1007917502,126 WEST 16 STREET,MN,791,7502,10011.0,1008100,81,RM,4.0,124-126 WEST 16TH STREET CONDOMINIUM,7744.0,46828.0,36709.0,10119.0,0.0,0.0,15.0,17.0,2.0,11.0,1920.0,0.0,6.05,40.7390103,-73.9972358,26v2,567,36061008100
1007937507,100 WEST 18 STREET,MN,793,7507,10011.0,1008100,81,RM,4.0,UNAVAILABLE OWNER,13809.0,94263.0,64047.0,30216.0,0.0,30216.0,43.0,47.0,1.0,10.0,2006.0,0.0,6.83,40.7398419,-73.995547,26v2,667,36061008100
1007937504,124 WEST 18 STREET,MN,793,7504,10011.0,1008100,81,RM,4.0,UNAVAILABLE OWNER,2208.0,10077.0,8616.0,1461.0,0.0,1461.0,6.0,7.0,1.0,7.0,1920.0,1986.0,4.56,40.7401329,-73.9962326,26v2,603,36061008100
1007927507,136 WEST 17 STREET,MN,792,7507,10011.0,1008100,81,RM,4.0,UNAVAILABLE OWNER,2300.0,11200.0,9543.0,1657.0,0.0,1657.0,7.0,8.0,1.0,10.0,0.0,2004.0,4.87,40.7398008,-73.9972791,26v2,529,36061008100
1007927505,114 WEST 17 STREET,MN,792,7505,10011.0,1008100,81,RM,4.0,UNAVAILABLE OWNER,6893.0,31560.0,15074.0,16486.0,0.0,16486.0,5.0,9.0,1.0,7.0,1906.0,0.0,4.58,40.7395043,-73.9965682,26v2,596,36061008100
1007927501,131 WEST 16 STREET,MN,792,7501,10011.0,1008100,81,R4,3.0,136 WEST 17TH STREET,9200.0,31046.0,31046.0,0.0,0.0,0.0,48.0,48.0,1.0,6.0,1918.0,0.0,3.37,40.7395263,-73.9973224,26v2,536,36061008100
1007907501,137 WEST 15 STREET,MN,790,7501,10011.0,1008100,81,R6,2.0,UNAVAILABLE OWNER,1291.0,3337.0,3337.0,0.0,0.0,0.0,2.0,2.0,1.0,4.0,1901.0,0.0,2.58,40.7385437,-73.99812,26v2,531,36061008100
1007927506,110 WEST 17 STREET,MN,792,7506,10011.0,1008100,81,RM,4.0,UNAVAILABLE OWNER,2300.0,11414.0,9208.0,2206.0,0.0,2206.0,6.0,7.0,1.0,7.0,1920.0,2000.0,4.96,40.7394028,-73.9963301,26v2,619,36061008100
1007927503,130 WEST 17 STREET,MN,792,7503,10011.0,1008100,81,RM,4.0,130 WEST 17 ST CONDOMINIUM,4600.0,36268.0,24918.0,11350.0,0.0,0.0,14.0,15.0,1.0,9.0,1906.0,1980.0,7.88,40.7397541,-73.9971636,26v2,540,36061008100
1007937501,113 WEST 17 STREET,MN,793,7501,10011.0,1008100,81,RM,4.0,113 WEST 17TH ST CORP,12382.0,58705.0,49705.0,9000.0,0.0,9000.0,35.0,36.0,1.0,6.0,1911.0,1981.0,4.74,40.7398721,-73.9960233,26v2,628,36061008100
1007927502,138 WEST 17 STREET,MN,792,7502,10011.0,1008100,81,RM,4.0,NAME NOT ON FILE,3880.0,34581.0,27518.0,7063.0,0.0,7063.0,8.0,9.0,1.0,10.0,1968.0,1985.0,8.91,40.7398447,-73.9973802,26v2,519,36061008100
1007917501,121 WEST 15 STREET,MN,791,7501,10011.0,1008100,81,R6,2.0,UNAVAILABLE OWNER,2065.0,7718.0,7718.0,0.0,0.0,0.0,3.0,3.0,1.0,5.0,1920.0,2006.0,3.74,40.7386535,-73.9971817,26v2,590,36061008100
1007647504,209 WEST 14 STREET,MN,764,7504,10011.0,1008100,81,RM,4.0,UNAVAILABLE OWNER,6000.0,31235.0,30472.0,763.0,294.0,469.0,21.0,23.0,1.0,11.0,2015.0,0.0,5.21,40.7390433,-74.0000541,26v2,370,36061008100
1007647502,221 WEST 14 STREET,MN,764,7502,10011.0,1008100,81,RM,4.0,220 221 223 CONDO B/M,8141.0,20982.0,16628.0,4354.0,0.0,1788.0,34.0,36.0,3.0,,1930.0,1992.0,2.58,40.739315,-74.0004835,26v2,323,36061008100
1007647501,217 WEST 14 STREET,MN,764,7501,10011.0,1008100,81,RM,4.0,SHARED EQUITIES,6000.0,17902.0,15670.0,2232.0,0.0,2008.0,22.0,26.0,2.0,5.0,1930.0,1986.0,2.98,40.739175,-74.0003681,26v2,341,36061008100
1007927504,101 7 AVENUE,MN,792,7504,10011.0,1008100,81,RM,4.0,ARTHUR WR FAMILY LP,13104.0,195190.0,138320.0,56870.0,0.0,56870.0,155.0,156.0,1.0,19.0,1930.0,0.0,14.9,40.7399765,-73.9982354,26v2,446,36061008100
1007907504,135 WEST 14 STREET,MN,790,7504,10011.0,1008100,81,RM,4.0,UNAVAILABLE OWNER,5165.0,21172.0,18671.0,2501.0,0.0,2501.0,9.0,10.0,1.0,11.0,1906.0,2004.0,4.1,40.738283,-73.998286,26v2,538,36061008100
1007647505,214 WEST 15TH STREET,MN,764,7505,10011.0,1008100,81,R1,2.0,CHELSEA15 PARTNERS LLC,4282.0,17012.0,17012.0,0.0,0.0,0.0,6.0,6.0,1.0,7.0,2019.0,0.0,3.97,40.739433,-74.0001732,26v2,334,36061008100
1007667503,206 WEST 17 STREET,MN,766,7503,10011.0,1008100,81,RM,4.0,UNAVAILABLE OWNER,6207.0,69860.0,62304.0,7556.0,7556.0,0.0,11.0,12.0,1.0,12.0,1910.0,1999.0,11.26,40.740369,-73.9987947,26v2,388,36061008100
1007677504,224 WEST 18 STREET,MN,767,7504,10011.0,1008100,81,RM,4.0,UNAVAILABLE OWNER,9746.0,53649.0,52645.0,1004.0,1004.0,0.0,31.0,32.0,1.0,12.0,2002.0,0.0,5.5,40.7413242,-73.9993865,26v2,322,36061008100
1007677503,201 WEST 17 STREET,MN,767,7503,10011.0,1008100,81,RM,4.0,UNAVAILABLE OWNER,7542.0,71206.0,60478.0,10728.0,467.0,6174.0,37.0,39.0,1.0,12.0,2000.0,0.0,9.44,40.7407615,-73.9984808,26v2,404,36061008100
1007677505,210 WEST 18 STREET,MN,767,7505,10011.0,1008100,81,RM,4.0,UNAVAILABLE OWNER,23736.0,274965.0,140553.0,134412.0,0.0,0.0,47.0,55.0,1.0,23.0,1929.0,2011.0,11.58,40.7410442,-73.9987478,26v2,377,36061008100
1007677501,158 8 AVENUE,MN,767,7501,10011.0,1008100,81,RM,4.0,NATIONWIDE ASSOCIATES INC,1750.0,3955.0,2410.0,1545.0,0.0,1100.0,3.0,4.0,1.0,5.0,1920.0,1985.0,2.26,40.7419637,-74.0005052,26v2,237,36061008100
1007667502,124 8 AVENUE,MN,766,7502,10011.0,1008100,81,RM,4.0,THE GRAND CHELSEA CONDOMINIUM,22172.0,136098.0,106317.0,29781.0,0.0,29781.0,155.0,157.0,1.0,20.0,1989.0,0.0,6.14,40.7412226,-74.0009996,26v2,187,36061008100
1007677502,257 WEST 17 STREET,MN,767,7502,10011.0,1008100,81,RM,4.0,257 WEST 17TH STREET CONDOMINIUM,11688.0,73496.0,66499.0,6997.0,0.0,6997.0,31.0,32.0,1.0,10.0,1907.0,0.0,6.29,40.741563,-74.0003248,26v2,244,36061008100
1007667504,246 WEST 17 STREET,MN,766,7504,10011.0,1008100,81,R4,3.0,UNAVAILABLE OWNER,8968.0,49841.0,49841.0,0.0,0.0,0.0,31.0,31.0,1.0,10.0,1926.0,2006.0,5.56,40.7410113,-74.0001227,26v2,263,36061008100
1007667501,252 WEST 17 STREET,MN,766,7501,10011.0,1008100,81,R4,3.0,252 W 17TH CONDO,3525.0,15090.0,15090.0,0.0,0.0,0.0,16.0,16.0,1.0,9.0,1985.0,0.0,4.28,40.7412089,-74.0005269,26v2,227,36061008100
1007647506,251 WEST 14TH STREET,MN,764,7506,10011.0,1008100,81,RM,4.0,FPNY LLC,4991.0,34045.0,33545.0,500.0,500.0,0.0,25.0,26.0,1.0,11.0,2018.0,0.0,6.82,40.7396636,-74.001595,26v2,232,36061008100
1007657501,246 WEST 16TH STREET,MN,765,7501,10011.0,1008100,81,RM,4.0,246 WEST 16TH STREET LLC,2581.0,11148.0,6802.0,4346.0,0.0,4346.0,4.0,7.0,1.0,5.0,1920.0,2017.0,4.32,40.7405446,-74.0008913,26v2,215,36061008100
1007647503,245 WEST 14 STREET,MN,764,7503,10011.0,1008100,81,RM,4.0,UNAVAILABLE OWNER,5132.0,36195.0,31877.0,4318.0,0.0,4318.0,27.0,28.0,1.0,12.0,2009.0,0.0,7.05,40.7396004,-74.0014434,26v2,246,36061008100
1007937506,144 WEST 18 STREET,MN,793,7506,10011.0,1008100,81,RM,4.0,UNAVAILABLE OWNER,8280.0,47287.0,38357.0,8930.0,0.0,8649.0,18.0,21.0,1.0,9.0,1910.0,2002.0,5.71,40.740476,-73.9970409,26v2,529,36061008100
1007937503,138 WEST 18 STREET,MN,793,7503,10011.0,1008100,81,RM,4.0,UNAVAILABLE OWNER,2116.0,3796.0,1925.0,1871.0,0.0,0.0,1.0,2.0,1.0,2.0,1920.0,0.0,1.79,40.7403387,-73.9967198,26v2,558,36061008100
1007937508,166 WEST 18 STREET,MN,793,7508,10011.0,1008100,81,RM,4.0,UNAVAILABLE OWNER,6075.0,56136.0,50300.0,5836.0,0.0,5836.0,38.0,40.0,1.0,14.0,2008.0,0.0,9.24,40.7407724,-73.9977085,26v2,468,36061008100
1007937505,151 WEST 17 STREET,MN,793,7505,10011.0,1008100,81,R4,3.0,UNAVAILABLE OWNER,23510.0,108969.0,96850.0,12119.0,0.0,0.0,49.0,50.0,1.0,12.0,2001.0,0.0,4.64,40.7407752,-73.9974595,26v2,489,36061008100
1007907503,133 WEST 14 STREET,MN,790,7503,10011.0,1008100,81,RM,4.0,UNAVAILABLE OWNER,2581.0,12885.0,9885.0,3000.0,0.0,3000.0,6.0,7.0,1.0,8.0,1920.0,2003.0,4.99,40.73825,-73.9982066,26v2,545,36061008100
1007907502,125 WEST 14 STREET,MN,790,7502,10011.0,1008100,81,RM,4.0,UNAVAILABLE OWNER,46030.0,343534.0,278147.0,65387.0,0.0,0.0,275.0,276.0,2.0,13.0,2001.0,2004.0,7.46,40.7381786,-73.9976436,26v2,587,36061008100
1007907505,101 WEST 14 STREET,MN,790,7505,10011.0,1008100,81,RM,4.0,531-539 SIXTH AVENUE LLC,8054.0,57268.0,49089.0,8179.0,0.0,8179.0,44.0,46.0,1.0,13.0,2019.0,0.0,7.11,40.7377175,-73.9969436,26v2,665,36061008100
1007147501,450 WEST 17 STREET,MN,714,7501,10011.0,1008300,83,RM,4.0,UNAVAILABLE OWNER,52900.0,504210.0,423961.0,80249.0,0.0,10288.0,469.0,473.0,1.0,24.0,2006.0,0.0,9.53,40.7434868,-74.0063876,26v2,357,36061008300
1007387505,351 WEST 14TH STREET,MN,738,7505,10011.0,1008300,83,RC,5.0,MEPA REALTY LLC,15650.0,60444.0,0.0,60444.0,39187.0,21257.0,0.0,4.0,3.0,4.0,1885.0,0.0,3.86,40.7410331,-74.004731,26v2,133,36061008300
1007387502,366 WEST 15 STREET,MN,738,7502,10011.0,1008300,83,RM,4.0,UNAVAILABLE OWNER,5162.0,38478.0,34727.0,3751.0,0.0,3751.0,19.0,20.0,1.0,10.0,1905.0,2002.0,7.45,40.741379,-74.0046444,26v2,121,36061008300
1007387503,333 WEST 14 STREET,MN,738,7503,10014.0,1008300,83,R1,2.0,UNAVAILABLE OWNER,3125.0,21059.0,21059.0,0.0,0.0,0.0,9.0,9.0,1.0,10.0,1900.0,2006.0,6.74,40.7406928,-74.0039551,26v2,97,36061008300
1007417501,300 WEST 18 STREET,MN,741,7501,10011.0,1008300,83,RM,4.0,UNAVAILABLE OWNER,2292.0,8986.0,6307.0,2679.0,2679.0,0.0,4.0,5.0,1.0,6.0,2006.0,0.0,3.92,40.7422436,-74.0010357,26v2,208,36061008300
1007387504,345 WEST 14 STREET,MN,738,7504,10014.0,1008300,83,RM,4.0,345 WEST 14TH STREET CONDOMINIUM,7743.0,56600.0,48195.0,8405.0,0.0,8405.0,37.0,39.0,1.0,11.0,1960.0,0.0,7.31,40.7408684,-74.0044459,26v2,118,36061008300
1007407502,346 WEST 17 STREET,MN,740,7502,10011.0,1008300,83,RC,5.0,UNAVAILABLE OWNER,25300.0,183484.0,0.0,6664.0,0.0,6664.0,0.0,2.0,1.0,12.0,1966.0,0.0,7.25,40.742293,-74.0034283,26v2,105,36061008300
1007407501,127 8 AVENUE,MN,740,7501,10011.0,1008300,83,RM,4.0,UNAVAILABLE OWNER,13800.0,72212.0,51797.0,20415.0,0.0,20415.0,53.0,54.0,1.0,7.0,2008.0,0.0,5.23,40.7414449,-74.0016961,26v2,128,36061008300
1007387501,85 8 AVENUE,MN,738,7501,10011.0,1008300,83,R9,4.0,85 EIGHTH AVENUE CORP,22419.0,101034.0,86620.0,14414.0,0.0,0.0,117.0,119.0,1.0,6.0,1973.0,0.0,4.51,40.7403443,-74.0026054,26v2,124,36061008300
1007457503,225 8 AVENUE,MN,745,7503,10011.0,1008900,89,RM,4.0,"GALILEO ASSOCIATES, LLC",11225.0,76600.0,66668.0,9932.0,9932.0,0.0,70.0,71.0,1.0,14.0,1998.0,0.0,6.82,40.7444175,-73.9995345,26v2,460,36061008900
1007437501,300 WEST 20 STREET,MN,743,7501,10011.0,1008900,89,RC,5.0,UNAVAILABLE OWNER,10350.0,43197.0,0.0,11834.0,0.0,8477.0,0.0,35.0,1.0,6.5,2003.0,0.0,4.17,40.7434047,-74.0003284,26v2,333,36061008900
1007427502,360 WEST 19 STREET,MN,742,7502,10011.0,1008900,89,R6,2.0,UNAVAILABLE OWNER,1393.0,2597.0,2597.0,0.0,0.0,0.0,2.0,2.0,1.0,3.0,1920.0,0.0,1.86,40.7436928,-74.0027896,26v2,262,36061008900
1007420075,138 9 AVENUE,MN,742,75,10011.0,1008900,89,S2,4.0,138 NINTH LLC,995.0,2550.0,,,,,2.0,3.0,1.0,3.0,1910.0,0.0,2.56,40.7437093,-74.0030278,26v2,262,36061008900
1007427501,305 WEST 18 STREET,MN,742,7501,10011.0,1008900,89,R4,3.0,305 CONDOMINIUM,11236.0,35239.0,35239.0,0.0,0.0,0.0,60.0,60.0,1.0,6.0,1950.0,0.0,3.14,40.7427185,-74.0011837,26v2,228,36061008900
1007177506,435 WEST 19TH STREET,MN,717,7506,10011.0,1008900,89,R4,3.0,SP-CREH 19 HIGHLINE LLC,4556.0,23838.0,23838.0,0.0,0.0,0.0,21.0,21.0,1.0,8.0,1910.0,0.0,5.23,40.7448099,-74.0044064,26v2,397,36061008900
1007187503,445 WEST 20 STREET,MN,718,7503,10011.0,1008900,89,R4,3.0,UNAVAILABLE OWNER,20691.0,45684.0,45684.0,0.0,0.0,0.0,21.0,21.0,2.0,4.0,1931.0,0.0,2.21,40.7456333,-74.0045292,26v2,488,36061008900
1007187501,177 9 AVENUE,MN,718,7501,10011.0,1008900,89,RM,4.0,CHELSEA WEST 21ST STREEL LLC,23765.0,146020.0,113082.0,32938.0,0.0,7471.0,54.0,57.0,1.0,7.0,2008.0,0.0,6.14,40.7450433,-74.0028655,26v2,411,36061008900
1007167507,428 WEST 19TH STREET,MN,716,7507,10011.0,1008900,89,RM,4.0,428 & 432 WEST 19TH STREET LLC,6900.0,42687.0,42275.0,412.0,0.0,0.0,32.0,34.0,1.0,11.0,2023.0,2022.0,6.19,40.7444366,-74.0046302,26v2,362,36061008900
1007167505,456 WEST 19 STREET,MN,716,7505,10011.0,1008900,89,RM,4.0,UNAVAILABLE OWNER,6967.0,42632.0,36643.0,5989.0,0.0,5989.0,22.0,24.0,1.0,,2008.0,0.0,6.12,40.7449471,-74.0057598,26v2,453,36061008900
1007177505,455 WEST 19TH STREET,MN,717,7505,10011.0,1008900,89,RM,4.0,NYC PRINCE LLC,4603.0,25204.0,19863.0,5341.0,0.0,5341.0,10.0,11.0,1.0,11.0,1900.0,2017.0,5.48,40.745142,-74.0052004,26v2,453,36061008900
1007167502,452 WEST 19 STREET,MN,716,7502,10011.0,1008900,89,R4,3.0,THE 452 WEST 19 CONDOMINIUM,4600.0,23399.0,23399.0,0.0,0.0,0.0,20.0,20.0,1.0,5.0,1920.0,0.0,5.09,40.7448208,-74.005536,26v2,432,36061008900
1007177501,445 WEST 19 STREET,MN,717,7501,10011.0,1008900,89,R4,3.0,CHATHAM CHELSEA C/O B.H.S.,9205.0,41639.0,41639.0,0.0,0.0,0.0,71.0,71.0,1.0,10.0,1989.0,0.0,4.52,40.7450103,-74.0048864,26v2,430,36061008900
1007167504,459 WEST 18 STREET,MN,716,7504,10011.0,1008900,89,RM,4.0,UNAVAILABLE OWNER,3483.0,23778.0,21524.0,2254.0,0.0,0.0,10.0,11.0,2.0,11.0,2007.0,0.0,6.83,40.7446012,-74.005785,26v2,421,36061008900
1007167501,444 WEST 19 STREET,MN,716,7501,10011.0,1008900,89,R4,3.0,UNAVAILABLE OWNER,9200.0,50357.0,47756.0,2601.0,0.0,0.0,42.0,59.0,1.0,12.0,1900.0,2004.0,5.47,40.7446205,-74.0050632,26v2,395,36061008900
1007167506,425 WEST 18 STREET,MN,716,7506,10011.0,1008900,89,RR,4.0,UNAVAILABLE OWNER,11040.0,134004.0,134004.0,0.0,0.0,0.0,160.0,160.0,1.0,18.0,2017.0,0.0,12.14,40.7442115,-74.0048034,26v2,344,36061008900
1007167503,447 WEST 18 STREET,MN,716,7503,10011.0,1008900,89,R4,3.0,UNAVAILABLE OWNER,6134.0,70730.0,70730.0,0.0,0.0,0.0,46.0,46.0,1.0,12.0,2007.0,0.0,11.53,40.7445134,-74.0055179,26v2,401,36061008900
1007187502,180 10 AVENUE,MN,718,7502,10011.0,1008900,89,RC,5.0,UNAVAILABLE OWNER,25259.0,106206.0,0.0,72327.0,0.0,0.0,0.0,3.0,1.0,8.0,1931.0,0.0,4.2,40.7459709,-74.0048973,26v2,532,36061008900
1007467502,344 WEST 23 STREET,MN,746,7502,10011.0,1009300,93,R4,3.0,358 W 23RD ST CONDOMINIUM,7406.0,41918.0,41918.0,0.0,0.0,0.0,44.0,44.0,1.0,9.0,1985.0,0.0,5.66,40.7457789,-74.0003537,26v2,547,36061009300
1007467501,358 WEST 23 STREET,MN,746,7501,10011.0,1009300,93,RM,4.0,358 W 23RD ST CONDOMINIUM,2469.0,7558.0,3658.0,3900.0,0.0,3900.0,6.0,7.0,1.0,3.0,1910.0,1981.0,3.06,40.7460122,-74.0009058,26v2,552,36061009300
1007467506,312 WEST 23 STREET,MN,746,7506,10011.0,1009300,93,RM,4.0,THE LOUIS PHILIPPE CONDOMINIUM,10800.0,39567.0,26681.0,12886.0,0.0,12886.0,77.0,82.0,1.0,5.0,1948.0,1987.0,3.66,40.745337,-73.9992999,26v2,551,36061009300
1007467507,350 WEST 23 STREET,MN,746,7507,10011.0,1009300,93,R4,3.0,UNAVAILABLE OWNER,4938.0,26815.0,26815.0,0.0,0.0,0.0,14.0,14.0,1.0,8.0,1910.0,2007.0,5.43,40.7458969,-74.0006316,26v2,549,36061009300
1007467505,322 WEST 23 STREET,MN,746,7505,10011.0,1009300,93,RM,4.0,UNAVAILABLE OWNER,4320.0,18938.0,13952.0,4986.0,4986.0,0.0,10.0,11.0,1.0,8.0,1911.0,1987.0,4.38,40.7454385,-73.9995453,26v2,549,36061009300
1007467503,249 8 AVENUE,MN,746,7503,10011.0,1009300,93,RM,4.0,UNAVAILABLE OWNER,11300.0,163241.0,151785.0,11456.0,0.0,11456.0,221.0,222.0,1.0,21.0,1931.0,0.0,14.45,40.7451833,-73.9989823,26v2,555,36061009300
1007467508,327 WEST 22ND STREET,MN,746,7508,10011.0,1009300,93,R1,2.0,CHELSEA WEST 22ND LLC,4444.0,10665.0,10665.0,0.0,0.0,0.0,8.0,8.0,2.0,5.0,1851.0,2015.0,2.4,40.7453727,-74.0001552,26v2,515,36061009300
1007237501,263 9 AVENUE,MN,723,7501,10001.0,1009300,93,RD,3.0,HEYWOOD REALTY LLC,9875.0,89203.0,87794.0,1408.0,0.0,0.0,50.0,67.0,1.0,11.0,1914.0,2005.0,9.03,40.748337,-74.0003862,26v2,811,36061009300
1007237502,401 WEST 25 STREET,MN,723,7502,10001.0,1009300,93,RM,4.0,UNAVAILABLE OWNER,9875.0,135533.0,121984.0,13549.0,0.0,8354.0,168.0,170.0,1.0,22.0,2011.0,0.0,13.72,40.7480927,-74.000563,26v2,781,36061009300
1007227501,420 WEST 25 STREET,MN,722,7501,10001.0,1009300,93,R4,3.0,UNAVAILABLE OWNER,14812.0,95935.0,95935.0,0.0,0.0,0.0,79.0,79.0,1.0,9.0,1912.0,0.0,6.48,40.7480872,-74.0017179,26v2,759,36061009300
1007217501,465 WEST 23 STREET,MN,721,7501,10011.0,1009300,93,RM,4.0,LONDON TERRACE TOWERS CONDOMINIUM,49375.0,668258.0,616965.0,51293.0,11998.0,36222.0,2.0,31.0,2.0,19.0,1932.0,1983.0,13.53,40.7478923,-74.0035621,26v2,727,36061009300
1007207501,420 WEST 23 STREET,MN,720,7501,10011.0,1009300,93,RM,4.0,PAUL ALLEN,7554.0,38168.0,32092.0,6076.0,6076.0,0.0,38.0,45.0,1.0,11.0,1985.0,0.0,5.05,40.746638,-74.0024036,26v2,591,36061009300
1007767502,237 WEST 26 STREET,MN,776,7502,10001.0,1009500,95,RM,4.0,UNAVAILABLE OWNER,2457.0,10014.0,6498.0,3516.0,0.0,3516.0,4.0,5.0,1.0,6.0,1910.0,2006.0,4.08,40.7469179,-73.9958677,26v2,874,36061009500
1008020075,158 WEST 27 STREET,MN,802,75,10001.0,1009500,95,O6,5.0,"AFIAA 158 WEST 27TH STREET, LLC",8305.0,108000.0,,,,,0.0,14.0,1.0,12.0,1913.0,1989.0,13.0,40.7461794,-73.9933379,26v2,989,36061009500
1007767501,231 WEST 26 STREET,MN,776,7501,10001.0,1009500,95,R1,2.0,NAME NOT ON FILE,2456.0,10130.0,10130.0,0.0,0.0,0.0,7.0,7.0,1.0,7.0,1981.0,2015.0,4.12,40.7468163,-73.9956259,26v2,881,36061009500
1008027502,291 7 AVENUE,MN,802,7502,10001.0,1009500,95,RX,4.0,UNAVAILABLE OWNER,4000.0,36420.0,28339.0,8081.0,0.0,3398.0,8.0,12.0,1.0,10.0,1907.0,2000.0,9.11,40.7462042,-73.993706,26v2,965,36061009500
1008000057,130 WEST 25 STREET,MN,800,57,10001.0,1009100,91,O6,5.0,25 BUILDING ASSOCIATES,4075.0,49237.0,0.0,49237.0,44007.0,5230.0,0.0,20.0,1.0,12.0,1910.0,1911.0,12.08,40.7445518,-73.993255,26v2,911,36061009100
1006957508,508 WEST 24 STREET,MN,695,7508,10011.0,1009901,99,RM,4.0,UNAVAILABLE OWNER,7406.0,41899.0,36685.0,5214.0,0.0,5214.0,14.0,16.0,1.0,10.0,2013.0,0.0,5.66,40.7484824,-74.0045727,26v2,800,36061009901
1006957507,515 WEST 23 STREET,MN,695,7507,10011.0,1009901,99,RM,4.0,UNAVAILABLE OWNER,3950.0,38807.0,35987.0,2820.0,0.0,2750.0,11.0,18.0,1.0,,2008.0,0.0,9.82,40.7482024,-74.0046485,26v2,770,36061009901
1006967503,503 WEST 24 STREET,MN,696,7503,10001.0,1009901,99,RM,4.0,UNAVAILABLE OWNER,5520.0,56599.0,36202.0,20397.0,0.0,20397.0,5.0,7.0,1.0,11.0,2015.0,0.0,10.25,40.7486334,-74.0038328,26v2,810,36061009901
1006957504,231 10 AVENUE,MN,695,7504,10011.0,1009901,99,RM,4.0,VESTA 24 CONDOMINIUM,4937.0,39593.0,35897.0,3696.0,0.0,3696.0,22.0,23.0,1.0,14.0,2004.0,0.0,8.02,40.7482957,-74.0041396,26v2,775,36061009901
1006957505,519 WEST 23 STREET,MN,695,7505,10011.0,1009901,99,R4,3.0,UNAVAILABLE OWNER,2469.0,18732.0,18732.0,0.0,0.0,0.0,11.0,11.0,1.0,12.0,2005.0,0.0,7.59,40.7482436,-74.0047531,26v2,776,36061009901
1006967504,500 WEST 25TH,MN,696,7504,10001.0,1009901,99,RM,4.0,500 W25TH OWNER LLC,1463.0,24465.0,21740.0,2725.0,0.0,2725.0,8.0,9.0,1.0,10.0,2018.0,0.0,16.72,40.7489737,-74.0035983,26v2,847,36061009901
1006957501,227 10 AVENUE,MN,695,7501,10011.0,1009901,99,RM,4.0,THE 227 TENTH AVE CONDOMINIUM,2469.0,7005.0,3165.0,3840.0,3840.0,0.0,2.0,4.0,1.0,4.0,1920.0,0.0,2.84,40.7481503,-74.0042479,26v2,760,36061009901
1006967502,245 10 AVENUE,MN,696,7502,10001.0,1009901,99,RM,4.0,UNAVAILABLE OWNER,6332.0,40760.0,35024.0,5736.0,0.0,5736.0,18.0,20.0,1.0,11.0,2007.0,0.0,6.44,40.7488502,-74.003905,26v2,835,36061009901
1006957502,521 WEST 23 STREET,MN,695,7502,10011.0,1009901,99,RM,4.0,UNAVAILABLE OWNER,4938.0,36866.0,16878.0,19988.0,19988.0,0.0,7.0,14.0,1.0,10.0,1914.0,1985.0,7.47,40.748293,-74.0048686,26v2,784,36061009901
1006937504,504 WEST 22ND STREET,MN,693,7504,10011.0,1009901,99,RM,4.0,504 WEST 22ND STREET LLC,1102.0,5258.0,3313.0,1945.0,0.0,1945.0,1.0,2.0,1.0,4.0,1910.0,2015.0,4.77,40.7470798,-74.0051934,26v2,658,36061009901
1006937501,532 WEST 22 STREET,MN,693,7501,10011.0,1009901,99,RM,4.0,UNAVAILABLE OWNER,12348.0,36286.0,28207.0,8079.0,7512.0,567.0,12.0,14.0,1.0,5.0,1930.0,2000.0,2.94,40.7475134,-74.0064096,26v2,735,36061009901
1006947501,525 WEST 22 STREET,MN,694,7501,10011.0,1009901,99,RM,4.0,UNAVAILABLE OWNER,19503.0,88671.0,72261.0,16410.0,16410.0,0.0,30.0,34.0,1.0,6.0,1930.0,1997.0,4.55,40.7476123,-74.0054677,26v2,721,36061009901
1006927501,120 11 AVENUE,MN,692,7501,10011.0,1009901,99,RM,4.0,UNAVAILABLE OWNER,8875.0,40203.0,32236.0,7967.0,0.0,7967.0,10.0,12.0,1.0,7.0,1910.0,2008.0,4.53,40.746893,-74.0075392,26v2,715,36061009901
1006917501,100 11 AVENUE,MN,691,7501,10011.0,1009901,99,RM,4.0,UNAVAILABLE OWNER,12525.0,118137.0,112060.0,6077.0,0.0,6077.0,57.0,58.0,1.0,21.0,2007.0,0.0,9.43,40.7461739,-74.0076365,26v2,652,36061009901
1006957511,514 WEST 24TH STREET,MN,695,7511,10011.0,1009901,99,RM,4.0,514 WEST 24TH OWNER LLC,7406.0,53002.0,41666.0,11336.0,0.0,11121.0,14.0,16.0,1.0,10.0,2016.0,0.0,7.16,40.7485839,-74.0048109,26v2,815,36061009901
1006927502,500 WEST 21 STREET,MN,692,7502,10011.0,1009901,99,RM,4.0,UNAVAILABLE OWNER,18400.0,84634.0,84634.0,0.0,0.0,0.0,33.0,43.0,1.0,8.0,2013.0,0.0,4.6,40.7462371,-74.0056264,26v2,579,36061009901
1006937503,510 WEST 22ND STREET,MN,693,7503,10011.0,1009901,99,R5,5.0,"510 WEST 22ND STREET OWNER, LLC",19750.0,129231.0,0.0,129231.0,87751.0,41480.0,0.0,2.0,1.0,11.0,1920.0,0.0,6.54,40.7470194,-74.0056986,26v2,663,36061009901
1006937502,144 11 AVENUE,MN,693,7502,10011.0,1009901,99,RM,4.0,551 WEST 21ST STREET CONDOMINIUM,17388.0,153053.0,134255.0,18798.0,0.0,10868.0,44.0,46.0,1.0,20.0,2013.0,0.0,8.8,40.7475792,-74.0073047,26v2,773,36061009901
1007990040,725 AVENUE OF THE AMERICAS,MN,799,40,10010.0,1009100,91,S5,4.0,725 SIXTH AVENUE OWNER LLC,1677.0,6272.0,4644.0,1628.0,0.0,1628.0,6.0,7.0,1.0,4.0,1920.0,1986.0,3.74,40.7434566,-73.9927427,26v2,912,36061009100
1006957503,555 WEST 23 STREET,MN,695,7503,10011.0,1009901,99,RM,4.0,UNAVAILABLE OWNER,19750.0,265686.0,238994.0,26692.0,0.0,12389.0,336.0,338.0,1.0,14.0,2005.0,0.0,13.45,40.7488748,-74.0058828,26v2,865,36061009901
1006957510,559 WEST 23 STREET,MN,695,7510,10011.0,1009901,99,RM,4.0,UNAVAILABLE OWNER,2469.0,15941.0,13578.0,2363.0,0.0,2363.0,1.0,7.0,1.0,12.0,2014.0,0.0,6.46,40.748905,-74.0063268,26v2,879,36061009901
1006947502,555 WEST 22ND STREET,MN,694,7502,10011.0,1009901,99,R4,3.0,"22ND AND 11TH ASSOCIATES, L.L.C.",33671.0,296467.0,296467.0,0.0,0.0,0.0,141.0,141.0,1.0,26.0,2019.0,0.0,8.8,40.748378,-74.0067778,26v2,836,36061009901
1006937505,500 WEST 22 STREET,MN,693,7505,10011.0,1009901,99,RM,4.0,SREP 10TH AVENUE VENTURE LLC,3827.0,26800.0,23235.0,3565.0,0.0,3565.0,10.0,11.0,1.0,8.0,2020.0,0.0,7.0,40.7470112,-74.0050273,26v2,647,36061009901
1006907503,515 WEST 18TH STREET,MN,690,7503,10011.0,1009901,99,RM,4.0,"18TH HIGHLINE ASSOCIATES, L.L.C.",46000.0,322221.0,278832.0,43389.0,0.0,17758.0,181.0,183.0,1.0,21.0,2018.0,0.0,7.0,40.7451501,-74.0067883,26v2,518,36061009901
1006907502,524 WEST 19 STREET,MN,690,7502,10011.0,1009901,99,RM,4.0,UNAVAILABLE OWNER,4600.0,25528.0,21991.0,3537.0,0.0,3537.0,8.0,9.0,1.0,11.0,2008.0,0.0,5.55,40.7455838,-74.0073622,26v2,586,36061009901
1006907501,520 WEST 19 STREET,MN,690,7501,10011.0,1009901,99,RM,4.0,UNAVAILABLE OWNER,9200.0,58700.0,53366.0,5334.0,0.0,5334.0,24.0,25.0,1.0,11.0,2007.0,0.0,6.38,40.7454795,-74.0071204,26v2,564,36061009901
1006887501,99 10 AVENUE,MN,688,7501,10011.0,1009901,99,RI,5.0,NAME NOT ON FILE,59093.0,708000.0,0.0,708000.0,519000.0,0.0,0.0,2.0,1.0,11.0,1917.0,0.0,11.98,40.7440549,-74.007694,26v2,482,36061009901
1006897501,500 WEST 18TH STREET,MN,689,7501,10011.0,1009901,99,RM,4.0,76 ELEVENTH AVENUE PROPERTY OWNER LLC,76425.0,744344.0,506173.0,63369.0,0.0,12858.0,235.0,238.0,3.0,36.0,2017.0,2017.0,9.74,40.7447,-74.0074198,26v2,514,36061009901
1006917502,505 WEST 19 STREET,MN,691,7502,10011.0,1009901,99,RM,4.0,UNAVAILABLE OWNER,18975.0,91665.0,79951.0,11714.0,0.0,10627.0,35.0,41.0,1.0,10.0,2013.0,0.0,4.83,40.7456085,-74.0063012,26v2,540,36061009901
1006957509,560 WEST 24 STREET,MN,695,7509,10011.0,1009901,99,RM,4.0,UNAVAILABLE OWNER,4937.0,31250.0,27063.0,4187.0,0.0,4187.0,8.0,9.0,1.0,11.0,2013.0,0.0,6.33,40.749163,-74.0061896,26v2,903,36061009901
1006957506,200 11 AVENUE,MN,695,7506,10011.0,1009901,99,R4,3.0,UNAVAILABLE OWNER,7407.0,42413.0,42413.0,0.0,0.0,0.0,15.0,15.0,1.0,19.0,2007.0,0.0,5.73,40.7492481,-74.0063917,26v2,917,36061009901
1006967501,525 WEST 24 STREET,MN,696,7501,10011.0,1009901,99,RK,5.0,UNAVAILABLE OWNER,9875.0,10382.0,0.0,10382.0,10382.0,0.0,0.0,2.0,1.0,2.0,1947.0,2007.0,1.05,40.7491411,-74.0049697,26v2,878,36061009901
1007720075,256 WEST 23 STREET,MN,772,75,10011.0,1009100,91,J9,5.0,273 WEST 22 LLC,19256.0,97435.0,,,,,0.0,2.0,1.0,5.0,1900.0,2024.0,5.06,40.7446535,-73.9980765,26v2,567,36061009100
1007987504,158 WEST 23 STREET,MN,798,7504,10011.0,1009100,91,RM,4.0,158 WEST 23 LLC,2247.0,14506.0,9325.0,5181.0,1865.0,3316.0,5.0,7.0,1.0,7.0,1920.0,0.0,6.46,40.7435473,-73.995074,26v2,727,36061009100
1007987503,136 WEST 23 STREET,MN,798,7503,10011.0,1009100,91,RM,4.0,CLARET COMMONS CONDOMINIUM,6172.0,21273.0,16273.0,5000.0,0.0,0.0,20.0,21.0,1.0,6.0,1950.0,0.0,3.45,40.7432563,-73.9943811,26v2,773,36061009100
1007997501,124 WEST 24 STREET,MN,799,7501,10011.0,1009100,91,RM,4.0,"124 WEST 24TH ST. ACQUISITION, LLC",6584.0,36462.0,23621.0,12841.0,0.0,10245.0,20.0,26.0,1.0,6.0,1920.0,1986.0,5.54,40.7439041,-73.9936954,26v2,850,36061009100
1007987502,215 7 AVENUE,MN,798,7502,10011.0,1009100,91,RM,4.0,CHELSEA 7TH CONDO,28751.0,109366.0,64769.0,44597.0,0.0,24160.0,120.0,122.0,1.0,6.0,1973.0,0.0,3.8,40.7435775,-73.9954385,26v2,699,36061009100
1008007502,108 WEST 25 STREET,MN,800,7502,10001.0,1009100,91,RM,4.0,UNAVAILABLE OWNER,3317.0,30175.0,23820.0,6355.0,0.0,4577.0,10.0,12.0,1.0,12.0,1913.0,2001.0,9.1,40.7442416,-73.9925333,26v2,955,36061009100
1007737504,278 8TH AVENUE,MN,773,7504,10011.0,1009100,91,RM,4.0,CHELSEA 23RD REALTY LLC,19750.0,169060.0,137437.0,31623.0,0.0,31623.0,190.0,192.0,1.0,14.0,2022.0,2022.0,8.56,40.7455209,-73.997914,26v2,643,36061009100
1008017502,146 WEST 26 STREET,MN,801,7502,10001.0,1009100,91,RM,4.0,UNAVAILABLE OWNER,6883.0,53491.0,43500.0,9991.0,0.0,5658.0,25.0,27.0,1.0,9.0,1922.0,2000.0,7.77,40.7454164,-73.9934643,26v2,937,36061009100
1007757503,261 WEST 25 STREET,MN,775,7503,10001.0,1009100,91,R4,3.0,UNAVAILABLE OWNER,9504.0,60703.0,60703.0,0.0,0.0,0.0,0.0,0.0,1.0,12.0,2014.0,2014.0,6.39,40.7465062,-73.9968025,26v2,787,36061009100
1007737503,236 WEST 24 STREET,MN,773,7503,10011.0,1009100,91,R1,2.0,UNAVAILABLE OWNER,1975.0,7853.0,7853.0,0.0,0.0,0.0,5.0,5.0,1.0,6.0,1920.0,2013.0,3.98,40.745197,-73.9967664,26v2,690,36061009100
1008017501,137 WEST 25 STREET,MN,801,7501,10001.0,1009100,91,RC,5.0,137-139 W 25 ST CONDO,6550.0,80850.0,0.0,80850.0,66000.0,8250.0,0.0,14.0,1.0,12.0,1910.0,0.0,12.34,40.7450815,-73.993421,26v2,923,36061009100
1007757502,306 8 AVENUE,MN,775,7502,10001.0,1009100,91,RM,4.0,UNAVAILABLE OWNER,23881.0,177552.0,140513.0,37039.0,0.0,20340.0,204.0,207.0,1.0,12.0,2011.0,0.0,7.43,40.7467917,-73.9967772,26v2,811,36061009100
1007757501,217 WEST 25 STREET,MN,775,7501,10001.0,1009100,91,RI,5.0,ARADCO LTD,12442.0,109490.0,0.0,109490.0,4798.0,87108.0,0.0,14.0,1.0,12.0,1912.0,0.0,8.8,40.7458584,-73.9952579,26v2,836,36061009100
1007747501,252 7 AVENUE,MN,774,7501,10001.0,1009100,91,RM,4.0,UNAVAILABLE OWNER,49375.0,623668.0,547650.0,76018.0,0.0,76018.0,352.0,357.0,1.0,19.0,1910.0,1999.0,12.63,40.7453094,-73.9954853,26v2,785,36061009100
1007740075,266 WEST 25 STREET,MN,774,75,10001.0,1009100,91,C4,2.0,264-266 W 25 STREET LLC,3000.0,11660.0,,,,,15.0,15.0,1.0,5.0,1925.0,1988.0,3.89,40.7460698,-73.9969613,26v2,742,36061009100
1008017504,128 WEST 26TH STREET,MN,801,7504,10001.0,1009100,91,RM,4.0,128 WEST 26 STREET DEVELOPMENT LLC,2469.0,20937.0,18288.0,2649.0,0.0,2649.0,13.0,14.0,1.0,14.0,2021.0,0.0,8.48,40.7451309,-73.9927822,26v2,973,36061009100
1008007504,101 WEST 24 STREET,MN,800,7504,10011.0,1009100,91,RM,4.0,UNAVAILABLE OWNER,19760.0,249981.0,232578.0,17403.0,0.0,17403.0,202.0,203.0,1.0,40.0,2006.0,0.0,12.65,40.7440055,-73.9924034,26v2,957,36061009100
1008017503,127 WEST 25 STREET,MN,801,7503,10001.0,1009100,91,RC,5.0,UNAVAILABLE OWNER,7406.0,68865.0,0.0,68865.0,27000.0,2600.0,0.0,5.0,1.0,12.0,1912.0,0.0,9.3,40.7449196,-73.9930349,26v2,944,36061009100
1007987508,130 WEST 23RD STREET,MN,798,7508,10011.0,1009100,91,RM,4.0,GRAMERCY 128 WEST LLC,4937.0,34406.0,29967.0,4439.0,0.0,4439.0,30.0,31.0,2.0,15.0,2019.0,2017.0,6.97,40.7431301,-73.994078,26v2,794,36061009100
1007987505,125 WEST 22 STREET,MN,798,7505,10011.0,1009100,91,R4,3.0,125 WEST 22 STREET CONDOMINIUM,6238.0,43864.0,43864.0,0.0,0.0,0.0,33.0,33.0,1.0,17.0,2006.0,0.0,7.03,40.7428583,-73.9941971,26v2,777,36061009100
1007697509,192 8TH AVENUE,MN,769,7509,10011.0,1008700,87,RM,4.0,192 8TH AVENUE REALTY GROUP LLC,2500.0,10088.0,10088.0,0.0,0.0,0.0,5.0,6.0,1.0,6.0,1910.0,2018.0,4.04,40.7430726,-73.9997005,26v2,352,36061008700
1007700075,212 8 AVENUE,MN,770,75,10011.0,1008700,87,C7,4.0,212 8TH OWNER LLC,2723.0,9891.0,,,,,17.0,18.0,4.0,3.0,1900.0,1988.0,3.63,40.7437752,-73.99917,26v2,433,36061008700
1007977506,116 WEST 22 STREET,MN,797,7506,10011.0,1008700,87,R1,2.0,SOMA CONDOMINIUM,2469.0,15866.0,15866.0,0.0,0.0,0.0,10.0,10.0,1.0,10.0,2006.0,0.0,6.43,40.7423972,-73.9942549,26v2,763,36061008700
1007977507,140 WEST 22 STREET,MN,797,7507,10011.0,1008700,87,RM,4.0,UNAVAILABLE OWNER,6172.0,61968.0,54535.0,7433.0,7433.0,0.0,51.0,52.0,1.0,12.0,1911.0,1988.0,10.04,40.7427403,-73.9950668,26v2,703,36061008700
1007977503,132 WEST 22 STREET,MN,797,7503,10011.0,1008700,87,RM,4.0,UNAVAILABLE OWNER,3909.0,36401.0,28794.0,7607.0,7607.0,0.0,10.0,12.0,1.0,12.0,1913.0,0.0,9.31,40.7426168,-73.9947745,26v2,724,36061008700
1007977502,126 WEST 22 STREET,MN,797,7502,10011.0,1008700,87,RM,4.0,UNAVAILABLE OWNER,5555.0,54079.0,49513.0,4566.0,0.0,4566.0,22.0,23.0,1.0,13.0,1911.0,2000.0,9.74,40.7425509,-73.9946193,26v2,736,36061008700
1007977501,125 WEST 21 STREET,MN,797,7501,10011.0,1008700,87,RM,4.0,UNAVAILABLE OWNER,9472.0,65623.0,58667.0,6956.0,0.0,6956.0,52.0,53.0,1.0,13.0,2006.0,0.0,6.93,40.74226,-73.9946843,26v2,725,36061008700
1007977505,146 WEST 22 STREET,MN,797,7505,10011.0,1008700,87,RM,4.0,UNAVAILABLE OWNER,4115.0,30958.0,26178.0,4780.0,0.0,2594.0,12.0,13.0,1.0,13.0,2003.0,0.0,7.52,40.7428062,-73.9952292,26v2,691,36061008700
1007977504,136 WEST 22 STREET,MN,797,7504,10011.0,1008700,87,RM,4.0,UNAVAILABLE OWNER,4115.0,27467.0,24814.0,2653.0,0.0,2653.0,8.0,9.0,1.0,10.0,1908.0,2001.0,6.67,40.742669,-73.9949008,26v2,715,36061008700
1007977509,117 WEST 21 STREET,MN,797,7509,10011.0,1008700,87,R1,2.0,UNAVAILABLE OWNER,4337.0,32838.0,32838.0,0.0,0.0,0.0,9.0,9.0,1.0,12.0,2016.0,0.0,7.57,40.7421667,-73.9944642,26v2,742,36061008700
1007967503,129 WEST 20 STREET,MN,796,7503,10011.0,1008700,87,RM,4.0,UNAVAILABLE OWNER,6240.0,29838.0,25468.0,4370.0,0.0,4370.0,15.0,16.0,1.0,7.0,1905.0,2000.0,4.78,40.7417742,-73.9953808,26v2,661,36061008700
1007697503,160 7 AVENUE,MN,769,7503,10011.0,1008700,87,RM,4.0,KENSINGTON HOUSE CO,12161.0,126041.0,117094.0,8947.0,0.0,8947.0,196.0,199.0,1.0,15.0,1939.0,0.0,10.36,40.7422025,-73.9975064,26v2,489,36061008700
1007947504,155 WEST 18 STREET,MN,794,7504,10011.0,1008700,87,RM,4.0,155 WEST 18TH ST CONDOMINIUM,10053.0,61578.0,52261.0,9317.0,0.0,7406.0,30.0,57.0,1.0,11.0,2014.0,0.0,6.13,40.7408136,-73.9967378,26v2,548,36061008700
1007947503,138 WEST 19 STREET,MN,794,7503,10011.0,1008700,87,R1,2.0,UNAVAILABLE OWNER,1933.0,7943.0,7943.0,0.0,0.0,0.0,5.0,5.0,1.0,6.0,1920.0,2013.0,4.11,40.7409783,-73.9964527,26v2,571,36061008700
1007957501,121 WEST 19 STREET,MN,795,7501,10011.0,1008700,87,RM,4.0,UNAVAILABLE OWNER,11300.0,120468.0,108236.0,12232.0,0.0,12232.0,67.0,68.0,1.0,11.0,1903.0,2003.0,10.66,40.7411072,-73.9956227,26v2,640,36061008700
1007977508,153 WEST 21 STREET,MN,797,7508,10011.0,1008700,87,R4,3.0,UNAVAILABLE OWNER,7724.0,55378.0,55378.0,0.0,0.0,0.0,50.0,50.0,1.0,14.0,2012.0,0.0,7.17,40.7425921,-73.995471,26v2,666,36061008700
1007947501,130 WEST 19 STREET,MN,794,7501,10011.0,1008700,87,R4,3.0,UNAVAILABLE OWNER,13163.0,90401.0,90401.0,0.0,0.0,0.0,64.0,64.0,1.0,13.0,2005.0,0.0,6.87,40.7408794,-73.9962145,26v2,592,36061008700
1007957502,130 WEST 20 STREET,MN,795,7502,10011.0,1008700,87,R4,3.0,UNAVAILABLE OWNER,4600.0,30769.0,30769.0,0.0,0.0,0.0,35.0,35.0,1.0,13.0,2008.0,0.0,6.69,40.7414531,-73.9957309,26v2,630,36061008700
1007967501,179 7 AVENUE,MN,796,7501,10011.0,1008700,87,RM,4.0,NAME NOT ON FILE,5940.0,35192.0,27971.0,7221.0,2704.0,3593.0,45.0,49.0,1.0,15.0,1987.0,0.0,5.92,40.7424467,-73.9963949,26v2,587,36061008700
1007947505,142 WEST 19 STREET,MN,794,7505,10011.0,1008700,87,R1,2.0,USD 142 W 19 LLC,2208.0,11301.0,11301.0,0.0,0.0,0.0,7.0,7.0,1.0,7.0,2021.0,0.0,5.12,40.7410606,-73.9966078,26v2,557,36061008700
1007947502,163 WEST 18 STREET,MN,794,7502,10011.0,1008700,87,RD,3.0,THE SLATE CONDOMINIUMS,6265.0,31627.0,30459.0,1168.0,0.0,0.0,26.0,55.0,1.0,12.0,2006.0,0.0,5.05,40.740992,-73.9971492,26v2,512,36061008700
1007710075,232 8 AVENUE,MN,771,75,10011.0,1008700,87,S5,4.0,232 EIGHTH AVE.RLTYCORP,2440.0,5714.0,,,,,5.0,6.0,1.0,4.0,1920.0,0.0,2.34,40.7443351,-73.9987802,26v2,499,36061008700
1007717501,238 WEST 22 STREET,MN,771,7501,10011.0,1008700,87,R6,2.0,UNAVAILABLE OWNER,2173.0,4158.0,4158.0,0.0,0.0,0.0,2.0,2.0,1.0,,1931.0,0.0,1.91,40.7437972,-73.9975893,26v2,545,36061008700
1007697506,217 WEST 19 STREET,MN,769,7506,10011.0,1008700,87,RM,4.0,THE DANCE BUILDING CONDOMINIUM,7500.0,50790.0,26707.0,24083.0,0.0,0.0,12.0,13.0,1.0,11.0,2002.0,0.0,6.77,40.7422134,-73.9982065,26v2,432,36061008700
1007687505,239 WEST 18 STREET,MN,768,7505,10011.0,1008700,87,RM,4.0,UNAVAILABLE OWNER,4748.0,10589.0,7400.0,3189.0,0.0,0.0,2.0,4.0,1.0,3.0,1910.0,0.0,2.23,40.7420021,-73.9995525,26v2,316,36061008700
1007697504,223 WEST 19 STREET,MN,769,7504,10011.0,1008700,87,RM,4.0,223 WEST 19TH STREET CONDO ASSOCIATION,3625.0,18843.0,12663.0,6180.0,0.0,6180.0,5.0,7.0,1.0,8.0,1900.0,1999.0,5.2,40.7422848,-73.9983869,26v2,419,36061008700
1007697507,234 WEST 20 STREET,MN,769,7507,10011.0,1008700,87,R1,2.0,UNAVAILABLE OWNER,1997.0,8288.0,8288.0,0.0,0.0,0.0,9.0,9.0,1.0,5.0,1929.0,0.0,4.15,40.7427377,-73.9987694,26v2,404,36061008700
1007697502,237 WEST 19 STREET,MN,769,7502,10011.0,1008700,87,R6,2.0,NAME NOT ON FILE,942.0,2455.0,2455.0,0.0,0.0,0.0,3.0,3.0,1.0,3.0,1900.0,1973.0,2.61,40.7424275,-73.998856,26v2,385,36061008700
1007687503,211 WEST 18 STREET,MN,768,7503,10011.0,1008700,87,R1,2.0,UNAVAILABLE OWNER,4600.0,14339.0,14339.0,0.0,0.0,0.0,8.0,8.0,1.0,9.0,2001.0,0.0,3.12,40.741519,-73.998405,26v2,405,36061008700
1007697501,239 WEST 19 STREET,MN,769,7501,10011.0,1008700,87,R6,2.0,RADACINSKI MAGGI,930.0,2455.0,2455.0,0.0,0.0,0.0,3.0,3.0,1.0,3.0,1885.0,1982.0,2.64,40.7424468,-73.9989029,26v2,382,36061008700
1007687501,210 WEST 19 STREET,MN,768,7501,10011.0,1008700,87,R4,3.0,CHARLES H GREENTHAL & CO INC,9706.0,48676.0,48676.0,0.0,0.0,0.0,69.0,69.0,1.0,6.0,1939.0,0.0,5.02,40.7417304,-73.9982101,26v2,423,36061008700
1007687504,270 WEST 19 STREET,MN,768,7504,10011.0,1008700,87,RM,4.0,UNAVAILABLE OWNER,4565.0,18644.0,17979.0,665.0,0.0,665.0,14.0,15.0,1.0,7.0,2004.0,0.0,4.08,40.742337,-73.9997402,26v2,312,36061008700
1007697508,241 WEST 19 STREET,MN,769,7508,10011.0,1008700,87,RM,4.0,UNAVAILABLE OWNER,5955.0,27645.0,25251.0,2394.0,0.0,0.0,19.0,20.0,2.0,12.0,2006.0,0.0,4.64,40.7425291,-73.9989354,26v2,383,36061008700
1007987501,119 WEST 22 STREET,MN,798,7501,10011.0,1009100,91,RB,5.0,NAME NOT ON FILE,3950.0,16679.0,0.0,16679.0,0.0,16679.0,0.0,6.0,1.0,6.0,1925.0,0.0,4.22,40.7427897,-73.9940311,26v2,789,36061009100
1007987507,124 WEST 23 STREET,MN,798,7507,10011.0,1009100,91,RM,4.0,UNAVAILABLE OWNER,4937.0,43238.0,39481.0,3757.0,0.0,3757.0,29.0,30.0,1.0,16.0,2011.0,0.0,8.76,40.7430642,-73.9939192,26v2,805,36061009100
1007987506,133 WEST 22 STREET,MN,798,7506,10011.0,1009100,91,RM,4.0,UNAVAILABLE OWNER,14466.0,112400.0,99728.0,12672.0,0.0,2396.0,99.0,101.0,1.0,13.0,2008.0,0.0,7.77,40.7430532,-73.994659,26v2,744,36061009100
1008007501,245 7 AVENUE,MN,800,7501,10001.0,1009100,91,RM,4.0,UNAVAILABLE OWNER,6883.0,62582.0,57140.0,5442.0,0.0,5442.0,33.0,34.0,1.0,12.0,1911.0,0.0,9.09,40.7448181,-73.9947599,26v2,809,36061009100
1008007503,141 WEST 24 STREET,MN,800,7503,10011.0,1009100,91,RM,4.0,UNAVAILABLE OWNER,2582.0,19850.0,10850.0,9000.0,5000.0,4000.0,4.0,7.0,1.0,8.0,1901.0,2003.0,7.69,40.7444914,-73.9939624,26v2,853,36061009100
1007737501,200 WEST 24 STREET,MN,773,7501,10011.0,1009100,91,RM,4.0,CHELSEA ROYALE CONDOMINIUM,3950.0,30927.0,26484.0,4443.0,0.0,2686.0,20.0,21.0,1.0,12.0,2004.0,0.0,7.83,40.744755,-73.9955358,26v2,749,36061009100
1008007505,159 WEST 24 STREET,MN,800,7505,10011.0,1009100,91,R4,3.0,CARRIAGE HOUSE CONDOMINIUM 159 WEST 24TH STREET LLC,4115.0,22675.0,22675.0,0.0,0.0,0.0,24.0,24.0,1.0,8.0,1900.0,2008.0,5.51,40.7447495,-73.9945542,26v2,821,36061009100
1007737502,213 WEST 23 STREET,MN,773,7502,10011.0,1009100,91,RD,3.0,UNAVAILABLE OWNER,8970.0,65664.0,44800.0,20864.0,6600.0,6896.0,12.0,14.0,1.0,10.0,1900.0,2004.0,7.32,40.7446288,-73.9961132,26v2,700,36061009100
1007697505,251 WEST 19 STREET,MN,769,7505,10011.0,1008700,87,RM,4.0,THE CHELSEA 19 CONDOMINUM,7825.0,72303.0,70047.0,2256.0,0.0,2256.0,43.0,44.0,1.0,11.0,1910.0,1982.0,9.24,40.7426197,-73.9991664,26v2,368,36061008700
1007687502,140 7 AVENUE,MN,768,7502,10011.0,1008700,87,RM,4.0,CHADWIN HOUSE CONDOMINIUM,18400.0,87047.0,76306.0,10741.0,343.0,0.0,109.0,140.0,1.0,7.0,1962.0,0.0,4.73,40.7414833,-73.9979683,26v2,442,36061008700
1006377505,165 CHARLES STREET,MN,637,7505,10014.0,1007500,75,RM,4.0,UNAVAILABLE OWNER,12381.0,68132.0,63115.0,5017.0,0.0,1673.0,28.0,92.0,1.0,16.0,2004.0,0.0,5.5,40.7341051,-74.0097099,26v2,975,36061007500
1006377508,166 PERRY STREET,MN,637,7508,10014.0,1007500,75,R4,3.0,UNAVAILABLE OWNER,7547.0,44289.0,44289.0,0.0,0.0,0.0,20.0,20.0,1.0,8.0,1905.0,1987.0,5.87,40.7344756,-74.0093744,26v2,925,36061007500
1006377504,173 PERRY STREET,MN,637,7504,10014.0,1007500,75,RM,4.0,UNAVAILABLE OWNER,14219.0,79123.0,76781.0,2342.0,0.0,2342.0,23.0,25.0,2.0,15.0,2001.0,0.0,5.56,40.734418,-74.0097136,26v2,947,36061007500
1006377503,374 WEST 11 STREET,MN,637,7503,10014.0,1007500,75,RM,4.0,374 WEST 11TH STREET CORP,2896.0,15474.0,14010.0,1464.0,1464.0,0.0,8.0,10.0,1.0,10.0,2000.0,0.0,5.34,40.7351728,-74.0097101,26v2,879,36061007500
1006387501,164 BANK STREET,MN,638,7501,10014.0,1007500,75,RM,4.0,BANK HOUSE STREET CONDO,3697.0,17586.0,16574.0,1012.0,337.0,675.0,24.0,26.0,1.0,11.0,1988.0,0.0,4.76,40.7358288,-74.0094179,26v2,807,36061007500
1006377501,155 PERRY STREET,MN,637,7501,10014.0,1007500,75,R4,3.0,155 PERRY ST CONDOMINUM,6617.0,41475.0,41475.0,0.0,0.0,0.0,31.0,31.0,1.0,8.0,1913.0,1986.0,6.27,40.7349313,-74.008927,26v2,862,36061007500
1006377502,366 WEST 11 STREET,MN,637,7502,10014.0,1007500,75,R4,3.0,366 WEST 11 ST CONDO,8828.0,54811.0,54811.0,0.0,0.0,0.0,79.0,79.0,1.0,13.0,1987.0,0.0,6.21,40.7351618,-74.0092843,26v2,859,36061007500
1006387502,359 WEST 11 STREET,MN,638,7502,10014.0,1007500,75,R4,3.0,UNAVAILABLE OWNER,5963.0,32207.0,32207.0,0.0,0.0,0.0,18.0,18.0,1.0,10.0,1999.0,0.0,5.4,40.7356147,-74.0090859,26v2,808,36061007500
1006377507,360 WEST 11 STREET,MN,637,7507,10014.0,1007500,75,RM,4.0,360 CONDOMINIUM A/K/A PALAZZO CHUPI,6615.0,32308.0,18611.0,13697.0,0.0,11350.0,5.0,7.0,1.0,12.0,2006.0,0.0,4.88,40.7352003,-74.0090065,26v2,841,36061007500
1006377506,163 CHARLES STREET,MN,637,7506,10014.0,1007500,75,RM,4.0,163 CHARLES STREET CONDOMINIUM,2242.0,9296.0,9296.0,0.0,0.0,0.0,3.0,4.0,1.0,8.0,2005.0,0.0,4.15,40.7341545,-74.0094501,26v2,958,36061007500
1006337501,744 GREENWICH STREET,MN,633,7501,10014.0,1007500,75,R1,2.0,UNAVAILABLE OWNER,4015.0,15023.0,15023.0,0.0,0.0,0.0,5.0,5.0,1.0,5.0,2006.0,0.0,3.74,40.7353651,-74.0071301,26v2,744,36061007500
1006317502,677 WASHINGTON STREET,MN,631,7502,10014.0,1007500,75,RM,4.0,PALESTRONI ALFIERO,14158.0,82830.0,60433.0,22397.0,0.0,10442.0,73.0,75.0,1.0,21.0,1987.0,0.0,5.85,40.7339432,-74.0081403,26v2,923,36061007500
1006307502,513 HUDSON STREET,MN,630,7502,10014.0,1007500,75,RM,4.0,CLAREMONT SOUTH CONDOMINIUM AS,3955.0,14323.0,8705.0,5618.0,0.0,1550.0,9.0,13.0,1.0,6.0,1988.0,0.0,3.62,40.73357,-74.0066428,26v2,913,36061007500
1006367503,150 CHARLES STREET,MN,636,7503,10014.0,1007500,75,R4,3.0,UNAVAILABLE OWNER,47493.0,264976.0,245702.0,19274.0,0.0,0.0,91.0,92.0,1.0,16.0,1938.0,1988.0,5.58,40.7336302,-74.0092408,26v2,999,36061007500
1006317503,275 WEST 10 STREET,MN,631,7503,10014.0,1007500,75,R4,3.0,UNAVAILABLE OWNER,13031.0,120394.0,120394.0,0.0,0.0,0.0,54.0,54.0,1.0,13.0,1895.0,1979.0,9.24,40.7336578,-74.0081872,26v2,954,36061007500
1006317501,708 GREENWICH STREET,MN,631,7501,10014.0,1007500,75,RM,4.0,GREENWICH 33 APARTMENT CORP,11700.0,59563.0,53943.0,5620.0,0.0,4620.0,34.0,35.0,1.0,6.0,1910.0,0.0,5.09,40.7338856,-74.007563,26v2,908,36061007500
1006407501,400 WEST 12 STREET,MN,640,7501,10014.0,1007900,79,R4,3.0,UNAVAILABLE OWNER,32212.0,164753.0,151870.0,12883.0,0.0,0.0,60.0,61.0,8.0,15.0,2007.0,2007.0,5.11,40.7372094,-74.0092485,26v2,687,36061007900
1006397501,151 BANK STREET,MN,639,7501,10014.0,1007900,79,RM,4.0,WESTBETH CORP. HOUSING DEVELOPMENT FUND  COMPANY,96530.0,726770.0,700482.0,26288.0,0.0,26288.0,384.0,385.0,1.0,13.0,1926.0,0.0,7.53,40.7365287,-74.0090752,26v2,730,36061007900
1006467502,450 WEST 14 STREET,MN,646,7502,10014.0,1007900,79,RB,5.0,UNAVAILABLE OWNER,10325.0,103878.0,0.0,103878.0,92842.0,11036.0,0.0,2.0,1.0,15.0,1934.0,0.0,10.06,40.7416752,-74.0078309,26v2,391,36061007900
1006457501,837 WASHINGTON STREET,MN,645,7501,10014.0,1007900,79,RC,5.0,UNAVAILABLE OWNER,10325.0,49401.0,0.0,49401.0,33967.0,15434.0,0.0,3.0,1.0,6.0,2013.0,0.0,4.78,40.7406295,-74.0073544,26v2,359,36061007900
1006437501,75 HORATIO STREET,MN,643,7501,10014.0,1007900,79,R2,2.0,"204-206 21STREET, LLC",3898.0,11362.0,11362.0,0.0,0.0,0.0,12.0,12.0,1.0,3.0,1910.0,0.0,2.91,40.7389387,-74.0073109,26v2,438,36061007900
1006277501,637 HUDSON STREET,MN,627,7501,10014.0,1007900,79,RM,4.0,GOLDIN MANAGEMENT INC,2402.0,6631.0,4960.0,1671.0,1671.0,0.0,3.0,4.0,1.0,4.0,1999.0,0.0,2.76,40.7388757,-74.0057412,26v2,349,36061007900
1006427501,111 JANE STREET,MN,642,7501,10014.0,1007900,79,R1,2.0,111 JANE STREET CONDOMINIUM,2248.0,11969.0,11969.0,0.0,0.0,0.0,6.0,6.0,1.0,,1900.0,0.0,5.32,40.7383265,-74.0090321,26v2,595,36061007900
1006417503,385 WEST 12 STREET,MN,641,7503,10014.0,1007900,79,R4,3.0,385 WEST 12TH STREET CONDOMINIUM,8795.0,40286.0,40286.0,0.0,0.0,0.0,12.0,12.0,1.0,7.0,2007.0,0.0,4.58,40.7377447,-74.0088697,26v2,624,36061007900
1006417502,495 WEST STREET,MN,641,7502,10014.0,1007900,79,R1,2.0,495 WEST STREET CONDOMINIUM,5414.0,30088.0,30088.0,0.0,0.0,0.0,9.0,9.0,1.0,11.0,1998.0,0.0,5.56,40.737794,-74.0094579,26v2,659,36061007900
1006417501,88 JANE STREET,MN,641,7501,10014.0,1007900,79,R4,3.0,88 JANE W 12 CONDOMINIUM,6966.0,24040.0,24040.0,0.0,0.0,0.0,27.0,27.0,2.0,5.0,1910.0,1985.0,3.45,40.7378518,-74.0075598,26v2,535,36061007900
1006417504,397 WEST 12 STREET,MN,641,7504,10014.0,1007900,79,R1,2.0,UNAVAILABLE OWNER,5929.0,25180.0,25180.0,0.0,0.0,0.0,5.0,5.0,1.0,9.0,2007.0,0.0,4.25,40.7377584,-74.0091944,26v2,644,36061007900
1006427502,99 JANE STREET,MN,642,7502,10014.0,1007900,79,R4,3.0,UNAVAILABLE OWNER,34917.0,147927.0,128297.0,19630.0,0.0,0.0,84.0,85.0,1.0,11.0,1997.0,0.0,4.24,40.7384418,-74.0085955,26v2,558,36061007900
1006057501,657 GREENWICH STREET,MN,605,7501,10014.0,1006900,69,R5,5.0,UNAVAILABLE OWNER,18655.0,42161.0,0.0,42161.0,0.0,0.0,0.0,2.0,2.0,3.0,1955.0,2012.0,2.26,40.7328921,-74.0070433,26v2,995,36061006900
1005777503,3 WEST 13 STREET,MN,577,7503,10011.0,1006300,63,RM,4.0,UNAVAILABLE OWNER,2581.0,12930.0,8796.0,4134.0,0.0,4134.0,7.0,9.0,1.0,9.0,1900.0,2004.0,5.01,40.7357549,-73.9945766,26v2,958,36061006300
1005777501,72 5 AVENUE,MN,577,7501,10011.0,1006300,63,RC,5.0,UNAVAILABLE OWNER,5158.0,35310.0,0.0,35308.0,35308.0,0.0,0.0,4.0,1.0,7.0,1920.0,1984.0,6.85,40.735571,-73.9943348,26v2,987,36061006300
1005767504,36 WEST 13 STREET,MN,576,7504,10011.0,1006300,63,RM,4.0,RAMBUSHI CONDOMINIUM BOARD OF MNGRS,6620.0,29164.0,20224.0,8940.0,0.0,8940.0,7.0,9.0,1.0,7.0,1920.0,1998.0,4.41,40.7359224,-73.9961859,26v2,846,36061006300
1005777504,14 WEST 14 STREET,MN,577,7504,10011.0,1006300,63,RM,4.0,UNAVAILABLE OWNER,5163.0,31874.0,25511.0,6363.0,0.0,6363.0,30.0,31.0,1.0,10.0,2008.0,0.0,6.17,40.7361612,-73.9947389,26v2,918,36061006300
1005767501,60 WEST 13 STREET,MN,576,7501,10011.0,1006300,63,R4,3.0,VILLAGE HOUSE CONDOMINIUM CORP,8982.0,58516.0,58516.0,0.0,0.0,0.0,70.0,70.0,1.0,14.0,1966.0,0.0,6.51,40.7362216,-73.9968751,26v2,782,36061006300
1005767502,59 WEST 12 STREET,MN,576,7502,10011.0,1006300,63,RM,4.0,59 WEST 12TH STREET CONDOMINIUM,11202.0,104825.0,97342.0,7483.0,7483.0,0.0,103.0,107.0,1.0,17.0,1931.0,0.0,9.36,40.7358346,-73.9967452,26v2,821,36061006300
1005777502,65 WEST 13 STREET,MN,577,7502,10011.0,1006300,63,RM,4.0,THE GREENWICH CONDOMINIUM,23231.0,233409.0,178933.0,54476.0,0.0,54476.0,77.0,78.0,1.0,12.0,1906.0,2000.0,10.05,40.7368392,-73.9967921,26v2,738,36061006300
1005767503,8 WEST 13 STREET,MN,576,7503,10011.0,1006300,63,RM,4.0,LCC REALTY CORP,3500.0,37683.0,34168.0,3515.0,0.0,3515.0,30.0,32.0,1.0,11.0,1910.0,0.0,10.77,40.7354915,-73.9950962,26v2,945,36061006300
1005927501,1 SHERIDAN SQUARE,MN,592,7501,10014.0,1007100,71,RM,4.0,SHERIDAN CONDOMINIUM BOARD,4305.0,27933.0,20676.0,7257.0,0.0,7257.0,45.0,46.0,2.0,8.0,1920.0,0.0,6.49,40.7327633,-74.0018402,26v2,963,36061007100
1006077503,133 WEST 11 STREET,MN,607,7503,10011.0,1007100,71,RM,4.0,THE GREENWICH LANE CONDOMINIUM,92925.0,533883.0,487494.0,46389.0,20538.0,9660.0,199.0,204.0,1.0,17.0,2013.0,0.0,5.75,40.7365483,-74.0000072,26v2,599,36061007100
1006077502,122 WEST 12 STREET,MN,607,7502,10011.0,1007100,71,R4,3.0,UNAVAILABLE OWNER,11616.0,83082.0,83082.0,0.0,0.0,0.0,42.0,42.0,1.0,13.0,1941.0,0.0,7.15,40.7362601,-73.9989572,26v2,671,36061007100
1006087503,138 WEST 13 STREET,MN,608,7503,10011.0,1007100,71,R1,2.0,UNAVAILABLE OWNER,2452.0,3705.0,3705.0,0.0,0.0,0.0,3.0,3.0,2.0,3.0,1910.0,1984.0,1.51,40.7371686,-73.9991231,26v2,579,36061007100
1006087505,161 WEST 12 STREET,MN,608,7505,10011.0,1007100,71,RA,8.0,UNAVAILABLE OWNER,6474.0,11780.0,0.0,11780.0,0.0,0.0,0.0,2.0,1.0,5.0,1930.0,0.0,1.82,40.7370725,-73.9996897,26v2,561,36061007100
1005927502,150 WAVERLY PLACE,MN,592,7502,10014.0,1007100,71,R1,2.0,NAME NOT ON FILE,4317.0,10002.0,10002.0,0.0,0.0,0.0,8.0,8.0,1.0,4.0,0.0,0.0,2.32,40.7331475,-74.001032,26v2,931,36061007100
1006107503,134 WEST 10 STREET,MN,610,7503,10014.0,1007100,71,RM,4.0,UNAVAILABLE OWNER,7255.0,24637.0,14094.0,10543.0,0.0,5368.0,7.0,10.0,2.0,5.0,1910.0,2004.0,3.4,40.7343003,-74.0004474,26v2,819,36061007100
1006087506,118 WEST 13TH STREET,MN,608,7506,10011.0,1007100,71,RD,3.0,118 WEST 13TH STREET OWNER LLC,6453.0,25972.0,25517.0,455.0,0.0,0.0,8.0,72.0,1.0,7.0,1930.0,0.0,4.02,40.7368804,-73.9984375,26v2,640,36061007100
1007517501,36 WEST 28 STREET,MN,751,7501,10001.0,1009700,97,R4,3.0,ANDREWS BUILDING CORP,2774.0,9538.0,9538.0,0.0,0.0,0.0,17.0,17.0,1.0,8.0,2002.0,0.0,3.44,40.7492208,-73.9985527,26v2,958,36061009700
1008000049,112 WEST 25 STREET,MN,800,49,10001.0,1009100,91,H2,5.0,CHELSEA 25 HOTEL LLC,8527.0,185831.0,,,,,0.0,1.0,1.0,40.0,2016.0,2016.0,21.79,40.744302,-73.9927462,26v2,940,36061009100
1007980054,118 WEST 23 STREET,MN,798,54,10011.0,1009100,91,D7,4.0,120 W 23RD ST LLC,7406.0,48539.0,43139.0,5400.0,0.0,5400.0,42.0,44.0,1.0,15.0,1987.0,0.0,6.55,40.7429818,-73.9937243,26v2,819,36061009100
1008200058,6 AVENUE,MN,820,58,10011.0,1005400,54,Z9,,RXR 620 OWNER II LLC,4900.0,0.0,,,,,0.0,0.0,0.0,,0.0,0.0,0.0,40.7395481,-73.9930354,26v2,880,36061005400
1008197507,21 WEST 17 STREET,MN,819,7507,10011.0,1005400,54,R0,,MN W18W17 LLC,2484.0,22568.0,,,,,,,1.0,14.0,2023.0,2022.0,9.09,40.7386181,-73.9933518,26v2,885,36061005400
1008197506,16 WEST 18 STREET,MN,819,7506,10011.0,1005400,54,R0,,MN W18W17 LLC,2484.0,16740.0,,,,,,,1.0,10.0,2023.0,0.0,6.74,40.7388544,-73.9931794,26v2,890,36061005400
1006110037,7 AVENUE,MN,611,37,10014.0,1007300,73,Z9,,UNAVAILABLE OWNER,21.0,0.0,,,,,0.0,0.0,0.0,,0.0,0.0,0.0,40.7346681,-74.0024031,26v2,747,36061007300
1006250037,JANE STREET,MN,625,37,10014.0,1007700,77,QG,9.0,"BOGART, BETH ANN",58.0,0.0,,,,,0.0,0.0,0.0,,0.0,0.0,0.0,40.737948,-74.0046225,26v2,398,36061007700
1007440047,310 WEST 21 STREET,MN,744,47,10011.0,1008900,89,C4,2.0,"PROLIFIA, LLC",2300.0,4875.0,4875.0,0.0,0.0,0.0,8.0,8.0,0.0,5.0,1900.0,2013.0,2.12,40.7441485,-74.0003104,26v2,395,36061008900
1007640120,WEST 14 STREET,MN,764,120,10011.0,1008100,81,V1,11.0,WALTER E SCHMIDT,100.0,0.0,,,,,0.0,0.0,0.0,,0.0,0.0,0.0,40.7396114,-74.0009455,26v2,272,36061008100
1007380074,351 WEST 15TH STREET,MN,738,74,10011.0,1008300,83,C4,2.0,15TH STREET COMMONS LLC,2832.0,8741.0,8741.0,0.0,0.0,0.0,15.0,15.0,1.0,3.5,1885.0,0.0,3.09,40.7412692,-74.0044062,26v2,101,36061008300
1006420004,110 HORATIO STREET,MN,642,4,10014.0,1007900,79,D3,3.0,110-114 HORATIO II L.L.C.,14020.0,85030.0,85030.0,0.0,0.0,0.0,121.0,121.0,1.0,10.0,1987.0,0.0,6.06,40.7385461,-74.0093136,26v2,602,36061007900
1006420001,113 JANE STREET,MN,642,1,10014.0,1007900,79,H3,5.0,NYC CLUB OWNER LLC,8812.0,43618.0,0.0,4000.0,0.0,4000.0,0.0,1.0,1.0,6.0,1908.0,0.0,4.95,40.7382963,-74.0093244,26v2,618,36061007900
1007740173,WEST 25 STREET,MN,774,173,10001.0,1009100,91,V1,11.0,"CHABAD YOUNG PROFESSIONALS, INC.",161.0,0.0,,,,,0.0,0.0,0.0,,0.0,0.0,0.0,40.7458831,-73.9968927,26v2,732,36061009100
1005530044,127 WAVERLY PLACE,MN,553,44,10011.0,1006300,63,V1,11.0,378 SIXTH LLC,51.0,0.0,,,,,0.0,0.0,0.0,,0.0,0.0,0.0,40.7328593,-73.9995778,26v2,993,36061006300
1006097504,525 AVENUE OF THE AMERICAS,MN,609,7504,10011.0,1007100,71,R0,,525 6TH AVE LLC,12900.0,,,,,,,,1.0,13.0,2024.0,2024.0,,40.7372696,-73.9973682,26v2,670,36061007100
1007720044,210 7 AVENUE,MN,772,44,10011.0,1009100,91,S9,4.0,CHELSEA 210 LLC,851.0,3330.0,2530.0,800.0,0.0,800.0,3.0,5.0,1.0,6.0,1860.0,1999.0,3.91,40.7436379,-73.9962216,26v2,641,36061009100
1007720038,213 WEST 22 STREET,MN,772,38,10011.0,1009100,91,B1,1.0,"KEMP, IMAD",1199.0,2448.0,2448.0,0.0,0.0,0.0,2.0,2.0,1.0,3.0,1901.0,0.0,2.04,40.7438054,-73.9965103,26v2,626,36061009100
1007980066,142 WEST 23 STREET,MN,798,66,10011.0,1009100,91,D6,4.0,"GREENHORN DEVELOPMENT,",7406.0,48680.0,44338.0,4342.0,0.0,4342.0,68.0,70.0,1.0,13.0,1989.0,0.0,6.57,40.7433469,-73.9945976,26v2,758,36061009100
1007720043,203 WEST 22 STREET,MN,772,43,10011.0,1009100,91,C3,2.0,22112 LLC,822.0,2548.0,2548.0,0.0,0.0,0.0,4.0,4.0,1.0,4.0,1901.0,2017.0,3.1,40.7436599,-73.9962757,26v2,638,36061009100
1007720040,209 WEST 22 STREET,MN,772,40,10011.0,1009100,91,A9,1.0,RED ROOM HOLDINGS LLC,822.0,2776.0,2468.0,0.0,0.0,0.0,1.0,1.0,1.0,4.0,1901.0,1967.0,3.38,40.7437258,-73.9964345,26v2,628,36061009100
1007720031,227 WEST 22 STREET,MN,772,31,10011.0,1009100,91,A5,1.0,"HAMBRECHT, GEORGE A.",1596.0,3264.0,3264.0,0.0,0.0,0.0,1.0,1.0,1.0,4.0,1901.0,0.0,2.05,40.7439783,-73.9968531,26v2,609,36061009100
1007730078,258 WEST 24 STREET,MN,773,78,10011.0,1009100,91,A4,1.0,"ACME FAMILY, LLC",1646.0,3335.0,3335.0,0.0,0.0,0.0,1.0,1.0,1.0,3.0,1920.0,1986.0,2.03,40.7454852,-73.9974557,26v2,667,36061009100
1007750003,304 8 AVENUE,MN,775,3,10001.0,1009100,91,S9,4.0,304 EIGHTH LLC,2467.0,6361.0,4361.0,2000.0,0.0,2000.0,3.0,5.0,1.0,4.0,1910.0,1984.0,2.58,40.7466681,-73.9970803,26v2,784,36061009100
1007740086,288 8 AVENUE,MN,774,86,10001.0,1009100,91,C7,4.0,288 8TH AVENUE LLC,2467.0,7556.0,5806.0,1750.0,0.0,1750.0,11.0,13.0,1.0,4.0,1920.0,1985.0,3.06,40.7461686,-73.9974449,26v2,722,36061009100
1007517502,335 8TH AVENUE,MN,751,7502,10001.0,1009700,97,R0,,MUTUAL REDEVELOPMENT HOUSES INC,40621.0,232260.0,,,,,,,1.0,7.0,2024.0,0.0,5.72,40.7477057,-73.9974157,26v2,858,36061009700
1007730011,265 WEST 23 STREET,MN,773,11,10011.0,1009100,91,K2,5.0,"STANDARD RLTY ASSOC.,INC",1852.0,3704.0,0.0,3704.0,0.0,3704.0,0.0,2.0,1.0,2.0,1901.0,1994.0,2.0,40.7452436,-73.9976398,26v2,638,36061009100
1007720083,250 8 AVENUE,MN,772,83,10011.0,1009100,91,K4,4.0,"250 EIGHTH AVENUE ASSOCIATES,",2347.0,7259.0,3286.0,3973.0,1643.0,2330.0,4.0,8.0,1.0,4.0,1920.0,1986.0,3.09,40.7449774,-73.9983977,26v2,571,36061009100
1008000005,253 7 AVENUE,MN,800,5,10001.0,1009100,91,M1,8.0,UNITED CHURCH OF CHRIST,3391.0,8016.0,0.0,8016.0,0.0,0.0,0.0,4.0,1.0,3.0,1946.0,1986.0,2.36,40.74498,-73.9946444,26v2,826,36061009100
1007730022,241 WEST 23 STREET,MN,773,22,10011.0,1009100,91,D0,3.0,23RD STREET LOFT CORPORATION,3950.0,26270.0,22870.0,3400.0,0.0,3400.0,11.0,12.0,1.0,7.0,1898.0,1985.0,6.65,40.744939,-73.9969144,26v2,663,36061009100
1007730009,269 WEST 23 STREET,MN,773,9,10011.0,1009100,91,K2,5.0,FIFTH JAM DEVELOPMENT,3718.0,6281.0,0.0,6281.0,0.0,6281.0,0.0,3.0,1.0,2.0,1910.0,1999.0,1.69,40.7452821,-73.99773,26v2,635,36061009100
1007720081,254 8 AVENUE,MN,772,81,10011.0,1009100,91,S9,4.0,MARED ESTATES LLC,1174.0,4660.0,2330.0,2330.0,1165.0,1165.0,3.0,5.0,1.0,4.0,1910.0,1982.0,3.97,40.7450543,-73.9983435,26v2,580,36061009100
1007980026,129 WEST 22 STREET,MN,798,26,10011.0,1009100,91,D0,3.0,TOP OF THE LOFTS INC,4148.0,45006.0,41226.0,3780.0,0.0,3780.0,16.0,17.0,1.0,12.0,1909.0,1984.0,10.85,40.7429297,-73.9943631,26v2,765,36061009100
1007720071,248 WEST 23 STREET,MN,772,71,10011.0,1009100,91,D4,3.0,CHELSEA TENANT OWNERS CORP,2469.0,13719.0,11433.0,2286.0,0.0,2286.0,5.0,6.0,1.0,6.0,1920.0,0.0,5.56,40.7446123,-73.9975965,26v2,595,36061009100
1007720074,254 WEST 23 STREET,MN,772,74,10011.0,1009100,91,V1,11.0,273 WEST 22 LLC,2468.0,0.0,,,,,0.0,0.0,0.0,,0.0,0.0,0.0,40.7447084,-73.9978311,26v2,586,36061009100
1007720066,238 WEST 23 STREET,MN,772,66,10011.0,1009100,91,M1,8.0,CONG EMUNATH ISRAEL,4871.0,9523.0,0.0,9523.0,0.0,556.0,0.0,1.0,1.0,1.0,1920.0,0.0,1.96,40.7444586,-73.9972392,26v2,610,36061009100
1008000019,139 WEST 24 STREET,MN,800,19,10011.0,1009100,91,O5,5.0,G&G ELECTRIC REALTYCORPORATION,5504.0,13621.0,0.0,8117.0,8117.0,0.0,0.0,1.0,2.0,4.0,1920.0,0.0,2.47,40.7444777,-73.9938216,26v2,863,36061009100
1008000020,135 WEST 24 STREET,MN,800,20,10011.0,1009100,91,D6,4.0,MARUISHI PHARMACEUTICAL CO. LTD.,2925.0,12609.0,10159.0,2450.0,0.0,2450.0,23.0,24.0,1.0,6.0,1901.0,1989.0,4.31,40.7444228,-73.9937098,26v2,870,36061009100
1008000065,150 WEST 25 STREET,MN,800,65,10001.0,1009100,91,O6,5.0,DEZER PROPERTIES 146 LLC,5497.0,66528.0,0.0,66528.0,60984.0,5544.0,0.0,8.0,1.0,12.0,1911.0,1983.0,12.1,40.7447879,-73.9938793,26v2,873,36061009100
1006240020,599 HUDSON STREET,MN,624,20,10014.0,1007900,79,C1,2.0,599 HUDSON LLC,1995.0,7167.0,7167.0,0.0,0.0,0.0,15.0,15.0,2.0,4.0,1905.0,2005.0,3.59,40.7370861,-74.006055,26v2,532,36061007900
1006350015,39 BETHUNE STREET,MN,635,15,10014.0,1007900,79,A9,1.0,REVOCABLE TRUST OF JOHN KEVIN HOYNS UAD  3/21/22,1740.0,760.0,760.0,0.0,0.0,0.0,1.0,1.0,2.0,3.0,1899.0,0.0,0.44,40.7368143,-74.0078267,26v2,638,36061007900
1006510007,PIER 54,MN,651,7,10011.0,1009901,99,T2,7.0,NYS DEPARTMENT OF TRANSPORTATION,292650.0,111720.0,0.0,111720.0,0.0,0.0,0.0,1.0,1.0,1.0,1900.0,0.0,0.38,40.7416091,-74.0109741,26v2,655,36061009901
1006510105,20 BLOOMFIELD STREET,MN,651,105,10014.0,1007900,79,T2,7.0,NYS DEPARTMENT OF TRANSPORTATION,121075.0,74385.0,0.0,74385.0,0.0,0.0,0.0,3.0,1.0,1.0,1910.0,0.0,0.61,40.7409036,-74.011407,26v2,693,36061007900
1006350034,107 BANK STREET,MN,635,34,10014.0,1007900,79,A4,1.0,105-107 NYC LLC,3540.0,7767.0,7049.0,0.0,0.0,0.0,1.0,1.0,1.0,4.0,1846.0,2024.0,2.19,40.7365563,-74.0071122,26v2,627,36061007900
1006450022,53 LITTLE WEST 12 ST,MN,645,22,10014.0,1007900,79,O5,5.0,WILLIAM GOTTLIEB,2581.0,6250.0,0.0,6250.0,3850.0,2400.0,0.0,3.0,1.0,3.0,1910.0,2013.0,2.42,40.7407255,-74.0083613,26v2,440,36061007900
1006450021,51 LITTLE WEST 12 ST,MN,645,21,10014.0,1007900,79,V1,11.0,LITTLE W 12TH ST INC.,2581.0,0.0,,,,,0.0,0.0,0.0,,0.0,0.0,0.0,40.7406953,-74.0082855,26v2,434,36061007900
1006430059,832 GREENWICH STREET,MN,643,59,10014.0,1007900,79,D4,3.0,61 HORATIO APT CORP,4936.0,19700.0,19700.0,0.0,0.0,0.0,35.0,35.0,1.0,5.0,1925.0,1950.0,3.99,40.7389168,-74.0066975,26v2,400,36061007900
1006430036,799 WASHINGTON STREET,MN,643,36,10014.0,1007900,79,O2,5.0,GOLDCREST FACILITIESLTD.,3475.0,22956.0,3100.0,19856.0,19856.0,0.0,1.0,2.0,1.0,6.0,1910.0,1984.0,6.61,40.7388783,-74.0078161,26v2,476,36061007900
1006410010,128 JANE STREET,MN,641,10,10014.0,1007900,79,D4,3.0,HARBOR HOUSE OWNERS CORP  C/O TUDOR REAL TY SVCS CORP,8736.0,50820.0,50820.0,0.0,0.0,0.0,50.0,50.0,1.0,6.0,1930.0,0.0,5.82,40.7379725,-74.0088697,26v2,608,36061007900
1006410062,343 WEST 12 STREET,MN,641,62,10014.0,1007900,79,C6,2.0,343 W 12 ST 0WNERS CORP,1760.0,6160.0,6160.0,0.0,0.0,0.0,11.0,11.0,1.0,5.0,1900.0,0.0,3.5,40.7377366,-74.0070474,26v2,517,36061007900
1007740024,219 WEST 24 STREET,MN,774,24,10011.0,1009100,91,C5,2.0,"219 24TH STREET, LLC",4000.0,10008.0,10008.0,0.0,0.0,0.0,48.0,48.0,3.0,4.0,1920.0,1986.0,2.5,40.7453616,-73.9960699,26v2,748,36061009100
1007740073,262 WEST 25 STREET,MN,774,73,10001.0,1009100,91,B9,1.0,"BRIAN S. LEVINE, TRUSTEE",1481.0,3120.0,3120.0,0.0,0.0,0.0,2.0,2.0,1.0,4.0,1866.0,0.0,2.11,40.7460176,-73.9967953,26v2,748,36061009100
1006370051,423 WEST STREET,MN,637,51,10014.0,1007500,75,D1,3.0,423 WEST DEVELOPMENT LLC,2170.0,12880.0,12180.0,700.0,700.0,0.0,6.0,7.0,1.0,10.0,2005.0,0.0,5.94,40.7350767,-74.0096704,26v2,886,36061007500
1006370081,167 PERRY STREET,MN,637,81,10014.0,1007500,75,D4,3.0,167 HOUSING CORP,13817.0,60000.0,60000.0,0.0,0.0,0.0,75.0,75.0,1.0,6.0,1987.0,0.0,4.34,40.7348983,-74.0095441,26v2,895,36061007500
1006310038,120 CHARLES STREET,MN,631,38,10014.0,1007500,75,C2,2.0,120 CHARLES LLC,1525.0,6624.0,6624.0,0.0,0.0,0.0,6.0,6.0,2.0,3.0,1910.0,2005.0,4.34,40.7342507,-74.0066645,26v2,842,36061007500
1006340032,752 GREENWICH STREET,MN,634,32,10014.0,1007500,75,C5,2.0,"GREENWICH STREET REALTY,",6530.0,17332.0,17332.0,0.0,0.0,0.0,57.0,57.0,5.0,4.0,1910.0,1982.0,2.65,40.7359278,-74.0069859,26v2,683,36061007500
1006380004,433 WEST STREET,MN,638,4,10014.0,1007500,75,D0,3.0,RIVERBANK APT CORP,9640.0,63000.0,63000.0,0.0,0.0,0.0,30.0,30.0,1.0,7.0,1920.0,1981.0,6.54,40.7357821,-74.0096272,26v2,823,36061007500
1006380019,720 WEST 11 STREET,MN,638,19,10014.0,1007500,75,C6,2.0,WVH HOUSING CORPORATION,39334.0,118350.0,118350.0,0.0,0.0,0.0,100.0,100.0,10.0,5.0,1939.0,0.0,3.01,40.7358261,-74.0088297,26v2,776,36061007500
1006370040,159 CHARLES STREET,MN,637,40,10014.0,1007500,75,B9,1.0,159 CHARLES STREET OWNERS CORP,2244.0,4868.0,3568.0,0.0,0.0,0.0,2.0,2.0,2.0,3.0,1901.0,0.0,2.17,40.7341792,-74.0092878,26v2,949,36061007500
1006370030,688 WASHINGTON STREET,MN,637,30,10014.0,1007500,75,C6,2.0,WVH HOUSING CORPORATION,10764.0,37620.0,37020.0,600.0,0.0,600.0,21.0,22.0,2.0,5.0,1973.0,0.0,3.49,40.7342753,-74.0087574,26v2,916,36061007500
1006370077,161 PERRY STREET,MN,637,77,10014.0,1007500,75,D0,3.0,165 HOUSING CORP,6623.0,39750.0,33125.0,6625.0,0.0,0.0,21.0,22.0,1.0,6.0,1911.0,1985.0,6.0,40.7348983,-74.0091688,26v2,877,36061007500
1006300040,687 GREENWICH STREET,MN,630,40,10014.0,1007500,75,A9,1.0,"RICHARD L. GOLDSTEIN, TRUSTEE",926.0,3084.0,2219.0,0.0,0.0,0.0,1.0,1.0,1.0,3.0,1989.0,0.0,3.33,40.7334328,-74.0070722,26v2,940,36061007500
1006310027,273 WEST 10 STREET,MN,631,27,10014.0,1007500,75,C4,2.0,MAJOR 10TH ST REALTYCRP,2781.0,7668.0,7668.0,0.0,0.0,0.0,16.0,16.0,1.0,4.0,1910.0,0.0,2.76,40.7337045,-74.0078877,26v2,938,36061007500
1006360060,680 WASHINGTON STREET,MN,636,60,10014.0,1007500,75,C6,2.0,WVH HOUSING CORPORATION,10252.0,31705.0,31705.0,0.0,0.0,0.0,24.0,24.0,2.0,5.0,1975.0,0.0,3.09,40.7337126,-74.0087176,26v2,969,36061007500
1006300137,GREENWICH STREET,MN,630,137,10014.0,1007500,75,V1,11.0,"HINSCH, JONATHAN ADAM PARK",3402.0,0.0,,,,,0.0,0.0,1.0,,0.0,0.0,0.0,40.7333559,-74.0070397,26v2,947,36061007500
1008010061,134 WEST 26 STREET,MN,801,61,10001.0,1009100,91,O6,5.0,134 40 W 26 ST OWNRS CORP,8023.0,95069.0,0.0,95069.0,87147.0,7922.0,0.0,26.0,1.0,12.0,1911.0,1989.0,11.85,40.7452599,-73.993089,26v2,956,36061009100
1007680080,176 8 AVENUE,MN,768,80,10011.0,1008700,87,K1,5.0,176 8TH AVENUE PARTNERS LLC.,2115.0,2070.0,0.0,2070.0,0.0,2070.0,0.0,1.0,1.0,1.0,1940.0,2000.0,0.98,40.7426169,-74.0000541,26v2,300,36061008700
1007700006,263 WEST 20 STREET,MN,770,6,10011.0,1008700,87,C0,2.0,"ABBY STODDARD, TRUSTEE",1740.0,3480.0,3480.0,0.0,0.0,0.0,3.0,3.0,1.0,3.0,1901.0,0.0,2.0,40.7434129,-73.9993035,26v2,400,36061008700
1007690167,254 WEST 20 STREET,MN,769,167,10011.0,1008700,87,C1,2.0,SUK N REALTY CORP,1110.0,3280.0,3280.0,0.0,0.0,0.0,8.0,8.0,1.0,4.0,1910.0,1962.0,2.95,40.7431604,-73.99952,26v2,370,36061008700
1007700067,250 WEST 21 STREET,MN,770,67,10011.0,1008700,87,C6,2.0,250 21 HOUSING CORP,2100.0,7310.0,7310.0,0.0,0.0,0.0,10.0,10.0,1.0,5.0,1910.0,1986.0,3.48,40.7434651,-73.99869,26v2,447,36061008700
1007970016,145 WEST 21 STREET,MN,797,16,10011.0,1008700,87,S5,4.0,145 W 21ST REALTY LLC,1967.0,5726.0,4610.0,1116.0,0.0,1116.0,5.0,6.0,1.0,4.0,1910.0,2001.0,2.91,40.7425263,-73.9953122,26v2,678,36061008700
1007970070,150 WEST 22 STREET,MN,797,70,10011.0,1008700,87,O6,5.0,WIN PROPERTY MANAGEMENT LLC,6172.0,73611.0,0.0,73611.0,68611.0,5000.0,0.0,12.0,1.0,12.0,1910.0,1971.0,11.93,40.7428749,-73.9953916,26v2,680,36061008700
1007700051,220 WEST 21 STREET,MN,770,51,10011.0,1008700,87,D1,3.0,218-220 WEST 21ST STREET LLC,4911.0,25778.0,25778.0,0.0,0.0,0.0,35.0,35.0,1.0,7.0,1920.0,1986.0,5.25,40.7430259,-73.9976976,26v2,500,36061008700
1007950019,137 WEST 19 STREET,MN,795,19,10011.0,1008700,87,O5,5.0,BAJA 137 LLC,1878.0,11250.0,0.0,11250.0,7500.0,3750.0,0.0,6.0,1.0,6.0,1910.0,0.0,5.99,40.7412555,-73.9959763,26v2,609,36061008700
1007700043,184 7 AVENUE,MN,770,43,10011.0,1008700,87,C7,4.0,CHECO 184 7TH AVE LLC,1870.0,7488.0,5488.0,2000.0,0.0,2000.0,12.0,15.0,1.0,4.0,1920.0,1954.0,4.0,40.7428255,-73.9969217,26v2,554,36061008700
1007940025,125 WEST 18 STREET,MN,794,25,10011.0,1008700,87,O6,5.0,WASSERSTEIN ENTERPRISES,37045.0,228000.0,0.0,228000.0,188800.0,30000.0,0.0,9.0,1.0,8.0,1917.0,1987.0,6.15,40.7405528,-73.9957634,26v2,634,36061008700
1007700034,207 WEST 20 STREET,MN,770,34,10011.0,1008700,87,C1,2.0,"CHEN, JU CHAN",2060.0,5096.0,5096.0,0.0,0.0,0.0,10.0,10.0,2.0,3.0,1900.0,1985.0,2.47,40.7426306,-73.9974558,26v2,505,36061008700
1007700035,205 WEST 20 STREET,MN,770,35,10011.0,1008700,87,C7,4.0,344 BOWERY RETAIL LLC,2075.0,7730.0,6730.0,1000.0,0.0,1000.0,10.0,12.0,1.0,5.0,1901.0,0.0,3.73,40.7425977,-73.9973764,26v2,510,36061008700
1007700041,180 7 AVENUE,MN,770,41,10011.0,1008700,87,C7,4.0,"180 SEVENTH AVENUE ASSOCIATES,",3096.0,6880.0,5380.0,1500.0,0.0,1500.0,13.0,16.0,1.0,4.0,1920.0,0.0,2.22,40.7427404,-73.9969867,26v2,546,36061008700
1007710055,230 WEST 22 STREET,MN,771,55,10011.0,1008700,87,A4,1.0,FIELDS HERBERT,1975.0,3800.0,2720.0,0.0,0.0,0.0,1.0,1.0,1.0,3.0,1901.0,2006.0,1.92,40.7436928,-73.9973439,26v2,558,36061008700
1007710056,232 WEST 22 STREET,MN,771,56,10011.0,1008700,87,B3,1.0,"HORAN, TIMOTHY W.A.",2112.0,5016.0,5016.0,0.0,0.0,0.0,2.0,2.0,1.0,4.0,1901.0,0.0,2.38,40.7437258,-73.9974089,26v2,555,36061008700
1007700026,225 WEST 20 STREET,MN,770,26,10011.0,1008700,87,C4,2.0,225-227 W20 PROPERTY OWNER LLC,1944.0,7475.0,7475.0,0.0,0.0,0.0,10.0,10.0,1.0,5.0,1901.0,1984.0,3.85,40.7428914,-73.9980946,26v2,463,36061008700
1007940066,148 WEST 19 STREET,MN,794,66,10011.0,1008700,87,Y1,8.0,FIRE DEPARTMENT OF NEW YORK,5476.0,9000.0,0.0,9000.0,0.0,0.0,0.0,0.0,1.0,2.0,1965.0,0.0,1.64,40.7411704,-73.9968785,26v2,534,36061008700
1007690009,255 WEST 19 STREET,MN,769,9,10011.0,1008700,87,C0,2.0,JULES FISHER,1703.0,3960.0,2970.0,0.0,0.0,0.0,3.0,3.0,1.0,3.0,1901.0,0.0,2.33,40.7426554,-73.9993432,26v2,356,36061008700
1007690006,261 WEST 19 STREET,MN,769,6,10011.0,1008700,87,C7,4.0,EIGHTH-19TH CO. LLC,2769.0,10500.0,9300.0,1200.0,0.0,1200.0,16.0,18.0,1.0,5.0,1901.0,1987.0,3.79,40.7427899,-73.9995742,26v2,345,36061008700
1007680005,259 WEST 18 STREET,MN,768,5,10011.0,1008700,87,S5,4.0,MORTICIA 18TH STREET LLC,870.0,3200.0,2780.0,420.0,0.0,420.0,6.0,7.0,1.0,4.0,1930.0,1961.0,3.68,40.7422162,-74.0002382,26v2,268,36061008700
1007690063,246 WEST 20 STREET,MN,769,63,10011.0,1008700,87,C1,2.0,245 REALTY L.L.C. C/O,2092.0,5472.0,5472.0,0.0,0.0,0.0,16.0,16.0,1.0,4.0,1920.0,1984.0,2.62,40.742949,-73.9992133,26v2,380,36061008700
1007690050,220 WEST 20 STREET,MN,769,50,10011.0,1008700,87,C6,2.0,GALLANT HOUSE INC,2154.0,8020.0,8020.0,0.0,0.0,0.0,13.0,13.0,1.0,5.0,1920.0,1976.0,3.72,40.7425099,-73.9982137,26v2,440,36061008700
1007690052,224 WEST 20 STREET,MN,769,52,10011.0,1008700,87,S1,4.0,AH CHELSEA OWNER LLC,2300.0,4298.0,2574.0,1724.0,0.0,1724.0,1.0,2.0,1.0,4.0,1901.0,0.0,1.87,40.7425785,-73.9983761,26v2,429,36061008700
1006970031,259 10 AVENUE,MN,697,31,10001.0,1009901,99,W3,8.0,1026 REAL ESTATE INVESTORS LLC,19760.0,214780.0,0.0,214780.0,0.0,0.0,0.0,1.0,1.0,10.0,1928.0,1989.0,10.87,40.7494101,-74.0033168,26v2,895,36061009901
1006970023,511 WEST 25 STREET,MN,697,23,10001.0,1009901,99,O6,5.0,PRIME STORAGE EMPIRE CAPITAL TWENTY-FIFT H STREET W,9890.0,83612.0,0.0,83612.0,79037.0,4575.0,0.0,53.0,1.0,9.0,1917.0,2018.0,8.45,40.7494925,-74.003887,26v2,906,36061009901
1006950040,235 10 AVENUE,MN,695,40,10011.0,1009901,99,GW,5.0,"CRS REALTY ASSOCIATES,  INC",2468.0,2468.0,0.0,2468.0,0.0,0.0,0.0,1.0,1.0,1.0,1953.0,0.0,1.0,40.7483891,-74.0040746,26v2,785,36061009901
1006950030,509 WEST 23 STREET,MN,695,30,10011.0,1009901,99,S3,4.0,KILKEE PROPERTIES LLC,1480.0,3016.0,2262.0,754.0,0.0,754.0,3.0,4.0,1.0,4.0,1910.0,2020.0,2.04,40.7480816,-74.004468,26v2,755,36061009901
1006960035,249 10 AVENUE,MN,696,35,10001.0,1009901,99,G1,10.0,"TENTH AVE GARAGE,",4950.0,24688.0,0.0,24688.0,0.0,0.0,0.0,2.0,1.0,5.0,1946.0,0.0,4.99,40.7489188,-74.0037138,26v2,842,36061009901
1006960044,514 WEST 25 STREET,MN,696,44,10001.0,1009901,99,K4,4.0,"BAHRA GROUP, INC.",1975.0,7800.0,1860.0,5940.0,1860.0,4080.0,1.0,4.0,1.0,4.0,1900.0,1988.0,3.95,40.7491027,-74.0041324,26v2,864,36061009901
1006940030,505 WEST 22 STREET,MN,694,30,10011.0,1009901,99,C1,2.0,HIGHLINE 22 OWNER LLC,1274.0,6030.0,6030.0,0.0,0.0,0.0,10.0,10.0,1.0,5.0,1900.0,1988.0,4.73,40.7473351,-74.0049949,26v2,681,36061009901
1006920027,511 WEST 20 STREET,MN,692,27,10011.0,1009901,99,O5,5.0,IS-ILA REALTY CORP,2300.0,9250.0,3600.0,5650.0,4150.0,1500.0,3.0,7.0,1.0,5.0,1920.0,0.0,4.02,40.746281,-74.0060739,26v2,598,36061009901
1006930031,185 10 AVENUE,MN,693,31,10011.0,1009901,99,M1,8.0,RC CHUR GUARDIAN ANGE,5867.0,10122.0,0.0,10122.0,0.0,0.0,0.0,1.0,1.0,1.0,1900.0,0.0,1.73,40.7466708,-74.0053232,26v2,617,36061009901
1006940032,205 10 AVENUE,MN,694,32,10011.0,1009901,99,C7,4.0,HIGHLINE 22 OWNER LLC,1825.0,7655.0,6555.0,1100.0,0.0,1100.0,9.0,10.0,1.0,5.0,1905.0,1982.0,4.19,40.7472994,-74.0048072,26v2,674,36061009901
1006950034,501 WEST 23 STREET,MN,695,34,10011.0,1009901,99,K4,4.0,SYCAMORE COURT,2160.0,4500.0,1400.0,3100.0,0.0,3100.0,1.0,2.0,1.0,3.5,1995.0,0.0,2.08,40.7479636,-74.0042587,26v2,740,36061009901
1006940001,162 11 AVENUE,MN,694,1,10011.0,1009901,99,K9,5.0,"559 WEST 22ND DEVELOPMENT, LLC",1851.0,7408.0,0.0,7408.0,0.0,1570.0,0.0,2.0,1.0,4.0,1930.0,2002.0,4.0,40.7481995,-74.0071568,26v2,830,36061009901
1006920015,529 WEST 20 STREET,MN,692,15,10011.0,1009901,99,O3,5.0,EKA 529 WEST 20TH STREET LLC,9200.0,111329.0,0.0,111329.0,111329.0,0.0,0.0,23.0,1.0,11.0,1930.0,1988.0,12.1,40.7466296,-74.0069004,26v2,663,36061009901
1006930056,542 WEST 22 STREET,MN,693,56,10011.0,1009901,99,K4,4.0,"HELZEN ASSOCIATES    ,",7406.0,33007.0,0.0,33007.0,8200.0,24807.0,0.0,8.0,1.0,5.0,2017.0,0.0,4.46,40.7476479,-74.0067272,26v2,759,36061009901
1006920041,510 WEST 21 STREET,MN,692,41,10011.0,1009901,99,E7,6.0,"SM I MMS, L.L.C.",13800.0,124385.0,0.0,124385.0,0.0,1380.0,0.0,2.0,1.0,8.0,1928.0,1988.0,9.01,40.7465857,-74.0061064,26v2,630,36061009901
1006940042,520 WEST 23 STREET,MN,694,42,10011.0,1009901,99,D4,3.0,OLD POST MANDE 23RD STREET LLC,12125.0,95656.0,91431.0,4225.0,0.0,4070.0,107.0,110.0,1.0,15.0,2003.0,0.0,7.89,40.7478099,-74.0051862,26v2,736,36061009901
1006930044,520 WEST 22 STREET,MN,693,44,10011.0,1009901,99,S2,4.0,MICHAEL WEINSTEIN,4937.0,11450.0,6450.0,5000.0,0.0,5000.0,2.0,3.0,1.0,4.0,1900.0,0.0,2.32,40.7472335,-74.0057419,26v2,687,36061009901
1006940040,512 WEST 23 STREET,MN,694,40,10011.0,1009901,99,V4,11.0,NEW YORK CENTRAL LINES,12097.0,0.0,,,,,0.0,0.0,1.0,,0.0,0.0,0.0,40.7475711,-74.0049877,26v2,707,36061009901
1006930034,191 10 AVENUE,MN,693,34,10011.0,1009901,99,W2,8.0,RC CHURCH GUARDIAN AN,6475.0,21072.0,0.0,21072.0,0.0,0.0,0.0,2.0,1.0,4.0,1930.0,1987.0,3.25,40.7468218,-74.005215,26v2,630,36061009901
1006920011,537 WEST 20 STREET,MN,692,11,10011.0,1009901,99,O5,5.0,"DZ 20TH STREET, LLC",9200.0,24289.0,0.0,24289.0,14696.0,9593.0,0.0,0.0,1.0,5.0,2011.0,0.0,2.64,40.746764,-74.007218,26v2,689,36061009901
1006950001,182 11 AVENUE,MN,695,1,10011.0,1009901,99,HH,5.0,NICK & DUKE,4937.0,22248.0,0.0,7700.0,0.0,7700.0,0.0,3.0,1.0,4.0,1900.0,2007.0,4.51,40.7489297,-74.0065722,26v2,888,36061009901
1006950003,186 11 AVENUE,MN,695,3,10011.0,1009901,99,V1,11.0,NICK & DUKE,4937.0,0.0,,,,,0.0,0.0,0.0,,0.0,0.0,0.0,40.7490532,-74.0064856,26v2,899,36061009901
1006910024,515 WEST 19 STREET,MN,691,24,10011.0,1009901,99,S2,4.0,"515 WEST 19TH, LLC",1725.0,3848.0,2192.0,1656.0,1656.0,0.0,2.0,3.0,1.0,2.0,1920.0,2013.0,2.23,40.7457622,-74.0066693,26v2,570,36061009901
1006910033,161 10 AVENUE,MN,691,33,10011.0,1009901,99,G6,10.0,"161 TENTH AVENUE PROPERTIES, LLC",4600.0,0.0,,,,,0.0,0.0,1.0,,0.0,0.0,0.0,40.7457046,-74.0060125,26v2,538,36061009901
1006620011,111A 11 AVENUE,MN,662,11,10011.0,1009901,99,T2,7.0,HUDSON RIVER PARK TRUST,306950.0,89815.0,0.0,89815.0,10145.0,0.0,0.0,1.0,1.0,2.0,1908.0,2014.0,0.29,40.7456165,-74.0102566,26v2,759,36061009901
1006900040,512 WEST 19 STREET,MN,690,40,10011.0,1009901,99,J5,5.0,HALEAKALA INC,4600.0,16800.0,0.0,16800.0,8800.0,0.0,0.0,1.0,1.0,4.0,1946.0,2023.0,3.65,40.7453807,-74.0068858,26v2,544,36061009901
1006910043,516 WEST 20 STREET,MN,691,43,10011.0,1009901,99,O3,5.0,520 WEST 20 LLC,16100.0,84803.0,0.0,84803.0,68681.0,16122.0,0.0,2.0,1.0,7.0,1914.0,0.0,5.27,40.7461135,-74.0068137,26v2,610,36061009901
1006960058,550 WEST 25 STREET,MN,696,58,10001.0,1009901,99,G1,10.0,PRIME STORAGE EMPIRE CAPITAL 550 WEST TW ENTY-,17281.0,34562.0,0.0,34562.0,0.0,0.0,0.0,1.0,1.0,2.0,1910.0,0.0,2.0,40.7496653,-74.0054678,26v2,943,36061009901
