run_id,b_set,scenario,stakeholder,item,value,unit,kind,note
S0_hp0.5_tk0_base,base,S0,data_center,net financial value,0.0,$/yr,financial,heat sales - source-side electricity
S0_hp0.5_tk0_base,base,S0,data_center,heat-sale revenue (transfer from operator),0.0,$/yr,transfer,fence price 88.7 $/MWh
S0_hp0.5_tk0_base,base,S0,data_center,source-side electricity cost,-0.0,$/yr,financial,
S0_hp0.5_tk0_base,base,S0,heat_users,tariff + connection paid (transfer to operator),-0.0,$/yr,transfer,
S0_hp0.5_tk0_base,base,S0,data_center,cooling reliability,unchanged (H1 pass; towers take 100% in network outage),,non-financial,
S0_hp0.5_tk0_base,base,S0,heat_users,net financial value (all connected buildings),0.0,$/yr,financial,
S0_hp0.5_tk0_base,base,S0,heat_users,NYCHA bill change per apartment (positive = saving),,$/apt/yr,financial,
S0_hp0.5_tk0_base,base,S0,heat_users,continuity of heat,no unserved heat in all operating modes,,non-financial,
S0_hp0.5_tk0_base,base,S0,network_operator,net financial position,0.0,$/yr,financial,tariff + connection - fence - annualised operator capex - network O&M
S0_hp0.5_tk0_base,base,S0,community,public / ratepayer funding need,0.0,$/yr,financial,"operator shortfall, recovered from ratepayers in the pilot model"
S0_hp0.5_tk0_base,base,S0,community,CO2 avoided,0.0,tCO2e/yr,non-financial,
S0_hp0.5_tk0_base,base,S0,community,NOx avoided next to the EJ block,0.0,kg/yr,non-financial,
S0_hp0.5_tk0_base,base,S0,community,low-income households served,0.0,households,non-financial,
S0_hp0.5_tk0_base,base,S0,community,winter peak vs all-electric,,MW,non-financial,positive = less peak than ASHPs
S0_hp0.5_tk0_base,base,S0,community,"LL97 penalty exposure reduced (commercial, upper bound)",0.0,$/yr,context,only if those buildings exceed their LL97 limit; not added to savings
S0_hp0.5_tk0_base,base,S0,system,annual savings (resource view),0.0,$/yr,financial,= sum of actors (transfers cancel)
S0_hp0.5_tk2_base,base,S0,data_center,net financial value,0.0,$/yr,financial,heat sales - source-side electricity
S0_hp0.5_tk2_base,base,S0,data_center,heat-sale revenue (transfer from operator),0.0,$/yr,transfer,fence price 88.7 $/MWh
S0_hp0.5_tk2_base,base,S0,data_center,source-side electricity cost,-0.0,$/yr,financial,
S0_hp0.5_tk2_base,base,S0,heat_users,tariff + connection paid (transfer to operator),-0.0,$/yr,transfer,
S0_hp0.5_tk2_base,base,S0,data_center,cooling reliability,unchanged (H1 pass; towers take 100% in network outage),,non-financial,
S0_hp0.5_tk2_base,base,S0,heat_users,net financial value (all connected buildings),0.0,$/yr,financial,
S0_hp0.5_tk2_base,base,S0,heat_users,NYCHA bill change per apartment (positive = saving),,$/apt/yr,financial,
S0_hp0.5_tk2_base,base,S0,heat_users,continuity of heat,no unserved heat in all operating modes,,non-financial,
S0_hp0.5_tk2_base,base,S0,network_operator,net financial position,0.0,$/yr,financial,tariff + connection - fence - annualised operator capex - network O&M
S0_hp0.5_tk2_base,base,S0,community,public / ratepayer funding need,0.0,$/yr,financial,"operator shortfall, recovered from ratepayers in the pilot model"
S0_hp0.5_tk2_base,base,S0,community,CO2 avoided,0.0,tCO2e/yr,non-financial,
S0_hp0.5_tk2_base,base,S0,community,NOx avoided next to the EJ block,0.0,kg/yr,non-financial,
S0_hp0.5_tk2_base,base,S0,community,low-income households served,0.0,households,non-financial,
S0_hp0.5_tk2_base,base,S0,community,winter peak vs all-electric,,MW,non-financial,positive = less peak than ASHPs
S0_hp0.5_tk2_base,base,S0,community,"LL97 penalty exposure reduced (commercial, upper bound)",0.0,$/yr,context,only if those buildings exceed their LL97 limit; not added to savings
S0_hp0.5_tk2_base,base,S0,system,annual savings (resource view),0.0,$/yr,financial,= sum of actors (transfers cancel)
S0_hp0.5_tk6_base,base,S0,data_center,net financial value,0.0,$/yr,financial,heat sales - source-side electricity
S0_hp0.5_tk6_base,base,S0,data_center,heat-sale revenue (transfer from operator),0.0,$/yr,transfer,fence price 88.7 $/MWh
S0_hp0.5_tk6_base,base,S0,data_center,source-side electricity cost,-0.0,$/yr,financial,
S0_hp0.5_tk6_base,base,S0,heat_users,tariff + connection paid (transfer to operator),-0.0,$/yr,transfer,
S0_hp0.5_tk6_base,base,S0,data_center,cooling reliability,unchanged (H1 pass; towers take 100% in network outage),,non-financial,
S0_hp0.5_tk6_base,base,S0,heat_users,net financial value (all connected buildings),0.0,$/yr,financial,
S0_hp0.5_tk6_base,base,S0,heat_users,NYCHA bill change per apartment (positive = saving),,$/apt/yr,financial,
S0_hp0.5_tk6_base,base,S0,heat_users,continuity of heat,no unserved heat in all operating modes,,non-financial,
S0_hp0.5_tk6_base,base,S0,network_operator,net financial position,0.0,$/yr,financial,tariff + connection - fence - annualised operator capex - network O&M
S0_hp0.5_tk6_base,base,S0,community,public / ratepayer funding need,0.0,$/yr,financial,"operator shortfall, recovered from ratepayers in the pilot model"
S0_hp0.5_tk6_base,base,S0,community,CO2 avoided,0.0,tCO2e/yr,non-financial,
S0_hp0.5_tk6_base,base,S0,community,NOx avoided next to the EJ block,0.0,kg/yr,non-financial,
S0_hp0.5_tk6_base,base,S0,community,low-income households served,0.0,households,non-financial,
S0_hp0.5_tk6_base,base,S0,community,winter peak vs all-electric,,MW,non-financial,positive = less peak than ASHPs
S0_hp0.5_tk6_base,base,S0,community,"LL97 penalty exposure reduced (commercial, upper bound)",0.0,$/yr,context,only if those buildings exceed their LL97 limit; not added to savings
S0_hp0.5_tk6_base,base,S0,system,annual savings (resource view),0.0,$/yr,financial,= sum of actors (transfers cancel)
S0_hp0.75_tk0_base,base,S0,data_center,net financial value,0.0,$/yr,financial,heat sales - source-side electricity
S0_hp0.75_tk0_base,base,S0,data_center,heat-sale revenue (transfer from operator),0.0,$/yr,transfer,fence price 88.7 $/MWh
S0_hp0.75_tk0_base,base,S0,data_center,source-side electricity cost,-0.0,$/yr,financial,
S0_hp0.75_tk0_base,base,S0,heat_users,tariff + connection paid (transfer to operator),-0.0,$/yr,transfer,
S0_hp0.75_tk0_base,base,S0,data_center,cooling reliability,unchanged (H1 pass; towers take 100% in network outage),,non-financial,
S0_hp0.75_tk0_base,base,S0,heat_users,net financial value (all connected buildings),0.0,$/yr,financial,
S0_hp0.75_tk0_base,base,S0,heat_users,NYCHA bill change per apartment (positive = saving),,$/apt/yr,financial,
S0_hp0.75_tk0_base,base,S0,heat_users,continuity of heat,no unserved heat in all operating modes,,non-financial,
S0_hp0.75_tk0_base,base,S0,network_operator,net financial position,0.0,$/yr,financial,tariff + connection - fence - annualised operator capex - network O&M
S0_hp0.75_tk0_base,base,S0,community,public / ratepayer funding need,0.0,$/yr,financial,"operator shortfall, recovered from ratepayers in the pilot model"
S0_hp0.75_tk0_base,base,S0,community,CO2 avoided,0.0,tCO2e/yr,non-financial,
S0_hp0.75_tk0_base,base,S0,community,NOx avoided next to the EJ block,0.0,kg/yr,non-financial,
S0_hp0.75_tk0_base,base,S0,community,low-income households served,0.0,households,non-financial,
S0_hp0.75_tk0_base,base,S0,community,winter peak vs all-electric,,MW,non-financial,positive = less peak than ASHPs
S0_hp0.75_tk0_base,base,S0,community,"LL97 penalty exposure reduced (commercial, upper bound)",0.0,$/yr,context,only if those buildings exceed their LL97 limit; not added to savings
S0_hp0.75_tk0_base,base,S0,system,annual savings (resource view),0.0,$/yr,financial,= sum of actors (transfers cancel)
S0_hp0.75_tk2_base,base,S0,data_center,net financial value,0.0,$/yr,financial,heat sales - source-side electricity
S0_hp0.75_tk2_base,base,S0,data_center,heat-sale revenue (transfer from operator),0.0,$/yr,transfer,fence price 88.7 $/MWh
S0_hp0.75_tk2_base,base,S0,data_center,source-side electricity cost,-0.0,$/yr,financial,
S0_hp0.75_tk2_base,base,S0,heat_users,tariff + connection paid (transfer to operator),-0.0,$/yr,transfer,
S0_hp0.75_tk2_base,base,S0,data_center,cooling reliability,unchanged (H1 pass; towers take 100% in network outage),,non-financial,
S0_hp0.75_tk2_base,base,S0,heat_users,net financial value (all connected buildings),0.0,$/yr,financial,
S0_hp0.75_tk2_base,base,S0,heat_users,NYCHA bill change per apartment (positive = saving),,$/apt/yr,financial,
S0_hp0.75_tk2_base,base,S0,heat_users,continuity of heat,no unserved heat in all operating modes,,non-financial,
S0_hp0.75_tk2_base,base,S0,network_operator,net financial position,0.0,$/yr,financial,tariff + connection - fence - annualised operator capex - network O&M
S0_hp0.75_tk2_base,base,S0,community,public / ratepayer funding need,0.0,$/yr,financial,"operator shortfall, recovered from ratepayers in the pilot model"
S0_hp0.75_tk2_base,base,S0,community,CO2 avoided,0.0,tCO2e/yr,non-financial,
S0_hp0.75_tk2_base,base,S0,community,NOx avoided next to the EJ block,0.0,kg/yr,non-financial,
S0_hp0.75_tk2_base,base,S0,community,low-income households served,0.0,households,non-financial,
S0_hp0.75_tk2_base,base,S0,community,winter peak vs all-electric,,MW,non-financial,positive = less peak than ASHPs
S0_hp0.75_tk2_base,base,S0,community,"LL97 penalty exposure reduced (commercial, upper bound)",0.0,$/yr,context,only if those buildings exceed their LL97 limit; not added to savings
S0_hp0.75_tk2_base,base,S0,system,annual savings (resource view),0.0,$/yr,financial,= sum of actors (transfers cancel)
S0_hp0.75_tk6_base,base,S0,data_center,net financial value,0.0,$/yr,financial,heat sales - source-side electricity
S0_hp0.75_tk6_base,base,S0,data_center,heat-sale revenue (transfer from operator),0.0,$/yr,transfer,fence price 88.7 $/MWh
S0_hp0.75_tk6_base,base,S0,data_center,source-side electricity cost,-0.0,$/yr,financial,
S0_hp0.75_tk6_base,base,S0,heat_users,tariff + connection paid (transfer to operator),-0.0,$/yr,transfer,
S0_hp0.75_tk6_base,base,S0,data_center,cooling reliability,unchanged (H1 pass; towers take 100% in network outage),,non-financial,
S0_hp0.75_tk6_base,base,S0,heat_users,net financial value (all connected buildings),0.0,$/yr,financial,
S0_hp0.75_tk6_base,base,S0,heat_users,NYCHA bill change per apartment (positive = saving),,$/apt/yr,financial,
S0_hp0.75_tk6_base,base,S0,heat_users,continuity of heat,no unserved heat in all operating modes,,non-financial,
S0_hp0.75_tk6_base,base,S0,network_operator,net financial position,0.0,$/yr,financial,tariff + connection - fence - annualised operator capex - network O&M
S0_hp0.75_tk6_base,base,S0,community,public / ratepayer funding need,0.0,$/yr,financial,"operator shortfall, recovered from ratepayers in the pilot model"
S0_hp0.75_tk6_base,base,S0,community,CO2 avoided,0.0,tCO2e/yr,non-financial,
S0_hp0.75_tk6_base,base,S0,community,NOx avoided next to the EJ block,0.0,kg/yr,non-financial,
S0_hp0.75_tk6_base,base,S0,community,low-income households served,0.0,households,non-financial,
S0_hp0.75_tk6_base,base,S0,community,winter peak vs all-electric,,MW,non-financial,positive = less peak than ASHPs
S0_hp0.75_tk6_base,base,S0,community,"LL97 penalty exposure reduced (commercial, upper bound)",0.0,$/yr,context,only if those buildings exceed their LL97 limit; not added to savings
S0_hp0.75_tk6_base,base,S0,system,annual savings (resource view),0.0,$/yr,financial,= sum of actors (transfers cancel)
S0_hp1_tk0_base,base,S0,data_center,net financial value,0.0,$/yr,financial,heat sales - source-side electricity
S0_hp1_tk0_base,base,S0,data_center,heat-sale revenue (transfer from operator),0.0,$/yr,transfer,fence price 88.7 $/MWh
S0_hp1_tk0_base,base,S0,data_center,source-side electricity cost,-0.0,$/yr,financial,
S0_hp1_tk0_base,base,S0,heat_users,tariff + connection paid (transfer to operator),-0.0,$/yr,transfer,
S0_hp1_tk0_base,base,S0,data_center,cooling reliability,unchanged (H1 pass; towers take 100% in network outage),,non-financial,
S0_hp1_tk0_base,base,S0,heat_users,net financial value (all connected buildings),0.0,$/yr,financial,
S0_hp1_tk0_base,base,S0,heat_users,NYCHA bill change per apartment (positive = saving),,$/apt/yr,financial,
S0_hp1_tk0_base,base,S0,heat_users,continuity of heat,no unserved heat in all operating modes,,non-financial,
S0_hp1_tk0_base,base,S0,network_operator,net financial position,0.0,$/yr,financial,tariff + connection - fence - annualised operator capex - network O&M
S0_hp1_tk0_base,base,S0,community,public / ratepayer funding need,0.0,$/yr,financial,"operator shortfall, recovered from ratepayers in the pilot model"
S0_hp1_tk0_base,base,S0,community,CO2 avoided,0.0,tCO2e/yr,non-financial,
S0_hp1_tk0_base,base,S0,community,NOx avoided next to the EJ block,0.0,kg/yr,non-financial,
S0_hp1_tk0_base,base,S0,community,low-income households served,0.0,households,non-financial,
S0_hp1_tk0_base,base,S0,community,winter peak vs all-electric,,MW,non-financial,positive = less peak than ASHPs
S0_hp1_tk0_base,base,S0,community,"LL97 penalty exposure reduced (commercial, upper bound)",0.0,$/yr,context,only if those buildings exceed their LL97 limit; not added to savings
S0_hp1_tk0_base,base,S0,system,annual savings (resource view),0.0,$/yr,financial,= sum of actors (transfers cancel)
S0_hp1_tk2_base,base,S0,data_center,net financial value,0.0,$/yr,financial,heat sales - source-side electricity
S0_hp1_tk2_base,base,S0,data_center,heat-sale revenue (transfer from operator),0.0,$/yr,transfer,fence price 88.7 $/MWh
S0_hp1_tk2_base,base,S0,data_center,source-side electricity cost,-0.0,$/yr,financial,
S0_hp1_tk2_base,base,S0,heat_users,tariff + connection paid (transfer to operator),-0.0,$/yr,transfer,
S0_hp1_tk2_base,base,S0,data_center,cooling reliability,unchanged (H1 pass; towers take 100% in network outage),,non-financial,
S0_hp1_tk2_base,base,S0,heat_users,net financial value (all connected buildings),0.0,$/yr,financial,
S0_hp1_tk2_base,base,S0,heat_users,NYCHA bill change per apartment (positive = saving),,$/apt/yr,financial,
S0_hp1_tk2_base,base,S0,heat_users,continuity of heat,no unserved heat in all operating modes,,non-financial,
S0_hp1_tk2_base,base,S0,network_operator,net financial position,0.0,$/yr,financial,tariff + connection - fence - annualised operator capex - network O&M
S0_hp1_tk2_base,base,S0,community,public / ratepayer funding need,0.0,$/yr,financial,"operator shortfall, recovered from ratepayers in the pilot model"
S0_hp1_tk2_base,base,S0,community,CO2 avoided,0.0,tCO2e/yr,non-financial,
S0_hp1_tk2_base,base,S0,community,NOx avoided next to the EJ block,0.0,kg/yr,non-financial,
S0_hp1_tk2_base,base,S0,community,low-income households served,0.0,households,non-financial,
S0_hp1_tk2_base,base,S0,community,winter peak vs all-electric,,MW,non-financial,positive = less peak than ASHPs
S0_hp1_tk2_base,base,S0,community,"LL97 penalty exposure reduced (commercial, upper bound)",0.0,$/yr,context,only if those buildings exceed their LL97 limit; not added to savings
S0_hp1_tk2_base,base,S0,system,annual savings (resource view),0.0,$/yr,financial,= sum of actors (transfers cancel)
S0_hp1_tk6_base,base,S0,data_center,net financial value,0.0,$/yr,financial,heat sales - source-side electricity
S0_hp1_tk6_base,base,S0,data_center,heat-sale revenue (transfer from operator),0.0,$/yr,transfer,fence price 88.7 $/MWh
S0_hp1_tk6_base,base,S0,data_center,source-side electricity cost,-0.0,$/yr,financial,
S0_hp1_tk6_base,base,S0,heat_users,tariff + connection paid (transfer to operator),-0.0,$/yr,transfer,
S0_hp1_tk6_base,base,S0,data_center,cooling reliability,unchanged (H1 pass; towers take 100% in network outage),,non-financial,
S0_hp1_tk6_base,base,S0,heat_users,net financial value (all connected buildings),0.0,$/yr,financial,
S0_hp1_tk6_base,base,S0,heat_users,NYCHA bill change per apartment (positive = saving),,$/apt/yr,financial,
S0_hp1_tk6_base,base,S0,heat_users,continuity of heat,no unserved heat in all operating modes,,non-financial,
S0_hp1_tk6_base,base,S0,network_operator,net financial position,0.0,$/yr,financial,tariff + connection - fence - annualised operator capex - network O&M
S0_hp1_tk6_base,base,S0,community,public / ratepayer funding need,0.0,$/yr,financial,"operator shortfall, recovered from ratepayers in the pilot model"
S0_hp1_tk6_base,base,S0,community,CO2 avoided,0.0,tCO2e/yr,non-financial,
S0_hp1_tk6_base,base,S0,community,NOx avoided next to the EJ block,0.0,kg/yr,non-financial,
S0_hp1_tk6_base,base,S0,community,low-income households served,0.0,households,non-financial,
S0_hp1_tk6_base,base,S0,community,winter peak vs all-electric,,MW,non-financial,positive = less peak than ASHPs
S0_hp1_tk6_base,base,S0,community,"LL97 penalty exposure reduced (commercial, upper bound)",0.0,$/yr,context,only if those buildings exceed their LL97 limit; not added to savings
S0_hp1_tk6_base,base,S0,system,annual savings (resource view),0.0,$/yr,financial,= sum of actors (transfers cancel)
S0_hp0.75_tk0_A01_low,base,S0,data_center,net financial value,0.0,$/yr,financial,heat sales - source-side electricity
S0_hp0.75_tk0_A01_low,base,S0,data_center,heat-sale revenue (transfer from operator),0.0,$/yr,transfer,fence price 88.7 $/MWh
S0_hp0.75_tk0_A01_low,base,S0,data_center,source-side electricity cost,-0.0,$/yr,financial,
S0_hp0.75_tk0_A01_low,base,S0,heat_users,tariff + connection paid (transfer to operator),-0.0,$/yr,transfer,
S0_hp0.75_tk0_A01_low,base,S0,data_center,cooling reliability,unchanged (H1 pass; towers take 100% in network outage),,non-financial,
S0_hp0.75_tk0_A01_low,base,S0,heat_users,net financial value (all connected buildings),0.0,$/yr,financial,
S0_hp0.75_tk0_A01_low,base,S0,heat_users,NYCHA bill change per apartment (positive = saving),,$/apt/yr,financial,
S0_hp0.75_tk0_A01_low,base,S0,heat_users,continuity of heat,no unserved heat in all operating modes,,non-financial,
S0_hp0.75_tk0_A01_low,base,S0,network_operator,net financial position,0.0,$/yr,financial,tariff + connection - fence - annualised operator capex - network O&M
S0_hp0.75_tk0_A01_low,base,S0,community,public / ratepayer funding need,0.0,$/yr,financial,"operator shortfall, recovered from ratepayers in the pilot model"
S0_hp0.75_tk0_A01_low,base,S0,community,CO2 avoided,0.0,tCO2e/yr,non-financial,
S0_hp0.75_tk0_A01_low,base,S0,community,NOx avoided next to the EJ block,0.0,kg/yr,non-financial,
S0_hp0.75_tk0_A01_low,base,S0,community,low-income households served,0.0,households,non-financial,
S0_hp0.75_tk0_A01_low,base,S0,community,winter peak vs all-electric,,MW,non-financial,positive = less peak than ASHPs
S0_hp0.75_tk0_A01_low,base,S0,community,"LL97 penalty exposure reduced (commercial, upper bound)",0.0,$/yr,context,only if those buildings exceed their LL97 limit; not added to savings
S0_hp0.75_tk0_A01_low,base,S0,system,annual savings (resource view),0.0,$/yr,financial,= sum of actors (transfers cancel)
S0_hp0.75_tk0_A01_high,base,S0,data_center,net financial value,0.0,$/yr,financial,heat sales - source-side electricity
S0_hp0.75_tk0_A01_high,base,S0,data_center,heat-sale revenue (transfer from operator),0.0,$/yr,transfer,fence price 88.7 $/MWh
S0_hp0.75_tk0_A01_high,base,S0,data_center,source-side electricity cost,-0.0,$/yr,financial,
S0_hp0.75_tk0_A01_high,base,S0,heat_users,tariff + connection paid (transfer to operator),-0.0,$/yr,transfer,
S0_hp0.75_tk0_A01_high,base,S0,data_center,cooling reliability,unchanged (H1 pass; towers take 100% in network outage),,non-financial,
S0_hp0.75_tk0_A01_high,base,S0,heat_users,net financial value (all connected buildings),0.0,$/yr,financial,
S0_hp0.75_tk0_A01_high,base,S0,heat_users,NYCHA bill change per apartment (positive = saving),,$/apt/yr,financial,
S0_hp0.75_tk0_A01_high,base,S0,heat_users,continuity of heat,no unserved heat in all operating modes,,non-financial,
S0_hp0.75_tk0_A01_high,base,S0,network_operator,net financial position,0.0,$/yr,financial,tariff + connection - fence - annualised operator capex - network O&M
S0_hp0.75_tk0_A01_high,base,S0,community,public / ratepayer funding need,0.0,$/yr,financial,"operator shortfall, recovered from ratepayers in the pilot model"
S0_hp0.75_tk0_A01_high,base,S0,community,CO2 avoided,0.0,tCO2e/yr,non-financial,
S0_hp0.75_tk0_A01_high,base,S0,community,NOx avoided next to the EJ block,0.0,kg/yr,non-financial,
S0_hp0.75_tk0_A01_high,base,S0,community,low-income households served,0.0,households,non-financial,
S0_hp0.75_tk0_A01_high,base,S0,community,winter peak vs all-electric,,MW,non-financial,positive = less peak than ASHPs
S0_hp0.75_tk0_A01_high,base,S0,community,"LL97 penalty exposure reduced (commercial, upper bound)",0.0,$/yr,context,only if those buildings exceed their LL97 limit; not added to savings
S0_hp0.75_tk0_A01_high,base,S0,system,annual savings (resource view),0.0,$/yr,financial,= sum of actors (transfers cancel)
S0_hp0.75_tk0_A02_low,base,S0,data_center,net financial value,0.0,$/yr,financial,heat sales - source-side electricity
S0_hp0.75_tk0_A02_low,base,S0,data_center,heat-sale revenue (transfer from operator),0.0,$/yr,transfer,fence price 88.7 $/MWh
S0_hp0.75_tk0_A02_low,base,S0,data_center,source-side electricity cost,-0.0,$/yr,financial,
S0_hp0.75_tk0_A02_low,base,S0,heat_users,tariff + connection paid (transfer to operator),-0.0,$/yr,transfer,
S0_hp0.75_tk0_A02_low,base,S0,data_center,cooling reliability,unchanged (H1 pass; towers take 100% in network outage),,non-financial,
S0_hp0.75_tk0_A02_low,base,S0,heat_users,net financial value (all connected buildings),0.0,$/yr,financial,
S0_hp0.75_tk0_A02_low,base,S0,heat_users,NYCHA bill change per apartment (positive = saving),,$/apt/yr,financial,
S0_hp0.75_tk0_A02_low,base,S0,heat_users,continuity of heat,no unserved heat in all operating modes,,non-financial,
S0_hp0.75_tk0_A02_low,base,S0,network_operator,net financial position,0.0,$/yr,financial,tariff + connection - fence - annualised operator capex - network O&M
S0_hp0.75_tk0_A02_low,base,S0,community,public / ratepayer funding need,0.0,$/yr,financial,"operator shortfall, recovered from ratepayers in the pilot model"
S0_hp0.75_tk0_A02_low,base,S0,community,CO2 avoided,0.0,tCO2e/yr,non-financial,
S0_hp0.75_tk0_A02_low,base,S0,community,NOx avoided next to the EJ block,0.0,kg/yr,non-financial,
S0_hp0.75_tk0_A02_low,base,S0,community,low-income households served,0.0,households,non-financial,
S0_hp0.75_tk0_A02_low,base,S0,community,winter peak vs all-electric,,MW,non-financial,positive = less peak than ASHPs
S0_hp0.75_tk0_A02_low,base,S0,community,"LL97 penalty exposure reduced (commercial, upper bound)",0.0,$/yr,context,only if those buildings exceed their LL97 limit; not added to savings
S0_hp0.75_tk0_A02_low,base,S0,system,annual savings (resource view),0.0,$/yr,financial,= sum of actors (transfers cancel)
S0_hp0.75_tk0_A02_high,base,S0,data_center,net financial value,0.0,$/yr,financial,heat sales - source-side electricity
S0_hp0.75_tk0_A02_high,base,S0,data_center,heat-sale revenue (transfer from operator),0.0,$/yr,transfer,fence price 88.7 $/MWh
S0_hp0.75_tk0_A02_high,base,S0,data_center,source-side electricity cost,-0.0,$/yr,financial,
S0_hp0.75_tk0_A02_high,base,S0,heat_users,tariff + connection paid (transfer to operator),-0.0,$/yr,transfer,
S0_hp0.75_tk0_A02_high,base,S0,data_center,cooling reliability,unchanged (H1 pass; towers take 100% in network outage),,non-financial,
S0_hp0.75_tk0_A02_high,base,S0,heat_users,net financial value (all connected buildings),0.0,$/yr,financial,
S0_hp0.75_tk0_A02_high,base,S0,heat_users,NYCHA bill change per apartment (positive = saving),,$/apt/yr,financial,
S0_hp0.75_tk0_A02_high,base,S0,heat_users,continuity of heat,no unserved heat in all operating modes,,non-financial,
S0_hp0.75_tk0_A02_high,base,S0,network_operator,net financial position,0.0,$/yr,financial,tariff + connection - fence - annualised operator capex - network O&M
S0_hp0.75_tk0_A02_high,base,S0,community,public / ratepayer funding need,0.0,$/yr,financial,"operator shortfall, recovered from ratepayers in the pilot model"
S0_hp0.75_tk0_A02_high,base,S0,community,CO2 avoided,0.0,tCO2e/yr,non-financial,
S0_hp0.75_tk0_A02_high,base,S0,community,NOx avoided next to the EJ block,0.0,kg/yr,non-financial,
S0_hp0.75_tk0_A02_high,base,S0,community,low-income households served,0.0,households,non-financial,
S0_hp0.75_tk0_A02_high,base,S0,community,winter peak vs all-electric,,MW,non-financial,positive = less peak than ASHPs
S0_hp0.75_tk0_A02_high,base,S0,community,"LL97 penalty exposure reduced (commercial, upper bound)",0.0,$/yr,context,only if those buildings exceed their LL97 limit; not added to savings
S0_hp0.75_tk0_A02_high,base,S0,system,annual savings (resource view),0.0,$/yr,financial,= sum of actors (transfers cancel)
S0_hp0.75_tk0_A03_low,base,S0,data_center,net financial value,0.0,$/yr,financial,heat sales - source-side electricity
S0_hp0.75_tk0_A03_low,base,S0,data_center,heat-sale revenue (transfer from operator),0.0,$/yr,transfer,fence price 88.7 $/MWh
S0_hp0.75_tk0_A03_low,base,S0,data_center,source-side electricity cost,-0.0,$/yr,financial,
S0_hp0.75_tk0_A03_low,base,S0,heat_users,tariff + connection paid (transfer to operator),-0.0,$/yr,transfer,
S0_hp0.75_tk0_A03_low,base,S0,data_center,cooling reliability,unchanged (H1 pass; towers take 100% in network outage),,non-financial,
S0_hp0.75_tk0_A03_low,base,S0,heat_users,net financial value (all connected buildings),0.0,$/yr,financial,
S0_hp0.75_tk0_A03_low,base,S0,heat_users,NYCHA bill change per apartment (positive = saving),,$/apt/yr,financial,
S0_hp0.75_tk0_A03_low,base,S0,heat_users,continuity of heat,no unserved heat in all operating modes,,non-financial,
S0_hp0.75_tk0_A03_low,base,S0,network_operator,net financial position,0.0,$/yr,financial,tariff + connection - fence - annualised operator capex - network O&M
S0_hp0.75_tk0_A03_low,base,S0,community,public / ratepayer funding need,0.0,$/yr,financial,"operator shortfall, recovered from ratepayers in the pilot model"
S0_hp0.75_tk0_A03_low,base,S0,community,CO2 avoided,0.0,tCO2e/yr,non-financial,
S0_hp0.75_tk0_A03_low,base,S0,community,NOx avoided next to the EJ block,0.0,kg/yr,non-financial,
S0_hp0.75_tk0_A03_low,base,S0,community,low-income households served,0.0,households,non-financial,
S0_hp0.75_tk0_A03_low,base,S0,community,winter peak vs all-electric,,MW,non-financial,positive = less peak than ASHPs
S0_hp0.75_tk0_A03_low,base,S0,community,"LL97 penalty exposure reduced (commercial, upper bound)",0.0,$/yr,context,only if those buildings exceed their LL97 limit; not added to savings
S0_hp0.75_tk0_A03_low,base,S0,system,annual savings (resource view),0.0,$/yr,financial,= sum of actors (transfers cancel)
S0_hp0.75_tk0_A03_high,base,S0,data_center,net financial value,0.0,$/yr,financial,heat sales - source-side electricity
S0_hp0.75_tk0_A03_high,base,S0,data_center,heat-sale revenue (transfer from operator),0.0,$/yr,transfer,fence price 88.7 $/MWh
S0_hp0.75_tk0_A03_high,base,S0,data_center,source-side electricity cost,-0.0,$/yr,financial,
S0_hp0.75_tk0_A03_high,base,S0,heat_users,tariff + connection paid (transfer to operator),-0.0,$/yr,transfer,
S0_hp0.75_tk0_A03_high,base,S0,data_center,cooling reliability,unchanged (H1 pass; towers take 100% in network outage),,non-financial,
S0_hp0.75_tk0_A03_high,base,S0,heat_users,net financial value (all connected buildings),0.0,$/yr,financial,
S0_hp0.75_tk0_A03_high,base,S0,heat_users,NYCHA bill change per apartment (positive = saving),,$/apt/yr,financial,
S0_hp0.75_tk0_A03_high,base,S0,heat_users,continuity of heat,no unserved heat in all operating modes,,non-financial,
S0_hp0.75_tk0_A03_high,base,S0,network_operator,net financial position,0.0,$/yr,financial,tariff + connection - fence - annualised operator capex - network O&M
S0_hp0.75_tk0_A03_high,base,S0,community,public / ratepayer funding need,0.0,$/yr,financial,"operator shortfall, recovered from ratepayers in the pilot model"
S0_hp0.75_tk0_A03_high,base,S0,community,CO2 avoided,0.0,tCO2e/yr,non-financial,
S0_hp0.75_tk0_A03_high,base,S0,community,NOx avoided next to the EJ block,0.0,kg/yr,non-financial,
S0_hp0.75_tk0_A03_high,base,S0,community,low-income households served,0.0,households,non-financial,
S0_hp0.75_tk0_A03_high,base,S0,community,winter peak vs all-electric,,MW,non-financial,positive = less peak than ASHPs
S0_hp0.75_tk0_A03_high,base,S0,community,"LL97 penalty exposure reduced (commercial, upper bound)",0.0,$/yr,context,only if those buildings exceed their LL97 limit; not added to savings
S0_hp0.75_tk0_A03_high,base,S0,system,annual savings (resource view),0.0,$/yr,financial,= sum of actors (transfers cancel)
S0_hp0.75_tk0_A04_low,base,S0,data_center,net financial value,0.0,$/yr,financial,heat sales - source-side electricity
S0_hp0.75_tk0_A04_low,base,S0,data_center,heat-sale revenue (transfer from operator),0.0,$/yr,transfer,fence price 88.7 $/MWh
S0_hp0.75_tk0_A04_low,base,S0,data_center,source-side electricity cost,-0.0,$/yr,financial,
S0_hp0.75_tk0_A04_low,base,S0,heat_users,tariff + connection paid (transfer to operator),-0.0,$/yr,transfer,
S0_hp0.75_tk0_A04_low,base,S0,data_center,cooling reliability,unchanged (H1 pass; towers take 100% in network outage),,non-financial,
S0_hp0.75_tk0_A04_low,base,S0,heat_users,net financial value (all connected buildings),0.0,$/yr,financial,
S0_hp0.75_tk0_A04_low,base,S0,heat_users,NYCHA bill change per apartment (positive = saving),,$/apt/yr,financial,
S0_hp0.75_tk0_A04_low,base,S0,heat_users,continuity of heat,no unserved heat in all operating modes,,non-financial,
S0_hp0.75_tk0_A04_low,base,S0,network_operator,net financial position,0.0,$/yr,financial,tariff + connection - fence - annualised operator capex - network O&M
S0_hp0.75_tk0_A04_low,base,S0,community,public / ratepayer funding need,0.0,$/yr,financial,"operator shortfall, recovered from ratepayers in the pilot model"
S0_hp0.75_tk0_A04_low,base,S0,community,CO2 avoided,0.0,tCO2e/yr,non-financial,
S0_hp0.75_tk0_A04_low,base,S0,community,NOx avoided next to the EJ block,0.0,kg/yr,non-financial,
S0_hp0.75_tk0_A04_low,base,S0,community,low-income households served,0.0,households,non-financial,
S0_hp0.75_tk0_A04_low,base,S0,community,winter peak vs all-electric,,MW,non-financial,positive = less peak than ASHPs
S0_hp0.75_tk0_A04_low,base,S0,community,"LL97 penalty exposure reduced (commercial, upper bound)",0.0,$/yr,context,only if those buildings exceed their LL97 limit; not added to savings
S0_hp0.75_tk0_A04_low,base,S0,system,annual savings (resource view),0.0,$/yr,financial,= sum of actors (transfers cancel)
S0_hp0.75_tk0_A04_high,base,S0,data_center,net financial value,0.0,$/yr,financial,heat sales - source-side electricity
S0_hp0.75_tk0_A04_high,base,S0,data_center,heat-sale revenue (transfer from operator),0.0,$/yr,transfer,fence price 88.7 $/MWh
S0_hp0.75_tk0_A04_high,base,S0,data_center,source-side electricity cost,-0.0,$/yr,financial,
S0_hp0.75_tk0_A04_high,base,S0,heat_users,tariff + connection paid (transfer to operator),-0.0,$/yr,transfer,
S0_hp0.75_tk0_A04_high,base,S0,data_center,cooling reliability,unchanged (H1 pass; towers take 100% in network outage),,non-financial,
S0_hp0.75_tk0_A04_high,base,S0,heat_users,net financial value (all connected buildings),0.0,$/yr,financial,
S0_hp0.75_tk0_A04_high,base,S0,heat_users,NYCHA bill change per apartment (positive = saving),,$/apt/yr,financial,
S0_hp0.75_tk0_A04_high,base,S0,heat_users,continuity of heat,no unserved heat in all operating modes,,non-financial,
S0_hp0.75_tk0_A04_high,base,S0,network_operator,net financial position,0.0,$/yr,financial,tariff + connection - fence - annualised operator capex - network O&M
S0_hp0.75_tk0_A04_high,base,S0,community,public / ratepayer funding need,0.0,$/yr,financial,"operator shortfall, recovered from ratepayers in the pilot model"
S0_hp0.75_tk0_A04_high,base,S0,community,CO2 avoided,0.0,tCO2e/yr,non-financial,
S0_hp0.75_tk0_A04_high,base,S0,community,NOx avoided next to the EJ block,0.0,kg/yr,non-financial,
S0_hp0.75_tk0_A04_high,base,S0,community,low-income households served,0.0,households,non-financial,
S0_hp0.75_tk0_A04_high,base,S0,community,winter peak vs all-electric,,MW,non-financial,positive = less peak than ASHPs
S0_hp0.75_tk0_A04_high,base,S0,community,"LL97 penalty exposure reduced (commercial, upper bound)",0.0,$/yr,context,only if those buildings exceed their LL97 limit; not added to savings
S0_hp0.75_tk0_A04_high,base,S0,system,annual savings (resource view),0.0,$/yr,financial,= sum of actors (transfers cancel)
S0_hp0.75_tk0_A10_low,base,S0,data_center,net financial value,0.0,$/yr,financial,heat sales - source-side electricity
S0_hp0.75_tk0_A10_low,base,S0,data_center,heat-sale revenue (transfer from operator),0.0,$/yr,transfer,fence price 88.7 $/MWh
S0_hp0.75_tk0_A10_low,base,S0,data_center,source-side electricity cost,-0.0,$/yr,financial,
S0_hp0.75_tk0_A10_low,base,S0,heat_users,tariff + connection paid (transfer to operator),-0.0,$/yr,transfer,
S0_hp0.75_tk0_A10_low,base,S0,data_center,cooling reliability,unchanged (H1 pass; towers take 100% in network outage),,non-financial,
S0_hp0.75_tk0_A10_low,base,S0,heat_users,net financial value (all connected buildings),0.0,$/yr,financial,
S0_hp0.75_tk0_A10_low,base,S0,heat_users,NYCHA bill change per apartment (positive = saving),,$/apt/yr,financial,
S0_hp0.75_tk0_A10_low,base,S0,heat_users,continuity of heat,no unserved heat in all operating modes,,non-financial,
S0_hp0.75_tk0_A10_low,base,S0,network_operator,net financial position,0.0,$/yr,financial,tariff + connection - fence - annualised operator capex - network O&M
S0_hp0.75_tk0_A10_low,base,S0,community,public / ratepayer funding need,0.0,$/yr,financial,"operator shortfall, recovered from ratepayers in the pilot model"
S0_hp0.75_tk0_A10_low,base,S0,community,CO2 avoided,0.0,tCO2e/yr,non-financial,
S0_hp0.75_tk0_A10_low,base,S0,community,NOx avoided next to the EJ block,0.0,kg/yr,non-financial,
S0_hp0.75_tk0_A10_low,base,S0,community,low-income households served,0.0,households,non-financial,
S0_hp0.75_tk0_A10_low,base,S0,community,winter peak vs all-electric,,MW,non-financial,positive = less peak than ASHPs
S0_hp0.75_tk0_A10_low,base,S0,community,"LL97 penalty exposure reduced (commercial, upper bound)",0.0,$/yr,context,only if those buildings exceed their LL97 limit; not added to savings
S0_hp0.75_tk0_A10_low,base,S0,system,annual savings (resource view),0.0,$/yr,financial,= sum of actors (transfers cancel)
S0_hp0.75_tk0_A10_high,base,S0,data_center,net financial value,0.0,$/yr,financial,heat sales - source-side electricity
S0_hp0.75_tk0_A10_high,base,S0,data_center,heat-sale revenue (transfer from operator),0.0,$/yr,transfer,fence price 88.7 $/MWh
S0_hp0.75_tk0_A10_high,base,S0,data_center,source-side electricity cost,-0.0,$/yr,financial,
S0_hp0.75_tk0_A10_high,base,S0,heat_users,tariff + connection paid (transfer to operator),-0.0,$/yr,transfer,
S0_hp0.75_tk0_A10_high,base,S0,data_center,cooling reliability,unchanged (H1 pass; towers take 100% in network outage),,non-financial,
S0_hp0.75_tk0_A10_high,base,S0,heat_users,net financial value (all connected buildings),0.0,$/yr,financial,
S0_hp0.75_tk0_A10_high,base,S0,heat_users,NYCHA bill change per apartment (positive = saving),,$/apt/yr,financial,
S0_hp0.75_tk0_A10_high,base,S0,heat_users,continuity of heat,no unserved heat in all operating modes,,non-financial,
S0_hp0.75_tk0_A10_high,base,S0,network_operator,net financial position,0.0,$/yr,financial,tariff + connection - fence - annualised operator capex - network O&M
S0_hp0.75_tk0_A10_high,base,S0,community,public / ratepayer funding need,0.0,$/yr,financial,"operator shortfall, recovered from ratepayers in the pilot model"
S0_hp0.75_tk0_A10_high,base,S0,community,CO2 avoided,0.0,tCO2e/yr,non-financial,
S0_hp0.75_tk0_A10_high,base,S0,community,NOx avoided next to the EJ block,0.0,kg/yr,non-financial,
S0_hp0.75_tk0_A10_high,base,S0,community,low-income households served,0.0,households,non-financial,
S0_hp0.75_tk0_A10_high,base,S0,community,winter peak vs all-electric,,MW,non-financial,positive = less peak than ASHPs
S0_hp0.75_tk0_A10_high,base,S0,community,"LL97 penalty exposure reduced (commercial, upper bound)",0.0,$/yr,context,only if those buildings exceed their LL97 limit; not added to savings
S0_hp0.75_tk0_A10_high,base,S0,system,annual savings (resource view),0.0,$/yr,financial,= sum of actors (transfers cancel)
S0_hp0.75_tk0_A11_low,base,S0,data_center,net financial value,0.0,$/yr,financial,heat sales - source-side electricity
S0_hp0.75_tk0_A11_low,base,S0,data_center,heat-sale revenue (transfer from operator),0.0,$/yr,transfer,fence price 88.7 $/MWh
S0_hp0.75_tk0_A11_low,base,S0,data_center,source-side electricity cost,-0.0,$/yr,financial,
S0_hp0.75_tk0_A11_low,base,S0,heat_users,tariff + connection paid (transfer to operator),-0.0,$/yr,transfer,
S0_hp0.75_tk0_A11_low,base,S0,data_center,cooling reliability,unchanged (H1 pass; towers take 100% in network outage),,non-financial,
S0_hp0.75_tk0_A11_low,base,S0,heat_users,net financial value (all connected buildings),0.0,$/yr,financial,
S0_hp0.75_tk0_A11_low,base,S0,heat_users,NYCHA bill change per apartment (positive = saving),,$/apt/yr,financial,
S0_hp0.75_tk0_A11_low,base,S0,heat_users,continuity of heat,no unserved heat in all operating modes,,non-financial,
S0_hp0.75_tk0_A11_low,base,S0,network_operator,net financial position,0.0,$/yr,financial,tariff + connection - fence - annualised operator capex - network O&M
S0_hp0.75_tk0_A11_low,base,S0,community,public / ratepayer funding need,0.0,$/yr,financial,"operator shortfall, recovered from ratepayers in the pilot model"
S0_hp0.75_tk0_A11_low,base,S0,community,CO2 avoided,0.0,tCO2e/yr,non-financial,
S0_hp0.75_tk0_A11_low,base,S0,community,NOx avoided next to the EJ block,0.0,kg/yr,non-financial,
S0_hp0.75_tk0_A11_low,base,S0,community,low-income households served,0.0,households,non-financial,
S0_hp0.75_tk0_A11_low,base,S0,community,winter peak vs all-electric,,MW,non-financial,positive = less peak than ASHPs
S0_hp0.75_tk0_A11_low,base,S0,community,"LL97 penalty exposure reduced (commercial, upper bound)",0.0,$/yr,context,only if those buildings exceed their LL97 limit; not added to savings
S0_hp0.75_tk0_A11_low,base,S0,system,annual savings (resource view),0.0,$/yr,financial,= sum of actors (transfers cancel)
S0_hp0.75_tk0_A11_high,base,S0,data_center,net financial value,0.0,$/yr,financial,heat sales - source-side electricity
S0_hp0.75_tk0_A11_high,base,S0,data_center,heat-sale revenue (transfer from operator),0.0,$/yr,transfer,fence price 88.7 $/MWh
S0_hp0.75_tk0_A11_high,base,S0,data_center,source-side electricity cost,-0.0,$/yr,financial,
S0_hp0.75_tk0_A11_high,base,S0,heat_users,tariff + connection paid (transfer to operator),-0.0,$/yr,transfer,
S0_hp0.75_tk0_A11_high,base,S0,data_center,cooling reliability,unchanged (H1 pass; towers take 100% in network outage),,non-financial,
S0_hp0.75_tk0_A11_high,base,S0,heat_users,net financial value (all connected buildings),0.0,$/yr,financial,
S0_hp0.75_tk0_A11_high,base,S0,heat_users,NYCHA bill change per apartment (positive = saving),,$/apt/yr,financial,
S0_hp0.75_tk0_A11_high,base,S0,heat_users,continuity of heat,no unserved heat in all operating modes,,non-financial,
S0_hp0.75_tk0_A11_high,base,S0,network_operator,net financial position,0.0,$/yr,financial,tariff + connection - fence - annualised operator capex - network O&M
S0_hp0.75_tk0_A11_high,base,S0,community,public / ratepayer funding need,0.0,$/yr,financial,"operator shortfall, recovered from ratepayers in the pilot model"
S0_hp0.75_tk0_A11_high,base,S0,community,CO2 avoided,0.0,tCO2e/yr,non-financial,
S0_hp0.75_tk0_A11_high,base,S0,community,NOx avoided next to the EJ block,0.0,kg/yr,non-financial,
S0_hp0.75_tk0_A11_high,base,S0,community,low-income households served,0.0,households,non-financial,
S0_hp0.75_tk0_A11_high,base,S0,community,winter peak vs all-electric,,MW,non-financial,positive = less peak than ASHPs
S0_hp0.75_tk0_A11_high,base,S0,community,"LL97 penalty exposure reduced (commercial, upper bound)",0.0,$/yr,context,only if those buildings exceed their LL97 limit; not added to savings
S0_hp0.75_tk0_A11_high,base,S0,system,annual savings (resource view),0.0,$/yr,financial,= sum of actors (transfers cancel)
S0_hp0.75_tk0_A16_low,base,S0,data_center,net financial value,0.0,$/yr,financial,heat sales - source-side electricity
S0_hp0.75_tk0_A16_low,base,S0,data_center,heat-sale revenue (transfer from operator),0.0,$/yr,transfer,fence price 88.7 $/MWh
S0_hp0.75_tk0_A16_low,base,S0,data_center,source-side electricity cost,-0.0,$/yr,financial,
S0_hp0.75_tk0_A16_low,base,S0,heat_users,tariff + connection paid (transfer to operator),-0.0,$/yr,transfer,
S0_hp0.75_tk0_A16_low,base,S0,data_center,cooling reliability,unchanged (H1 pass; towers take 100% in network outage),,non-financial,
S0_hp0.75_tk0_A16_low,base,S0,heat_users,net financial value (all connected buildings),0.0,$/yr,financial,
S0_hp0.75_tk0_A16_low,base,S0,heat_users,NYCHA bill change per apartment (positive = saving),,$/apt/yr,financial,
S0_hp0.75_tk0_A16_low,base,S0,heat_users,continuity of heat,no unserved heat in all operating modes,,non-financial,
S0_hp0.75_tk0_A16_low,base,S0,network_operator,net financial position,0.0,$/yr,financial,tariff + connection - fence - annualised operator capex - network O&M
S0_hp0.75_tk0_A16_low,base,S0,community,public / ratepayer funding need,0.0,$/yr,financial,"operator shortfall, recovered from ratepayers in the pilot model"
S0_hp0.75_tk0_A16_low,base,S0,community,CO2 avoided,0.0,tCO2e/yr,non-financial,
S0_hp0.75_tk0_A16_low,base,S0,community,NOx avoided next to the EJ block,0.0,kg/yr,non-financial,
S0_hp0.75_tk0_A16_low,base,S0,community,low-income households served,0.0,households,non-financial,
S0_hp0.75_tk0_A16_low,base,S0,community,winter peak vs all-electric,,MW,non-financial,positive = less peak than ASHPs
S0_hp0.75_tk0_A16_low,base,S0,community,"LL97 penalty exposure reduced (commercial, upper bound)",0.0,$/yr,context,only if those buildings exceed their LL97 limit; not added to savings
S0_hp0.75_tk0_A16_low,base,S0,system,annual savings (resource view),0.0,$/yr,financial,= sum of actors (transfers cancel)
S0_hp0.75_tk0_A16_high,base,S0,data_center,net financial value,0.0,$/yr,financial,heat sales - source-side electricity
S0_hp0.75_tk0_A16_high,base,S0,data_center,heat-sale revenue (transfer from operator),0.0,$/yr,transfer,fence price 88.7 $/MWh
S0_hp0.75_tk0_A16_high,base,S0,data_center,source-side electricity cost,-0.0,$/yr,financial,
S0_hp0.75_tk0_A16_high,base,S0,heat_users,tariff + connection paid (transfer to operator),-0.0,$/yr,transfer,
S0_hp0.75_tk0_A16_high,base,S0,data_center,cooling reliability,unchanged (H1 pass; towers take 100% in network outage),,non-financial,
S0_hp0.75_tk0_A16_high,base,S0,heat_users,net financial value (all connected buildings),0.0,$/yr,financial,
S0_hp0.75_tk0_A16_high,base,S0,heat_users,NYCHA bill change per apartment (positive = saving),,$/apt/yr,financial,
S0_hp0.75_tk0_A16_high,base,S0,heat_users,continuity of heat,no unserved heat in all operating modes,,non-financial,
S0_hp0.75_tk0_A16_high,base,S0,network_operator,net financial position,0.0,$/yr,financial,tariff + connection - fence - annualised operator capex - network O&M
S0_hp0.75_tk0_A16_high,base,S0,community,public / ratepayer funding need,0.0,$/yr,financial,"operator shortfall, recovered from ratepayers in the pilot model"
S0_hp0.75_tk0_A16_high,base,S0,community,CO2 avoided,0.0,tCO2e/yr,non-financial,
S0_hp0.75_tk0_A16_high,base,S0,community,NOx avoided next to the EJ block,0.0,kg/yr,non-financial,
S0_hp0.75_tk0_A16_high,base,S0,community,low-income households served,0.0,households,non-financial,
S0_hp0.75_tk0_A16_high,base,S0,community,winter peak vs all-electric,,MW,non-financial,positive = less peak than ASHPs
S0_hp0.75_tk0_A16_high,base,S0,community,"LL97 penalty exposure reduced (commercial, upper bound)",0.0,$/yr,context,only if those buildings exceed their LL97 limit; not added to savings
S0_hp0.75_tk0_A16_high,base,S0,system,annual savings (resource view),0.0,$/yr,financial,= sum of actors (transfers cancel)
S0_hp0.75_tk0_A17_low,base,S0,data_center,net financial value,0.0,$/yr,financial,heat sales - source-side electricity
S0_hp0.75_tk0_A17_low,base,S0,data_center,heat-sale revenue (transfer from operator),0.0,$/yr,transfer,fence price 88.7 $/MWh
S0_hp0.75_tk0_A17_low,base,S0,data_center,source-side electricity cost,-0.0,$/yr,financial,
S0_hp0.75_tk0_A17_low,base,S0,heat_users,tariff + connection paid (transfer to operator),-0.0,$/yr,transfer,
S0_hp0.75_tk0_A17_low,base,S0,data_center,cooling reliability,unchanged (H1 pass; towers take 100% in network outage),,non-financial,
S0_hp0.75_tk0_A17_low,base,S0,heat_users,net financial value (all connected buildings),0.0,$/yr,financial,
S0_hp0.75_tk0_A17_low,base,S0,heat_users,NYCHA bill change per apartment (positive = saving),,$/apt/yr,financial,
S0_hp0.75_tk0_A17_low,base,S0,heat_users,continuity of heat,no unserved heat in all operating modes,,non-financial,
S0_hp0.75_tk0_A17_low,base,S0,network_operator,net financial position,0.0,$/yr,financial,tariff + connection - fence - annualised operator capex - network O&M
S0_hp0.75_tk0_A17_low,base,S0,community,public / ratepayer funding need,0.0,$/yr,financial,"operator shortfall, recovered from ratepayers in the pilot model"
S0_hp0.75_tk0_A17_low,base,S0,community,CO2 avoided,0.0,tCO2e/yr,non-financial,
S0_hp0.75_tk0_A17_low,base,S0,community,NOx avoided next to the EJ block,0.0,kg/yr,non-financial,
S0_hp0.75_tk0_A17_low,base,S0,community,low-income households served,0.0,households,non-financial,
S0_hp0.75_tk0_A17_low,base,S0,community,winter peak vs all-electric,,MW,non-financial,positive = less peak than ASHPs
S0_hp0.75_tk0_A17_low,base,S0,community,"LL97 penalty exposure reduced (commercial, upper bound)",0.0,$/yr,context,only if those buildings exceed their LL97 limit; not added to savings
S0_hp0.75_tk0_A17_low,base,S0,system,annual savings (resource view),0.0,$/yr,financial,= sum of actors (transfers cancel)
S0_hp0.75_tk0_A17_high,base,S0,data_center,net financial value,0.0,$/yr,financial,heat sales - source-side electricity
S0_hp0.75_tk0_A17_high,base,S0,data_center,heat-sale revenue (transfer from operator),0.0,$/yr,transfer,fence price 88.7 $/MWh
S0_hp0.75_tk0_A17_high,base,S0,data_center,source-side electricity cost,-0.0,$/yr,financial,
S0_hp0.75_tk0_A17_high,base,S0,heat_users,tariff + connection paid (transfer to operator),-0.0,$/yr,transfer,
S0_hp0.75_tk0_A17_high,base,S0,data_center,cooling reliability,unchanged (H1 pass; towers take 100% in network outage),,non-financial,
S0_hp0.75_tk0_A17_high,base,S0,heat_users,net financial value (all connected buildings),0.0,$/yr,financial,
S0_hp0.75_tk0_A17_high,base,S0,heat_users,NYCHA bill change per apartment (positive = saving),,$/apt/yr,financial,
S0_hp0.75_tk0_A17_high,base,S0,heat_users,continuity of heat,no unserved heat in all operating modes,,non-financial,
S0_hp0.75_tk0_A17_high,base,S0,network_operator,net financial position,0.0,$/yr,financial,tariff + connection - fence - annualised operator capex - network O&M
S0_hp0.75_tk0_A17_high,base,S0,community,public / ratepayer funding need,0.0,$/yr,financial,"operator shortfall, recovered from ratepayers in the pilot model"
S0_hp0.75_tk0_A17_high,base,S0,community,CO2 avoided,0.0,tCO2e/yr,non-financial,
S0_hp0.75_tk0_A17_high,base,S0,community,NOx avoided next to the EJ block,0.0,kg/yr,non-financial,
S0_hp0.75_tk0_A17_high,base,S0,community,low-income households served,0.0,households,non-financial,
S0_hp0.75_tk0_A17_high,base,S0,community,winter peak vs all-electric,,MW,non-financial,positive = less peak than ASHPs
S0_hp0.75_tk0_A17_high,base,S0,community,"LL97 penalty exposure reduced (commercial, upper bound)",0.0,$/yr,context,only if those buildings exceed their LL97 limit; not added to savings
S0_hp0.75_tk0_A17_high,base,S0,system,annual savings (resource view),0.0,$/yr,financial,= sum of actors (transfers cancel)
S0_hp0.75_tk0_A18_low,base,S0,data_center,net financial value,0.0,$/yr,financial,heat sales - source-side electricity
S0_hp0.75_tk0_A18_low,base,S0,data_center,heat-sale revenue (transfer from operator),0.0,$/yr,transfer,fence price 88.7 $/MWh
S0_hp0.75_tk0_A18_low,base,S0,data_center,source-side electricity cost,-0.0,$/yr,financial,
S0_hp0.75_tk0_A18_low,base,S0,heat_users,tariff + connection paid (transfer to operator),-0.0,$/yr,transfer,
S0_hp0.75_tk0_A18_low,base,S0,data_center,cooling reliability,unchanged (H1 pass; towers take 100% in network outage),,non-financial,
S0_hp0.75_tk0_A18_low,base,S0,heat_users,net financial value (all connected buildings),0.0,$/yr,financial,
S0_hp0.75_tk0_A18_low,base,S0,heat_users,NYCHA bill change per apartment (positive = saving),,$/apt/yr,financial,
S0_hp0.75_tk0_A18_low,base,S0,heat_users,continuity of heat,no unserved heat in all operating modes,,non-financial,
S0_hp0.75_tk0_A18_low,base,S0,network_operator,net financial position,0.0,$/yr,financial,tariff + connection - fence - annualised operator capex - network O&M
S0_hp0.75_tk0_A18_low,base,S0,community,public / ratepayer funding need,0.0,$/yr,financial,"operator shortfall, recovered from ratepayers in the pilot model"
S0_hp0.75_tk0_A18_low,base,S0,community,CO2 avoided,0.0,tCO2e/yr,non-financial,
S0_hp0.75_tk0_A18_low,base,S0,community,NOx avoided next to the EJ block,0.0,kg/yr,non-financial,
S0_hp0.75_tk0_A18_low,base,S0,community,low-income households served,0.0,households,non-financial,
S0_hp0.75_tk0_A18_low,base,S0,community,winter peak vs all-electric,,MW,non-financial,positive = less peak than ASHPs
S0_hp0.75_tk0_A18_low,base,S0,community,"LL97 penalty exposure reduced (commercial, upper bound)",0.0,$/yr,context,only if those buildings exceed their LL97 limit; not added to savings
S0_hp0.75_tk0_A18_low,base,S0,system,annual savings (resource view),0.0,$/yr,financial,= sum of actors (transfers cancel)
S0_hp0.75_tk0_A18_high,base,S0,data_center,net financial value,0.0,$/yr,financial,heat sales - source-side electricity
S0_hp0.75_tk0_A18_high,base,S0,data_center,heat-sale revenue (transfer from operator),0.0,$/yr,transfer,fence price 88.7 $/MWh
S0_hp0.75_tk0_A18_high,base,S0,data_center,source-side electricity cost,-0.0,$/yr,financial,
S0_hp0.75_tk0_A18_high,base,S0,heat_users,tariff + connection paid (transfer to operator),-0.0,$/yr,transfer,
S0_hp0.75_tk0_A18_high,base,S0,data_center,cooling reliability,unchanged (H1 pass; towers take 100% in network outage),,non-financial,
S0_hp0.75_tk0_A18_high,base,S0,heat_users,net financial value (all connected buildings),0.0,$/yr,financial,
S0_hp0.75_tk0_A18_high,base,S0,heat_users,NYCHA bill change per apartment (positive = saving),,$/apt/yr,financial,
S0_hp0.75_tk0_A18_high,base,S0,heat_users,continuity of heat,no unserved heat in all operating modes,,non-financial,
S0_hp0.75_tk0_A18_high,base,S0,network_operator,net financial position,0.0,$/yr,financial,tariff + connection - fence - annualised operator capex - network O&M
S0_hp0.75_tk0_A18_high,base,S0,community,public / ratepayer funding need,0.0,$/yr,financial,"operator shortfall, recovered from ratepayers in the pilot model"
S0_hp0.75_tk0_A18_high,base,S0,community,CO2 avoided,0.0,tCO2e/yr,non-financial,
S0_hp0.75_tk0_A18_high,base,S0,community,NOx avoided next to the EJ block,0.0,kg/yr,non-financial,
S0_hp0.75_tk0_A18_high,base,S0,community,low-income households served,0.0,households,non-financial,
S0_hp0.75_tk0_A18_high,base,S0,community,winter peak vs all-electric,,MW,non-financial,positive = less peak than ASHPs
S0_hp0.75_tk0_A18_high,base,S0,community,"LL97 penalty exposure reduced (commercial, upper bound)",0.0,$/yr,context,only if those buildings exceed their LL97 limit; not added to savings
S0_hp0.75_tk0_A18_high,base,S0,system,annual savings (resource view),0.0,$/yr,financial,= sum of actors (transfers cancel)
S0_hp0.75_tk0_A19_low,base,S0,data_center,net financial value,0.0,$/yr,financial,heat sales - source-side electricity
S0_hp0.75_tk0_A19_low,base,S0,data_center,heat-sale revenue (transfer from operator),0.0,$/yr,transfer,fence price 88.7 $/MWh
S0_hp0.75_tk0_A19_low,base,S0,data_center,source-side electricity cost,-0.0,$/yr,financial,
S0_hp0.75_tk0_A19_low,base,S0,heat_users,tariff + connection paid (transfer to operator),-0.0,$/yr,transfer,
S0_hp0.75_tk0_A19_low,base,S0,data_center,cooling reliability,unchanged (H1 pass; towers take 100% in network outage),,non-financial,
S0_hp0.75_tk0_A19_low,base,S0,heat_users,net financial value (all connected buildings),0.0,$/yr,financial,
S0_hp0.75_tk0_A19_low,base,S0,heat_users,NYCHA bill change per apartment (positive = saving),,$/apt/yr,financial,
S0_hp0.75_tk0_A19_low,base,S0,heat_users,continuity of heat,no unserved heat in all operating modes,,non-financial,
S0_hp0.75_tk0_A19_low,base,S0,network_operator,net financial position,0.0,$/yr,financial,tariff + connection - fence - annualised operator capex - network O&M
S0_hp0.75_tk0_A19_low,base,S0,community,public / ratepayer funding need,0.0,$/yr,financial,"operator shortfall, recovered from ratepayers in the pilot model"
S0_hp0.75_tk0_A19_low,base,S0,community,CO2 avoided,0.0,tCO2e/yr,non-financial,
S0_hp0.75_tk0_A19_low,base,S0,community,NOx avoided next to the EJ block,0.0,kg/yr,non-financial,
S0_hp0.75_tk0_A19_low,base,S0,community,low-income households served,0.0,households,non-financial,
S0_hp0.75_tk0_A19_low,base,S0,community,winter peak vs all-electric,,MW,non-financial,positive = less peak than ASHPs
S0_hp0.75_tk0_A19_low,base,S0,community,"LL97 penalty exposure reduced (commercial, upper bound)",0.0,$/yr,context,only if those buildings exceed their LL97 limit; not added to savings
S0_hp0.75_tk0_A19_low,base,S0,system,annual savings (resource view),0.0,$/yr,financial,= sum of actors (transfers cancel)
S0_hp0.75_tk0_A19_high,base,S0,data_center,net financial value,0.0,$/yr,financial,heat sales - source-side electricity
S0_hp0.75_tk0_A19_high,base,S0,data_center,heat-sale revenue (transfer from operator),0.0,$/yr,transfer,fence price 88.7 $/MWh
S0_hp0.75_tk0_A19_high,base,S0,data_center,source-side electricity cost,-0.0,$/yr,financial,
S0_hp0.75_tk0_A19_high,base,S0,heat_users,tariff + connection paid (transfer to operator),-0.0,$/yr,transfer,
S0_hp0.75_tk0_A19_high,base,S0,data_center,cooling reliability,unchanged (H1 pass; towers take 100% in network outage),,non-financial,
S0_hp0.75_tk0_A19_high,base,S0,heat_users,net financial value (all connected buildings),0.0,$/yr,financial,
S0_hp0.75_tk0_A19_high,base,S0,heat_users,NYCHA bill change per apartment (positive = saving),,$/apt/yr,financial,
S0_hp0.75_tk0_A19_high,base,S0,heat_users,continuity of heat,no unserved heat in all operating modes,,non-financial,
S0_hp0.75_tk0_A19_high,base,S0,network_operator,net financial position,0.0,$/yr,financial,tariff + connection - fence - annualised operator capex - network O&M
S0_hp0.75_tk0_A19_high,base,S0,community,public / ratepayer funding need,0.0,$/yr,financial,"operator shortfall, recovered from ratepayers in the pilot model"
S0_hp0.75_tk0_A19_high,base,S0,community,CO2 avoided,0.0,tCO2e/yr,non-financial,
S0_hp0.75_tk0_A19_high,base,S0,community,NOx avoided next to the EJ block,0.0,kg/yr,non-financial,
S0_hp0.75_tk0_A19_high,base,S0,community,low-income households served,0.0,households,non-financial,
S0_hp0.75_tk0_A19_high,base,S0,community,winter peak vs all-electric,,MW,non-financial,positive = less peak than ASHPs
S0_hp0.75_tk0_A19_high,base,S0,community,"LL97 penalty exposure reduced (commercial, upper bound)",0.0,$/yr,context,only if those buildings exceed their LL97 limit; not added to savings
S0_hp0.75_tk0_A19_high,base,S0,system,annual savings (resource view),0.0,$/yr,financial,= sum of actors (transfers cancel)
S0_hp0.75_tk0_A20_low,base,S0,data_center,net financial value,0.0,$/yr,financial,heat sales - source-side electricity
S0_hp0.75_tk0_A20_low,base,S0,data_center,heat-sale revenue (transfer from operator),0.0,$/yr,transfer,fence price 88.7 $/MWh
S0_hp0.75_tk0_A20_low,base,S0,data_center,source-side electricity cost,-0.0,$/yr,financial,
S0_hp0.75_tk0_A20_low,base,S0,heat_users,tariff + connection paid (transfer to operator),-0.0,$/yr,transfer,
S0_hp0.75_tk0_A20_low,base,S0,data_center,cooling reliability,unchanged (H1 pass; towers take 100% in network outage),,non-financial,
S0_hp0.75_tk0_A20_low,base,S0,heat_users,net financial value (all connected buildings),0.0,$/yr,financial,
S0_hp0.75_tk0_A20_low,base,S0,heat_users,NYCHA bill change per apartment (positive = saving),,$/apt/yr,financial,
S0_hp0.75_tk0_A20_low,base,S0,heat_users,continuity of heat,no unserved heat in all operating modes,,non-financial,
S0_hp0.75_tk0_A20_low,base,S0,network_operator,net financial position,0.0,$/yr,financial,tariff + connection - fence - annualised operator capex - network O&M
S0_hp0.75_tk0_A20_low,base,S0,community,public / ratepayer funding need,0.0,$/yr,financial,"operator shortfall, recovered from ratepayers in the pilot model"
S0_hp0.75_tk0_A20_low,base,S0,community,CO2 avoided,0.0,tCO2e/yr,non-financial,
S0_hp0.75_tk0_A20_low,base,S0,community,NOx avoided next to the EJ block,0.0,kg/yr,non-financial,
S0_hp0.75_tk0_A20_low,base,S0,community,low-income households served,0.0,households,non-financial,
S0_hp0.75_tk0_A20_low,base,S0,community,winter peak vs all-electric,,MW,non-financial,positive = less peak than ASHPs
S0_hp0.75_tk0_A20_low,base,S0,community,"LL97 penalty exposure reduced (commercial, upper bound)",0.0,$/yr,context,only if those buildings exceed their LL97 limit; not added to savings
S0_hp0.75_tk0_A20_low,base,S0,system,annual savings (resource view),0.0,$/yr,financial,= sum of actors (transfers cancel)
S0_hp0.75_tk0_A20_high,base,S0,data_center,net financial value,0.0,$/yr,financial,heat sales - source-side electricity
S0_hp0.75_tk0_A20_high,base,S0,data_center,heat-sale revenue (transfer from operator),0.0,$/yr,transfer,fence price 88.7 $/MWh
S0_hp0.75_tk0_A20_high,base,S0,data_center,source-side electricity cost,-0.0,$/yr,financial,
S0_hp0.75_tk0_A20_high,base,S0,heat_users,tariff + connection paid (transfer to operator),-0.0,$/yr,transfer,
S0_hp0.75_tk0_A20_high,base,S0,data_center,cooling reliability,unchanged (H1 pass; towers take 100% in network outage),,non-financial,
S0_hp0.75_tk0_A20_high,base,S0,heat_users,net financial value (all connected buildings),0.0,$/yr,financial,
S0_hp0.75_tk0_A20_high,base,S0,heat_users,NYCHA bill change per apartment (positive = saving),,$/apt/yr,financial,
S0_hp0.75_tk0_A20_high,base,S0,heat_users,continuity of heat,no unserved heat in all operating modes,,non-financial,
S0_hp0.75_tk0_A20_high,base,S0,network_operator,net financial position,0.0,$/yr,financial,tariff + connection - fence - annualised operator capex - network O&M
S0_hp0.75_tk0_A20_high,base,S0,community,public / ratepayer funding need,0.0,$/yr,financial,"operator shortfall, recovered from ratepayers in the pilot model"
S0_hp0.75_tk0_A20_high,base,S0,community,CO2 avoided,0.0,tCO2e/yr,non-financial,
S0_hp0.75_tk0_A20_high,base,S0,community,NOx avoided next to the EJ block,0.0,kg/yr,non-financial,
S0_hp0.75_tk0_A20_high,base,S0,community,low-income households served,0.0,households,non-financial,
S0_hp0.75_tk0_A20_high,base,S0,community,winter peak vs all-electric,,MW,non-financial,positive = less peak than ASHPs
S0_hp0.75_tk0_A20_high,base,S0,community,"LL97 penalty exposure reduced (commercial, upper bound)",0.0,$/yr,context,only if those buildings exceed their LL97 limit; not added to savings
S0_hp0.75_tk0_A20_high,base,S0,system,annual savings (resource view),0.0,$/yr,financial,= sum of actors (transfers cancel)
S1_hp0.5_tk0_base,base,S1,data_center,net financial value,-195472.06628749333,$/yr,financial,heat sales - source-side electricity (S1: same owner as the heat user)
S1_hp0.5_tk0_base,base,S1,data_center,heat-sale revenue (transfer from operator),0.0,$/yr,transfer,fence price 88.7 $/MWh
S1_hp0.5_tk0_base,base,S1,data_center,source-side electricity cost,-195472.06628749333,$/yr,financial,
S1_hp0.5_tk0_base,base,S1,heat_users,tariff + connection paid (transfer to operator),-0.0,$/yr,transfer,
S1_hp0.5_tk0_base,base,S1,data_center,cooling reliability,unchanged (H1 pass; towers take 100% in network outage),,non-financial,
S1_hp0.5_tk0_base,base,S1,heat_users,net financial value (all connected buildings),112367.74949693603,$/yr,financial,
S1_hp0.5_tk0_base,base,S1,heat_users,NYCHA bill change per apartment (positive = saving),,$/apt/yr,financial,
S1_hp0.5_tk0_base,base,S1,heat_users,continuity of heat,no unserved heat in all operating modes,,non-financial,
S1_hp0.5_tk0_base,base,S1,network_operator,net financial position,0.0,$/yr,financial,tariff + connection - fence - annualised operator capex - network O&M
S1_hp0.5_tk0_base,base,S1,community,public / ratepayer funding need,0.0,$/yr,financial,"operator shortfall, recovered from ratepayers in the pilot model"
S1_hp0.5_tk0_base,base,S1,community,CO2 avoided,116.86739596477753,tCO2e/yr,non-financial,
S1_hp0.5_tk0_base,base,S1,community,NOx avoided next to the EJ block,0.0,kg/yr,non-financial,
S1_hp0.5_tk0_base,base,S1,community,low-income households served,0.0,households,non-financial,
S1_hp0.5_tk0_base,base,S1,community,winter peak vs all-electric,0.18049805960418838,MW,non-financial,positive = less peak than ASHPs
S1_hp0.5_tk0_base,base,S1,community,"LL97 penalty exposure reduced (commercial, upper bound)",31320.46211856038,$/yr,context,only if those buildings exceed their LL97 limit; not added to savings
S1_hp0.5_tk0_base,base,S1,system,annual savings (resource view),-83104.31679055735,$/yr,financial,= sum of actors (transfers cancel)
S1_hp0.5_tk2_base,base,S1,data_center,net financial value,-195472.06628749333,$/yr,financial,heat sales - source-side electricity (S1: same owner as the heat user)
S1_hp0.5_tk2_base,base,S1,data_center,heat-sale revenue (transfer from operator),0.0,$/yr,transfer,fence price 88.7 $/MWh
S1_hp0.5_tk2_base,base,S1,data_center,source-side electricity cost,-195472.06628749333,$/yr,financial,
S1_hp0.5_tk2_base,base,S1,heat_users,tariff + connection paid (transfer to operator),-0.0,$/yr,transfer,
S1_hp0.5_tk2_base,base,S1,data_center,cooling reliability,unchanged (H1 pass; towers take 100% in network outage),,non-financial,
S1_hp0.5_tk2_base,base,S1,heat_users,net financial value (all connected buildings),112367.74949693603,$/yr,financial,
S1_hp0.5_tk2_base,base,S1,heat_users,NYCHA bill change per apartment (positive = saving),,$/apt/yr,financial,
S1_hp0.5_tk2_base,base,S1,heat_users,continuity of heat,no unserved heat in all operating modes,,non-financial,
S1_hp0.5_tk2_base,base,S1,network_operator,net financial position,0.0,$/yr,financial,tariff + connection - fence - annualised operator capex - network O&M
S1_hp0.5_tk2_base,base,S1,community,public / ratepayer funding need,0.0,$/yr,financial,"operator shortfall, recovered from ratepayers in the pilot model"
S1_hp0.5_tk2_base,base,S1,community,CO2 avoided,116.86739596477753,tCO2e/yr,non-financial,
S1_hp0.5_tk2_base,base,S1,community,NOx avoided next to the EJ block,0.0,kg/yr,non-financial,
S1_hp0.5_tk2_base,base,S1,community,low-income households served,0.0,households,non-financial,
S1_hp0.5_tk2_base,base,S1,community,winter peak vs all-electric,0.18049805960418838,MW,non-financial,positive = less peak than ASHPs
S1_hp0.5_tk2_base,base,S1,community,"LL97 penalty exposure reduced (commercial, upper bound)",31320.46211856038,$/yr,context,only if those buildings exceed their LL97 limit; not added to savings
S1_hp0.5_tk2_base,base,S1,system,annual savings (resource view),-83104.31679055735,$/yr,financial,= sum of actors (transfers cancel)
S1_hp0.5_tk6_base,base,S1,data_center,net financial value,-195472.06628749333,$/yr,financial,heat sales - source-side electricity (S1: same owner as the heat user)
S1_hp0.5_tk6_base,base,S1,data_center,heat-sale revenue (transfer from operator),0.0,$/yr,transfer,fence price 88.7 $/MWh
S1_hp0.5_tk6_base,base,S1,data_center,source-side electricity cost,-195472.06628749333,$/yr,financial,
S1_hp0.5_tk6_base,base,S1,heat_users,tariff + connection paid (transfer to operator),-0.0,$/yr,transfer,
S1_hp0.5_tk6_base,base,S1,data_center,cooling reliability,unchanged (H1 pass; towers take 100% in network outage),,non-financial,
S1_hp0.5_tk6_base,base,S1,heat_users,net financial value (all connected buildings),112367.74949693603,$/yr,financial,
S1_hp0.5_tk6_base,base,S1,heat_users,NYCHA bill change per apartment (positive = saving),,$/apt/yr,financial,
S1_hp0.5_tk6_base,base,S1,heat_users,continuity of heat,no unserved heat in all operating modes,,non-financial,
S1_hp0.5_tk6_base,base,S1,network_operator,net financial position,0.0,$/yr,financial,tariff + connection - fence - annualised operator capex - network O&M
S1_hp0.5_tk6_base,base,S1,community,public / ratepayer funding need,0.0,$/yr,financial,"operator shortfall, recovered from ratepayers in the pilot model"
S1_hp0.5_tk6_base,base,S1,community,CO2 avoided,116.86739596477753,tCO2e/yr,non-financial,
S1_hp0.5_tk6_base,base,S1,community,NOx avoided next to the EJ block,0.0,kg/yr,non-financial,
S1_hp0.5_tk6_base,base,S1,community,low-income households served,0.0,households,non-financial,
S1_hp0.5_tk6_base,base,S1,community,winter peak vs all-electric,0.18049805960418838,MW,non-financial,positive = less peak than ASHPs
S1_hp0.5_tk6_base,base,S1,community,"LL97 penalty exposure reduced (commercial, upper bound)",31320.46211856038,$/yr,context,only if those buildings exceed their LL97 limit; not added to savings
S1_hp0.5_tk6_base,base,S1,system,annual savings (resource view),-83104.31679055735,$/yr,financial,= sum of actors (transfers cancel)
S1_hp0.75_tk0_base,base,S1,data_center,net financial value,-195472.06628749333,$/yr,financial,heat sales - source-side electricity (S1: same owner as the heat user)
S1_hp0.75_tk0_base,base,S1,data_center,heat-sale revenue (transfer from operator),0.0,$/yr,transfer,fence price 88.7 $/MWh
S1_hp0.75_tk0_base,base,S1,data_center,source-side electricity cost,-195472.06628749333,$/yr,financial,
S1_hp0.75_tk0_base,base,S1,heat_users,tariff + connection paid (transfer to operator),-0.0,$/yr,transfer,
S1_hp0.75_tk0_base,base,S1,data_center,cooling reliability,unchanged (H1 pass; towers take 100% in network outage),,non-financial,
S1_hp0.75_tk0_base,base,S1,heat_users,net financial value (all connected buildings),112367.74949693603,$/yr,financial,
S1_hp0.75_tk0_base,base,S1,heat_users,NYCHA bill change per apartment (positive = saving),,$/apt/yr,financial,
S1_hp0.75_tk0_base,base,S1,heat_users,continuity of heat,no unserved heat in all operating modes,,non-financial,
S1_hp0.75_tk0_base,base,S1,network_operator,net financial position,0.0,$/yr,financial,tariff + connection - fence - annualised operator capex - network O&M
S1_hp0.75_tk0_base,base,S1,community,public / ratepayer funding need,0.0,$/yr,financial,"operator shortfall, recovered from ratepayers in the pilot model"
S1_hp0.75_tk0_base,base,S1,community,CO2 avoided,116.86739596477753,tCO2e/yr,non-financial,
S1_hp0.75_tk0_base,base,S1,community,NOx avoided next to the EJ block,0.0,kg/yr,non-financial,
S1_hp0.75_tk0_base,base,S1,community,low-income households served,0.0,households,non-financial,
S1_hp0.75_tk0_base,base,S1,community,winter peak vs all-electric,0.18049805960418838,MW,non-financial,positive = less peak than ASHPs
S1_hp0.75_tk0_base,base,S1,community,"LL97 penalty exposure reduced (commercial, upper bound)",31320.46211856038,$/yr,context,only if those buildings exceed their LL97 limit; not added to savings
S1_hp0.75_tk0_base,base,S1,system,annual savings (resource view),-83104.31679055735,$/yr,financial,= sum of actors (transfers cancel)
S1_hp0.75_tk2_base,base,S1,data_center,net financial value,-195472.06628749333,$/yr,financial,heat sales - source-side electricity (S1: same owner as the heat user)
S1_hp0.75_tk2_base,base,S1,data_center,heat-sale revenue (transfer from operator),0.0,$/yr,transfer,fence price 88.7 $/MWh
S1_hp0.75_tk2_base,base,S1,data_center,source-side electricity cost,-195472.06628749333,$/yr,financial,
S1_hp0.75_tk2_base,base,S1,heat_users,tariff + connection paid (transfer to operator),-0.0,$/yr,transfer,
S1_hp0.75_tk2_base,base,S1,data_center,cooling reliability,unchanged (H1 pass; towers take 100% in network outage),,non-financial,
S1_hp0.75_tk2_base,base,S1,heat_users,net financial value (all connected buildings),112367.74949693603,$/yr,financial,
S1_hp0.75_tk2_base,base,S1,heat_users,NYCHA bill change per apartment (positive = saving),,$/apt/yr,financial,
S1_hp0.75_tk2_base,base,S1,heat_users,continuity of heat,no unserved heat in all operating modes,,non-financial,
S1_hp0.75_tk2_base,base,S1,network_operator,net financial position,0.0,$/yr,financial,tariff + connection - fence - annualised operator capex - network O&M
S1_hp0.75_tk2_base,base,S1,community,public / ratepayer funding need,0.0,$/yr,financial,"operator shortfall, recovered from ratepayers in the pilot model"
S1_hp0.75_tk2_base,base,S1,community,CO2 avoided,116.86739596477753,tCO2e/yr,non-financial,
S1_hp0.75_tk2_base,base,S1,community,NOx avoided next to the EJ block,0.0,kg/yr,non-financial,
S1_hp0.75_tk2_base,base,S1,community,low-income households served,0.0,households,non-financial,
S1_hp0.75_tk2_base,base,S1,community,winter peak vs all-electric,0.18049805960418838,MW,non-financial,positive = less peak than ASHPs
S1_hp0.75_tk2_base,base,S1,community,"LL97 penalty exposure reduced (commercial, upper bound)",31320.46211856038,$/yr,context,only if those buildings exceed their LL97 limit; not added to savings
S1_hp0.75_tk2_base,base,S1,system,annual savings (resource view),-83104.31679055735,$/yr,financial,= sum of actors (transfers cancel)
S1_hp0.75_tk6_base,base,S1,data_center,net financial value,-195472.06628749333,$/yr,financial,heat sales - source-side electricity (S1: same owner as the heat user)
S1_hp0.75_tk6_base,base,S1,data_center,heat-sale revenue (transfer from operator),0.0,$/yr,transfer,fence price 88.7 $/MWh
S1_hp0.75_tk6_base,base,S1,data_center,source-side electricity cost,-195472.06628749333,$/yr,financial,
S1_hp0.75_tk6_base,base,S1,heat_users,tariff + connection paid (transfer to operator),-0.0,$/yr,transfer,
S1_hp0.75_tk6_base,base,S1,data_center,cooling reliability,unchanged (H1 pass; towers take 100% in network outage),,non-financial,
S1_hp0.75_tk6_base,base,S1,heat_users,net financial value (all connected buildings),112367.74949693603,$/yr,financial,
S1_hp0.75_tk6_base,base,S1,heat_users,NYCHA bill change per apartment (positive = saving),,$/apt/yr,financial,
S1_hp0.75_tk6_base,base,S1,heat_users,continuity of heat,no unserved heat in all operating modes,,non-financial,
S1_hp0.75_tk6_base,base,S1,network_operator,net financial position,0.0,$/yr,financial,tariff + connection - fence - annualised operator capex - network O&M
S1_hp0.75_tk6_base,base,S1,community,public / ratepayer funding need,0.0,$/yr,financial,"operator shortfall, recovered from ratepayers in the pilot model"
S1_hp0.75_tk6_base,base,S1,community,CO2 avoided,116.86739596477753,tCO2e/yr,non-financial,
S1_hp0.75_tk6_base,base,S1,community,NOx avoided next to the EJ block,0.0,kg/yr,non-financial,
S1_hp0.75_tk6_base,base,S1,community,low-income households served,0.0,households,non-financial,
S1_hp0.75_tk6_base,base,S1,community,winter peak vs all-electric,0.18049805960418838,MW,non-financial,positive = less peak than ASHPs
S1_hp0.75_tk6_base,base,S1,community,"LL97 penalty exposure reduced (commercial, upper bound)",31320.46211856038,$/yr,context,only if those buildings exceed their LL97 limit; not added to savings
S1_hp0.75_tk6_base,base,S1,system,annual savings (resource view),-83104.31679055735,$/yr,financial,= sum of actors (transfers cancel)
S1_hp1_tk0_base,base,S1,data_center,net financial value,-195472.06628749333,$/yr,financial,heat sales - source-side electricity (S1: same owner as the heat user)
S1_hp1_tk0_base,base,S1,data_center,heat-sale revenue (transfer from operator),0.0,$/yr,transfer,fence price 88.7 $/MWh
S1_hp1_tk0_base,base,S1,data_center,source-side electricity cost,-195472.06628749333,$/yr,financial,
S1_hp1_tk0_base,base,S1,heat_users,tariff + connection paid (transfer to operator),-0.0,$/yr,transfer,
S1_hp1_tk0_base,base,S1,data_center,cooling reliability,unchanged (H1 pass; towers take 100% in network outage),,non-financial,
S1_hp1_tk0_base,base,S1,heat_users,net financial value (all connected buildings),112367.74949693603,$/yr,financial,
S1_hp1_tk0_base,base,S1,heat_users,NYCHA bill change per apartment (positive = saving),,$/apt/yr,financial,
S1_hp1_tk0_base,base,S1,heat_users,continuity of heat,no unserved heat in all operating modes,,non-financial,
S1_hp1_tk0_base,base,S1,network_operator,net financial position,0.0,$/yr,financial,tariff + connection - fence - annualised operator capex - network O&M
S1_hp1_tk0_base,base,S1,community,public / ratepayer funding need,0.0,$/yr,financial,"operator shortfall, recovered from ratepayers in the pilot model"
S1_hp1_tk0_base,base,S1,community,CO2 avoided,116.86739596477753,tCO2e/yr,non-financial,
S1_hp1_tk0_base,base,S1,community,NOx avoided next to the EJ block,0.0,kg/yr,non-financial,
S1_hp1_tk0_base,base,S1,community,low-income households served,0.0,households,non-financial,
S1_hp1_tk0_base,base,S1,community,winter peak vs all-electric,0.18049805960418838,MW,non-financial,positive = less peak than ASHPs
S1_hp1_tk0_base,base,S1,community,"LL97 penalty exposure reduced (commercial, upper bound)",31320.46211856038,$/yr,context,only if those buildings exceed their LL97 limit; not added to savings
S1_hp1_tk0_base,base,S1,system,annual savings (resource view),-83104.31679055735,$/yr,financial,= sum of actors (transfers cancel)
S1_hp1_tk2_base,base,S1,data_center,net financial value,-195472.06628749333,$/yr,financial,heat sales - source-side electricity (S1: same owner as the heat user)
S1_hp1_tk2_base,base,S1,data_center,heat-sale revenue (transfer from operator),0.0,$/yr,transfer,fence price 88.7 $/MWh
S1_hp1_tk2_base,base,S1,data_center,source-side electricity cost,-195472.06628749333,$/yr,financial,
S1_hp1_tk2_base,base,S1,heat_users,tariff + connection paid (transfer to operator),-0.0,$/yr,transfer,
S1_hp1_tk2_base,base,S1,data_center,cooling reliability,unchanged (H1 pass; towers take 100% in network outage),,non-financial,
S1_hp1_tk2_base,base,S1,heat_users,net financial value (all connected buildings),112367.74949693603,$/yr,financial,
S1_hp1_tk2_base,base,S1,heat_users,NYCHA bill change per apartment (positive = saving),,$/apt/yr,financial,
S1_hp1_tk2_base,base,S1,heat_users,continuity of heat,no unserved heat in all operating modes,,non-financial,
S1_hp1_tk2_base,base,S1,network_operator,net financial position,0.0,$/yr,financial,tariff + connection - fence - annualised operator capex - network O&M
S1_hp1_tk2_base,base,S1,community,public / ratepayer funding need,0.0,$/yr,financial,"operator shortfall, recovered from ratepayers in the pilot model"
S1_hp1_tk2_base,base,S1,community,CO2 avoided,116.86739596477753,tCO2e/yr,non-financial,
S1_hp1_tk2_base,base,S1,community,NOx avoided next to the EJ block,0.0,kg/yr,non-financial,
S1_hp1_tk2_base,base,S1,community,low-income households served,0.0,households,non-financial,
S1_hp1_tk2_base,base,S1,community,winter peak vs all-electric,0.18049805960418838,MW,non-financial,positive = less peak than ASHPs
S1_hp1_tk2_base,base,S1,community,"LL97 penalty exposure reduced (commercial, upper bound)",31320.46211856038,$/yr,context,only if those buildings exceed their LL97 limit; not added to savings
S1_hp1_tk2_base,base,S1,system,annual savings (resource view),-83104.31679055735,$/yr,financial,= sum of actors (transfers cancel)
S1_hp1_tk6_base,base,S1,data_center,net financial value,-195472.06628749333,$/yr,financial,heat sales - source-side electricity (S1: same owner as the heat user)
S1_hp1_tk6_base,base,S1,data_center,heat-sale revenue (transfer from operator),0.0,$/yr,transfer,fence price 88.7 $/MWh
S1_hp1_tk6_base,base,S1,data_center,source-side electricity cost,-195472.06628749333,$/yr,financial,
S1_hp1_tk6_base,base,S1,heat_users,tariff + connection paid (transfer to operator),-0.0,$/yr,transfer,
S1_hp1_tk6_base,base,S1,data_center,cooling reliability,unchanged (H1 pass; towers take 100% in network outage),,non-financial,
S1_hp1_tk6_base,base,S1,heat_users,net financial value (all connected buildings),112367.74949693603,$/yr,financial,
S1_hp1_tk6_base,base,S1,heat_users,NYCHA bill change per apartment (positive = saving),,$/apt/yr,financial,
S1_hp1_tk6_base,base,S1,heat_users,continuity of heat,no unserved heat in all operating modes,,non-financial,
S1_hp1_tk6_base,base,S1,network_operator,net financial position,0.0,$/yr,financial,tariff + connection - fence - annualised operator capex - network O&M
S1_hp1_tk6_base,base,S1,community,public / ratepayer funding need,0.0,$/yr,financial,"operator shortfall, recovered from ratepayers in the pilot model"
S1_hp1_tk6_base,base,S1,community,CO2 avoided,116.86739596477753,tCO2e/yr,non-financial,
S1_hp1_tk6_base,base,S1,community,NOx avoided next to the EJ block,0.0,kg/yr,non-financial,
S1_hp1_tk6_base,base,S1,community,low-income households served,0.0,households,non-financial,
S1_hp1_tk6_base,base,S1,community,winter peak vs all-electric,0.18049805960418838,MW,non-financial,positive = less peak than ASHPs
S1_hp1_tk6_base,base,S1,community,"LL97 penalty exposure reduced (commercial, upper bound)",31320.46211856038,$/yr,context,only if those buildings exceed their LL97 limit; not added to savings
S1_hp1_tk6_base,base,S1,system,annual savings (resource view),-83104.31679055735,$/yr,financial,= sum of actors (transfers cancel)
S1_hp0.75_tk0_A01_low,base,S1,data_center,net financial value,-195472.06628749333,$/yr,financial,heat sales - source-side electricity (S1: same owner as the heat user)
S1_hp0.75_tk0_A01_low,base,S1,data_center,heat-sale revenue (transfer from operator),0.0,$/yr,transfer,fence price 88.7 $/MWh
S1_hp0.75_tk0_A01_low,base,S1,data_center,source-side electricity cost,-195472.06628749333,$/yr,financial,
S1_hp0.75_tk0_A01_low,base,S1,heat_users,tariff + connection paid (transfer to operator),-0.0,$/yr,transfer,
S1_hp0.75_tk0_A01_low,base,S1,data_center,cooling reliability,unchanged (H1 pass; towers take 100% in network outage),,non-financial,
S1_hp0.75_tk0_A01_low,base,S1,heat_users,net financial value (all connected buildings),112367.74949693603,$/yr,financial,
S1_hp0.75_tk0_A01_low,base,S1,heat_users,NYCHA bill change per apartment (positive = saving),,$/apt/yr,financial,
S1_hp0.75_tk0_A01_low,base,S1,heat_users,continuity of heat,no unserved heat in all operating modes,,non-financial,
S1_hp0.75_tk0_A01_low,base,S1,network_operator,net financial position,0.0,$/yr,financial,tariff + connection - fence - annualised operator capex - network O&M
S1_hp0.75_tk0_A01_low,base,S1,community,public / ratepayer funding need,0.0,$/yr,financial,"operator shortfall, recovered from ratepayers in the pilot model"
S1_hp0.75_tk0_A01_low,base,S1,community,CO2 avoided,116.86739596477753,tCO2e/yr,non-financial,
S1_hp0.75_tk0_A01_low,base,S1,community,NOx avoided next to the EJ block,0.0,kg/yr,non-financial,
S1_hp0.75_tk0_A01_low,base,S1,community,low-income households served,0.0,households,non-financial,
S1_hp0.75_tk0_A01_low,base,S1,community,winter peak vs all-electric,0.18049805960418838,MW,non-financial,positive = less peak than ASHPs
S1_hp0.75_tk0_A01_low,base,S1,community,"LL97 penalty exposure reduced (commercial, upper bound)",31320.46211856038,$/yr,context,only if those buildings exceed their LL97 limit; not added to savings
S1_hp0.75_tk0_A01_low,base,S1,system,annual savings (resource view),-83104.31679055735,$/yr,financial,= sum of actors (transfers cancel)
S1_hp0.75_tk0_A01_high,base,S1,data_center,net financial value,-195472.06628749333,$/yr,financial,heat sales - source-side electricity (S1: same owner as the heat user)
S1_hp0.75_tk0_A01_high,base,S1,data_center,heat-sale revenue (transfer from operator),0.0,$/yr,transfer,fence price 88.7 $/MWh
S1_hp0.75_tk0_A01_high,base,S1,data_center,source-side electricity cost,-195472.06628749333,$/yr,financial,
S1_hp0.75_tk0_A01_high,base,S1,heat_users,tariff + connection paid (transfer to operator),-0.0,$/yr,transfer,
S1_hp0.75_tk0_A01_high,base,S1,data_center,cooling reliability,unchanged (H1 pass; towers take 100% in network outage),,non-financial,
S1_hp0.75_tk0_A01_high,base,S1,heat_users,net financial value (all connected buildings),112367.74949693603,$/yr,financial,
S1_hp0.75_tk0_A01_high,base,S1,heat_users,NYCHA bill change per apartment (positive = saving),,$/apt/yr,financial,
S1_hp0.75_tk0_A01_high,base,S1,heat_users,continuity of heat,no unserved heat in all operating modes,,non-financial,
S1_hp0.75_tk0_A01_high,base,S1,network_operator,net financial position,0.0,$/yr,financial,tariff + connection - fence - annualised operator capex - network O&M
S1_hp0.75_tk0_A01_high,base,S1,community,public / ratepayer funding need,0.0,$/yr,financial,"operator shortfall, recovered from ratepayers in the pilot model"
S1_hp0.75_tk0_A01_high,base,S1,community,CO2 avoided,116.86739596477753,tCO2e/yr,non-financial,
S1_hp0.75_tk0_A01_high,base,S1,community,NOx avoided next to the EJ block,0.0,kg/yr,non-financial,
S1_hp0.75_tk0_A01_high,base,S1,community,low-income households served,0.0,households,non-financial,
S1_hp0.75_tk0_A01_high,base,S1,community,winter peak vs all-electric,0.18049805960418838,MW,non-financial,positive = less peak than ASHPs
S1_hp0.75_tk0_A01_high,base,S1,community,"LL97 penalty exposure reduced (commercial, upper bound)",31320.46211856038,$/yr,context,only if those buildings exceed their LL97 limit; not added to savings
S1_hp0.75_tk0_A01_high,base,S1,system,annual savings (resource view),-83104.31679055735,$/yr,financial,= sum of actors (transfers cancel)
S1_hp0.75_tk0_A02_low,base,S1,data_center,net financial value,-189896.04518912666,$/yr,financial,heat sales - source-side electricity (S1: same owner as the heat user)
S1_hp0.75_tk0_A02_low,base,S1,data_center,heat-sale revenue (transfer from operator),0.0,$/yr,transfer,fence price 88.7 $/MWh
S1_hp0.75_tk0_A02_low,base,S1,data_center,source-side electricity cost,-189896.04518912666,$/yr,financial,
S1_hp0.75_tk0_A02_low,base,S1,heat_users,tariff + connection paid (transfer to operator),-0.0,$/yr,transfer,
S1_hp0.75_tk0_A02_low,base,S1,data_center,cooling reliability,unchanged (H1 pass; towers take 100% in network outage),,non-financial,
S1_hp0.75_tk0_A02_low,base,S1,heat_users,net financial value (all connected buildings),98768.5833063388,$/yr,financial,
S1_hp0.75_tk0_A02_low,base,S1,heat_users,NYCHA bill change per apartment (positive = saving),,$/apt/yr,financial,
S1_hp0.75_tk0_A02_low,base,S1,heat_users,continuity of heat,no unserved heat in all operating modes,,non-financial,
S1_hp0.75_tk0_A02_low,base,S1,network_operator,net financial position,0.0,$/yr,financial,tariff + connection - fence - annualised operator capex - network O&M
S1_hp0.75_tk0_A02_low,base,S1,community,public / ratepayer funding need,0.0,$/yr,financial,"operator shortfall, recovered from ratepayers in the pilot model"
S1_hp0.75_tk0_A02_low,base,S1,community,CO2 avoided,104.34896743468937,tCO2e/yr,non-financial,
S1_hp0.75_tk0_A02_low,base,S1,community,NOx avoided next to the EJ block,0.0,kg/yr,non-financial,
S1_hp0.75_tk0_A02_low,base,S1,community,low-income households served,0.0,households,non-financial,
S1_hp0.75_tk0_A02_low,base,S1,community,winter peak vs all-electric,0.18049805960418838,MW,non-financial,positive = less peak than ASHPs
S1_hp0.75_tk0_A02_low,base,S1,community,"LL97 penalty exposure reduced (commercial, upper bound)",27965.52327249675,$/yr,context,only if those buildings exceed their LL97 limit; not added to savings
S1_hp0.75_tk0_A02_low,base,S1,system,annual savings (resource view),-91127.46188278787,$/yr,financial,= sum of actors (transfers cancel)
S1_hp0.75_tk0_A02_high,base,S1,data_center,net financial value,-204765.43478477115,$/yr,financial,heat sales - source-side electricity (S1: same owner as the heat user)
S1_hp0.75_tk0_A02_high,base,S1,data_center,heat-sale revenue (transfer from operator),0.0,$/yr,transfer,fence price 88.7 $/MWh
S1_hp0.75_tk0_A02_high,base,S1,data_center,source-side electricity cost,-204765.43478477115,$/yr,financial,
S1_hp0.75_tk0_A02_high,base,S1,heat_users,tariff + connection paid (transfer to operator),-0.0,$/yr,transfer,
S1_hp0.75_tk0_A02_high,base,S1,data_center,cooling reliability,unchanged (H1 pass; towers take 100% in network outage),,non-financial,
S1_hp0.75_tk0_A02_high,base,S1,heat_users,net financial value (all connected buildings),135033.02648126474,$/yr,financial,
S1_hp0.75_tk0_A02_high,base,S1,heat_users,NYCHA bill change per apartment (positive = saving),,$/apt/yr,financial,
S1_hp0.75_tk0_A02_high,base,S1,heat_users,continuity of heat,no unserved heat in all operating modes,,non-financial,
S1_hp0.75_tk0_A02_high,base,S1,network_operator,net financial position,0.0,$/yr,financial,tariff + connection - fence - annualised operator capex - network O&M
S1_hp0.75_tk0_A02_high,base,S1,community,public / ratepayer funding need,0.0,$/yr,financial,"operator shortfall, recovered from ratepayers in the pilot model"
S1_hp0.75_tk0_A02_high,base,S1,community,CO2 avoided,137.73144351492465,tCO2e/yr,non-financial,
S1_hp0.75_tk0_A02_high,base,S1,community,NOx avoided next to the EJ block,0.0,kg/yr,non-financial,
S1_hp0.75_tk0_A02_high,base,S1,community,low-income households served,0.0,households,non-financial,
S1_hp0.75_tk0_A02_high,base,S1,community,winter peak vs all-electric,0.18049805960418838,MW,non-financial,positive = less peak than ASHPs
S1_hp0.75_tk0_A02_high,base,S1,community,"LL97 penalty exposure reduced (commercial, upper bound)",36912.02686199981,$/yr,context,only if those buildings exceed their LL97 limit; not added to savings
S1_hp0.75_tk0_A02_high,base,S1,system,annual savings (resource view),-69732.40830350644,$/yr,financial,= sum of actors (transfers cancel)
S1_hp0.75_tk0_A03_low,base,S1,data_center,net financial value,-195472.06628749333,$/yr,financial,heat sales - source-side electricity (S1: same owner as the heat user)
S1_hp0.75_tk0_A03_low,base,S1,data_center,heat-sale revenue (transfer from operator),0.0,$/yr,transfer,fence price 88.7 $/MWh
S1_hp0.75_tk0_A03_low,base,S1,data_center,source-side electricity cost,-195472.06628749333,$/yr,financial,
S1_hp0.75_tk0_A03_low,base,S1,heat_users,tariff + connection paid (transfer to operator),-0.0,$/yr,transfer,
S1_hp0.75_tk0_A03_low,base,S1,data_center,cooling reliability,unchanged (H1 pass; towers take 100% in network outage),,non-financial,
S1_hp0.75_tk0_A03_low,base,S1,heat_users,net financial value (all connected buildings),112367.74949693603,$/yr,financial,
S1_hp0.75_tk0_A03_low,base,S1,heat_users,NYCHA bill change per apartment (positive = saving),,$/apt/yr,financial,
S1_hp0.75_tk0_A03_low,base,S1,heat_users,continuity of heat,no unserved heat in all operating modes,,non-financial,
S1_hp0.75_tk0_A03_low,base,S1,network_operator,net financial position,0.0,$/yr,financial,tariff + connection - fence - annualised operator capex - network O&M
S1_hp0.75_tk0_A03_low,base,S1,community,public / ratepayer funding need,0.0,$/yr,financial,"operator shortfall, recovered from ratepayers in the pilot model"
S1_hp0.75_tk0_A03_low,base,S1,community,CO2 avoided,116.86739596477753,tCO2e/yr,non-financial,
S1_hp0.75_tk0_A03_low,base,S1,community,NOx avoided next to the EJ block,0.0,kg/yr,non-financial,
S1_hp0.75_tk0_A03_low,base,S1,community,low-income households served,0.0,households,non-financial,
S1_hp0.75_tk0_A03_low,base,S1,community,winter peak vs all-electric,0.18049805960418838,MW,non-financial,positive = less peak than ASHPs
S1_hp0.75_tk0_A03_low,base,S1,community,"LL97 penalty exposure reduced (commercial, upper bound)",31320.46211856038,$/yr,context,only if those buildings exceed their LL97 limit; not added to savings
S1_hp0.75_tk0_A03_low,base,S1,system,annual savings (resource view),-83104.31679055735,$/yr,financial,= sum of actors (transfers cancel)
S1_hp0.75_tk0_A03_high,base,S1,data_center,net financial value,-195472.06628749333,$/yr,financial,heat sales - source-side electricity (S1: same owner as the heat user)
S1_hp0.75_tk0_A03_high,base,S1,data_center,heat-sale revenue (transfer from operator),0.0,$/yr,transfer,fence price 88.7 $/MWh
S1_hp0.75_tk0_A03_high,base,S1,data_center,source-side electricity cost,-195472.06628749333,$/yr,financial,
S1_hp0.75_tk0_A03_high,base,S1,heat_users,tariff + connection paid (transfer to operator),-0.0,$/yr,transfer,
S1_hp0.75_tk0_A03_high,base,S1,data_center,cooling reliability,unchanged (H1 pass; towers take 100% in network outage),,non-financial,
S1_hp0.75_tk0_A03_high,base,S1,heat_users,net financial value (all connected buildings),112367.74949693603,$/yr,financial,
S1_hp0.75_tk0_A03_high,base,S1,heat_users,NYCHA bill change per apartment (positive = saving),,$/apt/yr,financial,
S1_hp0.75_tk0_A03_high,base,S1,heat_users,continuity of heat,no unserved heat in all operating modes,,non-financial,
S1_hp0.75_tk0_A03_high,base,S1,network_operator,net financial position,0.0,$/yr,financial,tariff + connection - fence - annualised operator capex - network O&M
S1_hp0.75_tk0_A03_high,base,S1,community,public / ratepayer funding need,0.0,$/yr,financial,"operator shortfall, recovered from ratepayers in the pilot model"
S1_hp0.75_tk0_A03_high,base,S1,community,CO2 avoided,116.86739596477753,tCO2e/yr,non-financial,
S1_hp0.75_tk0_A03_high,base,S1,community,NOx avoided next to the EJ block,0.0,kg/yr,non-financial,
S1_hp0.75_tk0_A03_high,base,S1,community,low-income households served,0.0,households,non-financial,
S1_hp0.75_tk0_A03_high,base,S1,community,winter peak vs all-electric,0.18049805960418838,MW,non-financial,positive = less peak than ASHPs
S1_hp0.75_tk0_A03_high,base,S1,community,"LL97 penalty exposure reduced (commercial, upper bound)",31320.46211856038,$/yr,context,only if those buildings exceed their LL97 limit; not added to savings
S1_hp0.75_tk0_A03_high,base,S1,system,annual savings (resource view),-83104.31679055735,$/yr,financial,= sum of actors (transfers cancel)
S1_hp0.75_tk0_A04_low,base,S1,data_center,net financial value,-177701.87844317578,$/yr,financial,heat sales - source-side electricity (S1: same owner as the heat user)
S1_hp0.75_tk0_A04_low,base,S1,data_center,heat-sale revenue (transfer from operator),0.0,$/yr,transfer,fence price 88.7 $/MWh
S1_hp0.75_tk0_A04_low,base,S1,data_center,source-side electricity cost,-177701.87844317578,$/yr,financial,
S1_hp0.75_tk0_A04_low,base,S1,heat_users,tariff + connection paid (transfer to operator),-0.0,$/yr,transfer,
S1_hp0.75_tk0_A04_low,base,S1,data_center,cooling reliability,unchanged (H1 pass; towers take 100% in network outage),,non-financial,
S1_hp0.75_tk0_A04_low,base,S1,heat_users,net financial value (all connected buildings),146245.91165911005,$/yr,financial,
S1_hp0.75_tk0_A04_low,base,S1,heat_users,NYCHA bill change per apartment (positive = saving),,$/apt/yr,financial,
S1_hp0.75_tk0_A04_low,base,S1,heat_users,continuity of heat,no unserved heat in all operating modes,,non-financial,
S1_hp0.75_tk0_A04_low,base,S1,network_operator,net financial position,0.0,$/yr,financial,tariff + connection - fence - annualised operator capex - network O&M
S1_hp0.75_tk0_A04_low,base,S1,community,public / ratepayer funding need,0.0,$/yr,financial,"operator shortfall, recovered from ratepayers in the pilot model"
S1_hp0.75_tk0_A04_low,base,S1,community,CO2 avoided,169.0758455388326,tCO2e/yr,non-financial,
S1_hp0.75_tk0_A04_low,base,S1,community,NOx avoided next to the EJ block,0.0,kg/yr,non-financial,
S1_hp0.75_tk0_A04_low,base,S1,community,low-income households served,0.0,households,non-financial,
S1_hp0.75_tk0_A04_low,base,S1,community,winter peak vs all-electric,0.16408914509471667,MW,non-financial,positive = less peak than ASHPs
S1_hp0.75_tk0_A04_low,base,S1,community,"LL97 penalty exposure reduced (commercial, upper bound)",45312.326604407135,$/yr,context,only if those buildings exceed their LL97 limit; not added to savings
S1_hp0.75_tk0_A04_low,base,S1,system,annual savings (resource view),-31455.966784065706,$/yr,financial,= sum of actors (transfers cancel)
S1_hp0.75_tk0_A04_high,base,S1,data_center,net financial value,-215780.85239528486,$/yr,financial,heat sales - source-side electricity (S1: same owner as the heat user)
S1_hp0.75_tk0_A04_high,base,S1,data_center,heat-sale revenue (transfer from operator),0.0,$/yr,transfer,fence price 88.7 $/MWh
S1_hp0.75_tk0_A04_high,base,S1,data_center,source-side electricity cost,-215780.85239528486,$/yr,financial,
S1_hp0.75_tk0_A04_high,base,S1,heat_users,tariff + connection paid (transfer to operator),-0.0,$/yr,transfer,
S1_hp0.75_tk0_A04_high,base,S1,data_center,cooling reliability,unchanged (H1 pass; towers take 100% in network outage),,non-financial,
S1_hp0.75_tk0_A04_high,base,S1,heat_users,net financial value (all connected buildings),73649.84988302292,$/yr,financial,
S1_hp0.75_tk0_A04_high,base,S1,heat_users,NYCHA bill change per apartment (positive = saving),,$/apt/yr,financial,
S1_hp0.75_tk0_A04_high,base,S1,heat_users,continuity of heat,no unserved heat in all operating modes,,non-financial,
S1_hp0.75_tk0_A04_high,base,S1,network_operator,net financial position,0.0,$/yr,financial,tariff + connection - fence - annualised operator capex - network O&M
S1_hp0.75_tk0_A04_high,base,S1,community,public / ratepayer funding need,0.0,$/yr,financial,"operator shortfall, recovered from ratepayers in the pilot model"
S1_hp0.75_tk0_A04_high,base,S1,community,CO2 avoided,57.20059645157187,tCO2e/yr,non-financial,
S1_hp0.75_tk0_A04_high,base,S1,community,NOx avoided next to the EJ block,0.0,kg/yr,non-financial,
S1_hp0.75_tk0_A04_high,base,S1,community,low-income households served,0.0,households,non-financial,
S1_hp0.75_tk0_A04_high,base,S1,community,winter peak vs all-electric,0.1992511047578703,MW,non-financial,positive = less peak than ASHPs
S1_hp0.75_tk0_A04_high,base,S1,community,"LL97 penalty exposure reduced (commercial, upper bound)",15329.75984902126,$/yr,context,only if those buildings exceed their LL97 limit; not added to savings
S1_hp0.75_tk0_A04_high,base,S1,system,annual savings (resource view),-142131.00251226185,$/yr,financial,= sum of actors (transfers cancel)
S1_hp0.75_tk0_A10_low,base,S1,data_center,net financial value,-184552.35830319187,$/yr,financial,heat sales - source-side electricity (S1: same owner as the heat user)
S1_hp0.75_tk0_A10_low,base,S1,data_center,heat-sale revenue (transfer from operator),0.0,$/yr,transfer,fence price 88.7 $/MWh
S1_hp0.75_tk0_A10_low,base,S1,data_center,source-side electricity cost,-184552.35830319187,$/yr,financial,
S1_hp0.75_tk0_A10_low,base,S1,heat_users,tariff + connection paid (transfer to operator),-0.0,$/yr,transfer,
S1_hp0.75_tk0_A10_low,base,S1,data_center,cooling reliability,unchanged (H1 pass; towers take 100% in network outage),,non-financial,
S1_hp0.75_tk0_A10_low,base,S1,heat_users,net financial value (all connected buildings),85736.04904034978,$/yr,financial,
S1_hp0.75_tk0_A10_low,base,S1,heat_users,NYCHA bill change per apartment (positive = saving),,$/apt/yr,financial,
S1_hp0.75_tk0_A10_low,base,S1,heat_users,continuity of heat,no unserved heat in all operating modes,,non-financial,
S1_hp0.75_tk0_A10_low,base,S1,network_operator,net financial position,0.0,$/yr,financial,tariff + connection - fence - annualised operator capex - network O&M
S1_hp0.75_tk0_A10_low,base,S1,community,public / ratepayer funding need,0.0,$/yr,financial,"operator shortfall, recovered from ratepayers in the pilot model"
S1_hp0.75_tk0_A10_low,base,S1,community,CO2 avoided,92.35214009335459,tCO2e/yr,non-financial,
S1_hp0.75_tk0_A10_low,base,S1,community,NOx avoided next to the EJ block,0.0,kg/yr,non-financial,
S1_hp0.75_tk0_A10_low,base,S1,community,low-income households served,0.0,households,non-financial,
S1_hp0.75_tk0_A10_low,base,S1,community,winter peak vs all-electric,0.18049805960418838,MW,non-financial,positive = less peak than ASHPs
S1_hp0.75_tk0_A10_low,base,S1,community,"LL97 penalty exposure reduced (commercial, upper bound)",24750.37354501903,$/yr,context,only if those buildings exceed their LL97 limit; not added to savings
S1_hp0.75_tk0_A10_low,base,S1,system,annual savings (resource view),-98816.30926284206,$/yr,financial,= sum of actors (transfers cancel)
S1_hp0.75_tk0_A10_high,base,S1,data_center,net financial value,-204207.83267493456,$/yr,financial,heat sales - source-side electricity (S1: same owner as the heat user)
S1_hp0.75_tk0_A10_high,base,S1,data_center,heat-sale revenue (transfer from operator),0.0,$/yr,transfer,fence price 88.7 $/MWh
S1_hp0.75_tk0_A10_high,base,S1,data_center,source-side electricity cost,-204207.83267493456,$/yr,financial,
S1_hp0.75_tk0_A10_high,base,S1,heat_users,tariff + connection paid (transfer to operator),-0.0,$/yr,transfer,
S1_hp0.75_tk0_A10_high,base,S1,data_center,cooling reliability,unchanged (H1 pass; towers take 100% in network outage),,non-financial,
S1_hp0.75_tk0_A10_high,base,S1,heat_users,net financial value (all connected buildings),133673.10986220502,$/yr,financial,
S1_hp0.75_tk0_A10_high,base,S1,heat_users,NYCHA bill change per apartment (positive = saving),,$/apt/yr,financial,
S1_hp0.75_tk0_A10_high,base,S1,heat_users,continuity of heat,no unserved heat in all operating modes,,non-financial,
S1_hp0.75_tk0_A10_high,base,S1,network_operator,net financial position,0.0,$/yr,financial,tariff + connection - fence - annualised operator capex - network O&M
S1_hp0.75_tk0_A10_high,base,S1,community,public / ratepayer funding need,0.0,$/yr,financial,"operator shortfall, recovered from ratepayers in the pilot model"
S1_hp0.75_tk0_A10_high,base,S1,community,CO2 avoided,136.4796006619157,tCO2e/yr,non-financial,
S1_hp0.75_tk0_A10_high,base,S1,community,NOx avoided next to the EJ block,0.0,kg/yr,non-financial,
S1_hp0.75_tk0_A10_high,base,S1,community,low-income households served,0.0,households,non-financial,
S1_hp0.75_tk0_A10_high,base,S1,community,winter peak vs all-electric,0.18049805960418838,MW,non-financial,positive = less peak than ASHPs
S1_hp0.75_tk0_A10_high,base,S1,community,"LL97 penalty exposure reduced (commercial, upper bound)",36576.532977393406,$/yr,context,only if those buildings exceed their LL97 limit; not added to savings
S1_hp0.75_tk0_A10_high,base,S1,system,annual savings (resource view),-70534.72281272954,$/yr,financial,= sum of actors (transfers cancel)
S1_hp0.75_tk0_A11_low,base,S1,data_center,net financial value,-195472.06628749333,$/yr,financial,heat sales - source-side electricity (S1: same owner as the heat user)
S1_hp0.75_tk0_A11_low,base,S1,data_center,heat-sale revenue (transfer from operator),0.0,$/yr,transfer,fence price 88.7 $/MWh
S1_hp0.75_tk0_A11_low,base,S1,data_center,source-side electricity cost,-195472.06628749333,$/yr,financial,
S1_hp0.75_tk0_A11_low,base,S1,heat_users,tariff + connection paid (transfer to operator),-0.0,$/yr,transfer,
S1_hp0.75_tk0_A11_low,base,S1,data_center,cooling reliability,unchanged (H1 pass; towers take 100% in network outage),,non-financial,
S1_hp0.75_tk0_A11_low,base,S1,heat_users,net financial value (all connected buildings),116221.01557543613,$/yr,financial,
S1_hp0.75_tk0_A11_low,base,S1,heat_users,NYCHA bill change per apartment (positive = saving),,$/apt/yr,financial,
S1_hp0.75_tk0_A11_low,base,S1,heat_users,continuity of heat,no unserved heat in all operating modes,,non-financial,
S1_hp0.75_tk0_A11_low,base,S1,network_operator,net financial position,0.0,$/yr,financial,tariff + connection - fence - annualised operator capex - network O&M
S1_hp0.75_tk0_A11_low,base,S1,community,public / ratepayer funding need,0.0,$/yr,financial,"operator shortfall, recovered from ratepayers in the pilot model"
S1_hp0.75_tk0_A11_low,base,S1,community,CO2 avoided,121.88292512052328,tCO2e/yr,non-financial,
S1_hp0.75_tk0_A11_low,base,S1,community,NOx avoided next to the EJ block,0.0,kg/yr,non-financial,
S1_hp0.75_tk0_A11_low,base,S1,community,low-income households served,0.0,households,non-financial,
S1_hp0.75_tk0_A11_low,base,S1,community,winter peak vs all-electric,0.18049805960418838,MW,non-financial,positive = less peak than ASHPs
S1_hp0.75_tk0_A11_low,base,S1,community,"LL97 penalty exposure reduced (commercial, upper bound)",32664.62393230024,$/yr,context,only if those buildings exceed their LL97 limit; not added to savings
S1_hp0.75_tk0_A11_low,base,S1,system,annual savings (resource view),-79251.05071205716,$/yr,financial,= sum of actors (transfers cancel)
S1_hp0.75_tk0_A11_high,base,S1,data_center,net financial value,-195472.06628749333,$/yr,financial,heat sales - source-side electricity (S1: same owner as the heat user)
S1_hp0.75_tk0_A11_high,base,S1,data_center,heat-sale revenue (transfer from operator),0.0,$/yr,transfer,fence price 88.7 $/MWh
S1_hp0.75_tk0_A11_high,base,S1,data_center,source-side electricity cost,-195472.06628749333,$/yr,financial,
S1_hp0.75_tk0_A11_high,base,S1,heat_users,tariff + connection paid (transfer to operator),-0.0,$/yr,transfer,
S1_hp0.75_tk0_A11_high,base,S1,data_center,cooling reliability,unchanged (H1 pass; towers take 100% in network outage),,non-financial,
S1_hp0.75_tk0_A11_high,base,S1,heat_users,net financial value (all connected buildings),96954.6851829358,$/yr,financial,
S1_hp0.75_tk0_A11_high,base,S1,heat_users,NYCHA bill change per apartment (positive = saving),,$/apt/yr,financial,
S1_hp0.75_tk0_A11_high,base,S1,heat_users,continuity of heat,no unserved heat in all operating modes,,non-financial,
S1_hp0.75_tk0_A11_high,base,S1,network_operator,net financial position,0.0,$/yr,financial,tariff + connection - fence - annualised operator capex - network O&M
S1_hp0.75_tk0_A11_high,base,S1,community,public / ratepayer funding need,0.0,$/yr,financial,"operator shortfall, recovered from ratepayers in the pilot model"
S1_hp0.75_tk0_A11_high,base,S1,community,CO2 avoided,96.80527934179497,tCO2e/yr,non-financial,
S1_hp0.75_tk0_A11_high,base,S1,community,NOx avoided next to the EJ block,0.0,kg/yr,non-financial,
S1_hp0.75_tk0_A11_high,base,S1,community,low-income households served,0.0,households,non-financial,
S1_hp0.75_tk0_A11_high,base,S1,community,winter peak vs all-electric,0.18049805960418838,MW,non-financial,positive = less peak than ASHPs
S1_hp0.75_tk0_A11_high,base,S1,community,"LL97 penalty exposure reduced (commercial, upper bound)",25943.814863601052,$/yr,context,only if those buildings exceed their LL97 limit; not added to savings
S1_hp0.75_tk0_A11_high,base,S1,system,annual savings (resource view),-98517.38110455754,$/yr,financial,= sum of actors (transfers cancel)
S1_hp0.75_tk0_A16_low,base,S1,data_center,net financial value,-195472.06628749333,$/yr,financial,heat sales - source-side electricity (S1: same owner as the heat user)
S1_hp0.75_tk0_A16_low,base,S1,data_center,heat-sale revenue (transfer from operator),0.0,$/yr,transfer,fence price 88.7 $/MWh
S1_hp0.75_tk0_A16_low,base,S1,data_center,source-side electricity cost,-195472.06628749333,$/yr,financial,
S1_hp0.75_tk0_A16_low,base,S1,heat_users,tariff + connection paid (transfer to operator),-0.0,$/yr,transfer,
S1_hp0.75_tk0_A16_low,base,S1,data_center,cooling reliability,unchanged (H1 pass; towers take 100% in network outage),,non-financial,
S1_hp0.75_tk0_A16_low,base,S1,heat_users,net financial value (all connected buildings),112367.74949693603,$/yr,financial,
S1_hp0.75_tk0_A16_low,base,S1,heat_users,NYCHA bill change per apartment (positive = saving),,$/apt/yr,financial,
S1_hp0.75_tk0_A16_low,base,S1,heat_users,continuity of heat,no unserved heat in all operating modes,,non-financial,
S1_hp0.75_tk0_A16_low,base,S1,network_operator,net financial position,0.0,$/yr,financial,tariff + connection - fence - annualised operator capex - network O&M
S1_hp0.75_tk0_A16_low,base,S1,community,public / ratepayer funding need,0.0,$/yr,financial,"operator shortfall, recovered from ratepayers in the pilot model"
S1_hp0.75_tk0_A16_low,base,S1,community,CO2 avoided,116.86739596477753,tCO2e/yr,non-financial,
S1_hp0.75_tk0_A16_low,base,S1,community,NOx avoided next to the EJ block,0.0,kg/yr,non-financial,
S1_hp0.75_tk0_A16_low,base,S1,community,low-income households served,0.0,households,non-financial,
S1_hp0.75_tk0_A16_low,base,S1,community,winter peak vs all-electric,0.18049805960418838,MW,non-financial,positive = less peak than ASHPs
S1_hp0.75_tk0_A16_low,base,S1,community,"LL97 penalty exposure reduced (commercial, upper bound)",31320.46211856038,$/yr,context,only if those buildings exceed their LL97 limit; not added to savings
S1_hp0.75_tk0_A16_low,base,S1,system,annual savings (resource view),-83104.31679055735,$/yr,financial,= sum of actors (transfers cancel)
S1_hp0.75_tk0_A16_high,base,S1,data_center,net financial value,-195874.5482359233,$/yr,financial,heat sales - source-side electricity (S1: same owner as the heat user)
S1_hp0.75_tk0_A16_high,base,S1,data_center,heat-sale revenue (transfer from operator),0.0,$/yr,transfer,fence price 88.7 $/MWh
S1_hp0.75_tk0_A16_high,base,S1,data_center,source-side electricity cost,-195874.5482359233,$/yr,financial,
S1_hp0.75_tk0_A16_high,base,S1,heat_users,tariff + connection paid (transfer to operator),-0.0,$/yr,transfer,
S1_hp0.75_tk0_A16_high,base,S1,data_center,cooling reliability,unchanged (H1 pass; towers take 100% in network outage),,non-financial,
S1_hp0.75_tk0_A16_high,base,S1,heat_users,net financial value (all connected buildings),112829.30712060125,$/yr,financial,
S1_hp0.75_tk0_A16_high,base,S1,heat_users,NYCHA bill change per apartment (positive = saving),,$/apt/yr,financial,
S1_hp0.75_tk0_A16_high,base,S1,heat_users,continuity of heat,no unserved heat in all operating modes,,non-financial,
S1_hp0.75_tk0_A16_high,base,S1,network_operator,net financial position,0.0,$/yr,financial,tariff + connection - fence - annualised operator capex - network O&M
S1_hp0.75_tk0_A16_high,base,S1,community,public / ratepayer funding need,0.0,$/yr,financial,"operator shortfall, recovered from ratepayers in the pilot model"
S1_hp0.75_tk0_A16_high,base,S1,community,CO2 avoided,117.10802890087518,tCO2e/yr,non-financial,
S1_hp0.75_tk0_A16_high,base,S1,community,NOx avoided next to the EJ block,0.0,kg/yr,non-financial,
S1_hp0.75_tk0_A16_high,base,S1,community,low-income households served,0.0,households,non-financial,
S1_hp0.75_tk0_A16_high,base,S1,community,winter peak vs all-electric,-0.04684512784474282,MW,non-financial,positive = less peak than ASHPs
S1_hp0.75_tk0_A16_high,base,S1,community,"LL97 penalty exposure reduced (commercial, upper bound)",31384.951745434548,$/yr,context,only if those buildings exceed their LL97 limit; not added to savings
S1_hp0.75_tk0_A16_high,base,S1,system,annual savings (resource view),-83045.24111532199,$/yr,financial,= sum of actors (transfers cancel)
S1_hp0.75_tk0_A17_low,base,S1,data_center,net financial value,0.0,$/yr,financial,heat sales - source-side electricity (S1: same owner as the heat user)
S1_hp0.75_tk0_A17_low,base,S1,data_center,heat-sale revenue (transfer from operator),0.0,$/yr,transfer,fence price 88.7 $/MWh
S1_hp0.75_tk0_A17_low,base,S1,data_center,source-side electricity cost,-0.0,$/yr,financial,
S1_hp0.75_tk0_A17_low,base,S1,heat_users,tariff + connection paid (transfer to operator),-0.0,$/yr,transfer,
S1_hp0.75_tk0_A17_low,base,S1,data_center,cooling reliability,unchanged (H1 pass; towers take 100% in network outage),,non-financial,
S1_hp0.75_tk0_A17_low,base,S1,heat_users,net financial value (all connected buildings),112367.74949693603,$/yr,financial,
S1_hp0.75_tk0_A17_low,base,S1,heat_users,NYCHA bill change per apartment (positive = saving),,$/apt/yr,financial,
S1_hp0.75_tk0_A17_low,base,S1,heat_users,continuity of heat,no unserved heat in all operating modes,,non-financial,
S1_hp0.75_tk0_A17_low,base,S1,network_operator,net financial position,0.0,$/yr,financial,tariff + connection - fence - annualised operator capex - network O&M
S1_hp0.75_tk0_A17_low,base,S1,community,public / ratepayer funding need,0.0,$/yr,financial,"operator shortfall, recovered from ratepayers in the pilot model"
S1_hp0.75_tk0_A17_low,base,S1,community,CO2 avoided,371.29982487723987,tCO2e/yr,non-financial,
S1_hp0.75_tk0_A17_low,base,S1,community,NOx avoided next to the EJ block,0.0,kg/yr,non-financial,
S1_hp0.75_tk0_A17_low,base,S1,community,low-income households served,0.0,households,non-financial,
S1_hp0.75_tk0_A17_low,base,S1,community,winter peak vs all-electric,0.18049805960418838,MW,non-financial,positive = less peak than ASHPs
S1_hp0.75_tk0_A17_low,base,S1,community,"LL97 penalty exposure reduced (commercial, upper bound)",99508.35306710028,$/yr,context,only if those buildings exceed their LL97 limit; not added to savings
S1_hp0.75_tk0_A17_low,base,S1,system,annual savings (resource view),112367.74949693604,$/yr,financial,= sum of actors (transfers cancel)
S1_hp0.75_tk0_A17_high,base,S1,data_center,net financial value,-195472.06628749333,$/yr,financial,heat sales - source-side electricity (S1: same owner as the heat user)
S1_hp0.75_tk0_A17_high,base,S1,data_center,heat-sale revenue (transfer from operator),0.0,$/yr,transfer,fence price 88.7 $/MWh
S1_hp0.75_tk0_A17_high,base,S1,data_center,source-side electricity cost,-195472.06628749333,$/yr,financial,
S1_hp0.75_tk0_A17_high,base,S1,heat_users,tariff + connection paid (transfer to operator),-0.0,$/yr,transfer,
S1_hp0.75_tk0_A17_high,base,S1,data_center,cooling reliability,unchanged (H1 pass; towers take 100% in network outage),,non-financial,
S1_hp0.75_tk0_A17_high,base,S1,heat_users,net financial value (all connected buildings),112367.74949693603,$/yr,financial,
S1_hp0.75_tk0_A17_high,base,S1,heat_users,NYCHA bill change per apartment (positive = saving),,$/apt/yr,financial,
S1_hp0.75_tk0_A17_high,base,S1,heat_users,continuity of heat,no unserved heat in all operating modes,,non-financial,
S1_hp0.75_tk0_A17_high,base,S1,network_operator,net financial position,0.0,$/yr,financial,tariff + connection - fence - annualised operator capex - network O&M
S1_hp0.75_tk0_A17_high,base,S1,community,public / ratepayer funding need,0.0,$/yr,financial,"operator shortfall, recovered from ratepayers in the pilot model"
S1_hp0.75_tk0_A17_high,base,S1,community,CO2 avoided,116.86739596477753,tCO2e/yr,non-financial,
S1_hp0.75_tk0_A17_high,base,S1,community,NOx avoided next to the EJ block,0.0,kg/yr,non-financial,
S1_hp0.75_tk0_A17_high,base,S1,community,low-income households served,0.0,households,non-financial,
S1_hp0.75_tk0_A17_high,base,S1,community,winter peak vs all-electric,0.18049805960418838,MW,non-financial,positive = less peak than ASHPs
S1_hp0.75_tk0_A17_high,base,S1,community,"LL97 penalty exposure reduced (commercial, upper bound)",31320.46211856038,$/yr,context,only if those buildings exceed their LL97 limit; not added to savings
S1_hp0.75_tk0_A17_high,base,S1,system,annual savings (resource view),-83104.31679055735,$/yr,financial,= sum of actors (transfers cancel)
S1_hp0.75_tk0_A18_low,base,S1,data_center,net financial value,-195472.06628749333,$/yr,financial,heat sales - source-side electricity (S1: same owner as the heat user)
S1_hp0.75_tk0_A18_low,base,S1,data_center,heat-sale revenue (transfer from operator),0.0,$/yr,transfer,fence price 88.7 $/MWh
S1_hp0.75_tk0_A18_low,base,S1,data_center,source-side electricity cost,-195472.06628749333,$/yr,financial,
S1_hp0.75_tk0_A18_low,base,S1,heat_users,tariff + connection paid (transfer to operator),-0.0,$/yr,transfer,
S1_hp0.75_tk0_A18_low,base,S1,data_center,cooling reliability,unchanged (H1 pass; towers take 100% in network outage),,non-financial,
S1_hp0.75_tk0_A18_low,base,S1,heat_users,net financial value (all connected buildings),112367.74949693603,$/yr,financial,
S1_hp0.75_tk0_A18_low,base,S1,heat_users,NYCHA bill change per apartment (positive = saving),,$/apt/yr,financial,
S1_hp0.75_tk0_A18_low,base,S1,heat_users,continuity of heat,no unserved heat in all operating modes,,non-financial,
S1_hp0.75_tk0_A18_low,base,S1,network_operator,net financial position,0.0,$/yr,financial,tariff + connection - fence - annualised operator capex - network O&M
S1_hp0.75_tk0_A18_low,base,S1,community,public / ratepayer funding need,0.0,$/yr,financial,"operator shortfall, recovered from ratepayers in the pilot model"
S1_hp0.75_tk0_A18_low,base,S1,community,CO2 avoided,116.86739596477753,tCO2e/yr,non-financial,
S1_hp0.75_tk0_A18_low,base,S1,community,NOx avoided next to the EJ block,0.0,kg/yr,non-financial,
S1_hp0.75_tk0_A18_low,base,S1,community,low-income households served,0.0,households,non-financial,
S1_hp0.75_tk0_A18_low,base,S1,community,winter peak vs all-electric,0.18049805960418838,MW,non-financial,positive = less peak than ASHPs
S1_hp0.75_tk0_A18_low,base,S1,community,"LL97 penalty exposure reduced (commercial, upper bound)",31320.46211856038,$/yr,context,only if those buildings exceed their LL97 limit; not added to savings
S1_hp0.75_tk0_A18_low,base,S1,system,annual savings (resource view),-83104.31679055735,$/yr,financial,= sum of actors (transfers cancel)
S1_hp0.75_tk0_A18_high,base,S1,data_center,net financial value,-195472.06628749333,$/yr,financial,heat sales - source-side electricity (S1: same owner as the heat user)
S1_hp0.75_tk0_A18_high,base,S1,data_center,heat-sale revenue (transfer from operator),0.0,$/yr,transfer,fence price 88.7 $/MWh
S1_hp0.75_tk0_A18_high,base,S1,data_center,source-side electricity cost,-195472.06628749333,$/yr,financial,
S1_hp0.75_tk0_A18_high,base,S1,heat_users,tariff + connection paid (transfer to operator),-0.0,$/yr,transfer,
S1_hp0.75_tk0_A18_high,base,S1,data_center,cooling reliability,unchanged (H1 pass; towers take 100% in network outage),,non-financial,
S1_hp0.75_tk0_A18_high,base,S1,heat_users,net financial value (all connected buildings),112367.74949693603,$/yr,financial,
S1_hp0.75_tk0_A18_high,base,S1,heat_users,NYCHA bill change per apartment (positive = saving),,$/apt/yr,financial,
S1_hp0.75_tk0_A18_high,base,S1,heat_users,continuity of heat,no unserved heat in all operating modes,,non-financial,
S1_hp0.75_tk0_A18_high,base,S1,network_operator,net financial position,0.0,$/yr,financial,tariff + connection - fence - annualised operator capex - network O&M
S1_hp0.75_tk0_A18_high,base,S1,community,public / ratepayer funding need,0.0,$/yr,financial,"operator shortfall, recovered from ratepayers in the pilot model"
S1_hp0.75_tk0_A18_high,base,S1,community,CO2 avoided,116.86739596477753,tCO2e/yr,non-financial,
S1_hp0.75_tk0_A18_high,base,S1,community,NOx avoided next to the EJ block,0.0,kg/yr,non-financial,
S1_hp0.75_tk0_A18_high,base,S1,community,low-income households served,0.0,households,non-financial,
S1_hp0.75_tk0_A18_high,base,S1,community,winter peak vs all-electric,0.18049805960418838,MW,non-financial,positive = less peak than ASHPs
S1_hp0.75_tk0_A18_high,base,S1,community,"LL97 penalty exposure reduced (commercial, upper bound)",31320.46211856038,$/yr,context,only if those buildings exceed their LL97 limit; not added to savings
S1_hp0.75_tk0_A18_high,base,S1,system,annual savings (resource view),-83104.31679055735,$/yr,financial,= sum of actors (transfers cancel)
S1_hp0.75_tk0_A19_low,base,S1,data_center,net financial value,-195472.06628749333,$/yr,financial,heat sales - source-side electricity (S1: same owner as the heat user)
S1_hp0.75_tk0_A19_low,base,S1,data_center,heat-sale revenue (transfer from operator),0.0,$/yr,transfer,fence price 88.7 $/MWh
S1_hp0.75_tk0_A19_low,base,S1,data_center,source-side electricity cost,-195472.06628749333,$/yr,financial,
S1_hp0.75_tk0_A19_low,base,S1,heat_users,tariff + connection paid (transfer to operator),-0.0,$/yr,transfer,
S1_hp0.75_tk0_A19_low,base,S1,data_center,cooling reliability,unchanged (H1 pass; towers take 100% in network outage),,non-financial,
S1_hp0.75_tk0_A19_low,base,S1,heat_users,net financial value (all connected buildings),112367.74949693603,$/yr,financial,
S1_hp0.75_tk0_A19_low,base,S1,heat_users,NYCHA bill change per apartment (positive = saving),,$/apt/yr,financial,
S1_hp0.75_tk0_A19_low,base,S1,heat_users,continuity of heat,no unserved heat in all operating modes,,non-financial,
S1_hp0.75_tk0_A19_low,base,S1,network_operator,net financial position,0.0,$/yr,financial,tariff + connection - fence - annualised operator capex - network O&M
S1_hp0.75_tk0_A19_low,base,S1,community,public / ratepayer funding need,0.0,$/yr,financial,"operator shortfall, recovered from ratepayers in the pilot model"
S1_hp0.75_tk0_A19_low,base,S1,community,CO2 avoided,116.86739596477753,tCO2e/yr,non-financial,
S1_hp0.75_tk0_A19_low,base,S1,community,NOx avoided next to the EJ block,0.0,kg/yr,non-financial,
S1_hp0.75_tk0_A19_low,base,S1,community,low-income households served,0.0,households,non-financial,
S1_hp0.75_tk0_A19_low,base,S1,community,winter peak vs all-electric,0.18049805960418838,MW,non-financial,positive = less peak than ASHPs
S1_hp0.75_tk0_A19_low,base,S1,community,"LL97 penalty exposure reduced (commercial, upper bound)",31320.46211856038,$/yr,context,only if those buildings exceed their LL97 limit; not added to savings
S1_hp0.75_tk0_A19_low,base,S1,system,annual savings (resource view),-83104.31679055735,$/yr,financial,= sum of actors (transfers cancel)
S1_hp0.75_tk0_A19_high,base,S1,data_center,net financial value,-195472.06628749333,$/yr,financial,heat sales - source-side electricity (S1: same owner as the heat user)
S1_hp0.75_tk0_A19_high,base,S1,data_center,heat-sale revenue (transfer from operator),0.0,$/yr,transfer,fence price 88.7 $/MWh
S1_hp0.75_tk0_A19_high,base,S1,data_center,source-side electricity cost,-195472.06628749333,$/yr,financial,
S1_hp0.75_tk0_A19_high,base,S1,heat_users,tariff + connection paid (transfer to operator),-0.0,$/yr,transfer,
S1_hp0.75_tk0_A19_high,base,S1,data_center,cooling reliability,unchanged (H1 pass; towers take 100% in network outage),,non-financial,
S1_hp0.75_tk0_A19_high,base,S1,heat_users,net financial value (all connected buildings),112367.74949693603,$/yr,financial,
S1_hp0.75_tk0_A19_high,base,S1,heat_users,NYCHA bill change per apartment (positive = saving),,$/apt/yr,financial,
S1_hp0.75_tk0_A19_high,base,S1,heat_users,continuity of heat,no unserved heat in all operating modes,,non-financial,
S1_hp0.75_tk0_A19_high,base,S1,network_operator,net financial position,0.0,$/yr,financial,tariff + connection - fence - annualised operator capex - network O&M
S1_hp0.75_tk0_A19_high,base,S1,community,public / ratepayer funding need,0.0,$/yr,financial,"operator shortfall, recovered from ratepayers in the pilot model"
S1_hp0.75_tk0_A19_high,base,S1,community,CO2 avoided,116.86739596477753,tCO2e/yr,non-financial,
S1_hp0.75_tk0_A19_high,base,S1,community,NOx avoided next to the EJ block,0.0,kg/yr,non-financial,
S1_hp0.75_tk0_A19_high,base,S1,community,low-income households served,0.0,households,non-financial,
S1_hp0.75_tk0_A19_high,base,S1,community,winter peak vs all-electric,0.18049805960418838,MW,non-financial,positive = less peak than ASHPs
S1_hp0.75_tk0_A19_high,base,S1,community,"LL97 penalty exposure reduced (commercial, upper bound)",31320.46211856038,$/yr,context,only if those buildings exceed their LL97 limit; not added to savings
S1_hp0.75_tk0_A19_high,base,S1,system,annual savings (resource view),-83104.31679055735,$/yr,financial,= sum of actors (transfers cancel)
S1_hp0.75_tk0_A20_low,base,S1,data_center,net financial value,-59636.3927580652,$/yr,financial,heat sales - source-side electricity (S1: same owner as the heat user)
S1_hp0.75_tk0_A20_low,base,S1,data_center,heat-sale revenue (transfer from operator),0.0,$/yr,transfer,fence price 88.7 $/MWh
S1_hp0.75_tk0_A20_low,base,S1,data_center,source-side electricity cost,-59636.3927580652,$/yr,financial,
S1_hp0.75_tk0_A20_low,base,S1,heat_users,tariff + connection paid (transfer to operator),-0.0,$/yr,transfer,
S1_hp0.75_tk0_A20_low,base,S1,data_center,cooling reliability,unchanged (H1 pass; towers take 100% in network outage),,non-financial,
S1_hp0.75_tk0_A20_low,base,S1,heat_users,net financial value (all connected buildings),34282.17325171806,$/yr,financial,
S1_hp0.75_tk0_A20_low,base,S1,heat_users,NYCHA bill change per apartment (positive = saving),,$/apt/yr,financial,
S1_hp0.75_tk0_A20_low,base,S1,heat_users,continuity of heat,no unserved heat in all operating modes,,non-financial,
S1_hp0.75_tk0_A20_low,base,S1,network_operator,net financial position,0.0,$/yr,financial,tariff + connection - fence - annualised operator capex - network O&M
S1_hp0.75_tk0_A20_low,base,S1,community,public / ratepayer funding need,0.0,$/yr,financial,"operator shortfall, recovered from ratepayers in the pilot model"
S1_hp0.75_tk0_A20_low,base,S1,community,CO2 avoided,35.6549662503553,tCO2e/yr,non-financial,
S1_hp0.75_tk0_A20_low,base,S1,community,NOx avoided next to the EJ block,0.0,kg/yr,non-financial,
S1_hp0.75_tk0_A20_low,base,S1,community,low-income households served,0.0,households,non-financial,
S1_hp0.75_tk0_A20_low,base,S1,community,winter peak vs all-electric,0.055067986843666726,MW,non-financial,positive = less peak than ASHPs
S1_hp0.75_tk0_A20_low,base,S1,community,"LL97 penalty exposure reduced (commercial, upper bound)",9555.53095509522,$/yr,context,only if those buildings exceed their LL97 limit; not added to savings
S1_hp0.75_tk0_A20_low,base,S1,system,annual savings (resource view),-25354.219506347144,$/yr,financial,= sum of actors (transfers cancel)
S1_hp0.75_tk0_A20_high,base,S1,data_center,net financial value,-261681.07212061188,$/yr,financial,heat sales - source-side electricity (S1: same owner as the heat user)
S1_hp0.75_tk0_A20_high,base,S1,data_center,heat-sale revenue (transfer from operator),0.0,$/yr,transfer,fence price 88.7 $/MWh
S1_hp0.75_tk0_A20_high,base,S1,data_center,source-side electricity cost,-261681.07212061188,$/yr,financial,
S1_hp0.75_tk0_A20_high,base,S1,heat_users,tariff + connection paid (transfer to operator),-0.0,$/yr,transfer,
S1_hp0.75_tk0_A20_high,base,S1,data_center,cooling reliability,unchanged (H1 pass; towers take 100% in network outage),,non-financial,
S1_hp0.75_tk0_A20_high,base,S1,heat_users,net financial value (all connected buildings),150428.2106318529,$/yr,financial,
S1_hp0.75_tk0_A20_high,base,S1,heat_users,NYCHA bill change per apartment (positive = saving),,$/apt/yr,financial,
S1_hp0.75_tk0_A20_high,base,S1,heat_users,continuity of heat,no unserved heat in all operating modes,,non-financial,
S1_hp0.75_tk0_A20_high,base,S1,network_operator,net financial position,0.0,$/yr,financial,tariff + connection - fence - annualised operator capex - network O&M
S1_hp0.75_tk0_A20_high,base,S1,community,public / ratepayer funding need,0.0,$/yr,financial,"operator shortfall, recovered from ratepayers in the pilot model"
S1_hp0.75_tk0_A20_high,base,S1,community,CO2 avoided,156.4519475996541,tCO2e/yr,non-financial,
S1_hp0.75_tk0_A20_high,base,S1,community,NOx avoided next to the EJ block,0.0,kg/yr,non-financial,
S1_hp0.75_tk0_A20_high,base,S1,community,low-income households served,0.0,households,non-financial,
S1_hp0.75_tk0_A20_high,base,S1,community,winter peak vs all-electric,0.24163516890155368,MW,non-financial,positive = less peak than ASHPs
S1_hp0.75_tk0_A20_high,base,S1,community,"LL97 penalty exposure reduced (commercial, upper bound)",41929.1219567073,$/yr,context,only if those buildings exceed their LL97 limit; not added to savings
S1_hp0.75_tk0_A20_high,base,S1,system,annual savings (resource view),-111252.86148875894,$/yr,financial,= sum of actors (transfers cancel)
S2_hp0.5_tk0_base,base,S2,data_center,net financial value,122834.56238370296,$/yr,financial,heat sales - source-side electricity
S2_hp0.5_tk0_base,base,S2,data_center,heat-sale revenue (transfer from operator),1504807.6062040988,$/yr,transfer,fence price 88.7 $/MWh
S2_hp0.5_tk0_base,base,S2,data_center,source-side electricity cost,-1381973.0438203958,$/yr,financial,
S2_hp0.5_tk0_base,base,S2,heat_users,tariff + connection paid (transfer to operator),-1571270.2520467367,$/yr,transfer,
S2_hp0.5_tk0_base,base,S2,data_center,cooling reliability,unchanged (H1 pass; towers take 100% in network outage),,non-financial,
S2_hp0.5_tk0_base,base,S2,heat_users,net financial value (all connected buildings),-2100490.446831093,$/yr,financial,
S2_hp0.5_tk0_base,base,S2,heat_users,NYCHA bill change per apartment (positive = saving),,$/apt/yr,financial,
S2_hp0.5_tk0_base,base,S2,heat_users,continuity of heat,no unserved heat in all operating modes,,non-financial,
S2_hp0.5_tk0_base,base,S2,network_operator,net financial position,-3390820.195598597,$/yr,financial,tariff + connection - fence - annualised operator capex - network O&M
S2_hp0.5_tk0_base,base,S2,community,public / ratepayer funding need,3390820.195598597,$/yr,financial,"operator shortfall, recovered from ratepayers in the pilot model"
S2_hp0.5_tk0_base,base,S2,community,CO2 avoided,1036.5035700166727,tCO2e/yr,non-financial,
S2_hp0.5_tk0_base,base,S2,community,NOx avoided next to the EJ block,3819.5062074728576,kg/yr,non-financial,
S2_hp0.5_tk0_base,base,S2,community,low-income households served,0.0,households,non-financial,
S2_hp0.5_tk0_base,base,S2,community,winter peak vs all-electric,3.8436322385753834,MW,non-financial,positive = less peak than ASHPs
S2_hp0.5_tk0_base,base,S2,community,"LL97 penalty exposure reduced (commercial, upper bound)",277782.9567644683,$/yr,context,only if those buildings exceed their LL97 limit; not added to savings
S2_hp0.5_tk0_base,base,S2,system,annual savings (resource view),-5368476.080045988,$/yr,financial,= sum of actors (transfers cancel)
S2_hp0.5_tk2_base,base,S2,data_center,net financial value,124209.05255313846,$/yr,financial,heat sales - source-side electricity
S2_hp0.5_tk2_base,base,S2,data_center,heat-sale revenue (transfer from operator),1521646.0531483642,$/yr,transfer,fence price 88.7 $/MWh
S2_hp0.5_tk2_base,base,S2,data_center,source-side electricity cost,-1397437.0005952257,$/yr,financial,
S2_hp0.5_tk2_base,base,S2,heat_users,tariff + connection paid (transfer to operator),-1588516.7075131135,$/yr,transfer,
S2_hp0.5_tk2_base,base,S2,data_center,cooling reliability,unchanged (H1 pass; towers take 100% in network outage),,non-financial,
S2_hp0.5_tk2_base,base,S2,heat_users,net financial value (all connected buildings),-2130521.3041318394,$/yr,financial,
S2_hp0.5_tk2_base,base,S2,heat_users,NYCHA bill change per apartment (positive = saving),,$/apt/yr,financial,
S2_hp0.5_tk2_base,base,S2,heat_users,continuity of heat,no unserved heat in all operating modes,,non-financial,
S2_hp0.5_tk2_base,base,S2,network_operator,net financial position,-3390412.1870764857,$/yr,financial,tariff + connection - fence - annualised operator capex - network O&M
S2_hp0.5_tk2_base,base,S2,community,public / ratepayer funding need,3390412.1870764857,$/yr,financial,"operator shortfall, recovered from ratepayers in the pilot model"
S2_hp0.5_tk2_base,base,S2,community,CO2 avoided,1045.8101057036129,tCO2e/yr,non-financial,
S2_hp0.5_tk2_base,base,S2,community,NOx avoided next to the EJ block,3871.1155209256913,kg/yr,non-financial,
S2_hp0.5_tk2_base,base,S2,community,low-income households served,0.0,households,non-financial,
S2_hp0.5_tk2_base,base,S2,community,winter peak vs all-electric,3.8436322385753834,MW,non-financial,positive = less peak than ASHPs
S2_hp0.5_tk2_base,base,S2,community,"LL97 penalty exposure reduced (commercial, upper bound)",280277.10832856834,$/yr,context,only if those buildings exceed their LL97 limit; not added to savings
S2_hp0.5_tk2_base,base,S2,system,annual savings (resource view),-5396724.438655186,$/yr,financial,= sum of actors (transfers cancel)
S2_hp0.5_tk6_base,base,S2,data_center,net financial value,125307.55444789561,$/yr,financial,heat sales - source-side electricity
S2_hp0.5_tk6_base,base,S2,data_center,heat-sale revenue (transfer from operator),1535103.4545065928,$/yr,transfer,fence price 88.7 $/MWh
S2_hp0.5_tk6_base,base,S2,data_center,source-side electricity cost,-1409795.9000586972,$/yr,financial,
S2_hp0.5_tk6_base,base,S2,heat_users,tariff + connection paid (transfer to operator),-1602300.1920580994,$/yr,transfer,
S2_hp0.5_tk6_base,base,S2,data_center,cooling reliability,unchanged (H1 pass; towers take 100% in network outage),,non-financial,
S2_hp0.5_tk6_base,base,S2,heat_users,net financial value (all connected buildings),-2155258.3470177767,$/yr,financial,
S2_hp0.5_tk6_base,base,S2,heat_users,NYCHA bill change per apartment (positive = saving),,$/apt/yr,financial,
S2_hp0.5_tk6_base,base,S2,heat_users,continuity of heat,no unserved heat in all operating modes,,non-financial,
S2_hp0.5_tk6_base,base,S2,network_operator,net financial position,-3390086.1038897284,$/yr,financial,tariff + connection - fence - annualised operator capex - network O&M
S2_hp0.5_tk6_base,base,S2,community,public / ratepayer funding need,3390086.1038897284,$/yr,financial,"operator shortfall, recovered from ratepayers in the pilot model"
S2_hp0.5_tk6_base,base,S2,community,CO2 avoided,1049.2915086658604,tCO2e/yr,non-financial,
S2_hp0.5_tk6_base,base,S2,community,NOx avoided next to the EJ block,3909.003725346192,kg/yr,non-financial,
S2_hp0.5_tk6_base,base,S2,community,low-income households served,0.0,households,non-financial,
S2_hp0.5_tk6_base,base,S2,community,winter peak vs all-electric,3.8436322385753834,MW,non-financial,positive = less peak than ASHPs
S2_hp0.5_tk6_base,base,S2,community,"LL97 penalty exposure reduced (commercial, upper bound)",281210.1243224505,$/yr,context,only if those buildings exceed their LL97 limit; not added to savings
S2_hp0.5_tk6_base,base,S2,system,annual savings (resource view),-5420036.896459608,$/yr,financial,= sum of actors (transfers cancel)
S2_hp0.75_tk0_base,base,S2,data_center,net financial value,129045.64731547656,$/yr,financial,heat sales - source-side electricity
S2_hp0.75_tk0_base,base,S2,data_center,heat-sale revenue (transfer from operator),1580897.6550204635,$/yr,transfer,fence price 88.7 $/MWh
S2_hp0.75_tk0_base,base,S2,data_center,source-side electricity cost,-1451852.007704987,$/yr,financial,
S2_hp0.75_tk0_base,base,S2,heat_users,tariff + connection paid (transfer to operator),-1649204.0212767292,$/yr,transfer,
S2_hp0.75_tk0_base,base,S2,data_center,cooling reliability,unchanged (H1 pass; towers take 100% in network outage),,non-financial,
S2_hp0.75_tk0_base,base,S2,heat_users,net financial value (all connected buildings),-2239806.7447356954,$/yr,financial,
S2_hp0.75_tk0_base,base,S2,heat_users,NYCHA bill change per apartment (positive = saving),,$/apt/yr,financial,
S2_hp0.75_tk0_base,base,S2,heat_users,continuity of heat,no unserved heat in all operating modes,,non-financial,
S2_hp0.75_tk0_base,base,S2,network_operator,net financial position,-3853657.8458770653,$/yr,financial,tariff + connection - fence - annualised operator capex - network O&M
S2_hp0.75_tk0_base,base,S2,community,public / ratepayer funding need,3853657.8458770653,$/yr,financial,"operator shortfall, recovered from ratepayers in the pilot model"
S2_hp0.75_tk0_base,base,S2,community,CO2 avoided,1087.3455771137124,tCO2e/yr,non-financial,
S2_hp0.75_tk0_base,base,S2,community,NOx avoided next to the EJ block,4060.178728011989,kg/yr,non-financial,
S2_hp0.75_tk0_base,base,S2,community,low-income households served,0.0,households,non-financial,
S2_hp0.75_tk0_base,base,S2,community,winter peak vs all-electric,3.8436322385753834,MW,non-financial,positive = less peak than ASHPs
S2_hp0.75_tk0_base,base,S2,community,"LL97 penalty exposure reduced (commercial, upper bound)",291408.61466647475,$/yr,context,only if those buildings exceed their LL97 limit; not added to savings
S2_hp0.75_tk0_base,base,S2,system,annual savings (resource view),-5964418.943297284,$/yr,financial,= sum of actors (transfers cancel)
S2_hp0.75_tk2_base,base,S2,data_center,net financial value,129436.02657633112,$/yr,financial,heat sales - source-side electricity
S2_hp0.75_tk2_base,base,S2,data_center,heat-sale revenue (transfer from operator),1585680.0686151295,$/yr,transfer,fence price 88.7 $/MWh
S2_hp0.75_tk2_base,base,S2,data_center,source-side electricity cost,-1456244.0420387983,$/yr,financial,
S2_hp0.75_tk2_base,base,S2,heat_users,tariff + connection paid (transfer to operator),-1654102.3164315736,$/yr,transfer,
S2_hp0.75_tk2_base,base,S2,data_center,cooling reliability,unchanged (H1 pass; towers take 100% in network outage),,non-financial,
S2_hp0.75_tk2_base,base,S2,heat_users,net financial value (all connected buildings),-2248777.4508984145,$/yr,financial,
S2_hp0.75_tk2_base,base,S2,heat_users,NYCHA bill change per apartment (positive = saving),,$/apt/yr,financial,
S2_hp0.75_tk2_base,base,S2,heat_users,continuity of heat,no unserved heat in all operating modes,,non-financial,
S2_hp0.75_tk2_base,base,S2,network_operator,net financial position,-3853541.964316887,$/yr,financial,tariff + connection - fence - annualised operator capex - network O&M
S2_hp0.75_tk2_base,base,S2,community,public / ratepayer funding need,3853541.964316887,$/yr,financial,"operator shortfall, recovered from ratepayers in the pilot model"
S2_hp0.75_tk2_base,base,S2,community,CO2 avoided,1087.616484592515,tCO2e/yr,non-financial,
S2_hp0.75_tk2_base,base,S2,community,NOx avoided next to the EJ block,4072.8230098079325,kg/yr,non-financial,
S2_hp0.75_tk2_base,base,S2,community,low-income households served,0.0,households,non-financial,
S2_hp0.75_tk2_base,base,S2,community,winter peak vs all-electric,3.8436322385753834,MW,non-financial,positive = less peak than ASHPs
S2_hp0.75_tk2_base,base,S2,community,"LL97 penalty exposure reduced (commercial, upper bound)",291481.2178707939,$/yr,context,only if those buildings exceed their LL97 limit; not added to savings
S2_hp0.75_tk2_base,base,S2,system,annual savings (resource view),-5972883.38863897,$/yr,financial,= sum of actors (transfers cancel)
S2_hp0.75_tk6_base,base,S2,data_center,net financial value,129892.91614528676,$/yr,financial,heat sales - source-side electricity
S2_hp0.75_tk6_base,base,S2,data_center,heat-sale revenue (transfer from operator),1591277.279084378,$/yr,transfer,fence price 88.7 $/MWh
S2_hp0.75_tk6_base,base,S2,data_center,source-side electricity cost,-1461384.3629390912,$/yr,financial,
S2_hp0.75_tk6_base,base,S2,heat_users,tariff + connection paid (transfer to operator),-1659835.151616038,$/yr,transfer,
S2_hp0.75_tk6_base,base,S2,data_center,cooling reliability,unchanged (H1 pass; towers take 100% in network outage),,non-financial,
S2_hp0.75_tk6_base,base,S2,heat_users,net financial value (all connected buildings),-2259727.998264942,$/yr,financial,
S2_hp0.75_tk6_base,base,S2,heat_users,NYCHA bill change per apartment (positive = saving),,$/apt/yr,financial,
S2_hp0.75_tk6_base,base,S2,heat_users,continuity of heat,no unserved heat in all operating modes,,non-financial,
S2_hp0.75_tk6_base,base,S2,network_operator,net financial position,-3853406.3396016713,$/yr,financial,tariff + connection - fence - annualised operator capex - network O&M
S2_hp0.75_tk6_base,base,S2,community,public / ratepayer funding need,3853406.3396016713,$/yr,financial,"operator shortfall, recovered from ratepayers in the pilot model"
S2_hp0.75_tk6_base,base,S2,community,CO2 avoided,1085.5072091568454,tCO2e/yr,non-financial,
S2_hp0.75_tk6_base,base,S2,community,NOx avoided next to the EJ block,4085.562017558949,kg/yr,non-financial,
S2_hp0.75_tk6_base,base,S2,community,low-income households served,0.0,households,non-financial,
S2_hp0.75_tk6_base,base,S2,community,winter peak vs all-electric,3.776784525431267,MW,non-financial,positive = less peak than ASHPs
S2_hp0.75_tk6_base,base,S2,community,"LL97 penalty exposure reduced (commercial, upper bound)",290915.9320540345,$/yr,context,only if those buildings exceed their LL97 limit; not added to savings
S2_hp0.75_tk6_base,base,S2,system,annual savings (resource view),-5983241.421721325,$/yr,financial,= sum of actors (transfers cancel)
S2_hp1_tk0_base,base,S2,data_center,net financial value,129490.31382400752,$/yr,financial,heat sales - source-side electricity
S2_hp1_tk0_base,base,S2,data_center,heat-sale revenue (transfer from operator),1586345.1246192243,$/yr,transfer,fence price 88.7 $/MWh
S2_hp1_tk0_base,base,S2,data_center,source-side electricity cost,-1456854.8107952168,$/yr,financial,
S2_hp1_tk0_base,base,S2,heat_users,tariff + connection paid (transfer to operator),-1654783.4872542294,$/yr,transfer,
S2_hp1_tk0_base,base,S2,data_center,cooling reliability,unchanged (H1 pass; towers take 100% in network outage),,non-financial,
S2_hp1_tk0_base,base,S2,heat_users,net financial value (all connected buildings),-2254652.1659148238,$/yr,financial,
S2_hp1_tk0_base,base,S2,heat_users,NYCHA bill change per apartment (positive = saving),,$/apt/yr,financial,
S2_hp1_tk0_base,base,S2,heat_users,continuity of heat,no unserved heat in all operating modes,,non-financial,
S2_hp1_tk0_base,base,S2,network_operator,net financial position,-4318207.220190423,$/yr,financial,tariff + connection - fence - annualised operator capex - network O&M
S2_hp1_tk0_base,base,S2,community,public / ratepayer funding need,4318207.220190423,$/yr,financial,"operator shortfall, recovered from ratepayers in the pilot model"
S2_hp1_tk0_base,base,S2,community,CO2 avoided,1090.9854786817805,tCO2e/yr,non-financial,
S2_hp1_tk0_base,base,S2,community,NOx avoided next to the EJ block,4077.4090525982992,kg/yr,non-financial,
S2_hp1_tk0_base,base,S2,community,low-income households served,0.0,households,non-financial,
S2_hp1_tk0_base,base,S2,community,winter peak vs all-electric,3.8436322385753834,MW,non-financial,positive = less peak than ASHPs
S2_hp1_tk0_base,base,S2,community,"LL97 penalty exposure reduced (commercial, upper bound)",292384.1082867171,$/yr,context,only if those buildings exceed their LL97 limit; not added to savings
S2_hp1_tk0_base,base,S2,system,annual savings (resource view),-6443369.072281239,$/yr,financial,= sum of actors (transfers cancel)
S2_hp1_tk2_base,base,S2,data_center,net financial value,129874.70800010348,$/yr,financial,heat sales - source-side electricity
S2_hp1_tk2_base,base,S2,data_center,heat-sale revenue (transfer from operator),1591054.2168221348,$/yr,transfer,fence price 88.7 $/MWh
S2_hp1_tk2_base,base,S2,data_center,source-side electricity cost,-1461179.5088220313,$/yr,financial,
S2_hp1_tk2_base,base,S2,heat_users,tariff + connection paid (transfer to operator),-1659606.6843835944,$/yr,transfer,
S2_hp1_tk2_base,base,S2,data_center,cooling reliability,unchanged (H1 pass; towers take 100% in network outage),,non-financial,
S2_hp1_tk2_base,base,S2,heat_users,net financial value (all connected buildings),-2263493.681184237,$/yr,financial,
S2_hp1_tk2_base,base,S2,heat_users,NYCHA bill change per apartment (positive = saving),,$/apt/yr,financial,
S2_hp1_tk2_base,base,S2,heat_users,continuity of heat,no unserved heat in all operating modes,,non-financial,
S2_hp1_tk2_base,base,S2,network_operator,net financial position,-4318093.115263968,$/yr,financial,tariff + connection - fence - annualised operator capex - network O&M
S2_hp1_tk2_base,base,S2,community,public / ratepayer funding need,4318093.115263968,$/yr,financial,"operator shortfall, recovered from ratepayers in the pilot model"
S2_hp1_tk2_base,base,S2,community,CO2 avoided,1091.2073941205208,tCO2e/yr,non-financial,
S2_hp1_tk2_base,base,S2,community,NOx avoided next to the EJ block,4089.82141912493,kg/yr,non-financial,
S2_hp1_tk2_base,base,S2,community,low-income households served,0.0,households,non-financial,
S2_hp1_tk2_base,base,S2,community,winter peak vs all-electric,3.776784525431267,MW,non-financial,positive = less peak than ASHPs
S2_hp1_tk2_base,base,S2,community,"LL97 penalty exposure reduced (commercial, upper bound)",292443.58162429935,$/yr,context,only if those buildings exceed their LL97 limit; not added to savings
S2_hp1_tk2_base,base,S2,system,annual savings (resource view),-6451712.088448101,$/yr,financial,= sum of actors (transfers cancel)
S2_hp1_tk6_base,base,S2,data_center,net financial value,130219.76359092584,$/yr,financial,heat sales - source-side electricity
S2_hp1_tk6_base,base,S2,data_center,heat-sale revenue (transfer from operator),1595281.3843843963,$/yr,transfer,fence price 88.7 $/MWh
S2_hp1_tk6_base,base,S2,data_center,source-side electricity cost,-1465061.6207934704,$/yr,financial,
S2_hp1_tk6_base,base,S2,heat_users,tariff + connection paid (transfer to operator),-1663936.279467557,$/yr,transfer,
S2_hp1_tk6_base,base,S2,data_center,cooling reliability,unchanged (H1 pass; towers take 100% in network outage),,non-financial,
S2_hp1_tk6_base,base,S2,heat_users,net financial value (all connected buildings),-2272030.239088985,$/yr,financial,
S2_hp1_tk6_base,base,S2,heat_users,NYCHA bill change per apartment (positive = saving),,$/apt/yr,financial,
S2_hp1_tk6_base,base,S2,heat_users,continuity of heat,no unserved heat in all operating modes,,non-financial,
S2_hp1_tk6_base,base,S2,network_operator,net financial position,-4317990.687742267,$/yr,financial,tariff + connection - fence - annualised operator capex - network O&M
S2_hp1_tk6_base,base,S2,community,public / ratepayer funding need,4317990.687742267,$/yr,financial,"operator shortfall, recovered from ratepayers in the pilot model"
S2_hp1_tk6_base,base,S2,community,CO2 avoided,1088.1826805653627,tCO2e/yr,non-financial,
S2_hp1_tk6_base,base,S2,community,NOx avoided next to the EJ block,4098.226986632438,kg/yr,non-financial,
S2_hp1_tk6_base,base,S2,community,low-income households served,0.0,households,non-financial,
S2_hp1_tk6_base,base,S2,community,winter peak vs all-electric,3.776784525431267,MW,non-financial,positive = less peak than ASHPs
S2_hp1_tk6_base,base,S2,community,"LL97 penalty exposure reduced (commercial, upper bound)",291632.9583915171,$/yr,context,only if those buildings exceed their LL97 limit; not added to savings
S2_hp1_tk6_base,base,S2,system,annual savings (resource view),-6459801.163240325,$/yr,financial,= sum of actors (transfers cancel)
S2_hp0.75_tk0_A01_low,base,S2,data_center,net financial value,129045.64731547656,$/yr,financial,heat sales - source-side electricity
S2_hp0.75_tk0_A01_low,base,S2,data_center,heat-sale revenue (transfer from operator),1580897.6550204635,$/yr,transfer,fence price 88.7 $/MWh
S2_hp0.75_tk0_A01_low,base,S2,data_center,source-side electricity cost,-1451852.007704987,$/yr,financial,
S2_hp0.75_tk0_A01_low,base,S2,heat_users,tariff + connection paid (transfer to operator),-1649204.0212767292,$/yr,transfer,
S2_hp0.75_tk0_A01_low,base,S2,data_center,cooling reliability,unchanged (H1 pass; towers take 100% in network outage),,non-financial,
S2_hp0.75_tk0_A01_low,base,S2,heat_users,net financial value (all connected buildings),-2239806.7447356954,$/yr,financial,
S2_hp0.75_tk0_A01_low,base,S2,heat_users,NYCHA bill change per apartment (positive = saving),,$/apt/yr,financial,
S2_hp0.75_tk0_A01_low,base,S2,heat_users,continuity of heat,no unserved heat in all operating modes,,non-financial,
S2_hp0.75_tk0_A01_low,base,S2,network_operator,net financial position,-3853657.8458770653,$/yr,financial,tariff + connection - fence - annualised operator capex - network O&M
S2_hp0.75_tk0_A01_low,base,S2,community,public / ratepayer funding need,3853657.8458770653,$/yr,financial,"operator shortfall, recovered from ratepayers in the pilot model"
S2_hp0.75_tk0_A01_low,base,S2,community,CO2 avoided,1087.3455771137124,tCO2e/yr,non-financial,
S2_hp0.75_tk0_A01_low,base,S2,community,NOx avoided next to the EJ block,4060.178728011989,kg/yr,non-financial,
S2_hp0.75_tk0_A01_low,base,S2,community,low-income households served,0.0,households,non-financial,
S2_hp0.75_tk0_A01_low,base,S2,community,winter peak vs all-electric,3.8436322385753834,MW,non-financial,positive = less peak than ASHPs
S2_hp0.75_tk0_A01_low,base,S2,community,"LL97 penalty exposure reduced (commercial, upper bound)",291408.61466647475,$/yr,context,only if those buildings exceed their LL97 limit; not added to savings
S2_hp0.75_tk0_A01_low,base,S2,system,annual savings (resource view),-5964418.943297284,$/yr,financial,= sum of actors (transfers cancel)
S2_hp0.75_tk0_A01_high,base,S2,data_center,net financial value,129045.64731547656,$/yr,financial,heat sales - source-side electricity
S2_hp0.75_tk0_A01_high,base,S2,data_center,heat-sale revenue (transfer from operator),1580897.6550204635,$/yr,transfer,fence price 88.7 $/MWh
S2_hp0.75_tk0_A01_high,base,S2,data_center,source-side electricity cost,-1451852.007704987,$/yr,financial,
S2_hp0.75_tk0_A01_high,base,S2,heat_users,tariff + connection paid (transfer to operator),-1649204.0212767292,$/yr,transfer,
S2_hp0.75_tk0_A01_high,base,S2,data_center,cooling reliability,unchanged (H1 pass; towers take 100% in network outage),,non-financial,
S2_hp0.75_tk0_A01_high,base,S2,heat_users,net financial value (all connected buildings),-2239806.7447356954,$/yr,financial,
S2_hp0.75_tk0_A01_high,base,S2,heat_users,NYCHA bill change per apartment (positive = saving),,$/apt/yr,financial,
S2_hp0.75_tk0_A01_high,base,S2,heat_users,continuity of heat,no unserved heat in all operating modes,,non-financial,
S2_hp0.75_tk0_A01_high,base,S2,network_operator,net financial position,-3853657.8458770653,$/yr,financial,tariff + connection - fence - annualised operator capex - network O&M
S2_hp0.75_tk0_A01_high,base,S2,community,public / ratepayer funding need,3853657.8458770653,$/yr,financial,"operator shortfall, recovered from ratepayers in the pilot model"
S2_hp0.75_tk0_A01_high,base,S2,community,CO2 avoided,1087.3455771137124,tCO2e/yr,non-financial,
S2_hp0.75_tk0_A01_high,base,S2,community,NOx avoided next to the EJ block,4060.178728011989,kg/yr,non-financial,
S2_hp0.75_tk0_A01_high,base,S2,community,low-income households served,0.0,households,non-financial,
S2_hp0.75_tk0_A01_high,base,S2,community,winter peak vs all-electric,3.8436322385753834,MW,non-financial,positive = less peak than ASHPs
S2_hp0.75_tk0_A01_high,base,S2,community,"LL97 penalty exposure reduced (commercial, upper bound)",291408.61466647475,$/yr,context,only if those buildings exceed their LL97 limit; not added to savings
S2_hp0.75_tk0_A01_high,base,S2,system,annual savings (resource view),-5964418.943297284,$/yr,financial,= sum of actors (transfers cancel)
S2_hp0.75_tk0_A02_low,base,S2,data_center,net financial value,125264.8710966499,$/yr,financial,heat sales - source-side electricity
S2_hp0.75_tk0_A02_low,base,S2,data_center,heat-sale revenue (transfer from operator),1534580.554189561,$/yr,transfer,fence price 88.7 $/MWh
S2_hp0.75_tk0_A02_low,base,S2,data_center,source-side electricity cost,-1409315.683092911,$/yr,financial,
S2_hp0.75_tk0_A02_low,base,S2,heat_users,tariff + connection paid (transfer to operator),-1601764.6214641545,$/yr,transfer,
S2_hp0.75_tk0_A02_low,base,S2,data_center,cooling reliability,unchanged (H1 pass; towers take 100% in network outage),,non-financial,
S2_hp0.75_tk0_A02_low,base,S2,heat_users,net financial value (all connected buildings),-2308270.136781638,$/yr,financial,
S2_hp0.75_tk0_A02_low,base,S2,heat_users,NYCHA bill change per apartment (positive = saving),,$/apt/yr,financial,
S2_hp0.75_tk0_A02_low,base,S2,heat_users,continuity of heat,no unserved heat in all operating modes,,non-financial,
S2_hp0.75_tk0_A02_low,base,S2,network_operator,net financial position,-3828409.7450604676,$/yr,financial,tariff + connection - fence - annualised operator capex - network O&M
S2_hp0.75_tk0_A02_low,base,S2,community,public / ratepayer funding need,3828409.7450604676,$/yr,financial,"operator shortfall, recovered from ratepayers in the pilot model"
S2_hp0.75_tk0_A02_low,base,S2,community,CO2 avoided,991.8495360845855,tCO2e/yr,non-financial,
S2_hp0.75_tk0_A02_low,base,S2,community,NOx avoided next to the EJ block,4060.178728011989,kg/yr,non-financial,
S2_hp0.75_tk0_A02_low,base,S2,community,low-income households served,0.0,households,non-financial,
S2_hp0.75_tk0_A02_low,base,S2,community,winter peak vs all-electric,3.8436322385753834,MW,non-financial,positive = less peak than ASHPs
S2_hp0.75_tk0_A02_low,base,S2,community,"LL97 penalty exposure reduced (commercial, upper bound)",265815.67567066883,$/yr,context,only if those buildings exceed their LL97 limit; not added to savings
S2_hp0.75_tk0_A02_low,base,S2,system,annual savings (resource view),-6011415.0107454555,$/yr,financial,= sum of actors (transfers cancel)
S2_hp0.75_tk0_A02_high,base,S2,data_center,net financial value,135346.94101352082,$/yr,financial,heat sales - source-side electricity
S2_hp0.75_tk0_A02_high,base,S2,data_center,heat-sale revenue (transfer from operator),1658092.8230719676,$/yr,transfer,fence price 88.7 $/MWh
S2_hp0.75_tk0_A02_high,base,S2,data_center,source-side electricity cost,-1522745.8820584468,$/yr,financial,
S2_hp0.75_tk0_A02_high,base,S2,heat_users,tariff + connection paid (transfer to operator),-1728269.6876310196,$/yr,transfer,
S2_hp0.75_tk0_A02_high,base,S2,data_center,cooling reliability,unchanged (H1 pass; towers take 100% in network outage),,non-financial,
S2_hp0.75_tk0_A02_high,base,S2,heat_users,net financial value (all connected buildings),-2125701.09132579,$/yr,financial,
S2_hp0.75_tk0_A02_high,base,S2,heat_users,NYCHA bill change per apartment (positive = saving),,$/apt/yr,financial,
S2_hp0.75_tk0_A02_high,base,S2,heat_users,continuity of heat,no unserved heat in all operating modes,,non-financial,
S2_hp0.75_tk0_A02_high,base,S2,network_operator,net financial position,-3895738.0139047303,$/yr,financial,tariff + connection - fence - annualised operator capex - network O&M
S2_hp0.75_tk0_A02_high,base,S2,community,public / ratepayer funding need,3895738.0139047303,$/yr,financial,"operator shortfall, recovered from ratepayers in the pilot model"
S2_hp0.75_tk0_A02_high,base,S2,community,CO2 avoided,1246.5056454955902,tCO2e/yr,non-financial,
S2_hp0.75_tk0_A02_high,base,S2,community,NOx avoided next to the EJ block,4060.178728011989,kg/yr,non-financial,
S2_hp0.75_tk0_A02_high,base,S2,community,low-income households served,0.0,households,non-financial,
S2_hp0.75_tk0_A02_high,base,S2,community,winter peak vs all-electric,3.8436322385753834,MW,non-financial,positive = less peak than ASHPs
S2_hp0.75_tk0_A02_high,base,S2,community,"LL97 penalty exposure reduced (commercial, upper bound)",334063.51299281814,$/yr,context,only if those buildings exceed their LL97 limit; not added to savings
S2_hp0.75_tk0_A02_high,base,S2,system,annual savings (resource view),-5886092.164217,$/yr,financial,= sum of actors (transfers cancel)
S2_hp0.75_tk0_A03_low,base,S2,data_center,net financial value,129045.64731547656,$/yr,financial,heat sales - source-side electricity
S2_hp0.75_tk0_A03_low,base,S2,data_center,heat-sale revenue (transfer from operator),1580897.6550204635,$/yr,transfer,fence price 88.7 $/MWh
S2_hp0.75_tk0_A03_low,base,S2,data_center,source-side electricity cost,-1451852.007704987,$/yr,financial,
S2_hp0.75_tk0_A03_low,base,S2,heat_users,tariff + connection paid (transfer to operator),-1649204.0212767292,$/yr,transfer,
S2_hp0.75_tk0_A03_low,base,S2,data_center,cooling reliability,unchanged (H1 pass; towers take 100% in network outage),,non-financial,
S2_hp0.75_tk0_A03_low,base,S2,heat_users,net financial value (all connected buildings),-2239806.7447356954,$/yr,financial,
S2_hp0.75_tk0_A03_low,base,S2,heat_users,NYCHA bill change per apartment (positive = saving),,$/apt/yr,financial,
S2_hp0.75_tk0_A03_low,base,S2,heat_users,continuity of heat,no unserved heat in all operating modes,,non-financial,
S2_hp0.75_tk0_A03_low,base,S2,network_operator,net financial position,-3853657.8458770653,$/yr,financial,tariff + connection - fence - annualised operator capex - network O&M
S2_hp0.75_tk0_A03_low,base,S2,community,public / ratepayer funding need,3853657.8458770653,$/yr,financial,"operator shortfall, recovered from ratepayers in the pilot model"
S2_hp0.75_tk0_A03_low,base,S2,community,CO2 avoided,1087.3455771137124,tCO2e/yr,non-financial,
S2_hp0.75_tk0_A03_low,base,S2,community,NOx avoided next to the EJ block,4060.178728011989,kg/yr,non-financial,
S2_hp0.75_tk0_A03_low,base,S2,community,low-income households served,0.0,households,non-financial,
S2_hp0.75_tk0_A03_low,base,S2,community,winter peak vs all-electric,3.8436322385753834,MW,non-financial,positive = less peak than ASHPs
S2_hp0.75_tk0_A03_low,base,S2,community,"LL97 penalty exposure reduced (commercial, upper bound)",291408.61466647475,$/yr,context,only if those buildings exceed their LL97 limit; not added to savings
S2_hp0.75_tk0_A03_low,base,S2,system,annual savings (resource view),-5964418.943297284,$/yr,financial,= sum of actors (transfers cancel)
S2_hp0.75_tk0_A03_high,base,S2,data_center,net financial value,129045.64731547656,$/yr,financial,heat sales - source-side electricity
S2_hp0.75_tk0_A03_high,base,S2,data_center,heat-sale revenue (transfer from operator),1580897.6550204635,$/yr,transfer,fence price 88.7 $/MWh
S2_hp0.75_tk0_A03_high,base,S2,data_center,source-side electricity cost,-1451852.007704987,$/yr,financial,
S2_hp0.75_tk0_A03_high,base,S2,heat_users,tariff + connection paid (transfer to operator),-1649204.0212767292,$/yr,transfer,
S2_hp0.75_tk0_A03_high,base,S2,data_center,cooling reliability,unchanged (H1 pass; towers take 100% in network outage),,non-financial,
S2_hp0.75_tk0_A03_high,base,S2,heat_users,net financial value (all connected buildings),-2239806.7447356954,$/yr,financial,
S2_hp0.75_tk0_A03_high,base,S2,heat_users,NYCHA bill change per apartment (positive = saving),,$/apt/yr,financial,
S2_hp0.75_tk0_A03_high,base,S2,heat_users,continuity of heat,no unserved heat in all operating modes,,non-financial,
S2_hp0.75_tk0_A03_high,base,S2,network_operator,net financial position,-3853657.8458770653,$/yr,financial,tariff + connection - fence - annualised operator capex - network O&M
S2_hp0.75_tk0_A03_high,base,S2,community,public / ratepayer funding need,3853657.8458770653,$/yr,financial,"operator shortfall, recovered from ratepayers in the pilot model"
S2_hp0.75_tk0_A03_high,base,S2,community,CO2 avoided,1087.3455771137124,tCO2e/yr,non-financial,
S2_hp0.75_tk0_A03_high,base,S2,community,NOx avoided next to the EJ block,4060.178728011989,kg/yr,non-financial,
S2_hp0.75_tk0_A03_high,base,S2,community,low-income households served,0.0,households,non-financial,
S2_hp0.75_tk0_A03_high,base,S2,community,winter peak vs all-electric,3.8436322385753834,MW,non-financial,positive = less peak than ASHPs
S2_hp0.75_tk0_A03_high,base,S2,community,"LL97 penalty exposure reduced (commercial, upper bound)",291408.61466647475,$/yr,context,only if those buildings exceed their LL97 limit; not added to savings
S2_hp0.75_tk0_A03_high,base,S2,system,annual savings (resource view),-5964418.943297284,$/yr,financial,= sum of actors (transfers cancel)
S2_hp0.75_tk0_A04_low,base,S2,data_center,net financial value,127165.6962053203,$/yr,financial,heat sales - source-side electricity
S2_hp0.75_tk0_A04_low,base,S2,data_center,heat-sale revenue (transfer from operator),1557866.9650016578,$/yr,transfer,fence price 88.7 $/MWh
S2_hp0.75_tk0_A04_low,base,S2,data_center,source-side electricity cost,-1430701.2687963375,$/yr,financial,
S2_hp0.75_tk0_A04_low,base,S2,heat_users,tariff + connection paid (transfer to operator),-1625615.2799228523,$/yr,transfer,
S2_hp0.75_tk0_A04_low,base,S2,data_center,cooling reliability,unchanged (H1 pass; towers take 100% in network outage),,non-financial,
S2_hp0.75_tk0_A04_low,base,S2,heat_users,net financial value (all connected buildings),-2187861.896838076,$/yr,financial,
S2_hp0.75_tk0_A04_low,base,S2,heat_users,NYCHA bill change per apartment (positive = saving),,$/apt/yr,financial,
S2_hp0.75_tk0_A04_low,base,S2,heat_users,continuity of heat,no unserved heat in all operating modes,,non-financial,
S2_hp0.75_tk0_A04_low,base,S2,network_operator,net financial position,-3842248.9543388095,$/yr,financial,tariff + connection - fence - annualised operator capex - network O&M
S2_hp0.75_tk0_A04_low,base,S2,community,public / ratepayer funding need,3842248.9543388095,$/yr,financial,"operator shortfall, recovered from ratepayers in the pilot model"
S2_hp0.75_tk0_A04_low,base,S2,community,CO2 avoided,1149.4860167894449,tCO2e/yr,non-financial,
S2_hp0.75_tk0_A04_low,base,S2,community,NOx avoided next to the EJ block,4060.178728011989,kg/yr,non-financial,
S2_hp0.75_tk0_A04_low,base,S2,community,low-income households served,0.0,households,non-financial,
S2_hp0.75_tk0_A04_low,base,S2,community,winter peak vs all-electric,3.8241017378510955,MW,non-financial,positive = less peak than ASHPs
S2_hp0.75_tk0_A04_low,base,S2,community,"LL97 penalty exposure reduced (commercial, upper bound)",308062.2524995711,$/yr,context,only if those buildings exceed their LL97 limit; not added to savings
S2_hp0.75_tk0_A04_low,base,S2,system,annual savings (resource view),-5902945.154971565,$/yr,financial,= sum of actors (transfers cancel)
S2_hp0.75_tk0_A04_high,base,S2,data_center,net financial value,131194.16286994074,$/yr,financial,heat sales - source-side electricity
S2_hp0.75_tk0_A04_high,base,S2,data_center,heat-sale revenue (transfer from operator),1607218.4436133844,$/yr,transfer,fence price 88.7 $/MWh
S2_hp0.75_tk0_A04_high,base,S2,data_center,source-side electricity cost,-1476024.2807434436,$/yr,financial,
S2_hp0.75_tk0_A04_high,base,S2,heat_users,tariff + connection paid (transfer to operator),-1676162.5828240165,$/yr,transfer,
S2_hp0.75_tk0_A04_high,base,S2,data_center,cooling reliability,unchanged (H1 pass; towers take 100% in network outage),,non-financial,
S2_hp0.75_tk0_A04_high,base,S2,heat_users,net financial value (all connected buildings),-2299172.2851901166,$/yr,financial,
S2_hp0.75_tk0_A04_high,base,S2,heat_users,NYCHA bill change per apartment (positive = saving),,$/apt/yr,financial,
S2_hp0.75_tk0_A04_high,base,S2,heat_users,continuity of heat,no unserved heat in all operating modes,,non-financial,
S2_hp0.75_tk0_A04_high,base,S2,network_operator,net financial position,-3866696.579063646,$/yr,financial,tariff + connection - fence - annualised operator capex - network O&M
S2_hp0.75_tk0_A04_high,base,S2,community,public / ratepayer funding need,3866696.579063646,$/yr,financial,"operator shortfall, recovered from ratepayers in the pilot model"
S2_hp0.75_tk0_A04_high,base,S2,community,CO2 avoided,1016.3279317700199,tCO2e/yr,non-financial,
S2_hp0.75_tk0_A04_high,base,S2,community,NOx avoided next to the EJ block,4060.178728011989,kg/yr,non-financial,
S2_hp0.75_tk0_A04_high,base,S2,community,low-income households served,0.0,households,non-financial,
S2_hp0.75_tk0_A04_high,base,S2,community,winter peak vs all-electric,3.865952810831714,MW,non-financial,positive = less peak than ASHPs
S2_hp0.75_tk0_A04_high,base,S2,community,"LL97 penalty exposure reduced (commercial, upper bound)",272375.88571436517,$/yr,context,only if those buildings exceed their LL97 limit; not added to savings
S2_hp0.75_tk0_A04_high,base,S2,system,annual savings (resource view),-6034674.701383821,$/yr,financial,= sum of actors (transfers cancel)
S2_hp0.75_tk0_A10_low,base,S2,data_center,net financial value,120847.8513833799,$/yr,financial,heat sales - source-side electricity
S2_hp0.75_tk0_A10_low,base,S2,data_center,heat-sale revenue (transfer from operator),1480469.0343347543,$/yr,transfer,fence price 88.7 $/MWh
S2_hp0.75_tk0_A10_low,base,S2,data_center,source-side electricity cost,-1359621.1829513744,$/yr,financial,
S2_hp0.75_tk0_A10_low,base,S2,heat_users,tariff + connection paid (transfer to operator),-1546341.93785902,$/yr,transfer,
S2_hp0.75_tk0_A10_low,base,S2,data_center,cooling reliability,unchanged (H1 pass; towers take 100% in network outage),,non-financial,
S2_hp0.75_tk0_A10_low,base,S2,heat_users,net financial value (all connected buildings),-2388254.8105103904,$/yr,financial,
S2_hp0.75_tk0_A10_low,base,S2,heat_users,NYCHA bill change per apartment (positive = saving),,$/apt/yr,financial,
S2_hp0.75_tk0_A10_low,base,S2,heat_users,continuity of heat,no unserved heat in all operating modes,,non-financial,
S2_hp0.75_tk0_A10_low,base,S2,network_operator,net financial position,-3795975.776314922,$/yr,financial,tariff + connection - fence - annualised operator capex - network O&M
S2_hp0.75_tk0_A10_low,base,S2,community,public / ratepayer funding need,3795975.776314922,$/yr,financial,"operator shortfall, recovered from ratepayers in the pilot model"
S2_hp0.75_tk0_A10_low,base,S2,community,CO2 avoided,880.2830557241523,tCO2e/yr,non-financial,
S2_hp0.75_tk0_A10_low,base,S2,community,NOx avoided next to the EJ block,4060.178728011989,kg/yr,non-financial,
S2_hp0.75_tk0_A10_low,base,S2,community,low-income households served,0.0,households,non-financial,
S2_hp0.75_tk0_A10_low,base,S2,community,winter peak vs all-electric,3.8436322385753834,MW,non-financial,positive = less peak than ASHPs
S2_hp0.75_tk0_A10_low,base,S2,community,"LL97 penalty exposure reduced (commercial, upper bound)",235915.85893407275,$/yr,context,only if those buildings exceed their LL97 limit; not added to savings
S2_hp0.75_tk0_A10_low,base,S2,system,annual savings (resource view),-6063382.735441933,$/yr,financial,= sum of actors (transfers cancel)
S2_hp0.75_tk0_A10_high,base,S2,data_center,net financial value,135603.88406115398,$/yr,financial,heat sales - source-side electricity
S2_hp0.75_tk0_A10_high,base,S2,data_center,heat-sale revenue (transfer from operator),1661240.5515690309,$/yr,transfer,fence price 88.7 $/MWh
S2_hp0.75_tk0_A10_high,base,S2,data_center,source-side electricity cost,-1525636.6675078769,$/yr,financial,
S2_hp0.75_tk0_A10_high,base,S2,heat_users,tariff + connection paid (transfer to operator),-1731493.6880108966,$/yr,transfer,
S2_hp0.75_tk0_A10_high,base,S2,data_center,cooling reliability,unchanged (H1 pass; towers take 100% in network outage),,non-financial,
S2_hp0.75_tk0_A10_high,base,S2,heat_users,net financial value (all connected buildings),-2121048.292115939,$/yr,financial,
S2_hp0.75_tk0_A10_high,base,S2,heat_users,NYCHA bill change per apartment (positive = saving),,$/apt/yr,financial,
S2_hp0.75_tk0_A10_high,base,S2,heat_users,continuity of heat,no unserved heat in all operating modes,,non-financial,
S2_hp0.75_tk0_A10_high,base,S2,network_operator,net financial position,-3899803.5015267804,$/yr,financial,tariff + connection - fence - annualised operator capex - network O&M
S2_hp0.75_tk0_A10_high,base,S2,community,public / ratepayer funding need,3899803.5015267804,$/yr,financial,"operator shortfall, recovered from ratepayers in the pilot model"
S2_hp0.75_tk0_A10_high,base,S2,community,CO2 avoided,1252.99559422536,tCO2e/yr,non-financial,
S2_hp0.75_tk0_A10_high,base,S2,community,NOx avoided next to the EJ block,4060.178728011989,kg/yr,non-financial,
S2_hp0.75_tk0_A10_high,base,S2,community,low-income households served,0.0,households,non-financial,
S2_hp0.75_tk0_A10_high,base,S2,community,winter peak vs all-electric,3.8436322385753834,MW,non-financial,positive = less peak than ASHPs
S2_hp0.75_tk0_A10_high,base,S2,community,"LL97 penalty exposure reduced (commercial, upper bound)",335802.81925239635,$/yr,context,only if those buildings exceed their LL97 limit; not added to savings
S2_hp0.75_tk0_A10_high,base,S2,system,annual savings (resource view),-5885247.909581565,$/yr,financial,= sum of actors (transfers cancel)
S2_hp0.75_tk0_A11_low,base,S2,data_center,net financial value,129045.64731547656,$/yr,financial,heat sales - source-side electricity
S2_hp0.75_tk0_A11_low,base,S2,data_center,heat-sale revenue (transfer from operator),1580897.6550204635,$/yr,transfer,fence price 88.7 $/MWh
S2_hp0.75_tk0_A11_low,base,S2,data_center,source-side electricity cost,-1451852.007704987,$/yr,financial,
S2_hp0.75_tk0_A11_low,base,S2,heat_users,tariff + connection paid (transfer to operator),-1649204.0212767292,$/yr,transfer,
S2_hp0.75_tk0_A11_low,base,S2,data_center,cooling reliability,unchanged (H1 pass; towers take 100% in network outage),,non-financial,
S2_hp0.75_tk0_A11_low,base,S2,heat_users,net financial value (all connected buildings),-2209974.3386630267,$/yr,financial,
S2_hp0.75_tk0_A11_low,base,S2,heat_users,NYCHA bill change per apartment (positive = saving),,$/apt/yr,financial,
S2_hp0.75_tk0_A11_low,base,S2,heat_users,continuity of heat,no unserved heat in all operating modes,,non-financial,
S2_hp0.75_tk0_A11_low,base,S2,network_operator,net financial position,-3853657.8458770653,$/yr,financial,tariff + connection - fence - annualised operator capex - network O&M
S2_hp0.75_tk0_A11_low,base,S2,community,public / ratepayer funding need,3853657.8458770653,$/yr,financial,"operator shortfall, recovered from ratepayers in the pilot model"
S2_hp0.75_tk0_A11_low,base,S2,community,CO2 avoided,1126.176350643309,tCO2e/yr,non-financial,
S2_hp0.75_tk0_A11_low,base,S2,community,NOx avoided next to the EJ block,4060.178728011989,kg/yr,non-financial,
S2_hp0.75_tk0_A11_low,base,S2,community,low-income households served,0.0,households,non-financial,
S2_hp0.75_tk0_A11_low,base,S2,community,winter peak vs all-electric,3.8436322385753834,MW,non-financial,positive = less peak than ASHPs
S2_hp0.75_tk0_A11_low,base,S2,community,"LL97 penalty exposure reduced (commercial, upper bound)",301815.2619724067,$/yr,context,only if those buildings exceed their LL97 limit; not added to savings
S2_hp0.75_tk0_A11_low,base,S2,system,annual savings (resource view),-5934586.537224616,$/yr,financial,= sum of actors (transfers cancel)
S2_hp0.75_tk0_A11_high,base,S2,data_center,net financial value,129045.64731547656,$/yr,financial,heat sales - source-side electricity
S2_hp0.75_tk0_A11_high,base,S2,data_center,heat-sale revenue (transfer from operator),1580897.6550204635,$/yr,transfer,fence price 88.7 $/MWh
S2_hp0.75_tk0_A11_high,base,S2,data_center,source-side electricity cost,-1451852.007704987,$/yr,financial,
S2_hp0.75_tk0_A11_high,base,S2,heat_users,tariff + connection paid (transfer to operator),-1649204.0212767292,$/yr,transfer,
S2_hp0.75_tk0_A11_high,base,S2,data_center,cooling reliability,unchanged (H1 pass; towers take 100% in network outage),,non-financial,
S2_hp0.75_tk0_A11_high,base,S2,heat_users,net financial value (all connected buildings),-2359136.3690263703,$/yr,financial,
S2_hp0.75_tk0_A11_high,base,S2,heat_users,NYCHA bill change per apartment (positive = saving),,$/apt/yr,financial,
S2_hp0.75_tk0_A11_high,base,S2,heat_users,continuity of heat,no unserved heat in all operating modes,,non-financial,
S2_hp0.75_tk0_A11_high,base,S2,network_operator,net financial position,-3853657.8458770653,$/yr,financial,tariff + connection - fence - annualised operator capex - network O&M
S2_hp0.75_tk0_A11_high,base,S2,community,public / ratepayer funding need,3853657.8458770653,$/yr,financial,"operator shortfall, recovered from ratepayers in the pilot model"
S2_hp0.75_tk0_A11_high,base,S2,community,CO2 avoided,932.0224829953249,tCO2e/yr,non-financial,
S2_hp0.75_tk0_A11_high,base,S2,community,NOx avoided next to the EJ block,4060.178728011989,kg/yr,non-financial,
S2_hp0.75_tk0_A11_high,base,S2,community,low-income households served,0.0,households,non-financial,
S2_hp0.75_tk0_A11_high,base,S2,community,winter peak vs all-electric,3.8436322385753834,MW,non-financial,positive = less peak than ASHPs
S2_hp0.75_tk0_A11_high,base,S2,community,"LL97 penalty exposure reduced (commercial, upper bound)",249782.02544274685,$/yr,context,only if those buildings exceed their LL97 limit; not added to savings
S2_hp0.75_tk0_A11_high,base,S2,system,annual savings (resource view),-6083748.567587959,$/yr,financial,= sum of actors (transfers cancel)
S2_hp0.75_tk0_A16_low,base,S2,data_center,net financial value,129045.64731547656,$/yr,financial,heat sales - source-side electricity
S2_hp0.75_tk0_A16_low,base,S2,data_center,heat-sale revenue (transfer from operator),1580897.6550204635,$/yr,transfer,fence price 88.7 $/MWh
S2_hp0.75_tk0_A16_low,base,S2,data_center,source-side electricity cost,-1451852.007704987,$/yr,financial,
S2_hp0.75_tk0_A16_low,base,S2,heat_users,tariff + connection paid (transfer to operator),-1649204.0212767292,$/yr,transfer,
S2_hp0.75_tk0_A16_low,base,S2,data_center,cooling reliability,unchanged (H1 pass; towers take 100% in network outage),,non-financial,
S2_hp0.75_tk0_A16_low,base,S2,heat_users,net financial value (all connected buildings),-2239806.7447356954,$/yr,financial,
S2_hp0.75_tk0_A16_low,base,S2,heat_users,NYCHA bill change per apartment (positive = saving),,$/apt/yr,financial,
S2_hp0.75_tk0_A16_low,base,S2,heat_users,continuity of heat,no unserved heat in all operating modes,,non-financial,
S2_hp0.75_tk0_A16_low,base,S2,network_operator,net financial position,-3853657.8458770653,$/yr,financial,tariff + connection - fence - annualised operator capex - network O&M
S2_hp0.75_tk0_A16_low,base,S2,community,public / ratepayer funding need,3853657.8458770653,$/yr,financial,"operator shortfall, recovered from ratepayers in the pilot model"
S2_hp0.75_tk0_A16_low,base,S2,community,CO2 avoided,1087.3455771137124,tCO2e/yr,non-financial,
S2_hp0.75_tk0_A16_low,base,S2,community,NOx avoided next to the EJ block,4060.178728011989,kg/yr,non-financial,
S2_hp0.75_tk0_A16_low,base,S2,community,low-income households served,0.0,households,non-financial,
S2_hp0.75_tk0_A16_low,base,S2,community,winter peak vs all-electric,3.8436322385753834,MW,non-financial,positive = less peak than ASHPs
S2_hp0.75_tk0_A16_low,base,S2,community,"LL97 penalty exposure reduced (commercial, upper bound)",291408.61466647475,$/yr,context,only if those buildings exceed their LL97 limit; not added to savings
S2_hp0.75_tk0_A16_low,base,S2,system,annual savings (resource view),-5964418.943297284,$/yr,financial,= sum of actors (transfers cancel)
S2_hp0.75_tk0_A16_high,base,S2,data_center,net financial value,129613.48141163471,$/yr,financial,heat sales - source-side electricity
S2_hp0.75_tk0_A16_high,base,S2,data_center,heat-sale revenue (transfer from operator),1587854.0120129786,$/yr,transfer,fence price 88.7 $/MWh
S2_hp0.75_tk0_A16_high,base,S2,data_center,source-side electricity cost,-1458240.5306013438,$/yr,financial,
S2_hp0.75_tk0_A16_high,base,S2,heat_users,tariff + connection paid (transfer to operator),-1656328.9361502158,$/yr,transfer,
S2_hp0.75_tk0_A16_high,base,S2,data_center,cooling reliability,unchanged (H1 pass; towers take 100% in network outage),,non-financial,
S2_hp0.75_tk0_A16_high,base,S2,heat_users,net financial value (all connected buildings),-2250836.5700620543,$/yr,financial,
S2_hp0.75_tk0_A16_high,base,S2,heat_users,NYCHA bill change per apartment (positive = saving),,$/apt/yr,financial,
S2_hp0.75_tk0_A16_high,base,S2,heat_users,continuity of heat,no unserved heat in all operating modes,,non-financial,
S2_hp0.75_tk0_A16_high,base,S2,network_operator,net financial position,-3853489.2879960937,$/yr,financial,tariff + connection - fence - annualised operator capex - network O&M
S2_hp0.75_tk0_A16_high,base,S2,community,public / ratepayer funding need,3853489.2879960937,$/yr,financial,"operator shortfall, recovered from ratepayers in the pilot model"
S2_hp0.75_tk0_A16_high,base,S2,community,CO2 avoided,1092.0575572414118,tCO2e/yr,non-financial,
S2_hp0.75_tk0_A16_high,base,S2,community,NOx avoided next to the EJ block,4080.2457735798776,kg/yr,non-financial,
S2_hp0.75_tk0_A16_high,base,S2,community,low-income households served,0.0,households,non-financial,
S2_hp0.75_tk0_A16_high,base,S2,community,winter peak vs all-electric,-0.18376964738813184,MW,non-financial,positive = less peak than ASHPs
S2_hp0.75_tk0_A16_high,base,S2,community,"LL97 penalty exposure reduced (commercial, upper bound)",292671.4253406982,$/yr,context,only if those buildings exceed their LL97 limit; not added to savings
S2_hp0.75_tk0_A16_high,base,S2,system,annual savings (resource view),-5974712.376646514,$/yr,financial,= sum of actors (transfers cancel)
S2_hp0.75_tk0_A17_low,base,S2,data_center,net financial value,1580897.6550204635,$/yr,financial,heat sales - source-side electricity
S2_hp0.75_tk0_A17_low,base,S2,data_center,heat-sale revenue (transfer from operator),1580897.6550204635,$/yr,transfer,fence price 88.7 $/MWh
S2_hp0.75_tk0_A17_low,base,S2,data_center,source-side electricity cost,-0.0,$/yr,financial,
S2_hp0.75_tk0_A17_low,base,S2,heat_users,tariff + connection paid (transfer to operator),-1649204.0212767292,$/yr,transfer,
S2_hp0.75_tk0_A17_low,base,S2,data_center,cooling reliability,unchanged (H1 pass; towers take 100% in network outage),,non-financial,
S2_hp0.75_tk0_A17_low,base,S2,heat_users,net financial value (all connected buildings),-2239806.7447356954,$/yr,financial,
S2_hp0.75_tk0_A17_low,base,S2,heat_users,NYCHA bill change per apartment (positive = saving),,$/apt/yr,financial,
S2_hp0.75_tk0_A17_low,base,S2,heat_users,continuity of heat,no unserved heat in all operating modes,,non-financial,
S2_hp0.75_tk0_A17_low,base,S2,network_operator,net financial position,-3853657.8458770653,$/yr,financial,tariff + connection - fence - annualised operator capex - network O&M
S2_hp0.75_tk0_A17_low,base,S2,community,public / ratepayer funding need,3853657.8458770653,$/yr,financial,"operator shortfall, recovered from ratepayers in the pilot model"
S2_hp0.75_tk0_A17_low,base,S2,community,CO2 avoided,2977.1206214851018,tCO2e/yr,non-financial,
S2_hp0.75_tk0_A17_low,base,S2,community,NOx avoided next to the EJ block,4060.178728011989,kg/yr,non-financial,
S2_hp0.75_tk0_A17_low,base,S2,community,low-income households served,0.0,households,non-financial,
S2_hp0.75_tk0_A17_low,base,S2,community,winter peak vs all-electric,3.8436322385753834,MW,non-financial,positive = less peak than ASHPs
S2_hp0.75_tk0_A17_low,base,S2,community,"LL97 penalty exposure reduced (commercial, upper bound)",797868.3265580072,$/yr,context,only if those buildings exceed their LL97 limit; not added to savings
S2_hp0.75_tk0_A17_low,base,S2,system,annual savings (resource view),-4512566.9355922965,$/yr,financial,= sum of actors (transfers cancel)
S2_hp0.75_tk0_A17_high,base,S2,data_center,net financial value,129045.64731547656,$/yr,financial,heat sales - source-side electricity
S2_hp0.75_tk0_A17_high,base,S2,data_center,heat-sale revenue (transfer from operator),1580897.6550204635,$/yr,transfer,fence price 88.7 $/MWh
S2_hp0.75_tk0_A17_high,base,S2,data_center,source-side electricity cost,-1451852.007704987,$/yr,financial,
S2_hp0.75_tk0_A17_high,base,S2,heat_users,tariff + connection paid (transfer to operator),-1649204.0212767292,$/yr,transfer,
S2_hp0.75_tk0_A17_high,base,S2,data_center,cooling reliability,unchanged (H1 pass; towers take 100% in network outage),,non-financial,
S2_hp0.75_tk0_A17_high,base,S2,heat_users,net financial value (all connected buildings),-2239806.7447356954,$/yr,financial,
S2_hp0.75_tk0_A17_high,base,S2,heat_users,NYCHA bill change per apartment (positive = saving),,$/apt/yr,financial,
S2_hp0.75_tk0_A17_high,base,S2,heat_users,continuity of heat,no unserved heat in all operating modes,,non-financial,
S2_hp0.75_tk0_A17_high,base,S2,network_operator,net financial position,-3853657.8458770653,$/yr,financial,tariff + connection - fence - annualised operator capex - network O&M
S2_hp0.75_tk0_A17_high,base,S2,community,public / ratepayer funding need,3853657.8458770653,$/yr,financial,"operator shortfall, recovered from ratepayers in the pilot model"
S2_hp0.75_tk0_A17_high,base,S2,community,CO2 avoided,1087.3455771137124,tCO2e/yr,non-financial,
S2_hp0.75_tk0_A17_high,base,S2,community,NOx avoided next to the EJ block,4060.178728011989,kg/yr,non-financial,
S2_hp0.75_tk0_A17_high,base,S2,community,low-income households served,0.0,households,non-financial,
S2_hp0.75_tk0_A17_high,base,S2,community,winter peak vs all-electric,3.8436322385753834,MW,non-financial,positive = less peak than ASHPs
S2_hp0.75_tk0_A17_high,base,S2,community,"LL97 penalty exposure reduced (commercial, upper bound)",291408.61466647475,$/yr,context,only if those buildings exceed their LL97 limit; not added to savings
S2_hp0.75_tk0_A17_high,base,S2,system,annual savings (resource view),-5964418.943297284,$/yr,financial,= sum of actors (transfers cancel)
S2_hp0.75_tk0_A18_low,base,S2,data_center,net financial value,134513.22880089725,$/yr,financial,heat sales - source-side electricity
S2_hp0.75_tk0_A18_low,base,S2,data_center,heat-sale revenue (transfer from operator),1647879.276863187,$/yr,transfer,fence price 88.7 $/MWh
S2_hp0.75_tk0_A18_low,base,S2,data_center,source-side electricity cost,-1513366.0480622898,$/yr,financial,
S2_hp0.75_tk0_A18_low,base,S2,heat_users,tariff + connection paid (transfer to operator),-1717808.6593410263,$/yr,transfer,
S2_hp0.75_tk0_A18_low,base,S2,data_center,cooling reliability,unchanged (H1 pass; towers take 100% in network outage),,non-financial,
S2_hp0.75_tk0_A18_low,base,S2,heat_users,net financial value (all connected buildings),-2140798.1938155163,$/yr,financial,
S2_hp0.75_tk0_A18_low,base,S2,heat_users,NYCHA bill change per apartment (positive = saving),,$/apt/yr,financial,
S2_hp0.75_tk0_A18_low,base,S2,heat_users,continuity of heat,no unserved heat in all operating modes,,non-financial,
S2_hp0.75_tk0_A18_low,base,S2,network_operator,net financial position,-3910400.864550298,$/yr,financial,tariff + connection - fence - annualised operator capex - network O&M
S2_hp0.75_tk0_A18_low,base,S2,community,public / ratepayer funding need,3910400.864550298,$/yr,financial,"operator shortfall, recovered from ratepayers in the pilot model"
S2_hp0.75_tk0_A18_low,base,S2,community,CO2 avoided,1225.4474788506723,tCO2e/yr,non-financial,
S2_hp0.75_tk0_A18_low,base,S2,community,NOx avoided next to the EJ block,4060.178728011989,kg/yr,non-financial,
S2_hp0.75_tk0_A18_low,base,S2,community,low-income households served,0.0,households,non-financial,
S2_hp0.75_tk0_A18_low,base,S2,community,winter peak vs all-electric,3.8436322385753834,MW,non-financial,positive = less peak than ASHPs
S2_hp0.75_tk0_A18_low,base,S2,community,"LL97 penalty exposure reduced (commercial, upper bound)",328419.9243319802,$/yr,context,only if those buildings exceed their LL97 limit; not added to savings
S2_hp0.75_tk0_A18_low,base,S2,system,annual savings (resource view),-5916685.829564917,$/yr,financial,= sum of actors (transfers cancel)
S2_hp0.75_tk0_A18_high,base,S2,data_center,net financial value,123883.38938082661,$/yr,financial,heat sales - source-side electricity
S2_hp0.75_tk0_A18_high,base,S2,data_center,heat-sale revenue (transfer from operator),1517656.45600855,$/yr,transfer,fence price 88.7 $/MWh
S2_hp0.75_tk0_A18_high,base,S2,data_center,source-side electricity cost,-1393773.0666277234,$/yr,financial,
S2_hp0.75_tk0_A18_high,base,S2,heat_users,tariff + connection paid (transfer to operator),-1584430.4393656806,$/yr,transfer,
S2_hp0.75_tk0_A18_high,base,S2,data_center,cooling reliability,unchanged (H1 pass; towers take 100% in network outage),,non-financial,
S2_hp0.75_tk0_A18_high,base,S2,heat_users,net financial value (all connected buildings),-2333286.408266782,$/yr,financial,
S2_hp0.75_tk0_A18_high,base,S2,heat_users,NYCHA bill change per apartment (positive = saving),,$/apt/yr,financial,
S2_hp0.75_tk0_A18_high,base,S2,heat_users,continuity of heat,no unserved heat in all operating modes,,non-financial,
S2_hp0.75_tk0_A18_high,base,S2,network_operator,net financial position,-3800083.5005905847,$/yr,financial,tariff + connection - fence - annualised operator capex - network O&M
S2_hp0.75_tk0_A18_high,base,S2,community,public / ratepayer funding need,3800083.5005905847,$/yr,financial,"operator shortfall, recovered from ratepayers in the pilot model"
S2_hp0.75_tk0_A18_high,base,S2,community,CO2 avoided,956.9556341502794,tCO2e/yr,non-financial,
S2_hp0.75_tk0_A18_high,base,S2,community,NOx avoided next to the EJ block,4060.178728011989,kg/yr,non-financial,
S2_hp0.75_tk0_A18_high,base,S2,community,low-income households served,0.0,households,non-financial,
S2_hp0.75_tk0_A18_high,base,S2,community,winter peak vs all-electric,3.8436322385753834,MW,non-financial,positive = less peak than ASHPs
S2_hp0.75_tk0_A18_high,base,S2,community,"LL97 penalty exposure reduced (commercial, upper bound)",256464.10995227483,$/yr,context,only if those buildings exceed their LL97 limit; not added to savings
S2_hp0.75_tk0_A18_high,base,S2,system,annual savings (resource view),-6009486.519476539,$/yr,financial,= sum of actors (transfers cancel)
S2_hp0.75_tk0_A19_low,base,S2,data_center,net financial value,129045.64731547656,$/yr,financial,heat sales - source-side electricity
S2_hp0.75_tk0_A19_low,base,S2,data_center,heat-sale revenue (transfer from operator),1580897.6550204635,$/yr,transfer,fence price 88.7 $/MWh
S2_hp0.75_tk0_A19_low,base,S2,data_center,source-side electricity cost,-1451852.007704987,$/yr,financial,
S2_hp0.75_tk0_A19_low,base,S2,heat_users,tariff + connection paid (transfer to operator),-1649204.0212767292,$/yr,transfer,
S2_hp0.75_tk0_A19_low,base,S2,data_center,cooling reliability,unchanged (H1 pass; towers take 100% in network outage),,non-financial,
S2_hp0.75_tk0_A19_low,base,S2,heat_users,net financial value (all connected buildings),-2239806.7447356954,$/yr,financial,
S2_hp0.75_tk0_A19_low,base,S2,heat_users,NYCHA bill change per apartment (positive = saving),,$/apt/yr,financial,
S2_hp0.75_tk0_A19_low,base,S2,heat_users,continuity of heat,no unserved heat in all operating modes,,non-financial,
S2_hp0.75_tk0_A19_low,base,S2,network_operator,net financial position,-3853657.8458770653,$/yr,financial,tariff + connection - fence - annualised operator capex - network O&M
S2_hp0.75_tk0_A19_low,base,S2,community,public / ratepayer funding need,3853657.8458770653,$/yr,financial,"operator shortfall, recovered from ratepayers in the pilot model"
S2_hp0.75_tk0_A19_low,base,S2,community,CO2 avoided,1087.3455771137124,tCO2e/yr,non-financial,
S2_hp0.75_tk0_A19_low,base,S2,community,NOx avoided next to the EJ block,4060.178728011989,kg/yr,non-financial,
S2_hp0.75_tk0_A19_low,base,S2,community,low-income households served,0.0,households,non-financial,
S2_hp0.75_tk0_A19_low,base,S2,community,winter peak vs all-electric,3.8436322385753834,MW,non-financial,positive = less peak than ASHPs
S2_hp0.75_tk0_A19_low,base,S2,community,"LL97 penalty exposure reduced (commercial, upper bound)",291408.61466647475,$/yr,context,only if those buildings exceed their LL97 limit; not added to savings
S2_hp0.75_tk0_A19_low,base,S2,system,annual savings (resource view),-5964418.943297284,$/yr,financial,= sum of actors (transfers cancel)
S2_hp0.75_tk0_A19_high,base,S2,data_center,net financial value,129045.64731547656,$/yr,financial,heat sales - source-side electricity
S2_hp0.75_tk0_A19_high,base,S2,data_center,heat-sale revenue (transfer from operator),1580897.6550204635,$/yr,transfer,fence price 88.7 $/MWh
S2_hp0.75_tk0_A19_high,base,S2,data_center,source-side electricity cost,-1451852.007704987,$/yr,financial,
S2_hp0.75_tk0_A19_high,base,S2,heat_users,tariff + connection paid (transfer to operator),-1649204.0212767292,$/yr,transfer,
S2_hp0.75_tk0_A19_high,base,S2,data_center,cooling reliability,unchanged (H1 pass; towers take 100% in network outage),,non-financial,
S2_hp0.75_tk0_A19_high,base,S2,heat_users,net financial value (all connected buildings),-2239806.7447356954,$/yr,financial,
S2_hp0.75_tk0_A19_high,base,S2,heat_users,NYCHA bill change per apartment (positive = saving),,$/apt/yr,financial,
S2_hp0.75_tk0_A19_high,base,S2,heat_users,continuity of heat,no unserved heat in all operating modes,,non-financial,
S2_hp0.75_tk0_A19_high,base,S2,network_operator,net financial position,-3853657.8458770653,$/yr,financial,tariff + connection - fence - annualised operator capex - network O&M
S2_hp0.75_tk0_A19_high,base,S2,community,public / ratepayer funding need,3853657.8458770653,$/yr,financial,"operator shortfall, recovered from ratepayers in the pilot model"
S2_hp0.75_tk0_A19_high,base,S2,community,CO2 avoided,1087.3455771137124,tCO2e/yr,non-financial,
S2_hp0.75_tk0_A19_high,base,S2,community,NOx avoided next to the EJ block,4060.178728011989,kg/yr,non-financial,
S2_hp0.75_tk0_A19_high,base,S2,community,low-income households served,0.0,households,non-financial,
S2_hp0.75_tk0_A19_high,base,S2,community,winter peak vs all-electric,3.8436322385753834,MW,non-financial,positive = less peak than ASHPs
S2_hp0.75_tk0_A19_high,base,S2,community,"LL97 penalty exposure reduced (commercial, upper bound)",291408.61466647475,$/yr,context,only if those buildings exceed their LL97 limit; not added to savings
S2_hp0.75_tk0_A19_high,base,S2,system,annual savings (resource view),-5964418.943297284,$/yr,financial,= sum of actors (transfers cancel)
S2_hp0.75_tk0_A20_low,base,S2,data_center,net financial value,111802.45354008349,$/yr,financial,heat sales - source-side electricity
S2_hp0.75_tk0_A20_low,base,S2,data_center,heat-sale revenue (transfer from operator),1369656.7091097494,$/yr,transfer,fence price 88.7 $/MWh
S2_hp0.75_tk0_A20_low,base,S2,data_center,source-side electricity cost,-1257854.255569666,$/yr,financial,
S2_hp0.75_tk0_A20_low,base,S2,heat_users,tariff + connection paid (transfer to operator),-1432844.5447535627,$/yr,transfer,
S2_hp0.75_tk0_A20_low,base,S2,data_center,cooling reliability,unchanged (H1 pass; towers take 100% in network outage),,non-financial,
S2_hp0.75_tk0_A20_low,base,S2,heat_users,net financial value (all connected buildings),-2285682.5144910393,$/yr,financial,
S2_hp0.75_tk0_A20_low,base,S2,heat_users,NYCHA bill change per apartment (positive = saving),,$/apt/yr,financial,
S2_hp0.75_tk0_A20_low,base,S2,heat_users,continuity of heat,no unserved heat in all operating modes,,non-financial,
S2_hp0.75_tk0_A20_low,base,S2,network_operator,net financial position,-4194560.049170819,$/yr,financial,tariff + connection - fence - annualised operator capex - network O&M
S2_hp0.75_tk0_A20_low,base,S2,community,public / ratepayer funding need,4194560.049170819,$/yr,financial,"operator shortfall, recovered from ratepayers in the pilot model"
S2_hp0.75_tk0_A20_low,base,S2,community,CO2 avoided,924.6433505716186,tCO2e/yr,non-financial,
S2_hp0.75_tk0_A20_low,base,S2,community,NOx avoided next to the EJ block,4045.375705547339,kg/yr,non-financial,
S2_hp0.75_tk0_A20_low,base,S2,community,low-income households served,0.0,households,non-financial,
S2_hp0.75_tk0_A20_low,base,S2,community,winter peak vs all-electric,4.789641290815872,MW,non-financial,positive = less peak than ASHPs
S2_hp0.75_tk0_A20_low,base,S2,community,"LL97 penalty exposure reduced (commercial, upper bound)",247804.41795319365,$/yr,context,only if those buildings exceed their LL97 limit; not added to savings
S2_hp0.75_tk0_A20_low,base,S2,system,annual savings (resource view),-6368440.1101217745,$/yr,financial,= sum of actors (transfers cancel)
S2_hp0.75_tk0_A20_high,base,S2,data_center,net financial value,137450.3225203983,$/yr,financial,heat sales - source-side electricity
S2_hp0.75_tk0_A20_high,base,S2,data_center,heat-sale revenue (transfer from operator),1683860.6886374464,$/yr,transfer,fence price 88.7 $/MWh
S2_hp0.75_tk0_A20_high,base,S2,data_center,source-side electricity cost,-1546410.366117048,$/yr,financial,
S2_hp0.75_tk0_A20_high,base,S2,heat_users,tariff + connection paid (transfer to operator),-1754661.9284005845,$/yr,transfer,
S2_hp0.75_tk0_A20_high,base,S2,data_center,cooling reliability,unchanged (H1 pass; towers take 100% in network outage),,non-financial,
S2_hp0.75_tk0_A20_high,base,S2,heat_users,net financial value (all connected buildings),-2217445.9831742463,$/yr,financial,
S2_hp0.75_tk0_A20_high,base,S2,heat_users,NYCHA bill change per apartment (positive = saving),,$/apt/yr,financial,
S2_hp0.75_tk0_A20_high,base,S2,heat_users,continuity of heat,no unserved heat in all operating modes,,non-financial,
S2_hp0.75_tk0_A20_high,base,S2,network_operator,net financial position,-3687495.3395196386,$/yr,financial,tariff + connection - fence - annualised operator capex - network O&M
S2_hp0.75_tk0_A20_high,base,S2,community,public / ratepayer funding need,3687495.3395196386,$/yr,financial,"operator shortfall, recovered from ratepayers in the pilot model"
S2_hp0.75_tk0_A20_high,base,S2,community,CO2 avoided,1166.649874624728,tCO2e/yr,non-financial,
S2_hp0.75_tk0_A20_high,base,S2,community,NOx avoided next to the EJ block,4067.3940152428318,kg/yr,non-financial,
S2_hp0.75_tk0_A20_high,base,S2,community,low-income households served,0.0,households,non-financial,
S2_hp0.75_tk0_A20_high,base,S2,community,winter peak vs all-electric,3.382528632795388,MW,non-financial,positive = less peak than ASHPs
S2_hp0.75_tk0_A20_high,base,S2,community,"LL97 penalty exposure reduced (commercial, upper bound)",312662.166399427,$/yr,context,only if those buildings exceed their LL97 limit; not added to savings
S2_hp0.75_tk0_A20_high,base,S2,system,annual savings (resource view),-5767491.000173487,$/yr,financial,= sum of actors (transfers cancel)
S3_hp0.5_tk0_base,base,S3,data_center,net financial value,100338.12910901709,$/yr,financial,heat sales - source-side electricity
S3_hp0.5_tk0_base,base,S3,data_center,heat-sale revenue (transfer from operator),1229210.8747364348,$/yr,transfer,fence price 88.7 $/MWh
S3_hp0.5_tk0_base,base,S3,data_center,source-side electricity cost,-1128872.7456274177,$/yr,financial,
S3_hp0.5_tk0_base,base,S3,heat_users,tariff + connection paid (transfer to operator),-1278995.5997781255,$/yr,transfer,
S3_hp0.5_tk0_base,base,S3,data_center,cooling reliability,unchanged (H1 pass; towers take 100% in network outage),,non-financial,
S3_hp0.5_tk0_base,base,S3,heat_users,net financial value (all connected buildings),-839724.7065846878,$/yr,financial,
S3_hp0.5_tk0_base,base,S3,heat_users,NYCHA bill change per apartment (positive = saving),-405.25360878588776,$/apt/yr,financial,
S3_hp0.5_tk0_base,base,S3,heat_users,continuity of heat,no unserved heat in all operating modes,,non-financial,
S3_hp0.5_tk0_base,base,S3,network_operator,net financial position,-13896377.125910588,$/yr,financial,tariff + connection - fence - annualised operator capex - network O&M
S3_hp0.5_tk0_base,base,S3,community,public / ratepayer funding need,13896377.125910588,$/yr,financial,"operator shortfall, recovered from ratepayers in the pilot model"
S3_hp0.5_tk0_base,base,S3,community,CO2 avoided,802.1449276466274,tCO2e/yr,non-financial,
S3_hp0.5_tk0_base,base,S3,community,NOx avoided next to the EJ block,1610.951692554328,kg/yr,non-financial,
S3_hp0.5_tk0_base,base,S3,community,low-income households served,2072.0,households,non-financial,
S3_hp0.5_tk0_base,base,S3,community,winter peak vs all-electric,1.04239620522617,MW,non-financial,positive = less peak than ASHPs
S3_hp0.5_tk0_base,base,S3,community,"LL97 penalty exposure reduced (commercial, upper bound)",31320.46211856038,$/yr,context,only if those buildings exceed their LL97 limit; not added to savings
S3_hp0.5_tk0_base,base,S3,system,annual savings (resource view),-14635763.70338626,$/yr,financial,= sum of actors (transfers cancel)
S3_hp0.5_tk2_base,base,S3,data_center,net financial value,100338.12910901709,$/yr,financial,heat sales - source-side electricity
S3_hp0.5_tk2_base,base,S3,data_center,heat-sale revenue (transfer from operator),1229210.8747364348,$/yr,transfer,fence price 88.7 $/MWh
S3_hp0.5_tk2_base,base,S3,data_center,source-side electricity cost,-1128872.7456274177,$/yr,financial,
S3_hp0.5_tk2_base,base,S3,heat_users,tariff + connection paid (transfer to operator),-1278995.5997781255,$/yr,transfer,
S3_hp0.5_tk2_base,base,S3,data_center,cooling reliability,unchanged (H1 pass; towers take 100% in network outage),,non-financial,
S3_hp0.5_tk2_base,base,S3,heat_users,net financial value (all connected buildings),-839724.7065846878,$/yr,financial,
S3_hp0.5_tk2_base,base,S3,heat_users,NYCHA bill change per apartment (positive = saving),-405.25360878588776,$/apt/yr,financial,
S3_hp0.5_tk2_base,base,S3,heat_users,continuity of heat,no unserved heat in all operating modes,,non-financial,
S3_hp0.5_tk2_base,base,S3,network_operator,net financial position,-13896377.125910588,$/yr,financial,tariff + connection - fence - annualised operator capex - network O&M
S3_hp0.5_tk2_base,base,S3,community,public / ratepayer funding need,13896377.125910588,$/yr,financial,"operator shortfall, recovered from ratepayers in the pilot model"
S3_hp0.5_tk2_base,base,S3,community,CO2 avoided,802.1449276466274,tCO2e/yr,non-financial,
S3_hp0.5_tk2_base,base,S3,community,NOx avoided next to the EJ block,1610.951692554328,kg/yr,non-financial,
S3_hp0.5_tk2_base,base,S3,community,low-income households served,2072.0,households,non-financial,
S3_hp0.5_tk2_base,base,S3,community,winter peak vs all-electric,1.04239620522617,MW,non-financial,positive = less peak than ASHPs
S3_hp0.5_tk2_base,base,S3,community,"LL97 penalty exposure reduced (commercial, upper bound)",31320.46211856038,$/yr,context,only if those buildings exceed their LL97 limit; not added to savings
S3_hp0.5_tk2_base,base,S3,system,annual savings (resource view),-14635763.70338626,$/yr,financial,= sum of actors (transfers cancel)
S3_hp0.5_tk6_base,base,S3,data_center,net financial value,100338.12910901709,$/yr,financial,heat sales - source-side electricity
S3_hp0.5_tk6_base,base,S3,data_center,heat-sale revenue (transfer from operator),1229210.8747364348,$/yr,transfer,fence price 88.7 $/MWh
S3_hp0.5_tk6_base,base,S3,data_center,source-side electricity cost,-1128872.7456274177,$/yr,financial,
S3_hp0.5_tk6_base,base,S3,heat_users,tariff + connection paid (transfer to operator),-1278995.5997781255,$/yr,transfer,
S3_hp0.5_tk6_base,base,S3,data_center,cooling reliability,unchanged (H1 pass; towers take 100% in network outage),,non-financial,
S3_hp0.5_tk6_base,base,S3,heat_users,net financial value (all connected buildings),-839724.7065846878,$/yr,financial,
S3_hp0.5_tk6_base,base,S3,heat_users,NYCHA bill change per apartment (positive = saving),-405.25360878588776,$/apt/yr,financial,
S3_hp0.5_tk6_base,base,S3,heat_users,continuity of heat,no unserved heat in all operating modes,,non-financial,
S3_hp0.5_tk6_base,base,S3,network_operator,net financial position,-13896377.125910588,$/yr,financial,tariff + connection - fence - annualised operator capex - network O&M
S3_hp0.5_tk6_base,base,S3,community,public / ratepayer funding need,13896377.125910588,$/yr,financial,"operator shortfall, recovered from ratepayers in the pilot model"
S3_hp0.5_tk6_base,base,S3,community,CO2 avoided,802.1449276466274,tCO2e/yr,non-financial,
S3_hp0.5_tk6_base,base,S3,community,NOx avoided next to the EJ block,1610.951692554328,kg/yr,non-financial,
S3_hp0.5_tk6_base,base,S3,community,low-income households served,2072.0,households,non-financial,
S3_hp0.5_tk6_base,base,S3,community,winter peak vs all-electric,1.04239620522617,MW,non-financial,positive = less peak than ASHPs
S3_hp0.5_tk6_base,base,S3,community,"LL97 penalty exposure reduced (commercial, upper bound)",31320.46211856038,$/yr,context,only if those buildings exceed their LL97 limit; not added to savings
S3_hp0.5_tk6_base,base,S3,system,annual savings (resource view),-14635763.70338626,$/yr,financial,= sum of actors (transfers cancel)
S3_hp0.75_tk0_base,base,S3,data_center,net financial value,100338.12910901709,$/yr,financial,heat sales - source-side electricity
S3_hp0.75_tk0_base,base,S3,data_center,heat-sale revenue (transfer from operator),1229210.8747364348,$/yr,transfer,fence price 88.7 $/MWh
S3_hp0.75_tk0_base,base,S3,data_center,source-side electricity cost,-1128872.7456274177,$/yr,financial,
S3_hp0.75_tk0_base,base,S3,heat_users,tariff + connection paid (transfer to operator),-1278995.5997781255,$/yr,transfer,
S3_hp0.75_tk0_base,base,S3,data_center,cooling reliability,unchanged (H1 pass; towers take 100% in network outage),,non-financial,
S3_hp0.75_tk0_base,base,S3,heat_users,net financial value (all connected buildings),-839724.7065846878,$/yr,financial,
S3_hp0.75_tk0_base,base,S3,heat_users,NYCHA bill change per apartment (positive = saving),-405.25360878588776,$/apt/yr,financial,
S3_hp0.75_tk0_base,base,S3,heat_users,continuity of heat,no unserved heat in all operating modes,,non-financial,
S3_hp0.75_tk0_base,base,S3,network_operator,net financial position,-13896377.125910588,$/yr,financial,tariff + connection - fence - annualised operator capex - network O&M
S3_hp0.75_tk0_base,base,S3,community,public / ratepayer funding need,13896377.125910588,$/yr,financial,"operator shortfall, recovered from ratepayers in the pilot model"
S3_hp0.75_tk0_base,base,S3,community,CO2 avoided,802.1449276466274,tCO2e/yr,non-financial,
S3_hp0.75_tk0_base,base,S3,community,NOx avoided next to the EJ block,1610.951692554328,kg/yr,non-financial,
S3_hp0.75_tk0_base,base,S3,community,low-income households served,2072.0,households,non-financial,
S3_hp0.75_tk0_base,base,S3,community,winter peak vs all-electric,1.04239620522617,MW,non-financial,positive = less peak than ASHPs
S3_hp0.75_tk0_base,base,S3,community,"LL97 penalty exposure reduced (commercial, upper bound)",31320.46211856038,$/yr,context,only if those buildings exceed their LL97 limit; not added to savings
S3_hp0.75_tk0_base,base,S3,system,annual savings (resource view),-14635763.70338626,$/yr,financial,= sum of actors (transfers cancel)
S3_hp0.75_tk2_base,base,S3,data_center,net financial value,100338.12910901709,$/yr,financial,heat sales - source-side electricity
S3_hp0.75_tk2_base,base,S3,data_center,heat-sale revenue (transfer from operator),1229210.8747364348,$/yr,transfer,fence price 88.7 $/MWh
S3_hp0.75_tk2_base,base,S3,data_center,source-side electricity cost,-1128872.7456274177,$/yr,financial,
S3_hp0.75_tk2_base,base,S3,heat_users,tariff + connection paid (transfer to operator),-1278995.5997781255,$/yr,transfer,
S3_hp0.75_tk2_base,base,S3,data_center,cooling reliability,unchanged (H1 pass; towers take 100% in network outage),,non-financial,
S3_hp0.75_tk2_base,base,S3,heat_users,net financial value (all connected buildings),-839724.7065846878,$/yr,financial,
S3_hp0.75_tk2_base,base,S3,heat_users,NYCHA bill change per apartment (positive = saving),-405.25360878588776,$/apt/yr,financial,
S3_hp0.75_tk2_base,base,S3,heat_users,continuity of heat,no unserved heat in all operating modes,,non-financial,
S3_hp0.75_tk2_base,base,S3,network_operator,net financial position,-13896377.125910588,$/yr,financial,tariff + connection - fence - annualised operator capex - network O&M
S3_hp0.75_tk2_base,base,S3,community,public / ratepayer funding need,13896377.125910588,$/yr,financial,"operator shortfall, recovered from ratepayers in the pilot model"
S3_hp0.75_tk2_base,base,S3,community,CO2 avoided,802.1449276466274,tCO2e/yr,non-financial,
S3_hp0.75_tk2_base,base,S3,community,NOx avoided next to the EJ block,1610.951692554328,kg/yr,non-financial,
S3_hp0.75_tk2_base,base,S3,community,low-income households served,2072.0,households,non-financial,
S3_hp0.75_tk2_base,base,S3,community,winter peak vs all-electric,1.04239620522617,MW,non-financial,positive = less peak than ASHPs
S3_hp0.75_tk2_base,base,S3,community,"LL97 penalty exposure reduced (commercial, upper bound)",31320.46211856038,$/yr,context,only if those buildings exceed their LL97 limit; not added to savings
S3_hp0.75_tk2_base,base,S3,system,annual savings (resource view),-14635763.70338626,$/yr,financial,= sum of actors (transfers cancel)
S3_hp0.75_tk6_base,base,S3,data_center,net financial value,100338.12910901709,$/yr,financial,heat sales - source-side electricity
S3_hp0.75_tk6_base,base,S3,data_center,heat-sale revenue (transfer from operator),1229210.8747364348,$/yr,transfer,fence price 88.7 $/MWh
S3_hp0.75_tk6_base,base,S3,data_center,source-side electricity cost,-1128872.7456274177,$/yr,financial,
S3_hp0.75_tk6_base,base,S3,heat_users,tariff + connection paid (transfer to operator),-1278995.5997781255,$/yr,transfer,
S3_hp0.75_tk6_base,base,S3,data_center,cooling reliability,unchanged (H1 pass; towers take 100% in network outage),,non-financial,
S3_hp0.75_tk6_base,base,S3,heat_users,net financial value (all connected buildings),-839724.7065846878,$/yr,financial,
S3_hp0.75_tk6_base,base,S3,heat_users,NYCHA bill change per apartment (positive = saving),-405.25360878588776,$/apt/yr,financial,
S3_hp0.75_tk6_base,base,S3,heat_users,continuity of heat,no unserved heat in all operating modes,,non-financial,
S3_hp0.75_tk6_base,base,S3,network_operator,net financial position,-13896377.125910588,$/yr,financial,tariff + connection - fence - annualised operator capex - network O&M
S3_hp0.75_tk6_base,base,S3,community,public / ratepayer funding need,13896377.125910588,$/yr,financial,"operator shortfall, recovered from ratepayers in the pilot model"
S3_hp0.75_tk6_base,base,S3,community,CO2 avoided,802.1449276466274,tCO2e/yr,non-financial,
S3_hp0.75_tk6_base,base,S3,community,NOx avoided next to the EJ block,1610.951692554328,kg/yr,non-financial,
S3_hp0.75_tk6_base,base,S3,community,low-income households served,2072.0,households,non-financial,
S3_hp0.75_tk6_base,base,S3,community,winter peak vs all-electric,1.04239620522617,MW,non-financial,positive = less peak than ASHPs
S3_hp0.75_tk6_base,base,S3,community,"LL97 penalty exposure reduced (commercial, upper bound)",31320.46211856038,$/yr,context,only if those buildings exceed their LL97 limit; not added to savings
S3_hp0.75_tk6_base,base,S3,system,annual savings (resource view),-14635763.70338626,$/yr,financial,= sum of actors (transfers cancel)
S3_hp1_tk0_base,base,S3,data_center,net financial value,100338.12910901709,$/yr,financial,heat sales - source-side electricity
S3_hp1_tk0_base,base,S3,data_center,heat-sale revenue (transfer from operator),1229210.8747364348,$/yr,transfer,fence price 88.7 $/MWh
S3_hp1_tk0_base,base,S3,data_center,source-side electricity cost,-1128872.7456274177,$/yr,financial,
S3_hp1_tk0_base,base,S3,heat_users,tariff + connection paid (transfer to operator),-1278995.5997781255,$/yr,transfer,
S3_hp1_tk0_base,base,S3,data_center,cooling reliability,unchanged (H1 pass; towers take 100% in network outage),,non-financial,
S3_hp1_tk0_base,base,S3,heat_users,net financial value (all connected buildings),-839724.7065846878,$/yr,financial,
S3_hp1_tk0_base,base,S3,heat_users,NYCHA bill change per apartment (positive = saving),-405.25360878588776,$/apt/yr,financial,
S3_hp1_tk0_base,base,S3,heat_users,continuity of heat,no unserved heat in all operating modes,,non-financial,
S3_hp1_tk0_base,base,S3,network_operator,net financial position,-13896377.125910588,$/yr,financial,tariff + connection - fence - annualised operator capex - network O&M
S3_hp1_tk0_base,base,S3,community,public / ratepayer funding need,13896377.125910588,$/yr,financial,"operator shortfall, recovered from ratepayers in the pilot model"
S3_hp1_tk0_base,base,S3,community,CO2 avoided,802.1449276466274,tCO2e/yr,non-financial,
S3_hp1_tk0_base,base,S3,community,NOx avoided next to the EJ block,1610.951692554328,kg/yr,non-financial,
S3_hp1_tk0_base,base,S3,community,low-income households served,2072.0,households,non-financial,
S3_hp1_tk0_base,base,S3,community,winter peak vs all-electric,1.04239620522617,MW,non-financial,positive = less peak than ASHPs
S3_hp1_tk0_base,base,S3,community,"LL97 penalty exposure reduced (commercial, upper bound)",31320.46211856038,$/yr,context,only if those buildings exceed their LL97 limit; not added to savings
S3_hp1_tk0_base,base,S3,system,annual savings (resource view),-14635763.70338626,$/yr,financial,= sum of actors (transfers cancel)
S3_hp1_tk2_base,base,S3,data_center,net financial value,100338.12910901709,$/yr,financial,heat sales - source-side electricity
S3_hp1_tk2_base,base,S3,data_center,heat-sale revenue (transfer from operator),1229210.8747364348,$/yr,transfer,fence price 88.7 $/MWh
S3_hp1_tk2_base,base,S3,data_center,source-side electricity cost,-1128872.7456274177,$/yr,financial,
S3_hp1_tk2_base,base,S3,heat_users,tariff + connection paid (transfer to operator),-1278995.5997781255,$/yr,transfer,
S3_hp1_tk2_base,base,S3,data_center,cooling reliability,unchanged (H1 pass; towers take 100% in network outage),,non-financial,
S3_hp1_tk2_base,base,S3,heat_users,net financial value (all connected buildings),-839724.7065846878,$/yr,financial,
S3_hp1_tk2_base,base,S3,heat_users,NYCHA bill change per apartment (positive = saving),-405.25360878588776,$/apt/yr,financial,
S3_hp1_tk2_base,base,S3,heat_users,continuity of heat,no unserved heat in all operating modes,,non-financial,
S3_hp1_tk2_base,base,S3,network_operator,net financial position,-13896377.125910588,$/yr,financial,tariff + connection - fence - annualised operator capex - network O&M
S3_hp1_tk2_base,base,S3,community,public / ratepayer funding need,13896377.125910588,$/yr,financial,"operator shortfall, recovered from ratepayers in the pilot model"
S3_hp1_tk2_base,base,S3,community,CO2 avoided,802.1449276466274,tCO2e/yr,non-financial,
S3_hp1_tk2_base,base,S3,community,NOx avoided next to the EJ block,1610.951692554328,kg/yr,non-financial,
S3_hp1_tk2_base,base,S3,community,low-income households served,2072.0,households,non-financial,
S3_hp1_tk2_base,base,S3,community,winter peak vs all-electric,1.04239620522617,MW,non-financial,positive = less peak than ASHPs
S3_hp1_tk2_base,base,S3,community,"LL97 penalty exposure reduced (commercial, upper bound)",31320.46211856038,$/yr,context,only if those buildings exceed their LL97 limit; not added to savings
S3_hp1_tk2_base,base,S3,system,annual savings (resource view),-14635763.70338626,$/yr,financial,= sum of actors (transfers cancel)
S3_hp1_tk6_base,base,S3,data_center,net financial value,100338.12910901709,$/yr,financial,heat sales - source-side electricity
S3_hp1_tk6_base,base,S3,data_center,heat-sale revenue (transfer from operator),1229210.8747364348,$/yr,transfer,fence price 88.7 $/MWh
S3_hp1_tk6_base,base,S3,data_center,source-side electricity cost,-1128872.7456274177,$/yr,financial,
S3_hp1_tk6_base,base,S3,heat_users,tariff + connection paid (transfer to operator),-1278995.5997781255,$/yr,transfer,
S3_hp1_tk6_base,base,S3,data_center,cooling reliability,unchanged (H1 pass; towers take 100% in network outage),,non-financial,
S3_hp1_tk6_base,base,S3,heat_users,net financial value (all connected buildings),-839724.7065846878,$/yr,financial,
S3_hp1_tk6_base,base,S3,heat_users,NYCHA bill change per apartment (positive = saving),-405.25360878588776,$/apt/yr,financial,
S3_hp1_tk6_base,base,S3,heat_users,continuity of heat,no unserved heat in all operating modes,,non-financial,
S3_hp1_tk6_base,base,S3,network_operator,net financial position,-13896377.125910588,$/yr,financial,tariff + connection - fence - annualised operator capex - network O&M
S3_hp1_tk6_base,base,S3,community,public / ratepayer funding need,13896377.125910588,$/yr,financial,"operator shortfall, recovered from ratepayers in the pilot model"
S3_hp1_tk6_base,base,S3,community,CO2 avoided,802.1449276466274,tCO2e/yr,non-financial,
S3_hp1_tk6_base,base,S3,community,NOx avoided next to the EJ block,1610.951692554328,kg/yr,non-financial,
S3_hp1_tk6_base,base,S3,community,low-income households served,2072.0,households,non-financial,
S3_hp1_tk6_base,base,S3,community,winter peak vs all-electric,1.04239620522617,MW,non-financial,positive = less peak than ASHPs
S3_hp1_tk6_base,base,S3,community,"LL97 penalty exposure reduced (commercial, upper bound)",31320.46211856038,$/yr,context,only if those buildings exceed their LL97 limit; not added to savings
S3_hp1_tk6_base,base,S3,system,annual savings (resource view),-14635763.70338626,$/yr,financial,= sum of actors (transfers cancel)
S3_hp0.75_tk0_A01_low,base,S3,data_center,net financial value,100338.12910901709,$/yr,financial,heat sales - source-side electricity
S3_hp0.75_tk0_A01_low,base,S3,data_center,heat-sale revenue (transfer from operator),1229210.8747364348,$/yr,transfer,fence price 88.7 $/MWh
S3_hp0.75_tk0_A01_low,base,S3,data_center,source-side electricity cost,-1128872.7456274177,$/yr,financial,
S3_hp0.75_tk0_A01_low,base,S3,heat_users,tariff + connection paid (transfer to operator),-1278995.5997781255,$/yr,transfer,
S3_hp0.75_tk0_A01_low,base,S3,data_center,cooling reliability,unchanged (H1 pass; towers take 100% in network outage),,non-financial,
S3_hp0.75_tk0_A01_low,base,S3,heat_users,net financial value (all connected buildings),-839724.7065846878,$/yr,financial,
S3_hp0.75_tk0_A01_low,base,S3,heat_users,NYCHA bill change per apartment (positive = saving),-405.25360878588776,$/apt/yr,financial,
S3_hp0.75_tk0_A01_low,base,S3,heat_users,continuity of heat,no unserved heat in all operating modes,,non-financial,
S3_hp0.75_tk0_A01_low,base,S3,network_operator,net financial position,-13896377.125910588,$/yr,financial,tariff + connection - fence - annualised operator capex - network O&M
S3_hp0.75_tk0_A01_low,base,S3,community,public / ratepayer funding need,13896377.125910588,$/yr,financial,"operator shortfall, recovered from ratepayers in the pilot model"
S3_hp0.75_tk0_A01_low,base,S3,community,CO2 avoided,802.1449276466274,tCO2e/yr,non-financial,
S3_hp0.75_tk0_A01_low,base,S3,community,NOx avoided next to the EJ block,1610.951692554328,kg/yr,non-financial,
S3_hp0.75_tk0_A01_low,base,S3,community,low-income households served,2072.0,households,non-financial,
S3_hp0.75_tk0_A01_low,base,S3,community,winter peak vs all-electric,1.04239620522617,MW,non-financial,positive = less peak than ASHPs
S3_hp0.75_tk0_A01_low,base,S3,community,"LL97 penalty exposure reduced (commercial, upper bound)",31320.46211856038,$/yr,context,only if those buildings exceed their LL97 limit; not added to savings
S3_hp0.75_tk0_A01_low,base,S3,system,annual savings (resource view),-14635763.70338626,$/yr,financial,= sum of actors (transfers cancel)
S3_hp0.75_tk0_A01_high,base,S3,data_center,net financial value,100338.12910901709,$/yr,financial,heat sales - source-side electricity
S3_hp0.75_tk0_A01_high,base,S3,data_center,heat-sale revenue (transfer from operator),1229210.8747364348,$/yr,transfer,fence price 88.7 $/MWh
S3_hp0.75_tk0_A01_high,base,S3,data_center,source-side electricity cost,-1128872.7456274177,$/yr,financial,
S3_hp0.75_tk0_A01_high,base,S3,heat_users,tariff + connection paid (transfer to operator),-1278995.5997781255,$/yr,transfer,
S3_hp0.75_tk0_A01_high,base,S3,data_center,cooling reliability,unchanged (H1 pass; towers take 100% in network outage),,non-financial,
S3_hp0.75_tk0_A01_high,base,S3,heat_users,net financial value (all connected buildings),-839724.7065846878,$/yr,financial,
S3_hp0.75_tk0_A01_high,base,S3,heat_users,NYCHA bill change per apartment (positive = saving),-405.25360878588776,$/apt/yr,financial,
S3_hp0.75_tk0_A01_high,base,S3,heat_users,continuity of heat,no unserved heat in all operating modes,,non-financial,
S3_hp0.75_tk0_A01_high,base,S3,network_operator,net financial position,-13896377.125910588,$/yr,financial,tariff + connection - fence - annualised operator capex - network O&M
S3_hp0.75_tk0_A01_high,base,S3,community,public / ratepayer funding need,13896377.125910588,$/yr,financial,"operator shortfall, recovered from ratepayers in the pilot model"
S3_hp0.75_tk0_A01_high,base,S3,community,CO2 avoided,802.1449276466274,tCO2e/yr,non-financial,
S3_hp0.75_tk0_A01_high,base,S3,community,NOx avoided next to the EJ block,1610.951692554328,kg/yr,non-financial,
S3_hp0.75_tk0_A01_high,base,S3,community,low-income households served,2072.0,households,non-financial,
S3_hp0.75_tk0_A01_high,base,S3,community,winter peak vs all-electric,1.04239620522617,MW,non-financial,positive = less peak than ASHPs
S3_hp0.75_tk0_A01_high,base,S3,community,"LL97 penalty exposure reduced (commercial, upper bound)",31320.46211856038,$/yr,context,only if those buildings exceed their LL97 limit; not added to savings
S3_hp0.75_tk0_A01_high,base,S3,system,annual savings (resource view),-14635763.70338626,$/yr,financial,= sum of actors (transfers cancel)
S3_hp0.75_tk0_A02_low,base,S3,data_center,net financial value,97475.89137086598,$/yr,financial,heat sales - source-side electricity
S3_hp0.75_tk0_A02_low,base,S3,data_center,heat-sale revenue (transfer from operator),1194146.5000559557,$/yr,transfer,fence price 88.7 $/MWh
S3_hp0.75_tk0_A02_low,base,S3,data_center,source-side electricity cost,-1096670.6086850897,$/yr,financial,
S3_hp0.75_tk0_A02_low,base,S3,heat_users,tariff + connection paid (transfer to operator),-1243081.5883265426,$/yr,transfer,
S3_hp0.75_tk0_A02_low,base,S3,data_center,cooling reliability,unchanged (H1 pass; towers take 100% in network outage),,non-financial,
S3_hp0.75_tk0_A02_low,base,S3,heat_users,net financial value (all connected buildings),-891554.9374827724,$/yr,financial,
S3_hp0.75_tk0_A02_low,base,S3,heat_users,NYCHA bill change per apartment (positive = saving),-425.9367509542043,$/apt/yr,financial,
S3_hp0.75_tk0_A02_low,base,S3,heat_users,continuity of heat,no unserved heat in all operating modes,,non-financial,
S3_hp0.75_tk0_A02_low,base,S3,network_operator,net financial position,-13888019.205227168,$/yr,financial,tariff + connection - fence - annualised operator capex - network O&M
S3_hp0.75_tk0_A02_low,base,S3,community,public / ratepayer funding need,13888019.205227168,$/yr,financial,"operator shortfall, recovered from ratepayers in the pilot model"
S3_hp0.75_tk0_A02_low,base,S3,community,CO2 avoided,729.8496219587182,tCO2e/yr,non-financial,
S3_hp0.75_tk0_A02_low,base,S3,community,NOx avoided next to the EJ block,1610.951692554328,kg/yr,non-financial,
S3_hp0.75_tk0_A02_low,base,S3,community,low-income households served,2072.0,households,non-financial,
S3_hp0.75_tk0_A02_low,base,S3,community,winter peak vs all-electric,1.04239620522617,MW,non-financial,positive = less peak than ASHPs
S3_hp0.75_tk0_A02_low,base,S3,community,"LL97 penalty exposure reduced (commercial, upper bound)",27965.52327249669,$/yr,context,only if those buildings exceed their LL97 limit; not added to savings
S3_hp0.75_tk0_A02_low,base,S3,system,annual savings (resource view),-14682098.251339074,$/yr,financial,= sum of actors (transfers cancel)
S3_hp0.75_tk0_A02_high,base,S3,data_center,net financial value,105108.52533927024,$/yr,financial,heat sales - source-side electricity
S3_hp0.75_tk0_A02_high,base,S3,data_center,heat-sale revenue (transfer from operator),1287651.4992039006,$/yr,transfer,fence price 88.7 $/MWh
S3_hp0.75_tk0_A02_high,base,S3,data_center,source-side electricity cost,-1182542.9738646303,$/yr,financial,
S3_hp0.75_tk0_A02_high,base,S3,heat_users,tariff + connection paid (transfer to operator),-1338852.2855307644,$/yr,transfer,
S3_hp0.75_tk0_A02_high,base,S3,data_center,cooling reliability,unchanged (H1 pass; towers take 100% in network outage),,non-financial,
S3_hp0.75_tk0_A02_high,base,S3,heat_users,net financial value (all connected buildings),-753340.9884212154,$/yr,financial,
S3_hp0.75_tk0_A02_high,base,S3,heat_users,NYCHA bill change per apartment (positive = saving),-370.7817051720278,$/apt/yr,financial,
S3_hp0.75_tk0_A02_high,base,S3,heat_users,continuity of heat,no unserved heat in all operating modes,,non-financial,
S3_hp0.75_tk0_A02_high,base,S3,network_operator,net financial position,-13910306.993716294,$/yr,financial,tariff + connection - fence - annualised operator capex - network O&M
S3_hp0.75_tk0_A02_high,base,S3,community,public / ratepayer funding need,13910306.993716294,$/yr,financial,"operator shortfall, recovered from ratepayers in the pilot model"
S3_hp0.75_tk0_A02_high,base,S3,community,CO2 avoided,922.6371037931399,tCO2e/yr,non-financial,
S3_hp0.75_tk0_A02_high,base,S3,community,NOx avoided next to the EJ block,1610.951692554328,kg/yr,non-financial,
S3_hp0.75_tk0_A02_high,base,S3,community,low-income households served,2072.0,households,non-financial,
S3_hp0.75_tk0_A02_high,base,S3,community,winter peak vs all-electric,1.04239620522617,MW,non-financial,positive = less peak than ASHPs
S3_hp0.75_tk0_A02_high,base,S3,community,"LL97 penalty exposure reduced (commercial, upper bound)",36912.02686199977,$/yr,context,only if those buildings exceed their LL97 limit; not added to savings
S3_hp0.75_tk0_A02_high,base,S3,system,annual savings (resource view),-14558539.456798237,$/yr,financial,= sum of actors (transfers cancel)
S3_hp0.75_tk0_A03_low,base,S3,data_center,net financial value,100338.12910901709,$/yr,financial,heat sales - source-side electricity
S3_hp0.75_tk0_A03_low,base,S3,data_center,heat-sale revenue (transfer from operator),1229210.8747364348,$/yr,transfer,fence price 88.7 $/MWh
S3_hp0.75_tk0_A03_low,base,S3,data_center,source-side electricity cost,-1128872.7456274177,$/yr,financial,
S3_hp0.75_tk0_A03_low,base,S3,heat_users,tariff + connection paid (transfer to operator),-1278995.5997781255,$/yr,transfer,
S3_hp0.75_tk0_A03_low,base,S3,data_center,cooling reliability,unchanged (H1 pass; towers take 100% in network outage),,non-financial,
S3_hp0.75_tk0_A03_low,base,S3,heat_users,net financial value (all connected buildings),-839724.7065846878,$/yr,financial,
S3_hp0.75_tk0_A03_low,base,S3,heat_users,NYCHA bill change per apartment (positive = saving),-405.25360878588776,$/apt/yr,financial,
S3_hp0.75_tk0_A03_low,base,S3,heat_users,continuity of heat,no unserved heat in all operating modes,,non-financial,
S3_hp0.75_tk0_A03_low,base,S3,network_operator,net financial position,-13896377.125910588,$/yr,financial,tariff + connection - fence - annualised operator capex - network O&M
S3_hp0.75_tk0_A03_low,base,S3,community,public / ratepayer funding need,13896377.125910588,$/yr,financial,"operator shortfall, recovered from ratepayers in the pilot model"
S3_hp0.75_tk0_A03_low,base,S3,community,CO2 avoided,802.1449276466274,tCO2e/yr,non-financial,
S3_hp0.75_tk0_A03_low,base,S3,community,NOx avoided next to the EJ block,1610.951692554328,kg/yr,non-financial,
S3_hp0.75_tk0_A03_low,base,S3,community,low-income households served,2072.0,households,non-financial,
S3_hp0.75_tk0_A03_low,base,S3,community,winter peak vs all-electric,1.04239620522617,MW,non-financial,positive = less peak than ASHPs
S3_hp0.75_tk0_A03_low,base,S3,community,"LL97 penalty exposure reduced (commercial, upper bound)",31320.46211856038,$/yr,context,only if those buildings exceed their LL97 limit; not added to savings
S3_hp0.75_tk0_A03_low,base,S3,system,annual savings (resource view),-14635763.70338626,$/yr,financial,= sum of actors (transfers cancel)
S3_hp0.75_tk0_A03_high,base,S3,data_center,net financial value,100338.12910901709,$/yr,financial,heat sales - source-side electricity
S3_hp0.75_tk0_A03_high,base,S3,data_center,heat-sale revenue (transfer from operator),1229210.8747364348,$/yr,transfer,fence price 88.7 $/MWh
S3_hp0.75_tk0_A03_high,base,S3,data_center,source-side electricity cost,-1128872.7456274177,$/yr,financial,
S3_hp0.75_tk0_A03_high,base,S3,heat_users,tariff + connection paid (transfer to operator),-1278995.5997781255,$/yr,transfer,
S3_hp0.75_tk0_A03_high,base,S3,data_center,cooling reliability,unchanged (H1 pass; towers take 100% in network outage),,non-financial,
S3_hp0.75_tk0_A03_high,base,S3,heat_users,net financial value (all connected buildings),-839724.7065846878,$/yr,financial,
S3_hp0.75_tk0_A03_high,base,S3,heat_users,NYCHA bill change per apartment (positive = saving),-405.25360878588776,$/apt/yr,financial,
S3_hp0.75_tk0_A03_high,base,S3,heat_users,continuity of heat,no unserved heat in all operating modes,,non-financial,
S3_hp0.75_tk0_A03_high,base,S3,network_operator,net financial position,-13896377.125910588,$/yr,financial,tariff + connection - fence - annualised operator capex - network O&M
S3_hp0.75_tk0_A03_high,base,S3,community,public / ratepayer funding need,13896377.125910588,$/yr,financial,"operator shortfall, recovered from ratepayers in the pilot model"
S3_hp0.75_tk0_A03_high,base,S3,community,CO2 avoided,802.1449276466274,tCO2e/yr,non-financial,
S3_hp0.75_tk0_A03_high,base,S3,community,NOx avoided next to the EJ block,1610.951692554328,kg/yr,non-financial,
S3_hp0.75_tk0_A03_high,base,S3,community,low-income households served,2072.0,households,non-financial,
S3_hp0.75_tk0_A03_high,base,S3,community,winter peak vs all-electric,1.04239620522617,MW,non-financial,positive = less peak than ASHPs
S3_hp0.75_tk0_A03_high,base,S3,community,"LL97 penalty exposure reduced (commercial, upper bound)",31320.46211856038,$/yr,context,only if those buildings exceed their LL97 limit; not added to savings
S3_hp0.75_tk0_A03_high,base,S3,system,annual savings (resource view),-14635763.70338626,$/yr,financial,= sum of actors (transfers cancel)
S3_hp0.75_tk0_A04_low,base,S3,data_center,net financial value,98758.65311482619,$/yr,financial,heat sales - source-side electricity
S3_hp0.75_tk0_A04_low,base,S3,data_center,heat-sale revenue (transfer from operator),1209861.2108979262,$/yr,transfer,fence price 88.7 $/MWh
S3_hp0.75_tk0_A04_low,base,S3,data_center,source-side electricity cost,-1111102.5577831,$/yr,financial,
S3_hp0.75_tk0_A04_low,base,S3,heat_users,tariff + connection paid (transfer to operator),-1259177.078700453,$/yr,transfer,
S3_hp0.75_tk0_A04_low,base,S3,data_center,cooling reliability,unchanged (H1 pass; towers take 100% in network outage),,non-financial,
S3_hp0.75_tk0_A04_low,base,S3,heat_users,net financial value (all connected buildings),-690562.9388411139,$/yr,financial,
S3_hp0.75_tk0_A04_low,base,S3,heat_users,NYCHA bill change per apartment (positive = saving),-354.3272889053098,$/apt/yr,financial,
S3_hp0.75_tk0_A04_low,base,S3,heat_users,continuity of heat,no unserved heat in all operating modes,,non-financial,
S3_hp0.75_tk0_A04_low,base,S3,network_operator,net financial position,-13886791.732860923,$/yr,financial,tariff + connection - fence - annualised operator capex - network O&M
S3_hp0.75_tk0_A04_low,base,S3,community,public / ratepayer funding need,13886791.732860923,$/yr,financial,"operator shortfall, recovered from ratepayers in the pilot model"
S3_hp0.75_tk0_A04_low,base,S3,community,CO2 avoided,1004.7175822246227,tCO2e/yr,non-financial,
S3_hp0.75_tk0_A04_low,base,S3,community,NOx avoided next to the EJ block,1610.9516925543278,kg/yr,non-financial,
S3_hp0.75_tk0_A04_low,base,S3,community,low-income households served,2072.0,households,non-financial,
S3_hp0.75_tk0_A04_low,base,S3,community,winter peak vs all-electric,1.0259872907166983,MW,non-financial,positive = less peak than ASHPs
S3_hp0.75_tk0_A04_low,base,S3,community,"LL97 penalty exposure reduced (commercial, upper bound)",45312.326604407164,$/yr,context,only if those buildings exceed their LL97 limit; not added to savings
S3_hp0.75_tk0_A04_low,base,S3,system,annual savings (resource view),-14478596.01858721,$/yr,financial,= sum of actors (transfers cancel)
S3_hp0.75_tk0_A04_high,base,S3,data_center,net financial value,102143.24453094928,$/yr,financial,heat sales - source-side electricity
S3_hp0.75_tk0_A04_high,base,S3,data_center,heat-sale revenue (transfer from operator),1251324.7762661583,$/yr,transfer,fence price 88.7 $/MWh
S3_hp0.75_tk0_A04_high,base,S3,data_center,source-side electricity cost,-1149181.531735209,$/yr,financial,
S3_hp0.75_tk0_A04_high,base,S3,heat_users,tariff + connection paid (transfer to operator),-1301645.338152608,$/yr,transfer,
S3_hp0.75_tk0_A04_high,base,S3,data_center,cooling reliability,unchanged (H1 pass; towers take 100% in network outage),,non-financial,
S3_hp0.75_tk0_A04_high,base,S3,heat_users,net financial value (all connected buildings),-988914.087913298,$/yr,financial,
S3_hp0.75_tk0_A04_high,base,S3,heat_users,NYCHA bill change per apartment (positive = saving),-453.18426279113754,$/apt/yr,financial,
S3_hp0.75_tk0_A04_high,base,S3,heat_users,continuity of heat,no unserved heat in all operating modes,,non-financial,
S3_hp0.75_tk0_A04_high,base,S3,network_operator,net financial position,-13907331.860824494,$/yr,financial,tariff + connection - fence - annualised operator capex - network O&M
S3_hp0.75_tk0_A04_high,base,S3,community,public / ratepayer funding need,13907331.860824494,$/yr,financial,"operator shortfall, recovered from ratepayers in the pilot model"
S3_hp0.75_tk0_A04_high,base,S3,community,CO2 avoided,600.9588763650072,tCO2e/yr,non-financial,
S3_hp0.75_tk0_A04_high,base,S3,community,NOx avoided next to the EJ block,1610.951692554328,kg/yr,non-financial,
S3_hp0.75_tk0_A04_high,base,S3,community,low-income households served,2072.0,households,non-financial,
S3_hp0.75_tk0_A04_high,base,S3,community,winter peak vs all-electric,1.0611492503798519,MW,non-financial,positive = less peak than ASHPs
S3_hp0.75_tk0_A04_high,base,S3,community,"LL97 penalty exposure reduced (commercial, upper bound)",15329.75984902126,$/yr,context,only if those buildings exceed their LL97 limit; not added to savings
S3_hp0.75_tk0_A04_high,base,S3,system,annual savings (resource view),-14794102.704206845,$/yr,financial,= sum of actors (transfers cancel)
S3_hp0.75_tk0_A10_low,base,S3,data_center,net financial value,94732.91353847017,$/yr,financial,heat sales - source-side electricity
S3_hp0.75_tk0_A10_low,base,S3,data_center,heat-sale revenue (transfer from operator),1160543.140987163,$/yr,transfer,fence price 88.7 $/MWh
S3_hp0.75_tk0_A10_low,base,S3,data_center,source-side electricity cost,-1065810.2274486928,$/yr,financial,
S3_hp0.75_tk0_A10_low,base,S3,heat_users,tariff + connection paid (transfer to operator),-1208663.994018775,$/yr,transfer,
S3_hp0.75_tk0_A10_low,base,S3,data_center,cooling reliability,unchanged (H1 pass; towers take 100% in network outage),,non-financial,
S3_hp0.75_tk0_A10_low,base,S3,heat_users,net financial value (all connected buildings),-941225.5754267683,$/yr,financial,
S3_hp0.75_tk0_A10_low,base,S3,heat_users,NYCHA bill change per apartment (positive = saving),-445.7580955321735,$/apt/yr,financial,
S3_hp0.75_tk0_A10_low,base,S3,heat_users,continuity of heat,no unserved heat in all operating modes,,non-financial,
S3_hp0.75_tk0_A10_low,base,S3,network_operator,net financial position,-13880009.531238887,$/yr,financial,tariff + connection - fence - annualised operator capex - network O&M
S3_hp0.75_tk0_A10_low,base,S3,community,public / ratepayer funding need,13880009.531238887,$/yr,financial,"operator shortfall, recovered from ratepayers in the pilot model"
S3_hp0.75_tk0_A10_low,base,S3,community,CO2 avoided,660.5666206744745,tCO2e/yr,non-financial,
S3_hp0.75_tk0_A10_low,base,S3,community,NOx avoided next to the EJ block,1610.951692554328,kg/yr,non-financial,
S3_hp0.75_tk0_A10_low,base,S3,community,low-income households served,2072.0,households,non-financial,
S3_hp0.75_tk0_A10_low,base,S3,community,winter peak vs all-electric,1.04239620522617,MW,non-financial,positive = less peak than ASHPs
S3_hp0.75_tk0_A10_low,base,S3,community,"LL97 penalty exposure reduced (commercial, upper bound)",24750.373545019123,$/yr,context,only if those buildings exceed their LL97 limit; not added to savings
S3_hp0.75_tk0_A10_low,base,S3,system,annual savings (resource view),-14726502.193127187,$/yr,financial,= sum of actors (transfers cancel)
S3_hp0.75_tk0_A10_high,base,S3,data_center,net financial value,104822.3015654548,$/yr,financial,heat sales - source-side electricity
S3_hp0.75_tk0_A10_high,base,S3,data_center,heat-sale revenue (transfer from operator),1284145.0617358524,$/yr,transfer,fence price 88.7 $/MWh
S3_hp0.75_tk0_A10_high,base,S3,data_center,source-side electricity cost,-1179322.7601703976,$/yr,financial,
S3_hp0.75_tk0_A10_high,base,S3,heat_users,tariff + connection paid (transfer to operator),-1335260.8843856056,$/yr,transfer,
S3_hp0.75_tk0_A10_high,base,S3,data_center,cooling reliability,unchanged (H1 pass; towers take 100% in network outage),,non-financial,
S3_hp0.75_tk0_A10_high,base,S3,heat_users,net financial value (all connected buildings),-758524.0115110232,$/yr,financial,
S3_hp0.75_tk0_A10_high,base,S3,heat_users,NYCHA bill change per apartment (positive = saving),-372.8500193888591,$/apt/yr,financial,
S3_hp0.75_tk0_A10_high,base,S3,heat_users,continuity of heat,no unserved heat in all operating modes,,non-financial,
S3_hp0.75_tk0_A10_high,base,S3,network_operator,net financial position,-13909471.20164795,$/yr,financial,tariff + connection - fence - annualised operator capex - network O&M
S3_hp0.75_tk0_A10_high,base,S3,community,public / ratepayer funding need,13909471.20164795,$/yr,financial,"operator shortfall, recovered from ratepayers in the pilot model"
S3_hp0.75_tk0_A10_high,base,S3,community,CO2 avoided,915.4075732243496,tCO2e/yr,non-financial,
S3_hp0.75_tk0_A10_high,base,S3,community,NOx avoided next to the EJ block,1610.951692554328,kg/yr,non-financial,
S3_hp0.75_tk0_A10_high,base,S3,community,low-income households served,2072.0,households,non-financial,
S3_hp0.75_tk0_A10_high,base,S3,community,winter peak vs all-electric,1.04239620522617,MW,non-financial,positive = less peak than ASHPs
S3_hp0.75_tk0_A10_high,base,S3,community,"LL97 penalty exposure reduced (commercial, upper bound)",36576.532977393435,$/yr,context,only if those buildings exceed their LL97 limit; not added to savings
S3_hp0.75_tk0_A10_high,base,S3,system,annual savings (resource view),-14563172.91159352,$/yr,financial,= sum of actors (transfers cancel)
S3_hp0.75_tk0_A11_low,base,S3,data_center,net financial value,100338.12910901709,$/yr,financial,heat sales - source-side electricity
S3_hp0.75_tk0_A11_low,base,S3,data_center,heat-sale revenue (transfer from operator),1229210.8747364348,$/yr,transfer,fence price 88.7 $/MWh
S3_hp0.75_tk0_A11_low,base,S3,data_center,source-side electricity cost,-1128872.7456274177,$/yr,financial,
S3_hp0.75_tk0_A11_low,base,S3,heat_users,tariff + connection paid (transfer to operator),-1278995.5997781255,$/yr,transfer,
S3_hp0.75_tk0_A11_low,base,S3,data_center,cooling reliability,unchanged (H1 pass; towers take 100% in network outage),,non-financial,
S3_hp0.75_tk0_A11_low,base,S3,heat_users,net financial value (all connected buildings),-817471.669921783,$/yr,financial,
S3_hp0.75_tk0_A11_low,base,S3,heat_users,NYCHA bill change per apartment (positive = saving),-396.3734106273913,$/apt/yr,financial,
S3_hp0.75_tk0_A11_low,base,S3,heat_users,continuity of heat,no unserved heat in all operating modes,,non-financial,
S3_hp0.75_tk0_A11_low,base,S3,network_operator,net financial position,-13896377.125910588,$/yr,financial,tariff + connection - fence - annualised operator capex - network O&M
S3_hp0.75_tk0_A11_low,base,S3,community,public / ratepayer funding need,13896377.125910588,$/yr,financial,"operator shortfall, recovered from ratepayers in the pilot model"
S3_hp0.75_tk0_A11_low,base,S3,community,CO2 avoided,831.1101617916106,tCO2e/yr,non-financial,
S3_hp0.75_tk0_A11_low,base,S3,community,NOx avoided next to the EJ block,1610.951692554328,kg/yr,non-financial,
S3_hp0.75_tk0_A11_low,base,S3,community,low-income households served,2072.0,households,non-financial,
S3_hp0.75_tk0_A11_low,base,S3,community,winter peak vs all-electric,1.04239620522617,MW,non-financial,positive = less peak than ASHPs
S3_hp0.75_tk0_A11_low,base,S3,community,"LL97 penalty exposure reduced (commercial, upper bound)",32664.62393230024,$/yr,context,only if those buildings exceed their LL97 limit; not added to savings
S3_hp0.75_tk0_A11_low,base,S3,system,annual savings (resource view),-14613510.666723354,$/yr,financial,= sum of actors (transfers cancel)
S3_hp0.75_tk0_A11_high,base,S3,data_center,net financial value,100338.12910901709,$/yr,financial,heat sales - source-side electricity
S3_hp0.75_tk0_A11_high,base,S3,data_center,heat-sale revenue (transfer from operator),1229210.8747364348,$/yr,transfer,fence price 88.7 $/MWh
S3_hp0.75_tk0_A11_high,base,S3,data_center,source-side electricity cost,-1128872.7456274177,$/yr,financial,
S3_hp0.75_tk0_A11_high,base,S3,heat_users,tariff + connection paid (transfer to operator),-1278995.5997781255,$/yr,transfer,
S3_hp0.75_tk0_A11_high,base,S3,data_center,cooling reliability,unchanged (H1 pass; towers take 100% in network outage),,non-financial,
S3_hp0.75_tk0_A11_high,base,S3,heat_users,net financial value (all connected buildings),-928736.8532363074,$/yr,financial,
S3_hp0.75_tk0_A11_high,base,S3,heat_users,NYCHA bill change per apartment (positive = saving),-440.774401419874,$/apt/yr,financial,
S3_hp0.75_tk0_A11_high,base,S3,heat_users,continuity of heat,no unserved heat in all operating modes,,non-financial,
S3_hp0.75_tk0_A11_high,base,S3,network_operator,net financial position,-13896377.125910588,$/yr,financial,tariff + connection - fence - annualised operator capex - network O&M
S3_hp0.75_tk0_A11_high,base,S3,community,public / ratepayer funding need,13896377.125910588,$/yr,financial,"operator shortfall, recovered from ratepayers in the pilot model"
S3_hp0.75_tk0_A11_high,base,S3,community,CO2 avoided,686.2839910666935,tCO2e/yr,non-financial,
S3_hp0.75_tk0_A11_high,base,S3,community,NOx avoided next to the EJ block,1610.951692554328,kg/yr,non-financial,
S3_hp0.75_tk0_A11_high,base,S3,community,low-income households served,2072.0,households,non-financial,
S3_hp0.75_tk0_A11_high,base,S3,community,winter peak vs all-electric,1.04239620522617,MW,non-financial,positive = less peak than ASHPs
S3_hp0.75_tk0_A11_high,base,S3,community,"LL97 penalty exposure reduced (commercial, upper bound)",25943.814863601023,$/yr,context,only if those buildings exceed their LL97 limit; not added to savings
S3_hp0.75_tk0_A11_high,base,S3,system,annual savings (resource view),-14724775.850037878,$/yr,financial,= sum of actors (transfers cancel)
S3_hp0.75_tk0_A16_low,base,S3,data_center,net financial value,100338.12910901709,$/yr,financial,heat sales - source-side electricity
S3_hp0.75_tk0_A16_low,base,S3,data_center,heat-sale revenue (transfer from operator),1229210.8747364348,$/yr,transfer,fence price 88.7 $/MWh
S3_hp0.75_tk0_A16_low,base,S3,data_center,source-side electricity cost,-1128872.7456274177,$/yr,financial,
S3_hp0.75_tk0_A16_low,base,S3,heat_users,tariff + connection paid (transfer to operator),-1278995.5997781255,$/yr,transfer,
S3_hp0.75_tk0_A16_low,base,S3,data_center,cooling reliability,unchanged (H1 pass; towers take 100% in network outage),,non-financial,
S3_hp0.75_tk0_A16_low,base,S3,heat_users,net financial value (all connected buildings),-839724.7065846878,$/yr,financial,
S3_hp0.75_tk0_A16_low,base,S3,heat_users,NYCHA bill change per apartment (positive = saving),-405.25360878588776,$/apt/yr,financial,
S3_hp0.75_tk0_A16_low,base,S3,heat_users,continuity of heat,no unserved heat in all operating modes,,non-financial,
S3_hp0.75_tk0_A16_low,base,S3,network_operator,net financial position,-13896377.125910588,$/yr,financial,tariff + connection - fence - annualised operator capex - network O&M
S3_hp0.75_tk0_A16_low,base,S3,community,public / ratepayer funding need,13896377.125910588,$/yr,financial,"operator shortfall, recovered from ratepayers in the pilot model"
S3_hp0.75_tk0_A16_low,base,S3,community,CO2 avoided,802.1449276466274,tCO2e/yr,non-financial,
S3_hp0.75_tk0_A16_low,base,S3,community,NOx avoided next to the EJ block,1610.951692554328,kg/yr,non-financial,
S3_hp0.75_tk0_A16_low,base,S3,community,low-income households served,2072.0,households,non-financial,
S3_hp0.75_tk0_A16_low,base,S3,community,winter peak vs all-electric,1.04239620522617,MW,non-financial,positive = less peak than ASHPs
S3_hp0.75_tk0_A16_low,base,S3,community,"LL97 penalty exposure reduced (commercial, upper bound)",31320.46211856038,$/yr,context,only if those buildings exceed their LL97 limit; not added to savings
S3_hp0.75_tk0_A16_low,base,S3,system,annual savings (resource view),-14635763.70338626,$/yr,financial,= sum of actors (transfers cancel)
S3_hp0.75_tk0_A16_high,base,S3,data_center,net financial value,100544.72786490386,$/yr,financial,heat sales - source-side electricity
S3_hp0.75_tk0_A16_high,base,S3,data_center,heat-sale revenue (transfer from operator),1231741.8511428926,$/yr,transfer,fence price 88.7 $/MWh
S3_hp0.75_tk0_A16_high,base,S3,data_center,source-side electricity cost,-1131197.1232779888,$/yr,financial,
S3_hp0.75_tk0_A16_high,base,S3,heat_users,tariff + connection paid (transfer to operator),-1281587.9036898166,$/yr,transfer,
S3_hp0.75_tk0_A16_high,base,S3,data_center,cooling reliability,unchanged (H1 pass; towers take 100% in network outage),,non-financial,
S3_hp0.75_tk0_A16_high,base,S3,heat_users,net financial value (all connected buildings),-841398.2873079577,$/yr,financial,
S3_hp0.75_tk0_A16_high,base,S3,heat_users,NYCHA bill change per apartment (positive = saving),-406.0674423413507,$/apt/yr,financial,
S3_hp0.75_tk0_A16_high,base,S3,heat_users,continuity of heat,no unserved heat in all operating modes,,non-financial,
S3_hp0.75_tk0_A16_high,base,S3,network_operator,net financial position,-13896315.798405355,$/yr,financial,tariff + connection - fence - annualised operator capex - network O&M
S3_hp0.75_tk0_A16_high,base,S3,community,public / ratepayer funding need,13896315.798405355,$/yr,financial,"operator shortfall, recovered from ratepayers in the pilot model"
S3_hp0.75_tk0_A16_high,base,S3,community,CO2 avoided,803.796564422838,tCO2e/yr,non-financial,
S3_hp0.75_tk0_A16_high,base,S3,community,NOx avoided next to the EJ block,1614.268682998846,kg/yr,non-financial,
S3_hp0.75_tk0_A16_high,base,S3,community,low-income households served,2072.0,households,non-financial,
S3_hp0.75_tk0_A16_high,base,S3,community,winter peak vs all-electric,-0.270535780859783,MW,non-financial,positive = less peak than ASHPs
S3_hp0.75_tk0_A16_high,base,S3,community,"LL97 penalty exposure reduced (commercial, upper bound)",31384.951745434548,$/yr,context,only if those buildings exceed their LL97 limit; not added to savings
S3_hp0.75_tk0_A16_high,base,S3,system,annual savings (resource view),-14637169.35784841,$/yr,financial,= sum of actors (transfers cancel)
S3_hp0.75_tk0_A17_low,base,S3,data_center,net financial value,1229210.8747364348,$/yr,financial,heat sales - source-side electricity
S3_hp0.75_tk0_A17_low,base,S3,data_center,heat-sale revenue (transfer from operator),1229210.8747364348,$/yr,transfer,fence price 88.7 $/MWh
S3_hp0.75_tk0_A17_low,base,S3,data_center,source-side electricity cost,-0.0,$/yr,financial,
S3_hp0.75_tk0_A17_low,base,S3,heat_users,tariff + connection paid (transfer to operator),-1278995.5997781255,$/yr,transfer,
S3_hp0.75_tk0_A17_low,base,S3,data_center,cooling reliability,unchanged (H1 pass; towers take 100% in network outage),,non-financial,
S3_hp0.75_tk0_A17_low,base,S3,heat_users,net financial value (all connected buildings),-839724.7065846878,$/yr,financial,
S3_hp0.75_tk0_A17_low,base,S3,heat_users,NYCHA bill change per apartment (positive = saving),-405.25360878588776,$/apt/yr,financial,
S3_hp0.75_tk0_A17_low,base,S3,heat_users,continuity of heat,no unserved heat in all operating modes,,non-financial,
S3_hp0.75_tk0_A17_low,base,S3,network_operator,net financial position,-13896377.125910588,$/yr,financial,tariff + connection - fence - annualised operator capex - network O&M
S3_hp0.75_tk0_A17_low,base,S3,community,public / ratepayer funding need,13896377.125910588,$/yr,financial,"operator shortfall, recovered from ratepayers in the pilot model"
S3_hp0.75_tk0_A17_low,base,S3,community,CO2 avoided,2271.5202714393736,tCO2e/yr,non-financial,
S3_hp0.75_tk0_A17_low,base,S3,community,NOx avoided next to the EJ block,1610.951692554328,kg/yr,non-financial,
S3_hp0.75_tk0_A17_low,base,S3,community,low-income households served,2072.0,households,non-financial,
S3_hp0.75_tk0_A17_low,base,S3,community,winter peak vs all-electric,1.04239620522617,MW,non-financial,positive = less peak than ASHPs
S3_hp0.75_tk0_A17_low,base,S3,community,"LL97 penalty exposure reduced (commercial, upper bound)",99508.35306710028,$/yr,context,only if those buildings exceed their LL97 limit; not added to savings
S3_hp0.75_tk0_A17_low,base,S3,system,annual savings (resource view),-13506890.957758842,$/yr,financial,= sum of actors (transfers cancel)
S3_hp0.75_tk0_A17_high,base,S3,data_center,net financial value,100338.12910901709,$/yr,financial,heat sales - source-side electricity
S3_hp0.75_tk0_A17_high,base,S3,data_center,heat-sale revenue (transfer from operator),1229210.8747364348,$/yr,transfer,fence price 88.7 $/MWh
S3_hp0.75_tk0_A17_high,base,S3,data_center,source-side electricity cost,-1128872.7456274177,$/yr,financial,
S3_hp0.75_tk0_A17_high,base,S3,heat_users,tariff + connection paid (transfer to operator),-1278995.5997781255,$/yr,transfer,
S3_hp0.75_tk0_A17_high,base,S3,data_center,cooling reliability,unchanged (H1 pass; towers take 100% in network outage),,non-financial,
S3_hp0.75_tk0_A17_high,base,S3,heat_users,net financial value (all connected buildings),-839724.7065846878,$/yr,financial,
S3_hp0.75_tk0_A17_high,base,S3,heat_users,NYCHA bill change per apartment (positive = saving),-405.25360878588776,$/apt/yr,financial,
S3_hp0.75_tk0_A17_high,base,S3,heat_users,continuity of heat,no unserved heat in all operating modes,,non-financial,
S3_hp0.75_tk0_A17_high,base,S3,network_operator,net financial position,-13896377.125910588,$/yr,financial,tariff + connection - fence - annualised operator capex - network O&M
S3_hp0.75_tk0_A17_high,base,S3,community,public / ratepayer funding need,13896377.125910588,$/yr,financial,"operator shortfall, recovered from ratepayers in the pilot model"
S3_hp0.75_tk0_A17_high,base,S3,community,CO2 avoided,802.1449276466274,tCO2e/yr,non-financial,
S3_hp0.75_tk0_A17_high,base,S3,community,NOx avoided next to the EJ block,1610.951692554328,kg/yr,non-financial,
S3_hp0.75_tk0_A17_high,base,S3,community,low-income households served,2072.0,households,non-financial,
S3_hp0.75_tk0_A17_high,base,S3,community,winter peak vs all-electric,1.04239620522617,MW,non-financial,positive = less peak than ASHPs
S3_hp0.75_tk0_A17_high,base,S3,community,"LL97 penalty exposure reduced (commercial, upper bound)",31320.46211856038,$/yr,context,only if those buildings exceed their LL97 limit; not added to savings
S3_hp0.75_tk0_A17_high,base,S3,system,annual savings (resource view),-14635763.70338626,$/yr,financial,= sum of actors (transfers cancel)
S3_hp0.75_tk0_A18_low,base,S3,data_center,net financial value,100338.12910901709,$/yr,financial,heat sales - source-side electricity
S3_hp0.75_tk0_A18_low,base,S3,data_center,heat-sale revenue (transfer from operator),1229210.8747364348,$/yr,transfer,fence price 88.7 $/MWh
S3_hp0.75_tk0_A18_low,base,S3,data_center,source-side electricity cost,-1128872.7456274177,$/yr,financial,
S3_hp0.75_tk0_A18_low,base,S3,heat_users,tariff + connection paid (transfer to operator),-1278995.5997781255,$/yr,transfer,
S3_hp0.75_tk0_A18_low,base,S3,data_center,cooling reliability,unchanged (H1 pass; towers take 100% in network outage),,non-financial,
S3_hp0.75_tk0_A18_low,base,S3,heat_users,net financial value (all connected buildings),-839724.7065846878,$/yr,financial,
S3_hp0.75_tk0_A18_low,base,S3,heat_users,NYCHA bill change per apartment (positive = saving),-405.25360878588776,$/apt/yr,financial,
S3_hp0.75_tk0_A18_low,base,S3,heat_users,continuity of heat,no unserved heat in all operating modes,,non-financial,
S3_hp0.75_tk0_A18_low,base,S3,network_operator,net financial position,-13896377.125910588,$/yr,financial,tariff + connection - fence - annualised operator capex - network O&M
S3_hp0.75_tk0_A18_low,base,S3,community,public / ratepayer funding need,13896377.125910588,$/yr,financial,"operator shortfall, recovered from ratepayers in the pilot model"
S3_hp0.75_tk0_A18_low,base,S3,community,CO2 avoided,802.1449276466274,tCO2e/yr,non-financial,
S3_hp0.75_tk0_A18_low,base,S3,community,NOx avoided next to the EJ block,1610.951692554328,kg/yr,non-financial,
S3_hp0.75_tk0_A18_low,base,S3,community,low-income households served,2072.0,households,non-financial,
S3_hp0.75_tk0_A18_low,base,S3,community,winter peak vs all-electric,1.04239620522617,MW,non-financial,positive = less peak than ASHPs
S3_hp0.75_tk0_A18_low,base,S3,community,"LL97 penalty exposure reduced (commercial, upper bound)",31320.46211856038,$/yr,context,only if those buildings exceed their LL97 limit; not added to savings
S3_hp0.75_tk0_A18_low,base,S3,system,annual savings (resource view),-14635763.70338626,$/yr,financial,= sum of actors (transfers cancel)
S3_hp0.75_tk0_A18_high,base,S3,data_center,net financial value,100338.12910901709,$/yr,financial,heat sales - source-side electricity
S3_hp0.75_tk0_A18_high,base,S3,data_center,heat-sale revenue (transfer from operator),1229210.8747364348,$/yr,transfer,fence price 88.7 $/MWh
S3_hp0.75_tk0_A18_high,base,S3,data_center,source-side electricity cost,-1128872.7456274177,$/yr,financial,
S3_hp0.75_tk0_A18_high,base,S3,heat_users,tariff + connection paid (transfer to operator),-1278995.5997781255,$/yr,transfer,
S3_hp0.75_tk0_A18_high,base,S3,data_center,cooling reliability,unchanged (H1 pass; towers take 100% in network outage),,non-financial,
S3_hp0.75_tk0_A18_high,base,S3,heat_users,net financial value (all connected buildings),-839724.7065846878,$/yr,financial,
S3_hp0.75_tk0_A18_high,base,S3,heat_users,NYCHA bill change per apartment (positive = saving),-405.25360878588776,$/apt/yr,financial,
S3_hp0.75_tk0_A18_high,base,S3,heat_users,continuity of heat,no unserved heat in all operating modes,,non-financial,
S3_hp0.75_tk0_A18_high,base,S3,network_operator,net financial position,-13896377.125910588,$/yr,financial,tariff + connection - fence - annualised operator capex - network O&M
S3_hp0.75_tk0_A18_high,base,S3,community,public / ratepayer funding need,13896377.125910588,$/yr,financial,"operator shortfall, recovered from ratepayers in the pilot model"
S3_hp0.75_tk0_A18_high,base,S3,community,CO2 avoided,802.1449276466274,tCO2e/yr,non-financial,
S3_hp0.75_tk0_A18_high,base,S3,community,NOx avoided next to the EJ block,1610.951692554328,kg/yr,non-financial,
S3_hp0.75_tk0_A18_high,base,S3,community,low-income households served,2072.0,households,non-financial,
S3_hp0.75_tk0_A18_high,base,S3,community,winter peak vs all-electric,1.04239620522617,MW,non-financial,positive = less peak than ASHPs
S3_hp0.75_tk0_A18_high,base,S3,community,"LL97 penalty exposure reduced (commercial, upper bound)",31320.46211856038,$/yr,context,only if those buildings exceed their LL97 limit; not added to savings
S3_hp0.75_tk0_A18_high,base,S3,system,annual savings (resource view),-14635763.70338626,$/yr,financial,= sum of actors (transfers cancel)
S3_hp0.75_tk0_A19_low,base,S3,data_center,net financial value,100338.12910901709,$/yr,financial,heat sales - source-side electricity
S3_hp0.75_tk0_A19_low,base,S3,data_center,heat-sale revenue (transfer from operator),1229210.8747364348,$/yr,transfer,fence price 88.7 $/MWh
S3_hp0.75_tk0_A19_low,base,S3,data_center,source-side electricity cost,-1128872.7456274177,$/yr,financial,
S3_hp0.75_tk0_A19_low,base,S3,heat_users,tariff + connection paid (transfer to operator),-1278995.5997781255,$/yr,transfer,
S3_hp0.75_tk0_A19_low,base,S3,data_center,cooling reliability,unchanged (H1 pass; towers take 100% in network outage),,non-financial,
S3_hp0.75_tk0_A19_low,base,S3,heat_users,net financial value (all connected buildings),-839724.7065846878,$/yr,financial,
S3_hp0.75_tk0_A19_low,base,S3,heat_users,NYCHA bill change per apartment (positive = saving),-405.25360878588776,$/apt/yr,financial,
S3_hp0.75_tk0_A19_low,base,S3,heat_users,continuity of heat,no unserved heat in all operating modes,,non-financial,
S3_hp0.75_tk0_A19_low,base,S3,network_operator,net financial position,-13896377.125910588,$/yr,financial,tariff + connection - fence - annualised operator capex - network O&M
S3_hp0.75_tk0_A19_low,base,S3,community,public / ratepayer funding need,13896377.125910588,$/yr,financial,"operator shortfall, recovered from ratepayers in the pilot model"
S3_hp0.75_tk0_A19_low,base,S3,community,CO2 avoided,802.1449276466274,tCO2e/yr,non-financial,
S3_hp0.75_tk0_A19_low,base,S3,community,NOx avoided next to the EJ block,1610.951692554328,kg/yr,non-financial,
S3_hp0.75_tk0_A19_low,base,S3,community,low-income households served,2072.0,households,non-financial,
S3_hp0.75_tk0_A19_low,base,S3,community,winter peak vs all-electric,1.04239620522617,MW,non-financial,positive = less peak than ASHPs
S3_hp0.75_tk0_A19_low,base,S3,community,"LL97 penalty exposure reduced (commercial, upper bound)",31320.46211856038,$/yr,context,only if those buildings exceed their LL97 limit; not added to savings
S3_hp0.75_tk0_A19_low,base,S3,system,annual savings (resource view),-14635763.70338626,$/yr,financial,= sum of actors (transfers cancel)
S3_hp0.75_tk0_A19_high,base,S3,data_center,net financial value,100338.12910901709,$/yr,financial,heat sales - source-side electricity
S3_hp0.75_tk0_A19_high,base,S3,data_center,heat-sale revenue (transfer from operator),1229210.8747364348,$/yr,transfer,fence price 88.7 $/MWh
S3_hp0.75_tk0_A19_high,base,S3,data_center,source-side electricity cost,-1128872.7456274177,$/yr,financial,
S3_hp0.75_tk0_A19_high,base,S3,heat_users,tariff + connection paid (transfer to operator),-1278995.5997781255,$/yr,transfer,
S3_hp0.75_tk0_A19_high,base,S3,data_center,cooling reliability,unchanged (H1 pass; towers take 100% in network outage),,non-financial,
S3_hp0.75_tk0_A19_high,base,S3,heat_users,net financial value (all connected buildings),-839724.7065846878,$/yr,financial,
S3_hp0.75_tk0_A19_high,base,S3,heat_users,NYCHA bill change per apartment (positive = saving),-405.25360878588776,$/apt/yr,financial,
S3_hp0.75_tk0_A19_high,base,S3,heat_users,continuity of heat,no unserved heat in all operating modes,,non-financial,
S3_hp0.75_tk0_A19_high,base,S3,network_operator,net financial position,-13896377.125910588,$/yr,financial,tariff + connection - fence - annualised operator capex - network O&M
S3_hp0.75_tk0_A19_high,base,S3,community,public / ratepayer funding need,13896377.125910588,$/yr,financial,"operator shortfall, recovered from ratepayers in the pilot model"
S3_hp0.75_tk0_A19_high,base,S3,community,CO2 avoided,802.1449276466274,tCO2e/yr,non-financial,
S3_hp0.75_tk0_A19_high,base,S3,community,NOx avoided next to the EJ block,1610.951692554328,kg/yr,non-financial,
S3_hp0.75_tk0_A19_high,base,S3,community,low-income households served,2072.0,households,non-financial,
S3_hp0.75_tk0_A19_high,base,S3,community,winter peak vs all-electric,1.04239620522617,MW,non-financial,positive = less peak than ASHPs
S3_hp0.75_tk0_A19_high,base,S3,community,"LL97 penalty exposure reduced (commercial, upper bound)",31320.46211856038,$/yr,context,only if those buildings exceed their LL97 limit; not added to savings
S3_hp0.75_tk0_A19_high,base,S3,system,annual savings (resource view),-14635763.70338626,$/yr,financial,= sum of actors (transfers cancel)
S3_hp0.75_tk0_A20_low,base,S3,data_center,net financial value,88264.58282047557,$/yr,financial,heat sales - source-side electricity
S3_hp0.75_tk0_A20_low,base,S3,data_center,heat-sale revenue (transfer from operator),1081301.6549184653,$/yr,transfer,fence price 88.7 $/MWh
S3_hp0.75_tk0_A20_low,base,S3,data_center,source-side electricity cost,-993037.0720979897,$/yr,financial,
S3_hp0.75_tk0_A20_low,base,S3,heat_users,tariff + connection paid (transfer to operator),-1127502.4257876438,$/yr,transfer,
S3_hp0.75_tk0_A20_low,base,S3,data_center,cooling reliability,unchanged (H1 pass; towers take 100% in network outage),,non-financial,
S3_hp0.75_tk0_A20_low,base,S3,heat_users,net financial value (all connected buildings),-843172.0004017209,$/yr,financial,
S3_hp0.75_tk0_A20_low,base,S3,heat_users,NYCHA bill change per apartment (positive = saving),-405.25360878588845,$/apt/yr,financial,
S3_hp0.75_tk0_A20_low,base,S3,heat_users,continuity of heat,no unserved heat in all operating modes,,non-financial,
S3_hp0.75_tk0_A20_low,base,S3,network_operator,net financial position,-13823106.188520804,$/yr,financial,tariff + connection - fence - annualised operator capex - network O&M
S3_hp0.75_tk0_A20_low,base,S3,community,public / ratepayer funding need,13823106.188520804,$/yr,financial,"operator shortfall, recovered from ratepayers in the pilot model"
S3_hp0.75_tk0_A20_low,base,S3,community,CO2 avoided,720.9324979322028,tCO2e/yr,non-financial,
S3_hp0.75_tk0_A20_low,base,S3,community,NOx avoided next to the EJ block,1610.951692554328,kg/yr,non-financial,
S3_hp0.75_tk0_A20_low,base,S3,community,low-income households served,2072.0,households,non-financial,
S3_hp0.75_tk0_A20_low,base,S3,community,winter peak vs all-electric,0.9169661324656484,MW,non-financial,positive = less peak than ASHPs
S3_hp0.75_tk0_A20_low,base,S3,community,"LL97 penalty exposure reduced (commercial, upper bound)",9555.530955095197,$/yr,context,only if those buildings exceed their LL97 limit; not added to savings
S3_hp0.75_tk0_A20_low,base,S3,system,annual savings (resource view),-14578013.606102051,$/yr,financial,= sum of actors (transfers cancel)
S3_hp0.75_tk0_A20_high,base,S3,data_center,net financial value,106223.01542697963,$/yr,financial,heat sales - source-side electricity
S3_hp0.75_tk0_A20_high,base,S3,data_center,heat-sale revenue (transfer from operator),1301304.7668875156,$/yr,transfer,fence price 88.7 $/MWh
S3_hp0.75_tk0_A20_high,base,S3,data_center,source-side electricity cost,-1195081.751460536,$/yr,financial,
S3_hp0.75_tk0_A20_high,base,S3,heat_users,tariff + connection paid (transfer to operator),-1352836.382392867,$/yr,transfer,
S3_hp0.75_tk0_A20_high,base,S3,data_center,cooling reliability,unchanged (H1 pass; towers take 100% in network outage),,non-financial,
S3_hp0.75_tk0_A20_high,base,S3,heat_users,net financial value (all connected buildings),-838044.4270932267,$/yr,financial,
S3_hp0.75_tk0_A20_high,base,S3,heat_users,NYCHA bill change per apartment (positive = saving),-405.25360878588776,$/apt/yr,financial,
S3_hp0.75_tk0_A20_high,base,S3,heat_users,continuity of heat,no unserved heat in all operating modes,,non-financial,
S3_hp0.75_tk0_A20_high,base,S3,network_operator,net financial position,-13932090.836418215,$/yr,financial,tariff + connection - fence - annualised operator capex - network O&M
S3_hp0.75_tk0_A20_high,base,S3,community,public / ratepayer funding need,13932090.836418215,$/yr,financial,"operator shortfall, recovered from ratepayers in the pilot model"
S3_hp0.75_tk0_A20_high,base,S3,community,CO2 avoided,841.7294792815042,tCO2e/yr,non-financial,
S3_hp0.75_tk0_A20_high,base,S3,community,NOx avoided next to the EJ block,1610.951692554328,kg/yr,non-financial,
S3_hp0.75_tk0_A20_high,base,S3,community,low-income households served,2072.0,households,non-financial,
S3_hp0.75_tk0_A20_high,base,S3,community,winter peak vs all-electric,1.103533314523535,MW,non-financial,positive = less peak than ASHPs
S3_hp0.75_tk0_A20_high,base,S3,community,"LL97 penalty exposure reduced (commercial, upper bound)",41929.121956707386,$/yr,context,only if those buildings exceed their LL97 limit; not added to savings
S3_hp0.75_tk0_A20_high,base,S3,system,annual savings (resource view),-14663912.24808446,$/yr,financial,= sum of actors (transfers cancel)
S3R_hp0.5_tk0_base,base,S3R,data_center,net financial value,224219.88079176843,$/yr,financial,heat sales - source-side electricity
S3R_hp0.5_tk0_base,base,S3R,data_center,heat-sale revenue (transfer from operator),2746847.267820732,$/yr,transfer,fence price 88.7 $/MWh
S3R_hp0.5_tk0_base,base,S3R,data_center,source-side electricity cost,-2522627.387028964,$/yr,financial,
S3R_hp0.5_tk0_base,base,S3R,heat_users,tariff + connection paid (transfer to operator),-2828405.4900794663,$/yr,transfer,
S3R_hp0.5_tk0_base,base,S3R,data_center,cooling reliability,unchanged (H1 pass; towers take 100% in network outage),,non-financial,
S3R_hp0.5_tk0_base,base,S3R,heat_users,net financial value (all connected buildings),-1521966.121870033,$/yr,financial,
S3R_hp0.5_tk0_base,base,S3R,heat_users,NYCHA bill change per apartment (positive = saving),-276.2117772576596,$/apt/yr,financial,
S3R_hp0.5_tk0_base,base,S3R,heat_users,continuity of heat,no unserved heat in all operating modes,,non-financial,
S3R_hp0.5_tk0_base,base,S3R,network_operator,net financial position,-6330506.25596475,$/yr,financial,tariff + connection - fence - annualised operator capex - network O&M
S3R_hp0.5_tk0_base,base,S3R,community,public / ratepayer funding need,6330506.25596475,$/yr,financial,"operator shortfall, recovered from ratepayers in the pilot model"
S3R_hp0.5_tk0_base,base,S3R,community,CO2 avoided,-2454.6273247586887,tCO2e/yr,non-financial,
S3R_hp0.5_tk0_base,base,S3R,community,NOx avoided next to the EJ block,0.0,kg/yr,non-financial,
S3R_hp0.5_tk0_base,base,S3R,community,low-income households served,2931.0,households,non-financial,
S3R_hp0.5_tk0_base,base,S3R,community,winter peak vs all-electric,5.933537223737294,MW,non-financial,positive = less peak than ASHPs
S3R_hp0.5_tk0_base,base,S3R,community,"LL97 penalty exposure reduced (commercial, upper bound)",31320.462118560317,$/yr,context,only if those buildings exceed their LL97 limit; not added to savings
S3R_hp0.5_tk0_base,base,S3R,system,annual savings (resource view),-7628252.497043013,$/yr,financial,= sum of actors (transfers cancel)
S3R_hp0.5_tk2_base,base,S3R,data_center,net financial value,226715.6271618898,$/yr,financial,heat sales - source-side electricity
S3R_hp0.5_tk2_base,base,S3R,data_center,heat-sale revenue (transfer from operator),2777421.871971504,$/yr,transfer,fence price 88.7 $/MWh
S3R_hp0.5_tk2_base,base,S3R,data_center,source-side electricity cost,-2550706.244809614,$/yr,financial,
S3R_hp0.5_tk2_base,base,S3R,heat_users,tariff + connection paid (transfer to operator),-2859720.940407737,$/yr,transfer,
S3R_hp0.5_tk2_base,base,S3R,data_center,cooling reliability,unchanged (H1 pass; towers take 100% in network outage),,non-financial,
S3R_hp0.5_tk2_base,base,S3R,heat_users,net financial value (all connected buildings),-1481668.705108466,$/yr,financial,
S3R_hp0.5_tk2_base,base,S3R,heat_users,NYCHA bill change per apartment (positive = saving),-268.8982714933099,$/apt/yr,financial,
S3R_hp0.5_tk2_base,base,S3R,heat_users,continuity of heat,no unserved heat in all operating modes,,non-financial,
S3R_hp0.5_tk2_base,base,S3R,network_operator,net financial position,-6329765.409787251,$/yr,financial,tariff + connection - fence - annualised operator capex - network O&M
S3R_hp0.5_tk2_base,base,S3R,community,public / ratepayer funding need,6329765.409787251,$/yr,financial,"operator shortfall, recovered from ratepayers in the pilot model"
S3R_hp0.5_tk2_base,base,S3R,community,CO2 avoided,-2395.533658004856,tCO2e/yr,non-financial,
S3R_hp0.5_tk2_base,base,S3R,community,NOx avoided next to the EJ block,0.0,kg/yr,non-financial,
S3R_hp0.5_tk2_base,base,S3R,community,low-income households served,2931.0,households,non-financial,
S3R_hp0.5_tk2_base,base,S3R,community,winter peak vs all-electric,5.933537223737294,MW,non-financial,positive = less peak than ASHPs
S3R_hp0.5_tk2_base,base,S3R,community,"LL97 penalty exposure reduced (commercial, upper bound)",31320.462118560317,$/yr,context,only if those buildings exceed their LL97 limit; not added to savings
S3R_hp0.5_tk2_base,base,S3R,system,annual savings (resource view),-7584718.487733829,$/yr,financial,= sum of actors (transfers cancel)
S3R_hp0.5_tk6_base,base,S3R,data_center,net financial value,228710.24464070052,$/yr,financial,heat sales - source-side electricity
S3R_hp0.5_tk6_base,base,S3R,data_center,heat-sale revenue (transfer from operator),2801857.303623115,$/yr,transfer,fence price 88.7 $/MWh
S3R_hp0.5_tk6_base,base,S3R,data_center,source-side electricity cost,-2573147.0589824147,$/yr,financial,
S3R_hp0.5_tk6_base,base,S3R,heat_users,tariff + connection paid (transfer to operator),-2884748.461364753,$/yr,transfer,
S3R_hp0.5_tk6_base,base,S3R,data_center,cooling reliability,unchanged (H1 pass; towers take 100% in network outage),,non-financial,
S3R_hp0.5_tk6_base,base,S3R,heat_users,net financial value (all connected buildings),-1455527.3877968732,$/yr,financial,
S3R_hp0.5_tk6_base,base,S3R,heat_users,NYCHA bill change per apartment (positive = saving),-264.15393078340196,$/apt/yr,financial,
S3R_hp0.5_tk6_base,base,S3R,heat_users,continuity of heat,no unserved heat in all operating modes,,non-financial,
S3R_hp0.5_tk6_base,base,S3R,network_operator,net financial position,-6329173.320481846,$/yr,financial,tariff + connection - fence - annualised operator capex - network O&M
S3R_hp0.5_tk6_base,base,S3R,community,public / ratepayer funding need,6329173.320481846,$/yr,financial,"operator shortfall, recovered from ratepayers in the pilot model"
S3R_hp0.5_tk6_base,base,S3R,community,CO2 avoided,-2356.3575593860896,tCO2e/yr,non-financial,
S3R_hp0.5_tk6_base,base,S3R,community,NOx avoided next to the EJ block,0.0,kg/yr,non-financial,
S3R_hp0.5_tk6_base,base,S3R,community,low-income households served,2931.0,households,non-financial,
S3R_hp0.5_tk6_base,base,S3R,community,winter peak vs all-electric,5.933537223737294,MW,non-financial,positive = less peak than ASHPs
S3R_hp0.5_tk6_base,base,S3R,community,"LL97 penalty exposure reduced (commercial, upper bound)",31320.462118560317,$/yr,context,only if those buildings exceed their LL97 limit; not added to savings
S3R_hp0.5_tk6_base,base,S3R,system,annual savings (resource view),-7555990.46363802,$/yr,financial,= sum of actors (transfers cancel)
S3R_hp0.75_tk0_base,base,S3R,data_center,net financial value,235497.72985732416,$/yr,financial,heat sales - source-side electricity
S3R_hp0.75_tk0_base,base,S3R,data_center,heat-sale revenue (transfer from operator),2885008.651116564,$/yr,transfer,fence price 88.7 $/MWh
S3R_hp0.75_tk0_base,base,S3R,data_center,source-side electricity cost,-2649510.92125924,$/yr,financial,
S3R_hp0.75_tk0_base,base,S3R,heat_users,tariff + connection paid (transfer to operator),-2969914.629970543,$/yr,transfer,
S3R_hp0.75_tk0_base,base,S3R,data_center,cooling reliability,unchanged (H1 pass; towers take 100% in network outage),,non-financial,
S3R_hp0.75_tk0_base,base,S3R,heat_users,net financial value (all connected buildings),-1688841.7883348875,$/yr,financial,
S3R_hp0.75_tk0_base,base,S3R,heat_users,NYCHA bill change per apartment (positive = saving),-306.4977421333138,$/apt/yr,financial,
S3R_hp0.75_tk0_base,base,S3R,heat_users,continuity of heat,no unserved heat in all operating modes,,non-financial,
S3R_hp0.75_tk0_base,base,S3R,network_operator,net financial position,-6736083.730621546,$/yr,financial,tariff + connection - fence - annualised operator capex - network O&M
S3R_hp0.75_tk0_base,base,S3R,community,public / ratepayer funding need,6736083.730621546,$/yr,financial,"operator shortfall, recovered from ratepayers in the pilot model"
S3R_hp0.75_tk0_base,base,S3R,community,CO2 avoided,-2169.709566379277,tCO2e/yr,non-financial,
S3R_hp0.75_tk0_base,base,S3R,community,NOx avoided next to the EJ block,0.0,kg/yr,non-financial,
S3R_hp0.75_tk0_base,base,S3R,community,low-income households served,2931.0,households,non-financial,
S3R_hp0.75_tk0_base,base,S3R,community,winter peak vs all-electric,5.933537223737294,MW,non-financial,positive = less peak than ASHPs
S3R_hp0.75_tk0_base,base,S3R,community,"LL97 penalty exposure reduced (commercial, upper bound)",31320.462118560317,$/yr,context,only if those buildings exceed their LL97 limit; not added to savings
S3R_hp0.75_tk0_base,base,S3R,system,annual savings (resource view),-8189427.7890991075,$/yr,financial,= sum of actors (transfers cancel)
S3R_hp0.75_tk2_base,base,S3R,data_center,net financial value,236206.56550046988,$/yr,financial,heat sales - source-side electricity
S3R_hp0.75_tk2_base,base,S3R,data_center,heat-sale revenue (transfer from operator),2893692.373732205,$/yr,transfer,fence price 88.7 $/MWh
S3R_hp0.75_tk2_base,base,S3R,data_center,source-side electricity cost,-2657485.808231735,$/yr,financial,
S3R_hp0.75_tk2_base,base,S3R,heat_users,tariff + connection paid (transfer to operator),-2978808.7658649473,$/yr,transfer,
S3R_hp0.75_tk2_base,base,S3R,data_center,cooling reliability,unchanged (H1 pass; towers take 100% in network outage),,non-financial,
S3R_hp0.75_tk2_base,base,S3R,heat_users,net financial value (all connected buildings),-1681033.0250768815,$/yr,financial,
S3R_hp0.75_tk2_base,base,S3R,heat_users,NYCHA bill change per apartment (positive = saving),-305.0805437198826,$/apt/yr,financial,
S3R_hp0.75_tk2_base,base,S3R,heat_users,continuity of heat,no unserved heat in all operating modes,,non-financial,
S3R_hp0.75_tk2_base,base,S3R,network_operator,net financial position,-6735873.317342782,$/yr,financial,tariff + connection - fence - annualised operator capex - network O&M
S3R_hp0.75_tk2_base,base,S3R,community,public / ratepayer funding need,6735873.317342782,$/yr,financial,"operator shortfall, recovered from ratepayers in the pilot model"
S3R_hp0.75_tk2_base,base,S3R,community,CO2 avoided,-2157.753944024488,tCO2e/yr,non-financial,
S3R_hp0.75_tk2_base,base,S3R,community,NOx avoided next to the EJ block,0.0,kg/yr,non-financial,
S3R_hp0.75_tk2_base,base,S3R,community,low-income households served,2931.0,households,non-financial,
S3R_hp0.75_tk2_base,base,S3R,community,winter peak vs all-electric,5.933537223737294,MW,non-financial,positive = less peak than ASHPs
S3R_hp0.75_tk2_base,base,S3R,community,"LL97 penalty exposure reduced (commercial, upper bound)",31320.462118560317,$/yr,context,only if those buildings exceed their LL97 limit; not added to savings
S3R_hp0.75_tk2_base,base,S3R,system,annual savings (resource view),-8180699.7769191945,$/yr,financial,= sum of actors (transfers cancel)
S3R_hp0.75_tk6_base,base,S3R,data_center,net financial value,237036.1680022725,$/yr,financial,heat sales - source-side electricity
S3R_hp0.75_tk6_base,base,S3R,data_center,heat-sale revenue (transfer from operator),2903855.5731657553,$/yr,transfer,fence price 88.7 $/MWh
S3R_hp0.75_tk6_base,base,S3R,data_center,source-side electricity cost,-2666819.4051634828,$/yr,financial,
S3R_hp0.75_tk6_base,base,S3R,heat_users,tariff + connection paid (transfer to operator),-2989218.2274386184,$/yr,transfer,
S3R_hp0.75_tk6_base,base,S3R,data_center,cooling reliability,unchanged (H1 pass; towers take 100% in network outage),,non-financial,
S3R_hp0.75_tk6_base,base,S3R,heat_users,net financial value (all connected buildings),-1675613.0785663505,$/yr,financial,
S3R_hp0.75_tk6_base,base,S3R,heat_users,NYCHA bill change per apartment (positive = saving),-304.0968873658842,$/apt/yr,financial,
S3R_hp0.75_tk6_base,base,S3R,heat_users,continuity of heat,no unserved heat in all operating modes,,non-financial,
S3R_hp0.75_tk6_base,base,S3R,network_operator,net financial position,-6735627.055202661,$/yr,financial,tariff + connection - fence - annualised operator capex - network O&M
S3R_hp0.75_tk6_base,base,S3R,community,public / ratepayer funding need,6735627.055202661,$/yr,financial,"operator shortfall, recovered from ratepayers in the pilot model"
S3R_hp0.75_tk6_base,base,S3R,community,CO2 avoided,-2148.6993655883543,tCO2e/yr,non-financial,
S3R_hp0.75_tk6_base,base,S3R,community,NOx avoided next to the EJ block,0.0,kg/yr,non-financial,
S3R_hp0.75_tk6_base,base,S3R,community,low-income households served,2931.0,households,non-financial,
S3R_hp0.75_tk6_base,base,S3R,community,winter peak vs all-electric,5.834532339529566,MW,non-financial,positive = less peak than ASHPs
S3R_hp0.75_tk6_base,base,S3R,community,"LL97 penalty exposure reduced (commercial, upper bound)",31320.462118560317,$/yr,context,only if those buildings exceed their LL97 limit; not added to savings
S3R_hp0.75_tk6_base,base,S3R,system,annual savings (resource view),-8174203.965766738,$/yr,financial,= sum of actors (transfers cancel)
S3R_hp1_tk0_base,base,S3R,data_center,net financial value,236294.19926692825,$/yr,financial,heat sales - source-side electricity
S3R_hp1_tk0_base,base,S3R,data_center,heat-sale revenue (transfer from operator),2894765.947454182,$/yr,transfer,fence price 88.7 $/MWh
S3R_hp1_tk0_base,base,S3R,data_center,source-side electricity cost,-2658471.7481872537,$/yr,financial,
S3R_hp1_tk0_base,base,S3R,heat_users,tariff + connection paid (transfer to operator),-2979908.353104033,$/yr,transfer,
S3R_hp1_tk0_base,base,S3R,data_center,cooling reliability,unchanged (H1 pass; towers take 100% in network outage),,non-financial,
S3R_hp1_tk0_base,base,S3R,heat_users,net financial value (all connected buildings),-2037472.9065917504,$/yr,financial,
S3R_hp1_tk0_base,base,S3R,heat_users,NYCHA bill change per apartment (positive = saving),-369.7701773886429,$/apt/yr,financial,
S3R_hp1_tk0_base,base,S3R,heat_users,continuity of heat,no unserved heat in all operating modes,,non-financial,
S3R_hp1_tk0_base,base,S3R,network_operator,net financial position,-7144772.535077713,$/yr,financial,tariff + connection - fence - annualised operator capex - network O&M
S3R_hp1_tk0_base,base,S3R,community,public / ratepayer funding need,7144772.535077713,$/yr,financial,"operator shortfall, recovered from ratepayers in the pilot model"
S3R_hp1_tk0_base,base,S3R,community,CO2 avoided,-2149.587974266924,tCO2e/yr,non-financial,
S3R_hp1_tk0_base,base,S3R,community,NOx avoided next to the EJ block,0.0,kg/yr,non-financial,
S3R_hp1_tk0_base,base,S3R,community,low-income households served,2931.0,households,non-financial,
S3R_hp1_tk0_base,base,S3R,community,winter peak vs all-electric,5.933537223737294,MW,non-financial,positive = less peak than ASHPs
S3R_hp1_tk0_base,base,S3R,community,"LL97 penalty exposure reduced (commercial, upper bound)",31320.462118560317,$/yr,context,only if those buildings exceed their LL97 limit; not added to savings
S3R_hp1_tk0_base,base,S3R,system,annual savings (resource view),-8945951.242402539,$/yr,financial,= sum of actors (transfers cancel)
S3R_hp1_tk2_base,base,S3R,data_center,net financial value,236853.5555302319,$/yr,financial,heat sales - source-side electricity
S3R_hp1_tk2_base,base,S3R,data_center,heat-sale revenue (transfer from operator),2901618.4451817186,$/yr,transfer,fence price 88.7 $/MWh
S3R_hp1_tk2_base,base,S3R,data_center,source-side electricity cost,-2664764.8896514867,$/yr,financial,
S3R_hp1_tk2_base,base,S3R,heat_users,tariff + connection paid (transfer to operator),-2986926.8921226603,$/yr,transfer,
S3R_hp1_tk2_base,base,S3R,data_center,cooling reliability,unchanged (H1 pass; towers take 100% in network outage),,non-financial,
S3R_hp1_tk2_base,base,S3R,heat_users,net financial value (all connected buildings),-2032256.2345572761,$/yr,financial,
S3R_hp1_tk2_base,base,S3R,heat_users,NYCHA bill change per apartment (positive = saving),-368.82341295407394,$/apt/yr,financial,
S3R_hp1_tk2_base,base,S3R,heat_users,continuity of heat,no unserved heat in all operating modes,,non-financial,
S3R_hp1_tk2_base,base,S3R,network_operator,net financial position,-7144606.493786623,$/yr,financial,tariff + connection - fence - annualised operator capex - network O&M
S3R_hp1_tk2_base,base,S3R,community,public / ratepayer funding need,7144606.493786623,$/yr,financial,"operator shortfall, recovered from ratepayers in the pilot model"
S3R_hp1_tk2_base,base,S3R,community,CO2 avoided,-2141.4087218192726,tCO2e/yr,non-financial,
S3R_hp1_tk2_base,base,S3R,community,NOx avoided next to the EJ block,0.0,kg/yr,non-financial,
S3R_hp1_tk2_base,base,S3R,community,low-income households served,2931.0,households,non-financial,
S3R_hp1_tk2_base,base,S3R,community,winter peak vs all-electric,5.834532339529566,MW,non-financial,positive = less peak than ASHPs
S3R_hp1_tk2_base,base,S3R,community,"LL97 penalty exposure reduced (commercial, upper bound)",31320.462118560317,$/yr,context,only if those buildings exceed their LL97 limit; not added to savings
S3R_hp1_tk2_base,base,S3R,system,annual savings (resource view),-8940009.172813669,$/yr,financial,= sum of actors (transfers cancel)
S3R_hp1_tk6_base,base,S3R,data_center,net financial value,237551.52368672937,$/yr,financial,heat sales - source-side electricity
S3R_hp1_tk6_base,base,S3R,data_center,heat-sale revenue (transfer from operator),2910169.0336350375,$/yr,transfer,fence price 88.7 $/MWh
S3R_hp1_tk6_base,base,S3R,data_center,source-side electricity cost,-2672617.509948308,$/yr,financial,
S3R_hp1_tk6_base,base,S3R,heat_users,tariff + connection paid (transfer to operator),-2995684.667911579,$/yr,transfer,
S3R_hp1_tk6_base,base,S3R,data_center,cooling reliability,unchanged (H1 pass; towers take 100% in network outage),,non-financial,
S3R_hp1_tk6_base,base,S3R,heat_users,net financial value (all connected buildings),-2029118.9321916471,$/yr,financial,
S3R_hp1_tk6_base,base,S3R,heat_users,NYCHA bill change per apartment (positive = saving),-368.2540295846313,$/apt/yr,financial,
S3R_hp1_tk6_base,base,S3R,heat_users,continuity of heat,no unserved heat in all operating modes,,non-financial,
S3R_hp1_tk6_base,base,S3R,network_operator,net financial position,-7144399.306451024,$/yr,financial,tariff + connection - fence - annualised operator capex - network O&M
S3R_hp1_tk6_base,base,S3R,community,public / ratepayer funding need,7144399.306451024,$/yr,financial,"operator shortfall, recovered from ratepayers in the pilot model"
S3R_hp1_tk6_base,base,S3R,community,CO2 avoided,-2135.6796855474186,tCO2e/yr,non-financial,
S3R_hp1_tk6_base,base,S3R,community,NOx avoided next to the EJ block,0.0,kg/yr,non-financial,
S3R_hp1_tk6_base,base,S3R,community,low-income households served,2931.0,households,non-financial,
S3R_hp1_tk6_base,base,S3R,community,winter peak vs all-electric,5.834532339529566,MW,non-financial,positive = less peak than ASHPs
S3R_hp1_tk6_base,base,S3R,community,"LL97 penalty exposure reduced (commercial, upper bound)",31320.462118560317,$/yr,context,only if those buildings exceed their LL97 limit; not added to savings
S3R_hp1_tk6_base,base,S3R,system,annual savings (resource view),-8935966.71495594,$/yr,financial,= sum of actors (transfers cancel)
S3R_hp0.75_tk0_A01_low,base,S3R,data_center,net financial value,230261.81947827805,$/yr,financial,heat sales - source-side electricity
S3R_hp0.75_tk0_A01_low,base,S3R,data_center,heat-sale revenue (transfer from operator),2820865.1591636976,$/yr,transfer,fence price 88.7 $/MWh
S3R_hp0.75_tk0_A01_low,base,S3R,data_center,source-side electricity cost,-2590603.3396854196,$/yr,financial,
S3R_hp0.75_tk0_A01_low,base,S3R,heat_users,tariff + connection paid (transfer to operator),-2904216.8918665107,$/yr,transfer,
S3R_hp0.75_tk0_A01_low,base,S3R,data_center,cooling reliability,unchanged (H1 pass; towers take 100% in network outage),,non-financial,
S3R_hp0.75_tk0_A01_low,base,S3R,heat_users,net financial value (all connected buildings),-1779636.634788678,$/yr,financial,
S3R_hp0.75_tk0_A01_low,base,S3R,heat_users,NYCHA bill change per apartment (positive = saving),-322.9759356820961,$/apt/yr,financial,
S3R_hp0.75_tk0_A01_low,base,S3R,heat_users,continuity of heat,no unserved heat in all operating modes,,non-financial,
S3R_hp0.75_tk0_A01_low,base,S3R,network_operator,net financial position,-6737637.976772712,$/yr,financial,tariff + connection - fence - annualised operator capex - network O&M
S3R_hp0.75_tk0_A01_low,base,S3R,community,public / ratepayer funding need,6737637.976772712,$/yr,financial,"operator shortfall, recovered from ratepayers in the pilot model"
S3R_hp0.75_tk0_A01_low,base,S3R,community,CO2 avoided,-2301.9869039816876,tCO2e/yr,non-financial,
S3R_hp0.75_tk0_A01_low,base,S3R,community,NOx avoided next to the EJ block,0.0,kg/yr,non-financial,
S3R_hp0.75_tk0_A01_low,base,S3R,community,low-income households served,2931.0,households,non-financial,
S3R_hp0.75_tk0_A01_low,base,S3R,community,winter peak vs all-electric,5.933537223737294,MW,non-financial,positive = less peak than ASHPs
S3R_hp0.75_tk0_A01_low,base,S3R,community,"LL97 penalty exposure reduced (commercial, upper bound)",31320.462118560317,$/yr,context,only if those buildings exceed their LL97 limit; not added to savings
S3R_hp0.75_tk0_A01_low,base,S3R,system,annual savings (resource view),-8287012.792083112,$/yr,financial,= sum of actors (transfers cancel)
S3R_hp0.75_tk0_A01_high,base,S3R,data_center,net financial value,235497.72985732416,$/yr,financial,heat sales - source-side electricity
S3R_hp0.75_tk0_A01_high,base,S3R,data_center,heat-sale revenue (transfer from operator),2885008.651116564,$/yr,transfer,fence price 88.7 $/MWh
S3R_hp0.75_tk0_A01_high,base,S3R,data_center,source-side electricity cost,-2649510.92125924,$/yr,financial,
S3R_hp0.75_tk0_A01_high,base,S3R,heat_users,tariff + connection paid (transfer to operator),-2969914.629970543,$/yr,transfer,
S3R_hp0.75_tk0_A01_high,base,S3R,data_center,cooling reliability,unchanged (H1 pass; towers take 100% in network outage),,non-financial,
S3R_hp0.75_tk0_A01_high,base,S3R,heat_users,net financial value (all connected buildings),-1688841.7883348875,$/yr,financial,
S3R_hp0.75_tk0_A01_high,base,S3R,heat_users,NYCHA bill change per apartment (positive = saving),-306.4977421333138,$/apt/yr,financial,
S3R_hp0.75_tk0_A01_high,base,S3R,heat_users,continuity of heat,no unserved heat in all operating modes,,non-financial,
S3R_hp0.75_tk0_A01_high,base,S3R,network_operator,net financial position,-6736083.730621546,$/yr,financial,tariff + connection - fence - annualised operator capex - network O&M
S3R_hp0.75_tk0_A01_high,base,S3R,community,public / ratepayer funding need,6736083.730621546,$/yr,financial,"operator shortfall, recovered from ratepayers in the pilot model"
S3R_hp0.75_tk0_A01_high,base,S3R,community,CO2 avoided,-2169.709566379277,tCO2e/yr,non-financial,
S3R_hp0.75_tk0_A01_high,base,S3R,community,NOx avoided next to the EJ block,0.0,kg/yr,non-financial,
S3R_hp0.75_tk0_A01_high,base,S3R,community,low-income households served,2931.0,households,non-financial,
S3R_hp0.75_tk0_A01_high,base,S3R,community,winter peak vs all-electric,5.933537223737294,MW,non-financial,positive = less peak than ASHPs
S3R_hp0.75_tk0_A01_high,base,S3R,community,"LL97 penalty exposure reduced (commercial, upper bound)",31320.462118560317,$/yr,context,only if those buildings exceed their LL97 limit; not added to savings
S3R_hp0.75_tk0_A01_high,base,S3R,system,annual savings (resource view),-8189427.7890991075,$/yr,financial,= sum of actors (transfers cancel)
S3R_hp0.75_tk0_A02_low,base,S3R,data_center,net financial value,229018.39882011432,$/yr,financial,heat sales - source-side electricity
S3R_hp0.75_tk0_A02_low,base,S3R,data_center,heat-sale revenue (transfer from operator),2805632.4035955206,$/yr,transfer,fence price 88.7 $/MWh
S3R_hp0.75_tk0_A02_low,base,S3R,data_center,source-side electricity cost,-2576614.0047754063,$/yr,financial,
S3R_hp0.75_tk0_A02_low,base,S3R,heat_users,tariff + connection paid (transfer to operator),-2888615.0349134123,$/yr,transfer,
S3R_hp0.75_tk0_A02_low,base,S3R,data_center,cooling reliability,unchanged (H1 pass; towers take 100% in network outage),,non-financial,
S3R_hp0.75_tk0_A02_low,base,S3R,heat_users,net financial value (all connected buildings),-1806171.393506188,$/yr,financial,
S3R_hp0.75_tk0_A02_low,base,S3R,heat_users,NYCHA bill change per apartment (positive = saving),-326.16286823966004,$/apt/yr,financial,
S3R_hp0.75_tk0_A02_low,base,S3R,heat_users,continuity of heat,no unserved heat in all operating modes,,non-financial,
S3R_hp0.75_tk0_A02_low,base,S3R,network_operator,net financial position,-6694492.964233513,$/yr,financial,tariff + connection - fence - annualised operator capex - network O&M
S3R_hp0.75_tk0_A02_low,base,S3R,community,public / ratepayer funding need,6694492.964233513,$/yr,financial,"operator shortfall, recovered from ratepayers in the pilot model"
S3R_hp0.75_tk0_A02_low,base,S3R,community,CO2 avoided,-2333.3665581603873,tCO2e/yr,non-financial,
S3R_hp0.75_tk0_A02_low,base,S3R,community,NOx avoided next to the EJ block,0.0,kg/yr,non-financial,
S3R_hp0.75_tk0_A02_low,base,S3R,community,low-income households served,2931.0,households,non-financial,
S3R_hp0.75_tk0_A02_low,base,S3R,community,winter peak vs all-electric,5.933537223737294,MW,non-financial,positive = less peak than ASHPs
S3R_hp0.75_tk0_A02_low,base,S3R,community,"LL97 penalty exposure reduced (commercial, upper bound)",27965.52327249663,$/yr,context,only if those buildings exceed their LL97 limit; not added to savings
S3R_hp0.75_tk0_A02_low,base,S3R,system,annual savings (resource view),-8271645.958919586,$/yr,financial,= sum of actors (transfers cancel)
S3R_hp0.75_tk0_A02_high,base,S3R,data_center,net financial value,246296.61491934117,$/yr,financial,heat sales - source-side electricity
S3R_hp0.75_tk0_A02_high,base,S3R,data_center,heat-sale revenue (transfer from operator),3017302.396984971,$/yr,transfer,fence price 88.7 $/MWh
S3R_hp0.75_tk0_A02_high,base,S3R,data_center,source-side electricity cost,-2771005.78206563,$/yr,financial,
S3R_hp0.75_tk0_A02_high,base,S3R,heat_users,tariff + connection paid (transfer to operator),-3105413.9550657608,$/yr,transfer,
S3R_hp0.75_tk0_A02_high,base,S3R,data_center,cooling reliability,unchanged (H1 pass; towers take 100% in network outage),,non-financial,
S3R_hp0.75_tk0_A02_high,base,S3R,heat_users,net financial value (all connected buildings),-1493292.446382722,$/yr,financial,
S3R_hp0.75_tk0_A02_high,base,S3R,heat_users,NYCHA bill change per apartment (positive = saving),-273.7225319560703,$/apt/yr,financial,
S3R_hp0.75_tk0_A02_high,base,S3R,heat_users,continuity of heat,no unserved heat in all operating modes,,non-financial,
S3R_hp0.75_tk0_A02_high,base,S3R,network_operator,net financial position,-6805401.6746016,$/yr,financial,tariff + connection - fence - annualised operator capex - network O&M
S3R_hp0.75_tk0_A02_high,base,S3R,community,public / ratepayer funding need,6805401.6746016,$/yr,financial,"operator shortfall, recovered from ratepayers in the pilot model"
S3R_hp0.75_tk0_A02_high,base,S3R,community,CO2 avoided,-1896.9479134107642,tCO2e/yr,non-financial,
S3R_hp0.75_tk0_A02_high,base,S3R,community,NOx avoided next to the EJ block,0.0,kg/yr,non-financial,
S3R_hp0.75_tk0_A02_high,base,S3R,community,low-income households served,2931.0,households,non-financial,
S3R_hp0.75_tk0_A02_high,base,S3R,community,winter peak vs all-electric,5.933537223737294,MW,non-financial,positive = less peak than ASHPs
S3R_hp0.75_tk0_A02_high,base,S3R,community,"LL97 penalty exposure reduced (commercial, upper bound)",36912.026861999744,$/yr,context,only if those buildings exceed their LL97 limit; not added to savings
S3R_hp0.75_tk0_A02_high,base,S3R,system,annual savings (resource view),-8052397.506064978,$/yr,financial,= sum of actors (transfers cancel)
S3R_hp0.75_tk0_A03_low,base,S3R,data_center,net financial value,191873.03107307898,$/yr,financial,heat sales - source-side electricity
S3R_hp0.75_tk0_A03_low,base,S3R,data_center,heat-sale revenue (transfer from operator),2350576.1813379694,$/yr,transfer,fence price 88.7 $/MWh
S3R_hp0.75_tk0_A03_low,base,S3R,data_center,source-side electricity cost,-2158703.1502648904,$/yr,financial,
S3R_hp0.75_tk0_A03_low,base,S3R,heat_users,tariff + connection paid (transfer to operator),-2422532.4503473123,$/yr,transfer,
S3R_hp0.75_tk0_A03_low,base,S3R,data_center,cooling reliability,unchanged (H1 pass; towers take 100% in network outage),,non-financial,
S3R_hp0.75_tk0_A03_low,base,S3R,heat_users,net financial value (all connected buildings),-1353081.2765039746,$/yr,financial,
S3R_hp0.75_tk0_A03_low,base,S3R,heat_users,NYCHA bill change per apartment (positive = saving),-245.5611701131844,$/apt/yr,financial,
S3R_hp0.75_tk0_A03_low,base,S3R,heat_users,continuity of heat,no unserved heat in all operating modes,,non-financial,
S3R_hp0.75_tk0_A03_low,base,S3R,network_operator,net financial position,-6437279.844809922,$/yr,financial,tariff + connection - fence - annualised operator capex - network O&M
S3R_hp0.75_tk0_A03_low,base,S3R,community,public / ratepayer funding need,6437279.844809922,$/yr,financial,"operator shortfall, recovered from ratepayers in the pilot model"
S3R_hp0.75_tk0_A03_low,base,S3R,community,CO2 avoided,-1712.3941739104666,tCO2e/yr,non-financial,
S3R_hp0.75_tk0_A03_low,base,S3R,community,NOx avoided next to the EJ block,0.0,kg/yr,non-financial,
S3R_hp0.75_tk0_A03_low,base,S3R,community,low-income households served,2931.0,households,non-financial,
S3R_hp0.75_tk0_A03_low,base,S3R,community,winter peak vs all-electric,4.782929390910672,MW,non-financial,positive = less peak than ASHPs
S3R_hp0.75_tk0_A03_low,base,S3R,community,"LL97 penalty exposure reduced (commercial, upper bound)",31320.46211856038,$/yr,context,only if those buildings exceed their LL97 limit; not added to savings
S3R_hp0.75_tk0_A03_low,base,S3R,system,annual savings (resource view),-7598488.0902408175,$/yr,financial,= sum of actors (transfers cancel)
S3R_hp0.75_tk0_A03_high,base,S3R,data_center,net financial value,278514.3069586656,$/yr,financial,heat sales - source-side electricity
S3R_hp0.75_tk0_A03_high,base,S3R,data_center,heat-sale revenue (transfer from operator),3411991.2133433013,$/yr,transfer,fence price 88.7 $/MWh
S3R_hp0.75_tk0_A03_high,base,S3R,data_center,source-side electricity cost,-3133476.9063846357,$/yr,financial,
S3R_hp0.75_tk0_A03_high,base,S3R,heat_users,tariff + connection paid (transfer to operator),-3509666.3850512356,$/yr,transfer,
S3R_hp0.75_tk0_A03_high,base,S3R,data_center,cooling reliability,unchanged (H1 pass; towers take 100% in network outage),,non-financial,
S3R_hp0.75_tk0_A03_high,base,S3R,heat_users,net financial value (all connected buildings),-2035147.6133639454,$/yr,financial,
S3R_hp0.75_tk0_A03_high,base,S3R,heat_users,NYCHA bill change per apartment (positive = saving),-369.34816409866005,$/apt/yr,financial,
S3R_hp0.75_tk0_A03_high,base,S3R,heat_users,continuity of heat,no unserved heat in all operating modes,,non-financial,
S3R_hp0.75_tk0_A03_high,base,S3R,network_operator,net financial position,-7035068.133423849,$/yr,financial,tariff + connection - fence - annualised operator capex - network O&M
S3R_hp0.75_tk0_A03_high,base,S3R,community,public / ratepayer funding need,7035068.133423849,$/yr,financial,"operator shortfall, recovered from ratepayers in the pilot model"
S3R_hp0.75_tk0_A03_high,base,S3R,community,CO2 avoided,-2642.3882311979623,tCO2e/yr,non-financial,
S3R_hp0.75_tk0_A03_high,base,S3R,community,NOx avoided next to the EJ block,0.0,kg/yr,non-financial,
S3R_hp0.75_tk0_A03_high,base,S3R,community,low-income households served,2931.0,households,non-financial,
S3R_hp0.75_tk0_A03_high,base,S3R,community,winter peak vs all-electric,7.084145056563916,MW,non-financial,positive = less peak than ASHPs
S3R_hp0.75_tk0_A03_high,base,S3R,community,"LL97 penalty exposure reduced (commercial, upper bound)",31320.462118560317,$/yr,context,only if those buildings exceed their LL97 limit; not added to savings
S3R_hp0.75_tk0_A03_high,base,S3R,system,annual savings (resource view),-8791701.439829128,$/yr,financial,= sum of actors (transfers cancel)
S3R_hp0.75_tk0_A04_low,base,S3R,data_center,net financial value,233918.2538631335,$/yr,financial,heat sales - source-side electricity
S3R_hp0.75_tk0_A04_low,base,S3R,data_center,heat-sale revenue (transfer from operator),2865658.9872780563,$/yr,transfer,fence price 88.7 $/MWh
S3R_hp0.75_tk0_A04_low,base,S3R,data_center,source-side electricity cost,-2631740.733414923,$/yr,financial,
S3R_hp0.75_tk0_A04_low,base,S3R,heat_users,tariff + connection paid (transfer to operator),-2950096.108892871,$/yr,transfer,
S3R_hp0.75_tk0_A04_low,base,S3R,data_center,cooling reliability,unchanged (H1 pass; towers take 100% in network outage),,non-financial,
S3R_hp0.75_tk0_A04_low,base,S3R,heat_users,net financial value (all connected buildings),-1645199.3553838714,$/yr,financial,
S3R_hp0.75_tk0_A04_low,base,S3R,heat_users,NYCHA bill change per apartment (positive = saving),-306.49774213331386,$/apt/yr,financial,
S3R_hp0.75_tk0_A04_low,base,S3R,heat_users,continuity of heat,no unserved heat in all operating modes,,non-financial,
S3R_hp0.75_tk0_A04_low,base,S3R,network_operator,net financial position,-6726498.337571881,$/yr,financial,tariff + connection - fence - annualised operator capex - network O&M
S3R_hp0.75_tk0_A04_low,base,S3R,community,public / ratepayer funding need,6726498.337571881,$/yr,financial,"operator shortfall, recovered from ratepayers in the pilot model"
S3R_hp0.75_tk0_A04_low,base,S3R,community,CO2 avoided,-2117.5011168052224,tCO2e/yr,non-financial,
S3R_hp0.75_tk0_A04_low,base,S3R,community,NOx avoided next to the EJ block,0.0,kg/yr,non-financial,
S3R_hp0.75_tk0_A04_low,base,S3R,community,low-income households served,2931.0,households,non-financial,
S3R_hp0.75_tk0_A04_low,base,S3R,community,winter peak vs all-electric,5.917128309227822,MW,non-financial,positive = less peak than ASHPs
S3R_hp0.75_tk0_A04_low,base,S3R,community,"LL97 penalty exposure reduced (commercial, upper bound)",45312.326604407135,$/yr,context,only if those buildings exceed their LL97 limit; not added to savings
S3R_hp0.75_tk0_A04_low,base,S3R,system,annual savings (resource view),-8137779.439092617,$/yr,financial,= sum of actors (transfers cancel)
S3R_hp0.75_tk0_A04_high,base,S3R,data_center,net financial value,237302.84527925728,$/yr,financial,heat sales - source-side electricity
S3R_hp0.75_tk0_A04_high,base,S3R,data_center,heat-sale revenue (transfer from operator),2907122.5526462886,$/yr,transfer,fence price 88.7 $/MWh
S3R_hp0.75_tk0_A04_high,base,S3R,data_center,source-side electricity cost,-2669819.7073670314,$/yr,financial,
S3R_hp0.75_tk0_A04_high,base,S3R,heat_users,tariff + connection paid (transfer to operator),-2992564.368345025,$/yr,transfer,
S3R_hp0.75_tk0_A04_high,base,S3R,data_center,cooling reliability,unchanged (H1 pass; towers take 100% in network outage),,non-financial,
S3R_hp0.75_tk0_A04_high,base,S3R,heat_users,net financial value (all connected buildings),-1738718.8545646197,$/yr,financial,
S3R_hp0.75_tk0_A04_high,base,S3R,heat_users,NYCHA bill change per apartment (positive = saving),-306.4977421333137,$/apt/yr,financial,
S3R_hp0.75_tk0_A04_high,base,S3R,heat_users,continuity of heat,no unserved heat in all operating modes,,non-financial,
S3R_hp0.75_tk0_A04_high,base,S3R,network_operator,net financial position,-6747038.465535451,$/yr,financial,tariff + connection - fence - annualised operator capex - network O&M
S3R_hp0.75_tk0_A04_high,base,S3R,community,public / ratepayer funding need,6747038.465535451,$/yr,financial,"operator shortfall, recovered from ratepayers in the pilot model"
S3R_hp0.75_tk0_A04_high,base,S3R,community,CO2 avoided,-2229.3763658924827,tCO2e/yr,non-financial,
S3R_hp0.75_tk0_A04_high,base,S3R,community,NOx avoided next to the EJ block,0.0,kg/yr,non-financial,
S3R_hp0.75_tk0_A04_high,base,S3R,community,low-income households served,2931.0,households,non-financial,
S3R_hp0.75_tk0_A04_high,base,S3R,community,winter peak vs all-electric,5.952290268890976,MW,non-financial,positive = less peak than ASHPs
S3R_hp0.75_tk0_A04_high,base,S3R,community,"LL97 penalty exposure reduced (commercial, upper bound)",15329.7598490212,$/yr,context,only if those buildings exceed their LL97 limit; not added to savings
S3R_hp0.75_tk0_A04_high,base,S3R,system,annual savings (resource view),-8248454.474820812,$/yr,financial,= sum of actors (transfers cancel)
S3R_hp0.75_tk0_A10_low,base,S3R,data_center,net financial value,224708.8992061359,$/yr,financial,heat sales - source-side electricity
S3R_hp0.75_tk0_A10_low,base,S3R,data_center,heat-sale revenue (transfer from operator),2752838.0786742396,$/yr,transfer,fence price 88.7 $/MWh
S3R_hp0.75_tk0_A10_low,base,S3R,data_center,source-side electricity cost,-2528129.1794681037,$/yr,financial,
S3R_hp0.75_tk0_A10_low,base,S3R,heat_users,tariff + connection paid (transfer to operator),-2834541.4628882688,$/yr,transfer,
S3R_hp0.75_tk0_A10_low,base,S3R,data_center,cooling reliability,unchanged (H1 pass; towers take 100% in network outage),,non-financial,
S3R_hp0.75_tk0_A10_low,base,S3R,heat_users,net financial value (all connected buildings),-1884209.062100396,$/yr,financial,
S3R_hp0.75_tk0_A10_low,base,S3R,heat_users,NYCHA bill change per apartment (positive = saving),-338.76483858734866,$/apt/yr,financial,
S3R_hp0.75_tk0_A10_low,base,S3R,heat_users,continuity of heat,no unserved heat in all operating modes,,non-financial,
S3R_hp0.75_tk0_A10_low,base,S3R,network_operator,net financial position,-6674352.045376539,$/yr,financial,tariff + connection - fence - annualised operator capex - network O&M
S3R_hp0.75_tk0_A10_low,base,S3R,community,public / ratepayer funding need,6674352.045376539,$/yr,financial,"operator shortfall, recovered from ratepayers in the pilot model"
S3R_hp0.75_tk0_A10_low,base,S3R,community,CO2 avoided,-2442.217261860387,tCO2e/yr,non-financial,
S3R_hp0.75_tk0_A10_low,base,S3R,community,NOx avoided next to the EJ block,0.0,kg/yr,non-financial,
S3R_hp0.75_tk0_A10_low,base,S3R,community,low-income households served,2931.0,households,non-financial,
S3R_hp0.75_tk0_A10_low,base,S3R,community,winter peak vs all-electric,5.933537223737294,MW,non-financial,positive = less peak than ASHPs
S3R_hp0.75_tk0_A10_low,base,S3R,community,"LL97 penalty exposure reduced (commercial, upper bound)",24750.37354501906,$/yr,context,only if those buildings exceed their LL97 limit; not added to savings
S3R_hp0.75_tk0_A10_low,base,S3R,system,annual savings (resource view),-8333852.208270797,$/yr,financial,= sum of actors (transfers cancel)
S3R_hp0.75_tk0_A10_high,base,S3R,data_center,net financial value,244128.79437827505,$/yr,financial,heat sales - source-side electricity
S3R_hp0.75_tk0_A10_high,base,S3R,data_center,heat-sale revenue (transfer from operator),2990745.1090704245,$/yr,transfer,fence price 88.7 $/MWh
S3R_hp0.75_tk0_A10_high,base,S3R,data_center,source-side electricity cost,-2746616.3146921494,$/yr,financial,
S3R_hp0.75_tk0_A10_high,base,S3R,heat_users,tariff + connection paid (transfer to operator),-3078213.163636362,$/yr,transfer,
S3R_hp0.75_tk0_A10_high,base,S3R,data_center,cooling reliability,unchanged (H1 pass; towers take 100% in network outage),,non-financial,
S3R_hp0.75_tk0_A10_high,base,S3R,heat_users,net financial value (all connected buildings),-1532547.9693224798,$/yr,financial,
S3R_hp0.75_tk0_A10_high,base,S3R,heat_users,NYCHA bill change per apartment (positive = saving),-280.6840649700857,$/apt/yr,financial,
S3R_hp0.75_tk0_A10_high,base,S3R,heat_users,continuity of heat,no unserved heat in all operating modes,,non-financial,
S3R_hp0.75_tk0_A10_high,base,S3R,network_operator,net financial position,-6785469.078817551,$/yr,financial,tariff + connection - fence - annualised operator capex - network O&M
S3R_hp0.75_tk0_A10_high,base,S3R,community,public / ratepayer funding need,6785469.078817551,$/yr,financial,"operator shortfall, recovered from ratepayers in the pilot model"
S3R_hp0.75_tk0_A10_high,base,S3R,community,CO2 avoided,-1951.7034099943885,tCO2e/yr,non-financial,
S3R_hp0.75_tk0_A10_high,base,S3R,community,NOx avoided next to the EJ block,0.0,kg/yr,non-financial,
S3R_hp0.75_tk0_A10_high,base,S3R,community,low-income households served,2931.0,households,non-financial,
S3R_hp0.75_tk0_A10_high,base,S3R,community,winter peak vs all-electric,5.933537223737294,MW,non-financial,positive = less peak than ASHPs
S3R_hp0.75_tk0_A10_high,base,S3R,community,"LL97 penalty exposure reduced (commercial, upper bound)",36576.532977393406,$/yr,context,only if those buildings exceed their LL97 limit; not added to savings
S3R_hp0.75_tk0_A10_high,base,S3R,system,annual savings (resource view),-8073888.253761754,$/yr,financial,= sum of actors (transfers cancel)
S3R_hp0.75_tk0_A11_low,base,S3R,data_center,net financial value,235497.72985732416,$/yr,financial,heat sales - source-side electricity
S3R_hp0.75_tk0_A11_low,base,S3R,data_center,heat-sale revenue (transfer from operator),2885008.651116564,$/yr,transfer,fence price 88.7 $/MWh
S3R_hp0.75_tk0_A11_low,base,S3R,data_center,source-side electricity cost,-2649510.92125924,$/yr,financial,
S3R_hp0.75_tk0_A11_low,base,S3R,heat_users,tariff + connection paid (transfer to operator),-2969914.629970543,$/yr,transfer,
S3R_hp0.75_tk0_A11_low,base,S3R,data_center,cooling reliability,unchanged (H1 pass; towers take 100% in network outage),,non-financial,
S3R_hp0.75_tk0_A11_low,base,S3R,heat_users,net financial value (all connected buildings),-1639515.2916647466,$/yr,financial,
S3R_hp0.75_tk0_A11_low,base,S3R,heat_users,NYCHA bill change per apartment (positive = saving),-298.24488721650056,$/apt/yr,financial,
S3R_hp0.75_tk0_A11_low,base,S3R,heat_users,continuity of heat,no unserved heat in all operating modes,,non-financial,
S3R_hp0.75_tk0_A11_low,base,S3R,network_operator,net financial position,-6736083.730621546,$/yr,financial,tariff + connection - fence - annualised operator capex - network O&M
S3R_hp0.75_tk0_A11_low,base,S3R,community,public / ratepayer funding need,6736083.730621546,$/yr,financial,"operator shortfall, recovered from ratepayers in the pilot model"
S3R_hp0.75_tk0_A11_low,base,S3R,community,CO2 avoided,-2105.5046874117224,tCO2e/yr,non-financial,
S3R_hp0.75_tk0_A11_low,base,S3R,community,NOx avoided next to the EJ block,0.0,kg/yr,non-financial,
S3R_hp0.75_tk0_A11_low,base,S3R,community,low-income households served,2931.0,households,non-financial,
S3R_hp0.75_tk0_A11_low,base,S3R,community,winter peak vs all-electric,5.933537223737294,MW,non-financial,positive = less peak than ASHPs
S3R_hp0.75_tk0_A11_low,base,S3R,community,"LL97 penalty exposure reduced (commercial, upper bound)",32664.62393230018,$/yr,context,only if those buildings exceed their LL97 limit; not added to savings
S3R_hp0.75_tk0_A11_low,base,S3R,system,annual savings (resource view),-8140101.292428968,$/yr,financial,= sum of actors (transfers cancel)
S3R_hp0.75_tk0_A11_high,base,S3R,data_center,net financial value,235497.72985732416,$/yr,financial,heat sales - source-side electricity
S3R_hp0.75_tk0_A11_high,base,S3R,data_center,heat-sale revenue (transfer from operator),2885008.651116564,$/yr,transfer,fence price 88.7 $/MWh
S3R_hp0.75_tk0_A11_high,base,S3R,data_center,source-side electricity cost,-2649510.92125924,$/yr,financial,
S3R_hp0.75_tk0_A11_high,base,S3R,heat_users,tariff + connection paid (transfer to operator),-2969914.629970543,$/yr,transfer,
S3R_hp0.75_tk0_A11_high,base,S3R,data_center,cooling reliability,unchanged (H1 pass; towers take 100% in network outage),,non-financial,
S3R_hp0.75_tk0_A11_high,base,S3R,heat_users,net financial value (all connected buildings),-1886147.77501545,$/yr,financial,
S3R_hp0.75_tk0_A11_high,base,S3R,heat_users,NYCHA bill change per apartment (positive = saving),-339.50916180056646,$/apt/yr,financial,
S3R_hp0.75_tk0_A11_high,base,S3R,heat_users,continuity of heat,no unserved heat in all operating modes,,non-financial,
S3R_hp0.75_tk0_A11_high,base,S3R,network_operator,net financial position,-6736083.730621546,$/yr,financial,tariff + connection - fence - annualised operator capex - network O&M
S3R_hp0.75_tk0_A11_high,base,S3R,community,public / ratepayer funding need,6736083.730621546,$/yr,financial,"operator shortfall, recovered from ratepayers in the pilot model"
S3R_hp0.75_tk0_A11_high,base,S3R,community,CO2 avoided,-2426.529082249497,tCO2e/yr,non-financial,
S3R_hp0.75_tk0_A11_high,base,S3R,community,NOx avoided next to the EJ block,0.0,kg/yr,non-financial,
S3R_hp0.75_tk0_A11_high,base,S3R,community,low-income households served,2931.0,households,non-financial,
S3R_hp0.75_tk0_A11_high,base,S3R,community,winter peak vs all-electric,5.933537223737294,MW,non-financial,positive = less peak than ASHPs
S3R_hp0.75_tk0_A11_high,base,S3R,community,"LL97 penalty exposure reduced (commercial, upper bound)",25943.81486360096,$/yr,context,only if those buildings exceed their LL97 limit; not added to savings
S3R_hp0.75_tk0_A11_high,base,S3R,system,annual savings (resource view),-8386733.775779669,$/yr,financial,= sum of actors (transfers cancel)
S3R_hp0.75_tk0_A16_low,base,S3R,data_center,net financial value,235497.72985732416,$/yr,financial,heat sales - source-side electricity
S3R_hp0.75_tk0_A16_low,base,S3R,data_center,heat-sale revenue (transfer from operator),2885008.651116564,$/yr,transfer,fence price 88.7 $/MWh
S3R_hp0.75_tk0_A16_low,base,S3R,data_center,source-side electricity cost,-2649510.92125924,$/yr,financial,
S3R_hp0.75_tk0_A16_low,base,S3R,heat_users,tariff + connection paid (transfer to operator),-2969914.629970543,$/yr,transfer,
S3R_hp0.75_tk0_A16_low,base,S3R,data_center,cooling reliability,unchanged (H1 pass; towers take 100% in network outage),,non-financial,
S3R_hp0.75_tk0_A16_low,base,S3R,heat_users,net financial value (all connected buildings),-1688841.7883348875,$/yr,financial,
S3R_hp0.75_tk0_A16_low,base,S3R,heat_users,NYCHA bill change per apartment (positive = saving),-306.4977421333138,$/apt/yr,financial,
S3R_hp0.75_tk0_A16_low,base,S3R,heat_users,continuity of heat,no unserved heat in all operating modes,,non-financial,
S3R_hp0.75_tk0_A16_low,base,S3R,network_operator,net financial position,-6736083.730621546,$/yr,financial,tariff + connection - fence - annualised operator capex - network O&M
S3R_hp0.75_tk0_A16_low,base,S3R,community,public / ratepayer funding need,6736083.730621546,$/yr,financial,"operator shortfall, recovered from ratepayers in the pilot model"
S3R_hp0.75_tk0_A16_low,base,S3R,community,CO2 avoided,-2169.709566379277,tCO2e/yr,non-financial,
S3R_hp0.75_tk0_A16_low,base,S3R,community,NOx avoided next to the EJ block,0.0,kg/yr,non-financial,
S3R_hp0.75_tk0_A16_low,base,S3R,community,low-income households served,2931.0,households,non-financial,
S3R_hp0.75_tk0_A16_low,base,S3R,community,winter peak vs all-electric,5.933537223737294,MW,non-financial,positive = less peak than ASHPs
S3R_hp0.75_tk0_A16_low,base,S3R,community,"LL97 penalty exposure reduced (commercial, upper bound)",31320.462118560317,$/yr,context,only if those buildings exceed their LL97 limit; not added to savings
S3R_hp0.75_tk0_A16_low,base,S3R,system,annual savings (resource view),-8189427.7890991075,$/yr,financial,= sum of actors (transfers cancel)
S3R_hp0.75_tk0_A16_high,base,S3R,data_center,net financial value,236531.21412447793,$/yr,financial,heat sales - source-side electricity
S3R_hp0.75_tk0_A16_high,base,S3R,data_center,heat-sale revenue (transfer from operator),2897669.541959697,$/yr,transfer,fence price 88.7 $/MWh
S3R_hp0.75_tk0_A16_high,base,S3R,data_center,source-side electricity cost,-2661138.327835219,$/yr,financial,
S3R_hp0.75_tk0_A16_high,base,S3R,heat_users,tariff + connection paid (transfer to operator),-2982882.3039379516,$/yr,transfer,
S3R_hp0.75_tk0_A16_high,base,S3R,data_center,cooling reliability,unchanged (H1 pass; towers take 100% in network outage),,non-financial,
S3R_hp0.75_tk0_A16_high,base,S3R,heat_users,net financial value (all connected buildings),-1671548.9749543308,$/yr,financial,
S3R_hp0.75_tk0_A16_high,base,S3R,heat_users,NYCHA bill change per apartment (positive = saving),-303.3616022101001,$/apt/yr,financial,
S3R_hp0.75_tk0_A16_high,base,S3R,heat_users,continuity of heat,no unserved heat in all operating modes,,non-financial,
S3R_hp0.75_tk0_A16_high,base,S3R,network_operator,net financial position,-6735776.94749727,$/yr,financial,tariff + connection - fence - annualised operator capex - network O&M
S3R_hp0.75_tk0_A16_high,base,S3R,community,public / ratepayer funding need,6735776.94749727,$/yr,financial,"operator shortfall, recovered from ratepayers in the pilot model"
S3R_hp0.75_tk0_A16_high,base,S3R,community,CO2 avoided,-2144.263154872131,tCO2e/yr,non-financial,
S3R_hp0.75_tk0_A16_high,base,S3R,community,NOx avoided next to the EJ block,0.0,kg/yr,non-financial,
S3R_hp0.75_tk0_A16_high,base,S3R,community,low-income households served,2931.0,households,non-financial,
S3R_hp0.75_tk0_A16_high,base,S3R,community,winter peak vs all-electric,0.3681945033250793,MW,non-financial,positive = less peak than ASHPs
S3R_hp0.75_tk0_A16_high,base,S3R,community,"LL97 penalty exposure reduced (commercial, upper bound)",31384.95174543449,$/yr,context,only if those buildings exceed their LL97 limit; not added to savings
S3R_hp0.75_tk0_A16_high,base,S3R,system,annual savings (resource view),-8170794.708327123,$/yr,financial,= sum of actors (transfers cancel)
S3R_hp0.75_tk0_A17_low,base,S3R,data_center,net financial value,2885008.651116564,$/yr,financial,heat sales - source-side electricity
S3R_hp0.75_tk0_A17_low,base,S3R,data_center,heat-sale revenue (transfer from operator),2885008.651116564,$/yr,transfer,fence price 88.7 $/MWh
S3R_hp0.75_tk0_A17_low,base,S3R,data_center,source-side electricity cost,-0.0,$/yr,financial,
S3R_hp0.75_tk0_A17_low,base,S3R,heat_users,tariff + connection paid (transfer to operator),-2969914.629970543,$/yr,transfer,
S3R_hp0.75_tk0_A17_low,base,S3R,data_center,cooling reliability,unchanged (H1 pass; towers take 100% in network outage),,non-financial,
S3R_hp0.75_tk0_A17_low,base,S3R,heat_users,net financial value (all connected buildings),-1688841.7883348875,$/yr,financial,
S3R_hp0.75_tk0_A17_low,base,S3R,heat_users,NYCHA bill change per apartment (positive = saving),-306.4977421333138,$/apt/yr,financial,
S3R_hp0.75_tk0_A17_low,base,S3R,heat_users,continuity of heat,no unserved heat in all operating modes,,non-financial,
S3R_hp0.75_tk0_A17_low,base,S3R,network_operator,net financial position,-6736083.730621546,$/yr,financial,tariff + connection - fence - annualised operator capex - network O&M
S3R_hp0.75_tk0_A17_low,base,S3R,community,public / ratepayer funding need,6736083.730621546,$/yr,financial,"operator shortfall, recovered from ratepayers in the pilot model"
S3R_hp0.75_tk0_A17_low,base,S3R,community,CO2 avoided,1278.9750049221302,tCO2e/yr,non-financial,
S3R_hp0.75_tk0_A17_low,base,S3R,community,NOx avoided next to the EJ block,0.0,kg/yr,non-financial,
S3R_hp0.75_tk0_A17_low,base,S3R,community,low-income households served,2931.0,households,non-financial,
S3R_hp0.75_tk0_A17_low,base,S3R,community,winter peak vs all-electric,5.933537223737294,MW,non-financial,positive = less peak than ASHPs
S3R_hp0.75_tk0_A17_low,base,S3R,community,"LL97 penalty exposure reduced (commercial, upper bound)",99508.35306710024,$/yr,context,only if those buildings exceed their LL97 limit; not added to savings
S3R_hp0.75_tk0_A17_low,base,S3R,system,annual savings (resource view),-5539916.867839868,$/yr,financial,= sum of actors (transfers cancel)
S3R_hp0.75_tk0_A17_high,base,S3R,data_center,net financial value,235497.72985732416,$/yr,financial,heat sales - source-side electricity
S3R_hp0.75_tk0_A17_high,base,S3R,data_center,heat-sale revenue (transfer from operator),2885008.651116564,$/yr,transfer,fence price 88.7 $/MWh
S3R_hp0.75_tk0_A17_high,base,S3R,data_center,source-side electricity cost,-2649510.92125924,$/yr,financial,
S3R_hp0.75_tk0_A17_high,base,S3R,heat_users,tariff + connection paid (transfer to operator),-2969914.629970543,$/yr,transfer,
S3R_hp0.75_tk0_A17_high,base,S3R,data_center,cooling reliability,unchanged (H1 pass; towers take 100% in network outage),,non-financial,
S3R_hp0.75_tk0_A17_high,base,S3R,heat_users,net financial value (all connected buildings),-1688841.7883348875,$/yr,financial,
S3R_hp0.75_tk0_A17_high,base,S3R,heat_users,NYCHA bill change per apartment (positive = saving),-306.4977421333138,$/apt/yr,financial,
S3R_hp0.75_tk0_A17_high,base,S3R,heat_users,continuity of heat,no unserved heat in all operating modes,,non-financial,
S3R_hp0.75_tk0_A17_high,base,S3R,network_operator,net financial position,-6736083.730621546,$/yr,financial,tariff + connection - fence - annualised operator capex - network O&M
S3R_hp0.75_tk0_A17_high,base,S3R,community,public / ratepayer funding need,6736083.730621546,$/yr,financial,"operator shortfall, recovered from ratepayers in the pilot model"
S3R_hp0.75_tk0_A17_high,base,S3R,community,CO2 avoided,-2169.709566379277,tCO2e/yr,non-financial,
S3R_hp0.75_tk0_A17_high,base,S3R,community,NOx avoided next to the EJ block,0.0,kg/yr,non-financial,
S3R_hp0.75_tk0_A17_high,base,S3R,community,low-income households served,2931.0,households,non-financial,
S3R_hp0.75_tk0_A17_high,base,S3R,community,winter peak vs all-electric,5.933537223737294,MW,non-financial,positive = less peak than ASHPs
S3R_hp0.75_tk0_A17_high,base,S3R,community,"LL97 penalty exposure reduced (commercial, upper bound)",31320.462118560317,$/yr,context,only if those buildings exceed their LL97 limit; not added to savings
S3R_hp0.75_tk0_A17_high,base,S3R,system,annual savings (resource view),-8189427.7890991075,$/yr,financial,= sum of actors (transfers cancel)
S3R_hp0.75_tk0_A18_low,base,S3R,data_center,net financial value,235497.72985732416,$/yr,financial,heat sales - source-side electricity
S3R_hp0.75_tk0_A18_low,base,S3R,data_center,heat-sale revenue (transfer from operator),2885008.651116564,$/yr,transfer,fence price 88.7 $/MWh
S3R_hp0.75_tk0_A18_low,base,S3R,data_center,source-side electricity cost,-2649510.92125924,$/yr,financial,
S3R_hp0.75_tk0_A18_low,base,S3R,heat_users,tariff + connection paid (transfer to operator),-2969914.629970543,$/yr,transfer,
S3R_hp0.75_tk0_A18_low,base,S3R,data_center,cooling reliability,unchanged (H1 pass; towers take 100% in network outage),,non-financial,
S3R_hp0.75_tk0_A18_low,base,S3R,heat_users,net financial value (all connected buildings),-1688841.7883348875,$/yr,financial,
S3R_hp0.75_tk0_A18_low,base,S3R,heat_users,NYCHA bill change per apartment (positive = saving),-306.4977421333138,$/apt/yr,financial,
S3R_hp0.75_tk0_A18_low,base,S3R,heat_users,continuity of heat,no unserved heat in all operating modes,,non-financial,
S3R_hp0.75_tk0_A18_low,base,S3R,network_operator,net financial position,-6736083.730621546,$/yr,financial,tariff + connection - fence - annualised operator capex - network O&M
S3R_hp0.75_tk0_A18_low,base,S3R,community,public / ratepayer funding need,6736083.730621546,$/yr,financial,"operator shortfall, recovered from ratepayers in the pilot model"
S3R_hp0.75_tk0_A18_low,base,S3R,community,CO2 avoided,-2169.709566379277,tCO2e/yr,non-financial,
S3R_hp0.75_tk0_A18_low,base,S3R,community,NOx avoided next to the EJ block,0.0,kg/yr,non-financial,
S3R_hp0.75_tk0_A18_low,base,S3R,community,low-income households served,2931.0,households,non-financial,
S3R_hp0.75_tk0_A18_low,base,S3R,community,winter peak vs all-electric,5.933537223737294,MW,non-financial,positive = less peak than ASHPs
S3R_hp0.75_tk0_A18_low,base,S3R,community,"LL97 penalty exposure reduced (commercial, upper bound)",31320.462118560317,$/yr,context,only if those buildings exceed their LL97 limit; not added to savings
S3R_hp0.75_tk0_A18_low,base,S3R,system,annual savings (resource view),-8189427.7890991075,$/yr,financial,= sum of actors (transfers cancel)
S3R_hp0.75_tk0_A18_high,base,S3R,data_center,net financial value,235497.72985732416,$/yr,financial,heat sales - source-side electricity
S3R_hp0.75_tk0_A18_high,base,S3R,data_center,heat-sale revenue (transfer from operator),2885008.651116564,$/yr,transfer,fence price 88.7 $/MWh
S3R_hp0.75_tk0_A18_high,base,S3R,data_center,source-side electricity cost,-2649510.92125924,$/yr,financial,
S3R_hp0.75_tk0_A18_high,base,S3R,heat_users,tariff + connection paid (transfer to operator),-2969914.629970543,$/yr,transfer,
S3R_hp0.75_tk0_A18_high,base,S3R,data_center,cooling reliability,unchanged (H1 pass; towers take 100% in network outage),,non-financial,
S3R_hp0.75_tk0_A18_high,base,S3R,heat_users,net financial value (all connected buildings),-1688841.7883348875,$/yr,financial,
S3R_hp0.75_tk0_A18_high,base,S3R,heat_users,NYCHA bill change per apartment (positive = saving),-306.4977421333138,$/apt/yr,financial,
S3R_hp0.75_tk0_A18_high,base,S3R,heat_users,continuity of heat,no unserved heat in all operating modes,,non-financial,
S3R_hp0.75_tk0_A18_high,base,S3R,network_operator,net financial position,-6736083.730621546,$/yr,financial,tariff + connection - fence - annualised operator capex - network O&M
S3R_hp0.75_tk0_A18_high,base,S3R,community,public / ratepayer funding need,6736083.730621546,$/yr,financial,"operator shortfall, recovered from ratepayers in the pilot model"
S3R_hp0.75_tk0_A18_high,base,S3R,community,CO2 avoided,-2169.709566379277,tCO2e/yr,non-financial,
S3R_hp0.75_tk0_A18_high,base,S3R,community,NOx avoided next to the EJ block,0.0,kg/yr,non-financial,
S3R_hp0.75_tk0_A18_high,base,S3R,community,low-income households served,2931.0,households,non-financial,
S3R_hp0.75_tk0_A18_high,base,S3R,community,winter peak vs all-electric,5.933537223737294,MW,non-financial,positive = less peak than ASHPs
S3R_hp0.75_tk0_A18_high,base,S3R,community,"LL97 penalty exposure reduced (commercial, upper bound)",31320.462118560317,$/yr,context,only if those buildings exceed their LL97 limit; not added to savings
S3R_hp0.75_tk0_A18_high,base,S3R,system,annual savings (resource view),-8189427.7890991075,$/yr,financial,= sum of actors (transfers cancel)
S3R_hp0.75_tk0_A19_low,base,S3R,data_center,net financial value,237841.5199864274,$/yr,financial,heat sales - source-side electricity
S3R_hp0.75_tk0_A19_low,base,S3R,data_center,heat-sale revenue (transfer from operator),2913721.6871316507,$/yr,transfer,fence price 88.7 $/MWh
S3R_hp0.75_tk0_A19_low,base,S3R,data_center,source-side electricity cost,-2675880.1671452234,$/yr,financial,
S3R_hp0.75_tk0_A19_low,base,S3R,heat_users,tariff + connection paid (transfer to operator),-2999323.4049352254,$/yr,transfer,
S3R_hp0.75_tk0_A19_low,base,S3R,data_center,cooling reliability,unchanged (H1 pass; towers take 100% in network outage),,non-financial,
S3R_hp0.75_tk0_A19_low,base,S3R,heat_users,net financial value (all connected buildings),-1557817.784267284,$/yr,financial,
S3R_hp0.75_tk0_A19_low,base,S3R,heat_users,NYCHA bill change per apartment (positive = saving),-282.71843105026414,$/apt/yr,financial,
S3R_hp0.75_tk0_A19_low,base,S3R,heat_users,continuity of heat,no unserved heat in all operating modes,,non-financial,
S3R_hp0.75_tk0_A19_low,base,S3R,network_operator,net financial position,-6914344.673518139,$/yr,financial,tariff + connection - fence - annualised operator capex - network O&M
S3R_hp0.75_tk0_A19_low,base,S3R,community,public / ratepayer funding need,6914344.673518139,$/yr,financial,"operator shortfall, recovered from ratepayers in the pilot model"
S3R_hp0.75_tk0_A19_low,base,S3R,community,CO2 avoided,-2110.510969210318,tCO2e/yr,non-financial,
S3R_hp0.75_tk0_A19_low,base,S3R,community,NOx avoided next to the EJ block,0.0,kg/yr,non-financial,
S3R_hp0.75_tk0_A19_low,base,S3R,community,low-income households served,2931.0,households,non-financial,
S3R_hp0.75_tk0_A19_low,base,S3R,community,winter peak vs all-electric,6.65528453352531,MW,non-financial,positive = less peak than ASHPs
S3R_hp0.75_tk0_A19_low,base,S3R,community,"LL97 penalty exposure reduced (commercial, upper bound)",31320.462118560317,$/yr,context,only if those buildings exceed their LL97 limit; not added to savings
S3R_hp0.75_tk0_A19_low,base,S3R,system,annual savings (resource view),-8234320.9377989955,$/yr,financial,= sum of actors (transfers cancel)
S3R_hp0.75_tk0_A19_high,base,S3R,data_center,net financial value,233153.93972822092,$/yr,financial,heat sales - source-side electricity
S3R_hp0.75_tk0_A19_high,base,S3R,data_center,heat-sale revenue (transfer from operator),2856295.615101479,$/yr,transfer,fence price 88.7 $/MWh
S3R_hp0.75_tk0_A19_high,base,S3R,data_center,source-side electricity cost,-2623141.675373258,$/yr,financial,
S3R_hp0.75_tk0_A19_high,base,S3R,heat_users,tariff + connection paid (transfer to operator),-2940505.8550058613,$/yr,transfer,
S3R_hp0.75_tk0_A19_high,base,S3R,data_center,cooling reliability,unchanged (H1 pass; towers take 100% in network outage),,non-financial,
S3R_hp0.75_tk0_A19_high,base,S3R,heat_users,net financial value (all connected buildings),-1819865.7924024907,$/yr,financial,
S3R_hp0.75_tk0_A19_high,base,S3R,heat_users,NYCHA bill change per apartment (positive = saving),-330.27705321636336,$/apt/yr,financial,
S3R_hp0.75_tk0_A19_high,base,S3R,heat_users,continuity of heat,no unserved heat in all operating modes,,non-financial,
S3R_hp0.75_tk0_A19_high,base,S3R,network_operator,net financial position,-6557822.787724953,$/yr,financial,tariff + connection - fence - annualised operator capex - network O&M
S3R_hp0.75_tk0_A19_high,base,S3R,community,public / ratepayer funding need,6557822.787724953,$/yr,financial,"operator shortfall, recovered from ratepayers in the pilot model"
S3R_hp0.75_tk0_A19_high,base,S3R,community,CO2 avoided,-2228.908163548238,tCO2e/yr,non-financial,
S3R_hp0.75_tk0_A19_high,base,S3R,community,NOx avoided next to the EJ block,0.0,kg/yr,non-financial,
S3R_hp0.75_tk0_A19_high,base,S3R,community,low-income households served,2931.0,households,non-financial,
S3R_hp0.75_tk0_A19_high,base,S3R,community,winter peak vs all-electric,5.2117899139492785,MW,non-financial,positive = less peak than ASHPs
S3R_hp0.75_tk0_A19_high,base,S3R,community,"LL97 penalty exposure reduced (commercial, upper bound)",31320.462118560317,$/yr,context,only if those buildings exceed their LL97 limit; not added to savings
S3R_hp0.75_tk0_A19_high,base,S3R,system,annual savings (resource view),-8144534.640399225,$/yr,financial,= sum of actors (transfers cancel)
S3R_hp0.75_tk0_A20_low,base,S3R,data_center,net financial value,223424.18356878217,$/yr,financial,heat sales - source-side electricity
S3R_hp0.75_tk0_A20_low,base,S3R,data_center,heat-sale revenue (transfer from operator),2737099.4312985945,$/yr,transfer,fence price 88.7 $/MWh
S3R_hp0.75_tk0_A20_low,base,S3R,data_center,source-side electricity cost,-2513675.2477298123,$/yr,financial,
S3R_hp0.75_tk0_A20_low,base,S3R,heat_users,tariff + connection paid (transfer to operator),-2818421.45598006,$/yr,transfer,
S3R_hp0.75_tk0_A20_low,base,S3R,data_center,cooling reliability,unchanged (H1 pass; towers take 100% in network outage),,non-financial,
S3R_hp0.75_tk0_A20_low,base,S3R,heat_users,net financial value (all connected buildings),-1692289.0821519187,$/yr,financial,
S3R_hp0.75_tk0_A20_low,base,S3R,heat_users,NYCHA bill change per apartment (positive = saving),-306.4977421333138,$/apt/yr,financial,
S3R_hp0.75_tk0_A20_low,base,S3R,heat_users,continuity of heat,no unserved heat in all operating modes,,non-financial,
S3R_hp0.75_tk0_A20_low,base,S3R,network_operator,net financial position,-6662812.793231761,$/yr,financial,tariff + connection - fence - annualised operator capex - network O&M
S3R_hp0.75_tk0_A20_low,base,S3R,community,public / ratepayer funding need,6662812.793231761,$/yr,financial,"operator shortfall, recovered from ratepayers in the pilot model"
S3R_hp0.75_tk0_A20_low,base,S3R,community,CO2 avoided,-2250.921996093699,tCO2e/yr,non-financial,
S3R_hp0.75_tk0_A20_low,base,S3R,community,NOx avoided next to the EJ block,0.0,kg/yr,non-financial,
S3R_hp0.75_tk0_A20_low,base,S3R,community,low-income households served,2931.0,households,non-financial,
S3R_hp0.75_tk0_A20_low,base,S3R,community,winter peak vs all-electric,5.808107150976772,MW,non-financial,positive = less peak than ASHPs
S3R_hp0.75_tk0_A20_low,base,S3R,community,"LL97 penalty exposure reduced (commercial, upper bound)",9555.53095509522,$/yr,context,only if those buildings exceed their LL97 limit; not added to savings
S3R_hp0.75_tk0_A20_low,base,S3R,system,annual savings (resource view),-8131677.691814898,$/yr,financial,= sum of actors (transfers cancel)
S3R_hp0.75_tk0_A20_high,base,S3R,data_center,net financial value,241382.61617528694,$/yr,financial,heat sales - source-side electricity
S3R_hp0.75_tk0_A20_high,base,S3R,data_center,heat-sale revenue (transfer from operator),2957102.5432676454,$/yr,transfer,fence price 88.7 $/MWh
S3R_hp0.75_tk0_A20_high,base,S3R,data_center,source-side electricity cost,-2715719.9270923585,$/yr,financial,
S3R_hp0.75_tk0_A20_high,base,S3R,heat_users,tariff + connection paid (transfer to operator),-3043755.4125852855,$/yr,transfer,
S3R_hp0.75_tk0_A20_high,base,S3R,data_center,cooling reliability,unchanged (H1 pass; towers take 100% in network outage),,non-financial,
S3R_hp0.75_tk0_A20_high,base,S3R,heat_users,net financial value (all connected buildings),-1687161.508843428,$/yr,financial,
S3R_hp0.75_tk0_A20_high,base,S3R,heat_users,NYCHA bill change per apartment (positive = saving),-306.49774213331403,$/apt/yr,financial,
S3R_hp0.75_tk0_A20_high,base,S3R,heat_users,continuity of heat,no unserved heat in all operating modes,,non-financial,
S3R_hp0.75_tk0_A20_high,base,S3R,network_operator,net financial position,-6771797.441129169,$/yr,financial,tariff + connection - fence - annualised operator capex - network O&M
S3R_hp0.75_tk0_A20_high,base,S3R,community,public / ratepayer funding need,6771797.441129169,$/yr,financial,"operator shortfall, recovered from ratepayers in the pilot model"
S3R_hp0.75_tk0_A20_high,base,S3R,community,CO2 avoided,-2130.1250147444025,tCO2e/yr,non-financial,
S3R_hp0.75_tk0_A20_high,base,S3R,community,NOx avoided next to the EJ block,0.0,kg/yr,non-financial,
S3R_hp0.75_tk0_A20_high,base,S3R,community,low-income households served,2931.0,households,non-financial,
S3R_hp0.75_tk0_A20_high,base,S3R,community,winter peak vs all-electric,5.994674333034659,MW,non-financial,positive = less peak than ASHPs
S3R_hp0.75_tk0_A20_high,base,S3R,community,"LL97 penalty exposure reduced (commercial, upper bound)",41929.121956707175,$/yr,context,only if those buildings exceed their LL97 limit; not added to savings
S3R_hp0.75_tk0_A20_high,base,S3R,system,annual savings (resource view),-8217576.33379731,$/yr,financial,= sum of actors (transfers cancel)
S0_hp0.75_tk0_base,A05_low,S0,data_center,net financial value,0.0,$/yr,financial,heat sales - source-side electricity
S0_hp0.75_tk0_base,A05_low,S0,data_center,heat-sale revenue (transfer from operator),0.0,$/yr,transfer,fence price 88.7 $/MWh
S0_hp0.75_tk0_base,A05_low,S0,data_center,source-side electricity cost,-0.0,$/yr,financial,
S0_hp0.75_tk0_base,A05_low,S0,heat_users,tariff + connection paid (transfer to operator),-0.0,$/yr,transfer,
S0_hp0.75_tk0_base,A05_low,S0,data_center,cooling reliability,unchanged (H1 pass; towers take 100% in network outage),,non-financial,
S0_hp0.75_tk0_base,A05_low,S0,heat_users,net financial value (all connected buildings),0.0,$/yr,financial,
S0_hp0.75_tk0_base,A05_low,S0,heat_users,NYCHA bill change per apartment (positive = saving),,$/apt/yr,financial,
S0_hp0.75_tk0_base,A05_low,S0,heat_users,continuity of heat,no unserved heat in all operating modes,,non-financial,
S0_hp0.75_tk0_base,A05_low,S0,network_operator,net financial position,0.0,$/yr,financial,tariff + connection - fence - annualised operator capex - network O&M
S0_hp0.75_tk0_base,A05_low,S0,community,public / ratepayer funding need,0.0,$/yr,financial,"operator shortfall, recovered from ratepayers in the pilot model"
S0_hp0.75_tk0_base,A05_low,S0,community,CO2 avoided,0.0,tCO2e/yr,non-financial,
S0_hp0.75_tk0_base,A05_low,S0,community,NOx avoided next to the EJ block,0.0,kg/yr,non-financial,
S0_hp0.75_tk0_base,A05_low,S0,community,low-income households served,0.0,households,non-financial,
S0_hp0.75_tk0_base,A05_low,S0,community,winter peak vs all-electric,,MW,non-financial,positive = less peak than ASHPs
S0_hp0.75_tk0_base,A05_low,S0,community,"LL97 penalty exposure reduced (commercial, upper bound)",0.0,$/yr,context,only if those buildings exceed their LL97 limit; not added to savings
S0_hp0.75_tk0_base,A05_low,S0,system,annual savings (resource view),0.0,$/yr,financial,= sum of actors (transfers cancel)
S0_hp0.75_tk0_base,A05_high,S0,data_center,net financial value,0.0,$/yr,financial,heat sales - source-side electricity
S0_hp0.75_tk0_base,A05_high,S0,data_center,heat-sale revenue (transfer from operator),0.0,$/yr,transfer,fence price 88.7 $/MWh
S0_hp0.75_tk0_base,A05_high,S0,data_center,source-side electricity cost,-0.0,$/yr,financial,
S0_hp0.75_tk0_base,A05_high,S0,heat_users,tariff + connection paid (transfer to operator),-0.0,$/yr,transfer,
S0_hp0.75_tk0_base,A05_high,S0,data_center,cooling reliability,unchanged (H1 pass; towers take 100% in network outage),,non-financial,
S0_hp0.75_tk0_base,A05_high,S0,heat_users,net financial value (all connected buildings),0.0,$/yr,financial,
S0_hp0.75_tk0_base,A05_high,S0,heat_users,NYCHA bill change per apartment (positive = saving),,$/apt/yr,financial,
S0_hp0.75_tk0_base,A05_high,S0,heat_users,continuity of heat,no unserved heat in all operating modes,,non-financial,
S0_hp0.75_tk0_base,A05_high,S0,network_operator,net financial position,0.0,$/yr,financial,tariff + connection - fence - annualised operator capex - network O&M
S0_hp0.75_tk0_base,A05_high,S0,community,public / ratepayer funding need,0.0,$/yr,financial,"operator shortfall, recovered from ratepayers in the pilot model"
S0_hp0.75_tk0_base,A05_high,S0,community,CO2 avoided,0.0,tCO2e/yr,non-financial,
S0_hp0.75_tk0_base,A05_high,S0,community,NOx avoided next to the EJ block,0.0,kg/yr,non-financial,
S0_hp0.75_tk0_base,A05_high,S0,community,low-income households served,0.0,households,non-financial,
S0_hp0.75_tk0_base,A05_high,S0,community,winter peak vs all-electric,,MW,non-financial,positive = less peak than ASHPs
S0_hp0.75_tk0_base,A05_high,S0,community,"LL97 penalty exposure reduced (commercial, upper bound)",0.0,$/yr,context,only if those buildings exceed their LL97 limit; not added to savings
S0_hp0.75_tk0_base,A05_high,S0,system,annual savings (resource view),0.0,$/yr,financial,= sum of actors (transfers cancel)
S0_hp0.75_tk0_base,A06_low,S0,data_center,net financial value,0.0,$/yr,financial,heat sales - source-side electricity
S0_hp0.75_tk0_base,A06_low,S0,data_center,heat-sale revenue (transfer from operator),0.0,$/yr,transfer,fence price 66.5 $/MWh
S0_hp0.75_tk0_base,A06_low,S0,data_center,source-side electricity cost,-0.0,$/yr,financial,
S0_hp0.75_tk0_base,A06_low,S0,heat_users,tariff + connection paid (transfer to operator),-0.0,$/yr,transfer,
S0_hp0.75_tk0_base,A06_low,S0,data_center,cooling reliability,unchanged (H1 pass; towers take 100% in network outage),,non-financial,
S0_hp0.75_tk0_base,A06_low,S0,heat_users,net financial value (all connected buildings),0.0,$/yr,financial,
S0_hp0.75_tk0_base,A06_low,S0,heat_users,NYCHA bill change per apartment (positive = saving),,$/apt/yr,financial,
S0_hp0.75_tk0_base,A06_low,S0,heat_users,continuity of heat,no unserved heat in all operating modes,,non-financial,
S0_hp0.75_tk0_base,A06_low,S0,network_operator,net financial position,0.0,$/yr,financial,tariff + connection - fence - annualised operator capex - network O&M
S0_hp0.75_tk0_base,A06_low,S0,community,public / ratepayer funding need,0.0,$/yr,financial,"operator shortfall, recovered from ratepayers in the pilot model"
S0_hp0.75_tk0_base,A06_low,S0,community,CO2 avoided,0.0,tCO2e/yr,non-financial,
S0_hp0.75_tk0_base,A06_low,S0,community,NOx avoided next to the EJ block,0.0,kg/yr,non-financial,
S0_hp0.75_tk0_base,A06_low,S0,community,low-income households served,0.0,households,non-financial,
S0_hp0.75_tk0_base,A06_low,S0,community,winter peak vs all-electric,,MW,non-financial,positive = less peak than ASHPs
S0_hp0.75_tk0_base,A06_low,S0,community,"LL97 penalty exposure reduced (commercial, upper bound)",0.0,$/yr,context,only if those buildings exceed their LL97 limit; not added to savings
S0_hp0.75_tk0_base,A06_low,S0,system,annual savings (resource view),0.0,$/yr,financial,= sum of actors (transfers cancel)
S0_hp0.75_tk0_base,A06_high,S0,data_center,net financial value,0.0,$/yr,financial,heat sales - source-side electricity
S0_hp0.75_tk0_base,A06_high,S0,data_center,heat-sale revenue (transfer from operator),0.0,$/yr,transfer,fence price 107.5 $/MWh
S0_hp0.75_tk0_base,A06_high,S0,data_center,source-side electricity cost,-0.0,$/yr,financial,
S0_hp0.75_tk0_base,A06_high,S0,heat_users,tariff + connection paid (transfer to operator),-0.0,$/yr,transfer,
S0_hp0.75_tk0_base,A06_high,S0,data_center,cooling reliability,unchanged (H1 pass; towers take 100% in network outage),,non-financial,
S0_hp0.75_tk0_base,A06_high,S0,heat_users,net financial value (all connected buildings),0.0,$/yr,financial,
S0_hp0.75_tk0_base,A06_high,S0,heat_users,NYCHA bill change per apartment (positive = saving),,$/apt/yr,financial,
S0_hp0.75_tk0_base,A06_high,S0,heat_users,continuity of heat,no unserved heat in all operating modes,,non-financial,
S0_hp0.75_tk0_base,A06_high,S0,network_operator,net financial position,0.0,$/yr,financial,tariff + connection - fence - annualised operator capex - network O&M
S0_hp0.75_tk0_base,A06_high,S0,community,public / ratepayer funding need,0.0,$/yr,financial,"operator shortfall, recovered from ratepayers in the pilot model"
S0_hp0.75_tk0_base,A06_high,S0,community,CO2 avoided,0.0,tCO2e/yr,non-financial,
S0_hp0.75_tk0_base,A06_high,S0,community,NOx avoided next to the EJ block,0.0,kg/yr,non-financial,
S0_hp0.75_tk0_base,A06_high,S0,community,low-income households served,0.0,households,non-financial,
S0_hp0.75_tk0_base,A06_high,S0,community,winter peak vs all-electric,,MW,non-financial,positive = less peak than ASHPs
S0_hp0.75_tk0_base,A06_high,S0,community,"LL97 penalty exposure reduced (commercial, upper bound)",0.0,$/yr,context,only if those buildings exceed their LL97 limit; not added to savings
S0_hp0.75_tk0_base,A06_high,S0,system,annual savings (resource view),0.0,$/yr,financial,= sum of actors (transfers cancel)
S0_hp0.75_tk0_base,A07_low,S0,data_center,net financial value,0.0,$/yr,financial,heat sales - source-side electricity
S0_hp0.75_tk0_base,A07_low,S0,data_center,heat-sale revenue (transfer from operator),0.0,$/yr,transfer,fence price 88.7 $/MWh
S0_hp0.75_tk0_base,A07_low,S0,data_center,source-side electricity cost,-0.0,$/yr,financial,
S0_hp0.75_tk0_base,A07_low,S0,heat_users,tariff + connection paid (transfer to operator),-0.0,$/yr,transfer,
S0_hp0.75_tk0_base,A07_low,S0,data_center,cooling reliability,unchanged (H1 pass; towers take 100% in network outage),,non-financial,
S0_hp0.75_tk0_base,A07_low,S0,heat_users,net financial value (all connected buildings),0.0,$/yr,financial,
S0_hp0.75_tk0_base,A07_low,S0,heat_users,NYCHA bill change per apartment (positive = saving),,$/apt/yr,financial,
S0_hp0.75_tk0_base,A07_low,S0,heat_users,continuity of heat,no unserved heat in all operating modes,,non-financial,
S0_hp0.75_tk0_base,A07_low,S0,network_operator,net financial position,0.0,$/yr,financial,tariff + connection - fence - annualised operator capex - network O&M
S0_hp0.75_tk0_base,A07_low,S0,community,public / ratepayer funding need,0.0,$/yr,financial,"operator shortfall, recovered from ratepayers in the pilot model"
S0_hp0.75_tk0_base,A07_low,S0,community,CO2 avoided,0.0,tCO2e/yr,non-financial,
S0_hp0.75_tk0_base,A07_low,S0,community,NOx avoided next to the EJ block,0.0,kg/yr,non-financial,
S0_hp0.75_tk0_base,A07_low,S0,community,low-income households served,0.0,households,non-financial,
S0_hp0.75_tk0_base,A07_low,S0,community,winter peak vs all-electric,,MW,non-financial,positive = less peak than ASHPs
S0_hp0.75_tk0_base,A07_low,S0,community,"LL97 penalty exposure reduced (commercial, upper bound)",0.0,$/yr,context,only if those buildings exceed their LL97 limit; not added to savings
S0_hp0.75_tk0_base,A07_low,S0,system,annual savings (resource view),0.0,$/yr,financial,= sum of actors (transfers cancel)
S0_hp0.75_tk0_base,A07_high,S0,data_center,net financial value,0.0,$/yr,financial,heat sales - source-side electricity
S0_hp0.75_tk0_base,A07_high,S0,data_center,heat-sale revenue (transfer from operator),0.0,$/yr,transfer,fence price 88.7 $/MWh
S0_hp0.75_tk0_base,A07_high,S0,data_center,source-side electricity cost,-0.0,$/yr,financial,
S0_hp0.75_tk0_base,A07_high,S0,heat_users,tariff + connection paid (transfer to operator),-0.0,$/yr,transfer,
S0_hp0.75_tk0_base,A07_high,S0,data_center,cooling reliability,unchanged (H1 pass; towers take 100% in network outage),,non-financial,
S0_hp0.75_tk0_base,A07_high,S0,heat_users,net financial value (all connected buildings),0.0,$/yr,financial,
S0_hp0.75_tk0_base,A07_high,S0,heat_users,NYCHA bill change per apartment (positive = saving),,$/apt/yr,financial,
S0_hp0.75_tk0_base,A07_high,S0,heat_users,continuity of heat,no unserved heat in all operating modes,,non-financial,
S0_hp0.75_tk0_base,A07_high,S0,network_operator,net financial position,0.0,$/yr,financial,tariff + connection - fence - annualised operator capex - network O&M
S0_hp0.75_tk0_base,A07_high,S0,community,public / ratepayer funding need,0.0,$/yr,financial,"operator shortfall, recovered from ratepayers in the pilot model"
S0_hp0.75_tk0_base,A07_high,S0,community,CO2 avoided,0.0,tCO2e/yr,non-financial,
S0_hp0.75_tk0_base,A07_high,S0,community,NOx avoided next to the EJ block,0.0,kg/yr,non-financial,
S0_hp0.75_tk0_base,A07_high,S0,community,low-income households served,0.0,households,non-financial,
S0_hp0.75_tk0_base,A07_high,S0,community,winter peak vs all-electric,,MW,non-financial,positive = less peak than ASHPs
S0_hp0.75_tk0_base,A07_high,S0,community,"LL97 penalty exposure reduced (commercial, upper bound)",0.0,$/yr,context,only if those buildings exceed their LL97 limit; not added to savings
S0_hp0.75_tk0_base,A07_high,S0,system,annual savings (resource view),0.0,$/yr,financial,= sum of actors (transfers cancel)
S0_hp0.75_tk0_base,A08_low,S0,data_center,net financial value,0.0,$/yr,financial,heat sales - source-side electricity
S0_hp0.75_tk0_base,A08_low,S0,data_center,heat-sale revenue (transfer from operator),0.0,$/yr,transfer,fence price 88.7 $/MWh
S0_hp0.75_tk0_base,A08_low,S0,data_center,source-side electricity cost,-0.0,$/yr,financial,
S0_hp0.75_tk0_base,A08_low,S0,heat_users,tariff + connection paid (transfer to operator),-0.0,$/yr,transfer,
S0_hp0.75_tk0_base,A08_low,S0,data_center,cooling reliability,unchanged (H1 pass; towers take 100% in network outage),,non-financial,
S0_hp0.75_tk0_base,A08_low,S0,heat_users,net financial value (all connected buildings),0.0,$/yr,financial,
S0_hp0.75_tk0_base,A08_low,S0,heat_users,NYCHA bill change per apartment (positive = saving),,$/apt/yr,financial,
S0_hp0.75_tk0_base,A08_low,S0,heat_users,continuity of heat,no unserved heat in all operating modes,,non-financial,
S0_hp0.75_tk0_base,A08_low,S0,network_operator,net financial position,0.0,$/yr,financial,tariff + connection - fence - annualised operator capex - network O&M
S0_hp0.75_tk0_base,A08_low,S0,community,public / ratepayer funding need,0.0,$/yr,financial,"operator shortfall, recovered from ratepayers in the pilot model"
S0_hp0.75_tk0_base,A08_low,S0,community,CO2 avoided,0.0,tCO2e/yr,non-financial,
S0_hp0.75_tk0_base,A08_low,S0,community,NOx avoided next to the EJ block,0.0,kg/yr,non-financial,
S0_hp0.75_tk0_base,A08_low,S0,community,low-income households served,0.0,households,non-financial,
S0_hp0.75_tk0_base,A08_low,S0,community,winter peak vs all-electric,,MW,non-financial,positive = less peak than ASHPs
S0_hp0.75_tk0_base,A08_low,S0,community,"LL97 penalty exposure reduced (commercial, upper bound)",0.0,$/yr,context,only if those buildings exceed their LL97 limit; not added to savings
S0_hp0.75_tk0_base,A08_low,S0,system,annual savings (resource view),0.0,$/yr,financial,= sum of actors (transfers cancel)
S0_hp0.75_tk0_base,A08_high,S0,data_center,net financial value,0.0,$/yr,financial,heat sales - source-side electricity
S0_hp0.75_tk0_base,A08_high,S0,data_center,heat-sale revenue (transfer from operator),0.0,$/yr,transfer,fence price 88.7 $/MWh
S0_hp0.75_tk0_base,A08_high,S0,data_center,source-side electricity cost,-0.0,$/yr,financial,
S0_hp0.75_tk0_base,A08_high,S0,heat_users,tariff + connection paid (transfer to operator),-0.0,$/yr,transfer,
S0_hp0.75_tk0_base,A08_high,S0,data_center,cooling reliability,unchanged (H1 pass; towers take 100% in network outage),,non-financial,
S0_hp0.75_tk0_base,A08_high,S0,heat_users,net financial value (all connected buildings),0.0,$/yr,financial,
S0_hp0.75_tk0_base,A08_high,S0,heat_users,NYCHA bill change per apartment (positive = saving),,$/apt/yr,financial,
S0_hp0.75_tk0_base,A08_high,S0,heat_users,continuity of heat,no unserved heat in all operating modes,,non-financial,
S0_hp0.75_tk0_base,A08_high,S0,network_operator,net financial position,0.0,$/yr,financial,tariff + connection - fence - annualised operator capex - network O&M
S0_hp0.75_tk0_base,A08_high,S0,community,public / ratepayer funding need,0.0,$/yr,financial,"operator shortfall, recovered from ratepayers in the pilot model"
S0_hp0.75_tk0_base,A08_high,S0,community,CO2 avoided,0.0,tCO2e/yr,non-financial,
S0_hp0.75_tk0_base,A08_high,S0,community,NOx avoided next to the EJ block,0.0,kg/yr,non-financial,
S0_hp0.75_tk0_base,A08_high,S0,community,low-income households served,0.0,households,non-financial,
S0_hp0.75_tk0_base,A08_high,S0,community,winter peak vs all-electric,,MW,non-financial,positive = less peak than ASHPs
S0_hp0.75_tk0_base,A08_high,S0,community,"LL97 penalty exposure reduced (commercial, upper bound)",0.0,$/yr,context,only if those buildings exceed their LL97 limit; not added to savings
S0_hp0.75_tk0_base,A08_high,S0,system,annual savings (resource view),0.0,$/yr,financial,= sum of actors (transfers cancel)
S0_hp0.75_tk0_base,A12_low,S0,data_center,net financial value,0.0,$/yr,financial,heat sales - source-side electricity
S0_hp0.75_tk0_base,A12_low,S0,data_center,heat-sale revenue (transfer from operator),0.0,$/yr,transfer,fence price 88.7 $/MWh
S0_hp0.75_tk0_base,A12_low,S0,data_center,source-side electricity cost,-0.0,$/yr,financial,
S0_hp0.75_tk0_base,A12_low,S0,heat_users,tariff + connection paid (transfer to operator),-0.0,$/yr,transfer,
S0_hp0.75_tk0_base,A12_low,S0,data_center,cooling reliability,unchanged (H1 pass; towers take 100% in network outage),,non-financial,
S0_hp0.75_tk0_base,A12_low,S0,heat_users,net financial value (all connected buildings),0.0,$/yr,financial,
S0_hp0.75_tk0_base,A12_low,S0,heat_users,NYCHA bill change per apartment (positive = saving),,$/apt/yr,financial,
S0_hp0.75_tk0_base,A12_low,S0,heat_users,continuity of heat,no unserved heat in all operating modes,,non-financial,
S0_hp0.75_tk0_base,A12_low,S0,network_operator,net financial position,0.0,$/yr,financial,tariff + connection - fence - annualised operator capex - network O&M
S0_hp0.75_tk0_base,A12_low,S0,community,public / ratepayer funding need,0.0,$/yr,financial,"operator shortfall, recovered from ratepayers in the pilot model"
S0_hp0.75_tk0_base,A12_low,S0,community,CO2 avoided,0.0,tCO2e/yr,non-financial,
S0_hp0.75_tk0_base,A12_low,S0,community,NOx avoided next to the EJ block,0.0,kg/yr,non-financial,
S0_hp0.75_tk0_base,A12_low,S0,community,low-income households served,0.0,households,non-financial,
S0_hp0.75_tk0_base,A12_low,S0,community,winter peak vs all-electric,,MW,non-financial,positive = less peak than ASHPs
S0_hp0.75_tk0_base,A12_low,S0,community,"LL97 penalty exposure reduced (commercial, upper bound)",0.0,$/yr,context,only if those buildings exceed their LL97 limit; not added to savings
S0_hp0.75_tk0_base,A12_low,S0,system,annual savings (resource view),0.0,$/yr,financial,= sum of actors (transfers cancel)
S0_hp0.75_tk0_base,A12_high,S0,data_center,net financial value,0.0,$/yr,financial,heat sales - source-side electricity
S0_hp0.75_tk0_base,A12_high,S0,data_center,heat-sale revenue (transfer from operator),0.0,$/yr,transfer,fence price 88.7 $/MWh
S0_hp0.75_tk0_base,A12_high,S0,data_center,source-side electricity cost,-0.0,$/yr,financial,
S0_hp0.75_tk0_base,A12_high,S0,heat_users,tariff + connection paid (transfer to operator),-0.0,$/yr,transfer,
S0_hp0.75_tk0_base,A12_high,S0,data_center,cooling reliability,unchanged (H1 pass; towers take 100% in network outage),,non-financial,
S0_hp0.75_tk0_base,A12_high,S0,heat_users,net financial value (all connected buildings),0.0,$/yr,financial,
S0_hp0.75_tk0_base,A12_high,S0,heat_users,NYCHA bill change per apartment (positive = saving),,$/apt/yr,financial,
S0_hp0.75_tk0_base,A12_high,S0,heat_users,continuity of heat,no unserved heat in all operating modes,,non-financial,
S0_hp0.75_tk0_base,A12_high,S0,network_operator,net financial position,0.0,$/yr,financial,tariff + connection - fence - annualised operator capex - network O&M
S0_hp0.75_tk0_base,A12_high,S0,community,public / ratepayer funding need,0.0,$/yr,financial,"operator shortfall, recovered from ratepayers in the pilot model"
S0_hp0.75_tk0_base,A12_high,S0,community,CO2 avoided,0.0,tCO2e/yr,non-financial,
S0_hp0.75_tk0_base,A12_high,S0,community,NOx avoided next to the EJ block,0.0,kg/yr,non-financial,
S0_hp0.75_tk0_base,A12_high,S0,community,low-income households served,0.0,households,non-financial,
S0_hp0.75_tk0_base,A12_high,S0,community,winter peak vs all-electric,,MW,non-financial,positive = less peak than ASHPs
S0_hp0.75_tk0_base,A12_high,S0,community,"LL97 penalty exposure reduced (commercial, upper bound)",0.0,$/yr,context,only if those buildings exceed their LL97 limit; not added to savings
S0_hp0.75_tk0_base,A12_high,S0,system,annual savings (resource view),0.0,$/yr,financial,= sum of actors (transfers cancel)
S0_hp0.75_tk0_base,A21_low,S0,data_center,net financial value,0.0,$/yr,financial,heat sales - source-side electricity
S0_hp0.75_tk0_base,A21_low,S0,data_center,heat-sale revenue (transfer from operator),0.0,$/yr,transfer,fence price 88.7 $/MWh
S0_hp0.75_tk0_base,A21_low,S0,data_center,source-side electricity cost,-0.0,$/yr,financial,
S0_hp0.75_tk0_base,A21_low,S0,heat_users,tariff + connection paid (transfer to operator),-0.0,$/yr,transfer,
S0_hp0.75_tk0_base,A21_low,S0,data_center,cooling reliability,unchanged (H1 pass; towers take 100% in network outage),,non-financial,
S0_hp0.75_tk0_base,A21_low,S0,heat_users,net financial value (all connected buildings),0.0,$/yr,financial,
S0_hp0.75_tk0_base,A21_low,S0,heat_users,NYCHA bill change per apartment (positive = saving),,$/apt/yr,financial,
S0_hp0.75_tk0_base,A21_low,S0,heat_users,continuity of heat,no unserved heat in all operating modes,,non-financial,
S0_hp0.75_tk0_base,A21_low,S0,network_operator,net financial position,0.0,$/yr,financial,tariff + connection - fence - annualised operator capex - network O&M
S0_hp0.75_tk0_base,A21_low,S0,community,public / ratepayer funding need,0.0,$/yr,financial,"operator shortfall, recovered from ratepayers in the pilot model"
S0_hp0.75_tk0_base,A21_low,S0,community,CO2 avoided,0.0,tCO2e/yr,non-financial,
S0_hp0.75_tk0_base,A21_low,S0,community,NOx avoided next to the EJ block,0.0,kg/yr,non-financial,
S0_hp0.75_tk0_base,A21_low,S0,community,low-income households served,0.0,households,non-financial,
S0_hp0.75_tk0_base,A21_low,S0,community,winter peak vs all-electric,,MW,non-financial,positive = less peak than ASHPs
S0_hp0.75_tk0_base,A21_low,S0,community,"LL97 penalty exposure reduced (commercial, upper bound)",0.0,$/yr,context,only if those buildings exceed their LL97 limit; not added to savings
S0_hp0.75_tk0_base,A21_low,S0,system,annual savings (resource view),0.0,$/yr,financial,= sum of actors (transfers cancel)
S0_hp0.75_tk0_base,A21_high,S0,data_center,net financial value,0.0,$/yr,financial,heat sales - source-side electricity
S0_hp0.75_tk0_base,A21_high,S0,data_center,heat-sale revenue (transfer from operator),0.0,$/yr,transfer,fence price 88.7 $/MWh
S0_hp0.75_tk0_base,A21_high,S0,data_center,source-side electricity cost,-0.0,$/yr,financial,
S0_hp0.75_tk0_base,A21_high,S0,heat_users,tariff + connection paid (transfer to operator),-0.0,$/yr,transfer,
S0_hp0.75_tk0_base,A21_high,S0,data_center,cooling reliability,unchanged (H1 pass; towers take 100% in network outage),,non-financial,
S0_hp0.75_tk0_base,A21_high,S0,heat_users,net financial value (all connected buildings),0.0,$/yr,financial,
S0_hp0.75_tk0_base,A21_high,S0,heat_users,NYCHA bill change per apartment (positive = saving),,$/apt/yr,financial,
S0_hp0.75_tk0_base,A21_high,S0,heat_users,continuity of heat,no unserved heat in all operating modes,,non-financial,
S0_hp0.75_tk0_base,A21_high,S0,network_operator,net financial position,0.0,$/yr,financial,tariff + connection - fence - annualised operator capex - network O&M
S0_hp0.75_tk0_base,A21_high,S0,community,public / ratepayer funding need,0.0,$/yr,financial,"operator shortfall, recovered from ratepayers in the pilot model"
S0_hp0.75_tk0_base,A21_high,S0,community,CO2 avoided,0.0,tCO2e/yr,non-financial,
S0_hp0.75_tk0_base,A21_high,S0,community,NOx avoided next to the EJ block,0.0,kg/yr,non-financial,
S0_hp0.75_tk0_base,A21_high,S0,community,low-income households served,0.0,households,non-financial,
S0_hp0.75_tk0_base,A21_high,S0,community,winter peak vs all-electric,,MW,non-financial,positive = less peak than ASHPs
S0_hp0.75_tk0_base,A21_high,S0,community,"LL97 penalty exposure reduced (commercial, upper bound)",0.0,$/yr,context,only if those buildings exceed their LL97 limit; not added to savings
S0_hp0.75_tk0_base,A21_high,S0,system,annual savings (resource view),0.0,$/yr,financial,= sum of actors (transfers cancel)
S0_hp0.75_tk0_base,A22_low,S0,data_center,net financial value,0.0,$/yr,financial,heat sales - source-side electricity
S0_hp0.75_tk0_base,A22_low,S0,data_center,heat-sale revenue (transfer from operator),0.0,$/yr,transfer,fence price 88.7 $/MWh
S0_hp0.75_tk0_base,A22_low,S0,data_center,source-side electricity cost,-0.0,$/yr,financial,
S0_hp0.75_tk0_base,A22_low,S0,heat_users,tariff + connection paid (transfer to operator),-0.0,$/yr,transfer,
S0_hp0.75_tk0_base,A22_low,S0,data_center,cooling reliability,unchanged (H1 pass; towers take 100% in network outage),,non-financial,
S0_hp0.75_tk0_base,A22_low,S0,heat_users,net financial value (all connected buildings),0.0,$/yr,financial,
S0_hp0.75_tk0_base,A22_low,S0,heat_users,NYCHA bill change per apartment (positive = saving),,$/apt/yr,financial,
S0_hp0.75_tk0_base,A22_low,S0,heat_users,continuity of heat,no unserved heat in all operating modes,,non-financial,
S0_hp0.75_tk0_base,A22_low,S0,network_operator,net financial position,0.0,$/yr,financial,tariff + connection - fence - annualised operator capex - network O&M
S0_hp0.75_tk0_base,A22_low,S0,community,public / ratepayer funding need,0.0,$/yr,financial,"operator shortfall, recovered from ratepayers in the pilot model"
S0_hp0.75_tk0_base,A22_low,S0,community,CO2 avoided,0.0,tCO2e/yr,non-financial,
S0_hp0.75_tk0_base,A22_low,S0,community,NOx avoided next to the EJ block,0.0,kg/yr,non-financial,
S0_hp0.75_tk0_base,A22_low,S0,community,low-income households served,0.0,households,non-financial,
S0_hp0.75_tk0_base,A22_low,S0,community,winter peak vs all-electric,,MW,non-financial,positive = less peak than ASHPs
S0_hp0.75_tk0_base,A22_low,S0,community,"LL97 penalty exposure reduced (commercial, upper bound)",0.0,$/yr,context,only if those buildings exceed their LL97 limit; not added to savings
S0_hp0.75_tk0_base,A22_low,S0,system,annual savings (resource view),0.0,$/yr,financial,= sum of actors (transfers cancel)
S0_hp0.75_tk0_base,A22_high,S0,data_center,net financial value,0.0,$/yr,financial,heat sales - source-side electricity
S0_hp0.75_tk0_base,A22_high,S0,data_center,heat-sale revenue (transfer from operator),0.0,$/yr,transfer,fence price 88.7 $/MWh
S0_hp0.75_tk0_base,A22_high,S0,data_center,source-side electricity cost,-0.0,$/yr,financial,
S0_hp0.75_tk0_base,A22_high,S0,heat_users,tariff + connection paid (transfer to operator),-0.0,$/yr,transfer,
S0_hp0.75_tk0_base,A22_high,S0,data_center,cooling reliability,unchanged (H1 pass; towers take 100% in network outage),,non-financial,
S0_hp0.75_tk0_base,A22_high,S0,heat_users,net financial value (all connected buildings),0.0,$/yr,financial,
S0_hp0.75_tk0_base,A22_high,S0,heat_users,NYCHA bill change per apartment (positive = saving),,$/apt/yr,financial,
S0_hp0.75_tk0_base,A22_high,S0,heat_users,continuity of heat,no unserved heat in all operating modes,,non-financial,
S0_hp0.75_tk0_base,A22_high,S0,network_operator,net financial position,0.0,$/yr,financial,tariff + connection - fence - annualised operator capex - network O&M
S0_hp0.75_tk0_base,A22_high,S0,community,public / ratepayer funding need,0.0,$/yr,financial,"operator shortfall, recovered from ratepayers in the pilot model"
S0_hp0.75_tk0_base,A22_high,S0,community,CO2 avoided,0.0,tCO2e/yr,non-financial,
S0_hp0.75_tk0_base,A22_high,S0,community,NOx avoided next to the EJ block,0.0,kg/yr,non-financial,
S0_hp0.75_tk0_base,A22_high,S0,community,low-income households served,0.0,households,non-financial,
S0_hp0.75_tk0_base,A22_high,S0,community,winter peak vs all-electric,,MW,non-financial,positive = less peak than ASHPs
S0_hp0.75_tk0_base,A22_high,S0,community,"LL97 penalty exposure reduced (commercial, upper bound)",0.0,$/yr,context,only if those buildings exceed their LL97 limit; not added to savings
S0_hp0.75_tk0_base,A22_high,S0,system,annual savings (resource view),0.0,$/yr,financial,= sum of actors (transfers cancel)
S1_hp0.75_tk0_base,A05_low,S1,data_center,net financial value,-195472.06628749333,$/yr,financial,heat sales - source-side electricity (S1: same owner as the heat user)
S1_hp0.75_tk0_base,A05_low,S1,data_center,heat-sale revenue (transfer from operator),0.0,$/yr,transfer,fence price 88.7 $/MWh
S1_hp0.75_tk0_base,A05_low,S1,data_center,source-side electricity cost,-195472.06628749333,$/yr,financial,
S1_hp0.75_tk0_base,A05_low,S1,heat_users,tariff + connection paid (transfer to operator),-0.0,$/yr,transfer,
S1_hp0.75_tk0_base,A05_low,S1,data_center,cooling reliability,unchanged (H1 pass; towers take 100% in network outage),,non-financial,
S1_hp0.75_tk0_base,A05_low,S1,heat_users,net financial value (all connected buildings),112367.74949693603,$/yr,financial,
S1_hp0.75_tk0_base,A05_low,S1,heat_users,NYCHA bill change per apartment (positive = saving),,$/apt/yr,financial,
S1_hp0.75_tk0_base,A05_low,S1,heat_users,continuity of heat,no unserved heat in all operating modes,,non-financial,
S1_hp0.75_tk0_base,A05_low,S1,network_operator,net financial position,0.0,$/yr,financial,tariff + connection - fence - annualised operator capex - network O&M
S1_hp0.75_tk0_base,A05_low,S1,community,public / ratepayer funding need,0.0,$/yr,financial,"operator shortfall, recovered from ratepayers in the pilot model"
S1_hp0.75_tk0_base,A05_low,S1,community,CO2 avoided,116.86739596477753,tCO2e/yr,non-financial,
S1_hp0.75_tk0_base,A05_low,S1,community,NOx avoided next to the EJ block,0.0,kg/yr,non-financial,
S1_hp0.75_tk0_base,A05_low,S1,community,low-income households served,0.0,households,non-financial,
S1_hp0.75_tk0_base,A05_low,S1,community,winter peak vs all-electric,0.18049805960418838,MW,non-financial,positive = less peak than ASHPs
S1_hp0.75_tk0_base,A05_low,S1,community,"LL97 penalty exposure reduced (commercial, upper bound)",31320.46211856038,$/yr,context,only if those buildings exceed their LL97 limit; not added to savings
S1_hp0.75_tk0_base,A05_low,S1,system,annual savings (resource view),-83104.31679055735,$/yr,financial,= sum of actors (transfers cancel)
S1_hp0.75_tk0_base,A05_high,S1,data_center,net financial value,-195472.06628749333,$/yr,financial,heat sales - source-side electricity (S1: same owner as the heat user)
S1_hp0.75_tk0_base,A05_high,S1,data_center,heat-sale revenue (transfer from operator),0.0,$/yr,transfer,fence price 88.7 $/MWh
S1_hp0.75_tk0_base,A05_high,S1,data_center,source-side electricity cost,-195472.06628749333,$/yr,financial,
S1_hp0.75_tk0_base,A05_high,S1,heat_users,tariff + connection paid (transfer to operator),-0.0,$/yr,transfer,
S1_hp0.75_tk0_base,A05_high,S1,data_center,cooling reliability,unchanged (H1 pass; towers take 100% in network outage),,non-financial,
S1_hp0.75_tk0_base,A05_high,S1,heat_users,net financial value (all connected buildings),112367.74949693603,$/yr,financial,
S1_hp0.75_tk0_base,A05_high,S1,heat_users,NYCHA bill change per apartment (positive = saving),,$/apt/yr,financial,
S1_hp0.75_tk0_base,A05_high,S1,heat_users,continuity of heat,no unserved heat in all operating modes,,non-financial,
S1_hp0.75_tk0_base,A05_high,S1,network_operator,net financial position,0.0,$/yr,financial,tariff + connection - fence - annualised operator capex - network O&M
S1_hp0.75_tk0_base,A05_high,S1,community,public / ratepayer funding need,0.0,$/yr,financial,"operator shortfall, recovered from ratepayers in the pilot model"
S1_hp0.75_tk0_base,A05_high,S1,community,CO2 avoided,116.86739596477753,tCO2e/yr,non-financial,
S1_hp0.75_tk0_base,A05_high,S1,community,NOx avoided next to the EJ block,0.0,kg/yr,non-financial,
S1_hp0.75_tk0_base,A05_high,S1,community,low-income households served,0.0,households,non-financial,
S1_hp0.75_tk0_base,A05_high,S1,community,winter peak vs all-electric,0.18049805960418838,MW,non-financial,positive = less peak than ASHPs
S1_hp0.75_tk0_base,A05_high,S1,community,"LL97 penalty exposure reduced (commercial, upper bound)",31320.46211856038,$/yr,context,only if those buildings exceed their LL97 limit; not added to savings
S1_hp0.75_tk0_base,A05_high,S1,system,annual savings (resource view),-83104.31679055735,$/yr,financial,= sum of actors (transfers cancel)
S1_hp0.75_tk0_base,A06_low,S1,data_center,net financial value,-195472.06628749333,$/yr,financial,heat sales - source-side electricity (S1: same owner as the heat user)
S1_hp0.75_tk0_base,A06_low,S1,data_center,heat-sale revenue (transfer from operator),0.0,$/yr,transfer,fence price 66.5 $/MWh
S1_hp0.75_tk0_base,A06_low,S1,data_center,source-side electricity cost,-195472.06628749333,$/yr,financial,
S1_hp0.75_tk0_base,A06_low,S1,heat_users,tariff + connection paid (transfer to operator),-0.0,$/yr,transfer,
S1_hp0.75_tk0_base,A06_low,S1,data_center,cooling reliability,unchanged (H1 pass; towers take 100% in network outage),,non-financial,
S1_hp0.75_tk0_base,A06_low,S1,heat_users,net financial value (all connected buildings),112367.74949693603,$/yr,financial,
S1_hp0.75_tk0_base,A06_low,S1,heat_users,NYCHA bill change per apartment (positive = saving),,$/apt/yr,financial,
S1_hp0.75_tk0_base,A06_low,S1,heat_users,continuity of heat,no unserved heat in all operating modes,,non-financial,
S1_hp0.75_tk0_base,A06_low,S1,network_operator,net financial position,0.0,$/yr,financial,tariff + connection - fence - annualised operator capex - network O&M
S1_hp0.75_tk0_base,A06_low,S1,community,public / ratepayer funding need,0.0,$/yr,financial,"operator shortfall, recovered from ratepayers in the pilot model"
S1_hp0.75_tk0_base,A06_low,S1,community,CO2 avoided,116.86739596477753,tCO2e/yr,non-financial,
S1_hp0.75_tk0_base,A06_low,S1,community,NOx avoided next to the EJ block,0.0,kg/yr,non-financial,
S1_hp0.75_tk0_base,A06_low,S1,community,low-income households served,0.0,households,non-financial,
S1_hp0.75_tk0_base,A06_low,S1,community,winter peak vs all-electric,0.18049805960418838,MW,non-financial,positive = less peak than ASHPs
S1_hp0.75_tk0_base,A06_low,S1,community,"LL97 penalty exposure reduced (commercial, upper bound)",31320.46211856038,$/yr,context,only if those buildings exceed their LL97 limit; not added to savings
S1_hp0.75_tk0_base,A06_low,S1,system,annual savings (resource view),-83104.31679055735,$/yr,financial,= sum of actors (transfers cancel)
S1_hp0.75_tk0_base,A06_high,S1,data_center,net financial value,-195472.06628749333,$/yr,financial,heat sales - source-side electricity (S1: same owner as the heat user)
S1_hp0.75_tk0_base,A06_high,S1,data_center,heat-sale revenue (transfer from operator),0.0,$/yr,transfer,fence price 107.5 $/MWh
S1_hp0.75_tk0_base,A06_high,S1,data_center,source-side electricity cost,-195472.06628749333,$/yr,financial,
S1_hp0.75_tk0_base,A06_high,S1,heat_users,tariff + connection paid (transfer to operator),-0.0,$/yr,transfer,
S1_hp0.75_tk0_base,A06_high,S1,data_center,cooling reliability,unchanged (H1 pass; towers take 100% in network outage),,non-financial,
S1_hp0.75_tk0_base,A06_high,S1,heat_users,net financial value (all connected buildings),112367.74949693603,$/yr,financial,
S1_hp0.75_tk0_base,A06_high,S1,heat_users,NYCHA bill change per apartment (positive = saving),,$/apt/yr,financial,
S1_hp0.75_tk0_base,A06_high,S1,heat_users,continuity of heat,no unserved heat in all operating modes,,non-financial,
S1_hp0.75_tk0_base,A06_high,S1,network_operator,net financial position,0.0,$/yr,financial,tariff + connection - fence - annualised operator capex - network O&M
S1_hp0.75_tk0_base,A06_high,S1,community,public / ratepayer funding need,0.0,$/yr,financial,"operator shortfall, recovered from ratepayers in the pilot model"
S1_hp0.75_tk0_base,A06_high,S1,community,CO2 avoided,116.86739596477753,tCO2e/yr,non-financial,
S1_hp0.75_tk0_base,A06_high,S1,community,NOx avoided next to the EJ block,0.0,kg/yr,non-financial,
S1_hp0.75_tk0_base,A06_high,S1,community,low-income households served,0.0,households,non-financial,
S1_hp0.75_tk0_base,A06_high,S1,community,winter peak vs all-electric,0.18049805960418838,MW,non-financial,positive = less peak than ASHPs
S1_hp0.75_tk0_base,A06_high,S1,community,"LL97 penalty exposure reduced (commercial, upper bound)",31320.46211856038,$/yr,context,only if those buildings exceed their LL97 limit; not added to savings
S1_hp0.75_tk0_base,A06_high,S1,system,annual savings (resource view),-83104.31679055735,$/yr,financial,= sum of actors (transfers cancel)
S1_hp0.75_tk0_base,A07_low,S1,data_center,net financial value,-160251.87416362064,$/yr,financial,heat sales - source-side electricity (S1: same owner as the heat user)
S1_hp0.75_tk0_base,A07_low,S1,data_center,heat-sale revenue (transfer from operator),0.0,$/yr,transfer,fence price 88.7 $/MWh
S1_hp0.75_tk0_base,A07_low,S1,data_center,source-side electricity cost,-160251.87416362064,$/yr,financial,
S1_hp0.75_tk0_base,A07_low,S1,heat_users,tariff + connection paid (transfer to operator),-0.0,$/yr,transfer,
S1_hp0.75_tk0_base,A07_low,S1,data_center,cooling reliability,unchanged (H1 pass; towers take 100% in network outage),,non-financial,
S1_hp0.75_tk0_base,A07_low,S1,heat_users,net financial value (all connected buildings),156644.9231602056,$/yr,financial,
S1_hp0.75_tk0_base,A07_low,S1,heat_users,NYCHA bill change per apartment (positive = saving),,$/apt/yr,financial,
S1_hp0.75_tk0_base,A07_low,S1,heat_users,continuity of heat,no unserved heat in all operating modes,,non-financial,
S1_hp0.75_tk0_base,A07_low,S1,network_operator,net financial position,0.0,$/yr,financial,tariff + connection - fence - annualised operator capex - network O&M
S1_hp0.75_tk0_base,A07_low,S1,community,public / ratepayer funding need,0.0,$/yr,financial,"operator shortfall, recovered from ratepayers in the pilot model"
S1_hp0.75_tk0_base,A07_low,S1,community,CO2 avoided,116.86739596477753,tCO2e/yr,non-financial,
S1_hp0.75_tk0_base,A07_low,S1,community,NOx avoided next to the EJ block,0.0,kg/yr,non-financial,
S1_hp0.75_tk0_base,A07_low,S1,community,low-income households served,0.0,households,non-financial,
S1_hp0.75_tk0_base,A07_low,S1,community,winter peak vs all-electric,0.18049805960418838,MW,non-financial,positive = less peak than ASHPs
S1_hp0.75_tk0_base,A07_low,S1,community,"LL97 penalty exposure reduced (commercial, upper bound)",31320.46211856038,$/yr,context,only if those buildings exceed their LL97 limit; not added to savings
S1_hp0.75_tk0_base,A07_low,S1,system,annual savings (resource view),-3606.9510034150444,$/yr,financial,= sum of actors (transfers cancel)
S1_hp0.75_tk0_base,A07_high,S1,data_center,net financial value,-248302.35447330232,$/yr,financial,heat sales - source-side electricity (S1: same owner as the heat user)
S1_hp0.75_tk0_base,A07_high,S1,data_center,heat-sale revenue (transfer from operator),0.0,$/yr,transfer,fence price 88.7 $/MWh
S1_hp0.75_tk0_base,A07_high,S1,data_center,source-side electricity cost,-248302.35447330232,$/yr,financial,
S1_hp0.75_tk0_base,A07_high,S1,heat_users,tariff + connection paid (transfer to operator),-0.0,$/yr,transfer,
S1_hp0.75_tk0_base,A07_high,S1,data_center,cooling reliability,unchanged (H1 pass; towers take 100% in network outage),,non-financial,
S1_hp0.75_tk0_base,A07_high,S1,heat_users,net financial value (all connected buildings),45951.98900203164,$/yr,financial,
S1_hp0.75_tk0_base,A07_high,S1,heat_users,NYCHA bill change per apartment (positive = saving),,$/apt/yr,financial,
S1_hp0.75_tk0_base,A07_high,S1,heat_users,continuity of heat,no unserved heat in all operating modes,,non-financial,
S1_hp0.75_tk0_base,A07_high,S1,network_operator,net financial position,0.0,$/yr,financial,tariff + connection - fence - annualised operator capex - network O&M
S1_hp0.75_tk0_base,A07_high,S1,community,public / ratepayer funding need,0.0,$/yr,financial,"operator shortfall, recovered from ratepayers in the pilot model"
S1_hp0.75_tk0_base,A07_high,S1,community,CO2 avoided,116.86739596477753,tCO2e/yr,non-financial,
S1_hp0.75_tk0_base,A07_high,S1,community,NOx avoided next to the EJ block,0.0,kg/yr,non-financial,
S1_hp0.75_tk0_base,A07_high,S1,community,low-income households served,0.0,households,non-financial,
S1_hp0.75_tk0_base,A07_high,S1,community,winter peak vs all-electric,0.18049805960418838,MW,non-financial,positive = less peak than ASHPs
S1_hp0.75_tk0_base,A07_high,S1,community,"LL97 penalty exposure reduced (commercial, upper bound)",31320.46211856038,$/yr,context,only if those buildings exceed their LL97 limit; not added to savings
S1_hp0.75_tk0_base,A07_high,S1,system,annual savings (resource view),-202350.36547127075,$/yr,financial,= sum of actors (transfers cancel)
S1_hp0.75_tk0_base,A08_low,S1,data_center,net financial value,-195472.06628749333,$/yr,financial,heat sales - source-side electricity (S1: same owner as the heat user)
S1_hp0.75_tk0_base,A08_low,S1,data_center,heat-sale revenue (transfer from operator),0.0,$/yr,transfer,fence price 88.7 $/MWh
S1_hp0.75_tk0_base,A08_low,S1,data_center,source-side electricity cost,-195472.06628749333,$/yr,financial,
S1_hp0.75_tk0_base,A08_low,S1,heat_users,tariff + connection paid (transfer to operator),-0.0,$/yr,transfer,
S1_hp0.75_tk0_base,A08_low,S1,data_center,cooling reliability,unchanged (H1 pass; towers take 100% in network outage),,non-financial,
S1_hp0.75_tk0_base,A08_low,S1,heat_users,net financial value (all connected buildings),132133.07839182258,$/yr,financial,
S1_hp0.75_tk0_base,A08_low,S1,heat_users,NYCHA bill change per apartment (positive = saving),,$/apt/yr,financial,
S1_hp0.75_tk0_base,A08_low,S1,heat_users,continuity of heat,no unserved heat in all operating modes,,non-financial,
S1_hp0.75_tk0_base,A08_low,S1,network_operator,net financial position,0.0,$/yr,financial,tariff + connection - fence - annualised operator capex - network O&M
S1_hp0.75_tk0_base,A08_low,S1,community,public / ratepayer funding need,0.0,$/yr,financial,"operator shortfall, recovered from ratepayers in the pilot model"
S1_hp0.75_tk0_base,A08_low,S1,community,CO2 avoided,116.86739596477753,tCO2e/yr,non-financial,
S1_hp0.75_tk0_base,A08_low,S1,community,NOx avoided next to the EJ block,0.0,kg/yr,non-financial,
S1_hp0.75_tk0_base,A08_low,S1,community,low-income households served,0.0,households,non-financial,
S1_hp0.75_tk0_base,A08_low,S1,community,winter peak vs all-electric,0.18049805960418838,MW,non-financial,positive = less peak than ASHPs
S1_hp0.75_tk0_base,A08_low,S1,community,"LL97 penalty exposure reduced (commercial, upper bound)",31320.46211856038,$/yr,context,only if those buildings exceed their LL97 limit; not added to savings
S1_hp0.75_tk0_base,A08_low,S1,system,annual savings (resource view),-63338.987895670696,$/yr,financial,= sum of actors (transfers cancel)
S1_hp0.75_tk0_base,A08_high,S1,data_center,net financial value,-195472.06628749333,$/yr,financial,heat sales - source-side electricity (S1: same owner as the heat user)
S1_hp0.75_tk0_base,A08_high,S1,data_center,heat-sale revenue (transfer from operator),0.0,$/yr,transfer,fence price 88.7 $/MWh
S1_hp0.75_tk0_base,A08_high,S1,data_center,source-side electricity cost,-195472.06628749333,$/yr,financial,
S1_hp0.75_tk0_base,A08_high,S1,heat_users,tariff + connection paid (transfer to operator),-0.0,$/yr,transfer,
S1_hp0.75_tk0_base,A08_high,S1,data_center,cooling reliability,unchanged (H1 pass; towers take 100% in network outage),,non-financial,
S1_hp0.75_tk0_base,A08_high,S1,heat_users,net financial value (all connected buildings),90653.63303974955,$/yr,financial,
S1_hp0.75_tk0_base,A08_high,S1,heat_users,NYCHA bill change per apartment (positive = saving),,$/apt/yr,financial,
S1_hp0.75_tk0_base,A08_high,S1,heat_users,continuity of heat,no unserved heat in all operating modes,,non-financial,
S1_hp0.75_tk0_base,A08_high,S1,network_operator,net financial position,0.0,$/yr,financial,tariff + connection - fence - annualised operator capex - network O&M
S1_hp0.75_tk0_base,A08_high,S1,community,public / ratepayer funding need,0.0,$/yr,financial,"operator shortfall, recovered from ratepayers in the pilot model"
S1_hp0.75_tk0_base,A08_high,S1,community,CO2 avoided,116.86739596477753,tCO2e/yr,non-financial,
S1_hp0.75_tk0_base,A08_high,S1,community,NOx avoided next to the EJ block,0.0,kg/yr,non-financial,
S1_hp0.75_tk0_base,A08_high,S1,community,low-income households served,0.0,households,non-financial,
S1_hp0.75_tk0_base,A08_high,S1,community,winter peak vs all-electric,0.18049805960418838,MW,non-financial,positive = less peak than ASHPs
S1_hp0.75_tk0_base,A08_high,S1,community,"LL97 penalty exposure reduced (commercial, upper bound)",31320.46211856038,$/yr,context,only if those buildings exceed their LL97 limit; not added to savings
S1_hp0.75_tk0_base,A08_high,S1,system,annual savings (resource view),-104818.43324774376,$/yr,financial,= sum of actors (transfers cancel)
S1_hp0.75_tk0_base,A12_low,S1,data_center,net financial value,-195472.06628749333,$/yr,financial,heat sales - source-side electricity (S1: same owner as the heat user)
S1_hp0.75_tk0_base,A12_low,S1,data_center,heat-sale revenue (transfer from operator),0.0,$/yr,transfer,fence price 88.7 $/MWh
S1_hp0.75_tk0_base,A12_low,S1,data_center,source-side electricity cost,-195472.06628749333,$/yr,financial,
S1_hp0.75_tk0_base,A12_low,S1,heat_users,tariff + connection paid (transfer to operator),-0.0,$/yr,transfer,
S1_hp0.75_tk0_base,A12_low,S1,data_center,cooling reliability,unchanged (H1 pass; towers take 100% in network outage),,non-financial,
S1_hp0.75_tk0_base,A12_low,S1,heat_users,net financial value (all connected buildings),112367.74949693603,$/yr,financial,
S1_hp0.75_tk0_base,A12_low,S1,heat_users,NYCHA bill change per apartment (positive = saving),,$/apt/yr,financial,
S1_hp0.75_tk0_base,A12_low,S1,heat_users,continuity of heat,no unserved heat in all operating modes,,non-financial,
S1_hp0.75_tk0_base,A12_low,S1,network_operator,net financial position,0.0,$/yr,financial,tariff + connection - fence - annualised operator capex - network O&M
S1_hp0.75_tk0_base,A12_low,S1,community,public / ratepayer funding need,0.0,$/yr,financial,"operator shortfall, recovered from ratepayers in the pilot model"
S1_hp0.75_tk0_base,A12_low,S1,community,CO2 avoided,116.86739596477753,tCO2e/yr,non-financial,
S1_hp0.75_tk0_base,A12_low,S1,community,NOx avoided next to the EJ block,0.0,kg/yr,non-financial,
S1_hp0.75_tk0_base,A12_low,S1,community,low-income households served,0.0,households,non-financial,
S1_hp0.75_tk0_base,A12_low,S1,community,winter peak vs all-electric,0.22691184635955114,MW,non-financial,positive = less peak than ASHPs
S1_hp0.75_tk0_base,A12_low,S1,community,"LL97 penalty exposure reduced (commercial, upper bound)",31320.46211856038,$/yr,context,only if those buildings exceed their LL97 limit; not added to savings
S1_hp0.75_tk0_base,A12_low,S1,system,annual savings (resource view),-83104.31679055735,$/yr,financial,= sum of actors (transfers cancel)
S1_hp0.75_tk0_base,A12_high,S1,data_center,net financial value,-195472.06628749333,$/yr,financial,heat sales - source-side electricity (S1: same owner as the heat user)
S1_hp0.75_tk0_base,A12_high,S1,data_center,heat-sale revenue (transfer from operator),0.0,$/yr,transfer,fence price 88.7 $/MWh
S1_hp0.75_tk0_base,A12_high,S1,data_center,source-side electricity cost,-195472.06628749333,$/yr,financial,
S1_hp0.75_tk0_base,A12_high,S1,heat_users,tariff + connection paid (transfer to operator),-0.0,$/yr,transfer,
S1_hp0.75_tk0_base,A12_high,S1,data_center,cooling reliability,unchanged (H1 pass; towers take 100% in network outage),,non-financial,
S1_hp0.75_tk0_base,A12_high,S1,heat_users,net financial value (all connected buildings),112367.74949693603,$/yr,financial,
S1_hp0.75_tk0_base,A12_high,S1,heat_users,NYCHA bill change per apartment (positive = saving),,$/apt/yr,financial,
S1_hp0.75_tk0_base,A12_high,S1,heat_users,continuity of heat,no unserved heat in all operating modes,,non-financial,
S1_hp0.75_tk0_base,A12_high,S1,network_operator,net financial position,0.0,$/yr,financial,tariff + connection - fence - annualised operator capex - network O&M
S1_hp0.75_tk0_base,A12_high,S1,community,public / ratepayer funding need,0.0,$/yr,financial,"operator shortfall, recovered from ratepayers in the pilot model"
S1_hp0.75_tk0_base,A12_high,S1,community,CO2 avoided,116.86739596477753,tCO2e/yr,non-financial,
S1_hp0.75_tk0_base,A12_high,S1,community,NOx avoided next to the EJ block,0.0,kg/yr,non-financial,
S1_hp0.75_tk0_base,A12_high,S1,community,low-income households served,0.0,households,non-financial,
S1_hp0.75_tk0_base,A12_high,S1,community,winter peak vs all-electric,0.14181990397471947,MW,non-financial,positive = less peak than ASHPs
S1_hp0.75_tk0_base,A12_high,S1,community,"LL97 penalty exposure reduced (commercial, upper bound)",31320.46211856038,$/yr,context,only if those buildings exceed their LL97 limit; not added to savings
S1_hp0.75_tk0_base,A12_high,S1,system,annual savings (resource view),-83104.31679055735,$/yr,financial,= sum of actors (transfers cancel)
S1_hp0.75_tk0_base,A21_low,S1,data_center,net financial value,-195472.06628749333,$/yr,financial,heat sales - source-side electricity (S1: same owner as the heat user)
S1_hp0.75_tk0_base,A21_low,S1,data_center,heat-sale revenue (transfer from operator),0.0,$/yr,transfer,fence price 88.7 $/MWh
S1_hp0.75_tk0_base,A21_low,S1,data_center,source-side electricity cost,-195472.06628749333,$/yr,financial,
S1_hp0.75_tk0_base,A21_low,S1,heat_users,tariff + connection paid (transfer to operator),-0.0,$/yr,transfer,
S1_hp0.75_tk0_base,A21_low,S1,data_center,cooling reliability,unchanged (H1 pass; towers take 100% in network outage),,non-financial,
S1_hp0.75_tk0_base,A21_low,S1,heat_users,net financial value (all connected buildings),123120.21161137913,$/yr,financial,
S1_hp0.75_tk0_base,A21_low,S1,heat_users,NYCHA bill change per apartment (positive = saving),,$/apt/yr,financial,
S1_hp0.75_tk0_base,A21_low,S1,heat_users,continuity of heat,no unserved heat in all operating modes,,non-financial,
S1_hp0.75_tk0_base,A21_low,S1,network_operator,net financial position,0.0,$/yr,financial,tariff + connection - fence - annualised operator capex - network O&M
S1_hp0.75_tk0_base,A21_low,S1,community,public / ratepayer funding need,0.0,$/yr,financial,"operator shortfall, recovered from ratepayers in the pilot model"
S1_hp0.75_tk0_base,A21_low,S1,community,CO2 avoided,116.86739596477753,tCO2e/yr,non-financial,
S1_hp0.75_tk0_base,A21_low,S1,community,NOx avoided next to the EJ block,0.0,kg/yr,non-financial,
S1_hp0.75_tk0_base,A21_low,S1,community,low-income households served,0.0,households,non-financial,
S1_hp0.75_tk0_base,A21_low,S1,community,winter peak vs all-electric,0.18049805960418838,MW,non-financial,positive = less peak than ASHPs
S1_hp0.75_tk0_base,A21_low,S1,community,"LL97 penalty exposure reduced (commercial, upper bound)",31320.46211856038,$/yr,context,only if those buildings exceed their LL97 limit; not added to savings
S1_hp0.75_tk0_base,A21_low,S1,system,annual savings (resource view),-72351.85467611428,$/yr,financial,= sum of actors (transfers cancel)
S1_hp0.75_tk0_base,A21_high,S1,data_center,net financial value,-195472.06628749333,$/yr,financial,heat sales - source-side electricity (S1: same owner as the heat user)
S1_hp0.75_tk0_base,A21_high,S1,data_center,heat-sale revenue (transfer from operator),0.0,$/yr,transfer,fence price 88.7 $/MWh
S1_hp0.75_tk0_base,A21_high,S1,data_center,source-side electricity cost,-195472.06628749333,$/yr,financial,
S1_hp0.75_tk0_base,A21_high,S1,heat_users,tariff + connection paid (transfer to operator),-0.0,$/yr,transfer,
S1_hp0.75_tk0_base,A21_high,S1,data_center,cooling reliability,unchanged (H1 pass; towers take 100% in network outage),,non-financial,
S1_hp0.75_tk0_base,A21_high,S1,heat_users,net financial value (all connected buildings),77038.23112090872,$/yr,financial,
S1_hp0.75_tk0_base,A21_high,S1,heat_users,NYCHA bill change per apartment (positive = saving),,$/apt/yr,financial,
S1_hp0.75_tk0_base,A21_high,S1,heat_users,continuity of heat,no unserved heat in all operating modes,,non-financial,
S1_hp0.75_tk0_base,A21_high,S1,network_operator,net financial position,0.0,$/yr,financial,tariff + connection - fence - annualised operator capex - network O&M
S1_hp0.75_tk0_base,A21_high,S1,community,public / ratepayer funding need,0.0,$/yr,financial,"operator shortfall, recovered from ratepayers in the pilot model"
S1_hp0.75_tk0_base,A21_high,S1,community,CO2 avoided,116.86739596477753,tCO2e/yr,non-financial,
S1_hp0.75_tk0_base,A21_high,S1,community,NOx avoided next to the EJ block,0.0,kg/yr,non-financial,
S1_hp0.75_tk0_base,A21_high,S1,community,low-income households served,0.0,households,non-financial,
S1_hp0.75_tk0_base,A21_high,S1,community,winter peak vs all-electric,0.18049805960418838,MW,non-financial,positive = less peak than ASHPs
S1_hp0.75_tk0_base,A21_high,S1,community,"LL97 penalty exposure reduced (commercial, upper bound)",31320.46211856038,$/yr,context,only if those buildings exceed their LL97 limit; not added to savings
S1_hp0.75_tk0_base,A21_high,S1,system,annual savings (resource view),-118433.83516658458,$/yr,financial,= sum of actors (transfers cancel)
S1_hp0.75_tk0_base,A22_low,S1,data_center,net financial value,-195472.06628749333,$/yr,financial,heat sales - source-side electricity (S1: same owner as the heat user)
S1_hp0.75_tk0_base,A22_low,S1,data_center,heat-sale revenue (transfer from operator),0.0,$/yr,transfer,fence price 88.7 $/MWh
S1_hp0.75_tk0_base,A22_low,S1,data_center,source-side electricity cost,-195472.06628749333,$/yr,financial,
S1_hp0.75_tk0_base,A22_low,S1,heat_users,tariff + connection paid (transfer to operator),-0.0,$/yr,transfer,
S1_hp0.75_tk0_base,A22_low,S1,data_center,cooling reliability,unchanged (H1 pass; towers take 100% in network outage),,non-financial,
S1_hp0.75_tk0_base,A22_low,S1,heat_users,net financial value (all connected buildings),115819.85783562392,$/yr,financial,
S1_hp0.75_tk0_base,A22_low,S1,heat_users,NYCHA bill change per apartment (positive = saving),,$/apt/yr,financial,
S1_hp0.75_tk0_base,A22_low,S1,heat_users,continuity of heat,no unserved heat in all operating modes,,non-financial,
S1_hp0.75_tk0_base,A22_low,S1,network_operator,net financial position,0.0,$/yr,financial,tariff + connection - fence - annualised operator capex - network O&M
S1_hp0.75_tk0_base,A22_low,S1,community,public / ratepayer funding need,0.0,$/yr,financial,"operator shortfall, recovered from ratepayers in the pilot model"
S1_hp0.75_tk0_base,A22_low,S1,community,CO2 avoided,116.86739596477753,tCO2e/yr,non-financial,
S1_hp0.75_tk0_base,A22_low,S1,community,NOx avoided next to the EJ block,0.0,kg/yr,non-financial,
S1_hp0.75_tk0_base,A22_low,S1,community,low-income households served,0.0,households,non-financial,
S1_hp0.75_tk0_base,A22_low,S1,community,winter peak vs all-electric,0.18049805960418838,MW,non-financial,positive = less peak than ASHPs
S1_hp0.75_tk0_base,A22_low,S1,community,"LL97 penalty exposure reduced (commercial, upper bound)",31320.46211856038,$/yr,context,only if those buildings exceed their LL97 limit; not added to savings
S1_hp0.75_tk0_base,A22_low,S1,system,annual savings (resource view),-79652.20845186943,$/yr,financial,= sum of actors (transfers cancel)
S1_hp0.75_tk0_base,A22_high,S1,data_center,net financial value,-195472.06628749333,$/yr,financial,heat sales - source-side electricity (S1: same owner as the heat user)
S1_hp0.75_tk0_base,A22_high,S1,data_center,heat-sale revenue (transfer from operator),0.0,$/yr,transfer,fence price 88.7 $/MWh
S1_hp0.75_tk0_base,A22_high,S1,data_center,source-side electricity cost,-195472.06628749333,$/yr,financial,
S1_hp0.75_tk0_base,A22_high,S1,heat_users,tariff + connection paid (transfer to operator),-0.0,$/yr,transfer,
S1_hp0.75_tk0_base,A22_high,S1,data_center,cooling reliability,unchanged (H1 pass; towers take 100% in network outage),,non-financial,
S1_hp0.75_tk0_base,A22_high,S1,heat_users,net financial value (all connected buildings),105463.53281956028,$/yr,financial,
S1_hp0.75_tk0_base,A22_high,S1,heat_users,NYCHA bill change per apartment (positive = saving),,$/apt/yr,financial,
S1_hp0.75_tk0_base,A22_high,S1,heat_users,continuity of heat,no unserved heat in all operating modes,,non-financial,
S1_hp0.75_tk0_base,A22_high,S1,network_operator,net financial position,0.0,$/yr,financial,tariff + connection - fence - annualised operator capex - network O&M
S1_hp0.75_tk0_base,A22_high,S1,community,public / ratepayer funding need,0.0,$/yr,financial,"operator shortfall, recovered from ratepayers in the pilot model"
S1_hp0.75_tk0_base,A22_high,S1,community,CO2 avoided,116.86739596477753,tCO2e/yr,non-financial,
S1_hp0.75_tk0_base,A22_high,S1,community,NOx avoided next to the EJ block,0.0,kg/yr,non-financial,
S1_hp0.75_tk0_base,A22_high,S1,community,low-income households served,0.0,households,non-financial,
S1_hp0.75_tk0_base,A22_high,S1,community,winter peak vs all-electric,0.18049805960418838,MW,non-financial,positive = less peak than ASHPs
S1_hp0.75_tk0_base,A22_high,S1,community,"LL97 penalty exposure reduced (commercial, upper bound)",31320.46211856038,$/yr,context,only if those buildings exceed their LL97 limit; not added to savings
S1_hp0.75_tk0_base,A22_high,S1,system,annual savings (resource view),-90008.53346793307,$/yr,financial,= sum of actors (transfers cancel)
S2_hp0.75_tk0_base,A05_low,S2,data_center,net financial value,129045.64731547656,$/yr,financial,heat sales - source-side electricity
S2_hp0.75_tk0_base,A05_low,S2,data_center,heat-sale revenue (transfer from operator),1580897.6550204635,$/yr,transfer,fence price 88.7 $/MWh
S2_hp0.75_tk0_base,A05_low,S2,data_center,source-side electricity cost,-1451852.007704987,$/yr,financial,
S2_hp0.75_tk0_base,A05_low,S2,heat_users,tariff + connection paid (transfer to operator),-1649204.0212767292,$/yr,transfer,
S2_hp0.75_tk0_base,A05_low,S2,data_center,cooling reliability,unchanged (H1 pass; towers take 100% in network outage),,non-financial,
S2_hp0.75_tk0_base,A05_low,S2,heat_users,net financial value (all connected buildings),-2239806.7447356954,$/yr,financial,
S2_hp0.75_tk0_base,A05_low,S2,heat_users,NYCHA bill change per apartment (positive = saving),,$/apt/yr,financial,
S2_hp0.75_tk0_base,A05_low,S2,heat_users,continuity of heat,no unserved heat in all operating modes,,non-financial,
S2_hp0.75_tk0_base,A05_low,S2,network_operator,net financial position,-3135298.0561515484,$/yr,financial,tariff + connection - fence - annualised operator capex - network O&M
S2_hp0.75_tk0_base,A05_low,S2,community,public / ratepayer funding need,3135298.0561515484,$/yr,financial,"operator shortfall, recovered from ratepayers in the pilot model"
S2_hp0.75_tk0_base,A05_low,S2,community,CO2 avoided,1087.3455771137124,tCO2e/yr,non-financial,
S2_hp0.75_tk0_base,A05_low,S2,community,NOx avoided next to the EJ block,4060.178728011989,kg/yr,non-financial,
S2_hp0.75_tk0_base,A05_low,S2,community,low-income households served,0.0,households,non-financial,
S2_hp0.75_tk0_base,A05_low,S2,community,winter peak vs all-electric,3.8436322385753834,MW,non-financial,positive = less peak than ASHPs
S2_hp0.75_tk0_base,A05_low,S2,community,"LL97 penalty exposure reduced (commercial, upper bound)",291408.61466647475,$/yr,context,only if those buildings exceed their LL97 limit; not added to savings
S2_hp0.75_tk0_base,A05_low,S2,system,annual savings (resource view),-5246059.153571767,$/yr,financial,= sum of actors (transfers cancel)
S2_hp0.75_tk0_base,A05_high,S2,data_center,net financial value,129045.64731547656,$/yr,financial,heat sales - source-side electricity
S2_hp0.75_tk0_base,A05_high,S2,data_center,heat-sale revenue (transfer from operator),1580897.6550204635,$/yr,transfer,fence price 88.7 $/MWh
S2_hp0.75_tk0_base,A05_high,S2,data_center,source-side electricity cost,-1451852.007704987,$/yr,financial,
S2_hp0.75_tk0_base,A05_high,S2,heat_users,tariff + connection paid (transfer to operator),-1649204.0212767292,$/yr,transfer,
S2_hp0.75_tk0_base,A05_high,S2,data_center,cooling reliability,unchanged (H1 pass; towers take 100% in network outage),,non-financial,
S2_hp0.75_tk0_base,A05_high,S2,heat_users,net financial value (all connected buildings),-2239806.7447356954,$/yr,financial,
S2_hp0.75_tk0_base,A05_high,S2,heat_users,NYCHA bill change per apartment (positive = saving),,$/apt/yr,financial,
S2_hp0.75_tk0_base,A05_high,S2,heat_users,continuity of heat,no unserved heat in all operating modes,,non-financial,
S2_hp0.75_tk0_base,A05_high,S2,network_operator,net financial position,-4392366.436483812,$/yr,financial,tariff + connection - fence - annualised operator capex - network O&M
S2_hp0.75_tk0_base,A05_high,S2,community,public / ratepayer funding need,4392366.436483812,$/yr,financial,"operator shortfall, recovered from ratepayers in the pilot model"
S2_hp0.75_tk0_base,A05_high,S2,community,CO2 avoided,1087.3455771137124,tCO2e/yr,non-financial,
S2_hp0.75_tk0_base,A05_high,S2,community,NOx avoided next to the EJ block,4060.178728011989,kg/yr,non-financial,
S2_hp0.75_tk0_base,A05_high,S2,community,low-income households served,0.0,households,non-financial,
S2_hp0.75_tk0_base,A05_high,S2,community,winter peak vs all-electric,3.8436322385753834,MW,non-financial,positive = less peak than ASHPs
S2_hp0.75_tk0_base,A05_high,S2,community,"LL97 penalty exposure reduced (commercial, upper bound)",291408.61466647475,$/yr,context,only if those buildings exceed their LL97 limit; not added to savings
S2_hp0.75_tk0_base,A05_high,S2,system,annual savings (resource view),-6503127.53390403,$/yr,financial,= sum of actors (transfers cancel)
S2_hp0.75_tk0_base,A06_low,S2,data_center,net financial value,-266178.76643963926,$/yr,financial,heat sales - source-side electricity
S2_hp0.75_tk0_base,A06_low,S2,data_center,heat-sale revenue (transfer from operator),1185673.2412653477,$/yr,transfer,fence price 66.5 $/MWh
S2_hp0.75_tk0_base,A06_low,S2,data_center,source-side electricity cost,-1451852.007704987,$/yr,financial,
S2_hp0.75_tk0_base,A06_low,S2,heat_users,tariff + connection paid (transfer to operator),-1649204.0212767292,$/yr,transfer,
S2_hp0.75_tk0_base,A06_low,S2,data_center,cooling reliability,unchanged (H1 pass; towers take 100% in network outage),,non-financial,
S2_hp0.75_tk0_base,A06_low,S2,heat_users,net financial value (all connected buildings),-2239806.7447356954,$/yr,financial,
S2_hp0.75_tk0_base,A06_low,S2,heat_users,NYCHA bill change per apartment (positive = saving),,$/apt/yr,financial,
S2_hp0.75_tk0_base,A06_low,S2,heat_users,continuity of heat,no unserved heat in all operating modes,,non-financial,
S2_hp0.75_tk0_base,A06_low,S2,network_operator,net financial position,-3458433.4321219497,$/yr,financial,tariff + connection - fence - annualised operator capex - network O&M
S2_hp0.75_tk0_base,A06_low,S2,community,public / ratepayer funding need,3458433.4321219497,$/yr,financial,"operator shortfall, recovered from ratepayers in the pilot model"
S2_hp0.75_tk0_base,A06_low,S2,community,CO2 avoided,1087.3455771137124,tCO2e/yr,non-financial,
S2_hp0.75_tk0_base,A06_low,S2,community,NOx avoided next to the EJ block,4060.178728011989,kg/yr,non-financial,
S2_hp0.75_tk0_base,A06_low,S2,community,low-income households served,0.0,households,non-financial,
S2_hp0.75_tk0_base,A06_low,S2,community,winter peak vs all-electric,3.8436322385753834,MW,non-financial,positive = less peak than ASHPs
S2_hp0.75_tk0_base,A06_low,S2,community,"LL97 penalty exposure reduced (commercial, upper bound)",291408.61466647475,$/yr,context,only if those buildings exceed their LL97 limit; not added to savings
S2_hp0.75_tk0_base,A06_low,S2,system,annual savings (resource view),-5964418.943297284,$/yr,financial,= sum of actors (transfers cancel)
S2_hp0.75_tk0_base,A06_high,S2,data_center,net financial value,463466.3051082671,$/yr,financial,heat sales - source-side electricity
S2_hp0.75_tk0_base,A06_high,S2,data_center,heat-sale revenue (transfer from operator),1915318.312813254,$/yr,transfer,fence price 107.5 $/MWh
S2_hp0.75_tk0_base,A06_high,S2,data_center,source-side electricity cost,-1451852.007704987,$/yr,financial,
S2_hp0.75_tk0_base,A06_high,S2,heat_users,tariff + connection paid (transfer to operator),-1649204.0212767292,$/yr,transfer,
S2_hp0.75_tk0_base,A06_high,S2,data_center,cooling reliability,unchanged (H1 pass; towers take 100% in network outage),,non-financial,
S2_hp0.75_tk0_base,A06_high,S2,heat_users,net financial value (all connected buildings),-2239806.7447356954,$/yr,financial,
S2_hp0.75_tk0_base,A06_high,S2,heat_users,NYCHA bill change per apartment (positive = saving),,$/apt/yr,financial,
S2_hp0.75_tk0_base,A06_high,S2,heat_users,continuity of heat,no unserved heat in all operating modes,,non-financial,
S2_hp0.75_tk0_base,A06_high,S2,network_operator,net financial position,-4188078.503669856,$/yr,financial,tariff + connection - fence - annualised operator capex - network O&M
S2_hp0.75_tk0_base,A06_high,S2,community,public / ratepayer funding need,4188078.503669856,$/yr,financial,"operator shortfall, recovered from ratepayers in the pilot model"
S2_hp0.75_tk0_base,A06_high,S2,community,CO2 avoided,1087.3455771137124,tCO2e/yr,non-financial,
S2_hp0.75_tk0_base,A06_high,S2,community,NOx avoided next to the EJ block,4060.178728011989,kg/yr,non-financial,
S2_hp0.75_tk0_base,A06_high,S2,community,low-income households served,0.0,households,non-financial,
S2_hp0.75_tk0_base,A06_high,S2,community,winter peak vs all-electric,3.8436322385753834,MW,non-financial,positive = less peak than ASHPs
S2_hp0.75_tk0_base,A06_high,S2,community,"LL97 penalty exposure reduced (commercial, upper bound)",291408.61466647475,$/yr,context,only if those buildings exceed their LL97 limit; not added to savings
S2_hp0.75_tk0_base,A06_high,S2,system,annual savings (resource view),-5964418.943297284,$/yr,financial,= sum of actors (transfers cancel)
S2_hp0.75_tk0_base,A07_low,S2,data_center,net financial value,390640.6036587176,$/yr,financial,heat sales - source-side electricity
S2_hp0.75_tk0_base,A07_low,S2,data_center,heat-sale revenue (transfer from operator),1580897.6550204635,$/yr,transfer,fence price 88.7 $/MWh
S2_hp0.75_tk0_base,A07_low,S2,data_center,source-side electricity cost,-1190257.051361746,$/yr,financial,
S2_hp0.75_tk0_base,A07_low,S2,heat_users,tariff + connection paid (transfer to operator),-1649204.0212767292,$/yr,transfer,
S2_hp0.75_tk0_base,A07_low,S2,data_center,cooling reliability,unchanged (H1 pass; towers take 100% in network outage),,non-financial,
S2_hp0.75_tk0_base,A07_low,S2,heat_users,net financial value (all connected buildings),-1866807.464432169,$/yr,financial,
S2_hp0.75_tk0_base,A07_low,S2,heat_users,NYCHA bill change per apartment (positive = saving),,$/apt/yr,financial,
S2_hp0.75_tk0_base,A07_low,S2,heat_users,continuity of heat,no unserved heat in all operating modes,,non-financial,
S2_hp0.75_tk0_base,A07_low,S2,network_operator,net financial position,-3853657.8458770653,$/yr,financial,tariff + connection - fence - annualised operator capex - network O&M
S2_hp0.75_tk0_base,A07_low,S2,community,public / ratepayer funding need,3853657.8458770653,$/yr,financial,"operator shortfall, recovered from ratepayers in the pilot model"
S2_hp0.75_tk0_base,A07_low,S2,community,CO2 avoided,1087.3455771137124,tCO2e/yr,non-financial,
S2_hp0.75_tk0_base,A07_low,S2,community,NOx avoided next to the EJ block,4060.178728011989,kg/yr,non-financial,
S2_hp0.75_tk0_base,A07_low,S2,community,low-income households served,0.0,households,non-financial,
S2_hp0.75_tk0_base,A07_low,S2,community,winter peak vs all-electric,3.8436322385753834,MW,non-financial,positive = less peak than ASHPs
S2_hp0.75_tk0_base,A07_low,S2,community,"LL97 penalty exposure reduced (commercial, upper bound)",291408.61466647475,$/yr,context,only if those buildings exceed their LL97 limit; not added to savings
S2_hp0.75_tk0_base,A07_low,S2,system,annual savings (resource view),-5329824.706650516,$/yr,financial,= sum of actors (transfers cancel)
S2_hp0.75_tk0_base,A07_high,S2,data_center,net financial value,-263346.78719938477,$/yr,financial,heat sales - source-side electricity
S2_hp0.75_tk0_base,A07_high,S2,data_center,heat-sale revenue (transfer from operator),1580897.6550204635,$/yr,transfer,fence price 88.7 $/MWh
S2_hp0.75_tk0_base,A07_high,S2,data_center,source-side electricity cost,-1844244.4422198483,$/yr,financial,
S2_hp0.75_tk0_base,A07_high,S2,heat_users,tariff + connection paid (transfer to operator),-1649204.0212767292,$/yr,transfer,
S2_hp0.75_tk0_base,A07_high,S2,data_center,cooling reliability,unchanged (H1 pass; towers take 100% in network outage),,non-financial,
S2_hp0.75_tk0_base,A07_high,S2,heat_users,net financial value (all connected buildings),-2799305.6651909854,$/yr,financial,
S2_hp0.75_tk0_base,A07_high,S2,heat_users,NYCHA bill change per apartment (positive = saving),,$/apt/yr,financial,
S2_hp0.75_tk0_base,A07_high,S2,heat_users,continuity of heat,no unserved heat in all operating modes,,non-financial,
S2_hp0.75_tk0_base,A07_high,S2,network_operator,net financial position,-3853657.8458770653,$/yr,financial,tariff + connection - fence - annualised operator capex - network O&M
S2_hp0.75_tk0_base,A07_high,S2,community,public / ratepayer funding need,3853657.8458770653,$/yr,financial,"operator shortfall, recovered from ratepayers in the pilot model"
S2_hp0.75_tk0_base,A07_high,S2,community,CO2 avoided,1087.3455771137124,tCO2e/yr,non-financial,
S2_hp0.75_tk0_base,A07_high,S2,community,NOx avoided next to the EJ block,4060.178728011989,kg/yr,non-financial,
S2_hp0.75_tk0_base,A07_high,S2,community,low-income households served,0.0,households,non-financial,
S2_hp0.75_tk0_base,A07_high,S2,community,winter peak vs all-electric,3.8436322385753834,MW,non-financial,positive = less peak than ASHPs
S2_hp0.75_tk0_base,A07_high,S2,community,"LL97 penalty exposure reduced (commercial, upper bound)",291408.61466647475,$/yr,context,only if those buildings exceed their LL97 limit; not added to savings
S2_hp0.75_tk0_base,A07_high,S2,system,annual savings (resource view),-6916310.298267434,$/yr,financial,= sum of actors (transfers cancel)
S2_hp0.75_tk0_base,A08_low,S2,data_center,net financial value,129045.64731547656,$/yr,financial,heat sales - source-side electricity
S2_hp0.75_tk0_base,A08_low,S2,data_center,heat-sale revenue (transfer from operator),1580897.6550204635,$/yr,transfer,fence price 88.7 $/MWh
S2_hp0.75_tk0_base,A08_low,S2,data_center,source-side electricity cost,-1451852.007704987,$/yr,financial,
S2_hp0.75_tk0_base,A08_low,S2,heat_users,tariff + connection paid (transfer to operator),-1649204.0212767292,$/yr,transfer,
S2_hp0.75_tk0_base,A08_low,S2,data_center,cooling reliability,unchanged (H1 pass; towers take 100% in network outage),,non-financial,
S2_hp0.75_tk0_base,A08_low,S2,heat_users,net financial value (all connected buildings),-2239806.7447356954,$/yr,financial,
S2_hp0.75_tk0_base,A08_low,S2,heat_users,NYCHA bill change per apartment (positive = saving),,$/apt/yr,financial,
S2_hp0.75_tk0_base,A08_low,S2,heat_users,continuity of heat,no unserved heat in all operating modes,,non-financial,
S2_hp0.75_tk0_base,A08_low,S2,network_operator,net financial position,-3176630.8280479945,$/yr,financial,tariff + connection - fence - annualised operator capex - network O&M
S2_hp0.75_tk0_base,A08_low,S2,community,public / ratepayer funding need,3176630.8280479945,$/yr,financial,"operator shortfall, recovered from ratepayers in the pilot model"
S2_hp0.75_tk0_base,A08_low,S2,community,CO2 avoided,1087.3455771137124,tCO2e/yr,non-financial,
S2_hp0.75_tk0_base,A08_low,S2,community,NOx avoided next to the EJ block,4060.178728011989,kg/yr,non-financial,
S2_hp0.75_tk0_base,A08_low,S2,community,low-income households served,0.0,households,non-financial,
S2_hp0.75_tk0_base,A08_low,S2,community,winter peak vs all-electric,3.8436322385753834,MW,non-financial,positive = less peak than ASHPs
S2_hp0.75_tk0_base,A08_low,S2,community,"LL97 penalty exposure reduced (commercial, upper bound)",291408.61466647475,$/yr,context,only if those buildings exceed their LL97 limit; not added to savings
S2_hp0.75_tk0_base,A08_low,S2,system,annual savings (resource view),-5287391.925468213,$/yr,financial,= sum of actors (transfers cancel)
S2_hp0.75_tk0_base,A08_high,S2,data_center,net financial value,129045.64731547656,$/yr,financial,heat sales - source-side electricity
S2_hp0.75_tk0_base,A08_high,S2,data_center,heat-sale revenue (transfer from operator),1580897.6550204635,$/yr,transfer,fence price 88.7 $/MWh
S2_hp0.75_tk0_base,A08_high,S2,data_center,source-side electricity cost,-1451852.007704987,$/yr,financial,
S2_hp0.75_tk0_base,A08_high,S2,heat_users,tariff + connection paid (transfer to operator),-1649204.0212767292,$/yr,transfer,
S2_hp0.75_tk0_base,A08_high,S2,data_center,cooling reliability,unchanged (H1 pass; towers take 100% in network outage),,non-financial,
S2_hp0.75_tk0_base,A08_high,S2,heat_users,net financial value (all connected buildings),-2239806.7447356954,$/yr,financial,
S2_hp0.75_tk0_base,A08_high,S2,heat_users,NYCHA bill change per apartment (positive = saving),,$/apt/yr,financial,
S2_hp0.75_tk0_base,A08_high,S2,heat_users,continuity of heat,no unserved heat in all operating modes,,non-financial,
S2_hp0.75_tk0_base,A08_high,S2,network_operator,net financial position,-4597437.197487318,$/yr,financial,tariff + connection - fence - annualised operator capex - network O&M
S2_hp0.75_tk0_base,A08_high,S2,community,public / ratepayer funding need,4597437.197487318,$/yr,financial,"operator shortfall, recovered from ratepayers in the pilot model"
S2_hp0.75_tk0_base,A08_high,S2,community,CO2 avoided,1087.3455771137124,tCO2e/yr,non-financial,
S2_hp0.75_tk0_base,A08_high,S2,community,NOx avoided next to the EJ block,4060.178728011989,kg/yr,non-financial,
S2_hp0.75_tk0_base,A08_high,S2,community,low-income households served,0.0,households,non-financial,
S2_hp0.75_tk0_base,A08_high,S2,community,winter peak vs all-electric,3.8436322385753834,MW,non-financial,positive = less peak than ASHPs
S2_hp0.75_tk0_base,A08_high,S2,community,"LL97 penalty exposure reduced (commercial, upper bound)",291408.61466647475,$/yr,context,only if those buildings exceed their LL97 limit; not added to savings
S2_hp0.75_tk0_base,A08_high,S2,system,annual savings (resource view),-6708198.294907535,$/yr,financial,= sum of actors (transfers cancel)
S2_hp0.75_tk0_base,A12_low,S2,data_center,net financial value,129045.64731547656,$/yr,financial,heat sales - source-side electricity
S2_hp0.75_tk0_base,A12_low,S2,data_center,heat-sale revenue (transfer from operator),1580897.6550204635,$/yr,transfer,fence price 88.7 $/MWh
S2_hp0.75_tk0_base,A12_low,S2,data_center,source-side electricity cost,-1451852.007704987,$/yr,financial,
S2_hp0.75_tk0_base,A12_low,S2,heat_users,tariff + connection paid (transfer to operator),-1649204.0212767292,$/yr,transfer,
S2_hp0.75_tk0_base,A12_low,S2,data_center,cooling reliability,unchanged (H1 pass; towers take 100% in network outage),,non-financial,
S2_hp0.75_tk0_base,A12_low,S2,heat_users,net financial value (all connected buildings),-2239806.7447356954,$/yr,financial,
S2_hp0.75_tk0_base,A12_low,S2,heat_users,NYCHA bill change per apartment (positive = saving),,$/apt/yr,financial,
S2_hp0.75_tk0_base,A12_low,S2,heat_users,continuity of heat,no unserved heat in all operating modes,,non-financial,
S2_hp0.75_tk0_base,A12_low,S2,network_operator,net financial position,-3853657.8458770653,$/yr,financial,tariff + connection - fence - annualised operator capex - network O&M
S2_hp0.75_tk0_base,A12_low,S2,community,public / ratepayer funding need,3853657.8458770653,$/yr,financial,"operator shortfall, recovered from ratepayers in the pilot model"
S2_hp0.75_tk0_base,A12_low,S2,community,CO2 avoided,1087.3455771137124,tCO2e/yr,non-financial,
S2_hp0.75_tk0_base,A12_low,S2,community,NOx avoided next to the EJ block,4060.178728011989,kg/yr,non-financial,
S2_hp0.75_tk0_base,A12_low,S2,community,low-income households served,0.0,households,non-financial,
S2_hp0.75_tk0_base,A12_low,S2,community,winter peak vs all-electric,4.831994814209054,MW,non-financial,positive = less peak than ASHPs
S2_hp0.75_tk0_base,A12_low,S2,community,"LL97 penalty exposure reduced (commercial, upper bound)",291408.61466647475,$/yr,context,only if those buildings exceed their LL97 limit; not added to savings
S2_hp0.75_tk0_base,A12_low,S2,system,annual savings (resource view),-5964418.943297284,$/yr,financial,= sum of actors (transfers cancel)
S2_hp0.75_tk0_base,A12_high,S2,data_center,net financial value,129045.64731547656,$/yr,financial,heat sales - source-side electricity
S2_hp0.75_tk0_base,A12_high,S2,data_center,heat-sale revenue (transfer from operator),1580897.6550204635,$/yr,transfer,fence price 88.7 $/MWh
S2_hp0.75_tk0_base,A12_high,S2,data_center,source-side electricity cost,-1451852.007704987,$/yr,financial,
S2_hp0.75_tk0_base,A12_high,S2,heat_users,tariff + connection paid (transfer to operator),-1649204.0212767292,$/yr,transfer,
S2_hp0.75_tk0_base,A12_high,S2,data_center,cooling reliability,unchanged (H1 pass; towers take 100% in network outage),,non-financial,
S2_hp0.75_tk0_base,A12_high,S2,heat_users,net financial value (all connected buildings),-2239806.7447356954,$/yr,financial,
S2_hp0.75_tk0_base,A12_high,S2,heat_users,NYCHA bill change per apartment (positive = saving),,$/apt/yr,financial,
S2_hp0.75_tk0_base,A12_high,S2,heat_users,continuity of heat,no unserved heat in all operating modes,,non-financial,
S2_hp0.75_tk0_base,A12_high,S2,network_operator,net financial position,-3853657.8458770653,$/yr,financial,tariff + connection - fence - annualised operator capex - network O&M
S2_hp0.75_tk0_base,A12_high,S2,community,public / ratepayer funding need,3853657.8458770653,$/yr,financial,"operator shortfall, recovered from ratepayers in the pilot model"
S2_hp0.75_tk0_base,A12_high,S2,community,CO2 avoided,1087.3455771137124,tCO2e/yr,non-financial,
S2_hp0.75_tk0_base,A12_high,S2,community,NOx avoided next to the EJ block,4060.178728011989,kg/yr,non-financial,
S2_hp0.75_tk0_base,A12_high,S2,community,low-income households served,0.0,households,non-financial,
S2_hp0.75_tk0_base,A12_high,S2,community,winter peak vs all-electric,3.0199967588806587,MW,non-financial,positive = less peak than ASHPs
S2_hp0.75_tk0_base,A12_high,S2,community,"LL97 penalty exposure reduced (commercial, upper bound)",291408.61466647475,$/yr,context,only if those buildings exceed their LL97 limit; not added to savings
S2_hp0.75_tk0_base,A12_high,S2,system,annual savings (resource view),-5964418.943297284,$/yr,financial,= sum of actors (transfers cancel)
S2_hp0.75_tk0_base,A21_low,S2,data_center,net financial value,129045.64731547656,$/yr,financial,heat sales - source-side electricity
S2_hp0.75_tk0_base,A21_low,S2,data_center,heat-sale revenue (transfer from operator),1580897.6550204635,$/yr,transfer,fence price 88.7 $/MWh
S2_hp0.75_tk0_base,A21_low,S2,data_center,source-side electricity cost,-1451852.007704987,$/yr,financial,
S2_hp0.75_tk0_base,A21_low,S2,heat_users,tariff + connection paid (transfer to operator),-1649204.0212767292,$/yr,transfer,
S2_hp0.75_tk0_base,A21_low,S2,data_center,cooling reliability,unchanged (H1 pass; towers take 100% in network outage),,non-financial,
S2_hp0.75_tk0_base,A21_low,S2,heat_users,net financial value (all connected buildings),-2239806.7447356954,$/yr,financial,
S2_hp0.75_tk0_base,A21_low,S2,heat_users,NYCHA bill change per apartment (positive = saving),,$/apt/yr,financial,
S2_hp0.75_tk0_base,A21_low,S2,heat_users,continuity of heat,no unserved heat in all operating modes,,non-financial,
S2_hp0.75_tk0_base,A21_low,S2,network_operator,net financial position,-3472355.7696974357,$/yr,financial,tariff + connection - fence - annualised operator capex - network O&M
S2_hp0.75_tk0_base,A21_low,S2,community,public / ratepayer funding need,3472355.7696974357,$/yr,financial,"operator shortfall, recovered from ratepayers in the pilot model"
S2_hp0.75_tk0_base,A21_low,S2,community,CO2 avoided,1087.3455771137124,tCO2e/yr,non-financial,
S2_hp0.75_tk0_base,A21_low,S2,community,NOx avoided next to the EJ block,4060.178728011989,kg/yr,non-financial,
S2_hp0.75_tk0_base,A21_low,S2,community,low-income households served,0.0,households,non-financial,
S2_hp0.75_tk0_base,A21_low,S2,community,winter peak vs all-electric,3.8436322385753834,MW,non-financial,positive = less peak than ASHPs
S2_hp0.75_tk0_base,A21_low,S2,community,"LL97 penalty exposure reduced (commercial, upper bound)",291408.61466647475,$/yr,context,only if those buildings exceed their LL97 limit; not added to savings
S2_hp0.75_tk0_base,A21_low,S2,system,annual savings (resource view),-5583116.867117654,$/yr,financial,= sum of actors (transfers cancel)
S2_hp0.75_tk0_base,A21_high,S2,data_center,net financial value,129045.64731547656,$/yr,financial,heat sales - source-side electricity
S2_hp0.75_tk0_base,A21_high,S2,data_center,heat-sale revenue (transfer from operator),1580897.6550204635,$/yr,transfer,fence price 88.7 $/MWh
S2_hp0.75_tk0_base,A21_high,S2,data_center,source-side electricity cost,-1451852.007704987,$/yr,financial,
S2_hp0.75_tk0_base,A21_high,S2,heat_users,tariff + connection paid (transfer to operator),-1649204.0212767292,$/yr,transfer,
S2_hp0.75_tk0_base,A21_high,S2,data_center,cooling reliability,unchanged (H1 pass; towers take 100% in network outage),,non-financial,
S2_hp0.75_tk0_base,A21_high,S2,heat_users,net financial value (all connected buildings),-2239806.7447356954,$/yr,financial,
S2_hp0.75_tk0_base,A21_high,S2,heat_users,NYCHA bill change per apartment (positive = saving),,$/apt/yr,financial,
S2_hp0.75_tk0_base,A21_high,S2,heat_users,continuity of heat,no unserved heat in all operating modes,,non-financial,
S2_hp0.75_tk0_base,A21_high,S2,network_operator,net financial position,-5106507.52475299,$/yr,financial,tariff + connection - fence - annualised operator capex - network O&M
S2_hp0.75_tk0_base,A21_high,S2,community,public / ratepayer funding need,5106507.52475299,$/yr,financial,"operator shortfall, recovered from ratepayers in the pilot model"
S2_hp0.75_tk0_base,A21_high,S2,community,CO2 avoided,1087.3455771137124,tCO2e/yr,non-financial,
S2_hp0.75_tk0_base,A21_high,S2,community,NOx avoided next to the EJ block,4060.178728011989,kg/yr,non-financial,
S2_hp0.75_tk0_base,A21_high,S2,community,low-income households served,0.0,households,non-financial,
S2_hp0.75_tk0_base,A21_high,S2,community,winter peak vs all-electric,3.8436322385753834,MW,non-financial,positive = less peak than ASHPs
S2_hp0.75_tk0_base,A21_high,S2,community,"LL97 penalty exposure reduced (commercial, upper bound)",291408.61466647475,$/yr,context,only if those buildings exceed their LL97 limit; not added to savings
S2_hp0.75_tk0_base,A21_high,S2,system,annual savings (resource view),-7217268.622173208,$/yr,financial,= sum of actors (transfers cancel)
S2_hp0.75_tk0_base,A22_low,S2,data_center,net financial value,129045.64731547656,$/yr,financial,heat sales - source-side electricity
S2_hp0.75_tk0_base,A22_low,S2,data_center,heat-sale revenue (transfer from operator),1580897.6550204635,$/yr,transfer,fence price 88.7 $/MWh
S2_hp0.75_tk0_base,A22_low,S2,data_center,source-side electricity cost,-1451852.007704987,$/yr,financial,
S2_hp0.75_tk0_base,A22_low,S2,heat_users,tariff + connection paid (transfer to operator),-1649204.0212767292,$/yr,transfer,
S2_hp0.75_tk0_base,A22_low,S2,data_center,cooling reliability,unchanged (H1 pass; towers take 100% in network outage),,non-financial,
S2_hp0.75_tk0_base,A22_low,S2,heat_users,net financial value (all connected buildings),-2239806.7447356954,$/yr,financial,
S2_hp0.75_tk0_base,A22_low,S2,heat_users,NYCHA bill change per apartment (positive = saving),,$/apt/yr,financial,
S2_hp0.75_tk0_base,A22_low,S2,heat_users,continuity of heat,no unserved heat in all operating modes,,non-financial,
S2_hp0.75_tk0_base,A22_low,S2,network_operator,net financial position,-3668579.625116399,$/yr,financial,tariff + connection - fence - annualised operator capex - network O&M
S2_hp0.75_tk0_base,A22_low,S2,community,public / ratepayer funding need,3668579.625116399,$/yr,financial,"operator shortfall, recovered from ratepayers in the pilot model"
S2_hp0.75_tk0_base,A22_low,S2,community,CO2 avoided,1087.3455771137124,tCO2e/yr,non-financial,
S2_hp0.75_tk0_base,A22_low,S2,community,NOx avoided next to the EJ block,4060.178728011989,kg/yr,non-financial,
S2_hp0.75_tk0_base,A22_low,S2,community,low-income households served,0.0,households,non-financial,
S2_hp0.75_tk0_base,A22_low,S2,community,winter peak vs all-electric,3.8436322385753834,MW,non-financial,positive = less peak than ASHPs
S2_hp0.75_tk0_base,A22_low,S2,community,"LL97 penalty exposure reduced (commercial, upper bound)",291408.61466647475,$/yr,context,only if those buildings exceed their LL97 limit; not added to savings
S2_hp0.75_tk0_base,A22_low,S2,system,annual savings (resource view),-5779340.722536617,$/yr,financial,= sum of actors (transfers cancel)
S2_hp0.75_tk0_base,A22_high,S2,data_center,net financial value,129045.64731547656,$/yr,financial,heat sales - source-side electricity
S2_hp0.75_tk0_base,A22_high,S2,data_center,heat-sale revenue (transfer from operator),1580897.6550204635,$/yr,transfer,fence price 88.7 $/MWh
S2_hp0.75_tk0_base,A22_high,S2,data_center,source-side electricity cost,-1451852.007704987,$/yr,financial,
S2_hp0.75_tk0_base,A22_high,S2,heat_users,tariff + connection paid (transfer to operator),-1649204.0212767292,$/yr,transfer,
S2_hp0.75_tk0_base,A22_high,S2,data_center,cooling reliability,unchanged (H1 pass; towers take 100% in network outage),,non-financial,
S2_hp0.75_tk0_base,A22_high,S2,heat_users,net financial value (all connected buildings),-2239806.7447356954,$/yr,financial,
S2_hp0.75_tk0_base,A22_high,S2,heat_users,NYCHA bill change per apartment (positive = saving),,$/apt/yr,financial,
S2_hp0.75_tk0_base,A22_high,S2,heat_users,continuity of heat,no unserved heat in all operating modes,,non-financial,
S2_hp0.75_tk0_base,A22_high,S2,network_operator,net financial position,-4223814.287398398,$/yr,financial,tariff + connection - fence - annualised operator capex - network O&M
S2_hp0.75_tk0_base,A22_high,S2,community,public / ratepayer funding need,4223814.287398398,$/yr,financial,"operator shortfall, recovered from ratepayers in the pilot model"
S2_hp0.75_tk0_base,A22_high,S2,community,CO2 avoided,1087.3455771137124,tCO2e/yr,non-financial,
S2_hp0.75_tk0_base,A22_high,S2,community,NOx avoided next to the EJ block,4060.178728011989,kg/yr,non-financial,
S2_hp0.75_tk0_base,A22_high,S2,community,low-income households served,0.0,households,non-financial,
S2_hp0.75_tk0_base,A22_high,S2,community,winter peak vs all-electric,3.8436322385753834,MW,non-financial,positive = less peak than ASHPs
S2_hp0.75_tk0_base,A22_high,S2,community,"LL97 penalty exposure reduced (commercial, upper bound)",291408.61466647475,$/yr,context,only if those buildings exceed their LL97 limit; not added to savings
S2_hp0.75_tk0_base,A22_high,S2,system,annual savings (resource view),-6334575.384818616,$/yr,financial,= sum of actors (transfers cancel)
S3_hp0.75_tk0_base,A05_low,S3,data_center,net financial value,100338.12910901709,$/yr,financial,heat sales - source-side electricity
S3_hp0.75_tk0_base,A05_low,S3,data_center,heat-sale revenue (transfer from operator),1229210.8747364348,$/yr,transfer,fence price 88.7 $/MWh
S3_hp0.75_tk0_base,A05_low,S3,data_center,source-side electricity cost,-1128872.7456274177,$/yr,financial,
S3_hp0.75_tk0_base,A05_low,S3,heat_users,tariff + connection paid (transfer to operator),-1278995.5997781255,$/yr,transfer,
S3_hp0.75_tk0_base,A05_low,S3,data_center,cooling reliability,unchanged (H1 pass; towers take 100% in network outage),,non-financial,
S3_hp0.75_tk0_base,A05_low,S3,heat_users,net financial value (all connected buildings),-839724.7065846878,$/yr,financial,
S3_hp0.75_tk0_base,A05_low,S3,heat_users,NYCHA bill change per apartment (positive = saving),-405.25360878588776,$/apt/yr,financial,
S3_hp0.75_tk0_base,A05_low,S3,heat_users,continuity of heat,no unserved heat in all operating modes,,non-financial,
S3_hp0.75_tk0_base,A05_low,S3,network_operator,net financial position,-11961026.094382154,$/yr,financial,tariff + connection - fence - annualised operator capex - network O&M
S3_hp0.75_tk0_base,A05_low,S3,community,public / ratepayer funding need,11961026.094382154,$/yr,financial,"operator shortfall, recovered from ratepayers in the pilot model"
S3_hp0.75_tk0_base,A05_low,S3,community,CO2 avoided,802.1449276466274,tCO2e/yr,non-financial,
S3_hp0.75_tk0_base,A05_low,S3,community,NOx avoided next to the EJ block,1610.951692554328,kg/yr,non-financial,
S3_hp0.75_tk0_base,A05_low,S3,community,low-income households served,2072.0,households,non-financial,
S3_hp0.75_tk0_base,A05_low,S3,community,winter peak vs all-electric,1.04239620522617,MW,non-financial,positive = less peak than ASHPs
S3_hp0.75_tk0_base,A05_low,S3,community,"LL97 penalty exposure reduced (commercial, upper bound)",31320.46211856038,$/yr,context,only if those buildings exceed their LL97 limit; not added to savings
S3_hp0.75_tk0_base,A05_low,S3,system,annual savings (resource view),-12700412.671857825,$/yr,financial,= sum of actors (transfers cancel)
S3_hp0.75_tk0_base,A05_high,S3,data_center,net financial value,100338.12910901709,$/yr,financial,heat sales - source-side electricity
S3_hp0.75_tk0_base,A05_high,S3,data_center,heat-sale revenue (transfer from operator),1229210.8747364348,$/yr,transfer,fence price 88.7 $/MWh
S3_hp0.75_tk0_base,A05_high,S3,data_center,source-side electricity cost,-1128872.7456274177,$/yr,financial,
S3_hp0.75_tk0_base,A05_high,S3,heat_users,tariff + connection paid (transfer to operator),-1278995.5997781255,$/yr,transfer,
S3_hp0.75_tk0_base,A05_high,S3,data_center,cooling reliability,unchanged (H1 pass; towers take 100% in network outage),,non-financial,
S3_hp0.75_tk0_base,A05_high,S3,heat_users,net financial value (all connected buildings),-839724.7065846878,$/yr,financial,
S3_hp0.75_tk0_base,A05_high,S3,heat_users,NYCHA bill change per apartment (positive = saving),-405.25360878588776,$/apt/yr,financial,
S3_hp0.75_tk0_base,A05_high,S3,heat_users,continuity of heat,no unserved heat in all operating modes,,non-financial,
S3_hp0.75_tk0_base,A05_high,S3,network_operator,net financial position,-15347725.379857771,$/yr,financial,tariff + connection - fence - annualised operator capex - network O&M
S3_hp0.75_tk0_base,A05_high,S3,community,public / ratepayer funding need,15347725.379857771,$/yr,financial,"operator shortfall, recovered from ratepayers in the pilot model"
S3_hp0.75_tk0_base,A05_high,S3,community,CO2 avoided,802.1449276466274,tCO2e/yr,non-financial,
S3_hp0.75_tk0_base,A05_high,S3,community,NOx avoided next to the EJ block,1610.951692554328,kg/yr,non-financial,
S3_hp0.75_tk0_base,A05_high,S3,community,low-income households served,2072.0,households,non-financial,
S3_hp0.75_tk0_base,A05_high,S3,community,winter peak vs all-electric,1.04239620522617,MW,non-financial,positive = less peak than ASHPs
S3_hp0.75_tk0_base,A05_high,S3,community,"LL97 penalty exposure reduced (commercial, upper bound)",31320.46211856038,$/yr,context,only if those buildings exceed their LL97 limit; not added to savings
S3_hp0.75_tk0_base,A05_high,S3,system,annual savings (resource view),-16087111.957333442,$/yr,financial,= sum of actors (transfers cancel)
S3_hp0.75_tk0_base,A06_low,S3,data_center,net financial value,-206964.5895750916,$/yr,financial,heat sales - source-side electricity
S3_hp0.75_tk0_base,A06_low,S3,data_center,heat-sale revenue (transfer from operator),921908.1560523261,$/yr,transfer,fence price 66.5 $/MWh
S3_hp0.75_tk0_base,A06_low,S3,data_center,source-side electricity cost,-1128872.7456274177,$/yr,financial,
S3_hp0.75_tk0_base,A06_low,S3,heat_users,tariff + connection paid (transfer to operator),-1278995.5997781255,$/yr,transfer,
S3_hp0.75_tk0_base,A06_low,S3,data_center,cooling reliability,unchanged (H1 pass; towers take 100% in network outage),,non-financial,
S3_hp0.75_tk0_base,A06_low,S3,heat_users,net financial value (all connected buildings),-839724.7065846878,$/yr,financial,
S3_hp0.75_tk0_base,A06_low,S3,heat_users,NYCHA bill change per apartment (positive = saving),-405.25360878588776,$/apt/yr,financial,
S3_hp0.75_tk0_base,A06_low,S3,heat_users,continuity of heat,no unserved heat in all operating modes,,non-financial,
S3_hp0.75_tk0_base,A06_low,S3,network_operator,net financial position,-13589074.407226479,$/yr,financial,tariff + connection - fence - annualised operator capex - network O&M
S3_hp0.75_tk0_base,A06_low,S3,community,public / ratepayer funding need,13589074.407226479,$/yr,financial,"operator shortfall, recovered from ratepayers in the pilot model"
S3_hp0.75_tk0_base,A06_low,S3,community,CO2 avoided,802.1449276466274,tCO2e/yr,non-financial,
S3_hp0.75_tk0_base,A06_low,S3,community,NOx avoided next to the EJ block,1610.951692554328,kg/yr,non-financial,
S3_hp0.75_tk0_base,A06_low,S3,community,low-income households served,2072.0,households,non-financial,
S3_hp0.75_tk0_base,A06_low,S3,community,winter peak vs all-electric,1.04239620522617,MW,non-financial,positive = less peak than ASHPs
S3_hp0.75_tk0_base,A06_low,S3,community,"LL97 penalty exposure reduced (commercial, upper bound)",31320.46211856038,$/yr,context,only if those buildings exceed their LL97 limit; not added to savings
S3_hp0.75_tk0_base,A06_low,S3,system,annual savings (resource view),-14635763.70338626,$/yr,financial,= sum of actors (transfers cancel)
S3_hp0.75_tk0_base,A06_high,S3,data_center,net financial value,360363.50645710924,$/yr,financial,heat sales - source-side electricity
S3_hp0.75_tk0_base,A06_high,S3,data_center,heat-sale revenue (transfer from operator),1489236.252084527,$/yr,transfer,fence price 107.5 $/MWh
S3_hp0.75_tk0_base,A06_high,S3,data_center,source-side electricity cost,-1128872.7456274177,$/yr,financial,
S3_hp0.75_tk0_base,A06_high,S3,heat_users,tariff + connection paid (transfer to operator),-1278995.5997781255,$/yr,transfer,
S3_hp0.75_tk0_base,A06_high,S3,data_center,cooling reliability,unchanged (H1 pass; towers take 100% in network outage),,non-financial,
S3_hp0.75_tk0_base,A06_high,S3,heat_users,net financial value (all connected buildings),-839724.7065846878,$/yr,financial,
S3_hp0.75_tk0_base,A06_high,S3,heat_users,NYCHA bill change per apartment (positive = saving),-405.25360878588776,$/apt/yr,financial,
S3_hp0.75_tk0_base,A06_high,S3,heat_users,continuity of heat,no unserved heat in all operating modes,,non-financial,
S3_hp0.75_tk0_base,A06_high,S3,network_operator,net financial position,-14156402.50325868,$/yr,financial,tariff + connection - fence - annualised operator capex - network O&M
S3_hp0.75_tk0_base,A06_high,S3,community,public / ratepayer funding need,14156402.50325868,$/yr,financial,"operator shortfall, recovered from ratepayers in the pilot model"
S3_hp0.75_tk0_base,A06_high,S3,community,CO2 avoided,802.1449276466274,tCO2e/yr,non-financial,
S3_hp0.75_tk0_base,A06_high,S3,community,NOx avoided next to the EJ block,1610.951692554328,kg/yr,non-financial,
S3_hp0.75_tk0_base,A06_high,S3,community,low-income households served,2072.0,households,non-financial,
S3_hp0.75_tk0_base,A06_high,S3,community,winter peak vs all-electric,1.04239620522617,MW,non-financial,positive = less peak than ASHPs
S3_hp0.75_tk0_base,A06_high,S3,community,"LL97 penalty exposure reduced (commercial, upper bound)",31320.46211856038,$/yr,context,only if those buildings exceed their LL97 limit; not added to savings
S3_hp0.75_tk0_base,A06_high,S3,system,annual savings (resource view),-14635763.70338626,$/yr,financial,= sum of actors (transfers cancel)
S3_hp0.75_tk0_base,A07_low,S3,data_center,net financial value,303738.6238166599,$/yr,financial,heat sales - source-side electricity
S3_hp0.75_tk0_base,A07_low,S3,data_center,heat-sale revenue (transfer from operator),1229210.8747364348,$/yr,transfer,fence price 88.7 $/MWh
S3_hp0.75_tk0_base,A07_low,S3,data_center,source-side electricity cost,-925472.2509197749,$/yr,financial,
S3_hp0.75_tk0_base,A07_low,S3,heat_users,tariff + connection paid (transfer to operator),-1278995.5997781255,$/yr,transfer,
S3_hp0.75_tk0_base,A07_low,S3,data_center,cooling reliability,unchanged (H1 pass; towers take 100% in network outage),,non-financial,
S3_hp0.75_tk0_base,A07_low,S3,heat_users,net financial value (all connected buildings),-584019.1443977945,$/yr,financial,
S3_hp0.75_tk0_base,A07_low,S3,heat_users,NYCHA bill change per apartment (positive = saving),-303.2128807339459,$/apt/yr,financial,
S3_hp0.75_tk0_base,A07_low,S3,heat_users,continuity of heat,no unserved heat in all operating modes,,non-financial,
S3_hp0.75_tk0_base,A07_low,S3,network_operator,net financial position,-13896377.125910588,$/yr,financial,tariff + connection - fence - annualised operator capex - network O&M
S3_hp0.75_tk0_base,A07_low,S3,community,public / ratepayer funding need,13896377.125910588,$/yr,financial,"operator shortfall, recovered from ratepayers in the pilot model"
S3_hp0.75_tk0_base,A07_low,S3,community,CO2 avoided,802.1449276466274,tCO2e/yr,non-financial,
S3_hp0.75_tk0_base,A07_low,S3,community,NOx avoided next to the EJ block,1610.951692554328,kg/yr,non-financial,
S3_hp0.75_tk0_base,A07_low,S3,community,low-income households served,2072.0,households,non-financial,
S3_hp0.75_tk0_base,A07_low,S3,community,winter peak vs all-electric,1.04239620522617,MW,non-financial,positive = less peak than ASHPs
S3_hp0.75_tk0_base,A07_low,S3,community,"LL97 penalty exposure reduced (commercial, upper bound)",31320.46211856038,$/yr,context,only if those buildings exceed their LL97 limit; not added to savings
S3_hp0.75_tk0_base,A07_low,S3,system,annual savings (resource view),-14176657.646491723,$/yr,financial,= sum of actors (transfers cancel)
S3_hp0.75_tk0_base,A07_high,S3,data_center,net financial value,-204762.61295244726,$/yr,financial,heat sales - source-side electricity
S3_hp0.75_tk0_base,A07_high,S3,data_center,heat-sale revenue (transfer from operator),1229210.8747364348,$/yr,transfer,fence price 88.7 $/MWh
S3_hp0.75_tk0_base,A07_high,S3,data_center,source-side electricity cost,-1433973.487688882,$/yr,financial,
S3_hp0.75_tk0_base,A07_high,S3,heat_users,tariff + connection paid (transfer to operator),-1278995.5997781255,$/yr,transfer,
S3_hp0.75_tk0_base,A07_high,S3,data_center,cooling reliability,unchanged (H1 pass; towers take 100% in network outage),,non-financial,
S3_hp0.75_tk0_base,A07_high,S3,heat_users,net financial value (all connected buildings),-1223283.0498650274,$/yr,financial,
S3_hp0.75_tk0_base,A07_high,S3,heat_users,NYCHA bill change per apartment (positive = saving),-558.3147008638006,$/apt/yr,financial,
S3_hp0.75_tk0_base,A07_high,S3,heat_users,continuity of heat,no unserved heat in all operating modes,,non-financial,
S3_hp0.75_tk0_base,A07_high,S3,network_operator,net financial position,-13896377.125910588,$/yr,financial,tariff + connection - fence - annualised operator capex - network O&M
S3_hp0.75_tk0_base,A07_high,S3,community,public / ratepayer funding need,13896377.125910588,$/yr,financial,"operator shortfall, recovered from ratepayers in the pilot model"
S3_hp0.75_tk0_base,A07_high,S3,community,CO2 avoided,802.1449276466274,tCO2e/yr,non-financial,
S3_hp0.75_tk0_base,A07_high,S3,community,NOx avoided next to the EJ block,1610.951692554328,kg/yr,non-financial,
S3_hp0.75_tk0_base,A07_high,S3,community,low-income households served,2072.0,households,non-financial,
S3_hp0.75_tk0_base,A07_high,S3,community,winter peak vs all-electric,1.04239620522617,MW,non-financial,positive = less peak than ASHPs
S3_hp0.75_tk0_base,A07_high,S3,community,"LL97 penalty exposure reduced (commercial, upper bound)",31320.46211856038,$/yr,context,only if those buildings exceed their LL97 limit; not added to savings
S3_hp0.75_tk0_base,A07_high,S3,system,annual savings (resource view),-15324422.788728066,$/yr,financial,= sum of actors (transfers cancel)
S3_hp0.75_tk0_base,A08_low,S3,data_center,net financial value,100338.12910901709,$/yr,financial,heat sales - source-side electricity
S3_hp0.75_tk0_base,A08_low,S3,data_center,heat-sale revenue (transfer from operator),1229210.8747364348,$/yr,transfer,fence price 88.7 $/MWh
S3_hp0.75_tk0_base,A08_low,S3,data_center,source-side electricity cost,-1128872.7456274177,$/yr,financial,
S3_hp0.75_tk0_base,A08_low,S3,heat_users,tariff + connection paid (transfer to operator),-1278995.5997781255,$/yr,transfer,
S3_hp0.75_tk0_base,A08_low,S3,data_center,cooling reliability,unchanged (H1 pass; towers take 100% in network outage),,non-financial,
S3_hp0.75_tk0_base,A08_low,S3,heat_users,net financial value (all connected buildings),-839724.7065846878,$/yr,financial,
S3_hp0.75_tk0_base,A08_low,S3,heat_users,NYCHA bill change per apartment (positive = saving),-405.25360878588776,$/apt/yr,financial,
S3_hp0.75_tk0_base,A08_low,S3,heat_users,continuity of heat,no unserved heat in all operating modes,,non-financial,
S3_hp0.75_tk0_base,A08_low,S3,network_operator,net financial position,-11366935.793954896,$/yr,financial,tariff + connection - fence - annualised operator capex - network O&M
S3_hp0.75_tk0_base,A08_low,S3,community,public / ratepayer funding need,11366935.793954896,$/yr,financial,"operator shortfall, recovered from ratepayers in the pilot model"
S3_hp0.75_tk0_base,A08_low,S3,community,CO2 avoided,802.1449276466274,tCO2e/yr,non-financial,
S3_hp0.75_tk0_base,A08_low,S3,community,NOx avoided next to the EJ block,1610.951692554328,kg/yr,non-financial,
S3_hp0.75_tk0_base,A08_low,S3,community,low-income households served,2072.0,households,non-financial,
S3_hp0.75_tk0_base,A08_low,S3,community,winter peak vs all-electric,1.04239620522617,MW,non-financial,positive = less peak than ASHPs
S3_hp0.75_tk0_base,A08_low,S3,community,"LL97 penalty exposure reduced (commercial, upper bound)",31320.46211856038,$/yr,context,only if those buildings exceed their LL97 limit; not added to savings
S3_hp0.75_tk0_base,A08_low,S3,system,annual savings (resource view),-12106322.371430567,$/yr,financial,= sum of actors (transfers cancel)
S3_hp0.75_tk0_base,A08_high,S3,data_center,net financial value,100338.12910901709,$/yr,financial,heat sales - source-side electricity
S3_hp0.75_tk0_base,A08_high,S3,data_center,heat-sale revenue (transfer from operator),1229210.8747364348,$/yr,transfer,fence price 88.7 $/MWh
S3_hp0.75_tk0_base,A08_high,S3,data_center,source-side electricity cost,-1128872.7456274177,$/yr,financial,
S3_hp0.75_tk0_base,A08_high,S3,heat_users,tariff + connection paid (transfer to operator),-1278995.5997781255,$/yr,transfer,
S3_hp0.75_tk0_base,A08_high,S3,data_center,cooling reliability,unchanged (H1 pass; towers take 100% in network outage),,non-financial,
S3_hp0.75_tk0_base,A08_high,S3,heat_users,net financial value (all connected buildings),-839724.7065846878,$/yr,financial,
S3_hp0.75_tk0_base,A08_high,S3,heat_users,NYCHA bill change per apartment (positive = saving),-405.25360878588776,$/apt/yr,financial,
S3_hp0.75_tk0_base,A08_high,S3,heat_users,continuity of heat,no unserved heat in all operating modes,,non-financial,
S3_hp0.75_tk0_base,A08_high,S3,network_operator,net financial position,-16675211.920201115,$/yr,financial,tariff + connection - fence - annualised operator capex - network O&M
S3_hp0.75_tk0_base,A08_high,S3,community,public / ratepayer funding need,16675211.920201115,$/yr,financial,"operator shortfall, recovered from ratepayers in the pilot model"
S3_hp0.75_tk0_base,A08_high,S3,community,CO2 avoided,802.1449276466274,tCO2e/yr,non-financial,
S3_hp0.75_tk0_base,A08_high,S3,community,NOx avoided next to the EJ block,1610.951692554328,kg/yr,non-financial,
S3_hp0.75_tk0_base,A08_high,S3,community,low-income households served,2072.0,households,non-financial,
S3_hp0.75_tk0_base,A08_high,S3,community,winter peak vs all-electric,1.04239620522617,MW,non-financial,positive = less peak than ASHPs
S3_hp0.75_tk0_base,A08_high,S3,community,"LL97 penalty exposure reduced (commercial, upper bound)",31320.46211856038,$/yr,context,only if those buildings exceed their LL97 limit; not added to savings
S3_hp0.75_tk0_base,A08_high,S3,system,annual savings (resource view),-17414598.497676786,$/yr,financial,= sum of actors (transfers cancel)
S3_hp0.75_tk0_base,A12_low,S3,data_center,net financial value,100338.12910901709,$/yr,financial,heat sales - source-side electricity
S3_hp0.75_tk0_base,A12_low,S3,data_center,heat-sale revenue (transfer from operator),1229210.8747364348,$/yr,transfer,fence price 88.7 $/MWh
S3_hp0.75_tk0_base,A12_low,S3,data_center,source-side electricity cost,-1128872.7456274177,$/yr,financial,
S3_hp0.75_tk0_base,A12_low,S3,heat_users,tariff + connection paid (transfer to operator),-1278995.5997781255,$/yr,transfer,
S3_hp0.75_tk0_base,A12_low,S3,data_center,cooling reliability,unchanged (H1 pass; towers take 100% in network outage),,non-financial,
S3_hp0.75_tk0_base,A12_low,S3,heat_users,net financial value (all connected buildings),-839724.7065846878,$/yr,financial,
S3_hp0.75_tk0_base,A12_low,S3,heat_users,NYCHA bill change per apartment (positive = saving),-405.25360878588776,$/apt/yr,financial,
S3_hp0.75_tk0_base,A12_low,S3,heat_users,continuity of heat,no unserved heat in all operating modes,,non-financial,
S3_hp0.75_tk0_base,A12_low,S3,network_operator,net financial position,-13896377.125910588,$/yr,financial,tariff + connection - fence - annualised operator capex - network O&M
S3_hp0.75_tk0_base,A12_low,S3,community,public / ratepayer funding need,13896377.125910588,$/yr,financial,"operator shortfall, recovered from ratepayers in the pilot model"
S3_hp0.75_tk0_base,A12_low,S3,community,CO2 avoided,802.1449276466274,tCO2e/yr,non-financial,
S3_hp0.75_tk0_base,A12_low,S3,community,NOx avoided next to the EJ block,1610.951692554328,kg/yr,non-financial,
S3_hp0.75_tk0_base,A12_low,S3,community,low-income households served,2072.0,households,non-financial,
S3_hp0.75_tk0_base,A12_low,S3,community,winter peak vs all-electric,1.3104409437128994,MW,non-financial,positive = less peak than ASHPs
S3_hp0.75_tk0_base,A12_low,S3,community,"LL97 penalty exposure reduced (commercial, upper bound)",31320.46211856038,$/yr,context,only if those buildings exceed their LL97 limit; not added to savings
S3_hp0.75_tk0_base,A12_low,S3,system,annual savings (resource view),-14635763.70338626,$/yr,financial,= sum of actors (transfers cancel)
S3_hp0.75_tk0_base,A12_high,S3,data_center,net financial value,100338.12910901709,$/yr,financial,heat sales - source-side electricity
S3_hp0.75_tk0_base,A12_high,S3,data_center,heat-sale revenue (transfer from operator),1229210.8747364348,$/yr,transfer,fence price 88.7 $/MWh
S3_hp0.75_tk0_base,A12_high,S3,data_center,source-side electricity cost,-1128872.7456274177,$/yr,financial,
S3_hp0.75_tk0_base,A12_high,S3,heat_users,tariff + connection paid (transfer to operator),-1278995.5997781255,$/yr,transfer,
S3_hp0.75_tk0_base,A12_high,S3,data_center,cooling reliability,unchanged (H1 pass; towers take 100% in network outage),,non-financial,
S3_hp0.75_tk0_base,A12_high,S3,heat_users,net financial value (all connected buildings),-839724.7065846878,$/yr,financial,
S3_hp0.75_tk0_base,A12_high,S3,heat_users,NYCHA bill change per apartment (positive = saving),-405.25360878588776,$/apt/yr,financial,
S3_hp0.75_tk0_base,A12_high,S3,heat_users,continuity of heat,no unserved heat in all operating modes,,non-financial,
S3_hp0.75_tk0_base,A12_high,S3,network_operator,net financial position,-13896377.125910588,$/yr,financial,tariff + connection - fence - annualised operator capex - network O&M
S3_hp0.75_tk0_base,A12_high,S3,community,public / ratepayer funding need,13896377.125910588,$/yr,financial,"operator shortfall, recovered from ratepayers in the pilot model"
S3_hp0.75_tk0_base,A12_high,S3,community,CO2 avoided,802.1449276466274,tCO2e/yr,non-financial,
S3_hp0.75_tk0_base,A12_high,S3,community,NOx avoided next to the EJ block,1610.951692554328,kg/yr,non-financial,
S3_hp0.75_tk0_base,A12_high,S3,community,low-income households served,2072.0,households,non-financial,
S3_hp0.75_tk0_base,A12_high,S3,community,winter peak vs all-electric,0.8190255898205622,MW,non-financial,positive = less peak than ASHPs
S3_hp0.75_tk0_base,A12_high,S3,community,"LL97 penalty exposure reduced (commercial, upper bound)",31320.46211856038,$/yr,context,only if those buildings exceed their LL97 limit; not added to savings
S3_hp0.75_tk0_base,A12_high,S3,system,annual savings (resource view),-14635763.70338626,$/yr,financial,= sum of actors (transfers cancel)
S3_hp0.75_tk0_base,A21_low,S3,data_center,net financial value,100338.12910901709,$/yr,financial,heat sales - source-side electricity
S3_hp0.75_tk0_base,A21_low,S3,data_center,heat-sale revenue (transfer from operator),1229210.8747364348,$/yr,transfer,fence price 88.7 $/MWh
S3_hp0.75_tk0_base,A21_low,S3,data_center,source-side electricity cost,-1128872.7456274177,$/yr,financial,
S3_hp0.75_tk0_base,A21_low,S3,heat_users,tariff + connection paid (transfer to operator),-1278995.5997781255,$/yr,transfer,
S3_hp0.75_tk0_base,A21_low,S3,data_center,cooling reliability,unchanged (H1 pass; towers take 100% in network outage),,non-financial,
S3_hp0.75_tk0_base,A21_low,S3,heat_users,net financial value (all connected buildings),-839724.7065846878,$/yr,financial,
S3_hp0.75_tk0_base,A21_low,S3,heat_users,NYCHA bill change per apartment (positive = saving),-405.25360878588776,$/apt/yr,financial,
S3_hp0.75_tk0_base,A21_low,S3,heat_users,continuity of heat,no unserved heat in all operating modes,,non-financial,
S3_hp0.75_tk0_base,A21_low,S3,network_operator,net financial position,-12540500.279290227,$/yr,financial,tariff + connection - fence - annualised operator capex - network O&M
S3_hp0.75_tk0_base,A21_low,S3,community,public / ratepayer funding need,12540500.279290227,$/yr,financial,"operator shortfall, recovered from ratepayers in the pilot model"
S3_hp0.75_tk0_base,A21_low,S3,community,CO2 avoided,802.1449276466274,tCO2e/yr,non-financial,
S3_hp0.75_tk0_base,A21_low,S3,community,NOx avoided next to the EJ block,1610.951692554328,kg/yr,non-financial,
S3_hp0.75_tk0_base,A21_low,S3,community,low-income households served,2072.0,households,non-financial,
S3_hp0.75_tk0_base,A21_low,S3,community,winter peak vs all-electric,1.04239620522617,MW,non-financial,positive = less peak than ASHPs
S3_hp0.75_tk0_base,A21_low,S3,community,"LL97 penalty exposure reduced (commercial, upper bound)",31320.46211856038,$/yr,context,only if those buildings exceed their LL97 limit; not added to savings
S3_hp0.75_tk0_base,A21_low,S3,system,annual savings (resource view),-13279886.856765898,$/yr,financial,= sum of actors (transfers cancel)
S3_hp0.75_tk0_base,A21_high,S3,data_center,net financial value,100338.12910901709,$/yr,financial,heat sales - source-side electricity
S3_hp0.75_tk0_base,A21_high,S3,data_center,heat-sale revenue (transfer from operator),1229210.8747364348,$/yr,transfer,fence price 88.7 $/MWh
S3_hp0.75_tk0_base,A21_high,S3,data_center,source-side electricity cost,-1128872.7456274177,$/yr,financial,
S3_hp0.75_tk0_base,A21_high,S3,heat_users,tariff + connection paid (transfer to operator),-1278995.5997781255,$/yr,transfer,
S3_hp0.75_tk0_base,A21_high,S3,data_center,cooling reliability,unchanged (H1 pass; towers take 100% in network outage),,non-financial,
S3_hp0.75_tk0_base,A21_high,S3,heat_users,net financial value (all connected buildings),-839724.7065846878,$/yr,financial,
S3_hp0.75_tk0_base,A21_high,S3,heat_users,NYCHA bill change per apartment (positive = saving),-405.25360878588776,$/apt/yr,financial,
S3_hp0.75_tk0_base,A21_high,S3,heat_users,continuity of heat,no unserved heat in all operating modes,,non-financial,
S3_hp0.75_tk0_base,A21_high,S3,network_operator,net financial position,-18351401.05052034,$/yr,financial,tariff + connection - fence - annualised operator capex - network O&M
S3_hp0.75_tk0_base,A21_high,S3,community,public / ratepayer funding need,18351401.05052034,$/yr,financial,"operator shortfall, recovered from ratepayers in the pilot model"
S3_hp0.75_tk0_base,A21_high,S3,community,CO2 avoided,802.1449276466274,tCO2e/yr,non-financial,
S3_hp0.75_tk0_base,A21_high,S3,community,NOx avoided next to the EJ block,1610.951692554328,kg/yr,non-financial,
S3_hp0.75_tk0_base,A21_high,S3,community,low-income households served,2072.0,households,non-financial,
S3_hp0.75_tk0_base,A21_high,S3,community,winter peak vs all-electric,1.04239620522617,MW,non-financial,positive = less peak than ASHPs
S3_hp0.75_tk0_base,A21_high,S3,community,"LL97 penalty exposure reduced (commercial, upper bound)",31320.46211856038,$/yr,context,only if those buildings exceed their LL97 limit; not added to savings
S3_hp0.75_tk0_base,A21_high,S3,system,annual savings (resource view),-19090787.627996016,$/yr,financial,= sum of actors (transfers cancel)
S3_hp0.75_tk0_base,A22_low,S3,data_center,net financial value,100338.12910901709,$/yr,financial,heat sales - source-side electricity
S3_hp0.75_tk0_base,A22_low,S3,data_center,heat-sale revenue (transfer from operator),1229210.8747364348,$/yr,transfer,fence price 88.7 $/MWh
S3_hp0.75_tk0_base,A22_low,S3,data_center,source-side electricity cost,-1128872.7456274177,$/yr,financial,
S3_hp0.75_tk0_base,A22_low,S3,heat_users,tariff + connection paid (transfer to operator),-1278995.5997781255,$/yr,transfer,
S3_hp0.75_tk0_base,A22_low,S3,data_center,cooling reliability,unchanged (H1 pass; towers take 100% in network outage),,non-financial,
S3_hp0.75_tk0_base,A22_low,S3,heat_users,net financial value (all connected buildings),-839724.7065846878,$/yr,financial,
S3_hp0.75_tk0_base,A22_low,S3,heat_users,NYCHA bill change per apartment (positive = saving),-405.25360878588776,$/apt/yr,financial,
S3_hp0.75_tk0_base,A22_low,S3,heat_users,continuity of heat,no unserved heat in all operating modes,,non-financial,
S3_hp0.75_tk0_base,A22_low,S3,network_operator,net financial position,-13558252.517949976,$/yr,financial,tariff + connection - fence - annualised operator capex - network O&M
S3_hp0.75_tk0_base,A22_low,S3,community,public / ratepayer funding need,13558252.517949976,$/yr,financial,"operator shortfall, recovered from ratepayers in the pilot model"
S3_hp0.75_tk0_base,A22_low,S3,community,CO2 avoided,802.1449276466274,tCO2e/yr,non-financial,
S3_hp0.75_tk0_base,A22_low,S3,community,NOx avoided next to the EJ block,1610.951692554328,kg/yr,non-financial,
S3_hp0.75_tk0_base,A22_low,S3,community,low-income households served,2072.0,households,non-financial,
S3_hp0.75_tk0_base,A22_low,S3,community,winter peak vs all-electric,1.04239620522617,MW,non-financial,positive = less peak than ASHPs
S3_hp0.75_tk0_base,A22_low,S3,community,"LL97 penalty exposure reduced (commercial, upper bound)",31320.46211856038,$/yr,context,only if those buildings exceed their LL97 limit; not added to savings
S3_hp0.75_tk0_base,A22_low,S3,system,annual savings (resource view),-14297639.095425649,$/yr,financial,= sum of actors (transfers cancel)
S3_hp0.75_tk0_base,A22_high,S3,data_center,net financial value,100338.12910901709,$/yr,financial,heat sales - source-side electricity
S3_hp0.75_tk0_base,A22_high,S3,data_center,heat-sale revenue (transfer from operator),1229210.8747364348,$/yr,transfer,fence price 88.7 $/MWh
S3_hp0.75_tk0_base,A22_high,S3,data_center,source-side electricity cost,-1128872.7456274177,$/yr,financial,
S3_hp0.75_tk0_base,A22_high,S3,heat_users,tariff + connection paid (transfer to operator),-1278995.5997781255,$/yr,transfer,
S3_hp0.75_tk0_base,A22_high,S3,data_center,cooling reliability,unchanged (H1 pass; towers take 100% in network outage),,non-financial,
S3_hp0.75_tk0_base,A22_high,S3,heat_users,net financial value (all connected buildings),-839724.7065846878,$/yr,financial,
S3_hp0.75_tk0_base,A22_high,S3,heat_users,NYCHA bill change per apartment (positive = saving),-405.25360878588776,$/apt/yr,financial,
S3_hp0.75_tk0_base,A22_high,S3,heat_users,continuity of heat,no unserved heat in all operating modes,,non-financial,
S3_hp0.75_tk0_base,A22_high,S3,network_operator,net financial position,-14572626.34183181,$/yr,financial,tariff + connection - fence - annualised operator capex - network O&M
S3_hp0.75_tk0_base,A22_high,S3,community,public / ratepayer funding need,14572626.34183181,$/yr,financial,"operator shortfall, recovered from ratepayers in the pilot model"
S3_hp0.75_tk0_base,A22_high,S3,community,CO2 avoided,802.1449276466274,tCO2e/yr,non-financial,
S3_hp0.75_tk0_base,A22_high,S3,community,NOx avoided next to the EJ block,1610.951692554328,kg/yr,non-financial,
S3_hp0.75_tk0_base,A22_high,S3,community,low-income households served,2072.0,households,non-financial,
S3_hp0.75_tk0_base,A22_high,S3,community,winter peak vs all-electric,1.04239620522617,MW,non-financial,positive = less peak than ASHPs
S3_hp0.75_tk0_base,A22_high,S3,community,"LL97 penalty exposure reduced (commercial, upper bound)",31320.46211856038,$/yr,context,only if those buildings exceed their LL97 limit; not added to savings
S3_hp0.75_tk0_base,A22_high,S3,system,annual savings (resource view),-15312012.919307485,$/yr,financial,= sum of actors (transfers cancel)
S3R_hp0.75_tk0_base,A05_low,S3R,data_center,net financial value,235497.72985732416,$/yr,financial,heat sales - source-side electricity
S3R_hp0.75_tk0_base,A05_low,S3R,data_center,heat-sale revenue (transfer from operator),2885008.651116564,$/yr,transfer,fence price 88.7 $/MWh
S3R_hp0.75_tk0_base,A05_low,S3R,data_center,source-side electricity cost,-2649510.92125924,$/yr,financial,
S3R_hp0.75_tk0_base,A05_low,S3R,heat_users,tariff + connection paid (transfer to operator),-2969914.629970543,$/yr,transfer,
S3R_hp0.75_tk0_base,A05_low,S3R,data_center,cooling reliability,unchanged (H1 pass; towers take 100% in network outage),,non-financial,
S3R_hp0.75_tk0_base,A05_low,S3R,heat_users,net financial value (all connected buildings),-1688841.7883348875,$/yr,financial,
S3R_hp0.75_tk0_base,A05_low,S3R,heat_users,NYCHA bill change per apartment (positive = saving),-306.4977421333138,$/apt/yr,financial,
S3R_hp0.75_tk0_base,A05_low,S3R,heat_users,continuity of heat,no unserved heat in all operating modes,,non-financial,
S3R_hp0.75_tk0_base,A05_low,S3R,network_operator,net financial position,-4800732.699093111,$/yr,financial,tariff + connection - fence - annualised operator capex - network O&M
S3R_hp0.75_tk0_base,A05_low,S3R,community,public / ratepayer funding need,4800732.699093111,$/yr,financial,"operator shortfall, recovered from ratepayers in the pilot model"
S3R_hp0.75_tk0_base,A05_low,S3R,community,CO2 avoided,-2169.709566379277,tCO2e/yr,non-financial,
S3R_hp0.75_tk0_base,A05_low,S3R,community,NOx avoided next to the EJ block,0.0,kg/yr,non-financial,
S3R_hp0.75_tk0_base,A05_low,S3R,community,low-income households served,2931.0,households,non-financial,
S3R_hp0.75_tk0_base,A05_low,S3R,community,winter peak vs all-electric,5.933537223737294,MW,non-financial,positive = less peak than ASHPs
S3R_hp0.75_tk0_base,A05_low,S3R,community,"LL97 penalty exposure reduced (commercial, upper bound)",31320.462118560317,$/yr,context,only if those buildings exceed their LL97 limit; not added to savings
S3R_hp0.75_tk0_base,A05_low,S3R,system,annual savings (resource view),-6254076.757570674,$/yr,financial,= sum of actors (transfers cancel)
S3R_hp0.75_tk0_base,A05_high,S3R,data_center,net financial value,235497.72985732416,$/yr,financial,heat sales - source-side electricity
S3R_hp0.75_tk0_base,A05_high,S3R,data_center,heat-sale revenue (transfer from operator),2885008.651116564,$/yr,transfer,fence price 88.7 $/MWh
S3R_hp0.75_tk0_base,A05_high,S3R,data_center,source-side electricity cost,-2649510.92125924,$/yr,financial,
S3R_hp0.75_tk0_base,A05_high,S3R,heat_users,tariff + connection paid (transfer to operator),-2969914.629970543,$/yr,transfer,
S3R_hp0.75_tk0_base,A05_high,S3R,data_center,cooling reliability,unchanged (H1 pass; towers take 100% in network outage),,non-financial,
S3R_hp0.75_tk0_base,A05_high,S3R,heat_users,net financial value (all connected buildings),-1688841.7883348875,$/yr,financial,
S3R_hp0.75_tk0_base,A05_high,S3R,heat_users,NYCHA bill change per apartment (positive = saving),-306.4977421333138,$/apt/yr,financial,
S3R_hp0.75_tk0_base,A05_high,S3R,heat_users,continuity of heat,no unserved heat in all operating modes,,non-financial,
S3R_hp0.75_tk0_base,A05_high,S3R,network_operator,net financial position,-8187431.98456873,$/yr,financial,tariff + connection - fence - annualised operator capex - network O&M
S3R_hp0.75_tk0_base,A05_high,S3R,community,public / ratepayer funding need,8187431.98456873,$/yr,financial,"operator shortfall, recovered from ratepayers in the pilot model"
S3R_hp0.75_tk0_base,A05_high,S3R,community,CO2 avoided,-2169.709566379277,tCO2e/yr,non-financial,
S3R_hp0.75_tk0_base,A05_high,S3R,community,NOx avoided next to the EJ block,0.0,kg/yr,non-financial,
S3R_hp0.75_tk0_base,A05_high,S3R,community,low-income households served,2931.0,households,non-financial,
S3R_hp0.75_tk0_base,A05_high,S3R,community,winter peak vs all-electric,5.933537223737294,MW,non-financial,positive = less peak than ASHPs
S3R_hp0.75_tk0_base,A05_high,S3R,community,"LL97 penalty exposure reduced (commercial, upper bound)",31320.462118560317,$/yr,context,only if those buildings exceed their LL97 limit; not added to savings
S3R_hp0.75_tk0_base,A05_high,S3R,system,annual savings (resource view),-9640776.043046292,$/yr,financial,= sum of actors (transfers cancel)
S3R_hp0.75_tk0_base,A06_low,S3R,data_center,net financial value,-485754.4329218166,$/yr,financial,heat sales - source-side electricity
S3R_hp0.75_tk0_base,A06_low,S3R,data_center,heat-sale revenue (transfer from operator),2163756.488337423,$/yr,transfer,fence price 66.5 $/MWh
S3R_hp0.75_tk0_base,A06_low,S3R,data_center,source-side electricity cost,-2649510.92125924,$/yr,financial,
S3R_hp0.75_tk0_base,A06_low,S3R,heat_users,tariff + connection paid (transfer to operator),-2969914.629970543,$/yr,transfer,
S3R_hp0.75_tk0_base,A06_low,S3R,data_center,cooling reliability,unchanged (H1 pass; towers take 100% in network outage),,non-financial,
S3R_hp0.75_tk0_base,A06_low,S3R,heat_users,net financial value (all connected buildings),-1688841.7883348875,$/yr,financial,
S3R_hp0.75_tk0_base,A06_low,S3R,heat_users,NYCHA bill change per apartment (positive = saving),-306.4977421333138,$/apt/yr,financial,
S3R_hp0.75_tk0_base,A06_low,S3R,heat_users,continuity of heat,no unserved heat in all operating modes,,non-financial,
S3R_hp0.75_tk0_base,A06_low,S3R,network_operator,net financial position,-6014831.567842405,$/yr,financial,tariff + connection - fence - annualised operator capex - network O&M
S3R_hp0.75_tk0_base,A06_low,S3R,community,public / ratepayer funding need,6014831.567842405,$/yr,financial,"operator shortfall, recovered from ratepayers in the pilot model"
S3R_hp0.75_tk0_base,A06_low,S3R,community,CO2 avoided,-2169.709566379277,tCO2e/yr,non-financial,
S3R_hp0.75_tk0_base,A06_low,S3R,community,NOx avoided next to the EJ block,0.0,kg/yr,non-financial,
S3R_hp0.75_tk0_base,A06_low,S3R,community,low-income households served,2931.0,households,non-financial,
S3R_hp0.75_tk0_base,A06_low,S3R,community,winter peak vs all-electric,5.933537223737294,MW,non-financial,positive = less peak than ASHPs
S3R_hp0.75_tk0_base,A06_low,S3R,community,"LL97 penalty exposure reduced (commercial, upper bound)",31320.462118560317,$/yr,context,only if those buildings exceed their LL97 limit; not added to savings
S3R_hp0.75_tk0_base,A06_low,S3R,system,annual savings (resource view),-8189427.7890991075,$/yr,financial,= sum of actors (transfers cancel)
S3R_hp0.75_tk0_base,A06_high,S3R,data_center,net financial value,845788.0214396748,$/yr,financial,heat sales - source-side electricity
S3R_hp0.75_tk0_base,A06_high,S3R,data_center,heat-sale revenue (transfer from operator),3495298.9426989146,$/yr,transfer,fence price 107.5 $/MWh
S3R_hp0.75_tk0_base,A06_high,S3R,data_center,source-side electricity cost,-2649510.92125924,$/yr,financial,
S3R_hp0.75_tk0_base,A06_high,S3R,heat_users,tariff + connection paid (transfer to operator),-2969914.629970543,$/yr,transfer,
S3R_hp0.75_tk0_base,A06_high,S3R,data_center,cooling reliability,unchanged (H1 pass; towers take 100% in network outage),,non-financial,
S3R_hp0.75_tk0_base,A06_high,S3R,heat_users,net financial value (all connected buildings),-1688841.7883348875,$/yr,financial,
S3R_hp0.75_tk0_base,A06_high,S3R,heat_users,NYCHA bill change per apartment (positive = saving),-306.4977421333138,$/apt/yr,financial,
S3R_hp0.75_tk0_base,A06_high,S3R,heat_users,continuity of heat,no unserved heat in all operating modes,,non-financial,
S3R_hp0.75_tk0_base,A06_high,S3R,network_operator,net financial position,-7346374.022203896,$/yr,financial,tariff + connection - fence - annualised operator capex - network O&M
S3R_hp0.75_tk0_base,A06_high,S3R,community,public / ratepayer funding need,7346374.022203896,$/yr,financial,"operator shortfall, recovered from ratepayers in the pilot model"
S3R_hp0.75_tk0_base,A06_high,S3R,community,CO2 avoided,-2169.709566379277,tCO2e/yr,non-financial,
S3R_hp0.75_tk0_base,A06_high,S3R,community,NOx avoided next to the EJ block,0.0,kg/yr,non-financial,
S3R_hp0.75_tk0_base,A06_high,S3R,community,low-income households served,2931.0,households,non-financial,
S3R_hp0.75_tk0_base,A06_high,S3R,community,winter peak vs all-electric,5.933537223737294,MW,non-financial,positive = less peak than ASHPs
S3R_hp0.75_tk0_base,A06_high,S3R,community,"LL97 penalty exposure reduced (commercial, upper bound)",31320.462118560317,$/yr,context,only if those buildings exceed their LL97 limit; not added to savings
S3R_hp0.75_tk0_base,A06_high,S3R,system,annual savings (resource view),-8189427.7890991075,$/yr,financial,= sum of actors (transfers cancel)
S3R_hp0.75_tk0_base,A07_low,S3R,data_center,net financial value,712887.0850391691,$/yr,financial,heat sales - source-side electricity
S3R_hp0.75_tk0_base,A07_low,S3R,data_center,heat-sale revenue (transfer from operator),2885008.651116564,$/yr,transfer,fence price 88.7 $/MWh
S3R_hp0.75_tk0_base,A07_low,S3R,data_center,source-side electricity cost,-2172121.566077395,$/yr,financial,
S3R_hp0.75_tk0_base,A07_low,S3R,heat_users,tariff + connection paid (transfer to operator),-2969914.629970543,$/yr,transfer,
S3R_hp0.75_tk0_base,A07_low,S3R,data_center,cooling reliability,unchanged (H1 pass; towers take 100% in network outage),,non-financial,
S3R_hp0.75_tk0_base,A07_low,S3R,heat_users,net financial value (all connected buildings),-1770210.9183440572,$/yr,financial,
S3R_hp0.75_tk0_base,A07_low,S3R,heat_users,NYCHA bill change per apartment (positive = saving),-329.301064033938,$/apt/yr,financial,
S3R_hp0.75_tk0_base,A07_low,S3R,heat_users,continuity of heat,no unserved heat in all operating modes,,non-financial,
S3R_hp0.75_tk0_base,A07_low,S3R,network_operator,net financial position,-6736083.730621546,$/yr,financial,tariff + connection - fence - annualised operator capex - network O&M
S3R_hp0.75_tk0_base,A07_low,S3R,community,public / ratepayer funding need,6736083.730621546,$/yr,financial,"operator shortfall, recovered from ratepayers in the pilot model"
S3R_hp0.75_tk0_base,A07_low,S3R,community,CO2 avoided,-2169.709566379277,tCO2e/yr,non-financial,
S3R_hp0.75_tk0_base,A07_low,S3R,community,NOx avoided next to the EJ block,0.0,kg/yr,non-financial,
S3R_hp0.75_tk0_base,A07_low,S3R,community,low-income households served,2931.0,households,non-financial,
S3R_hp0.75_tk0_base,A07_low,S3R,community,winter peak vs all-electric,5.933537223737294,MW,non-financial,positive = less peak than ASHPs
S3R_hp0.75_tk0_base,A07_low,S3R,community,"LL97 penalty exposure reduced (commercial, upper bound)",31320.462118560317,$/yr,context,only if those buildings exceed their LL97 limit; not added to savings
S3R_hp0.75_tk0_base,A07_low,S3R,system,annual savings (resource view),-7793407.563926434,$/yr,financial,= sum of actors (transfers cancel)
S3R_hp0.75_tk0_base,A07_high,S3R,data_center,net financial value,-480586.30291544367,$/yr,financial,heat sales - source-side electricity
S3R_hp0.75_tk0_base,A07_high,S3R,data_center,heat-sale revenue (transfer from operator),2885008.651116564,$/yr,transfer,fence price 88.7 $/MWh
S3R_hp0.75_tk0_base,A07_high,S3R,data_center,source-side electricity cost,-3365594.9540320076,$/yr,financial,
S3R_hp0.75_tk0_base,A07_high,S3R,heat_users,tariff + connection paid (transfer to operator),-2969914.629970543,$/yr,transfer,
S3R_hp0.75_tk0_base,A07_high,S3R,data_center,cooling reliability,unchanged (H1 pass; towers take 100% in network outage),,non-financial,
S3R_hp0.75_tk0_base,A07_high,S3R,heat_users,net financial value (all connected buildings),-1566788.0933211315,$/yr,financial,
S3R_hp0.75_tk0_base,A07_high,S3R,heat_users,NYCHA bill change per apartment (positive = saving),-272.29275928237723,$/apt/yr,financial,
S3R_hp0.75_tk0_base,A07_high,S3R,heat_users,continuity of heat,no unserved heat in all operating modes,,non-financial,
S3R_hp0.75_tk0_base,A07_high,S3R,network_operator,net financial position,-6736083.730621546,$/yr,financial,tariff + connection - fence - annualised operator capex - network O&M
S3R_hp0.75_tk0_base,A07_high,S3R,community,public / ratepayer funding need,6736083.730621546,$/yr,financial,"operator shortfall, recovered from ratepayers in the pilot model"
S3R_hp0.75_tk0_base,A07_high,S3R,community,CO2 avoided,-2169.709566379277,tCO2e/yr,non-financial,
S3R_hp0.75_tk0_base,A07_high,S3R,community,NOx avoided next to the EJ block,0.0,kg/yr,non-financial,
S3R_hp0.75_tk0_base,A07_high,S3R,community,low-income households served,2931.0,households,non-financial,
S3R_hp0.75_tk0_base,A07_high,S3R,community,winter peak vs all-electric,5.933537223737294,MW,non-financial,positive = less peak than ASHPs
S3R_hp0.75_tk0_base,A07_high,S3R,community,"LL97 penalty exposure reduced (commercial, upper bound)",31320.462118560317,$/yr,context,only if those buildings exceed their LL97 limit; not added to savings
S3R_hp0.75_tk0_base,A07_high,S3R,system,annual savings (resource view),-8783458.126858123,$/yr,financial,= sum of actors (transfers cancel)
S3R_hp0.75_tk0_base,A08_low,S3R,data_center,net financial value,235497.72985732416,$/yr,financial,heat sales - source-side electricity
S3R_hp0.75_tk0_base,A08_low,S3R,data_center,heat-sale revenue (transfer from operator),2885008.651116564,$/yr,transfer,fence price 88.7 $/MWh
S3R_hp0.75_tk0_base,A08_low,S3R,data_center,source-side electricity cost,-2649510.92125924,$/yr,financial,
S3R_hp0.75_tk0_base,A08_low,S3R,heat_users,tariff + connection paid (transfer to operator),-2969914.629970543,$/yr,transfer,
S3R_hp0.75_tk0_base,A08_low,S3R,data_center,cooling reliability,unchanged (H1 pass; towers take 100% in network outage),,non-financial,
S3R_hp0.75_tk0_base,A08_low,S3R,heat_users,net financial value (all connected buildings),-1784435.7839702074,$/yr,financial,
S3R_hp0.75_tk0_base,A08_low,S3R,heat_users,NYCHA bill change per apartment (positive = saving),-323.84692464426115,$/apt/yr,financial,
S3R_hp0.75_tk0_base,A08_low,S3R,heat_users,continuity of heat,no unserved heat in all operating modes,,non-financial,
S3R_hp0.75_tk0_base,A08_low,S3R,network_operator,net financial position,-5595224.720268997,$/yr,financial,tariff + connection - fence - annualised operator capex - network O&M
S3R_hp0.75_tk0_base,A08_low,S3R,community,public / ratepayer funding need,5595224.720268997,$/yr,financial,"operator shortfall, recovered from ratepayers in the pilot model"
S3R_hp0.75_tk0_base,A08_low,S3R,community,CO2 avoided,-2169.709566379277,tCO2e/yr,non-financial,
S3R_hp0.75_tk0_base,A08_low,S3R,community,NOx avoided next to the EJ block,0.0,kg/yr,non-financial,
S3R_hp0.75_tk0_base,A08_low,S3R,community,low-income households served,2931.0,households,non-financial,
S3R_hp0.75_tk0_base,A08_low,S3R,community,winter peak vs all-electric,5.933537223737294,MW,non-financial,positive = less peak than ASHPs
S3R_hp0.75_tk0_base,A08_low,S3R,community,"LL97 penalty exposure reduced (commercial, upper bound)",31320.462118560317,$/yr,context,only if those buildings exceed their LL97 limit; not added to savings
S3R_hp0.75_tk0_base,A08_low,S3R,system,annual savings (resource view),-7144162.774381881,$/yr,financial,= sum of actors (transfers cancel)
S3R_hp0.75_tk0_base,A08_high,S3R,data_center,net financial value,235497.72985732416,$/yr,financial,heat sales - source-side electricity
S3R_hp0.75_tk0_base,A08_high,S3R,data_center,heat-sale revenue (transfer from operator),2885008.651116564,$/yr,transfer,fence price 88.7 $/MWh
S3R_hp0.75_tk0_base,A08_high,S3R,data_center,source-side electricity cost,-2649510.92125924,$/yr,financial,
S3R_hp0.75_tk0_base,A08_high,S3R,heat_users,tariff + connection paid (transfer to operator),-2969914.629970543,$/yr,transfer,
S3R_hp0.75_tk0_base,A08_high,S3R,data_center,cooling reliability,unchanged (H1 pass; towers take 100% in network outage),,non-financial,
S3R_hp0.75_tk0_base,A08_high,S3R,heat_users,net financial value (all connected buildings),-1583822.5819825898,$/yr,financial,
S3R_hp0.75_tk0_base,A08_high,S3R,heat_users,NYCHA bill change per apartment (positive = saving),-287.4379950639313,$/apt/yr,financial,
S3R_hp0.75_tk0_base,A08_high,S3R,heat_users,continuity of heat,no unserved heat in all operating modes,,non-financial,
S3R_hp0.75_tk0_base,A08_high,S3R,network_operator,net financial position,-7989427.1757910615,$/yr,financial,tariff + connection - fence - annualised operator capex - network O&M
S3R_hp0.75_tk0_base,A08_high,S3R,community,public / ratepayer funding need,7989427.1757910615,$/yr,financial,"operator shortfall, recovered from ratepayers in the pilot model"
S3R_hp0.75_tk0_base,A08_high,S3R,community,CO2 avoided,-2169.709566379277,tCO2e/yr,non-financial,
S3R_hp0.75_tk0_base,A08_high,S3R,community,NOx avoided next to the EJ block,0.0,kg/yr,non-financial,
S3R_hp0.75_tk0_base,A08_high,S3R,community,low-income households served,2931.0,households,non-financial,
S3R_hp0.75_tk0_base,A08_high,S3R,community,winter peak vs all-electric,5.933537223737294,MW,non-financial,positive = less peak than ASHPs
S3R_hp0.75_tk0_base,A08_high,S3R,community,"LL97 penalty exposure reduced (commercial, upper bound)",31320.462118560317,$/yr,context,only if those buildings exceed their LL97 limit; not added to savings
S3R_hp0.75_tk0_base,A08_high,S3R,system,annual savings (resource view),-9337752.027916327,$/yr,financial,= sum of actors (transfers cancel)
S3R_hp0.75_tk0_base,A12_low,S3R,data_center,net financial value,235497.72985732416,$/yr,financial,heat sales - source-side electricity
S3R_hp0.75_tk0_base,A12_low,S3R,data_center,heat-sale revenue (transfer from operator),2885008.651116564,$/yr,transfer,fence price 88.7 $/MWh
S3R_hp0.75_tk0_base,A12_low,S3R,data_center,source-side electricity cost,-2649510.92125924,$/yr,financial,
S3R_hp0.75_tk0_base,A12_low,S3R,heat_users,tariff + connection paid (transfer to operator),-2969914.629970543,$/yr,transfer,
S3R_hp0.75_tk0_base,A12_low,S3R,data_center,cooling reliability,unchanged (H1 pass; towers take 100% in network outage),,non-financial,
S3R_hp0.75_tk0_base,A12_low,S3R,heat_users,net financial value (all connected buildings),-1688841.7883348875,$/yr,financial,
S3R_hp0.75_tk0_base,A12_low,S3R,heat_users,NYCHA bill change per apartment (positive = saving),-306.4977421333138,$/apt/yr,financial,
S3R_hp0.75_tk0_base,A12_low,S3R,heat_users,continuity of heat,no unserved heat in all operating modes,,non-financial,
S3R_hp0.75_tk0_base,A12_low,S3R,network_operator,net financial position,-6736083.730621546,$/yr,financial,tariff + connection - fence - annualised operator capex - network O&M
S3R_hp0.75_tk0_base,A12_low,S3R,community,public / ratepayer funding need,6736083.730621546,$/yr,financial,"operator shortfall, recovered from ratepayers in the pilot model"
S3R_hp0.75_tk0_base,A12_low,S3R,community,CO2 avoided,-2169.709566379277,tCO2e/yr,non-financial,
S3R_hp0.75_tk0_base,A12_low,S3R,community,NOx avoided next to the EJ block,0.0,kg/yr,non-financial,
S3R_hp0.75_tk0_base,A12_low,S3R,community,low-income households served,2931.0,households,non-financial,
S3R_hp0.75_tk0_base,A12_low,S3R,community,winter peak vs all-electric,7.4593039384125985,MW,non-financial,positive = less peak than ASHPs
S3R_hp0.75_tk0_base,A12_low,S3R,community,"LL97 penalty exposure reduced (commercial, upper bound)",31320.462118560317,$/yr,context,only if those buildings exceed their LL97 limit; not added to savings
S3R_hp0.75_tk0_base,A12_low,S3R,system,annual savings (resource view),-8189427.7890991075,$/yr,financial,= sum of actors (transfers cancel)
S3R_hp0.75_tk0_base,A12_high,S3R,data_center,net financial value,235497.72985732416,$/yr,financial,heat sales - source-side electricity
S3R_hp0.75_tk0_base,A12_high,S3R,data_center,heat-sale revenue (transfer from operator),2885008.651116564,$/yr,transfer,fence price 88.7 $/MWh
S3R_hp0.75_tk0_base,A12_high,S3R,data_center,source-side electricity cost,-2649510.92125924,$/yr,financial,
S3R_hp0.75_tk0_base,A12_high,S3R,heat_users,tariff + connection paid (transfer to operator),-2969914.629970543,$/yr,transfer,
S3R_hp0.75_tk0_base,A12_high,S3R,data_center,cooling reliability,unchanged (H1 pass; towers take 100% in network outage),,non-financial,
S3R_hp0.75_tk0_base,A12_high,S3R,heat_users,net financial value (all connected buildings),-1688841.7883348875,$/yr,financial,
S3R_hp0.75_tk0_base,A12_high,S3R,heat_users,NYCHA bill change per apartment (positive = saving),-306.4977421333138,$/apt/yr,financial,
S3R_hp0.75_tk0_base,A12_high,S3R,heat_users,continuity of heat,no unserved heat in all operating modes,,non-financial,
S3R_hp0.75_tk0_base,A12_high,S3R,network_operator,net financial position,-6736083.730621546,$/yr,financial,tariff + connection - fence - annualised operator capex - network O&M
S3R_hp0.75_tk0_base,A12_high,S3R,community,public / ratepayer funding need,6736083.730621546,$/yr,financial,"operator shortfall, recovered from ratepayers in the pilot model"
S3R_hp0.75_tk0_base,A12_high,S3R,community,CO2 avoided,-2169.709566379277,tCO2e/yr,non-financial,
S3R_hp0.75_tk0_base,A12_high,S3R,community,NOx avoided next to the EJ block,0.0,kg/yr,non-financial,
S3R_hp0.75_tk0_base,A12_high,S3R,community,low-income households served,2931.0,households,non-financial,
S3R_hp0.75_tk0_base,A12_high,S3R,community,winter peak vs all-electric,4.662064961507874,MW,non-financial,positive = less peak than ASHPs
S3R_hp0.75_tk0_base,A12_high,S3R,community,"LL97 penalty exposure reduced (commercial, upper bound)",31320.462118560317,$/yr,context,only if those buildings exceed their LL97 limit; not added to savings
S3R_hp0.75_tk0_base,A12_high,S3R,system,annual savings (resource view),-8189427.7890991075,$/yr,financial,= sum of actors (transfers cancel)
S3R_hp0.75_tk0_base,A21_low,S3R,data_center,net financial value,235497.72985732416,$/yr,financial,heat sales - source-side electricity
S3R_hp0.75_tk0_base,A21_low,S3R,data_center,heat-sale revenue (transfer from operator),2885008.651116564,$/yr,transfer,fence price 88.7 $/MWh
S3R_hp0.75_tk0_base,A21_low,S3R,data_center,source-side electricity cost,-2649510.92125924,$/yr,financial,
S3R_hp0.75_tk0_base,A21_low,S3R,heat_users,tariff + connection paid (transfer to operator),-2969914.629970543,$/yr,transfer,
S3R_hp0.75_tk0_base,A21_low,S3R,data_center,cooling reliability,unchanged (H1 pass; towers take 100% in network outage),,non-financial,
S3R_hp0.75_tk0_base,A21_low,S3R,heat_users,net financial value (all connected buildings),-1737599.0841841635,$/yr,financial,
S3R_hp0.75_tk0_base,A21_low,S3R,heat_users,NYCHA bill change per apartment (positive = saving),-315.3466161531461,$/apt/yr,financial,
S3R_hp0.75_tk0_base,A21_low,S3R,heat_users,continuity of heat,no unserved heat in all operating modes,,non-financial,
S3R_hp0.75_tk0_base,A21_low,S3R,network_operator,net financial position,-6072931.953311424,$/yr,financial,tariff + connection - fence - annualised operator capex - network O&M
S3R_hp0.75_tk0_base,A21_low,S3R,community,public / ratepayer funding need,6072931.953311424,$/yr,financial,"operator shortfall, recovered from ratepayers in the pilot model"
S3R_hp0.75_tk0_base,A21_low,S3R,community,CO2 avoided,-2169.709566379277,tCO2e/yr,non-financial,
S3R_hp0.75_tk0_base,A21_low,S3R,community,NOx avoided next to the EJ block,0.0,kg/yr,non-financial,
S3R_hp0.75_tk0_base,A21_low,S3R,community,low-income households served,2931.0,households,non-financial,
S3R_hp0.75_tk0_base,A21_low,S3R,community,winter peak vs all-electric,5.933537223737294,MW,non-financial,positive = less peak than ASHPs
S3R_hp0.75_tk0_base,A21_low,S3R,community,"LL97 penalty exposure reduced (commercial, upper bound)",31320.462118560317,$/yr,context,only if those buildings exceed their LL97 limit; not added to savings
S3R_hp0.75_tk0_base,A21_low,S3R,system,annual savings (resource view),-7575033.3076382615,$/yr,financial,= sum of actors (transfers cancel)
S3R_hp0.75_tk0_base,A21_high,S3R,data_center,net financial value,235497.72985732416,$/yr,financial,heat sales - source-side electricity
S3R_hp0.75_tk0_base,A21_high,S3R,data_center,heat-sale revenue (transfer from operator),2885008.651116564,$/yr,transfer,fence price 88.7 $/MWh
S3R_hp0.75_tk0_base,A21_high,S3R,data_center,source-side electricity cost,-2649510.92125924,$/yr,financial,
S3R_hp0.75_tk0_base,A21_high,S3R,heat_users,tariff + connection paid (transfer to operator),-2969914.629970543,$/yr,transfer,
S3R_hp0.75_tk0_base,A21_high,S3R,data_center,cooling reliability,unchanged (H1 pass; towers take 100% in network outage),,non-financial,
S3R_hp0.75_tk0_base,A21_high,S3R,heat_users,net financial value (all connected buildings),-1528639.2448301227,$/yr,financial,
S3R_hp0.75_tk0_base,A21_high,S3R,heat_users,NYCHA bill change per apartment (positive = saving),-277.42287035386465,$/apt/yr,financial,
S3R_hp0.75_tk0_base,A21_high,S3R,heat_users,continuity of heat,no unserved heat in all operating modes,,non-financial,
S3R_hp0.75_tk0_base,A21_high,S3R,network_operator,net financial position,-8915010.998926226,$/yr,financial,tariff + connection - fence - annualised operator capex - network O&M
S3R_hp0.75_tk0_base,A21_high,S3R,community,public / ratepayer funding need,8915010.998926226,$/yr,financial,"operator shortfall, recovered from ratepayers in the pilot model"
S3R_hp0.75_tk0_base,A21_high,S3R,community,CO2 avoided,-2169.709566379277,tCO2e/yr,non-financial,
S3R_hp0.75_tk0_base,A21_high,S3R,community,NOx avoided next to the EJ block,0.0,kg/yr,non-financial,
S3R_hp0.75_tk0_base,A21_high,S3R,community,low-income households served,2931.0,households,non-financial,
S3R_hp0.75_tk0_base,A21_high,S3R,community,winter peak vs all-electric,5.933537223737294,MW,non-financial,positive = less peak than ASHPs
S3R_hp0.75_tk0_base,A21_high,S3R,community,"LL97 penalty exposure reduced (commercial, upper bound)",31320.462118560317,$/yr,context,only if those buildings exceed their LL97 limit; not added to savings
S3R_hp0.75_tk0_base,A21_high,S3R,system,annual savings (resource view),-10208152.513899025,$/yr,financial,= sum of actors (transfers cancel)
S3R_hp0.75_tk0_base,A22_low,S3R,data_center,net financial value,235497.72985732416,$/yr,financial,heat sales - source-side electricity
S3R_hp0.75_tk0_base,A22_low,S3R,data_center,heat-sale revenue (transfer from operator),2885008.651116564,$/yr,transfer,fence price 88.7 $/MWh
S3R_hp0.75_tk0_base,A22_low,S3R,data_center,source-side electricity cost,-2649510.92125924,$/yr,financial,
S3R_hp0.75_tk0_base,A22_low,S3R,heat_users,tariff + connection paid (transfer to operator),-2969914.629970543,$/yr,transfer,
S3R_hp0.75_tk0_base,A22_low,S3R,data_center,cooling reliability,unchanged (H1 pass; towers take 100% in network outage),,non-financial,
S3R_hp0.75_tk0_base,A22_low,S3R,heat_users,net financial value (all connected buildings),-1688841.7883348875,$/yr,financial,
S3R_hp0.75_tk0_base,A22_low,S3R,heat_users,NYCHA bill change per apartment (positive = saving),-306.4977421333138,$/apt/yr,financial,
S3R_hp0.75_tk0_base,A22_low,S3R,heat_users,continuity of heat,no unserved heat in all operating modes,,non-financial,
S3R_hp0.75_tk0_base,A22_low,S3R,network_operator,net financial position,-6318166.565867439,$/yr,financial,tariff + connection - fence - annualised operator capex - network O&M
S3R_hp0.75_tk0_base,A22_low,S3R,community,public / ratepayer funding need,6318166.565867439,$/yr,financial,"operator shortfall, recovered from ratepayers in the pilot model"
S3R_hp0.75_tk0_base,A22_low,S3R,community,CO2 avoided,-2169.709566379277,tCO2e/yr,non-financial,
S3R_hp0.75_tk0_base,A22_low,S3R,community,NOx avoided next to the EJ block,0.0,kg/yr,non-financial,
S3R_hp0.75_tk0_base,A22_low,S3R,community,low-income households served,2931.0,households,non-financial,
S3R_hp0.75_tk0_base,A22_low,S3R,community,winter peak vs all-electric,5.933537223737294,MW,non-financial,positive = less peak than ASHPs
S3R_hp0.75_tk0_base,A22_low,S3R,community,"LL97 penalty exposure reduced (commercial, upper bound)",31320.462118560317,$/yr,context,only if those buildings exceed their LL97 limit; not added to savings
S3R_hp0.75_tk0_base,A22_low,S3R,system,annual savings (resource view),-7771510.624345002,$/yr,financial,= sum of actors (transfers cancel)
S3R_hp0.75_tk0_base,A22_high,S3R,data_center,net financial value,235497.72985732416,$/yr,financial,heat sales - source-side electricity
S3R_hp0.75_tk0_base,A22_high,S3R,data_center,heat-sale revenue (transfer from operator),2885008.651116564,$/yr,transfer,fence price 88.7 $/MWh
S3R_hp0.75_tk0_base,A22_high,S3R,data_center,source-side electricity cost,-2649510.92125924,$/yr,financial,
S3R_hp0.75_tk0_base,A22_high,S3R,heat_users,tariff + connection paid (transfer to operator),-2969914.629970543,$/yr,transfer,
S3R_hp0.75_tk0_base,A22_high,S3R,data_center,cooling reliability,unchanged (H1 pass; towers take 100% in network outage),,non-financial,
S3R_hp0.75_tk0_base,A22_high,S3R,heat_users,net financial value (all connected buildings),-1688841.7883348875,$/yr,financial,
S3R_hp0.75_tk0_base,A22_high,S3R,heat_users,NYCHA bill change per apartment (positive = saving),-306.4977421333138,$/apt/yr,financial,
S3R_hp0.75_tk0_base,A22_high,S3R,heat_users,continuity of heat,no unserved heat in all operating modes,,non-financial,
S3R_hp0.75_tk0_base,A22_high,S3R,network_operator,net financial position,-7571918.060129759,$/yr,financial,tariff + connection - fence - annualised operator capex - network O&M
S3R_hp0.75_tk0_base,A22_high,S3R,community,public / ratepayer funding need,7571918.060129759,$/yr,financial,"operator shortfall, recovered from ratepayers in the pilot model"
S3R_hp0.75_tk0_base,A22_high,S3R,community,CO2 avoided,-2169.709566379277,tCO2e/yr,non-financial,
S3R_hp0.75_tk0_base,A22_high,S3R,community,NOx avoided next to the EJ block,0.0,kg/yr,non-financial,
S3R_hp0.75_tk0_base,A22_high,S3R,community,low-income households served,2931.0,households,non-financial,
S3R_hp0.75_tk0_base,A22_high,S3R,community,winter peak vs all-electric,5.933537223737294,MW,non-financial,positive = less peak than ASHPs
S3R_hp0.75_tk0_base,A22_high,S3R,community,"LL97 penalty exposure reduced (commercial, upper bound)",31320.462118560317,$/yr,context,only if those buildings exceed their LL97 limit; not added to savings
S3R_hp0.75_tk0_base,A22_high,S3R,system,annual savings (resource view),-9025262.11860732,$/yr,financial,= sum of actors (transfers cancel)
