bbl,address,latitude,longitude,bldgarea,bldgclass,numbldgs,ownername
1006090039,525 AVENUE OF THE AMERICAS,40.7372674,-73.9973694,123697.0,D6,1.0,525 6TH AVE LLC
1008190026,21 WEST 17 STREET,40.7386176,-73.9933531,27573.0,D6,1.0,MN W18W17 LLC
1008190055,16 WEST 18 STREET,40.7388537,-73.9931798,19047.0,D6,1.0,MN W18W17 LLC
1005720026,24 WEST 9 STREET,40.7332573,-73.997449,46137.0,D9,1.0,26 W 9TH STREET LLC
1006340055,767 GREENWICH STREET,40.7362215,-74.0064482,2728.0,A5,1.0,KALINSKY JEFFREY
1006340013,124 BANK STREET,40.7360814,-74.0076967,1942.0,J1,1.0,H B PLAYWRIGHTS FDTSINC
1006340007,136 BANK STREET,40.7360814,-74.0081117,2448.0,C0,1.0,"136-138 BANK STREET, LLC"
1007940001,135 7 AVENUE,40.7412198,-73.9972899,0.0,U2,2.0,"CONSOLIDATED EDISON CO. OF NY, INC."
1006210070,69 CHARLES STREET,40.7349755,-74.0039656,4155.0,C2,1.0,ANDROMACHE CAPSIS
1006210071,71 CHARLES STREET,40.7349645,-74.0040377,4060.0,C2,1.0,JOAN S MCALLISTER
1006210072,73 CHARLES STREET,40.7349535,-74.0041099,2991.0,C3,1.0,"GEORGE A. DAVIDSON, AS TRUSTEE"
1006210073,75 CHARLES STREET,40.7349425,-74.0041821,4024.0,C5,1.0,75 CHARLES LLC
1006210074,77 CHARLES STREET,40.7349343,-74.0042506,3600.0,A4,1.0,LE PETIT FRANCOZUELAN LLC
1006210075,79 CHARLES STREET,40.7349233,-74.0043228,3740.0,C0,1.0,THE SJL TRUST
1006210076,81 CHARLES STREET,40.7349123,-74.004395,4040.0,C5,1.0,THE SJL TRUST
1006210077,83 CHARLES STREET,40.7349014,-74.0044635,4120.0,B1,1.0,BETTINA WITTEVEEN
1006210078,85 CHARLES STREET,40.7348272,-74.0045176,3984.0,A4,1.0,"PIRES, STRUAN"
1006217502,367 BLEECKER STREET,40.7347778,-74.0046223,11499.0,RM,2.0,MAISON PIERRE CONDOMINIUM
1006220011,298 WEST 11 STREET,40.7357192,-74.0056471,3960.0,A4,1.0,MINTZ PHYLLIS
1006220012,296 WEST 11 STREET,40.7356863,-74.0055497,9000.0,C4,1.0,VILLAGE DEVELOPMENTASSC
1006220013,294 WEST 11 STREET,40.7357,-74.0054559,4680.0,C0,1.0,"CHIMERA, JOHN T"
1006220016,400 BLEECKER STREET,40.7357906,-74.0052069,6760.0,C7,1.0,"400 BLEECKER STREET CO.,"
1006220019,394 BLEECKER STREET,40.7355738,-74.0051925,2334.0,S2,1.0,376 BLEECKER STREET LLC
1006220020,392 BLEECKER STREET,40.7355244,-74.005178,2290.0,S2,1.0,CR32 PROPERTIES
1006220021,390 BLEECKER STREET,40.735475,-74.0051636,2290.0,S1,1.0,HOWARD AARON
1006220022,388 BLEECKER STREET,40.7354256,-74.0051491,3050.0,S3,1.0,"PINELAND CO., LTD."
1006220023,386 BLEECKER STREET,40.7353707,-74.0051347,2860.0,S2,1.0,MICHAEL MURPHY
1006220025,95 PERRY STREET,40.7354393,-74.0053873,9015.0,C4,1.0,MAJOR PERRY ST CORP
1006220026,97 PERRY STREET,40.7354283,-74.0054739,9145.0,C4,1.0,EBRAHIM REALTY INC
1006220027,99 PERRY STREET,40.7354118,-74.0055677,8825.0,C4,1.0,"ROSENBLUM, KENNETH"
1006220029,389 BLEECKER STREET,40.7355848,-74.0047919,3240.0,B1,1.0,"EPSTEIN GARDENS, LLC"
1006220030,391 BLEECKER STREET,40.7356342,-74.0048064,3240.0,A4,1.0,FRANCIS J MENTON
1006220031,393 BLEECKER STREET,40.7356836,-74.0048208,3200.0,A4,1.0,DENISE RENEE SOBEL AS TRUSTEE
1006220032,395 BLEECKER STREET,40.7357357,-74.0048352,3288.0,S1,1.0,395 BLEECKER PARTNERS LLC
1006220033,397 BLEECKER STREET,40.7357824,-74.004893,3140.0,S1,1.0,"LAMB, JOHN D"
1006220034,286 WEST 11 STREET,40.7358565,-74.0049471,5990.0,C7,1.0,"BLEECKER GARDENS,"
1006220035,284 WEST 11 STREET,40.7358702,-74.0048497,2812.0,B3,1.0,OVERLAND NYC LLC
1006220036,282 WEST 11 STREET,40.7358565,-74.0047667,3278.0,B1,1.0,"FALCO, ELENA"
1006220037,280 WEST 11 STREET,40.7358181,-74.0046656,6865.0,C2,1.0,"280 W11, LLC"
1006220038,278 WEST 11 STREET,40.7358291,-74.0045754,4890.0,A4,1.0,WEST 11TH STREET LLC
1006220039,276 WEST 11 STREET,40.7358428,-74.0044852,5217.0,C2,1.0,VILLA BATAVIA I LLC
1006220040,274 WEST 11 STREET,40.7358455,-74.004395,6190.0,C6,1.0,"274 OWNERS, INC."
1006220041,268 WEST 11 STREET,40.7358812,-74.0042218,29725.0,D4,1.0,270 W 11 ST OWNERS CORP
1006220044,266 WEST 11 STREET,40.7359087,-74.0040414,8976.0,C4,1.0,JOSE LLOVES LLC
1006220045,264 WEST 11 STREET,40.7359224,-74.0039512,8750.0,B1,1.0,264 WEST 11TH STREET HOLDING LLC
1006220046,262 WEST 11 STREET,40.7359361,-74.0038574,6500.0,C0,1.0,"GILLILAND, ERIC"
1006220047,260 WEST 11 STREET,40.7359581,-74.0037708,3344.0,A4,1.0,"JAMES G KELLY, TRUSTEE"
1006220051,278 WEST 4 STREET,40.7358867,-74.003612,2800.0,B1,1.0,LINPERO VENTURES LIMITED
1006220056,53 PERRY STREET,40.7357111,-74.0036012,34140.0,D1,1.0,55 PERRY ST COMPANY LLC
1006220059,63 PERRY STREET,40.7356534,-74.0039187,19888.0,C1,1.0,63  PERRY STREET LLC
1006220061,67 PERRY STREET,40.7356315,-74.0040775,13500.0,C6,2.0,PERRYTWIN FLATS INC
1006220062,71 PERRY STREET,40.7356177,-74.0041749,3648.0,C0,1.0,"FALK, PETER"
1006220063,73 PERRY STREET,40.7356068,-74.0042435,4425.0,C2,1.0,73 PERRY LLC
1006220064,75 PERRY STREET,40.7355875,-74.0043192,5425.0,C4,1.0,ANTHONY JOHN OLDFIELD
1006220065,77 PERRY STREET,40.7355821,-74.0044094,12271.0,C6,1.0,77 PERRY RLTY CORP
1006220066,79 PERRY STREET,40.7355711,-74.004496,8555.0,C6,1.0,PERRY ELEVEN APARTMENT CORP
1006220067,81 PERRY STREET,40.7355573,-74.0045862,9050.0,C4,1.0,MZURI PRIDE CO LLC
1006220069,85 PERRY STREET,40.7354722,-74.004727,2520.0,B9,1.0,DVULT LLC
1006220070,87 PERRY STREET,40.7354228,-74.0048208,2576.0,S2,1.0,"VALLETTA (TRUSTEE), AMBER E"
1006220071,387 1/2 BLEECKER STREET,40.7355271,-74.0048316,2508.0,A4,1.0,CHARLES H. PARDOE II
1006227501,83 PERRY STREET,40.7354942,-74.0046584,2985.0,R6,1.0,NAME NOT ON FILE
1006227502,387 BLEECKER STREET,40.735475,-74.0048388,1712.0,RM,1.0,UNAVAILABLE OWNER
1006230016,403 BLEECKER STREET,40.7360871,-74.0049868,4111.0,S2,1.0,285 NYC LLC
1006230017,405 BLEECKER STREET,40.7361447,-74.0050049,3200.0,S1,1.0,LARA MULLARKEY REVOCABLE TRUST U/A/D 11- 7-2022
1006230019,409 BLEECKER STREET,40.73626,-74.0050337,3400.0,S1,1.0,ABINGDON LLC
1006230020,411 BLEECKER STREET,40.7363149,-74.0050482,3494.0,S3,1.0,411 13 BLEECKER ST RLTY
1006230021,413 BLEECKER STREET,40.7363698,-74.0050626,3564.0,S3,1.0,411 13 BLEECKER ST RLTY
1006230022,415 BLEECKER STREET,40.7364247,-74.0050771,3511.0,S3,1.0,415-17 BLEEKER STREET LLC
1006230023,417 BLEECKER STREET,40.7365125,-74.0051023,8365.0,C4,1.0,WILLIAM GOTTLIEB
1006230024,78 BANK STREET,40.7364768,-74.0049002,18475.0,C1,1.0,78 BANK STREET LLC
1006230026,76 BANK STREET,40.7365098,-74.0047703,3218.0,C2,1.0,BSTREET76 LLC
1006230027,74 BANK STREET,40.7365262,-74.0046837,3306.0,B1,1.0,"OKELLY,LISA,W"
1006230028,72 BANK STREET,40.7365235,-74.0045899,4900.0,B3,1.0,NANCY B. HOFFMAN AS TRUSTEE
1006230029,70 BANK STREET,40.7365345,-74.0045033,7000.0,A4,1.0,CASAVOLPE LLC
1006230030,68 BANK STREET,40.7365647,-74.0044203,6380.0,C5,1.0,DMD PROPERTY GROUP LLC
1006230031,66 BANK STREET,40.7365784,-74.0043265,3432.0,B1,1.0,"WHITE, RAYE G. - TRUSTEE"
1006230032,64 BANK STREET,40.7365784,-74.0042363,3303.0,C2,1.0,64 B STREET LLC
1006230033,62 BANK STREET,40.7366086,-74.0041605,1936.0,B3,1.0,"LUHRING, LAWRENCE R"
1006230034,60 BANK STREET,40.7366196,-74.0040775,4350.0,C2,1.0,"60 B STREET, LLC"
1006230035,58 BANK STREET,40.7366306,-74.0040018,5200.0,A4,1.0,BAUDELAIRE LLC
1006230036,56 BANK STREET,40.7366882,-74.003944,2160.0,B1,1.0,PLUNKY LLC
1006230038,296 WEST 4 STREET,40.7367047,-74.0038322,8760.0,C4,1.0,298 W 4 ST CORP
1006230039,294 WEST 4 STREET,40.7366114,-74.003843,3486.0,C0,1.0,"HERRINGTON, DOUGLAS"
1006230040,292 WEST 4 STREET,40.7365565,-74.0038285,3623.0,A4,1.0,AR VENTURES REAL ESTATE II LLC
1006230041,290 WEST 4 STREET,40.7365043,-74.0038141,3360.0,B1,1.0,"SEYMOUR, WHITNEY NORTH JR"
1006230042,288 WEST 4 STREET,40.7364494,-74.0037997,3664.0,A4,1.0,"JACKSON, MICHAEL"
1006230043,255 WEST 11 STREET,40.7363369,-74.0036878,3520.0,A7,1.0,255W11ST LLC
1006230044,257 WEST 11 STREET,40.7363286,-74.0037636,3520.0,C0,1.0,"KAUFFMAN, L. RICHARD"
1006230045,259 WEST 11 STREET,40.7363177,-74.0038394,3520.0,B9,1.0,"WASSERMAN, BARBARA"
1006230046,261 WEST 11 STREET,40.7363698,-74.0039296,4850.0,C2,1.0,JACK & PAULA F KAPLAN
1006230047,265 WEST 11 STREET,40.7363451,-74.0040919,3744.0,C2,1.0,PACKER BROWN LLC
1006230049,269 WEST 11 STREET,40.7363149,-74.0042543,6714.0,A4,1.0,MCY REAL ESTATE LLC
1006230050,271 WEST 11 STREET,40.7363039,-74.0043481,6740.0,C1,1.0,YW11 TRUST
1006230051,273 WEST 11 STREET,40.7362682,-74.0044744,14400.0,B1,1.0,SODERMALM TR LLC
1006230053,277 WEST 11 STREET,40.7362573,-74.0046585,22686.0,C1,1.0,277 WEST 11TH LLC
1006230055,281 WEST 11 STREET,40.7362216,-74.0047884,11592.0,C6,1.0,281 W 11 OWNERS CORP
1006230056,283 WEST 11 STREET,40.7362106,-74.0048822,11260.0,C4,1.0,"SPACE RS PROPERTIES, LLC"
1006230146,263 WEST 11 STREET,40.7363588,-74.004009,6650.0,B1,1.0,FRVRHM LLC
1006237501,295 WEST 11 STREET,40.7360898,-74.0056183,36822.0,RM,1.0,295 WEST 11 STREET OWNERS CORP.
1006237502,407 BLEECKER STREET,40.7362023,-74.0050193,4082.0,RM,1.0,UNAVAILABLE OWNER
1006240001,771 GREENWICH STREET,40.7367101,-74.0062282,90450.0,D4,1.0,LEFT BANK APT CORP
1006240008,791 GREENWICH STREET,40.737259,-74.0062896,8276.0,C6,1.0,8-10 BETHUNE/791 GREENWICH ST
1006240017,605 HUDSON STREET,40.73727,-74.0060153,9915.0,C7,1.0,ABINGTON VILLAGE LLC
1006240019,601 HUDSON STREET,40.7371739,-74.0060225,9550.0,C4,1.0,18 ABINGDON SQUARE LLC
1006240021,597 HUDSON STREET,40.7370202,-74.0060586,6476.0,C4,1.0,2 BETHUNE LLC
1006240022,8 BETHUNE STREET,40.737119,-74.0062571,8276.0,C6,1.0,8-10 BETHUNE/791 GREENWICH ST
1006240023,10 BETHUNE STREET,40.7371108,-74.0063725,6990.0,C6,1.0,8-10 BETHUNE/791 GREENWICH STREET
1006240030,4 8 AVENUE,40.737023,-74.005124,4400.0,S4,1.0,"11 ABINGDON SQUARE, LLC"
1006240031,8 8 AVENUE,40.7371273,-74.0049147,35136.0,D9,1.0,ALPERT CHARLES
1006240041,300 WEST 12 STREET,40.7372673,-74.0044204,34872.0,D9,1.0,300 WEST 12TH STREET LLC
1006240044,290 WEST 12 STREET,40.7373085,-74.0041967,26694.0,D1,1.0,290 W12 LLC
1006240047,288 WEST 12 STREET,40.7373854,-74.004074,3432.0,C6,1.0,288 WEST 12TH ST TENANTS CORP
1006240048,284 WEST 12 STREET,40.7373936,-74.0039765,7197.0,C7,1.0,DUNDALK MANAGEMENT INC.
1006240049,310 WEST 4 STREET,40.7372646,-74.0039874,9000.0,C7,1.0,"310 WEST FOURTH ASSOCIATES, LLC"
1006240051,308 WEST 4 STREET,40.7371905,-74.0039801,3120.0,A4,1.0,LMNT LLC
1006240052,306 WEST 4 STREET,40.7371164,-74.0040054,9885.0,C6,1.0,306 W 4 OWNERS CORP
1006240053,51 BANK STREET,40.7369846,-74.0039043,15450.0,C7,1.0,51-53 LLC
1006240055,55 BANK STREET,40.7369682,-74.0040162,3204.0,A4,1.0,ERIC T. BISCHOF
1006240056,57 BANK STREET,40.7369599,-74.0040812,3202.0,A4,1.0,RED LODGE LLC
1006240059,63 BANK STREET,40.7369736,-74.0043482,10440.0,C4,1.0,"BANK STREET REALTY,"
1006240060,65 BANK STREET,40.7369434,-74.0044817,25614.0,C7,1.0,65-67 K LLC
1006247501,59 BANK STREET,40.7369956,-74.0041678,11048.0,R1,1.0,NAME NOT ON FILE
1006247502,69 BANK STREET,40.736927,-74.0046657,19853.0,R4,1.0,UNAVAILABLE OWNER
1006247503,302 WEST 12 STREET,40.7373057,-74.0046694,123604.0,RM,1.0,302 WEST 12TH STREET CONDOMINIUM
1006247504,419 BLEECKER STREET,40.7368693,-74.005023,79065.0,RM,1.0,ABINGDON COURT OWNERS CORP
1006247505,607 HUDSON STREET,40.7373935,-74.006138,46835.0,R1,1.0,UNAVAILABLE OWNER
1006250002,801 GREENWICH STREET,40.7378601,-74.0062499,11496.0,S9,1.0,PURE LUXE GREENWICH LLC
1006250003,803 GREENWICH STREET,40.737926,-74.0062463,5880.0,C4,1.0,803 GREENWICH STREET LLC
1006250004,805 GREENWICH STREET,40.7379891,-74.0063041,2144.0,C3,1.0,SAM'S ABODE INC
1006250005,807 GREENWICH STREET,40.738044,-74.0062932,3600.0,S2,1.0,JANE AND GREENWICH LLC
1006250006,64 JANE STREET,40.7380138,-74.0061706,2940.0,B1,1.0,KEY DAVID
1006250007,62 JANE STREET,40.7380083,-74.0060912,3192.0,A4,1.0,MAKEDONIA 62 JANE LLC
1006250008,60 JANE STREET,40.7380056,-74.0060118,3338.0,A5,1.0,JANE HUDSON LLC
1006250009,621 HUDSON STREET,40.7380523,-74.0058602,3016.0,S3,1.0,"58 JANE STREET ASSOCIATES, LLC"
1006250010,619 HUDSON STREET,40.7380029,-74.0058747,2820.0,S2,1.0,INDALO 619 LLC
1006250011,617 HUDSON STREET,40.7379507,-74.0058819,2840.0,S3,1.0,GP LEE LLC
1006250013,615 HUDSON STREET,40.7378327,-74.005954,6168.0,S3,1.0,615 HUDSON STREET LLC
1006250014,613 HUDSON STREET,40.7377641,-74.005871,2080.0,A4,1.0,"NATHAN, JULIA"
1006250015,317 WEST 12 STREET,40.7376817,-74.0058818,2784.0,S4,1.0,CANDETA LLC
1006250016,319 WEST 12 STREET,40.7377119,-74.0059684,3498.0,B9,1.0,"WOODS, MARY"
1006250017,321 WEST 12 STREET,40.7377174,-74.0060478,3168.0,C0,1.0,"BRANDSTON, SARA S"
1006250018,323 WEST 12 STREET,40.7377064,-74.0061236,2418.0,A4,1.0,MAURICE REGAN 2012 FAMILY GST TRUST
1006250019,325 WEST 12 STREET,40.7376899,-74.0062066,3028.0,A9,1.0,JOSEPH N JAFFONI
1006250020,327 WEST 12 STREET,40.7376954,-74.0062824,3024.0,B9,1.0,"M.R. KOREN HOLDINGS, LLC"
1006250021,799 GREENWICH STREET,40.7378052,-74.0062752,16026.0,C6,2.0,799 GREENWICH ST TENANT
1006250026,622 HUDSON STREET,40.737959,-74.005355,15084.0,D4,1.0,TABLE BAY CORP
1006250027,54 JANE STREET,40.7379617,-74.0051999,3780.0,C5,1.0,54 JANE STREET LLC
1006250030,48 JANE STREET,40.7379617,-74.0049581,3520.0,A4,1.0,"DESARIO, VITO"
1006250031,46 JANE STREET,40.7379727,-74.0048751,4234.0,C3,1.0,"ZAKUTANSKY, BRIAN"
1006250032,44 JANE STREET,40.7379919,-74.0047921,4240.0,B9,1.0,44 JANE LLC
1006250033,42 JANE STREET,40.7380139,-74.0047127,3466.0,A4,1.0,42 JANE STREET COLLECTIVE LLC
1006250038,23 8 AVENUE,40.7379261,-74.004655,2400.0,S1,1.0,23 8TH AND JANE LLC
1006250039,21 8 AVENUE,40.7378876,-74.0047163,1854.0,S1,1.0,"PB 21 EIGHTH AVE, LP"
1006250041,17 8 AVENUE,40.7378163,-74.004821,1800.0,S2,1.0,"KUEKEN, ANGELA"
1006250042,15 8 AVENUE,40.7377696,-74.004857,2390.0,S1,1.0,"APPLEHEART, LLC"
1006250043,13 8 AVENUE,40.737712,-74.0048823,1656.0,S1,1.0,"SIEGEL, HOWARD J"
1006250044,11 8 AVENUE,40.7377312,-74.0049581,8560.0,C4,1.0,WEST VILLAGE COMMONS LLC
1006250051,22 8 AVENUE,40.7376516,-74.0044493,2557.0,S0,1.0,293 WEST 12TH STREET LLC
1006250052,24 8 AVENUE,40.7377147,-74.0043627,3998.0,S9,2.0,26 EIGHTH LLC
1006250058,38 8 AVENUE,40.7379727,-74.0040307,3988.0,S5,1.0,38 EIGHTH AV RLTY CP
1006250059,40 8 AVENUE,40.7380331,-74.0040018,1919.0,S2,1.0,38 EIGHTH AVENUE REALTY
1006250062,283 WEST 12 STREET,40.7377147,-74.004009,4584.0,S3,1.0,"283 WEST 12TH STREET,"
1006250065,289 WEST 12 STREET,40.7377065,-74.0042039,2727.0,C5,1.0,289 WEST 12TH STREET LLC
1006250066,291 WEST 12 STREET,40.7377147,-74.0042725,4200.0,B1,1.0,"KERI CAMERON, TRUSTEE"
1006257501,299 WEST 12 STREET,40.7377366,-74.0052576,132846.0,RM,1.0,299 WEST 12TH ST CONDOMINIUM
1006260007,64 HORATIO STREET,40.7386231,-74.0063113,4780.0,A4,2.0,FRUIT FORWARD LLC
1006260008,62 HORATIO STREET,40.7386232,-74.0062067,2090.0,A9,1.0,"SEGAL, ROBERT"
1006260009,60 HORATIO STREET,40.7386232,-74.0061381,2052.0,B3,1.0,"WHITE, II, HERMAN"
1006260010,58 HORATIO STREET,40.7386232,-74.0060696,2052.0,B1,1.0,J & A REALTY L P
1006260012,631 HUDSON STREET,40.738442,-74.0058855,262297.0,D4,1.0,61 JANE ST TENANTS CORP
1006260022,626 HUDSON STREET,40.7382664,-74.0053117,3324.0,S3,1.0,CEXO REALTY INC
1006260023,628 HUDSON STREET,40.7383213,-74.0053081,2890.0,S3,1.0,"BEREA REALTY, INC."
1006260024,630 HUDSON STREET,40.7383762,-74.005254,6160.0,S5,1.0,630 HUDSON LLC
1006260025,632 HUDSON STREET,40.7384366,-74.0052252,8150.0,S2,1.0,"632 ONHUDSON, LLC"
1006260027,50 HORATIO STREET,40.7386177,-74.0052721,12657.0,C7,1.0,50 HORATIO LLC
1006260029,48 HORATIO STREET,40.7386122,-74.0051386,2760.0,B1,1.0,"SEIGEL, JERROLD"
1006260031,44 HORATIO STREET,40.7386067,-74.0050159,6546.0,B1,2.0,HORATIO HOME LLC
1006260032,40 HORATIO STREET,40.7385683,-74.0048535,15785.0,C4,4.0,NYC CHRIS HOLDINGS LLC
1006260034,36 HORATIO STREET,40.7385683,-74.00472,8655.0,C4,1.0,MYRON LEO LLC
1006260035,34 HORATIO STREET,40.7385683,-74.0046298,8455.0,C4,1.0,MYRON LEO LLC
1006260040,51 8 AVENUE,40.7386617,-74.0040813,9696.0,D4,1.0,24 HORATIO STREET CORP
1006260041,334 WEST 4 STREET,40.7385656,-74.0040813,14540.0,C7,2.0,45-47-49 EIGHTH AVENUE
1006260043,45 8 AVENUE,40.7384723,-74.0040885,6555.0,C7,1.0,45-47-49 EIGHTH AVENUE
1006260044,41 8 AVENUE,40.7384009,-74.0040776,5803.0,S0,1.0,37 EIGHTH PROPERTY OWNER LLC
1006260045,35 8 AVENUE,40.738357,-74.0041823,3400.0,S1,1.0,"MAGUIRE, KENNETH P"
1006260046,31 8 AVENUE,40.7383241,-74.0042725,4746.0,S3,1.0,HAMLIN REALTY LLC
1006260050,41 JANE STREET,40.7383213,-74.0046261,9190.0,C6,1.0,41 JANE ST OWNERS INC
1006260051,43 JANE STREET,40.7383213,-74.0047236,8965.0,C4,1.0,MICHAEL REALTY LLC
1006260052,47 JANE STREET,40.7383213,-74.004821,9155.0,C4,1.0,47 JANE ST OWNER LLC
1006260053,49 JANE STREET,40.7383213,-74.004922,8727.0,C4,1.0,LEVINSOHN CHARLES
1006260054,51 JANE STREET,40.738324,-74.0050122,7650.0,C6,1.0,51 JANE ST OWNERS COR
1006260055,53 JANE STREET,40.7382856,-74.0050916,2850.0,B1,1.0,53 JANE STREET LLC
1006260056,55 JANE STREET,40.7382664,-74.0051674,2508.0,A4,1.0,SWEET OSCAR LLC
1006270005,831 GREENWICH STREET,40.7391721,-74.0061887,47800.0,O5,1.0,THE GERALD SUSSMAN & MARION SUSSMAN IRR  GRAT TRUST
1006270007,34 GANSEVOORT STREET,40.7391886,-74.0059686,8195.0,K4,1.0,34 GANSEVOORT PARTNERS LLC
1006270009,649 HUDSON STREET,40.7392792,-74.0057088,4888.0,S9,1.0,"CALLEN, ROBINSON TR"
1006270010,647 HUDSON STREET,40.7392188,-74.0056907,4192.0,S3,1.0,"CALLEN, ROBINSON TR"
1006270011,645 HUDSON STREET,40.7391584,-74.0057088,3935.0,S3,1.0,KATZ-AUERBACHER CORP
1006270012,643 HUDSON STREET,40.7390953,-74.005716,3712.0,S3,1.0,KATZ-AUERBACHER CORP
1006270013,641 HUDSON STREET,40.7390239,-74.0058098,13010.0,C7,1.0,641 HUDSON STREET LLC
1006270014,639 1/2 HUDSON STREET,40.738958,-74.005734,3110.0,S2,1.0,639-1/2 HUDSON STREET LLC
1006270018,47 HORATIO STREET,40.7389031,-74.0059469,2480.0,B9,1.0,HOWARD A ELLINS
1006270019,49 HORATIO STREET,40.7389031,-74.0060046,2480.0,B1,1.0,"MORAWETZ, NANCY"
1006270020,51 HORATIO STREET,40.7389031,-74.0060624,2710.0,A4,1.0,"KODAMA, CHIKAKO"
1006270043,320 WEST 13 STREET,40.7390761,-74.0041282,181550.0,O6,1.0,320 WEST 13TH REALTY LLC
1006277502,57 HORATIO STREET,40.7388921,-74.0062608,2972.0,R6,1.0,UNAVAILABLE OWNER
1006277503,59 HORATIO STREET,40.7389004,-74.006333,3396.0,RM,1.0,UNAVAILABLE OWNER
1006290001,675 HUDSON STREET,40.7403716,-74.0054815,29300.0,K4,1.0,BIRLEY PROPCO LLC
1006290038,73 8 AVENUE,40.7395455,-74.0030781,10300.0,S3,1.0,KEEL HOLDING LLC
1006290039,71 8 AVENUE,40.7394824,-74.0031214,9760.0,S5,1.0,"HERITAGE 11, LLC"
1006290040,69 8 AVENUE,40.739422,-74.0031647,10055.0,C6,1.0,67 8 AVE OWNERS INC
1006290041,67 8 AVENUE,40.7393589,-74.0032116,10105.0,C6,1.0,67 8 AVE OWNERS INC
1006290042,65 8 AVENUE,40.739271,-74.0032116,6220.0,C7,1.0,"65 EIGHTH AVENUE,"
1006290043,303 WEST 13 STREET,40.7393424,-74.0033776,2343.0,O2,1.0,STURJO LLC
1006297504,77 8 AVENUE,40.739669,-74.0029879,33668.0,RM,2.0,THE BANK BUILDING CONDOMINIUM
1006300002,651 WASHINGTON STREET,40.732903,-74.0083747,2499.0,A4,1.0,"DUTTON, STEPHEN C"
1006300003,653 WASHINGTON STREET,40.7329524,-74.0083675,3400.0,S2,1.0,"FREDERICK, MARY MARGARET"
1006300004,655 WASHINGTON STREET,40.7330045,-74.0083603,3264.0,S1,1.0,STEPHEN FRIEDMAN
1006300005,657 WASHINGTON STREET,40.7330731,-74.0083675,5268.0,M3,1.0,ARCHDIOCESE OF NEW YORK
1006300006,659 WASHINGTON STREET,40.733139,-74.0082881,7955.0,C4,1.0,CITY LIFE LLC
1006300007,661 WASHINGTON STREET,40.7331994,-74.0082737,10230.0,C4,1.0,661 WASHINGTON PROPERTY OWNER LLC
1006300021,686 GREENWICH STREET,40.7331089,-74.0077433,24365.0,D5,1.0,MO-HAK ASSOCIATES LLC
1006300026,149 CHRISTOPHER STREET,40.7330018,-74.0080644,7757.0,M1,1.0,ARCHDIOCESE OF NEW YORK
1006300029,157 CHRISTOPHER STREET,40.7329194,-74.0082159,3240.0,S2,1.0,"157 CHRISTOPHER STREET, LLC"
1006300038,260 WEST 10 STREET,40.7334987,-74.0070722,9984.0,C6,1.0,260 W 10 ST HOUSING CORP
1006300048,501 HUDSON STREET,40.7331364,-74.0067005,5570.0,K4,1.0,501 HUDSON CO. LLC
1006300050,133 CHRISTOPHER STREET,40.7331309,-74.0068701,4176.0,B2,1.0,KESSLER STEPHEN G
1006300130,681 GREENWICH STREET,40.7330897,-74.0072454,4800.0,C1,1.0,"STAIRWAY APTS, LLC"
1006307501,692 GREENWICH STREET,40.7332406,-74.0076856,8234.0,RM,1.0,NAME NOT ON FILE
1006310013,134 CHARLES STREET,40.7340036,-74.0077975,8914.0,S2,1.0,134 CHARLES LLC
1006310015,132 CHARLES STREET,40.7341189,-74.0076857,1800.0,B1,1.0,DONNA K. MCCORMICK
1006310016,130 CHARLES STREET,40.7341217,-74.0076027,3354.0,A4,1.0,"130 CHARLES STREET, LLC"
1006310017,716 GREENWICH STREET,40.7341546,-74.0074187,8051.0,C7,1.0,128 CHARLES STREET LLC
1006310018,714 GREENWICH STREET,40.7340805,-74.0074547,6155.0,C1,1.0,714 GREENWICH LLC
1006310024,702 GREENWICH STREET,40.7336606,-74.0075593,1703.0,S1,1.0,"702 GREENWICH STREET, LLC"
1006310025,269 WEST 10 STREET,40.7336606,-74.0076892,2832.0,C0,1.0,"ROBERT ELI ANTAR, AS TRUSTEE"
1006310026,271 WEST 10 STREET,40.7337209,-74.0077903,7657.0,A4,1.0,271 WEST 10TH STREET LLC
1006310030,697 GREENWICH STREET,40.7337951,-74.0070109,51200.0,D5,1.0,EPH 259 WEST 10TH STREET LLC
1006310034,705 GREENWICH STREET,40.7340009,-74.0069532,4400.0,S9,1.0,705 GREENWICH PROPER
1006310037,711 GREENWICH STREET,40.7341492,-74.0069135,9599.0,K2,1.0,STEPHAN WEISS STUDISLTD
1006310039,533 HUDSON STREET,40.7343084,-74.0064733,2609.0,S5,1.0,NEVINS REALTY LLC
1006310041,529 HUDSON STREET,40.7341959,-74.0065202,4014.0,K4,1.0,GBR RRJ LIMITED LIABILITY COMPANY
1006310042,527 HUDSON STREET,40.7341382,-74.0065743,8307.0,C6,1.0,DOSHUN OWNERS CORP
1006310046,519 HUDSON STREET,40.7339269,-74.0066176,39285.0,C7,5.0,"HUDSON STREET EQUITIES GROUP, LP"
1006310140,531 HUDSON STREET,40.7342535,-74.0064625,3650.0,S4,1.0,531 HUDSON STREET LIMITED LIABILITY COMP ANY
1006320003,689 WASHINGTON STREET,40.7343494,-74.0082342,1892.0,A4,1.0,"SACKHEIM, CARL"
1006320004,691 WASHINGTON STREET,40.7344016,-74.008162,1892.0,A4,1.0,MARC SHERMAN 2011 TRUST
1006320005,693 WASHINGTON STREET,40.7344565,-74.0081692,1892.0,A4,1.0,HAND  ROBERT E
1006320006,695 WASHINGTON STREET,40.7346184,-74.0081765,14628.0,C6,1.0,PERRY WASHINGTON TENANTS CORP
1006320029,129 CHARLES STREET,40.7344373,-74.0075739,6991.0,A4,1.0,"CHARLES REALTY ASSOCIATES, LLC"
1006320034,139 CHARLES STREET,40.7342918,-74.0080537,2580.0,K1,1.0,WASHINGTON 685 LLC
1006320036,121 CHARLES STREET,40.7344648,-74.0068702,958.0,A9,1.0,SURI BIELER
1006320039,719 GREENWICH STREET,40.7345938,-74.0068269,25746.0,D0,1.0,GREENWICH GREEN COOPERATIVE IN
1006320048,549 HUDSON STREET,40.7349863,-74.0064156,11900.0,C7,1.0,PERRY 112-114 LLC
1006320052,541 HUDSON STREET,40.734775,-74.006412,3116.0,S2,1.0,WEST VILLAGE HUDSON STREET LLC
1006320055,535 HUDSON STREET,40.734624,-74.0064084,20273.0,C7,1.0,535 HUDSON REALTY LLC
1006320056,115 CHARLES STREET,40.7345938,-74.0065527,9515.0,C6,1.0,115 CHARLES ST RLTY INC
1006320057,117 CHARLES STREET,40.734528,-74.0066321,5700.0,C4,1.0,431 HOLDING CORP
1006320149,547 HUDSON STREET,40.734926,-74.0064156,4328.0,S3,1.0,547 HUDSON LLC
1006320151,543 HUDSON STREET,40.7348272,-74.0064084,3344.0,S1,1.0,HOPE AUGUSTINE
1006327501,545 HUDSON STREET,40.7348766,-74.0064156,3955.0,R6,1.0,UNAVAILABLE OWNER
1006327502,140 PERRY STREET,40.7346624,-74.0079275,28569.0,R1,1.0,UNAVAILABLE OWNER
1006327503,132 PERRY STREET,40.7347008,-74.0076641,41875.0,RM,2.0,UNAVAILABLE OWNER
1006330008,338 WEST 11 STREET,40.7353678,-74.0078626,18965.0,C4,2.0,336-338 WEST 11TH STREET OWNER LLC
1006330015,322 WEST 11 STREET,40.7355078,-74.00726,15960.0,C7,1.0,"322 WEST 11TH STREET, LLC"
1006330017,320 WEST 11 STREET,40.7355188,-74.007141,2535.0,B9,1.0,SHIRLEY A. WRIGHT REVOCABLE TRUST
1006330018,318 WEST 11 STREET,40.7355188,-74.0070616,2320.0,B1,1.0,"STROLIGO, CHRIS M"
1006330019,316 WEST 11 STREET,40.7355764,-74.0069858,4020.0,C5,1.0,AI R NEW YORK LLC
1006330024,738 GREENWICH STREET,40.7351647,-74.0072528,39628.0,G1,1.0,125 OWNERS LLC
1006330027,129 PERRY STREET,40.7351345,-74.0074873,11622.0,C7,1.0,129 PERRY STREET LLC
1006330030,135 PERRY STREET,40.7351015,-74.0077471,9600.0,C6,1.0,135 PERRY OWNERS CORP
1006330031,137 PERRY STREET,40.7350906,-74.0078373,3596.0,G8,1.0,CUKER ENTERPRISES INC
1006330032,139 PERRY STREET,40.7350768,-74.0079203,1972.0,G1,1.0,139 PERRY STREET LLC
1006330033,141 PERRY STREET,40.7350411,-74.0079853,3040.0,B1,1.0,"HITZ, ELIZABETH BARBARA"
1006330034,143 PERRY STREET,40.734978,-74.008043,2839.0,S3,1.0,143 PERRY CORP
1006330038,733 GREENWICH STREET,40.7351647,-74.0067188,17470.0,C7,1.0,"117 PERRY STREET PROPERTY, LLC"
1006330040,737 GREENWICH STREET,40.7352526,-74.0066899,1330.0,C3,1.0,"CHARLTON, AMANDA"
1006330041,739 GREENWICH STREET,40.7352992,-74.0066574,1412.0,C3,1.0,"LEROY, YANN"
1006330042,741 GREENWICH STREET,40.7353541,-74.0066214,2160.0,B9,1.0,GREENWICH STREET IRREVOCABLE TRUST DATED  3-15-2011
1006330043,743 GREENWICH STREET,40.7354063,-74.0066177,1707.0,G2,1.0,"EHA ENTERPRISES, LLC"
1006330044,745 GREENWICH STREET,40.7354639,-74.0066502,1836.0,B1,1.0,BARBARA COHN SCHLACHET REVOCABLE TRUST
1006330045,747 GREENWICH STREET,40.7354941,-74.0066069,1680.0,C3,1.0,"PLOTKIN, ROBERT I"
1006330047,312 WEST 11 STREET,40.7355929,-74.0065853,3040.0,A4,1.0,OUR TOWNHOUSE LLC
1006330048,310 WEST 11 STREET,40.7355902,-74.0065131,2520.0,A4,1.0,310W11 LLC
1006330049,308 WEST 11 STREET,40.7355902,-74.006441,3600.0,A4,1.0,TERRANO ANTHONY E
1006330050,306 WEST 11 STREET,40.7355792,-74.0063544,4275.0,M9,1.0,KHANIQAHI NIMATULLAHI NY
1006330055,557 HUDSON STREET,40.7354228,-74.0063255,5248.0,S3,2.0,557 HUDSON STREET LLC
1006330056,555 HUDSON STREET,40.7353569,-74.006311,1920.0,S2,1.0,"555 HUDSON STREET, LLC"
1006330060,113 PERRY STREET,40.7352279,-74.006477,15660.0,C4,1.0,"115 PERRY STREET, LLC"
1006340004,727 WASHINGTON STREET,40.7359579,-74.0080684,10935.0,A4,1.0,727 WASHINGTON NYC LLC
1006340009,132 BANK STREET,40.7360951,-74.0079818,2448.0,A4,1.0,"SHIPMAN, SUSANNAH G"
1006340010,130 BANK STREET,40.7360512,-74.0078988,1836.0,B3,1.0,BEARS130 LLC
1006340011,128 BANK STREET,40.7360622,-74.0078338,1836.0,B3,1.0,"GAGNON, JOSEPH RAYMOND"
1006340012,126 BANK STREET,40.7360704,-74.0077725,1836.0,A4,1.0,"GORDON, SARAH A"
1006340014,122 BANK STREET,40.7360924,-74.0076173,3610.0,O2,1.0,H.B.PLAYWRIGHTS FDTSINC
1006340015,120 BANK STREET,40.7361034,-74.0075307,6440.0,W9,1.0,"HERBERT BERGHOF STUDIO, INC."
1006340033,317 WEST 11TH STREET,40.7358701,-74.0071554,6837.0,C1,2.0,PGGL LLC
1006340035,321 WEST 11 STREET,40.7358674,-74.0072817,10400.0,C7,1.0,321 W 11 ST. LLC
1006340036,323 WEST 11 STREET,40.7358372,-74.007491,31206.0,C6,3.0,323-325-327 WEST 11TH STREET OWNERSCORP.
1006340040,331 WEST 11 STREET,40.7358124,-74.0076787,3939.0,C3,1.0,B K VADEHRA
1006340041,333 WEST 11 STREET,40.7358015,-74.0077508,4905.0,C1,1.0,"VIDEO STORYBOARD TESTS, INC."
1006340042,335 WEST 11 STREET,40.7357905,-74.0078302,4004.0,A5,1.0,335 11TH STREET LLC
1006340047,337 WEST 11 STREET,40.7357136,-74.0080611,53500.0,D5,1.0,RKS 341 WEST 11TH LLC
1006340048,311 WEST 11 STREET,40.7358427,-74.006607,2718.0,A4,1.0,"11TH AND GREENWICH, LLC"
1006340049,755 GREENWICH STREET,40.7359113,-74.0065204,6000.0,S1,2.0,"755 GREENWICH, LLC"
1006340052,761 GREENWICH STREET,40.7360486,-74.0064879,2646.0,B9,1.0,761 GREENWICH STREET LLC
1006340053,763 GREENWICH STREET,40.7361089,-74.0064735,4218.0,A4,1.0,MANGO TANGO LLC
1006340056,769 GREENWICH STREET,40.7363148,-74.0065132,2001.0,A4,1.0,"ANSCHLOWAR, JEFFREY R"
1006340057,96 BANK STREET,40.7363203,-74.0064446,2736.0,B9,1.0,"HOUSE NUMBER 96, LLC"
1006340058,94 BANK STREET,40.7363203,-74.0063797,2896.0,B1,1.0,O'BRIEN BNK ST LLC
1006340059,92 BANK STREET,40.7363368,-74.0063256,2356.0,B9,1.0,STARCIRCLE LLC
1006340060,581 HUDSON STREET,40.7363615,-74.0061668,16700.0,D8,1.0,"581 HUDSON STREET, LLC"
1006340062,579 HUDSON STREET,40.7362462,-74.0061848,5558.0,C7,1.0,579 HUDSON STREET LLC
1006340065,571 HUDSON STREET,40.7360156,-74.0062245,22671.0,D0,1.0,571 HUDSON ST APT CORP
1006340067,569 HUDSON STREET,40.7359113,-74.0062461,8902.0,C7,1.0,569 HUDSON 5 LLC
1006347501,765 GREENWICH STREET,40.7361666,-74.0064591,3328.0,R1,1.0,UNAVAILABLE OWNER
1006350002,735 WASHINGTON STREET,40.7363669,-74.0080756,2400.0,B9,1.0,"MCCULLAGH GRACE, CHARLOTTE"
1006350003,737 WASHINGTON STREET,40.7364245,-74.0080432,3112.0,B3,1.0,"MERRIMAN, DWIGHT A."
1006350004,739 WASHINGTON STREET,40.7364794,-74.0080504,2400.0,C0,1.0,BFT WASHINGTON LLC
1006350005,745 WASHINGTON STREET,40.7365892,-74.0080215,5850.0,A4,1.0,WHITNEY MUSEUM OF AMERICAN ART
1006350008,747 WASHINGTON STREET,40.7367017,-74.0079746,2052.0,G1,1.0,WHAAM-NOMAD LLC
1006350009,749 WASHINGTON STREET,40.7367594,-74.0080432,3120.0,C0,1.0,"SCHOONOVER, KATHERINE W"
1006350012,41 BETHUNE STREET,40.7368143,-74.0079025,2400.0,B9,1.0,"SCHIFFER, ROBERT"
1006350018,31 BETHUNE STREET,40.7367759,-74.0075128,7993.0,C4,1.0,31 BETHUNE STREET LLC
1006350019,29 BETHUNE STREET,40.7367786,-74.0074298,3520.0,C0,1.0,BREZY INVESTMENT CORP
1006350020,27 BETHUNE STREET,40.7367841,-74.0073504,3520.0,C0,1.0,27 BETHUNE LLC
1006350021,25 BETHUNE STREET,40.7367896,-74.007271,3520.0,B3,1.0,"WOODS, EDWARD"
1006350024,19 BETHUNE STREET,40.7367896,-74.0070329,3700.0,A4,1.0,BETHUNE STREET LLC
1006350026,772 GREENWICH STREET,40.7366936,-74.0068272,70350.0,D1,1.0,"780 GREENWICH OWNER, LLC"
1006350035,109 BANK STREET,40.7365508,-74.0071808,3440.0,A4,1.0,109 WEST SIDE LLC
1006350036,111 BANK STREET,40.7365426,-74.0072566,3960.0,C5,1.0,TEN BEARS HOLDINGS LLC
1006350037,113 BANK STREET,40.7365261,-74.0073756,10832.0,A7,1.0,"113-115 BANK STREET, LLC"
1006350039,117 BANK STREET,40.7365151,-74.0075019,9620.0,C4,1.0,117 LIMITED PARTNERSHIP
1006350040,119 BANK STREET,40.7365178,-74.0075957,9505.0,C4,1.0,117 LIMITED PARTNERSHIP
1006350041,121 BANK STREET,40.7364959,-74.0076643,6400.0,C4,1.0,117 LIMITED PARTNERSHIP
1006350042,123 BANK STREET,40.7364931,-74.0077906,37064.0,D5,1.0,ELK 123 BONCK LLC
1006350046,129 BANK STREET,40.7363531,-74.0079205,1240.0,B1,1.0,"GRIMES, JOHN M."
1006357501,33 BETHUNE STREET,40.7367896,-74.0076679,30113.0,R4,1.0,PICKWICK HOUSE INC
1006357502,131 BANK STREET,40.736312,-74.0080865,4840.0,RM,1.0,UNAVAILABLE OWNER
1006357503,751 WASHINGTON STREET,40.7368143,-74.0080432,3040.0,R6,1.0,UNAVAILABLE OWNER
1006360005,392 WEST STREET,40.7329138,-74.0099732,1720.0,S1,1.0,L. BOURGEOIS LLC
1006360007,394 WEST STREET,40.7330318,-74.0099587,4887.0,S4,1.0,CHAD 394 WEST STREET LLC
1006360013,1 WEEHAWKEN STREET,40.7331362,-74.0096232,5610.0,C6,1.0,304 WEST 10 STREET OWNERS CORP
1006360041,396 WEST STREET,40.7333228,-74.0098433,10514.0,H4,1.0,CHAD 396 WEST STREET LLC
1006367502,3 WEEHAWKEN STREET,40.7330456,-74.009616,9048.0,R4,2.0,THE 3-5 WEEHAWKEN CONDOMINUM
1006370063,354 WEST 11 STREET,40.735225,-74.0088477,3840.0,C0,1.0,FV STREETS OF NEW YORK LLC
1006400034,755 WASHINGTON STREET,40.7371628,-74.0079711,16076.0,K2,1.0,755 WASHINGTON STREET LLC
1006400039,765 WASHINGTON STREET,40.7373961,-74.0079603,4465.0,S5,1.0,"VIDEO STORYBOARD TEST, INC."
1006400040,767 WASHINGTON STREET,40.7374483,-74.0079675,3714.0,S1,1.0,366 WEST 12TH STREET LLC
1006400044,354 WEST 12 STREET,40.7373632,-74.0075309,23720.0,C6,3.0,350-52-54 WEST 12TH OWNERS CORP
1006400047,344 WEST 12 STREET,40.7373633,-74.0072711,22530.0,D4,1.0,344 WEST 12TH STREET OWNERS CORP
1006400051,338 WEST 12 STREET,40.7373605,-74.0070113,2985.0,C5,1.0,"OSPREY POINT INVESTMENTS XVIII, LLC"
1006400053,334 WEST 12 STREET,40.7374127,-74.0068417,2820.0,A4,1.0,"334W12, LLC"
1006400054,332 WEST 12 STREET,40.7374127,-74.0067695,2560.0,B1,1.0,MATTESON  GEORGE A
1006400055,330 WEST 12 STREET,40.7374127,-74.0066973,2560.0,A4,1.0,PHILIP LAFFEY
1006400056,328 WEST 12 STREET,40.7374127,-74.0066179,5090.0,C4,1.0,328 MANAGEMENT INC
1006400064,20 BETHUNE STREET,40.7371355,-74.0070437,12290.0,C6,1.0,20 BETHUNE OWNERS CORP
1006400067,26 BETHUNE STREET,40.7371382,-74.0072025,2181.0,C2,1.0,"26 BETHUNE STREET, LLC"
1006400068,28 BETHUNE STREET,40.7371382,-74.0072711,3360.0,C0,1.0,NEW YORK UNIVERSITYSCHOOL OF LAW FOUNDAT ION
1006400069,30 BETHUNE STREET,40.7371382,-74.007336,2448.0,B3,1.0,CERNIGLIA ADRIENNE
1006400070,32 BETHUNE STREET,40.7371382,-74.0073973,2448.0,A9,1.0,EMILY BRONKESH-BUCHBINDER AS TRUSTEE
1006400073,38 BETHUNE STREET,40.7371382,-74.0076247,5280.0,A5,1.0,38 BETHUNE STREET LLC
1006410042,86 JANE STREET,40.7379698,-74.0074407,3193.0,A4,1.0,JANE 86 LLC
1006410043,84 JANE STREET,40.7379698,-74.0073541,4288.0,A4,1.0,THE GARCHA-BEDI 2000 TRUST
1006410044,82 JANE STREET,40.7379671,-74.0072314,14680.0,C4,2.0,UNAVAILABLE OWNER
1006410046,80 JANE STREET,40.7379671,-74.007134,2520.0,B9,1.0,"GRANN, GEORGIA ADAMS"
1006410047,78 JANE STREET,40.7379671,-74.0070835,2340.0,A4,1.0,KATHARINE EMMA MCCAGG
1006410048,76 JANE STREET,40.7379671,-74.0070294,2340.0,A4,1.0,"DAHLBERG, ROBIN L"
1006410049,74 JANE STREET,40.7379671,-74.0069825,2768.0,A5,1.0,"PENNEY, DAVID JEFFREY"
1006410050,72 JANE STREET,40.7379671,-74.0069319,2520.0,B1,1.0,"GABEL, FREDERICK D JR"
1006410051,70 JANE STREET,40.7379616,-74.0068778,2832.0,A4,1.0,GO FOR YOUR LIFE NYC LLC
1006410052,812 GREENWICH STREET,40.7380001,-74.0067082,30345.0,D0,1.0,JANE STREET TENANTS CORP
1006410058,802 GREENWICH STREET,40.737775,-74.006701,11889.0,S1,1.0,"JEFFREY A. LEVITT, AS TRUSTEE"
1006410059,337 WEST 12 STREET,40.7377146,-74.0068453,2448.0,B3,1.0,337 WEST 12TH TRUST
1006410060,339 WEST 12 STREET,40.7377366,-74.0069067,2592.0,B1,1.0,"WESTERN CLINE NY, LLC"
1006410061,341 WEST 12 STREET,40.7377366,-74.0069716,2996.0,B1,1.0,12TH STREET COBBLESTONE LLC
1006410065,349 WEST 12 STREET,40.7377393,-74.0073613,13938.0,O8,1.0,WILLIAM GOTTLIEB
1006410075,361 WEST 12 STREET,40.737753,-74.0078629,21170.0,K4,1.0,775 WASHINGTON OPCO LLC
1006420012,108 HORATIO STREET,40.7385763,-74.0089853,26250.0,D1,1.0,110-114 HORATIO II L.L.C.
1006420038,783 WASHINGTON STREET,40.738236,-74.0079387,2100.0,A5,1.0,SEAN MACPHERSON
1006420039,785 WASHINGTON STREET,40.7383101,-74.0079351,2870.0,A9,1.0,ANDREA ROSEN
1006420045,88 HORATIO STREET,40.7385737,-74.0076321,8125.0,C6,1.0,82 HORATIO OWNERS LTD.
1006420046,86 HORATIO STREET,40.7385737,-74.0075455,8125.0,C6,1.0,82 HORATION OWNERS LTD
1006420049,80 HORATIO STREET,40.7385764,-74.0073001,6133.0,C4,1.0,JANE ST GARDEN LLC
1006420052,72 HORATIO STREET,40.7385737,-74.0069861,16600.0,D0,1.0,72 HORATIO ST OWNERS CORP
1006420056,828 GREENWICH STREET,40.7385984,-74.0066866,3582.0,C0,1.0,"TGOE PROPERTIES, LLC"
1006420057,822 GREENWICH STREET,40.7384996,-74.0067444,19032.0,D0,1.0,GREENWICH CORP
1006420062,820 GREENWICH STREET,40.7382938,-74.0067299,22898.0,O5,1.0,"69 JANE STREET COMPANY, LLC"
1006420063,71 JANE STREET,40.7383239,-74.006932,3360.0,B1,1.0,"LOUPIS, KYRIACOS"
1006420064,73 JANE STREET,40.7383239,-74.0070041,3780.0,C0,1.0,"BRANT, SANDRA J."
1006420065,75 JANE STREET,40.7383239,-74.007116,7918.0,A4,1.0,77 JANE LLC
1006420069,83 JANE STREET,40.7383239,-74.0073867,4648.0,C0,1.0,"83 JANE STREET, LLC"
1006420070,85 JANE STREET,40.7383102,-74.0076068,12179.0,A7,2.0,85 JANE REALTY LLC
1006430054,842 GREENWICH STREET,40.739205,-74.0067047,11762.0,K2,1.0,"46-50 GANSEVOORT STREET, LLC"
1006430057,838 GREENWICH STREET,40.7390486,-74.0067119,18969.0,D0,1.0,838 GREENWICH ST CORP
1006430062,65 HORATIO STREET,40.7388592,-74.0068346,2296.0,B3,1.0,65 HORATIO LLC
1006430063,67 HORATIO STREET,40.7389388,-74.0069393,4600.0,A4,1.0,"AMAMPURI PROPERTIES, INC."
1006430064,69 HORATIO STREET,40.7389388,-74.0070223,4432.0,C3,1.0,AMAMPURI REALTY LLC
1006430065,71 HORATIO STREET,40.7389388,-74.0071016,4224.0,C0,1.0,"MERYMAN, ELIZABETH"
1006430066,73 HORATIO STREET,40.7389387,-74.0071846,4257.0,W8,1.0,WEST VILLAGE NURSERY
1006430069,79 HORATIO STREET,40.7389387,-74.0074372,6010.0,A4,1.0,PALMSAW LLC
1006430070,81 HORATIO STREET,40.738936,-74.0075202,6000.0,B1,1.0,HORATIO ST. LLC
1006430071,83 HORATIO STREET,40.738936,-74.0076032,3312.0,B9,1.0,RT HORATIO PROPERTY LLC
1006440030,817 WASHINGTON STREET,40.7395947,-74.0077657,19406.0,K4,1.0,817-33 WASHINGTON STREET LLC
1006440033,823 WASHINGTON STREET,40.7397319,-74.0077405,2633.0,K2,1.0,817-33 WASHINGTON STREET LLC
1006440036,829 WASHINGTON STREET,40.7398856,-74.0078126,1678.0,K2,1.0,817-33 WASHINGTON STREET LLC
1006440037,831 WASHINGTON STREET,40.7399488,-74.007791,2397.0,K2,1.0,817-33 WASHINGTON STREET LLC
1006440038,833 WASHINGTON STREET,40.7400586,-74.0077694,6984.0,K2,1.0,817-33 WASHINGTON STREET LLC
1006440040,36 LITTLE WEST 12 ST,40.7399515,-74.0076467,2197.0,K2,1.0,817-33 WASHINGTON STREET LLC
1006440048,14 LITTLE WEST 12 ST,40.7397238,-74.0070873,2970.0,K1,1.0,"LITTLE WEST 12TH STREET REALTY, L.P."
1006440054,7 9 AVENUE,40.7396359,-74.0066579,3660.0,K4,1.0,"LITTLE WEST 12TH STREET REALTY, L.P."
1006440055,5 9 AVENUE,40.7395865,-74.0066939,2280.0,B9,1.0,"LITTLE WEST 12TH STREET REALTY, L.P."
1006440063,67 GANSEVOORT STREET,40.7395975,-74.0074698,5317.0,O5,1.0,NUEVA MAISON LLC
1006440064,69 GANSEVOORT STREET,40.7395975,-74.00756,3007.0,K2,1.0,RECORD STORE LIFE MANAGEMENT LLC
1006450029,416 WEST 13 STREET,40.7403413,-74.0071668,144000.0,O5,1.0,"GREENWAY MEWS RELATY,"
1006450038,406 WEST 13 STREET,40.7403167,-74.00651,2364.0,K2,1.0,CA 406 WEST 13TH STREET LLC
1006450049,19 9 AVENUE,40.7399928,-74.0065244,58659.0,K4,1.0,9TH AVENUE DELAWARE OWNER LLC
1006450062,835 WASHINGTON STREET,40.7404291,-74.0076575,7743.0,K2,1.0,"835 WASHINGTON STREET, LLC"
1006460014,446 WEST 14 STREET,40.7415737,-74.0075963,15416.0,O9,1.0,MEAT PACK 14 REALTY LLC
1006460027,428 WEST 14 STREET,40.7411812,-74.0070586,53658.0,O5,1.0,875 WASHINGTON STREET OWNER LLC
1006460029,426 WEST 14 STREET,40.7412553,-74.0068457,15486.0,O5,1.0,BEN'OUS REALTY INC
1006460037,410 WEST 14 STREET,40.7409891,-74.0062141,6221.0,C4,1.0,AMCOJOR REALTY CORP
1006460038,408 WEST 14 STREET,40.7409041,-74.0060156,37400.0,O5,1.0,404 WEST LLC
1006460043,400 WEST 14 STREET,40.7408025,-74.0057775,24000.0,O5,1.0,SAAB ASSOCIATES
1006460049,405 WEST 13 STREET,40.7407092,-74.0063296,39751.0,O5,1.0,JARMCO HOLDING CORP
1006460056,419 WEST 13 STREET,40.740904,-74.0067951,15390.0,O5,1.0,MAILLOFF INC
1006460057,421 WEST 13 STREET,40.7409726,-74.0069539,44082.0,O5,1.0,"M. MEILMAN REALTY AND CONSULTING,"
1006467501,415 WEST 13 STREET,40.740893,-74.0065064,80330.0,RC,1.0,UNAVAILABLE OWNER
1006467503,29 9 AVENUE,40.7405912,-74.0060517,73409.0,RC,1.0,UNAVAILABLE OWNER
1006970005,553 WEST 25 STREET,40.7501072,-74.0053524,40926.0,O5,1.0,MFP 555 W 25 STREET LP
1006970013,521 WEST 25 STREET,40.7497258,-74.0044429,81065.0,K9,3.0,PRIME STORAGE EMPIRE CAPITAL TWENTY-FIFT H STREET W
1006970027,507 WEST 25 STREET,40.7495144,-74.0035622,6350.0,G1,1.0,WEST CHELSEA BUILDING LLC
1006977501,543 WEST 25 STREET,40.7499343,-74.0049409,73489.0,RK,1.0,UNAVAILABLE OWNER
1006980044,510 WEST 27 STREET,40.7503379,-74.0032194,40000.0,E1,1.0,CF 510 WEST 27TH ASSOCIATES LLC
1006980057,542 WEST 27 STREET,40.7507249,-74.0041398,49242.0,J5,1.0,27TH STREET PROPERTY OWNER LLC
1006980061,544 WEST 27 STREET,40.7508319,-74.0043707,29922.0,O5,1.0,"MUSHLAM, INC."
1007120011,439 WEST 14 STREET,40.7420568,-74.0068746,46330.0,J6,1.0,"CECO STUDIOS,"
1007120014,421 WEST 14 STREET,40.7417604,-74.0065931,53685.0,O5,2.0,413 WEST 14 ASSOCS
1007120021,413 WEST 14 STREET,40.7415957,-74.0061998,38468.0,O5,1.0,413 WEST 14 ASSOCS
1007120024,409 WEST 14 STREET,40.7415079,-74.0059904,18489.0,O5,1.0,405 WEST 14TH STREET LLC
1007120026,407 WEST 14 STREET,40.7414777,-74.0058605,12969.0,O5,1.0,405 WEST 14TH STREET LLC
1007120027,405 WEST 14 STREET,40.7414448,-74.0057811,8590.0,K4,1.0,405 WEST 14TH STREET LLC
1007170039,159 9 AVENUE,40.7444586,-74.0032191,6032.0,S3,1.0,NENZI RLTY CP
1007170042,165 9 AVENUE,40.7445574,-74.0030964,4915.0,S4,1.0,"165 NINTH AVENUE, LLC"
1007170045,402 WEST 20 STREET,40.7446425,-74.003248,6545.0,C2,1.0,"DONAC, LLC"
1007170046,404 WEST 20 STREET,40.744637,-74.0033562,4562.0,B3,1.0,404 W 20 LLC
1007170047,406 WEST 20 STREET,40.7446727,-74.0034212,3696.0,C0,1.0,"GUERRERO, ALLEGRA A"
1007170048,408 WEST 20 STREET,40.7447001,-74.0034862,4410.0,C0,1.0,"KORNHAUSER, LAURA"
1007170050,412 WEST 20 STREET,40.744755,-74.0036197,4730.0,C3,1.0,412 W20 OWNERS LLC
1007170051,414 WEST 20 STREET,40.7447852,-74.0036919,4730.0,C2,1.0,ISOLINO FERNANDEZ
1007170052,416 WEST 20 STREET,40.7448154,-74.0037641,4730.0,C2,1.0,"416W20ST, LLC"
1007170053,418 WEST 20 STREET,40.7448429,-74.003829,5230.0,C2,1.0,418 WEST 20TH STREET LLC
1007170061,434 WEST 20 STREET,40.7450954,-74.0044606,11125.0,C6,1.0,434 OWNERS CORP
1007170062,436 WEST 20 STREET,40.7451393,-74.0045328,5247.0,C1,1.0,"CHELSEA SQUARE, LLC"
1007170063,438 WEST 20 STREET,40.7451832,-74.0045905,4151.0,A4,1.0,438 WEST 20 STREET LLC
1007170064,440 WEST 20 STREET,40.7452024,-74.004641,3971.0,B1,1.0,"MACMURRAY, HAZEL"
1007170065,442 WEST 20 STREET,40.7452244,-74.0046916,3119.0,C0,1.0,BEVILACQUA ELIZABETH
1007170067,446 WEST 20 STREET,40.745282,-74.0048251,3392.0,B9,1.0,"PHILLIPS, C. WILLIAM"
1007170068,448 WEST 20 STREET,40.7453039,-74.0048756,3920.0,C2,1.0,448 WEST 20TH LLC
1007170069,450 WEST 20 STREET,40.7453259,-74.0049298,4330.0,C6,1.0,450 WEST 20TH STREET CORP
1007170070,452 WEST 20 STREET,40.7453479,-74.0049839,3920.0,C6,1.0,452 WEST 20TH STREET CCPERATIVE CORP
1007170071,454 WEST 20 STREET,40.7453698,-74.0050344,3506.0,C6,1.0,"STARKEY, KEITH"
1007170072,456 WEST 20 STREET,40.7453918,-74.005085,3392.0,C0,1.0,"DE ROUSSY DE SALES, ELISABETH"
1007170073,458 WEST 20 STREET,40.7454192,-74.0051535,6680.0,D4,1.0,458 WEST 20TH STREET OWNERS INC
1007177502,428 WEST 20 STREET,40.7450213,-74.0042007,6400.0,R1,1.0,UNAVAILABLE OWNER
1007177503,410 WEST 20 STREET,40.7447276,-74.0035511,4420.0,R6,1.0,UNAVAILABLE OWNER
1007177504,420 WEST 20 STREET,40.744917,-74.0040167,36424.0,RM,3.0,UNAVAILABLE OWNER
1007180097,421 WEST 20 STREET,40.7452189,-74.0036378,5390.0,W7,1.0,"4 CHELSEA SQUARE, LLC"
1007180098,419 WEST 20 STREET,40.7451613,-74.0035403,5264.0,W7,1.0,"3 CHELSEA SQUARE NORTH, LLC"
1007180099,417 WEST 20 STREET,40.7451256,-74.0034248,7388.0,W7,1.0,417 W 20TH STREET LLC
1007190001,473 WEST 21 STREET,40.7464567,-74.0048252,2960.0,A4,1.0,ROBERT BAILIN 2023 REVOCABLE TRUST
1007190002,471 WEST 21 STREET,40.7464869,-74.0047169,3546.0,B9,1.0,ADAM H SEESSEL
1007190003,469 WEST 21 STREET,40.7464595,-74.004652,2785.0,A5,1.0,"CHENZHOU FAMILY,  LLC"
1007190004,467 WEST 21 STREET,40.7464348,-74.004587,2795.0,A5,1.0,ANNE E DELANEY
1007190005,465 WEST 21 STREET,40.7464101,-74.0045293,2440.0,B9,1.0,"29 CHELSEA SQUARE NORTH, L.P."
1007190006,463 WEST 21 STREET,40.7463799,-74.0044571,6150.0,C6,1.0,463 WEST 21ST INC
1007190007,461 WEST 21 STREET,40.7463497,-74.0043885,4430.0,C3,1.0,JACKALOPE EAST LLC
1007190008,459 WEST 21 STREET,40.7463278,-74.0043344,5630.0,A9,1.0,"BORTHWICK, JOHN K.L."
1007190009,457 WEST 21 STREET,40.7463031,-74.0042766,4515.0,C1,1.0,THE GEORGE C. CABELL
1007190010,455 WEST 21 STREET,40.7462756,-74.0042117,4660.0,C3,1.0,"HOWELL, CAROL ANN PALLANGE"
1007190011,453 WEST 21 STREET,40.7462454,-74.0041359,4851.0,C2,1.0,453W.21ST LLC
1007190012,451 WEST 21 STREET,40.7462152,-74.0040709,4416.0,A4,1.0,"BURNHAM, JONATHAN"
1007190013,449 WEST 21 STREET,40.746196,-74.0040204,5181.0,A4,1.0,EMILY FORRESTER BAKER TOBIN AS TRUSTEE
1007190014,447 WEST 21 STREET,40.7461713,-74.0039662,3328.0,A9,1.0,"MURRIN, P. JOHN"
1007190015,445 WEST 21 STREET,40.7461439,-74.0039013,9375.0,C1,1.0,FOGLIA INC
1007190016,443 WEST 21 STREET,40.7461164,-74.0038327,3971.0,A4,1.0,MACK JOSHUA L
1007190017,441 WEST 21 STREET,40.7461164,-74.0037064,9200.0,C0,1.0,"MORGAN , ELIZABETH GRISWOLD"
1007190019,439 WEST 21 STREET,40.7460368,-74.0037028,3600.0,C1,1.0,HIGH LINE 21 CORPORATION
1007190025,427 WEST 21 STREET,40.7459216,-74.0033527,5330.0,C6,1.0,427 W21 ST CP
1007190026,425 WEST 21 STREET,40.7458914,-74.0032805,6270.0,C2,1.0,GEORGE FARES
1007190029,421 WEST 21 STREET,40.7458337,-74.0031398,26800.0,D1,1.0,PANDL LLC
1007190030,417 WEST 21 STREET,40.7457761,-74.0030026,4215.0,C0,1.0,"BISBEE, SAMUEL M"
1007190031,415 WEST 21 STREET,40.7457487,-74.0029377,4224.0,A5,1.0,THE JENNIFER RUDOLPH WALSH REVOCABLE TRU ST
1007190032,413 WEST 21 STREET,40.7457185,-74.0028691,4354.0,A4,1.0,MARYAM BANIKARIM
1007190033,411 WEST 21 STREET,40.7456718,-74.0028077,6160.0,C6,1.0,CHELSEA SQUARE NORTH INC
1007190034,409 WEST 21 STREET,40.7456416,-74.0027392,5676.0,C6,1.0,CHELSEA SQUARE NORTH INC
1007190035,407 WEST 21 STREET,40.7456142,-74.0026706,5900.0,A4,1.0,"MASON, LUBICA"
1007190036,405 WEST 21 STREET,40.745584,-74.002602,6072.0,C6,1.0,CHELSEA GARDENS APT. CORP.
1007190037,403 WEST 21 STREET,40.7455373,-74.0025371,8280.0,C6,1.0,UNAVAILABLE OWNER
1007190041,189 9 AVENUE,40.745562,-74.0023422,1636.0,K2,1.0,LANGER 189 LLC
1007190042,191 9 AVENUE,40.7456553,-74.0023747,5832.0,S4,1.0,"ZIMMERMAN, TTEE, TERRI LEIGH"
1007190043,193 9 AVENUE,40.7456718,-74.0022808,5670.0,N4,1.0,LORISUE REALTY CO.
1007190044,400 WEST 22 STREET,40.7457459,-74.0021004,4045.0,S5,1.0,400 WEST 22ND STREET
1007190045,402 WEST 22 STREET,40.7457651,-74.0021509,4788.0,C5,1.0,402W22 OWNER LLC
1007190046,404 WEST 22 STREET,40.7457844,-74.0021942,3920.0,C2,1.0,404 WEST 22 LLC
1007190047,406 WEST 22 STREET,40.7458036,-74.0022411,3990.0,C5,1.0,LEONI REALTY LLC
1007190048,408 WEST 22 STREET,40.7458228,-74.0022845,3990.0,S5,1.0,KATIE D WONG
1007190058,426 WEST 22 STREET,40.7460176,-74.0028258,3440.0,C0,1.0,CONDOR 426 W 22ST NYC LLC
1007190059,428 WEST 22 STREET,40.7460423,-74.0028908,3230.0,B9,1.0,"EKER, JESSICA"
1007190060,430 WEST 22 STREET,40.7460698,-74.0029521,3530.0,B1,1.0,PADUKONE MAITREYA
1007190061,432 WEST 22 STREET,40.7460945,-74.0030135,1850.0,C0,1.0,THE WEINBERG 2011 TRUST
1007190065,440 WEST 22 STREET,40.7461878,-74.0032517,6576.0,C2,1.0,"MINICK, MICHAEL"
1007190066,442 WEST 22 STREET,40.7462207,-74.0033311,5300.0,C5,1.0,NIHAL MEHTA REVOCABLE TRUST
1007190067,444 WEST 22 STREET,40.7462537,-74.0034105,4740.0,C0,1.0,"444 W 22ND STREET, LLC"
1007190068,446 WEST 22 STREET,40.7463141,-74.0034502,3580.0,B2,1.0,"EVIATAR, JOSEPH DR."
1007190069,448 WEST 22 STREET,40.7463333,-74.0034971,3120.0,B2,1.0,"VENCE, DAVID"
1007190070,450 WEST 22 STREET,40.746325,-74.0035765,3200.0,B9,1.0,"DOWNES, JOANNE"
1007190071,452 WEST 22 STREET,40.7463497,-74.0036378,8820.0,C5,1.0,CHELSEA EQUITIES LLC
1007190072,454 WEST 22 STREET,40.7463827,-74.0037172,9480.0,C4,1.0,"GW 454 WEST 22ND STREET, LLC"
1007190073,456 WEST 22 STREET,40.7464184,-74.0038002,5000.0,C5,1.0,"GW 456 WEST 22ND STREET, LLC"
1007190074,458 WEST 22 STREET,40.7464513,-74.0038796,5670.0,C2,1.0,FINN G  ISDAHL
1007190075,460 WEST 22 STREET,40.746476,-74.0039374,4019.0,A4,1.0,DRGB Y ASOCIADOS LLC
1007190101,188 10 AVENUE,40.7465775,-74.0047386,2640.0,S1,1.0,188 TENTH AVENUE ASSOCIATES LLC
1007200001,493 WEST 22 STREET,40.7471429,-74.0043344,2147.0,K2,2.0,EMPIRE DINER OF NYC LLC
1007200002,491 WEST 22 STREET,40.747121,-74.0042839,4150.0,C1,1.0,"491 CHELSEA APARTMENTS, LLC"
1007200003,489 WEST 22 STREET,40.747099,-74.0042297,3000.0,C0,1.0,EDWARD B FRIEDMAN
1007200004,487 WEST 22 STREET,40.7470771,-74.0041792,3000.0,B9,1.0,"COX ZUCKERMAN, RICHARD"
1007200005,485 WEST 22 STREET,40.7470579,-74.0041323,4150.0,C3,1.0,"NORTH PROPERTY HOLDINGS, LLC"
1007200006,483 WEST 22 STREET,40.7470387,-74.0040854,4150.0,A4,1.0,"483 WEST 22ND STREET, LLC"
1007200007,481 WEST 22 STREET,40.7470167,-74.0040312,3666.0,A4,1.0,"MEHAS, JOHN"
1007200008,479 WEST 22 STREET,40.7469947,-74.0039807,4150.0,C3,1.0,MARYANNE ORENSTEIN REVOCABLE TRUST
1007200009,477 WEST 22 STREET,40.7469728,-74.0039302,3920.0,C6,1.0,UNAVAILABLE OWNER
1007200010,475 WEST 22 STREET,40.7469399,-74.0038544,9839.0,C6,1.0,473 475 W 22ND ST TEN CO
1007200021,453 WEST 22 STREET,40.7467121,-74.0033094,3860.0,C6,1.0,NATIONAL COOPERATIVE BANK
1007200022,451 WEST 22 STREET,40.7466956,-74.0032697,3860.0,C6,1.0,451 WEST OWNERS LTD
1007200023,449 WEST 22 STREET,40.7466736,-74.0032192,5575.0,C6,1.0,"GENERAL CO., LTD. FICTITIOUS NAME GENERA L JAPAN"
1007200024,447 WEST 22 STREET,40.7466462,-74.0031579,4935.0,C6,1.0,"GENERAL CO., LTD. FICTITIOUS NAME GENERA L JAPAN"
1007200027,441 WEST 22 STREET,40.7465666,-74.0029666,5200.0,C1,1.0,"THE 441 GROUP, LLC"
1007200029,437 WEST 22 STREET,40.7465199,-74.0028547,3672.0,C1,1.0,DAFFY REALTY LLC
1007200030,435 WEST 22 STREET,40.746498,-74.0028042,3618.0,C0,1.0,ELMORE R. TORN REVOCABLE TRUST
1007200031,433 WEST 22 STREET,40.7464705,-74.0027356,5020.0,C2,1.0,ERNEST J DUPUY
1007200032,431 WEST 22 STREET,40.7464376,-74.0026598,5000.0,C1,1.0,"GW 431 WEST 22ND STREET, LLC"
1007200034,429 WEST 22 STREET,40.7463992,-74.002566,10500.0,C6,2.0,ANDERSON HOUSE OWNERS CORP.
1007200035,425 WEST 22 STREET,40.7463662,-74.0024866,3472.0,C0,1.0,UNAVAILABLE OWNER
1007200036,423 WEST 22 STREET,40.7463415,-74.0024324,5727.0,D4,1.0,423 W 23ND ST APT C
1007200038,419 WEST 22 STREET,40.7462976,-74.0023278,4284.0,C6,1.0,419 WEST 22ND STREET REALTY CORP
1007200039,417 WEST 22 STREET,40.7462729,-74.00227,4606.0,C6,1.0,417 WEST 22ND OWNERS CORP
1007200040,415 WEST 22ND STREET,40.74624,-74.0021906,7000.0,C1,2.0,"WU, ANDY FRED"
1007200042,411 WEST 22 STREET,40.7462098,-74.0021185,6134.0,C6,1.0,NORTH RIVER APARTMENT CORPORATION
1007200060,426 WEST 23 STREET,40.7467066,-74.002566,9463.0,D4,1.0,"426 WEST 23RD ST APTS, INC"
1007200061,428 WEST 23 STREET,40.746734,-74.0026309,4528.0,C6,1.0,428 W 23RD ST TENANTS CORP
1007200064,434 WEST 23 STREET,40.7468054,-74.0028042,7331.0,C6,1.0,434 WEST 23RD ST TENANTS CORP
1007200065,436 WEST 23 STREET,40.7468383,-74.00288,7244.0,C6,1.0,436 WEST 23RD ST TENANTS CORP
1007200066,438 WEST 23 STREET,40.7468713,-74.0029594,7077.0,C6,1.0,438 W 23RD ST TENANTS CORP
1007200067,440 WEST 23 STREET,40.7469042,-74.0030352,6333.0,C6,1.0,440 WEST 23 ST TENANTS CORP
1007200068,442 WEST 23 STREET,40.7469371,-74.0031146,6975.0,C6,1.0,442 WEST 23 ST OWNERS CORP
1007200069,444 WEST 23 STREET,40.7469728,-74.003194,6975.0,C6,1.0,444 W 23RD ST TENANTS CORP
1007200070,446 WEST 23 STREET,40.7470057,-74.003277,7280.0,C6,1.0,446 WEST 23RD STREET TENANTS CORPORATION
1007200071,448 WEST 23 STREET,40.7470414,-74.00336,9790.0,C2,1.0,"JANE G. STEVENS, AS TRUSTEE"
1007200072,450 WEST 23 STREET,40.7470744,-74.0034394,7244.0,C6,1.0,450 WEST 23RD ST TENANTS CORP
1007200073,452 WEST 23 STREET,40.7471073,-74.0035116,6940.0,C6,1.0,452 WEST 23RD STREET OWNER CORP
1007200074,454 WEST 23 STREET,40.7471375,-74.0035873,6349.0,C6,1.0,454 CHELSEA OWNERS CORP
1007200075,456 WEST 23 STREET,40.7471649,-74.0036559,6135.0,C6,1.0,CHRISTY HOUSE OWNRS C
1007200076,458 WEST 23 STREET,40.7471951,-74.0037245,6135.0,C6,1.0,458-460 W 23RD OWNERS
1007200077,460 WEST 23 STREET,40.7472253,-74.0037931,6135.0,C6,1.0,458-460 W 23RD OWNERS
1007200078,462 WEST 23 STREET,40.7472528,-74.0038652,5808.0,A5,1.0,WEST 23RD STREET TRUST
1007200079,464 WEST 23 STREET,40.7472829,-74.0039338,6135.0,C1,1.0,464 W 23 STREET LLC
1007200080,466 WEST 23 STREET,40.7473131,-74.0040024,6135.0,C1,1.0,"GW 466 WEST 23RD STREET, LLC"
1007207502,468 WEST 23 STREET,40.7473406,-74.004071,8408.0,R4,1.0,468 WEST 23RD STREET ASSOCIATI
1007207503,455 WEST 22 STREET,40.7467313,-74.0033564,4591.0,R1,1.0,PURSPACE 1 CONDO ASSOCIATION
1007207504,421 WEST 22 STREET,40.7463196,-74.0023819,5421.0,R1,1.0,UNAVAILABLE OWNER
1007220006,459 WEST 24 STREET,40.748326,-74.0030461,2890.0,C3,1.0,WEST DAYTON LLC
1007220007,457 WEST 24 STREET,40.7482985,-74.0029775,2735.0,C3,1.0,"KAVOURIAS, DEBORAH"
1007220008,455 WEST 24 STREET,40.7482711,-74.0029125,4064.0,A9,1.0,"MORGENSTERN, JONATHAN"
1007220009,453 WEST 24 STREET,40.7482436,-74.0028476,2966.0,B1,1.0,DONOVAN MICHAEL
1007220010,451 WEST 24 STREET,40.7482162,-74.0027826,3360.0,A4,1.0,VYC TOMORROW LLC
1007220011,449 WEST 24 STREET,40.7481887,-74.002714,4072.0,C2,1.0,CLARA FRIJS LLC
1007220012,447 WEST 24 STREET,40.7481613,-74.002649,3360.0,B9,1.0,"SLATER, IAN"
1007220013,443 WEST 24 STREET,40.7481201,-74.0025516,9326.0,C6,2.0,443-445 W 24TH ST.CORP
1007220015,441 WEST 24 STREET,40.748079,-74.0024542,3760.0,B1,1.0,"MILLMAN, DEBORAH S"
1007220016,439 WEST 24 STREET,40.7480488,-74.0023856,3360.0,C0,1.0,POETRY SHACK II LLC
1007220017,437 WEST 24 STREET,40.7480213,-74.002317,3360.0,B9,1.0,THE BRONNIE KUPRIS 2019 IRREVOCABLE TRUS T DATED JU
1007380080,56 9 AVENUE,40.741206,-74.0047707,3372.0,K2,1.0,56 NINTH AVENUE LLC
1007410031,145 8 AVENUE,40.7419554,-74.0013244,7000.0,S2,1.0,145 EIGHTH AVE LLC
1007410032,147 8 AVENUE,40.7420076,-74.0012883,4990.0,S2,1.0,IAKOVOS  INC
1007430002,150 9 AVENUE,40.7440853,-74.0027499,4424.0,S9,1.0,"MUNICH PRODUCTIONS,INC."
1007430003,152 9 AVENUE,40.7441402,-74.0027102,4806.0,S2,1.0,"CHELSEA WEST PROPERTIES, LLC"
1007430004,154 9 AVENUE,40.7441924,-74.0026742,4424.0,S3,1.0,S-PLATFORM HQ LLC
1007430056,318 WEST 20 STREET,40.7436599,-74.0009708,5414.0,A4,1.0,CHELSEA TOWNHOUSE LLC
1007430057,320 WEST 20 STREET,40.7436929,-74.0010502,5000.0,C1,1.0,CHES REALTY LLC
1007430058,322 WEST 20 STREET,40.7437203,-74.0011151,3200.0,B9,1.0,"HEDLEY, SIMON"
1007430059,324 WEST 20 STREET,40.7437423,-74.0011656,1652.0,A9,1.0,CAROL OTT J
1007430060,326 WEST 20 STREET,40.7437642,-74.0012198,3200.0,C0,1.0,"TAYLOR, ALBERT R"
1007430061,328 WEST 20 STREET,40.7437862,-74.0012703,3168.0,B3,1.0,"WINTER, ALEXANDER C"
1007430062,330 WEST 20 STREET,40.7438109,-74.0013244,3264.0,A5,1.0,330 WEST 20TH STREET LLC
1007430063,332 WEST 20 STREET,40.7438329,-74.0013786,3072.0,A9,1.0,332 SISTER LLC
1007430064,334 WEST 20 STREET,40.7438603,-74.0014435,5579.0,A4,1.0,THE LAVA TRUST UNDER AGREEMENT DATED 10/ 28/2021
1007430072,346 WEST 20 STREET,40.7440524,-74.0020029,4740.0,M3,1.0,"RECTOR, CHURCH-WARDENS AND VESTRYMEN ETC ."
1007430073,348 WEST 20 STREET,40.7441183,-74.0020606,5000.0,C0,1.0,"MEIER, STACI ANN"
1007430074,350 WEST 20 STREET,40.7441403,-74.0021148,4634.0,C6,1.0,UNAVAILABLE OWNER
1007430075,352 WEST 20 STREET,40.7441622,-74.0021653,4012.0,B1,1.0,"WILSON, LYDIA ANDRE"
1007430076,354 WEST 20 STREET,40.7441842,-74.0022158,4477.0,A4,1.0,"CACKOWSKY, KEITH E"
1007430077,356 WEST 20 STREET,40.7442089,-74.00227,4634.0,C5,1.0,356 LLC
1007430078,358 WEST 20 STREET,40.7442308,-74.0023241,3840.0,B9,1.0,"GRIMMINGER, ANDREAS"
1007430082,158 9 AVENUE,40.7442857,-74.0025659,4448.0,S3,1.0,SEMINARY ASSOCIATES LLC
1007430083,156 9 AVENUE,40.7442308,-74.0026056,4224.0,S3,1.0,"156 9TH AVE, LLC"
1007440006,361 WEST 20 STREET,40.7446151,-74.0021798,4407.0,C1,1.0,361 WEST 20TH STREET LLC
1007440007,359 WEST 20 STREET,40.7445849,-74.0021112,4472.0,C2,1.0,BROWNESTONE LLC
1007440008,357 WEST 20 STREET,40.7445547,-74.002039,2024.0,C0,1.0,KARPFINGER BARNEY
1007440009,355 WEST 20 STREET,40.7445273,-74.0019704,3036.0,C2,1.0,355 WEST 20TH STREETCORPORATION
1007440010,353 WEST 20 STREET,40.7444971,-74.0019019,3884.0,C1,1.0,"BAYOU, BRADLEY"
1007440011,351 WEST 20 STREET,40.7444888,-74.0018297,3924.0,C6,1.0,351 OWNERS CORPORATION
1007440012,349 WEST 20 STREET,40.7444696,-74.0017792,3110.0,A9,1.0,"THE EASTON FOUNDATION, INC."
1007440013,347 WEST 20 STREET,40.7444504,-74.0017359,3300.0,B9,1.0,"THE EASTON FOUNDATION, INC."
1007440014,345 WEST 20 STREET,40.7444285,-74.0016817,4700.0,C3,1.0,"SKYLER,"
1007440015,343 WEST 20 STREET,40.744401,-74.0016168,3200.0,C4,1.0,343 WEST 20TH STREET LLC
1007440016,341 WEST 20 STREET,40.7443736,-74.0015518,2400.0,A4,1.0,HELLER SIGMUND D
1007440017,339 WEST 20 STREET,40.7443461,-74.0014868,5480.0,C4,1.0,SUTLINGAR REALTY CORP
1007440019,335 WEST 20 STREET,40.744283,-74.0013389,5500.0,C6,1.0,IVY DAY INC
1007440020,333 WEST 20 STREET,40.7442501,-74.0012595,6526.0,A4,1.0,333W20 LLC
1007440022,329 WEST 20 STREET,40.7441924,-74.0011224,2460.0,B3,1.0,"SHALEM, TABITA"
1007440023,327 WEST 20 STREET,40.7441787,-74.0010863,2460.0,B3,1.0,WADE L WATSON
1007450001,180 9 AVENUE,40.7451997,-74.0019488,4875.0,C6,1.0,CHELSEA COTTAGE CORP
1007450003,184 9 AVENUE,40.7453205,-74.0018586,4878.0,C7,1.0,ROZMAE REALTY CO. LLC
1007450004,186 9 AVENUE,40.7453727,-74.00179,5336.0,S5,1.0,ROZMAE REALTY CO. LLC
1007450005,359 WEST 21 STREET,40.7452052,-74.0017756,2464.0,B9,1.0,"WILLIAM LINDSLEY WARD, TRUSTEE"
1007450006,357 WEST 21 STREET,40.7452189,-74.0016926,2720.0,B9,1.0,"SHAH, ALKESH"
1007450007,355 WEST 21 STREET,40.745186,-74.0016312,3612.0,B9,1.0,"DE GEOFROY, ISABELLE"
1007450008,353 WEST 21 STREET,40.7451613,-74.0015699,3486.0,C0,1.0,"CONROY, BRIAN"
1007450009,351 WEST 21 STREET,40.7451339,-74.0015085,2610.0,C1,1.0,WEST 21 STREET REALTY
1007450010,349 WEST 21 STREET,40.7451064,-74.0014399,4312.0,C6,1.0,349 WEST 21ST STREET CORP
1007450011,347 WEST 21 STREET,40.7450762,-74.0013714,5808.0,A4,1.0,DIAMONDJIM LLC
1007450046,314 WEST 22 STREET,40.7447633,-73.9998665,3200.0,C6,1.0,314 WEST 22 ST APT CO
1007450047,316 WEST 22 STREET,40.7447935,-73.9999386,7776.0,C6,1.0,316 WEST 22ND ST ASSOCIATES
1007450048,318 WEST 22 STREET,40.7448237,-74.000018,7315.0,H3,1.0,"SHANTI OUTSITE NYC, LLC"
1007450049,320 WEST 22 STREET,40.7448567,-74.0000938,8000.0,C1,1.0,320 W 22ND PARTNERS LLC
1007450050,322 WEST 22 STREET,40.7448896,-74.0001732,6305.0,C6,1.0,322 WEST 22ND STREET HOUSING CORP
1007450051,324 WEST 22 STREET,40.7449225,-74.000249,4648.0,B9,1.0,324 WEST 22ND STREET REVOCABLE TRUST
1007450052,326 WEST 22 STREET,40.74495,-74.0003176,5775.0,C6,1.0,CHELSEA OWNERS CORP
1007450053,328 WEST 22 STREET,40.7449774,-74.0003825,4772.0,B9,1.0,CYNTHIA A LOOMIS
1007450054,330 WEST 22 STREET,40.7450049,-74.0004439,3675.0,C3,1.0,DANIEL P BRUNETTO
1007450055,332 WEST 22 STREET,40.7450323,-74.0005089,4843.0,C3,1.0,AEGEAN ENTERPRISES INC
1007450056,334 WEST 22 STREET,40.7450735,-74.0006099,18612.0,C6,1.0,CLONGOWS WOOD INC
1007450058,338 WEST 22 STREET,40.7451201,-74.0007218,5896.0,B1,1.0,"V&M CHELSEA PROPERTY, LLC"
1007450059,340 WEST 22 STREET,40.7451531,-74.0008012,4188.0,A9,1.0,EZRATTY FAMILY 2012 REAL ESTATE TRUST AS  TO 40%
1007450060,342 WEST 22 STREET,40.7451833,-74.0008697,4024.0,C0,1.0,"FORSTER, WILLIAM D"
1007450061,344 WEST 22 STREET,40.7452107,-74.0009347,4395.0,A4,1.0,CREMASTER COWBOYS LLC
1007450063,348 WEST 22 STREET,40.7452656,-74.0010646,3042.0,A4,1.0,"FADEL, KARIM"
1007450064,350 WEST 22 STREET,40.7452931,-74.0011296,4640.0,B1,1.0,"STURMAN, DEBORAH M"
1007457501,346 WEST 22 STREET,40.7452382,-74.0009997,5733.0,R1,1.0,CHELSEA BROWNSTONE CONDO ASSOC.
1007457502,360 WEST 22 STREET,40.7454413,-74.0014833,210014.0,RM,1.0,UNAVAILABLE OWNER
1007457504,182 9 AVENUE,40.7452629,-74.0019055,6233.0,RM,1.0,UNAVAILABLE OWNER
1007460001,198 9 AVENUE,40.7458063,-74.0014652,5917.0,S5,1.0,198 CHELSEA CORP.
1007460002,200 9 AVENUE,40.7458695,-74.0014183,6914.0,C7,1.0,200 CHELSEA CORP
1007460003,202 9 AVENUE,40.7459134,-74.0013425,7256.0,S4,1.0,202 NINTH AVE LLC
1007460004,204 9 AVENUE,40.7459738,-74.0012992,9960.0,C7,1.0,"204 NINTH AVENUE, LL"
1007460005,363 WEST 22 STREET,40.7457706,-74.0012848,3898.0,C3,1.0,CLAIRENNELL LLC
1007460006,361 WEST 22 STREET,40.7458036,-74.0011765,5775.0,C6,1.0,361 WEST 22ND ST OWNERS INC
1007460007,359 WEST 22 STREET,40.7457789,-74.0011152,4556.0,C2,1.0,"357-359 WEST 22ND, LLC"
1007460008,357 WEST 22 STREET,40.7457542,-74.0010574,4556.0,C2,1.0,"357-359 WEST 22ND, LLC"
1007460009,355 WEST 22 STREET,40.7457295,-74.0009997,4556.0,C2,1.0,PAULY MICHAEL A
1007460010,353 WEST 22 STREET,40.7457075,-74.0009491,3300.0,B9,1.0,"353NYC, LLC"
1007460011,349 WEST 22 STREET,40.7456691,-74.0008553,4268.0,C0,1.0,HN 827 LLC
1007460014,343 WEST 22 STREET,40.7455758,-74.0006388,4139.0,C1,1.0,TURNER DAVID
1007460015,341 WEST 22 STREET,40.7455456,-74.0005666,4139.0,C1,1.0,CHELSEA EQUITIES LLC
1007460016,337 WEST 22 STREET,40.7455044,-74.0004692,8244.0,C1,1.0,CHELSEA 337 HOLDINGS LLC
1007460018,333 WEST 22 STREET,40.745455,-74.0003501,11165.0,D4,1.0,333 W 22ND ST OWNERS CORP
1007460020,331 WEST 22 STREET,40.7454166,-74.0002598,3072.0,B2,1.0,"331 WEST 22ND STREET,"
1007460023,325 WEST 22 STREET,40.7453287,-74.0000505,3960.0,C3,1.0,"HILDA MAE REGIER AND WAYNE A. HARMS, TRU STEES"
1007460024,323 WEST 22 STREET,40.7452986,-73.999982,3800.0,A5,1.0,"EHRENBERG, ROGER"
1007460025,321 WEST 22 STREET,40.7452684,-73.9999098,6100.0,C5,1.0,"HOROWITZ, L. FAMILYLIMITED PARTNERSHIP"
1007460026,319 WEST 22 STREET,40.7452382,-73.9998376,6100.0,C5,1.0,"BARDEL ASSOCIATES,"
1007460027,317 WEST 22 STREET,40.745208,-73.9997654,6720.0,C5,1.0,"BERKOWITZ, IRWIN"
1007460028,315 WEST 22 STREET,40.7451558,-73.9996391,8583.0,M1,1.0,THE GERMAN EV LUTH CHURCH OF ST PAUL
1007460110,351 WEST 22 STREET,40.7456911,-74.0009094,3300.0,C0,1.0,"LEWIS, LOIDA N"
1007467504,313 WEST 22 STREET,40.7450653,-73.9994262,24388.0,R4,1.0,CHELSEA COMMONS CONDOMINIUM
1007510076,298 9 AVENUE,40.7492702,-73.9988198,12375.0,M1,2.0,PROT EPIS CHUR HOLY A
1007530008,355 WEST 29 STREET,40.7501869,-73.9978706,14626.0,C6,2.0,353 WEST ASSOCIATES
1007530010,351 WEST 29 STREET,40.7501458,-73.9977659,5830.0,C5,1.0,PR29 LLC
1007530011,349 WEST 29 STREET,40.7501156,-73.9976974,7569.0,C6,1.0,CHELSEA 349 LLC
1007530012,347 WEST 29 STREET,40.7500881,-73.9976288,7030.0,C1,1.0,SM HIGHLINE 29 REALTY LLC
1007530014,343 WEST 29 STREET,40.7500277,-73.9974844,6050.0,C2,1.0,343 CHELSEA LLC
1007530016,339 WEST 29 STREET,40.7499701,-73.9973509,6578.0,C5,1.0,339 W 29 AM LLC
1007530017,337 WEST 29 STREET,40.7499426,-73.9972823,5060.0,C0,1.0,DUDLEY C VANVLACK
1007530018,335 WEST 29 STREET,40.7499124,-73.9972137,6852.0,C5,1.0,CHELSEA HOUSE LLC
1007530019,333 WEST 29 STREET,40.749885,-73.9971452,4400.0,C5,1.0,CHELSEA HOUSE LLC
1007640015,241 WEST 14 STREET,40.7395154,-74.0012414,7830.0,C0,1.0,NORWOOD HOUSE LLC
1007720064,216 WEST 23 STREET,40.7443104,-73.9968892,170750.0,H3,1.0,CHELSEA HOTEL OWNER LLC
1007700017,243 WEST 20 STREET,40.7431549,-73.9987297,3750.0,W9,1.0,NYC DEPARTMENT OF CITYWIDE ADMINISTRATIVE SERVICES
1007730038,209 WEST 23 STREET,40.7445272,-73.9959436,10230.0,P8,1.0,NEW YORK PUBLIC LIBRARY
1007930056,130 WEST 18 STREET,40.7402317,-73.9964672,7912.0,S1,1.0,130-132 W 18 LLC
1007930059,136 WEST 18 STREET,40.7403086,-73.9966476,4232.0,S1,1.0,"ARAM PROPERTIES NYC, LLC"
1007930061,140 WEST 18 STREET,40.7403854,-73.996828,11457.0,K4,1.0,NEW YORK AIKIKAI LTD
1007940017,135 WEST 18 STREET,40.7406461,-73.9963625,52500.0,O5,1.0,135 WEST 18TH STREETREALTY CORP.
1007940030,615 AVENUE OF THE AMERICAS,40.740314,-73.9952005,134235.0,O5,1.0,625 OWNERSHIP
1007950037,635 AVENUE OF THE AMERICAS,40.7407531,-73.994901,76651.0,O6,1.0,"635 AOA OWNER, LLC"
1007950044,641 AVENUE OF THE AMERICAS,40.7409837,-73.9947349,149885.0,O6,1.0,"641 AOA OWNER, LLC"
1007967502,121 WEST 20 STREET,40.7415601,-73.994872,56442.0,RM,1.0,UNAVAILABLE OWNER
1007967504,655 AVENUE OF THE AMERICAS,40.7414256,-73.9943199,106279.0,RM,1.0,UNAVAILABLE OWNER
1007970037,675 AVENUE OF THE AMERICAS,40.7421227,-73.9939879,237000.0,O5,1.0,675 OWNERSHIP LLC
1007980041,695 AVENUE OF THE AMERICAS,40.7427018,-73.9935403,186450.0,K4,1.0,CUDGE REALTY LLC
1007980049,711 AVENUE OF THE AMERICAS,40.742861,-73.9931578,8025.0,K4,1.0,WEST 23RD STREET REALTY LLC
1008170055,2 WEST 16 STREET,40.7373276,-73.993281,12750.0,C5,1.0,2 WEST 16TH OWNER LLC
1008180001,572 AVENUE OF THE AMERICAS,40.7386781,-73.9955507,7696.0,K4,1.0,"SPIROS KALOUDIS, AS TRUSTEE"
1008180019,27 WEST 16 STREET,40.7383871,-73.9943743,41300.0,D5,1.0,27 WEST 16TH STREET LLC
1008180022,23 WEST 16 STREET,40.738217,-73.9942192,6825.0,C6,1.0,23 WEST 16 ST HOUSING CORP
1008180023,21 WEST 16 STREET,40.7381868,-73.9941434,4650.0,C2,1.0,123RLB LLC
1008180024,19 WEST 16 STREET,40.7381538,-73.9940676,4650.0,M9,1.0,"YESHE NYING PO, INCORP"
1008180025,17 WEST 16 STREET,40.7381154,-73.9939738,5742.0,B1,1.0,"ETHAN I. RYMAN, CO-TRUSTEE"
1008180033,9 WEST 16 STREET,40.737937,-73.9935552,7358.0,D0,1.0,9 W 16TH ST CORP
1008180035,7 WEST 16 STREET,40.737893,-73.993447,5625.0,C5,1.0,7 WEST 16 REALTY LLC
1008180037,5 WEST 16 STREET,40.7378491,-73.9933423,8469.0,C5,1.0,"5 W. 16 STREET, LLC"
1008180041,110 5 AVENUE,40.7376734,-73.9929274,148940.0,O6,1.0,110 FIFTH REALTY CORP.
1008180051,114 5 AVENUE,40.7379204,-73.992783,351552.0,O6,1.0,"114 FIFTH AVENUE ASSOCIATES, LLC"
1008180058,12 WEST 17 STREET,40.7381181,-73.9932593,30240.0,D4,1.0,12 W 17 ST TENANTS CORP
1008180059,14 WEST 17 STREET,40.7381702,-73.993382,50672.0,D0,1.0,14 W 17 TENANTS CORP
1008180064,22 WEST 17 STREET,40.738313,-73.9937176,28980.0,P7,1.0,"CENTER FOR JEWISH HISTORY, INC."
1008180066,26 WEST 17 STREET,40.7384036,-73.9939341,106770.0,O6,1.0,EDMAL REALTY CO. LLC
1008180071,36 WEST 17 STREET,40.7385216,-73.9942119,12000.0,O5,1.0,36 W 17 ST CORP
1008180075,44 WEST 17 STREET,40.7386479,-73.994515,5664.0,S4,1.0,44 W 17 LLC
1008190010,47 WEST 17 STREET,40.7392051,-73.9943851,179186.0,O6,1.0,44 WEST 18TH STREET LLC
1008190014,45 WEST 17 STREET,40.7391364,-73.9942191,27600.0,O5,1.0,42 WEST 18TH REALTY CORP
1008190017,37 WEST 17 STREET,40.7389004,-73.9940314,35000.0,O6,2.0,37-39 WEST 17TH OWNER LLC
1008190019,33 WEST 17 STREET,40.7388373,-73.9938691,48532.0,O6,1.0,NORMAN KURLAN
1008190022,29 WEST 17 STREET,40.7387522,-73.9936778,25000.0,O6,1.0,29 W 17TH OWNER LLC
1008190030,13 WEST 17 STREET,40.7384721,-73.9930103,9395.0,S9,1.0,EMILY FRANKEL QTIP FBO JOHN CULLUM
1008190044,126 5 AVENUE,40.738505,-73.9922308,100621.0,O6,1.0,"126-8 FIFTH AVENUE, LLC"
1008190049,4 WEST 18 STREET,40.7386423,-73.9926819,5250.0,K4,1.0,MAR-RICH HOLDING CORP
1008190052,10 WEST 18 STREET,40.7387466,-73.9929272,22276.0,O6,1.0,10 W 18TH OWNER LLC
1008190056,18 WEST 18 STREET,40.7388015,-73.9934288,173152.0,O6,1.0,17-18 MANAGEMENT COMPANY
1008190066,40 WEST 18 STREET,40.7392188,-73.9940531,8165.0,O5,1.0,WEST 18 REALTY CORP.
1008190077,604 AVENUE OF THE AMERICAS,40.7394988,-73.9947134,53030.0,K2,2.0,THE JANE H. GOLDMAN RESIDUARY TRUST NUMB ER 1
1008197501,12 WEST 18 STREET,40.7388015,-73.9930571,30675.0,RM,1.0,CHELSEA E CONDOMINIUMS
1008197504,15 WEST 17 STREET,40.7385106,-73.9930969,24414.0,RM,1.0,UNAVAILABLE OWNER
1008200026,23 WEST 18 STREET,40.7393614,-73.9929019,191400.0,O6,1.0,18-19TH ASSOCIATES
1008200029,15 WEST 18 STREET,40.7391556,-73.9928117,42625.0,O6,1.0,FIRST FLATIRON LLC
1008200033,7 WEST 18 STREET,40.7390238,-73.9924978,43307.0,O6,1.0,7 WEST 18TH LLC
1008200036,3 WEST 18 STREET,40.7389552,-73.992339,34360.0,O6,1.0,3-5 WEST 18TH LLC
1008200038,130 5 AVENUE,40.7388179,-73.9920467,120000.0,O6,1.0,"ROC-FIFTH AVENUE ASSOCIATES,"
1008200044,134 5 AVENUE,40.7389579,-73.991971,14130.0,O5,1.0,"134 5TH AVE.,"
1008200045,136 5 AVENUE,40.7390155,-73.9919313,3755.0,K1,1.0,"136 FIFTH AVENUE, LLC"
1008200046,138 5 AVENUE,40.7390869,-73.9918952,16076.0,O5,1.0,138 NEW YORK LLC
1008200053,12 WEST 19 STREET,40.7392763,-73.9923642,5050.0,K4,1.0,12 WEST 19 LLC
1008200054,14 WEST 19 STREET,40.7393065,-73.9924364,5807.0,S3,1.0,TRESJ LLC
1008207502,11 WEST 18 STREET,40.7390897,-73.992653,17058.0,RM,1.0,UNAVAILABLE OWNER
1008207503,8 WEST 19 STREET,40.7392269,-73.9922488,43481.0,RM,1.0,LE CANTALOO CONDOMINIUM
1008207504,16 WEST 19 STREET,40.7393614,-73.9925699,58594.0,RM,1.0,UNAVAILABLE OWNER
1008210010,55 WEST 19 STREET,40.7403222,-73.9937895,9508.0,O5,1.0,55 W 19 AIOVS LLC
1008210011,53 WEST 19 STREET,40.7402974,-73.9937065,6900.0,C7,1.0,"PANASIA ESTATE, INC."
1008210012,51 WEST 19 STREET,40.7402673,-73.9936344,7084.0,O5,1.0,"PANASIA ESTATE, INC."
1008210013,49 WEST 19 STREET,40.7402425,-73.9935694,5945.0,K4,1.0,"BDS MANAGEMENT, LLC"
1008210014,39 WEST 19 STREET,40.7401602,-73.9933746,107152.0,O6,1.0,ABNER PROPERTIES CO
1008210019,37 WEST 19 STREET,40.7400723,-73.9931653,14600.0,C7,1.0,CHELSEA SUNSHINE LLC
1008210020,35 WEST 19 STREET,40.7400367,-73.9930859,13050.0,S5,1.0,MKF RLTY CORP
1008210021,31 WEST 19 STREET,40.740108,-73.9928838,51336.0,O5,1.0,PANASIA ESTATE 1 INC.
1008210025,25 WEST 19 STREET,40.7398747,-73.9926962,7125.0,C7,1.0,REPUBLIC 1948 LTD
1008210027,21 WEST 19 STREET,40.7398061,-73.9925374,11375.0,D7,1.0,19 FUNDING INC.
1008210033,9 WEST 19 STREET,40.7396057,-73.9920611,9869.0,O5,1.0,9 W 19 CORP.
1008210034,7 WEST 19 STREET,40.7395727,-73.9919817,8600.0,O8,1.0,CARBIL OWNER LLC
1008210038,142 5 AVENUE,40.7394437,-73.991758,91000.0,O6,1.0,142 FIFTH AVE OWNERS CORP
1008210039,144 5 AVENUE,40.7393806,-73.9915559,9698.0,K4,1.0,ORANGE PYRAMID ASSOCIATES INC
1008210040,146 5 AVENUE,40.7394437,-73.991509,14110.0,D7,1.0,"146 FIFTH AVENUE, LLC"
1008210041,148 5 AVENUE,40.7396743,-73.9915234,187536.0,O6,1.0,150 5TH AVENUE OFFICE LLC
1008210049,6 WEST 20 STREET,40.7398554,-73.9919275,45400.0,O6,1.0,"6 WEST 20TH ST. TENANTS CORP.,"
1008210055,18 WEST 20 STREET,40.7400147,-73.9924869,93722.0,O6,1.0,DEZER PROPERTIES II LLC
1008210058,24 WEST 20 STREET,40.7401382,-73.9925987,3848.0,K1,1.0,DEZER PROPERTIES II LLC
1008210059,26 WEST 20 STREET,40.7401739,-73.9926817,12635.0,D0,1.0,26 WEST 20 ST CORP
1008210064,36 WEST 20 STREET,40.7403551,-73.9931111,49500.0,O6,1.0,JGW 36WEST20 LLC
1008210071,48 WEST 20 STREET,40.7405472,-73.9935766,8000.0,O5,1.0,SALGO LLC
1008217501,40 WEST 20 STREET,40.7404594,-73.9933637,95316.0,RB,1.0,40 WEST 20TH STREET CONDMINIUM
1008217502,29 WEST 19 STREET,40.7399406,-73.9928549,11623.0,RM,1.0,UNAVAILABLE OWNER
1008217503,650 AVENUE OF THE AMERICAS,40.7406543,-73.993905,110630.0,RM,1.0,UNAVAILABLE OWNER
1008217506,636 AVENUE OF THE AMERICAS,40.7404292,-73.9940963,73270.0,RC,1.0,UNAVAILABLE OWNER
1008220001,652 AVENUE OF THE AMERICAS,40.7410303,-73.9936307,22000.0,K4,3.0,MANSION REALTY LLC
1008220008,47 WEST 20 STREET,40.7408985,-73.9933276,7500.0,K2,1.0,MANSION REALTY LLC
1008220009,37 WEST 20 STREET,40.7408162,-73.9931002,105942.0,O6,1.0,37 WEST 20 COMPANY
1008220023,17 WEST 20 STREET,40.7404209,-73.9921656,16724.0,O5,1.0,"HH WEST 20TH, LLC"
1008220029,7 WEST 20 STREET,40.7402287,-73.991711,9225.0,C4,1.0,THREE SEVENS LLC
1008220030,5 WEST 20 STREET,40.740193,-73.991628,10940.0,O5,1.0,5 WEST 20 ST CORP
1008220031,154 5 AVENUE,40.7400448,-73.9912744,184509.0,O6,1.0,156 5 AVE CORP
1008220054,22 WEST 21 STREET,40.7407063,-73.9921331,101368.0,O6,1.0,21 BUILDING CORP
1008220061,36 WEST 21 STREET,40.7408738,-73.9925301,4760.0,S3,1.0,36 W 21 ST HOLDINGS LLC
1008220066,46 WEST 21 STREET,40.7409891,-73.9928043,9499.0,S4,1.0,REDLEAF CAPITAL LLC
1008220069,52 WEST 21 STREET,40.7410852,-73.993028,5118.0,S4,1.0,ASPEN ESTATE LLC
1008220075,64 WEST 21 STREET,40.7412471,-73.9934466,6244.0,K4,1.0,"DUBILIER, MICHAEL J."
1008220076,670 AVENUE OF THE AMERICAS,40.7413844,-73.9935513,5920.0,O5,1.0,670 6TH RETAIL LLC
1008220078,668 AVENUE OF THE AMERICAS,40.7413103,-73.993609,6673.0,K4,1.0,668 AVE LLC
1008220079,666 AVENUE OF THE AMERICAS,40.7412609,-73.9936415,4460.0,S3,1.0,BEN-DOV CHANA
1008220080,664 AVENUE OF THE AMERICAS,40.7412142,-73.9936776,5400.0,K4,1.0,664 AVENUE OF THE AMERICAS  LLC
1008227501,11 WEST 20 STREET,40.7403028,-73.9918842,20189.0,RM,1.0,UNAVAILABLE OWNER
1008227502,35 WEST 20 STREET,40.7407283,-73.9928946,8875.0,RM,1.0,UNAVAILABLE OWNER
1008227503,9 WEST 20 STREET,40.7402644,-73.991794,25588.0,RM,1.0,9 WEST 20TH CONDOMINIUM
1008230004,682 AVENUE OF THE AMERICAS,40.7417659,-73.9932337,16965.0,D0,1.0,682 6 AVE HOUSING DEVLPMT CORP
1008230006,57 WEST 21 STREET,40.7415957,-73.993111,5238.0,K2,1.0,57 WEST REALTY LLC
1008230009,53 WEST 21 STREET,40.7415518,-73.9930027,32000.0,K4,1.0,53-55 WEST 21ST OWNER LLC
1008230010,45 WEST 21 STREET,40.7414474,-73.9927537,70000.0,O5,1.0,"45 WEST 21ST ST. ASSOCIATES,"
1008230035,5 WEST 21 STREET,40.7407255,-73.9910433,7545.0,C5,1.0,"PELLI, DANIEL"
1008230047,4 WEST 22 STREET,40.740934,-73.9907835,29453.0,D6,1.0,DEZER PROPERTIES 4 LLC
1008230055,20 WEST 22 STREET,40.7412744,-73.9915954,169887.0,O6,1.0,ELK REALTY LLC
1008230059,28 WEST 22 STREET,40.741376,-73.9918371,27410.0,O5,1.0,28-30 WEST 22ND STREET MANHATTAN LLC
1008230061,32 WEST 22 STREET,40.7414309,-73.991967,17147.0,O5,1.0,"32 WEST 22ND STREET,"
1008230062,34 WEST 22 STREET,40.7414666,-73.9920609,12328.0,S9,1.0,SECOND JAM DEVELOPMENT
1008230063,36 WEST 22 STREET,40.7414996,-73.992133,14655.0,D4,1.0,GREEN TURTLE RLTY CORP
1008230065,40 WEST 22 STREET,40.7415764,-73.9923135,50313.0,D0,1.0,40 WEST 22ND ST TENANTS COOP CORP
1008230068,46 WEST 22 STREET,40.7416533,-73.9924939,9661.0,S5,1.0,"46 WEST 22ND STREET,"
1008230069,48 WEST 22 STREET,40.7416835,-73.9925697,12740.0,D0,1.0,22 ST OWNERS INC
1008230070,50 WEST 22 STREET,40.7417137,-73.9926418,7654.0,S3,1.0,50 W. 22ND REALTY LLC
1008230072,54 WEST 22 STREET,40.7417768,-73.9927898,12005.0,S9,1.0,54 W 22ND OWNER LLC
1008230073,56 WEST 22 STREET,40.7418207,-73.992898,55200.0,O6,1.0,56 W 22 LLC
1008230075,60 WEST 22 STREET,40.7418647,-73.9929991,4972.0,O5,1.0,JP REAL ESTATE GROUP LIMITED
1008230076,62 WEST 22 STREET,40.7418866,-73.9930532,3478.0,K2,1.0,JP REAL ESTATE GROUP LIMITED
1008230079,688 AVENUE OF THE AMERICAS,40.7419992,-73.9931362,8298.0,K2,1.0,FRANCMEN 688 LLC
1008230082,686 AVENUE OF THE AMERICAS,40.7419086,-73.9932048,4287.0,K2,1.0,MCDONALDS CORPORATION
1008230083,684 AVENUE OF THE AMERICAS,40.741851,-73.9932481,3421.0,K4,1.0,JP REAL ESTATE GROUP LIMITED
1008237501,43 WEST 21 STREET,40.7413569,-73.9925408,8100.0,RM,1.0,4321 REALTY CORP.
1008237502,170 5 AVENUE,40.7409203,-73.9904912,36827.0,RM,1.0,UNAVAILABLE OWNER
1008237503,31 WEST 21 STREET,40.7411729,-73.9921042,55764.0,RM,1.0,UNAVAILABLE OWNER
1008237504,44 WEST 22 STREET,40.7416231,-73.9924253,9647.0,RM,1.0,UNAVAILABLE OWNER
1008240035,1 WEST 22 STREET,40.7412798,-73.9904406,5925.0,O5,1.0,"ANDEAN, L L C"
1008240039,178 5 AVENUE,40.7412826,-73.9901808,15500.0,C7,1.0,LOWER FIFTH REALTY CORP.
1008240046,12 WEST 23 STREET,40.7415323,-73.9902818,16500.0,O5,1.0,"ANDEAN, L L C"
1008240047,14 WEST 23 STREET,40.7415735,-73.9903792,11507.0,O5,1.0,GRAMERCY ARMS LLC
1008240048,16 WEST 23 STREET,40.7416065,-73.990455,9200.0,O5,1.0,SUNRAY LLC
1008240049,18 WEST 23 STREET,40.7416312,-73.9905163,11320.0,K4,1.0,STUDIO PARK L.L.C.
1008240050,20 WEST 23 STREET,40.7416641,-73.9905921,11391.0,O5,1.0,GRAMERCY ARMS LLC
1008240051,22 WEST 23 STREET,40.7416998,-73.9906823,13125.0,O5,1.0,"22W23, LLC"
1008240052,24 WEST 23 STREET,40.7417382,-73.9907725,10136.0,O5,1.0,CLIFTON NEW YORK S A
1008240053,26 WEST 23 STREET,40.7417767,-73.9908591,15093.0,O5,1.0,26 WEST 23RD STREET LLC
1008250007,69 WEST 23 STREET,40.7428609,-73.992003,8191.0,K4,1.0,"TTMH NYC HOLDINGS I, LLC"
1008250017,43 WEST 23 STREET,40.7426358,-73.9910864,92285.0,O6,1.0,"LADIES MILE, LLC C/O"
1008250024,27 WEST 23 STREET,40.7424025,-73.9905776,101600.0,W9,1.0,"JOSEPH ROSEN TRUST,JP ROSEN TRUSTEE"
1008250028,25 WEST 23 STREET,40.7422158,-73.9904441,8175.0,K4,1.0,STUDIO PARK L.L.C.
1008250029,23 WEST 23 STREET,40.7421829,-73.9903683,7735.0,O5,1.0,200 FIFTH OWNER LLC
1008250052,6 WEST 24 STREET,40.7424985,-73.9903394,6416.0,O5,1.0,"V-STAR, LTD"
1008250056,14 WEST 24 STREET,40.7426468,-73.9906822,26600.0,O5,1.0,"JLJ, LLC"
1008250071,36 WEST 24 STREET,40.7430201,-73.9915951,69823.0,D0,1.0,40 W 24 ST CORP
1008257501,35 WEST 23 STREET,40.7423888,-73.9908699,18449.0,RM,1.0,35 W. 23RD ST. CONDOMINIUM ASSOC.
1008430003,75 5 AVENUE,40.7367978,-73.992646,63255.0,D6,1.0,SGRC 77
1008430008,7 EAST 15 STREET,40.7365974,-73.992314,36759.0,M9,1.0,SGI NEW YORK BUDDHIST CENTER LLC
1008430041,8 EAST 16 STREET,40.736828,-73.9920506,20795.0,D6,1.0,ASH II LLC
1008437502,15 EAST 15 STREET,40.7363696,-73.9920831,8698.0,RM,1.0,UNAVAILABLE OWNER
1008440003,87 5 AVENUE,40.7374483,-73.9921479,57820.0,O6,1.0,DEZER PROPERTIES 89
1008440008,9 EAST 16 STREET,40.7371518,-73.9916825,30680.0,D6,1.0,"9 EAST HOLDINGS, LLC"
1008440032,18 EAST 17 STREET,40.7373,-73.991318,17004.0,O6,1.0,"18 E 17TH ST OWNERS,INC"
1008440033,16 EAST 17 STREET,40.737333,-73.9913974,17314.0,D0,1.0,E. 17TH ST. LOFT CORP
1008440034,14 EAST 17 STREET,40.7373659,-73.9914768,19162.0,D0,1.0,E. 17TH ST. LOFT CORP
1008440040,95 5 AVENUE,40.7376843,-73.9919711,22324.0,O6,1.0,EKFH LLC
1008440042,91 5 AVENUE,40.7375746,-73.9920289,51838.0,O6,1.0,91 FIFTH AVENUE CORP
1008447501,5 EAST 16 STREET,40.7372177,-73.9918413,43819.0,RC,1.0,SL GREEN PROPERTIES
1008447503,13 EAST 16 STREET,40.7371024,-73.991567,17173.0,RX,1.0,UNAVAILABLE OWNER
1008460001,97 5 AVENUE,40.7378902,-73.991852,22503.0,D6,1.0,BJH DELAWARE LLC
1008460002,101 5 AVENUE,40.738,-73.991769,71985.0,O6,1.0,101 ASH LLC
1008460004,103 5 AVENUE,40.7381235,-73.9917257,24881.0,O6,1.0,"PIERREPONT BUILDINGCOMPANY,"
1008460010,9 EAST 17 STREET,40.7377447,-73.9912711,6988.0,C4,1.0,TUGEN INDUSTRIES INC
1008460011,11 EAST 17 STREET,40.7377282,-73.9911808,18403.0,D7,1.0,"TRIAD 11 EAST, LLC"
1008460012,13 EAST 17 STREET,40.737676,-73.9911159,20144.0,D6,1.0,"TRIAD 13 EAST, LLC"
1008460067,12 EAST 18 STREET,40.7379752,-73.9910978,10059.0,D7,1.0,12 E 18TH OWNER LLC
1008460069,8 EAST 18 STREET,40.7380685,-73.9912277,5975.0,K4,1.0,EIGHT EAST 18TH LLC
1008460071,105 5 AVENUE,40.7381893,-73.9915488,102017.0,D0,1.0,FOLIO HOUSE INC
1008467501,5 EAST 17 STREET,40.7379341,-73.991419,49609.0,RM,1.0,UNAVAILABLE OWNER
1008467502,7 EAST 17 STREET,40.7378792,-73.9912927,48771.0,RM,1.0,10 E 18TH ST CONDOMINUM
1008470001,109 5 AVENUE,40.7384885,-73.9912096,214700.0,O6,1.0,BJW REALTY LLC
1008480003,123 5 AVENUE,40.7391692,-73.9909172,10442.0,O5,1.0,123 5 AVENUE LLC
1008480004,125 5 AVENUE,40.7392515,-73.9908559,21060.0,O5,1.0,"125 FIFTH AVENUE ASSOCIATES, LP"
1008480006,5 EAST 19 STREET,40.7390127,-73.9906538,11350.0,O5,1.0,"SZE & WONG, INC."
1008480007,7 EAST 19 STREET,40.7389798,-73.9905744,11179.0,S4,1.0,"SEVENEAST 19 LLC, A NEW YORK LIMITED LIA BILITY CO."
1008480073,133 5 AVENUE,40.7394491,-73.9907151,25000.0,D7,1.0,DEZER PROPERTIES 133 LLC
1008490001,135 5 AVENUE,40.739633,-73.9905527,30370.0,O6,1.0,135 FIFTH AVENUE LLC
1008490003,139 5 AVENUE,40.739762,-73.9903903,24093.0,O5,1.0,THOR 139 5TH OWNER LLC
1005510015,26 WASHINGTON SQUARE N,40.7322527,-73.9982031,7631.0,C2,1.0,26 WSN
1005510016,27 WASHINGTON SQUARE N,40.7323488,-73.9982933,32409.0,D9,1.0,NEW YORK UNIVERSITY
1005510021,26 WEST 8 STREET,40.7326452,-73.9978675,9603.0,C7,2.0,RETURN TO HOME LLC
1005510022,24 WEST 8 STREET,40.7326782,-73.9977449,5276.0,S5,1.0,JEN CO.    .
1005510115,6 MAC DOUGAL ALLEY,40.7324119,-73.9980877,1284.0,A9,1.0,MACDOUGAL ALLEY LLC
1005510124,13 MAC DOUGAL ALLEY,40.7324339,-73.9976114,1875.0,A4,1.0,MATTHEW AVERY MODINE
1005510125,11 MAC DOUGAL ALLEY,40.7324696,-73.9976944,1800.0,A4,1.0,"RICE, CHARLES R"
1005510126,9 MAC DOUGAL ALLEY,40.7325025,-73.9977701,1875.0,A4,1.0,KOLO FREDAKA
1005520001,340 AVENUE OF THE AMERICAS,40.7317285,-74.0005953,12578.0,K7,1.0,"JPMORGAN CHASE BANK, NATIONAL ASSOCIATIO N"
1005520010,82 WEST WASHINGTON PLCE,40.7318904,-74.0001696,27108.0,D3,1.0,"DERBY GENERAL 82, LLC"
1005520013,80 WEST WASHINGTON PLCE,40.7318246,-74.0000397,6075.0,A4,1.0,EMTIS LLC
1005520014,78 WEST WASHINGTON PLCE,40.7317944,-73.9999711,4460.0,C4,1.0,"78 WASHINGTON PLACE,"
1005520047,122 WAVERLY PLACE,40.7324806,-73.9996789,7920.0,A4,1.0,"SHERMAN, JOHN"
1005520048,120 WAVERLY PLACE,40.7324394,-73.9996175,4840.0,C5,1.0,120 WAVERLY REALTY
1005520050,116 WAVERLY PLACE,40.7323818,-73.9994804,10580.0,A4,1.0,116 WAVERLY PLACE LLC
1005520051,114 WAVERLY PLACE,40.7323488,-73.9994119,6800.0,B2,1.0,"WAVERLYHOUSE, LLC"
1005520053,110 WAVERLY PLACE,40.7322829,-73.9992784,5676.0,S2,1.0,UNAVAILABLE OWNER
1005520054,108 WAVERLY PLACE,40.73225,-73.9992098,3938.0,B3,1.0,NURETTIN AKGUL
1005520063,69 WEST WASHINGTON PLCE,40.7320194,-73.9994046,5378.0,C6,1.0,69 WASHINGTON PLACE
1005520064,71 WEST WASHINGTON PLCE,40.7320524,-73.9994696,7159.0,D4,1.0,71 WASHINGTON PL OWNERS INC
1005520065,73 WEST WASHINGTON PLCE,40.7320881,-73.9995382,4502.0,P2,1.0,"73 WASH PLACE, LLC"
1005520066,75 WEST WASHINGTON PLCE,40.7321183,-73.9996067,4281.0,S4,1.0,"AIDAN BROWNSTONE, LLC"
1005520067,77 WEST WASHINGTON PLCE,40.7321512,-73.9996717,7185.0,D3,1.0,"MONTANA REAL ESTATE, INC."
1005520068,79 WEST WASHINGTON PLCE,40.7321951,-73.9997799,22170.0,D0,1.0,79 WASHINGTON PLACE REALTY COR
1005520070,83 WEST WASHINGTON PLCE,40.73225,-73.9998737,9750.0,C1,1.0,83 WASHINGTON PLACE LLC
1005520071,85 WEST WASHINGTON PLCE,40.7322829,-73.9999423,5225.0,S5,1.0,H.S.W. L. PROPERTIES LLC
1005520148,118 WAVERLY PLACE,40.7324065,-73.9995526,8250.0,C6,1.0,118 WAVERLY PLACE INC.
1005527502,106 WAVERLY PLACE,40.7322143,-73.9991412,8094.0,R1,1.0,JOEL SHARIR JUDITH SHARIR
1005530001,378 AVENUE OF THE AMERICAS,40.7329609,-73.9996753,6750.0,K1,1.0,378 SIXTH LLC
1005530009,396 AVENUE OF THE AMERICAS,40.7333644,-73.999383,10800.0,K2,1.0,378 SIXTH LLC
1005530014,56 WEST 8 STREET,40.7330844,-73.9991088,3602.0,K1,1.0,RETURN TO HOME CO.
1005530015,52 WEST 8 STREET,40.733046,-73.9989789,20448.0,O2,1.0,L&M 52 WEST 8TH LLC
1005530033,107 WAVERLY PLACE,40.7326343,-73.9988273,8630.0,C1,1.0,"AUTONES , ISABELLE"
1005530034,109 WAVERLY PLACE,40.7326178,-73.9989175,4446.0,A4,1.0,CHOUETTE 109 LLC
1005530035,111 WAVERLY PLACE,40.7326562,-73.9989933,6218.0,A4,1.0,OSCAR'S NEST LLC
1005530036,113 WAVERLY PLACE,40.7326919,-73.9990691,5570.0,C0,1.0,RINALDI  JOSEPH
1005530037,115 WAVERLY PLACE,40.7327221,-73.9991304,3780.0,A4,1.0,WAVERLY PLACE ASSOCI
1005530038,117 WAVERLY PLACE,40.732755,-73.999199,12205.0,C4,1.0,JDSS PROPERTY LLC
1005530039,119 WAVERLY PLACE,40.7327935,-73.9992784,9260.0,C6,1.0,119 WAVERLY PL CORP
1005530040,121 WAVERLY PLACE,40.7328291,-73.9993577,5956.0,C6,1.0,121 WAVERLY PLACE TENANTS CORP.
1005537501,103 WAVERLY PLACE,40.7325107,-73.9986614,55113.0,RC,1.0,UNAVAILABLE OWNER
1005537502,171 MAC DOUGAL STREET,40.7327084,-73.9985495,33846.0,RM,1.0,UNAVAILABLE OWNER
1005690004,47 5 AVENUE,40.7342508,-73.994454,15014.0,P2,1.0,SALMAGUNDI CLUB INC
1005720001,402 AVENUE OF THE AMERICAS,40.7335894,-73.9992314,7104.0,C7,1.0,402 SIXTH AVENUE LLC
1005720002,404 AVENUE OF THE AMERICAS,40.7336471,-73.9991881,4762.0,K4,1.0,404 NY LLC
1005720003,406 AVENUE OF THE AMERICAS,40.7336992,-73.9991484,4620.0,K4,1.0,406 NY LLC
1005720004,408 AVENUE OF THE AMERICAS,40.7337486,-73.9991124,5292.0,K4,1.0,GREENWICH VILLAGE PROPERTIES INC
1005720005,410 AVENUE OF THE AMERICAS,40.7337953,-73.9990799,3984.0,K2,1.0,410 SIXTH AVE INC
1005720011,62 WEST 9 STREET,40.7338063,-73.9987479,6915.0,S5,1.0,HARRAN HOLDING CORP
1005720012,60 WEST 9 STREET,40.7337733,-73.9986685,5065.0,A4,1.0,"60 WEST 9TH STREET RESIDENCE, LLC"
1005720013,58 WEST 9 STREET,40.7337431,-73.9986036,3944.0,A4,1.0,"BORDES, PETER A JR."
1005720014,56 WEST 9 STREET,40.7337212,-73.9985495,2436.0,A9,1.0,"56 WEST 9TH STREET, LLC"
1005720015,54 WEST 9 STREET,40.7336992,-73.998499,4060.0,C2,1.0,54 W 9TH STREET LLC
1005720022,36 WEST 9 STREET,40.7334247,-73.9978459,6252.0,S4,1.0,HONEYPOT AHEAD LLC
1005720023,34 WEST 9 STREET,40.7333918,-73.9977665,5116.0,C2,1.0,34W9 LLC
1005720029,22 WEST 9 STREET,40.7331914,-73.9972902,7100.0,A9,1.0,BUFFALO BILL LLC
1005720030,20 WEST 9 STREET,40.7331585,-73.9972108,7043.0,C5,1.0,"HOLLYER, PETER"
1005720031,18 WEST 9 STREET,40.7331255,-73.9971314,5088.0,A4,1.0,"KAMINSKI, AS TRUSTEE, EDWARD J"
1005720032,16 WEST 9 STREET,40.7330954,-73.9970593,4873.0,A4,1.0,16 WEST 9TH LLC
1005720033,14 WEST 9 STREET,40.7330652,-73.9969871,5690.0,C1,1.0,VONGOLENOVE LLC
1005720035,10 WEST 9 STREET,40.7329883,-73.9968067,5312.0,S4,1.0,"DAVID MILLER, AS TRUSTEE"
1005720036,8 WEST 9 STREET,40.7329499,-73.9967165,6804.0,C5,1.0,8 WEST 9TH STREERT L
1005720037,6 WEST 9 STREET,40.7329142,-73.9966299,5324.0,A4,1.0,MORGAN BUILDERS INC
1005720047,7 WEST 8 STREET,40.7327276,-73.9969114,8125.0,C7,1.0,MORGAN BUILDERS INC
1005720048,9 WEST 8 STREET,40.7327605,-73.9969907,5242.0,S4,1.0,MORGAN BUILDERS INC
1005720049,11 WEST 8 STREET,40.7328264,-73.9971459,30858.0,D7,1.0,EIGHT MON LLC
1005720052,17 WEST 8 STREET,40.7328922,-73.9973047,10270.0,S5,1.0,17 WEST 8TH REALTY LLC
1005720053,19 WEST 8 STREET,40.7329252,-73.997384,7263.0,C7,1.0,19 WEST 8TH STREET LLC
1005720057,27 WEST 8 STREET,40.7330569,-73.9976979,6530.0,S4,1.0,27 W 8TH REALTY LLC
1005720058,29 WEST 8 STREET,40.7330899,-73.9977773,8171.0,S9,1.0,GREENE FAMILY 8TH STREET LIMITED PARTNER SHIP
1005720059,31 WEST 8 STREET,40.7331256,-73.9978603,8358.0,C5,1.0,"3868 BROADWAY REALTY, LLC"
1005720060,33 WEST 8 STREET,40.7331585,-73.9979397,6010.0,S9,1.0,"3868 BROADWAY REALTY, LLC"
1005720061,35 WEST 8 STREET,40.7331914,-73.9980191,10640.0,C7,1.0,35 WEST 8TH STREET
1005720064,41 WEST 8 STREET,40.7332848,-73.9982392,6750.0,S3,1.0,"RASHTIAN, ALBERT"
1005720065,43 WEST 8 STREET,40.733315,-73.9983113,6729.0,S5,1.0,43 WEST 8TH LLC
1005720066,45 WEST 8 STREET,40.7333616,-73.9984196,17000.0,C7,2.0,GOLDBERG CENTER LLC
1005720068,49 WEST 8 STREET,40.7334083,-73.9985314,7817.0,S9,1.0,WAVERLY REALTY CO.
1005720069,51 WEST 8 STREET,40.7334385,-73.9986072,9490.0,C7,1.0,OWEMANCO IN THE VILLAGE L.P.
1005720070,53 WEST 8 STREET,40.7334714,-73.998683,9325.0,C7,1.0,53 WEST 8TH STREET LLC
1005720071,55 WEST 8 STREET,40.7335044,-73.9987624,10788.0,C7,1.0,JANART 55 WEST 8 LLC
1005720072,57 WEST 8 STREET,40.7335373,-73.9988417,9490.0,C7,1.0,OWEMANCO IN THE VILLAGE L.P
1005720073,59 WEST 8 STREET,40.7335702,-73.9989211,9490.0,C7,1.0,"ROOSTERBROOK ASSOCIATES I, LLC"
1005727501,12 WEST 9 STREET,40.7330267,-73.9968969,14106.0,RM,1.0,NAME NOT ON FILE
1005730005,432 AVENUE OF THE AMERICAS,40.7344129,-73.9986252,4967.0,K4,1.0,402 6TH AVENUE LLC
1005730006,434 AVENUE OF THE AMERICAS,40.7345254,-73.9985422,28619.0,O5,1.0,HARRAN HOLDING CORP
1005730008,68 WEST 10 STREET,40.7344211,-73.9984015,9135.0,C4,1.0,H-O REALTY CORPORATION
1005730009,66 WEST 10 STREET,40.7343909,-73.9983221,9135.0,C4,1.0,H-O REALTY CORPORATION
1005730010,64 WEST 10 STREET,40.734358,-73.9982464,4076.0,K4,1.0,"64 WEST 10TH ST., LLC"
1005730011,60 WEST 10 STREET,40.7343168,-73.9981453,20797.0,D1,1.0,"CASTEGA-60 WET 10THSTREET, LLC"
1005730013,58 WEST 10 STREET,40.7342729,-73.9980443,4090.0,W9,1.0,NEW YORK UNIVERSITY
1005730014,56 WEST 10 STREET,40.7342454,-73.9979757,1776.0,A4,1.0,SCHEUER JEFFREY
1005730015,54 WEST 10 STREET,40.7342152,-73.9979072,5500.0,C7,1.0,54 WEST 10TH OWNER LLC
1005730016,52 WEST 10 STREET,40.7341878,-73.9978386,2720.0,B2,1.0,"LAJBOSCHITZ, LENNART"
1005730017,50 WEST 10 STREET,40.7341576,-73.9977737,4000.0,A4,1.0,"SONENBERG, DAVID"
1005730018,48 WEST 10 STREET,40.7341301,-73.9977051,3864.0,S2,1.0,THE FENTON/GREER FAMILY TRUST
1005730023,38 WEST 10 STREET,40.7339819,-73.9973551,6016.0,C1,1.0,"38W10, LLC"
1005730024,36 WEST 10 STREET,40.7339545,-73.9972866,5844.0,A5,1.0,36 W TENTH HOLDINGS LLC
1005730025,34 WEST 10 STREET,40.733927,-73.9972252,6398.0,B2,1.0,"34 WEST 10TH I, LLC"
1005730026,32 WEST 10 STREET,40.7339023,-73.9971675,5008.0,C2,1.0,"EHRLICH, RICHARD"
1005730027,30 WEST 10 STREET,40.7338776,-73.9971062,5008.0,C1,1.0,"DAVIS, CARY"
1005730028,28 WEST 10 STREET,40.7338529,-73.9970484,5004.0,C2,1.0,28 WEST 10TH STREET LLC
1005730029,26 WEST 10 STREET,40.7338282,-73.9969907,5052.0,C6,1.0,26 WEST 10 STREET PROPERTIES LLC
1005730030,24 WEST 10 STREET,40.7338035,-73.9969294,5774.0,A9,1.0,24 WEST 10TH STREET TOWNHOUSE LLC
1005730033,18 WEST 10 STREET,40.7337047,-73.9967273,7424.0,B9,1.0,ANDREW W. SOLOMON
1005730034,16 WEST 10 STREET,40.7336717,-73.9966154,12960.0,S9,1.0,CENTER FOR MODERN PSYCHOANALYTIC STUDIES
1005730035,14 WEST 10 STREET,40.7336223,-73.9965,9196.0,D1,1.0,JALST REALTY CORP
1005730037,10 WEST 10 STREET,40.7335372,-73.9962979,8472.0,A4,1.0,10 WEST 10TH STREET ASSOCIATES LLC
1005730050,11 WEST 9 STREET,40.7334137,-73.996702,3872.0,C5,1.0,REANGLY LLC
1005730051,13 WEST 9 STREET,40.7334357,-73.9967562,3800.0,C2,1.0,WILLARD LLC
1005730052,15 WEST 9 STREET,40.7334577,-73.9968103,3800.0,A4,1.0,"MWB REALTY, LLC"
1005730053,17 WEST 9 STREET,40.7334741,-73.9968861,8646.0,S9,1.0,CMBS ANC1021 LLC
1005730057,25 WEST 9 STREET,40.7335867,-73.9971134,4068.0,C4,1.0,MILLER SUSAN D
1005730058,27 WEST 9 STREET,40.7336114,-73.9971711,3776.0,C2,1.0,CREM MANAGEMENT CO. INC.
1005730059,29 WEST 9 STREET,40.7336333,-73.9972252,4216.0,A9,1.0,"ZACCARO, ANNE"
1005730060,31 WEST 9 STREET,40.7336553,-73.9972758,3868.0,S9,1.0,VILLAGE REDWOOD LLC
1005730061,33 WEST 9 STREET,40.7336772,-73.9973299,3868.0,C2,1.0,GORMAN PROPERTIES LLC
1005730062,35 WEST 9 STREET,40.7337376,-73.997467,41412.0,D4,1.0,35 WEST 9 OWNERS CORP
1005730066,43 WEST 9 STREET,40.7338008,-73.9976221,5326.0,C5,1.0,43 WEST 9 LLC
1005730067,45 WEST 9 STREET,40.7338282,-73.9976907,4369.0,A4,1.0,KIRAT SINGH QUALIFIED PERSONAL RESIDENCE
1005730068,47 WEST 9 STREET,40.7338584,-73.9977593,6029.0,A4,1.0,AH NYRE 3 LLC
1005730069,49 WEST 9 STREET,40.7338968,-73.9978495,14080.0,C6,1.0,49 W 9TH STREET CORP.
1005730070,51 WEST 9 STREET,40.733927,-73.997918,3136.0,A5,1.0,THE JOHN A. LEGUIZAMO RLT DTD 2/28/07
1005730071,53 WEST 9 STREET,40.7339462,-73.9979685,3200.0,A4,1.0,53W9 LLC
1005730072,55 WEST 9 STREET,40.7339737,-73.9980299,4048.0,A9,1.0,RAINEY RONDELLIO LLC
1005730073,57 WEST 9 STREET,40.7340039,-73.9980984,3037.0,C0,1.0,"KRIEGER, HAROLD"
1005737501,59 WEST 9 STREET,40.7340313,-73.9981706,3800.0,R1,1.0,NAME NOT ON FILE
1005737502,422 AVENUE OF THE AMERICAS,40.7342454,-73.9986721,104556.0,RM,1.0,69 WEST 9TH ST
1005737503,12 WEST 10 STREET,40.7335784,-73.9963917,9850.0,R1,1.0,UNAVAILABLE OWNER
1005740001,442 AVENUE OF THE AMERICAS,40.7347889,-73.9984051,3762.0,S2,1.0,"442 VILLAGE PROPERTIES, LLC"
1005740002,444 AVENUE OF THE AMERICAS,40.7348465,-73.9983618,2800.0,S2,1.0,V.P. REALTY CORP.
1005740003,446 AVENUE OF THE AMERICAS,40.7348877,-73.9982933,3019.0,S1,1.0,"450 VILLAGE COMPANY, LLC"
1005740004,448 AVENUE OF THE AMERICAS,40.7349426,-73.9982536,3896.0,S2,1.0,"450 VILLAGE COMPANY, LLC"
1005740005,450 AVENUE OF THE AMERICAS,40.7350167,-73.998102,41296.0,D5,1.0,"450 VILLAGE COMPANY, LLC"
1005740007,458 AVENUE OF THE AMERICAS,40.7351512,-73.9980551,14432.0,C7,1.0,78 WEST 11 STREET LLC
1005740009,70 WEST 11 STREET,40.7349481,-73.997817,13700.0,C4,1.0,70 WEST 11TH STREET LLC
1005740010,68 WEST 11 STREET,40.7349206,-73.9977159,4400.0,C6,1.0,11TH OWNERS CORP
1005740011,64 WEST 11 STREET,40.7348602,-73.9975788,14196.0,C6,3.0,11TH OWNERS CORP.
1005740014,60 WEST 11 STREET,40.7348026,-73.9974417,3696.0,A4,1.0,DONALBANE HOUSE LLC
1005740017,54 WEST 11 STREET,40.7347148,-73.9972288,4168.0,C0,1.0,"ABRAMSON, JOSHUA DAVID"
1005740018,52 WEST 11 STREET,40.7346846,-73.9971602,4720.0,A5,1.0,MORTAKA LLC
1005740019,50 WEST 11 STREET,40.7346544,-73.9970917,3780.0,B9,1.0,50 WEST 11TH STREET NYC LLC
1005740020,48 WEST 11 STREET,40.7346269,-73.9970267,3984.0,C0,1.0,FATTY LITTLE ONE LLC
1005740021,46 WEST 11 STREET,40.7345995,-73.9969546,4932.0,S2,1.0,UNAVAILABLE OWNER
1005740022,44 WEST 11 STREET,40.7345693,-73.996886,3528.0,C0,1.0,"44 WEST 11TH STREET, L.L.C."
1005740023,42 WEST 11 STREET,40.7345418,-73.9968211,4436.0,A4,1.0,42 WEST 11 LLC
1005740024,40 WEST 11 STREET,40.7345144,-73.9967561,3672.0,B1,1.0,FEZZI VENTURES LLC
1005740025,38 WEST 11 STREET,40.7344842,-73.996684,4058.0,C3,1.0,LINDA ATKINS LLC
1005740026,36 WEST 11 STREET,40.734454,-73.9966154,4791.0,S5,1.0,"36 WEST 11TH STREET BH, LLC"
1005740027,34 WEST 11 STREET,40.7344265,-73.9965432,4488.0,S1,1.0,DMZ REAL ESTATE LLC
1005740028,32 WEST 11 STREET,40.7343963,-73.9964747,3696.0,B3,1.0,"PENTACLES REALTY,"
1005740029,30 WEST 11 STREET,40.7343662,-73.9964061,5670.0,B9,1.0,"30 WEST 11 STREET, LLC"
1005740030,28 WEST 11 STREET,40.734336,-73.9963303,6066.0,C1,1.0,"28 WEST 11TH STREET, LLC"
1005740031,26 WEST 11 STREET,40.7343058,-73.9962582,3906.0,C3,1.0,26 WEST 11TH STREET LLC
1005740032,24 WEST 11 STREET,40.7342756,-73.9961932,4278.0,A5,1.0,LLC 24W11
1005740033,22 WEST 11 STREET,40.7342481,-73.9961247,4684.0,A4,1.0,RED BRICK BUILDING LLC
1005740034,20 WEST 11 STREET,40.7342207,-73.9960561,3948.0,B1,1.0,20 WEST 11TH STREET OWNERS CORP
1005740036,16 WEST 11 STREET,40.734163,-73.9959226,5265.0,C0,1.0,"HAZAN , ELIZABETH"
1005740037,14 WEST 11 STREET,40.7341356,-73.9958541,4206.0,C6,1.0,14 WEST 11 TEN CORP
1005740038,12 WEST 11 STREET,40.7341026,-73.9957783,13205.0,M3,1.0,CHURCH OF THE ASCENSI
1005740044,36 5 AVENUE,40.733765,-73.9957206,8000.0,M1,1.0,CHURCH OF THE ASCENSI
1005740048,7 WEST 10 STREET,40.7338693,-73.9959551,7688.0,M3,1.0,CHURCH OF TH ASCENSIO
1005740052,15 WEST 10 STREET,40.7340121,-73.9962907,8840.0,A4,1.0,SIENA REALTY INC
1005740053,17 WEST 10 STREET,40.7340478,-73.9963737,10585.0,D4,1.0,WEST TENTH 17 APARTMENT CORP.
1005740054,19 WEST 10 STREET,40.7340807,-73.9964567,9465.0,C1,1.0,"19 WEST 10TH STREET, LLC"
1005740055,21 WEST 10 STREET,40.7341164,-73.9965396,8589.0,C1,1.0,WEST 10TH TOWNHOUSE LLC
1005740056,23 WEST 10 STREET,40.7341521,-73.9966262,7178.0,C7,1.0,23 WEST 10TH STREET CORP
1005740057,25 WEST 10 STREET,40.7341905,-73.9967128,7445.0,A9,1.0,"NICOLE AKEMI TAMARIBUCHI REED, TRUSTEE"
1005740058,27 WEST 10 STREET,40.7342234,-73.9967922,8204.0,C6,1.0,UNAVAILABLE OWNER
1005740059,29 WEST 10 STREET,40.7342564,-73.9968716,7824.0,C6,1.0,29 WEST 10TH ST CORP
1005740060,31 WEST 10 STREET,40.7342921,-73.9969546,11292.0,C4,1.0,HOLIAT EDWARD
1005740061,33 WEST 10 STREET,40.734325,-73.9970304,3565.0,A7,1.0,FIRST JANE ROSENBLUM QUALIFIED PERSONAL RESIDENCE
1005740062,35 WEST 10 STREET,40.7343552,-73.9971025,4454.0,B9,1.0,"GINA S. NEWHOUSE, AS TRUSTEE OF THE GINA  S."
1005740063,37 WEST 10 STREET,40.7343854,-73.9971783,8310.0,A4,1.0,37 WEST 10TH STREET HOUSING LLC
1005740064,39 WEST 10 STREET,40.7344183,-73.9972541,5110.0,A4,1.0,39 W. 10TH LLC
1005740065,41 WEST 10 STREET,40.7344485,-73.9973298,6540.0,C6,1.0,UNAVAILABLE OWNER
1005740066,43 WEST 10 STREET,40.7344815,-73.9974092,4704.0,C0,1.0,LAURA CARENDI 2024 REVOCABLE TRUST
1005740067,45 WEST 10 STREET,40.7345803,-73.9976365,77829.0,D4,1.0,45 W 10 TENANTS CORP
1005740072,57 WEST 10 STREET,40.7346709,-73.9978567,13278.0,D7,1.0,57 WEST 10TH LLC
1005740073,59 WEST 10 STREET,40.734745,-73.9980443,37999.0,C1,2.0,"19 MILE HOLDING ENTERPRISES, LLC"
1005740077,69 WEST 10 STREET,40.7347669,-73.9982716,2128.0,S1,1.0,"JARED ANTICO, AS LIMITED TRUSTEE"
1005747501,9 WEST 10 STREET,40.733905,-73.9960345,5362.0,R1,1.0,9 WEST 10TH STREET CONDOMINIUM
1005750003,466 AVENUE OF THE AMERICAS,40.735519,-73.997835,9231.0,C7,3.0,"466 ASSOCIATES,"
1005750011,472 AVENUE OF THE AMERICAS,40.7357194,-73.9976979,34485.0,D8,1.0,12TH AMERICAS COMPANY LLC
1005750013,82 WEST 12 STREET,40.7356562,-73.9975174,20634.0,D7,1.0,ANPORA 82 WEST 12TH STREET LLC
1005750015,80 WEST 12 STREET,40.7356096,-73.9974164,3040.0,A4,1.0,"GARDNER RANKIN, ARTHUR"
1005750023,64 WEST 12 STREET,40.7354037,-73.9969293,3270.0,B9,1.0,"FINK, HENRI"
1005750031,48 WEST 12 STREET,40.7351923,-73.9964241,5800.0,C6,1.0,UNAVAILABLE OWNER
1005750032,44 WEST 12 STREET,40.7351649,-73.9963592,6100.0,C6,1.0,UNAVAILABLE OWNER
1005750033,42 WEST 12 STREET,40.7351374,-73.9962906,8113.0,A4,1.0,42 WEST 12 LLC
1005750034,40 WEST 12 STREET,40.73511,-73.9962257,4484.0,C6,1.0,12 STREET OWNERS CORP
1005750035,38 WEST 12 STREET,40.7350825,-73.9961607,5400.0,A4,1.0,"UPHAM, SAMUEL PHINEAS"
1005750036,36 WEST 12 STREET,40.7350551,-73.9960958,5775.0,A4,1.0,LEEDS ASHLEY
1005750037,34 WEST 12 STREET,40.7350276,-73.9960308,5845.0,C2,1.0,W12TH STREET LLC
1005750038,30 WEST 12 STREET,40.7349974,-73.9959587,9080.0,S5,1.0,OLGA RAGUSA PHD AND ISA RAGUSA PHD FOUND ATION FOR
1005750039,28 WEST 12 STREET,40.7349865,-73.9958721,6000.0,S9,1.0,28 W 12 S&S LLC
1005750040,24 WEST 12 STREET,40.7349261,-73.9958179,19924.0,W9,1.0,NY UNIVERSITY
1005750041,22 WEST 12 STREET,40.7348959,-73.9957169,5991.0,C2,1.0,GARCIA-MORENO DOLORES
1005750042,20 WEST 12 STREET,40.7348629,-73.9956375,7227.0,C2,1.0,CASPER R CALLEN TRUST
1005750043,18 WEST 12 STREET,40.73483,-73.9955617,9151.0,C0,1.0,BLACKDIAMOND 1812 LLC
1005750044,16 WEST 12 STREET,40.734797,-73.9954824,6180.0,A5,1.0,"16 WEST 12 HOLDINGS, LLC"
1005750056,11 WEST 11 STREET,40.7344567,-73.9955293,5000.0,C6,1.0,11 WEST 11TH STREET OWNERS CORP
1005750061,21 WEST 11 STREET,40.7346132,-73.995836,4038.0,B1,1.0,MICHAEL B. BENNER AS TRUSTEE
1005750062,23 WEST 11 STREET,40.7346379,-73.9958973,3920.0,B1,1.0,FRIEDMAN  MAX
1005750063,25 WEST 11 STREET,40.7346653,-73.9959587,4000.0,A9,1.0,EPSTEIN DANIELLE
1005750064,27 WEST 11 STREET,40.7347037,-73.9960561,20184.0,H3,1.0,ST CLAIRE BUILDRS &
1005750068,37 WEST 11 STREET,40.7348437,-73.9963881,3696.0,C0,1.0,09HOME21 LLC
1005750069,39 WEST 11 STREET,40.7348739,-73.9964566,3780.0,A4,1.0,ELIZBETH B. GILMORE
1005750070,41 WEST 11 STREET,40.7349014,-73.9965252,5411.0,A4,1.0,REINVENT GOLDEN RIDGE LLC
1005750071,43 WEST 11 STREET,40.7349316,-73.9965973,5300.0,B1,1.0,"WEILER, SUSAN J"
1005750075,51 WEST 11 STREET,40.7350551,-73.9968896,8628.0,C5,1.0,"51 WEST 11TH STREET, L.P."
1005750085,71 WEST 11 STREET,40.7353763,-73.9976546,5002.0,B2,1.0,"DEAN, NATHANIEL"
1005750086,73 WEST 11 STREET,40.7354065,-73.9977267,7969.0,C7,1.0,73 WEST 11TH LLC
1005750124,62 WEST 12 STREET,40.735379,-73.9968679,3200.0,A5,1.0,JESSICA ICLISOY AS TRUSTEE
1005750125,60 WEST 12 STREET,40.7353515,-73.996803,3040.0,A4,1.0,KIMBERLEY A. FITERMAN-DUEPNER &    GREGO RY A. DUEPNER
1005750126,58 WEST 12 STREET,40.7353296,-73.9967453,4169.0,C3,1.0,SALOME CONZEN
1005750127,56 WEST 12 STREET,40.7353021,-73.9966839,4169.0,C2,1.0,20 CHARLES STREET LLC
1005750128,54 WEST 12 STREET,40.7352747,-73.9966226,4313.0,C2,1.0,54 WEST 12TH PARTNERSHIP LP
1005750129,52 WEST 12 STREET,40.7352472,-73.9965576,5360.0,C2,1.0,THE 1994 BARBARA LIDSKY TRUST AGREEMENT
1005750130,50 WEST 12 STREET,40.7352198,-73.9964891,4872.0,S1,1.0,LBLB REAL ESTATE 2 LLC
1005757501,53 WEST 11 STREET,40.735088,-73.9969654,11380.0,RM,1.0,NAME NOT ON FILE
1005757502,31 WEST 11 STREET,40.7347641,-73.9962004,30263.0,R4,1.0,31 W 11 CONDOMINIUM
1005760048,11 WEST 12 STREET,40.7351182,-73.9950457,8125.0,A4,1.0,12TH STREET NY HOLDINGS LLC
1005760049,15 WEST 12 STREET,40.7352033,-73.9951937,66201.0,D4,1.0,12 STREET APARTMENTS CORP.
1005760052,19 WEST 12 STREET,40.7352527,-73.9953596,6725.0,A4,1.0,"19W12, LLC"
1005760053,21 WEST 12 STREET,40.7352856,-73.9954354,8750.0,C7,1.0,"WACO ENTERPRISES, LLC"
1005760055,29 WEST 12 STREET,40.735335,-73.9956086,7993.0,C1,1.0,29 WEST 12TH STREETREALTY    .
1005760056,31 WEST 12 STREET,40.7353789,-73.9957457,44586.0,D4,1.0,31 OPERATING CORP
1005760060,35 WEST 12 STREET,40.7354146,-73.9958756,2184.0,A4,1.0,"GREENE, SCOTT"
1005760063,41 WEST 12 STREET,40.7354805,-73.9960957,3075.0,S1,1.0,"41 WEST 12TH STREET,LLC"
1005760064,45 WEST 12 STREET,40.7355107,-73.9962004,1656.0,A4,1.0,45 WEST 12TH ST LLC
1005760065,47 WEST 12 STREET,40.7355629,-73.9962473,5290.0,C3,1.0,FLAGSTAFF 3 LLC
1005760163,43 WEST 12 STREET,40.7355025,-73.9961426,2288.0,A4,1.0,"GLASER, NATALIE"
1005770012,56 WEST 14 STREET,40.7368364,-73.9963446,22819.0,O6,1.0,"BABSOL REALTY, LLC"
1005840061,79 BEDFORD STREET,40.7316323,-74.0052138,24635.0,D4,1.0,PENMARK REALTY CORP
1005850001,464 HUDSON STREET,40.7318848,-74.0060942,97290.0,D7,2.0,"HUDBAR ASSOCIATES, L.L.C."
1005850012,482 HUDSON STREET,40.7322224,-74.0062422,24192.0,D4,1.0,2 GROVE ST APARTMENT CORP
1005850014,2 1/2 GROVE STREET,40.7322608,-74.0061159,2064.0,A4,1.0,TWO & A HALF LLC
1005850015,4 GROVE STREET,40.7322526,-74.0060437,1542.0,A4,1.0,4 GROVE STREET TRUST
1005850016,6 GROVE STREET,40.7322114,-74.0059788,1428.0,B2,1.0,RUSSELL E HORTON
1005850017,8 GROVE STREET,40.7322087,-74.0059138,1425.0,A4,1.0,MOLONEY THOMAS J
1005850018,10 GROVE STREET,40.7322087,-74.0058489,1480.0,A5,1.0,A LA PRELLE
1005850021,14 GROVE STREET,40.7322389,-74.0056216,2640.0,C0,1.0,LBD1 LLC
1005850022,16 GROVE STREET,40.7322554,-74.0055494,2688.0,C0,1.0,HARLEY J. NEUMAN AS TRUSTEE
1005850023,18 GROVE STREET,40.7322773,-74.0054772,3840.0,A5,1.0,"THE GROVE PAD TRUST DATED JUNE 6, 2018"
1005850024,95 BEDFORD STREET,40.7321209,-74.005535,9232.0,S5,1.0,"BEDFORD VILLAGE, LLC"
1005850025,91 BEDFORD STREET,40.7320193,-74.0054917,19925.0,C4,2.0,CASTEGA REALTY ASSOCIATES
1005850027,89 BEDFORD STREET,40.7319617,-74.0053509,3815.0,C6,1.0,85 BEDFORD OWNERS INC
1005850028,87 BEDFORD STREET,40.7319123,-74.0053257,3595.0,C6,1.0,85 BEDFORD OWNERS INC
1005850029,85 BEDFORD STREET,40.7318574,-74.0052932,4932.0,C6,1.0,85 BEDFORD OWNERS INC
1005850030,62 BARROW STREET,40.7318684,-74.0054411,4355.0,C6,1.0,85 BEDFORD OWNERS INC
1005850031,64 BARROW STREET,40.7318464,-74.0055061,4125.0,C6,1.0,85 BEDFORD OWNERS INC
1005850032,66 BARROW STREET,40.7318272,-74.0055638,4235.0,C6,1.0,85 BEDFORD OWNERS INC
1005850033,68 BARROW STREET,40.731797,-74.0056143,3465.0,C6,1.0,85 BEDFORD OWNERS INC
1005850034,70 BARROW STREET,40.731808,-74.0056757,6192.0,C1,1.0,BARROW FIREHOUSE LP
1005850046,494 HUDSON STREET,40.7328043,-74.006134,3803.0,C7,1.0,494 HUDSON LLC
1005850047,496 HUDSON STREET,40.7328647,-74.0061268,4426.0,C7,1.0,494 HUDSON LLC
1005850048,498 HUDSON STREET,40.7329278,-74.0061268,4462.0,S2,1.0,"JACOBSON, JUDITH ANN"
1005850049,500 HUDSON STREET,40.7329992,-74.0061412,5448.0,C7,1.0,HUDSON 500 LLC
1005850051,115 BEDFORD STREET,40.7329882,-74.0059247,1134.0,A4,1.0,"WEISS, AARON"
1005850052,113 BEDFORD STREET,40.7329388,-74.0059031,1122.0,A4,1.0,SAPOKANIKAN LLC
1005850053,111 BEDFORD STREET,40.7328921,-74.0058886,2520.0,A5,1.0,"BRADBURN, JAMES"
1005850054,109 BEDFORD STREET,40.732851,-74.0058778,1440.0,A4,1.0,THOMAS HESSE
1005850055,107 BEDFORD STREET,40.7328153,-74.005867,1440.0,C0,1.0,"TREYZ, RUSSELL L"
1005850065,6 GROVE COURT,40.7320412,-74.0060076,1152.0,A3,1.0,AROWEN IN WONDERLAND LLC
1005850066,5 GROVE COURT,40.7320358,-74.0059499,1152.0,A5,1.0,ANTHONY DAVID BUNE
1005850067,4 GROVE COURT,40.7320303,-74.0058922,1152.0,A5,1.0,"CHRISTINE G. DUPUY , AS TRUSTEE"
1005850068,3 GROVE COURT,40.7320248,-74.0058308,1152.0,A4,1.0,"CHARLES R. REYNOLDS JR., TRUSTEE"
1005850069,2 GROVE COURT,40.7320193,-74.0057767,1152.0,A5,1.0,LAST LEAF LLC
1005850070,1 GROVE COURT,40.7320138,-74.0057118,1260.0,A4,1.0,BRIAN HENRY CULLMAN
1005870010,26 COMMERCE STREET,40.731528,-74.0045535,1360.0,B9,1.0,"CHAMBERS, JAMES A"
1005870012,20 COMMERCE STREET,40.731572,-74.0043839,10646.0,C5,1.0,MERAUKE LLC
1005870014,18 COMMERCE STREET,40.7316077,-74.0042576,1200.0,A9,1.0,"HARNEY, THOMAS M"
1005870015,16 COMMERCE STREET,40.7316543,-74.0041891,1850.0,A5,1.0,EASTON ROBERT L
1005870016,14 COMMERCE STREET,40.7317147,-74.0041205,782.0,K1,1.0,IADICICCO MICHAEL
1005870020,57 7 AVENUE,40.7316571,-74.0036875,2480.0,S3,1.0,"JEM REAL ESTATE CO.,"
1005870021,284 BLEECKER STREET,40.731841,-74.0035504,10293.0,C5,1.0,"JEM REAL ESTATE CO.,"
1005870024,282 BLEECKER STREET,40.7317504,-74.0035432,4179.0,S2,1.0,"JEM REAL ESTATE CO.,"
1005870025,280 BLEECKER STREET,40.7316983,-74.0035035,4208.0,S3,1.0,280 BLEECKER STREET OWNER LLC
1005870026,272 BLEECKER STREET,40.7315693,-74.0033917,20797.0,C7,1.0,G WAY HOLDING CORP
1005870028,5 MORTON STREET,40.7315336,-74.0035252,8125.0,C5,1.0,5 MORTON STREET LLC
1005870029,7 MORTON STREET,40.7315061,-74.0036082,8125.0,C5,1.0,BRUDLAW REALTY COMPANY LLC
1005870043,63 BARROW STREET,40.73183,-74.0048313,1071.0,A4,1.0,MOSS ADAM
1005870044,59 BARROW STREET,40.7318107,-74.004687,12905.0,D4,1.0,59 61 BARROW ST CORP
1005870046,53 BARROW STREET,40.7318519,-74.004503,28635.0,C7,1.0,UNITED VILLAGE LLC
1005870049,51 BARROW STREET,40.7319535,-74.0043767,1045.0,A4,1.0,SMALL TOWN USA LLC
1005870050,49 BARROW STREET,40.7319754,-74.0043082,1683.0,B2,1.0,ADAM B. SABEN AS TRUSTEE
1005870051,47 BARROW STREET,40.7319974,-74.004236,1890.0,B9,1.0,FEREBEE ANN
1005870052,45 BARROW STREET,40.7320221,-74.0041675,1968.0,A9,1.0,CABRITO PROPERTIES LLC
1005870053,43 BARROW STREET,40.7320413,-74.0040989,2205.0,A4,1.0,THE N&E BULCAO FAMILY TRUST DTD 12/13/20 11
1005870054,41 BARROW STREET,40.7320633,-74.0040267,924.0,A4,1.0,JRE HOLDINGS LLC
1005870055,39 BARROW STREET,40.7320743,-74.003951,2256.0,A9,1.0,"TMEC BARROW, INC."
1005870056,74 7 AVENUE SOUTH,40.7321292,-74.0038824,2822.0,K2,1.0,"CEM SEVENTH AVE, INC."
1005870062,9 COMMERCE STREET,40.7319398,-74.0040376,2584.0,C0,1.0,"SMITH, TAMI J"
1005870063,11 COMMERCE STREET,40.7319178,-74.0041061,2568.0,B1,1.0,"BIRCHBY, TIMOTHY P"
1005870064,13 COMMERCE STREET,40.7318959,-74.0041783,1890.0,B9,1.0,GPMA CHERRY LANE LLC
1005870065,15 COMMERCE STREET,40.7318739,-74.0042468,1638.0,A4,1.0,"TO THE WINDOW TO THE WALL, LLC"
1005870066,17 COMMERCE STREET,40.7318519,-74.0043154,951.0,A4,1.0,17 COMMERCE LLC
1005877501,76 BEDFORD STREET,40.7317311,-74.0048422,14563.0,R2,1.0,STAR CORNER CONDOMINIUM INC
1005880002,58 BARROW STREET,40.7320276,-74.0049649,900.0,B9,1.0,"PAMELA COURT, LLC"
1005880003,86 BEDFORD STREET,40.7320907,-74.0050551,3864.0,S1,1.0,SPEAKEASY 86 LLC
1005880004,88 BEDFORD STREET,40.7321538,-74.0050912,2130.0,A4,1.0,BOTTLE TOWER INC.
1005880006,90 BEDFORD STREET,40.7322938,-74.0052499,15586.0,C7,1.0,JP REAL ESTATE GROUP LIMITED
1005880009,26 GROVE STREET,40.7323844,-74.0049577,22392.0,D1,1.0,26 GROVE NY LLC
1005880011,28 GROVE STREET,40.7324228,-74.0048386,4949.0,A9,1.0,28 GROVE STREET LLC
1005880012,30 GROVE STREET,40.7324448,-74.0047664,4567.0,A4,1.0,THE CHISHOLM LIVING TRUST
1005880013,32 GROVE STREET,40.7324667,-74.0046979,3780.0,B1,1.0,"ROBB, RICHARD"
1005880014,34 GROVE STREET,40.7324915,-74.0046257,3312.0,C0,1.0,ELIZBETH B. GILMORE
1005880015,36 GROVE STREET,40.7325134,-74.0045572,4730.0,A4,1.0,"LUKE, TIMOTHY"
1005880016,38 GROVE STREET,40.7325354,-74.0044886,4525.0,A5,1.0,38 GROVE STREET LLC
1005880017,40 GROVE STREET,40.7325573,-74.0044092,7050.0,C1,1.0,"40 GROVE STREET, LLC"
1005880018,42 GROVE STREET,40.732593,-74.004301,17603.0,C7,1.0,GROVE 44 ASSOCIATES LLC
1005880022,310 BLEECKER STREET,40.7326589,-74.0040845,3360.0,S3,1.0,310 BLEECKER ST/RLTY/CP
1005880023,308 BLEECKER STREET,40.7326068,-74.0040556,3360.0,S3,1.0,"BUTCHER GROUP, LLC"
1005880024,306 BLEECKER STREET,40.7325573,-74.0040232,3360.0,S3,1.0,COURDON BLEECKER LLC
1005880025,304 BLEECKER STREET,40.7325052,-74.0039943,3965.0,S3,1.0,304 BLEECKER LLC
1005880028,298 BLEECKER STREET,40.7323597,-74.0039077,3420.0,S2,1.0,298 BLEECKER REALTY
1005880032,38 BARROW STREET,40.7323076,-74.0042613,3524.0,C2,1.0,SUSAN GINSBURG ART CONSULTANT LLC
1005880033,40 BARROW STREET,40.7322829,-74.0043407,4491.0,B9,1.0,"GUTIERREZ , MARIA"
1005880034,42 BARROW STREET,40.7322582,-74.0044128,4203.0,A4,1.0,BARROW STREET LLC
1005880035,44 BARROW STREET,40.7322362,-74.0044886,3971.0,W8,1.0,COOP-SOC SETTLEMNT SO
1005880036,46 BARROW STREET,40.7322115,-74.0045608,3975.0,W8,1.0,COOP SOC SETTLEMENT
1005880039,52 BARROW STREET,40.7321346,-74.0047989,10105.0,C4,1.0,M & E 52 BARROW LLC
1005880040,54 BARROW STREET,40.7321099,-74.0048819,9320.0,C5,1.0,54 BARROW STREET ASSOCIATES LLC
1005880041,56 BARROW STREET,40.7319864,-74.0049107,1320.0,A5,1.0,"56 BARROW, LLC"
1005880042,102 BEDFORD STREET,40.7327412,-74.0054665,4400.0,C6,1.0,102 BEDFORD ST OWNERS
1005880043,104 BEDFORD STREET,40.732829,-74.005452,14328.0,D4,1.0,104 106 BEDFORD ST OWNERS CORP
1005880045,120 CHRISTOPHER STREET,40.7329937,-74.0055928,22785.0,C7,2.0,M&E CHRISTOPHER
1005880047,118 CHRISTOPHER STREET,40.7330294,-74.0054484,8545.0,C7,1.0,M&E CHRISTOPHER
1005880050,112 CHRISTOPHER STREET,40.7330541,-74.005167,5043.0,S3,1.0,RODA REAL ESTATE CORP.
1005880051,106 CHRISTOPHER STREET,40.7330843,-74.0050335,20490.0,D7,1.0,110 CHRISTOPHER STREET
1005880054,100 CHRISTOPHER STREET,40.7331337,-74.0048242,21849.0,C7,1.0,100 CHRISTOPHER LLC
1005880057,98 CHRISTOPHER STREET,40.7331694,-74.0046582,7374.0,C7,1.0,TRANSFERANCE REALTY LLC
1005880058,96 CHRISTOPHER STREET,40.7331749,-74.0045789,3800.0,C5,1.0,"GHS, LLC"
1005880059,94 CHRISTOPHER STREET,40.7331886,-74.0045103,3148.0,S3,1.0,"GHS,"
1005880061,326 BLEECKER STREET,40.7332106,-74.004366,3272.0,S3,1.0,"GHS, LLC"
1005880062,324 BLEECKER STREET,40.7331584,-74.0043371,3600.0,S2,1.0,THE BLEECKER STREET LIMITED PARTNERSHIP
1005880066,316 BLEECKER STREET,40.7329608,-74.0041531,2148.0,S9,1.0,"GROVE TR, LLC."
1005880067,43 GROVE STREET,40.733002,-74.0043263,11704.0,C7,1.0,GROVE EQUITIES
1005880071,33 GROVE STREET,40.7328977,-74.0047196,31460.0,D1,1.0,35 GROVE LLC
1005880074,31 GROVE STREET,40.7328428,-74.0048964,3792.0,A5,1.0,31 GROVE LLC
1005880075,29 GROVE STREET,40.7328181,-74.0049685,3200.0,A4,1.0,ISABEL S KLERER
1005880076,27 GROVE STREET,40.7327961,-74.0050407,5172.0,C5,1.0,CASTEGA - 27 GROVE S
1005880077,25 GROVE STREET,40.7327687,-74.0051273,13110.0,C4,1.0,25 GROVE STREET LLC
1005880078,23 GROVE STREET,40.7327467,-74.0052283,11838.0,D3,1.0,ZAPATA 23 LLC
1005887501,312 BLEECKER STREET,40.7327358,-74.0041314,6507.0,RM,2.0,BLEECKER GROVE CONDOMINIUM
1005900007,269 BLEECKER STREET,40.7315089,-74.0029154,1422.0,M1,1.0,NEIGHBORHOOD CHURCH
1005900008,271 BLEECKER STREET,40.7315391,-74.0029334,2294.0,S1,1.0,"271 BLEECKER, LLC"
1005900009,273 BLEECKER STREET,40.7315857,-74.0029623,5628.0,K4,1.0,273 BLEECKER LLC
1005900010,275 BLEECKER STREET,40.7316489,-74.0029984,4519.0,S4,1.0,300 EAST 69TH STREET LLC
1005900011,277 BLEECKER STREET,40.731712,-74.0030381,11578.0,C6,1.0,BLEECKER STREET TENANTS CORP
1005900013,30 JONES STREET,40.7316873,-74.0028108,3405.0,C6,1.0,GREENWICH HSE APTS
1005900015,26 JONES STREET,40.731734,-74.0026773,3558.0,C6,1.0,GREENWICH HOUSE COOP APTS INC
1005900016,22 JONES STREET,40.7317724,-74.0025726,28656.0,D7,1.0,TRILOBITE LLC
1005900018,20 JONES STREET,40.731863,-74.0024969,2055.0,S2,1.0,THE JULIA DEUTSCH 2024 TRUST NO. 1
1005900019,18 JONES STREET,40.7318877,-74.0024283,3288.0,C0,1.0,"TAYLOR, JOHN"
1005900020,16 JONES STREET,40.7318053,-74.0023597,5524.0,W3,1.0,CO-OP SETTLEMENT INC
1005900021,14 JONES STREET,40.7318794,-74.0022551,9395.0,C4,1.0,14 JONES LLC
1005900022,12 JONES STREET,40.7319398,-74.0020891,48544.0,D1,1.0,"CARALEX HOLDINGS, LLC"
1005900025,8 JONES STREET,40.7319975,-74.0019268,11022.0,C4,1.0,JAKEY HOLDINGS 2 LLC
1005900026,6 JONES STREET,40.7320249,-74.0018438,10902.0,C4,1.0,"6 JONES STREET ASSOCIATES, LLC"
1005900029,168 WEST 4 STREET,40.7320085,-74.0016417,12259.0,C7,1.0,GEMROSON REALTY CORP
1005900031,166 WEST 4 STREET,40.7319453,-74.0015443,4300.0,S4,1.0,"166 W FOUR, LLC"
1005900032,162 WEST 4 STREET,40.7318383,-74.0014108,11666.0,C7,1.0,162 WEST REALTY LLC
1005900033,5 CORNELIA STREET,40.7318081,-74.0015154,7855.0,C7,1.0,ROSAR REALTY CORP
1005900037,13 CORNELIA STREET,40.7316571,-74.0018257,6860.0,C1,1.0,143 PERRY CORP.
1005900041,21 CORNELIA STREET,40.7316077,-74.0021829,3327.0,A5,2.0,21 CORNELIA STREET OWNER LLC
1005900042,23 CORNELIA STREET,40.731583,-74.0022515,3357.0,A5,1.0,CORNELIA US HOLDINGS CORP.
1005900043,25 CORNELIA STREET,40.7315473,-74.0023561,17826.0,C1,1.0,NEW JHT CORP.
1005900045,29 CORNELIA STREET,40.7315007,-74.0024932,17217.0,C7,1.0,29 CORNELIA PARTNERS LP
1005900049,281 BLEECKER STREET,40.7318877,-74.003186,5275.0,S3,1.0,MONGIOI LIVING TRUST
1005900050,283 BLEECKER STREET,40.7319645,-74.003186,8125.0,C7,1.0,WHISTLEPIG ASSOCIATES INC
1005900051,285 BLEECKER STREET,40.7320276,-74.0032257,8125.0,C7,1.0,"285 BLEECKER STREET REALTY, LLC"
1005900052,287 BLEECKER STREET,40.7320908,-74.0032618,8375.0,C7,1.0,BLEECKER & BARROW LLC
1005900053,289 BLEECKER STREET,40.7321594,-74.0033015,7505.0,K4,1.0,WALKERGINZEL LLC
1005900055,73 7 AVENUE SOUTH,40.7323186,-74.0033159,1630.0,K2,1.0,BOSB LLC
1005900056,27 BARROW STREET,40.7323186,-74.0030958,31504.0,W8,1.0,COOP-SOC SETTLEMNT SO
1005900059,25 BARROW STREET,40.7323762,-74.0029299,3016.0,S2,1.0,NFJ REALTY LLC
1005900060,23 BARROW STREET,40.7324037,-74.0028505,8065.0,C5,1.0,23 BARROW STREET ASSO
1005900064,15 BARROW STREET,40.7325217,-74.0025185,7702.0,S4,1.0,RAGANATI REALTY CORP
1005900073,182 WEST 4 STREET,40.7324284,-74.0019484,16220.0,C7,1.0,A B ILIBASSI RLTY CO
1005900075,5 JONES STREET,40.7324037,-74.0020603,9610.0,C7,1.0,5 JONES STREET NY LLC
1005900076,7 JONES STREET,40.7323735,-74.0021397,9785.0,C5,1.0,"LL 7 JONES STREET, LLC"
1005900077,9 JONES STREET,40.7323433,-74.0022227,15778.0,D0,1.0,JONES ST OWNERS CORP
1005900078,11 JONES STREET,40.7323131,-74.0022984,9725.0,C4,1.0,"11 JONES STREET ASSOCIATES, LLC"
1005900079,13 JONES STREET,40.7322747,-74.0024211,36760.0,D4,1.0,JONES ST APTS INC
1005900081,17 JONES STREET,40.7322308,-74.0025438,7322.0,S2,1.0,"STELLA, FRANK"
1005900082,19 JONES STREET,40.7322006,-74.0026304,10758.0,C4,1.0,G WAY HOLDING CORP
1005900084,23 JONES STREET,40.7321402,-74.0027927,10105.0,C7,1.0,"23 JONES STREET ASSOCIATES, LLC"
1005900085,25 JONES STREET,40.7321127,-74.0028757,9375.0,C4,1.0,"JONES STREET BUILDING ASSOCIATES, LLC"
1005900086,27 JONES STREET,40.7320825,-74.0029551,9375.0,C4,1.0,"JONES STREET BUILDING ASSOCIATES, LLC"
1005900087,29 JONES STREET,40.7320551,-74.0030381,9375.0,D1,1.0,29 JONES CO
1005900088,31 JONES STREET,40.7319316,-74.0030597,1925.0,B3,1.0,"POLESNY, EVELYN"
1005900137,13 REAR CORNELIA STREET,40.7317779,-74.0018979,1650.0,B1,1.0,"13 CORNELIA REAR, LLC"
1005907502,9 BARROW STREET,40.7326041,-74.0022804,72987.0,RM,1.0,LOWELL ASSOCIATES
1005910002,301 BLEECKER STREET,40.7325354,-74.0036371,468.0,K2,1.0,STEVEN ELI
1005910003,303 BLEECKER STREET,40.7326068,-74.0036299,2057.0,S1,1.0,EROPEL LLC
1005910004,305 BLEECKER STREET,40.7326864,-74.0036227,5253.0,S1,1.0,BLDG BLEECKER LLC
1005910006,309 BLEECKER STREET,40.7328044,-74.0036696,4737.0,K1,1.0,309-313 BLEECKER STREET LP
1005910009,315 BLEECKER STREET,40.7329005,-74.0037345,3459.0,S9,1.0,50 GROVE STREET ASSOC
1005910010,52 GROVE STREET,40.7329252,-74.0034747,10444.0,S9,1.0,5
1005910017,97 7 AVENUE SOUTH,40.7330185,-74.0028577,2817.0,K1,1.0,AVEL REALTY LLC
1005910019,101 7 AVENUE SOUTH,40.7330844,-74.0027747,7250.0,C7,1.0,70 GROVE STREET LLC
1005910022,74 GROVE STREET,40.733142,-74.0025943,15296.0,K4,1.0,J P MORGAN CHASE
1005910026,194 WEST 4 STREET,40.7328538,-74.0026232,168332.0,D4,1.0,SHERIDAN OWNERS CORP
1005910033,16 BARROW STREET,40.7327029,-74.0030201,7397.0,C7,1.0,16 BARROW EQ LLC
1005910034,18 BARROW STREET,40.7326233,-74.0031067,3830.0,K2,1.0,"EIGHTY-NINE SEVENTH, LLC"
1005910040,317 BLEECKER STREET,40.7331502,-74.0038031,43128.0,D7,1.0,49 GROVE REALTY LLC
1005910043,323 BLEECKER STREET,40.7332847,-74.0039438,12418.0,C7,1.0,323-325 BLEECKER REALTY LLC
1005910045,327 BLEECKER STREET,40.7333506,-74.0039979,3481.0,S9,1.0,327 BLEECKER STREET LLC
1005910046,86 CHRISTOPHER STREET,40.7333369,-74.0037778,3587.0,S4,1.0,86 CHRISTOPHER STREET LLC
1005910047,84 CHRISTOPHER STREET,40.7333204,-74.0037021,3564.0,S5,1.0,"CHRISTOPHER DEVELOPMENT CO.,"
1005910048,82 CHRISTOPHER STREET,40.7333396,-74.0036227,6375.0,C7,1.0,82 CHRISTOPHER STREET LLC
1005910049,78 CHRISTOPHER STREET,40.7333643,-74.0034892,11565.0,C6,1.0,78-80 CHRISTOPHER STETC
1005910051,61 GROVE STREET,40.7333259,-74.003316,14295.0,C7,1.0,61 GROVE ST. OWNER LLC
1005910052,74 CHRISTOPHER STREET,40.7333945,-74.0032366,1733.0,K1,1.0,A.J.R. REALITY CORP
1005910053,108 7 AVENUE SOUTH,40.7334412,-74.0031681,3084.0,K4,1.0,108 7TH AVE. SOUTH INC.
1005910054,110 7 AVENUE SOUTH,40.7334851,-74.0031031,373.0,K1,1.0,"70 CHRISTOPHER REALTY,"
1005910060,59 GROVE STREET,40.7332353,-74.003399,2091.0,S2,1.0,T PAINE 59 HOUSE CORP
1005910061,57 GROVE STREET,40.7332134,-74.0034711,1851.0,S2,1.0,57 GROVE CORP
1005910062,55 GROVE STREET,40.7331969,-74.0035397,2224.0,O8,1.0,BELMA REATLY L.L.C.
1005920006,126 WEST WASHINGTON PLCE,40.7326837,-74.0016273,2520.0,C3,1.0,"SPICER, RICHARD C"
1005920007,124 WEST WASHINGTON PLCE,40.7326452,-74.0015732,3520.0,C0,1.0,"GREENAN, GARTH"
1005920008,122 WEST WASHINGTON PLCE,40.7326013,-74.0015299,3168.0,B1,1.0,122 WASHINGTON LLC
1005920009,120 WEST WASHINGTON PLCE,40.7325739,-74.0014794,3066.0,B3,1.0,"ABELS, JANET M KAPRAL"
1005920010,118 WEST WASHINGTON PLCE,40.7325464,-74.0014216,3121.0,B3,1.0,118 WASHINGTON PLACE LLC
1005920011,116 WEST WASHINGTON PLCE,40.7325217,-74.0013675,3135.0,B1,1.0,WELLS HANSON PROPERTIES LLC
1005920012,114 WEST WASHINGTON PLCE,40.7324943,-74.0013134,1995.0,B3,1.0,"DOLAN, SCOTT ERIC"
1005920013,112 WEST WASHINGTON PLCE,40.7324641,-74.0012557,3562.0,A4,1.0,112 WAPL LLC
1005920015,108 WEST WASHINGTON PLCE,40.7323955,-74.0011258,3528.0,C0,1.0,THE ROBIN GREEN TRUST DATED 9/8/2000
1005920016,106 WEST WASHINGTON PLCE,40.7323653,-74.0010644,3529.0,C0,1.0,106 WASHINGTON PLACE LLC
1005920017,104 WEST WASHINGTON PLCE,40.7323955,-74.0009453,2076.0,S3,1.0,"JOSIP CALE, MANAGING MEMBER"
1005920018,361 AVENUE OF THE AMERICAS,40.7323351,-74.0008191,4200.0,S9,1.0,AFRICAN AMERICAN CO.
1005920021,355 AVENUE OF THE AMERICAS,40.7321979,-74.0009526,4858.0,S5,1.0,ANTHONY PELLEGRINO
1005920022,353 AVENUE OF THE AMERICAS,40.7321402,-74.0009814,7195.0,K4,1.0,353 6 AVE. REALTY LLC
1005920023,351 AVENUE OF THE AMERICAS,40.7320908,-74.0010175,5048.0,S5,1.0,"351 6TH AVENUE, LLC"
1005920024,349 AVENUE OF THE AMERICAS,40.7320359,-74.0010464,5756.0,S3,1.0,"IOLE REALTY CO.,    ."
1005920027,161 WEST 4 STREET,40.7321045,-74.0011907,4597.0,S5,1.0,161 WEST 4 REALTY LLC
1005920028,163 WEST 4 STREET,40.7321402,-74.0012304,4500.0,S5,1.0,ROBIN ELI EMMA LLC
1005920029,165 WEST 4 STREET,40.7322226,-74.0013062,20670.0,C7,1.0,SOUTH NEW YORK VENTURES LLC
1005920032,171 WEST 4 STREET,40.7323296,-74.0014397,11010.0,C7,1.0,"171 WEST FOURTH,LLC"
1005920034,175 WEST 4 STREET,40.7323927,-74.0015227,1987.0,K4,1.0,WEST FOURTH STREET PARTNERS
1005920035,177 WEST 4 STREET,40.7324284,-74.0015732,2061.0,K4,1.0,WEST FOURTH STREET PARTNERS LLC
1005920036,179 WEST 4 STREET,40.7324723,-74.0016237,2740.0,K4,1.0,WEST FOURTH STREET PARTNERS LLC
1005920037,181 WEST 4 STREET,40.7325272,-74.0016706,1953.0,S9,1.0,"181 WEST 4TH ST. OWNERS, LLC"
1005920045,90 GROVE STREET,40.7333836,-74.0018943,3480.0,A5,1.0,90 GROVE STREET LLC
1005920046,92 GROVE STREET,40.7333918,-74.0017861,16500.0,D1,1.0,92 GROVE REALTY LLC
1005920048,96 GROVE STREET,40.7335373,-74.0017248,6292.0,C7,1.0,96 LLC
1005920049,168 WAVERLY PLACE,40.7334796,-74.0016526,3696.0,C6,1.0,168-170 OWNERS CORP
1005920050,164 WAVERLY PLACE,40.7334138,-74.0015696,18024.0,C1,1.0,164 WAVERLY PLACE LLC
1005920052,160 WAVERLY PLACE,40.7333479,-74.0014397,17117.0,C1,1.0,160 WAVERLY PLACE
1005920054,158 WAVERLY PLACE,40.7332985,-74.0013387,6856.0,C6,1.0,158 WAVERLY OWNRS CORP
1005920055,156 WAVERLY PLACE,40.7332656,-74.0012701,3770.0,C5,1.0,LUMINOUS CONDO LLC
1005920056,154 WAVERLY PLACE,40.7332326,-74.0012015,5544.0,A9,1.0,154 WAVERLY PLACE LLC
1005920057,152 WAVERLY PLACE,40.7331969,-74.001133,5544.0,A5,1.0,"PEPPERMAN II, RICHARD C"
1005920060,146 WAVERLY PLACE,40.7330981,-74.0009309,6118.0,A7,1.0,ONE46 WAVERLY LLC
1005920061,144 WAVERLY PLACE,40.7330624,-74.0008588,6135.0,C3,1.0,CHATEAU WAVERLY ESTATES LLC
1005920062,140 WAVERLY PLACE,40.7330268,-74.0007866,12144.0,D1,1.0,140 WAVERLY ASSOCIAT
1005920063,138 WAVERLY PLACE,40.7329883,-74.0007108,7801.0,M4,1.0,FRIARS OF ATONEMENT I
1005920066,375 AVENUE OF THE AMERICAS,40.732928,-74.0004871,93291.0,D4,1.0,WAVERTREE CORPORATION
1005920068,373 AVENUE OF THE AMERICAS,40.732799,-74.0005268,5562.0,S3,1.0,LEE YUEN FUNG TRADING CO
1005920071,365 AVENUE OF THE AMERICAS,40.7326096,-74.0007,16625.0,M1,1.0,RC CHUR ST JOSEPH
1005920072,109 WEST WASHINGTON PLCE,40.7327605,-74.0009057,20580.0,W2,1.0,ST JOSEPH'S WASHINGTON PLACE SCHOOL
1005920074,113 WEST WASHINGTON PLCE,40.7328237,-74.001032,6225.0,C5,1.0,"NEWMAN FAMILY ENTERPRISES, LTD."
1005920075,115 WEST WASHINGTON PLCE,40.732895,-74.0011799,28562.0,C7,2.0,115-119 WASHINGTON PLACE LLC
1005920079,123 WEST WASHINGTON PLCE,40.7330021,-74.0013928,4700.0,A4,1.0,"SANZ, GEMINIANO"
1005920080,125 WEST WASHINGTON PLCE,40.7330515,-74.0014974,17688.0,D1,1.0,125 WASHINGTON PLACE LLC
1005930001,137 WAVERLY PLACE,40.7333012,-74.0003789,3215.0,S9,1.0,EVERYTHING TOGETHER LLC
1005930002,139 WAVERLY PLACE,40.7333287,-74.000451,4736.0,C5,1.0,JUMEX REALTY CORP
1005930005,11 GAY STREET,40.7334934,-74.000332,2310.0,C0,1.0,"TATTERSALL, IAN"
1005930006,13 GAY STREET,40.7335346,-74.0002995,2030.0,A4,1.0,THE 13 GAY STREET TRUST
1005930007,15 GAY STREET,40.7335812,-74.0002634,2001.0,C3,1.0,405 SIXTH LLC
1005930008,17 GAY STREET,40.7336251,-74.0002309,2520.0,C5,1.0,17 GAY LLC
1005930012,8 CHRISTOPHER STREET,40.7338282,-74.0000902,4755.0,S2,1.0,CS 8
1005930013,403 AVENUE OF THE AMERICAS,40.7337404,-73.9999026,18564.0,K1,1.0,ONE GREENWICH RETAIL ECU TIC LLC
1005930022,399 AVENUE OF THE AMERICAS,40.7334989,-74.0000144,4306.0,K2,1.0,"REALYA GVA, LLC"
1005930026,389 AVENUE OF THE AMERICAS,40.7332628,-74.0001876,5720.0,K4,1.0,"REALYA GVA, LLC"
1005930027,387 AVENUE OF THE AMERICAS,40.7332052,-74.0002309,5720.0,K4,1.0,"REALYA GVA, LLC"
1005930028,385 AVENUE OF THE AMERICAS,40.7331503,-74.0002706,6860.0,C7,1.0,135 WAVERLY REALTY LLC
1005930029,143 WAVERLY PLACE,40.7334742,-74.0006964,17790.0,C4,3.0,SLOANE REALTY L.L.C.
1005930036,24 CHRISTOPHER STREET,40.7337075,-74.0009201,48531.0,D1,1.0,ELK 30 CHRISTOPHER LLC
1005930041,22 CHRISTOPHER STREET,40.7337569,-74.0007144,2739.0,S1,1.0,AL DANA CORP.
1005930042,20 CHRISTOPHER STREET,40.7337651,-74.0006495,1554.0,S4,1.0,AW CHRISTOPHER TIC LLC
1005930043,18 CHRISTOPHER STREET,40.7337898,-74.0005737,1916.0,S4,1.0,AW CHRISTOPHER TIC LLC
1005930045,14 CHRISTOPHER STREET,40.7338173,-74.0004222,5354.0,S5,1.0,ANNA   HOLDER
1005930047,16 GAY STREET,40.7336855,-74.0005088,1380.0,C3,1.0,GAY STREET REVIVAL INITIATIVE 2 LLC
1005930049,12 GAY STREET,40.7336059,-74.0006278,4346.0,A5,1.0,"LUCINA INTERNATIONAL, LLC"
1005930051,165 WAVERLY PLACE,40.73368,-74.0013026,4824.0,I5,1.0,WILLIAM GOTTLIEB
1005937501,10 CHRISTOPHER STREET,40.7337679,-74.0001985,25562.0,RM,1.0,NAME NOT ON FILE
1005937502,147 WAVERLY PLACE,40.7335153,-74.0008912,37298.0,R4,1.0,UNAVAILABLE OWNER
1006050029,HUDSON STREET,40.7327247,-74.0067546,2160.0,B1,1.0,THE BOARD OF MANAGERS OF THE DIOCESAN MI SSIONARY ETC.
1006050030,489 HUDSON STREET,40.732667,-74.0067654,3752.0,B9,1.0,THE BOARD OF MANAGERS OF THE DIOCESAN MI SSIONARY ETC.
1006050031,HUDSON STREET,40.7325352,-74.0071118,9523.0,M1,1.0,THE BOARD OF MANAGERS OF THE DIOCESAN MI SSIONARY ETC.
1006050033,483 HUDSON STREET,40.7323788,-74.0069025,5625.0,M1,1.0,THE BOARD OF MANAGERS OF THE DIOCESAN MI SSIONARY ETC.
1006050039,475 HUDSON STREET,40.7320988,-74.0069494,2400.0,B9,1.0,THE BOARD OF MANAGERS OF THE DIOCESAN MI SSIONARY ETC.
1006050040,473 HUDSON STREET,40.7320439,-74.0069458,3360.0,B9,1.0,THE BOARD OF MANAGERS OF THE DIOCESAN MI SSIONARY ETC.
1006060004,18 GREENWICH AVENUE,40.734863,-73.9997402,4320.0,K1,1.0,"18 GREENWICH AVENUE REAL ESTATE, LLC"
1006060006,22 GREENWICH AVENUE,40.7348987,-73.9998629,1895.0,S1,1.0,"22 GREENWICH AVENUE , LLC"
1006060007,24 GREENWICH AVENUE,40.7349646,-73.9998304,5055.0,S3,1.0,"DERBY BOW 9, LLC"
1006060008,26 GREENWICH AVENUE,40.7350222,-73.9998557,4008.0,S5,1.0,"14 L. PIERRE ASSOCIATES, LLC"
1006060017,44 GREENWICH AVENUE,40.7355712,-74.0001876,3840.0,K4,1.0,PORT REALTY
1006060018,46 GREENWICH AVENUE,40.7356206,-74.0002454,4291.0,K4,1.0,PORT REALTY L.L.C.
1006060019,48 GREENWICH AVENUE,40.7357084,-74.0003139,15000.0,C7,2.0,"SCHAPIRO, JOEL"
1006060021,52 GREENWICH AVENUE,40.735799,-74.0003644,4963.0,C7,1.0,431 HOLDING COMPANY
1006060022,54 GREENWICH AVENUE,40.7359115,-74.0004294,14263.0,C7,3.0,"LINCOLN SAVINGS BANK, FS"
1006060025,60 GREENWICH AVENUE,40.7360295,-74.0005232,3900.0,S9,1.0,"BISCUIT ENTERTAINMENT CO., LTD.,"
1006060026,62 GREENWICH AVENUE,40.7360789,-74.0005773,3400.0,K2,1.0,"CEM GREENWICH AVE, INC."
1006060027,64 GREENWICH AVENUE,40.7361283,-74.0006098,2549.0,S2,1.0,ENS 64 LLC
1006060028,66 GREENWICH AVENUE,40.7361805,-74.0006459,2337.0,S1,1.0,"GREENWICH VILLAGE REALTY, L.L.C."
1006060033,156 WEST 11 STREET,40.7361887,-74.0004944,1312.0,S2,1.0,"BRIGNOLE, LOUISE KATHERINE"
1006060034,154 WEST 11 STREET,40.736153,-74.0004474,2400.0,A4,1.0,154 WEST 11TH STREET HOLDINGS LLC
1006060035,152 WEST 11 STREET,40.7361229,-74.0003861,1880.0,A9,1.0,BIRCH HILLSIDE PROPERTY HOLDING LLC
1006060036,150 WEST 11 STREET,40.7360899,-74.0003356,2880.0,B1,1.0,"WOJNOWSKI, AARON"
1006060037,148 WEST 11 STREET,40.736057,-74.0002815,3130.0,B9,1.0,STEIN CARL
1006060038,146 WEST 11 STREET,40.7360268,-74.0002237,1890.0,B3,1.0,THE 146 W. 11TH CORPORATION
1006060039,144 WEST 11 STREET,40.7359637,-74.000184,7245.0,C0,1.0,LESLIE ROTTENBERG
1006060040,142 WEST 11 STREET,40.7359115,-74.0001299,4338.0,C2,1.0,"142 WEST 11TH STREET, LLC"
1006060043,136 WEST 11 STREET,40.7357907,-73.9999387,5930.0,C0,1.0,"TC TH, LLC"
1006060044,134 WEST 11 STREET,40.7357605,-73.9998665,5750.0,C2,1.0,"ALESSANDRA H. DEVINE, TRUSTEE"
1006060045,132 WEST 11 STREET,40.7357304,-73.9997979,6600.0,B9,1.0,"MEDIUM TERM CAPITAL MANAGEMENT HOLDINGS,  LLC"
1006060046,130 WEST 11 STREET,40.7357002,-73.9997294,5992.0,C4,1.0,"WAC 11, LLC"
1006060047,126 WEST 11 STREET,40.7356562,-73.9996211,29624.0,D4,1.0,UNADILLA OWNERS CORP
1006060063,457 AVENUE OF THE AMERICAS,40.7352445,-73.9986757,2418.0,S2,1.0,453 LLC
1006060064,455 AVENUE OF THE AMERICAS,40.7352088,-73.9987335,2805.0,S2,1.0,453 LLC
1006060065,453 AVENUE OF THE AMERICAS,40.7351622,-73.9987659,2506.0,K4,1.0,453 LLC
1006060067,4 MILLIGAN PLACE,40.7352775,-73.999134,2100.0,C3,1.0,1-4 MANAGEMENT LLC
1006060068,3 MILLIGAN PLACE,40.735132,-73.9989716,2100.0,C3,1.0,1-4 MANAGEMENT LLC
1006060069,2 MILLIGAN PLACE,40.7350826,-73.9989464,2040.0,C0,1.0,1-4 MANAGEMENT LLC
1006060070,1 MILLIGAN PLACE,40.7350332,-73.9989247,2040.0,C0,1.0,1-4 MANAGEMENT LLC
1006060073,101 WEST 10 STREET,40.7349536,-73.9989139,1435.0,S1,1.0,ESER ASSOCIATES LLC
1006060074,103 WEST 10 STREET,40.7349399,-73.9989716,1728.0,S1,1.0,ESER ASSOCIATES LLC
1006060075,105 WEST 10 STREET,40.7349261,-73.9990294,1257.0,S2,1.0,ESER ASSOCIATES LLC
1006060080,1 PATCHIN PLACE,40.7349673,-73.9991376,2520.0,A4,1.0,"OR PATCHIN PLACE, LLC"
1006060081,2 PATCHIN PLACE,40.7350222,-73.9991593,2400.0,B9,1.0,"OR PATCHIN PLACE, LLC"
1006060082,3 PATCHIN PLACE,40.7350744,-73.9991809,2400.0,C0,1.0,"OR PATCHIN PLACE, LLC"
1006060083,5 PATCHIN PLACE,40.7351265,-73.9991989,2415.0,S3,1.0,"OR PATCHIN PLACE, LLC"
1006060084,7 PATCHIN PLACE,40.7351787,-73.9992206,3675.0,C2,1.0,"OR PATCHIN PLACE, LLC"
1006060085,9 PATCHIN PLACE,40.7352308,-73.9992422,3870.0,S4,1.0,"OR PATCHIN PLACE, LLC"
1006060086,10 PATCHIN PLACE,40.7351457,-73.9995381,1596.0,C0,1.0,"OR PATCHIN PLACE, LLC"
1006060087,8 PATCHIN PLACE,40.7351018,-73.9995526,2154.0,C2,1.0,"OR PATCHIN PLACE, LLC"
1006060088,6 PATCHIN PLACE,40.7350551,-73.9995381,2274.0,C2,1.0,"OR PATCHIN PLACE, LLC"
1006060089,4 PATCHIN PLACE,40.7350112,-73.9995201,2160.0,B1,1.0,OR PATCHIN PLACE II LLC
1006060090,113 WEST 10 STREET,40.7349206,-73.9993613,2343.0,S2,1.0,"OR PATCHIN PLACE, LLC"
1006060091,115 WEST 10 STREET,40.7349124,-73.9994299,2684.0,S3,1.0,115 WEST 10TH STREET CORP.
1006060092,117 WEST 10 STREET,40.7349042,-73.9994984,3000.0,S2,1.0,"WEST TENTH STREET PROPERTIES, LLC"
1006060093,119 WEST 10 STREET,40.7348959,-73.999567,2268.0,A9,1.0,DC BEARDED ON 10TH LLC
1006067501,160 WEST 11 STREET,40.7363067,-74.0007542,6036.0,RM,1.0,NAME NOT ON FILE
1006070032,120 WEST 12 STREET,40.7361695,-73.9987443,5520.0,A4,1.0,"LEWNOWSKI, OSKAR"
1006070033,118 WEST 12 STREET,40.7361393,-73.9986685,6000.0,A4,1.0,NAKATOMI ACQUISITIONS LLC
1006070038,475 AVENUE OF THE AMERICAS,40.7360103,-73.998369,62772.0,D4,1.0,MARK TWAIN OWNERS CORP
1006070043,473 AVENUE OF THE AMERICAS,40.7358017,-73.9983329,3902.0,S2,1.0,CAM KENMAR WEST VILLAGE LLC
1006070044,471 AVENUE OF THE AMERICAS,40.7357441,-73.9983474,2680.0,S2,1.0,MAR-RICH HOLDING CORP.
1006070045,469 AVENUE OF THE AMERICAS,40.7356974,-73.9983798,2916.0,S2,1.0,"TT NEW YORK, LP"
1006070047,465 AVENUE OF THE AMERICAS,40.7355986,-73.998452,6060.0,S9,1.0,HERLIEN 72ND STREET LLC
1006070048,105 WEST 11 STREET,40.7357331,-73.9985242,3036.0,C3,1.0,105 WEST 11TH LLC
1006070049,107 WEST 11 STREET,40.7357743,-73.9985819,9545.0,C2,1.0,KENNETH ROSENBLUM
1006070050,109 WEST 11 STREET,40.735777,-73.9986649,4060.0,A4,1.0,CHAPLIN KEATON LLC
1006070051,111 WEST 11 STREET,40.7358429,-73.9987082,12962.0,C6,1.0,111 W 11 CORP
1006070052,113 WEST 11 STREET,40.7358731,-73.9988128,4776.0,C2,1.0,"113 WEST 11TH, LLC"
1006070053,115 WEST 11 STREET,40.7359005,-73.9988814,6938.0,C5,1.0,115 WEST 11TH STREET LLC
1006070054,117 WEST 11 STREET,40.7359307,-73.99895,5052.0,C0,1.0,TRUST U/W JOHN D. MARKS F/B/O MICHAEL V. P. MARKS
1006070055,119 WEST 11 STREET,40.7359609,-73.9990221,4972.0,S3,1.0,"MILEA, ANTHONY C MD"
1006070056,121 WEST 11 STREET,40.7359884,-73.9990871,4704.0,S1,1.0,121 WEST 11TH STREET LLC
1006070057,123 WEST 11 STREET,40.7360185,-73.9991556,5056.0,C5,1.0,ESCORP INC
1006070058,125 WEST 11 STREET,40.7360487,-73.9992314,5896.0,A4,1.0,FROM THE ASHES 125 LLC
1006070059,127 WEST 11 STREET,40.7360789,-73.9993,5104.0,A4,1.0,W11 PROPERTY LLC
1006070060,129 WEST 11 STREET,40.7361091,-73.9993721,4502.0,A9,1.0,"LAKE ANNECY, LLC"
1006077501,131 WEST 11 STREET,40.7361366,-73.9994407,5464.0,RM,1.0,NAME NOT ON FILE
1006080009,37 7 AVENUE,40.7376105,-73.9999639,22998.0,D6,1.0,162 WEST 13TH STREET LLC
1006080010,158 WEST 13 STREET,40.7374623,-73.9998196,6172.0,S3,1.0,158 WEST 13TH STREET HOLDINGS LLC
1006080011,156 WEST 13 STREET,40.7374348,-73.9997546,5600.0,A5,1.0,"CASCADE HOPS, LLC"
1006080012,154 WEST 13 STREET,40.7374074,-73.9996933,3600.0,S1,1.0,MARGARET JEAN WORT AS TRUSTEE
1006080013,152 WEST 13 STREET,40.7373827,-73.9996319,3381.0,A5,1.0,"THE CITY AND COUNTRY SCHOOL, INC."
1006080014,150 WEST 13 STREET,40.7373552,-73.999567,3720.0,W8,1.0,"THE CITY & COUNTRY SCHOOL, INC."
1006080017,144 WEST 13 STREET,40.7372949,-73.9994226,11970.0,W8,3.0,THE CITY COUNTRY SCHOOL INC.
1006080018,142 WEST 13 STREET,40.7372317,-73.9992711,3864.0,A4,1.0,"ROCKER, DANIEL"
1006080019,140 WEST 13 STREET,40.7371988,-73.9991953,5436.0,S3,1.0,SCAFA LLC
1006080021,138 WEST 13 STREET,40.7371384,-73.999051,5732.0,C6,1.0,136 WEST 13TH ST OWNERS CORP
1006080026,126 WEST 13 STREET,40.7369902,-73.9987046,4754.0,S5,1.0,ENTER HOLDING LLC
1006080027,124 WEST 13 STREET,40.7369627,-73.998636,7700.0,S1,1.0,BRACKMAN JESSICA
1006080028,122 WEST 13 STREET,40.7369353,-73.9985674,4040.0,C3,1.0,ISOLINO FERNANDEZ
1006080032,114 WEST 13 STREET,40.7368255,-73.9983076,3058.0,C3,1.0,"FEIRSTEIN, DAVID"
1006080033,112 WEST 13 STREET,40.7367953,-73.9982427,4256.0,B1,1.0,MNYC STUDIO COLLECTIVE LLC
1006080034,110 WEST 13 STREET,40.7367706,-73.9981777,3640.0,A4,1.0,SCENIC SHARON LLC
1006080037,104 WEST 13 STREET,40.7366883,-73.9979865,5000.0,C6,1.0,104 W 13TH ST OWNERS CORP
1006080052,117 WEST 12 STREET,40.7365153,-73.9983726,5336.0,S2,1.0,CASARTELLI FIELD ETC.
1006080053,125 WEST 12 STREET,40.7365812,-73.9985314,31128.0,D4,1.0,125 W 12TH ST TENANTS CORP
1006080056,127 WEST 12 STREET,40.7366471,-73.9986829,4299.0,C5,1.0,127 W 12TH OWNER LLC
1006080057,129 WEST 12 STREET,40.7366745,-73.9987515,5720.0,C5,1.0,129 WEST 12 LLC
1006080058,133 WEST 12 STREET,40.7367047,-73.9988236,5188.0,A4,1.0,133 WEST 12TH STREET LLC
1006080059,135 WEST 12 STREET,40.7367377,-73.9988994,5760.0,C2,1.0,TRUST B UNDER CASSIM MOHAMED JADWAT REVO CABLE TR
1006080060,137 WEST 12 STREET,40.7368365,-73.9991304,52202.0,D4,3.0,CENTRENTSET CORP 45
1006080066,153 WEST 12 STREET,40.7369326,-73.9993649,2577.0,W9,1.0,FV 12TH STREET LLC
1006080067,155 WEST 12 STREET,40.73696,-73.9994299,3782.0,B1,1.0,"GSWT, LLC"
1006080069,159 WEST 12 STREET,40.7370149,-73.9995598,5100.0,A4,1.0,"REICHSTETTER, ARTHUR C"
1006080073,167 WEST 12 STREET,40.7371274,-73.9998232,3360.0,K4,1.0,"CULINARY ARTS FDTN,INC"
1006087501,175 WEST 12 STREET,40.737358,-74.0001516,183621.0,RM,1.0,175 W 12 ST CONDOMINIUM
1006087502,132 WEST 13 STREET,40.737078,-73.9989102,6094.0,R1,1.0,UNAVAILABLE OWNER
1006087504,134 WEST 13 STREET,40.7371082,-73.9989824,4040.0,R6,1.0,UNAVAILABLE OWNER
1006090001,41 7 AVENUE,40.7379069,-73.9997438,137882.0,D4,1.0,THE CAMBRIDGE OWNERS CORP
1006090007,154 WEST 14 STREET,40.7381622,-73.9995598,140044.0,O6,1.0,ABNER PROPERTIES COMPANY
1006090049,107 WEST 13 STREET,40.7370917,-73.9977555,21400.0,G1,1.0,107 WEST 13TH STREETLLC
1006090051,111 WEST 13 STREET,40.7371329,-73.997853,3280.0,A4,1.0,THE KIMBERLY R. TEXTOR 2000 TRUST
1006090052,113 WEST 13 STREET,40.7371604,-73.9979143,2340.0,S3,1.0,113 W 13TH LLC
1006090053,117 WEST 13 STREET,40.7372262,-73.9980731,34026.0,D1,1.0,BLDG WEST 13TH STREET LLC
1006090063,135 WEST 13 STREET,40.7374595,-73.9986216,4800.0,S5,1.0,"133-135 W. 13TH STREET HOLDINGS, LLC"
1006090070,149 WEST 13 STREET,40.7376846,-73.9991592,4535.0,A4,1.0,"TILNEY, ANNE  M"
1006090071,151 WEST 13 STREET,40.7377148,-73.9992278,5744.0,C0,1.0,"YUDITSKY, EUGENE"
1006090072,153 WEST 13 STREET,40.7377395,-73.9992891,4316.0,A4,1.0,"153 WEST 13TH STREET, LLC"
1006090073,155 WEST 13 STREET,40.7377642,-73.9993505,3920.0,B3,1.0,"TOMEI, AS TRUSTEE , GARY"
1006090074,157 WEST 13 STREET,40.7377917,-73.9994154,4480.0,C0,1.0,THE SAVAGE FAMILY TRUST
1006090075,159 WEST 13 STREET,40.7378191,-73.9994804,3920.0,C6,1.0,159 W 13TH HOUSING CORP
1006090076,161 WEST 13 STREET,40.7378466,-73.9995417,3608.0,C0,1.0,MILK & HONEY DEVELOPMENTS LLC
1006090163,137 WEST 13 STREET,40.737487,-73.9986865,5370.0,A4,1.0,"WOODHEAD, SARAH"
1006097501,147 WEST 13 STREET,40.7376572,-73.9990943,5620.0,RM,1.0,UNION LANE HOUSE
1006097503,144 WEST 14 STREET,40.7379289,-73.9989499,83169.0,RC,1.0,PRATT INSTITUTE
1006100016,115 7 AVENUE SOUTH,40.7341082,-74.0022335,31563.0,K2,1.0,117 SEVENTH AVE ETC
1006100017,160 WEST 10 STREET,40.7342097,-74.0019232,36000.0,G1,1.0,RIBAR OWNERS LLC
1006100022,182 WAVERLY PLACE,40.7342976,-74.0015768,2537.0,C1,1.0,TENTH & WAVERLY LLC
1006100025,176 WAVERLY PLACE,40.7341823,-74.0015444,6451.0,C5,2.0,"1776 WAVERLY, LLC"
1006100026,174 WAVERLY PLACE,40.7341109,-74.0015191,2442.0,S5,1.0,LOFFREDO LIMITED PARTNERSHIP
1006100027,172 WAVERLY PLACE,40.7339984,-74.0013712,8000.0,C7,1.0,33 CHRISTOPHER CORP
1006100028,35 CHRISTOPHER STREET,40.7339847,-74.0014722,10608.0,C7,1.0,NEW YORK PROPERTY HOLDING CORPORATION
1006100030,39 CHRISTOPHER STREET,40.7339682,-74.0015876,10434.0,C7,1.0,VILLAGE REALTY LLC
1006100041,177 WAVERLY PLACE,40.7341603,-74.0010753,6325.0,C7,1.0,"EMGE 2, INC."
1006100044,148 WEST 10 STREET,40.7343333,-74.0010392,9320.0,C4,1.0,"SCHAPIRO, JOEL"
1006100045,146 WEST 10 STREET,40.734347,-74.0009454,9540.0,C4,1.0,146 WEST 10TH LLC
1006100046,144 WEST 10 STREET,40.7343607,-74.0008588,9215.0,C4,1.0,DECA
1006100048,140 WEST 10 STREET,40.7343937,-74.0006387,19726.0,C6,2.0,138 140 VILLAGE OWNERS CORP
1006100052,130 WEST 10 STREET,40.7345117,-74.0003067,2464.0,S2,1.0,10TH ST. WEST VILLAGE LLC
1006100054,19 GREENWICH AVENUE,40.734454,-74.0001624,9093.0,C7,1.0,"GREEN 19, LLC"
1006100055,17 GREENWICH AVENUE,40.7343909,-74.0001371,9344.0,C7,1.0,BLDG 17 GREENWICH LLC
1006100056,15 GREENWICH AVENUE,40.734347,-74.0000794,1500.0,K1,1.0,JERICHO EMPIRE LLC
1006100064,9 CHRISTOPHER STREET,40.7341905,-74.0002778,13500.0,C7,1.0,BCD CHRISTOPHER LLC
1006100068,17 CHRISTOPHER STREET,40.7341219,-74.0006495,2520.0,B3,1.0,"JOHNSON, PETER  J"
1006100071,23 CHRISTOPHER STREET,40.734089,-74.000866,2160.0,C0,1.0,GIANNA VALERIO LEMONIDES PROPERTY TRUST
1006100072,25 CHRISTOPHER STREET,40.7340506,-74.0009309,2589.0,C2,1.0,M & L REALTY INC.
1006100075,27 CHRISTOPHER STREET,40.7340286,-74.0010753,14579.0,A4,1.0,"VILLAGEFH, LLC"
1006107502,142 WEST 10 STREET,40.7343717,-74.0007722,6416.0,RM,1.0,142 WEST 10TH STREET CONDOMINIUM
1006110001,233 WEST 4 STREET,40.7343772,-74.002782,7766.0,C7,2.0,233 WEST 4TH STREET
1006110002,235 WEST 4 STREET,40.7344348,-74.0028001,6400.0,D3,1.0,LRC - 235 WEST 4TH S
1006110004,239 WEST 4 STREET,40.7345418,-74.0028325,2586.0,S9,1.0,239 WEST 4TH STREET PROPERTY LLC
1006110008,247 WEST 4 STREET,40.7347751,-74.0029011,6688.0,C0,1.0,"LEVY, MARC"
1006110009,249 WEST 4 STREET,40.7348355,-74.0029191,4520.0,S3,1.0,BIENVENIDO ALVAREZ REVOCABLE TRUST
1006110011,56 CHARLES STREET,40.7347779,-74.0026305,4960.0,B3,1.0,"SARMA HOLDINGS WV, LLC"
1006110012,54 CHARLES STREET,40.7347889,-74.0025619,4960.0,A4,1.0,54 CHARLES LLC
1006110013,52 CHARLES STREET,40.7347999,-74.0024898,3640.0,B3,1.0,"52 CHARLES STREET NY, LLC"
1006110015,48 CHARLES STREET,40.734863,-74.0023635,4635.0,S4,1.0,"48 CHARLES STREET, LLC"
1006110016,44 CHARLES STREET,40.7349206,-74.0022913,2275.0,S2,1.0,AYWANA LLC
1006110022,28 CHARLES STREET,40.734981,-74.0017248,12074.0,C7,1.0,CHARLES STREET LLC
1006110024,200 WAVERLY PLACE,40.734852,-74.001714,17166.0,C1,1.0,WAVERLY PLACE REALTY LLC
1006110027,190 WAVERLY PLACE,40.7346736,-74.0016634,25075.0,D5,1.0,190 WAVERLY PLACE LLC
1006110030,186 WAVERLY PLACE,40.7345446,-74.0016237,3696.0,K4,1.0,WAVERLY & WEST 10TH REALTY LLC
1006110031,161 WEST 10 STREET,40.7346187,-74.0018439,11480.0,C5,1.0,"ROOSTERBROOK ASSOCAITES II, LLC"
1006110032,163 WEST 10 STREET,40.7345995,-74.0019341,9495.0,C7,1.0,163 W. 10TH
1006110033,133 7 AVENUE SOUTH,40.7345473,-74.0020062,3600.0,K2,1.0,"133 7TH AVENUE SOUTH LLC, A NEW YORK LIMITED LIABILITY COMPANY"
1006110034,167 WEST 10 STREET,40.7344952,-74.0020712,2344.0,K4,1.0,"131 & 137 7TH AVE. SOUTH,"
1006110041,181 WEST 10 STREET,40.734487,-74.0026269,3492.0,S5,1.0,181 WEST 10TH STREETLIMITED LIABILITY CO MPANY
1006110043,191 WAVERLY PLACE,40.7348081,-74.0012774,4576.0,C2,1.0,191 WAVERLY LLC
1006110044,193 WAVERLY PLACE,40.7348657,-74.001281,3440.0,A4,1.0,193 WAVERLY LLC
1006110045,24 CHARLES STREET,40.7349838,-74.0013892,14450.0,C7,1.0,"CHARLES STREET ASSOCIATES #1, LLC"
1006110047,22 CHARLES STREET,40.7350002,-74.0012774,3840.0,C5,1.0,22 CHARLES LLC
1006110048,20 CHARLES STREET,40.7350112,-74.0012052,4074.0,A4,1.0,"YEDID, ELI"
1006110049,18 CHARLES STREET,40.7350002,-74.0010897,7170.0,C5,2.0,"18 CHARLES STREET, LLC"
1006110051,12 CHARLES STREET,40.7350195,-74.0009526,14944.0,D1,1.0,12 CHARLES LLC
1006110054,6 CHARLES STREET,40.7350524,-74.0007361,15168.0,D1,1.0,ELK 6 CHARLES LLC
1006110056,4 CHARLES STREET,40.7351265,-74.0006495,3460.0,S2,1.0,"NAUTILUS, LLC"
1006110057,37 GREENWICH AVENUE,40.7351759,-74.000534,5638.0,S5,1.0,"WACO ENTERPRISES, LLC"
1006110058,35 GREENWICH AVENUE,40.7351128,-74.0005016,2751.0,S2,1.0,THERESA ANN TENAGLIA IRREVOCABLE LIVING  TRUST
1006110067,135 WEST 10 STREET,40.7347889,-74.0006675,16968.0,C1,1.0,132132 COMPANY
1006110069,139 WEST 10 STREET,40.7347724,-74.000783,5432.0,K4,1.0,CEM WEST 10TH STREET INC
1006110070,141 WEST 10 STREET,40.7347532,-74.0009021,16548.0,C7,1.0,VALOR REALTY LLC
1006110072,145 WEST 10 STREET,40.7347258,-74.0010572,16800.0,C7,1.0,145 W 10TH ST LLC
1006110074,149 WEST 10 STREET,40.7346846,-74.0011691,4538.0,B2,1.0,"CEM WEST VILLAGE, INC"
1006120001,255 WEST 4 STREET,40.735217,-74.0030563,2868.0,C3,1.0,255 WEST 4 LLC
1006120002,257 WEST 4 STREET,40.7352692,-74.0030996,2559.0,C2,1.0,CA 257 WEST 4TH LLC
1006120007,48 PERRY STREET,40.73539,-74.0029877,9030.0,C4,1.0,48 PERRY ASSOCIATES
1006120009,44 PERRY STREET,40.7354174,-74.0028109,9490.0,C4,1.0,44 PERRY STREET LLC
1006120010,42 PERRY STREET,40.7354311,-74.0027207,9395.0,C4,1.0,42 PERRY STREET LLC
1006120011,40 PERRY STREET,40.7354421,-74.0026377,3520.0,B9,1.0,40 PERRY ST. LLC
1006120012,38 PERRY STREET,40.7354531,-74.0025692,4025.0,A4,1.0,"GOLDBERG, MINDY"
1006120013,36 PERRY STREET,40.7354641,-74.002497,3332.0,C0,1.0,MFB TRUST
1006120014,34 PERRY STREET,40.7354751,-74.0024212,3760.0,C0,1.0,WVT HOLDINGS LLC
1006120015,32 PERRY STREET,40.735486,-74.0023454,4155.0,B1,1.0,BELLEJACKBLUE LLC
1006120016,30 PERRY STREET,40.735497,-74.0022661,4320.0,C5,1.0,"30 PERRY STREET, LLC"
1006120018,26 PERRY STREET,40.735519,-74.0020965,9880.0,C7,1.0,26 PERRY STREET REALTY    .
1006120029,152 7 AVENUE SOUTH,40.7352884,-74.0021289,7235.0,C7,1.0,152-54 SEVENTH AVENUE
1006120036,33 CHARLES STREET,40.7351676,-74.0026305,3196.0,A4,1.0,KOUSA REALTY LLC
1006120037,35 CHARLES STREET,40.7351594,-74.0026882,3311.0,C2,1.0,35 CHARLES STREET CORP
1006120038,37 CHARLES STREET,40.7351512,-74.0027496,3132.0,C5,1.0,"BROSER, LORIE"
1006120039,39 CHARLES STREET,40.7351429,-74.0028073,3100.0,C5,1.0,39 CHARLES LLC
1006120040,41 CHARLES STREET,40.735132,-74.0028686,3474.0,A4,1.0,CHARLES REEF LLC
1006120041,43 CHARLES STREET,40.7350963,-74.0029228,3268.0,C3,1.0,"ROBINSON, ERIC"
1006120042,45 CHARLES STREET,40.735088,-74.0029805,3056.0,A4,1.0,EILEEN ROBERT
1006120051,159 1/2 7 AVENUE SOUTH,40.7355931,-74.0014001,17826.0,D7,1.0,PERRY STREET 3 LLC
1006120052,10 PERRY STREET,40.7356425,-74.001281,3960.0,B1,1.0,"KRASNO, ALAN V"
1006120053,8 PERRY STREET,40.7356535,-74.0012016,4214.0,A4,1.0,"8 PERRY ST., LLC"
1006120054,6 PERRY STREET,40.7356645,-74.0011222,4656.0,C0,1.0,HANIFIN  PETER J
1006120055,4 PERRY STREET,40.7356782,-74.0010428,3454.0,C2,1.0,FOURPERRY LLC
1006120057,55 GREENWICH AVENUE,40.7357935,-74.0008732,4660.0,C7,1.0,55 GREENWICH AVENUE LLC
1006120058,53 GREENWICH AVENUE,40.7357249,-74.0008768,5044.0,S4,1.0,"LANYARD REALTY CO.,L.L.C."
1006120059,51 GREENWICH AVENUE,40.7356727,-74.0008552,4777.0,C7,1.0,"LANYARD REALTY CO.,L.L.C."
1006120064,41 GREENWICH AVENUE,40.7354065,-74.0006928,4884.0,S4,1.0,"41 GREENWICH AVENUE, LLC"
1006120065,39 GREENWICH AVENUE,40.7353571,-74.0006459,7482.0,C7,1.0,1-3 CHARLES STREET LLC
1006120068,9 CHARLES STREET,40.7354092,-74.0010428,4884.0,C1,1.0,9 CHARLES HOLDINGS LLC
1006120069,11 CHARLES STREET,40.7353982,-74.0011222,5280.0,C5,1.0,11 CHARLES LLC
1006127502,25 CHARLES STREET,40.7352226,-74.0022624,20593.0,RM,1.0,25 CHARLES ST OWNERS CORP
1006127504,15 CHARLES STREET,40.7353625,-74.0013604,105590.0,RM,1.0,UNAVAILABLE OWNER
1006127505,28 PERRY STREET,40.735519,-74.0021867,7115.0,R2,1.0,28 PERRY ST CONDOMINUM
1006130001,267 WEST 4 STREET,40.7356452,-74.0032115,2688.0,S4,1.0,JANDALE REALTY INC.
1006130002,269 WEST 4 STREET,40.7356974,-74.0032259,2364.0,S3,1.0,JANDALE REALTY INC
1006130003,271 WEST 4 STREET,40.7357715,-74.0032475,3584.0,S2,1.0,JANDALE REALTY INC
1006130005,275 WEST 4 STREET,40.7358456,-74.0032692,2364.0,S2,1.0,JANDALE REALTY INC
1006130006,277 WEST 4 STREET,40.7358922,-74.00328,2364.0,S2,1.0,JANDALE REALTY INC
1006130007,279 WEST 4 STREET,40.7359362,-74.0032945,2040.0,A4,1.0,THOMAS MOZJESIK AS TRUSTEE
1006130008,281 WEST 4 STREET,40.7359828,-74.0033089,2040.0,A4,1.0,"KAMEL, FARZAM"
1006130009,252 WEST 11 STREET,40.7360624,-74.0033955,2037.0,C2,1.0,"ALEXANDER, ERIC"
1006130010,250 WEST 11 STREET,40.7360734,-74.0033342,2568.0,B1,1.0,"HATSAV, MOSHE"
1006130011,248 WEST 11 STREET,40.7360816,-74.0032692,2560.0,B1,1.0,248W11 LLC
1006130013,244 WEST 11 STREET,40.7360597,-74.0031213,3340.0,C5,1.0,JACKSON HOLE 244 LLC
1006130014,242 WEST 11 STREET,40.7360707,-74.0030491,2562.0,C3,1.0,"BLUE SKIES 242, LLC"
1006130015,240 WEST 11 STREET,40.7360624,-74.0029733,4120.0,C0,1.0,"NEAR TWO CHURCHES,"
1006130016,238 WEST 11 STREET,40.7360734,-74.0029012,3385.0,C6,1.0,238 W 11TH ST COOP CO
1006130017,232 WEST 11 STREET,40.7360762,-74.0027316,12890.0,M1,1.0,GREATER NEW YORK CORP
1006130020,230 WEST 11 STREET,40.7361228,-74.0025511,4400.0,A4,1.0,230 WEST 11TH STREET LLC
1006130021,228 WEST 11 STREET,40.7361366,-74.0024609,4000.0,B9,1.0,228 TRUST A
1006130022,226 WEST 11 STREET,40.7361311,-74.0023671,4500.0,C6,1.0,226 WEST 11 OWNERS CORP.
1006130028,17 PERRY STREET,40.7359142,-74.0019233,6400.0,C7,1.0,PERRY MANSIONS
1006130029,19 PERRY STREET,40.7358895,-74.0019954,3192.0,C0,1.0,"GOODALE, RIVEL DEBORAH"
1006130030,21 PERRY STREET,40.7358786,-74.002064,3274.0,C0,1.0,"GINSBURG, ADAM"
1006130031,23 PERRY STREET,40.7358703,-74.0021326,2660.0,A4,1.0,"HOLLAND, TRUSTEE, CYNTHIA LEIGH"
1006130032,25 PERRY STREET,40.7358731,-74.0022083,3738.0,A4,1.0,25 PERRY STREET LLC
1006130033,27 PERRY STREET,40.7358703,-74.0022877,3760.0,B9,1.0,RUTH LLC
1006130034,29 PERRY STREET,40.7358758,-74.0023851,8750.0,C6,1.0,29 PERRY OWNERS CORP
1006130036,33 PERRY STREET,40.7358511,-74.0025656,6608.0,C0,1.0,33 PERRY ST. HOLDING LLC
1006130037,35 PERRY STREET,40.7358099,-74.0026341,3020.0,C6,1.0,35 PERRY ST OWNERS CORP
1006130038,37 PERRY STREET,40.7357962,-74.0027243,6750.0,C3,1.0,PERRY STREET 3739 LLC
1006130040,41 PERRY STREET,40.7358099,-74.0028362,10500.0,C6,1.0,41 PERRY ST OWNERS CORP
1006130041,43 PERRY STREET,40.7358044,-74.0029192,3000.0,B1,2.0,WIDJAJA S. HATTA
1006130042,45 PERRY STREET,40.7358072,-74.0030058,11405.0,C6,1.0,45 PERRY ST OWNERS CORP
1006130043,47 PERRY STREET,40.7357934,-74.0031032,11405.0,C5,1.0,47 PERRY LLC
1006130046,214 WEST 11 STREET,40.7362903,-74.0018006,3344.0,B9,1.0,44 JANE LLC
1006130047,212 WEST 11 STREET,40.7363012,-74.001732,2952.0,C3,1.0,214 WEST 11TH ST REALTY LLC
1006130048,210 WEST 11 STREET,40.7363122,-74.0016635,3600.0,A4,1.0,210 WYCOMBE LLC
1006130049,208 WEST 11 STREET,40.7363232,-74.0015913,3040.0,A4,1.0,"BOLGER, KATHERINE M"
1006130060,59 GREENWICH AVENUE,40.7360268,-74.0010537,4922.0,S9,1.0,59 GREENWICH LLC
1006130061,57 GREENWICH AVENUE,40.7359691,-74.0010104,4940.0,C4,1.0,1 PERRY STREET LLC
1006130068,174 7 AVENUE SOUTH,40.7360103,-74.0016887,4300.0,K2,1.0,HUANG'S HOLDING  CORP
1006137501,31 PERRY STREET,40.7358621,-74.0024754,8743.0,RM,1.0,NAME NOT ON FILE
1006140001,287 WEST 4 STREET,40.7364906,-74.0034533,7170.0,C1,1.0,287-289 WEST FOURTH LLC
1006140003,291 WEST 4 STREET,40.7365812,-74.0034533,2480.0,B3,1.0,291 WEST 4TH STREET LLC
1006140004,293 WEST 4 STREET,40.736658,-74.0034749,6970.0,A4,1.0,"RESNICK, SCOTT N"
1006140006,297 WEST 4 STREET,40.7367294,-74.0034966,2658.0,A4,1.0,THE LAWRENCE WEINER QUALIFIED PERSONAL R ESIDENCE T
1006140007,299 WEST 4 STREET,40.7367815,-74.003511,3576.0,S4,1.0,BROWNSTONE DEV ASSOC LLC
1006140008,48 BANK STREET,40.7367047,-74.0033234,3440.0,A4,1.0,48BS LLC
1006140009,46 BANK STREET,40.7367129,-74.0032512,7145.0,C4,1.0,BANJO REALTY LLC
1006140010,42 BANK STREET,40.7367294,-74.0031502,14520.0,C4,1.0,"ROSENBLUM, KENNETH"
1006140012,40 BANK STREET,40.7367431,-74.0030455,4320.0,A9,1.0,"40 B. STREET, LLC"
1006140013,38 BANK STREET,40.7367541,-74.002977,4320.0,C0,1.0,ANDREW D ARONS
1006140014,36 BANK STREET,40.7367651,-74.0029048,4320.0,B1,1.0,LITTLE LEE LLC
1006140015,34 BANK STREET,40.7367706,-74.002829,3840.0,B9,1.0,27 BBC LLC
1006140016,32 BANK STREET,40.7367816,-74.0027569,3570.0,C2,1.0,32 BELERIAND LLC
1006140017,30 BANK STREET,40.7367925,-74.0026883,3800.0,B1,1.0,THOMPSON LOUISE S
1006140018,28 BANK STREET,40.7368035,-74.0026197,3360.0,C0,1.0,LAURIE BROWN-NAGIN 2012 FAMILY TRUST
1006140019,26 BANK STREET,40.7368118,-74.0025476,4170.0,C0,1.0,"KERRI E MILLER REVOCABLE TRUST DATED JUN E 22, 2021"
1006140021,22 BANK STREET,40.7368337,-74.0024104,3200.0,B1,1.0,22 WEST VILLAGE TH LLC
1006140022,20 BANK STREET,40.7368667,-74.0023455,3496.0,C0,1.0,B20 PROPERTY LLC
1006140023,18 BANK STREET,40.7368776,-74.0022805,3461.0,C5,1.0,16-18 VILLAGE MANAGEMENT LLC
1006140030,223 WEST 11 STREET,40.7365675,-74.0023347,3624.0,A4,1.0,"223 WEST 11 MAUD, LLC"
1006140031,225 WEST 11 STREET,40.7365592,-74.0024068,4320.0,B9,1.0,"HARRIS, TRUSTEE, MITCHELL E"
1006140034,231 WEST 11 STREET,40.736529,-74.0026125,3360.0,B3,1.0,"231WII, LLC"
1006140035,233 WEST 11 STREET,40.7365181,-74.0026847,3360.0,B3,1.0,IRA J. GILBERT AS TRUSTEE
1006140036,235 WEST 11 STREET,40.7365098,-74.0027568,5659.0,C3,1.0,UNDICESIMA LLC
1006140037,237 WEST 11 STREET,40.7364961,-74.0028651,13968.0,C6,1.0,W 11 ST OWNERS INC
1006140039,241 WEST 11 STREET,40.7364824,-74.0029697,4256.0,A4,1.0,"BELUGA PROPERTIES, LLC"
1006140040,243 WEST 11 STREET,40.7364714,-74.0030419,3344.0,C0,1.0,THE BRYSON B LLC
1006140041,245 WEST 11 STREET,40.7364604,-74.0031141,4496.0,A4,1.0,"BREMMER, IAN"
1006140042,247 WEST 11 STREET,40.7364494,-74.0032007,11790.0,C7,1.0,WEST 11TH STREET LLC
1006140043,249 WEST 11 STREET,40.7364357,-74.0032945,9375.0,C4,1.0,BROWNSTONE DEV ASSOC LLC
1006140044,251 WEST 11 STREET,40.7363616,-74.0033667,2488.0,A4,1.0,251 W 11TH LLC
1006140045,253 WEST 11 STREET,40.7363479,-74.0034641,6375.0,C4,1.0,285 WEST FOURTH LLC
1006140046,241 WAVERLY PLACE,40.7366992,-74.0018872,2880.0,B3,1.0,241 WAVERLY LLC
1006140047,243 WAVERLY PLACE,40.7367541,-74.0018547,3068.0,A4,1.0,243 WAVERLY PLACE LLC
1006140048,245 WAVERLY PLACE,40.736798,-74.0018692,2896.0,B1,1.0,245 WAVERLY PLACE LLC
1006140049,247 WAVERLY PLACE,40.7368447,-74.00188,2944.0,B1,1.0,247 WAVERLY LLC
1006140050,14 BANK STREET,40.7369682,-74.0020027,3650.0,B9,1.0,"14 WEST VILLAGE, LLC"
1006140051,12 BANK STREET,40.736949,-74.0019305,3300.0,C6,1.0,TWELVE TENANTS CORP
1006140052,10 BANK STREET,40.7369572,-74.0018728,3300.0,A4,1.0,10 BRAVO ALPHA NOVEMBER KILO ST 1 LLC
1006140054,6 BANK STREET,40.7369737,-74.0017645,3300.0,C3,1.0,WINSLOW KENNETH
1006140056,2 BANK STREET,40.7369929,-74.001613,17733.0,C7,1.0,"ROSEBUD REALTY, LLC"
1006140061,201 WEST 11 STREET,40.7367075,-74.0014686,38478.0,D8,1.0,201-207 WEST 11TH ASSOCIATES LLC
1006140064,207 WEST 11 STREET,40.7366471,-74.0016382,13878.0,C1,1.0,201-207 WEST 11TH ASSOCIATES LLC
1006140066,211 WEST 11 STREET,40.7366306,-74.0017501,3520.0,A4,1.0,211 WEST 11TH STREET LLC
1006140150,249 WAVERLY PLACE,40.7368859,-74.0019774,1763.0,B1,1.0,"JOHNSON, JENNIFER"
1006150002,303 WEST 4 STREET,40.7370094,-74.0035796,3200.0,C0,1.0,C.P.K. TSE CORPORATION
1006150003,305 WEST 4 STREET,40.7370697,-74.0035615,3207.0,C2,1.0,M CHRISTINE BOYER
1006150004,307 WEST 4 STREET,40.7371274,-74.003576,3710.0,A4,1.0,"TWO LIVES, LLC"
1006150005,309 WEST 4 STREET,40.7371823,-74.0035832,3540.0,C3,1.0,"SUZANNE V. GEORGES,"
1006150006,311 WEST 4 STREET,40.7372372,-74.003594,3588.0,A9,1.0,311 W4 LLC
1006150007,313 WEST 4 STREET,40.7372893,-74.0036049,3306.0,A4,1.0,RRM WEST 4TH LLC
1006150008,315 WEST 4 STREET,40.7373442,-74.0036157,3372.0,A4,1.0,BLUEJAY TRUST
1006150009,317 WEST 4 STREET,40.7373991,-74.0036301,4559.0,C0,1.0,THE JOHN & CYNTHIA BEAL LIMITED
1006150010,319 WEST 4 STREET,40.7374485,-74.0036482,6020.0,C6,1.0,"280 W 12TH STREET OWNERS, INC."
1006150016,262 WEST 12 STREET,40.7374019,-74.0030889,3038.0,A4,1.0,HIKARI HOME LLC
1006150017,260 WEST 12 STREET,40.7374074,-74.0030203,3520.0,B3,1.0,"OLIVER PLATT, TTEE OF OLIVER PLATT REVOC ABLE TRUST"
1006150018,258 WEST 12 STREET,40.7374019,-74.0029409,4112.0,C0,1.0,"PETERSON, AS TRUSTEE, ALICE LAURE"
1006150019,256 WEST 12 STREET,40.7374101,-74.0028687,5624.0,A5,1.0,"DAL PIAZ, CHRISTOPHER"
1006150020,254 WEST 12 STREET,40.7374183,-74.0027966,3680.0,B9,1.0,"MARTIN H. KORNFELD, TRUSTEE"
1006150021,252 WEST 12 STREET,40.7374266,-74.0027244,4073.0,A4,1.0,"SCALAWAG, LLC"
1006150022,250 WEST 12 STREET,40.7374348,-74.0026486,4160.0,C0,1.0,WILLIAM S NIMMO
1006150023,248 WEST 12 STREET,40.7374431,-74.0025765,3420.0,B9,1.0,248 WEST 12TH LLC
1006150024,246 WEST 12 STREET,40.7374513,-74.0025115,4104.0,A4,1.0,WITH APPRECIATION LLC
1006150025,244 WEST 12 STREET,40.7374568,-74.0024429,3416.0,A4,1.0,THE LARA SHEN HEJTMANEK LIVING TRUST
1006150026,242 WEST 12 STREET,40.737465,-74.0023744,2880.0,C0,1.0,"HERSHKOFF, HELEN M"
1006150027,240 WEST 12 STREET,40.7374732,-74.0023022,4076.0,A4,1.0,"DAVIES, JAMES"
1006150029,97 GREENWICH AVENUE,40.7374952,-74.0020388,25000.0,K2,1.0,ALMI GREENWICH ASSOC
1006150036,87 GREENWICH AVENUE,40.7372784,-74.0019377,68766.0,D6,1.0,1 BANK STREET CORP
1006150040,9 BANK STREET,40.7372427,-74.0022336,5244.0,C3,1.0,"ASYLUM ADVENTURES,"
1006150041,11 BANK STREET,40.7372317,-74.0023166,5855.0,C3,1.0,"MIRTH HOLDINGS, LLC"
1006150042,13 BANK STREET,40.7372207,-74.0023996,5066.0,A5,1.0,CHEGET LLC
1006150043,15 BANK STREET,40.7372097,-74.0024754,4448.0,A5,1.0,CHEGET LLC
1006150044,17 BANK STREET,40.7371988,-74.0025548,5485.0,A4,1.0,17 BANK STREET LLC
1006150045,19 BANK STREET,40.7371878,-74.0026306,3385.0,C5,1.0,19 BANK OWNER LLC
1006150046,21 BANK STREET,40.7371768,-74.00271,6385.0,C5,1.0,21 BANK STREET LLC
1006150047,23 BANK STREET,40.7371631,-74.0027857,4368.0,C6,1.0,23 BANK ST CORP
1006150048,25 BANK STREET,40.7371521,-74.0028651,4200.0,A4,1.0,"25 B STREET OWNER NYC, LLC"
1006150049,27 BANK STREET,40.7371521,-74.0029445,4149.0,C2,1.0,"OLDFIELD, ANTHONY"
1006150050,29 BANK STREET,40.7371466,-74.0030275,3890.0,A4,1.0,CASA OAXACA L.L.C.
1006150051,31 BANK STREET,40.7371301,-74.0031141,9490.0,C4,1.0,HOUSING DEVELOPMENTASSC
1006150052,33 BANK STREET,40.7371054,-74.003244,20832.0,C1,1.0,"LUSTRO REALTY , LLC"
1006150054,37 BANK STREET,40.7370944,-74.0033811,4075.0,C2,1.0,"ROY M. ZUCKERMAN, TRUSTEE"
1006150056,323 WEST 4 STREET,40.7377696,-74.0036554,7095.0,C4,1.0,323 WEST 4TH STREET ASSOCIATES
1006150058,327 WEST 4 STREET,40.7379124,-74.0036915,3888.0,A4,1.0,"THIERFELDER, MARK"
1006150059,329 WEST 4 STREET,40.7379755,-74.0036879,2742.0,A4,1.0,329 WEST 4 STREET CORP
1006150060,331 WEST 4 STREET,40.7380359,-74.0036879,2618.0,S2,1.0,331 WEST 4TH STREET CORP
1006150061,32 JANE STREET,40.7379755,-74.0035544,3420.0,C2,1.0,"ZIKRY, AVI"
1006150066,22 JANE STREET,40.7379673,-74.0031358,2760.0,A5,1.0,"TIMOTHY M. WALSH, TRUSTEE"
1006150067,20 JANE STREET,40.73797,-74.0030528,7200.0,C6,1.0,20 JANE TENANTS CORP.
1006150068,16 JANE STREET,40.7379755,-74.0029193,13200.0,C4,1.0,"JANE STREET ASSOCIATES,"
1006150073,8 JANE STREET,40.737981,-74.0025187,3520.0,C0,1.0,8 JANE STREET LLC
1006150075,4 JANE STREET,40.7379865,-74.0023708,3360.0,B1,1.0,FANDC REALTY LLC
1006150076,111 GREENWICH AVENUE,40.7380085,-74.0022228,12363.0,C6,1.0,2 JANE ST OWNERS CORP
1006150078,109 GREENWICH AVENUE,40.7379289,-74.0021831,3878.0,B1,1.0,"GEORGIA A. BROWN, AS TRUSTEE"
1006150079,107 GREENWICH AVENUE,40.7378795,-74.0021471,2788.0,S2,1.0,"JJG GREENWICH REALTY, LLC"
1006150081,103 GREENWICH AVENUE,40.7377999,-74.0020785,9887.0,C7,1.0,235 WEST 12TH STREET LLC
1006150082,237 WEST 12 STREET,40.7377889,-74.0022192,1803.0,B1,1.0,237 WEST 12TH STREET LLC
1006150084,241 WEST 12 STREET,40.7378136,-74.0023888,3860.0,B9,1.0,BAUM  MARC L
1006150085,243 WEST 12 STREET,40.7378081,-74.0024646,3720.0,B1,1.0,243 W 12TH STREET LLC
1006150086,245 WEST 12 STREET,40.737885,-74.0026667,58565.0,D4,1.0,GREENWICH HOUSE HOLDING CORP
1006150089,255 WEST 12 STREET,40.7377916,-74.0028291,6925.0,C4,1.0,255 WEST 12 STREET LLC
1006150090,257 WEST 12 STREET,40.7377861,-74.0029193,6925.0,C4,1.0,"KC VILLAGE CORP.,"
1006150096,273 WEST 12 STREET,40.7377257,-74.0034678,1967.0,B1,1.0,"SHARON YESHAYA, TRUSTEE"
1006150097,275 WEST 12 STREET,40.7376846,-74.0035399,3080.0,A4,1.0,"DANA, SARAH F"
1006150098,277 WEST 12 STREET,40.7376818,-74.0036085,3160.0,A4,1.0,"277-279 WEST 12TH STREET, LLC"
1006150099,279 WEST 12 STREET,40.7376818,-74.0036771,3914.0,C2,1.0,"277-279 WEST 12TH STREET, LLC"
1006150100,281 WEST 12 STREET,40.7376763,-74.0037528,4120.0,S5,1.0,281 WEST 12 STREET LLC
1006150112,268 WEST 12 STREET,40.7373662,-74.003327,20830.0,C4,2.0,268 WEST 12 OWNERS CORP
1006150156,39 BANK STREET,40.7369956,-74.0034425,1748.0,B9,1.0,CAROL FLATON
1006157501,274 WEST 12 STREET,40.7373634,-74.0034497,4218.0,R1,1.0,UNAVAILABLE OWNER
1006160001,42 8 AVENUE,40.7382829,-74.0035724,91500.0,D4,1.0,31 JANE STREET TENANTS CORP
1006160005,48 8 AVENUE,40.7383982,-74.0035869,1887.0,S1,1.0,SM2CJ LLC
1006160011,54 8 AVENUE,40.7385574,-74.0032441,127072.0,D4,1.0,14 HORATIO ST APTS CORP.
1006160027,115 GREENWICH AVENUE,40.7382994,-74.0023852,25992.0,C7,1.0,MECOX PARTNERS LP
1006160029,5 JANE STREET,40.7382802,-74.0025873,11007.0,C5,4.0,5-7 1/2 JANE STREET
1006160031,9 JANE STREET,40.7382527,-74.00271,3098.0,C3,1.0,"WALKER JANE REALTY, LLC"
1006160036,21 JANE STREET,40.7383076,-74.0032513,15242.0,F9,3.0,"P.E. GUREIN, INC."
1006160041,345 WEST 4 STREET,40.7390295,-74.0036807,4060.0,C6,1.0,345 W 4TH 306 W 13TH ST OWNERS CORP
1006160042,308 WEST 13 STREET,40.7392134,-74.0037277,2395.0,S2,1.0,351 WEST 4TH STREET
1006160043,306 WEST 13 STREET,40.739131,-74.0036302,4844.0,C6,1.0,345 W 4TH 306 W 13TH ST OWNERS CORP
1006160044,302 WEST 13 STREET,40.7391036,-74.0035039,4800.0,C0,1.0,302 W 13TH STREET LLC
1006160051,1 HORATIO STREET,40.738906,-74.0036194,2691.0,C4,1.0,HORATIO STREET LLC
1006160052,3 HORATIO STREET,40.7389087,-74.0036807,3002.0,S9,1.0,KWAI AND WONG INC
1006160053,5 HORATIO STREET,40.7389087,-74.0037457,4364.0,C4,1.0,KWAI AND WONG INC
1006160106,50 8 AVENUE,40.7384229,-74.0035219,2741.0,S2,1.0,YOUCHUNG CORPORATION
1006160131,9 1/2 JANE STREET,40.7383516,-74.0027317,3500.0,A5,1.0,"LAURIE GRIMS, AS TRUSTEE"
1006160142,347 WEST 4 STREET,40.7390899,-74.003724,2625.0,B1,1.0,"DOVER & CO., REALTY, LLC"
1006167501,2 HORATIO STREET,40.7385464,-74.0027136,219011.0,RM,1.0,"AVIRAM, KAREN"
1006170021,221 WEST 12 STREET,40.7378218,-74.0014542,43280.0,D6,1.0,225 W 12 LLC
1006170026,90 GREENWICH AVENUE,40.7378685,-74.001678,3521.0,C7,1.0,92 MANAGEMENT LLC C/O
1006170028,94 GREENWICH AVENUE,40.7379481,-74.0016635,2375.0,S2,1.0,"STALLINGS, MASON"
1006170029,96 GREENWICH AVENUE,40.7380085,-74.0016671,2625.0,S2,1.0,LYONS THOMAS J
1006170030,98 GREENWICH AVENUE,40.7380579,-74.0017068,3864.0,S4,1.0,S. SAETINE & MEYTOH INC.
1006170031,100 GREENWICH AVENUE,40.7381073,-74.0017501,3364.0,A4,1.0,"GELFOND, RICHARD"
1006170032,102 GREENWICH AVENUE,40.738154,-74.0017934,4789.0,C5,1.0,"UNITED GREENWICH, LLC"
1006170033,104 GREENWICH AVENUE,40.7382006,-74.0018331,3507.0,B9,1.0,104 GREENWICH AVENUE NYC LLC
1006170036,234 WEST 13 STREET,40.7384559,-74.0019991,26377.0,D7,1.0,BABA VILLAGE 6 LLC
1006170040,230 WEST 13 STREET,40.7383708,-74.0017646,5400.0,W8,1.0,"ZELNIK, SIMON B"
1006170042,228 WEST 13 STREET,40.7383104,-74.001678,3900.0,C5,1.0,BRUNI FAMILY IRREVOCABE LIVING TRUST
1006170055,20 7 AVENUE,40.7377148,-74.0008733,153000.0,I9,1.0,LENOX HILL HOSPITAL
1006180042,205 WEST 13 STREET,40.738294,-74.0005918,26700.0,D1,1.0,205 WEST 13TH LLC C/O
1006180044,209 WEST 13 STREET,40.7383626,-74.0007542,27075.0,C1,1.0,209 WEST 13 ASSOCIATES
1006180046,213 WEST 13 STREET,40.73839,-74.0009238,13000.0,C1,2.0,"213-215 WEST 13TH STREET ASSOCIATES, LLC"
1006180048,217 WEST 13 STREET,40.7384312,-74.0010212,4475.0,C2,1.0,"MOLNER, THOMAS E."
1006180050,221 WEST 13 STREET,40.7384861,-74.0011511,3840.0,C3,1.0,221 W 13TH STREET DEVELOPMENT LLC
1006180051,223 WEST 13 STREET,40.7385135,-74.0012161,3948.0,C3,1.0,223 W 13TH STREET LLC
1006180052,225 WEST 13 STREET,40.7385767,-74.001263,9021.0,O5,1.0,"225W13, LLC"
1006180053,227 WEST 13 STREET,40.7385931,-74.0013893,18720.0,W8,1.0,INTEGRAL YOGA INSTTT
1006180055,231 WEST 13 STREET,40.7386315,-74.0014831,3332.0,C2,1.0,"SCHAPIRO, JOEL"
1006180056,233 WEST 13 STREET,40.738659,-74.0015445,3360.0,C0,1.0,231-235 WEST 13TH STREET ASSOC LLC
1006180057,235 WEST 13 STREET,40.7386864,-74.0016094,3332.0,C5,1.0,231-235 WEST 13TH STREET ASSOC LLC
1006180058,237 WEST 13 STREET,40.7387413,-74.0016599,10500.0,C7,1.0,237 WEST 13 REALTY LLC
1006180059,239 WEST 13 STREET,40.7387715,-74.0017321,2814.0,C2,1.0,ROGER DUBOIS
1006180060,241 WEST 13 STREET,40.7388127,-74.0018295,18468.0,C6,1.0,241 WEST 13TH STREET LLC
1006180062,245 WEST 13 STREET,40.7388539,-74.001927,3565.0,A4,1.0,"KEARY, PAUL"
1006180063,247 WEST 13 STREET,40.7388813,-74.0019955,5183.0,A4,1.0,MOUNTAIN CROWN LLC
1006180064,249 WEST 13 STREET,40.7388786,-74.0020821,4215.0,S5,1.0,"ERIKA MUNK, AS TRUSTEE"
1006180065,251 WEST 13 STREET,40.7389444,-74.0021327,7735.0,S1,1.0,SL/TMF PRODUCTIONS INC.
1006187502,219 WEST 13 STREET,40.7384586,-74.0010862,1187.0,R1,1.0,NAME NOT ON FILE
1006190005,510 HUDSON STREET,40.7334273,-74.0060727,4325.0,S2,1.0,SUSAN & CHRISTOPHER ADAMS
1006190006,512 HUDSON STREET,40.7334877,-74.0060547,2628.0,S2,1.0,ATHENS BUILDING CORP
1006190009,252 WEST 10 STREET,40.7336716,-74.0060727,4440.0,S5,1.0,HUDSON ASSOCIATES LLC
1006190010,250 WEST 10 STREET,40.7336744,-74.0059573,3000.0,A9,1.0,250 W 10 LLC
1006190012,246 WEST 10 STREET,40.7336716,-74.0058707,4084.0,A5,1.0,"GEORGIADES, WILLIAM J."
1006190014,242 WEST 10 STREET,40.733636,-74.0056902,9480.0,C4,1.0,CARMINE LIMITED
1006190015,240 WEST 10 STREET,40.7336497,-74.0056036,9780.0,C7,1.0,CARMINE LIMITED
1006190016,236 WEST 10 STREET,40.7336717,-74.0054701,20073.0,C7,1.0,WEST 10TH STREET PARTNER LLC
1006190018,234 WEST 10 STREET,40.7336936,-74.0053366,3000.0,A5,1.0,"TINY CASTLE HOLDINGS, LLC"
1006190019,232 WEST 10 STREET,40.733754,-74.0052717,2684.0,B9,1.0,"THE INCREDIBLE X, LLC"
1006190021,228 WEST 10 STREET,40.7337183,-74.005131,6714.0,C6,1.0,228 W TENTH ST OWNERS CORP
1006190022,226 WEST 10 STREET,40.7337376,-74.005048,4250.0,A4,1.0,NOEL BLAIR AS TRUSTEE OF THE
1006190023,224 WEST 10 STREET,40.7337485,-74.0049686,3450.0,A4,1.0,THE COOL TRUST
1006190024,220 WEST 10 STREET,40.7337732,-74.0048567,11085.0,C4,2.0,220-2 WEST 10TH STREET LLC
1006190026,340 BLEECKER STREET,40.7337952,-74.0046908,23165.0,D8,1.0,PHILLIPS AND HUYLER LLC
1006190033,330 BLEECKER STREET,40.7335152,-74.0047449,136785.0,D6,1.0,BLDG GANSVOORT LLC
1006190039,107 CHRISTOPHER STREET,40.7334493,-74.0051346,17226.0,C7,1.0,107 CHRISTOPHER LLC
1006190041,111 CHRISTOPHER STREET,40.7334384,-74.0052572,9550.0,C7,1.0,D & B CHRISTOPHER STCRP
1006190042,113 CHRISTOPHER STREET,40.7334191,-74.0053511,9295.0,C4,1.0,113 CHRISTOPHER ST LLC
1006190044,117 CHRISTOPHER STREET,40.7333917,-74.0055279,10638.0,C7,1.0,117 CHRISTOPHER STREET LLC
1006190045,119 CHRISTOPHER STREET,40.733378,-74.0056145,11016.0,C7,1.0,119 CHRISTOPHER LLC
1006190046,121 CHRISTOPHER STREET,40.733356,-74.005748,5558.0,J1,1.0,LUCILLE LORTEL THEATRE FOUNDATIN INC.
1006190051,335 BLEECKER STREET,40.7336745,-74.0042433,2661.0,S9,1.0,CHRISTOPHER BLEECKER OWNER LLC
1006190052,341 BLEECKER STREET,40.7337486,-74.0042722,1503.0,S2,1.0,CHRISTOPHER BLEECKER OWNER LLC
1006190053,343 BLEECKER STREET,40.7338089,-74.0042939,1719.0,S1,1.0,343-5 BLEEKER STREET LLC
1006190054,345 BLEECKER STREET,40.7338721,-74.0043191,2215.0,S2,1.0,343-5 BLEECKER STREET
1006190055,347 BLEECKER STREET,40.7339434,-74.004348,4128.0,S3,1.0,"RUSSO, BRITT L"
1006190056,208 WEST 10 STREET,40.7338721,-74.0041495,22005.0,C7,1.0,210 WEST 10TH I LLC
1006190062,200 WEST 10 STREET,40.7339242,-74.003814,3591.0,C3,1.0,"SPENCE, WILLIAM CHENAULT JR"
1006190063,198 WEST 10 STREET,40.7339352,-74.0037454,3450.0,C4,1.0,"198 W. 10TH STREET OWNER, LLC"
1006190064,196 WEST 10 STREET,40.7339462,-74.0036696,9365.0,C1,1.0,PDS PROPERTIES LLC
1006190065,194 WEST 10 STREET,40.7339599,-74.0035794,9530.0,C4,1.0,"SHINKO CO., LTD."
1006190068,184 WEST 10 STREET,40.7341164,-74.0031897,12500.0,C4,1.0,230W 4ST LLC
1006190069,228 WEST 4 STREET,40.7340423,-74.0031717,10437.0,C7,1.0,228 W 4 OWNERS CORP
1006190077,79 CHRISTOPHER STREET,40.7337102,-74.0034892,2144.0,A4,1.0,"DEWITZ, MATTHEW CLEMENT"
1006190078,81 CHRISTOPHER STREET,40.7336964,-74.0036408,4250.0,M1,1.0,ST JOHNS GERMAN CHUR
1006190080,83 CHRISTOPHER STREET,40.7336251,-74.0037598,3777.0,M9,1.0,ST JOHNS LUTHERAN CHURCH
1006190081,85 CHRISTOPHER STREET,40.7336525,-74.0038609,10950.0,C7,1.0,CHRISTOPHER ST.ASSOCINC
1006190082,87 CHRISTOPHER STREET,40.7336388,-74.0039547,10950.0,C7,1.0,CHRIS-MAC
1006190083,89 CHRISTOPHER STREET,40.7336196,-74.0040377,10950.0,C7,1.0,CHRISTOPHER BLEECKER OWNER LLC
1006190084,91 CHRISTOPHER STREET,40.7336058,-74.0041243,10950.0,C7,1.0,CHRISTOPHER BLEECKER OWNER LLC
1006197501,115 CHRISTOPHER STREET,40.7334054,-74.0054376,12678.0,RM,1.0,CHRISTOPHER HOUSE
1006197502,204 WEST 10 STREET,40.7338995,-74.0039835,17297.0,RM,1.0,UNAVAILABLE OWNER
1006200001,520 HUDSON STREET,40.7339351,-74.0059573,23778.0,D8,1.0,247 WEST REALTY CORP
1006200004,526 HUDSON STREET,40.7340532,-74.0059393,4965.0,C7,1.0,OUR NEIGHBORHOOD PLACE LLC
1006200012,108 CHARLES STREET,40.7343222,-74.0056867,7920.0,C4,1.0,106 & 108 CHARLES LLC
1006200013,106 CHARLES STREET,40.7343359,-74.0056001,7680.0,C4,1.0,106 & 108 CHARLES LLC
1006200018,102 CHARLES STREET,40.7343908,-74.0051851,5153.0,S2,1.0,"FADE USA, INC."
1006200019,350 BLEECKER STREET,40.734292,-74.0049253,92998.0,D4,1.0,350 BLEECKER ST APT CORP
1006200037,237 WEST 10 STREET,40.7340587,-74.0056073,9382.0,C4,1.0,686 HOLDING LLC
1006200041,213 WEST 10 STREET,40.7342124,-74.004449,20599.0,D7,1.0,DKF2 215 WEST 10TH LLC
1006200044,355 BLEECKER STREET,40.7343689,-74.0043985,3948.0,S3,1.0,ANTOINETTE TANNEHILL
1006200045,357 BLEECKER STREET,40.73441,-74.0044635,2672.0,S1,1.0,RYOUN LLC
1006200046,359 BLEECKER STREET,40.7344567,-74.0044779,1871.0,S1,1.0,359 BLEEKER STREET LLC
1006200048,363 BLEECKER STREET,40.7345418,-74.0045465,2448.0,S1,1.0,SCOUT 363 LLC
1006200049,365 BLEECKER STREET,40.7345939,-74.0045609,2640.0,S1,1.0,BOONE REAL ESTATE LTD.
1006200050,94 CHARLES STREET,40.7345912,-74.0044202,3256.0,S1,1.0,THE 94 CHARLES STREET REVOCABLE INTER VI VOS TRUST F/B/O MAURA TIERNEY
1006200051,92 CHARLES STREET,40.7345336,-74.0043228,3795.0,A4,1.0,WEST VILLAGE INVESTMENT HOLDINGS LLC
1006200052,90 CHARLES STREET,40.7345336,-74.0042434,2358.0,C0,1.0,JLC 90 LLC
1006200053,88 CHARLES STREET,40.7345391,-74.004164,9700.0,C6,1.0,84-88 CHARLES ST OWNERS CORP
1006200054,84 CHARLES STREET,40.7345638,-74.0040594,13685.0,C6,1.0,84-88 CHARLES ST OWNERS CORP
1006200056,82 CHARLES STREET,40.7345857,-74.0039006,19210.0,C6,2.0,80 82 CHARLES ST OWNERS CORP
1006200058,78 CHARLES STREET,40.7346077,-74.0037635,9900.0,C6,1.0,SEVENTY EIGHT TENANT CORP
1006200059,76 CHARLES STREET,40.7346297,-74.0036264,16250.0,C4,2.0,74-76 CHARLES REALTY LLC
1006200061,72 CHARLES STREET,40.7346489,-74.0034965,9545.0,C4,1.0,"CHARLES THOMPSON, LLC"
1006200062,70 CHARLES STREET,40.734723,-74.0034387,2984.0,A4,1.0,"SHERIF, TAREK"
1006200063,68 CHARLES STREET,40.734734,-74.0033702,2952.0,B9,1.0,BENJAMIN J. JENKINS
1006200064,66 CHARLES STREET,40.7347449,-74.0033016,2880.0,A4,1.0,"ATKINS, KATHLEEN"
1006200065,64 CHARLES STREET,40.7347559,-74.0032258,3350.0,S9,1.0,BORDER 64 LLC
1006200066,244 WEST 4 STREET,40.7346324,-74.0033016,7100.0,C6,1.0,242-244 OWNERS CORP
1006200067,242 WEST 4 STREET,40.7345693,-74.0032836,6730.0,C6,1.0,242-244 OWNERS CORP
1006200068,236 WEST 4 STREET,40.734454,-74.0032619,21895.0,C4,2.0,240 W 4TH STREET ASSOC
1006200071,234 WEST 4 STREET,40.734325,-74.0032258,11877.0,C4,1.0,PENTA TWO REALTY
1006200072,191 WEST 10 STREET,40.7343799,-74.0034459,4115.0,C4,1.0,191 W 10 STREET LLC
1006200073,193 WEST 10 STREET,40.7343689,-74.0035289,3276.0,A4,1.0,"GARY L. GINSBERG, AS TRUSTEE OF THE GLG  QUALIFIED"
1006200074,195 WEST 10 STREET,40.7343497,-74.0036516,18408.0,C1,1.0,"195-97 WEST 10TH STREET REALTY    ,"
1006200076,199 WEST 10 STREET,40.7343222,-74.0038248,19343.0,C7,1.0,199 WEST 10 FEE LLC
1006200078,203 WEST 10 STREET,40.7342975,-74.00398,15084.0,D1,1.0,205 OWNERS LLC
1006200080,207 WEST 10 STREET,40.7342728,-74.0041099,13362.0,C1,1.0,207/10 ASSOCIATES LLC
1006210005,546 HUDSON STREET,40.7348656,-74.0058275,3324.0,S3,1.0,546 HUDSON STREET PARTNERS LLC
1006210007,548 1/2 HUDSON STREET,40.7349754,-74.0058094,5410.0,S4,1.0,"HUDSON REAL ESTATE HOLDINGS, L.L.C."
1006210008,550 HUDSON STREET,40.735055,-74.0058058,10080.0,C7,1.0,108 PERRY LLC
1006210010,104 PERRY STREET,40.7350111,-74.0055532,8465.0,C4,1.0,PERRY 104 LLC
1006210013,96 PERRY STREET,40.7350468,-74.0052898,16986.0,D4,1.0,96 PERRY ST CORP
1006210018,380 BLEECKER STREET,40.735066,-74.0050878,5286.0,S3,1.0,"MARQUES, 50% INTEREST, LUIS"
1006210019,378 BLEECKER STREET,40.7350056,-74.0050697,3941.0,C4,1.0,HARRIET LIPSITZ
1006210020,376 BLEECKER STREET,40.734948,-74.0050553,4106.0,S3,1.0,376 BLEECKER ASSOCIATES LLC
1006210027,97 CHARLES STREET,40.7348903,-74.0053981,25410.0,G1,1.0,99 CHARLES ST CORP
1006210029,101 CHARLES STREET,40.7347449,-74.0054955,10468.0,C7,1.0,101-103-105 CHARLES LLC
1006210030,103 CHARLES STREET,40.7347311,-74.0055965,10465.0,C7,1.0,101-103-105 CHARLES LLC
1006210031,105 CHARLES STREET,40.7347201,-74.0056759,6510.0,C4,1.0,101-103-105 CHARLES LLC
1006210037,375 BLEECKER STREET,40.7350166,-74.0046295,4655.0,S4,1.0,"MARQUES-FARZAM, TRUSTEE, JULIA"
1006210040,381 BLEECKER STREET,40.7351676,-74.0046981,5637.0,S4,1.0,BLEECKER & PERRY ASSOCIATES LLC
1006210041,383 BLEECKER STREET,40.7352362,-74.0047161,7705.0,C4,1.0,88 PERRY OWNER LLC
1006210042,86 PERRY STREET,40.7352252,-74.0045574,3500.0,C4,1.0,86 PERRY STREET LLC
1006210043,84 PERRY STREET,40.7351731,-74.0044708,4640.0,A4,1.0,VILLAGE 84 LLC
1006210044,80 PERRY STREET,40.7351896,-74.0043625,12605.0,D4,1.0,PERRY ST COOPERATIVE LTD
1006210046,78 PERRY STREET,40.735206,-74.0042579,3680.0,C0,1.0,"SALTZMAN, MARIAN B"
1006210047,76 PERRY STREET,40.7352115,-74.0041857,3840.0,B1,1.0,"MINTZ,LOWELL A"
1006210048,74 PERRY STREET,40.735228,-74.0041171,4186.0,B9,1.0,74 PERRY STREET LLC
1006210049,72 PERRY STREET,40.7352362,-74.004045,4875.0,C6,1.0,MEAD HOUSE TENANTS
1006210050,70 PERRY STREET,40.7352472,-74.0039728,4508.0,C3,1.0,70 PERRY LLC
1006210051,68 PERRY STREET,40.7352554,-74.0039006,4710.0,C5,1.0,"68 PERRY STREET, LLC"
1006210052,66 PERRY STREET,40.7352692,-74.0038285,3840.0,C0,1.0,BARBARA HEYMAN LORBER 2019 REVOCABLE TRU ST
1006210053,64 PERRY STREET,40.7352774,-74.0037563,4160.0,A4,1.0,"64 PERRY STREET, LLC"
1006210054,62 PERRY STREET,40.7352884,-74.0036877,3938.0,C0,1.0,SARAH BRECHT
1006210055,60 PERRY STREET,40.7352994,-74.0036156,3852.0,B9,1.0,60 PERRY ST. LLC
1006210058,56 PERRY STREET,40.7353515,-74.0034749,23296.0,C4,2.0,56-58 PERRY
1006210059,258 WEST 4 STREET,40.7352225,-74.0034388,3520.0,B9,1.0,"WIGGINS, DOROTHY"
1006210062,53 CHARLES STREET,40.7350386,-74.0033882,2457.0,M1,1.0,TR CONG DARECH AMUNO
1006210063,55 CHARLES STREET,40.7350469,-74.0034712,6024.0,A4,1.0,WARDLE JEAN F
1006210064,57 CHARLES STREET,40.7350386,-74.0035434,4182.0,A9,1.0,57 CHARLES STREET LLC
1006210065,59 CHARLES STREET,40.7350276,-74.003612,3920.0,B1,1.0,"PAUL,ANDREW,S"
1006210066,61 CHARLES STREET,40.7350167,-74.0036805,4080.0,C0,1.0,LOMOND LLC
1006210068,63 GHARLES STREET,40.7349947,-74.0038248,9280.0,C0,1.0,C128 LLC
1006210069,67 CHARLES STREET,40.7349865,-74.003897,4180.0,A4,1.0,67 CHARLES STREET LLC
1007910072,150 WEST 16 STREET,40.7393863,-73.9981271,0.0,U7,1.0,NYC TRANSIT AUTHORITY
1005850041,488 HUDSON STREET,40.7326067,-74.0059716,71305.0,W1,1.0,NYC DEPARTMENT OF EDUCATION
1006040033,154 CHRISTOPHER STREET,40.7322579,-74.0081834,553000.0,D6,1.0,NYC DEPARTMENT OF CITYWIDE ADMINISTRATIVE SERVICES
1006060001,421 AVENUE OF THE AMERICAS,40.7345007,-73.9993974,19800.0,P8,2.0,NEW YORK PUBLIC LIBRARY
1006060049,106 WEST 11 STREET,40.7354504,-73.9991665,81947.0,W1,1.0,NYC DEPARTMENT OF EDUCATION
1006100051,132 WEST 10 STREET,40.7344321,-74.0003572,5020.0,Y1,1.0,FIRE DEPARTMENT OF NEW YORK
1006180066,253 WEST 13 STREET,40.7389966,-74.0022481,0.0,U7,1.0,NYC TRANSIT AUTHORITY
1006300052,137 CHRISTOPHER STREET,40.7331556,-74.0071552,0.0,U7,1.0,PORT AUTHORITY OF NY AND NJ
1006420047,84 HORATIO STREET,40.7385737,-74.0074552,8125.0,C6,1.0,CITY OF NEW YORK
1006420048,82 HORATIO STREET,40.7385737,-74.0073759,5960.0,C6,1.0,CITY OF NEW YORK
1008460066,14 EAST 18 STREET,40.737956,-73.991004,5623.0,Y1,1.0,FIRE DEPARTMENT OF NEW YORK
1007770018,243 WEST 27 STREET,40.7473625,-73.9947381,397650.0,W1,1.0,NYC DEPARTMENT OF EDUCATION
1007920053,128 WEST 17 STREET,40.7397047,-73.9970446,6900.0,Y6,1.0,NYC DEPARTMENT OF SANITATION
1007670068,250 WEST 18 STREET,40.741821,-74.0002382,39990.0,W8,1.0,NYC DEPARTMENT OF EDUCATION
1007400024,317 WEST 16 STREET,40.7416535,-74.00201,0.0,Q1,0.0,NYC DEPARTMENT OF PARKS AND RECREATION
1007760033,210 WEST 27 STREET,40.7465912,-73.9947056,149614.0,H8,1.0,DORMITORY AUTHORITY OF THE STATE OF NEW YORK
1006690031,616 WEST 24 STREET,40.7497914,-74.0077524,0.0,Q1,0.0,NYS DEPARTMENT OF TRANSPORTATION
1006680030,11 AVENUE,40.748839,-74.0080555,0.0,Q1,0.0,NYS DEPARTMENT OF TRANSPORTATION
1006620007,MARGINAL STREET,40.7445597,-74.0104441,0.0,V1,0.0,NYS DEPARTMENT OF TRANSPORTATION
1006620003,25 11 AVENUE,40.7435606,-74.0105991,396000.0,O5,1.0,NYS PARKS RECREATION AND HISTORIC PRESERVATION
1007740019,233 WEST 24 STREET,40.7456745,-73.9963586,400000.0,W1,1.0,NYC DEPARTMENT OF EDUCATION
1006240070,BANK STREET,40.7367019,-74.0055209,0.0,Q2,0.0,NYC DEPARTMENT OF PARKS AND RECREATION
1006860029,65 11 AVENUE,40.7426935,-74.0082929,0.0,V9,0.0,NYS DEPARTMENT OF TRANSPORTATION
1006690001,148 WEST STREET,40.7496185,-74.00807,0.0,Q1,0.0,NYS DEPARTMENT OF TRANSPORTATION
1006690038,156 12 AVENUE,40.7499561,-74.0081278,0.0,Q1,0.0,NYS DEPARTMENT OF TRANSPORTATION
1007660030,217 WEST 16 STREET,40.7404074,-73.9994154,18030.0,C7,2.0,BALANCE PROPERTY LLC
1007677506,221 WEST 17TH STREET,40.7410689,-73.9990978,32965.0,RM,1.0,"221 W. 17TH STREET, LLC"
1006917503,532 WEST 20TH STREET,40.7462617,-74.007171,23837.0,R1,1.0,DDG 532 WEST 20TH STREET LLC
1007690055,230 WEST 20 STREET,40.742691,-73.9986539,20110.0,Y2,1.0,NYC POLICE DEPARTMENT
1007240100,294 10 AVENUE,40.7499399,-74.000729,18924.0,Q1,1.0,NYC DEPARTMENT OF PARKS AND RECREATION
1006210067,63 CHARLES STREET,40.7350057,-74.0037527,3840.0,A4,1.0,C128 LLC
1006510048,PIER 48,40.7352521,-74.0121999,0.0,V9,0.0,NYS DEPARTMENT OF TRANSPORTATION
1006510013,503 WEST STREET,40.7382549,-74.0117638,33000.0,T2,1.0,NYS DEPARTMENT OF TRANSPORTATION
1006510017,PIER 52,40.7390509,-74.011883,0.0,V9,0.0,NYS DEPARTMENT OF TRANSPORTATION
1006510005,PIER 49,40.7362649,-74.0120521,92760.0,T2,1.0,NYS DEPARTMENT OF TRANSPORTATION
1006510009,PIER 50,40.7372723,-74.0119043,0.0,V9,0.0,NYS DEPARTMENT OF TRANSPORTATION
1007900015,137 WEST 14 STREET,40.7383159,-73.9983617,6675.0,K4,1.0,"PEOPLE'S FORUM, INC."
1007510020,341 8TH AVENUE,40.7477057,-73.9974159,157984.0,D6,1.0,MUTUAL REDEVELOPMENT HOUSES INC
1006140024,16 BANK STREET,40.7368886,-74.0022084,2614.0,S5,1.0,16-18 VILLAGHE MANAGEMENT
1008170036,,40.7371541,-73.9935067,,,,
1006060066,,40.7351226,-73.9987964,,,,
1006060079,,40.7350376,-73.9993277,,,,
1005850019,,40.7321351,-74.0058106,,,,
1005770042,74 5 AVENUE,40.7357083,-73.9943204,93396.0,D0,1.0,74 FIFTH AVE OWNERS CORP
1005770015,48 WEST 14 STREET,40.7365894,-73.9961715,60930.0,H8,2.0,47 DEVELOPMENT LLC
1005770039,80 5 AVENUE,40.7359388,-73.9940858,126756.0,O6,1.0,AMES ASSOCIATES
1005720062,39 WEST 8 STREET,40.7332381,-73.9981309,16777.0,D6,2.0,37-39 WEST 8 ASSOC LP
1005740035,18 WEST 11 STREET,40.7341932,-73.9959912,5040.0,A4,1.0,QHM HOLDINGS LLC
1005930044,16 CHRISTOPHER STREET,40.7337843,-74.0004907,4568.0,C7,2.0,"16 CHRISTOPHER STREET, LLC"
1006097502,116 WEST 14 STREET,40.7375172,-73.9979648,47076.0,RM,1.0,UNAVAILABLE OWNER
1006130059,61 GREENWICH AVENUE,40.7361338,-74.0010897,5000.0,U0,1.0,NYC TRANSIT AUTHORITY
1006100042,179 WAVERLY PLACE,40.7343113,-74.0011727,21420.0,D7,1.0,"JONIS-181 WAVERLY PLACE, LLC"
1006120046,7 AVENUE,40.7355163,-74.0015263,0.0,Z9,0.0,VALERIE SHAKESPEARE
1006060061,461 AVENUE OF THE AMERICAS,40.7353241,-73.998553,1008.0,S1,1.0,453 LLC
1007530031,309 WEST 29 STREET,40.7495336,-73.9963042,4450.0,C5,1.0,"GW 309 WEST 29TH STREET, LLC"
1007530030,311 WEST 29 STREET,40.7495611,-73.9963764,6555.0,C5,1.0,"MIKA PROPERTIES, INC."
1007510001,345 8TH AVENUE,40.7485511,-73.9980294,1448543.0,D4,4.0,MUTUAL REDEVELOPMENT HOUSES INC
1007530013,345 WEST 29 STREET,40.7500579,-73.9975566,6050.0,C6,1.0,PHINQUE MUTUAL HOUSING COOP IN
1008480001,119 5 AVENUE,40.7390704,-73.9909028,56731.0,O6,1.0,119 FIFTH AVENUE PROPCO LLC
1008420042,71 5 AVENUE,40.7363642,-73.9928445,132121.0,O6,1.0,71 FIFTH GROUND LESSOR LLC
1008420007,7 EAST 14 STREET,40.7358509,-73.9925126,443389.0,D4,1.0,VICTORIA OWNERS CORP
1005690003,45 5 AVENUE,40.7341602,-73.9945587,45248.0,D4,1.0,45 FIFTH AVENUE APARTMENT CORP.
1008180018,31 WEST 16 STREET,40.7383515,-73.9945367,8125.0,C6,1.0,31 WEST 16 TENANTS CORP
1008180010,43 WEST 16 STREET,40.7385464,-73.9949986,64049.0,D3,1.0,43 WEST 16TH STREET LLC
1008180009,49 WEST 16 STREET,40.7386013,-73.9951321,6538.0,C2,1.0,"49 WEST 16TH STREET, LLC"
1008180014,39 WEST 16 STREET,40.738464,-73.9948037,4720.0,C5,1.0,37-39 WEST 16TH STREET LLC
1008180016,35 WEST 16 STREET,40.7384173,-73.9946919,5544.0,C5,1.0,16 MANAGEMENT LLC
1008170026,27 WEST 15 STREET,40.7374594,-73.9943636,7918.0,C5,1.0,THREE BRANCHES PROPERTIES LLC
1008170025,29 WEST 15 STREET,40.7374951,-73.9944465,22220.0,D0,1.0,15 ST LOFT CORP
1008180021,25 WEST 16 STREET,40.7382526,-73.9943021,6170.0,C5,1.0,25 W. 16TH STREET LLC
1008160037,84 5 AVENUE,40.736367,-73.9937574,132491.0,O6,1.0,"90 FIFTH OWNER, LLC"
1008160031,7 WEST 14 STREET,40.7366964,-73.9941652,350800.0,D4,2.0,5 WEST 14 OWNERS CORP
1008220058,30 WEST 21 STREET,40.7408051,-73.9923713,60798.0,O6,1.0,FLATIRON 30 LLC
1008190031,11 WEST 17 STREET,40.7384365,-73.9929273,27610.0,D7,1.0,"TRIAD 11 WEST, LLC"
1008210032,11 WEST 19 STREET,40.7398198,-73.9922379,224320.0,O6,1.0,11 WEST 19TH ASSOCIATES LLC
1008180056,8 WEST 17 STREET,40.7380687,-73.9931402,0.0,V1,0.0,10 WEST 17TH STREET OWNER LLC
1008260024,25 WEST 24 STREET,40.7431079,-73.990646,10985.0,H3,1.0,23 WEST 24TH STREET OWNER LLC
1008270001,55 WEST 25 STREET,40.7443376,-73.9912233,428340.0,D6,1.0,MARINE ESTATES LLC
1008270014,39 WEST 25 STREET,40.7439203,-73.9906712,0.0,G6,0.0,ALJUD ESTATES LLC
1008240036,172 5 AVENUE,40.7411042,-73.9903107,13060.0,D7,1.0,THOR 172 FIFTH AVENUE LLC
1007420027,315 WEST 18 STREET,40.7427844,-74.001411,4400.0,C5,1.0,"GIRALDO, GEORGE"
1006190038,105 CHRISTOPHER STREET,40.7334713,-74.0050119,6450.0,C6,2.0,105 CHRISTOPHER STR OWNER
1006220010,570 HUDSON STREET,40.735711,-74.0057554,5313.0,S2,1.0,"300 WEST 11TH STREET,"
1006290023,324 WEST 14 STREET,40.7400286,-74.003919,7000.0,C7,1.0,320-324 WEST 14 REALTY ASSOCIATES LLC
1006290022,326 WEST 14 STREET,40.7400615,-74.0039984,6555.0,M3,1.0,CHURCH OF ST BERNARD
1006290051,319 WEST 13 STREET,40.73968,-74.0038792,8885.0,D1,1.0,EFF REALTY CORP
1006290021,328 WEST 14 STREET,40.7400972,-74.0040814,5000.0,M3,1.0,RC CH ST BERNARD
1006280017,652 HUDSON STREET,40.7396305,-74.0048969,50962.0,D0,1.0,GANSEVOORT COOPERATIVE CORP
1006260047,35 JANE STREET,40.7383213,-74.0043663,5924.0,S4,2.0,DONALL B. HEALY IRREVOCABLE TRUST
1006250040,19 8 AVENUE,40.7378519,-74.0047704,2560.0,S1,1.0,STOLIAR REAL ESTATE CORP
1006290024,322 WEST 14 STREET,40.7399929,-74.0038396,8750.0,C4,1.0,320-324 WEST 14 REALTY ASSOCIATES LLC
1006160107,52 8 AVENUE,40.7384339,-74.0034281,2800.0,S2,2.0,"LWNY 8, LLC"
1006180009,248 WEST 14 STREET,40.7392656,-74.0021074,8400.0,S9,1.0,14 SMI LLC
1006180015,234 WEST 14 STREET,40.739046,-74.001595,17500.0,D7,1.0,234-236 W 14TH LLC
1006180022,220 WEST 14 STREET,40.7388319,-74.0010826,8050.0,C7,1.0,220 WEST INVESTORS LLC
1007910068,140 WEST 16 STREET,40.7392381,-73.9977735,15203.0,C6,1.0,136/140 W.16TH ST. REALTY CORP.
1007920028,111 WEST 16 STREET,40.739131,-73.996377,39455.0,D4,1.0,111 W 16TH ST OWNERS INC
1007910025,127 WEST 15 STREET,40.7387303,-73.9973694,4386.0,C6,1.0,127 W 15TH ST OWNERS CORP
1007930050,118 WEST 18 STREET,40.7400368,-73.9960016,3402.0,E2,1.0,"118 W. 18TH STREET REALTY ASSOCIATES,"
1007930022,121 WEST 17 STREET,40.7398968,-73.9963697,53298.0,D0,1.0,121-125 W 17 OWNERS CORP.
1007930029,111 WEST 17 STREET,40.7397266,-73.99598,8900.0,O5,1.0,PAJEOT & OTTER LLC
1007910030,117 WEST 15 STREET,40.7385876,-73.9970266,11575.0,C4,1.0,117 WEST 15TH LLC
1007920032,105 WEST 16 STREET,40.7390212,-73.9961966,4025.0,S3,1.0,WASSFAM
1007930031,107 WEST 17 STREET,40.7396635,-73.9958321,4658.0,K4,1.0,ASSANTE & SONS LLC
1007920070,113 7 AVENUE,40.7402015,-73.998073,42380.0,O6,1.0,CHELSEA 115 LLC
1007910071,148 WEST 16 STREET,40.7393287,-73.9979936,6705.0,C6,1.0,148 16 HOUSING CORP
1007920035,579 AVENUE OF THE AMERICAS,40.739013,-73.9959945,4370.0,K2,1.0,579 HANA CORP.
1007910018,141 WEST 15 STREET,40.738917,-73.9978132,4160.0,C2,1.0,14115 REALTY LLC
1007910032,113 WEST 15 STREET,40.7385217,-73.9968714,6175.0,C6,2.0,113 W 15TH ST OWNERS CORP
1007920020,125 WEST 16 STREET,40.7393946,-73.9970085,39504.0,D3,1.0,"AAK ACQUISITIONS, LLC"
1007930014,141 WEST 17 STREET,40.740196,-73.9970878,32862.0,D0,1.0,OLD WARREN ROAD HOUSE INC
1007930054,126 WEST 18 STREET,40.7401768,-73.9963336,9568.0,K4,1.0,126-128 WEST LLC
1007910078,91 7 AVENUE,40.7395428,-73.9984411,62400.0,D9,1.0,160 ASSOCIATES
1007660036,207 WEST 16 STREET,40.7402016,-73.9990654,2052.0,C0,1.0,MIRCHANDANI RAJU S
1007640049,218 WEST 15 STREET,40.7394824,-74.0002887,3935.0,A9,1.0,"REICH, DAVID L"
1007660022,233 WEST 16 STREET,40.7406737,-74.0000289,5304.0,C5,1.0,NEW TRINITY COURT LLC
1007650022,225 WEST 15 STREET,40.7399024,-74.000148,9120.0,C4,1.0,PADRONE PROPERTIES LLC
1007650051,212 WEST 16 STREET,40.7400204,-73.9996427,5005.0,C4,2.0,212 W. 16TH    .
1007650047,208 WEST 16 STREET,40.7399435,-73.9994659,33547.0,D3,1.0,"UNITED CHELSEA, LLC"
1007910001,79 7 AVENUE,40.7392985,-73.9986504,126134.0,D0,1.0,WEST 15 TOWNHOUSE CORP
1007660033,213 WEST 16 STREET,40.7403251,-73.9992169,5975.0,C4,2.0,213 WEST 16TH STREET LIMITED LIABILITY C OMPANY
1007670071,160 8 AVENUE,40.7420186,-74.0004655,15418.0,S5,1.0,"154-160 8TH AVENUE CO.,"
1007670002,146 8 AVENUE,40.7417304,-74.0006712,19615.0,D7,1.0,ST. FRANCIS FRIENDSETC.
1007670067,246 WEST 18TH STREET,40.7417359,-74.0000397,15371.0,C7,2.0,246 WEST 18TH STREET LAND LLC
1007670054,218 WEST 18 STREET,40.741283,-73.999069,167210.0,O6,1.0,218 W 18TH STREET GORP PROPERTY LLC
1007670074,154 8 AVENUE,40.7418786,-74.000563,3640.0,S4,1.0,"ROY SAVELLI, AS TRUSTEE"
1007660061,230 WEST 17 STREET,40.7408932,-73.9998376,53168.0,O3,1.0,"EK 17TH STREET,"
1007660019,239 WEST 16 STREET,40.7407532,-74.0002165,4160.0,C1,1.0,239 WEST 16 LLC
1007670017,241 WEST 17 STREET,40.7412034,-73.9996644,4500.0,A4,1.0,ZERO DAY LLC
1007670043,128 7 AVENUE,40.7410195,-73.9982931,46812.0,D6,1.0,200 REALTY EQUITIES LLC
1007660077,258 WEST 17 STREET,40.741261,-74.000664,10190.0,C4,1.0,258 W. 17 REALTY LLC
1007660014,247 WEST 16 STREET,40.7408521,-74.0005124,7653.0,K4,1.0,FITZ ROY ROAD LLC
1007650015,239 WEST 15 STREET,40.7401329,-74.0006965,9645.0,C7,1.0,GMART NY 2022 LLC
1007640068,256 WEST 15 STREET,40.7400067,-74.001595,13056.0,C7,1.0,"256 CHELSEA, LLC"
1007650001,102 8 AVENUE,40.7406325,-74.0014868,102046.0,C7,8.0,PAYOURENT EIGHTH AVE LLC
1007640067,254 WEST 15 STREET,40.739971,-74.0015156,12276.0,C1,1.0,BAY ASSOCIATES
1007650010,251 WEST 15 STREET,40.7402921,-74.0010754,7750.0,C5,1.0,CHELSEA 251 LLC
1007650011,249 WEST 15 STREET,40.7402455,-74.0009635,19310.0,D9,1.0,NESOR NEW YORK LLC
1007650070,248 WEST 16 STREET,40.7406297,-74.0010898,49816.0,D4,1.0,250 W 16 ST OWNERS CO
1007900045,112 WEST 15 STREET,40.7381704,-73.9971601,4932.0,C1,2.0,112 WEST 15 REALTY LLC
1007900018,131 WEST 14 STREET,40.7382171,-73.9981272,11550.0,K9,1.0,131 WEST SB LLC
1007900044,110 WEST 15 STREET,40.738143,-73.9970951,5200.0,C3,1.0,110 WEST 15 LLC
1007150050,436 WEST 18 STREET,40.7438822,-74.005139,6100.0,O5,1.0,DUGOUT DOUG-TWO LLC
1007380014,337 WEST 14 STREET,40.7407861,-74.0041716,28821.0,D7,1.0,335-7 LLC
1007410061,352 WEST 18 STREET,40.7429545,-74.0029267,8825.0,C1,1.0,352-354 W. 18 REALTY LLC
1007410030,301 WEST 17 STREET,40.7418978,-74.0013749,13788.0,C4,1.0,301 W 17 LLC
1007400010,347 WEST 16 STREET,40.7420707,-74.0033597,9430.0,C4,1.0,"347 WEST 16, LLC"
1007380057,330 WEST 15 STREET,40.740841,-74.003486,16284.0,C1,1.0,330 WEST 15TH STREET LLC
1007380061,338 WEST 15 STREET,40.7409096,-74.003652,5694.0,A4,1.0,MANRAFAYA LLC
1007410029,311 WEST 17 STREET,40.742068,-74.0015084,4668.0,S3,1.0,311 W 17 LLC
1007410009,349 WEST 17 STREET,40.7426965,-74.0030241,4361.0,B1,1.0,"VON BISMARCK, VANESSA"
1007400022,321 WEST 16 STREET,40.7416398,-74.0024395,5125.0,C1,1.0,321 W16 PROPERTY OWNER LLC
1007400023,319 WEST 16 STREET,40.7416068,-74.0023529,6000.0,C0,1.0,FATA MORGANA INC.
1007440039,203 8 AVENUE,40.7437917,-73.9999928,5656.0,C7,1.0,ZEVA REALTY CORP
1007450026,313 WEST 21 STREET,40.7445657,-74.0001552,20496.0,D1,1.0,ISMO 9 LLC
1007420019,331 WEST 18 STREET,40.7430177,-74.0019632,4554.0,B9,1.0,331 W 18TH ST LLC
1007440035,303 WEST 20 STREET,40.7437478,-74.0001913,2098.0,S1,1.0,YODER KATRINA D
1007440069,354 WEST 21 STREET,40.7448429,-74.0018838,3456.0,C0,1.0,STEPHEN HIRSCH
1007450014,337 WEST 21 STREET,40.7449637,-74.0011007,20737.0,C4,1.0,SJA W 21 ST CORP
1007190086,480 WEST 22 STREET,40.7466297,-74.0043055,0.0,Q1,0.0,NYC DEPARTMENT OF PARKS AND RECREATION
1007160062,448 WEST 19 STREET,40.7447522,-74.0053808,19100.0,D1,2.0,JP REAL ESTATE GROUP LIMITED
1007160004,136 10 AVENUE,40.7448071,-74.0058608,21220.0,S4,1.0,136-38 TENTH AVENUE
1007160012,445 WEST 18 STREET,40.7444256,-74.0053086,1956.0,B1,1.0,INMACULADA DE HABSBURGO DOBKIN
1007160055,434 WEST 19 STREET,40.7445189,-74.004825,21000.0,D1,1.0,MMP 434 OWNER LLC
1007160003,134 10 AVENUE,40.7447248,-74.0059222,5575.0,S2,1.0,134 10TH AVE. LLC
1007220076,254 10 AVENUE,40.7486718,-74.003111,4011.0,S3,1.0,"VISO, LLC"
1007460063,338 WEST 23 STREET,40.7456801,-74.0001155,5400.0,S2,1.0,ALAN MANOCHERIAN
1007480005,359 WEST 24 STREET,40.7470881,-74.0001263,9441.0,M1,1.0,ST ELEUTHERIUS CHUR
1007460038,237 8 AVENUE,40.7449335,-73.9991627,38802.0,C7,1.0,WEST 22ND STREET OWNER LLC
1007460068,348 WEST 23 STREET,40.7458475,-74.0005161,10465.0,C7,1.0,IRREVOCABLE TRUST OF HELEN RAKOSI FBO MF R
1007220022,425 WEST 24 STREET,40.7478429,-74.0018911,18700.0,D4,2.0,WEST 24TH OWNERS CORP.
1007220043,241 9 AVENUE,40.7477743,-74.0007976,30500.0,D6,1.0,ELK 400 WEST 25TH LLC
1007220018,433 WEST 24 STREET,40.7479747,-74.0022087,18700.0,D4,1.0,WEST 24TH OWNERS CORP.
1007220024,421 WEST 24 STREET,40.7477771,-74.0017359,21012.0,D1,1.0,"CHELSEA TOWN, SERIES III, LLC"
1007780048,214 WEST 29 STREET,40.7480679,-73.9939981,125042.0,O6,1.0,WALSAM NEW 29 LLC
1008020035,775 AVENUE OF THE AMERICAS,40.745032,-73.9916599,14814.0,D0,1.0,775 LOFT CORP
1007790001,382 8 AVENUE,40.7490149,-73.9953767,9876.0,C4,2.0,382 8TH AVENUE REALTY CORP
1007780072,376 8 AVENUE,40.7488118,-73.9955969,3870.0,S3,1.0,"376 8TH AVENUE CURINO COMPANY, LLC"
1007790002,8 AVENUE,40.7491329,-73.9952937,0.0,G6,0.0,384-386 EIGHTH AVENU
1007780007,253 WEST 28 STREET,40.7484028,-73.9954959,37372.0,O6,1.0,253 W  28TH ST CORP  C/O A MICHAEL TYLER  REALTY CORP
1007780036,322-326 7TH AVENUE,40.7475161,-73.9935543,87620.0,O6,1.0,322 7TH AVE OWNER LLC
1007760010,249 WEST 26 STREET,40.7470991,-73.9962972,10025.0,C7,1.0,"CHELSEA PARTNERS I,"
1008020004,289 7 AVENUE,40.7461273,-73.9937601,7280.0,K4,1.0,DOREEN LLC
1007760055,230 WEST 27 STREET,40.7470277,-73.9953624,109132.0,H8,1.0,F.I.T. STUDENT HOUSING CORPORATION
1007760009,251 WEST 26 STREET,40.747132,-73.9963802,10025.0,C7,1.0,"CHELSEA PARTNERS I, LLC"
1008030011,149 WEST 27 STREET,40.7464484,-73.992829,10380.0,O5,1.0,149 WEST 27TH ST LLC
1008020036,777 AVENUE OF THE AMERICAS,40.7452571,-73.9915046,269947.0,D6,1.0,777 SIXTH AVENUE OWNER LLC
1006980032,279 10 AVENUE,40.7498795,-74.0030064,0.0,G6,0.0,26-10 CORP
1006990024,513 WEST 27 STREET,40.7507441,-74.0030281,4950.0,K4,1.0,COLIN CONSTRUCTION CO
1006990025,509 WEST 27 STREET,40.7506947,-74.0029054,5395.0,K1,1.0,509-511 WEST 27 STREET LIMITED PARTNERSHIP
1006990009,537 WEST 27 STREET,40.7511338,-74.004082,34345.0,D8,1.0,HT WEST 27TH REALTY LLC
1006980006,549 WEST 26 STREET,40.7506727,-74.0047858,51350.0,O5,1.0,CIRCLE 1 LLC
1007000030,315 10 AVENUE,40.7511229,-74.0020789,7585.0,C7,1.0,PRADERA REALTY CORP
1006980028,511 WEST 26 STREET,40.7501293,-74.0031364,0.0,G6,0.0,26-10 CORP.
1007000031,317 10 AVENUE,40.7511805,-74.0020356,7585.0,C7,1.0,PRADERA REALTY CORP
1007970017,143 WEST 21 STREET,40.7424988,-73.9952545,5726.0,D0,1.0,143 WEST 21ST OWNERS CORP
1007710013,249 WEST 21 STREET,40.7438466,-73.998459,9310.0,C4,1.0,D-J ZADA 249W21 LLC
1007640075,92 8 AVENUE,40.7400231,-74.0019306,0.0,V1,0.0,GO 8TH AVENUE LLC
1007460075,362 WEST 23 STREET,40.7461275,-74.0010791,10582.0,C7,2.0,FAMILY OF FANNY LLC
1006950023,525 WEST 23 STREET,40.7483424,-74.0049877,9876.0,K2,1.0,NOVAWORKS REALTY CORP.
1007960048,120 WEST 21 STREET,40.741862,-73.9948864,174621.0,D8,1.0,UDR CHELSEA LLC
1007970023,131 WEST 21 STREET,40.7423396,-73.994872,6815.0,S3,1.0,B BRAGES ASSOCIATES
1006990037,311 10 AVENUE,40.7508621,-74.0022702,0.0,V1,1.0,"311 10TH AVENUE ASSOCIATES, LLC"
1006180007,252 WEST 14 STREET,40.7393616,-74.0022301,7000.0,S9,1.0,M MARKET 14 LLC
1007380060,336 WEST 15 STREET,40.7408849,-74.0035942,0.0,V1,0.0,336 WEST 15TH STREET LLC
1007680002,164 8 AVENUE,40.7422985,-74.0003464,4400.0,S5,1.0,HOPPENFELD JOAN
1007660013,251 WEST 16 STREET,40.7408877,-74.0005954,2736.0,A9,1.0,FITZ ROY ROAD LLC
1007380063,342 WEST 15 STREET,40.740959,-74.0037711,3950.0,C2,1.0,ZHAO NYC LLC
1005730075,61 WEST 9 STREET,40.7341054,-73.9983474,56527.0,D4,1.0,61 WEST 9TH STREET TENANTS CORP
1005727502,30 WEST 9 STREET,40.7333424,-73.9976474,12695.0,R2,1.0,THE 30-32 W 9TH ST CONDOMINUM
1007720072,250 WEST 23 STREET,40.744659,-73.997712,0.0,V1,0.0,273 WEST 22 LLC
1005760066,49 WEST 12 STREET,40.7356919,-73.9964133,67421.0,D4,1.0,49 WEST 12TH TENANTS CORP
1007430038,177 8 AVENUE,40.7432208,-74.0005955,77712.0,C7,1.0,"THE MANHATTAN ASSOCIATES REALTY, LLC"
1007430052,310 WEST 20 STREET,40.7435584,-74.000729,5238.0,C5,1.0,310 W. 20TH PARTNERS LLC
1007420054,328 WEST 19 STREET,40.7431961,-74.0016925,15195.0,C5,1.0,"328 WEST 19TH STREET, LLC"
1007430028,321 WEST 19 STREET,40.7433937,-74.0010357,3696.0,B9,1.0,"EDWARDS, GEORGE B"
1007420049,318 WEST 19 STREET,40.7430643,-74.0013858,22700.0,D4,1.0,CHELSEA 19TH ST OWNERS CORP
1007420058,336 WEST 19 STREET,40.7433031,-74.0019487,6546.0,C5,1.0,"336 WEST 19TH REALTY, LLC"
1007430024,329 WEST 19 STREET,40.7435035,-74.0012992,5312.0,C6,1.0,329 W 19 ST APT CORP
1007420018,333 WEST 18 STREET,40.7430478,-74.002039,5789.0,C3,1.0,"WILLIAMS, DAMIAN"
1007430018,341 WEST 19 STREET,40.7436599,-74.0017719,4136.0,C2,1.0,"GW 341 WEST 19TH STREET, LLC"
1007430012,353 WEST 19 STREET,40.7438328,-74.0021869,3528.0,C0,1.0,CONRADO CRUZ
1007440040,205 8 AVENUE,40.7438521,-73.9999459,10800.0,C4,1.0,"BCC 205-207 EIGHTH AVE, LLC"
1007430022,333 WEST 19 STREET,40.7435666,-74.0014507,8525.0,C4,1.0,"TOKUYAMA, SEIYA"
1007440038,201 8 AVENUE,40.7437286,-74.0,3132.0,K4,1.0,"KAPI HOLDINGS NYC, LLC"
1007420053,326 WEST 19 STREET,40.7431522,-74.0015915,4220.0,C1,1.0,354 EAST 89TH STREET GROUP LLC
1007430050,306 WEST 20 STREET,40.7434953,-74.0005738,6985.0,C6,1.0,306 WEST 20TH APT CORP
1007430025,327 WEST 19 STREET,40.743476,-74.0012306,3520.0,C0,1.0,"POPE, SARAH ANDERSON TTEE"
1007430019,339 WEST 19 STREET,40.7436325,-74.0017034,4560.0,C2,1.0,"GW 339 WEST 19TH STREET, LLC"
1007420052,324 WEST 19 STREET,40.7431247,-74.0015229,3780.0,B1,1.0,DANIS AMY
1007420071,362 WEST 19 STREET,40.7437203,-74.0028546,2100.0,A4,1.0,"BOSSARD, VANESSA"
1007430020,335 WEST 19 STREET,40.743616,-74.0015698,14540.0,C5,1.0,"TOKUYAMA, SEIYA"
1007420020,329 WEST 18 STREET,40.7429875,-74.001891,3360.0,C0,1.0,MARIE C BANNISTER
1007430016,345 WEST 19 STREET,40.7437313,-74.0019452,2737.0,C1,2.0,345W19 LLC
1007440036,197 8 AVENUE,40.7436599,-74.0000505,11076.0,C4,1.0,SNA ENTERPRISES INC
1007430051,308 WEST 20 STREET,40.7435282,-74.0006532,5497.0,C2,1.0,"308 WEST 20TH,"
1007420059,338 WEST 19 STREET,40.743336,-74.0020245,11150.0,C6,1.0,338 WEST 19 ST INC
1007420074,140 9 AVENUE,40.7437477,-74.0030025,2992.0,S2,1.0,"BANK, S. TED"
1007420060,340 WEST 19 STREET,40.7433854,-74.0021436,19438.0,C6,1.0,340  W OWNERS CORPORATION
1007420048,316 WEST 19 STREET,40.7430039,-74.0012378,9600.0,C4,1.0,170 HARMEN REALTY LLC
1007420047,314 WEST 19 STREET,40.7429737,-74.0011656,6595.0,C6,1.0,314 WEST 19TH CORP
1007420056,332 WEST 19 STREET,40.74324,-74.0017972,7589.0,C6,1.0,CHELSEA COURT EQUITIES INC
1007420057,334 WEST 19 STREET,40.7432702,-74.001873,7589.0,C6,1.0,CHELSEA COURT EQUITIES INC
1007430023,331 WEST 19 STREET,40.7435337,-74.0013713,5500.0,C3,1.0,331 WEST NINETEENTH STREET LLC
1007430026,325 WEST 19 STREET,40.7434486,-74.0011656,3520.0,C0,1.0,EDWARDS SARAH
1007430027,323 WEST 19 STREET,40.7434211,-74.0011007,3564.0,A9,1.0,WALLFLOWER LLC
1007430029,319 WEST 19 STREET,40.7433662,-74.0009708,4032.0,B1,1.0,GWENN KIRSCHNER
1007430053,312 WEST 20 STREET,40.7436105,-74.0008517,18828.0,D7,1.0,MARLENE ASSOCIATES LLC
1007420007,335 WEST 18 STREET,40.7433635,-74.0025262,280569.0,W1,1.0,NYC DEPARTMENT OF EDUCATION
1007420037,167 8 AVENUE,40.7426499,-74.0008192,9240.0,C7,1.0,167-8TH AVENUE LLC
1007420043,306 WEST 19 STREET,40.7429024,-74.0009058,5104.0,O8,1.0,"JOYCE 306 W19, LLC"
1007420036,165 8 AVENUE,40.742595,-74.0008589,5390.0,S3,1.0,"HALL REALTY, INC."
1007420035,163 8 AVENUE,40.7425264,-74.0008625,4198.0,S3,1.0,L&E BROKERAGE INC
1007420038,169 8 AVENUE,40.742702,-74.0007795,9185.0,C7,1.0,"169 EIGHTH AVENUE REALTY,    ."
1007420039,171 8 AVENUE,40.7428173,-74.0007037,6742.0,J2,1.0,"THE JOYCE THEATER FOUNDATION, INC."
1007420034,161 8 AVENUE,40.7424687,-74.0009058,7800.0,S3,1.0,J&J 161 8TH AVE. LLC
1007420046,312 WEST 19 STREET,40.7429765,-74.0010862,3040.0,B9,1.0,"JOHNSON , NADINE POLET"
1007420033,303 WEST 18 STREET,40.742562,-74.0010429,4400.0,C2,1.0,CHELSEA 303 W 18TH STREET LLC
1007420044,308 WEST 19 STREET,40.7429298,-74.0009744,3344.0,B9,1.0,A&S HANSEATIC PARTNERS LLC
1007420026,317 WEST 18 STREET,40.7428118,-74.0014796,3520.0,B1,1.0,TERZI ROBERT C
1007420021,327 WEST 18 STREET,40.7429573,-74.0018224,6164.0,C4,1.0,BANNISTER TERRANCE
1007420022,319 WEST 18 STREET,40.7428859,-74.0016492,33900.0,D4,1.0,319 WEST 18 STREET OWNERS CORP BUCHBINDE R LLC
1007190057,414 WEST 22 STREET,40.7459106,-74.0026129,24415.0,C5,4.0,414-424 WEST 22ND STREET LLC
1007190020,433 WEST 21 STREET,40.7459874,-74.0035259,63956.0,D1,1.0,"433 WEST ASSOCIATES,"
1007190062,434 WEST 22 STREET,40.7461219,-74.0030748,4366.0,C3,1.0,"PRESTON, JEFFREY"
1007190064,436 WEST 22 STREET,40.7461549,-74.0031578,6566.0,D1,1.0,"PRESTON, JEFFREY"
1007190049,410 WEST 22 STREET,40.745853,-74.0023566,7980.0,C5,2.0,SIXTH 410 W 22ND ST LLC
1007160017,401 WEST 18 STREET,40.7440359,-74.0040202,253070.0,D1,3.0,NYC HOUSING AUTHORITY
1007420004,134 9 AVENUE,40.743594,-74.0030711,7100.0,C7,1.0,160 EAST 28TH & 134NINTH
1007420003,132 9 AVENUE,40.7435391,-74.0031108,3900.0,S5,1.0,132 NINTH AVENUE LIMITED LIABILITY COMPA NY
1007420005,359 WEST 18 STREET,40.7434156,-74.0030783,2200.0,C0,1.0,"CIOFFI, SARI"
1007180001,440 WEST 21 STREET,40.7455044,-74.0037497,133885.0,W7,2.0,GEN THEO SEMINARY P E
1007170040,161 9 AVENUE,40.7445053,-74.0031325,5021.0,C6,1.0,161 NINTH LTD
1007420076,136 9 AVENUE,40.7436379,-74.0029989,4286.0,S5,1.0,136 NINTH AVENUE CORP
1007420002,130 9 AVENUE,40.7434952,-74.003183,4236.0,S3,1.0,HUA DA INC
1007170043,169 9 AVENUE,40.7446233,-74.0030459,11736.0,C7,1.0,LMS REALTY LLC
1007170019,401 WEST 19 STREET,40.7445053,-74.0037352,45420.0,D1,1.0,NYC HOUSING AUTHORITY
1007420001,128 9 AVENUE,40.7434458,-74.0032515,3432.0,B1,1.0,363 WEST 18TH STREEET REALTY LLC
1007420072,144 9 AVENUE,40.7438109,-74.0029556,8760.0,C7,1.0,932 AMSTER LLC.
1007420080,361 WEST 18 STREET,40.7434074,-74.0031541,1408.0,A4,1.0,MCEVOY  KEVIN
1007170014,443 WEST 19 STREET,40.7449142,-74.0046988,4875.0,B9,1.0,HOME21HOME LLC
1007430001,148 9 AVENUE,40.744025,-74.0027932,3100.0,S0,1.0,"ROUNDSTONE PROPERTIES, LLC"
1007440003,170 9 AVENUE,40.7448347,-74.0020787,37887.0,C6,3.0,CHELTONCORT OWNERS CORP
1007190040,187 9 AVENUE,40.7455126,-74.0023674,1604.0,K2,1.0,"YAMCO II, LLC"
1007450012,345 WEST 21 STREET,40.745046,-74.0012992,9735.0,C6,1.0,345 WEST 21 ST APT CO
1007440067,350 WEST 21 STREET,40.7447963,-74.0017683,3612.0,C4,1.0,"350 W. 21ST STREET,"
1007450013,343 WEST 21 STREET,40.7450131,-74.0012162,7000.0,C5,1.0,BALLROOM BARKS] INC
1007440070,356 WEST 21 STREET,40.7448676,-74.0019416,5720.0,C2,1.0,356 WEST 21 LLC
1007440063,342 WEST 21 STREET,40.7446947,-74.0016096,19440.0,C6,1.0,"342 WEST 21ST STREET OWNERS, INC."
1007440001,363 WEST 20 STREET,40.7446755,-74.0023241,62638.0,D4,1.0,365 W 20 APTS CORP
1007440066,348 WEST 21 STREET,40.7447661,-74.0017034,4218.0,C1,1.0,"GW 348 WEST 21ST STREET, LLC"
1007190038,401 WEST 21 STREET,40.7454358,-74.0024252,4050.0,S1,2.0,"SHORE, J. STEVEN"
1007440068,352 WEST 21 STREET,40.744821,-74.0018297,4455.0,A5,1.0,"MCDEAN, CRAIG"
1007170077,460 WEST 20 STREET,40.7454851,-74.0053701,68260.0,D7,1.0,"10TH AVENUE ASSOCIATES, LLC"
1007170005,459 WEST 19 STREET,40.7451969,-74.005352,3800.0,K1,1.0,459 WEST 19TH REALTY LLC
1007160013,443 WEST 18 STREET,40.7443515,-74.0051354,16866.0,K2,1.0,"ALCAM PROPERTY MANAGEMENT,"
1007160061,446 WEST 19 STREET,40.7447028,-74.0052617,7100.0,C4,1.0,JP REAL ESTATE GROUP LIMITED
1007440055,326 WEST 21 STREET,40.7445273,-74.0012162,0.0,Q2,1.0,NYC DEPARTMENT OF EDUCATION
1007170060,430 WEST 20 STREET,40.7449746,-74.0044389,9221.0,M9,3.0,MOTHERS OF THE HELPLESS
1007170002,148 10 AVENUE,40.7452737,-74.0055649,8625.0,C7,1.0,146-150 TENTH AVENUE REALTY LLC
1007160002,132 10 AVENUE,40.7446863,-74.0060016,3909.0,K4,1.0,132 WEST CHELSEA LLC
1007160001,130 10 AVENUE,40.7446287,-74.0060449,5225.0,S4,1.0,130 WEST CHELSEA LLC
1007170003,150 10 AVENUE,40.7453341,-74.005518,8625.0,C4,1.0,146-150 TENTH AVENUE REALTY LLC
1007170001,146 10 AVENUE,40.7452106,-74.0056118,8625.0,C7,1.0,146-150 TENTH AVENUE REALTY LLC
1007170009,453 WEST 19 STREET,40.7450926,-74.0050813,11852.0,D4,1.0,WEST 19 ST OWNERS CORP
1007220067,450 WEST 25 STREET,40.7484742,-74.0026418,5334.0,A4,1.0,FLAGSTAFF2 LLC
1007220078,250 10 AVENUE,40.7485757,-74.0031796,4560.0,S2,1.0,"SALVIONI, DANIELA"
1007220003,246 10 AVENUE,40.748444,-74.0032157,10635.0,C7,1.0,KF 10TH AVENUE LLC
1007230001,264 10 AVENUE,40.748993,-74.0023495,325140.0,D3,2.0,NYC HOUSING AUTHORITY
1007220004,248 10 AVENUE,40.7485016,-74.0031724,9656.0,C7,1.0,KF 10TH AVENUE LLC
1007220072,460 WEST 25 STREET,40.7486087,-74.0029342,3721.0,A9,1.0,"KETCHUM, CALVIN"
1007220069,454 WEST 25 STREET,40.7485263,-74.0027646,3432.0,C6,1.0,"HORT, ANDREW"
1007220005,461 WEST 24 STREET,40.7482958,-74.0031543,3430.0,A9,1.0,"CAMERON, REGAN"
1007220073,462 WEST 25 STREET,40.7486306,-74.0029847,4290.0,A5,1.0,"COLOSI, MICHAEL"
1007220002,244 10 AVENUE,40.7483946,-74.0032915,6399.0,C7,1.0,"TSUKAKI CO., LTD."
1007220071,458 WEST 25 STREET,40.7485758,-74.0028873,2310.0,B1,1.0,"WILSON, KATHERINE C"
1007220057,430 WEST 25 STREET,40.7482958,-74.0022196,83940.0,Q1,1.0,NYC DEPARTMENT OF PARKS AND RECREATION
1007220065,446 WEST 25 STREET,40.7484221,-74.0025191,3360.0,C1,1.0,GARVIN-HOFFER LLC
1007220077,252 10 AVENUE,40.7486251,-74.0031435,3987.0,S3,1.0,"ORGA, LLC"
1007220001,242 10 AVENUE,40.7483287,-74.0033384,5738.0,S5,2.0,242 TENTH OWNER LP
1007220066,448 WEST 25 STREET,40.7484495,-74.0025841,2666.0,C0,1.0,GEODUCK 25TH LLC
1007220068,452 WEST 25 STREET,40.7484989,-74.0026996,4212.0,A4,1.0,JOSEPH CALVO
1007220070,456 WEST 25 STREET,40.748551,-74.0028295,3520.0,B1,1.0,"WAEEN, NADEEM"
1007220042,239 9 AVENUE,40.7476837,-74.0008626,9510.0,C7,1.0,237-239 NINTH AVE LLC
1007220050,416 WEST 25 STREET,40.7479692,-74.00144,9750.0,C4,1.0,416 W. 25TH ST. ASSOCS.    .
1007460072,356 WEST 23 STREET,40.7459793,-74.0008264,8445.0,C6,1.0,354-356 WEST 23RD STREET CORP.
1007460058,328 WEST 23 STREET,40.7455154,-73.9997221,7635.0,B9,1.0,BLUE DOOR 23 LLC
1007220074,258 10 AVENUE,40.7487734,-74.0030605,3433.0,S3,1.0,NYC HOUSING PRESERVATION AND DEVELOPMENT
1007460059,330 WEST 23 STREET,40.7455483,-73.9998015,8000.0,M9,1.0,LEO HOUSE FOR GERMAN CATHOLIC EMIGRANTS
1007460060,334 WEST 23 STREET,40.745595,-73.999917,32000.0,M9,1.0,LEO HOUSE FOR GERMAN CATHOLIC EMIGRANTS
1007490017,341 WEST 25 STREET,40.7473763,-73.998892,31797.0,M1,1.0,341 W 25TH L.P.
1007460062,336 WEST 23 STREET,40.7456471,-74.0000325,12049.0,K4,1.0,"SOUTHWEST PROPERTIES,"
1007490015,343 WEST 25 STREET,40.7474916,-73.9991699,7925.0,M3,1.0,341 W 25TH L.P.
1007460057,326 WEST 23 STREET,40.7454825,-73.9996463,5698.0,C7,1.0,"GW 326 WEST 23RD STREET, LLC"
1007470028,315 WEST 23 STREET,40.7458118,-73.9991302,120010.0,D4,1.0,315 WEST 23RD STREET OWNER CORP
1007460012,347 WEST 22 STREET,40.7456224,-74.0007507,13830.0,C6,1.0,345-347 W 22ND APT CP
1007220040,235 9 AVENUE,40.7475657,-74.0009456,5849.0,S5,1.0,RSG ASSOCIATES LLC
1007480001,311 WEST 24 STREET,40.7467286,-73.9992277,817317.0,D4,3.0,MUT REDEVELOPMENT
1007460071,354 WEST 23 STREET,40.7459491,-74.0007507,7500.0,C6,1.0,354 356 W 23 ST CORP
1007460064,340 WEST 23 STREET,40.745713,-74.0001913,7673.0,A4,1.0,RIVER TUTI LLC
1007220041,237 9 AVENUE,40.7476261,-74.0009023,9510.0,C4,1.0,237-239 NINTH AVE LLC
1007470001,212 9 AVENUE,40.7461961,-73.9998196,250908.0,D4,3.0,MUTUAL REDEVELOPMENT HOUSES INC
1007490001,250 9 AVENUE,40.7478292,-73.9996319,202095.0,D4,1.0,MUTUAL REDEVELOPMENT HOUSES INC
1007490023,329 WEST 25 STREET,40.7472748,-73.9986466,7300.0,M1,1.0,341 W 25TH L.P.
1007200018,459 WEST 22 STREET,40.7467642,-74.0034358,8122.0,C6,1.0,457 WEST 22ND STREET TENANTS CORP
1007200028,439 WEST 22 STREET,40.7465419,-74.0029088,3688.0,C0,1.0,PAUL R VERSHBOW TRUST
1007490070,346 WEST 26 STREET,40.7475904,-73.9986935,0.0,Q2,1.0,NYC DEPARTMENT OF PARKS AND RECREATION
1007200014,467 WEST 22 STREET,40.746852,-74.0036415,7890.0,C6,1.0,UNAVAILABLE OWNER
1007490069,348 WEST 26 STREET,40.7478073,-73.9991374,10866.0,M1,1.0,AMER PROT DEFENSE LEA
1007220048,412 WEST 25 STREET,40.7479198,-74.0013209,19500.0,D1,1.0,TRILOBITE 25 LLC
1007220045,406 WEST 25 STREET,40.7478045,-74.0010466,9800.0,C4,1.0,IC BUSINESS MANAGMENT LLC
1007230015,407 WEST 25 STREET,40.7485456,-74.0012307,567000.0,D3,2.0,NYC HOUSING AUTHORITY
1007460079,206 9 AVENUE,40.7460341,-74.0012559,9720.0,C7,1.0,FAMILY OF FANNY LLC
1007200047,400 WEST 23 STREET,40.7463608,-74.0017431,23608.0,D4,1.0,UNAVAILABLE OWNER
1007460078,368 WEST 23 STREET,40.7462098,-74.001274,10426.0,D4,1.0,368 WEST 23RD ST APTS INC
1007220020,429 WEST 24 STREET,40.7479088,-74.0020499,18700.0,D4,2.0,WEST 24 OWNERS CORP.
1007200063,430 WEST 23 STREET,40.746767,-74.0027103,9577.0,C6,1.0,430 WEST 23 ST TENANTS CORP
1007220039,233 9 AVENUE,40.7475053,-74.0009889,4840.0,S5,1.0,233 NINTH CORP
1007220030,411 WEST 24 STREET,40.7475932,-74.0012993,11650.0,D6,2.0,411 W.24 ST.ASSOCIATES
1007460077,366 WEST 23 STREET,40.7461741,-74.001191,6325.0,C7,1.0,TINGS INTERNATIONALCORP
1007200016,463 WEST 22 STREET,40.7468081,-74.0035368,8117.0,C6,1.0,461 WEST 22 ST TENANTS CORP 461
1007220031,409 WEST 24 STREET,40.7475602,-74.0012199,6190.0,C4,3.0,NEW 24 LLC
1007220046,408 WEST 25 STREET,40.7478374,-74.001126,9580.0,C6,1.0,NEW ERA HOUSING ETAL
1007460074,360 WEST 23 STREET,40.7460479,-74.0009852,9870.0,S4,1.0,FAMILY OF FANNY LLC
1007200055,416 WEST 23 STREET,40.7465556,-74.0022087,18079.0,D1,1.0,"GW 416 WEST 23RD STREET, LLC"
1007200049,410 WEST 23 STREET,40.7464596,-74.0019813,36575.0,D4,1.0,WEST 23RD STREET OWNERS CORP
1007220037,229 9 AVENUE,40.747412,-74.0010574,25158.0,C7,1.0,GOLDEN EQUITIES CORP.
1007220047,410 WEST 25 STREET,40.7478704,-74.0012018,7992.0,C6,1.0,410 WEST 25TH STREET OWNERS CORP.
1007210007,415 WEST 23 STREET,40.7474422,-74.0024938,975170.0,D9,10.0,LONDON TERRACE GARDENS
1007220026,415 WEST 24 STREET,40.7476782,-74.0014977,42204.0,D1,1.0,"SILVERBOW REALTY CO., INC."
1007200012,471 WEST 22 STREET,40.7468959,-74.0037497,9000.0,C6,1.0,469 WEST 22ND  STREET TENANTS CORP
1007200025,443 WEST 22 STREET,40.7466078,-74.003064,15640.0,I9,2.0,THE FREDERICK FLEM HOUSING DEVELOPMENT C ORP.
1007200045,401 WEST 22 STREET,40.7461412,-74.0019597,58394.0,D6,1.0,FRIEDMAN MANAGEMENT
1007490024,313 8 AVENUE,40.7471485,-73.9979681,232793.0,D4,3.0,MUTUAL REDEVELOPMENT
1007200082,470 WEST 23 STREET,40.7473735,-74.0041468,13860.0,D7,2.0,470 WEST 23 OWNER LLC
1007780052,224 WEST 29 STREET,40.7481722,-73.9942327,45211.0,O6,1.0,WALSAM NEW 29 LLC
1007780057,232 WEST 29 STREET,40.7483231,-73.9946261,71541.0,H3,1.0,CACTUS STREET PROPCO LLC
1007780025,225 WEST 28 STREET,40.7479032,-73.9944024,132445.0,D6,1.0,225 WEST 28TH STREET PROPERTY OWNER LLC
1007790012,247 WEST 29 STREET,40.7488529,-73.9947091,4418.0,K4,1.0,249 W 29 OWNERS CORP
1007780055,228 WEST 29 STREET,40.7482161,-73.9943879,5390.0,M1,1.0,"SUBUD, NEW YORK"
1007780043,330 7 AVENUE,40.7477659,-73.9933738,240534.0,O4,1.0,SUPER NOVA 330
1008030014,143 WEST 27 STREET,40.7463413,-73.9925728,20026.0,D0,2.0,WEST 27 LOFT CORP
1007780034,207 WEST 28 STREET,40.7477687,-73.9936842,57414.0,O5,1.0,"YUNG BROTHERS REAL ESTATE CO., INC."
1008030060,136 WEST 28 STREET,40.746517,-73.9922371,18661.0,C4,1.0,28TH STREET PROPERTIES LLC
1008020050,112 WEST 27 STREET,40.7455398,-73.9918366,25200.0,O6,1.0,MIKLOS REAL ESTATE    .
1008030018,129 WEST 27 STREET,40.7461903,-73.9922119,84745.0,O6,1.0,UNAVAILABLE OWNER
1008020052,114 WEST 27 STREET,40.7455975,-73.9919702,50400.0,D0,1.0,DECEMBER ARTISTS CORP
1008020049,104 WEST 27 STREET,40.7454739,-73.9916778,65680.0,O6,1.0,104 WEST 27TH STREET LLC
1008020056,122 WEST 27 STREET,40.7457402,-73.992313,117291.0,O6,1.0,NSTC SPE LLC
1008030058,132 WEST 28 STREET,40.7464483,-73.9920747,105328.0,H2,1.0,28TH STEET PROPERTIES LLC
1008030026,115 WEST 27 STREET,40.7459762,-73.991703,59440.0,O6,1.0,115 W 27TH STREET ASSOCIATES LLC
1008020029,117 WEST 26 STREET,40.745323,-73.9920748,22770.0,O9,1.0,"THE WEST PARAMONT, L"
1008020054,118 WEST 27 STREET,40.7456524,-73.9921001,43393.0,O6,1.0,118 WEST 27 LLC
1008030016,135 WEST 27 STREET,40.7462754,-73.9924104,54000.0,O6,1.0,135 WEST 27TH OWNERS
1008030021,121 WEST 27 STREET,40.746075,-73.9919376,113129.0,O6,1.0,SIXTH AVENUE WEST ASSOCIATES LLC
1008020022,127 WEST 26 STREET,40.7454959,-73.9924898,92970.0,O9,1.0,J A R REALTY COMPANY
1007780074,372 8 AVENUE,40.7487184,-73.9956655,2713.0,S2,1.0,382 REALTY CORP
1007790008,253 WEST 29 STREET,40.7489709,-73.9949906,0.0,G6,1.0,8TH AVE LUMBER YARD CORP
1007780003,368 8 AVENUE,40.7485785,-73.9956835,7664.0,HR,1.0,SIDE STREET REALTY CORP.
1007780070,252 WEST 29 STREET,40.7486827,-73.9953659,42564.0,W4,1.0,CHARAND ASSOCIATES
1007780018,241 WEST 28 STREET,40.7483671,-73.9951097,431428.0,D6,1.0,"249 W 28TH STREET PROPERTIES, LLC"
1007780071,378 8 AVENUE,40.7488584,-73.9955608,3628.0,S3,1.0,"260 WEST 29TH STREET CURINO COMPANY,LLC"
1007790007,257 WEST 29 STREET,40.7490203,-73.9951061,28143.0,D9,1.0,FRIENDS HOUSE WEST HOUSING DEVELOPMENT F UND
1007780073,374 8 AVENUE,40.7487623,-73.995633,2498.0,S2,1.0,382 REALTY CORP
1007790010,249 WEST 29 STREET,40.748905,-73.9948318,60610.0,D4,1.0,249 W 29 OWNERS CORP
1007760017,233 WEST 26 STREET,40.7468657,-73.9957486,47433.0,D4,1.0,233 235 W 26TH OWNERS INC
1007760068,254 WEST 27 STREET,40.7475574,-73.9962827,2084.0,K2,1.0,FIT CHANG LLC
1007760062,242 WEST 27 STREET,40.7472637,-73.9959218,14952.0,O6,1.0,242 WEST 27 LLC
1008020003,287 7 AVENUE,40.7460752,-73.9937998,5039.0,K4,1.0,"287  7TH AVE REALTY, LLC"
1008020001,283 7 AVENUE,40.7459901,-73.9938612,25144.0,D5,1.0,"177 WEST 26 REALTY, LLC"
1007760020,229 WEST 26 STREET,40.7467834,-73.9955501,13000.0,D9,1.0,229 REALTY ASSOCIATES
1008020077,299 7 AVENUE,40.74641,-73.993623,3366.0,K2,1.0,299 SEVENTH AVE REALTY
1007760065,250 WEST 27 STREET,40.7473516,-73.9961347,66636.0,D0,1.0,27TH ST APT CORP
1008020079,295 7 AVENUE,40.7462755,-73.9936518,7220.0,K4,1.0,295 7TH AVENUE REAL ESTATE LLC
1007760004,328 8 AVENUE,40.7474175,-73.9965353,25938.0,D7,2.0,328-334 8TH AVENUE LLC
1007780020,239 WEST 28 STREET,40.7480542,-73.9947597,156500.0,O6,1.0,LEXIN CAXTON LLC
1007780046,210 WEST 29 STREET,40.7479498,-73.9937058,23227.0,O6,1.0,210 WEST 29TH STREETCORP.
1007760040,282 7 AVENUE,40.7464677,-73.9944097,169784.0,W6,1.0,STATE UNIVERSITY OF
1007780033,211 WEST 28 STREET,40.7477001,-73.9938935,24563.0,D5,1.0,CHELSEA LEAF SOUTH HOUSING DEVELOPMENT F UND
1007760012,241 WEST 26 STREET,40.7470085,-73.9960806,34213.0,G1,1.0,"241 WEST 26, LLC"
1007760047,220 WEST 27 STREET,40.7468437,-73.9949294,65240.0,H8,1.0,FIT STAFF HOUSING COINC
1007770037,300 7 AVENUE,40.7471703,-73.9940127,163000.0,W6,1.0,NYC DEPARTMENT OF EDUCATION
1007760058,234 WEST 27 STREET,40.747132,-73.9956115,7905.0,S9,1.0,KREINE REALTY CORP
1007760059,236 WEST 27 STREET,40.7471978,-73.9957666,94331.0,O9,1.0,236 WEST 27 LLC
1007760069,338 8 AVENUE,40.7475766,-73.9964415,9288.0,C7,1.0,"BLUE 8 REALTY,"
1008020006,165 WEST 26 STREET,40.7459571,-73.9935833,24254.0,D5,1.0,165 WEST 26 LLC
1007760011,247 WEST 26 STREET,40.7470661,-73.9962178,10000.0,C7,1.0,"CHELSEA PARTNERS I,"
1007780047,212 WEST 29 STREET,40.7479828,-73.9937888,9212.0,O5,1.0,KOPATSOS (GENERAL PA
1007760015,239 WEST 26 STREET,40.7469481,-73.9959435,4972.0,C4,1.0,PME 26 LLC
1008020078,297 7 AVENUE,40.7463277,-73.9936157,4800.0,H9,1.0,ALEA PARTNERS NY LLC
1008020076,166 WEST 27 STREET,40.7463441,-73.9934642,3166.0,K4,1.0,"LAM, PING HING"
1007760001,322 8 AVENUE,40.7472089,-73.9966292,173491.0,O4,1.0,"322 PARTNERS,"
1007760021,221 WEST 26 STREET,40.7466351,-73.9951965,53361.0,J6,1.0,221 WEST 26TH STREET LLC
1007770001,340 8 AVENUE,40.7478429,-73.9957305,401980.0,W6,1.0,DEPARTMENT OF EDUCATION NYC DEPARTMENT OF EDUCATION
1008020061,132 WEST 27 STREET,40.7458857,-73.9926522,147220.0,H2,1.0,"INNSIDE VENTURES, LLC"
1008020014,147 WEST 26 STREET,40.7457073,-73.9929915,16476.0,O5,1.0,JUSTATONE BUILDING INC
1008020017,141 WEST 26 STREET,40.7456552,-73.9928688,20000.0,D0,2.0,FUMOHA DEVELOPMENT CORP
1008020019,135 WEST 26 STREET,40.7455893,-73.99271,58084.0,O9,1.0,"MILTAN REALTY CO.,"
1008030065,146 WEST 28 STREET,40.7466789,-73.9926196,28250.0,D0,1.0,EUNHASU 28TH STREET LLC
1008030067,150 WEST 28 STREET,40.7467613,-73.9928181,123557.0,O6,1.0,150 WEST 28TH STREET LLC
1008020031,109 WEST 26 STREET,40.7452544,-73.9919161,53350.0,D0,1.0,109 W 26TH ST OWNER CORP
1008020008,151 WEST 26 STREET,40.7458336,-73.9932766,179131.0,O6,1.0,ABNER PROPERTIES CO
1008030004,307 7 AVENUE,40.7468354,-73.9931357,197612.0,O4,2.0,TANGELO LLC
1008030062,140 WEST 28 STREET,40.7465993,-73.992432,175314.0,H2,1.0,NY 28TH STREET LLC
1008040008,151 WEST 28 STREET,40.7471895,-73.9926737,39471.0,D0,1.0,GROFF STUDIOS CORP
1008030007,153 WEST 27 STREET,40.7465335,-73.9930311,115925.0,O6,1.0,JUSTIN PROPERTIES
1008020071,154 WEST 27 STREET,40.7460833,-73.993125,26959.0,D7,1.0,"WEST END ESTATES, LLC"
1008020026,121 WEST 26 STREET,40.7453971,-73.9922517,64764.0,H2,1.0,TULIP HOTELS LLC
1006980047,518 WEST 27 STREET,40.7504202,-74.0034179,35987.0,H1,1.0,W27 HIGHLINE OWNER  LLC
1006980056,534 WEST 27 STREET,40.750648,-74.0039593,11583.0,J5,1.0,27TH STREET PROPERTY OWNER LLC
1006980141,502 WEST 27 STREET,40.7502665,-74.0027791,1125.0,A9,1.0,TOWN HOUSE ASSOCIATES LLC
1006980037,289 10 AVENUE,40.7500881,-74.002826,8700.0,K2,1.0,289 TENTH AVENUE GARAGE CORP.
1006990022,517 WEST 27 STREET,40.7508127,-74.0031869,2177.0,K1,1.0,"519 WEST 27TH ASSOCIATES, L.L.C."
1006980035,285 10 AVENUE,40.7499673,-74.0028693,4344.0,K4,1.0,"287 10TH AVENUE, LLC"
1006990031,299 10 AVENUE,40.7504998,-74.00253,10000.0,C7,1.0,"TENTH AVENUE PARTNERS, L.P."
1006990014,533 WEST 27 STREET,40.7511777,-74.003685,31106.0,K4,1.0,534 WEST 28TH STREET LLC
1007000029,313 10 AVENUE,40.7510598,-74.0021222,12209.0,C4,1.0,PRADERA REALTY CORP
1006990027,508 WEST 28 STREET,40.7507496,-74.0026564,9740.0,K1,1.0,505-507 WEST 27 STREET LIMITED PARTNERSH IP
1006990033,303 10 AVENUE,40.7507084,-74.0023785,101000.0,D8,1.0,303-309 10TH AVE LLC
1006990023,515 WEST 27 STREET,40.750777,-74.0031075,2465.0,K1,1.0,515 WEST 27TH STREET LLC
1006990032,301 10 AVENUE,40.7505602,-74.0024867,10000.0,C7,1.0,"TENTH AVENUE PARTNERS, L.P."
1006980018,519 WEST 26 STREET,40.7502116,-74.0036886,138002.0,K4,4.0,"513 WEST 26TH REALTY,"
1006980054,530 WEST 27 STREET,40.7506096,-74.0038654,22524.0,J5,1.0,27TH STREET PROPERTY OWNER LLC
1006980040,293 10 AVENUE,40.7501924,-74.0027177,5000.0,K1,1.0,AHABEL REALTY INC
1006980016,533 WEST 26 STREET,40.7503872,-74.0041036,4938.0,K1,1.0,"513 WEST 26TH REALTY,"
1006980010,537 WEST 26 STREET,40.7505135,-74.0044032,15254.0,J9,1.0,VNO 537 WEST 26TH STREET OWNER LLC
1006980001,244 11 AVENUE,40.7509417,-74.0049446,154433.0,O3,1.0,CIRCLE 1 LLC
1007170066,444 WEST 20 STREET,40.7452545,-74.0047601,5400.0,C0,1.0,JOHN SLOSS
1006960049,516 WEST 25 STREET,40.7492509,-74.0044825,90436.0,O3,1.0,530 WEST 25TH STREET LLC
1006970047,518 WEST 26 STREET,40.7499865,-74.0043057,218019.0,O6,1.0,WEST CHELSEA BUILDING LLC
1006960026,509 WEST 24 STREET,40.7488365,-74.0042371,9976.0,K4,1.0,"511 W 24TH ST., LLC"
1007680012,245 WEST 18 STREET,40.7420652,-73.9997077,5834.0,K4,1.0,"LEFT IS RIGHT, HOT IS COLD LLC"
1007680077,274 WEST 19 STREET,40.7423754,-73.9998737,22506.0,D1,1.0,274 W 19TH ST LLC
1007680019,231 WEST 18 STREET,40.7418511,-73.9991953,6500.0,S9,1.0,"ORETO, LLC"
1007420045,310 WEST 19 STREET,40.7429545,-74.0010321,1728.0,A9,1.0,"SHAW, VICTORIA"
1005900038,15 CORNELIA STREET,40.7316901,-74.0019448,6740.0,C4,2.0,"CORNELIA STREET ASSOCIATES,"
1005910036,22 BARROW STREET,40.7325327,-74.0032113,249.0,K1,1.0,"EIGHTY-NINE SEVENTH, LLC"
1005910015,91 7 AVENUE SOUTH,40.7328017,-74.0029515,5354.0,K4,1.0,91-95 7TH AVE SOUTH LLC
1005910020,72 GROVE STREET,40.7331118,-74.0027062,4826.0,S2,3.0,STEVECO LLC
1005880030,36 BARROW STREET,40.7323433,-74.004153,6049.0,C6,4.0,34 36 BARROW ST TENANTS CORP
1005880081,17 GROVE STREET,40.7325792,-74.0054231,2400.0,A4,1.0,"MEATPACKING , LLC"
1005880048,114 CHRISTOPHER STREET,40.7330294,-74.0053005,23039.0,C6,1.0,114 CHRISTOPHER APT CORP
1005880007,22 GROVE STREET,40.732335,-74.0051236,20370.0,D4,1.0,GROVE HOUSE INC
1005880026,300 BLEECKER STREET,40.7324311,-74.003951,8597.0,C7,1.0,ELK 300 BLEEKER LLC
1005880038,50 BARROW STREET,40.7321621,-74.0047123,5418.0,C1,2.0,50 BARROW STREET LLC
1008180002,576 AVENUE OF THE AMERICAS,40.738744,-73.9955037,5260.0,S2,1.0,WOO YOUNG S
1008180005,55 WEST 16 STREET,40.7386891,-73.9953378,25639.0,D4,1.0,SIXTEENTH STREET OWNERS INC.
1008180013,41 WEST 16 STREET,40.7384887,-73.9948651,6300.0,C6,1.0,41 W 16TH ST INC
1008190020,31 WEST 17 STREET,40.7387796,-73.9937572,27758.0,D7,1.0,30 WEST 18 ASSOCIATES
1008180076,48 WEST 17 STREET,40.7386808,-73.9945908,13506.0,H3,2.0,JS CHELSEA LLC
1008180073,40 WEST 17 STREET,40.738604,-73.9944104,49520.0,D0,1.0,42 WEST 17TH STREET CORP
1008180078,50 WEST 17 STREET,40.7387467,-73.9947496,74792.0,O6,1.0,"50 WEST REALTY COMPANY, L.P."
1008190059,30 WEST 18 STREET,40.7390211,-73.9935804,98690.0,D7,1.0,30 WEST 18 ASSOCIATES
1008180007,53 WEST 16 STREET,40.7386534,-73.9952584,5600.0,S5,1.0,"MORON, L.L.C."
1008180008,51 WEST 16 STREET,40.738626,-73.9951898,5600.0,C2,1.0,"51 WEST 16 REALTY,    ."
1008180017,33 WEST 16 STREET,40.7383844,-73.9946197,5764.0,C5,1.0,33 WEST 16 REALTY LLC
1008190015,41 WEST 17 STREET,40.7390404,-73.994118,0.0,G6,1.0,42 WEST 18TH REALTY CORP
1008220062,38 WEST 21 STREET,40.7409287,-73.99266,68808.0,O6,1.0,38 W 21 LLC
1008220015,27 WEST 20 STREET,40.740646,-73.9926961,100800.0,O6,1.0,27 SWEST STREET LLC
1008220070,54 WEST 21 STREET,40.741162,-73.9932373,142532.0,O6,1.0,5421 EQUITIES COMPANY
1008220067,48 WEST 21 STREET,40.7410412,-73.9929234,48520.0,O6,1.0,DEZER PROPERTIES 48
1008160023,17 WEST 14 STREET,40.7368007,-73.9947353,40838.0,K2,1.0,EPIC W14  LLC
1008160061,34 WEST 15 STREET,40.7372124,-73.9949554,15277.0,O6,1.0,ADOMAH CORP
1008160078,546 AVENUE OF THE AMERICAS,40.7377998,-73.9961569,22000.0,D0,1.0,W 15 ST OWNERS INC
1008170057,4 WEST 16 STREET,40.7373907,-73.9933712,33080.0,D0,1.0,4 WEST 16TH ST CORP
1008160079,544 AVENUE OF THE AMERICAS,40.7377093,-73.9962219,5900.0,O5,1.0,DEG REALTY LLC
1008160013,47 WEST 14 STREET,40.7372015,-73.9957384,22215.0,O5,1.0,47 WEST 14 ST. CORP.
1008170027,25 WEST 15 STREET,40.7374265,-73.9942842,15619.0,D4,1.0,25 W 15 ST CORP
1008180061,18 WEST 17 STREET,40.7382197,-73.9934974,24600.0,P7,1.0,"CENTER FOR JEWISH HISTORY, INC."
1008180015,37 WEST 16 STREET,40.738442,-73.9947496,4720.0,C5,1.0,37-39 WEST 16TH STREET LLC
1008160012,51 WEST 14 STREET,40.7372509,-73.9958575,9336.0,O5,1.0,BASIL REALTY LLC
1008160020,35 WEST 14TH STREET,40.7369517,-73.9951466,0.0,V1,1.0,HW W 14TH ST LLC
1008180027,11 WEST 16 STREET,40.7380275,-73.9937645,27600.0,P7,2.0,"CENTER FOR JEWISH HISTORY, INC."
1008170070,20 WEST 16 STREET,40.7377586,-73.9942805,4620.0,C0,1.0,"HERKOVITS, JONATHANS."
1008170001,552 AVENUE OF THE AMERICAS,40.7381511,-73.9958249,101231.0,D9,1.0,LEFT BANK COMPANY
1008160042,96 5 AVENUE,40.7366579,-73.9936383,180000.0,D6,1.0,"LILLIAN GOLDMAN FAMILY,"
1008170085,568 AVENUE OF THE AMERICAS,40.7383186,-73.9955326,129970.0,D4,1.0,54 W 16 ST APT CORP
1008160007,53 WEST 14 STREET,40.7374238,-73.9959585,310000.0,D6,2.0,COURTNEY HOUSE LLC
1008170071,22 WEST 16 STREET,40.7377888,-73.9943527,8125.0,B1,1.0,"TWIN TOWNHOUSES, LLC"
1008180063,20 WEST 17 STREET,40.7382608,-73.9935949,34938.0,P7,1.0,"CENTER FOR JEWISH HISTORY, INC."
1008160063,38 WEST 15 STREET,40.7372948,-73.9951574,27075.0,D0,1.0,FIFTH FIFTEENTH RLTY CORP
1008160062,36 WEST 15 STREET,40.7372454,-73.9950384,31272.0,D0,1.0,36 W 15 ST OWNERS CORP
1008160016,37 WEST 14 STREET,40.7370697,-73.9954245,45000.0,O5,1.0,37 W. 14TH ST. ASSOCS.
1008160054,20 WEST 15 STREET,40.7370148,-73.9943816,12925.0,D3,1.0,20 W 15TH OWNER LLC
1008160015,45 WEST 14 STREET,40.7371521,-73.9956229,12825.0,O2,1.0,PAINT INDUST FD BLDG
1008160059,30 WEST 15 STREET,40.737163,-73.9948399,53508.0,D0,1.0,30 WEST 15 STREET OWNERS CORP
1008160074,58 WEST 15 STREET,40.7376159,-73.9959152,31496.0,D0,1.0,58-60 W 15TH ST APT COR
1008160080,542 AVENUE OF THE AMERICAS,40.7376571,-73.9962616,7108.0,C4,1.0,MONTEL RLTY CP
1008170029,6 WEST 16 STREET,40.7374319,-73.993862,403741.0,D4,2.0,AKAM ASSOCIATES
1005880029,296 BLEECKER STREET,40.7323158,-74.0038824,2442.0,K2,1.0,"HOT POTATO LLC,"
1005850020,12 GROVE STREET,40.7322087,-74.0056937,4248.0,B1,1.0,"TRILLIN,CALVIN"
1005880069,41 GROVE STREET,40.7329663,-74.004449,6875.0,C4,1.0,"41 GROVE STREET, LLC"
1005880037,48 BARROW STREET,40.7321895,-74.0046329,4702.0,B2,1.0,"MALANOSKI, MARY L"
1005880063,318 BLEECKER STREET,40.7330706,-74.004218,6416.0,S9,1.0,"318-22 BLEECKER STREET REALTY    ,"
1005880070,39 GROVE STREET,40.7329526,-74.0045392,6070.0,C5,1.0,39 GROVE STREET LLC
1005880079,19 GROVE STREET,40.7326616,-74.0053221,12168.0,D1,1.0,TWENTY-ONE GROVE STREET ASSOCIATES LLC
1005880082,100 BEDFORD STREET,40.7326616,-74.0054701,750.0,A1,1.0,"MEATPACKING, LLC"
1006220058,61 PERRY STREET,40.7356754,-74.0037816,2100.0,C0,2.0,"TARANTO, KENNETH"
1006220014,290 WEST 11 STREET,40.7357385,-74.0053404,8617.0,C6,1.0,BLEECKER AND 11 OWNERS CORP
1006220017,398 BLEECKER STREET,40.7356506,-74.0052141,5984.0,C6,1.0,BLEECKER AND 11 OWNERS CORP
1006220024,93 PERRY STREET,40.7354503,-74.0053007,5370.0,C5,2.0,GREEN TOMATO LLC
1006130023,224 WEST 11 STREET,40.7361475,-74.0021362,19365.0,M9,4.0,"RECTOR, CHURCH WARDENS AND VESTRYMEN OF"
1006120033,29 CHARLES STREET,40.7351896,-74.0024825,27108.0,D3,1.0,29-31 CHARLES STREET REALTY LLC
1006120028,156 7 AVENUE SOUTH,40.7353323,-74.0020532,3150.0,S1,1.0,"JARIWALA VILLAGE, LLC"
1006110035,169 WEST 10 STREET,40.734454,-74.0021217,50.0,K1,1.0,WORLD'S SMALLEST LLC
1006220048,282 WEST 4 STREET,40.7360075,-74.0036445,11039.0,A4,3.0,ELEVENTH AND FOURTH PROPERTY LLC
1006120043,47 CHARLES STREET,40.7350743,-74.0030779,5764.0,A4,3.0,LUDLOW FARM LLC
1006210061,51 CHARLES STREET,40.7350496,-74.0033125,4584.0,C6,2.0,CHARLES IV INC
1006120008,46 PERRY STREET,40.7354037,-74.0028975,6189.0,C0,3.0,46 PERRY STREET
1006130012,246 WEST 11 STREET,40.7360514,-74.0031898,3980.0,A4,1.0,AVERY ELLISON HOLDINGS LLC
1006210060,256 WEST 4 STREET,40.7351759,-74.0033882,2280.0,A4,1.0,256 W 4TH LLC
1006190007,514 HUDSON STREET,40.7335591,-74.0059789,7106.0,C7,3.0,OL REALTY CORP
1005850050,126 CHRISTOPHER STREET,40.7330266,-74.0059752,2800.0,C0,1.0,"117 BEDFORD, LLC"
1006200038,239 WEST 10 STREET,40.7339928,-74.0057083,7590.0,C5,1.0,239 WEST 10TH STREET LLC
1006190001,502 HUDSON STREET,40.7332929,-74.0060186,37721.0,D8,2.0,HUDSON ONE ASSOC
1006190013,244 WEST 10 STREET,40.7336222,-74.0057768,8590.0,C4,2.0,FUTURE TENTH ASSOC L.P.
1006110005,241 WEST 4 STREET,40.7345995,-74.0028217,4624.0,C2,2.0,ELI3 LLC
1006110010,58 CHARLES STREET,40.7347642,-74.0027063,5825.0,C1,2.0,"L.E.O. 58 MANAGEMENT, LLC"
1006110007,245 WEST 4TH STREET,40.7346846,-74.0028758,8960.0,B3,2.0,243-245 W. FOURTH STREET REALTY TRUST
1006190070,226 WEST 4 STREET,40.7339709,-74.00315,12420.0,C7,1.0,228 W 4TH OWNERS CORP
1006110021,137 7 AVENUE SOUTH,40.7347971,-74.0018908,2033.0,K2,1.0,"131 & 137 7TH AVE. SOUTH, LLC"
1006110014,50 CHARLES STREET,40.7348191,-74.0024212,4842.0,S3,2.0,"SUNFLOWER, LLLP."
1006100021,184 WAVERLY PLACE,40.7343552,-74.0015913,5985.0,S5,3.0,TENTH & WAVERLY LLC
1006110003,237 WEST 4 STREET,40.7344897,-74.0028181,4200.0,S2,1.0,"237 WEST 4TH STREET, LLC"
1006100001,113 7 AVENUE SOUTH,40.7338694,-74.0022624,21100.0,C7,7.0,CHRISTOPHER & SEVENTH REALTY LLC
1006100009,223 WEST 4 STREET,40.7341274,-74.0027784,13306.0,C7,3.0,WEST 4TH ST ASSOC
1006100023,180 WAVERLY PLACE,40.7342509,-74.0015624,3542.0,B3,1.0,180 WAVERLY PL LLC
1006190074,226 WEST 4 STREET,40.733787,-74.0031572,22240.0,K2,1.0,"HI   REST REALTY CO.,"
1006190067,192 WEST 10 STREET,40.7339023,-74.0034387,25955.0,C4,3.0,10TH STREET ASSOCIATES 4 LLC
1006210009,106 PERRY STREET,40.7349974,-74.0056435,6668.0,C2,2.0,106 PERRY LLC
1006200082,211 WEST 10 STREET,40.7342426,-74.0042614,18126.0,C6,1.0,W 10 ST HLDG
1006210024,368 BLEECKER STREET,40.7348053,-74.005012,18105.0,C4,4.0,GOMIDAS HOLDING CORP.
1006200047,361 BLEECKER STREET,40.7345006,-74.0044924,3171.0,S1,1.0,"LIPMAN-WULF, LLC"
1005880060,328 BLEECKER STREET,40.733271,-74.0044057,6148.0,S5,1.0,"GHS,"
1006200033,229 WEST 10 STREET,40.7342206,-74.0054052,30489.0,Y2,1.0,NYC POLICE DEPARTMENT
1008170069,18 WEST 16 STREET,40.7377311,-73.994212,6269.0,C4,1.0,18 W. 16TH STREET CORP
1008170072,30 WEST 16 STREET,40.7378547,-73.9949301,200428.0,W9,5.0,COLLEGE ST FRANCIS XA
1008170080,46 WEST 16 STREET,40.7380413,-73.9952801,16725.0,M1,1.0,CHURCH ST FRANCIS XAVIER
1008220052,18 WEST 21 STREET,40.7406075,-73.9918986,53500.0,O6,1.0,"G.A.M. REAL ESTATE, LLC"
1008220059,34 WEST 21 STREET,40.7408518,-73.9924759,7975.0,S1,1.0,APSEC REAL ESTATE INVESTMENT INC
1008220045,4 WEST 21 STREET,40.7404043,-73.9914223,119136.0,D4,1.0,BREM REALTY LLC
1008190039,122 5TH AVENUE,40.738409,-73.9925484,244069.0,O6,2.0,122 FIFTH ASSOC
1008210062,32 WEST 20 STREET,40.7402892,-73.9929523,41476.0,D4,1.0,DAVID SHAMA
1008190027,17 WEST 17 STREET,40.7385627,-73.9932268,51102.0,O6,1.0,"17 W. 17TH STREET ENTERPRISES,INC"
1008190037,118 5 AVENUE,40.7381757,-73.9924618,65857.0,O6,1.0,120 FEE LLC
1008190050,6 WEST 18 STREET,40.7386917,-73.992801,51889.0,O6,1.0,6-8 WEST 18TH STREET LLC
1008220049,12 WEST 21 STREET,40.7405087,-73.9916604,58900.0,O6,1.0,"12W21 LAND, L.P."
1008180039,3 WEST 16 STREET,40.7378052,-73.9932377,17216.0,S5,1.0,"3 WEST 16TH STREET, LLC"
1008260069,48 WEST 25 STREET,40.743731,-73.9913857,96267.0,O6,1.0,48 WEST 25TH STREET OWNER LLC
1008250001,716 AVENUE OF THE AMERICAS,40.7430339,-73.992104,219718.0,P2,1.0,TRUSTEES OF THE MASONIC HALL AND ASYLUM FUND
1008260001,736 AVENUE OF THE AMERICAS,40.7436898,-73.9917394,296400.0,D6,1.0,CHELSEA ASSOCIATES FEE OWNER LLC
1008260011,49 WEST 24 STREET,40.743451,-73.9914688,41800.0,O6,1.0,49 W 24 ST TENANTS CORP.
1008250008,67 WEST 23 STREET,40.7428335,-73.9919308,1975.0,K1,1.0,"TTMH NYC HOLDINGS I, LLC"
1008260013,43 WEST 24 STREET,40.7433824,-73.9912992,63214.0,O6,1.0,JONATHAN P ROSEN
1008230041,164 5 AVENUE,40.7406623,-73.9906788,11070.0,K2,1.0,164 FIFTH AVENUE INC.
1008260025,23 WEST 24 STREET,40.7430749,-73.9905666,2454.0,K1,1.0,23 WEST 24TH STREET OWNER LLC
1008250012,49 WEST 23 STREET,40.7427621,-73.9913714,337000.0,O6,3.0,23 R.P. ASSOCIATES LLC
1008230001,676 AVENUE OF THE AMERICAS,40.7415875,-73.9933672,4600.0,K2,1.0,"APHIS REALTY, INC."
1006190020,230 WEST 10 STREET,40.7336909,-74.005214,4800.0,A4,3.0,"BAKOS, YANNIS"
1006190050,329 BLEECKER STREET,40.7335509,-74.0041964,3705.0,S9,2.0,CHRISTOPHER BLEECKER OWNER LLC
1006190061,202 WEST 10 STREET,40.733916,-74.0038789,2990.0,A4,1.0,"SUBIN, NINA"
1006210035,371 BLEECKER STREET,40.734937,-74.0046295,9270.0,C6,1.0,BLEEKER 373 OWNERS CORP
1006210038,377 BLEECKER STREET,40.7350935,-74.0046367,10874.0,C5,1.0,EVGER BLEECKR ST.RLTY CP
1006210001,538 HUDSON STREET,40.7346899,-74.0058491,38332.0,D8,1.0,540 HUDSON STREET PARTNERS LLC
1006210006,548 HUDSON STREET,40.7349205,-74.005813,4068.0,S1,1.0,"548 HUDSON, LLC"
1006220005,560 HUDSON STREET,40.7355381,-74.0057301,14352.0,C5,4.0,560-566 HUDSON
1006220001,552 HUDSON STREET,40.7353377,-74.0057517,15594.0,C7,1.0,101 PERRY STREET LLC
1006180040,42 7 AVENUE,40.7381485,-74.0003825,27200.0,P5,1.0,METROPOLITAN TEMPLE
1006170045,220 WEST 13 STREET,40.7381896,-74.0014759,13662.0,D7,1.0,220 W 13 STREET LLC
1006170047,208 WEST 13 STREET,40.7380414,-74.0011944,27000.0,I5,3.0,THE LESBIAN & GAY SERVICE
1006150074,6 JANE STREET,40.7379838,-74.002443,3420.0,C0,1.0,"JOSEPH J. PETRONE, AS CO-TRUSTEE"
1006150064,24 JANE STREET,40.7379645,-74.0032693,13343.0,C4,3.0,24-26 JANE REALTY LLC
1006170001,76 GREENWICH AVENUE,40.7371988,-74.00118,0.0,Q1,0.0,NYC DEPARTMENT OF PARKS AND RECREATION
1006150062,28 JANE STREET,40.7379755,-74.0034353,4988.0,K4,2.0,28-30 JANE STREET LLC
1006150057,325 WEST 4 STREET,40.7378438,-74.0036157,9797.0,C4,2.0,IRREVOCABLE TRUST OF HELEN RAKOSI F/B/O  JER
1006150091,259 WEST 12 STREET,40.7377752,-74.0030564,14596.0,D3,1.0,259 WEST 12 ST LLC
1006150083,239 WEST 12 STREET,40.7378163,-74.0023094,4544.0,C1,1.0,239 WEST LLC
1006150093,263 WEST 12 STREET,40.7377642,-74.0031935,5084.0,A4,2.0,"MANTELLO, JOSEPH"
1006150094,269 WEST 12 STREET,40.7377614,-74.0033379,15708.0,C1,1.0,269 WEST 12 ST LLC
1006240058,61 BANK STREET,40.7369874,-74.0042616,4500.0,B9,2.0,61 ACQUISITION CORP.
1006240024,8 AVENUE,40.7373332,-74.0054308,0.0,Q1,0.0,NYC DEPARTMENT OF PARKS AND RECREATION
1006260021,624 HUDSON STREET,40.738217,-74.0053262,3204.0,S3,1.0,BANDE REAL ESTATE CORP
1006250029,50 JANE STREET,40.7379617,-74.0050411,3960.0,C0,1.0,"SEDGH, JOSEPH"
1006250055,32 8 AVENUE,40.737841,-74.0041967,2293.0,H3,1.0,JANE 8 LLC
1006250063,285 WEST 12 STREET,40.7377147,-74.0041137,4864.0,C5,1.0,285 WEST 12TH PROPERTY OWNER LLC
1006250054,30 8 AVENUE,40.7378218,-74.0042616,1624.0,H3,1.0,JANE 8 LLC
1006250034,36 JANE STREET,40.7380194,-74.0045648,0.0,QG,0.0,NYC DEPARTMENT OF PARKS AND RECREATION
1006260026,634 HUDSON STREET,40.7384969,-74.0051638,9230.0,C4,2.0,634 HUDSON REALTY LLC
1006250028,52 JANE STREET,40.7379617,-74.0051241,3880.0,B1,1.0,"MURPHY, KATHLEEN M."
1006250056,34 8 AVENUE,40.7378877,-74.0040848,10552.0,D7,4.0,ALLIED VI LLC
1006260038,26 HORATIO STREET,40.7385683,-74.0043122,18564.0,C1,1.0,MYRON LEO LLC
1006150001,301 WEST 4 STREET,40.736949,-74.003576,3007.0,S2,1.0,301 WEST 4TH HOLDINGS LLC
1006150015,264 WEST 12 STREET,40.7373936,-74.0031502,2313.0,A9,1.0,"ERICSSON, ALICE"
1006150014,266 WEST 12 STREET,40.7373881,-74.0032079,2752.0,A4,1.0,"KUNST, MARIA A"
1006230048,267 WEST 11 STREET,40.7363149,-74.0041605,6144.0,B1,2.0,"BT267 TRUST DATED OCTOBER 4, 2022"
1006230002,580 HUDSON STREET,40.7362956,-74.0054884,2640.0,Q1,1.0,NYC DEPARTMENT OF PARKS AND RECREATION
1006180032,62 7 AVENUE,40.7385382,-74.0001046,12239.0,C7,1.0,CHECO 200 WEST 14TH LLC
1006270025,638 HUDSON STREET,40.7390706,-74.0047958,400.0,Q1,1.0,NYC DEPARTMENT OF PARKS AND RECREATION
1006180031,202 WEST 14 STREET,40.73853,-74.0003717,6400.0,C4,1.0,202 W. 14 REALTY
1006180028,204 WEST 14 STREET,40.7385986,-74.0005305,32000.0,D7,1.0,204-208 W. 14 REALTY LLC
1006180033,48 7 AVENUE,40.7383681,-74.0002237,142204.0,D6,1.0,JOUP LLC
1006260036,30 HORATIO STREET,40.7384503,-74.0044962,41970.0,D3,2.0,JANE-HORATIO LLC
1006290013,344 WEST 14 STREET,40.7403469,-74.0046732,25100.0,C7,1.0,344 WEST 14TH STREET LLC
1006160046,55 8 AVENUE,40.7389773,-74.0034823,506.0,G3,1.0,51 EIGHTH AVENUE LLC
1006160143,349 WEST 4 STREET,40.739153,-74.003724,2750.0,B1,1.0,"KAREN BERT COOPER, AS TRUSTEE"
1006290027,316 WEST 14 STREET,40.7398968,-74.0036086,7425.0,C5,1.0,316 WEST 14 REALTY ASSOCIATES LLC
1006290025,320 WEST 14 STREET,40.73996,-74.0037638,8250.0,C4,1.0,320-324 WEST 14 REALTY ASSOCIATES LLC
1006290029,304 WEST 14 STREET,40.739798,-74.0033271,38376.0,C7,1.0,304-10 W 14 REALTY LLC
1006290028,314 WEST 14 STREET,40.7398639,-74.0035292,15750.0,O7,1.0,THE CHELSEA VILLAGE REALTY TRUST II
1006290026,318 WEST 14 STREET,40.7399298,-74.003688,7875.0,C6,1.0,318 W 14 ST HSNG CORP
1006290017,336 WEST 14 STREET,40.7402317,-74.0043989,6656.0,C1,2.0,VILLAGE DEVELOPMENTASSC
1006290018,330 WEST 14 STREET,40.7401219,-74.0042546,9330.0,M1,1.0,RC CHURCH ST BERNARD
1006290044,305 WEST 13 STREET,40.7395537,-74.0035364,56508.0,D1,1.0,SUPREME COMPANY I
1006290055,327 WEST 13 STREET,40.7398474,-74.0043448,38387.0,W2,1.0,RC CHUR ST BERNARD
1006180027,210 WEST 14 STREET,40.7386316,-74.0007109,6000.0,C4,2.0,HAPPY UNITED REALTYINC
1006180012,242 WEST 14 STREET,40.7391338,-74.0018909,7152.0,S4,2.0,J & R 240 LLC
1006170044,224 WEST 13 STREET,40.7382418,-74.0015625,4194.0,C5,2.0,"UNITED GREENWICH, LLC"
1006180005,74 8 AVENUE,40.7394632,-74.0023672,34364.0,O6,3.0,76 8TH AVENUE OWNER LLC
1006180017,232 WEST 14 STREET,40.7389966,-74.0014759,7405.0,C5,1.0,232 W 14TH LLC
1006170043,226 WEST 13 STREET,40.7382747,-74.0016202,2860.0,C5,1.0,"UNITED GREENWICH, LLC"
1006160054,JACKSON SQUARE,40.7389252,-74.0028472,0.0,Q1,0.0,NYC DEPARTMENT OF PARKS AND RECREATION
1006180013,240 WEST 14 STREET,40.7391311,-74.0017935,7017.0,C7,1.0,J & R 240 LLC
1006170034,106 GREENWICH AVENUE,40.7382747,-74.0018909,4843.0,C7,2.0,GRAIN LLC
1006180008,250 WEST 14 STREET,40.7393095,-74.0021724,5760.0,C4,1.0,M MARKET 14 LLC
1006180010,244 WEST 14 STREET,40.7392134,-74.0019883,10300.0,K2,1.0,14 SMI LLC
1006180014,238 WEST 14 STREET,40.7390982,-74.0017141,8812.0,D7,2.0,S3 REALTY LLC
1006180024,214 WEST 14 STREET,40.7387166,-74.0009094,53906.0,O6,1.0,"BEVERLY, ROBERT TR"
1006180026,212 WEST 14 STREET,40.7386645,-74.0007903,9750.0,C7,1.0,212 WEST 14TH STREETREALTY CORP.
1006140059,79 GREENWICH AVENUE,40.7368722,-74.0015877,4706.0,C7,2.0,VILLAGE MANAGEMENT INCRP
1006140053,8 BANK STREET,40.7369655,-74.0018187,3300.0,C3,1.0,CJ-EIGHT HOLDING LLC
1006140032,227 WEST 11 STREET,40.7365428,-74.0025079,15798.0,C6,1.0,227 W 11 ST OWNERS CORP
1006140027,217 WEST 11 STREET,40.7365675,-74.0021867,22050.0,C1,1.0,CARMINE LIMITED
1006140025,244 WAVERLY PLACE,40.7367239,-74.00223,6860.0,C5,1.0,244 WAVERLY LLC
1006140020,24 BANK STREET,40.7368227,-74.002479,3192.0,B3,1.0,"MORTENSON, RAY"
1008260063,36 WEST 25 STREET,40.7434976,-73.9908264,65372.0,O6,1.0,"25TH STREET TIC,"
1008260026,19 WEST 24 STREET,40.7430255,-73.9904476,51659.0,O6,1.0,"19 WEST 24TH PROPERTIES, LLC"
1008260017,37 WEST 24 STREET,40.7432836,-73.9910682,44876.0,HB,1.0,FORTUNA 37 WEST 24TH STREET LLC
1008260061,32 WEST 25 STREET,40.743429,-73.9906676,5000.0,K1,1.0,HMH SPECIAL LLC
1008260057,24 WEST 25 STREET,40.7433302,-73.9904295,114807.0,O6,2.0,24-28 WEST 25TH STREET OWNER LLC
1008230042,166 5 AVENUE,40.7407254,-73.9906319,14083.0,O6,1.0,"166 FIFTH AVENUE,LLC"
1008260016,41 WEST 24 STREET,40.7433247,-73.9911657,15686.0,D7,1.0,41 W 24TH PARTNERS LLC
1008260019,27 WEST 24 STREET,40.7431902,-73.9908445,94075.0,O6,1.0,WEST 24-27 REALTY LLC
1008240011,56 WEST 23 STREET,40.7423285,-73.9924974,527452.0,D6,1.0,"WHITEHALL PROPERTIES, LLC"
1008270068,38 WEST 26 STREET,40.7442716,-73.9907541,65150.0,D0,1.0,12 LOFTS RLTY INC
1008240028,40 WEST 23 STREET,40.7417493,-73.9912561,439330.0,O6,2.0,23RD STREET LLC
1008250009,61 WEST 23 STREET,40.7427676,-73.9917792,46900.0,O6,1.0,61 WEST 23RD STREET LLC
1008230002,678 AVENUE OF THE AMERICAS,40.7416753,-73.9933022,14599.0,C7,1.0,678 6TH AVENUE LLC/HEP FACHIONS LTD C/O
1008270012,41 WEST 25 STREET,40.7439697,-73.9907903,50000.0,O6,1.0,HANOVER ESTATES LLC
1008230024,19 WEST 21 STREET,40.7410302,-73.991765,113284.0,O6,1.0,FIFTH PARTNERS LLC
1008230017,35 WEST 21 STREET,40.7413212,-73.9923207,151236.0,D6,1.0,"MARJAYROB ASSOCIATES, LLC"
1008260065,40 WEST 25 STREET,40.7435992,-73.9910682,113784.0,O6,1.0,40 WEST 25TH STREET OWNER LLC
1008270008,45 WEST 25 STREET,40.7440686,-73.9910248,91075.0,O6,1.0,HANOVER ESTATES LLC
1008240037,174 5 AVENUE,40.7411865,-73.9902493,21588.0,O5,1.0,174-176 FIFTH LLC
1008240032,3 WEST 22 STREET,40.7413485,-73.9905994,88499.0,O6,1.0,CHAND REALTY ASSOC
1008230029,15 WEST 21 STREET,40.7410411,-73.9914294,137007.0,O6,1.0,MEYSAR REALTY CORP
1008240015,37 WEST 22 STREET,40.7420348,-73.9919525,284930.0,O6,2.0,50 WEST 23RD STREET LLC
1008250082,732 AVENUE OF THE AMERICAS,40.7432535,-73.9921473,0.0,G6,0.0,"TTMH NYC HOLDINGS II, LLC"
1008230043,168 5 AVENUE,40.7408187,-73.9905634,21944.0,O5,1.0,168 5 AVE RLTY CORP
1005900061,19 BARROW STREET,40.7324503,-74.0027242,8136.0,C7,1.0,BARROW NYC LLC
1005900034,7 CORNELIA STREET,40.7317779,-74.0016958,26480.0,D7,4.0,7-11 CORNELIA ST LLC
1005900083,21 JONES STREET,40.7321704,-74.0027134,7490.0,C4,2.0,21 JONES STREET ASSOC
1005900054,71 7 AVENUE SOUTH,40.7322335,-74.0033231,1642.0,K1,1.0,"KAPLAN, MONA"
1005900028,172 WEST 4 STREET,40.7321292,-74.0017319,11300.0,C7,1.0,DZ FAMILY ASSOCIATES LP
1005900063,17 BARROW STREET,40.7324943,-74.0025979,3501.0,K4,2.0,RAPA NUI RLTY CORP
1005870011,24 COMMERCE STREET,40.7315418,-74.0044994,1160.0,A9,1.0,24 COMMERCE LLC
1005870061,70 7 AVENUE SOUTH,40.7319727,-74.0039798,960.0,K1,1.0,"TMEC SEVENTY SEVENTH, INC."
1007910036,555 AVENUE OF THE AMERICAS,40.7385327,-73.9964997,195442.0,D6,1.0,SP 555 SIXTH LLC
1007910050,114 WEST 16 STREET,40.7388127,-73.9967631,32736.0,D1,1.0,114 ASSOCIATES
1007910016,143 WEST 15 STREET,40.7389582,-73.9979034,27353.0,O3,1.0,"PUERTO RICAN FAMILY FOUNDATION, INC."
1007920008,151 WEST 16 STREET,40.7397788,-73.9979359,43770.0,D3,1.0,SUPREME COMPANY I LLC
1007900055,132 WEST 15 STREET,40.7384696,-73.9979395,10076.0,C4,1.0,132132 COMPANY
1007920049,120 WEST 17 STREET,40.7395675,-73.9967198,3208.0,S4,1.0,PENTECOSTAL CHURCH ETAL
1007920045,112 WEST 17 STREET,40.7394357,-73.9964095,3990.0,O5,2.0,BLONDIE LEE CORP
1007910070,146 WEST 16 STREET,40.7393013,-73.9979287,5000.0,C6,1.0,146 WEST 16TH STREET
1007930037,603 AVENUE OF THE AMERICAS,40.7396553,-73.9955217,3975.0,K4,1.0,"595 REALTY, LLC"
1007900056,134 WEST 15 STREET,40.7385025,-73.9980225,9925.0,C1,1.0,134 MANAGEMENT LLC
1007920012,141 WEST 16 STREET,40.7396526,-73.9976255,34662.0,D1,1.0,141 WEST 16 ASSOCIATES    .
1007910027,123 WEST 15 STREET,40.7386782,-73.9972431,6847.0,C0,1.0,"SOHO BUILDERS, LLC"
1007920064,150 WEST 17 STREET,40.7400176,-73.9977915,12000.0,P7,1.0,"RUBIN, DONALD CULTURAL TRUST"
1007920061,144 WEST 17 STREET,40.7399243,-73.9975678,8675.0,C7,1.0,"RUBIN, DONALD CULTURAL TRUST"
1007910026,125 WEST 15 STREET,40.7387056,-73.997308,4400.0,C0,1.0,FURNIVAL LLC
1007920050,122 WEST 17 STREET,40.7396333,-73.9968786,25732.0,W3,1.0,ST FRANCIS XAVIER ETAL
1007920060,142 WEST 17 STREET,40.7398886,-73.9974884,9280.0,C7,1.0,"RUBIN, DONALD CULTURAL TRUST"
1007930035,599 AVENUE OF THE AMERICAS,40.7395866,-73.9955723,5733.0,S9,1.0,"595 REALTY, LLC"
1007910019,139 WEST 15 STREET,40.7388923,-73.9977483,4160.0,C1,1.0,"13915 REALTY, LLC."
1007910054,120 WEST 16 STREET,40.738928,-73.997041,8932.0,N2,2.0,NYS OFFICE FOR PEOPLE WITH DISABIL
1007920024,115 WEST 16 STREET,40.7392628,-73.9966909,39264.0,D1,1.0,115 ASSOCIATES LLC
1007930017,135 WEST 17 STREET,40.7401082,-73.9968821,32322.0,D0,1.0,135 W 17 ST TENANTS CORP
1007920039,587 AVENUE OF THE AMERICAS,40.7392765,-73.9958537,0.0,G6,0.0,WASSFAM
1007910031,115 WEST 15 STREET,40.7385547,-73.9969472,5803.0,C6,2.0,COATES COURT INC
1007910024,129 WEST 15 STREET,40.7387578,-73.9974307,3220.0,C3,1.0,DEBIASO FAMILY LIMITED PARTNERSHIP
1007910013,147 WEST 15 STREET,40.739024,-73.9980622,53203.0,D0,1.0,LA FABRIQUE OWNERS CORP
1007910021,135 WEST 15 STREET,40.7388374,-73.9976184,4608.0,C3,1.0,13515 REALTY LLC
1007920062,146 WEST 17 STREET,40.7399572,-73.9976472,8675.0,C7,1.0,"RUBIN, DONALD CULTURAL TRUST"
1007920063,148 WEST 17 STREET,40.7399874,-73.997723,8675.0,C7,1.0,"RUBIN, DONALD CULTURAL TRUST"
1007930033,595 AVENUE OF THE AMERICAS,40.7394933,-73.9956408,6702.0,K4,1.0,"595 REALTY,LLC"
1007910029,119 WEST 15 STREET,40.7386233,-73.9971096,13755.0,C4,1.0,119 WEST 15TH LLC
1007910020,137 WEST 15 STREET,40.7388648,-73.9976869,4160.0,C1,1.0,UNAVAILABLE OWNER
1007920033,575 AVENUE OF THE AMERICAS,40.7389252,-73.9960558,32950.0,D0,1.0,575 OWNERS CORP
1007920066,154 WEST 17 STREET,40.7400341,-73.9979611,5000.0,P7,1.0,"RUBIN, DONALD CULTURAL TRUST"
1007920065,152 WEST 17 STREET,40.7400506,-73.9978673,12000.0,P7,1.0,"RUBIN, DONALD CULTURAL TRUST"
1007910069,144 WEST 16 STREET,40.7392738,-73.9978637,5104.0,C4,1.0,"WAKEFIELD TOWERS, INC."
1007930030,109 WEST 17 STREET,40.7396992,-73.9959115,6450.0,K2,1.0,109 WEST 17TH STREET LLC
1007930032,105 WEST 17 STREET,40.7396306,-73.9957491,8820.0,C7,2.0,SEVENTEENTH STREET HOUSING DEVELOPMENT F UND CORP.
1007930020,133 WEST 17 STREET,40.7400039,-73.9966368,44004.0,D0,1.0,131 WEST 17 REALTY CORP
1007910022,131 WEST 15 STREET,40.7387962,-73.9975245,8320.0,C5,1.0,PR15 LLC
1007910053,118 WEST 16 STREET,40.7388785,-73.9969219,5412.0,S1,1.0,"FERNANDEZ, SECUNDINOJR."
1007910062,130 WEST 16 STREET,40.7391091,-73.997474,32384.0,D4,1.0,130 W 16 OWNERS INC
1007910066,136 WEST 16 STREET,40.739186,-73.9976544,14765.0,C6,1.0,136/140 W16TH ST RLTY
1007920036,581 AVENUE OF THE AMERICAS,40.7391118,-73.9959728,22650.0,O5,1.0,MW 581-583 SIXTH AVENUE
1007920038,585 AVENUE OF THE AMERICAS,40.7392793,-73.9960594,34500.0,D5,1.0,"WASSFAM,LLC"
1007920043,108 WEST 17 STREET,40.7393698,-73.9962507,9300.0,C7,1.0,"WASSFAM,LLC"
1007640030,215 WEST 14 STREET,40.7391229,-74.000249,7970.0,C7,1.0,"TAWIL, ROBERT"
1007900001,61 7 AVENUE,40.7387496,-73.9990798,371863.0,D4,1.0,THE VERMEER OWNERS INC
1007660050,208 WEST 17 STREET,40.7404815,-73.9989715,10872.0,C4,3.0,"210 WEST 17TH STREET OWNERS, LLC"
1007640031,213 WEST 14 STREET,40.7390927,-74.0001696,8125.0,C7,1.0,213 WEST 14TH STREETCORP
1007640051,222 WEST 15 STREET,40.7395126,-74.0005269,38330.0,D3,1.0,"14-15 ST. ASSOCIATES, L.P."
1007650035,78 7 AVENUE,40.7396361,-73.9995201,128350.0,D7,1.0,CHELSMORE APTS. LLC
1007900068,158 WEST 15 STREET,40.7388374,-73.9988128,10855.0,C4,1.0,"FLM,"
1007900067,156 WEST 15 STREET,40.7388072,-73.9987406,5520.0,C7,1.0,156 WEST 15TH STREET CHELSEA LLC
1007650023,223 WEST 15 STREET,40.7398722,-74.0000794,3800.0,A4,1.0,WOLFE GARY J & IRENE
1007640043,206 WEST 15 STREET,40.7392876,-73.9998232,5504.0,A5,1.0,"HPNY II, L.L.C."
1007650055,220 WEST 16 STREET,40.7401549,-73.9999639,6250.0,C7,1.0,GOLDEN CITY 220 REALTY LLC
1007640042,72 7 AVENUE,40.7392244,-73.9995994,109669.0,D6,1.0,200 W.15 REALTY LLC
1007650017,235 WEST 15 STREET,40.7400671,-74.0005413,7236.0,C4,1.0,WEST 15 LLC.
1007640053,226 WEST 15 STREET,40.7396306,-74.0006423,11092.0,C1,2.0,226-228 WEST 15TH STREET
1007660039,100 7 AVENUE,40.7401741,-73.9988885,101221.0,D4,1.0,201 WEST 16 OWNERS CORP
1007910009,155 WEST 15 STREET,40.7391174,-73.9982859,49880.0,D0,1.0,155 W 15 ST HOUSING CORP
1007640036,203 WEST 14 STREET,40.7388923,-73.9997907,11025.0,C7,1.0,203 WEST 14TH STREET LIMITED LIABILITY C OMPANY
1007660035,209 WEST 16 STREET,40.74024,-73.9991087,2655.0,A4,1.0,"VEITZER, LYNN M"
1007650053,216 WEST 16 STREET,40.7401055,-73.9998448,18880.0,C4,2.0,CHELSEA VILLAGE LLC
1007900010,145 WEST 14 STREET,40.7384641,-73.9987045,5955.0,C7,1.0,PR 145 WEST 14 LLC
1007650020,229 WEST 15 STREET,40.7399683,-74.0003031,10120.0,C4,1.0,EVGER 15TH STREET REALTY CORP
1007650052,214 WEST 16 STREET,40.7400533,-73.9997257,11330.0,C6,1.0,214 W 16TH ST OWNERS CORP
1007660020,237 WEST 16 STREET,40.7407258,-74.0001552,3920.0,C6,1.0,UNAVAILABLE OWNER
1007640046,212 WEST 15 STREET,40.7393864,-74.0000577,6500.0,S2,1.0,SOLLI WILLIAM R
1007650058,226 WEST 16 STREET,40.7402537,-74.0001985,9785.0,C4,1.0,28-44 MARINE AVE CORP
1007640039,70 7 AVENUE,40.7391146,-73.9996788,6670.0,C7,1.0,"70 SEVENTH AVENUE, NYC, LP"
1007650021,227 WEST 15 STREET,40.7399353,-74.0002237,10065.0,C4,1.0,227 MANAGEMENT CO INC
1007650018,233 WEST 15 STREET,40.7400341,-74.0004619,8760.0,C2,1.0,233233 COMPANY
1007660052,212 WEST 17 STREET,40.7405529,-73.9990509,8880.0,C7,1.0,"FEB REALTY, LLC"
1007660055,218 WEST 17 STREET,40.7407038,-73.9994082,24400.0,C5,8.0,218-226 WEST 17TH STREET OWNER LLC
1005900014,28 JONES STREET,40.731712,-74.0027422,3136.0,C6,2.0,GREENWICH HOUSE COOP APTS INC
1007660021,235 WEST 16 STREET,40.7407011,-74.0000902,5216.0,C6,1.0,235 WEST 16 STREET LLC
1007900014,139 WEST 14 STREET,40.7383488,-73.9984411,10750.0,C7,1.0,"CHELSEA 139, LLC"
1007900011,143 WEST 14 STREET,40.7385163,-73.998488,33806.0,N4,1.0,CORPORATION OF THE PRESIDING BISHOP
1007900063,148 WEST 15 STREET,40.7387029,-73.9984808,4100.0,C1,1.0,PR 148 WEST 15 LLC
1007650059,228 WEST 16 STREET,40.7402866,-74.0002779,9985.0,C6,1.0,228 WEST 16TH STREET HOUSING CORP.
1007650024,221 WEST 15 STREET,40.739842,-74.0000072,10245.0,C4,1.0,221 WEST 15TH STREET LLC
1007650063,236 WEST 16 STREET,40.7404266,-74.0006063,12002.0,C4,1.0,236 W. 16TH ST. LLC
1007650041,90 7 AVENUE,40.7398173,-73.9991628,141491.0,D6,1.0,"200 ASSOCITES, L.L.C."
1007650019,231 WEST 15 STREET,40.7400012,-74.0003861,7008.0,C4,1.0,231 W 15 REALTY LLC
1007900058,138 WEST 15 STREET,40.7385684,-73.9981777,7270.0,S2,1.0,138 W 15 ST CORP
1007900066,154 WEST 15 STREET,40.7387798,-73.9986757,8900.0,D4,1.0,154 W 15 ST TENANTS
1007660032,215 WEST 16 STREET,40.740358,-73.9992927,8855.0,C4,1.0,METRE WEST REALTY LLC
1007650064,240 WEST 16 STREET,40.7404568,-74.0006784,7060.0,C4,1.0,CHESTERFIELD REALTY
1007900057,136 WEST 15 STREET,40.7385272,-73.9980803,2640.0,B3,1.0,"BELL, JOYCE"
1007660029,221 WEST 16 STREET,40.7404568,-73.9995345,10788.0,D1,1.0,GARY BROWN
1007650025,219 WEST 15 STREET,40.7398145,-73.9999423,6330.0,C4,1.0,YANO ASH LLC
1007900065,152 WEST 15 STREET,40.7387551,-73.9986107,6568.0,C2,1.0,152 SIXTH SEVENTH LLC
1007660028,223 WEST 16 STREET,40.7404898,-73.9996103,10620.0,C7,1.0,223 WEST 16TH LLC
1007660034,211 WEST 16 STREET,40.7402619,-73.9991664,4420.0,S5,1.0,211 WEST 16TH STREET
1007900064,150 WEST 15 STREET,40.7387304,-73.9985458,8997.0,A4,1.0,150 W 15 TOWNHOUSE LLC
1007650056,222 WEST 16 STREET,40.7401878,-74.0000397,6649.0,C4,2.0,"CLARA 222 WEST 16, LLC"
1007650060,230 WEST 16 STREET,40.7403388,-74.0003969,17169.0,C4,3.0,TOCKWOTTEN ASSOCIATES LLC
1007650016,237 WEST 15 STREET,40.7401,-74.0006207,7100.0,C6,2.0,237 W 15 ST OWNERS CO
1007640045,210 WEST 15 STREET,40.7393534,-73.9999783,5580.0,C0,1.0,STEPHANIE GROSSO GARTNER REVOCABLE TRUST
1007650057,224 WEST 16 STREET,40.7402208,-74.0001191,9780.0,C4,1.0,224 W 16 REALTY LLC
1007640035,205 WEST 14 STREET,40.738928,-73.9998737,8400.0,S4,1.0,"205    , AS TO 50%"
1007660023,227 WEST 16 STREET,40.740605,-73.9998665,31715.0,C6,3.0,227 W 16 ST OWNERS I
1007660053,214 WEST 17 STREET,40.740605,-73.99917,26400.0,D4,1.0,214 WEST 17TH APARTMENT CORPORATION
1007660027,225 WEST 16 STREET,40.7405254,-73.9996933,11200.0,C7,1.0,225 W 16TH ST CORP
1007640034,207 WEST 14 STREET,40.7389637,-73.9999567,7625.0,S9,1.0,207 W. 14 REALTY
1007900008,149 WEST 14 STREET,40.7385163,-73.9988381,7650.0,C7,1.0,PR 149 WEST 14 LLC
1007900059,140 WEST 15 STREET,40.7386041,-73.9982571,7375.0,C4,1.0,CHELSEA 140 LLC
1007660018,241 WEST 16 STREET,40.7407807,-74.0002815,2520.0,B1,1.0,"BELL, TEMMA"
1007900009,147 WEST 14 STREET,40.7384916,-73.9987659,8200.0,C7,1.0,PR 147 WEST 14 LLC
1007640037,201 WEST 14 STREET,40.7388566,-73.9997041,11463.0,C7,1.0,201 WEST 14 REALTY LLC
1007640038,68 7 AVENUE,40.7390625,-73.9997149,6310.0,S5,1.0,203 WEST 14TH STREET LIMITED LIABILITY C OMPANY
1007640044,208 WEST 15 STREET,40.7393177,-73.999899,4452.0,C5,1.0,"URBAN, CHRISTINE"
1007650026,217 WEST 15 STREET,40.7397926,-73.9998881,4500.0,C3,1.0,"OGIALE, STELLA"
1007650062,234 WEST 16 STREET,40.7403882,-74.0005269,12080.0,C6,1.0,234 WEST 16TH STREET OWNERS CORP
1007660047,116 7 AVENUE,40.7404541,-73.9986648,11874.0,K4,1.0,717 SUBSIDIARY LLC
1007660059,226 WEST 17 STREET,40.7407862,-73.9995994,9545.0,C4,1.0,218-226 WEST 17TH STREET OWNER LLC
1007660009,253 WEST 16 STREET,40.7409893,-74.0007398,37782.0,D4,1.0,253 W 16 OWNERS INC
1007660016,245 WEST 16 STREET,40.7408246,-74.000415,3390.0,S5,1.0,245 WEST 16 LLC
1007660017,243 WEST 16 STREET,40.7408054,-74.0003428,4800.0,A5,1.0,"BRITTON, PAUL"
1007670005,152 8 AVENUE,40.7418237,-74.0006027,12390.0,C7,1.0,VILLAGE MANAGEMENT INCRP
1007670001,144 8 AVENUE,40.7416343,-74.0007434,7662.0,K4,1.0,"CHELSEA BUSINESS PROPERTIES,"
1007670041,124 7 AVENUE,40.7408877,-73.9983905,2767.0,K1,1.0,124 SEVENTH AVE LLC
1007670012,249 WEST 17 STREET,40.7415245,-73.9998881,108768.0,O5,1.0,249 WEST 17TH STREET PROPERTY INVESTORS II LLC
1007670057,228 WEST 18 STREET,40.7414888,-73.9993721,14220.0,C7,1.0,228 W 18TH PARTNERS LLC
1007670015,245 WEST 17 STREET,40.7414257,-73.9996536,118945.0,O6,1.0,245 - 249 WEST 17 STREET
1007660071,248 WEST 17 STREET,40.7410936,-74.0003933,25362.0,D1,1.0,248 W. 17 REALTY LLC
1007670019,227 WEST 17 STREET,40.7411073,-73.999437,42720.0,D0,1.0,227 WEST 17TH STREET CORP.
1007660060,228 WEST 17 STREET,40.7408246,-73.9996752,7790.0,C4,1.0,228 WEST 17 STREET HOUSING DEVELOPMENT F UND CORP.
1007670073,156 8 AVENUE,40.7419225,-74.0005341,3640.0,S4,1.0,"CHELSEA PROPERTIES,INC."
1007640023,229 WEST 14 STREET,40.7393562,-74.0008011,10625.0,M1,1.0,CHUR OUR LADY GUADALU
1007640062,244 WEST 15 STREET,40.7398914,-74.0013208,44800.0,D4,1.0,250 WEST 15TH STREET OWNERS CORP
1007640072,98 8 AVENUE,40.7401933,-74.0018693,2500.0,S4,1.0,"243 THIRD AVE ASSOCIATES, INC."
1007650014,241 WEST 15 STREET,40.7401659,-74.0007722,9890.0,C4,1.0,WETOJA
1007640020,235 WEST 14 STREET,40.7394605,-74.0010465,9950.0,C5,1.0,COLUMN ASSOCIATES LLC
1007640074,94 8 AVENUE,40.7400945,-74.0019234,2226.0,S2,1.0,DBMJ 94 8TH AVE LLC
1007640055,230 WEST 15 STREET,40.73968,-74.0007578,4596.0,B1,1.0,230 TOWNHOUSE LLC
1007640007,253 WEST 14 STREET,40.7397459,-74.0017899,39628.0,D9,1.0,255 WEST 14TH STREET LLC
1007650008,255 WEST 15 STREET,40.740358,-74.0012305,9700.0,C4,1.0,"DERBY CURTAIN 153, LLC"
1007640061,240 WEST 15 STREET,40.7397953,-74.001097,23112.0,C7,1.0,240 WEST 15TH STREET LLC
1007640021,233 WEST 14 STREET,40.7394248,-74.0009599,8455.0,C5,1.0,WEST 233RD REALTY LLC
1007640056,232 WEST 15 STREET,40.7397267,-74.0008228,4480.0,C0,1.0,232 W 15 LLC
1007640057,236 WEST 15 STREET,40.7397349,-74.0009527,17154.0,C7,1.0,"DERBY HOLIDAY 136, LLC"
1007640070,260 WEST 15 STREET,40.7401027,-74.0017213,6300.0,C1,1.0,260 WEST 15 ESTATES LTD
1007650065,242 WEST 16 STREET,40.740498,-74.0007795,21643.0,C7,2.0,WEST 16TH REALTY
1007650005,259 WEST 15 STREET,40.7404101,-74.0013532,20550.0,C1,1.0,257-259 WEST 15TH STREET LLC
1007640022,231 WEST 14 STREET,40.7393919,-74.0008805,8125.0,M1,1.0,ROMAN CATH CHRCH OURLDY
1007640001,80 8 AVENUE,40.7398584,-74.0020533,185198.0,O4,1.0,THE BET ELI COMPANY DELAWARE LLC
1007650013,243 WEST 15 STREET,40.7401961,-74.000848,9920.0,C4,1.0,"NORONOMO, L.L.C"
1007640014,243 WEST 14 STREET,40.739551,-74.0013244,11730.0,S5,1.0,243 WEST 14 STREET
1007640018,239 WEST 14 STREET,40.7394797,-74.0011584,9020.0,C7,1.0,"SPANISH BENEVOLENT SOCIETY, INC., CENTRO  ESPANOL"
1007640024,225 WEST 14 STREET,40.7392546,-74.0007217,17424.0,D7,1.0,"14-15 ST. ASSOCIATES, L.P."
1007640069,258 WEST 15 STREET,40.7400396,-74.0016744,11730.0,C7,1.0,ROSAR REALTY CORP C/O
1007640071,100 8 AVENUE,40.7402235,-74.0018115,3917.0,S9,2.0,100 AND 8TH LLC
1007640073,96 8 AVENUE,40.7401412,-74.0018873,3141.0,S2,1.0,"DAYANTA HOLDINGS, LLC"
1007650009,253 WEST 15 STREET,40.7403251,-74.0011512,9980.0,C4,1.0,"DERBY CURTAIN 153, LLC"
1007930067,154 WEST 18 STREET,40.7405364,-73.9973188,64416.0,D0,1.0,HELLMUTH OWNERS CORP
1007930058,134 WEST 18 STREET,40.7402784,-73.9965718,5290.0,K4,1.0,"LUCILLE LORTEL THEATRE FOUNDATION, INC."
1007930001,119 7 AVENUE,40.7405282,-73.9978384,53123.0,D7,1.0,"119-125 SEVENTH AVENUE REALTY, LLC"
1007900028,103 WEST 14 STREET,40.7378904,-73.9971926,55233.0,D7,1.0,"C S 108 WEST 15 STREET, LP"
1007900037,541 AVENUE OF THE AMERICAS,40.7379069,-73.9968498,14400.0,K4,1.0,GOLDEN ARCH REALTY CORP
1007900039,545 AVENUE OF THE AMERICAS,40.7379783,-73.9967956,5720.0,K4,1.0,545 AVENUE OF THE AM
1007900040,547 AVENUE OF THE AMERICAS,40.7380661,-73.9967992,22998.0,D0,1.0,10015 OWNRS CORP
1007410062,354 WEST 18 STREET,40.7429874,-74.0030025,8825.0,C1,1.0,352-354 W. 18 REALTY LLC
1007150010,117 NINTH AVENUE,40.7435363,-74.0047275,253070.0,D1,4.0,NYC HOUSING AUTHORITY
1007150059,442 WEST 18 STREET,40.7440496,-74.0055323,35720.0,G9,2.0,RETACO HOLDING CORP
1007150063,126 10TH AVENUE,40.7444173,-74.0062,4150.0,K2,1.0,10TH AVENUE KOSTAS LLC
1007150007,447 WEST 17 STREET,40.7439205,-74.0059329,8900.0,K1,1.0,"NEO-NEO, INC."
1007140016,431 WEST 16 STREET,40.7430697,-74.0057235,15200.0,K2,1.0,MCPJF W. 16TH LLC
1007150005,453 WEST 17TH STREET,40.7440056,-74.0061314,17720.0,O5,1.0,453 W 17TH STREET LLC
1007120051,436 WEST 15 STREET,40.7421227,-74.0066184,4804.0,K2,1.0,413 WEST 14 ASSOCS
1007150060,456 WEST 18 STREET,40.7442527,-74.0059835,7483.0,K1,1.0,18TH STREET KOSTAS LLC
1007140031,430 WEST 17 STREET,40.7429517,-74.0050306,298470.0,D1,4.0,NYC HOUSING AUTHORITY
1007140063,458 WEST 17 STREET,40.7438382,-74.0065717,10710.0,C7,1.0,"CLINTON HOUSING 10THPARTNERS,L.P."
1007150001,457 WEST 17 STREET,40.7440193,-74.0064382,9719.0,C7,1.0,HIGHLINE PROPERTIES LLC
1007150003,118 TENTH AVENUE,40.7441977,-74.0063119,0.0,V1,0.0,"HARLOW ON 10TH, LLC"
1007380067,350 WEST 15 STREET,40.7410606,-74.0040092,3100.0,C3,1.0,NICOLAS ALBERT
1007120046,422 WEST 15 STREET,40.7420266,-74.0063874,111300.0,O3,1.0,BRK GARAGE CO
1007380066,348 WEST 15 STREET,40.7410331,-74.0039515,4257.0,C2,1.0,AISELI LLC
1007120006,70 10 AVENUE,40.7423587,-74.0076866,17342.0,K1,1.0,"461 WEST 14TH STREET PROPERTY INVESTORS  III, LLC"
1007140014,437 WEST 16 STREET,40.743152,-74.005922,27456.0,O2,1.0,"SALMIR REALTY, LLC"
1007120040,408 WEST 15 STREET,40.7417769,-74.0057956,20000.0,K4,1.0,408 WEST 15TH STREET OWNER LLC
1007120029,47 9 AVENUE,40.741335,-74.0055502,58595.0,O5,1.0,401 W. 14TH FEE LLC
1007120001,444 WEST 15 STREET,40.7422407,-74.0072608,281361.0,O6,1.0,BLACK LARK ENTERPRISES LLC
1007130001,75 9 AVENUE,40.7425509,-74.0060555,1100533.0,O6,1.0,MANHATTAN CHELSEA MARKET LLC
1007380015,335 WEST 14 STREET,40.7407367,-74.0040525,28321.0,D1,1.0,335-7
1007120036,61 9 AVENUE,40.741604,-74.0053553,154664.0,O6,1.0,G.D.C.L. HOLDINGS LLC
1007120038,404 WEST 15 STREET,40.7417302,-74.0056224,122962.0,O6,1.0,G.D.C.L. HOLDINGS LLC
1007120042,412 WEST 15 STREET,40.7418757,-74.0060338,116624.0,O6,1.0,LM LEGACY GROUP LLC
1007380079,58 9 AVENUE,40.7412719,-74.0047238,7719.0,S3,2.0,NINTHVIEW LP
1007410005,357 WEST 17 STREET,40.7428282,-74.0033345,11418.0,A4,1.0,357 WEST 17TH ST. LLC
1007400018,331 WEST 16 STREET,40.7418072,-74.0027318,8060.0,C4,1.0,WILLIAM GOTTLIEB
1007410008,351 WEST 17 STREET,40.7427294,-74.0030963,6216.0,C3,1.0,351 W 17 LLC
1007400001,363 WEST 16 STREET,40.7424385,-74.0038758,110286.0,H2,1.0,MARKET CORNER REALTYASSOCIATES
1007400054,344 WEST 17 STREET,40.7422354,-74.0030349,10800.0,C1,1.0,CHELSEA VENTURA LLC
1007410067,112 9 AVENUE,40.7430945,-74.0033995,57706.0,D7,1.0,SP 364 W 18 LLC
1007400011,345 WEST 16 STREET,40.7420377,-74.0032803,8590.0,C4,1.0,345 WEST 16TH STREET
1007410063,356 WEST 18 STREET,40.7430396,-74.0031252,24706.0,I5,1.0,"COMMUNITY HEALTH PROJECT, INC."
1007400052,338 WEST 17 STREET,40.7421695,-74.0028798,8525.0,C4,1.0,338 W 17 ST. HOLDINGS LLC
1007400051,336 WEST 17 STREET,40.7421366,-74.0028004,8525.0,C4,1.0,336 W 17 LLC
1007400006,357 WEST 16 STREET,40.7422052,-74.0036773,5700.0,K2,1.0,A1001 LIMITED
1007410060,350 WEST 18 STREET,40.7429216,-74.0028437,9864.0,C1,1.0,350W18 STONE LLC
1007380020,327 WEST 14 STREET,40.7405967,-74.0037169,9000.0,C5,1.0,327 WEST 14TH STREET LLC
1007380027,313 WEST 14 STREET,40.7403607,-74.0031648,7349.0,C1,1.0,K&KB102 LLC
1007380052,320 WEST 15 STREET,40.7406544,-74.0030493,6000.0,C3,1.0,320 W 15 LLC
1007380056,328 WEST 15 STREET,40.7407889,-74.0033669,5224.0,C6,1.0,C & T 328 REALTY LLC
1007380024,319 WEST 14 STREET,40.7404376,-74.0034174,9034.0,C6,1.0,"PARKIN, ROBERT P"
1007380013,343 WEST 14 STREET,40.7408026,-74.0042871,8867.0,C5,1.0,"BERGEL 14TH STREET, LLC"
1007380064,344 WEST 15 STREET,40.7409837,-74.0038288,3166.0,C5,1.0,"344 W 15 HOLDINGS, LLC"
1007380018,331 WEST 14 STREET,40.7406599,-74.0038757,13550.0,D4,1.0,331 W 14TH ST CORP
1007380062,340 WEST 15 STREET,40.7409343,-74.0037133,2850.0,C1,1.0,LUIS SKIBAR BEATRIZ RODRIGUEZ LLC
1007380072,358 WEST 15 STREET,40.7411457,-74.0042907,22318.0,C1,1.0,"WEST 15 STREET ASSOCIATES, LLC"
1007380023,321 WEST 14 STREET,40.7404677,-74.0034968,8144.0,C6,1.0,319-321 WEST 14 OWNERS CORP.
1007380051,318 WEST 15 STREET,40.7406215,-74.0029699,6500.0,C6,1.0,318 WEST 15 ST APT CORP.
1007380048,312 WEST 15 STREET,40.7405501,-74.0028725,28078.0,C1,1.0,312 WEST 15TH STREET LLC
1007380022,323 WEST 14 STREET,40.7405281,-74.0035617,10230.0,C5,1.0,323 WEST 14TH STREET LLC
1007380025,317 WEST 14 STREET,40.7404238,-74.0033272,8355.0,H3,1.0,317 WEST 14 REALTY LLC
1007380021,325 WEST 14 STREET,40.7405638,-74.0036375,9870.0,K4,1.0,325 WEST 14TH ST INC
1007380026,315 WEST 14 STREET,40.7403936,-74.0032442,10050.0,D3,1.0,PR 14 LLC
1007380019,329 WEST 14 STREET,40.7406269,-74.0037963,7812.0,D1,1.0,CIRCULAR
1007380054,324 WEST 15TH STREET,40.7407065,-74.0032261,19777.0,W8,4.0,324 WEST 15TH STREET LLC
1007380065,346 WEST 15 STREET,40.7410084,-74.0038901,3610.0,B1,1.0,"MCCANN, AS TRUSTEE, AIDAN FRANCIS"
1007410033,149 8 AVENUE,40.742057,-74.0012522,1992.0,K1,1.0,149 EIGHTH AVE. LLC
1007410040,308 WEST 18 STREET,40.742293,-74.0013641,5760.0,C2,1.0,308 EIGHTH NINTH LLC
1007410039,306 WEST 18 STREET,40.7422793,-74.0012703,11431.0,C5,1.0,306 W. 18 REALTY LLC
1007410034,151 8 AVENUE,40.7421146,-74.0011873,14375.0,C4,1.0,151EIGHTH STONE LP
1007410036,155 8 AVENUE,40.7421805,-74.0011115,4555.0,K2,1.0,FATHER REALTY CORP.
1007410041,310 WEST 18 STREET,40.742326,-74.0014255,7700.0,C6,1.0,310 WEST 18TH STREET OWNERS CORPORATION
1007410138,304 WEST 18 STREET,40.7422985,-74.001162,3363.0,A4,1.0,"FRIEDMAN, ALISON"
1007400013,335 WEST 16 STREET,40.7419225,-74.0030061,48800.0,W6,1.0,335 WEST 16TH ST. LLC
1007400043,320 WEST 17 STREET,40.7418347,-74.0021833,11680.0,C6,1.0,CHELSEA ROW INC
1007400045,324 WEST 17 STREET,40.7418978,-74.0023529,10800.0,C6,1.0,17 W 24TH ST NOMINEE  CORP
1007400019,323 WEST 16 STREET,40.7417002,-74.0026019,23650.0,D0,1.0,WEST 16 STREET TENANTS CORP
1007400012,343 WEST 16 STREET,40.7420048,-74.0032009,8250.0,C1,1.0,CHELSEA VENTURA LLC
1007390001,111 8 AVENUE,40.7413598,-74.0032081,2161994.0,O6,1.0,ONE CITY BLOCK LLC
1007410028,313 WEST 17 STREET,40.7420982,-74.0015915,8945.0,C1,1.0,313 W 17 LLC
1007400050,334 WEST 17 STREET,40.7421009,-74.002721,8525.0,C6,1.0,328 W17TH ST OWNERS INCCO THE ARGO CORP
1007410001,108 9 AVENUE,40.742831,-74.0035943,12197.0,C7,1.0,108-110 9TH PARTNERS LLC
1007400037,139 8 AVENUE,40.7416755,-74.0015301,32930.0,D4,1.0,300 W 17TH ST HOUSING DEV CORP
1007400049,332 WEST 17 STREET,40.742068,-74.0026416,8525.0,C6,1.0,328 W17TH ST OWNERS INCCO THE ARGO CORP
1007400047,328 WEST 17 STREET,40.7419609,-74.0025189,12475.0,C6,2.0,328 W17TH ST OWNERS INCCO THE ARGO CORP
1007400048,330 WEST 17 STREET,40.7420378,-74.0025658,8525.0,C6,1.0,328 W17TH ST OWNERS INCCO THE ARGO CORP
1007400044,322 WEST 17 STREET,40.7418676,-74.0022735,10800.0,C6,1.0,322-6 WEST 17TH ST HDFC
1007380068,352 WEST 15 STREET,40.7410798,-74.0041319,22318.0,C1,1.0,"WEST 15 STREET ASSOCIATES, LLC"
1007400046,326 WEST 17 STREET,40.741928,-74.0024359,10800.0,C6,1.0,322-6 WEST 17TH ST HDFC
1007400053,340 WEST 17 STREET,40.7422024,-74.0029592,9000.0,C4,1.0,CHELSEA VENTURA LLC
1007400017,333 WEST 16 STREET,40.7418401,-74.0028076,9200.0,C2,1.0,PAKALANA MANAGEMENT LLC
1007410002,110 9 AVENUE,40.7428996,-74.0035438,10420.0,C7,1.0,108-110 9TH PARTNERS LLC
1007410006,353 WEST 17 STREET,40.7427761,-74.0032118,20680.0,W4,1.0,THE LORGE SCHOOL
1007380028,309 WEST 14 STREET,40.7402866,-74.0030673,15565.0,H3,1.0,309309 CORPORATION
1007380033,81 8 AVENUE,40.7401219,-74.0027678,22274.0,K2,1.0,"CENTRAL RUG & CARPETMART,"
1007430006,365 WEST 19 STREET,40.7440195,-74.0025298,5524.0,C6,1.0,365 WEST 19TH STREET OWNERS CORP
1007440043,209 8 AVENUE,40.7440113,-73.9998304,25924.0,D7,1.0,300 WEST 21ST STREET OWNER LLC
1007410010,330 WEST 18 STREET,40.7425099,-74.0022194,157160.0,W1,1.0,NYC DEPARTMENT OF EDUCATION
1007430008,361 WEST 19 STREET,40.7439618,-74.002389,4576.0,C0,1.0,SAMUEL J ELLIS
1007440046,308 WEST 21 STREET,40.7441128,-74.0002274,8125.0,C4,2.0,"PROLIFIA, LLC"
1007440018,337 WEST 20 STREET,40.7443159,-74.0014147,6900.0,C6,2.0,337 WEST 20TH STREET CORP
1007440031,311 WEST 20 STREET,40.7439207,-74.0004728,6375.0,C6,2.0,311 W 20TH ST HSNG CORP
1007440044,304 WEST 21 STREET,40.744047,-74.0000686,8720.0,C4,1.0,AVANTI REALTY CORP
1007440041,207 8 AVENUE,40.7439125,-73.9999026,10800.0,C4,1.0,"BCC 205-207 EIGHTH AVE, LLC"
1007440030,313 WEST 20 STREET,40.7439536,-74.0005558,9200.0,B9,1.0,"CARTERON-KELBAN, MICHELLE"
1007430080,160 9 AVENUE,40.7443379,-74.0024648,21304.0,C6,4.0,NINTH AVENUE APARTMENT CORP
1007440034,305 WEST 20 STREET,40.7438191,-74.0002346,5600.0,C1,2.0,SERENE COURTYARD LLC
1007440045,306 WEST 21 STREET,40.7440799,-74.000148,9125.0,C4,1.0,AVANTI REALTY CORP
1007430005,367 WEST 19 STREET,40.7440469,-74.002602,6012.0,A4,1.0,"TAN, DUN"
1007440048,312 WEST 21 STREET,40.7441814,-74.0003861,8930.0,C1,1.0,312 W 21 STREET LLC
1007430011,355 WEST 19 STREET,40.7438932,-74.0022266,3264.0,C0,1.0,"MARSHALL, JAMES  B"
1007440021,331 WEST 20 STREET,40.7442171,-74.0011801,4854.0,B9,2.0,331 WEST 20 STREET LLC
1007450032,303 WEST 21 STREET,40.7442446,-73.9996608,12990.0,C7,1.0,GALILEO ASSOCS. LLC
1007430013,351 WEST 19 STREET,40.7438054,-74.0021184,4800.0,A9,1.0,"SABIN, ELLEN"
1007440032,307 WEST 20 STREET,40.7438713,-74.0003537,6100.0,C6,4.0,307-9 OWNERS CORP
1007430007,363 WEST 19 STREET,40.7439893,-74.0024612,3960.0,C1,1.0,GFM REALTY CORP
1007430009,359 WEST 19 STREET,40.7439262,-74.002306,7335.0,C1,1.0,357 WEST 19TH CO. LLC
1007430014,349 WEST 19 STREET,40.7437752,-74.0020498,3168.0,C0,1.0,GERCON BUYER LLC
1007430070,336 WEST 20 STREET,40.7439371,-74.0017286,18451.0,M3,2.0,ST PETERS EPISCOPAL CHURCH
1007450044,310 WEST 22 STREET,40.7447084,-73.9997402,4540.0,C5,1.0,"GW 310 WEST 22ND STREET, LLC"
1007450018,331 WEST 21 STREET,40.7448457,-74.0008192,10500.0,C6,1.0,331-5 W 21 STREET COR
1007450017,333 WEST 21 STREET,40.7448786,-74.0008986,10250.0,C6,1.0,331-5 WEST 21ST STREET CORP
1007450019,329 WEST 21 STREET,40.7448127,-74.0007398,7400.0,C6,2.0,329 W 21ST CORPORATION
1007440024,315 WEST 20 STREET,40.7441869,-74.000747,89802.0,W1,1.0,NYC DEPARTMENT OF EDUCATION
1007450022,323 WEST 21 STREET,40.7447139,-74.0005089,8531.0,C0,1.0,"PRYOR LIEBOWITZ ASSOCIATES, LLC"
1007450031,303 WEST 21 STREET,40.7444147,-73.9997943,9575.0,C4,1.0,GALILEO ASSOCS. LLC
1007450028,311 WEST 21 STREET,40.7445163,-74.0000361,9690.0,C4,1.0,311 W 21 LLC
1007430017,343 WEST 19 STREET,40.7436874,-74.0018405,4224.0,B3,1.0,WOLFETDEN LLC
1007450029,309 WEST 21 STREET,40.7444834,-73.9999567,9250.0,C4,1.0,309 WEST 21ST STREET ASSOCIATES LLC
1007450030,305 WEST 21 STREET,40.7444477,-73.9998737,8332.0,O8,2.0,WEST 21ST STREET HOLDING
1007450045,312 WEST 22 STREET,40.7447359,-73.9998051,3400.0,C0,1.0,FOX  CAROL R
1007450042,306 WEST 22 STREET,40.7446563,-73.9996139,4996.0,C1,1.0,"KHS REALTY, INC."
1007450040,231 8 AVENUE,40.7446206,-73.9993829,30948.0,H2,1.0,300 WEST 22 REALTY LLC
1007450020,327 WEST 21 STREET,40.7447771,-74.0006604,9690.0,C4,1.0,327 WEST 21 LLC
1007450021,325 WEST 21 STREET,40.7447469,-74.0005882,9645.0,C6,1.0,UNAVAILABLE OWNER
1007450025,317 WEST 21 STREET,40.7446151,-74.0002743,13050.0,C4,1.0,"317-321 WEST 21ST STREET ASSOCIATES, LLC"
1007450024,319 WEST 21 STREET,40.7446481,-74.0003537,13050.0,C4,1.0,"317-321 WEST 21ST STREET ASSOCIATES, LLC"
1007450043,308 WEST 22 STREET,40.744681,-73.9996752,4460.0,C1,1.0,308 WEST 22ND ST. LLC
1007450016,335 WEST 21 STREET,40.7449143,-74.0009816,10250.0,C6,1.0,331-5 W 21 STREET COR
1007450023,321 WEST 21 STREET,40.744681,-74.0004295,13050.0,C4,1.0,"317-321 WEST 21ST STREET ASSOCIATES, LLC"
1007720033,221 WEST 22 STREET,40.7439014,-73.9967448,5376.0,C1,1.0,221 WEST 22 LLC
1006940033,207 10 AVENUE,40.7473653,-74.0048216,665.0,K1,1.0,HIGHLINE 22 OWNER LLC
1006960040,508 WEST 25 STREET,40.7490094,-74.0039087,4000.0,K1,1.0,510 WEST 25TH LLC
1006970042,508 WEST 26 STREET,40.7497532,-74.0037499,146416.0,O6,1.0,WEST CHELSEA BUILDING LLC
1006950015,527 WEST 23 STREET,40.7486113,-74.0052765,300000.0,D6,1.0,"23RD CHELSEA ASSOCIATES,"
1006920053,540 WEST 21 STREET,40.7470989,-74.0073335,205247.0,D7,1.0,550W21 OWNER LLC
1006940031,203 10 AVENUE,40.7472335,-74.0048541,8520.0,C7,1.0,HIGHLINE 22 OWNER LLC
1006920047,522 WEST 21 STREET,40.7467531,-74.0065034,9200.0,K1,1.0,GARFIELD LESLIE J
1006940047,524 WEST 23 STREET,40.747991,-74.0056121,141934.0,E7,1.0,"SM I MMS, L.L.C."
1006950037,229 10 AVENUE,40.7482079,-74.0042046,4932.0,K2,1.0,229 TENTH AVENUE LLC
1006920051,530 WEST 21 STREET,40.7468546,-74.0067416,8554.0,K4,1.0,"VENTUNO, LLC"
1006930064,154 11 AVENUE,40.7478976,-74.0073228,29600.0,W3,1.0,WEST CHELSEA PARTNERS LLC
1006920052,534 WEST 21 STREET,40.7469205,-74.0069004,6854.0,K2,1.0,"534 WEST 21ST STREET, LLC"
1006940014,533 WEST 22 STREET,40.7478922,-74.0061354,41284.0,K4,1.0,DIA CENTER FOR THE ARTS INC
1006930018,521 WEST 21 STREET,40.7471923,-74.006175,34600.0,K2,2.0,CHELSEA OPERATING INC.
1006930028,507 WEST 21 STREET,40.746948,-74.0054351,0.0,G6,0.0,"510 WEST 22ND STREET OWNER, LLC"
1006950028,511 WEST 23 STREET,40.748293,-74.0044428,8573.0,K1,1.0,504 OWNERS LLC
1006960042,510 WEST 25 STREET,40.7490643,-74.004035,3950.0,K1,1.0,510 WEST 25TH LLC
1006620016,111B 11 AVENUE,40.7466513,-74.0101051,216239.0,T2,1.0,HUDSON RIVER PARK TRUST
1006620062,62 PIER 62,40.7488032,-74.0101921,2000.0,T2,1.0,HUDSON RIVER PARK TRUST
1006960028,507 WEST 24 STREET,40.7487678,-74.0040783,7900.0,K1,1.0,"507 W. 24 RETAIL, LLC"
1006950031,505 WEST 23 STREET,40.7480322,-74.004385,9600.0,S3,1.0,505-507 WEST 23RD OWNERS CORP
1006920028,509 WEST 20 STREET,40.7463414,-74.0058718,9200.0,E9,1.0,NEW YORK CENTRAL LINES
1006930014,531 WEST 21 STREET,40.7472718,-74.0065901,91591.0,E7,1.0,"SM I MMS, L.L.C."
1006930036,195 10 AVENUE,40.7469343,-74.0051284,8830.0,C7,1.0,195 10TH AVE LLC
1006930059,548 WEST 22 STREET,40.7477631,-74.0070051,38100.0,K4,1.0,"FORTINET, INC."
1006940017,527 WEST 22 STREET,40.7477934,-74.0059008,33535.0,D5,1.0,FLEMISTER HOUSING DEVELOPMENT FUND CORPO RATION
1006940058,536 WEST 23 STREET,40.7481886,-74.0060813,42640.0,E7,1.0,U-HAUL INTNL INC
1006930046,522 WEST 22 STREET,40.7472993,-74.0059007,4937.0,K1,1.0,AUTUMN RHYTHM INC
1006960020,513 WEST 24 STREET,40.7489764,-74.0045727,27066.0,K4,1.0,513 WEST 24TH ASSOCIATES
1006940039,500 WEST 23 STREET,40.7475409,-74.0046881,109795.0,D8,1.0,500 WEST 23RD STREET GROUND OWNER LLC
1006940009,545 WEST 22 STREET,40.7480596,-74.0065324,7500.0,K1,1.0,DIA CENTER FOR THE ARTS INC
1006940012,541 WEST 22 STREET,40.7479773,-74.0063339,4937.0,K1,1.0,"DIA CENTER FOR THE ARTS, INC."
1006940007,551 WEST 22 STREET,40.7481172,-74.0067489,8276.0,S2,1.0,LUCEIN DEL LLC
1006930010,541 WEST 21 STREET,40.7474036,-74.0069041,55141.0,O6,1.0,541 W 21 CAPITAL LLC
1006950035,225 10 AVENUE,40.7480679,-74.0042262,3500.0,S3,1.0,"LARU PROPERTIES, LLC"
1006920019,525 WEST 20 STREET,40.7464951,-74.0065828,94622.0,E1,1.0,EKA 521 WEST 20TH STREET LLC
1006930048,526 WEST 22 STREET,40.7473487,-74.0060162,4938.0,K2,1.0,AUTUMN RHYTHM INC
1006920023,513 WEST 20 STREET,40.7463633,-74.0062724,83240.0,O6,1.0,EKA 513 WEST 20TH STREET LLC
1006620019,111C 11 AVENUE,40.7478754,-74.0101161,222813.0,T2,1.0,HUDSON RIVER PARK TRUST
1006910001,112 11 AVENUE,40.7464182,-74.0075283,95837.0,Y3,1.0,CHELSEA BEACON HOUSING DEVELOPMENT FUND  CORP
1006910015,527 WEST 19 STREET,40.7460092,-74.0072504,13800.0,K2,2.0,DAZW LLC
1006900054,96 11 AVENUE,40.7458994,-74.0079,1500.0,O3,1.0,"HTRF VENTURES, LLC"
1006910039,508 WEST 20 STREET,40.7459242,-74.0063662,4189.0,K1,1.0,SHERWOOD 20 ASSOCIATES LLC
1006910041,512 WEST 20 STREET,40.7459763,-74.0064853,6060.0,M1,1.0,NEW YORK CONGREGATIOETA
1006910019,521 WEST 19 STREET,40.7458912,-74.0069761,7638.0,K2,1.0,LAN CHEN CORP
1006910037,504 WEST 20 STREET,40.7458638,-74.0062182,0.0,G6,0.0,"161 TENTH AVENUE PROPERTIES, LLC"
1006910022,517 WEST 19 STREET,40.7458089,-74.0067776,4500.0,K1,1.0,"517 W. 19TH STREET, LLC"
1006900012,555 WEST 18 STREET,40.74557,-74.0076978,195000.0,O3,1.0,"HTRF VENTURES, LLC"
1006910035,165 10 AVENUE,40.7458172,-74.0059295,0.0,G6,0.0,"161 TENTH AVENUE PROPERTIES, LLC"
1006870029,85 10 AVENUE,40.7433852,-74.0079827,553472.0,O6,1.0,"85 TENTH AVENUE ASSOCIATES, L.L.C."
1006970008,547 WEST 25 STREET,40.7500194,-74.0051358,5891.0,K1,1.0,547 WEST 25 STREET LLC
1006700070,231 11 AVENUE,40.7509333,-74.0064497,217350.0,E7,1.0,BULGROUP COLORADO LLC
1006960054,534 WEST 25 STREET,40.7494842,-74.0050347,47330.0,K2,1.0,WENAT REALTY ASSOC
1006960001,202 11 AVENUE,40.7495308,-74.0058937,26000.0,K2,1.0,136 WOOSTER CORP.
1006960065,210 11 AVENUE,40.7498465,-74.0059046,108081.0,O3,1.0,"ONBAR,"
1006960010,537 WEST 24 STREET,40.749336,-74.0054281,7943.0,K1,1.0,SAMKAT REALTY LLC
1006970056,536 WEST 26 STREET,40.7502692,-74.0049734,144079.0,O6,1.0,"JMCR W 26TH NY, LLC"
1006960053,532 WEST 25 STREET,40.7493991,-74.0048362,7404.0,K4,1.0,"BABASHAK, AS TRUSTEE, KARA"
1006960013,533 WEST 24 STREET,40.7492481,-74.0052188,32424.0,O5,1.0,"GTM ASSOCIATES, LLC"
1006690017,181 11 AVENUE,40.7494456,-74.0072868,0.0,Q1,1.0,NYS DEPARTMENT OF TRANSPORTATION
1006970001,220 11 AVENUE,40.7503515,-74.0055473,172050.0,O6,1.0,220 ELEVENTH LLC
1006300140,258 WEST 10 STREET,40.7335206,-74.0069062,2026.0,A9,1.0,KOVEN CORY L
1006360022,650 WASHINGTON STREET,40.7330237,-74.0089412,165436.0,D4,1.0,"KRAUSE, LAURENCE"
1006300051,135 CHRISTOPHER STREET,40.7331665,-74.0069603,8240.0,C7,1.0,CHRISTOPHER REALTY
1006360038,181 CHRISTOPHER STREET,40.7327245,-74.0095618,3726.0,B9,1.0,"181 CHRISTOPHER STREET, LLC"
1006360045,400 WEST STREET,40.7335424,-74.0098109,7705.0,A9,1.0,NAUTILUS NY LLC
1006310033,703 GREENWICH STREET,40.7339323,-74.0069676,0.0,G7,0.0,703 GREENWICH STREET LLC
1006360044,399 WEST STREET,40.7334792,-74.0098325,5498.0,A4,1.0,WALTER CHIN RESIDENCE TRUST
1006360008,177 CHRISTOPHER STREET,40.7328617,-74.0095546,18942.0,K9,3.0,177 CHRISTOPHER STREET LLC
1006300024,684 GREENWICH STREET,40.7329661,-74.0077794,4875.0,C4,2.0,684 GREENWICH ST NYC LLC
1006300034,687 GREENWICH STREET,40.7332791,-74.0072634,2844.0,A9,1.0,"WAZLAWEK, ABBIE"
1006300035,687 GREENWICH STREET,40.7332736,-74.0071804,2408.0,A9,1.0,"WONG, ROBERT"
1006300037,7 GREENWICH MEWS,40.7332599,-74.0070289,2800.0,A9,1.0,CASA GREENWICH MEWS LLC
1006300043,511 HUDSON STREET,40.7333532,-74.0067041,40320.0,C6,2.0,HUDSON MEWS APT CORP
1006300135,6 GREENWICH MEWS,40.7332653,-74.0071046,2588.0,A9,1.0,SIX MEWS LLC
1006360043,398 WEST STREET,40.7334161,-74.0098506,3757.0,S3,1.0,"398 WEST STREET, LLC"
1006300031,681A GREENWICH STREET,40.7330705,-74.0071155,0.0,Z9,0.0,PORT AUTHORITY OF NY AND NJ
1006340006,138 BANK STREET,40.7360704,-74.0081839,0.0,G7,1.0,"731 WASHINGTON STREET, LLC"
1006340016,110 BANK STREET,40.7361363,-74.0073142,42258.0,D1,1.0,"BANK STREET ASSOCIATES,LLC"
1006340023,760 GREENWICH STREET,40.7361913,-74.0069498,45426.0,D4,1.0,100 BANK ST OWNERS CORP
1006340063,575 HUDSON STREET,40.7361419,-74.0062029,9504.0,C7,2.0,L & F HOLDING CORP
1006370055,370 WEST 11 STREET,40.7351344,-74.0094791,4009.0,A4,1.0,370 W 11TH LLC
1006380001,427 WEST STREET,40.7355433,-74.0094792,69755.0,D4,1.0,RIVERBANK SOUTH OWNERS CORP
1006360033,171 CHRISTOPHER STREET,40.7328288,-74.0091829,2046.0,O1,1.0,WILLIAM GOTTLIEB
1006340008,134 BANK STREET,40.7360869,-74.0080467,1728.0,A4,1.0,SEAN CAVANAUGH AS TRUSTEE
1006360046,401 WEST STREET,40.7336302,-74.0098073,12296.0,D1,1.0,"401 WEST PROPERTY OWNER, LLC"
1006360037,179 CHRISTOPHER STREET,40.7327107,-74.0094752,2970.0,C0,1.0,JOHN BENIS
1006360014,300 WEST 10 STREET,40.7330593,-74.0094536,7330.0,C4,1.0,CHAD 300 WEST 10TH STREET LLC
1006360034,173 CHRISTOPHER STREET,40.7328096,-74.009302,9343.0,O5,1.0,173 CHRISTOPHER STREET LLC
1006320059,117A CHARLES STREET,40.7346597,-74.006661,1000.0,A1,1.0,"117-A CHARLES STREET, LLC"
1006370021,156 PERRY STREET,40.7345305,-74.0090136,0.0,V1,0.0,156 PERRY STREET PARTNERS LLC
1006370054,372 WEST 11 STREET,40.7351783,-74.0095658,3200.0,A4,1.0,372 WEST 11 STREET LLC
1006330051,304 WEST 11 STREET,40.7355929,-74.0062605,3400.0,S9,1.0,567 HUDSON LLC
1006330010,332 WEST 11 STREET,40.7353843,-74.0076858,24840.0,G1,1.0,332 W 11 HOLDING LLC
1006330046,749 GREENWICH STREET,40.7356012,-74.0066791,4400.0,K4,1.0,314 W. 11TH ST. LLC
1006320030,131 CHARLES STREET,40.7344236,-74.0076605,2362.0,C0,2.0,"131 CHARLES REALTY OWNER, LLC"
1006330006,717 WASHINGTON STREET,40.7353403,-74.0081116,25281.0,C6,6.0,WASHINGTON W 11TH ST OWN CP
1006330037,703 WASHINGTON STREET,40.7350658,-74.0081801,27040.0,A4,1.0,GREENWICH HEIGHTS CORPORATION
1006370066,702 WASHINGTON STREET,40.7351207,-74.0086564,59820.0,C6,5.0,WVH HOUSING CORPORATION
1006330012,330 WEST 11 STREET,40.7354062,-74.0075523,4751.0,C3,2.0,"GUASTELLA, TRUSTEE, JOSEPH"
1006320017,726 GREENWICH STREET,40.7346295,-74.0073502,141001.0,D4,1.0,GREENWICH TOWERS OWNERS CORP.
1006370041,161 CHARLES STREET,40.7341682,-74.0093672,4212.0,B1,3.0,STALLER JAN
1006330058,551 HUDSON STREET,40.7352526,-74.006311,15168.0,C7,1.0,"551 HUDSON STREET PROPERTY, LLC"
1006340002,723 WASHINGTON STREET,40.7358591,-74.0080684,8000.0,S2,1.0,BENNETT  EDWARD A
1006330028,131 PERRY STREET,40.7351098,-74.0076172,32000.0,D0,1.0,131 PERRY ST APARTMENT CORP
1006330013,326 WEST 11 STREET,40.7354282,-74.0074188,19260.0,D1,1.0,EMGE-4
1006330053,561 HUDSON STREET,40.7355545,-74.0061811,1580.0,C7,1.0,567 HUDSON LLC
1006370036,151 CHARLES STREET,40.7342121,-74.0090965,13156.0,C6,1.0,CHARLES STREET TENANTS CORP
1006370017,164 PERRY STREET,40.7345031,-74.0091904,3662.0,S1,1.0,"164 PERRY STREET, LLC"
1006370025,154 PERRY STREET,40.73458,-74.0087105,18510.0,C6,1.0,WVH HOUSING CORPORATION
1006320045,731 GREENWICH STREET,40.7348244,-74.0067404,23398.0,C6,10.0,GREENWICH PERRY ST HOUSING CORP
1006320001,685 WASHINGTON STREET,40.7342561,-74.0082666,0.0,V1,0.0,"WASHINGTON 685,"
1006320031,133 CHARLES STREET,40.7343989,-74.0078373,34504.0,D5,2.0,135 CHARLES STREET LLC
1006330052,302 WEST 11 STREET,40.735678,-74.0061848,2996.0,S2,2.0,567 HUDSON LLC
1006340051,759 GREENWICH STREET,40.7359937,-74.0064987,6109.0,A4,1.0,"ALDO RADOCZY LIVING TRUST U/A/D SEPTEMBE R 14, 2017"
1006300030,679 GREENWICH STREET,40.7330293,-74.007267,5952.0,S4,1.0,679 GREENWICH PROPERTY LLC
1006300039,687 GREENWICH STREET,40.7334218,-74.007231,2440.0,A9,1.0,"URBAN, CHRISTINE"
1006300012,272 WEST 10TH STREET,40.7333229,-74.0079418,66813.0,W3,1.0,VILLAGE COMMUNITY SCHOOL
1006300139,687 GREENWICH STREET,40.7334273,-74.0071516,2794.0,A9,1.0,ANNE M. CAPENER AS TRUSTEE
1006300001,649 WASHINGTON STREET,40.7328426,-74.0083819,6965.0,C7,1.0,FRAK REALTY LLC
1007720006,277 WEST 22 STREET,40.7446261,-73.9983832,5590.0,S5,1.0,27577 WEST 22ND LLC
1007720036,217 WEST 22 STREET,40.7438465,-73.9966185,2448.0,B3,1.0,PINK SPARKLE LLC
1007720007,275 WEST 22 STREET,40.7445986,-73.9983183,5394.0,S5,1.0,27577 WEST 22ND LLC
1007720085,246 8 AVENUE,40.7448676,-73.9984482,8071.0,K4,1.0,SOCIETY OF KASTORIANS
1007720002,238 8 AVENUE,40.7446618,-73.998607,3350.0,S4,1.0,J.B.E. CORPORATION
1007720080,266 WEST 23 STREET,40.7449225,-73.9982605,7546.0,S9,1.0,"266 WEST 23RD STREET, LLC"
1007720003,240 8 AVENUE,40.7447084,-73.9985745,4883.0,S5,1.0,JBE CORPORATION
1007720001,236 8 AVENUE,40.7447112,-73.9984049,6364.0,S5,1.0,BACK STREET BUILDINGS LLC
1007720004,242 8 AVENUE,40.7447578,-73.9985384,4189.0,S5,1.0,242 A&A REALTY LLC
1007980010,163 WEST 22 STREET,40.7433881,-73.9954998,6544.0,S3,1.0,"CARTIS, LLC"
1007990021,137 WEST 23 STREET,40.7437778,-73.9941573,159606.0,N9,1.0,ASSOCIATED BLIND ETAL
1007720056,208 WEST 23 STREET,40.7441045,-73.9964706,152342.0,D6,1.0,"J.S.B. PROPERTIES,"
1007990009,163 WEST 23 STREET,40.7441017,-73.9948791,17000.0,O5,1.0,CHELSEA 23RD BUILDING LLC
1007990024,131 WEST 23 STREET,40.7436735,-73.9935727,32347.0,H3,4.0,"127 WEST 23RD OWNER, LLC"
1007980061,132 WEST 23 STREET,40.7431767,-73.9941898,5346.0,S3,1.0,GRENDEL CO
1007980017,147 WEST 22 STREET,40.7431795,-73.9949621,45451.0,D0,1.0,147 WEST 22ND STREET CORP.
1007720030,229 WEST 22 STREET,40.7439975,-73.9969,3600.0,C1,1.0,CHELSEA HOTEL OWNER LLC
1007720035,219 WEST 22 STREET,40.7438685,-73.9966691,2448.0,C6,1.0,219 W 22ND REALTY CORP
1007980011,161 WEST 22 STREET,40.7433689,-73.995424,6959.0,O9,1.0,LONE OAK-OAK BEACH CORP.
1007720039,211 WEST 22 STREET,40.7437505,-73.9964886,2100.0,C0,1.0,CHATEAU 22 LLC
1007990011,159 WEST 23 STREET,40.7440166,-73.9947275,9776.0,K4,1.0,159 WEST 23RD LLC
1008010040,763 AVENUE OF THE AMERICAS,40.7445764,-73.9919125,3720.0,S3,1.0,ALAML CORP.
1007990008,165 WEST 23 STREET,40.7441319,-73.9949584,8459.0,K4,1.0,165 WEST 23 LLC
1007990063,140 WEST 24 STREET,40.7441621,-73.9943125,172767.0,H2,1.0,NY 24TH STREET VI LLC
1007980062,134 WEST 23 STREET,40.7432014,-73.9942476,5346.0,S3,1.0,GRENDEL CO
1007990028,119 WEST 23 STREET,40.7435911,-73.9933345,98800.0,O6,1.0,"KATZ, PAULA"
1007720029,231 WEST 22 STREET,40.7440195,-73.9969505,5653.0,A4,1.0,"JAVA, STEPHANIE THERESA"
1007990010,161 WEST 23 STREET,40.7440496,-73.9948105,7600.0,O9,1.0,NEW MEN ASSOCIATES LLC
1007720052,206 WEST 23 STREET,40.7440469,-73.996254,7141.0,K4,1.0,DYNASTY 23RD ST RLTYINC
1007720045,214 7 AVENUE,40.7438136,-73.9962649,22974.0,D7,2.0,216 REALTY ASSOCIATES
1007720042,205 WEST 22 STREET,40.7436818,-73.9963262,2776.0,C0,1.0,205-207 WEST 22ND COMPANY LLC
1007980001,209 7 AVENUE,40.7434019,-73.9958246,3756.0,S5,1.0,209 7TH AVE LLC
1007980002,211 7 AVENUE,40.743443,-73.9957921,2764.0,S3,1.0,211 SEVENTH AVENUE LLC
1007980003,213 7 AVENUE,40.7434869,-73.9957597,3625.0,S9,1.0,"EAST HOUSTON SEVENTH, LLC"
1007980071,148 WEST 23 STREET,40.7434622,-73.9948719,127000.0,D4,1.0,148 W 23 ST OWNERS INC
1007720047,204 WEST 23 STREET,40.7439783,-73.9960952,49875.0,H3,1.0,202-4 WEST 23 ST CORP
1007980014,151 WEST 22 STREET,40.7432536,-73.9951426,29364.0,N9,2.0,ST.FRANCIS FRI/POOR/INC.
1007720037,215 WEST 22 STREET,40.7438246,-73.9965644,2448.0,B3,1.0,B & B LONG LLC
1007720018,235 WEST 22 STREET,40.7441649,-73.9972934,116586.0,D1,1.0,235 WEST 22ND STREET
1007990067,148 WEST 24 STREET,40.7442444,-73.9945109,55923.0,O6,1.0,148 W24 TENANT CORP
1007990057,130 WEST 24 STREET,40.7439974,-73.9939191,33514.0,D0,1.0,ALLOFUS TENANTS INC
1007990060,136 WEST 24 STREET,40.744077,-73.994114,22169.0,D0,1.0,136 LOFT CORP
1007720041,207 WEST 22 STREET,40.7437038,-73.9963767,2368.0,C0,1.0,"TRISTRAM, EDWARD W."
1007720032,225 WEST 22 STREET,40.7439536,-73.9968062,4864.0,A4,1.0,MARY L ROONEY
1007990012,155 WEST 23 STREET,40.743959,-73.994594,68940.0,O6,1.0,"155 WEST 23RD STREET PROPERTIES, LLC"
1008010034,103 WEST 25 STREET,40.7448399,-73.9918728,227896.0,D6,2.0,S&P 26 DEVELOPMENT ASSOCIATES LLC
1008010041,765 AVENUE OF THE AMERICAS,40.744656,-73.9918728,2730.0,K1,1.0,765-767 AVENUE OF THE AMERICAS CORP
1008010028,117 WEST 25 STREET,40.7447219,-73.9925657,4500.0,K2,1.0,JJHA MORAK AND ASSOCIATES 25 LLC
1008010049,110 WEST 26 STREET,40.7448811,-73.9921904,26027.0,D5,1.0,GG1 LLC
1008010039,761 AVENUE OF THE AMERICAS,40.744527,-73.9919486,3627.0,K4,1.0,VITALE & PALAZZOLO LLC
1008010030,107 WEST 25 STREET,40.7446258,-73.9923348,41042.0,D0,1.0,107 WEST 25TH STREET CORP C/O CORNERSTON E MGMT SYSTEMS INC
1008010036,755 AVENUE OF THE AMERICAS,40.7443788,-73.9920533,4740.0,S9,1.0,PRIME INVESTORS GROUP
1008010029,115 WEST 25 STREET,40.7446917,-73.9924935,5580.0,K4,1.0,JJHA MORAK AND ASSOCIATES 25 LLC
1008000074,164 WEST 25 STREET,40.7449992,-73.9943774,44748.0,O6,1.0,NELCO SEWING MACHINE SA
1007730012,255 WEST 23 STREET,40.7452217,-73.9972031,159090.0,D4,4.0,CHELSEA GARDENS OWNERS CORP.
1007750022,219 WEST 25 STREET,40.7460258,-73.9956548,62586.0,D4,1.0,225 25 HOUSING CORP
1007750044,200 WEST 26 STREET,40.7458474,-73.9948176,264000.0,D8,1.0,200-220 WEST 26 LLC
1007740013,245 WEST 24 STREET,40.7457377,-73.9969252,3340.0,C6,1.0,W G K APARTMENT CORP
1007730079,260 WEST 24 STREET,40.7455071,-73.9975098,3335.0,A4,1.0,ROTHMAN CHERI C
1008010008,159 WEST 25 STREET,40.7452984,-73.993937,86027.0,O6,1.0,159 WEST 25TH STREET
1007750060,236 WEST 26 STREET,40.7464842,-73.995994,86280.0,D0,1.0,"SHTROMBERG, ANNA"
1007740072,260 WEST 25 STREET,40.7459847,-73.9967592,3180.0,C3,1.0,JOSEPH DIMATTIO AND TAMARA DIMATTIO AS T RUSTEES
1007750064,250 WEST 26 STREET,40.7465968,-73.9962647,30928.0,O2,1.0,"HAG REALTY,"
1007740015,241 WEST 24 STREET,40.7456855,-73.9968025,3420.0,C1,1.0,241 WEST 24TH STREETASSOCIATES
1008000078,259 7 AVENUE,40.7451228,-73.994583,3870.0,K9,1.0,VICTOR MANHATTAN LLC
1008010001,275 7 AVENUE,40.7455454,-73.9941608,548680.0,O4,1.0,275 SEVENTH AVENUE BUILDING LLC
1008010011,151 WEST 25 STREET,40.7452106,-73.9937277,70804.0,O6,1.0,"ROYAL EQUITIES OPERATING, LLC"
1007740055,226 WEST 25 STREET,40.7455922,-73.9958534,11055.0,C4,1.0,226-228 W. 25 REALTY LLC
1007740085,290 8 AVENUE,40.7462263,-73.9974016,4686.0,S1,1.0,290 8TH AVE. LLC
1008000071,160 WEST 25 STREET,40.7449334,-73.9942294,55916.0,H3,1.0,CHELSEA GRAND WEST LLC
1007750058,226 WEST 26 STREET,40.7463552,-73.9956873,103873.0,O6,2.0,"226 WEST 26TH STREET,    ."
1007740012,247 WEST 24 STREET,40.7457651,-73.9969902,3820.0,W9,1.0,"CHABAD YOUNG PROFESSIONALS, INC."
1007730056,220 WEST 24 STREET,40.7449883,-73.996272,57207.0,D1,1.0,5537 - 225 WEST 23RD AND 220 WEST 24TH S TREET
1007750009,245 WEST 25 STREET,40.7463443,-73.9964127,39698.0,D1,1.0,245 OWNER LLC
1007740014,243 WEST 24 STREET,40.7457102,-73.9968602,4000.0,M1,1.0,SIVANANDA YOGA VEDANTA CENTER INC
1007730008,271 WEST 23 STREET,40.7453177,-73.9978166,3375.0,K2,1.0,"STANDARD RLTY ASSOC,INC."
1007740008,253 WEST 24 STREET,40.745853,-73.9971814,59250.0,N2,1.0,"253 WEST 24TH STREET, LLC"
1007740056,228 WEST 25 STREET,40.7456251,-73.9959327,12222.0,C4,1.0,226-228 W. 25 REALTY LLC
1007740083,294 8 AVENUE,40.7463717,-73.9973727,6000.0,O5,1.0,294 EIGHTH AVE RLTYCP
1007740081,280 WEST 25 STREET,40.7462894,-73.9972644,2607.0,A4,1.0,"FADLUN, ELISA"
1007740069,254 WEST 25 STREET,40.7459463,-73.9966653,20456.0,D4,1.0,W 25TH ST OWNERS INC
1008010065,142 WEST 26 STREET,40.7453423,-73.9932838,52543.0,D0,1.0,142 W 26TH OWNERS CORP
1007740074,264 WEST 25 STREET,40.7460341,-73.9968747,11660.0,C4,1.0,264-266 W 25 STREET LLC
1008010071,152 WEST 26 STREET,40.7455289,-73.9937277,122236.0,H1,1.0,"FASHION 26TH STREET, LLC"
1007750017,231 WEST 25 STREET,40.7461768,-73.9960121,50029.0,D1,1.0,"CHELSEA 25,"
1007730064,230 WEST 24 STREET,40.7451283,-73.9966112,10350.0,C1,1.0,24TH STREET HOLDING
1008010014,147 WEST 25 STREET,40.7451474,-73.9935798,41579.0,O6,1.0,147 WEST 25TH STREET LLC
1008000079,257 7 AVENUE,40.7450679,-73.9946228,3780.0,K4,1.0,GUISAR REALTY CORP.
1007730066,232 WEST 24 STREET,40.745164,-73.9966906,10350.0,C1,1.0,24TH STREET HOLDING
1007730081,262 WEST 24 STREET,40.7455483,-73.9976037,18762.0,C4,1.0,DUNDALK MNGMNT INCORP
1007740001,280 8 AVENUE,40.7459765,-73.9975423,88052.0,D3,1.0,"RA 280 DEVELOPMENT, LLC"
1007740076,270 WEST 25 STREET,40.7461357,-73.9970731,13400.0,D3,1.0,"270 W. 25TH STREET, LLC"
1007740079,276 WEST 25 STREET,40.7461576,-73.9971995,4666.0,K4,1.0,"CATS 280 EIGHTH AVENUE, LLC"
1007730063,228 WEST 24 STREET,40.7450926,-73.9965246,10350.0,C4,1.0,24TH STREET HOLDING
1007740004,286 8 AVENUE,40.7461082,-73.9974882,7775.0,K4,1.0,CARLAMY REALTY LLC
1007740080,278 WEST 25 STREET,40.7462647,-73.9972031,2052.0,B9,1.0,"DIAZ, JASON C"
1007750001,300 8 AVENUE,40.7465501,-73.9971778,7035.0,K9,1.0,CONCORD MANAGEMENT 211 W 21ST LLC
1007750002,302 8 AVENUE,40.7466133,-73.9971309,5652.0,S5,1.0,302 EIGHTH AVENUE LLC
1007750046,220 WEST 26 STREET,40.7461658,-73.9952326,136477.0,D6,1.0,200-220 WEST 26 LLC
1008000076,168 WEST 25 STREET,40.7450734,-73.9944495,5226.0,S3,1.0,W J YOUNG CORP
1008000077,261 7 AVENUE,40.7451831,-73.9945397,6010.0,C7,1.0,168-170 WEST 25 STREET LLC
1007740084,292 8 AVENUE,40.7463086,-73.9974196,4681.0,S3,1.0,RALRO RLTY CORP
1008010060,132 WEST 26 STREET,40.745194,-73.9929302,18093.0,D7,1.0,132W26 OWNER LLC
1008000033,109 WEST 24 STREET,40.7440001,-73.9927246,42670.0,K4,1.0,"OAC ADELPHI, LLC"
1008000059,134 WEST 25 STREET,40.7446177,-73.9934138,26905.0,O6,1.0,WEST 25TH STREET LLC
1007990030,115 WEST 23 STREET,40.7434017,-73.993266,27122.0,C7,1.0,THE PIANO BUILDING L
1007990041,727 AVENUE OF THE AMERICAS,40.743517,-73.9926958,5752.0,O7,1.0,"727 SIXTH AVE, LLC"
1008010051,114 WEST 26 STREET,40.7449662,-73.9923925,97005.0,O6,1.0,JAL COLIN PROPERTIES
1008000050,113 WEST 24 STREET,40.7440605,-73.9929411,154812.0,H2,1.0,MOCHA 24TH LLC
1008010024,119 WEST 25 STREET,40.7448043,-73.9927606,128947.0,O6,1.0,"AFIAA 125 WEST 25TH STREET, LLC"
1008000025,119 WEST 24 STREET,40.7441922,-73.9932009,130876.0,O3,1.0,"119 WEST 24TH STREET PROPERTIES, LLC"
1007990042,729 AVENUE OF THE AMERICAS,40.7435801,-73.9926489,6444.0,K9,1.0,729 SIXTH AVENUE OWNER LLC
1008000053,120 WEST 25 STREET,40.7444173,-73.9929411,16920.0,C7,2.0,120-22 W 25 STREET LLC
1008010055,122 WEST 26 STREET,40.7450678,-73.9926343,75888.0,O6,1.0,DEZER PROPERTIES 122
1008000055,124 WEST 25 STREET,40.7444447,-73.993071,10160.0,C4,1.0,124-26 W 25 STREET LLC
1008010019,133 WEST 25 STREET,40.7450047,-73.9932369,45449.0,O6,1.0,133 W ORCHARD LLC
1008000056,126 WEST 25 STREET,40.7444777,-73.9931504,10470.0,C7,1.0,124-26 W 25 STREET LLC
1007990046,108 WEST 24 STREET,40.743646,-73.9930855,53696.0,H3,1.0,"HCIN CHELSEA GRAND EAST ASSOCIATES, LLC"
1007990035,101 WEST 23 STREET,40.743377,-73.9929484,94835.0,D4,1.0,101 WEST 23 OWNER I LLC
1007720016,255 WEST 22 STREET,40.7443241,-73.9976723,14922.0,D9,1.0,KATZ 36170 22ND STREET LLC
1007730134,202 WEST 24 STREET,40.7448346,-73.9958678,68879.0,D9,1.0,BREAKING GROUND III HOUSING DEVELOPMENT  FUND CORP
1008000021,133 WEST 24 STREET,40.7443871,-73.9936304,17870.0,C6,1.0,133 WEST 24TH ST. CORP.
1007990006,169 WEST 23 STREET,40.7441017,-73.9951497,2052.0,K4,1.0,HANNAH REALTY CORP
1007720069,244 WEST 23 STREET,40.7445684,-73.9974954,23882.0,D4,1.0,244 246 OWNERS CORP
1007730040,224 7 AVENUE,40.7443598,-73.9958209,7680.0,K4,1.0,224 SEVENTH AVENUE REALTY LLC
1008000068,152 WEST 25 STREET,40.744862,-73.9940562,66115.0,O6,1.0,"JOSEPH, ROSEN F"
1007720005,244 8 AVENUE,40.7447935,-73.9984807,4320.0,S9,1.0,244 A.G. REALTY LLC
1008000015,145 WEST 24 STREET,40.7445354,-73.9940418,9351.0,O5,1.0,145 WEST 24TH STREET CORP
1007720015,259 WEST 22 STREET,40.7443626,-73.9977661,6142.0,A4,1.0,259 W 22ND STREET LLC
1007730024,235 WEST 23 STREET,40.7448703,-73.9967556,49183.0,O6,1.0,ADVANCE REALITY CORP.
1007730041,226 7 AVENUE,40.7444147,-73.9957596,3404.0,S1,1.0,226 SEVENTH LLC
1007730044,232 7 AVENUE,40.7446205,-73.9956333,51584.0,H6,1.0,"KARMELENA REALTY CO., LLC"
1008000023,127 WEST 24 STREET,40.7443075,-73.9934355,35600.0,O6,1.0,THE HORNE BUILDING OWNERS CORP
1007990001,225 7 AVENUE,40.7441566,-73.995276,9100.0,C7,1.0,23RD WEST ASSOCIATES LLC
1007720012,261 WEST 22 STREET,40.744412,-73.9978816,24462.0,C6,1.0,261 WEST 22ND ST TENANT OWNERS CORP
1007990003,229 7 AVENUE,40.7443597,-73.9950126,212134.0,D8,2.0,"GS CHELSEA II PROPERTY OWNER, LLC"
1008000014,147 WEST 24 STREET,40.7445683,-73.9941212,17800.0,O6,1.0,147 WEST 24TH OWNER LLC
1007730043,230 7 AVENUE,40.7445245,-73.9957055,5710.0,K4,1.0,230 7TH AVENUE LLC
1007720067,240 WEST 23 STREET,40.7445163,-73.9973727,24378.0,D4,1.0,240 W 23 OWNERS CORP
1007720079,264 WEST 23 STREET,40.7448676,-73.9982064,6750.0,C7,1.0,"GROVE ASSOCIATES,     A NY LTD. LIAB. CO MPANY"
1008000010,149 WEST 24 STREET,40.7446397,-73.9942908,42078.0,D5,1.0,KOREAN ASSOCIATN/N.Y.INC
1008000061,138 WEST 25 STREET,40.744711,-73.9936412,96000.0,O6,1.0,TAMKAT BUILDING CORP
1007730027,225 WEST 23 STREET,40.7447413,-73.9964525,66524.0,D7,1.0,5537 - 225 WEST 23RD AND 220 WEST 24TH S TREET
1007730042,228 7 AVENUE,40.7444751,-73.9957379,4719.0,S1,1.0,228 SEVENTH LLC
1007990069,152 WEST 24 STREET,40.7443186,-73.9946625,10287.0,I9,1.0,"BIDEAWEE, INC."
1008000009,157 WEST 24 STREET,40.7447083,-73.9944532,0.0,V1,1.0,157 WEST 24TH STREET LODGING LLC
1008000022,131 WEST 24 STREET,40.7443569,-73.993551,17840.0,D0,1.0,BRICK FARMS ETC
1007710011,253 WEST 21 STREET,40.7438987,-73.9985781,2890.0,B1,1.0,"CHOW, VANESSA"
1007710073,264 WEST 22 STREET,40.7442254,-73.9985998,9700.0,C6,1.0,264 W 22ND ST OWNERS CORP
1007710008,259 WEST 21 STREET,40.7439811,-73.9987766,5026.0,C6,2.0,259 WEST TENANTS CORP
1007710012,251 WEST 21 STREET,40.7438768,-73.998524,3040.0,C0,1.0,RICHAD J. AND CAROLE LEE BECKSTEIN REVOC ABLE TR
1007710010,255 WEST 21 STREET,40.7439207,-73.9986286,5100.0,B9,1.0,GARY N TANNENBAUM C/O
1007710072,262 WEST 22 STREET,40.7441897,-73.9985204,11226.0,C7,1.0,"ARIEL/MATH REALTY, LLC"
1007710071,260 WEST 22 STREET,40.7441567,-73.998441,5500.0,C6,1.0,22ND STR APT CORP
1007710074,234 8 AVENUE,40.744412,-73.998773,12888.0,D4,1.0,ZADA REALTY LLC
1007710006,228 8 AVENUE,40.744261,-73.998838,15226.0,C7,1.0,224-30 EIGHTH AVE LLC
1007710068,258 WEST 22 STREET,40.7440909,-73.9982822,30375.0,D1,1.0,"WEST 22ND STREET ASSOCIATES #1, LLC"
1007710009,257 WEST 21 STREET,40.7439481,-73.9986972,9755.0,C4,1.0,"LES FILLES QUATRE,"
1007710001,216 8 AVENUE,40.7440332,-73.9990004,32325.0,D7,1.0,CHELSEA 8TH AVENUE LLC
1007710004,224 8 AVENUE,40.7441677,-73.9989029,16479.0,C7,1.0,224-30 EIGHTH AVE LLC
1007700005,206 8 AVENUE,40.7435666,-73.9992494,3000.0,K1,1.0,BARWEST LLC
1007700007,261 WEST 20 STREET,40.7433882,-73.9992458,2816.0,C0,1.0,245 REALTY L.L.C. C/O
1007700001,198 8 AVENUE,40.7434047,-73.9995128,8955.0,C7,1.0,"FALCON HOLDING,"
1007700064,244 WEST 21 STREET,40.7433525,-73.9984915,8503.0,C1,1.0,"CHELSEA PARTNERS, LLC"
1007700068,252 WEST 21 STREET,40.743498,-73.9987658,6820.0,C6,1.0,"CLEMENT HOUSE, INC."
1007700070,256 WEST 21 STREET,40.7435721,-73.998921,22000.0,C6,2.0,256 W 21 OWNERS CORP
1007700002,200 8 AVENUE,40.7434596,-73.9994695,6200.0,S4,1.0,DAYTONA HOLDING CORP
1007700076,208 8 AVENUE,40.7436819,-73.9992421,5050.0,K1,1.0,SALVATION ARMY
1007700024,229 WEST 20 STREET,40.742982,-73.9982389,7612.0,C4,1.0,229 WEST 20TH STREET OWNER LLC
1007700023,231 WEST 20 STREET,40.7429875,-73.9983291,8896.0,D1,1.0,231 WEST 20TH STREET OWNER LLC
1007700021,233 WEST 20 STREET,40.7430204,-73.9984121,7564.0,A9,1.0,"CALADIUM W20, LLC"
1007690066,252 WEST 20 STREET,40.7430369,-73.9994623,11000.0,D4,1.0,252 W 20 TNTS CORP
1007690068,194 8 AVENUE,40.7431329,-73.9996572,5640.0,S5,1.0,HANME EIGHTH REALTY C
1007700066,248 WEST 21 STREET,40.7434349,-73.9986178,6982.0,C1,1.0,"248 W 21ST ST REALTY, LLC"
1007700019,239 WEST 20 STREET,40.7430863,-73.9985709,8898.0,C4,1.0,Z&L ENTERPRISE LLC
1007700063,242 WEST 21 STREET,40.7433251,-73.9984302,4721.0,C1,1.0,"CHELSEA PARTNERS, LLC"
1007700062,240 WEST 21 STREET,40.7433004,-73.9983688,5297.0,A4,1.0,240 WEST 21 LLC
1007690003,184 8 AVENUE,40.7429408,-73.9998196,7611.0,C7,1.0,EIGHTH-19TH CO.
1007690004,188 8 AVENUE,40.7430039,-73.999751,12080.0,C6,1.0,188-90  8 AVE  HDFC
1007700020,237 WEST 20 STREET,40.7430533,-73.9984879,7530.0,C4,1.0,YOSSI'S 20TH
1007690067,196 8 AVENUE,40.7432263,-73.9996788,3738.0,S2,1.0,258 W 20 ST REALTY
1007700003,202 8 AVENUE,40.743509,-73.9994334,6200.0,C7,1.0,"202 EIGHTH AVENUE,LLC"
1007700018,241 WEST 20 STREET,40.7431192,-73.9986503,4450.0,S3,1.0,"DERBY MAD HATTER 241, LLC"
1007700033,209 WEST 20 STREET,40.7426608,-73.9975316,8525.0,D1,1.0,20 CHELSEA LLC
1007700065,246 WEST 21 STREET,40.74338,-73.9985637,5250.0,C5,1.0,"246 WEST 21ST STREET OWNERS, L.P."
1007710014,247 WEST 21 STREET,40.7437642,-73.9982605,41100.0,C1,3.0,239-243-247 W. 21 REALTY LLC
1007700059,234 WEST 21 STREET,40.7432482,-73.9982425,32718.0,D4,1.0,234 W 21ST ST OWNRS C
1007700008,245 WEST 20 STREET,40.7432867,-73.9989823,26110.0,HH,13.0,245 REALTY L.L.C. C/O
1007690065,250 WEST 20 STREET,40.7430067,-73.9993757,8195.0,C4,1.0,20 WEST LLC
1007700004,204 8 AVENUE,40.7435584,-73.9993973,6200.0,C7,1.0,SINORAMA REALTY CORP
1007690064,248 WEST 20 STREET,40.7429792,-73.9992999,7789.0,C4,1.0,245 REALTY L.L.C. C/O
1007970054,118 WEST 22 STREET,40.7424631,-73.9944137,89389.0,O6,1.0,W 22 LLC
1007960047,104 WEST 21 STREET,40.7416177,-73.9944209,0.0,Z8,0.0,CONG SHEARETH ISRAEL
1007960058,132 WEST 21 STREET,40.7420487,-73.9953267,51384.0,W9,1.0,"SCHOOL OF VISUAL ARTS, INC."
1007950028,111 WEST 19 STREET,40.741077,-73.9951969,165513.0,O6,1.0,19TH STREET OWNER LLC
1007950054,120 WEST 20 STREET,40.7412692,-73.9952943,11910.0,D0,1.0,120 W 20 ST APT CORP
1007960022,127 WEST 20 STREET,40.7417138,-73.9952401,4660.0,S2,1.0,"127 WEST 20TH STREET,"
1007960023,123 WEST 20 STREET,40.7416671,-73.9951319,22104.0,K4,1.0,HONG DIEP REALTY INCORPORATED
1007970018,133 WEST 21 STREET,40.742422,-73.9950668,115895.0,W9,1.0,"SS 133 W 21,LLC"
1007700045,206 WEST 21 STREET,40.742842,-73.9972501,11864.0,C1,1.0,206 W 21ST PARTNERS LLC
1007970076,162 WEST 22 STREET,40.7430835,-73.9958174,31759.0,D4,1.0,166 WEST 22 ST OWNER CORP
1007700039,176 7 AVENUE,40.7426196,-73.9971166,3906.0,S5,1.0,OBERSTEIN CORPORATION
1007950010,155 WEST 19 STREET,40.741519,-73.9966114,25090.0,O3,1.0,"WAREHOUSE EYES, LLC"
1007700038,174 7 AVENUE,40.7425648,-73.9971563,4283.0,S5,2.0,344 BOWERY RETAIL LLC
1007710038,188 7 AVENUE,40.7431027,-73.9967846,80977.0,D4,1.0,201 WEST 21 ST TENANTS
1007950061,134 WEST 20 STREET,40.7415025,-73.9958464,8855.0,C6,1.0,134 WEST 20TH ST HDFC
1007970002,191 7 AVENUE,40.7429298,-73.9960881,61232.0,K4,2.0,191 CHELSEA LLC
1007950066,140 WEST 20 STREET,40.7415931,-73.9960593,0.0,Q2,1.0,NYC DEPARTMENT OF PARKS AND RECREATION
1007960060,136 WEST 21 STREET,40.7421255,-73.9955071,77437.0,W9,1.0,"SCHOOL OF VISUAL ARTS, INC."
1007970074,160 WEST 22 STREET,40.7429792,-73.995637,41423.0,D1,1.0,"160 WEST 22ND STREET, INC."
1007700048,210 WEST 21 STREET,40.7429051,-73.9974017,25123.0,D4,1.0,210 EQUITIES CORP
1007970007,163 WEST 21 STREET,40.7427102,-73.9957561,115373.0,D6,1.0,155 W. 21ST ST. LLC
1007970001,169 WEST 21 STREET,40.7427953,-73.9962433,5555.0,K4,1.0,7TH AVE 21ST ST REALTY CO IN
1007970005,167 WEST 21 STREET,40.7427267,-73.9960809,2400.0,O2,1.0,"ART HOUSE 21, LLC"
1007700036,201 WEST 20 STREET,40.7424467,-73.9972393,7350.0,K4,2.0,344 BOWERY RETAIL LLC
1007690034,152 7 AVENUE,40.7418621,-73.9976507,7360.0,C7,1.0,152-154 SEVENTH AVENUE OWNER LLC
1007950055,122 WEST 20 STREET,40.7413021,-73.9953737,7000.0,C7,1.0,122 W 20 STREET LLC
1007940009,157 WEST 18 STREET,40.7409179,-73.9969723,26644.0,O6,1.0,157 W 18 OWNER LLC
1007960073,183 7 AVENUE,40.7425675,-73.9963876,23010.0,O5,1.0,NORTH SIDE REALTY CORP
1007700031,215 WEST 20 STREET,40.7427102,-73.9976543,26250.0,D9,2.0,"MINJAK,"
1007960018,135 WEST 20 STREET,40.741862,-73.9955938,34000.0,O5,1.0,A AND G REAL ESTATE LLC
1007950020,133 WEST 19 STREET,40.7412143,-73.9958789,33210.0,O6,1.0,JERSEY STREET ASSOCITES
1007690035,154 7 AVENUE,40.741917,-73.997611,6370.0,S3,1.0,152-154 SEVENTH AVENUE OWNER LLC
1007700040,178 7 AVENUE,40.7426745,-73.9970769,7682.0,C7,1.0,178 7TH AVE INC
1007700037,172 7 AVENUE,40.7425071,-73.997196,6414.0,C7,2.0,344 BOWERY RETAIL LLC
1007690036,156 7 AVENUE,40.7419993,-73.9975497,3470.0,K1,1.0,BLUE NY 156 7TH LLC
1007960063,142 WEST 21 STREET,40.7422298,-73.9957561,79336.0,D6,1.0,LOVES LANE OWNER LLC
1007950012,151 WEST 19 STREET,40.7414586,-73.9964671,48784.0,O6,1.0,DEZER PROPERTIES 151
1007970006,165 WEST 21 STREET,40.7427898,-73.9959437,4655.0,C0,1.0,RED MOUNTAIN RLTY CORP.
1007950071,156 WEST 20 STREET,40.7417825,-73.9965212,6330.0,C7,1.0,156 W 20 STREET LLC
1007950056,124 WEST 20 STREET,40.7413707,-73.995536,20025.0,G1,1.0,124 WEST 20TH STREET
1007950014,139-143 WEST 19 STREET,40.7413488,-73.9962,68671.0,D0,1.0,CHELSEA LOFTS CORP
1007970073,156 WEST 22 STREET,40.7429325,-73.9955251,4700.0,S2,1.0,DAMASCO GINO PAUL
1007700049,214 WEST 21 STREET,40.7429655,-73.9975496,19956.0,C4,1.0,"WEST 21ST STREET ASSOCIATES,"
1007950067,148 WEST 20 STREET,40.7416919,-73.9963083,20215.0,G1,1.0,CHELSEA W 20 LLC
1007700044,204 WEST 21 STREET,40.7428392,-73.9971094,3365.0,A4,1.0,"DELAY AURORA, LLC"
1007950001,180 WEST 20 STREET,40.741766,-73.996846,274659.0,D6,1.0,"20TH AND SEVENTH ASSOCIATES,"
1007960015,141 WEST 20 STREET,40.7419224,-73.9957309,12750.0,O5,1.0,A AND G REAL ESTATE LLC
1007940062,140 WEST 19 STREET,40.7410112,-73.9965321,18714.0,D7,1.0,TROPHY WEST LLC
1007940064,144 WEST 19 STREET,40.7411018,-73.9967161,17586.0,C4,1.0,"144-146 WEST 19TH STREET ASSOCIATES, LLC"
1007950069,152 WEST 20 STREET,40.7417468,-73.9964346,12840.0,C4,1.0,PM 152 W 20TH LLC
1007960001,171 7 AVENUE,40.7422573,-73.9965284,62158.0,D4,1.0,"173 7TH AVE SO., LLC"
1007960007,147 WEST 20 STREET,40.7420844,-73.9961206,57606.0,D4,1.0,CHELSEA WARREN CORP
1007960013,143 WEST 20 STREET,40.7419691,-73.9958428,46632.0,D0,1.0,143 5 OWNERS CORP
1007960067,150 WEST 21 STREET,40.7423561,-73.9960556,48249.0,D1,1.0,2 ELLWOOD ST. L.L.C.
1007710174,266 WEST 22 STREET,40.7443461,-73.9986106,2467.0,S4,1.0,"TURK MANAGEMENT, LTD."
1007710049,218 WEST 22 STREET,40.7435254,-73.9969506,13875.0,C4,1.0,216 WEST 22ND STREET LLC
1007710063,246 WEST 22 STREET,40.7439234,-73.9978888,11130.0,C4,1.0,"JORUT REALTY TRANSACTION, LLC"
1007710020,233 WEST 21 STREET,40.7436654,-73.998026,20748.0,D4,1.0,233 W 21 ST INC
1007710065,250 WEST 22 STREET,40.7440085,-73.9980873,19470.0,D4,1.0,250 EQUITIES CORP
1007700056,228 WEST 21 STREET,40.7431988,-73.9980585,12750.0,C6,2.0,WEST 21ST STREET APARTMENT CORP
1007710034,209 WEST 21 STREET,40.7432482,-73.9970408,9620.0,C4,1.0,"WEST 21 STREET ASSOCIATES,"
1007710033,211 WEST 21 STREET,40.7432839,-73.9971202,9880.0,C4,1.0,211 WEST 21ST STREET LLC
1007970080,207 7TH AVENUE,40.7431768,-73.9960123,28744.0,D6,1.0,RESTORING COMMUNITIES HOUSING DEVELOPMEN T FUND COR
1007710057,234 WEST 22 STREET,40.7437505,-73.9974666,4080.0,A4,1.0,ALBERT J. ZUCKERMAN QUALIFIED PERSONAL R ESI. TRUST
1007710058,236 WEST 22 STREET,40.7437724,-73.9975243,4590.0,B1,1.0,"KATZ, MICHAEL A"
1007710060,240 WEST 22 STREET,40.7438246,-73.9976579,4928.0,C0,1.0,"BAUGHMAN, BRUCE C."
1007710050,220 WEST 22 STREET,40.7435611,-73.9970299,3815.0,B1,1.0,JOHN B LEVENTHAL
1007710052,224 WEST 22 STREET,40.7436132,-73.9971563,6715.0,A9,1.0,NISCHARINAS LLC
1007710029,217 WEST 21 STREET,40.7433992,-73.9973944,13688.0,O5,1.0,STAR CINEMA BUILDING LLC
1007710032,213 WEST 21 STREET,40.7433168,-73.9971996,6750.0,C1,2.0,JWP PROPERTY LLC
1007710031,215 WEST 21 STREET,40.7433498,-73.997279,5080.0,C4,2.0,JWP PROPERTY LLC
1007710048,216 WEST 22 STREET,40.743487,-73.9968567,13875.0,C4,1.0,216 WEST 22ND STREET LLC
1007710028,221 WEST 21 STREET,40.7434486,-73.9975135,10015.0,D4,1.0,221 WEST OWNERS LTD
1007710053,226 WEST 22 STREET,40.7436407,-73.9972176,4000.0,A4,1.0,"GOODBODY, BRIDGET"
1007710061,242 WEST 22 STREET,40.7438575,-73.99773,7583.0,C0,1.0,ROYSTAR INVESTMENT CORP
1007710023,223 WEST 21 STREET,40.7435501,-73.9977481,46620.0,D4,2.0,22321 OWNERS CORP
1007710035,207 WEST 21 STREET,40.7432153,-73.9969614,5054.0,C6,1.0,207-21 CHELSEA OWNERS CORP
1007710046,196 7 AVENUE,40.743358,-73.996633,76450.0,D7,1.0,212 W 22 REALTY LLC
1007710051,222 WEST 22 STREET,40.7435885,-73.9970949,3280.0,A4,1.0,"CHANTAL BACON, AS TRUSTEE"
1007710054,228 WEST 22 STREET,40.7436681,-73.9972826,5605.0,A4,1.0,"JP HOUSE, LLC"
1007710062,244 WEST 22 STREET,40.7438905,-73.9978094,9620.0,C4,1.0,244 W 22 STREET LLC
1007710064,248 WEST 22 STREET,40.7439591,-73.9979682,4600.0,C0,1.0,248WEST22ND LLC
1007680030,209 WEST 18 STREET,40.7414861,-73.998322,11000.0,S1,1.0,KHEDOURI EZAIR CORP.
1007680001,162 8 AVENUE,40.7422436,-74.0003861,3548.0,C7,1.0,162 EIGHTH AVENUE LLC
1007680018,233 WEST 18 STREET,40.7418841,-73.999271,4100.0,S4,1.0,DREWVIN BLDG CORP
1007680011,249 WEST 18 STREET,40.7421119,-73.999816,5150.0,C4,1.0,249 WEST 18TH STREET
1007690062,244 WEST 20 STREET,40.7429216,-73.9991303,4400.0,C6,1.0,MERLE HOUSE INC
1007690001,178 8 AVENUE,40.7428475,-73.9998917,20312.0,C7,1.0,EIGHTH-19TH CO. LLC
1007690053,226 WEST 20 STREET,40.7426252,-73.9984951,27381.0,D9,1.0,226 WEST 20TH STREETHOUSING DEVELOPMENT  ETC.
1007690045,210 WEST 20 STREET,40.7423507,-73.9978203,3672.0,C0,1.0,"MOLLE, ROBERT"
1007680072,264 WEST 19 STREET,40.7422958,-73.999567,22554.0,C1,1.0,"UNITED CHELSEA,"
1007690061,242 WEST 20 STREET,40.7428969,-73.9990617,6160.0,S4,1.0,245 REALTY L.L.C.
1007690021,231 WEST 19 STREET,40.7423754,-73.9986034,9165.0,C7,1.0,231-233 WEST 19TH ST.LLC
1007690020,233 WEST 19 STREET,40.7424083,-73.9986828,9460.0,C7,1.0,231-233 WEST 19TH ST.
1007690060,240 WEST 20 STREET,40.7428365,-73.9990112,6000.0,C1,1.0,HEMA LLC
1007680031,207 WEST 18 STREET,40.7414531,-73.9982462,4000.0,S1,1.0,KATE HIRSON TRUST U/T/D 5/23/23 AKA KATE  HIRSON TR
1007680004,168 8 AVENUE,40.7423781,-74.000184,12160.0,C7,1.0,"FAMILY OF LOUIS, LLC"
1007680027,213 WEST 18 STREET,40.7415684,-73.998524,17500.0,D9,1.0,CHELRAE ESTATES INC
1007680008,253 WEST 18 STREET,40.7421421,-74.0000072,6984.0,A4,1.0,TSE 253W18 LLC
1007680016,237 WEST 18 STREET,40.74195,-73.9994298,10524.0,C4,1.0,FLGSP 237 W 18 ST LLC
1007680017,235 WEST 18 STREET,40.741917,-73.9993504,10524.0,C7,1.0,SECONDO
1007680081,174 8 AVENUE,40.7425593,-74.0000938,4200.0,K2,1.0,"174 8TH AVENUE ASSOCIATES, INC."
1007690005,263 WEST 19 STREET,40.7428146,-73.9996716,10075.0,C7,1.0,EIGHTH-19TH CO.
1007690008,257 WEST 19 STREET,40.7427404,-73.9993612,8342.0,O5,2.0,W19 DEVELOPER LLC
1007690051,222 WEST 20 STREET,40.7425428,-73.9982931,10320.0,C4,1.0,NEW 20 LLC
1007700025,227 WEST 20 STREET,40.7429381,-73.9981667,9234.0,C7,1.0,225-227 W20 PROPERTY OWNER LLC
1007680050,220 WEST 19 STREET,40.7418594,-73.9985204,115433.0,O6,1.0,RED CIRCLE N.Y. CORP
1007680082,172 8 AVENUE,40.7425017,-74.0001335,3776.0,S2,1.0,SIDNEY RUBELL FAMILY TRUST
1007680009,251 WEST 18 STREET,40.7421119,-73.9999242,5582.0,C7,1.0,251 WEST 18 LLC
1007680020,217 WEST 18 STREET,40.7417167,-73.9988741,32200.0,Z3,1.0,UNITED STATES POSTAL SERVICE
1007690007,259 WEST 19 STREET,40.7427569,-73.9994839,8536.0,C7,1.0,EIGHTH-19TH CO. LLC
1007680006,257 WEST 18 STREET,40.7421888,-74.0001732,3200.0,S4,1.0,IRMA'S 18TH STREET LLC
1007690022,227 WEST 19 STREET,40.7423342,-73.9985024,21732.0,D8,1.0,227W19OWNER LLC
1007680079,278 WEST 19 STREET,40.7424852,-73.9999206,5445.0,C1,1.0,"FAMILY OF LOUIS, LLC"
1007680083,170 8 AVENUE,40.742433,-74.0001443,8040.0,C7,1.0,"FAMILY OF LOUIS, LLC"
1007690019,235 WEST 19 STREET,40.7424413,-73.9987658,9375.0,C7,1.0,235 WEST 19TH STREET LLC
1007680003,166 8 AVENUE,40.742326,-74.0002418,3454.0,S2,1.0,8 18
1007690059,238 WEST 20 STREET,40.7428063,-73.9989354,9305.0,C1,1.0,HEMA LLC
1007680059,238 WEST 19 STREET,40.7420927,-73.9990726,157364.0,D9,2.0,MMP 250 OWNER LLC
1007680007,255 WEST 18 STREET,40.7421805,-74.0000866,3610.0,S9,1.0,COLIN 18TH STREET LLC
1007690058,236 WEST 20 STREET,40.7427706,-73.9988488,7695.0,C4,1.0,PENTECOSTAL CH OF GOD
1007690031,205 WEST 19 STREET,40.7420405,-73.9978239,70273.0,D0,1.0,205 W 19 ST CORP
1007690047,214 WEST 20 STREET,40.7424138,-73.9979755,4000.0,C5,1.0,"214 WEST 20TH STREET REALTY, LLC"
1007700030,217 WEST 20 STREET,40.7427624,-73.997777,7805.0,A9,1.0,"217W20 CRG NY, LLC"
1007690029,211 WEST 19 STREET,40.7421311,-73.9980044,23000.0,O5,1.0,PROPERTIUS  INC
1007700054,224 WEST 21 STREET,40.7431,-73.997878,11580.0,C1,1.0,WYCLIFFE CHELSEA LLC
1007700028,221 WEST 20 STREET,40.7428255,-73.9979358,8020.0,C6,1.0,221 W 20TH OWNERS CORP
1007700053,222 WEST 21 STREET,40.7430698,-73.9978023,8540.0,C1,1.0,WYCLIFFE CHELSEA LLC
1007700027,223 WEST 20 STREET,40.7428585,-73.9980152,6965.0,C4,1.0,223 WEST 20 MB LLC
1007690048,216 WEST 20 STREET,40.7424467,-73.9980549,6369.0,E9,1.0,"216 W. 20TH STREET,"
1007700029,219 WEST 20 STREET,40.7427926,-73.9978564,7805.0,C4,1.0,219 W 20 ST CORP
1007690049,218 WEST 20 STREET,40.7424797,-73.9981379,4978.0,S2,1.0,"GOBER, ROBERT"
1007690046,212 WEST 20 STREET,40.7423809,-73.9978961,7950.0,C1,1.0,"212 W 20TH, LLC"
1007690044,208 WEST 20 STREET,40.742315,-73.9977373,7630.0,D9,1.0,208 W 20 STREET LLC
1007700055,226 WEST 21 STREET,40.7431329,-73.997961,6449.0,C1,1.0,226 WEST 21ST STREET LLC
1006400041,356 WEST 12 STREET,40.7372534,-74.0077438,7370.0,O1,1.0,"356 WEST 12TH STREET, LLC"
1006400071,34 BETHUNE STREET,40.7371382,-74.0074623,2888.0,C6,2.0,34-36 BETHUNE ST OWNR
1006400052,336 WEST 12 STREET,40.7373605,-74.0069247,5160.0,A4,2.0,336 WEST 12TH PROPERTY OWNER LLC
1006400021,756 WASHINGTON STREET,40.7372342,-74.0084655,76549.0,D1,1.0,"756 WAYWEST DEVELOPMENT CO,LLC"
1006400072,36 BETHUNE STREET,40.7371382,-74.0075381,2226.0,C6,2.0,34 36 BETHUNE ST OWNRS CORP
1006450001,20 10 AVENUE,40.7408655,-74.0084876,0.0,G7,0.0,NEW YORK STATE
1006400066,24 BETHUNE STREET,40.7371382,-74.0071448,3136.0,C0,1.0,"24 BETHUNE STREET, LLC"
1006400050,340 WEST 12 STREET,40.7373633,-74.0070979,5250.0,A4,2.0,340 WEST 12 REALTY LLC
1006400038,763 WASHINGTON STREET,40.7373412,-74.0079639,7560.0,C1,1.0,763 WASHINGTON LLC
1006400012,380 WEST 12 STREET,40.7373604,-74.0088732,100320.0,D0,1.0,WAYWEST TENANTS CORP
1006400057,790 GREENWICH STREET,40.7371794,-74.0067587,24212.0,K4,2.0,"GREENWICH ASSOCIATES, LLC, 4"
1006510001,427 GANSEVOORT STREET,40.7399979,-74.0113311,0.0,V1,1.0,NYS DEPARTMENT OF TRANSPORTATION
1006510056,PIER 56,40.7425972,-74.0108227,85956.0,T2,1.0,NYS DEPARTMENT OF TRANSPORTATION
1006350011,753 WASHINGTON STREET,40.7368719,-74.0080396,3680.0,S2,1.0,"753 WASHINGTON STREET, LLC"
1006350022,23 BETHUNE STREET,40.7367924,-74.0071519,6924.0,C6,2.0,21-23 BETHUNE ST TNTS
1006450023,55 LITTLE WEST 12 ST,40.7407584,-74.0084407,5081.0,K2,1.0,55 LITTLE WEST 12TH LLC
1006440010,820 WASHINGTON STREET,40.7396605,-74.0083647,24801.0,Y8,1.0,NYC DEPARTMENT OF PARKS AND RECREATION
1006440041,32 LITTLE WEST 12 ST,40.739861,-74.0076611,9658.0,K2,3.0,817-33 WASHINGTON STREET LLC
1006450011,848 WASHINGTON STREET,40.7408271,-74.0080762,219320.0,H1,2.0,"GC SHL, LLC"
1006460001,40 10 AVENUE,40.7415874,-74.0081485,131297.0,O6,1.0,40-56 TENTH OWNER LLC
1006450044,21 9 AVENUE,40.7402069,-74.0062465,19574.0,K4,1.0,25 NINTH AVE CORP
1006440056,3 9 AVENUE,40.7395344,-74.0067517,3464.0,K4,2.0,"LITTLE WEST 12TH STREET REALTY, L.P."
1006270022,55 HORATIO STREET,40.7388921,-74.0061887,2480.0,A4,1.0,"MATHEWS, PHILIP"
1006460019,860 WASHINGTON STREET,40.7412827,-74.0076865,115173.0,O6,1.0,EIGHT60 LLC
1006450008,32 10 AVENUE,40.7411948,-74.0084912,0.0,G7,0.0,NYS DEPARTMENT OF TRANSPORTATION
1006440005,93 GANSEVOORT STREET,40.7395754,-74.0088916,232421.0,P7,1.0,WHITNEY MUSEUM OF AMERICAN ART
1006450005,28 10 AVENUE,40.7410823,-74.0086175,0.0,G7,0.0,NEW YORK STATE
1006540031,500 WEST 14 STREET,40.7420265,-74.0085599,6735.0,H4,1.0,HYUNDAI MOTOR AMERICA
1006450039,402 WEST 13 STREET,40.7402782,-74.0064161,17667.0,O5,1.0,402-04  WEST 13TH STREET LLC
1006440060,57 GANSEVOORT STREET,40.7395481,-74.0071053,24699.0,H2,1.0,RH GANSEVOORT LLC
1006440001,555 WEST STREET,40.7400914,-74.0085597,77923.0,K4,1.0,NYC DEPARTMENT OF PARKS AND RECREATION
1006450002,10 AVENUE,40.7409066,-74.0086752,0.0,G7,0.0,NYS DEPARTMENT OF TRANSPORTATION
1006460030,420 WEST 14 STREET,40.7412059,-74.0067266,30162.0,O5,1.0,EBS LLC
1006280001,2 9 AVENUE,40.7396525,-74.0059001,39068.0,O5,3.0,2 NINTH AVENUE PARTNERS LLC
1006280004,10 9 AVENUE,40.7398226,-74.0056799,108600.0,H1,1.0,REGENT SPE LLC
1006440043,63 GANSEVOORT STREET,40.7397539,-74.0073507,64683.0,K4,3.0,22 LITTLE WEST 12TH STREET PARTNERS LLC
1006440051,12 LITTLE WEST 12 ST,40.7396497,-74.0069032,8920.0,K4,1.0,"8-10-12 LITTLE WEST 12TH STREET, LLC"
1006450035,410 WEST 13 STREET,40.7402425,-74.0067409,66893.0,O5,2.0,15 LW 12 OWNER LLC
1006460018,440 WEST 14 STREET,40.7414886,-74.0073906,31449.0,K3,1.0,389 WEST 12TH STREET
1006460032,418 WEST 14 STREET,40.7411209,-74.0065317,55170.0,O5,1.0,"PONTE GADEA NEW YORK, LLC"
1006270021,53 HORATIO STREET,40.7389416,-74.0061057,4998.0,C6,2.0,53 HORATIO OWNERS CORP
1006430049,52 GANSEVOORT STREET,40.7391775,-74.0070367,13287.0,K2,1.0,52-58 GANSEVOORT STREET LLC
1006430038,807 WASHINGTON STREET,40.7390156,-74.0078053,10764.0,C4,4.0,803-07 WASHINGTON ST
1006430001,521 WEST STREET,40.7390594,-74.0088374,434276.0,D5,2.0,95-97 HORATIO L.L.C.
1006270017,45 HORATIO STREET,40.7389031,-74.0058892,2704.0,B9,1.0,45 HORATIO LLC
1006270001,829 GREENWICH STREET,40.7389992,-74.0062536,3302.0,A4,1.0,"829 GREENWICH STREET, LLC"
1006270008,32 GANSEVOORT STREET,40.7391913,-74.0058784,11178.0,O5,1.0,32 GANSEVOORT STREET LLC
1006430043,809 WASHINGTON STREET,40.739183,-74.0075672,74496.0,O5,1.0,60-74 GANSEVOORT STREET LLC
1006260004,815 GREENWICH STREET,40.7384914,-74.0062319,10000.0,C6,1.0,815 GREENWICH APTS CORP
1006260001,809 GREENWICH STREET,40.7383267,-74.0062247,15250.0,C4,1.0,65 JANE STREET
1006250012,615 1/2 HUDSON STREET,40.7378958,-74.0059468,9654.0,C7,1.0,615A HUDSON LLC
1006420042,92 HORATIO STREET,40.7385188,-74.0078486,44385.0,D4,1.0,HORATIO ARMS INC
1006410063,345 WEST 12 STREET,40.7377365,-74.0071629,5682.0,C4,1.0,345 WEST 12TH STREET LLC
1006410001,489 WEST STREET,40.7376678,-74.0094687,0.0,V1,1.0,489 WEST STREET PARTNERS LLC
1006410036,777 WASHINGTON STREET,40.7379835,-74.0078954,17422.0,A4,1.0,777 WASHINGTON LLC
1006410039,92 JANE STREET,40.7379808,-74.0076789,4248.0,A4,1.0,92 JANE NY LLC
1006410005,497 WEST STREET,40.7379889,-74.009328,72754.0,D6,1.0,134 JANE STREET LLC
1006420055,830 GREENWICH STREET,40.7386616,-74.0066866,5016.0,C3,1.0,"MARKS, MATTHEW"
1006410017,100 JANE STREET,40.73786,-74.00848,123646.0,D3,1.0,100 JANE STREET L.P.
1006420050,76 HORATIO STREET,40.7386204,-74.0071666,11060.0,C1,2.0,CASTEGA REALTY ASSOCIATES
1006420067,79 JANE STREET,40.7383239,-74.0072676,8976.0,B1,1.0,"FOUR SONS PROPERTY, LLC"
1006420150,78 HORATIO STREET,40.7384996,-74.0071702,3657.0,B9,1.0,"FOTOS, CONSTANTINE"
1006050044,465 HUDSON STREET,40.7318957,-74.0069061,0.0,VC,0.0,THE BOARD OF MANAGERS OF THE DIOCESAN MI SSIONARY ETC.
1006050028,HUDSON STREET,40.7328509,-74.006751,0.0,Q2,0.0,THE BOARD OF MANAGERS OF THE DIOCESAN MI SSIONARY ETC.
1007530028,315 WEST 29 STREET,40.7496215,-73.9965172,5808.0,C1,1.0,CHELSEA FLATS LLC
1007240001,278 10 AVENUE,40.7497642,-74.00205,159200.0,D3,3.0,NYC HOUSING AUTHORITY
1007530034,303 WEST 29 STREET,40.7494403,-73.9960877,7786.0,C6,1.0,303 WEST 29TH STREET TENANTS CORP
1007530039,391 8 AVENUE,40.7494266,-73.9958206,4400.0,S4,1.0,391  8TH AVE  LLC
1007530032,307 WEST 29 STREET,40.7495007,-73.9962357,7260.0,C1,1.0,"GW 307 WEST 29TH STREET, LLC"
1007530026,317 WEST 29 STREET,40.7496654,-73.9966218,11715.0,C5,2.0,CHELSEA 317 LLC
1007530024,321 WEST 29 STREET,40.749723,-73.996759,14900.0,D3,2.0,ANBE REALTY
1007530001,332 9 AVENUE,40.7502281,-73.9982676,1470.0,K1,1.0,EMR ASSOCIATES LLC
1007530037,387 8 AVENUE,40.7493223,-73.9958712,3822.0,S3,1.0,387 LLC
1007240023,281 9 AVENUE,40.7490067,-74.000231,85085.0,W1,1.0,NYC DEPARTMENT OF EDUCATION
1007260001,314 10 AVENUE,40.7505328,-74.0002346,800000.0,Z3,1.0,USPS
1007530033,305 WEST 29 STREET,40.7494733,-73.9961599,5260.0,H8,1.0,UNISYS CHELSEA LLC
1007530004,338 9 AVENUE,40.7503791,-73.9981593,3300.0,S3,1.0,"338 NINTH AVE., LLC"
1007530005,340 9 AVENUE,40.7504285,-73.9981232,3890.0,S3,1.0,CHELSEA REALTY GROUP
1007530002,334 9 AVENUE,40.750283,-73.9982279,4290.0,S4,1.0,233 NINTH CORP.
1007530035,301 WEST 29 STREET,40.7493937,-73.9960191,5572.0,C4,1.0,301 WEST LLC
1007530029,313 WEST 29 STREET,40.7495913,-73.9964414,5036.0,C5,1.0,"GW 313 WEST 29TH STREET, LLC"
1007240010,441 WEST 26 STREET,40.7496133,-74.0014942,108426.0,D6,1.0,NYC HOUSING AUTHORITY
1007240015,427 WEST 26 STREET,40.7493169,-74.0010106,187330.0,D3,1.0,NYC HOUSING AUTHORITY
1007240082,303 9 AVENUE,40.7495749,-73.999852,18000.0,I5,1.0,NYC DEPARTMENT OF HEALTH AND MENTAL HYGIENE
1007520001,305 9 AVENUE,40.7497972,-73.9987115,398907.0,D4,2.0,MUT REDEVELOPMENT
1007530003,336 9 AVENUE,40.7503324,-73.9981918,3049.0,S3,1.0,336 9TH AVE. CORP.
1007530006,359 WEST 29 STREET,40.7502473,-73.9980077,13004.0,C6,2.0,29 FLOWERS CORP
1007530038,389 8 AVENUE,40.7493799,-73.9958531,3876.0,S3,1.0,389 8TH LLC
1007530056,324 WEST 30 STREET,40.749992,-73.9969033,147888.0,D5,1.0,FRENCH APTS HOUSING DEVELOPMENT FUND
1007530036,383 8 AVENUE,40.7492592,-73.9959181,6900.0,S9,1.0,383 8TH LLC
1005710001,2 EAST 14 STREET,40.7354749,-73.9935121,367378.0,H8,1.0,THE NEW SCHOOL
1005700005,57 5 AVENUE,40.7349672,-73.9939777,8661.0,S5,1.0,"SHIREWILL, INC."
1005700006,59 5 AVENUE,40.7350275,-73.9939344,8332.0,S5,1.0,WILSHIRE LIMITED
1005700007,61 5 AVENUE,40.7350907,-73.9938875,23590.0,D6,1.0,61 FIFTH AVE. LLC
1005690001,43 5 AVENUE,40.7340285,-73.9945803,64218.0,D4,1.0,43 TENANTS CORP
1005700008,6 EAST 13 STREET,40.7348793,-73.993671,49408.0,D5,1.0,10 EAST 13TH STREET LLC
1005690005,49 5 AVENUE,40.7343825,-73.994353,121128.0,D4,1.0,51 FIFTH AVENUE OWNERS CORP
1005520046,124 WAVERLY PLACE,40.7325135,-73.9997474,4804.0,S4,2.0,"OPPENHEIMER, MICHAEL"
1005520052,112 WAVERLY PLACE,40.7323159,-73.9993469,3822.0,C1,2.0,"BASP NY, LLC"
1005520060,29 WASHINGTON SQUARE W,40.7321018,-73.9990077,128601.0,H8,1.0,NEW YORK UNIVERSITY
1005930048,14 GAY STREET,40.7336471,-74.0005557,0.0,V1,1.0,GAY STREET REVIVAL INITIATIVE 1 LLC
1005730039,28 5 AVENUE,40.7334192,-73.9960165,168806.0,D4,1.0,30 FIFTH AVE OWNERS INC
1005730043,24 5 AVENUE,40.7332463,-73.9963088,269119.0,D4,1.0,"24 FIFTH OWNERS, INC"
1005770030,18 WEST 14 STREET,40.7360596,-73.9950637,100315.0,D4,1.0,13 W 13 APT CORP
1005770024,22 WEST 14 STREET,40.7362737,-73.9953199,151500.0,D4,1.0,25 WEST 13TH ST CORP
1005770019,34 WEST 14 STREET,40.7364192,-73.9957348,151541.0,O5,1.0,THE NEW SCHOOL
1005760025,37 WEST 12 STREET,40.7356095,-73.9955942,235875.0,D4,2.0,BUTTERFIELD HOUSE INC-B.H.S.(37120)
1005770034,8 WEST 14 STREET,40.7359416,-73.994674,0.0,V1,0.0,5W13 OWNER LLC
1005770018,44 WEST 14 STREET,40.736647,-73.9958864,13712.0,D7,1.0,EBR 14 LLC
1005770041,78 5 AVENUE,40.7358043,-73.9941833,32100.0,O6,1.0,"AMDAR COMPANY, LLC"
1005770037,6 WEST 14 STREET,40.7360047,-73.9943601,19642.0,O5,1.0,"4-6 WEST 14TH STREET VENTURES, LLC"
1005770066,43 WEST 13 STREET,40.7363945,-73.9961029,46350.0,D0,1.0,GLASS HOUSE COOPERATIVE INC
1005770014,52 WEST 14 STREET,40.7367733,-73.9961895,12800.0,D7,1.0,52 WEST 14TH STREET LLC
1005770013,54 WEST 14 STREET,40.7368035,-73.9962689,9243.0,K4,1.0,FAB 14 LLC
1005760022,30 WEST 13 STREET,40.7357797,-73.9959983,60692.0,D4,2.0,WEST 13TH ST OWNERS INC
1005760041,68 5 AVENUE,40.7352883,-73.9945694,8164.0,W9,1.0,NEW SCHL FR SOCIAL RSRCH
1005760054,23 WEST 12 STREET,40.7353158,-73.9955184,7000.0,C3,1.0,"HUCK, SIMON"
1005770017,46 WEST 14 STREET,40.73668,-73.9959694,16400.0,D9,1.0,SASSON REALTY CORP
1005740015,56 WEST 11 STREET,40.7347587,-73.9973371,27184.0,D3,1.0,56 WEST 11TH STREET LLC
1005730022,40 WEST 10 STREET,40.7340149,-73.9974273,6136.0,A7,1.0,RIVENDELL HOUSE LLC
1005750001,462 AVENUE OF THE AMERICAS,40.7353955,-73.9979288,7140.0,S9,1.0,"EUGENE ELLIS REAL ESTATE,"
1005750017,66 WEST 12 STREET,40.7354037,-73.9972901,120467.0,W6,3.0,NEW SCHOOL SOC RESEAR
1005750077,55 WEST 11 STREET,40.7351676,-73.9971566,63943.0,D6,1.0,LIANT RECORD LLC
1005720008,416 AVENUE OF THE AMERICAS,40.7339682,-73.99895,20893.0,D6,1.0,66 WEST ASSOCIATES
1005740008,72 WEST 11 STREET,40.7350853,-73.9978422,0.0,Z8,0.0,CONG SHEARETH ISRAEL CEMETARY
1005750016,78 WEST 12 STREET,40.7355849,-73.9973551,5100.0,C0,1.0,"SCHWARTZ, ARTHUR Z"
1005730019,42 WEST 10 STREET,40.7340725,-73.997568,39782.0,D7,1.0,SHALVIN CP
1005730054,23 WEST 9 STREET,40.73354,-73.9970015,12632.0,C6,3.0,PENGUIN TENANTS CORP
1005510023,20 WEST 8 STREET,40.7325739,-73.9975608,6483.0,K1,1.0,16 WEST 8TH LLC
1005720054,21 WEST 8 STREET,40.7329911,-73.9975392,28050.0,C7,1.0,"21-23-25 WEST 8TH STREET, LLC"
1005510122,7 MAC DOUGAL ALLEY,40.7325547,-73.9978351,1920.0,A5,1.0,CITY WEED LLC
1005760006,496 AVENUE OF THE AMERICAS,40.7362408,-73.9972612,4924.0,S3,1.0,"496 DK PROPERTIES, CORP."
1005760001,486 AVENUE OF THE AMERICAS,40.7360926,-73.9973586,131126.0,D4,1.0,79 W 12 ST CORP
1005760008,500 AVENUE OF THE AMERICAS,40.7363369,-73.9971854,4200.0,S4,1.0,"SIXTH AVENUE EQUITIES,"
1005760007,498 AVENUE OF THE AMERICAS,40.7362875,-73.9972215,4032.0,K4,1.0,"SIXTH AVENUE EQUITIES,"
1005760010,504 AVENUE OF THE AMERICAS,40.736444,-73.9971097,5129.0,K4,2.0,504 ASSOCIATES LLC
1005770010,58 WEST 14 STREET,40.7368858,-73.9964601,37810.0,D5,1.0,13-14 DEVELOPMENT
1005760076,71 WEST 12 STREET,40.7359636,-73.9970519,37824.0,D7,1.0,"71 WEST 12TH STREET, LLC"
1005760014,54 WEST 13 STREET,40.7361338,-73.9966658,46020.0,HB,1.0,BRIDGETON WEST 13 FEE LLC
1005760009,502 AVENUE OF THE AMERICAS,40.7363891,-73.9971493,1880.0,K1,1.0,VRAHOS LLC
1005760016,42 WEST 13 STREET,40.736024,-73.9964024,31540.0,D4,1.0,4213 VILLAGE CORP
1005760015,50 WEST 13 STREET,40.7360899,-73.9965648,3864.0,S2,1.0,50 WEST 13 LLC
1005770071,55 WEST 13 STREET,40.7365592,-73.9964962,86117.0,O3,1.0,NEW SCHOOL-SOCL RESEARCH
1005530017,48 WEST 8 STREET,40.7329774,-73.9988273,20443.0,C7,3.0,RETURN TO HOME LLC
1005510020,28 WEST 8 STREET,40.7326754,-73.9979469,6030.0,K4,1.0,RETURN TO HOME LLC
1005530011,58 WEST 8 STREET,40.7331887,-73.9992098,23897.0,C7,5.0,RETURN TO HOME
1005530026,177 MAC DOUGAL STREET,40.7328401,-73.9984124,9834.0,K4,1.0,"MSS HOLDINGS, LLC"
1005530019,44 WEST 8 STREET,40.7329499,-73.9986433,0.0,V1,0.0,"44 WEST 8TH JV OWNER, LLC"
1005530006,388 AVENUE OF THE AMERICAS,40.733186,-73.9995129,21009.0,K2,2.0,378 SIXTH LLC
1005720017,38 WEST 9 STREET,40.7335483,-73.9981381,73098.0,D4,3.0,38-50 WEST 9 STREET CORP
1005720006,412 AVENUE OF THE AMERICAS,40.7338639,-73.9990258,21490.0,O6,1.0,W A & W O KAISER INC
1005510019,30 WEST 8 STREET,40.7327084,-73.9980335,7060.0,K4,3.0,RETURN TO HOME LLC
1005720010,64 WEST 9 STREET,40.7337212,-73.9989139,17382.0,C5,3.0,"61 WEST 8TH ST.,LLC"
1005530027,175 MAC DOUGAL STREET,40.7327825,-73.9984557,7375.0,S5,1.0,"MSS HOLDINGS, LLC"
1005530041,123 WAVERLY PLACE,40.7329142,-73.9994371,37939.0,D3,1.0,DARLINGTON ESTATES INC
1005720016,52 WEST 9 STREET,40.7336718,-73.998434,6114.0,C6,2.0,52 W 9TH ST OWNRS CP
1005760036,2 WEST 13 STREET,40.7353899,-73.9947859,116962.0,W6,1.0,NEW SCHOOL/SOCIAL RES.
1005750048,12 WEST 12 STREET,40.7345473,-73.995219,339320.0,M1,2.0,FIRST PRESBYTERIAN CHURCH
1005760042,64 5 AVENUE,40.735195,-73.9946488,49391.0,W6,1.0,NEW SCHOOL/SOCIAL RES.
1005750057,15 WEST 11 STREET,40.7345418,-73.9956917,51113.0,D4,1.0,15 TENANT STOCKHOLDERS INC
1005740039,40 5 AVENUE,40.7339956,-73.9955438,141877.0,D4,1.0,40 FIFTH AVE CORP
1005760046,60 5 AVENUE,40.7350111,-73.9947932,113500.0,O3,1.0,NEW YORK UNIVERSITY
1005750067,35 WEST 11 STREET,40.7348135,-73.9963159,5344.0,C2,1.0,NANCY RUDOLPH ASSOCIATES
1005730031,20 WEST 10 STREET,40.7337623,-73.9968319,11492.0,C5,1.0,20 WEST 10TH STREET LLC
1005740050,11 WEST 10 STREET,40.7339572,-73.9961608,12774.0,A7,2.0,11-13 WEST 10TH STREET LLC
1005750074,49 WEST 11 STREET,40.7350249,-73.9968174,6960.0,C1,1.0,49 WEST 11TH STREETLLC
1005750072,45 WEST 11 STREET,40.7349782,-73.9967092,27308.0,D4,1.0,45 WEST 11TH STREET
1005920005,128 WEST WASHINGTON PLCE,40.7327056,-74.0016959,2784.0,B9,1.0,GINSBERG REVOCABLE TRUST
1005920044,88 GROVE STREET,40.7333616,-74.0019629,2040.0,A5,2.0,"NADIN, ANNA KENNEDY"
1005920082,129 WEST WASHINGTON PLCE,40.7331448,-74.0017356,38214.0,D3,1.0,13-15 SHERIDAN SQUARE LLC
1005920078,121 WEST WASHINGTON PLCE,40.7329691,-74.0013242,6716.0,A7,2.0,"CZOE WASHINGTON PL, LLC"
1005920039,183 WEST 4 STREET,40.7325876,-74.0017392,462.0,B1,2.0,TANA TWO LLC
1005920087,CHRISTOPHER STREET,40.7335839,-74.0023165,0.0,Q1,0.0,UNITED STATES OF AMERICA
1005920040,80 GROVE STREET,40.7333177,-74.0022299,47808.0,D6,1.0,"TEN SHERIDAN ASSOCIATES, LLC"
1005920042,84 GROVE STREET,40.7333232,-74.0020603,16400.0,D1,3.0,UNAVAILABLE OWNER
1006110076,153 WEST 10 STREET,40.7346654,-74.0012918,11836.0,C4,3.0,151 WEST 10TH STREET ASSOCIATES
1006120056,2 PERRY STREET,40.7357743,-74.0009851,2032.0,B9,1.0,"TARNOWSKI, THOMAS A"
1006090012,152 WEST 14 STREET,40.7380963,-73.9993469,0.0,V1,1.0,152 W 14 REALTY LLC
1006080024,128 WEST 13 STREET,40.7370341,-73.9988056,18570.0,D7,1.0,"VILLAGE VENTURA ASSOCIATES    .,"
1006060032,158 WEST 11 STREET,40.7362272,-74.0005485,863.0,A9,1.0,GILMAN DANIELLE
1006090164,139 WEST 13 STREET,40.7375172,-73.9987587,7925.0,C6,3.0,WINKLER RICHARD S
1006090013,150 WEST 14 STREET,40.7380634,-73.9992675,0.0,G7,1.0,150 W. 14 REALTY LLC
1006060029,68 GREENWICH AVENUE,40.7362381,-74.0006712,2402.0,S2,1.0,"DERBY RED BALL MARKET GLOBAL, LLC"
1006080068,157 WEST 12 STREET,40.7369874,-73.9994948,3200.0,A4,2.0,"ROBYN BEVERLEY CALDER, AS TRUSTEE"
1006060041,138 WEST 11 STREET,40.7358456,-74.0000361,10800.0,A4,1.0,137+1 HOLDINGS LLC
1006090065,141 WEST 13 STREET,40.7375913,-73.9989319,28200.0,C6,1.0,VILLAGE MEWS HOUSING CORP
1006080074,169 WEST 12 STREET,40.7371823,-73.9999531,31750.0,D4,1.0,171 W 12 ST INC
1006090014,148 WEST 14 STREET,40.7380305,-73.9991881,7605.0,C7,1.0,148 W REALTY LLC
1005920069,371 AVENUE OF THE AMERICAS,40.7327605,-74.000617,14475.0,W2,1.0,RC CHUR ST JOSEPH
1005930024,391 AVENUE OF THE AMERICAS,40.7333397,-74.0001335,3085.0,K1,1.0,"REALYA GVA, LLC"
1006100053,21 GREENWICH AVENUE,40.7345446,-74.0001804,4837.0,S9,2.0,GREENWICH-TENTH COMPANY
1006100069,19 CHRISTOPHER STREET,40.7341055,-74.0007577,14780.0,C7,1.0,"DAVIT REALTY,"
1005930023,395 AVENUE OF THE AMERICAS,40.7334248,-74.0000686,4926.0,K7,1.0,"REALYA GVA, LLC"
1005920026,345 AVENUE OF THE AMERICAS,40.7319563,-74.0011258,10718.0,C7,1.0,"IOLE REALTY CO., LLC"
1006100066,13 CHRISTOPHER STREET,40.7341357,-74.0005449,8280.0,C7,3.0,"13-15 CHRISTOPHER STREET, LLC"
1005930003,141 WAVERLY PLACE,40.7333671,-74.0005124,6300.0,C6,2.0,5-7 GARY ST OWNERS CORP
1006100060,1 CHRISTOPHER STREET,40.7341933,-74.0000253,102354.0,D6,1.0,CARMINE LIMITED
1005920019,357 AVENUE OF THE AMERICAS,40.732272,-74.0009129,8037.0,S9,2.0,"357-359 SIXTH AVE. ASSOCIATES,"
1005920014,110 WEST WASHINGTON PLCE,40.7324284,-74.0011943,3465.0,A4,1.0,"WARREN, SAMUEL"
1005930004,9 GAY STREET,40.7334522,-74.0003608,2450.0,A5,1.0,"FINA, MARK CHARLES"
1006110053,10 CHARLES STREET,40.7350359,-74.0008444,4860.0,C2,2.0,10 CHARLES STREET LLC
1006120062,45 GREENWICH AVENUE,40.7354888,-74.0007289,9252.0,C7,1.0,"LANYARD REALTY CO.,L.L.C."
1006060009,30 GREENWICH AVENUE,40.7351677,-73.9997474,37736.0,D8,3.0,"14 L. PIERRE ASSOCIATES, LLC"
1006060013,32 GREENWICH AVENUE,40.7353763,-73.9999711,0.0,Q2,0.0,NYC DEPARTMENT OF EDUCATION
1006110065,23 GREENWICH AVENUE,40.7348767,-74.0004294,142941.0,D4,1.0,33 GREENWICH OWNERS CORP
1006120060,49 GREENWICH AVENUE,40.7355986,-74.0008011,10204.0,C7,1.0,"LANYARD REALTY CO.,L.L.C."
1006120066,5 CHARLES STREET,40.7354257,-74.0009237,10958.0,C6,3.0,5-7 CHARLES ST TENANT
1006130044,227 WAVERLY PLACE,40.736164,-74.0016671,15117.0,C7,2.0,SINKOKIGYO K.K.
1006130062,173 7 AVENUE SOUTH,40.7359637,-74.001216,2170.0,K2,2.0,"173 7TH AVE SO., LLC"
1006130066,182 7 AVENUE SOUTH,40.7360981,-74.0015841,35.0,K1,1.0,F POSEIDON REALTY INC.
1006130053,192 7 AVENUE SOUTH,40.7363452,-74.0014939,7022.0,S3,1.0,192 SEVENTH AVENUE SOUTH LLC
1006060062,459 AVENUE OF THE AMERICAS,40.735283,-73.998618,1794.0,S1,1.0,453 LLC
1006060071,445 AVENUE OF THE AMERICAS,40.734992,-73.9988165,4386.0,C7,2.0,ESER ASSOCIATES LLC
1006060077,109 WEST 10 STREET,40.7348987,-73.9991412,3231.0,S9,1.0,ESER ASSOCIATES LLC
1006090043,517 AVENUE OF THE AMERICAS,40.7370862,-73.9973767,2961.0,S2,1.0,517 SIXTH LLC
1006080039,101 WEST 12 STREET,40.7364769,-73.9979757,364679.0,D4,1.0,THE JOHN ADAMS OWNERS INC
1006070046,467 AVENUE OF THE AMERICAS,40.7356535,-73.9984123,3240.0,S2,1.0,BARNETT 467 LLC
1006090033,110 WEST 14 STREET,40.7373882,-73.9976906,26500.0,D6,1.0,"SAM AND JOSEPH SASSON, LLC"
1006090062,133 WEST 13 STREET,40.7374348,-73.9985566,4800.0,S5,1.0,"133-135 W. 13TH STREET HOLDINGS, LLC"
1006090020,132 WEST 14 STREET,40.7377999,-73.998636,52700.0,O6,1.0,THE SALVATION ARMY
1006080035,106 WEST 13 STREET,40.7367294,-73.9980839,16893.0,C7,1.0,106 WEST 13TH STREET LLC
1006090047,509 AVENUE OF THE AMERICAS,40.7369764,-73.9975679,94144.0,D4,1.0,105 W 13 ST CORP
1006090031,112 WEST 14 STREET,40.7374458,-73.9978097,19225.0,H8,1.0,114 WEST 14 REALTY LLC
1006090023,120 WEST 14 STREET,40.7375282,-73.9983148,182554.0,P3,1.0,THE SALVATION ARMY
1006090034,108 WEST 14 STREET,40.7373717,-73.997604,7050.0,S5,1.0,SAM & CECELIA REALTY CORP.
1006090044,515 AVENUE OF THE AMERICAS,40.7370423,-73.9974091,2541.0,S2,1.0,"P S T  REALTY, INC."
1006090045,513 AVENUE OF THE AMERICAS,40.7369984,-73.997438,2565.0,S2,1.0,CHELSEA CENTRO INC.
1008430037,18 EAST 16 STREET,40.7366056,-73.9918161,44506.0,O6,1.0,WINNER REALTY ASSOCIATES LLC
1008490002,137 5 AVENUE,40.7397099,-73.9904949,38650.0,O6,1.0,CHELSEA PARK CORPORATION
1008430045,79 5 AVENUE,40.736968,-73.992397,272566.0,O6,1.0,SAK 79 FIFTH LLC
1008460005,3 EAST 17 STREET,40.7378792,-73.9915886,4225.0,K4,1.0,YJL 3 EAST 17TH STREET LLC
1008480074,129 5 AVENUE,40.7393338,-73.9907079,57115.0,D0,1.0,129-131 5TH AVENUE CORP
1008470062,881 BROADWAY,40.7385488,-73.9907549,276481.0,O6,1.0,BJW REALTY LLC
1008440001,85 5 AVENUE,40.7373001,-73.9921588,103022.0,O6,1.0,OLD GLORY REAL ESTATE CORP
1008440035,EAST 17 STREET,40.737451,-73.9916752,0.0,G6,1.0,6 EAST 17TH STREET L
1008430039,14 EAST 16 STREET,40.7366413,-73.9919893,73982.0,H5,1.0,GRAMERCY PARK HOUSE LLC
1008420034,10 EAST 15 STREET,40.7361226,-73.9923502,125000.0,W1,1.0,NYC SCHOOL CONSTRUCTION AUTHORITY
1008010059,130 WEST 26 STREET,40.7451638,-73.9928616,16100.0,D0,1.0,130 W 26TH ST HOUSING DEVEL FU CORP
1008207505,620 AVENUE OF THE AMERICAS,40.7397622,-73.9939051,627558.0,RB,4.0,UNAVAILABLE OWNER
1007220075,256 10 AVENUE,40.7487267,-74.003093,3339.0,S3,1.0,KENYTA GROUP LLC
1008187501,590 AVENUE OF THE AMERICAS,40.7389004,-73.9951826,144461.0,RC,1.0,UNAVAILABLE OWNER
1008187502,34 WEST 17 STREET,40.7384859,-73.9941253,22715.0,RM,1.0,34 17TH STREET PROJECT  LLC
1008197503,32 WEST 18 STREET,40.73912,-73.9938185,73288.0,RM,1.0,UNAVAILABLE OWNER
1008197505,55 WEST 17 STREET,40.7392051,-73.9947495,89227.0,RM,1.0,UNAVAILABLE OWNER
1008197502,63 WEST 17 STREET,40.7393286,-73.9950418,43097.0,RM,1.0,UNAVAILABLE OWNER
1008167503,50 WEST 15 STREET,40.7374293,-73.9954714,59168.0,R4,1.0,UNAVAILABLE OWNER
1008177503,31 WEST 15 STREET,40.737561,-73.9946017,139901.0,RM,1.0,UNAVAILABLE OWNER
1008160075,60 WEST 15 STREET,40.7376653,-73.9960126,19764.0,D0,1.0,58-60 REALTY COMPANY
1008177501,108 5 AVENUE,40.7372892,-73.9930429,60752.0,RM,1.0,108 5TH AVE CONDOMINIUM
1008177502,100 5 AVENUE,40.7370504,-73.9933135,250671.0,RC,1.0,UNAVAILABLE OWNER
1008167501,22 WEST 15 STREET,40.7370834,-73.9945945,123964.0,RM,1.0,GROSVENOR HOUSE CONDO
1008167502,42 WEST 15 STREET,40.7373469,-73.9952765,15551.0,RM,1.0,NAME NOT ON FILE
1008227505,16 WEST 21 STREET,40.7405581,-73.9917795,18063.0,R1,1.0,16W21 CONDOMINIUM 16 W. 21 ST PARTNERS LLC
1008227506,21 WEST 20 STREET,40.7405115,-73.9923822,80907.0,RM,2.0,UNAVAILABLE OWNER
1008207501,140 5 AVENUE,40.739161,-73.991841,42845.0,RM,1.0,NAME NOT ON FILE
1008167504,540 6TH AVENUE,40.7374924,-73.9963915,64656.0,RM,1.0,LS-14 AVE LLC
1008227507,160 FIFTH AVENUE,40.7402396,-73.9910289,111163.0,RC,1.0,RFL 160 FIFTH LLC
1008217505,27 WEST 19 STREET,40.7399049,-73.992772,20255.0,RD,1.0,UNAVAILABLE OWNER
1008227504,15 WEST 20 STREET,40.7403577,-73.9920177,41025.0,RM,1.0,15 WEST 20TH STREET CONDOMINIUM
1008237506,162 5 AVENUE,40.7405855,-73.9908088,114503.0,RC,1.0,UNAVAILABLE OWNER
1008257502,39 WEST 23RD STREET,40.7425699,-73.9909276,85439.0,RM,1.0,"39 WEST 23RD STREET, LLC"
1008237507,7 WEST 21 STREET,40.7409423,-73.9911299,273728.0,RM,1.0,UNAVAILABLE OWNER
1008237508,29 WEST 21ST STREET,40.741118,-73.9919743,14171.0,RM,1.0,"TWENTY-FIRST LOFTS, LLC"
1008237505,52 WEST 22 STREET,40.7417439,-73.992714,6225.0,R1,1.0,UNAVAILABLE OWNER
1005907501,17 CORNELIA STREET,40.7316461,-74.0020675,10270.0,R1,3.0,THE CORNELIA MEWS CONDOMINIUM
1005887502,84 BEDFORD STREET,40.7319782,-74.0050623,6414.0,R1,1.0,UNAVAILABLE OWNER
1006127501,22 PERRY STREET,40.7355684,-74.0019593,20463.0,RM,1.0,ACUMED
1006127503,259 WEST 4 STREET,40.7354009,-74.0031357,18685.0,RM,1.0,PERRY STREET CONDOMINUM
1006117501,130 7 AVENUE,40.7345666,-74.0025294,15414.0,RM,1.0,UNAVAILABLE OWNER
1006107501,45 CHRISTOPHER STREET,40.7339572,-74.0018547,106769.0,RM,1.0,45 CHRISTOPHER STREET CONDO
1006207502,223 WEST 10 STREET,40.73413,-74.0052068,19844.0,RM,2.0,THE AMOS ST.CONDOMINUM
1006217503,382 BLEECKER STREET,40.7351538,-74.005113,16914.0,RM,1.0,UNAVAILABLE OWNER
1006217501,93 CHARLES STREET,40.734786,-74.005214,14103.0,R1,1.0,UNAVAILABLE OWNER
1006207501,534 HUDSON STREET,40.7342425,-74.0058779,56772.0,RM,1.0,UNAVAILABLE OWNER
1006297503,345 WEST 13 STREET,40.7401246,-74.0047598,126372.0,RM,2.0,UNAVAILABLE OWNER
1006297502,350 WEST 14 STREET,40.7404759,-74.0049366,39080.0,RM,1.0,VILLAGE POINTE CONDO
1006297505,325 WEST 13 STREET,40.7397733,-74.004103,12592.0,R1,1.0,UNAVAILABLE OWNER
1006297507,348 W 14TH STREET,40.7403963,-74.0047851,12364.0,RB,1.0,348 WEST 14TH ST LLC
1006297506,317 WEST 13 STREET,40.7396416,-74.0037926,7243.0,RM,1.0,UNAVAILABLE OWNER
1006297501,321 WEST 13 STREET,40.7397266,-74.0039947,24171.0,R4,1.0,GANSEVOORT CONDOMINIUM INC
1006187501,222 WEST 14 STREET,40.7388868,-74.0012991,123979.0,RM,1.0,222-228 WEST 14TH STREET REALTY CORP.
1006187503,218 WEST 14 STREET,40.738766,-74.0010284,11560.0,RM,1.0,UNAVAILABLE OWNER
1006167502,11 JANE STREET,40.7383186,-74.0029554,30205.0,R1,1.0,17  JANE STREET CONDOMINIUM
1006187504,122 GREENWICH AVENUE,40.7392244,-74.002425,60292.0,RM,1.0,UNAVAILABLE OWNER
1006147501,213 WEST 11 STREET,40.7365867,-74.0018547,4650.0,RM,2.0,WAVERLY CONDOMINIUMS
1007937502,120 WEST 18 STREET,40.7400835,-73.9961135,27892.0,RM,1.0,120 W 18TH ST CONDO
1007917502,126 WEST 16 STREET,40.7390103,-73.9972358,46828.0,RM,2.0,124-126 WEST 16TH STREET CONDOMINIUM
1007937507,100 WEST 18 STREET,40.7398419,-73.995547,94263.0,RM,1.0,UNAVAILABLE OWNER
1007937504,124 WEST 18 STREET,40.7401329,-73.9962326,10077.0,RM,1.0,UNAVAILABLE OWNER
1007927507,136 WEST 17 STREET,40.7398008,-73.9972791,11200.0,RM,1.0,UNAVAILABLE OWNER
1007927505,114 WEST 17 STREET,40.7395043,-73.9965682,31560.0,RM,1.0,UNAVAILABLE OWNER
1007927501,131 WEST 16 STREET,40.7395263,-73.9973224,31046.0,R4,1.0,136 WEST 17TH STREET
1007907501,137 WEST 15 STREET,40.7385437,-73.99812,3337.0,R6,1.0,UNAVAILABLE OWNER
1007927506,110 WEST 17 STREET,40.7394028,-73.9963301,11414.0,RM,1.0,UNAVAILABLE OWNER
1007927503,130 WEST 17 STREET,40.7397541,-73.9971636,36268.0,RM,1.0,130 WEST 17 ST CONDOMINIUM
1007937501,113 WEST 17 STREET,40.7398721,-73.9960233,58705.0,RM,1.0,113 WEST 17TH ST CORP
1007927502,138 WEST 17 STREET,40.7398447,-73.9973802,34581.0,RM,1.0,NAME NOT ON FILE
1007917501,121 WEST 15 STREET,40.7386535,-73.9971817,7718.0,R6,1.0,UNAVAILABLE OWNER
1007647504,209 WEST 14 STREET,40.7390433,-74.0000541,31235.0,RM,1.0,UNAVAILABLE OWNER
1007647502,221 WEST 14 STREET,40.739315,-74.0004835,20982.0,RM,3.0,220 221 223 CONDO B/M
1007647501,217 WEST 14 STREET,40.739175,-74.0003681,17902.0,RM,2.0,SHARED EQUITIES
1007927504,101 7 AVENUE,40.7399765,-73.9982354,195190.0,RM,1.0,ARTHUR WR FAMILY LP
1007907504,135 WEST 14 STREET,40.738283,-73.998286,21172.0,RM,1.0,UNAVAILABLE OWNER
1007647505,214 WEST 15TH STREET,40.739433,-74.0001732,17012.0,R1,1.0,CHELSEA15 PARTNERS LLC
1007667503,206 WEST 17 STREET,40.740369,-73.9987947,69860.0,RM,1.0,UNAVAILABLE OWNER
1007677504,224 WEST 18 STREET,40.7413242,-73.9993865,53649.0,RM,1.0,UNAVAILABLE OWNER
1007677503,201 WEST 17 STREET,40.7407615,-73.9984808,71206.0,RM,1.0,UNAVAILABLE OWNER
1007677505,210 WEST 18 STREET,40.7410442,-73.9987478,274965.0,RM,1.0,UNAVAILABLE OWNER
1007677501,158 8 AVENUE,40.7419637,-74.0005052,3955.0,RM,1.0,NATIONWIDE ASSOCIATES INC
1007667502,124 8 AVENUE,40.7412226,-74.0009996,136098.0,RM,1.0,THE GRAND CHELSEA CONDOMINIUM
1007677502,257 WEST 17 STREET,40.741563,-74.0003248,73496.0,RM,1.0,257 WEST 17TH STREET CONDOMINIUM
1007667504,246 WEST 17 STREET,40.7410113,-74.0001227,49841.0,R4,1.0,UNAVAILABLE OWNER
1007667501,252 WEST 17 STREET,40.7412089,-74.0005269,15090.0,R4,1.0,252 W 17TH CONDO
1007647506,251 WEST 14TH STREET,40.7396636,-74.001595,34045.0,RM,1.0,FPNY LLC
1007657501,246 WEST 16TH STREET,40.7405446,-74.0008913,11148.0,RM,1.0,246 WEST 16TH STREET LLC
1007647503,245 WEST 14 STREET,40.7396004,-74.0014434,36195.0,RM,1.0,UNAVAILABLE OWNER
1007937506,144 WEST 18 STREET,40.740476,-73.9970409,47287.0,RM,1.0,UNAVAILABLE OWNER
1007937503,138 WEST 18 STREET,40.7403387,-73.9967198,3796.0,RM,1.0,UNAVAILABLE OWNER
1007937508,166 WEST 18 STREET,40.7407724,-73.9977085,56136.0,RM,1.0,UNAVAILABLE OWNER
1007937505,151 WEST 17 STREET,40.7407752,-73.9974595,108969.0,R4,1.0,UNAVAILABLE OWNER
1007907503,133 WEST 14 STREET,40.73825,-73.9982066,12885.0,RM,1.0,UNAVAILABLE OWNER
1007907502,125 WEST 14 STREET,40.7381786,-73.9976436,343534.0,RM,2.0,UNAVAILABLE OWNER
1007907505,101 WEST 14 STREET,40.7377175,-73.9969436,57268.0,RM,1.0,531-539 SIXTH AVENUE LLC
1007147501,450 WEST 17 STREET,40.7434868,-74.0063876,504210.0,RM,1.0,UNAVAILABLE OWNER
1007387505,351 WEST 14TH STREET,40.7410331,-74.004731,60444.0,RC,3.0,MEPA REALTY LLC
1007387502,366 WEST 15 STREET,40.741379,-74.0046444,38478.0,RM,1.0,UNAVAILABLE OWNER
1007387503,333 WEST 14 STREET,40.7406928,-74.0039551,21059.0,R1,1.0,UNAVAILABLE OWNER
1007417501,300 WEST 18 STREET,40.7422436,-74.0010357,8986.0,RM,1.0,UNAVAILABLE OWNER
1007387504,345 WEST 14 STREET,40.7408684,-74.0044459,56600.0,RM,1.0,345 WEST 14TH STREET CONDOMINIUM
1007407502,346 WEST 17 STREET,40.742293,-74.0034283,183484.0,RC,1.0,UNAVAILABLE OWNER
1007407501,127 8 AVENUE,40.7414449,-74.0016961,72212.0,RM,1.0,UNAVAILABLE OWNER
1007387501,85 8 AVENUE,40.7403443,-74.0026054,101034.0,R9,1.0,85 EIGHTH AVENUE CORP
1007457503,225 8 AVENUE,40.7444175,-73.9995345,76600.0,RM,1.0,"GALILEO ASSOCIATES, LLC"
1007437501,300 WEST 20 STREET,40.7434047,-74.0003284,43197.0,RC,1.0,UNAVAILABLE OWNER
1007427502,360 WEST 19 STREET,40.7436928,-74.0027896,2597.0,R6,1.0,UNAVAILABLE OWNER
1007420075,138 9 AVENUE,40.7437093,-74.0030278,2550.0,S2,1.0,138 NINTH LLC
1007427501,305 WEST 18 STREET,40.7427185,-74.0011837,35239.0,R4,1.0,305 CONDOMINIUM
1007177506,435 WEST 19TH STREET,40.7448099,-74.0044064,23838.0,R4,1.0,SP-CREH 19 HIGHLINE LLC
1007187503,445 WEST 20 STREET,40.7456333,-74.0045292,45684.0,R4,2.0,UNAVAILABLE OWNER
1007187501,177 9 AVENUE,40.7450433,-74.0028655,146020.0,RM,1.0,CHELSEA WEST 21ST STREEL LLC
1007167507,428 WEST 19TH STREET,40.7444366,-74.0046302,42687.0,RM,1.0,428 & 432 WEST 19TH STREET LLC
1007167505,456 WEST 19 STREET,40.7449471,-74.0057598,42632.0,RM,1.0,UNAVAILABLE OWNER
1007177505,455 WEST 19TH STREET,40.745142,-74.0052004,25204.0,RM,1.0,NYC PRINCE LLC
1007167502,452 WEST 19 STREET,40.7448208,-74.005536,23399.0,R4,1.0,THE 452 WEST 19 CONDOMINIUM
1007177501,445 WEST 19 STREET,40.7450103,-74.0048864,41639.0,R4,1.0,CHATHAM CHELSEA C/O B.H.S.
1007167504,459 WEST 18 STREET,40.7446012,-74.005785,23778.0,RM,2.0,UNAVAILABLE OWNER
1007167501,444 WEST 19 STREET,40.7446205,-74.0050632,50357.0,R4,1.0,UNAVAILABLE OWNER
1007167506,425 WEST 18 STREET,40.7442115,-74.0048034,134004.0,RR,1.0,UNAVAILABLE OWNER
1007167503,447 WEST 18 STREET,40.7445134,-74.0055179,70730.0,R4,1.0,UNAVAILABLE OWNER
1007187502,180 10 AVENUE,40.7459709,-74.0048973,106206.0,RC,1.0,UNAVAILABLE OWNER
1007467502,344 WEST 23 STREET,40.7457789,-74.0003537,41918.0,R4,1.0,358 W 23RD ST CONDOMINIUM
1007467501,358 WEST 23 STREET,40.7460122,-74.0009058,7558.0,RM,1.0,358 W 23RD ST CONDOMINIUM
1007467506,312 WEST 23 STREET,40.745337,-73.9992999,39567.0,RM,1.0,THE LOUIS PHILIPPE CONDOMINIUM
1007467507,350 WEST 23 STREET,40.7458969,-74.0006316,26815.0,R4,1.0,UNAVAILABLE OWNER
1007467505,322 WEST 23 STREET,40.7454385,-73.9995453,18938.0,RM,1.0,UNAVAILABLE OWNER
1007467503,249 8 AVENUE,40.7451833,-73.9989823,163241.0,RM,1.0,UNAVAILABLE OWNER
1007467508,327 WEST 22ND STREET,40.7453727,-74.0001552,10665.0,R1,2.0,CHELSEA WEST 22ND LLC
1007237501,263 9 AVENUE,40.748337,-74.0003862,89203.0,RD,1.0,HEYWOOD REALTY LLC
1007237502,401 WEST 25 STREET,40.7480927,-74.000563,135533.0,RM,1.0,UNAVAILABLE OWNER
1007227501,420 WEST 25 STREET,40.7480872,-74.0017179,95935.0,R4,1.0,UNAVAILABLE OWNER
1007217501,465 WEST 23 STREET,40.7478923,-74.0035621,668258.0,RM,2.0,LONDON TERRACE TOWERS CONDOMINIUM
1007207501,420 WEST 23 STREET,40.746638,-74.0024036,38168.0,RM,1.0,PAUL ALLEN
1007767502,237 WEST 26 STREET,40.7469179,-73.9958677,10014.0,RM,1.0,UNAVAILABLE OWNER
1007787502,215 WEST 28TH STREET,40.7477824,-73.9940884,123615.0,RM,1.0,215 WEST 28TH STREET PROPERTY OWNER LLC
1007780075,370 8 AVENUE,40.7486416,-73.9956366,10297.0,HR,1.0,370 8TH AVENUE GROUP LLC
1007787501,261 WEST 28 STREET,40.7484522,-73.9957774,58194.0,RM,1.0,THE ONYX CHELSEA CONDOMINIUM
1008020075,158 WEST 27 STREET,40.7461794,-73.9933379,108000.0,O6,1.0,"AFIAA 158 WEST 27TH STREET, LLC"
1007767501,231 WEST 26 STREET,40.7468163,-73.9956259,10130.0,R1,1.0,NAME NOT ON FILE
1008037501,315 7 AVENUE,40.7469699,-73.9932331,66868.0,RM,1.0,315 SEVENTH AVE CONDO
1008027502,291 7 AVENUE,40.7462042,-73.993706,36420.0,RX,1.0,UNAVAILABLE OWNER
1008037502,301 7 AVENUE,40.7466433,-73.9933775,119248.0,RC,1.0,"NEWMARK,KNIGHT & FRANK"
1008027501,144 WEST 27 STREET,40.7460092,-73.9929481,66740.0,RM,1.0,UNAVAILABLE OWNER
1008037503,145 WEST 27 STREET,40.7464045,-73.9927171,23760.0,RM,1.0,147 WEST 27TH ST CONDOMINUM
1008027503,107 WEST 26 STREET,40.7452049,-73.991797,12143.0,RM,1.0,107 WEST 26TH STREET LLC
1006987501,520 WEST 27 STREET,40.750519,-74.0036489,44792.0,RC,1.0,UNAVAILABLE OWNER
1006997503,520 WEST 28 STREET,40.7509856,-74.0030029,143052.0,RM,1.0,UNAVAILABLE OWNER
1006997501,503 WEST 27 STREET,40.7504367,-74.0025733,9720.0,R1,1.0,NAME NOT ON FILE
1006997504,527 WEST 27TH STREET,40.7510872,-74.0034432,83114.0,RM,1.0,THE JARDIM CONDOMINIUM
1008000057,130 WEST 25 STREET,40.7445518,-73.993255,49237.0,O6,1.0,25 BUILDING ASSOCIATES
1006957508,508 WEST 24 STREET,40.7484824,-74.0045727,41899.0,RM,1.0,UNAVAILABLE OWNER
1006957507,515 WEST 23 STREET,40.7482024,-74.0046485,38807.0,RM,1.0,UNAVAILABLE OWNER
1006967503,503 WEST 24 STREET,40.7486334,-74.0038328,56599.0,RM,1.0,UNAVAILABLE OWNER
1006957504,231 10 AVENUE,40.7482957,-74.0041396,39593.0,RM,1.0,VESTA 24 CONDOMINIUM
1006957505,519 WEST 23 STREET,40.7482436,-74.0047531,18732.0,R4,1.0,UNAVAILABLE OWNER
1006967504,500 WEST 25TH,40.7489737,-74.0035983,24465.0,RM,1.0,500 W25TH OWNER LLC
1006957501,227 10 AVENUE,40.7481503,-74.0042479,7005.0,RM,1.0,THE 227 TENTH AVE CONDOMINIUM
1006967502,245 10 AVENUE,40.7488502,-74.003905,40760.0,RM,1.0,UNAVAILABLE OWNER
1006957502,521 WEST 23 STREET,40.748293,-74.0048686,36866.0,RM,1.0,UNAVAILABLE OWNER
1006937504,504 WEST 22ND STREET,40.7470798,-74.0051934,5258.0,RM,1.0,504 WEST 22ND STREET LLC
1006937501,532 WEST 22 STREET,40.7475134,-74.0064096,36286.0,RM,1.0,UNAVAILABLE OWNER
1006947501,525 WEST 22 STREET,40.7476123,-74.0054677,88671.0,RM,1.0,UNAVAILABLE OWNER
1006927501,120 11 AVENUE,40.746893,-74.0075392,40203.0,RM,1.0,UNAVAILABLE OWNER
1006917501,100 11 AVENUE,40.7461739,-74.0076365,118137.0,RM,1.0,UNAVAILABLE OWNER
1006957511,514 WEST 24TH STREET,40.7485839,-74.0048109,53002.0,RM,1.0,514 WEST 24TH OWNER LLC
1006927502,500 WEST 21 STREET,40.7462371,-74.0056264,84634.0,RM,1.0,UNAVAILABLE OWNER
1006937503,510 WEST 22ND STREET,40.7470194,-74.0056986,129231.0,R5,1.0,"510 WEST 22ND STREET OWNER, LLC"
1006937502,144 11 AVENUE,40.7475792,-74.0073047,153053.0,RM,1.0,551 WEST 21ST STREET CONDOMINIUM
1007990040,725 AVENUE OF THE AMERICAS,40.7434566,-73.9927427,6272.0,S5,1.0,725 SIXTH AVENUE OWNER LLC
1006957503,555 WEST 23 STREET,40.7488748,-74.0058828,265686.0,RM,1.0,UNAVAILABLE OWNER
1006957510,559 WEST 23 STREET,40.748905,-74.0063268,15941.0,RM,1.0,UNAVAILABLE OWNER
1006947502,555 WEST 22ND STREET,40.748378,-74.0067778,296467.0,R4,1.0,"22ND AND 11TH ASSOCIATES, L.L.C."
1006937505,500 WEST 22 STREET,40.7470112,-74.0050273,26800.0,RM,1.0,SREP 10TH AVENUE VENTURE LLC
1006907503,515 WEST 18TH STREET,40.7451501,-74.0067883,322221.0,RM,1.0,"18TH HIGHLINE ASSOCIATES, L.L.C."
1006907502,524 WEST 19 STREET,40.7455838,-74.0073622,25528.0,RM,1.0,UNAVAILABLE OWNER
1006907501,520 WEST 19 STREET,40.7454795,-74.0071204,58700.0,RM,1.0,UNAVAILABLE OWNER
1006887501,99 10 AVENUE,40.7440549,-74.007694,708000.0,RI,1.0,NAME NOT ON FILE
1006897501,500 WEST 18TH STREET,40.7447,-74.0074198,744344.0,RM,3.0,76 ELEVENTH AVENUE PROPERTY OWNER LLC
1006917502,505 WEST 19 STREET,40.7456085,-74.0063012,91665.0,RM,1.0,UNAVAILABLE OWNER
1006957509,560 WEST 24 STREET,40.749163,-74.0061896,31250.0,RM,1.0,UNAVAILABLE OWNER
1006957506,200 11 AVENUE,40.7492481,-74.0063917,42413.0,R4,1.0,UNAVAILABLE OWNER
1006967501,525 WEST 24 STREET,40.7491411,-74.0049697,10382.0,RK,1.0,UNAVAILABLE OWNER
1007720075,256 WEST 23 STREET,40.7446535,-73.9980765,97435.0,J9,1.0,273 WEST 22 LLC
1007987504,158 WEST 23 STREET,40.7435473,-73.995074,14506.0,RM,1.0,158 WEST 23 LLC
1007987503,136 WEST 23 STREET,40.7432563,-73.9943811,21273.0,RM,1.0,CLARET COMMONS CONDOMINIUM
1007997501,124 WEST 24 STREET,40.7439041,-73.9936954,36462.0,RM,1.0,"124 WEST 24TH ST. ACQUISITION, LLC"
1007987502,215 7 AVENUE,40.7435775,-73.9954385,109366.0,RM,1.0,CHELSEA 7TH CONDO
1008007502,108 WEST 25 STREET,40.7442416,-73.9925333,30175.0,RM,1.0,UNAVAILABLE OWNER
1007737504,278 8TH AVENUE,40.7455209,-73.997914,169060.0,RM,1.0,CHELSEA 23RD REALTY LLC
1008017502,146 WEST 26 STREET,40.7454164,-73.9934643,53491.0,RM,1.0,UNAVAILABLE OWNER
1007757503,261 WEST 25 STREET,40.7465062,-73.9968025,60703.0,R4,1.0,UNAVAILABLE OWNER
1007737503,236 WEST 24 STREET,40.745197,-73.9967664,7853.0,R1,1.0,UNAVAILABLE OWNER
1008017501,137 WEST 25 STREET,40.7450815,-73.993421,80850.0,RC,1.0,137-139 W 25 ST CONDO
1007757502,306 8 AVENUE,40.7467917,-73.9967772,177552.0,RM,1.0,UNAVAILABLE OWNER
1007757501,217 WEST 25 STREET,40.7458584,-73.9952579,109490.0,RI,1.0,ARADCO LTD
1007747501,252 7 AVENUE,40.7453094,-73.9954853,623668.0,RM,1.0,UNAVAILABLE OWNER
1007740075,266 WEST 25 STREET,40.7460698,-73.9969613,11660.0,C4,1.0,264-266 W 25 STREET LLC
1008017504,128 WEST 26TH STREET,40.7451309,-73.9927822,20937.0,RM,1.0,128 WEST 26 STREET DEVELOPMENT LLC
1008007504,101 WEST 24 STREET,40.7440055,-73.9924034,249981.0,RM,1.0,UNAVAILABLE OWNER
1008017503,127 WEST 25 STREET,40.7449196,-73.9930349,68865.0,RC,1.0,UNAVAILABLE OWNER
1007987508,130 WEST 23RD STREET,40.7431301,-73.994078,34406.0,RM,2.0,GRAMERCY 128 WEST LLC
1007987505,125 WEST 22 STREET,40.7428583,-73.9941971,43864.0,R4,1.0,125 WEST 22 STREET CONDOMINIUM
1007697509,192 8TH AVENUE,40.7430726,-73.9997005,10088.0,RM,1.0,192 8TH AVENUE REALTY GROUP LLC
1007700075,212 8 AVENUE,40.7437752,-73.99917,9891.0,C7,4.0,212 8TH OWNER LLC
1007977506,116 WEST 22 STREET,40.7423972,-73.9942549,15866.0,R1,1.0,SOMA CONDOMINIUM
1007977507,140 WEST 22 STREET,40.7427403,-73.9950668,61968.0,RM,1.0,UNAVAILABLE OWNER
1007977503,132 WEST 22 STREET,40.7426168,-73.9947745,36401.0,RM,1.0,UNAVAILABLE OWNER
1007977502,126 WEST 22 STREET,40.7425509,-73.9946193,54079.0,RM,1.0,UNAVAILABLE OWNER
1007977501,125 WEST 21 STREET,40.74226,-73.9946843,65623.0,RM,1.0,UNAVAILABLE OWNER
1007977505,146 WEST 22 STREET,40.7428062,-73.9952292,30958.0,RM,1.0,UNAVAILABLE OWNER
1007977504,136 WEST 22 STREET,40.742669,-73.9949008,27467.0,RM,1.0,UNAVAILABLE OWNER
1007977509,117 WEST 21 STREET,40.7421667,-73.9944642,32838.0,R1,1.0,UNAVAILABLE OWNER
1007967503,129 WEST 20 STREET,40.7417742,-73.9953808,29838.0,RM,1.0,UNAVAILABLE OWNER
1007697503,160 7 AVENUE,40.7422025,-73.9975064,126041.0,RM,1.0,KENSINGTON HOUSE CO
1007947504,155 WEST 18 STREET,40.7408136,-73.9967378,61578.0,RM,1.0,155 WEST 18TH ST CONDOMINIUM
1007947503,138 WEST 19 STREET,40.7409783,-73.9964527,7943.0,R1,1.0,UNAVAILABLE OWNER
1007957501,121 WEST 19 STREET,40.7411072,-73.9956227,120468.0,RM,1.0,UNAVAILABLE OWNER
1007977508,153 WEST 21 STREET,40.7425921,-73.995471,55378.0,R4,1.0,UNAVAILABLE OWNER
1007947501,130 WEST 19 STREET,40.7408794,-73.9962145,90401.0,R4,1.0,UNAVAILABLE OWNER
1007957502,130 WEST 20 STREET,40.7414531,-73.9957309,30769.0,R4,1.0,UNAVAILABLE OWNER
1007967501,179 7 AVENUE,40.7424467,-73.9963949,35192.0,RM,1.0,NAME NOT ON FILE
1007947505,142 WEST 19 STREET,40.7410606,-73.9966078,11301.0,R1,1.0,USD 142 W 19 LLC
1007947502,163 WEST 18 STREET,40.740992,-73.9971492,31627.0,RD,1.0,THE SLATE CONDOMINIUMS
1007710075,232 8 AVENUE,40.7443351,-73.9987802,5714.0,S5,1.0,232 EIGHTH AVE.RLTYCORP
1007717501,238 WEST 22 STREET,40.7437972,-73.9975893,4158.0,R6,1.0,UNAVAILABLE OWNER
1007697506,217 WEST 19 STREET,40.7422134,-73.9982065,50790.0,RM,1.0,THE DANCE BUILDING CONDOMINIUM
1007687505,239 WEST 18 STREET,40.7420021,-73.9995525,10589.0,RM,1.0,UNAVAILABLE OWNER
1007697504,223 WEST 19 STREET,40.7422848,-73.9983869,18843.0,RM,1.0,223 WEST 19TH STREET CONDO ASSOCIATION
1007697507,234 WEST 20 STREET,40.7427377,-73.9987694,8288.0,R1,1.0,UNAVAILABLE OWNER
1007697502,237 WEST 19 STREET,40.7424275,-73.998856,2455.0,R6,1.0,NAME NOT ON FILE
1007687503,211 WEST 18 STREET,40.741519,-73.998405,14339.0,R1,1.0,UNAVAILABLE OWNER
1007697501,239 WEST 19 STREET,40.7424468,-73.9989029,2455.0,R6,1.0,RADACINSKI MAGGI
1007687501,210 WEST 19 STREET,40.7417304,-73.9982101,48676.0,R4,1.0,CHARLES H GREENTHAL & CO INC
1007687504,270 WEST 19 STREET,40.742337,-73.9997402,18644.0,RM,1.0,UNAVAILABLE OWNER
1007697508,241 WEST 19 STREET,40.7425291,-73.9989354,27645.0,RM,2.0,UNAVAILABLE OWNER
1007987501,119 WEST 22 STREET,40.7427897,-73.9940311,16679.0,RB,1.0,NAME NOT ON FILE
1007987507,124 WEST 23 STREET,40.7430642,-73.9939192,43238.0,RM,1.0,UNAVAILABLE OWNER
1007987506,133 WEST 22 STREET,40.7430532,-73.994659,112400.0,RM,1.0,UNAVAILABLE OWNER
1008007501,245 7 AVENUE,40.7448181,-73.9947599,62582.0,RM,1.0,UNAVAILABLE OWNER
1008007503,141 WEST 24 STREET,40.7444914,-73.9939624,19850.0,RM,1.0,UNAVAILABLE OWNER
1007737501,200 WEST 24 STREET,40.744755,-73.9955358,30927.0,RM,1.0,CHELSEA ROYALE CONDOMINIUM
1008007505,159 WEST 24 STREET,40.7447495,-73.9945542,22675.0,R4,1.0,CARRIAGE HOUSE CONDOMINIUM 159 WEST 24TH STREET LLC
1007737502,213 WEST 23 STREET,40.7446288,-73.9961132,65664.0,RD,1.0,UNAVAILABLE OWNER
1007697505,251 WEST 19 STREET,40.7426197,-73.9991664,72303.0,RM,1.0,THE CHELSEA 19 CONDOMINUM
1007687502,140 7 AVENUE,40.7414833,-73.9979683,87047.0,RM,1.0,CHADWIN HOUSE CONDOMINIUM
1006377505,165 CHARLES STREET,40.7341051,-74.0097099,68132.0,RM,1.0,UNAVAILABLE OWNER
1006377508,166 PERRY STREET,40.7344756,-74.0093744,44289.0,R4,1.0,UNAVAILABLE OWNER
1006377504,173 PERRY STREET,40.734418,-74.0097136,79123.0,RM,2.0,UNAVAILABLE OWNER
1006377503,374 WEST 11 STREET,40.7351728,-74.0097101,15474.0,RM,1.0,374 WEST 11TH STREET CORP
1006387501,164 BANK STREET,40.7358288,-74.0094179,17586.0,RM,1.0,BANK HOUSE STREET CONDO
1006377501,155 PERRY STREET,40.7349313,-74.008927,41475.0,R4,1.0,155 PERRY ST CONDOMINUM
1006377502,366 WEST 11 STREET,40.7351618,-74.0092843,54811.0,R4,1.0,366 WEST 11 ST CONDO
1006387502,359 WEST 11 STREET,40.7356147,-74.0090859,32207.0,R4,1.0,UNAVAILABLE OWNER
1006377507,360 WEST 11 STREET,40.7352003,-74.0090065,32308.0,RM,1.0,360 CONDOMINIUM A/K/A PALAZZO CHUPI
1006377506,163 CHARLES STREET,40.7341545,-74.0094501,9296.0,RM,1.0,163 CHARLES STREET CONDOMINIUM
1006337501,744 GREENWICH STREET,40.7353651,-74.0071301,15023.0,R1,1.0,UNAVAILABLE OWNER
1006317502,677 WASHINGTON STREET,40.7339432,-74.0081403,82830.0,RM,1.0,PALESTRONI ALFIERO
1006367501,296 WEST 10 STREET,40.7330785,-74.0093345,28572.0,R4,1.0,RIVERWEST CONDOMINIUM ASSOCIATION
1006307502,513 HUDSON STREET,40.73357,-74.0066428,14323.0,RM,1.0,CLAREMONT SOUTH CONDOMINIUM AS
1006367503,150 CHARLES STREET,40.7336302,-74.0092408,264976.0,R4,1.0,UNAVAILABLE OWNER
1006317503,275 WEST 10 STREET,40.7336578,-74.0081872,120394.0,R4,1.0,UNAVAILABLE OWNER
1006317501,708 GREENWICH STREET,40.7338856,-74.007563,59563.0,RM,1.0,GREENWICH 33 APARTMENT CORP
1006407501,400 WEST 12 STREET,40.7372094,-74.0092485,164753.0,R4,8.0,UNAVAILABLE OWNER
1006397501,151 BANK STREET,40.7365287,-74.0090752,726770.0,RM,1.0,WESTBETH CORP. HOUSING DEVELOPMENT FUND  COMPANY
1006467502,450 WEST 14 STREET,40.7416752,-74.0078309,103878.0,RB,1.0,UNAVAILABLE OWNER
1006457501,837 WASHINGTON STREET,40.7406295,-74.0073544,49401.0,RC,1.0,UNAVAILABLE OWNER
1006437501,75 HORATIO STREET,40.7389387,-74.0073109,11362.0,R2,1.0,"204-206 21STREET, LLC"
1006277501,637 HUDSON STREET,40.7388757,-74.0057412,6631.0,RM,1.0,GOLDIN MANAGEMENT INC
1006427501,111 JANE STREET,40.7383265,-74.0090321,11969.0,R1,1.0,111 JANE STREET CONDOMINIUM
1006417503,385 WEST 12 STREET,40.7377447,-74.0088697,40286.0,R4,1.0,385 WEST 12TH STREET CONDOMINIUM
1006417502,495 WEST STREET,40.737794,-74.0094579,30088.0,R1,1.0,495 WEST STREET CONDOMINIUM
1006417501,88 JANE STREET,40.7378518,-74.0075598,24040.0,R4,2.0,88 JANE W 12 CONDOMINIUM
1006417504,397 WEST 12 STREET,40.7377584,-74.0091944,25180.0,R1,1.0,UNAVAILABLE OWNER
1006427502,99 JANE STREET,40.7384418,-74.0085955,147927.0,R4,1.0,UNAVAILABLE OWNER
1006057501,657 GREENWICH STREET,40.7328921,-74.0070433,42161.0,R5,2.0,UNAVAILABLE OWNER
1005527504,88 WEST WASHINGTON PLCE,40.7319618,-74.0004149,40439.0,RM,1.0,88 WASHINGTON PLACE CONDOMINIUM
1005527501,360 AVENUE OF THE AMERICAS,40.7324888,-74.0000036,57826.0,RM,1.0,WASHINGTON COURT CONSOMINIUM
1005777503,3 WEST 13 STREET,40.7357549,-73.9945766,12930.0,RM,1.0,UNAVAILABLE OWNER
1005777501,72 5 AVENUE,40.735571,-73.9943348,35310.0,RC,1.0,UNAVAILABLE OWNER
1005767504,36 WEST 13 STREET,40.7359224,-73.9961859,29164.0,RM,1.0,RAMBUSHI CONDOMINIUM BOARD OF MNGRS
1005777504,14 WEST 14 STREET,40.7361612,-73.9947389,31874.0,RM,1.0,UNAVAILABLE OWNER
1005767501,60 WEST 13 STREET,40.7362216,-73.9968751,58516.0,R4,1.0,VILLAGE HOUSE CONDOMINIUM CORP
1005767502,59 WEST 12 STREET,40.7358346,-73.9967452,104825.0,RM,1.0,59 WEST 12TH STREET CONDOMINIUM
1005777502,65 WEST 13 STREET,40.7368392,-73.9967921,233409.0,RM,1.0,THE GREENWICH CONDOMINIUM
1005537503,181 MACDOUGAL STREET,40.7329252,-73.9983402,22571.0,RM,1.0,"CLINTON EIGHT REALTY, LLC"
1005767503,8 WEST 13 STREET,40.7354915,-73.9950962,37683.0,RM,1.0,LCC REALTY CORP
1005927501,1 SHERIDAN SQUARE,40.7327633,-74.0018402,27933.0,RM,2.0,SHERIDAN CONDOMINIUM BOARD
1006077503,133 WEST 11 STREET,40.7365483,-74.0000072,533883.0,RM,1.0,THE GREENWICH LANE CONDOMINIUM
1006077502,122 WEST 12 STREET,40.7362601,-73.9989572,83082.0,R4,1.0,UNAVAILABLE OWNER
1006087503,138 WEST 13 STREET,40.7371686,-73.9991231,3705.0,R1,2.0,UNAVAILABLE OWNER
1006087505,161 WEST 12 STREET,40.7370725,-73.9996897,11780.0,RA,1.0,UNAVAILABLE OWNER
1005927502,150 WAVERLY PLACE,40.7331475,-74.001032,10002.0,R1,1.0,NAME NOT ON FILE
1006107503,134 WEST 10 STREET,40.7343003,-74.0004474,24637.0,RM,2.0,UNAVAILABLE OWNER
1006087506,118 WEST 13TH STREET,40.7368804,-73.9984375,25972.0,RD,1.0,118 WEST 13TH STREET OWNER LLC
1008497505,141 5 AVENUE,40.7399596,-73.9903614,82363.0,RM,1.0,141 FIFTF AVENUE CONDOMINIUM
1008437501,73 5 AVENUE,40.7366661,-73.9926352,52396.0,RM,1.0,UNAVAILABLE OWNER
1008427501,69 5 AVENUE,40.7361528,-73.9931115,175750.0,RM,2.0,NAME NOT ON FILE
1007537501,341 WEST 29 STREET,40.7499975,-73.9974195,6080.0,R1,1.0,NAME NOT ON FILE
1007517501,36 WEST 28 STREET,40.7492208,-73.9985527,9538.0,R4,1.0,ANDREWS BUILDING CORP
1008000049,112 WEST 25 STREET,40.744302,-73.9927462,185831.0,H2,1.0,CHELSEA 25 HOTEL LLC
1005707501,55 5 AVENUE,40.7347311,-73.9940607,262814.0,RC,1.0,YESHIVA UNIVERSITY
1005717503,10 EAST 14 STREET,40.7353843,-73.9932127,24842.0,RM,1.0,UNAVAILABLE OWNER
1005717501,7 EAST 13 STREET,40.7352855,-73.9930683,79238.0,RM,2.0,UNAVAILABLE OWNER
1007980054,118 WEST 23 STREET,40.7429818,-73.9937243,48539.0,D7,1.0,120 W 23RD ST LLC
1008200058,6 AVENUE,40.7395481,-73.9930354,0.0,Z9,0.0,RXR 620 OWNER II LLC
1008197507,21 WEST 17 STREET,40.7386181,-73.9933518,22568.0,R0,1.0,MN W18W17 LLC
1008197506,16 WEST 18 STREET,40.7388544,-73.9931794,16740.0,R0,1.0,MN W18W17 LLC
1006110037,7 AVENUE,40.7346681,-74.0024031,0.0,Z9,0.0,UNAVAILABLE OWNER
1006250037,JANE STREET,40.737948,-74.0046225,0.0,QG,0.0,"BOGART, BETH ANN"
1007440047,310 WEST 21 STREET,40.7441485,-74.0003104,4875.0,C4,0.0,"PROLIFIA, LLC"
1007640120,WEST 14 STREET,40.7396114,-74.0009455,0.0,V1,0.0,WALTER E SCHMIDT
1007380074,351 WEST 15TH STREET,40.7412692,-74.0044062,8741.0,C4,1.0,15TH STREET COMMONS LLC
1006420004,110 HORATIO STREET,40.7385461,-74.0093136,85030.0,D3,1.0,110-114 HORATIO II L.L.C.
1006420001,113 JANE STREET,40.7382963,-74.0093244,43618.0,H3,1.0,NYC CLUB OWNER LLC
1007740173,WEST 25 STREET,40.7458831,-73.9968927,0.0,V1,0.0,"CHABAD YOUNG PROFESSIONALS, INC."
1005727504,24 WEST 9TH STREET,40.7332596,-73.9974458,54000.0,R0,1.0,26 W 9TH STREET LLC
1005530044,127 WAVERLY PLACE,40.7328593,-73.9995778,0.0,V1,0.0,378 SIXTH LLC
1006097504,525 AVENUE OF THE AMERICAS,40.7372696,-73.9973682,,R0,1.0,525 6TH AVE LLC
1007720044,210 7 AVENUE,40.7436379,-73.9962216,3330.0,S9,1.0,CHELSEA 210 LLC
1007720038,213 WEST 22 STREET,40.7438054,-73.9965103,2448.0,B1,1.0,"KEMP, IMAD"
1007980066,142 WEST 23 STREET,40.7433469,-73.9945976,48680.0,D6,1.0,"GREENHORN DEVELOPMENT,"
1007720043,203 WEST 22 STREET,40.7436599,-73.9962757,2548.0,C3,1.0,22112 LLC
1007720040,209 WEST 22 STREET,40.7437258,-73.9964345,2776.0,A9,1.0,RED ROOM HOLDINGS LLC
1007720031,227 WEST 22 STREET,40.7439783,-73.9968531,3264.0,A5,1.0,"HAMBRECHT, GEORGE A."
1007730078,258 WEST 24 STREET,40.7454852,-73.9974557,3335.0,A4,1.0,"ACME FAMILY, LLC"
1007750003,304 8 AVENUE,40.7466681,-73.9970803,6361.0,S9,1.0,304 EIGHTH LLC
1007740086,288 8 AVENUE,40.7461686,-73.9974449,7556.0,C7,1.0,288 8TH AVENUE LLC
1007517502,335 8TH AVENUE,40.7477057,-73.9974157,232260.0,R0,1.0,MUTUAL REDEVELOPMENT HOUSES INC
1007730011,265 WEST 23 STREET,40.7452436,-73.9976398,3704.0,K2,1.0,"STANDARD RLTY ASSOC.,INC"
1007720083,250 8 AVENUE,40.7449774,-73.9983977,7259.0,K4,1.0,"250 EIGHTH AVENUE ASSOCIATES,"
1008000005,253 7 AVENUE,40.74498,-73.9946444,8016.0,M1,1.0,UNITED CHURCH OF CHRIST
1007730022,241 WEST 23 STREET,40.744939,-73.9969144,26270.0,D0,1.0,23RD STREET LOFT CORPORATION
1007730009,269 WEST 23 STREET,40.7452821,-73.99773,6281.0,K2,1.0,FIFTH JAM DEVELOPMENT
1007720081,254 8 AVENUE,40.7450543,-73.9983435,4660.0,S9,1.0,MARED ESTATES LLC
1007980026,129 WEST 22 STREET,40.7429297,-73.9943631,45006.0,D0,1.0,TOP OF THE LOFTS INC
1007720071,248 WEST 23 STREET,40.7446123,-73.9975965,13719.0,D4,1.0,CHELSEA TENANT OWNERS CORP
1007720074,254 WEST 23 STREET,40.7447084,-73.9978311,0.0,V1,0.0,273 WEST 22 LLC
1007720066,238 WEST 23 STREET,40.7444586,-73.9972392,9523.0,M1,1.0,CONG EMUNATH ISRAEL
1008000019,139 WEST 24 STREET,40.7444777,-73.9938216,13621.0,O5,2.0,G&G ELECTRIC REALTYCORPORATION
1008000020,135 WEST 24 STREET,40.7444228,-73.9937098,12609.0,D6,1.0,MARUISHI PHARMACEUTICAL CO. LTD.
1008000065,150 WEST 25 STREET,40.7447879,-73.9938793,66528.0,O6,1.0,DEZER PROPERTIES 146 LLC
1006240020,599 HUDSON STREET,40.7370861,-74.006055,7167.0,C1,2.0,599 HUDSON LLC
1006350015,39 BETHUNE STREET,40.7368143,-74.0078267,760.0,A9,2.0,REVOCABLE TRUST OF JOHN KEVIN HOYNS UAD  3/21/22
1006510007,PIER 54,40.7416091,-74.0109741,111720.0,T2,1.0,NYS DEPARTMENT OF TRANSPORTATION
1006510105,20 BLOOMFIELD STREET,40.7409036,-74.011407,74385.0,T2,1.0,NYS DEPARTMENT OF TRANSPORTATION
1006350034,107 BANK STREET,40.7365563,-74.0071122,7767.0,A4,1.0,105-107 NYC LLC
1006450022,53 LITTLE WEST 12 ST,40.7407255,-74.0083613,6250.0,O5,1.0,WILLIAM GOTTLIEB
1006450021,51 LITTLE WEST 12 ST,40.7406953,-74.0082855,0.0,V1,0.0,LITTLE W 12TH ST INC.
1006430059,832 GREENWICH STREET,40.7389168,-74.0066975,19700.0,D4,1.0,61 HORATIO APT CORP
1006430036,799 WASHINGTON STREET,40.7388783,-74.0078161,22956.0,O2,1.0,GOLDCREST FACILITIESLTD.
1006410010,128 JANE STREET,40.7379725,-74.0088697,50820.0,D4,1.0,HARBOR HOUSE OWNERS CORP  C/O TUDOR REAL TY SVCS CORP
1006410062,343 WEST 12 STREET,40.7377366,-74.0070474,6160.0,C6,1.0,343 W 12 ST 0WNERS CORP
1006050038,477 HUDSON STREET,40.7321427,-74.0070648,4320.0,M3,2.0,THE BOARD OF MANAGERS OF THE DIOCESAN MI SSIONARY ETC.
1007740024,219 WEST 24 STREET,40.7453616,-73.9960699,10008.0,C5,3.0,"219 24TH STREET, LLC"
1007740073,262 WEST 25 STREET,40.7460176,-73.9967953,3120.0,B9,1.0,"BRIAN S. LEVINE, TRUSTEE"
1006370051,423 WEST STREET,40.7350767,-74.0096704,12880.0,D1,1.0,423 WEST DEVELOPMENT LLC
1006370081,167 PERRY STREET,40.7348983,-74.0095441,60000.0,D4,1.0,167 HOUSING CORP
1006310038,120 CHARLES STREET,40.7342507,-74.0066645,6624.0,C2,2.0,120 CHARLES LLC
1006340032,752 GREENWICH STREET,40.7359278,-74.0069859,17332.0,C5,5.0,"GREENWICH STREET REALTY,"
1006380004,433 WEST STREET,40.7357821,-74.0096272,63000.0,D0,1.0,RIVERBANK APT CORP
1006380019,720 WEST 11 STREET,40.7358261,-74.0088297,118350.0,C6,10.0,WVH HOUSING CORPORATION
1006370040,159 CHARLES STREET,40.7341792,-74.0092878,4868.0,B9,2.0,159 CHARLES STREET OWNERS CORP
1006370030,688 WASHINGTON STREET,40.7342753,-74.0087574,37620.0,C6,2.0,WVH HOUSING CORPORATION
1006370077,161 PERRY STREET,40.7348983,-74.0091688,39750.0,D0,1.0,165 HOUSING CORP
1006300040,687 GREENWICH STREET,40.7334328,-74.0070722,3084.0,A9,1.0,"RICHARD L. GOLDSTEIN, TRUSTEE"
1006310027,273 WEST 10 STREET,40.7337045,-74.0078877,7668.0,C4,1.0,MAJOR 10TH ST REALTYCRP
1006360049,403 WEST STREET,40.733751,-74.0098181,11477.0,O8,1.0,"CROSS-EYED, LLC"
1006360060,680 WASHINGTON STREET,40.7337126,-74.0087176,31705.0,C6,2.0,WVH HOUSING CORPORATION
1006300137,GREENWICH STREET,40.7333559,-74.0070397,0.0,V1,1.0,"HINSCH, JONATHAN ADAM PARK"
1008010061,134 WEST 26 STREET,40.7452599,-73.993089,95069.0,O6,1.0,134 40 W 26 ST OWNRS CORP
1007680080,176 8 AVENUE,40.7426169,-74.0000541,2070.0,K1,1.0,176 8TH AVENUE PARTNERS LLC.
1007700006,263 WEST 20 STREET,40.7434129,-73.9993035,3480.0,C0,1.0,"ABBY STODDARD, TRUSTEE"
1007690167,254 WEST 20 STREET,40.7431604,-73.99952,3280.0,C1,1.0,SUK N REALTY CORP
1007700067,250 WEST 21 STREET,40.7434651,-73.99869,7310.0,C6,1.0,250 21 HOUSING CORP
1007970016,145 WEST 21 STREET,40.7425263,-73.9953122,5726.0,S5,1.0,145 W 21ST REALTY LLC
1007970070,150 WEST 22 STREET,40.7428749,-73.9953916,73611.0,O6,1.0,WIN PROPERTY MANAGEMENT LLC
1007700051,220 WEST 21 STREET,40.7430259,-73.9976976,25778.0,D1,1.0,218-220 WEST 21ST STREET LLC
1007950019,137 WEST 19 STREET,40.7412555,-73.9959763,11250.0,O5,1.0,BAJA 137 LLC
1007700043,184 7 AVENUE,40.7428255,-73.9969217,7488.0,C7,1.0,CHECO 184 7TH AVE LLC
1007940025,125 WEST 18 STREET,40.7405528,-73.9957634,228000.0,O6,1.0,WASSERSTEIN ENTERPRISES
1007700034,207 WEST 20 STREET,40.7426306,-73.9974558,5096.0,C1,2.0,"CHEN, JU CHAN"
1007700035,205 WEST 20 STREET,40.7425977,-73.9973764,7730.0,C7,1.0,344 BOWERY RETAIL LLC
1007700041,180 7 AVENUE,40.7427404,-73.9969867,6880.0,C7,1.0,"180 SEVENTH AVENUE ASSOCIATES,"
1007710055,230 WEST 22 STREET,40.7436928,-73.9973439,3800.0,A4,1.0,FIELDS HERBERT
1007710056,232 WEST 22 STREET,40.7437258,-73.9974089,5016.0,B3,1.0,"HORAN, TIMOTHY W.A."
1007700026,225 WEST 20 STREET,40.7428914,-73.9980946,7475.0,C4,1.0,225-227 W20 PROPERTY OWNER LLC
1007940066,148 WEST 19 STREET,40.7411704,-73.9968785,9000.0,Y1,1.0,FIRE DEPARTMENT OF NEW YORK
1007690009,255 WEST 19 STREET,40.7426554,-73.9993432,3960.0,C0,1.0,JULES FISHER
1007690006,261 WEST 19 STREET,40.7427899,-73.9995742,10500.0,C7,1.0,EIGHTH-19TH CO. LLC
1007680005,259 WEST 18 STREET,40.7422162,-74.0002382,3200.0,S5,1.0,MORTICIA 18TH STREET LLC
1007690063,246 WEST 20 STREET,40.742949,-73.9992133,5472.0,C1,1.0,245 REALTY L.L.C. C/O
1007690050,220 WEST 20 STREET,40.7425099,-73.9982137,8020.0,C6,1.0,GALLANT HOUSE INC
1007690052,224 WEST 20 STREET,40.7425785,-73.9983761,4298.0,S1,1.0,AH CHELSEA OWNER LLC
1006970031,259 10 AVENUE,40.7494101,-74.0033168,214780.0,W3,1.0,1026 REAL ESTATE INVESTORS LLC
1006970023,511 WEST 25 STREET,40.7494925,-74.003887,83612.0,O6,1.0,PRIME STORAGE EMPIRE CAPITAL TWENTY-FIFT H STREET W
1006950040,235 10 AVENUE,40.7483891,-74.0040746,2468.0,GW,1.0,"CRS REALTY ASSOCIATES,  INC"
1006950030,509 WEST 23 STREET,40.7480816,-74.004468,3016.0,S3,1.0,KILKEE PROPERTIES LLC
1006960035,249 10 AVENUE,40.7489188,-74.0037138,24688.0,G1,1.0,"TENTH AVE GARAGE,"
1006960044,514 WEST 25 STREET,40.7491027,-74.0041324,7800.0,K4,1.0,"BAHRA GROUP, INC."
1006940030,505 WEST 22 STREET,40.7473351,-74.0049949,6030.0,C1,1.0,HIGHLINE 22 OWNER LLC
1006920027,511 WEST 20 STREET,40.746281,-74.0060739,9250.0,O5,1.0,IS-ILA REALTY CORP
1006930031,185 10 AVENUE,40.7466708,-74.0053232,10122.0,M1,1.0,RC CHUR GUARDIAN ANGE
1006940032,205 10 AVENUE,40.7472994,-74.0048072,7655.0,C7,1.0,HIGHLINE 22 OWNER LLC
1006950034,501 WEST 23 STREET,40.7479636,-74.0042587,4500.0,K4,1.0,SYCAMORE COURT
1006940001,162 11 AVENUE,40.7481995,-74.0071568,7408.0,K9,1.0,"559 WEST 22ND DEVELOPMENT, LLC"
1006920015,529 WEST 20 STREET,40.7466296,-74.0069004,111329.0,O3,1.0,EKA 529 WEST 20TH STREET LLC
1006930056,542 WEST 22 STREET,40.7476479,-74.0067272,33007.0,K4,1.0,"HELZEN ASSOCIATES    ,"
1006920041,510 WEST 21 STREET,40.7465857,-74.0061064,124385.0,E7,1.0,"SM I MMS, L.L.C."
1006940042,520 WEST 23 STREET,40.7478099,-74.0051862,95656.0,D4,1.0,OLD POST MANDE 23RD STREET LLC
1006930044,520 WEST 22 STREET,40.7472335,-74.0057419,11450.0,S2,1.0,MICHAEL WEINSTEIN
1006940040,512 WEST 23 STREET,40.7475711,-74.0049877,0.0,V4,1.0,NEW YORK CENTRAL LINES
1006930034,191 10 AVENUE,40.7468218,-74.005215,21072.0,W2,1.0,RC CHURCH GUARDIAN AN
1006920011,537 WEST 20 STREET,40.746764,-74.007218,24289.0,O5,1.0,"DZ 20TH STREET, LLC"
1006950001,182 11 AVENUE,40.7489297,-74.0065722,22248.0,HH,1.0,NICK & DUKE
1006950003,186 11 AVENUE,40.7490532,-74.0064856,0.0,V1,0.0,NICK & DUKE
1006910024,515 WEST 19 STREET,40.7457622,-74.0066693,3848.0,S2,1.0,"515 WEST 19TH, LLC"
1006910033,161 10 AVENUE,40.7457046,-74.0060125,0.0,G6,1.0,"161 TENTH AVENUE PROPERTIES, LLC"
1006620011,111A 11 AVENUE,40.7456165,-74.0102566,89815.0,T2,1.0,HUDSON RIVER PARK TRUST
1006900040,512 WEST 19 STREET,40.7453807,-74.0068858,16800.0,J5,1.0,HALEAKALA INC
1006910043,516 WEST 20 STREET,40.7461135,-74.0068137,84803.0,O3,1.0,520 WEST 20 LLC
1006700001,201 11 AVENUE,40.7503596,-74.0072147,440360.0,G9,1.0,UNITED STATES POSTAL SERVICE
1006960058,550 WEST 25 STREET,40.7496653,-74.0054678,34562.0,G1,1.0,PRIME STORAGE EMPIRE CAPITAL 550 WEST TW ENTY-
