property_id,property_name,bbl,use_type,dist_m,lat,lon,years,n_years,gfa_ft2,units_res,steam_MWh,gas_MWh,oil_MWh,heat_fuel_MWh,heat_fuel_MWh_min,heat_fuel_MWh_max,any_estimated,main_fuel,is_residential,is_nycha,sh_system,D_useful_MWh,f_base,servable_share,servable_MWh,screen_index,exclusion_reason,status,screen_rank,category
3616164,Penn South,1007520001;1007490001;1007490024;1007470001;1007510001;1007480001,Multifamily Housing,609,40.747116,-73.997178,2024,1,3391963.0,2628.0,0.0,48441.01470571858,16409.207705892662,64850.22241161125,64850.22241161125,64850.22241161125,True,gas_or_oil,True,False,hydronic_assumed,55122.68904986956,0.38219759290889993,1.0,55122.68904986956,83.64596213940752,insufficient data: only 1 year of LL84 records,excluded,,
2831044,FULTON,1007140031;1007150010;1007160017;1007170019,Multifamily Housing,234,40.742321,-74.004478,"2022,2023,2024",3,932450.0,944.0,29396.35615008598,0.0,0.0,29396.35615008598,27649.36922320349,31038.98990721957,True,steam,True,True,steam_radiators,22635.194235566203,0.3343341590975691,0.3343341590975691,7567.71863075817,26.646896587176652,,shortlisted,4.0,NYCHA
4473909,ELLIOTT/CHELSEA ADDITION CAMPUS,1007240010;1007230001;1007240001;1007240015,Multifamily Housing,852,40.75005,-74.002436,"2022,2023,2024",3,647764.0,703.0,0.0,16153.615480637482,0.0,16153.615480637482,15253.220674872266,17804.8370788789,True,gas_or_oil,True,True,steam_radiators,13730.57315854186,0.41044941478667274,0.41044941478667274,5635.705717609103,6.248010773402553,,shortlisted,13.0,NYCHA
33910479,FIT_10242_FIT: Nagler Hall,1007760047,Residence Hall/Dormitory,926,40.747127,-73.995034,2023,1,63180.0,,15424.894831457776,0.0,0.0,15424.894831457776,15424.894831457776,15424.894831457776,False,steam,False,False,steam_radiators,11877.169020222487,0.3927886633360209,0.3927886633360209,4665.217343669188,4.779935802939742,insufficient data: only 1 year of LL84 records,excluded,,
33987261,600 - 435 West 23rd Street,1007210007,Multifamily Housing,679,40.74697,-74.002436,2024,1,975170.0,921.0,0.0,14229.928062782852,0.0,14229.928062782852,14229.928062782852,14229.928062782852,True,gas_or_oil,True,False,hydronic_assumed,12095.438853365424,0.6,1.0,12095.438853365424,16.591822844122667,insufficient data: only 1 year of LL84 records,excluded,,
4040951,Manhattan Chelsea Market,1007130001,Office,274,40.741876,-74.004713,"2022,2023,2024",3,1116700.0,,0.0,12376.927962943317,0.0,12376.927962943317,11360.412550239702,13689.0841295585,True,gas_or_oil,False,False,hydronic_assumed,10520.388768501818,0.3927886633360209,1.0,10520.388768501818,32.47033570525252,,shortlisted,2.0,Office
60087394,The Greenwich Lane - Parent,1006077503,Multifamily Housing,599,40.736656,-74.001018,2024,1,704145.0,198.0,11902.698715352411,144.9034067163676,0.0,12047.60212206878,12047.60212206878,12047.60212206878,True,steam,True,False,steam_radiators,9276.65363399296,0.1711066273274166,0.1711066273274166,1587.2969161971585,2.4457579602421546,insufficient data: only 1 year of LL84 records,excluded,,
4769672,London Terrace Towers,1007217501,Multifamily Housing,727,40.747226,-74.003046,"2022,2023,2024",3,690336.0,702.0,0.0,11673.542240231114,0.0,11673.542240231114,10997.607836954032,12196.422276681336,True,gas_or_oil,True,False,hydronic_assumed,9922.510904196446,0.567163807714953,1.0,9922.510904196446,12.77028430398513,,shortlisted,7.0,Residential
7536925,111 Eighth Avenue,1007390001,Office,0,40.740704,-74.001844,"2022,2023,2024",3,2336329.0,,10189.860357511498,1311.5117522463406,0.0,11501.37210975784,10741.699055900955,12548.80972128358,True,steam,False,False,steam_radiators,8856.056524513537,0.3927886633360209,0.3927886633360209,3478.558604691919,69.57117209383837,,shortlisted,1.0,Office
21354471,Benchmarking Group - 3,1007760040;1007770001;1007770018;1007770037;1007760033,College/University,923,40.747099,-73.994926,"2022,2023,2024",3,1221878.0,,10408.420263087917,243.66609986727792,0.0,10652.086362955195,1339.0518331300398,25598.662980614525,True,steam,False,False,steam_radiators,8202.1064994755,0.3927886633360209,0.3927886633360209,3221.694448468671,3.311093986093187,"eligible but below the shortlist cut (rank 30 by servable heat per metre, max 2 per building type)",eligible_not_shortlisted,30.0,Community
2830989,CHELSEA,1007230015,Multifamily Housing,816,40.748178,-74.001339,"2022,2023,2024",3,398836.0,425.0,0.0,9979.367017355471,0.0,9979.367017355471,5814.217315692021,12278.81237064577,False,gas_or_oil,True,True,steam_radiators,8482.46196475215,0.4016613016618588,0.4016613016618588,3407.076714059557,3.934268722932514,,shortlisted,24.0,NYCHA
52943893,Century - 10 West 15th Street / 7 West 14th Street (Parent Property),1008160031,Multifamily Housing,922,,,2024,1,372865.0,386.0,0.0,9364.523750770044,0.0,9364.523750770044,9364.523750770044,9364.523750770044,False,gas_or_oil,True,False,hydronic_assumed,7959.845188154537,0.3887547117223144,1.0,7959.845188154537,8.189141140076684,insufficient data: only 1 year of LL84 records,excluded,,
4039173,Century - 10 West 15th Street,1008160031,Multifamily Housing,922,40.736949,-73.993754,2023,1,372865.0,386.0,0.0,8472.567876717909,0.0,8472.567876717909,8472.567876717909,8472.567876717909,False,gas_or_oil,True,False,hydronic_assumed,7201.682695210222,0.4296811526469148,1.0,7201.682695210222,7.409138575319158,insufficient data: only 1 year of LL84 records,excluded,,
3114461,The Caledonia,1007147501,Multifamily Housing,357,40.74369,-74.005955,2024,1,500361.0,469.0,0.0,8220.15751396044,0.0,8220.15751396044,8220.15751396044,8220.15751396044,True,gas_or_oil,True,False,hydronic_assumed,6987.133886866373,0.5381046682346586,1.0,6987.133886866373,17.167405127435806,insufficient data: only 1 year of LL84 records,excluded,,
6666490,DEPM 1174 - 212 West 18th Street,1007677505,Multifamily Housing,377,40.741305499999996,-73.9984735,"2023,2024",2,329986.0,47.0,8166.27139198779,0.0,0.0,8166.27139198779,5708.307069283753,10624.235714691828,False,steam,True,False,steam_radiators,6288.0289718305985,0.05992062107338492,0.05992062107338492,376.7826013195275,0.8823948508654039,"eligible but below the shortlist cut (rank 49 by servable heat per metre, max 2 per building type)",eligible_not_shortlisted,49.0,Residential
4410272,Standard Hotel,1006450011,Hotel,414,40.740624,-74.007719,2024,1,219359.0,,0.0,6665.667372577109,0.0,6665.667372577109,6665.667372577109,6665.667372577109,False,gas_or_oil,False,False,hydronic_assumed,5665.817266690542,0.3927886633360209,1.0,5665.817266690542,12.210813074764099,insufficient data: only 1 year of LL84 records,excluded,,
20634224,Campus- 200 & 220 W 26th Street,1007750044;1007750046,Multifamily Housing,859,,,"2022,2023,2024",3,400424.0,356.0,0.0,6239.541037076808,204.26818891671766,6443.8092259935265,6106.274064795663,6975.113081460268,True,gas_or_oil,True,False,hydronic_assumed,5477.237842094497,0.5210523754847171,1.0,5477.237842094497,6.025564182722219,missing coordinates,excluded,,
4951912,AKAM - 16 West 16th Street,1008170029,Multifamily Housing,900,40.737666,-73.993469,"2023,2024",2,433874.0,489.0,0.0,6420.155916723279,0.0,6420.155916723279,6416.972417912269,6423.339415534289,False,gas_or_oil,True,False,hydronic_assumed,5457.132529214787,0.6,1.0,5457.132529214787,5.744350030752407,"eligible but below the shortlist cut (rank 15 by servable heat per metre, max 2 per building type)",eligible_not_shortlisted,15.0,Residential
20800809,Pier 57,1006620003,Office,669,40.743449,-74.0093,"2022,2023,2024",3,630695.0,,0.0,6325.51286943314,6.090836782291007,6331.603706215431,5696.945408485344,6709.095664834582,True,gas_or_oil,False,False,hydronic_assumed,5381.863150283116,0.3927886633360209,1.0,5381.863150283116,7.4852060504633045,"eligible but below the shortlist cut (rank 11 by servable heat per metre, max 2 per building type)",eligible_not_shortlisted,11.0,Office
19906892,363 West 16th Street,1007400001,Hotel,132,40.741802,-74.003244,"2022,2023,2024",3,110286.0,,0.0,5981.038889940689,0.0,5981.038889940689,4620.880373677297,8483.298321113249,True,gas_or_oil,False,False,hydronic_assumed,5083.883056449586,0.3927886633360209,1.0,5083.883056449586,27.933423387085636,,shortlisted,3.0,Hotel
6311955,The Greenwich Lane,1006077503,Multifamily Housing,599,40.736016,-73.999733,"2022,2023",2,707907.5,197.5,11459.91040232206,207.5746114903776,0.0,5937.529812651408,268.57032913636067,11606.489296166455,True,steam,True,False,steam_radiators,4571.897955741584,0.3463088209706966,0.3463088209706966,1583.288590651206,2.439581803776897,"eligible but below the shortlist cut (rank 36 by servable heat per metre, max 2 per building type)",eligible_not_shortlisted,36.0,Residential
1633052,M440 (OECID: 0100175; BBL: 1007420007),1007420007,K-12 School,230,40.742867,-74.002136,"2022,2023,2024",3,318200.0,,0.0,5598.780668174615,0.0,5598.780668174615,4800.034728918082,6450.113213342235,False,gas_or_oil,False,False,hydronic_assumed,4758.963567948423,0.3927886633360209,1.0,4758.963567948423,16.99629845695865,,shortlisted,5.0,Community
4136687,555W23 Condominium (555 W 23 St),1006957503,Multifamily Housing,865,40.7484,-74.005836,2024,1,301191.0,336.0,0.0,5569.799088080156,0.0,5569.799088080156,5569.799088080156,5569.799088080156,False,gas_or_oil,True,False,hydronic_assumed,4734.329224868133,0.5689496101646907,1.0,4734.329224868133,5.1741303004023305,insufficient data: only 1 year of LL84 records,excluded,,
3522266,"NH Lenox Health, Greenwich Village 1011094",1006170055,Hospital (General Medical & Surgical),451,40.737328,-74.000585,2024,1,151532.0,,5437.505912708206,0.0,0.0,5437.505912708206,5437.505912708206,5437.505912708206,False,steam,False,False,steam_radiators,4186.879552785319,0.3927886633360209,0.3927886633360209,1644.5588230874625,3.2825525410927394,insufficient data: only 1 year of LL84 records,excluded,,
2654491,Milstein - 55 West 14th Street,1008160007,Multifamily Housing,751,40.736738,-73.995338,2024,1,315929.0,239.0,0.0,5385.160787563941,0.0,5385.160787563941,5385.160787563941,5385.160787563941,False,gas_or_oil,True,False,hydronic_assumed,4577.38666942935,0.41857499689973027,1.0,4577.38666942935,5.714590099162734,insufficient data: only 1 year of LL84 records,excluded,,
26497677,The Cortland,1006947502,Multifamily Housing,836,40.74756,-74.005919,2024,1,404656.0,143.0,0.0,5209.819462378764,0.0,5209.819462378764,5209.819462378764,5209.819462378764,True,gas_or_oil,True,False,hydronic_assumed,4428.346543021949,0.25887339552249444,1.0,4428.346543021949,4.998133795735835,insufficient data: only 1 year of LL84 records,excluded,,
53500792,"ROYAL EQUITIES OPERATING, LLC:151 WEST 25 STREET",1008010011,Office,906,40.744802,-73.993302,2024,1,75760.0,6.0,0.0,5052.925200651087,40.44380333526565,5093.369003986352,5093.369003986352,5093.369003986352,False,gas_or_oil,False,False,hydronic_assumed,4329.363653388399,0.3927886633360209,1.0,4329.363653388399,4.528623068397907,insufficient data: only 1 year of LL84 records,excluded,,
2652722,96 Fifth Avenue,1008160042,Multifamily Housing,961,40.736592,-73.993202,"2023,2024",2,170000.0,223.0,0.0,158.7586331401214,4784.852594059685,4943.611227199806,4450.361122133839,5436.861332265773,False,gas_or_oil,True,False,hydronic_assumed,4202.0695431198355,0.4254363653790194,1.0,4202.0695431198355,4.156349696458789,"eligible but below the shortlist cut (rank 21 by servable heat per metre, max 2 per building type)",eligible_not_shortlisted,21.0,Residential
14947903,Rudd: 250 W 24th St,1007730012,Multifamily Housing,664,40.745378,-73.996651,"2022,2023,2024",3,170226.0,151.0,0.0,4689.793459162407,99.77486282810037,4789.568321990508,2508.982568720762,8896.528573547057,True,gas_or_oil,True,False,hydronic_assumed,4071.1330736919313,0.29734088593175584,1.0,4071.1330736919313,5.701867049988699,"eligible but below the shortlist cut (rank 16 by servable heat per metre, max 2 per building type)",eligible_not_shortlisted,16.0,Residential
4038849,Orsid - 61 7th Avenue,1007900001,Multifamily Housing,453,40.738599,-73.999636,"2023,2024",2,412000.0,352.0,4251.245229536169,473.34152564576743,0.0,4724.586755181936,4696.684897639079,4752.488612724793,True,steam,True,False,steam_radiators,3637.9318014900905,0.6,0.6,2182.759080894054,4.339481274143249,"eligible but below the shortlist cut (rank 19 by servable heat per metre, max 2 per building type)",eligible_not_shortlisted,19.0,Residential
3114446,Tate,1006950015,Multifamily Housing,825,40.748175,-74.005302,2024,1,319422.0,313.0,0.0,4632.819589571595,0.0,4632.819589571595,4632.819589571595,4632.819589571595,True,gas_or_oil,True,False,hydronic_assumed,3937.896651135856,0.6,1.0,3937.896651135856,4.500453315583835,insufficient data: only 1 year of LL84 records,excluded,,
6434657,518 W. 26th Street,1006970047,Office,964,40.750034,-74.003855,2024,1,217968.0,,0.0,4618.707603610869,0.0,4618.707603610869,4618.707603610869,4618.707603610869,False,gas_or_oil,False,False,hydronic_assumed,3925.9014630692386,0.3927886633360209,1.0,3925.9014630692386,3.871697695334555,insufficient data: only 1 year of LL84 records,excluded,,
8899918,61 9th Ave,1007120036;1007120038,Other - Technology/Science,183,40.74144,-74.00502,"2022,2023,2024",3,156571.0,,0.0,4324.877520728426,0.0,4324.877520728426,4188.345385391346,4409.81943307166,False,gas_or_oil,False,False,hydronic_assumed,3676.145892619162,0.3927886633360209,1.0,3676.145892619162,15.777450182914858,,shortlisted,6.0,Other - Technology/Science
2632792,The Chelsea Mercantile,1007747501,Multifamily Housing,785,40.745112,-73.994919,2024,1,603754.0,354.0,0.0,4320.980164365962,0.0,4320.980164365962,4320.980164365962,4320.980164365962,False,gas_or_oil,True,False,hydronic_assumed,3672.833139711068,0.6,1.0,3672.833139711068,4.398602562528225,insufficient data: only 1 year of LL84 records,excluded,,
3114488,Westminster,1007950001,Multifamily Housing,538,40.74206,-73.996629,2024,1,285803.0,254.0,0.0,4243.902832883274,0.0,4243.902832883274,4243.902832883274,4243.902832883274,True,gas_or_oil,True,False,hydronic_assumed,3607.3174079507826,0.5644719183445949,1.0,3607.3174079507826,6.134893550936705,insufficient data: only 1 year of LL84 records,excluded,,
35500619,The Standard Hotel,1006450011,Hotel,414,40.740624,-74.007719,2023,1,219320.0,,0.0,4000.5566005166256,0.0,4000.5566005166256,4000.5566005166256,4000.5566005166256,False,gas_or_oil,False,False,hydronic_assumed,3400.4731104391317,0.3927886633360209,1.0,3400.4731104391317,7.328605841463646,insufficient data: only 1 year of LL84 records,excluded,,
24317571,15 Charles at Waverly Place Condominium (15 Charles Street),1006127504,Multifamily Housing,685,40.735209,-74.001086,2024,1,118865.0,122.0,0.0,3974.865465739703,0.0,3974.865465739703,3974.865465739703,3974.865465739703,False,gas_or_oil,True,False,hydronic_assumed,3378.6356458787473,0.28947526034817966,1.0,3378.6356458787473,4.596783191671765,insufficient data: only 1 year of LL84 records,excluded,,
5777220,Whitney Museum of American Art,1006440005,Museum,518,40.739386,-74.008754,"2022,2023,2024",3,220000.0,,0.0,5960.304216530262,0.0,3973.536144353508,0.0,6217.272053742196,False,gas_or_oil,False,False,hydronic_assumed,3377.505722700482,0.3927886633360209,1.0,3377.505722700482,5.946312892078313,"eligible but below the shortlist cut (rank 14 by servable heat per metre, max 2 per building type)",eligible_not_shortlisted,14.0,Community
2704587,Orsid - 37 West 12th St (parent),1005760025,Multifamily Housing,906,40.735217,-73.995847,"2023,2024",2,236489.0,103.0,0.0,3863.1274919586194,0.0,3863.1274919586194,3809.126085608395,3890.128195133732,False,gas_or_oil,True,False,hydronic_assumed,3283.6583681648262,0.2514619274865902,1.0,3283.6583681648262,3.4347890880385212,"eligible but below the shortlist cut (rank 29 by servable heat per metre, max 2 per building type)",eligible_not_shortlisted,29.0,Residential
22839039,Lantern House,1006907503,Multifamily Housing,518,40.744928,-74.00703,2024,1,348001.0,181.0,0.0,3775.2867846648815,0.0,3775.2867846648815,3775.2867846648815,3775.2867846648815,True,gas_or_oil,True,False,hydronic_assumed,3208.993766965149,0.4521709772615257,1.0,3208.993766965149,5.649636913671037,insufficient data: only 1 year of LL84 records,excluded,,
32887548,The Salvation Army DHQ,1006090023,Office,593,40.737704,-73.997676,2024,1,182554.0,,3485.1381624797564,194.36119598774027,0.0,3679.4993584674967,3679.4993584674967,3679.4993584674967,False,steam,False,False,steam_radiators,2833.2145060199723,0.3927886633360209,0.3927886633360209,1112.8545387638096,1.7307224553091907,insufficient data: only 1 year of LL84 records,excluded,,
5876479,DEPM 2548 - 61 Jane Street,1006260012,Multifamily Housing,395,40.7381475,-74.005759,"2023,2024",2,266263.5,261.0,0.0,3486.874242045026,0.0,3486.874242045026,3456.570095851814,3517.1783882382388,False,gas_or_oil,True,False,hydronic_assumed,2963.8431057382722,0.6,1.0,2963.8431057382722,6.660321585928702,"eligible but below the shortlist cut (rank 12 by servable heat per metre, max 2 per building type)",eligible_not_shortlisted,12.0,Residential
2665791,Stonehenge - 555 Sixth Avenue,1007910036,Multifamily Housing,647,40.7381955,-73.996467,"2023,2024",2,172746.0,176.0,0.0,63.94736795830889,3346.179042372797,3410.126410331106,3306.334378815419,3513.918441846793,True,gas_or_oil,True,False,hydronic_assumed,2898.60744878144,0.48676152846029574,1.0,2898.60744878144,4.158690744306226,"eligible but below the shortlist cut (rank 20 by servable heat per metre, max 2 per building type)",eligible_not_shortlisted,20.0,Residential
20586441,Orsid - 101 West 12 Street,1006080039,Multifamily Housing,699,40.736222,-73.998228,"2023,2024",2,357196.0,402.5,0.0,3377.352964794549,0.0,3377.352964794549,0.0,6754.705929589098,True,gas_or_oil,True,False,hydronic_assumed,2870.7500200753666,0.6,1.0,2870.7500200753666,3.8327770628509565,"eligible but below the shortlist cut (rank 27 by servable heat per metre, max 2 per building type)",eligible_not_shortlisted,27.0,Residential
4390390,275 Seventh Avenue,1008010001,Office,893,40.745743,-73.994435,"2022,2024",2,602144.0,,0.0,0.7633035201934738,3312.07234341361,3312.835646933803,2286.45006567722,4339.221228190387,False,gas_or_oil,False,False,hydronic_assumed,2815.910299893733,0.3927886633360209,1.0,2815.910299893733,2.9861190879042767,"eligible but below the shortlist cut (rank 33 by servable heat per metre, max 2 per building type)",eligible_not_shortlisted,33.0,Office
2665742,DEPM 2344 - 300 West 23rd St,1007467503,Multifamily Housing,555,40.745466,-73.998917,2023,1,170798.0,220.0,0.0,411.0418030668126,2649.2430854284494,3060.284888495262,3060.284888495262,3060.284888495262,True,gas_or_oil,True,False,hydronic_assumed,2601.2421552209726,0.6,1.0,2601.2421552209726,4.299573810282599,insufficient data: only 1 year of LL84 records,excluded,,
31428966,The Sierra Chelsea (sr09),1007907502,Multifamily Housing,587,40.738519,-73.997492,"2023,2024",2,180281.0,213.0,0.0,3049.0264180095674,0.0,3049.0264180095674,3012.8550335830105,3118.932887318289,True,gas_or_oil,True,False,hydronic_assumed,2591.672455308132,0.6,1.0,2591.672455308132,4.068559584471165,"eligible but below the shortlist cut (rank 22 by servable heat per metre, max 2 per building type)",eligible_not_shortlisted,22.0,Residential
27204965,GTS - 440 West 21 Street/175 9th Ave,1007180001,Multifamily Housing,463,40.745722,-74.003511,2022,1,133885.0,76.0,0.0,3040.4362714095723,0.0,3040.4362714095723,3040.4362714095723,3040.4362714095723,False,gas_or_oil,True,False,hydronic_assumed,2584.3708306981366,0.2357500230801561,1.0,2584.3708306981366,5.037759903895003,insufficient data: only 1 year of LL84 records,excluded,,
4042763,33 Ninth Avenue Condominium,1006467503,Hotel,254,40.740369,-74.005799,"2023,2024",2,78265.0,,0.0,3038.230823922334,0.0,3038.230823922334,2719.403705941898,3357.05794190277,False,gas_or_oil,False,False,hydronic_assumed,2582.496200333984,0.3927886633360209,1.0,2582.496200333984,8.495053290572315,"eligible but below the shortlist cut (rank 9 by servable heat per metre, max 2 per building type)",eligible_not_shortlisted,9.0,Hotel
4938442,URA Group - 18 Ninth Avenue,1006280004,Hotel,269,40.740049,-74.00600933333334,"2022,2023,2024",3,108548.0,,0.0,2989.304352905985,0.0,2989.304352905985,2160.9207061136376,4541.014002348085,True,gas_or_oil,False,False,hydronic_assumed,2540.908699970087,0.3927886633360209,1.0,2540.908699970087,7.965231034388988,"eligible but below the shortlist cut (rank 10 by servable heat per metre, max 2 per building type)",eligible_not_shortlisted,10.0,Hotel
60316392,Copy of DEPM 2344 - 300 West 23rd St,1007467503,Multifamily Housing,555,40.744986,-73.998722,2024,1,170798.0,220.0,0.0,450.1697174384888,2510.844214572547,2961.013932011036,2961.013932011036,2961.013932011036,False,gas_or_oil,True,False,hydronic_assumed,2516.8618422093805,0.6,1.0,2516.8618422093805,4.160102218527902,insufficient data: only 1 year of LL84 records,excluded,,
2688331,99 Tenth Avenue (501 WEST 16 STREET),1006887501,Office,482,40.743553,-74.007398,2024,1,498449.0,,0.0,2938.2680439442443,0.0,2938.2680439442443,2938.2680439442443,2938.2680439442443,True,gas_or_oil,False,False,hydronic_assumed,2497.5278373526075,0.3927886633360209,1.0,2497.5278373526075,4.694601198031217,insufficient data: only 1 year of LL84 records,excluded,,
2708793,95 Horatio Street (also 521 West Street),1006430001,Multifamily Housing,539,40.738761,-74.008491,2024,1,491394.0,317.0,0.0,2869.814650152309,0.0,2869.814650152309,2869.814650152309,2869.814650152309,True,gas_or_oil,True,False,hydronic_assumed,2439.3424526294625,0.6,1.0,2439.3424526294625,4.14149822178177,insufficient data: only 1 year of LL84 records,excluded,,
34002988,74 Fifth Avenue,1005770042,Multifamily Housing,978,40.735519,-73.993981,2024,1,101138.0,33.0,0.0,1560.3728391139643,1296.1429799814898,2856.5158190954544,2856.5158190954544,2856.5158190954544,True,gas_or_oil,True,False,hydronic_assumed,2428.0384462311363,0.10895605316443827,1.0,2428.0384462311363,2.3619051033376812,insufficient data: only 1 year of LL84 records,excluded,,
54875692,DalanRE - 102-116 8th Ave,1007650001,Multifamily Housing,166,40.740534,-74.001941,2024,1,122500.0,100.0,0.0,2802.299904282999,0.0,2802.299904282999,2802.299904282999,2802.299904282999,True,gas_or_oil,True,False,hydronic_assumed,2381.954918640549,0.33655763294127233,1.0,2381.954918640549,11.027569067780318,insufficient data: only 1 year of LL84 records,excluded,,
2682646,2 Horatio Owners Corp (2 Horatio Street),1006167501,Multifamily Housing,316,40.738753,-74.002504,2024,1,220644.0,242.0,0.0,2751.225007634501,0.0,2751.225007634501,2751.225007634501,2751.225007634501,False,gas_or_oil,True,False,hydronic_assumed,2338.5412564893254,0.6,1.0,2338.5412564893254,6.389456984943512,insufficient data: only 1 year of LL84 records,excluded,,
2609900,IAC 555 West 18th Street (80 11 AVENUE),1006900012,Office,602,40.74520699999999,-74.007833,"2022,2024",2,183258.0,,0.0,2750.0197676415573,0.0,2750.0197676415573,2591.109396971169,2908.930138311946,False,gas_or_oil,False,False,hydronic_assumed,2337.5168024953236,0.3927886633360209,1.0,2337.5168024953236,3.585148470084852,"eligible but below the shortlist cut (rank 28 by servable heat per metre, max 2 per building type)",eligible_not_shortlisted,28.0,Office
33935158,GTS - 440 West 21 Street/175 9th Ave,1007180001,Multifamily Housing,463,40.745722,-74.003511,"2023,2024",2,133827.5,76.0,0.0,2710.371417719427,0.0,2710.371417719427,2562.4491008873606,2858.293734551493,True,gas_or_oil,True,False,hydronic_assumed,2303.8157050615127,0.2644592975237576,1.0,2303.8157050615127,4.490868820782676,"eligible but below the shortlist cut (rank 18 by servable heat per metre, max 2 per building type)",eligible_not_shortlisted,18.0,Residential
2670610,Brodsky - 208 W 23rd Street,1007720056,Multifamily Housing,644,40.744338,-73.99624,2024,1,156912.0,262.0,0.0,222.43681534941985,2435.5742228781805,2658.0110382276,2658.0110382276,2658.0110382276,True,gas_or_oil,True,False,hydronic_assumed,2259.30938249346,0.6,1.0,2259.30938249346,3.2554890237657923,insufficient data: only 1 year of LL84 records,excluded,,
2798136,130 West 12th Street Condominium,1006077502,Multifamily Housing,671,40.736464,-73.998845,"2022,2023,2024",3,105415.0,40.0,0.0,2600.671709051577,0.0,2600.671709051577,2585.916090244779,2626.4733120720066,False,gas_or_oil,True,False,hydronic_assumed,2210.5709526938404,0.14506028104885046,1.0,2210.5709526938404,3.065979129949848,"eligible but below the shortlist cut (rank 32 by servable heat per metre, max 2 per building type)",eligible_not_shortlisted,32.0,Residential
22883381,Hotel Chelsea : 222 WEST 23 STREET,1007720064,Hotel,625,40.744459,-73.996521,"2022,2023,2024",3,182703.0,52.92,0.0,2597.7610154169047,0.0,2597.7610154169047,1259.3263410491122,4235.930978253543,True,gas_or_oil,False,False,hydronic_assumed,2208.096863104369,0.3927886633360209,1.0,2208.096863104369,3.2712546120064725,"eligible but below the shortlist cut (rank 31 by servable heat per metre, max 2 per building type)",eligible_not_shortlisted,31.0,Hotel
2384020,175 West 13th Street - Cambridge,1006090001,Multifamily Housing,482,40.737487,-73.999264,2022,1,144776.0,135.0,2515.3903618313657,81.62028426718466,0.0,2597.0106460985503,2597.0106460985503,2597.0106460985503,False,steam,True,False,steam_radiators,1999.6981974958837,0.5412056173088495,0.5412056173088495,1082.2478974071535,2.034300559036003,insufficient data: only 1 year of LL84 records,excluded,,
1634606,M070 (OECID: 0100079; BBL: 1007410010),1007410010,K-12 School,153,40.742129,-74.002198,"2022,2023,2024",3,180175.0,,0.0,84.04300485345179,2486.0783734479205,2570.1213783013723,1866.4757211159445,3310.9734882077014,False,gas_or_oil,False,False,hydronic_assumed,2184.603171556166,0.3927886633360209,1.0,2184.603171556166,10.761591978109193,,shortlisted,8.0,Community
4389657,"299 West 12th Street, New York",1006257501,Multifamily Housing,438,40.737556,-74.005041,2024,1,159790.0,179.0,0.0,2564.443419998347,0.0,2564.443419998347,2564.443419998347,2564.443419998347,False,gas_or_oil,True,False,hydronic_assumed,2179.7769069985948,0.6,1.0,2179.7769069985948,4.466755956964334,insufficient data: only 1 year of LL84 records,excluded,,
15314590,45 Christopher Street,1006107501,Multifamily Housing,831,40.733757,-74.001894,"2022,2023,2024",3,106800.0,112.0,0.0,63.12681789523023,2475.9803763540126,2539.107194249243,2322.24101458849,2834.114289499089,True,gas_or_oil,True,False,hydronic_assumed,2158.2411151118567,0.4160169667821419,1.0,2158.2411151118567,2.449762900240473,"eligible but below the shortlist cut (rank 35 by servable heat per metre, max 2 per building type)",eligible_not_shortlisted,35.0,Residential
4128950,620 Avenue of the Americas,1008207505,Office,804,40.740081,-73.994843,"2022,2023,2024",3,731614.0,,0.0,4.983428786570626,2533.077619083067,2538.0610478696376,2295.0319183668207,2927.493316514963,True,gas_or_oil,False,False,hydronic_assumed,2157.351890689192,0.3927886633360209,1.0,2157.351890689192,2.526173174109124,"eligible but below the shortlist cut (rank 34 by servable heat per metre, max 2 per building type)",eligible_not_shortlisted,34.0,Office
15620940,Left Bank Apartment Corporation (99 Bank Street),1006240001,Multifamily Housing,576,40.736458,-74.006502,2024,1,110177.0,114.0,0.0,2443.9861236724614,0.0,2443.9861236724614,2443.9861236724614,2443.9861236724614,False,gas_or_oil,True,False,hydronic_assumed,2077.3882051215924,0.43992654922369706,1.0,2077.3882051215924,3.3185115097789017,insufficient data: only 1 year of LL84 records,excluded,,
3114292,85 10th Ave,1006870029,Office,461,40.743059,-74.007546,2024,1,642653.0,,0.0,2412.8902900289613,0.0,2412.8902900289613,2412.8902900289613,2412.8902900289613,False,gas_or_oil,False,False,hydronic_assumed,2050.956746524617,0.3927886633360209,1.0,2050.956746524617,4.01361398537107,insufficient data: only 1 year of LL84 records,excluded,,
2679689,DEPM 7512 - 101 West 24th St,1008007504,Multifamily Housing,957,40.743711,-73.992501,"2023,2024",2,335721.0,204.0,0.0,2393.7500696043717,0.0,2393.7500696043717,2363.5969136102776,2423.9032255984657,True,gas_or_oil,True,False,hydronic_assumed,2034.6875591637158,0.6,1.0,2034.6875591637158,2.0205437528934618,"eligible but below the shortlist cut (rank 43 by servable heat per metre, max 2 per building type)",eligible_not_shortlisted,43.0,Residential
25745721,135 West 23rd Street,1007990021,Residential Care Facility,809,40.743386,-73.993916,"2023,2024",2,159606.0,,0.0,2315.426028576771,0.0,2315.426028576771,2263.195376980208,2367.656680173334,False,gas_or_oil,False,False,hydronic_assumed,1968.1121242902552,0.3927886633360209,1.0,1968.1121242902552,2.2911666173344067,"eligible but below the shortlist cut (rank 39 by servable heat per metre, max 2 per building type)",eligible_not_shortlisted,39.0,Community
4052447,Sheila C Johnson Center,1005760036;1005760042,College/University,972,40.735511,-73.994605,"2022,2023,2024",3,196016.0,,0.0,44.48544833909804,2269.5917110131995,2314.0771593522973,2114.1214814623777,2485.508369815793,True,gas_or_oil,False,False,hydronic_assumed,1966.9655854494526,0.3927886633360209,1.0,1966.9655854494526,1.9246238605180555,"eligible but below the shortlist cut (rank 44 by servable heat per metre, max 2 per building type)",eligible_not_shortlisted,44.0,Community
4405691,The Lawrence House,1005760001,Multifamily Housing,765,40.736167,-73.997698,2024,1,131126.0,112.0,0.0,2258.3139857602646,48.53256400231878,2306.8465497625834,2306.8465497625834,2306.8465497625834,True,gas_or_oil,True,False,hydronic_assumed,1960.8195672981958,0.45790287758628706,1.0,1960.8195672981958,2.4059135795069886,insufficient data: only 1 year of LL84 records,excluded,,
4949691,DEPM 2448 - 25 West 13th Street,1005770024,Multifamily Housing,873,40.7360775,-73.99486350000001,"2023,2024",2,149200.5,182.5,0.0,2267.5113022846062,0.0,2267.5113022846062,2221.581692672814,2313.4409118963986,True,gas_or_oil,True,False,hydronic_assumed,1927.3846069419153,0.6,1.0,1927.3846069419153,2.0881740053541877,"eligible but below the shortlist cut (rank 41 by servable heat per metre, max 2 per building type)",eligible_not_shortlisted,41.0,Residential
9848961,201-215 West 15th Street,1007650035,Multifamily Housing,365,40.739431,-73.999603,"2023,2024",2,128350.0,113.0,0.0,795.6466788310686,1413.0110939110975,2208.6577727421663,2074.3875841040617,2342.927961380271,False,gas_or_oil,True,False,hydronic_assumed,1877.3591068308413,0.4825297249147289,1.0,1877.3591068308413,4.523756883929738,"eligible but below the shortlist cut (rank 17 by servable heat per metre, max 2 per building type)",eligible_not_shortlisted,17.0,Residential
4978579,Dream Hotel: 355 West 16th St,1007407502,Hotel,105,40.741733,-74.003082,2024,1,196328.0,,2056.509430146811,131.47958086152337,0.0,2187.9890110083343,2187.9890110083343,2187.9890110083343,False,steam,False,False,steam_radiators,1684.7515384764174,0.3927886633360209,0.3927886633360209,661.7513048514568,4.269363257106173,insufficient data: only 1 year of LL84 records,excluded,,
7088347,Hilton New York Fashion District,1008010071,Hotel,923,40.745422,-73.992905,2024,1,121269.0,,0.0,2165.8311113664085,0.0,2165.8311113664085,2165.8311113664085,2165.8311113664085,True,gas_or_oil,False,False,hydronic_assumed,1840.9564446614472,0.3927886633360209,1.0,1840.9564446614472,1.892041566969627,insufficient data: only 1 year of LL84 records,excluded,,
5802561,101 7th Ave - 30014,1007927504,Multifamily Housing,446,40.739966,-73.99864,2024,1,215622.0,156.0,0.0,2160.367681063684,0.0,2160.367681063684,2160.367681063684,2160.367681063684,False,gas_or_oil,True,False,hydronic_assumed,1836.3125289041313,0.6,1.0,1836.3125289041313,3.7022430018228456,insufficient data: only 1 year of LL84 records,excluded,,
20659086,100 Eleventh Avenue Condominium (100 Eleventh Avenue),1006917501,Multifamily Housing,652,40.746215,-74.008055,2024,1,144588.0,57.0,0.0,2153.1062599387715,0.0,2153.1062599387715,2153.1062599387715,2153.1062599387715,False,gas_or_oil,True,False,hydronic_assumed,1830.1403209479556,0.24967982345850429,1.0,1830.1403209479556,2.607037494227857,insufficient data: only 1 year of LL84 records,excluded,,
4038850,Orsid - 170 West 23rd Street,1007987502,Multifamily Housing,699,40.7437015,-73.9952775,"2023,2024",2,161341.0,121.0,1453.6292891679186,687.8759442016188,0.0,2141.5052333695376,1991.75995606279,2291.250510676285,True,steam,True,False,steam_radiators,1648.959029694544,0.5882588740244037,0.5882588740244037,970.0147821204856,1.295079815915201,"eligible but below the shortlist cut (rank 48 by servable heat per metre, max 2 per building type)",eligible_not_shortlisted,48.0,Residential
5853055,551 West 21st Street,1006937502,Multifamily Housing,773,40.74723666666667,-74.00701933333333,"2022,2023,2024",3,204899.0,43.0,0.0,2130.9205380862427,0.0,2130.9205380862427,1996.993647978308,2243.952537731431,False,gas_or_oil,True,False,hydronic_assumed,1811.2824573733062,0.19031598056319166,1.0,1811.2824573733062,2.2008292313162894,"eligible but below the shortlist cut (rank 40 by servable heat per metre, max 2 per building type)",eligible_not_shortlisted,40.0,Residential
4052575,Johnson/Kaplan - 66 W12th St,1005750017,College/University,829,40.735744,-73.997139,"2022,2023,2024",3,120467.0,,0.0,100.7568461883083,2002.4765479670348,2103.233394155343,1661.9676730921517,2419.552410186915,False,gas_or_oil,False,False,hydronic_assumed,1787.7483850320414,0.3927886633360209,1.0,1787.7483850320414,2.033843441447146,"eligible but below the shortlist cut (rank 42 by servable heat per metre, max 2 per building type)",eligible_not_shortlisted,42.0,Community
2805207,200 West 16th Street - 35457,1007650041,Multifamily Housing,382,40.740054,-73.999145,2024,1,155640.0,168.0,0.0,2102.1953951506125,0.0,2102.1953951506125,2102.1953951506125,2102.1953951506125,False,gas_or_oil,True,False,hydronic_assumed,1786.8660858780206,0.6,1.0,1786.8660858780206,4.136264087680603,insufficient data: only 1 year of LL84 records,excluded,,
4040952,21 Chelsea,1007960048,Multifamily Housing,703,40.741964,-73.994572,"2022,2023,2024",3,174621.0,209.0,0.0,2096.2372120894543,0.0,2096.2372120894543,1992.1140444917007,2192.581639333885,False,gas_or_oil,True,False,hydronic_assumed,1781.8016302760361,0.6,1.0,1781.8016302760361,2.3662704253333815,"eligible but below the shortlist cut (rank 38 by servable heat per metre, max 2 per building type)",eligible_not_shortlisted,38.0,Residential
5764091,DEPM 1564 - 150 Charles Street,1006367503,Multifamily Housing,999,40.734034,-74.008811,"2023,2024",2,283754.0,122.0,0.0,2074.6216306355363,0.0,2074.6216306355363,1959.2061233090533,2190.037137962019,True,gas_or_oil,True,False,hydronic_assumed,1763.4283860402059,0.5546193091563921,1.0,1763.4283860402059,1.6810566120497672,"eligible but below the shortlist cut (rank 47 by servable heat per metre, max 2 per building type)",eligible_not_shortlisted,47.0,Residential
7857355,Halstead: 105 W 13th St.,1006090047,Multifamily Housing,681,40.736889,-73.997842,"2022,2023,2024",3,100734.0,81.0,0.0,350.1164371236602,1708.3192805770298,2058.43571770069,2007.479143599534,2115.390127374535,True,gas_or_oil,True,False,hydronic_assumed,1749.6703600455864,0.3711263294346335,1.0,1749.6703600455864,2.393529904303128,"eligible but below the shortlist cut (rank 37 by servable heat per metre, max 2 per building type)",eligible_not_shortlisted,37.0,Residential
2790102,176 Perry St,1006377504,Multifamily Housing,947,40.734621,-74.009742,"2022,2023",2,61777.0,15.0,0.0,2028.6520754411745,0.0,2028.6520754411745,1950.1907892461688,2107.1133616361803,False,gas_or_oil,True,False,hydronic_assumed,1724.3542641249983,0.069736114486655,1.0,1724.3542641249983,1.7295428928034084,"eligible but below the shortlist cut (rank 46 by servable heat per metre, max 2 per building type)",eligible_not_shortlisted,46.0,Residential
1633695,M011 (OECID: 0100034; BBL: 1007440024),1007440024,K-12 School,377,40.744349,-74.000253,"2022,2023,2024",3,115300.0,,0.0,127.16352367515772,1893.5653713512902,2020.7288950264476,1926.87760356984,2201.391940898122,False,gas_or_oil,False,False,hydronic_assumed,1717.6195607724803,0.3927886633360209,1.0,1717.6195607724803,4.0225282453688065,"eligible but below the shortlist cut (rank 23 by servable heat per metre, max 2 per building type)",eligible_not_shortlisted,23.0,Community
4407514,SW - 200 West 15th Street,1007640042,Multifamily Housing,386,40.739417,-73.999614,"2023,2024",2,116249.0,110.0,0.0,2015.8874103129353,0.0,2015.8874103129353,1996.4825613939863,2035.2922592318844,True,gas_or_oil,True,False,hydronic_assumed,1713.504298765995,0.5146363628877945,1.0,1713.504298765995,3.9300557311146673,"eligible but below the shortlist cut (rank 25 by servable heat per metre, max 2 per building type)",eligible_not_shortlisted,25.0,Residential
20659095,100-104 5th Avenue,1008177502,Office,962,40.736881,-73.992992,2022,1,250671.0,,0.0,2014.825584632761,0.0,2014.825584632761,2014.825584632761,2014.825584632761,False,gas_or_oil,False,False,hydronic_assumed,1712.6017469378469,0.3927886633360209,1.0,1712.6017469378469,1.692294216341746,insufficient data: only 1 year of LL84 records,excluded,,
15503670,GPG - 1 Christopher Street,1006100060,Multifamily Housing,841,40.734065,-73.999762,"2023,2024",2,102354.0,125.0,0.0,2001.6253280197602,0.0,2001.6253280197602,1954.4122431012545,2048.8384129382657,False,gas_or_oil,True,False,hydronic_assumed,1701.3815288167962,0.5889809954531419,1.0,1701.3815288167962,1.9095191120278296,"eligible but below the shortlist cut (rank 45 by servable heat per metre, max 2 per building type)",eligible_not_shortlisted,45.0,Residential
26680747,22 Little West 12th Street Partners LLC,1006440043,Office,392,40.739397,-74.007282,"2023,2024",2,64683.0,,0.0,2000.6348358303965,0.0,2000.6348358303965,1747.556783979096,2253.712887681697,False,gas_or_oil,False,False,hydronic_assumed,1700.539610455837,0.3927886633360209,1.0,1700.539610455837,3.847374684289224,"eligible but below the shortlist cut (rank 26 by servable heat per metre, max 2 per building type)",eligible_not_shortlisted,26.0,Office
21205312,Halstead - 140 Charles Street,1006317502,Multifamily Housing,923,40.733984500000005,-74.00824349999999,"2023,2024",2,91331.0,73.0,0.0,1997.9410440714369,0.0,1997.9410440714369,1860.9721400809228,2134.9099480619507,True,gas_or_oil,True,False,hydronic_assumed,1698.2498874607213,0.34459918650964066,1.0,1698.2498874607213,1.7453750128064967,heat demand below 2 GWh/yr (too small for a street connection),excluded,,
2388664,54 West 16th St. Apt. Corp. (54 West 16th Street),1008170085,Multifamily Housing,730,40.738042,-73.994364,"2022,2023,2024",3,138635.0,119.0,0.0,1997.8325833645456,0.0,1997.8325833645456,1878.9238255617731,2090.358578277223,False,gas_or_oil,True,False,hydronic_assumed,1698.1576958598637,0.5617743759972932,1.0,1698.1576958598637,2.1771252511023893,heat demand below 2 GWh/yr (too small for a street connection),excluded,,
54086897,BRC - Reception Center,1008017503,Office,944,40.744596,-73.992818,2024,1,89762.0,,0.0,1990.7182350558685,0.0,1990.7182350558685,1990.7182350558685,1990.7182350558685,False,gas_or_oil,False,False,hydronic_assumed,1692.1104997974883,0.3927886633360209,1.0,1692.1104997974883,1.7023244464763463,insufficient data: only 1 year of LL84 records,excluded,,
36311824,Wallack - 3 Sheridan Square,1005910026,Multifamily Housing,947,40.732917,-74.002201,2024,1,158482.0,160.0,0.0,1982.373154458402,0.0,1982.373154458402,1982.373154458402,1982.373154458402,False,gas_or_oil,True,False,hydronic_assumed,1685.0171812896417,0.6,1.0,1685.0171812896417,1.6900874436205031,insufficient data: only 1 year of LL84 records,excluded,,
33963881,131 West 25 Street,1008017503,Multifamily Housing,944,40.744629,-73.992898,2023,1,89762.0,136.0,0.0,1974.767697241205,0.0,1974.767697241205,1974.767697241205,1974.767697241205,True,gas_or_oil,True,False,hydronic_assumed,1678.5525426550244,0.6,1.0,1678.5525426550244,1.6886846505583746,insufficient data: only 1 year of LL84 records,excluded,,
33915520,460 WEST 20 STREET,1007170077,Multifamily Housing,494,40.745304,-74.004342,2024,1,69127.0,73.0,0.0,1969.9544157306468,0.0,1969.9544157306468,1969.9544157306468,1969.9544157306468,False,gas_or_oil,True,False,hydronic_assumed,1674.4612533710497,0.34949481723204345,1.0,1674.4612533710497,3.0780537745791356,insufficient data: only 1 year of LL84 records,excluded,,
15356872,Century - 69 West 9th Street,1005737502,Multifamily Housing,879,40.734118333333335,-73.99884033333335,"2023,2024",2,117402.0,119.0,0.0,34.44434610282925,1901.5865400677933,1936.0308861706226,1826.397260137474,2155.29813823692,True,gas_or_oil,True,False,hydronic_assumed,1645.6262532450291,0.5797072561619074,1.0,1645.6262532450291,1.7713953210387827,heat demand below 2 GWh/yr (too small for a street connection),excluded,,
1836628,M033 (OECID: 0100052; BBL: 1007240023),1007240023,K-12 School,887,40.748977,-73.999531,"2022,2023,2024",3,83100.0,,0.0,1806.2945113851256,126.72394642426957,1933.0184578093952,1641.9305527143947,2453.356278841853,False,gas_or_oil,False,False,hydronic_assumed,1643.0656891379858,0.3927886633360209,1.0,1643.0656891379858,1.7535386223457694,heat demand below 2 GWh/yr (too small for a street connection),excluded,,
47603092,100 Fifth Ave,1008177502,Office,962,40.736881,-73.992992,2024,1,250671.0,,0.0,1927.2722237233968,0.0,1927.2722237233968,1927.2722237233968,1927.2722237233968,True,gas_or_oil,False,False,hydronic_assumed,1638.1813901648873,0.3927886633360209,1.0,1638.1813901648873,1.618756314392181,insufficient data: only 1 year of LL84 records,excluded,,
3994570,260 West 26th Street - 41589,1007757502,Multifamily Housing,811,40.746756,-73.996063,2024,1,236779.0,230.0,0.0,1926.6658011301995,0.0,1926.6658011301995,1926.6658011301995,1926.6658011301995,True,gas_or_oil,True,False,hydronic_assumed,1637.6659309606696,0.6,1.0,1637.6659309606696,1.9020510231831238,insufficient data: only 1 year of LL84 records,excluded,,
6779565,334 West 23 Street,1007460060,Hotel,546,40.745757,-73.999607,"2022,2023,2024",3,32000.0,,1603.5295815160487,304.1354472742733,0.0,1907.665028790322,798.9192126236247,4092.9415012622567,False,steam,False,False,steam_radiators,1468.9020721685479,0.3927886633360209,0.3927886633360209,576.9680814985952,0.9680672508365692,heat demand below 2 GWh/yr (too small for a street connection),excluded,,
44143093,Rockrose - 100 Jane Street,1006410017,Multifamily Housing,591,40.738135,-74.008379,2024,1,123646.0,148.0,0.0,1906.0991893068929,0.0,1906.0991893068929,1906.0991893068929,1906.0991893068929,True,gas_or_oil,True,False,hydronic_assumed,1620.1843109108588,0.6,1.0,1620.1843109108588,2.5275886285660825,insufficient data: only 1 year of LL84 records,excluded,,
6294568,220 West 24th St and 225 West 23rd Street,1007730056;1007730027,Multifamily Housing,682,40.745104,-73.995998,2024,1,123731.0,245.0,0.0,1899.366058036272,0.0,1899.366058036272,1899.366058036272,1899.366058036272,True,gas_or_oil,True,False,hydronic_assumed,1614.4611493308312,0.6,1.0,1614.4611493308312,2.205548018211518,insufficient data: only 1 year of LL84 records,excluded,,
33922007,AKAM - 270 West 17th Street,1007667502,Multifamily Housing,187,40.741224,-74.000794,"2023,2024",2,178845.0,157.0,0.0,1582.443418239921,311.4375075832131,1893.8809258231342,1598.1528025504217,2189.609049095847,False,gas_or_oil,True,False,hydronic_assumed,1609.798786949664,0.6,1.0,1609.798786949664,6.792399944935291,heat demand below 2 GWh/yr (too small for a street connection),excluded,,
4039172,Century - 25 Greenwich Avenue,1006110065,Multifamily Housing,758,40.7348075,-74.000058,"2023,2024",2,150941.0,148.0,0.0,1890.2840503120915,0.0,1890.2840503120915,1868.558870058749,1912.0092305654337,False,gas_or_oil,True,False,hydronic_assumed,1606.7414427652777,0.6,1.0,1606.7414427652777,1.9885413895609874,heat demand below 2 GWh/yr (too small for a street connection),excluded,,
26679016,The Chadwin House Condominium (140 7th Avenue),1007687502,Multifamily Housing,442,40.741324,-73.99768,2024,1,120545.0,144.65,0.0,1658.844532261553,202.86608822258864,1861.7106204841416,1861.7106204841416,1861.7106204841416,False,gas_or_oil,True,False,hydronic_assumed,1582.4540274115204,0.6,1.0,1582.4540274115204,3.2163699744136593,insufficient data: only 1 year of LL84 records,excluded,,
24896805,163 West 17th Street AKA 119 7th Avenue,1007930001,Multifamily Housing,462,40.740281,-73.997817,"2023,2024",2,53123.0,55.0,0.0,849.7285722575439,937.1722806377929,1786.9008528953368,1337.8706982300268,2235.931007560647,True,gas_or_oil,True,False,hydronic_assumed,1518.8657249610362,0.29029281707313337,1.0,1518.8657249610362,2.966534619064524,heat demand below 2 GWh/yr (too small for a street connection),excluded,,
2982034,Maxwell: 22 West 15th St,1008167501,Multifamily Housing,868,40.737141,-73.994212,"2022,2023,2024",3,162803.0,134.0,0.0,1754.6908461996402,0.0,1754.6908461996402,1673.986369852134,1874.8925748107788,True,gas_or_oil,True,False,hydronic_assumed,1491.4872192696942,0.6,1.0,1491.4872192696942,1.6247137464811483,heat demand below 2 GWh/yr (too small for a street connection),excluded,,
3114445,Superior Ink Condominium,1006407501,Multifamily Housing,687,40.737556,-74.009573,2024,1,191094.0,59.0,0.0,1739.109392282033,0.0,1739.109392282033,1739.109392282033,1739.109392282033,False,gas_or_oil,True,False,hydronic_assumed,1478.242983439728,0.3199625634764059,1.0,1478.242983439728,2.0057571010037014,insufficient data: only 1 year of LL84 records,excluded,,
3994572,401 West 25th Street - 41674,1007237502,Multifamily Housing,781,40.74781,-74.000469,2024,1,179370.0,168.0,0.0,1735.4308232189635,0.0,1735.4308232189635,1735.4308232189635,1735.4308232189635,False,gas_or_oil,True,False,hydronic_assumed,1475.116199736119,0.6,1.0,1475.116199736119,1.7751097469748724,insufficient data: only 1 year of LL84 records,excluded,,
2825201,74 5th Avenue,1005770042,Multifamily Housing,978,40.735519,-73.993981,"2022,2023",2,98066.0,36.0,0.0,1125.4753905318125,606.7177157339877,1732.1931062658,1130.3058020445808,2334.0804104870194,False,gas_or_oil,True,False,hydronic_assumed,1472.36414032593,0.19601091292856967,1.0,1472.36414032593,1.4322608368929282,heat demand below 2 GWh/yr (too small for a street connection),excluded,,
19081856,"226 West 26th St, New York, NY 10001",1007750058,Office,843,40.746482,-73.995409,2024,1,103873.0,,0.0,0.0,1728.1367832874482,1728.1367832874482,1728.1367832874482,1728.1367832874482,False,gas_or_oil,False,False,hydronic_assumed,1468.916265794331,0.3927886633360209,1.0,1468.916265794331,1.6449230300048499,insufficient data: only 1 year of LL84 records,excluded,,
4043731,Halstead - 360 West 22nd Street,1007457502,Multifamily Housing,477,40.745413,-74.0013225,"2023,2024",2,234859.5,217.0,0.0,1715.959110142544,0.0,1715.959110142544,1338.320327817541,2093.597892467547,False,gas_or_oil,True,False,hydronic_assumed,1458.5652436211624,0.6,1.0,1458.5652436211624,2.7676759841008773,heat demand below 2 GWh/yr (too small for a street connection),excluded,,
2807291,The Christopher,1007730134,Multifamily Housing,729,40.744939,-73.995604,2024,1,75767.0,177.0,0.0,1696.1472002044463,0.0,1696.1472002044463,1696.1472002044463,1696.1472002044463,False,gas_or_oil,True,False,hydronic_assumed,1441.7251201737793,0.6,1.0,1441.7251201737793,1.8507382800690362,insufficient data: only 1 year of LL84 records,excluded,,
6641272,MGRE - 140 Seventh Avenue,1007687502,Multifamily Housing,442,40.741324,-73.99768,2023,1,87743.0,120.0,0.0,1681.7653251242182,0.0,1681.7653251242182,1681.7653251242182,1681.7653251242182,False,gas_or_oil,True,False,hydronic_assumed,1429.5005263555854,0.6,1.0,1429.5005263555854,2.9054888747064744,insufficient data: only 1 year of LL84 records,excluded,,
7566203,99 Jane Street Condominium (99 Jane Street),1006427502,Multifamily Housing,558,40.738151,-74.008462,2024,1,154498.0,84.0,0.0,1662.910570544837,0.0,1662.910570544837,1662.910570544837,1662.910570544837,True,gas_or_oil,True,False,hydronic_assumed,1413.4739849631114,0.47641392688071355,1.0,1413.4739849631114,2.32479273842617,insufficient data: only 1 year of LL84 records,excluded,,
2810288,"38-50 West 9th Street Corporation (38, 42, 50 West 9th Street) (Campus)",1005720017,Multifamily Housing,968,40.733502,-73.997499,2024,1,73098.0,54.0,0.0,1642.9497365584434,0.0,1642.9497365584434,1642.9497365584434,1642.9497365584434,False,gas_or_oil,True,False,hydronic_assumed,1396.5072760746768,0.30998704151378337,1.0,1396.5072760746768,1.3718146130399576,insufficient data: only 1 year of LL84 records,excluded,,
2650027,80 Eighth Ave LLC,1007640001,Office,193,40.739851,-74.002439,2024,1,171309.0,,0.0,0.5163911701212904,1637.8322180026505,1638.3486091727718,1638.3486091727718,1638.3486091727718,False,gas_or_oil,False,False,hydronic_assumed,1392.596317796856,0.3927886633360209,1.0,1392.596317796856,5.730849044431507,insufficient data: only 1 year of LL84 records,excluded,,
33869334,161 WEST 15 STREET,1007910001,Multifamily Housing,447,40.739071,-73.998755,2024,1,138747.0,166.5,0.0,1630.8526139885153,0.0,1630.8526139885153,1630.8526139885153,1630.8526139885153,True,gas_or_oil,True,False,hydronic_assumed,1386.224721890238,0.6,1.0,1386.224721890238,2.789184551086998,insufficient data: only 1 year of LL84 records,excluded,,
2672673,DEPM 2102 - 720 Greenwich St,1006320017,Multifamily Housing,826,40.734375,-74.007152,"2023,2024",2,145539.5,159.0,0.0,1576.42960052659,0.0,1576.42960052659,1327.1397263068186,1825.7194747463616,False,gas_or_oil,True,False,hydronic_assumed,1339.9651604476016,0.6,1.0,1339.9651604476016,1.5296405941182667,heat demand below 2 GWh/yr (too small for a street connection),excluded,,
2715813,The Broadmoor,1007470028,Multifamily Housing,603,40.745601,-73.999192,2024,1,132011.0,75.0,0.0,1566.5472011422737,0.0,1566.5472011422737,1566.5472011422737,1566.5472011422737,False,gas_or_oil,True,False,hydronic_assumed,1331.5651209709326,0.4515354318191006,1.0,1331.5651209709326,2.0391502618237864,insufficient data: only 1 year of LL84 records,excluded,,
44312692,Rockrose - 108-110 Horatio Street,1006420012;1006420004,Multifamily Housing,577,40.738739,-74.008816,2024,1,111280.0,154.0,0.0,1547.7020592929605,0.0,1547.7020592929605,1547.7020592929605,1547.7020592929605,True,gas_or_oil,True,False,hydronic_assumed,1315.5467503990164,0.6,1.0,1315.5467503990164,2.0981606864418123,insufficient data: only 1 year of LL84 records,excluded,,
2637925,201 West 16 Owners Corp. (201 W 16 Street),1007660039,Multifamily Housing,387,40.740067,-73.999134,2024,1,110643.0,115.0,0.0,1526.5867598710722,0.0,1526.5867598710722,1526.5867598710722,1526.5867598710722,False,gas_or_oil,True,False,hydronic_assumed,1297.5987458904115,0.6,1.0,1297.5987458904115,2.9693335146233673,insufficient data: only 1 year of LL84 records,excluded,,
2637231,133 W21,1007970018,College/University,696,40.742082,-73.994807,"2022,2023,2024",3,115895.0,,0.0,1524.912288722646,0.0,1524.912288722646,1275.3572389425765,1673.6833343981582,True,gas_or_oil,False,False,hydronic_assumed,1296.1754454142492,0.3927886633360209,1.0,1296.1754454142492,1.7375005970700392,heat demand below 2 GWh/yr (too small for a street connection),excluded,,
33912723,30 WEST 18 STREET,1008190059,Multifamily Housing,852,40.738978,-73.992942,2024,1,98690.0,98.0,0.0,1503.4172083107917,0.0,1503.4172083107917,1503.4172083107917,1503.4172083107917,True,gas_or_oil,True,False,hydronic_assumed,1277.904627064173,0.6,1.0,1277.904627064173,1.416745706279571,insufficient data: only 1 year of LL84 records,excluded,,
26618023,40 10th Avenue,1006460001,Office,417,40.741827,-74.007975,"2023,2024",2,152004.5,,0.0,1490.6649693945915,0.0,1490.6649693945915,1358.4421164183673,1622.887822370816,True,gas_or_oil,False,False,hydronic_assumed,1267.0652239854028,0.3927886633360209,1.0,1267.0652239854028,2.713201764422704,heat demand below 2 GWh/yr (too small for a street connection),excluded,,
6282519,Buchbinder: 222 W 15th St,1007640051,Multifamily Housing,305,40.739606,-74.000061,"2022,2023,2024",3,72395.0,98.0,0.0,1487.729437989392,0.0,1487.729437989392,1307.5816598488575,1646.730528799798,False,gas_or_oil,True,False,hydronic_assumed,1264.5700222909832,0.6,1.0,1264.5700222909832,3.562169076876009,heat demand below 2 GWh/yr (too small for a street connection),excluded,,
2665696,Stonehenge - 108 West 15th Street,1007900028,Multifamily Housing,637,40.737919500000004,-73.997104,"2023,2024",2,56408.0,55.0,0.0,332.13462394003534,1137.8517072267214,1469.9863311667568,1452.506753822086,1487.4659085114276,True,gas_or_oil,True,False,hydronic_assumed,1249.4883814917432,0.3528770787995357,1.0,1249.4883814917432,1.8187603806284471,heat demand below 2 GWh/yr (too small for a street connection),excluded,,
2670565,Brodsky - 433 West 21 Street,1007190020,Multifamily Housing,515,40.745667,-74.003338,2024,1,65235.0,68.0,0.0,1468.4675784302062,0.0,1468.4675784302062,1468.4675784302062,1468.4675784302062,False,gas_or_oil,True,False,hydronic_assumed,1248.1974416656753,0.4367356125342393,1.0,1248.1974416656753,2.2091990117976557,insufficient data: only 1 year of LL84 records,excluded,,
2679733,DEPM 7548 - 151 West 17th St,1007937505,Multifamily Housing,489,40.740103000000005,-73.997398,"2023,2024",2,125263.0,51.0,0.0,1463.3508511662176,0.0,1463.3508511662176,1381.026668878376,1545.6750334540593,True,gas_or_oil,True,False,hydronic_assumed,1243.848223491285,0.328697021039731,1.0,1243.848223491285,2.307696147479193,heat demand below 2 GWh/yr (too small for a street connection),excluded,,
26664055,35 XV Condominium (35 West 15th St),1008177503,Multifamily Housing,839,40.737254,-73.994436,2024,1,177938.0,55.0,0.0,1459.2203079473247,0.0,1459.2203079473247,1459.2203079473247,1459.2203079473247,False,gas_or_oil,True,False,hydronic_assumed,1240.3372617552259,0.3554805806856254,1.0,1240.3372617552259,1.395205018847273,insufficient data: only 1 year of LL84 records,excluded,,
6441058,101 West 23rd Street,1007990035,Multifamily Housing,893,40.743097,-73.993226,2024,1,99819.0,80.0,0.0,7.347290939239927,1426.1363976059615,1433.4836885452014,1433.4836885452014,1433.4836885452014,False,gas_or_oil,True,False,hydronic_assumed,1218.461135263421,0.5263459529332765,1.0,1218.461135263421,1.2921114902051125,insufficient data: only 1 year of LL84 records,excluded,,
3526759,165 Charles Street,1006377505,Multifamily Housing,975,40.733949,-74.009461,2024,1,96123.0,31.0,0.0,1432.4908517875283,0.0,1432.4908517875283,1432.4908517875283,1432.4908517875283,False,gas_or_oil,True,False,hydronic_assumed,1217.617224019399,0.20410041755872102,1.0,1217.617224019399,1.187919242945755,insufficient data: only 1 year of LL84 records,excluded,,
21355269,DPR_3545_Chelsea Recreation Center,1007220057,Fitness Center/Health Club/Gym,776,40.748291,-74.001649,"2022,2023,2024",3,54000.0,,0.0,1418.0559406183368,0.0,1418.0559406183368,984.603131991576,2157.4561668301026,False,gas_or_oil,False,False,hydronic_assumed,1205.3475495255861,0.3927886633360209,1.0,1205.3475495255861,1.4592585345346079,heat demand below 2 GWh/yr (too small for a street connection),excluded,,
2670519,Brodsky - 177 9th Ave,1007187501,Multifamily Housing,411,40.744917,-74.002487,2024,1,144746.0,54.0,0.0,1416.580200941227,0.0,1416.580200941227,1416.580200941227,1416.580200941227,False,gas_or_oil,True,False,hydronic_assumed,1204.093170800043,0.3595229750163167,1.0,1204.093170800043,2.6119157718005273,insufficient data: only 1 year of LL84 records,excluded,,
2648547,322 Partners Pro,1007760001,Office,855,40.747294,-73.997023,2024,1,189049.0,,0.0,2.835462299048516,1413.6079623884352,1416.4434246874837,1416.4434246874837,1416.4434246874837,False,gas_or_oil,False,False,hydronic_assumed,1203.9769109843612,0.3927886633360209,1.0,1203.9769109843612,1.330361227607029,insufficient data: only 1 year of LL84 records,excluded,,
5864822,AKAM - 31 Jane Street,1006160001,Multifamily Housing,344,40.738146,-74.003594,"2023,2024",2,93330.0,127.0,0.0,1399.9669122797354,0.0,1399.9669122797354,1286.0359856066952,1513.8978389527754,True,gas_or_oil,True,False,hydronic_assumed,1189.971875437775,0.6,1.0,1189.971875437775,3.020233186390292,heat demand below 2 GWh/yr (too small for a street connection),excluded,,
3539832,114 Fifth Avenue,1008180051,Office,958,40.737696,-73.992397,2024,1,351552.0,,0.0,955.7102254243816,434.88412850344446,1390.594353927826,1390.594353927826,1390.594353927826,False,gas_or_oil,False,False,hydronic_assumed,1182.005200838652,0.3927886633360209,1.0,1182.005200838652,1.1726242071812023,insufficient data: only 1 year of LL84 records,excluded,,
30687963,151 West 26th Street,1008020008,Office,973,40.745428,-73.992872,"2023,2024",2,179131.0,,0.0,301.34531329587105,1070.8588769166115,1372.2041902124824,1183.6401005585349,1560.76827986643,False,gas_or_oil,False,False,hydronic_assumed,1166.37356168061,0.3927886633360209,1.0,1166.37356168061,1.1401501091697068,heat demand below 2 GWh/yr (too small for a street connection),excluded,,
2560572,110-114 HORATIO II LLC,1006420004; 1006420012,Multifamily Housing,577,40.738739,-74.008816,"2022,2023",2,111280.0,154.0,0.0,1337.1983541911993,0.0,1337.1983541911993,1219.5611730109708,1572.472716551656,True,gas_or_oil,True,False,hydronic_assumed,1136.6186010625195,0.6,1.0,1136.6186010625195,1.8127888374202863,heat demand below 2 GWh/yr (too small for a street connection),excluded,,
25112004,177 Eighth Avenue,1007430038,Multifamily Housing,302,40.74293,-74.00022,"2023,2024",2,77712.0,100.0,0.0,111.43498717228064,1217.5425290037751,1328.9775161760558,1315.8749254866882,1342.0801068654234,True,gas_or_oil,True,False,hydronic_assumed,1129.6308887496475,0.6,1.0,1129.6308887496475,3.2091786612205895,heat demand below 2 GWh/yr (too small for a street connection),excluded,,
53897392,222 W 14th Street,1006187501,Multifamily Housing,319,40.738915,-74.000559,2024,1,120244.0,132.0,0.0,1322.6750821038515,0.0,1322.6750821038515,1322.6750821038515,1322.6750821038515,False,gas_or_oil,True,False,hydronic_assumed,1124.2738197882738,0.6,1.0,1124.2738197882738,3.0468125197514198,insufficient data: only 1 year of LL84 records,excluded,,
2587287,534 WEST 23 STREET - [524 West 23rd],1006940047,Self-Storage Facility,765,40.748238,-74.005493,2024,1,141935.0,,0.0,1319.282696910035,0.0,1319.282696910035,1319.282696910035,1319.282696910035,False,gas_or_oil,False,False,hydronic_assumed,1121.3902923735297,0.3927886633360209,1.0,1121.3902923735297,1.3759390090472758,insufficient data: only 1 year of LL84 records,excluded,,
6338140,Alfa -15 West 18th Street,1008200029,Office,910,40.738851,-73.992599,"2022,2023,2024",3,42625.0,9.0,0.0,1307.5942032893122,0.0,1307.5942032893122,1220.6224125490676,1470.718451928437,True,gas_or_oil,False,False,hydronic_assumed,1111.4550727959154,0.3927886633360209,1.0,1111.4550727959154,1.1577657008290785,heat demand below 2 GWh/yr (too small for a street connection),excluded,,
2665536,Stellar - 119-21 West 23rd Street,1007990028,Office,868,40.743248,-73.993591,"2023,2024",2,98800.0,,0.0,0.31006915890370335,1302.8203984476613,1303.1304676065652,1268.1828892232504,1338.0780459898797,True,gas_or_oil,False,False,hydronic_assumed,1107.6608974655803,0.3927886633360209,1.0,1107.6608974655803,1.2066022848208935,heat demand below 2 GWh/yr (too small for a street connection),excluded,,
2682647,59 West 12th St Condominium (59 West 12 Street),1005767502,Multifamily Housing,821,40.73564,-73.99685,2024,1,131801.0,95.0,0.0,1292.0818945987596,0.0,1292.0818945987596,1292.0818945987596,1292.0818945987596,False,gas_or_oil,True,False,hydronic_assumed,1098.2696104089457,0.6,1.0,1098.2696104089457,1.26092951826515,insufficient data: only 1 year of LL84 records,excluded,,
2689469,20 West 20th Street,1008210055,Office,916,40.740048,-73.991855,"2022,2023,2024",3,105490.0,,0.0,210.1804086699792,1141.9840967931582,1282.104369239811,1249.4671968517137,1333.089918297656,True,gas_or_oil,False,False,hydronic_assumed,1089.7887138538392,0.3927886633360209,1.0,1089.7887138538392,1.1281456665153615,heat demand below 2 GWh/yr (too small for a street connection),excluded,,
5876476,DEPM 1650 - 45 West 10th Street,1005740067,Multifamily Housing,888,40.73421,-73.997315,"2023,2024",2,76168.5,90.0,0.0,3.2038525946458263,1276.8108712943367,1280.0147238889824,1225.1816600833142,1334.8477876946506,False,gas_or_oil,True,False,hydronic_assumed,1088.0125153056351,0.6,1.0,1088.0125153056351,1.1599280546968391,heat demand below 2 GWh/yr (too small for a street connection),excluded,,
6382110,304 West 14th Street,1006290029,Multifamily Housing,174,40.739867,-74.002818,"2022,2023,2024",3,38376.0,66.0,0.0,1270.5480506575243,0.0,1270.5480506575243,1159.2574693550268,1334.592757276807,False,gas_or_oil,True,False,hydronic_assumed,1079.9658430588956,0.4899219502786305,1.0,1079.9658430588956,4.821276085084356,heat demand below 2 GWh/yr (too small for a street connection),excluded,,
14365277,350 Bleecker Street,1006200019,Multifamily Housing,799,40.734106,-74.004601,"2022,2023,2024",3,92000.0,126.0,0.0,1269.0940666205179,0.0,1269.0940666205179,1183.215792308761,1371.4696809218374,False,gas_or_oil,True,False,hydronic_assumed,1078.72995662744,0.6,1.0,1078.72995662744,1.2705888770641225,heat demand below 2 GWh/yr (too small for a street connection),excluded,,
4948339,Orsid - 136 Waverly Place,1005920066,Multifamily Housing,965,40.733004333333334,-74.00024066666667,"2023,2024",2,94291.0,76.0,0.0,1262.7209145066843,0.0,1262.7209145066843,1259.7758534082109,1268.6110367036308,True,gas_or_oil,True,False,hydronic_assumed,1073.3127773306817,0.5676495201147285,1.0,1073.3127773306817,1.0574510121484548,heat demand below 2 GWh/yr (too small for a street connection),excluded,,
25727216,77 West 15th Street,1008170001,Multifamily Housing,717,40.737935,-73.996063,"2022,2023",2,91875.0,108.0,0.0,1253.5860172290602,0.0,1253.5860172290602,876.1145345064773,1631.0574999516432,True,gas_or_oil,True,False,hydronic_assumed,1065.5481146447012,0.6,1.0,1065.5481146447012,1.3892413489500668,heat demand below 2 GWh/yr (too small for a street connection),excluded,,
4405892,590 6th Avenue,1008187501,K-12 School,729,40.739178,-73.9955,2024,1,173968.0,,0.0,1253.350739799223,0.0,1253.350739799223,1253.350739799223,1253.350739799223,False,gas_or_oil,False,False,hydronic_assumed,1065.3481288293394,0.3927886633360209,1.0,1065.3481288293394,1.3675842475344537,insufficient data: only 1 year of LL84 records,excluded,,
52484292,416 WEST 13 STREET,1006450029,Office,352,40.740569,-74.006615,2024,1,144001.0,,0.0,1140.179922172055,101.11355271849764,1241.2934748905527,1241.2934748905527,1241.2934748905527,False,gas_or_oil,False,False,hydronic_assumed,1055.0994536569697,0.3927886633360209,1.0,1055.0994536569697,2.624625506609377,insufficient data: only 1 year of LL84 records,excluded,,
10719073,201 West 21st Street Tenants Corp. (201 W 21 St),1007710038,Multifamily Housing,575,40.742952,-73.996889,2024,1,87628.0,144.0,0.0,1228.930654116974,0.0,1228.930654116974,1228.930654116974,1228.930654116974,False,gas_or_oil,True,False,hydronic_assumed,1044.591055999428,0.6,1.0,1044.591055999428,1.6713456895990846,insufficient data: only 1 year of LL84 records,excluded,,
3112854,521 West 26th Street,1006980018,Office,985,40.750064,-74.00388,"2022,2023,2024",3,135214.0,,0.0,1225.4499275430703,0.0,1225.4499275430703,1099.0711406500668,1291.0192190125736,True,gas_or_oil,False,False,hydronic_assumed,1041.6324384116097,0.3927886633360209,1.0,1041.6324384116097,1.0064081530546953,heat demand below 2 GWh/yr (too small for a street connection),excluded,,
10517316,425 W 18th Street,1007167506,Multifamily Housing,344,40.743962,-74.004735,2024,1,147404.0,160.0,0.0,1222.1204744702889,0.0,1222.1204744702889,1222.1204744702889,1222.1204744702889,False,gas_or_oil,True,False,hydronic_assumed,1038.8024032997455,0.6,1.0,1038.8024032997455,2.6365543230958006,insufficient data: only 1 year of LL84 records,excluded,,
5026632,80 Fifth Avenue,1005770039,Office,977,40.735807,-73.993772,"2023,2024",2,126756.0,,0.0,0.0,1216.0016200967018,1216.0016200967018,1161.5865342063726,1270.416705987031,True,gas_or_oil,False,False,hydronic_assumed,1033.6013770821964,0.3927886633360209,1.0,1033.6013770821964,1.0064278257859751,heat demand below 2 GWh/yr (too small for a street connection),excluded,,
6667538,AKAM - 9 Barrow Street,1005907502,Multifamily Housing,977,40.732712500000005,-74.00245699999999,"2023,2024",2,97940.0,86.0,0.0,1215.2176257611789,0.0,1215.2176257611789,808.4947812840146,1621.940470238343,True,gas_or_oil,True,False,hydronic_assumed,1032.934981897002,0.6,1.0,1032.934981897002,1.0057789502405083,heat demand below 2 GWh/yr (too small for a street connection),excluded,,
2671721,Greenway Mews Realty LLC,1006450029,Office,352,40.740569,-74.006615,"2022,2023",2,132417.5,,0.0,1211.1344721292376,0.0,1211.1344721292376,1128.7015897931565,1293.5673544653184,False,gas_or_oil,False,False,hydronic_assumed,1029.4643013098519,0.3927886633360209,1.0,1029.4643013098519,2.5608564709200294,heat demand below 2 GWh/yr (too small for a street connection),excluded,,
20462032,Abington Court Owners Corp,1006247504,Multifamily Housing,522,40.736705,-74.00472,"2022,2023,2024",3,79065.0,88.0,0.0,1209.0713497074078,0.0,1209.0713497074078,933.7787524669257,1601.7474946822265,False,gas_or_oil,True,False,hydronic_assumed,1027.7106472512967,0.6,1.0,1027.7106472512967,1.7966969357540152,heat demand below 2 GWh/yr (too small for a street connection),excluded,,
4038846,Orsid - 15 West 12th Street,1005760049,Multifamily Housing,962,40.734959,-73.995239,"2023,2024",2,84361.0,80.0,0.0,302.23229279437965,904.3637691514598,1206.5960619458392,1139.7727878851467,1273.419336006532,False,gas_or_oil,True,False,hydronic_assumed,1025.6066526539632,0.6,1.0,1025.6066526539632,1.013445308946604,heat demand below 2 GWh/yr (too small for a street connection),excluded,,
2798374,Chelsea 19 Condominium,1007697505,Multifamily Housing,368,40.742354,-73.999098,2024,1,72312.0,43.0,0.0,1204.7115565530391,0.0,1204.7115565530391,1204.7115565530391,1204.7115565530391,False,gas_or_oil,True,False,hydronic_assumed,1024.0048230700831,0.3366351302119948,1.0,1024.0048230700831,2.449772303995414,insufficient data: only 1 year of LL84 records,excluded,,
50495092,365 W 20 APTS CORP,1007440001,Multifamily Housing,376,40.744141,-74.001527,2024,1,62638.0,74.0,0.0,1199.422239754383,0.0,1199.422239754383,1199.422239754383,1199.422239754383,True,gas_or_oil,True,False,hydronic_assumed,1019.5089037912256,0.5818803333594426,1.0,1019.5089037912256,2.393213389181281,insufficient data: only 1 year of LL84 records,excluded,,
2800685,126 Fifth Avenue,1008190044,Office,978,40.738387,-73.991895,2024,1,107314.0,10.0,0.0,1197.4372403024258,0.0,1197.4372403024258,1197.4372403024258,1197.4372403024258,False,gas_or_oil,False,False,hydronic_assumed,1017.8216542570619,0.3927886633360209,1.0,1017.8216542570619,0.990098885464068,insufficient data: only 1 year of LL84 records,excluded,,
2639187,18 West 18th Street,1008190056,Office,872,40.738859,-73.99266,"2022,2023,2024",3,180000.0,,0.0,1196.173009993918,0.0,1196.173009993918,876.8253490036465,1770.5299779434738,True,gas_or_oil,False,False,hydronic_assumed,1016.7470584948302,0.3927886633360209,1.0,1016.7470584948302,1.1027625363284492,heat demand below 2 GWh/yr (too small for a street connection),excluded,,
28482620,NPMG - 232 7th Ave,1007730044,Multifamily Housing,734,40.744434,-73.99541,"2023,2024",2,51584.0,49.0,0.0,1193.252376366517,0.0,1193.252376366517,553.7624166872305,1832.7423360458035,True,gas_or_oil,True,False,hydronic_assumed,1014.2645199115394,0.3872913779312691,1.0,1014.2645199115394,1.2937047447851269,heat demand below 2 GWh/yr (too small for a street connection),excluded,,
21294034,AKAM - 148 West 23rd Street,1007980071,Multifamily Housing,740,40.74349,-73.994211,"2023,2024",2,127000.0,107.0,0.0,1186.991836799289,0.0,1186.991836799289,1132.0270961759506,1241.9565774226278,False,gas_or_oil,True,False,hydronic_assumed,1008.9430612793957,0.6,1.0,1008.9430612793957,1.2771431155435389,heat demand below 2 GWh/yr (too small for a street connection),excluded,,
15087890,100 West 12th Street (The Mark Twain),1006070038,Multifamily Housing,721,40.736208,-73.998235,"2022,2023,2024",3,67166.0,85.0,0.0,96.29415579226578,1087.635821330609,1183.9299771228748,940.0262064122772,1419.887302462793,True,gas_or_oil,True,False,hydronic_assumed,1006.3404805544435,0.6,1.0,1006.3404805544435,1.3052405714065416,heat demand below 2 GWh/yr (too small for a street connection),excluded,,
2616221,5 West 19th Street,1008210038,Multifamily Housing,988,40.739337,-73.991946,"2022,2023",2,91095.5,30.0,0.0,6.794852031363291,1166.3744797256388,1173.169331757002,1060.1188344447564,1286.2198290692477,False,gas_or_oil,True,False,hydronic_assumed,997.1939319934518,0.24117628982796951,1.0,997.1939319934518,0.9606877957547705,heat demand below 2 GWh/yr (too small for a street connection),excluded,,
18652222,NEW BEDFORD : 140 5,1008207501,Multifamily Housing,988,40.739005,-73.991448,"2022,2024",2,42845.0,51.705,0.0,12.855707646399242,1158.0274502057653,1170.8831578521647,12.983047012697597,2328.7832686916317,True,gas_or_oil,True,False,hydronic_assumed,995.25068417434,0.41647893470257674,1.0,995.25068417434,0.9588156880292292,heat demand below 2 GWh/yr (too small for a street connection),excluded,,
21968031,615 AVENUE OF THE AMER,1007940030,Retail Store,685,40.739952,-73.994962,"2022,2023,2024",3,134235.0,7.0,0.0,1155.756608800767,0.0,1155.756608800767,1079.63211964801,1288.3110667727194,True,gas_or_oil,False,False,hydronic_assumed,982.393117480652,0.3927886633360209,1.0,982.393117480652,1.3365892754838802,heat demand below 2 GWh/yr (too small for a street connection),excluded,,
6282899,Sandra Greer: 181 7th Avenue,1007967501,Multifamily Housing,587,40.742565,-73.996749,2024,1,37831.0,45.0,0.0,1143.813973744352,0.0,1143.813973744352,1143.813973744352,1143.813973744352,False,gas_or_oil,True,False,hydronic_assumed,972.2418776826993,0.3710489204554218,1.0,972.2418776826993,1.5262823825474086,insufficient data: only 1 year of LL84 records,excluded,,
4014030,Stonehenge - 364 West 18th Street,1007410067,Multifamily Housing,194,40.742999999999995,-74.003136,"2023,2024",2,67863.0,64.0,0.0,1143.4252296651193,0.0,1143.4252296651193,1105.0798003131172,1181.7706590171215,True,gas_or_oil,True,False,hydronic_assumed,971.9114452153514,0.5278934335094976,1.0,971.9114452153514,3.983243627931768,heat demand below 2 GWh/yr (too small for a street connection),excluded,,
55530192,200 REALTY EQUITIES LLC,1007670043,Multifamily Housing,416,40.740855,-73.998019,2024,1,46812.0,61.0,0.0,293.0754347269252,844.8306078703641,1137.9060425972891,1137.9060425972891,1137.9060425972891,False,gas_or_oil,True,False,hydronic_assumed,967.2201362076958,0.5055888502523759,1.0,967.2201362076958,2.0755796914328237,insufficient data: only 1 year of LL84 records,excluded,,
30687969,236 West 27th Street,1007760059,Office,902,40.747316,-73.995474,"2023,2024",2,94331.0,,0.0,30.079785659565168,1103.751822169183,1133.8316078287482,872.7245524951776,1394.9386631623188,False,gas_or_oil,False,False,hydronic_assumed,963.756866654436,0.3927886633360209,1.0,963.756866654436,1.0123496498470965,heat demand below 2 GWh/yr (too small for a street connection),excluded,,
20405636,421 West 21st Street,1007190029,Multifamily Housing,498,40.745565,-74.003093,"2022,2023",2,26800.0,36.0,0.0,1128.22177388866,0.0,1128.22177388866,1105.4071020490942,1151.0364457282258,True,gas_or_oil,True,False,hydronic_assumed,958.988507805361,0.3009414992563698,1.0,958.988507805361,1.7499790288418997,heat demand below 2 GWh/yr (too small for a street connection),excluded,,
6232581,The Getty Condominium (501 West 24th Street),1006967503,Multifamily Housing,810,40.748398,-74.003764,2024,1,57515.0,5.0,0.0,1116.4165500732386,0.0,1116.4165500732386,1116.4165500732386,1116.4165500732386,True,gas_or_oil,True,False,hydronic_assumed,948.9540675622527,0.04223940528806963,1.0,948.9540675622527,1.1034349622816892,insufficient data: only 1 year of LL84 records,excluded,,
3447970,Salon: 366 West 11 Street,1006377502,Multifamily Housing,859,40.735368,-74.009367,2024,1,64414.0,81.0,0.0,1113.9209915648294,0.0,1113.9209915648294,1113.9209915648294,1113.9209915648294,False,gas_or_oil,True,False,hydronic_assumed,946.8328428301049,0.6,1.0,946.8328428301049,1.0416202891420296,insufficient data: only 1 year of LL84 records,excluded,,
28621235,MIDWOOD MANAGEMENT CORP : 56 7 Avenue,1006180033,Multifamily Housing,417,40.738308,-73.999874,"2023,2024",2,152158.0,182.59,0.0,2227.046822787563,0.0,1113.5234113937815,0.0,2227.046822787563,True,gas_or_oil,True,False,hydronic_assumed,946.4948996847143,0.6,1.0,946.4948996847143,2.026755673843071,heat demand below 2 GWh/yr (too small for a street connection),excluded,,
2666655,SW - 196-204 7th Ave,1007710046,Multifamily Housing,597,40.743106,-73.996377,"2023,2024",2,76450.0,76.0,0.0,1103.8801433234607,0.0,1103.8801433234607,996.2333630898128,1211.5269235571088,True,gas_or_oil,True,False,hydronic_assumed,938.2981218249416,0.6,1.0,938.2981218249416,1.4502289363600334,heat demand below 2 GWh/yr (too small for a street connection),excluded,,
22739867,WEST 23RD STREET OWNERS CORP,1007200049,Multifamily Housing,576,40.746751,-74.00196,"2023,2024",2,36575.0,20.0,0.0,1094.546035891824,0.0,1094.546035891824,1070.007344360229,1119.084727423419,False,gas_or_oil,True,False,hydronic_assumed,930.3641305080504,0.17233362355720083,1.0,930.3641305080504,1.4862046813227643,heat demand below 2 GWh/yr (too small for a street connection),excluded,,
26105630,245 West 25th Street,1007750009,Multifamily Housing,797,40.745947,-73.996027,2024,1,39968.0,67.0,0.0,1085.5656358967476,0.0,1085.5656358967476,1085.5656358967476,1085.5656358967476,False,gas_or_oil,True,False,hydronic_assumed,922.7307905122354,0.5820935300744168,1.0,922.7307905122354,1.0894106145362874,insufficient data: only 1 year of LL84 records,excluded,,
6313110,860 Washington St,1006460019,Office,377,40.74105,-74.007412,"2022,2023",2,122098.0,,0.0,1084.2838750556102,0.0,1084.2838750556102,831.6655930497618,1336.9021570614589,False,gas_or_oil,False,False,hydronic_assumed,921.6412937972686,0.3927886633360209,1.0,921.6412937972686,2.158410524115383,heat demand below 2 GWh/yr (too small for a street connection),excluded,,
33030551,MMS #1982,1006940047,Self-Storage Facility,765,40.748159,-74.005305,2023,1,141934.0,,0.0,1080.4610710808636,0.0,1080.4610710808636,1080.4610710808636,1080.4610710808636,True,gas_or_oil,False,False,hydronic_assumed,918.391910418734,0.3927886633360209,1.0,918.391910418734,1.1268612397775877,insufficient data: only 1 year of LL84 records,excluded,,
15498159,True North Flatiron- 27 West 16th,1008180019,Multifamily Housing,814,,,2022,1,41300.0,75.0,0.0,1072.8451805346906,0.0,1072.8451805346906,1072.8451805346906,1072.8451805346906,False,gas_or_oil,True,False,hydronic_assumed,911.918403454487,0.6,1.0,911.918403454487,1.05546111510936,insufficient data: only 1 year of LL84 records,excluded,,
14947867,Mosbacher: 257 W 17th St,1007677502,Multifamily Housing,244,40.741135,-73.999845,"2022,2023",2,78640.0,32.0,0.0,1063.0467753100545,0.0,1063.0467753100545,979.716846485287,1146.376704134822,False,gas_or_oil,True,False,hydronic_assumed,903.5897590135463,0.28390409738708544,1.0,903.5897590135463,3.0734345544678447,heat demand below 2 GWh/yr (too small for a street connection),excluded,,
6773464,35 West 9th Street,1005730062,Multifamily Housing,976,40.733422,-73.997261,2024,1,45553.0,36.0,0.0,25.40925905193864,1035.2440783531283,1060.6533374050668,1060.6533374050668,1060.6533374050668,False,gas_or_oil,True,False,hydronic_assumed,901.5553367943068,0.320112840033489,1.0,901.5553367943068,0.8787089052576089,insufficient data: only 1 year of LL84 records,excluded,,
54162698,NB:5 West 19th Street,1008210038,Multifamily Housing,988,40.739337,-73.991946,2024,1,100211.0,30.0,0.0,5.352356379072149,1053.1073443016146,1058.4597006806869,1058.4597006806869,1058.4597006806869,False,gas_or_oil,True,False,hydronic_assumed,899.6907455785838,0.267313556284812,1.0,899.6907455785838,0.8667540901527783,insufficient data: only 1 year of LL84 records,excluded,,
6802712,Vanderbilt - 253 West 16th St,1007660009,Multifamily Housing,212,40.740512,-74.000188,"2022,2023,2024",3,37782.0,52.0,0.0,1055.0036702263076,0.0,1055.0036702263076,909.1418235231712,1197.618944346396,False,gas_or_oil,True,False,hydronic_assumed,896.7531196923615,0.46486133989928125,1.0,896.7531196923615,3.422721830886876,heat demand below 2 GWh/yr (too small for a street connection),excluded,,
6654365,234 West 13th Street,1006170036,Multifamily Housing,339,40.73819,-74.000971,"2022,2023,2024",3,26377.0,36.0,0.0,1054.5953929623486,0.0,1054.5953929623486,918.6818133594676,1232.6860664063806,True,gas_or_oil,True,False,hydronic_assumed,896.4060840179962,0.32195167397232916,1.0,896.4060840179962,2.304385820097677,heat demand below 2 GWh/yr (too small for a street connection),excluded,,
4951007,AKAM - 263 9th Avenue,1007237501,Multifamily Housing,811,40.748156,-74.000128,"2023,2024",2,99582.0,67.0,0.0,1045.1857073943584,0.0,1045.1857073943584,919.173410719718,1171.1980040689984,False,gas_or_oil,True,False,hydronic_assumed,888.4078512852046,0.6,1.0,888.4078512852046,1.0318325798899008,heat demand below 2 GWh/yr (too small for a street connection),excluded,,
6309310,650 Sixth Avenue,1008217503,Multifamily Housing,788,40.740855,-73.994277,2024,1,136995.0,70.0,797.7702276165529,246.9911861815833,0.0,1044.7614137981363,1044.7614137981363,1044.7614137981363,False,steam,True,False,steam_radiators,804.466288624565,0.6,0.6,482.67977317473895,0.5759901827860847,insufficient data: only 1 year of LL84 records,excluded,,
3518964,Ten23 - 19178,1006940039,Multifamily Housing,699,40.747717,-74.004259,2024,1,113150.0,111.0,0.0,1040.56194027095,0.0,1040.56194027095,1040.56194027095,1040.56194027095,False,gas_or_oil,True,False,hydronic_assumed,884.4776492303074,0.6,1.0,884.4776492303074,1.1808780363555507,insufficient data: only 1 year of LL84 records,excluded,,
15557119,Superior - 335+337 Campus,1007380015;1007380014,Multifamily Housing,99,40.740471,-74.004204,"2022,2023,2024",3,57142.0,56.0,0.0,1038.6375283717189,0.0,1038.6375283717189,800.3472012595021,1494.2519391045273,True,gas_or_oil,True,False,hydronic_assumed,882.841899115961,0.5085083315554146,1.0,882.841899115961,5.925113416885645,heat demand below 2 GWh/yr (too small for a street connection),excluded,,
2649514,305 W 13,1006290044,Multifamily Housing,203,40.739205,-74.003349,2024,1,56508.0,77.0,0.0,1022.0113641225952,0.0,1022.0113641225952,1022.0113641225952,1022.0113641225952,False,gas_or_oil,True,False,hydronic_assumed,868.7096595042059,0.6,1.0,868.7096595042059,3.4336350178031854,insufficient data: only 1 year of LL84 records,excluded,,
53948493,47 West 13th Street AKA 48 West 14th Street,1005770015,Residence Hall/Dormitory,796,40.735969,-73.995655,2024,1,75195.0,,0.0,1018.7504212896182,0.0,1018.7504212896182,1018.7504212896182,1018.7504212896182,False,gas_or_oil,False,False,hydronic_assumed,865.9378580961754,0.3927886633360209,1.0,865.9378580961754,1.0235672081515077,insufficient data: only 1 year of LL84 records,excluded,,
26533123,AKAM - 121 West 19th Street,1007957501,Multifamily Housing,640,40.740803,-73.995421,"2023,2024",2,132857.5,67.0,0.0,1018.4337580323446,0.0,1018.4337580323446,891.899604412712,1144.9679116519771,False,gas_or_oil,True,False,hydronic_assumed,865.6686943274929,0.6,1.0,865.6686943274929,1.254592310619555,heat demand below 2 GWh/yr (too small for a street connection),excluded,,
2653174,235 West 22nd Street,1007720018,Multifamily Housing,588,40.743877,-73.99716,"2023,2024",2,89866.0,150.0,0.0,1008.015214489901,0.0,1008.015214489901,751.4502620348158,1264.5801669449863,True,gas_or_oil,True,False,hydronic_assumed,856.8129323164159,0.6,1.0,856.8129323164159,1.342966978552376,heat demand below 2 GWh/yr (too small for a street connection),excluded,,
20413921,108 Fifth Avenue Condominium (108 Fifth Avenue),1008177501,Multifamily Housing,969,40.737306,-73.992992,2024,1,76541.0,49.0,0.0,1005.8974685109824,0.0,1005.8974685109824,1005.8974685109824,1005.8974685109824,False,gas_or_oil,True,False,hydronic_assumed,855.012848234335,0.4594269013787702,1.0,855.012848234335,0.8390705085714769,insufficient data: only 1 year of LL84 records,excluded,,
24896820,415 West 24th Street,1007220026,Multifamily Housing,717,40.747456,-74.001552,"2023,2024",2,42204.0,65.0,0.0,25.41643929238584,977.949657429263,1003.3660967216488,992.799860029272,1013.9323334140256,False,gas_or_oil,True,False,hydronic_assumed,852.8611822134014,0.6,1.0,852.8611822134014,1.111944174984878,heat demand below 2 GWh/yr (too small for a street connection),excluded,,
14947872,Rudd: 236 West 26th St,1007750060,Multifamily Housing,833,40.746561,-73.995601,"2022,2023,2024",3,92319.0,25.0,0.0,16.08100327204046,977.9838685885094,994.0648718605498,757.0331774000028,1461.786760339986,True,gas_or_oil,True,False,hydronic_assumed,844.9551410814673,0.23719161829242913,1.0,844.9551410814673,0.9569140895599857,heat demand below 2 GWh/yr (too small for a street connection),excluded,,
2636842,210 11 AVENUE,1006960065,Office,971,40.74986,-74.006291,"2022,2024",2,108040.5,,0.0,20.033017383215586,963.5089190309197,983.5419364141353,897.4284774783699,1069.6553953499006,False,gas_or_oil,False,False,hydronic_assumed,836.010645952015,0.3927886633360209,1.0,836.010645952015,0.8188155200313565,heat demand below 2 GWh/yr (too small for a street connection),excluded,,
2805211,207 W 25 street  - 39875,1007757501,Office,836,40.745623,-73.995254,2024,1,138504.0,,0.0,979.7817031061428,0.0,979.7817031061428,979.7817031061428,979.7817031061428,False,gas_or_oil,False,False,hydronic_assumed,832.8144476402214,0.3927886633360209,1.0,832.8144476402214,0.9399711598648097,insufficient data: only 1 year of LL84 records,excluded,,
24231244,NYC-Chelsea NY MOT,1008000050,Hotel,916,40.743858,-73.992984,"2022,2023,2024",3,154812.0,,0.0,974.735625500541,0.0,974.735625500541,274.2842179487255,1646.880962163943,False,gas_or_oil,False,False,hydronic_assumed,828.5252816754598,0.3927886633360209,1.0,828.5252816754598,0.8576866269932296,heat demand below 2 GWh/yr (too small for a street connection),excluded,,
2563179,Forty Four Eighteen Associates / 44 W 18th St,1008190010,Office,781,40.739118,-73.993274,"2022,2023,2024",3,204970.0,,0.0,974.6209345918194,0.0,974.6209345918194,907.3981387644476,1176.035346711831,True,gas_or_oil,False,False,hydronic_assumed,828.4277944030465,0.3927886633360209,1.0,828.4277944030465,0.9969046864055915,heat demand below 2 GWh/yr (too small for a street connection),excluded,,
52721894,312 West 23rd Street,1007467506,Multifamily Housing,551,40.745568,-73.999163,2024,1,48886.0,77.0,0.0,972.7906986286034,0.0,972.7906986286034,972.7906986286034,972.7906986286034,False,gas_or_oil,True,False,hydronic_assumed,826.8720938343129,0.6,1.0,826.8720938343129,1.3758271112051794,insufficient data: only 1 year of LL84 records,excluded,,
4802833,218 West 18th Street,1007670054,Office,349,40.741382,-73.998658,2024,1,142590.0,,0.0,970.3953704154164,0.0,970.3953704154164,970.3953704154164,970.3953704154164,False,gas_or_oil,False,False,hydronic_assumed,824.836064853104,0.3927886633360209,1.0,824.836064853104,2.067258307902516,insufficient data: only 1 year of LL84 records,excluded,,
4367548,500 W 21st Street Condominium,1006927502,Multifamily Housing,579,40.74643,-74.005193,"2022,2023,2024",3,101951.0,32.0,0.0,969.0256736091288,0.0,969.0256736091288,916.5569017936532,1067.980230600016,True,gas_or_oil,True,False,hydronic_assumed,823.6718225677595,0.3114502984225264,1.0,823.6718225677595,1.3094941535258497,heat demand below 2 GWh/yr (too small for a street connection),excluded,,
30687951,39 West 19th Street,1008210014,Office,839,40.739666,-73.992725,"2023,2024",2,107152.0,,0.0,295.3026280852321,672.7584168536948,968.0610449389269,805.705975894321,1130.4161139835328,False,gas_or_oil,False,False,hydronic_assumed,822.8518881980879,0.3927886633360209,1.0,822.8518881980879,0.9255926751384566,heat demand below 2 GWh/yr (too small for a street connection),excluded,,
6299719,Ace: 216 7th Ave,1007720045,Multifamily Housing,645,40.743767,-73.995897,"2022,2023",2,24582.0,40.0,0.0,965.9273119348493,0.0,965.9273119348493,927.236381135369,1004.6182427343294,False,gas_or_oil,True,False,hydronic_assumed,821.0382151446219,0.39056165445320945,1.0,821.0382151446219,1.1813499498483768,heat demand below 2 GWh/yr (too small for a street connection),excluded,,
6382117,317 Bleecker Street,1005910040,Multifamily Housing,914,40.73297433333334,-74.00389666666666,"2022,2023,2024",3,43128.0,46.0,0.0,964.5515534425786,0.0,964.5515534425786,693.7246456917678,1268.0596821585973,False,gas_or_oil,True,False,hydronic_assumed,819.8688204261917,0.4497865280886366,1.0,819.8688204261917,0.8504863282429375,heat demand below 2 GWh/yr (too small for a street connection),excluded,,
2440154,335 W 16,1007400013,College/University,65,40.741561,-74.002674,"2022,2023,2024",3,48800.0,,0.0,962.4153879488798,0.0,962.4153879488798,680.6141127772526,1183.0227757226987,True,gas_or_oil,False,False,hydronic_assumed,818.0530797565478,0.3927886633360209,1.0,818.0530797565478,7.113505041361286,heat demand below 2 GWh/yr (too small for a street connection),excluded,,
30687967,154 West 14th Street,1006090007,Office,470,40.737992,-73.998369,"2023,2024",2,140044.0,,0.0,1.0982837173833915,953.1532392262691,954.2515229436525,785.800473720027,1122.702572167278,True,gas_or_oil,False,False,hydronic_assumed,811.1137945021046,0.3927886633360209,1.0,811.1137945021046,1.559834220196355,heat demand below 2 GWh/yr (too small for a street connection),excluded,,
45047792,110 5th Avenue,1008180041,Office,958,40.737424,-73.992599,2024,1,176867.0,,0.0,952.6289937523115,0.0,952.6289937523115,952.6289937523115,952.6289937523115,True,gas_or_oil,False,False,hydronic_assumed,809.7346446894647,0.3927886633360209,1.0,809.7346446894647,0.8033081792554214,insufficient data: only 1 year of LL84 records,excluded,,
3540230,Orsid - 61 West 9th St,1005730075,Multifamily Housing,905,40.73393,-73.99847,"2023,2024",2,65719.5,56.0,0.0,951.4437558577574,0.0,951.4437558577574,925.8982480799452,976.9892636355696,False,gas_or_oil,True,False,hydronic_assumed,808.7271924790938,0.5551098878850624,1.0,808.7271924790938,0.8468347565226113,heat demand below 2 GWh/yr (too small for a street connection),excluded,,
20662111,DEPM 1824 - 13 West 13th Street,1005770030,Multifamily Housing,905,40.73564,-73.994872,"2023,2024",2,96437.5,83.0,0.0,941.4033765300505,0.0,941.4033765300505,909.9234439832808,972.8833090768204,True,gas_or_oil,True,False,hydronic_assumed,800.192870050543,0.6,1.0,800.192870050543,0.8378982932466419,heat demand below 2 GWh/yr (too small for a street connection),excluded,,
4950979,AKAM - 520 West 23rd Street,1006940042,Multifamily Housing,736,40.748105499999994,-74.005177,"2023,2024",2,99800.5,107.0,0.0,937.8192789162936,0.0,937.8192789162936,929.284009868288,946.3545479642992,False,gas_or_oil,True,False,hydronic_assumed,797.1463870788496,0.6,1.0,797.1463870788496,1.014181154044338,heat demand below 2 GWh/yr (too small for a street connection),excluded,,
22009016,209 8th Ave,1007440043,Multifamily Housing,410,40.743787,-73.999589,"2023,2024",2,25924.0,35.0,0.0,803.4744743917457,132.62736427733665,936.1018386690823,783.3360979701314,1088.8675793680334,False,gas_or_oil,True,False,hydronic_assumed,795.68656286872,0.3526297933259967,1.0,795.68656286872,1.7297533975406956,heat demand below 2 GWh/yr (too small for a street connection),excluded,,
1634600,M041 (OECID: 0100057; BBL: 1006060049),1006060049,K-12 School,740,40.735687,-73.999,"2022,2023,2024",3,97300.0,,0.0,50.04676436873573,882.8343017377355,932.8810661064712,776.9313234912264,1074.782409407346,False,gas_or_oil,False,False,hydronic_assumed,792.9489061905005,0.3927886633360209,1.0,792.9489061905005,1.0037327926462032,heat demand below 2 GWh/yr (too small for a street connection),excluded,,
44408792,JM - 112 W 18 ST / 117 W 17 ST,1007937501,Multifamily Housing,628,,,2024,1,58691.0,35.0,0.0,931.8956245080072,0.0,931.8956245080072,931.8956245080072,931.8956245080072,False,gas_or_oil,True,False,hydronic_assumed,792.1112808318061,0.3542214269717582,1.0,792.1112808318061,1.1683057239407169,insufficient data: only 1 year of LL84 records,excluded,,
6684983,CFA - 58 West 15th Street,1008160074,Multifamily Housing,742,40.737781,-73.995742,"2023,2024",2,31350.0,9.0,0.0,11.917733787163606,910.6246310968302,922.5423648839937,850.8755204208969,994.2092093470906,False,gas_or_oil,True,False,hydronic_assumed,784.1610101513946,0.09200898653863687,1.0,784.1610101513946,0.9901022855446902,heat demand below 2 GWh/yr (too small for a street connection),excluded,,
10063205,Andrews: 511 W 22nd St.,1006947501,Multifamily Housing,721,40.747412,-74.005561,"2022,2023,2024",3,94877.0,30.0,0.0,921.25120623155,0.0,921.25120623155,667.3813399325117,1261.6065802654168,True,gas_or_oil,True,False,hydronic_assumed,783.0635252968175,0.30712646546266437,1.0,783.0635252968175,1.0156465957157166,heat demand below 2 GWh/yr (too small for a street connection),excluded,,
33978983,641 Avenue of the Americas,1007950044,Office,715,40.740581,-73.994504,"2023,2024",2,173891.0,,920.9402920511515,0.0,0.0,920.9402920511515,615.0313498090056,1226.8492342932973,False,steam,False,False,steam_radiators,709.1240248793866,0.3927886633360209,0.3927886633360209,278.5358778718335,0.3640991867605667,heat demand below 2 GWh/yr (too small for a street connection),excluded,,
58716192,Arnhold Hall,1005770071;1005770012,College/University,766,40.736046,-73.99584,2024,1,86117.0,,0.0,912.3524167517062,0.0,912.3524167517062,912.3524167517062,912.3524167517062,False,gas_or_oil,False,False,hydronic_assumed,775.4995542389503,0.3927886633360209,1.0,775.4995542389503,0.9503671007830273,insufficient data: only 1 year of LL84 records,excluded,,
5876802,60 West 13th Street,1005767501,Multifamily Housing,782,40.736085,-73.995969,2024,1,82017.0,70.0,0.0,50.6151268030463,859.8878651591874,910.5029919622338,910.5029919622338,910.5029919622338,False,gas_or_oil,True,False,hydronic_assumed,773.9275431678986,0.6,1.0,773.9275431678986,0.9302013739998782,insufficient data: only 1 year of LL84 records,excluded,,
3448547,8 West 14th Street,1005770034,Office,938,40.73626,-73.994248,"2022,2023,2024",3,115500.0,,910.1404630874096,0.0,0.0,910.1404630874096,150.43005244213168,1444.9896868301496,True,steam,False,False,steam_radiators,700.8081565773053,0.3927886633360209,0.3927886633360209,275.2694990769806,0.278612853316782,heat demand below 2 GWh/yr (too small for a street connection),excluded,,
33560626,"Halstead - 63 West 17th Street NY, NY 10011",1008197502,Multifamily Housing,724,40.739518,-73.995251,2024,1,60427.0,17.0,0.0,909.897389967944,0.0,909.897389967944,909.897389967944,909.897389967944,False,gas_or_oil,True,False,hydronic_assumed,773.4127814727524,0.17621000302434695,1.0,773.4127814727524,0.9992413197322382,insufficient data: only 1 year of LL84 records,excluded,,
2544329,122 Greenwich Avenue,1006187504,Multifamily Housing,246,40.738961,-74.002515,"2022,2023,2024",3,79989.0,30.0,0.0,909.6857438328574,0.0,909.6857438328574,797.0022349597408,976.8191945118346,False,gas_or_oil,True,False,hydronic_assumed,773.2328822579287,0.3110311760861217,1.0,773.2328822579287,2.612273250871381,heat demand below 2 GWh/yr (too small for a street connection),excluded,,
6382107,247 West 21st Street,1007710014,Multifamily Housing,495,40.743523,-73.998243,2022,1,41100.0,59.0,0.0,897.9696331512581,0.0,897.9696331512581,897.9696331512581,897.9696331512581,False,gas_or_oil,True,False,hydronic_assumed,763.2741881785694,0.6,1.0,763.2741881785694,1.4005030975753567,insufficient data: only 1 year of LL84 records,excluded,,
6791778,JC Dwight - 225 WEST 12th STREET,1006170021,Multifamily Housing,420,40.73755533333333,-74.001442,"2022,2023,2024",3,43280.0,56.0,0.0,895.0037933161437,0.0,895.0037933161437,841.2504520620772,931.3797608657552,True,gas_or_oil,True,False,hydronic_assumed,760.7532243187221,0.5901157521201489,1.0,760.7532243187221,1.618623881529196,heat demand below 2 GWh/yr (too small for a street connection),excluded,,
4491815,Direct Property Management - 87 Greenwich Ave,1006150036,Multifamily Housing,466,40.73724,-74.001516,"2022,2023,2024",3,64840.0,77.0,0.0,54.909594422897214,835.3127839736253,890.2223783965225,26.78669293364696,1444.4374530720002,True,gas_or_oil,True,False,hydronic_assumed,756.6890216370441,0.6,1.0,756.6890216370441,1.466451592319853,heat demand below 2 GWh/yr (too small for a street connection),excluded,,
6293352,345 West 13th Street,1006297503,Multifamily Housing,190,40.739889,-74.004947,2024,1,150000.0,42.0,0.0,890.1449294900389,0.0,890.1449294900389,890.1449294900389,890.1449294900389,True,gas_or_oil,True,False,hydronic_assumed,756.623190066533,0.4450026780574832,1.0,756.623190066533,3.1525966252772206,insufficient data: only 1 year of LL84 records,excluded,,
34002978,295 West 11th Street,1006237501,Multifamily Housing,620,40.735903,-74.005604,2024,1,37700.0,60.0,0.0,22.93544641459822,865.6186934775868,888.554139892185,888.554139892185,888.554139892185,True,gas_or_oil,True,False,hydronic_assumed,755.2710189083573,0.6,1.0,755.2710189083573,1.1272701774751601,insufficient data: only 1 year of LL84 records,excluded,,
6684973,CFA - 163 West 18th Street,1007947502,Multifamily Housing,512,40.740575,-73.996698,"2023,2024",2,46948.0,26.0,0.0,888.5430178462678,0.0,888.5430178462678,578.471792791742,1198.6142429007937,False,gas_or_oil,True,False,hydronic_assumed,755.2615651693277,0.2759744941380616,1.0,755.2615651693277,1.3438817885575225,heat demand below 2 GWh/yr (too small for a street connection),excluded,,
6800658,THE KOREAN ASSOCIATION,1008000010,Multifamily Housing,835,,,"2022,2023,2024",3,42078.0,11.0,0.0,886.7612680441397,0.0,886.7612680441397,867.519640155656,903.5819728487268,True,gas_or_oil,True,False,hydronic_assumed,753.7470778375188,0.11699303997827562,1.0,753.7470778375188,0.8516916133757274,heat demand below 2 GWh/yr (too small for a street connection),excluded,,
2685991,DEPM 2772/2774 - 200 Eleventh Ave,1006957506,Multifamily Housing,917,40.749452,-74.006594,"2023,2024",2,57134.0,16.0,0.0,884.787459021342,0.0,884.787459021342,860.341363284412,909.233554758272,True,gas_or_oil,True,False,hydronic_assumed,752.0693401681407,0.17055131836886323,1.0,752.0693401681407,0.7777345813527825,heat demand below 2 GWh/yr (too small for a street connection),excluded,,
2651619,138 W 25th St - Tamkat Building Corp.,1008000061,Office,888,40.744684,-73.993071,2024,1,86797.0,,0.0,884.0447144345108,0.0,884.0447144345108,884.0447144345108,884.0447144345108,False,gas_or_oil,False,False,hydronic_assumed,751.4380072693341,0.3927886633360209,1.0,751.4380072693341,0.8011066175579254,insufficient data: only 1 year of LL84 records,excluded,,
6707586,Left Bank Co.: 77 West 15th Street,1008170001,Multifamily Housing,717,40.737935,-73.996063,2024,1,91875.0,108.0,0.0,882.2754445741122,0.0,882.2754445741122,882.2754445741122,882.2754445741122,False,gas_or_oil,True,False,hydronic_assumed,749.9341278879953,0.6,1.0,749.9341278879953,0.9777498407926927,insufficient data: only 1 year of LL84 records,excluded,,
2710389,118 West 22nd Street,1007970054,Office,751,40.742562,-73.994089,2024,1,103823.0,,0.0,0.3036215960531537,880.285199150563,880.5888207466162,880.5888207466162,880.5888207466162,False,gas_or_oil,False,False,hydronic_assumed,748.5004976346238,0.3927886633360209,1.0,748.5004976346238,0.9344575501056477,insufficient data: only 1 year of LL84 records,excluded,,
6405424,Rapoport: 55 Perry St,1006220056,Multifamily Housing,629,40.735514,-74.003565,"2022,2023,2024",3,36700.0,72.0,0.0,877.7952773751307,0.0,877.7952773751307,829.245031420146,964.6141045712634,False,gas_or_oil,True,False,hydronic_assumed,746.125985768861,0.6,1.0,746.125985768861,1.0988600674062754,heat demand below 2 GWh/yr (too small for a street connection),excluded,,
58910793,"16-20 WEST 19 STREET, Manhattan",1008207504,Multifamily Housing,923,40.739422,-73.992191,2024,1,58594.0,57.0,0.0,876.8685769818491,0.0,876.8685769818491,876.8685769818491,876.8685769818491,True,gas_or_oil,True,False,hydronic_assumed,745.3382904345717,0.6,1.0,745.3382904345717,0.766020853478491,insufficient data: only 1 year of LL84 records,excluded,,
20466157,Century - 456 West 19th Street,1007167505,Multifamily Housing,453,40.744904,-74.00551100000001,"2023,2024",2,56674.5,24.0,0.0,875.8326734350446,0.0,875.8326734350446,802.2077627484437,949.4575841216456,True,gas_or_oil,True,False,hydronic_assumed,744.457772419788,0.2584426321191326,1.0,744.457772419788,1.4800353328425209,heat demand below 2 GWh/yr (too small for a street connection),excluded,,
4832241,430 West 15th Street (422 WEST 15 STREET),1007120046,Office,278,40.74217633333333,-74.00615133333334,"2022,2024",2,93118.0,,0.0,866.4512692222852,0.0,866.4512692222852,761.5641142719148,918.8948466974704,False,gas_or_oil,False,False,hydronic_assumed,736.4835788389424,0.3927886633360209,1.0,736.4835788389424,2.2453767647528733,heat demand below 2 GWh/yr (too small for a street connection),excluded,,
5864824,AKAM - 245 Seventh Avenue,1008007501,Multifamily Housing,809,40.744802,-73.995114,"2023,2024",2,74675.0,33.0,0.0,865.5224929091462,0.0,865.5224929091462,820.5996116222595,910.4453741960328,True,gas_or_oil,True,False,hydronic_assumed,735.6941189727743,0.3595916824810855,1.0,735.6941189727743,0.8564541547995044,heat demand below 2 GWh/yr (too small for a street connection),excluded,,
5849964,Lawrence - 380 West 12th Street,1006400012,Multifamily Housing,652,40.73755,-74.008769,"2023,2024",2,108776.5,53.0,0.0,863.7112259689076,0.0,863.7112259689076,851.7523596614678,875.6700922763473,False,gas_or_oil,True,False,hydronic_assumed,734.1545420735714,0.5787371507242927,1.0,734.1545420735714,1.0458041909879934,heat demand below 2 GWh/yr (too small for a street connection),excluded,,
2702103,756 Washington Street,1006400021,Multifamily Housing,638,40.737051,-74.008256,"2023,2024",2,67909.0,68.0,0.0,862.9378847656399,0.0,862.9378847656399,850.1518987193382,875.7238708119417,False,gas_or_oil,True,False,hydronic_assumed,733.4972020507938,0.6,1.0,733.4972020507938,1.0661296541435956,heat demand below 2 GWh/yr (too small for a street connection),excluded,,
11990638,101 - C3 The Grove,1007680059,Multifamily Housing,358,40.742324,-73.999069,"2022,2024",2,134364.0,200.0,0.0,1702.6855857698772,0.0,851.3427928849386,0.0,1702.6855857698772,False,gas_or_oil,True,False,hydronic_assumed,723.6413739521978,0.6,1.0,723.6413739521978,1.7736308185102887,heat demand below 2 GWh/yr (too small for a street connection),excluded,,
6815789,512 W 22nd,1006937503,Office,663,40.747206999999996,-74.005742,"2022,2023,2024",3,150000.0,,0.0,849.4396774811835,0.0,849.4396774811835,803.5117237207596,911.2956612005012,False,gas_or_oil,False,False,hydronic_assumed,722.0237258590059,0.3927886633360209,1.0,722.0237258590059,1.0126559969972033,heat demand below 2 GWh/yr (too small for a street connection),excluded,,
2543889,GC 40 West 20th Street,1008217501,Office,835,40.740246,-73.992324,"2022,2023",2,130000.0,,0.0,623.3246447539404,224.36195504173043,847.6865997956709,814.2199826384717,881.15321695287,True,gas_or_oil,False,False,hydronic_assumed,720.5336098263202,0.3927886633360209,1.0,720.5336098263202,0.8141622709901923,heat demand below 2 GWh/yr (too small for a street connection),excluded,,
4950993,AKAM - 420 West 25th Street,1007227501,Multifamily Housing,759,40.74810266666666,-74.00120633333333,"2023,2024",2,94597.0,79.0,0.0,847.5116803462457,0.0,847.5116803462457,813.712852513172,915.1093360123934,True,gas_or_oil,True,False,hydronic_assumed,720.3849282943088,0.6,1.0,720.3849282943088,0.8904634465937068,heat demand below 2 GWh/yr (too small for a street connection),excluded,,
2606281,90 Fifth Avenue,1008160037,Office,971,40.736354,-73.993379,"2022,2023,2024",3,139895.0,,0.0,846.7410793571898,0.0,846.7410793571898,722.0577865751192,1002.7717779623476,True,gas_or_oil,False,False,hydronic_assumed,719.7299174536114,0.3927886633360209,1.0,719.7299174536114,0.7049264617567202,heat demand below 2 GWh/yr (too small for a street connection),excluded,,
6114096,71 West 12th Street,1005760076,Multifamily Housing,793,40.735818,-73.997272,"2023,2024",2,37824.0,46.0,0.0,29.763562008849576,816.4653317476237,846.2288937564733,816.2159429472749,876.2418445656717,False,gas_or_oil,True,False,hydronic_assumed,719.2945596930023,0.5126772408580615,1.0,719.2945596930023,0.8532557054484012,heat demand below 2 GWh/yr (too small for a street connection),excluded,,
16754520,Andrews: 1 Sheridan Square,1005927501,Multifamily Housing,963,40.732887,-74.001959,"2022,2023",2,29888.0,45.0,0.0,843.2276118637501,0.0,843.2276118637501,784.5584386581801,901.89678506932,False,gas_or_oil,True,False,hydronic_assumed,716.7434700841876,0.5033171757997945,1.0,716.7434700841876,0.7075453801423373,heat demand below 2 GWh/yr (too small for a street connection),excluded,,
2801945,50 West 15th Street,1008167503,Multifamily Housing,785,40.737696,-73.995533,2024,1,74212.0,47.0,0.0,839.5708033253012,0.0,839.5708033253012,839.5708033253012,839.5708033253012,False,gas_or_oil,True,False,hydronic_assumed,713.635182826506,0.5279764932933922,1.0,713.635182826506,0.8546529135646779,insufficient data: only 1 year of LL84 records,excluded,,
26632680,860 Washington Street,1006460019,Office,377,40.74105,-74.007412,2024,1,115183.0,,0.0,834.2920663911409,0.0,834.2920663911409,834.2920663911409,834.2920663911409,True,gas_or_oil,False,False,hydronic_assumed,709.1482564324698,0.3927886633360209,1.0,709.1482564324698,1.6607687504273296,insufficient data: only 1 year of LL84 records,excluded,,
5722199,Sage Realty - 2 Gansevoort,1006270043,Office,266,,,"2022,2023",2,181421.0,,0.0,770.6577276092262,58.643514836135196,829.3012424453614,721.214738425306,937.3877464654169,False,gas_or_oil,False,False,hydronic_assumed,704.9060560785572,0.3927886633360209,1.0,704.9060560785572,2.2307153673372064,heat demand below 2 GWh/yr (too small for a street connection),excluded,,
10814132,True North Flatiron 43,1008180010,Multifamily Housing,759,40.737948,-73.994096,2024,1,71644.0,95.0,0.0,827.868183680515,0.0,827.868183680515,827.868183680515,827.868183680515,False,gas_or_oil,True,False,hydronic_assumed,703.6879561284377,0.6,1.0,703.6879561284377,0.8698244204307017,insufficient data: only 1 year of LL84 records,excluded,,
4739512,206-218 West 19th Street,1007687501,Multifamily Housing,423,40.741761,-73.997734,"2023,2024",2,51717.0,60.0,0.0,37.685272183865735,787.9625613470952,825.647833530961,808.6361880601687,842.6594790017532,False,gas_or_oil,True,False,hydronic_assumed,701.8006585013168,0.6,1.0,701.8006585013168,1.483722322412932,heat demand below 2 GWh/yr (too small for a street connection),excluded,,
6354513,300 West 17th Street,1007400037,Multifamily Housing,146,40.74184,-74.001559,"2023,2024",2,32930.0,31.0,0.0,823.6182726275754,0.0,823.6182726275754,768.1940259227196,879.0425193324311,True,gas_or_oil,True,False,hydronic_assumed,700.0755317334391,0.35498481604364246,1.0,700.0755317334391,3.571813937415506,heat demand below 2 GWh/yr (too small for a street connection),excluded,,
20652469,119 West 24th Street,1008000025,Office,900,40.74391,-73.993104,"2022,2023,2024",3,130876.0,,0.0,1.031707746434156,819.8012763439115,820.8329840903457,688.1778659856478,991.9030040367604,True,gas_or_oil,False,False,hydronic_assumed,697.7080364767938,0.3927886633360209,1.0,697.7080364767938,0.7344295120808356,heat demand below 2 GWh/yr (too small for a street connection),excluded,,
52614292,15 West 11th Street,1005750057,Multifamily Housing,988,40.73438,-73.99585,2024,1,54453.0,48.0,0.0,820.6516903458297,0.0,820.6516903458297,820.6516903458297,820.6516903458297,False,gas_or_oil,True,False,hydronic_assumed,697.5539367939552,0.5516408583112836,1.0,697.5539367939552,0.6720172801483191,insufficient data: only 1 year of LL84 records,excluded,,
6447087,275 West 10th Street Condominium (275 West 10th),1006317503,Multifamily Housing,954,,,2024,1,136761.0,60.0,0.0,818.9559520090313,0.0,818.9559520090313,818.9559520090313,818.9559520090313,False,gas_or_oil,True,False,hydronic_assumed,696.1125592076766,0.6,1.0,696.1125592076766,0.6933392023980842,insufficient data: only 1 year of LL84 records,excluded,,
6262477,24-30 Christopher Street,1005930036,Multifamily Housing,872,40.733872,-74.000956,"2022,2023,2024",3,48531.0,69.0,0.0,756.800469226271,60.671097510009844,817.4715667362808,643.3586292715837,1130.6845084407391,False,gas_or_oil,True,False,hydronic_assumed,694.8508317258387,0.6,1.0,694.8508317258387,0.7536343077286753,heat demand below 2 GWh/yr (too small for a street connection),excluded,,
23758471,Stonehenge - 780 Greenwich Street,1006350026,Multifamily Housing,602,40.736677666666665,-74.006576,"2023,2024",2,87207.0,90.0,0.0,810.2063063807622,0.0,810.2063063807622,714.3368593686898,1001.9452004049068,False,gas_or_oil,True,False,hydronic_assumed,688.6753604236478,0.6,1.0,688.6753604236478,1.0562505527970059,heat demand below 2 GWh/yr (too small for a street connection),excluded,,
6626322,92 Horatio Street,1006420042,Multifamily Housing,503,40.73875,-74.007766,2024,1,53262.0,68.0,0.0,25.48369909575862,783.6391334241073,809.1228325198659,809.1228325198659,809.1228325198659,False,gas_or_oil,True,False,hydronic_assumed,687.754407641886,0.6,1.0,687.754407641886,1.243678856495273,insufficient data: only 1 year of LL84 records,excluded,,
10063210,Andrews: 125 W 21st St.,1007977501,Multifamily Housing,725,40.742013,-73.994645,"2022,2023,2024",3,90281.0,52.0,0.0,809.0244681102564,0.0,809.0244681102564,739.5181677667576,902.0433498957548,False,gas_or_oil,True,False,hydronic_assumed,687.6707978937179,0.6,1.0,687.6707978937179,0.8873171585725392,heat demand below 2 GWh/yr (too small for a street connection),excluded,,
6801340,412 West 15th Street,1007120042,Financial Office,245,40.74198,-74.005687,2024,1,140649.0,,0.0,807.4933868520127,0.0,807.4933868520127,807.4933868520127,807.4933868520127,True,gas_or_oil,False,False,hydronic_assumed,686.3693788242108,0.3927886633360209,1.0,686.3693788242108,2.3266758604210533,insufficient data: only 1 year of LL84 records,excluded,,
33214016,30-34 West 13th Street (Parent Property),1005760022,Multifamily Housing,868,40.735785,-73.995266,"2023,2024",2,60692.0,29.0,0.0,806.6915444902352,0.0,806.6915444902352,773.9103179176013,839.472771062869,False,gas_or_oil,True,False,hydronic_assumed,685.6878128166999,0.3390506252550071,1.0,685.6878128166999,0.7469366152687362,heat demand below 2 GWh/yr (too small for a street connection),excluded,,
33638934,DEPM 2294 - 500 West 18th Street,1006897501,Multifamily Housing,514,40.744525,-74.007019,2024,1,907366.0,236.0,0.0,805.1259003874985,0.0,805.1259003874985,805.1259003874985,805.1259003874985,True,gas_or_oil,True,False,hydronic_assumed,684.3570153293737,0.6,1.0,684.3570153293737,1.2133989633499533,insufficient data: only 1 year of LL84 records,excluded,,
4947936,CB - 47 West 13th Street,1005770015,Residence Hall/Dormitory,796,40.735969,-73.995655,2023,1,68009.0,,0.0,801.8479887413831,0.0,801.8479887413831,801.8479887413831,801.8479887413831,False,gas_or_oil,False,False,hydronic_assumed,681.5707904301756,0.3927886633360209,1.0,681.5707904301756,0.8056392321869689,insufficient data: only 1 year of LL84 records,excluded,,
11711675,Century - 325 West 11th Street,1006340036,Multifamily Housing,712,40.735648,-74.007404,2023,1,31206.0,39.0,0.0,794.9183240322355,0.0,794.9183240322355,794.9183240322355,794.9183240322355,False,gas_or_oil,True,False,hydronic_assumed,675.6805754274002,0.4627177455656811,1.0,675.6805754274002,0.8867199152590554,insufficient data: only 1 year of LL84 records,excluded,,
6288366,224 West 18th Street,1007677504,Multifamily Housing,322,40.741434,-73.998777,2024,1,58120.0,32.0,0.0,792.9851688470176,0.0,792.9851688470176,792.9851688470176,792.9851688470176,False,gas_or_oil,True,False,hydronic_assumed,674.0373935199649,0.3805913995383647,1.0,674.0373935199649,1.8119284772042068,insufficient data: only 1 year of LL84 records,excluded,,
6409994,635 Avenue of the Americas,1007950037,Office,703,40.740581,-73.994504,"2022,2023,2024",3,76651.0,,1004.8526995652584,677.5702769697158,0.0,786.6644178348967,594.1057552704431,1004.8526995652584,False,steam,False,False,steam_radiators,605.7316017328704,0.3927886633360209,0.3927886633360209,237.92450618504114,0.31596879971453007,heat demand below 2 GWh/yr (too small for a street connection),excluded,,
6299929,250 West 15th Street,1007640062,Multifamily Housing,228,40.739793,-74.000505,2024,1,44800.0,59.0,0.0,785.4989622354522,0.0,785.4989622354522,785.4989622354522,785.4989622354522,False,gas_or_oil,True,False,hydronic_assumed,667.6741179001343,0.6,1.0,667.6741179001343,2.4017054600724257,insufficient data: only 1 year of LL84 records,excluded,,
1712194,220 W 19th St (Red Circle NYC Corp),1007680050,Office,399,40.742093,-73.998528,2024,1,110032.0,,0.0,783.2471509098976,0.0,783.2471509098976,783.2471509098976,783.2471509098976,False,gas_or_oil,False,False,hydronic_assumed,665.760078273413,0.3927886633360209,1.0,665.760078273413,1.4827618669786482,insufficient data: only 1 year of LL84 records,excluded,,
4376878,Halstead - 236-246 West 17th Street,1007667504,Multifamily Housing,263,40.740951,-73.999448,2024,1,63066.0,31.0,0.0,777.9040262685434,0.0,777.9040262685434,777.9040262685434,777.9040262685434,False,gas_or_oil,True,False,hydronic_assumed,661.2184223282618,0.37584582561082097,1.0,661.2184223282618,2.112518921176555,insufficient data: only 1 year of LL84 records,excluded,,
17707039,77 Christopher Street,1006190067,Multifamily Housing,829,40.733549,-74.003359,2023,1,25955.0,27.0,0.0,776.1124830092066,0.0,776.1124830092066,776.1124830092066,776.1124830092066,False,gas_or_oil,True,False,hydronic_assumed,659.6956105578256,0.3281052291653195,1.0,659.6956105578256,0.7505069517153875,insufficient data: only 1 year of LL84 records,excluded,,
2799302,50 West Realty Company LP,1008180078,Office,770,40.738585,-73.99384,2024,1,76232.0,,0.0,0.0,774.1784779179765,774.1784779179765,774.1784779179765,774.1784779179765,False,gas_or_oil,False,False,hydronic_assumed,658.0517062302799,0.3927886633360209,1.0,658.0517062302799,0.802502080768634,insufficient data: only 1 year of LL84 records,excluded,,
12797241,BRG - 111 w 16th st,1007920028,Multifamily Housing,627,40.738958,-73.9965,"2022,2023,2024",3,39455.0,83.0,0.0,774.1018886865396,0.0,774.1018886865396,750.4839775132453,799.3218922307453,False,gas_or_oil,True,False,hydronic_assumed,657.9866053835586,0.6,1.0,657.9866053835586,0.9719152221322875,heat demand below 2 GWh/yr (too small for a street connection),excluded,,
20652468,111 West 19th Street,1007950028,Office,676,40.740715,-73.995219,"2022,2023,2024",3,165513.0,,0.0,1.4363411604792533,771.699653765875,773.1359949263542,557.9228238449631,1032.6040358226594,False,gas_or_oil,False,False,hydronic_assumed,657.165595687401,0.3927886633360209,1.0,657.165595687401,0.9051867709192851,heat demand below 2 GWh/yr (too small for a street connection),excluded,,
4040793,245 West 17th Street,1007670015,Office,300,40.741034,-73.999599,2024,1,118945.0,,0.0,769.2272478695202,0.0,769.2272478695202,769.2272478695202,769.2272478695202,False,gas_or_oil,False,False,hydronic_assumed,653.8431606890921,0.3927886633360209,1.0,653.8431606890921,1.8681233162545487,insufficient data: only 1 year of LL84 records,excluded,,
26619467,675 Hudson Street,1006290001,Office,221,40.740366,-74.005233,"2023,2024",2,36420.0,5.0,0.0,768.747607807647,0.0,768.747607807647,749.7211429067138,787.7740727085802,True,gas_or_oil,False,False,hydronic_assumed,653.4354666364999,0.3927886633360209,1.0,653.4354666364999,2.4112009838985236,heat demand below 2 GWh/yr (too small for a street connection),excluded,,
31978308,445 West 19th Street,1007177501,Multifamily Housing,430,40.744709,-74.004695,"2023,2024",2,54355.0,71.0,0.0,767.059445357198,0.0,767.059445357198,747.4217075373768,786.697183177019,False,gas_or_oil,True,False,hydronic_assumed,652.0005285536183,0.6,1.0,652.0005285536183,1.3583344344867048,heat demand below 2 GWh/yr (too small for a street connection),excluded,,
2689487,27 West 20th Street,1008220015,Office,889,40.740136,-73.992021,"2022,2023,2024",3,100800.0,,0.0,0.22322244111372466,766.4793845039276,766.7026069450412,590.3114817613101,872.1730807217285,False,gas_or_oil,False,False,hydronic_assumed,651.697215903285,0.3927886633360209,1.0,651.697215903285,0.6940332437734665,heat demand below 2 GWh/yr (too small for a street connection),excluded,,
2636732,132 West 21st Street,1007960058,College/University,668,40.742065,-73.994818,"2022,2023,2024",3,51384.0,,0.0,1.082409036122569,764.9192305986485,766.001639634771,666.6733389173136,837.8476042321803,True,gas_or_oil,False,False,hydronic_assumed,651.1013936895553,0.3927886633360209,1.0,651.1013936895553,0.906826453606623,heat demand below 2 GWh/yr (too small for a street connection),excluded,,
23945840,St. Luke's School at 657 Greenwich St,1006057501,K-12 School,995,40.73225,-74.007675,"2022,2023,2024",3,60609.0,,0.0,765.3971122342896,0.0,765.3971122342896,678.3143550297731,879.4475728149649,False,gas_or_oil,False,False,hydronic_assumed,650.5875453991462,0.3927886633360209,1.0,650.5875453991462,0.6225718137790872,heat demand below 2 GWh/yr (too small for a street connection),excluded,,
6261052,177 West 26th Street,1008020001,Multifamily Housing,941,40.745645,-73.993392,"2022,2023,2024",3,25144.0,18.0,0.0,452.1602657021113,307.93102983404566,760.0912955361568,500.3663387983267,945.752140444331,True,gas_or_oil,True,False,hydronic_assumed,646.0776012057333,0.22334734927350797,1.0,646.0776012057333,0.6519451071702658,heat demand below 2 GWh/yr (too small for a street connection),excluded,,
6687943,Wallack - 42 West 13th Street,1005760016,Multifamily Housing,825,40.735906,-73.995547,2024,1,41956.0,40.0,0.0,17.44710507358721,741.2540861429567,758.7011912165439,758.7011912165439,758.7011912165439,False,gas_or_oil,True,False,hydronic_assumed,644.8960125340623,0.4972368218190163,1.0,644.8960125340623,0.7370240143246426,insufficient data: only 1 year of LL84 records,excluded,,
33807463,Lovett - 305 West 18th Street,1007427501,Multifamily Housing,228,40.742475,-74.001205,"2023,2024",2,52127.5,60.0,0.0,757.6344126358165,0.0,757.6344126358165,743.1390604494186,772.1297648222144,False,gas_or_oil,True,False,hydronic_assumed,643.989250740444,0.6,1.0,643.989250740444,2.3165080961886475,heat demand below 2 GWh/yr (too small for a street connection),excluded,,
34146013,West Perry Condominium,1006377504,Multifamily Housing,947,40.734621,-74.009742,2024,1,109509.0,126.65,0.0,754.0806039139052,0.0,754.0806039139052,754.0806039139052,754.0806039139052,False,gas_or_oil,True,False,hydronic_assumed,640.9685133268193,0.6,1.0,640.9685133268193,0.6428972049416443,insufficient data: only 1 year of LL84 records,excluded,,
2731500,JC Dwight - 55 West 11th St,1005750077,Multifamily Housing,857,40.734767,-73.996771,"2022,2023,2024",3,72416.0,84.0,0.0,751.6498922573172,0.0,751.6498922573172,640.2356642836083,817.3848274778718,False,gas_or_oil,True,False,hydronic_assumed,638.9024084187196,0.6,1.0,638.9024084187196,0.704412798697596,heat demand below 2 GWh/yr (too small for a street connection),excluded,,
21308112,108 West 25th Street Condominium,1008007502,Multifamily Housing,955,40.744429,-73.992461,2024,1,40120.0,12.0,0.0,750.6527571244104,0.0,750.6527571244104,750.6527571244104,750.6527571244104,False,gas_or_oil,True,False,hydronic_assumed,638.0548435557488,0.15077044563560751,1.0,638.0548435557488,0.6348804413490038,insufficient data: only 1 year of LL84 records,excluded,,
4862664,708 Greenwich Street,1006317501,Multifamily Housing,908,,,2024,1,69490.0,33.0,0.0,746.8452661114338,0.0,746.8452661114338,746.8452661114338,746.8452661114338,False,gas_or_oil,True,False,hydronic_assumed,634.8184761947188,0.4167324927570541,1.0,634.8184761947188,0.6626497663827962,insufficient data: only 1 year of LL84 records,excluded,,
33580916,"Halstead - 250 West 27th Street NY, NY 10001",1007760065,Multifamily Housing,894,40.74741,-73.995694,2024,1,75163.0,52.0,0.0,27.70840135023689,718.9290187805783,746.6374201308151,746.6374201308151,746.6374201308151,True,gas_or_oil,True,False,hydronic_assumed,634.6418071111929,0.6,1.0,634.6418071111929,0.6722900499059247,insufficient data: only 1 year of LL84 records,excluded,,
6687351,Halstead - 166 Perry Street,1006377508,Multifamily Housing,925,40.734668,-74.009414,"2023,2024",2,52290.0,58.0,0.0,743.7633017617673,0.0,743.7633017617673,736.5499442871956,750.976659236339,False,gas_or_oil,True,False,hydronic_assumed,632.1988064975021,0.6,1.0,632.1988064975021,0.6484090323051304,heat demand below 2 GWh/yr (too small for a street connection),excluded,,
6266279,258 West 22nd Street - 39832,1007710068,Multifamily Housing,514,40.744289,-73.998185,2024,1,33413.0,39.0,0.0,17.92920693218512,723.4992271716711,741.4284341038563,741.4284341038563,741.4284341038563,False,gas_or_oil,True,False,hydronic_assumed,630.2141689882778,0.49610022746109367,1.0,630.2141689882778,1.1174010088444641,insufficient data: only 1 year of LL84 records,excluded,,
2689489,146 West 25th Street,1008000065,Office,873,40.744752,-73.993233,"2022,2023,2024",3,66528.0,,0.0,1.4875504399680122,739.23947674706,740.727027187028,586.0917863324563,915.5123086905528,False,gas_or_oil,False,False,hydronic_assumed,629.6179731089738,0.3927886633360209,1.0,629.6179731089738,0.6821429827832869,heat demand below 2 GWh/yr (too small for a street connection),excluded,,
11934123,URA Group - 40 10th Avenue,1006460001,Office,417,40.741827,-74.007975,2022,1,143299.0,,0.0,735.7255061483373,0.0,735.7255061483373,735.7255061483373,735.7255061483373,False,gas_or_oil,False,False,hydronic_assumed,625.3666802260867,0.3927886633360209,1.0,625.3666802260867,1.3391149469509351,insufficient data: only 1 year of LL84 records,excluded,,
6773368,151 West 16th Street,1007920008,Multifamily Housing,478,40.739299,-73.997308,2024,1,43770.0,76.0,0.0,733.2429013798371,0.0,733.2429013798371,733.2429013798371,733.2429013798371,False,gas_or_oil,True,False,hydronic_assumed,623.2564661728616,0.6,1.0,623.2564661728616,1.1804099738122378,insufficient data: only 1 year of LL84 records,excluded,,
5043145,Kinsey: 148 West 24th St,1007990067,Office,800,40.744149,-73.993721,2024,1,63971.0,,0.0,731.6323001797698,0.0,731.6323001797698,731.6323001797698,731.6323001797698,False,gas_or_oil,False,False,hydronic_assumed,621.8874551528044,0.3927886633360209,1.0,621.8874551528044,0.7316323001797699,insufficient data: only 1 year of LL84 records,excluded,,
6571032,450 W. 14th Street,1006467502,Office,391,40.74184,-74.007503,2024,1,103870.0,,0.0,725.1951706581965,0.0,725.1951706581965,725.1951706581965,725.1951706581965,True,gas_or_oil,False,False,hydronic_assumed,616.4158950594671,0.3927886633360209,1.0,616.4158950594671,1.3977684695226011,insufficient data: only 1 year of LL84 records,excluded,,
2782326,30 West 15th Street,1008160059,Multifamily Housing,845,40.73727,-73.994515,2024,1,65151.0,19.0,0.0,96.32043449539908,625.3720390300288,721.6924735254279,721.6924735254279,721.6924735254279,False,gas_or_oil,True,False,hydronic_assumed,613.4386024966137,0.2482992920991352,1.0,613.4386024966137,0.6854062597727527,insufficient data: only 1 year of LL84 records,excluded,,
10063220,Andrews: 126 W 22nd St,1007977502,Multifamily Housing,736,40.742631,-73.994251,"2022,2023,2024",3,67426.0,21.0,0.0,709.3223064378134,0.0,709.3223064378134,682.0785887574433,723.0286136977886,True,gas_or_oil,True,False,hydronic_assumed,602.9239604721414,0.27922206441782366,1.0,602.9239604721414,0.7670788301172282,heat demand below 2 GWh/yr (too small for a street connection),excluded,,
21355407,NYPD_4451_6th Precinct,1006200033,Police Station,815,40.733889,-74.005394,"2022,2023,2024",3,30489.0,,0.0,701.5505314061764,0.0,701.5505314061764,691.010544109829,714.8897085760207,False,gas_or_oil,False,False,hydronic_assumed,596.3179516952499,0.3927886633360209,1.0,596.3179516952499,0.6893849152546242,heat demand below 2 GWh/yr (too small for a street connection),excluded,,
6382098,129 West Washington Place,1005920082,Multifamily Housing,922,40.733022,-74.001916,"2022,2023,2024",3,38214.0,52.0,0.0,699.6051453896116,0.0,699.6051453896116,653.0044177528367,723.2407971297795,False,gas_or_oil,True,False,hydronic_assumed,594.6643735811698,0.6,1.0,594.6643735811698,0.6117946230258948,heat demand below 2 GWh/yr (too small for a street connection),excluded,,
6457924,201 West 11th Street,1006140061,Multifamily Housing,538,40.736496,-74.001371,"2023,2024",2,38478.0,42.0,0.0,698.831994682519,0.0,698.831994682519,522.4430577625433,875.2209316024949,True,gas_or_oil,True,False,hydronic_assumed,594.0071954801411,0.5668270492714256,1.0,594.0071954801411,1.0102163188437774,heat demand below 2 GWh/yr (too small for a street connection),excluded,,
6282524,Buchbinder: 319 W 18th St,1007420022,Multifamily Housing,215,40.742595,-74.00149,2024,1,36443.0,60.0,0.0,71.5301414771132,625.5574943832936,697.0876358604069,697.0876358604069,697.0876358604069,True,gas_or_oil,True,False,hydronic_assumed,592.5244904813458,0.6,1.0,592.5244904813458,2.2359414735145124,insufficient data: only 1 year of LL84 records,excluded,,
6168917,521 West 23rd Street,1006957502,Multifamily Housing,784,40.748129,-74.005186,"2023,2024",2,45816.0,7.0,0.0,12.684993766379009,683.1756708835683,695.8606646499472,647.1164154364034,744.6049138634911,True,gas_or_oil,True,False,hydronic_assumed,591.4815649524552,0.0948745674733661,1.0,591.4815649524552,0.709210509535318,heat demand below 2 GWh/yr (too small for a street connection),excluded,,
26680772,154 West 18th Street,1007930067,Multifamily Housing,505,40.740493,-73.996547,2024,1,70858.0,26.0,0.0,695.6627244704354,0.0,695.6627244704354,695.6627244704354,695.6627244704354,False,gas_or_oil,True,False,hydronic_assumed,591.31331579987,0.35249151815155466,1.0,591.31331579987,1.0654293978376037,insufficient data: only 1 year of LL84 records,excluded,,
2669826,545 West 25th St,1006977501,Office,965,40.74962166666666,-74.004738,"2022,2023,2024",3,78080.0,,0.0,695.6309360317751,0.0,695.6309360317751,631.3207070514651,819.8075871402773,False,gas_or_oil,False,False,hydronic_assumed,591.2862956270088,0.3927886633360209,1.0,591.2862956270088,0.5825480745093683,heat demand below 2 GWh/yr (too small for a street connection),excluded,,
3530197,250 West 27th Street,1007760065,Multifamily Housing,894,40.747481,-73.99586,"2022,2023",2,77742.0,51.0,0.0,30.25943820626457,663.258167450241,693.5176056565056,551.6350140175879,835.4001972954233,True,gas_or_oil,True,False,hydronic_assumed,589.4899648080298,0.6,1.0,589.4899648080298,0.6244597084830824,heat demand below 2 GWh/yr (too small for a street connection),excluded,,
2645024,5421 Equities Company (BBL): 1-00822-0070 (BIN) 1015512,1008220070,Office,840,40.740976,-73.992223,2024,1,142635.0,,0.0,85.30975557289234,606.656991414777,691.9667469876694,691.9667469876694,691.9667469876694,False,gas_or_oil,False,False,hydronic_assumed,588.171734939519,0.3927886633360209,1.0,588.171734939519,0.6608671179095719,insufficient data: only 1 year of LL84 records,excluded,,
6333465,Eagle Point - 529-535 West 20th Street,1006920015,Office,663,40.746295,-74.006644,"2022,2023,2024",3,111330.0,,0.0,657.2509487197973,27.434379929088532,684.6853286488858,662.5383703257368,710.3326297674598,False,gas_or_oil,False,False,hydronic_assumed,581.9825293515529,0.3927886633360209,1.0,581.9825293515529,0.8162447816992326,heat demand below 2 GWh/yr (too small for a street connection),excluded,,
14840064,150 West 26th Street,1008017502,Multifamily Housing,937,40.745403,-73.992865,"2023,2024",2,53439.0,27.0,0.0,173.1507657067027,510.78709502711195,683.9378607338147,664.8752601738146,703.0004612938149,False,gas_or_oil,True,False,hydronic_assumed,581.3471816237425,0.3723241228707297,1.0,581.3471816237425,0.5890042367008536,heat demand below 2 GWh/yr (too small for a street connection),excluded,,
4410723,144 West 18 Street - 42252,1007937506,Multifamily Housing,529,40.740408,-73.996341,2024,1,70002.0,18.0,0.0,683.204831451915,0.0,683.204831451915,683.204831451915,683.204831451915,False,gas_or_oil,True,False,hydronic_assumed,580.7241067341278,0.24848239978498377,1.0,580.7241067341278,1.0029777318378719,insufficient data: only 1 year of LL84 records,excluded,,
12771985,Rudd:  420 West 23 Street,1007207501,Multifamily Housing,591,40.746836,-74.002162,"2022,2023,2024",3,44272.0,38.0,0.0,680.6540485907875,0.0,680.6540485907875,624.5202866703672,727.402317957459,True,gas_or_oil,True,False,hydronic_assumed,578.5559413021693,0.5265398205171654,1.0,578.5559413021693,0.9025833717662548,heat demand below 2 GWh/yr (too small for a street connection),excluded,,
5829624,532 West 22nd Street,1006937501,Multifamily Housing,735,40.747563,-74.005966,"2023,2024",2,35719.0,14.0,0.0,679.1783431052987,0.0,679.1783431052987,666.0062506191126,692.3504355914848,True,gas_or_oil,True,False,hydronic_assumed,577.301591639504,0.19440984904949257,1.0,577.301591639504,0.7354160403051005,heat demand below 2 GWh/yr (too small for a street connection),excluded,,
50675093,55 West 17th Street Condominium (55 West 17th Street),1008197505,Multifamily Housing,752,40.738648,-73.993945,2024,1,120377.0,85.0,0.0,676.0779299337484,0.0,676.0779299337484,676.0779299337484,676.0779299337484,False,gas_or_oil,True,False,hydronic_assumed,574.6662404436861,0.6,1.0,574.6662404436861,0.7165414469372644,insufficient data: only 1 year of LL84 records,excluded,,
6309298,100 Bank Street,1006340023,Multifamily Housing,655,40.736052,-74.006726,2024,1,45426.0,55.0,0.0,674.8018986314169,0.0,674.8018986314169,674.8018986314169,674.8018986314169,False,gas_or_oil,True,False,hydronic_assumed,573.5816138367043,0.6,1.0,573.5816138367043,0.8135909416123465,insufficient data: only 1 year of LL84 records,excluded,,
52612292,300 West 20th,1007437501,Office,333,,,2024,1,43197.0,,0.0,674.6240338180534,0.0,674.6240338180534,674.6240338180534,674.6240338180534,False,gas_or_oil,False,False,hydronic_assumed,573.4304287453454,0.3927886633360209,1.0,573.4304287453454,1.4972073857580819,insufficient data: only 1 year of LL84 records,excluded,,
4413921,520 West 19th Street,1006907501,Multifamily Housing,564,40.745601,-74.006853,"2023,2024",2,73107.0,26.0,0.0,672.6012575092127,0.0,672.6012575092127,653.1345999082101,692.0679151102153,False,gas_or_oil,True,False,hydronic_assumed,571.7110688828308,0.3645773883595091,1.0,571.7110688828308,0.9311255193531446,heat demand below 2 GWh/yr (too small for a street connection),excluded,,
4038982,DEPM  2512 - TRANSFER - 32 West 18th Street,1008197503,Multifamily Housing,829,40.738999,-73.992989,"2023,2024",2,80577.5,21.0,0.0,668.8115412547309,0.0,668.8115412547309,557.7007346118655,779.9223478975963,True,gas_or_oil,True,False,hydronic_assumed,568.4898100665212,0.29613489978000207,1.0,568.4898100665212,0.6467460865375667,heat demand below 2 GWh/yr (too small for a street connection),excluded,,
6692943,80 GROVE STREET,1005920040,Multifamily Housing,898,40.733218,-74.002172,"2023,2024",2,47808.0,75.0,0.0,16.328159847978192,658.9387839075866,667.1028638315757,0.0,1334.2057276631515,True,gas_or_oil,True,False,hydronic_assumed,567.0374342568393,0.6,1.0,567.0374342568393,0.5981407534354846,heat demand below 2 GWh/yr (too small for a street connection),excluded,,
2690725,Pratt Manhattan Ctr,1006097503,College/University,524,40.737907,-73.998163,2024,1,96382.0,,0.0,603.8728751617019,62.48567615298543,666.3585513146874,666.3585513146874,666.3585513146874,False,gas_or_oil,False,False,hydronic_assumed,566.4047686174843,0.3927886633360209,1.0,566.4047686174843,0.9867678895774987,insufficient data: only 1 year of LL84 records,excluded,,
50162294,261 West 21st Street,1007710001,Multifamily Housing,463,40.743808,-73.998921,2024,1,32325.0,32.0,0.0,0.0304793880207799,662.8011378190006,662.8316172070214,662.8316172070214,662.8316172070214,True,gas_or_oil,True,False,hydronic_assumed,563.4068746259682,0.4553242895931305,1.0,563.4068746259682,1.098259014865435,insufficient data: only 1 year of LL84 records,excluded,,
6682135,104 West 17th Street (585 6 AVENUE),1007920038,Multifamily Housing,645,40.739033,-73.995634,2024,1,34500.0,16.0,0.0,64.33905740147978,598.2447389352495,662.5837963367293,662.5837963367293,662.5837963367293,False,gas_or_oil,True,False,hydronic_assumed,563.1962268862198,0.22774729543134986,1.0,563.1962268862198,0.810354283289525,insufficient data: only 1 year of LL84 records,excluded,,
53891992,GC 40 West 20th Street-RDA,1008217501,Office,835,40.740246,-73.992324,2024,1,115207.0,,0.0,662.1611585918757,0.0,662.1611585918757,662.1611585918757,662.1611585918757,False,gas_or_oil,False,False,hydronic_assumed,562.8369848030943,0.3927886633360209,1.0,562.8369848030943,0.6359739941277902,insufficient data: only 1 year of LL84 records,excluded,,
33191245,14 West 17th Street,1008180059,Multifamily Housing,901,40.738231,-73.992996,"2023,2024",2,50672.0,19.0,0.0,662.069368742567,0.0,662.069368742567,492.3997887543953,831.7389487307387,True,gas_or_oil,True,False,hydronic_assumed,562.758963431182,0.270660052782648,1.0,562.758963431182,0.5917549562893607,heat demand below 2 GWh/yr (too small for a street connection),excluded,,
2954516,85 8th Avenue,1007387501,Multifamily Housing,124,40.739958,-74.002385,"2023,2024",2,90855.5,117.0,0.0,1318.5011057570289,0.0,659.2505528785144,0.0,1318.5011057570289,False,gas_or_oil,True,False,hydronic_assumed,560.3629699467373,0.6,1.0,560.3629699467373,3.2204768387743523,heat demand below 2 GWh/yr (too small for a street connection),excluded,,
19833666,300 West 12th Street,1006240041,Multifamily Housing,466,40.737539,-74.0045,"2022,2023",2,34872.0,54.0,0.0,652.1683300401918,0.0,652.1683300401918,466.7982751010949,837.5383849792887,False,gas_or_oil,True,False,hydronic_assumed,554.343080534163,0.6,1.0,554.343080534163,1.0743082956088432,heat demand below 2 GWh/yr (too small for a street connection),excluded,,
4038980,Halstead - 133 West 22nd Street,1007987506,Multifamily Housing,744,40.742694,-73.99436,"2023,2024",2,135638.0,99.0,0.0,651.1851792803466,0.0,651.1851792803466,647.3346947459983,655.0356638146948,False,gas_or_oil,True,False,hydronic_assumed,553.5074023882946,0.6,1.0,553.5074023882946,0.697112597466366,heat demand below 2 GWh/yr (too small for a street connection),excluded,,
14933113,360 West 11th Street,1006377507,Multifamily Housing,841,40.735398,-74.00914,"2023,2024",2,38644.0,5.0,0.0,649.8497424784784,0.0,649.8497424784784,602.1065360116901,697.5929489452667,False,gas_or_oil,True,False,hydronic_assumed,552.3722811067066,0.07256565332933672,1.0,552.3722811067066,0.6199464434418706,heat demand below 2 GWh/yr (too small for a street connection),excluded,,
3531301,Vesta 24 Condominium,1006957504,Multifamily Housing,775,40.748175,-74.003829,2024,1,61107.0,24.0,0.0,644.0652235457962,0.0,644.0652235457962,644.0652235457962,644.0652235457962,False,gas_or_oil,True,False,hydronic_assumed,547.4554400139268,0.35144344570002206,1.0,547.4554400139268,0.6635823515320325,insufficient data: only 1 year of LL84 records,excluded,,
4377727,Century - 100 West 18th Street,1007937507,Multifamily Housing,667,40.73989233333334,-73.99537033333333,"2023,2024",2,108912.0,42.0,0.0,643.8687682595469,0.0,643.8687682595469,621.7924107496112,688.021483279418,True,gas_or_oil,True,False,hydronic_assumed,547.2884530206148,0.6,1.0,547.2884530206148,0.7633032817581797,heat demand below 2 GWh/yr (too small for a street connection),excluded,,
2805261,344 W 23rd Street - 34185,1007467502,Multifamily Housing,547,40.745842,-73.999812,2024,1,59331.0,44.0,0.0,641.3247455703779,0.0,641.3247455703779,641.3247455703779,641.3247455703779,False,gas_or_oil,True,False,hydronic_assumed,545.1260337348212,0.6,1.0,545.1260337348212,0.9131089342291813,insufficient data: only 1 year of LL84 records,excluded,,
6382099,141 West 16th Street,1007920012,Multifamily Housing,507,40.739214,-73.997106,"2022,2023,2024",3,34662.0,49.0,0.0,638.0306270958243,0.0,638.0306270958243,606.7789968881717,668.6524769484976,False,gas_or_oil,True,False,hydronic_assumed,542.3260330314507,0.6,1.0,542.3260330314507,0.9736553555322275,heat demand below 2 GWh/yr (too small for a street connection),excluded,,
12444746,Nelco: 164 W 25th St,1008000074,Manufacturing/Industrial Plant,847,40.744906,-73.993598,"2022,2023,2024",3,47800.0,,0.0,0.0,637.5830783126845,637.5830783126845,570.6013700484915,713.2062206086382,False,gas_or_oil,False,False,hydronic_assumed,541.9456165657818,0.3927886633360209,1.0,541.9456165657818,0.6041757152349854,heat demand below 2 GWh/yr (too small for a street connection),excluded,,
8471298,120 11th Avenue,1006927501,Multifamily Housing,715,40.746921,-74.007929,"2022,2023",2,45946.0,10.0,0.0,637.2814495996943,0.0,637.2814495996943,575.5885306062878,698.9743685931007,True,gas_or_oil,True,False,hydronic_assumed,541.6892321597401,0.14799354714772678,1.0,541.6892321597401,0.7080904995552157,heat demand below 2 GWh/yr (too small for a street connection),excluded,,
16880240,Center for Jewish History Campus,1008180027;1008180061;1008180063;1008180064,Museum,868,40.737677,-73.993454,"2022,2023,2024",3,135725.0,,0.0,634.6819387938721,0.0,634.6819387938721,405.0704806540877,1078.003084279611,False,gas_or_oil,False,False,hydronic_assumed,539.4796479747912,0.3927886633360209,1.0,539.4796479747912,0.5876684618461777,heat demand below 2 GWh/yr (too small for a street connection),excluded,,
4936981,Union Land House Condo,1006097502,Multifamily Housing,615,40.737668,-73.997597,2024,1,65387.0,19.0,0.0,89.05256580763638,544.1956401580005,633.2482059656369,633.2482059656369,633.2482059656369,False,gas_or_oil,True,False,hydronic_assumed,538.2609750707913,0.282978662397287,1.0,538.2609750707913,0.8094150001064532,insufficient data: only 1 year of LL84 records,excluded,,
30687964,152 West 25th Street,1008000068,Office,864,40.744805,-73.993352,"2023,2024",2,66115.0,7.0,0.0,2.770840135023689,628.250025936787,631.0208660718107,544.815544018977,717.2261881246444,False,gas_or_oil,False,False,hydronic_assumed,536.367736161039,0.3927886633360209,1.0,536.367736161039,0.586835597550371,heat demand below 2 GWh/yr (too small for a street connection),excluded,,
50231292,291 7 AVENUE,1008027502,Multifamily Housing,965,40.746309,-73.994027,2024,1,36420.0,8.0,0.0,628.0488912829537,0.0,628.0488912829537,628.0488912829537,628.0488912829537,False,gas_or_oil,True,False,hydronic_assumed,533.8415575905107,0.12013528700295162,1.0,533.8415575905107,0.5259522734881878,insufficient data: only 1 year of LL84 records,excluded,,
10063093,Andrews: 139 West 19 St,1007950014,Multifamily Housing,590,40.740957,-73.995789,"2022,2023,2024",3,73478.0,21.0,0.0,1.676561721835336,625.1263771163881,626.8029388382234,571.9585527214283,705.6775480035708,False,gas_or_oil,True,False,hydronic_assumed,532.7824980124899,0.31598198806833755,1.0,532.7824980124899,0.8324726531445155,heat demand below 2 GWh/yr (too small for a street connection),excluded,,
26616431,540 West 25 Street,1006960054,Museum,916,40.749545,-74.004602,2024,1,47330.0,,0.0,625.7365314808118,0.0,625.7365314808118,625.7365314808118,625.7365314808118,False,gas_or_oil,False,False,hydronic_assumed,531.87605175869,0.3927886633360209,1.0,531.87605175869,0.5505963268723498,insufficient data: only 1 year of LL84 records,excluded,,
2637247,136 W21,1007960060,College/University,654,40.742101,-73.994901,"2022,2023,2024",3,77437.0,,0.0,0.2763659894576486,625.3986303422698,625.6749963317276,0.0,949.6883775645916,False,gas_or_oil,False,False,hydronic_assumed,531.8237468819684,0.3927886633360209,1.0,531.8237468819684,0.7554314586391597,heat demand below 2 GWh/yr (too small for a street connection),excluded,,
26640250,143 WEST 20 STREET,1007960013,Multifamily Housing,624,40.741786,-73.995933,2022,1,48477.0,13.0,0.0,623.9189048990341,0.0,623.9189048990341,623.9189048990341,623.9189048990341,False,gas_or_oil,True,False,hydronic_assumed,530.331069164179,0.19651208509999585,1.0,530.331069164179,0.7868413489082774,insufficient data: only 1 year of LL84 records,excluded,,
20965431,Lalezarian Properties LLC : 155 WEST 21 STREET,1007970007,Multifamily Housing,646,40.742269,-73.995255,"2022,2023,2024",3,137134.0,110.0,0.0,623.4500010062105,0.0,623.4500010062105,327.2431217692581,1207.511234878267,True,gas_or_oil,True,False,hydronic_assumed,529.9325008552789,0.6,1.0,529.9325008552789,0.7613972713437915,heat demand below 2 GWh/yr (too small for a street connection),excluded,,
2689501,122 West 26th Street,1008010055,Office,982,40.745164,-73.992295,"2022,2023,2024",3,70752.0,,0.0,101.25653230922592,521.7157824420359,622.9723147512618,554.6765345639192,757.9590474253416,False,gas_or_oil,False,False,hydronic_assumed,529.5264675385725,0.3927886633360209,1.0,529.5264675385725,0.5131070421885393,heat demand below 2 GWh/yr (too small for a street connection),excluded,,
57872692,National Energy Cost Services Inc:235 WEST 23 STREET,1007730024,Office,669,40.744577,-73.996756,2024,1,49183.0,,0.0,620.431388846068,0.0,620.431388846068,620.431388846068,620.431388846068,True,gas_or_oil,False,False,hydronic_assumed,527.3666805191577,0.3927886633360209,1.0,527.3666805191577,0.7334724346580775,insufficient data: only 1 year of LL84 records,excluded,,
6213192,134 W 26th St,1008010061,Manufacturing/Industrial Plant,956,40.745266,-73.99254,2024,1,96069.0,,0.0,0.0,618.0039693541476,618.0039693541476,618.0039693541476,618.0039693541476,False,gas_or_oil,False,False,hydronic_assumed,525.3033739510254,0.3927886633360209,1.0,525.3033739510254,0.5221703518399855,insufficient data: only 1 year of LL84 records,excluded,,
6262487,35 Grove Street,1005880071,Multifamily Housing,950,40.732722,-74.004619,"2022,2023,2024",3,33839.0,65.0,0.0,590.0664939110584,26.962535556843765,617.0290294679022,507.054571585825,768.4703039908655,False,gas_or_oil,True,False,hydronic_assumed,524.4746750477169,0.6,1.0,524.4746750477169,0.5244746750477169,heat demand below 2 GWh/yr (too small for a street connection),excluded,,
6694545,DEPM 1228 - 125 West 12th Street,1006080053,Multifamily Housing,662,40.7364005,-73.99865249999999,"2023,2024",2,33596.0,34.0,0.0,616.9168809504412,0.0,616.9168809504412,598.5700184810597,635.2637434198226,False,gas_or_oil,True,False,hydronic_assumed,524.379348807875,0.5197880842264612,1.0,524.379348807875,0.7364878494492626,heat demand below 2 GWh/yr (too small for a street connection),excluded,,
2681134,11 W 19th Street,1008210032,Office,940,40.739395,-73.992083,"2022,2023,2024",3,284180.0,,0.0,615.5612808611131,0.0,615.5612808611131,462.5062790470034,873.2638618205222,False,gas_or_oil,False,False,hydronic_assumed,523.2270887319461,0.3927886633360209,1.0,523.2270887319461,0.5285122108403496,heat demand below 2 GWh/yr (too small for a street connection),excluded,,
4936244,Elijah Equities - 520 W 20th St,1006910043,Office,610,40.746213,-74.006493,2024,1,80500.0,,0.0,613.3267021126319,0.0,613.3267021126319,613.3267021126319,613.3267021126319,True,gas_or_oil,False,False,hydronic_assumed,521.3276967957371,0.3927886633360209,1.0,521.3276967957371,0.7898904496905107,insufficient data: only 1 year of LL84 records,excluded,,
6779339,166 W 22nd Street - 44844,1007970076,Multifamily Housing,651,40.742971,-73.99506,2024,1,34935.0,42.0,0.0,612.9156406738055,0.0,612.9156406738055,612.9156406738055,612.9156406738055,False,gas_or_oil,True,False,hydronic_assumed,520.9782945727346,0.6,1.0,520.9782945727346,0.7431930022435587,insufficient data: only 1 year of LL84 records,excluded,,
50716792,120 11th Avenue NCG,1006927501,Multifamily Housing,715,40.746921,-74.007929,2024,1,45946.0,10.0,0.0,612.212563252057,0.0,612.212563252057,612.212563252057,612.212563252057,False,gas_or_oil,True,False,hydronic_assumed,520.3806787642484,0.15405358844110117,1.0,520.3806787642484,0.6802361813911744,insufficient data: only 1 year of LL84 records,excluded,,
6225115,114 WEST 16th   STREET - 35453,1007910050,Multifamily Housing,612,40.738978,-73.99659,2024,1,36010.0,41.0,0.0,606.122810832609,0.0,606.122810832609,606.122810832609,606.122810832609,False,gas_or_oil,True,False,hydronic_assumed,515.2043892077177,0.6,1.0,515.2043892077177,0.7782543643621113,insufficient data: only 1 year of LL84 records,excluded,,
31978303,377 West 11th Street,1006380001,Multifamily Housing,835,40.735354,-74.009616,"2023,2024",2,69755.0,38.0,0.0,604.7633715126744,0.0,604.7633715126744,597.1319482014524,612.3947948238965,False,gas_or_oil,True,False,hydronic_assumed,514.0488657857733,0.5926143636689547,1.0,514.0488657857733,0.5808461760291224,heat demand below 2 GWh/yr (too small for a street connection),excluded,,
4043768,305 West 16th St Owners Corp,1007407501,Multifamily Housing,128,40.741303,-74.002061,2024,1,83508.0,53.0,0.0,604.5654020260588,0.0,604.5654020260588,604.5654020260588,604.5654020260588,False,gas_or_oil,True,False,hydronic_assumed,513.8805917221499,0.6,1.0,513.8805917221499,2.8869696164165726,insufficient data: only 1 year of LL84 records,excluded,,
4947962,CB - 40 Gansevoort Street,1006270005,Office,350,40.739403,-74.006221,2023,1,56860.0,,0.0,602.6454936517882,0.0,602.6454936517882,602.6454936517882,602.6454936517882,False,gas_or_oil,False,False,hydronic_assumed,512.2486696040199,0.3927886633360209,1.0,512.2486696040199,1.2806216740100498,insufficient data: only 1 year of LL84 records,excluded,,
16641747,115 W Washington Place,1005920075,Multifamily Housing,957,40.732657,-74.001191,2022,1,28560.0,48.0,0.0,601.3231278182444,0.0,601.3231278182444,601.3231278182444,601.3231278182444,False,gas_or_oil,True,False,hydronic_assumed,511.12465864550774,0.6,1.0,511.12465864550774,0.5075716570461845,insufficient data: only 1 year of LL84 records,excluded,,
6139025,226 West 20th Street,1007690053,Multifamily Housing,421,40.742664,-73.998069,"2023,2024",2,28007.0,52.0,0.0,598.2807866730049,0.0,598.2807866730049,515.1122081085723,681.4493652374374,False,gas_or_oil,True,False,hydronic_assumed,508.5386686720541,0.6,1.0,508.5386686720541,1.0796999334863144,heat demand below 2 GWh/yr (too small for a street connection),excluded,,
20596955,413-421 West 14th Street,1007120014;1007120021,Office,253,40.741245,-74.006045,"2022,2023",2,88592.0,,0.0,597.8478328275904,0.0,597.8478328275904,537.1065741109251,658.5890915442558,False,gas_or_oil,False,False,hydronic_assumed,508.17065790345185,0.3927886633360209,1.0,508.17065790345185,1.677130884169808,heat demand below 2 GWh/yr (too small for a street connection),excluded,,
6011298,12th Americas Company LLC,1005750011,Multifamily Housing,780,40.73589,-73.997485,"2022,2023,2024",3,38758.0,42.0,0.0,597.2569136923377,0.0,597.2569136923377,576.6336805443619,623.9482999242119,True,gas_or_oil,True,False,hydronic_assumed,507.668376638487,0.6,1.0,507.668376638487,0.611648646552394,heat demand below 2 GWh/yr (too small for a street connection),excluded,,
5850905,122-124 5th Avenue,1008190039,Office,956,40.73817,-73.992054,"2023,2024",2,252521.5,,0.0,576.7498539040873,20.227968238133116,596.9778221422204,329.9095700003107,864.0460742841301,True,gas_or_oil,False,False,hydronic_assumed,507.4311488208873,0.3927886633360209,1.0,507.4311488208873,0.5044047204978999,heat demand below 2 GWh/yr (too small for a street connection),excluded,,
6790068,150 West 21st Street,1007960067,Multifamily Housing,613,40.742219,-73.995182,"2023,2024",2,48249.0,61.0,0.0,596.0030532140809,0.0,596.0030532140809,523.2376612696659,668.7684451584958,False,gas_or_oil,True,False,hydronic_assumed,506.60259523196873,0.6,1.0,506.60259523196873,0.7641064784795909,heat demand below 2 GWh/yr (too small for a street connection),excluded,,
2669471,Century - 130 West 19th Street,1007947501,Multifamily Housing,592,40.740874,-73.995634,"2023,2024",2,118523.5,66.0,0.0,595.3279494229726,0.0,595.3279494229726,584.0809087077854,606.5749901381596,False,gas_or_oil,True,False,hydronic_assumed,506.02875700952666,0.6,1.0,506.02875700952666,0.7882067866192004,heat demand below 2 GWh/yr (too small for a street connection),excluded,,
52535692,133 West 17th Street,1007930020,Multifamily Housing,574,40.739834,-73.996759,2024,1,54890.0,24.0,0.0,23.04007277540032,572.2838615743425,595.3239343497428,595.3239343497428,595.3239343497428,False,gas_or_oil,True,False,hydronic_assumed,506.02534419728136,0.38021737134712835,1.0,506.02534419728136,0.8109380515982073,insufficient data: only 1 year of LL84 records,excluded,,
6814882,350 West 14th Street,1006297502,Multifamily Housing,176,40.740391,-74.004056,2024,1,42591.0,43.0,0.0,594.5860107814974,0.0,594.5860107814974,594.5860107814974,594.5860107814974,True,gas_or_oil,True,False,hydronic_assumed,505.3981091642728,0.6,1.0,505.3981091642728,2.2362748193109416,insufficient data: only 1 year of LL84 records,excluded,,
10436939,4 West 16th Street,1008170057,Multifamily Housing,939,40.737548,-73.993187,"2023,2024",2,33080.0,16.0,0.0,60.066814335394014,532.2667257107119,592.3335400461059,581.4488084024639,603.2182716897479,True,gas_or_oil,True,False,hydronic_assumed,503.48350903919,0.25475793182432416,1.0,503.48350903919,0.5090834267332558,heat demand below 2 GWh/yr (too small for a street connection),excluded,,
16754526,Buchbinder: 137 W 12th St,1006080060,Multifamily Housing,609,40.736529,-73.998957,"2022,2023,2024",3,55854.0,100.0,0.0,590.9350587793044,0.0,590.9350587793044,367.3012436176455,767.9926568120553,False,gas_or_oil,True,False,hydronic_assumed,502.2947999624088,0.6,1.0,502.2947999624088,0.7622075871963714,heat demand below 2 GWh/yr (too small for a street connection),excluded,,
19081268,278 West 10 Street,1006300012,K-12 School,979,40.733439,-74.008248,2022,1,66813.0,,0.0,590.596757110343,0.0,590.596757110343,590.596757110343,590.596757110343,False,gas_or_oil,False,False,hydronic_assumed,502.0072435437915,0.3927886633360209,1.0,502.0072435437915,0.487859323171809,insufficient data: only 1 year of LL84 records,excluded,,
4630104,143-145 Owners Corporation (143 West 20th Street),1007960013,Multifamily Housing,624,40.741786,-73.995933,2024,1,53820.0,13.0,0.0,587.4374806206777,0.0,587.4374806206777,587.4374806206777,587.4374806206777,False,gas_or_oil,True,False,hydronic_assumed,499.321858527576,0.2087160063492541,1.0,499.321858527576,0.7408336179934362,insufficient data: only 1 year of LL84 records,excluded,,
2940676,Teamsters Union Local 237,1006180024,Office,352,40.738846,-74.000397,2024,1,59400.0,,0.0,0.0,587.056458963314,587.056458963314,587.056458963314,587.056458963314,True,gas_or_oil,False,False,hydronic_assumed,498.99799011881686,0.3927886633360209,1.0,498.99799011881686,1.2412885326338727,insufficient data: only 1 year of LL84 records,excluded,,
6382108,248 West 17th Street,1007660071,Multifamily Housing,239,40.741053,-73.999693,"2022,2023,2024",3,25362.0,48.0,0.0,586.5798082260352,0.0,586.5798082260352,532.1792000450157,621.4014539840371,False,gas_or_oil,True,False,hydronic_assumed,498.5928369921299,0.6,1.0,498.5928369921299,1.725234730076574,heat demand below 2 GWh/yr (too small for a street connection),excluded,,
33545328,"Halstead - 341 West 11th St, NY, NY 10014",1006340047,Multifamily Housing,749,40.735577,-74.00791699999999,"2023,2024",2,53495.0,63.1,0.0,585.9849912459681,0.0,585.9849912459681,574.4787585041889,597.4912239877473,False,gas_or_oil,True,False,hydronic_assumed,498.0872425590729,0.6,1.0,498.0872425590729,0.6233882885595405,heat demand below 2 GWh/yr (too small for a street connection),excluded,,
16096595,420 W 20th St Condo,1007177504,Multifamily Housing,401,40.744964,-74.003529,2024,1,39945.0,37.0,0.0,585.7059876171625,0.0,585.7059876171625,585.7059876171625,585.7059876171625,False,gas_or_oil,True,False,hydronic_assumed,497.85008947458806,0.5957939883339508,1.0,497.85008947458806,1.1038804644669358,insufficient data: only 1 year of LL84 records,excluded,,
9849254,231 West 25th Street,1007750017,Multifamily Housing,809,40.745829,-73.995741,"2023,2024",2,50029.0,69.0,0.0,45.705161156833455,539.7752643354233,585.4804254922568,534.9471973909644,636.0136535935492,False,gas_or_oil,True,False,hydronic_assumed,497.65836166841825,0.6,1.0,497.65836166841825,0.5793461719073554,heat demand below 2 GWh/yr (too small for a street connection),excluded,,
2643762,"37 West 20, LLC (BBL): 1-00822-0009 (BIN) 1015489",1008220009,Office,854,40.740232,-73.992252,2024,1,110512.0,,0.0,45.108908128676944,537.9025843590332,583.0114924877101,583.0114924877101,583.0114924877101,True,gas_or_oil,False,False,hydronic_assumed,495.5597686145536,0.3927886633360209,1.0,495.5597686145536,0.5481855847506124,insufficient data: only 1 year of LL84 records,excluded,,
6294578,129 West 22nd Street,1007980026,Multifamily Housing,765,40.742661,-73.99428,"2022,2023,2024",3,45006.0,16.0,0.0,582.5831203195335,0.0,582.5831203195335,548.8107177251123,647.9800664802344,True,gas_or_oil,True,False,hydronic_assumed,495.1956522716034,0.2590216955300049,1.0,495.1956522716034,0.6076020273271208,heat demand below 2 GWh/yr (too small for a street connection),excluded,,
6690206,290 West 12th Street,1006240044,Multifamily Housing,458,40.737537,-74.004193,"2022,2023,2024",3,26694.0,40.0,0.0,528.0763911154147,53.987084945468276,582.063476060883,171.3395280735679,869.5991843246852,False,gas_or_oil,True,False,hydronic_assumed,494.7539546517505,0.6,1.0,494.7539546517505,0.9739251075821861,heat demand below 2 GWh/yr (too small for a street connection),excluded,,
15548593,The Chelsea (ch205),1007990003,Multifamily Housing,767,40.74425,-73.993966,"2023,2024",2,203119.0,204.0,0.0,579.9625279369968,0.0,579.9625279369968,577.1360043046275,582.7890515693662,True,gas_or_oil,True,False,hydronic_assumed,492.9681487464473,0.6,1.0,492.9681487464473,0.6033881869601558,heat demand below 2 GWh/yr (too small for a street connection),excluded,,
3538284,M Rapaport: 150 West 22nd Street,1007970070,Office,680,40.742834,-73.994735,2024,1,79745.0,,0.0,2.6308987140628965,574.3505106176707,576.9814093317336,576.9814093317336,576.9814093317336,False,gas_or_oil,False,False,hydronic_assumed,490.4341979319736,0.3927886633360209,1.0,490.4341979319736,0.6718276683999638,insufficient data: only 1 year of LL84 records,excluded,,
53933293,8 West 13th Street,1005767503,Multifamily Housing,945,40.735569,-73.99475,2024,1,37683.0,32.0,0.0,9.05589509463557,565.2021516103374,574.258046704973,574.258046704973,574.258046704973,False,gas_or_oil,True,False,hydronic_assumed,488.11933969922706,0.5255535154559275,1.0,488.11933969922706,0.49057220070274077,insufficient data: only 1 year of LL84 records,excluded,,
53949393,40 Gansevoort Street AKA 831 Greenwich Street,1006270005,Office,350,40.739403,-74.006221,2024,1,58453.0,,0.0,568.1226045105977,0.0,568.1226045105977,568.1226045105977,568.1226045105977,False,gas_or_oil,False,False,hydronic_assumed,482.9042138340081,0.3927886633360209,1.0,482.9042138340081,1.2072605345850203,insufficient data: only 1 year of LL84 records,excluded,,
6701561,JC Dwight - 15 ABINGDON SQUARE,1006240031,Multifamily Housing,492,40.737193999999995,-74.005188,"2022,2023,2024",3,35136.0,49.19,0.0,564.2822016199794,0.0,564.2822016199794,481.5784630299677,703.7514558303845,True,gas_or_oil,True,False,hydronic_assumed,479.6398713769825,0.6,1.0,479.6398713769825,0.8849444121346541,heat demand below 2 GWh/yr (too small for a street connection),excluded,,
28444237,204 West 23rd Street,1007720047,Hotel,666,40.744305,-73.996157,"2023,2024",2,50797.0,,0.0,558.6407453148199,0.0,558.6407453148199,502.3058829321875,614.9756076974522,False,gas_or_oil,False,False,hydronic_assumed,474.84463351759695,0.3927886633360209,1.0,474.84463351759695,0.6631908289351912,heat demand below 2 GWh/yr (too small for a street connection),excluded,,
11986512,The Jane Hotel - 113 Jane Street,1006420001,Hotel,618,40.738154,-74.009025,"2022,2023,2024",3,43618.0,,0.0,555.8789757284427,0.0,555.8789757284427,108.4078564139476,976.424779508004,True,gas_or_oil,False,False,hydronic_assumed,472.49712936917626,0.3927886633360209,1.0,472.49712936917626,0.7073310319897849,heat demand below 2 GWh/yr (too small for a street connection),excluded,,
10063228,Andrews: 166 Bank St,1006380004,Multifamily Housing,823,40.736043,-74.009523,"2022,2023,2024",3,67410.0,30.0,0.0,555.7988794135766,0.0,555.7988794135766,512.5082719300663,618.9660629598651,False,gas_or_oil,True,False,hydronic_assumed,472.42904750154014,0.5090701641421852,1.0,472.42904750154014,0.5411558390624744,heat demand below 2 GWh/yr (too small for a street connection),excluded,,
26533119,AKAM - 270 West 11th Street,1006220041,Multifamily Housing,615,40.736063,-74.004326,"2023,2024",2,29725.0,48.0,0.0,552.6749619447257,0.0,552.6749619447257,540.8869267457217,564.4629971437297,True,gas_or_oil,True,False,hydronic_assumed,469.7737176530169,0.6,1.0,469.7737176530169,0.7064266430872435,heat demand below 2 GWh/yr (too small for a street connection),excluded,,
6457870,117 West 13th Street,1006090053,Multifamily Housing,631,40.736993,-73.998088,"2023,2024",2,34027.0,57.0,0.0,550.3261587589262,0.0,550.3261587589262,547.7858189958097,552.8664985220428,True,gas_or_oil,True,False,hydronic_assumed,467.7772349450873,0.6,1.0,467.7772349450873,0.6868975549854439,heat demand below 2 GWh/yr (too small for a street connection),excluded,,
4043732,AKAM - 125 West 22nd Street,1007987505,Multifamily Housing,777,40.742628,-73.994197,"2023,2024",2,63508.5,33.0,0.0,548.6209249204752,0.0,548.6209249204752,515.7039185356296,581.5379313053209,True,gas_or_oil,True,False,hydronic_assumed,466.3277861824039,0.5673037161233652,1.0,466.3277861824039,0.563878822469654,heat demand below 2 GWh/yr (too small for a street connection),excluded,,
45838192,220 West 21st Street,1007700051,Multifamily Housing,500,40.743166,-73.997445,2024,1,26952.0,35.0,0.0,11.55901483584212,535.9895631541713,547.5485779900134,547.5485779900134,547.5485779900134,False,gas_or_oil,True,False,hydronic_assumed,465.4162912915114,0.6,1.0,465.4162912915114,0.8462114387118389,insufficient data: only 1 year of LL84 records,excluded,,
6844497,ABC: 241 West 19th St.,1007697508,Multifamily Housing,383,40.74228,-73.998925,"2022,2023,2024",3,32595.0,19.0,0.0,546.8855926863536,0.0,546.8855926863536,518.2008837850242,581.1892060764177,False,gas_or_oil,True,False,hydronic_assumed,464.8527537834005,0.3276658458113905,1.0,464.8527537834005,1.0735629417630497,heat demand below 2 GWh/yr (too small for a street connection),excluded,,
4375882,Gansevoort Cooperative,1006280017,Multifamily Housing,239,40.739502,-74.005366,2024,1,56058.0,13.0,0.0,544.1496866191384,0.0,544.1496866191384,544.1496866191384,544.1496866191384,False,gas_or_oil,True,False,hydronic_assumed,462.5272336262676,0.22531962794426968,1.0,462.5272336262676,1.6004402547621717,insufficient data: only 1 year of LL84 records,excluded,,
6835716,Andrews: 205 West 19th St.,1007690031,Multifamily Housing,460,40.741862,-73.997929,"2022,2023,2024",3,75191.0,18.0,0.0,48.688673175579055,493.8835585779646,542.5722317535437,501.3349385811025,610.6717715733988,False,gas_or_oil,True,False,hydronic_assumed,461.18639699051215,0.31288806564096416,1.0,461.18639699051215,0.9042870529225728,heat demand below 2 GWh/yr (too small for a street connection),excluded,,
11985530,DEPM 1042 - 130 Jane Street,1006410010,Multifamily Housing,608,40.738137,-74.009023,"2023,2024",2,52727.0,50.0,0.0,541.7164643206526,0.0,541.7164643206526,539.0590133704869,544.3739152708182,True,gas_or_oil,True,False,hydronic_assumed,460.45899467255464,0.6,1.0,460.45899467255464,0.6997857061892928,heat demand below 2 GWh/yr (too small for a street connection),excluded,,
6549794,Owners Corp. - 36 West 15th St,1008160062,Multifamily Housing,826,40.737366,-73.994742,"2022,2023,2024",3,33878.0,36.45,0.0,220.23028349933853,321.0509800979366,541.2812635972751,398.38758175949306,677.2055793692057,True,gas_or_oil,True,False,hydronic_assumed,460.08907405768383,0.6,1.0,460.08907405768383,0.5252158379653925,heat demand below 2 GWh/yr (too small for a street connection),excluded,,
6225116,115 WEST 16th   STREET - 35454,1007920024,Multifamily Housing,597,40.738991,-73.996579,2024,1,43190.0,48.0,0.0,539.1932692132978,0.0,539.1932692132978,539.1932692132978,539.1932692132978,False,gas_or_oil,True,False,hydronic_assumed,458.31427883130306,0.6,1.0,458.31427883130306,0.7083682825831578,insufficient data: only 1 year of LL84 records,excluded,,
6188324,160 West 22nd Street,1007970074,Multifamily Housing,663,40.742919,-73.99494,"2023,2024",2,41423.0,51.0,0.0,534.9328955242777,0.0,534.9328955242777,530.0702608508087,539.7955301977468,False,gas_or_oil,True,False,hydronic_assumed,454.69296119563603,0.6,1.0,454.69296119563603,0.637718038142547,heat demand below 2 GWh/yr (too small for a street connection),excluded,,
6382101,204 West 14 Street,1006180028,Multifamily Housing,381,40.738758,-74.000195,"2022,2023,2024",3,32000.0,52.0,0.0,534.5347096730833,0.0,534.5347096730833,471.7426765943504,617.5885997710529,False,gas_or_oil,True,False,hydronic_assumed,454.3545032221208,0.6,1.0,454.3545032221208,1.0541867824179136,heat demand below 2 GWh/yr (too small for a street connection),excluded,,
6579377,Crane Realty LLC - 29 Charles st,1006120033,Multifamily Housing,689,40.735031,-74.002288,"2022,2023",2,27108.0,37.0,0.0,530.437786586842,0.0,530.437786586842,506.38513871931474,554.4904344543692,False,gas_or_oil,True,False,hydronic_assumed,450.8721185988157,0.6,1.0,450.8721185988157,0.610111121243323,heat demand below 2 GWh/yr (too small for a street connection),excluded,,
15497673,68 Jane Street,1006410052,Multifamily Housing,476,40.738132,-74.006723,2024,1,33380.0,14.0,0.0,528.0774364021192,0.0,528.0774364021192,528.0774364021192,528.0774364021192,True,gas_or_oil,True,False,hydronic_assumed,448.86582094180136,0.2500371158828321,1.0,448.86582094180136,0.8533570740338429,insufficient data: only 1 year of LL84 records,excluded,,
6283105,151 W 19th Street,1007950012,Office,568,40.741058,-73.99603,"2022,2023,2024",3,44712.0,,0.0,9.941399468916202,516.2516683068876,526.1930677758038,475.9041681149261,554.5493124260362,False,gas_or_oil,False,False,hydronic_assumed,447.2641076094332,0.3927886633360209,1.0,447.2641076094332,0.7237283294651022,heat demand below 2 GWh/yr (too small for a street connection),excluded,,
6777152,JC Dwight - 130 West 16th st,1007910062,Multifamily Housing,544,40.739115,-73.996915,"2022,2023",2,32384.0,42.0,0.0,526.1625981568177,0.0,526.1625981568177,482.5657900521139,569.7594062615213,False,gas_or_oil,True,False,hydronic_assumed,447.23820843329503,0.6,1.0,447.23820843329503,0.752926276823729,heat demand below 2 GWh/yr (too small for a street connection),excluded,,
6610148,CB - 60 West 14th Street,1005770010,Multifamily Housing,755,40.736776,-73.995468,2023,1,41900.0,32.0,0.0,525.616724040207,0.0,525.616724040207,525.616724040207,525.616724040207,False,gas_or_oil,True,False,hydronic_assumed,446.77421543417597,0.5741889887079894,1.0,446.77421543417597,0.5549990253840695,insufficient data: only 1 year of LL84 records,excluded,,
6333435,Eagle Point - 259 West 10th Street,1006310030,Multifamily Housing,900,40.733661,-74.006917,"2022,2023,2024",3,51300.0,53.0,0.0,524.3917945579834,0.0,524.3917945579834,512.5226031038568,532.7295581485179,False,gas_or_oil,True,False,hydronic_assumed,445.7330253742859,0.6,1.0,445.7330253742859,0.469192658288722,heat demand below 2 GWh/yr (too small for a street connection),excluded,,
7069148,Stone: 123 Waverly Pl.,1005530041,Multifamily Housing,991,40.732673,-73.999524,"2022,2023,2024",3,40595.0,47.0,0.0,20.529040116149915,501.4505941819928,521.9796342981427,21.58819884987202,890.3820825745236,False,gas_or_oil,True,False,hydronic_assumed,443.68268915342134,0.6,1.0,443.68268915342134,0.42620815480636054,heat demand below 2 GWh/yr (too small for a street connection),excluded,,
56798796,130 W 16 OWNERS INC,1007910062,Multifamily Housing,544,40.739115,-73.996915,2024,1,32384.0,42.0,0.0,517.3424787127851,0.0,517.3424787127851,517.3424787127851,517.3424787127851,False,gas_or_oil,True,False,hydronic_assumed,439.74110690586735,0.6,1.0,439.74110690586735,0.7403048937809215,insufficient data: only 1 year of LL84 records,excluded,,
6722391,135-139 West 20th Street,1007960018,Office,644,40.741591,-73.995471,"2023,2024",2,34088.0,,0.0,517.3385222537632,0.0,517.3385222537632,501.800921532574,532.8761229749524,False,gas_or_oil,False,False,hydronic_assumed,439.73774391569873,0.3927886633360209,1.0,439.73774391569873,0.6336278730773757,heat demand below 2 GWh/yr (too small for a street connection),excluded,,
6622206,Timothy Mitchell,1006940017,Residential Care Facility,750,40.747467,-74.005691,2023,1,33535.0,,0.0,516.7069248583441,0.0,516.7069248583441,516.7069248583441,516.7069248583441,False,gas_or_oil,False,False,hydronic_assumed,439.2008861295925,0.3927886633360209,1.0,439.2008861295925,0.5490011076619906,insufficient data: only 1 year of LL84 records,excluded,,
6695981,AKAM - 56 West 11th Street,1005740015,Multifamily Housing,885,40.734764,-73.996807,"2023,2024",2,27200.0,36.0,0.0,9.78168552188039,501.78628263419284,511.5679681560732,470.84470693189206,552.2912293802544,False,gas_or_oil,True,False,hydronic_assumed,434.83277293266224,0.6,1.0,434.83277293266224,0.46506178923279384,heat demand below 2 GWh/yr (too small for a street connection),excluded,,
53950093,58-60 West 14th Street,1005770010,Multifamily Housing,755,40.736754,-73.995421,2024,1,39591.0,20.0,0.0,510.6373357263561,0.0,510.6373357263561,510.6373357263561,510.6373357263561,False,gas_or_oil,True,False,hydronic_assumed,434.0417353674027,0.369395403191769,1.0,434.0417353674027,0.5391822799595064,insufficient data: only 1 year of LL84 records,excluded,,
33375891,278 West 10 Street,1006300012,K-12 School,979,40.733439,-74.008248,"2023,2024",2,76132.5,,0.0,509.1354785351841,0.0,509.1354785351841,477.9933250140235,540.2776320563447,False,gas_or_oil,False,False,hydronic_assumed,432.7651567549065,0.3927886633360209,1.0,432.7651567549065,0.42056866545666327,heat demand below 2 GWh/yr (too small for a street connection),excluded,,
20268005,210 West 16th Street,1007650047,Multifamily Housing,352,40.740139,-73.999347,"2023,2024",2,33547.0,52.0,0.0,336.3785856508903,171.64350135486742,508.0220870057577,490.21054809559513,525.8336259159203,True,gas_or_oil,True,False,hydronic_assumed,431.8187739548941,0.6,1.0,431.8187739548941,1.0741760546141643,heat demand below 2 GWh/yr (too small for a street connection),excluded,,
55101792,MILTAN MANAGEMENT CORP:130 WEST 25 STREET,1008000057,Office,911,40.744615,-73.992909,2024,1,49237.0,,0.0,59.95588694726069,447.5188312795892,507.4747182268499,507.4747182268499,507.4747182268499,False,gas_or_oil,False,False,hydronic_assumed,431.3535104928224,0.3927886633360209,1.0,431.3535104928224,0.4488590119592325,insufficient data: only 1 year of LL84 records,excluded,,
6812013,397 West 12th Street,1006417504,Multifamily Housing,644,40.737572,-74.00935,"2022,2023,2024",3,27978.0,5.0,0.0,506.28081519858597,0.0,506.28081519858597,456.14426363263897,558.5934289956281,False,gas_or_oil,True,False,hydronic_assumed,430.3386929187981,0.09314350793710208,1.0,430.3386929187981,0.6200845719291038,heat demand below 2 GWh/yr (too small for a street connection),excluded,,
25750647,450 Sixth,1005740005,Multifamily Housing,826,40.73513,-73.998452,"2022,2023",2,41296.0,31.0,0.0,502.48217981549425,0.0,502.48217981549425,414.9244081869981,590.0399514439904,False,gas_or_oil,True,False,hydronic_assumed,427.1098528431701,0.5818554224275936,1.0,427.1098528431701,0.4875683251634362,heat demand below 2 GWh/yr (too small for a street connection),excluded,,
48587198,32 West 20th Street,1008210062,Multifamily Housing,872,40.740166,-73.992137,2024,1,51480.0,18.0,0.0,502.4667496253087,0.0,502.4667496253087,502.4667496253087,502.4667496253087,False,gas_or_oil,True,False,hydronic_assumed,427.09673718151237,0.33786191064475635,1.0,427.09673718151237,0.46322856527279,insufficient data: only 1 year of LL84 records,excluded,,
35163166,29 Charles Street,1006120033,Multifamily Housing,689,40.735031,-74.002288,2024,1,27108.0,32.53,0.0,500.7821772950833,0.0,500.7821772950833,500.7821772950833,500.7821772950833,False,gas_or_oil,True,False,hydronic_assumed,425.66485070082075,0.6,1.0,425.66485070082075,0.5760011511513136,insufficient data: only 1 year of LL84 records,excluded,,
6227870,THE SEYMOUR CONDOMINIUM,1007757503,Multifamily Housing,787,40.746084,-73.996351,2024,1,78375.0,49.0,0.0,496.4995595142289,0.0,496.4995595142289,496.4995595142289,496.4995595142289,True,gas_or_oil,True,False,hydronic_assumed,422.02462558709453,0.6,1.0,422.02462558709453,0.5042110222068035,insufficient data: only 1 year of LL84 records,excluded,,
19398467,135 West 16th Street,1007927501,Multifamily Housing,536,40.739164,-73.996987,"2023,2024",2,39792.0,48.0,0.0,493.91391096853533,0.0,493.91391096853533,476.22783577002366,511.599986167047,False,gas_or_oil,True,False,hydronic_assumed,419.82682432325504,0.6,1.0,419.82682432325504,0.7164280278553841,heat demand below 2 GWh/yr (too small for a street connection),excluded,,
26697879,147 West 22nd Street,1007980017,Multifamily Housing,724,40.742815,-73.994645,2024,1,49895.0,16.0,0.0,5.952565866250584,485.3660838265231,491.3186496927737,491.3186496927737,491.3186496927737,False,gas_or_oil,True,False,hydronic_assumed,417.62085223885765,0.30713604644701903,1.0,417.62085223885765,0.5395618245980073,insufficient data: only 1 year of LL84 records,excluded,,
6303546,Altair 20,1008227504,Multifamily Housing,949,40.74002,-73.991743,2024,1,41025.0,17.0,0.0,490.7492126646546,0.0,490.7492126646546,490.7492126646546,490.7492126646546,True,gas_or_oil,True,False,hydronic_assumed,417.13683076495636,0.32671070620271736,1.0,417.13683076495636,0.41755438515010646,insufficient data: only 1 year of LL84 records,excluded,,
6314233,147 West 25th Street,1008010014,Office,914,40.744766,-73.993223,2024,1,41207.0,,0.0,0.0190496175129874,489.48730738638665,489.5063570038996,489.5063570038996,489.5063570038996,True,gas_or_oil,False,False,hydronic_assumed,416.08040345331466,0.3927886633360209,1.0,416.08040345331466,0.43161867578144675,insufficient data: only 1 year of LL84 records,excluded,,
6629441,Andrews: 42 W 17th St,1008180073,Multifamily Housing,802,40.738508,-73.993653,"2022,2023,2024",3,52986.0,21.0,0.0,486.64288688258966,0.0,486.64288688258966,486.46861707396704,486.8747842264478,True,gas_or_oil,True,False,hydronic_assumed,413.6464538502012,0.40698928121590555,1.0,413.6464538502012,0.4855005326880296,heat demand below 2 GWh/yr (too small for a street connection),excluded,,
6654229,U-Haul Of Chelsea 803062,1006940058,Retail Store,797,40.748252,-74.005529,"2022,2023,2024",3,42749.0,,0.0,485.1338836425916,0.0,485.1338836425916,408.00673008333183,580.632400410065,False,gas_or_oil,False,False,hydronic_assumed,412.36380109620285,0.3927886633360209,1.0,412.36380109620285,0.48685218547367515,heat demand below 2 GWh/yr (too small for a street connection),excluded,,
6682121,359 West 11th Street,1006387502,Multifamily Housing,808,40.735431,-74.009017,"2023,2024",2,31831.0,18.0,0.0,484.6055644811969,0.0,484.6055644811969,446.0925131486322,523.1186158137616,True,gas_or_oil,True,False,hydronic_assumed,411.91472980901733,0.35031454136440116,1.0,411.91472980901733,0.48008709767950736,heat demand below 2 GWh/yr (too small for a street connection),excluded,,
7534445,312 West 15 Street,1007380048,Multifamily Housing,94,40.740715,-74.002685,"2022,2023,2024",3,28078.0,36.0,0.0,8.34822622661464,475.2932419967672,483.6414682233819,428.4115373861932,592.6776200990463,False,gas_or_oil,True,False,hydronic_assumed,411.09524798987457,0.6,1.0,411.09524798987457,2.8548281110407956,heat demand below 2 GWh/yr (too small for a street connection),excluded,,
4341957,636 Sixth Avenue Owner LLC.,1008217506,Office,775,40.740567,-73.99449,2022,1,83971.0,,0.0,37.98200661051035,445.0517006619303,483.0337072724407,483.0337072724407,483.0337072724407,False,gas_or_oil,False,False,hydronic_assumed,410.5786511815746,0.3927886633360209,1.0,410.5786511815746,0.4976710923413026,insufficient data: only 1 year of LL84 records,excluded,,
6811996,385 West 12th Street,1006417503,Multifamily Housing,624,40.737567,-74.008899,"2022,2023,2024",3,46041.0,12.0,0.0,482.5239785839315,0.0,482.5239785839315,365.5539540851465,562.286094775657,False,gas_or_oil,True,False,hydronic_assumed,410.1453817963418,0.2345505212847337,1.0,410.1453817963418,0.6085243053358187,heat demand below 2 GWh/yr (too small for a street connection),excluded,,
6265967,510 WEST 21 STREET - [510-520 W. 21st],1006920041,Self-Storage Facility,630,40.746767,-74.005991,2024,1,124386.0,,0.0,0.0,477.4026989498093,477.4026989498093,477.4026989498093,477.4026989498093,False,gas_or_oil,False,False,hydronic_assumed,405.7922941073379,0.3927886633360209,1.0,405.7922941073379,0.5967533736872617,insufficient data: only 1 year of LL84 records,excluded,,
10317687,210 West 21st Street,1007700048,Multifamily Housing,518,40.743054,-73.997171,"2023,2024",2,25123.0,29.0,0.0,477.33608390272155,0.0,477.33608390272155,469.3145830390412,485.3575847664019,False,gas_or_oil,True,False,hydronic_assumed,405.7356713173133,0.5729909842790794,1.0,405.7356713173133,0.7143233649952698,heat demand below 2 GWh/yr (too small for a street connection),excluded,,
54514492,GREENWICH GREEN COOPERATIVE IN,1006320039,Multifamily Housing,812,40.734526,-74.00709,2024,1,25746.0,13.0,0.0,473.8794575372303,0.0,473.8794575372303,473.8794575372303,473.8794575372303,False,gas_or_oil,True,False,hydronic_assumed,402.79753890664574,0.25873163097681345,1.0,402.79753890664574,0.46728252773392775,insufficient data: only 1 year of LL84 records,excluded,,
10868316,132 Perry Street,1006327503,Multifamily Housing,830,40.734923,-74.007538,"2022,2023,2024",3,45681.0,9.0,0.0,473.2900916784824,0.0,473.2900916784824,443.6969504786143,494.2056924946266,False,gas_or_oil,True,False,hydronic_assumed,402.29657792671003,0.17934495043178753,1.0,402.29657792671003,0.4571552021894432,heat demand below 2 GWh/yr (too small for a street connection),excluded,,
5850801,118-120 5th Avenue,1008190037,Office,972,40.737981,-73.992191,"2023,2024",2,68534.5,,0.0,422.1934491589154,50.56082073958236,472.7542698984978,409.52606896196,535.9824708350355,True,gas_or_oil,False,False,hydronic_assumed,401.84112941372314,0.3927886633360209,1.0,401.84112941372314,0.39319092897624575,heat demand below 2 GWh/yr (too small for a street connection),excluded,,
21355240,DOHMH_3433_Chelsea Health Center,1007240082,Urgent Care/Clinic/Other Outpatient,956,40.749356,-73.999257,"2022,2023,2024",3,27985.0,,0.0,471.62864265320724,0.0,471.62864265320724,445.259312185718,510.9191528371328,False,gas_or_oil,False,False,hydronic_assumed,400.88434625522615,0.3927886633360209,1.0,400.88434625522615,0.3984933859395886,heat demand below 2 GWh/yr (too small for a street connection),excluded,,
6650159,Andrews: 124 W 24th St,1007997501,Multifamily Housing,850,40.743946,-73.993237,"2022,2023,2024",3,39014.0,24.0,0.0,467.1888411052842,0.0,467.1888411052842,420.1533816587938,497.57600943923205,True,gas_or_oil,True,False,hydronic_assumed,397.11051493949157,0.4844989466849863,1.0,397.11051493949157,0.441233905488324,heat demand below 2 GWh/yr (too small for a street connection),excluded,,
3235263,The Dance Building Condominium,1007697506,Multifamily Housing,432,40.742107,-73.99851,2024,1,57582.0,12.0,0.0,466.7622273633396,0.0,466.7622273633396,466.7622273633396,466.7622273633396,False,gas_or_oil,True,False,hydronic_assumed,396.74789325883864,0.24247088576245382,1.0,396.74789325883864,0.8231284092507026,insufficient data: only 1 year of LL84 records,excluded,,
44406002,JM - 138 W 17th street,1007927502,Multifamily Housing,519,40.7399,-73.996958,2024,1,34571.0,8.0,0.0,466.4207702961952,0.0,466.4207702961952,466.4207702961952,466.4207702961952,True,gas_or_oil,True,False,hydronic_assumed,396.4576547517659,0.16176559581222982,1.0,396.4576547517659,0.6967621348888681,insufficient data: only 1 year of LL84 records,excluded,,
20806186,125 West 25th St,1008010024,Office,960,40.744562333333334,-73.99273533333333,"2022,2023,2024",3,113062.0,,0.0,465.3315620119756,0.0,465.3315620119756,346.19866347883533,654.9844349971366,True,gas_or_oil,False,False,hydronic_assumed,395.53182771017924,0.3927886633360209,1.0,395.53182771017924,0.39161567100017747,heat demand below 2 GWh/yr (too small for a street connection),excluded,,
15368934,126 West 11th Street,1006060047,Multifamily Housing,703,40.735769,-73.999195,2024,1,29624.0,28.0,0.0,464.5466103110597,0.0,464.5466103110597,464.5466103110597,464.5466103110597,False,gas_or_oil,True,False,hydronic_assumed,394.86461876440075,0.5684637719016937,1.0,394.86461876440075,0.5243886039367872,insufficient data: only 1 year of LL84 records,excluded,,
6894297,255 WEST 14TH STREET,1007640007,Multifamily Housing,216,40.739203,-74.001198,"2022,2023,2024",3,39628.0,46.0,0.0,463.5785673632575,0.0,463.5785673632575,326.7129562603198,575.7957318306214,False,gas_or_oil,True,False,hydronic_assumed,394.0417822587689,0.6,1.0,394.0417822587689,1.4813600836795822,heat demand below 2 GWh/yr (too small for a street connection),excluded,,
3762097,341 Chelsea Manhattan NY HAMP,1007990046,Hotel,890,40.743808,-73.992912,2024,1,53696.0,,0.0,455.65495222649,0.0,455.65495222649,455.65495222649,455.65495222649,False,gas_or_oil,False,False,hydronic_assumed,387.3067093925165,0.3927886633360209,1.0,387.3067093925165,0.412028414247358,insufficient data: only 1 year of LL84 records,excluded,,
1836849,M883 (OECID: 0101359; BBL: 1005770019),1005770019,K-12 School,836,40.736518,-73.994858,"2022,2023,2024",3,51830.0,,0.0,452.286794238536,0.0,452.286794238536,351.3335904543246,605.8658168388068,False,gas_or_oil,False,False,hydronic_assumed,384.4437751027556,0.3927886633360209,1.0,384.4437751027556,0.4339094527119137,heat demand below 2 GWh/yr (too small for a street connection),excluded,,
6627932,127 West 24th Street,1008000023,Office,886,40.743976,-73.993266,2024,1,40686.0,,0.0,0.0,450.2527444637416,450.2527444637416,450.2527444637416,450.2527444637416,False,gas_or_oil,False,False,hydronic_assumed,382.7148327941803,0.3927886633360209,1.0,382.7148327941803,0.4088833683698508,insufficient data: only 1 year of LL84 records,excluded,,
48631292,107 West 25th Street,1008010030,Multifamily Housing,985,40.744426,-73.992411,2024,1,43915.0,27.0,0.0,38.89023375932186,410.747266672958,449.6375004322798,449.6375004322798,449.6375004322798,True,gas_or_oil,True,False,hydronic_assumed,382.19187536743783,0.5663374692968993,1.0,382.19187536743783,0.3692675124323071,insufficient data: only 1 year of LL84 records,excluded,,
26533122,AKAM - 206 West 17th Street,1007667503,Multifamily Housing,388,40.740410499999996,-73.998692,"2023,2024",2,75100.0,11.0,0.0,59.628966203633965,389.63560133194926,449.26456753558324,56.15534171790037,842.3737933532661,True,gas_or_oil,True,False,hydronic_assumed,381.8748824052457,0.23092160829099323,1.0,381.8748824052457,0.8718604621124332,heat demand below 2 GWh/yr (too small for a street connection),excluded,,
6801393,413-421 West 14th Street (One Building),1007120021,Financial Office,253,40.741245,-74.006045,2024,1,100867.0,,0.0,447.741301505037,0.0,447.741301505037,447.741301505037,447.741301505037,False,gas_or_oil,False,False,hydronic_assumed,380.58010627928144,0.3927886633360209,1.0,380.58010627928144,1.2560399547171004,insufficient data: only 1 year of LL84 records,excluded,,
2900365,19 West 21st Street,1008230024,Office,965,40.740649,-73.991408,"2022,2023,2024",3,118948.0,,0.0,0.9626406716562989,443.4662840331186,444.42892470477483,0.8639734219736459,746.4079162004394,False,gas_or_oil,False,False,hydronic_assumed,377.76458599905857,0.3927886633360209,1.0,377.76458599905857,0.3721818581271513,heat demand below 2 GWh/yr (too small for a street connection),excluded,,
49621196,7 W 18th St,1008200033,Office,939,40.738774,-73.992415,2024,1,49033.0,,0.0,0.3871468420716371,441.01974654044295,441.40689338251457,441.40689338251457,441.40689338251457,False,gas_or_oil,False,False,hydronic_assumed,375.1958593751374,0.3927886633360209,1.0,375.1958593751374,0.37936891746727747,insufficient data: only 1 year of LL84 records,excluded,,
31977680,165 Perry Street,1006370077,Multifamily Housing,877,40.734687,-74.009403,"2023,2024",2,39750.0,22.0,0.0,440.4542659713459,0.0,440.4542659713459,437.74145390197714,443.1670780407146,True,gas_or_oil,True,False,hydronic_assumed,374.386126075644,0.4710813562206417,1.0,374.386126075644,0.4038685286684401,heat demand below 2 GWh/yr (too small for a street connection),excluded,,
53053995,MQ Property Management:114 WEST 17 STREET,1007927505,Retail Store,596,40.739582,-73.996207,2024,1,31560.0,18.09,0.0,438.4401352581458,0.0,438.4401352581458,438.4401352581458,438.4401352581458,False,gas_or_oil,False,False,hydronic_assumed,372.6741149694239,0.3927886633360209,1.0,372.6741149694239,0.5768949148133496,insufficient data: only 1 year of LL84 records,excluded,,
33922209,233-235 West 26th Street,1007760017,Multifamily Housing,877,40.74657,-73.995579,"2023,2024",2,47433.0,20.0,0.0,438.24963908301595,0.0,438.24963908301595,386.26030217968656,490.2389759863453,False,gas_or_oil,True,False,hydronic_assumed,372.5121932205636,0.43041013087902874,1.0,372.5121932205636,0.4018470261279003,heat demand below 2 GWh/yr (too small for a street connection),excluded,,
6600357,Andrews: 9 W 20th St,1008227503,Multifamily Housing,969,40.739963,-73.991606,"2022,2023,2024",3,27379.0,11.0,0.0,437.33633203620093,0.0,437.33633203620093,413.89927500086463,468.1809549543952,True,gas_or_oil,True,False,hydronic_assumed,371.73588223077076,0.23721993551381146,1.0,371.73588223077076,0.36480459492715483,heat demand below 2 GWh/yr (too small for a street connection),excluded,,
6707599,450 Village Company: 450 6th Avenue,1005740005,Multifamily Housing,826,40.73513,-73.998452,2024,1,49690.0,34.0,0.0,436.3830696377818,0.0,436.3830696377818,436.3830696377818,436.3830696377818,False,gas_or_oil,True,False,hydronic_assumed,370.9256091921145,0.6,1.0,370.9256091921145,0.4234310607215919,insufficient data: only 1 year of LL84 records,excluded,,
6640510,575 6th Avenue,1007920033,Multifamily Housing,661,40.738777,-73.995821,"2023,2024",2,32950.0,16.0,0.0,4.800357077753505,429.77403929848174,434.5743963762353,421.7483035582928,447.4004891941778,False,gas_or_oil,True,False,hydronic_assumed,369.3882369198,0.3472401247534206,1.0,369.3882369198,0.5195333852599157,heat demand below 2 GWh/yr (too small for a street connection),excluded,,
14910017,Andrews: 147 W 15th St,1007910013,Multifamily Housing,505,40.738747,-73.997986,"2022,2023,2024",3,60954.0,13.0,0.0,433.33436885100326,0.0,433.33436885100326,11.634920234855407,651.0440362681272,False,gas_or_oil,True,False,hydronic_assumed,368.3342135233528,0.28293995064391564,1.0,368.3342135233528,0.6636652495916266,heat demand below 2 GWh/yr (too small for a street connection),excluded,,
2799290,17 West 17th Street,1008190027,Office,897,40.738283,-73.993072,2024,1,53064.0,11.0,0.0,427.6011959642946,0.0,427.6011959642946,427.6011959642946,427.6011959642946,True,gas_or_oil,False,False,hydronic_assumed,363.46101656965044,0.3927886633360209,1.0,363.46101656965044,0.38380255181589273,insufficient data: only 1 year of LL84 records,excluded,,
3513340,AKAM - 137-139 West 25th Street,1008017501,Office,923,40.744681,-73.99302,"2023,2024",2,84775.0,,0.0,0.0,426.4778839802095,426.4778839802095,375.4519888093755,477.5037791510436,True,gas_or_oil,False,False,hydronic_assumed,362.5062013831781,0.3927886633360209,1.0,362.5062013831781,0.3725654690474595,heat demand below 2 GWh/yr (too small for a street connection),excluded,,
33881135,146 West 22nd Street,1007977505,Multifamily Housing,691,40.742801,-73.994655,"2023,2024",2,40729.0,12.0,0.0,424.65568549022873,0.0,424.65568549022873,350.85058007550685,498.4607909049506,True,gas_or_oil,True,False,hydronic_assumed,360.9573326666944,0.26651297645666155,1.0,360.9573326666944,0.48712190643278597,heat demand below 2 GWh/yr (too small for a street connection),excluded,,
4335590,401 West 22nd Street,1007200045,Multifamily Housing,542,40.745916,-74.002007,"2022,2023,2024",3,58394.0,57.0,0.0,420.19431391386024,0.0,420.19431391386024,389.1880818559134,437.1515019011519,False,gas_or_oil,True,False,hydronic_assumed,357.1651668267812,0.6,1.0,357.1651668267812,0.6033195385587521,heat demand below 2 GWh/yr (too small for a street connection),excluded,,
3542194,140 West 22nd Street,1007977507,Multifamily Housing,703,40.742749,-73.994533,2024,1,67132.0,52.0,0.0,416.0430603415684,0.0,416.0430603415684,416.0430603415684,416.0430603415684,False,gas_or_oil,True,False,hydronic_assumed,353.6366012903331,0.6,1.0,353.6366012903331,0.46963692070429364,insufficient data: only 1 year of LL84 records,excluded,,
6598605,"WEST END ESTATES, LLC",1008020071,Multifamily Housing,999,40.746056,-73.992497,"2022,2023,2024",3,30160.0,12.0,0.0,2.497649081818205,411.943055124904,414.44070420672216,403.34487837844966,428.4386757643733,True,gas_or_oil,True,False,hydronic_assumed,352.2745985757138,0.27308188978656095,1.0,352.2745985757138,0.3358194457347129,heat demand below 2 GWh/yr (too small for a street connection),excluded,,
6294571,126 West 11th Street,1006060047,Multifamily Housing,703,40.735769,-73.999195,2023,1,29624.0,28.0,0.0,410.027191130967,0.0,410.027191130967,410.027191130967,410.027191130967,False,gas_or_oil,True,False,hydronic_assumed,348.52311246132194,0.6,1.0,348.52311246132194,0.4628460988862177,insufficient data: only 1 year of LL84 records,excluded,,
4408617,114 West 26th Street,1008010051,Office,996,40.745096,-73.992133,2024,1,97419.0,,0.0,0.5931757822505629,404.4380333526565,405.0312091349071,405.0312091349071,405.0312091349071,False,gas_or_oil,False,False,hydronic_assumed,344.276527764671,0.3927886633360209,1.0,344.276527764671,0.329136259813261,insufficient data: only 1 year of LL84 records,excluded,,
31978251,234 West 21st Street,1007700059,Multifamily Housing,468,40.743328,-73.997828,"2023,2024",2,32718.0,36.0,0.0,14.324872763208564,389.4859739131607,403.81084667636924,377.9635783035993,429.6581150491392,True,gas_or_oil,True,False,hydronic_assumed,343.23921967491384,0.6,1.0,343.23921967491384,0.6626239762063973,heat demand below 2 GWh/yr (too small for a street connection),excluded,,
2637906,167 Housing Corporation (167 Perry Street),1006370081,Multifamily Housing,895,40.734676,-74.009483,2024,1,60393.0,75.0,0.0,403.53944824101694,0.0,403.53944824101694,403.53944824101694,403.53944824101694,False,gas_or_oil,True,False,hydronic_assumed,343.0085310048644,0.6,1.0,343.0085310048644,0.362971990481338,insufficient data: only 1 year of LL84 records,excluded,,
10063226,Andrews: 130 West 17 St,1007927503,Multifamily Housing,540,40.739793,-73.996709,"2022,2023,2024",3,46010.0,14.0,0.0,1.5505411752109575,401.8361291333518,403.38667030856277,346.11865508528075,434.7145869075789,False,gas_or_oil,True,False,hydronic_assumed,342.8786697622783,0.3273260344963432,1.0,342.8786697622783,0.5811502877326751,heat demand below 2 GWh/yr (too small for a street connection),excluded,,
23380325,OLD WARREN ROAD HOUSE INC,1007930014,Multifamily Housing,532,40.739938,-73.997008,"2022,2023,2024",3,32862.0,13.0,0.0,7.7610095554835254,394.0817332143074,401.84274276979096,367.8494036883576,420.1323098511141,False,gas_or_oil,True,False,hydronic_assumed,341.5663313543223,0.3051133985646098,1.0,341.5663313543223,0.5868837308493511,heat demand below 2 GWh/yr (too small for a street connection),excluded,,
6295276,Sam Sasson & Joseph Sasson,1006090033,Multifamily Housing,641,40.737619,-73.997474,2022,1,26500.0,9.0,0.0,77.25352579113061,323.9507617209366,401.20428751206725,401.20428751206725,401.20428751206725,False,gas_or_oil,True,False,hydronic_assumed,341.02364438525717,0.21156849683312656,1.0,341.02364438525717,0.49352191662121153,insufficient data: only 1 year of LL84 records,excluded,,
2814189,410 West 13th Street,1006450035,Office,323,40.74049,-74.006427,2024,1,74084.0,,0.0,400.2353946582528,0.0,400.2353946582528,400.2353946582528,400.2353946582528,True,gas_or_oil,False,False,hydronic_assumed,340.20008545951487,0.3927886633360209,1.0,340.20008545951487,0.9120645722775198,insufficient data: only 1 year of LL84 records,excluded,,
54460592,540 6th Avenue,1008167504,Multifamily Housing,717,40.737504,-73.996723,2024,1,83872.0,50.0,0.0,396.1928020580621,0.0,396.1928020580621,396.1928020580621,396.1928020580621,True,gas_or_oil,True,False,hydronic_assumed,336.7638817493528,0.6,1.0,336.7638817493528,0.43906633865626177,insufficient data: only 1 year of LL84 records,excluded,,
6303085,250 West 16th Street,1007650070,Multifamily Housing,196,40.740465,-74.000119,2024,1,49816.0,46.0,0.0,392.5067889906106,0.0,392.5067889906106,392.5067889906106,392.5067889906106,True,gas_or_oil,True,False,hydronic_assumed,333.630770642019,0.6,1.0,333.630770642019,1.3562226448862562,insufficient data: only 1 year of LL84 records,excluded,,
34705250,EK 17 Street LLC,1007660061,Medical Office,289,40.740899,-73.999325,2023,1,53168.0,,0.0,0.0,392.3048923520768,392.3048923520768,392.3048923520768,392.3048923520768,False,gas_or_oil,False,False,hydronic_assumed,333.4591584992653,0.3927886633360209,1.0,333.4591584992653,0.9836553348060924,insufficient data: only 1 year of LL84 records,excluded,,
6826591,EK 17 Street LLC,1007660061,Medical Office,289,40.740899,-73.999325,2022,1,53168.0,,0.0,0.0,392.3048923520768,392.3048923520768,392.3048923520768,392.3048923520768,False,gas_or_oil,False,False,hydronic_assumed,333.4591584992653,0.3927886633360209,1.0,333.4591584992653,0.9836553348060924,insufficient data: only 1 year of LL84 records,excluded,,
24241109,135 West 18 Street,1007940017,Office,582,40.740339,-73.996128,2022,1,52500.0,,0.0,391.5136005476912,0.0,391.5136005476912,391.5136005476912,391.5136005476912,False,gas_or_oil,False,False,hydronic_assumed,332.78656046553755,0.3927886633360209,1.0,332.78656046553755,0.5265610133948379,insufficient data: only 1 year of LL84 records,excluded,,
16756678,54 WEST 13 STREET,1005760014,Hotel,801,40.736024,-73.995829,"2022,2023,2024",3,46020.0,,0.0,390.9745354482122,0.0,390.9745354482122,250.9883820778854,653.5191091109339,False,gas_or_oil,False,False,hydronic_assumed,332.32835513098036,0.3927886633360209,1.0,332.32835513098036,0.3905151059118453,heat demand below 2 GWh/yr (too small for a street connection),excluded,,
30930844,54 - Notre Dame School,1006290055,K-12 School,194,40.73965,-74.004384,"2023,2024",2,38387.0,,0.0,390.40957263795,0.0,390.40957263795,368.2302788102019,412.5888664656981,False,gas_or_oil,False,False,hydronic_assumed,331.8481367422575,0.3927886633360209,1.0,331.8481367422575,1.360033347304334,heat demand below 2 GWh/yr (too small for a street connection),excluded,,
4372134,Brodsky - 445-455 West 20th Street,1007187503,Multifamily Housing,488,40.745184,-74.004006,2024,1,70000.0,21.0,0.0,387.8824503786771,0.0,387.8824503786771,387.8824503786771,387.8824503786771,False,gas_or_oil,True,False,hydronic_assumed,329.7000828218755,0.5106145909613089,1.0,329.7000828218755,0.6128254327544155,insufficient data: only 1 year of LL84 records,excluded,,
6301459,Andrews: 12 W 17th St,1008180058,Multifamily Housing,912,40.738212,-73.992949,"2022,2023,2024",3,32508.0,11.0,0.0,11.690017590123743,376.09636410208014,387.786381692204,369.0782505534647,416.99882361285086,True,gas_or_oil,True,False,hydronic_assumed,329.6184244383734,0.26753104642498615,1.0,329.6184244383734,0.34263869484238396,heat demand below 2 GWh/yr (too small for a street connection),excluded,,
36304624,11 West 17th Street,1008190031,Multifamily Housing,925,40.738225,-73.992931,2024,1,27610.0,12.0,0.0,386.5070386871356,0.0,386.5070386871356,386.5070386871356,386.5070386871356,False,gas_or_oil,True,False,hydronic_assumed,328.5309828840653,0.29281808448734914,1.0,328.5309828840653,0.33695485424006694,insufficient data: only 1 year of LL84 records,excluded,,
6898232,65 Bank Street,1006240060,Multifamily Housing,503,40.736746,-74.004428,"2022,2023,2024",3,25614.0,35.0,0.0,385.6006969620061,0.0,385.6006969620061,376.3688615538275,392.3192528329712,False,gas_or_oil,True,False,hydronic_assumed,327.7605924177052,0.6,1.0,327.7605924177052,0.5926954654931378,heat demand below 2 GWh/yr (too small for a street connection),excluded,,
35868829,2 Gansevoort,1006270043,Office,266,,,2024,1,241313.0,,0.0,385.4364208758018,0.0,385.4364208758018,385.4364208758018,385.4364208758018,False,gas_or_oil,False,False,hydronic_assumed,327.6209577444315,0.3927886633360209,1.0,327.6209577444315,1.0367751827355427,insufficient data: only 1 year of LL84 records,excluded,,
4408958,135 West 18th Street,1007940017,Office,582,40.740339,-73.996128,"2023,2024",2,52500.0,,0.0,384.1302618706959,0.0,384.1302618706959,353.84430073543245,414.41622300595935,False,gas_or_oil,False,False,hydronic_assumed,326.5107225900915,0.3927886633360209,1.0,326.5107225900915,0.5166308901741954,heat demand below 2 GWh/yr (too small for a street connection),excluded,,
6456870,245 10th Avenue,1006967502,Multifamily Housing,835,40.748645,-74.00349,"2023,2024",2,57388.0,18.0,0.0,383.6247143290051,0.0,383.6247143290051,376.0089703183514,391.2404583396588,True,gas_or_oil,True,False,hydronic_assumed,326.0810071796543,0.4425272140268666,1.0,326.0810071796543,0.3684531154572365,heat demand below 2 GWh/yr (too small for a street connection),excluded,,
6787440,Marbrose: 50 Bank St.,1006247502,Multifamily Housing,508,40.736771,-74.004251,"2022,2023,2024",3,29369.0,15.0,0.0,381.0271280230034,0.0,381.0271280230034,225.94692717946677,635.2607834023321,True,gas_or_oil,True,False,hydronic_assumed,323.8730588195529,0.3712867220782641,1.0,323.8730588195529,0.5804176681353995,heat demand below 2 GWh/yr (too small for a street connection),excluded,,
4414278,Century - 607 Hudson Street / 320 West 12th Street,1006247505,Multifamily Housing,505,40.737427,-74.005727,"2023,2024",2,58367.0,9.0,0.0,378.3910517205908,0.0,378.3910517205908,347.95826199495804,408.8238414462235,True,gas_or_oil,True,False,hydronic_assumed,321.63239396250214,0.2243239834715008,1.0,321.63239396250214,0.5795178269594633,heat demand below 2 GWh/yr (too small for a street connection),excluded,,
5218337,Merchants: 213 West 23rd St,1007737502,Multifamily Housing,700,40.744388,-73.996308,2024,1,70260.0,12.0,0.0,378.04991703158896,0.0,378.04991703158896,378.04991703158896,378.04991703158896,True,gas_or_oil,True,False,hydronic_assumed,321.3424294768506,0.29936853735584357,1.0,321.3424294768506,0.42845657263580084,insufficient data: only 1 year of LL84 records,excluded,,
6582036,Orsid - 155 West 15th Street,1007910009,Multifamily Housing,484,40.738831000000005,-73.998185,"2023,2024",2,49875.0,40.0,0.0,375.58094006638646,0.0,375.58094006638646,217.4320412222,533.7298389105729,True,gas_or_oil,True,False,hydronic_assumed,319.2437990564285,0.6,1.0,319.2437990564285,0.5978348296936863,heat demand below 2 GWh/yr (too small for a street connection),excluded,,
6600340,AAG: 229 9th Ave,1007220037,Multifamily Housing,697,40.74719,-74.000826,"2022,2023,2024",3,26919.0,21.0,0.0,374.17913244329617,0.0,374.17913244329617,171.23759796632146,557.7141865725401,False,gas_or_oil,True,False,hydronic_assumed,318.05226257680175,0.529314495567688,1.0,318.05226257680175,0.42577277453387113,heat demand below 2 GWh/yr (too small for a street connection),excluded,,
6352413,205 West 13th Street,1006180042,Multifamily Housing,406,40.73805,-74.000599,"2023,2024",2,26700.0,55.0,0.0,372.75177879466924,0.0,372.75177879466924,367.3367052133235,378.1668523760149,False,gas_or_oil,True,False,hydronic_assumed,316.83901197546885,0.6,1.0,316.83901197546885,0.6948223946830457,heat demand below 2 GWh/yr (too small for a street connection),excluded,,
55272692,121 West 20th Street,1007967502,Multifamily Housing,703,40.741409,-73.995038,2024,1,57280.0,31.0,0.0,366.6063721849794,0.0,366.6063721849794,366.6063721849794,366.6063721849794,False,gas_or_oil,True,False,hydronic_assumed,311.6154163572325,0.6,1.0,311.6154163572325,0.4138318942327125,insufficient data: only 1 year of LL84 records,excluded,,
6773430,78 Fifth Avenue,1005770041,Office,980,40.738596,-73.991744,2024,1,32100.0,,0.0,364.34298455339786,0.0,364.34298455339786,364.34298455339786,364.34298455339786,True,gas_or_oil,False,False,hydronic_assumed,309.6915368703882,0.3927886633360209,1.0,309.6915368703882,0.30067139501979434,insufficient data: only 1 year of LL84 records,excluded,,
14255509,209 West 14 Street,1007647504,Multifamily Housing,370,40.738808,-74.000267,"2022,2023,2024",3,36800.0,21.0,0.0,364.31308153841974,0.0,364.31308153841974,333.0752354386189,385.1348800841231,True,gas_or_oil,True,False,hydronic_assumed,309.66611930765674,0.5436489897777431,1.0,309.66611930765674,0.7373002840658494,heat demand below 2 GWh/yr (too small for a street connection),excluded,,
6600362,M. MEILMAN: 421 W 13TH ST,1006460057,Manufacturing/Industrial Plant,319,40.740668,-74.00681,"2022,2023,2024",3,48175.0,,0.0,363.910714540407,0.0,363.910714540407,345.2836956961346,387.4985859322385,False,gas_or_oil,False,False,hydronic_assumed,309.32410735934593,0.3927886633360209,1.0,309.32410735934593,0.8382767137109646,heat demand below 2 GWh/yr (too small for a street connection),excluded,,
9640050,524 West 19th Street,1006907502,Multifamily Housing,586,40.74562,-74.0069,"2022,2023,2024",3,33183.0,9.0,0.0,363.8026592484525,0.0,363.8026592484525,349.7333932761298,389.6669599330861,False,gas_or_oil,True,False,hydronic_assumed,309.2322603611846,0.23331931714651055,1.0,309.2322603611846,0.4862142458509192,heat demand below 2 GWh/yr (too small for a street connection),excluded,,
5868058,The Kimberly Condominium,1006207501,Multifamily Housing,823,40.734273,-74.006195,2024,1,74866.0,22.0,0.0,363.5766037872984,0.0,363.5766037872984,363.5766037872984,363.5766037872984,False,gas_or_oil,True,False,hydronic_assumed,309.0401132192036,0.570690717734785,1.0,309.0401132192036,0.3539978387390648,insufficient data: only 1 year of LL84 records,excluded,,
7523696,Loria: 15 West 17th Street,1008197504,Multifamily Housing,909,40.738264,-73.993025,2024,1,26180.0,20.0,0.0,362.0485313917182,0.0,362.0485313917182,362.0485313917182,362.0485313917182,False,gas_or_oil,True,False,hydronic_assumed,307.74125168296047,0.5209994466496621,1.0,307.74125168296047,0.32089807266210685,insufficient data: only 1 year of LL84 records,excluded,,
21815773,249-257 West 24th Street,1007740008,Residential Care Facility,712,40.745373,-73.996597,2023,1,59250.0,,0.0,20.97187045556721,339.3801606146521,360.3520310702193,360.3520310702193,360.3520310702193,False,gas_or_oil,False,False,hydronic_assumed,306.2992264096864,0.3927886633360209,1.0,306.2992264096864,0.4019674887266226,insufficient data: only 1 year of LL84 records,excluded,,
24312274,The Board of Managers of 128 West 23rd Street Condo (128 W 23rd St),1007987508,Multifamily Housing,794,40.74332,-73.993804,2024,1,54455.0,30.0,0.0,359.5670989073725,0.0,359.5670989073725,359.5670989073725,359.5670989073725,True,gas_or_oil,True,False,hydronic_assumed,305.6320340712666,0.6,1.0,305.6320340712666,0.3621232631176145,insufficient data: only 1 year of LL84 records,excluded,,
44408395,JM - 135 W 17th street,1007930017,Multifamily Housing,551,40.739861,-73.996821,2024,1,31980.0,14.0,0.0,357.07277129732586,0.0,357.07277129732586,357.07277129732586,357.07277129732586,False,gas_or_oil,True,False,hydronic_assumed,303.511855602727,0.36978165173742683,1.0,303.511855602727,0.5050114069928902,insufficient data: only 1 year of LL84 records,excluded,,
6168896,141 West 13th Street,1006090065,Multifamily Housing,553,40.737196,-73.998575,"2023,2024",2,28200.0,15.0,0.0,356.4820866189039,0.0,356.4820866189039,343.60996699433963,369.3542062434682,True,gas_or_oil,True,False,hydronic_assumed,303.0097736260683,0.3968511145352289,1.0,303.0097736260683,0.5025037705241597,heat demand below 2 GWh/yr (too small for a street connection),excluded,,
6382103,209 West 13th Street,1006180044,Multifamily Housing,392,40.738102,-74.000718,"2022,2023,2024",3,27075.0,36.0,0.0,355.72298378359795,0.0,355.72298378359795,6.54867235888776,714.9136817869831,False,gas_or_oil,True,False,hydronic_assumed,302.36453621605824,0.6,1.0,302.36453621605824,0.6840826611223038,heat demand below 2 GWh/yr (too small for a street connection),excluded,,
24896821,434 6th Avenue,1005730006,Fitness Center/Health Club/Gym,856,40.734583,-73.998849,"2023,2024",2,31170.0,,0.0,351.9471200202102,0.0,351.9471200202102,282.4111657721162,421.4830742683042,True,gas_or_oil,False,False,hydronic_assumed,299.15505201717866,0.3927886633360209,1.0,299.15505201717866,0.3301932141469963,heat demand below 2 GWh/yr (too small for a street connection),excluded,,
6262541,400 West 25th Street,1007220043,Multifamily Housing,742,40.747794,-74.00048,"2022,2023,2024",3,38588.0,39.0,0.0,27.767308629007818,322.59190854307946,350.3592171720872,76.44113287196137,496.5156198071476,False,gas_or_oil,True,False,hydronic_assumed,297.8053345962741,0.6,1.0,297.8053345962741,0.37601683661145724,heat demand below 2 GWh/yr (too small for a street connection),excluded,,
6382100,190 Waverly Place,1006110027,Multifamily Housing,755,40.734638,-74.001443,"2022,2023,2024",3,25075.0,30.0,0.0,349.6497703397651,0.0,349.6497703397651,331.2532127912613,369.8263436867516,False,gas_or_oil,True,False,hydronic_assumed,297.20230478880035,0.6,1.0,297.20230478880035,0.3691954096755284,heat demand below 2 GWh/yr (too small for a street connection),excluded,,
20579817,131 PERRY ST : 131 Perry Street,1006330028,Multifamily Housing,788,40.734943,-74.007516,"2022,2023",2,32900.0,14.0,0.0,348.19682182042834,0.0,348.19682182042834,310.4776999315972,385.91594370925947,False,gas_or_oil,True,False,hydronic_assumed,295.96729854736407,0.3792078240992119,1.0,295.96729854736407,0.3531829338274034,heat demand below 2 GWh/yr (too small for a street connection),excluded,,
11656102,Andrews: 221 W 17th St.,1007677506,Multifamily Housing,348,40.740828,-73.999112,"2022,2023,2024",3,41148.0,12.0,0.0,347.8651630950099,0.0,347.8651630950099,223.1442888367483,563.4753770505448,False,gas_or_oil,True,False,hydronic_assumed,295.68538863075844,0.3253451702444081,1.0,295.68538863075844,0.742928112137584,heat demand below 2 GWh/yr (too small for a street connection),excluded,,
26565549,505 West 19th Street,1006917502,Multifamily Housing,540,40.745425,-74.006395,2024,1,118784.0,35.0,0.0,345.1037500783965,0.0,345.1037500783965,345.1037500783965,345.1037500783965,True,gas_or_oil,True,False,hydronic_assumed,293.33818756663703,0.6,1.0,293.33818756663703,0.4971833687570119,insufficient data: only 1 year of LL84 records,excluded,,
6250162,6 West 20th Street,1008210049,Multifamily Housing,965,40.739911,-73.991527,2024,1,49032.0,10.0,338.01181193514225,6.854638523250205,0.0,344.8664504583925,344.8664504583925,344.8664504583925,False,steam,True,False,steam_radiators,265.5471668529622,0.3018917952283705,0.3018917952283705,80.1665109190484,0.07898178415669793,insufficient data: only 1 year of LL84 records,excluded,,
30731787,523 West 24 Street,1006960020,Office,855,40.748845,-74.004829,"2023,2024",2,27086.0,,0.0,336.9944744386371,0.0,336.9944744386371,284.0227634137149,389.96618546355927,True,gas_or_oil,False,False,hydronic_assumed,286.4453032728415,0.3927886633360209,1.0,286.4453032728415,0.3165141472628083,heat demand below 2 GWh/yr (too small for a street connection),excluded,,
5990066,Halstead - 124 West 23rd Street,1007987507,Multifamily Housing,805,40.743287,-73.993724,"2023,2024",2,58905.0,29.0,0.0,336.0799609160463,0.0,336.0799609160463,308.83946213258423,363.3204596995084,False,gas_or_oil,True,False,hydronic_assumed,285.6679667786393,0.6,1.0,285.6679667786393,0.3341145810276483,heat demand below 2 GWh/yr (too small for a street connection),excluded,,
3962142,25 West 14th Street,1008160023,Retail Store,876,40.73642133333333,-73.99458766666667,"2022,2023,2024",3,46684.0,,0.0,335.71434014176435,0.0,335.71434014176435,200.2182206953873,493.3557864825087,False,gas_or_oil,False,False,hydronic_assumed,285.3571891204997,0.3927886633360209,1.0,285.3571891204997,0.30816111136123076,heat demand below 2 GWh/yr (too small for a street connection),excluded,,
12077431,ROBERTO LOPEZ,1006460018,Office,353,40.74172,-74.007214,"2022,2023",2,31000.0,,0.0,332.046263021879,0.0,332.046263021879,298.7208621446587,365.3716638990992,False,gas_or_oil,False,False,hydronic_assumed,282.2393235685971,0.3927886633360209,1.0,282.2393235685971,0.7003457160511095,heat demand below 2 GWh/yr (too small for a street connection),excluded,,
2659137,247 West 12th St,1006150086,Multifamily Housing,389,,,"2022,2023",2,68294.0,24.0,0.0,331.58789991741264,0.0,331.58789991741264,310.5234190136284,352.6523808211968,False,gas_or_oil,True,False,hydronic_assumed,281.8497149298007,0.6,1.0,281.8497149298007,0.6420266854892954,heat demand below 2 GWh/yr (too small for a street connection),excluded,,
6682172,495 West Street,1006417502,Multifamily Housing,659,40.737857,-74.009941,"2023,2024",2,35352.0,9.0,0.0,331.05480369808765,0.0,331.05480369808765,330.15009340174004,331.9595139944352,False,gas_or_oil,True,False,hydronic_assumed,281.39658314337447,0.2563992036476948,1.0,281.39658314337447,0.3968922188199922,heat demand below 2 GWh/yr (too small for a street connection),excluded,,
44408194,JM - 131 Perry Street,1006330028,Multifamily Housing,788,40.734943,-74.007516,2024,1,33250.0,14.0,0.0,330.37605117254793,0.0,330.37605117254793,330.37605117254793,330.37605117254793,False,gas_or_oil,True,False,hydronic_assumed,280.8196434966657,0.3996626229176178,1.0,280.8196434966657,0.33510697314637916,insufficient data: only 1 year of LL84 records,excluded,,
9469621,23rd Street: 241 W 23,1007730022,Multifamily Housing,663,40.744626,-73.996878,"2022,2023,2024",3,28108.0,25.0,0.0,329.124637837464,0.0,329.124637837464,314.6730118500344,337.6178365378698,True,gas_or_oil,True,False,hydronic_assumed,279.75594216184436,0.6,1.0,279.75594216184436,0.3923645752620538,heat demand below 2 GWh/yr (too small for a street connection),excluded,,
20662119,AKAM - 514 West 24th Street,1006957511,Multifamily Housing,815,40.748771,-74.004695,"2023,2024",2,67162.5,14.0,0.0,327.3089162174376,0.0,327.3089162174376,306.00162595812253,348.6162064767527,True,gas_or_oil,True,False,hydronic_assumed,278.21257878482197,0.4034077674592573,1.0,278.21257878482197,0.32163303905759766,heat demand below 2 GWh/yr (too small for a street connection),excluded,,
2646584,3620 Company (BBL) 1008210064 (BIN) 1015484,1008210064,Office,858,40.740207,-73.992231,"2022,2023,2024",3,53540.0,,0.0,1.8847398496311119,319.51143885570997,321.39617870534113,244.2883678346329,373.844933768876,True,gas_or_oil,False,False,hydronic_assumed,273.18675189953996,0.3927886633360209,1.0,273.18675189953996,0.30086646684971363,heat demand below 2 GWh/yr (too small for a street connection),excluded,,
6811135,Century - 147 Waverly Place,1005937502,Multifamily Housing,894,40.733345,-74.000898,"2023,2024",2,46264.0,18.0,0.0,321.1034300448223,0.0,321.1034300448223,313.13731960744894,329.06954048219563,False,gas_or_oil,True,False,hydronic_assumed,272.93791553809893,0.5286906341678446,1.0,272.93791553809893,0.28912914781578275,heat demand below 2 GWh/yr (too small for a street connection),excluded,,
55096192,MILTAN MANAGEMENT CORP:133 WEST 19 STREET,1007950020,Office,618,40.740904,-73.995666,2024,1,35535.0,,0.0,0.0,320.2623161638642,320.2623161638642,320.2623161638642,320.2623161638642,False,gas_or_oil,False,False,hydronic_assumed,272.22296873928457,0.3927886633360209,1.0,272.22296873928457,0.40751941428036614,insufficient data: only 1 year of LL84 records,excluded,,
20652431,22 West 19th Street,1008200026,Office,896,40.73948,-73.992332,"2022,2023,2024",3,191400.0,,0.0,319.4245628308161,0.0,319.4245628308161,0.0395645902192816,958.1664244922983,False,gas_or_oil,False,False,hydronic_assumed,271.5108784061937,0.3927886633360209,1.0,271.5108784061937,0.2870093852073929,heat demand below 2 GWh/yr (too small for a street connection),excluded,,
6078748,14 West 14th Street Condominium (14 West 14th Street),1005777504,Multifamily Housing,918,40.736321,-73.994389,2024,1,40805.0,30.0,0.0,318.4340217962793,0.0,318.4340217962793,318.4340217962793,318.4340217962793,False,gas_or_oil,True,False,hydronic_assumed,270.6689185268374,0.6,1.0,270.6689185268374,0.2796166513706998,insufficient data: only 1 year of LL84 records,excluded,,
33541056,"Halstead - 247 West 12th Street NY, NY 10014",1006150086,Multifamily Housing,389,40.737638,-74.002493,2024,1,57990.0,24.0,0.0,317.7265190018469,0.0,317.7265190018469,317.7265190018469,317.7265190018469,True,gas_or_oil,True,False,hydronic_assumed,270.06754115156986,0.6,1.0,270.06754115156986,0.6151880208464006,insufficient data: only 1 year of LL84 records,excluded,,
10773088,Hope for Families and Children Foundation,1007910016,Office,521,40.7387,-73.997875,"2022,2023,2024",3,27353.0,,0.0,46.3703835694216,267.52901842889304,313.89940199831466,288.95298026869926,348.6225954253956,False,gas_or_oil,False,False,hydronic_assumed,266.81449169856745,0.3927886633360209,1.0,266.81449169856745,0.46727581733549467,heat demand below 2 GWh/yr (too small for a street connection),excluded,,
2829947,Majestic Rayon: 116 West 23rd Street,1007980041,Retail Store,828,40.743218,-73.993562,2024,1,180000.0,,0.0,312.31554841504254,0.0,312.31554841504254,312.31554841504254,312.31554841504254,True,gas_or_oil,False,False,hydronic_assumed,265.46821615278617,0.3927886633360209,1.0,265.46821615278617,0.3023555992628544,insufficient data: only 1 year of LL84 records,excluded,,
4410715,33 West 19th Street - 41708,1008210021,Office,881,40.739609,-73.992588,2024,1,56470.0,,0.0,312.11626010875284,0.0,312.11626010875284,312.11626010875284,312.11626010875284,False,gas_or_oil,False,False,hydronic_assumed,265.2988210924399,0.3927886633360209,1.0,265.2988210924399,0.28496113973409226,insufficient data: only 1 year of LL84 records,excluded,,
21355487,NYPL_4611_Jefferson Market Branch Library,1006060001,Library,828,40.734323,-73.999065,"2022,2023,2024",3,18643.0,,0.0,310.37815346879864,0.0,310.37815346879864,279.2729610901305,346.730294342967,False,gas_or_oil,False,False,hydronic_assumed,263.82143044847885,0.3927886633360209,1.0,263.82143044847885,0.3004799891212743,heat demand below 2 GWh/yr (too small for a street connection),excluded,,
6333453,Eagle Point - 513-519 West 20th Street,1006920023,Office,613,40.746202,-74.006428,"2022,2023,2024",3,83250.0,,0.0,0.0,309.47599289048736,309.47599289048736,275.0299665137032,374.5743289698964,False,gas_or_oil,False,False,hydronic_assumed,263.05459395691423,0.3927886633360209,1.0,263.05459395691423,0.3967640934493427,heat demand below 2 GWh/yr (too small for a street connection),excluded,,
24896802,125 Christopher Street,1006190001,Multifamily Housing,928,40.733142,-74.005943,"2023,2024",2,37721.0,47.0,0.0,308.1086601905783,0.0,308.1086601905783,53.28881388875375,562.9285064924028,False,gas_or_oil,True,False,hydronic_assumed,261.8923611619915,0.6,1.0,261.8923611619915,0.2677836003701345,heat demand below 2 GWh/yr (too small for a street connection),excluded,,
43061592,JM - 12 W 18th Street,1008197501,Multifamily Housing,901,40.738802,-73.992519,2024,1,36729.0,14.0,0.0,303.7399967527729,0.0,303.7399967527729,303.7399967527729,303.7399967527729,False,gas_or_oil,True,False,hydronic_assumed,258.178997239857,0.4347104779495267,1.0,258.178997239857,0.2714815954152019,insufficient data: only 1 year of LL84 records,excluded,,
4952798,AKAM - 151 West 21st Street,1007977508,Multifamily Housing,666,40.742233,-73.995175,"2023,2024",2,64110.0,50.0,0.0,297.88517007791586,0.0,297.88517007791586,295.92760207517745,299.8427380806543,False,gas_or_oil,True,False,hydronic_assumed,253.20239456622846,0.6,1.0,253.20239456622846,0.353634629282442,heat demand below 2 GWh/yr (too small for a street connection),excluded,,
6667546,AKAM - 515 West 23rd Street,1006957507,Multifamily Housing,770,40.748079,-74.005074,"2023,2024",2,39550.0,11.0,0.0,292.18539263606266,0.0,292.18539263606266,281.8927524118281,302.4780328602972,False,gas_or_oil,True,False,hydronic_assumed,248.35758374065324,0.35506530818498494,1.0,248.35758374065324,0.3028751021227479,heat demand below 2 GWh/yr (too small for a street connection),excluded,,
6225126,321 WEST 13th   STREET - 40440,1006297501,Multifamily Housing,193,40.739571,-74.0042,2024,1,33343.0,21.0,0.0,289.6271608860358,0.0,289.6271608860358,289.6271608860358,289.6271608860358,True,gas_or_oil,True,False,hydronic_assumed,246.18308675313045,0.6,1.0,246.18308675313045,1.013099122440866,insufficient data: only 1 year of LL84 records,excluded,,
6811976,AKAM - 447 West 18th Street,1007167503,Multifamily Housing,401,40.74413,-74.005135,"2023,2024",2,70815.0,47.0,0.0,289.14388674328325,0.0,289.14388674328325,268.4724141023439,309.8153593842226,False,gas_or_oil,True,False,hydronic_assumed,245.77230373179074,0.6,1.0,245.77230373179074,0.5449496756802455,heat demand below 2 GWh/yr (too small for a street connection),excluded,,
2539063,Winter Management - 26 WEST 17 STREET,1008180066,Office,848,40.738349,-73.993277,"2022,2024",2,107967.0,,0.0,0.1450701641373659,288.95075292880546,289.0958230929428,0.1436048089440592,578.0480413769416,True,gas_or_oil,False,False,hydronic_assumed,245.73144962900136,0.3927886633360209,1.0,245.73144962900136,0.27364303967594805,heat demand below 2 GWh/yr (too small for a street connection),excluded,,
20313612,CFA - 40 West 15th Street,1008160063,Multifamily Housing,815,40.73743,-73.994898,"2023,2024",2,31500.0,13.0,0.0,10.031382046819857,278.8944012294916,288.92578327631145,281.03648675817124,296.81507979445166,False,gas_or_oil,True,False,hydronic_assumed,245.58691578486471,0.4243567449906697,1.0,245.58691578486471,0.28391550957787826,heat demand below 2 GWh/yr (too small for a street connection),excluded,,
22009022,237 8th Ave,1007460038,Multifamily Housing,524,40.744733,-73.998907,"2023,2024",2,38802.0,44.0,0.0,13.66604906829786,275.0330144525052,288.69906352080307,8.912876427768833,568.4852506138373,True,gas_or_oil,True,False,hydronic_assumed,245.3942039926826,0.6,1.0,245.3942039926826,0.4275160348304575,heat demand below 2 GWh/yr (too small for a street connection),excluded,,
11922380,MacArthur - 411-417 West 13th Street,1006467501,Office,283,40.74052,-74.006456,"2023,2024",2,92379.0,,0.0,286.02238711050126,0.0,286.02238711050126,273.7857920332741,298.2589821877284,False,gas_or_oil,False,False,hydronic_assumed,243.11902904392605,0.3927886633360209,1.0,243.11902904392605,0.7300871743060843,heat demand below 2 GWh/yr (too small for a street connection),excluded,,
21715481,Claret Commons Condo - 136-140 West 23rd St,1007987503,Multifamily Housing,773,40.743388,-73.993966,"2022,2023,2024",3,35154.0,20.0,0.0,39.97801576448655,244.729498362026,284.70751412651254,104.91491854676624,406.46719861014,True,gas_or_oil,True,False,hydronic_assumed,242.00138700753564,0.6,1.0,242.00138700753564,0.29404785784633736,heat demand below 2 GWh/yr (too small for a street connection),excluded,,
20805153,URA Group - 2 9th Ave,1006280001,Office,296,40.739721,-74.006254,2022,1,39068.0,,0.0,283.3410801777886,0.0,283.3410801777886,283.3410801777886,283.3410801777886,False,gas_or_oil,False,False,hydronic_assumed,240.83991815112032,0.3927886633360209,1.0,240.83991815112032,0.696069127604394,insufficient data: only 1 year of LL84 records,excluded,,
6687349,Halstead - 130 West 20th Street,1007957502,Multifamily Housing,630,40.741525,-73.995359,"2023,2024",2,40339.0,41.5,0.0,283.3298115963521,0.0,283.3298115963521,258.6187796404722,308.04084355223205,False,gas_or_oil,True,False,hydronic_assumed,240.8303398568993,0.6,1.0,240.8303398568993,0.35416226449544014,heat demand below 2 GWh/yr (too small for a street connection),excluded,,
2679751,DEPM 7628 - 444 West 19th St,1007167501,Multifamily Housing,395,40.744695,-74.004706,"2023,2024",2,56810.0,42.0,0.0,282.7043833462969,0.0,282.7043833462969,278.90076087103057,286.5080058215632,True,gas_or_oil,True,False,hydronic_assumed,240.29872584435233,0.6,1.0,240.29872584435233,0.5399971367288816,heat demand below 2 GWh/yr (too small for a street connection),excluded,,
19398456,124 West 16th Street,1007917502,Multifamily Housing,567,40.739063,-73.996792,2023,1,55517.0,15.0,0.0,281.9832820556706,0.0,281.9832820556706,281.9832820556706,281.9832820556706,True,gas_or_oil,True,False,hydronic_assumed,239.68578974732,0.501697520346707,1.0,239.68578974732,0.3884696754413614,insufficient data: only 1 year of LL84 records,excluded,,
4407826,Olnick - ROC Fifth Avenue Associates LLC,1008200038,Office,982,40.738596,-73.991744,"2023,2024",2,131369.5,,0.0,0.6929664709147509,279.51503776806476,280.2080042389795,272.30724864322764,288.1087598347314,True,gas_or_oil,False,False,hydronic_assumed,238.17680360313258,0.3927886633360209,1.0,238.17680360313258,0.2307914763596246,heat demand below 2 GWh/yr (too small for a street connection),excluded,,
6282457,Andrews: 140 Perry Street,1006327502,Multifamily Housing,844,40.734877,-74.007877,2024,1,31667.0,8.0,0.0,279.7664927192362,0.0,279.7664927192362,279.7664927192362,279.7664927192362,False,gas_or_oil,True,False,hydronic_assumed,237.80151881135077,0.2696921746160753,1.0,237.80151881135077,0.26599722462119774,insufficient data: only 1 year of LL84 records,excluded,,
10063239,Andrews: 120 W 18 St,1007937502,Multifamily Housing,614,40.740205,-73.995854,"2022,2023,2024",3,27302.0,10.0,0.0,278.7205221822539,0.0,278.7205221822539,196.9894570624552,392.6565775984705,True,gas_or_oil,True,False,hydronic_assumed,236.9124438549158,0.33838032994223827,1.0,236.9124438549158,0.3567958491790901,heat demand below 2 GWh/yr (too small for a street connection),excluded,,
36340942,159 West 24th Street,1008007505,Multifamily Housing,821,40.74425,-73.993915,2024,1,22312.0,24.0,0.0,277.1549366937249,0.0,277.1549366937249,277.1549366937249,277.1549366937249,False,gas_or_oil,True,False,hydronic_assumed,235.58169618966616,0.6,1.0,235.58169618966616,0.2704726707114422,insufficient data: only 1 year of LL84 records,excluded,,
31999717,110 West 14th Street,1006090033,Multifamily Housing,641,40.737619,-73.997474,"2023,2024",2,26500.0,8.0,0.0,17.561402778665133,259.29130440644025,276.8527071851054,231.88976308723375,321.81565128297706,True,gas_or_oil,True,False,hydronic_assumed,235.32480110733957,0.272530597852223,1.0,235.32480110733957,0.3405568756980312,heat demand below 2 GWh/yr (too small for a street connection),excluded,,
6772501,130 West 24th Street,1007990057,Multifamily Housing,836,40.743995,-73.993356,"2023,2024",2,33514.0,10.0,0.0,0.0,275.0279736306402,275.0279736306402,273.9865456947571,276.0694015665233,True,gas_or_oil,True,False,hydronic_assumed,233.77377758604416,0.3429234525225647,1.0,233.77377758604416,0.26385302210614464,heat demand below 2 GWh/yr (too small for a street connection),excluded,,
7968700,"The Ruth Associates, LLC - 344 W 14",1006290013,Office,167,40.74035,-74.003962,"2022,2023,2024",3,25100.0,,0.0,274.9237771073615,0.0,274.9237771073615,241.11276728811404,304.8231580045614,False,gas_or_oil,False,False,hydronic_assumed,233.68521054125728,0.3927886633360209,1.0,233.68521054125728,1.0768903711578677,heat demand below 2 GWh/yr (too small for a street connection),excluded,,
52667993,MQ Property Management:134 WEST 10 STREET,1006107503,Multifamily Housing,819,40.734614,-74.000429,2024,1,24637.0,23.12,0.0,274.6802448432685,0.0,274.6802448432685,274.6802448432685,274.6802448432685,False,gas_or_oil,True,False,hydronic_assumed,233.4782081167782,0.6,1.0,233.4782081167782,0.26867457780987136,insufficient data: only 1 year of LL84 records,excluded,,
7463970,The Jefferson Court Condominium,1006107503,Multifamily Housing,819,40.734614,-74.000429,"2022,2023",2,24637.0,7.0,0.0,274.3854153783752,0.0,274.3854153783752,261.3314451743216,287.4393855824289,True,gas_or_oil,True,False,hydronic_assumed,233.22760307161894,0.24060855963992286,1.0,233.22760307161894,0.268386194558825,heat demand below 2 GWh/yr (too small for a street connection),excluded,,
33193046,45 West 11th Street,1005750072,Multifamily Housing,896,40.734671,-73.99654,"2023,2024",2,27308.0,34.0,0.0,266.0208748639418,0.0,266.0208748639418,63.87102295273761,468.170726775146,False,gas_or_oil,True,False,hydronic_assumed,226.11774363435052,0.6,1.0,226.11774363435052,0.23902509897922888,heat demand below 2 GWh/yr (too small for a street connection),excluded,,
30833286,117 West 21 Street,1007977509,Multifamily Housing,742,40.741945,-73.994482,2024,1,37713.0,9.0,0.0,264.85034913552835,0.0,264.85034913552835,264.85034913552835,264.85034913552835,True,gas_or_oil,True,False,hydronic_assumed,225.1227967651991,0.32049113134639656,1.0,225.1227967651991,0.284245955511615,insufficient data: only 1 year of LL84 records,excluded,,
19501617,556 West 22 Street,1006930064,K-12 School,805,40.747733,-74.006374,"2022,2023,2024",3,29600.0,,0.0,263.33820026638205,0.0,263.33820026638205,186.49663466526303,398.39754617480753,False,gas_or_oil,False,False,hydronic_assumed,223.83747022642473,0.3927886633360209,1.0,223.83747022642473,0.26179821079114,heat demand below 2 GWh/yr (too small for a street connection),excluded,,
4123405,249 West 17th Street,1007670012,Office,280,40.741066,-73.999682,2024,1,108768.0,,0.0,259.2211871604406,0.0,259.2211871604406,259.2211871604406,259.2211871604406,False,gas_or_oil,False,False,hydronic_assumed,220.33800908637448,0.3927886633360209,1.0,220.33800908637448,0.6676909366253773,insufficient data: only 1 year of LL84 records,excluded,,
6664912,Cahn: 510 West 27th St,1006980044,Manufacturing/Industrial Plant,998,40.750602,-74.003288,"2022,2023,2024",3,42800.0,,0.0,258.77479112338625,0.0,258.77479112338625,222.16894842008332,288.22276446877066,False,gas_or_oil,False,False,hydronic_assumed,219.9585724548783,0.3927886633360209,1.0,219.9585724548783,0.20988413402183043,heat demand below 2 GWh/yr (too small for a street connection),excluded,,
21355392,NYPD_4434_10th Precinct,1007690055,Police Station,411,40.742697,-73.998145,"2022,2023,2024",3,20110.0,,0.0,16.215620569132234,241.60574208224628,257.82136265137854,180.47355590711052,303.4033753577665,False,gas_or_oil,False,False,hydronic_assumed,219.14815825367174,0.3927886633360209,1.0,219.14815825367174,0.4753756144331274,heat demand below 2 GWh/yr (too small for a street connection),excluded,,
6309410,114 W 17th Condominium Association,1007927505,Multifamily Housing,596,40.739582,-73.996207,"2022,2023",2,38770.0,6.0,0.0,257.0743099202788,0.0,257.0743099202788,106.2675586186038,407.8810612219538,False,gas_or_oil,True,False,hydronic_assumed,218.51316343223695,0.22012361084299295,1.0,218.51316343223695,0.33825567094773523,heat demand below 2 GWh/yr (too small for a street connection),excluded,,
6317581,Warehouse Eyes LLC (John Peden),1007950010,Office,556,40.741094,-73.996113,2024,1,28813.0,,0.0,256.70282772522364,0.0,256.70282772522364,256.70282772522364,256.70282772522364,False,gas_or_oil,False,False,hydronic_assumed,218.1974035664401,0.3927886633360209,1.0,218.1974035664401,0.36006172205683185,insufficient data: only 1 year of LL84 records,excluded,,
28620949,Andrews Building Corp : 500 WEST 22 STREET,1006937505,Multifamily Housing,647,40.74705,-74.004742,"2023,2024",2,40810.0,24.0,0.0,246.96510285914246,0.0,246.96510285914246,233.0383671019553,260.8918386163296,True,gas_or_oil,True,False,hydronic_assumed,209.92033743027108,0.6,1.0,209.92033743027108,0.30117695470627126,heat demand below 2 GWh/yr (too small for a street connection),excluded,,
10439457,508 West 24th Street,1006957508,Multifamily Housing,800,40.748727,-74.004587,"2023,2024",2,56052.5,14.0,0.0,238.58664147037257,0.0,238.58664147037257,220.1420691167015,257.0312138240437,False,gas_or_oil,True,False,hydronic_assumed,202.79864524981667,0.553421425219157,1.0,202.79864524981667,0.23858664147037256,heat demand below 2 GWh/yr (too small for a street connection),excluded,,
6318071,Loria: 6-8 West 18th Street,1008190050,Office,926,40.738741,-73.992379,2024,1,51889.0,,0.0,233.4155495287125,0.0,233.4155495287125,233.4155495287125,233.4155495287125,False,gas_or_oil,False,False,hydronic_assumed,198.40321709940562,0.3927886633360209,1.0,198.40321709940562,0.20328198473299758,insufficient data: only 1 year of LL84 records,excluded,,
4040788,DEPM 1688 - 166 West 18th Street,1007937508,Multifamily Housing,468,40.740704,-73.997407,"2023,2024",2,86183.0,40.0,0.0,231.9648478873388,0.0,231.9648478873388,158.71994776301807,305.20974801165954,False,gas_or_oil,True,False,hydronic_assumed,197.17012070423797,0.6,1.0,197.17012070423797,0.38063729865683005,heat demand below 2 GWh/yr (too small for a street connection),excluded,,
6778499,Chelsea Operating Inc - 521 West 21 st,1006930018,Retail Store,695,40.74685,-74.006139,"2022,2023,2024",3,34600.0,,0.0,229.49894816804226,0.0,229.49894816804226,204.6523855103334,244.80223859382173,False,gas_or_oil,False,False,hydronic_assumed,195.07410594283593,0.3927886633360209,1.0,195.07410594283593,0.2618444375071623,heat demand below 2 GWh/yr (too small for a street connection),excluded,,
15745500,Cornerstone: 300 W 14,1006297504,Multifamily Housing,189,40.739782,-74.002616,"2022,2023,2024",3,36024.0,11.0,0.0,225.87004487699127,0.0,225.87004487699127,0.0,527.4692553826893,False,gas_or_oil,True,False,hydronic_assumed,191.98953814544257,0.45931232952990225,1.0,191.98953814544257,0.803303506884697,heat demand below 2 GWh/yr (too small for a street connection),excluded,,
33987403,31 WEST 17 STREET,1008190020,Multifamily Housing,846,40.738418,-73.993393,2024,1,27758.0,11.0,0.0,225.29660254467723,0.0,225.29660254467723,225.29660254467723,225.29660254467723,False,gas_or_oil,True,False,hydronic_assumed,191.50211216297564,0.460481406784203,1.0,191.50211216297564,0.21373003589617817,insufficient data: only 1 year of LL84 records,excluded,,
7463419,The Alchemy Condominium,1005767504,Multifamily Housing,846,40.735884,-73.9955,"2022,2023,2024",3,32198.0,7.0,0.0,217.35906653357335,0.0,217.35906653357335,186.2073735501043,238.79428230126413,False,gas_or_oil,True,False,hydronic_assumed,184.75520655353733,0.30373464807917466,1.0,184.75520655353733,0.20620000731421578,heat demand below 2 GWh/yr (too small for a street connection),excluded,,
6810455,459 West 18th Street Condo (459 West 18th Street),1007167504,Multifamily Housing,421,40.74422,-74.005352,2024,1,30805.0,10.0,0.0,216.94026801932628,0.0,216.94026801932628,216.94026801932628,216.94026801932628,False,gas_or_oil,True,False,hydronic_assumed,184.39922781642733,0.4347442875349542,1.0,184.39922781642733,0.3915057915423085,insufficient data: only 1 year of LL84 records,excluded,,
31977411,155 Perry Street,1006377501,Multifamily Housing,862,40.734764,-74.008848,"2023,2024",2,48708.0,36.0,0.0,216.75035798627374,0.0,216.75035798627374,208.0643185424288,225.4363974301187,False,gas_or_oil,True,False,hydronic_assumed,184.23780428833268,0.6,1.0,184.23780428833268,0.20201513628106654,heat demand below 2 GWh/yr (too small for a street connection),excluded,,
14887282,37 West 14th Street,1008160016,Office,811,40.736565,-73.994923,"2023,2024",2,52030.5,,0.0,0.0,216.3601925125039,216.3601925125039,195.7722744246869,236.9481106003209,False,gas_or_oil,False,False,hydronic_assumed,183.9061636356283,0.3927886633360209,1.0,183.9061636356283,0.21359600886832555,heat demand below 2 GWh/yr (too small for a street connection),excluded,,
6790170,CECO STUDIOS,1007120011,Manufacturing/Industrial Plant,318,40.741709,-74.007142,"2022,2023",2,46330.0,,0.0,211.75280806015695,0.0,211.75280806015695,197.22819273054876,226.27742338976515,False,gas_or_oil,False,False,hydronic_assumed,179.9898868511334,0.3927886633360209,1.0,179.9898868511334,0.489102953399819,heat demand below 2 GWh/yr (too small for a street connection),excluded,,
7059087,Leor Management - 10 Christopher st,1005937501,Multifamily Housing,881,40.733733,-74.000256,"2022,2023,2024",3,25562.0,31.0,0.0,210.78284549705143,0.0,210.78284549705143,175.92907915321229,251.5135653791665,False,gas_or_oil,True,False,hydronic_assumed,179.1654186724937,0.6,1.0,179.1654186724937,0.19244405872448303,heat demand below 2 GWh/yr (too small for a street connection),excluded,,
15144817,Division: 345 W 14th St,1007387504,Multifamily Housing,118,40.7406,-74.004511,"2022,2023,2024",3,78294.0,66.0,0.0,209.08703877701066,0.0,209.08703877701066,199.61068443224227,226.851051333737,True,gas_or_oil,True,False,hydronic_assumed,177.72398296045907,0.6,1.0,177.72398296045907,1.0578808509551134,heat demand below 2 GWh/yr (too small for a street connection),excluded,,
3111362,414 West 14th Street   (418 West 14th St),1006460032,Office,281,40.741256,-74.006117,2024,1,51744.0,,0.0,206.74755036572336,0.0,206.74755036572336,206.74755036572336,206.74755036572336,False,gas_or_oil,False,False,hydronic_assumed,175.73541781086485,0.3927886633360209,1.0,175.73541781086485,0.5309227124195313,insufficient data: only 1 year of LL84 records,excluded,,
15297421,200 West 24th Street,1007737501,Multifamily Housing,749,40.744923,-73.995561,"2023,2024",2,30927.0,20.0,0.0,205.95565776570845,0.0,205.95565776570845,195.99067096269732,215.9206445687196,True,gas_or_oil,True,False,hydronic_assumed,175.0623091008522,0.6,1.0,175.0623091008522,0.21910176358054093,heat demand below 2 GWh/yr (too small for a street connection),excluded,,
6784491,Loria: 3 West 18th Street,1008200036,Office,954,40.738736,-73.992321,2024,1,34360.0,,0.0,3.247227108367706,198.9430686061717,202.19029571453945,202.19029571453945,202.19029571453945,False,gas_or_oil,False,False,hydronic_assumed,171.86175135735851,0.3927886633360209,1.0,171.86175135735851,0.17117704318462004,insufficient data: only 1 year of LL84 records,excluded,,
58754793,124 West 16th Street,1007917502,Multifamily Housing,567,40.739063,-73.996792,2024,1,46289.0,15.0,0.0,198.4741256372097,0.0,198.4741256372097,198.4741256372097,198.4741256372097,True,gas_or_oil,True,False,hydronic_assumed,168.70300679162824,0.6,1.0,168.70300679162824,0.27342464633975405,insufficient data: only 1 year of LL84 records,excluded,,
6178163,136 Wooster Corp (980 Madison Ave),1006960001,Museum,936,40.749087,-74.005396,"2022,2023,2024",3,26548.0,,0.0,197.1700767435822,0.0,197.1700767435822,144.7457344975678,292.309024653722,False,gas_or_oil,False,False,hydronic_assumed,167.59456523204486,0.3927886633360209,1.0,167.59456523204486,0.16997420408929498,heat demand below 2 GWh/yr (too small for a street connection),excluded,,
6294587,350 West 23rd Street,1007467507,Multifamily Housing,549,40.745894,-73.999931,"2022,2023,2024",3,32450.0,14.0,0.0,196.29302258424966,0.0,196.29302258424966,60.12352358137499,266.046665115344,False,gas_or_oil,True,False,hydronic_assumed,166.8490691966122,0.6,1.0,166.8490691966122,0.27854602536997025,heat demand below 2 GWh/yr (too small for a street connection),excluded,,
5989957,837 Washington Street,1006457501,Office,359,40.740454,-74.007816,2024,1,53695.0,,0.0,195.62140145398405,0.0,195.62140145398405,195.62140145398405,195.62140145398405,True,gas_or_oil,False,False,hydronic_assumed,166.27819123588642,0.3927886633360209,1.0,166.27819123588642,0.40654814483101814,insufficient data: only 1 year of LL84 records,excluded,,
12771968,Rudd: 21 West 20th Street,1008227506,Multifamily Housing,917,40.740078,-73.991884,"2022,2023,2024",3,80907.0,14.0,0.0,194.14569108397794,0.0,194.14569108397794,67.43564599597555,279.6058897900498,True,gas_or_oil,True,False,hydronic_assumed,165.02383742138124,0.6,1.0,165.02383742138124,0.17065546786078722,heat demand below 2 GWh/yr (too small for a street connection),excluded,,
21294038,AKAM - 159 West 25th Street,1008010008,Office,895,40.7448595,-73.99344450000001,"2023,2024",2,85565.5,,0.0,0.4832741427525584,191.22124753307455,191.70452167582712,174.3875254898536,209.02151786180065,False,gas_or_oil,False,False,hydronic_assumed,162.94884342445306,0.3927886633360209,1.0,162.94884342445306,0.17243263854439478,heat demand below 2 GWh/yr (too small for a street connection),excluded,,
33946658,115 7th Ave South,1006100016,Multifamily Housing,811,40.733936,-74.002605,"2023,2024",2,31563.0,9.0,0.0,191.51327816954864,0.0,191.51327816954864,143.77742778583072,239.24912855326656,True,gas_or_oil,True,False,hydronic_assumed,162.78628644411634,0.4432182919284925,1.0,162.78628644411634,0.18906653477830004,heat demand below 2 GWh/yr (too small for a street connection),excluded,,
21292506,500 West 25th Street,1006967504,Multifamily Housing,847,40.749002,-74.003328,"2023,2024",2,29533.0,8.0,0.0,190.71656455094777,0.0,190.71656455094777,167.45024093370088,213.98288816819465,False,gas_or_oil,True,False,hydronic_assumed,162.1090798683056,0.3956176223277521,1.0,162.1090798683056,0.1807236118933173,heat demand below 2 GWh/yr (too small for a street connection),excluded,,
21355567,DPR_9495_High Line Maintenance and Operations Building,1006440010,Office,474,40.739587,-74.008036,"2022,2023,2024",3,24641.0,,0.0,190.1425360765564,0.0,190.1425360765564,166.80695000383923,205.01374210100283,True,gas_or_oil,False,False,hydronic_assumed,161.62115566507293,0.3927886633360209,1.0,161.62115566507293,0.30843731997151325,heat demand below 2 GWh/yr (too small for a street connection),excluded,,
6664908,Adorama Camera: 42 West 18th St,1008190014,Retail Store,797,40.739098,-73.993227,"2022,2023,2024",3,29532.0,,0.0,0.0,187.9558353667579,187.9558353667579,154.57621634738533,250.75158067864703,True,gas_or_oil,False,False,hydronic_assumed,159.7624600617442,0.3927886633360209,1.0,159.7624600617442,0.18862155851445597,heat demand below 2 GWh/yr (too small for a street connection),excluded,,
19461628,Sandberg: 229 West 16 St,1007660023,Multifamily Housing,294,40.740309,-73.9997,"2022,2023",2,33935.0,51.0,0.0,185.99828201757137,0.0,185.99828201757137,3.137325468869701,368.85923856627306,False,gas_or_oil,True,False,hydronic_assumed,158.09853971493567,0.6,1.0,158.09853971493567,0.45958877824109207,heat demand below 2 GWh/yr (too small for a street connection),excluded,,
6693942,TKR - 35 Bethune Street,1006357501,Multifamily Housing,632,40.736952,-74.007547,"2023,2024",2,42926.0,23.0,0.0,183.59860169946035,0.0,183.59860169946035,177.30065161414737,189.8965517847733,True,gas_or_oil,True,False,hydronic_assumed,156.05881144454128,0.6,1.0,156.05881144454128,0.2288252367222013,heat demand below 2 GWh/yr (too small for a street connection),excluded,,
33572213,155 W 18th Street - 44182,1007947504,Multifamily Housing,548,40.740509,-73.996536,2024,1,87794.0,30.0,0.0,182.6052374139177,0.0,182.6052374139177,182.6052374139177,182.6052374139177,False,gas_or_oil,True,False,hydronic_assumed,155.21445180183005,0.6,1.0,155.21445180183005,0.25955593946794325,insufficient data: only 1 year of LL84 records,excluded,,
47971592,440 West 15th Street,1007120011,Performing Arts,318,40.742337,-74.006539,2024,1,46394.0,,0.0,182.48595750118253,0.0,182.48595750118253,182.48595750118253,182.48595750118253,False,gas_or_oil,False,False,hydronic_assumed,155.11306387600516,0.3927886633360209,1.0,155.11306387600516,0.42150289096740534,insufficient data: only 1 year of LL84 records,excluded,,
25518956,TMG - 37 West 17th Street,1008190017,Office,820,40.738475,-73.99353,2024,1,35000.0,,0.0,0.0,181.84747293635496,181.84747293635496,181.84747293635496,181.84747293635496,False,gas_or_oil,False,False,hydronic_assumed,154.57035199590172,0.3927886633360209,1.0,154.57035199590172,0.17766707125965714,insufficient data: only 1 year of LL84 records,excluded,,
57797892,FDNY_3626_Marine Co. 1,1006510105,Fire Station,693,40.740492,-74.009992,2024,1,15000.0,,0.0,181.82273774069196,0.0,181.82273774069196,181.82273774069196,181.82273774069196,False,gas_or_oil,False,False,hydronic_assumed,154.54932707958815,0.3927886633360209,1.0,154.54932707958815,0.20800716968988983,insufficient data: only 1 year of LL84 records,excluded,,
6262562,123 Bank Street,1006350042,Multifamily Housing,665,40.736296,-74.007643,"2022,2023,2024",3,37064.0,49.0,0.0,180.82190014366344,0.0,180.82190014366344,7.211305977301063,527.3813340710908,False,gas_or_oil,True,False,hydronic_assumed,153.69861512211392,0.6,1.0,153.69861512211392,0.2149630980728866,heat demand below 2 GWh/yr (too small for a street connection),excluded,,
53974695,Impact Real Estate Management Inc. : 281 WEST 11 STREET,1006230055,Multifamily Housing,587,40.73603,-74.00468,2024,1,11592.0,13.91,0.0,180.5317598153887,0.0,180.5317598153887,180.5317598153887,180.5317598153887,True,gas_or_oil,True,False,hydronic_assumed,153.4519958430804,0.6,1.0,153.4519958430804,0.240897952657897,insufficient data: only 1 year of LL84 records,excluded,,
6152632,Winter Management - 404-408 West 14th Street (402 WEST 14 STREET),1006460038,Office,242,40.741110500000005,-74.0057705,"2022,2024",2,37400.0,,0.0,174.58608111854664,0.0,174.58608111854664,130.62908870732812,218.5430735297652,False,gas_or_oil,False,False,hydronic_assumed,148.39816895076464,0.3927886633360209,1.0,148.39816895076464,0.5082129073656323,heat demand below 2 GWh/yr (too small for a street connection),excluded,,
6272136,33 West 17th Street,1008190019,Office,835,40.738437,-73.99344,"2023,2024",2,48532.0,,0.0,172.99353309446093,0.0,172.99353309446093,162.28164009586942,183.7054260930524,False,gas_or_oil,False,False,hydronic_assumed,147.0445031302918,0.3927886633360209,1.0,147.0445031302918,0.16615198093818281,heat demand below 2 GWh/yr (too small for a street connection),excluded,,
54875492,DalanRE - 134 West 25th Street,1008000059,Office,901,40.744651,-73.992988,2024,1,30000.0,,0.0,0.0,164.57796891219652,164.57796891219652,164.57796891219652,164.57796891219652,False,gas_or_oil,False,False,hydronic_assumed,139.89127357536705,0.3927886633360209,1.0,139.89127357536705,0.14709913099407682,insufficient data: only 1 year of LL84 records,excluded,,
21739389,11-17 Jane Street,1006167502,Multifamily Housing,339,40.738141,-74.002735,"2023,2024",2,40253.0,7.0,0.0,159.31019283488203,0.0,159.31019283488203,147.46865751777037,171.1517281519937,False,gas_or_oil,True,False,hydronic_assumed,135.41366390964973,0.4144083840813568,1.0,135.41366390964973,0.3481071051661947,heat demand below 2 GWh/yr (too small for a street connection),excluded,,
28242206,455 West 19th Street,1007177505,Multifamily Housing,453,40.744783,-74.004876,"2023,2024",2,36431.0,10.0,0.0,158.34979904118882,0.0,158.34979904118882,148.2614146773493,168.4381834050283,False,gas_or_oil,True,False,hydronic_assumed,134.5973291850105,0.5956025383598488,1.0,134.5973291850105,0.2675891236282515,heat demand below 2 GWh/yr (too small for a street connection),excluded,,
20420240,532 West 20th Street,1006917503,Multifamily Housing,639,40.746303,-74.006709,"2023,2024",2,32049.0,9.0,0.0,158.20868533607336,0.0,158.20868533607336,153.43030858621947,162.98706208592728,False,gas_or_oil,True,False,hydronic_assumed,134.47738253566234,0.5365204056378029,1.0,134.47738253566234,0.19517762341895842,heat demand below 2 GWh/yr (too small for a street connection),excluded,,
6821238,7 - St Gabriel Guardian Angel - Parent Property,1006930031;1006930034,K-12 School,617,40.746498,-74.005049,"2022,2023,2024",3,50500.0,,0.0,37.25782807397817,119.53166075737762,156.78948883135578,37.26632713409934,395.7856970782576,False,gas_or_oil,False,False,hydronic_assumed,133.2710655066524,0.3927886633360209,1.0,133.2710655066524,0.19980669491252234,heat demand below 2 GWh/yr (too small for a street connection),excluded,,
17978911,Clinton - 533 West 24th Street,1006960013,Museum,893,40.748922,-74.005006,"2023,2024",2,32508.0,,0.0,151.18641017870885,0.0,151.18641017870885,140.33735993402385,162.03546042339389,False,gas_or_oil,False,False,hydronic_assumed,128.5084486519025,0.3927886633360209,1.0,128.5084486519025,0.1362761915714767,heat demand below 2 GWh/yr (too small for a street connection),excluded,,
23955121,Gansevoort Meat Market,1006440001,Manufacturing/Industrial Plant,472,40.740007,-74.009299,"2022,2023,2024",3,77923.0,,0.0,225.91515827887585,0.0,150.61010551925057,0.0,343.80984144270667,False,gas_or_oil,False,False,hydronic_assumed,128.018589691363,0.3927886633360209,1.0,128.018589691363,0.24524634040490995,heat demand below 2 GWh/yr (too small for a street connection),excluded,,
6188320,142-146 West 23rd Street,1007980066,Multifamily Housing,758,40.743438,-73.994089,"2023,2024",2,48680.0,68.0,0.0,32.480184001720914,115.62276716502421,148.10295116674513,50.41730385194989,245.7885984815404,False,gas_or_oil,True,False,hydronic_assumed,125.88750849173336,0.6,1.0,125.88750849173336,0.1558013718957096,heat demand below 2 GWh/yr (too small for a street connection),excluded,,
52523993,420 West 14th Street,1006460030,Office,297,40.741335,-74.006304,2024,1,28440.0,,0.0,137.34393234513686,0.0,137.34393234513686,137.34393234513686,137.34393234513686,False,gas_or_oil,False,False,hydronic_assumed,116.74234249336634,0.3927886633360209,1.0,116.74234249336634,0.3364332636696436,insufficient data: only 1 year of LL84 records,excluded,,
6701357,715 Washington Street AKA 340 West 11th Street,1006330006,Multifamily Housing,787,40.735363,-74.008371,"2023,2024",2,25281.0,45.0,0.0,132.30926497197362,0.0,132.30926497197362,122.56172222609727,142.05680771784998,False,gas_or_oil,True,False,hydronic_assumed,112.46287522617757,0.6,1.0,112.46287522617757,0.13436424758205207,heat demand below 2 GWh/yr (too small for a street connection),excluded,,
6699671,115 West 23rd Street,1007990030,Multifamily Housing,868,40.743215,-73.993508,"2022,2023,2024",3,27132.0,18.0,0.0,129.70708721969953,0.0,129.70708721969953,118.16067443851986,151.35829634288373,True,gas_or_oil,True,False,hydronic_assumed,110.2510241367446,0.6,1.0,110.2510241367446,0.12009915483305512,heat demand below 2 GWh/yr (too small for a street connection),excluded,,
6274256,Dia Art Foundation,1006940014,Office,767,40.747486,-74.005738,"2022,2023,2024",3,45000.0,,0.0,127.65666454287854,0.0,127.65666454287854,115.44068212870393,145.2196303670832,False,gas_or_oil,False,False,hydronic_assumed,108.50816486144676,0.3927886633360209,1.0,108.50816486144676,0.13281293128696053,heat demand below 2 GWh/yr (too small for a street connection),excluded,,
2808712,401 Associate LLC,1007120029,Office,197,40.741086,-74.005666,"2022,2023,2024",3,62199.0,,0.0,123.941989127846,0.0,123.941989127846,113.92931478232737,135.721198004069,False,gas_or_oil,False,False,hydronic_assumed,105.3506907586691,0.3927886633360209,1.0,105.3506907586691,0.4265210152172838,heat demand below 2 GWh/yr (too small for a street connection),excluded,,
25561389,Feil - 530 West 25th Street,1006960049,Office,884,40.749515,-74.004533,"2023,2024",2,104557.0,,0.0,114.2505206407002,0.0,114.2505206407002,98.12985508809425,130.37118619330616,True,gas_or_oil,False,False,hydronic_assumed,97.11294254459517,0.3927886633360209,1.0,97.11294254459517,0.10397531321691132,heat demand below 2 GWh/yr (too small for a street connection),excluded,,
6457845,1 Jane Street AKA 115 Greenwich Avenue,1006160027,Multifamily Housing,347,40.738138,-74.002306,"2023,2024",2,25992.0,37.0,0.0,109.2902933113569,0.0,109.2902933113569,12.163327317561814,206.417259305152,True,gas_or_oil,True,False,hydronic_assumed,92.89674931465336,0.6,1.0,92.89674931465336,0.23399684965907647,heat demand below 2 GWh/yr (too small for a street connection),excluded,,
6694544,DEPM 1872 - 560 West 24th Street,1006957509,Multifamily Housing,903,40.749086500000004,-74.0054425,"2023,2024",2,36216.0,8.0,0.0,91.80377018306976,0.0,91.80377018306976,90.36581713187788,93.24172323426166,False,gas_or_oil,True,False,hydronic_assumed,78.0332046556093,0.6,1.0,78.0332046556093,0.08188164182120598,heat demand below 2 GWh/yr (too small for a street connection),excluded,,
20583447,34 West 17th Street,1008187502,Multifamily Housing,829,40.738429,-73.993465,2023,1,28029.0,9.0,0.0,91.58792336309568,0.0,91.58792336309568,91.58792336309568,91.58792336309568,False,gas_or_oil,True,False,hydronic_assumed,77.84973485863132,0.6,1.0,77.84973485863132,0.08856625126124155,insufficient data: only 1 year of LL84 records,excluded,,
51811392,34 West 17th Street,1008187502,Multifamily Housing,829,40.738429,-73.993465,2024,1,28380.0,9.0,0.0,91.26290758122023,0.0,91.26290758122023,91.26290758122023,91.26290758122023,False,gas_or_oil,True,False,hydronic_assumed,77.5734714440372,0.6,1.0,77.5734714440372,0.08825195841187394,insufficient data: only 1 year of LL84 records,excluded,,
6699313,William Gottlieb Management,1006450049,Retail Store,318,40.73973,-74.006272,"2022,2023,2024",3,58659.0,,0.0,90.8743833052669,0.0,90.8743833052669,1.3440237833009294,269.8723851469253,True,gas_or_oil,False,False,hydronic_assumed,77.24322580947687,0.3927886633360209,1.0,77.24322580947687,0.209900070134448,heat demand below 2 GWh/yr (too small for a street connection),excluded,,
9562380,570 RH Contemporary,1007140014,Office,303,40.742971,-74.006027,2024,1,27456.0,,0.0,83.20286787595593,0.0,83.20286787595593,83.20286787595593,83.20286787595593,False,gas_or_oil,False,False,hydronic_assumed,70.72243769456254,0.3927886633360209,1.0,70.72243769456254,0.20034684899309502,insufficient data: only 1 year of LL84 records,excluded,,
4405687,142 West 26th Street,1008010065,Multifamily Housing,946,40.745334,-73.992703,2024,1,52422.0,20.0,0.0,82.06135618036998,0.0,82.06135618036998,82.06135618036998,82.06135618036998,False,gas_or_oil,True,False,hydronic_assumed,69.75215275331449,0.6,1.0,69.75215275331449,0.07003228188083784,insufficient data: only 1 year of LL84 records,excluded,,
6682167,55 West 16th Street,1008180005,Multifamily Housing,727,40.738064,-73.994374,"2023,2024",2,25639.0,9.0,0.0,21.407667090056627,70.92225352872184,81.62608707375016,0.0,163.2521741475003,False,gas_or_oil,True,False,hydronic_assumed,69.38217401268763,0.6,1.0,69.38217401268763,0.08929494724927622,heat demand below 2 GWh/yr (too small for a street connection),excluded,,
21355488,NYPL_4617_Muhlenberg Branch Library,1007730038,Library,706,40.744355,-73.996229,"2022,2023,2024",3,12953.0,,0.0,80.57519294331831,0.0,80.57519294331831,0.0,136.59073977577722,False,gas_or_oil,False,False,hydronic_assumed,68.48891400182056,0.3927886633360209,1.0,68.48891400182056,0.09059380158970974,heat demand below 2 GWh/yr (too small for a street connection),excluded,,
6309302,452 West 19th Street,1007167502,Multifamily Housing,432,40.744755,-74.00485,2024,1,23622.0,20.0,0.0,76.01090458720651,0.0,76.01090458720651,76.01090458720651,76.01090458720651,False,gas_or_oil,True,False,hydronic_assumed,64.60926889912554,0.6,1.0,64.60926889912554,0.1340441263467335,insufficient data: only 1 year of LL84 records,excluded,,
36500729,Wallack - 43 West 13th Street,1005770066,Multifamily Housing,814,40.735931,-73.995565,2024,1,51500.0,15.0,0.0,74.23049802733884,0.0,74.23049802733884,74.23049802733884,74.23049802733884,False,gas_or_oil,True,False,hydronic_assumed,63.09592332323801,0.6,1.0,63.09592332323801,0.07302768903152547,insufficient data: only 1 year of LL84 records,excluded,,
6134883,215 West 20th Street,1007700031,Multifamily Housing,491,40.742595,-73.99786,"2023,2024",2,26250.0,14.0,0.0,74.06007721835726,0.0,74.06007721835726,71.95890440667476,76.16125003003978,True,gas_or_oil,True,False,hydronic_assumed,62.951065635603676,0.6,1.0,62.951065635603676,0.11636056494566299,heat demand below 2 GWh/yr (too small for a street connection),excluded,,
33999155,111 Charles Street,1006210001,Multifamily Housing,774,40.734482,-74.005972,2024,1,38332.0,19.0,0.0,73.81287179724643,0.0,73.81287179724643,73.81287179724643,73.81287179724643,False,gas_or_oil,True,False,hydronic_assumed,62.74094102765947,0.6,1.0,62.74094102765947,0.0761419187228877,insufficient data: only 1 year of LL84 records,excluded,,
52698695,225 8 AVENUE,1007457503;1007450032;1007450031,Multifamily Housing,438,40.744297,-73.99922,2024,1,113294.0,100.0,0.0,69.59470033779368,0.0,69.59470033779368,69.59470033779368,69.59470033779368,False,gas_or_oil,True,False,hydronic_assumed,59.15549528712463,0.6,1.0,59.15549528712463,0.1212202772277144,insufficient data: only 1 year of LL84 records,excluded,,
6574521,132 West 22nd Street,1007977503,Multifamily Housing,724,40.74268,-73.99437,"2023,2024",2,43160.0,10.0,0.0,69.55572188965172,0.0,69.55572188965172,0.0,139.11144377930344,False,gas_or_oil,True,False,hydronic_assumed,59.12236360620396,0.6,1.0,59.12236360620396,0.07638548269535396,heat demand below 2 GWh/yr (too small for a street connection),excluded,,
6750819,Cornerstone: 121 W 17th St,1007930022,Multifamily Housing,599,40.739675,-73.996384,"2022,2023,2024",3,57029.0,29.0,0.0,66.16586687580217,0.0,66.16586687580217,34.064232965685484,97.97364822448772,False,gas_or_oil,True,False,hydronic_assumed,56.24098684443184,0.6,1.0,56.24098684443184,0.08665791501453288,heat demand below 2 GWh/yr (too small for a street connection),excluded,,
21294053,AKAM - 101 West 14th Street,1007907505,Multifamily Housing,665,40.737682,-73.996828,"2023,2024",2,82685.0,44.0,0.0,125.19320708223748,0.0,62.59660354111874,0.0,125.19320708223748,True,gas_or_oil,True,False,hydronic_assumed,53.20711300995093,0.6,1.0,53.20711300995093,0.07441554267126005,heat demand below 2 GWh/yr (too small for a street connection),excluded,,
24231233,NYC-Chelsea NY HYP,1007990063,Hotel,812,40.74408,-73.993558,"2022,2023,2024",3,172767.0,,0.0,62.48355627247244,0.0,62.48355627247244,32.2310443117549,102.09056364008298,False,gas_or_oil,False,False,hydronic_assumed,53.111022831601574,0.3927886633360209,1.0,53.111022831601574,0.06161371558190438,heat demand below 2 GWh/yr (too small for a street connection),excluded,,
1836464,M451 (OECID: 0101197; BBL: 1007670068),1007670068,K-12 School,255,40.741657,-73.999307,"2022,2023,2024",3,48953.0,,0.0,27.128609145418526,33.02910605713361,60.15771520255214,11.664227338721542,133.14217286384917,False,gas_or_oil,False,False,hydronic_assumed,51.13405792216932,0.3927886633360209,1.0,51.13405792216932,0.1676526489251453,heat demand below 2 GWh/yr (too small for a street connection),excluded,,
10656758,330 Bleecker Street AKA 95 Christopher Street,1006190033,Multifamily Housing,882,40.733376,-74.004442,"2023,2024",2,130647.0,200.0,0.0,54.42138691766052,0.0,54.42138691766052,53.3908026102079,55.45197122511314,False,gas_or_oil,True,False,hydronic_assumed,46.25817888001144,0.6,1.0,46.25817888001144,0.04963323914164318,heat demand below 2 GWh/yr (too small for a street connection),excluded,,
21309636,The Church of the Village,1006180040,Worship Facility,429,40.737973,-74.000119,"2022,2023",2,27200.0,,0.0,45.6604678234376,0.0,45.6604678234376,28.779575996544107,62.54135965033109,True,gas_or_oil,False,False,hydronic_assumed,38.81139764992196,0.3927886633360209,1.0,38.81139764992196,0.08102588235891849,heat demand below 2 GWh/yr (too small for a street connection),excluded,,
2587898,531 WEST 21 STREET - [531-539 West 21st St],1006930014,Self-Storage Facility,716,40.746918,-74.006301,2024,1,91592.0,,0.0,41.313638178012525,0.0,41.313638178012525,41.313638178012525,41.313638178012525,True,gas_or_oil,False,False,hydronic_assumed,35.116592451310645,0.3927886633360209,1.0,35.116592451310645,0.04584411547168492,insufficient data: only 1 year of LL84 records,excluded,,
6791658,144 West 15th Street - LDS,1007900011,Worship Facility,508,40.737905,-73.998113,2024,1,33806.0,,0.0,39.70760888614835,0.0,39.70760888614835,39.70760888614835,39.70760888614835,False,gas_or_oil,False,False,hydronic_assumed,33.7514675532261,0.3927886633360209,1.0,33.7514675532261,0.06048650099144462,insufficient data: only 1 year of LL84 records,excluded,,
54407092,Chelsea Warren (Campus),1007960007;1007960001,Multifamily Housing,572,,,2024,1,119993.0,118.0,0.0,34.64158291184834,0.0,34.64158291184834,34.64158291184834,34.64158291184834,True,gas_or_oil,True,False,hydronic_assumed,29.445345475071086,0.6,1.0,29.445345475071086,0.04733978372197924,insufficient data: only 1 year of LL84 records,excluded,,
52544497,160 West 16th Street,1007910078,Multifamily Housing,450,40.739604,-73.998907,2024,1,62400.0,69.0,0.0,32.10886299573699,0.0,32.10886299573699,32.10886299573699,32.10886299573699,False,gas_or_oil,True,False,hydronic_assumed,27.292533546376443,0.6,1.0,27.292533546376443,0.05458506709275289,insufficient data: only 1 year of LL84 records,excluded,,
20507440,132 WEST 14 STREET,1006090020,Office,552,40.737806,-73.997922,"2022,2023,2024",3,47196.0,,0.0,31.544115104236578,0.0,31.544115104236578,29.729126161806867,32.460255171091944,True,gas_or_oil,False,False,hydronic_assumed,26.81249783860109,0.3927886633360209,1.0,26.81249783860109,0.04453903295448686,heat demand below 2 GWh/yr (too small for a street connection),excluded,,
15568360,AKAM - 223-231 West 21st Street,1007710023,Multifamily Housing,520,40.743325,-73.997773,2023,1,46620.0,63.0,0.0,30.700949726007888,0.0,30.700949726007888,30.700949726007888,30.700949726007888,True,gas_or_oil,True,False,hydronic_assumed,26.095807267106704,0.6,1.0,26.095807267106704,0.0457821180124679,insufficient data: only 1 year of LL84 records,excluded,,
33641387,"Mactaggart: 555 W 25th St,",1006970005,Office,989,40.749704,-74.00493,"2023,2024",2,43790.5,,0.0,0.0,30.33285250144924,30.33285250144924,0.0,60.66570500289848,True,gas_or_oil,False,False,hydronic_assumed,25.782924626231853,0.3927886633360209,1.0,25.782924626231853,0.024815134385208715,heat demand below 2 GWh/yr (too small for a street connection),excluded,,
5531218,7 West 18th Street,1008200033,Office,939,40.738774,-73.992415,"2022,2023",2,48875.0,,0.0,28.027262640300435,0.0,28.027262640300435,0.8106344929372811,55.24389078766359,False,gas_or_oil,False,False,hydronic_assumed,23.82317324425537,0.3927886633360209,1.0,23.82317324425537,0.02408814281522282,heat demand below 2 GWh/yr (too small for a street connection),excluded,,
11911004,70 - St Francis Xavier,1007920050,K-12 School,567,40.739689,-73.996456,"2022,2023,2024",3,25732.0,,0.0,27.593419812735423,0.0,27.593419812735423,0.0,75.68794030260172,False,gas_or_oil,False,False,hydronic_assumed,23.454406840825108,0.3927886633360209,1.0,23.454406840825108,0.03801362534979758,heat demand below 2 GWh/yr (too small for a street connection),excluded,,
9948014,Gershon: 110 Bank St,1006340016,Multifamily Housing,676,40.736345,-74.007184,"2022,2023,2024",3,45216.0,60.0,0.0,26.29658046665897,0.0,26.29658046665897,25.77383942403335,26.933228452977637,True,gas_or_oil,True,False,hydronic_assumed,22.352093396660123,0.6,1.0,22.352093396660123,0.03078800743341615,heat demand below 2 GWh/yr (too small for a street connection),excluded,,
46874796,Monarch - 251 West 14th Street,1007647506;1007640010,Multifamily Housing,232,40.739167,-74.001119,2024,1,117052.0,49.0,0.0,21.354621232058925,0.0,21.354621232058925,21.354621232058925,21.354621232058925,False,gas_or_oil,True,False,hydronic_assumed,18.151428047250086,0.6,1.0,18.151428047250086,0.06436676612500031,insufficient data: only 1 year of LL84 records,excluded,,
61947292,Monarch - 251 West 14th Street lot 7506,1007647506,Multifamily Housing,232,40.739167,-74.001119,2024,1,117052.0,49.0,0.0,21.354621232058925,0.0,21.354621232058925,21.354621232058925,21.354621232058925,False,gas_or_oil,True,False,hydronic_assumed,18.151428047250086,0.6,1.0,18.151428047250086,0.06436676612500031,insufficient data: only 1 year of LL84 records,excluded,,
6434656,508 W. 26th Street,1006970042,Office,934,40.749957,-74.003674,2024,1,146388.0,,0.0,21.175554827436844,0.0,21.175554827436844,21.175554827436844,21.175554827436844,False,gas_or_oil,False,False,hydronic_assumed,17.999221603321317,0.3927886633360209,1.0,17.999221603321317,0.01829189187329402,insufficient data: only 1 year of LL84 records,excluded,,
6883119,245 West 14th Street,1007647503,Multifamily Housing,246,40.739115,-74.000996,"2023,2024",2,46630.0,28.0,0.0,20.35949852028433,0.0,20.35949852028433,2.0476873471268195,38.67130969344184,True,gas_or_oil,True,False,hydronic_assumed,17.30557374224168,0.6,1.0,17.30557374224168,0.05846477615622189,heat demand below 2 GWh/yr (too small for a street connection),excluded,,
33869332,302 WEST 12 STREET,1006247503,Multifamily Housing,467,40.737539,-74.004561,2024,1,160266.0,192.32,0.0,20.317442826236423,0.0,20.317442826236423,20.317442826236423,20.317442826236423,False,gas_or_oil,True,False,hydronic_assumed,17.26982640230096,0.6,1.0,17.26982640230096,0.033403919540233966,insufficient data: only 1 year of LL84 records,excluded,,
55272895,129 West 20th Street - CEC,1007967503,Multifamily Housing,661,40.741514,-73.995287,2024,1,36455.0,16.0,0.0,19.677375677800047,0.0,19.677375677800047,19.677375677800047,19.677375677800047,False,gas_or_oil,True,False,hydronic_assumed,16.725769326130038,0.6,1.0,16.725769326130038,0.023524288784993023,insufficient data: only 1 year of LL84 records,excluded,,
52523893,136 West 22nd Street,1007977504,Multifamily Housing,715,40.742716,-73.994453,2024,1,35629.0,8.0,0.0,12.722213788289,0.0,12.722213788289,12.722213788289,12.722213788289,False,gas_or_oil,True,False,hydronic_assumed,10.81388172004565,0.6,1.0,10.81388172004565,0.014135793098098889,insufficient data: only 1 year of LL84 records,excluded,,
10063237,Andrews: 227 West 17 St,1007670019,Multifamily Housing,319,40.74088,-73.999235,"2022,2023",2,45710.0,5.0,0.0,11.320015403813791,0.0,11.320015403813791,3.0042712173174504,19.635759590310133,True,gas_or_oil,True,False,hydronic_assumed,9.622013093241723,0.6,1.0,9.622013093241723,0.026075916241847488,heat demand below 2 GWh/yr (too small for a street connection),excluded,,
6078588,31 Operating Corp. (31 West 12th Street),1005760056,Multifamily Housing,915,40.735149,-73.995688,2024,1,50388.0,22.0,0.0,9.830774920856166,0.0,9.830774920856166,9.830774920856166,9.830774920856166,False,gas_or_oil,True,False,hydronic_assumed,8.356158682727742,0.6,1.0,8.356158682727742,0.00865923179557279,insufficient data: only 1 year of LL84 records,excluded,,
10149691,Andrews: 171 W 12th St.,1006080074,Multifamily Housing,539,40.736818,-73.999646,"2022,2023,2024",3,33973.0,25.0,0.0,9.486318760082865,0.0,9.486318760082865,9.390289149748163,9.54385837400671,False,gas_or_oil,True,False,hydronic_assumed,8.063370946070435,0.6,1.0,8.063370946070435,0.013689933694516867,heat demand below 2 GWh/yr (too small for a street connection),excluded,,
30687928,62-66 9th Avenue AKA 366 West 15th Street,1007387502,Multifamily Housing,121,40.741508,-74.004944,"2023,2024",2,41302.0,21.0,0.0,8.443230088314026,0.0,8.443230088314026,3.265397512764709,13.621062663863343,False,gas_or_oil,True,False,hydronic_assumed,7.176745575066922,0.6,1.0,7.176745575066922,0.041969272368812406,heat demand below 2 GWh/yr (too small for a street connection),excluded,,
4951878,AKAM - 201 West 17th Street,1007677503,Multifamily Housing,404,40.746663,-73.993897,"2023,2024",2,81501.5,37.0,0.0,2.339439566114189,0.0,2.339439566114189,0.0,4.678879132228378,False,gas_or_oil,True,False,hydronic_assumed,1.9885236311970604,0.6,1.0,1.9885236311970604,0.004380007998231411,heat demand below 2 GWh/yr (too small for a street connection),excluded,,
6382013,250 West 26th Street,1007750064,Office,825,40.746677,-73.995871,"2023,2024",2,30928.0,,0.0,1.094913400438786,0.0,1.094913400438786,1.0664855096886354,1.1233412911889364,False,gas_or_oil,False,False,hydronic_assumed,0.930676390372968,0.3927886633360209,1.0,0.930676390372968,0.0010636301604262492,heat demand below 2 GWh/yr (too small for a street connection),excluded,,
26709703,158 West 27th St,1008020075,Office,989,40.746089,-73.992576,"2022,2023,2024",3,108000.0,,0.0,0.12934201839587367,0.0,0.12934201839587367,0.1172284154645381,0.1415533116734297,True,gas_or_oil,False,False,hydronic_assumed,0.10994071563649262,0.3927886633360209,1.0,0.10994071563649262,0.00010581397077622003,heat demand below 2 GWh/yr (too small for a street connection),excluded,,
26619471,809 Washington Street,1006430043,Office,440,40.739159,-74.008058,"2023,2024",2,82362.5,,0.0,0.0002930710386613,0.0,0.0002930710386613,0.0,0.0005861420773226,True,gas_or_oil,False,False,hydronic_assumed,0.000249110382862105,0.3927886633360209,1.0,0.000249110382862105,5.083885364532755e-07,heat demand below 2 GWh/yr (too small for a street connection),excluded,,
59808495,MEPA,1007387505,Not Available,133,40.740679,-74.004695,2024,1,,,0.0,0.0,0.0,0.0,0.0,0.0,False,steam,False,False,steam_radiators,0.0,0.3927886633360209,0.3927886633360209,0.0,0.0,insufficient data: only 1 year of LL84 records,excluded,,
4045044,140 5th Avenue,1008207501,Multifamily Housing,988,40.739005,-73.991448,2023,1,55025.0,66.0,0.0,0.0,0.0,0.0,0.0,0.0,True,steam,True,False,steam_radiators,0.0,,,,,insufficient data: only 1 year of LL84 records,excluded,,
26278887,214 West 17 Street,1007660053,Multifamily Housing,350,40.740762,-73.999,2024,1,29040.0,12.0,0.0,0.0,0.0,0.0,0.0,0.0,False,steam,True,False,steam_radiators,0.0,,,,,insufficient data: only 1 year of LL84 records,excluded,,
26682952,541 WEST 21 STREET,1006930010,Office,741,40.746984,-74.006464,2022,1,57150.0,,0.0,0.0,0.0,0.0,0.0,0.0,False,steam,False,False,steam_radiators,0.0,0.3927886633360209,0.3927886633360209,0.0,0.0,insufficient data: only 1 year of LL84 records,excluded,,
32478054,Hauser &amp; Wirth,1006930056,Museum,759,40.747635,-74.006135,2024,1,33000.0,,0.0,0.0,0.0,0.0,0.0,0.0,False,steam,False,False,steam_radiators,0.0,0.3927886633360209,0.3927886633360209,0.0,0.0,insufficient data: only 1 year of LL84 records,excluded,,
33030547,MMS #1981,1006887501,Self-Storage Facility,482,40.744206,-74.007174,2023,1,695866.0,,0.0,0.0,0.0,0.0,0.0,0.0,False,steam,False,False,steam_radiators,0.0,0.3927886633360209,0.3927886633360209,0.0,0.0,insufficient data: only 1 year of LL84 records,excluded,,
33030550,MMS #1992,1006920041,Self-Storage Facility,630,40.746767,-74.005991,2023,1,124385.0,,0.0,0.0,0.0,0.0,0.0,0.0,True,steam,False,False,steam_radiators,0.0,0.3927886633360209,0.3927886633360209,0.0,0.0,insufficient data: only 1 year of LL84 records,excluded,,
10063232,Andrews: 100 11th Ave,1006917501,Multifamily Housing,652,40.746215,-74.008055,2023,1,154709.0,57.0,0.0,0.0,0.0,0.0,0.0,0.0,False,steam,True,False,steam_radiators,0.0,,,,,insufficient data: only 1 year of LL84 records,excluded,,
6262473,201 West 21st Street,1007710038,Multifamily Housing,575,40.742952,-73.996889,2023,1,80977.0,97.0,0.0,0.0,0.0,0.0,0.0,0.0,False,steam,True,False,steam_radiators,0.0,,,,,insufficient data: only 1 year of LL84 records,excluded,,
51560292,76 8th Avenue,1006180005,Office,222,40.739186,-74.001209,2024,1,38438.0,,0.0,0.0,0.0,0.0,0.0,0.0,False,steam,False,False,steam_radiators,0.0,0.3927886633360209,0.3927886633360209,0.0,0.0,insufficient data: only 1 year of LL84 records,excluded,,
53351492,157 W 18th Street,1007940009,Office,528,40.740526,-73.996575,2024,1,26644.0,,0.0,0.0,0.0,0.0,0.0,0.0,False,steam,False,False,steam_radiators,0.0,0.3927886633360209,0.3927886633360209,0.0,0.0,insufficient data: only 1 year of LL84 records,excluded,,
7435863,Icon West 25 Street,1008010019,Office,933,40.744648,-73.992937,2024,1,45386.0,,0.0,0.0,0.0,0.0,0.0,0.0,False,steam,False,False,steam_radiators,0.0,0.3927886633360209,0.3927886633360209,0.0,0.0,insufficient data: only 1 year of LL84 records,excluded,,
6812204,Moore Hotel,1007450040,Hotel,485,40.744802,-73.999401,2024,1,32726.0,,0.0,0.0,0.0,0.0,0.0,0.0,True,steam,False,False,steam_radiators,0.0,0.3927886633360209,0.3927886633360209,0.0,0.0,insufficient data: only 1 year of LL84 records,excluded,,
6801920,LL84 - Winter- 550 West 25th Street,1006960058,Parking,943,40.749666,-74.004887,2024,1,5596.0,,0.0,0.0,0.0,0.0,0.0,0.0,False,steam,False,False,steam_radiators,0.0,0.3927886633360209,0.3927886633360209,0.0,0.0,insufficient data: only 1 year of LL84 records,excluded,,
6282832,Parkland: 97 Charles St,1006210027,Parking,743,40.734578,-74.005333,2024,1,27316.0,,0.0,0.0,0.0,0.0,0.0,0.0,False,steam,False,False,steam_radiators,0.0,0.3927886633360209,0.3927886633360209,0.0,0.0,insufficient data: only 1 year of LL84 records,excluded,,
15667798,URA Group - 405 W 13th Street,1006460049,Office,273,40.740432,-74.006243,2022,1,39751.0,,0.0,0.0,0.0,0.0,0.0,0.0,False,steam,False,False,steam_radiators,0.0,0.3927886633360209,0.3927886633360209,0.0,0.0,insufficient data: only 1 year of LL84 records,excluded,,
7565449,61 - St Columba - School,1007490017,K-12 School,761,40.74699,-73.998509,"2023,2024",2,31797.0,,0.0,0.0,0.0,0.0,0.0,0.0,False,steam,False,False,steam_radiators,0.0,0.3927886633360209,0.3927886633360209,0.0,0.0,heat demand below 2 GWh/yr (too small for a street connection),excluded,,
6667548,AKAM WVH - 690 Washington Street,1006370030,Multifamily Housing,916,40.734353,-74.008483,"2023,2024",2,37996.0,21.0,0.0,0.0,0.0,0.0,0.0,0.0,True,steam,True,False,steam_radiators,0.0,,,,,heat demand below 2 GWh/yr (too small for a street connection),excluded,,
15988908,875 Washington Street,1006460027,Office,325,40.741483,-74.007066,"2022,2023,2024",3,53658.0,,0.0,0.0,0.0,0.0,0.0,0.0,True,steam,False,False,steam_radiators,0.0,0.3927886633360209,0.3927886633360209,0.0,0.0,heat demand below 2 GWh/yr (too small for a street connection),excluded,,
21355707,DPR_5659_Chelsea Park Comfort Station,1007240100,Other - Recreation,977,,,"2022,2023,2024",3,984.0,,0.0,0.0,0.0,0.0,0.0,0.0,True,steam,False,False,steam_radiators,0.0,0.3927886633360209,0.3927886633360209,0.0,0.0,heat demand below 2 GWh/yr (too small for a street connection),excluded,,
26634247,KINSEY EQUITIES LLC : 109 West 24 Street,1008000033,Office,931,40.743825,-73.992901,"2022,2023,2024",3,45657.0,2.0,0.0,0.0,0.0,0.0,0.0,0.0,True,steam,False,False,steam_radiators,0.0,0.3927886633360209,0.3927886633360209,0.0,0.0,heat demand below 2 GWh/yr (too small for a street connection),excluded,,
6333460,Eagle Point - 521-527 West 20th Street,1006920019,Office,638,40.746248,-74.006536,"2022,2023,2024",3,94622.0,,0.0,0.0,0.0,0.0,0.0,0.0,False,steam,False,False,steam_radiators,0.0,0.3927886633360209,0.3927886633360209,0.0,0.0,heat demand below 2 GWh/yr (too small for a street connection),excluded,,
6682900,Garage: 160 W 10th St,1006100017,Parking,802,40.734416,-74.001801,"2022,2023,2024",3,38520.0,,0.0,0.0,0.0,0.0,0.0,0.0,False,steam,False,False,steam_radiators,0.0,0.3927886633360209,0.3927886633360209,0.0,0.0,heat demand below 2 GWh/yr (too small for a street connection),excluded,,
6802621,Piermont: 125 West 16th St.,1007920020,Multifamily Housing,566,40.739079,-73.996781,"2022,2023,2024",3,41306.0,60.0,0.0,0.0,0.0,0.0,0.0,0.0,True,steam,True,False,steam_radiators,0.0,,,,,heat demand below 2 GWh/yr (too small for a street connection),excluded,,
10497534,548 West 22nd Street,1006930059,Museum,781,40.747676,-74.006236,"2022,2024",2,38100.0,,0.0,0.0,0.0,0.0,0.0,0.0,False,steam,False,False,steam_radiators,0.0,0.3927886633360209,0.3927886633360209,0.0,0.0,heat demand below 2 GWh/yr (too small for a street connection),excluded,,
10819672,93 Christopher Street,1006190050,Multifamily Housing,872,40.733436,-74.004052,"2023,2024",2,3705.0,4.0,0.0,0.0,0.0,0.0,0.0,0.0,False,steam,True,False,steam_radiators,0.0,,,,,heat demand below 2 GWh/yr (too small for a street connection),excluded,,
11173623,AAR: 400 W 23 St (child),1007200047,Multifamily Housing,570,40.746666,-74.001758,"2022,2023",2,23608.0,20.0,0.0,0.0,0.0,0.0,0.0,0.0,False,steam,True,False,steam_radiators,0.0,,,,,heat demand below 2 GWh/yr (too small for a street connection),excluded,,
15568359,AKAM WVH - 352 West 11th Street,1006370066,Multifamily Housing,832,40.735437,-74.008841,"2023,2024",2,59820.0,72.0,0.0,0.0,0.0,0.0,0.0,0.0,False,steam,True,False,steam_radiators,0.0,,,,,heat demand below 2 GWh/yr (too small for a street connection),excluded,,
26618193,405 West 13th Street,1006460049,Office,273,40.740432,-74.006243,"2023,2024",2,47343.0,,0.0,0.0,0.0,0.0,0.0,0.0,False,steam,False,False,steam_radiators,0.0,0.3927886633360209,0.3927886633360209,0.0,0.0,heat demand below 2 GWh/yr (too small for a street connection),excluded,,
33561235,291 7th Ave Condo : 31 WEST 11 STREET,1005757502,Multifamily Housing,942,40.734537,-73.996218,"2023,2024",2,32529.0,6.0,0.0,0.0,0.0,0.0,0.0,0.0,True,steam,True,False,steam_radiators,0.0,,,,,heat demand below 2 GWh/yr (too small for a street connection),excluded,,
4945597,AKAM - WVH 726 Washington Street,1006380019,Multifamily Housing,776,40.735843,-74.00835,"2023,2024",2,118350.0,100.0,0.0,0.0,0.0,0.0,0.0,0.0,True,steam,True,False,steam_radiators,0.0,,,,,heat demand below 2 GWh/yr (too small for a street connection),excluded,,
6382008,241 West 26th Street,1007760012,Office,869,40.746633,-73.995723,"2023,2024",2,29325.5,,0.0,0.0,0.0,0.0,0.0,0.0,True,steam,False,False,steam_radiators,0.0,0.3927886633360209,0.3927886633360209,0.0,0.0,heat demand below 2 GWh/yr (too small for a street connection),excluded,,
7440717,37 West 17th Street,1008190017,Office,820,40.738475,-73.99353,2023,1,35000.0,,0.0,0.0,0.0,0.0,0.0,0.0,False,steam,False,False,steam_radiators,0.0,0.3927886633360209,0.3927886633360209,0.0,0.0,insufficient data: only 1 year of LL84 records,excluded,,
