{"type": "FeatureCollection", "features": [{"type": "Feature", "geometry": {"type": "Point", "coordinates": [-74.0032081, 40.7413598]}, "properties": {"id": "source:111_8th", "name": "111 8th Avenue (heat source)", "role": "source"}}, {"type": "Feature", "geometry": {"type": "Point", "coordinates": [-73.997178, 40.747116]}, "properties": {"id": "3616164", "name": "Penn South", "use_type": "Multifamily Housing", "dist_m": 609.0, "status": "excluded", "reason": "insufficient data: only 1 year of LL84 records", "heat_fuel_MWh": 64850.0, "steam_MWh": 0.0, "gas_MWh": 48441.0, "useful_demand_MWh": 55123.0, "servable_share": 1.0, "heating_system": "hydronic_assumed", "nycha": false, "n_years": 1, "source": "LL84 (S01) via outputs/features/offtakers_features.csv"}}, {"type": "Feature", "geometry": {"type": "Point", "coordinates": [-74.004478, 40.742321]}, "properties": {"id": "2831044", "name": "FULTON", "use_type": "Multifamily Housing", "dist_m": 234.0, "status": "shortlisted", "reason": "", "heat_fuel_MWh": 29396.0, "steam_MWh": 29396.0, "gas_MWh": 0.0, "useful_demand_MWh": 22635.0, "servable_share": 0.33, "heating_system": "steam_radiators", "nycha": true, "n_years": 3, "source": "LL84 (S01) via outputs/features/offtakers_features.csv"}}, {"type": "Feature", "geometry": {"type": "Point", "coordinates": [-74.002436, 40.75005]}, "properties": {"id": "4473909", "name": "ELLIOTT/CHELSEA ADDITION CAMPUS", "use_type": "Multifamily Housing", "dist_m": 852.0, "status": "shortlisted", "reason": "", "heat_fuel_MWh": 16154.0, "steam_MWh": 0.0, "gas_MWh": 16154.0, "useful_demand_MWh": 13731.0, "servable_share": 0.41, "heating_system": "steam_radiators", "nycha": true, "n_years": 3, "source": "LL84 (S01) via outputs/features/offtakers_features.csv"}}, {"type": "Feature", "geometry": {"type": "Point", "coordinates": [-73.995034, 40.747127]}, "properties": {"id": "33910479", "name": "FIT_10242_FIT: Nagler Hall", "use_type": "Residence Hall/Dormitory", "dist_m": 926.0, "status": "excluded", "reason": "insufficient data: only 1 year of LL84 records", "heat_fuel_MWh": 15425.0, "steam_MWh": 15425.0, "gas_MWh": 0.0, "useful_demand_MWh": 11877.0, "servable_share": 0.39, "heating_system": "steam_radiators", "nycha": false, "n_years": 1, "source": "LL84 (S01) via outputs/features/offtakers_features.csv"}}, {"type": "Feature", "geometry": {"type": "Point", "coordinates": [-74.002436, 40.74697]}, "properties": {"id": "33987261", "name": "600 - 435 West 23rd Street", "use_type": "Multifamily Housing", "dist_m": 679.0, "status": "excluded", "reason": "insufficient data: only 1 year of LL84 records", "heat_fuel_MWh": 14230.0, "steam_MWh": 0.0, "gas_MWh": 14230.0, "useful_demand_MWh": 12095.0, "servable_share": 1.0, "heating_system": "hydronic_assumed", "nycha": false, "n_years": 1, "source": "LL84 (S01) via outputs/features/offtakers_features.csv"}}, {"type": "Feature", "geometry": {"type": "Point", "coordinates": [-74.004713, 40.741876]}, "properties": {"id": "4040951", "name": "Manhattan Chelsea Market", "use_type": "Office", "dist_m": 274.0, "status": "shortlisted", "reason": "", "heat_fuel_MWh": 12377.0, "steam_MWh": 0.0, "gas_MWh": 12377.0, "useful_demand_MWh": 10520.0, "servable_share": 1.0, "heating_system": "hydronic_assumed", "nycha": false, "n_years": 3, "source": "LL84 (S01) via outputs/features/offtakers_features.csv"}}, {"type": "Feature", "geometry": {"type": "Point", "coordinates": [-74.001339, 40.748178]}, "properties": {"id": "2830989", "name": "CHELSEA", "use_type": "Multifamily Housing", "dist_m": 816.0, "status": "shortlisted", "reason": "", "heat_fuel_MWh": 12062.0, "steam_MWh": 0.0, "gas_MWh": 12062.0, "useful_demand_MWh": 10253.0, "servable_share": 0.33, "heating_system": "steam_radiators", "nycha": true, "n_years": 3, "source": "LL84 (S01) via outputs/features/offtakers_features.csv"}}, {"type": "Feature", "geometry": {"type": "Point", "coordinates": [-74.001018, 40.736656]}, "properties": {"id": "60087394", "name": "The Greenwich Lane - Parent", "use_type": "Multifamily Housing", "dist_m": 599.0, "status": "excluded", "reason": "insufficient data: only 1 year of LL84 records", "heat_fuel_MWh": 12048.0, "steam_MWh": 11903.0, "gas_MWh": 145.0, "useful_demand_MWh": 9277.0, "servable_share": 0.17, "heating_system": "steam_radiators", "nycha": false, "n_years": 1, "source": "LL84 (S01) via outputs/features/offtakers_features.csv"}}, {"type": "Feature", "geometry": {"type": "Point", "coordinates": [-74.003046, 40.747226]}, "properties": {"id": "4769672", "name": "London Terrace Towers", "use_type": "Multifamily Housing", "dist_m": 727.0, "status": "shortlisted", "reason": "", "heat_fuel_MWh": 11674.0, "steam_MWh": 0.0, "gas_MWh": 11674.0, "useful_demand_MWh": 9923.0, "servable_share": 1.0, "heating_system": "hydronic_assumed", "nycha": false, "n_years": 3, "source": "LL84 (S01) via outputs/features/offtakers_features.csv"}}, {"type": "Feature", "geometry": {"type": "Point", "coordinates": [-74.001844, 40.740704]}, "properties": {"id": "7536925", "name": "111 Eighth Avenue", "use_type": "Office", "dist_m": 0.0, "status": "shortlisted", "reason": "", "heat_fuel_MWh": 11501.0, "steam_MWh": 10190.0, "gas_MWh": 1312.0, "useful_demand_MWh": 8856.0, "servable_share": 0.39, "heating_system": "steam_radiators", "nycha": false, "n_years": 3, "source": "LL84 (S01) via outputs/features/offtakers_features.csv"}}, {"type": "Feature", "geometry": {"type": "Point", "coordinates": [-73.994926, 40.747099]}, "properties": {"id": "21354471", "name": "Benchmarking Group - 3", "use_type": "College/University", "dist_m": 923.0, "status": "eligible_not_shortlisted", "reason": "eligible but below the shortlist cut (rank 29 by servable heat per metre, max 2 per building type)", "heat_fuel_MWh": 10652.0, "steam_MWh": 10408.0, "gas_MWh": 244.0, "useful_demand_MWh": 8202.0, "servable_share": 0.39, "heating_system": "steam_radiators", "nycha": false, "n_years": 3, "source": "LL84 (S01) via outputs/features/offtakers_features.csv"}}, {"type": "Feature", "geometry": {"type": "Point", "coordinates": [-73.993754, 40.736949]}, "properties": {"id": "4039173", "name": "Century - 10 West 15th Street", "use_type": "Multifamily Housing", "dist_m": 922.0, "status": "excluded", "reason": "insufficient data: only 1 year of LL84 records", "heat_fuel_MWh": 8473.0, "steam_MWh": 0.0, "gas_MWh": 8473.0, "useful_demand_MWh": 7202.0, "servable_share": 1.0, "heating_system": "hydronic_assumed", "nycha": false, "n_years": 1, "source": "LL84 (S01) via outputs/features/offtakers_features.csv"}}, {"type": "Feature", "geometry": {"type": "Point", "coordinates": [-74.005955, 40.74369]}, "properties": {"id": "3114461", "name": "The Caledonia", "use_type": "Multifamily Housing", "dist_m": 357.0, "status": "excluded", "reason": "insufficient data: only 1 year of LL84 records", "heat_fuel_MWh": 8220.0, "steam_MWh": 0.0, "gas_MWh": 8220.0, "useful_demand_MWh": 6987.0, "servable_share": 1.0, "heating_system": "hydronic_assumed", "nycha": false, "n_years": 1, "source": "LL84 (S01) via outputs/features/offtakers_features.csv"}}, {"type": "Feature", "geometry": {"type": "Point", "coordinates": [-73.9984735, 40.741305499999996]}, "properties": {"id": "6666490", "name": "DEPM 1174 - 212 West 18th Street", "use_type": "Multifamily Housing", "dist_m": 377.0, "status": "eligible_not_shortlisted", "reason": "eligible but below the shortlist cut (rank 49 by servable heat per metre, max 2 per building type)", "heat_fuel_MWh": 8166.0, "steam_MWh": 8166.0, "gas_MWh": 0.0, "useful_demand_MWh": 6288.0, "servable_share": 0.06, "heating_system": "steam_radiators", "nycha": false, "n_years": 2, "source": "LL84 (S01) via outputs/features/offtakers_features.csv"}}, {"type": "Feature", "geometry": {"type": "Point", "coordinates": [-74.007719, 40.740624]}, "properties": {"id": "4410272", "name": "Standard Hotel", "use_type": "Hotel", "dist_m": 414.0, "status": "excluded", "reason": "insufficient data: only 1 year of LL84 records", "heat_fuel_MWh": 6666.0, "steam_MWh": 0.0, "gas_MWh": 6666.0, "useful_demand_MWh": 5666.0, "servable_share": 1.0, "heating_system": "hydronic_assumed", "nycha": false, "n_years": 1, "source": "LL84 (S01) via outputs/features/offtakers_features.csv"}}, {"type": "Feature", "geometry": {"type": "Point", "coordinates": [-73.993469, 40.737666]}, "properties": {"id": "4951912", "name": "AKAM - 16 West 16th Street", "use_type": "Multifamily Housing", "dist_m": 900.0, "status": "eligible_not_shortlisted", "reason": "eligible but below the shortlist cut (rank 15 by servable heat per metre, max 2 per building type)", "heat_fuel_MWh": 6420.0, "steam_MWh": 0.0, "gas_MWh": 6420.0, "useful_demand_MWh": 5457.0, "servable_share": 1.0, "heating_system": "hydronic_assumed", "nycha": false, "n_years": 2, "source": "LL84 (S01) via outputs/features/offtakers_features.csv"}}, {"type": "Feature", "geometry": {"type": "Point", "coordinates": [-74.0093, 40.743449]}, "properties": {"id": "20800809", "name": "Pier 57", "use_type": "Office", "dist_m": 669.0, "status": "eligible_not_shortlisted", "reason": "eligible but below the shortlist cut (rank 11 by servable heat per metre, max 2 per building type)", "heat_fuel_MWh": 6332.0, "steam_MWh": 0.0, "gas_MWh": 6326.0, "useful_demand_MWh": 5382.0, "servable_share": 1.0, "heating_system": "hydronic_assumed", "nycha": false, "n_years": 3, "source": "LL84 (S01) via outputs/features/offtakers_features.csv"}}, {"type": "Feature", "geometry": {"type": "Point", "coordinates": [-74.008754, 40.739386]}, "properties": {"id": "5777220", "name": "Whitney Museum of American Art", "use_type": "Museum", "dist_m": 518.0, "status": "eligible_not_shortlisted", "reason": "eligible but below the shortlist cut (rank 9 by servable heat per metre, max 2 per building type)", "heat_fuel_MWh": 5960.0, "steam_MWh": 0.0, "gas_MWh": 5960.0, "useful_demand_MWh": 5066.0, "servable_share": 1.0, "heating_system": "hydronic_assumed", "nycha": false, "n_years": 3, "source": "LL84 (S01) via outputs/features/offtakers_features.csv"}}, {"type": "Feature", "geometry": {"type": "Point", "coordinates": [-73.999733, 40.736016]}, "properties": {"id": "6311955", "name": "The Greenwich Lane", "use_type": "Multifamily Housing", "dist_m": 599.0, "status": "eligible_not_shortlisted", "reason": "eligible but below the shortlist cut (rank 36 by servable heat per metre, max 2 per building type)", "heat_fuel_MWh": 5938.0, "steam_MWh": 11460.0, "gas_MWh": 208.0, "useful_demand_MWh": 4572.0, "servable_share": 0.35, "heating_system": "steam_radiators", "nycha": false, "n_years": 2, "source": "LL84 (S01) via outputs/features/offtakers_features.csv"}}, {"type": "Feature", "geometry": {"type": "Point", "coordinates": [-74.002136, 40.742867]}, "properties": {"id": "1633052", "name": "M440 (OECID: 0100175; BBL: 1007420007)", "use_type": "K-12 School", "dist_m": 230.0, "status": "shortlisted", "reason": "", "heat_fuel_MWh": 5599.0, "steam_MWh": 0.0, "gas_MWh": 5599.0, "useful_demand_MWh": 4759.0, "servable_share": 1.0, "heating_system": "hydronic_assumed", "nycha": false, "n_years": 3, "source": "LL84 (S01) via outputs/features/offtakers_features.csv"}}, {"type": "Feature", "geometry": {"type": "Point", "coordinates": [-74.005836, 40.7484]}, "properties": {"id": "4136687", "name": "555W23 Condominium (555 W 23 St)", "use_type": "Multifamily Housing", "dist_m": 865.0, "status": "excluded", "reason": "insufficient data: only 1 year of LL84 records", "heat_fuel_MWh": 5570.0, "steam_MWh": 0.0, "gas_MWh": 5570.0, "useful_demand_MWh": 4734.0, "servable_share": 1.0, "heating_system": "hydronic_assumed", "nycha": false, "n_years": 1, "source": "LL84 (S01) via outputs/features/offtakers_features.csv"}}, {"type": "Feature", "geometry": {"type": "Point", "coordinates": [-74.000585, 40.737328]}, "properties": {"id": "3522266", "name": "NH Lenox Health, Greenwich Village 1011094", "use_type": "Hospital (General Medical & Surgical)", "dist_m": 451.0, "status": "excluded", "reason": "insufficient data: only 1 year of LL84 records", "heat_fuel_MWh": 5438.0, "steam_MWh": 5438.0, "gas_MWh": 0.0, "useful_demand_MWh": 4187.0, "servable_share": 0.39, "heating_system": "steam_radiators", "nycha": false, "n_years": 1, "source": "LL84 (S01) via outputs/features/offtakers_features.csv"}}, {"type": "Feature", "geometry": {"type": "Point", "coordinates": [-73.995338, 40.736738]}, "properties": {"id": "2654491", "name": "Milstein - 55 West 14th Street", "use_type": "Multifamily Housing", "dist_m": 751.0, "status": "excluded", "reason": "insufficient data: only 1 year of LL84 records", "heat_fuel_MWh": 5385.0, "steam_MWh": 0.0, "gas_MWh": 5385.0, "useful_demand_MWh": 4577.0, "servable_share": 1.0, "heating_system": "hydronic_assumed", "nycha": false, "n_years": 1, "source": "LL84 (S01) via outputs/features/offtakers_features.csv"}}, {"type": "Feature", "geometry": {"type": "Point", "coordinates": [-74.005919, 40.74756]}, "properties": {"id": "26497677", "name": "The Cortland", "use_type": "Multifamily Housing", "dist_m": 836.0, "status": "excluded", "reason": "insufficient data: only 1 year of LL84 records", "heat_fuel_MWh": 5210.0, "steam_MWh": 0.0, "gas_MWh": 5210.0, "useful_demand_MWh": 4428.0, "servable_share": 1.0, "heating_system": "hydronic_assumed", "nycha": false, "n_years": 1, "source": "LL84 (S01) via outputs/features/offtakers_features.csv"}}, {"type": "Feature", "geometry": {"type": "Point", "coordinates": [-73.993302, 40.744802]}, "properties": {"id": "53500792", "name": "ROYAL EQUITIES OPERATING, LLC:151 WEST 25 STREET", "use_type": "Office", "dist_m": 906.0, "status": "excluded", "reason": "insufficient data: only 1 year of LL84 records", "heat_fuel_MWh": 5093.0, "steam_MWh": 0.0, "gas_MWh": 5053.0, "useful_demand_MWh": 4329.0, "servable_share": 1.0, "heating_system": "hydronic_assumed", "nycha": false, "n_years": 1, "source": "LL84 (S01) via outputs/features/offtakers_features.csv"}}, {"type": "Feature", "geometry": {"type": "Point", "coordinates": [-73.993202, 40.736592]}, "properties": {"id": "2652722", "name": "96 Fifth Avenue", "use_type": "Multifamily Housing", "dist_m": 961.0, "status": "eligible_not_shortlisted", "reason": "eligible but below the shortlist cut (rank 20 by servable heat per metre, max 2 per building type)", "heat_fuel_MWh": 4944.0, "steam_MWh": 0.0, "gas_MWh": 159.0, "useful_demand_MWh": 4202.0, "servable_share": 1.0, "heating_system": "hydronic_assumed", "nycha": false, "n_years": 2, "source": "LL84 (S01) via outputs/features/offtakers_features.csv"}}, {"type": "Feature", "geometry": {"type": "Point", "coordinates": [-74.003244, 40.741802]}, "properties": {"id": "19906892", "name": "363 West 16th Street", "use_type": "Hotel", "dist_m": 132.0, "status": "shortlisted", "reason": "", "heat_fuel_MWh": 4730.0, "steam_MWh": 0.0, "gas_MWh": 4730.0, "useful_demand_MWh": 4020.0, "servable_share": 1.0, "heating_system": "hydronic_assumed", "nycha": false, "n_years": 3, "source": "LL84 (S01) via outputs/features/offtakers_features.csv"}}, {"type": "Feature", "geometry": {"type": "Point", "coordinates": [-73.999636, 40.738599]}, "properties": {"id": "4038849", "name": "Orsid - 61 7th Avenue", "use_type": "Multifamily Housing", "dist_m": 453.0, "status": "eligible_not_shortlisted", "reason": "eligible but below the shortlist cut (rank 18 by servable heat per metre, max 2 per building type)", "heat_fuel_MWh": 4725.0, "steam_MWh": 4251.0, "gas_MWh": 473.0, "useful_demand_MWh": 3638.0, "servable_share": 0.6, "heating_system": "steam_radiators", "nycha": false, "n_years": 2, "source": "LL84 (S01) via outputs/features/offtakers_features.csv"}}, {"type": "Feature", "geometry": {"type": "Point", "coordinates": [-74.005302, 40.748175]}, "properties": {"id": "3114446", "name": "Tate", "use_type": "Multifamily Housing", "dist_m": 825.0, "status": "excluded", "reason": "insufficient data: only 1 year of LL84 records", "heat_fuel_MWh": 4633.0, "steam_MWh": 0.0, "gas_MWh": 4633.0, "useful_demand_MWh": 3938.0, "servable_share": 1.0, "heating_system": "hydronic_assumed", "nycha": false, "n_years": 1, "source": "LL84 (S01) via outputs/features/offtakers_features.csv"}}, {"type": "Feature", "geometry": {"type": "Point", "coordinates": [-74.003855, 40.750034]}, "properties": {"id": "6434657", "name": "518 W. 26th Street", "use_type": "Office", "dist_m": 964.0, "status": "excluded", "reason": "insufficient data: only 1 year of LL84 records", "heat_fuel_MWh": 4619.0, "steam_MWh": 0.0, "gas_MWh": 4619.0, "useful_demand_MWh": 3926.0, "servable_share": 1.0, "heating_system": "hydronic_assumed", "nycha": false, "n_years": 1, "source": "LL84 (S01) via outputs/features/offtakers_features.csv"}}, {"type": "Feature", "geometry": {"type": "Point", "coordinates": [-74.00502, 40.74144]}, "properties": {"id": "8899918", "name": "61 9th Ave", "use_type": "Other - Technology/Science", "dist_m": 183.0, "status": "shortlisted", "reason": "", "heat_fuel_MWh": 4325.0, "steam_MWh": 0.0, "gas_MWh": 4325.0, "useful_demand_MWh": 3676.0, "servable_share": 1.0, "heating_system": "hydronic_assumed", "nycha": false, "n_years": 3, "source": "LL84 (S01) via outputs/features/offtakers_features.csv"}}, {"type": "Feature", "geometry": {"type": "Point", "coordinates": [-73.994919, 40.745112]}, "properties": {"id": "2632792", "name": "The Chelsea Mercantile", "use_type": "Multifamily Housing", "dist_m": 785.0, "status": "excluded", "reason": "insufficient data: only 1 year of LL84 records", "heat_fuel_MWh": 4321.0, "steam_MWh": 0.0, "gas_MWh": 4321.0, "useful_demand_MWh": 3673.0, "servable_share": 1.0, "heating_system": "hydronic_assumed", "nycha": false, "n_years": 1, "source": "LL84 (S01) via outputs/features/offtakers_features.csv"}}, {"type": "Feature", "geometry": {"type": "Point", "coordinates": [-73.996629, 40.74206]}, "properties": {"id": "3114488", "name": "Westminster", "use_type": "Multifamily Housing", "dist_m": 538.0, "status": "excluded", "reason": "insufficient data: only 1 year of LL84 records", "heat_fuel_MWh": 4244.0, "steam_MWh": 0.0, "gas_MWh": 4244.0, "useful_demand_MWh": 3607.0, "servable_share": 1.0, "heating_system": "hydronic_assumed", "nycha": false, "n_years": 1, "source": "LL84 (S01) via outputs/features/offtakers_features.csv"}}, {"type": "Feature", "geometry": {"type": "Point", "coordinates": [-74.007719, 40.740624]}, "properties": {"id": "35500619", "name": "The Standard Hotel", "use_type": "Hotel", "dist_m": 414.0, "status": "excluded", "reason": "insufficient data: only 1 year of LL84 records", "heat_fuel_MWh": 4001.0, "steam_MWh": 0.0, "gas_MWh": 4001.0, "useful_demand_MWh": 3400.0, "servable_share": 1.0, "heating_system": "hydronic_assumed", "nycha": false, "n_years": 1, "source": "LL84 (S01) via outputs/features/offtakers_features.csv"}}, {"type": "Feature", "geometry": {"type": "Point", "coordinates": [-74.001086, 40.735209]}, "properties": {"id": "24317571", "name": "15 Charles at Waverly Place Condominium (15 Charles Street)", "use_type": "Multifamily Housing", "dist_m": 685.0, "status": "excluded", "reason": "insufficient data: only 1 year of LL84 records", "heat_fuel_MWh": 3975.0, "steam_MWh": 0.0, "gas_MWh": 3975.0, "useful_demand_MWh": 3379.0, "servable_share": 1.0, "heating_system": "hydronic_assumed", "nycha": false, "n_years": 1, "source": "LL84 (S01) via outputs/features/offtakers_features.csv"}}, {"type": "Feature", "geometry": {"type": "Point", "coordinates": [-73.995847, 40.735217]}, "properties": {"id": "2704587", "name": "Orsid - 37 West 12th St (parent)", "use_type": "Multifamily Housing", "dist_m": 906.0, "status": "eligible_not_shortlisted", "reason": "eligible but below the shortlist cut (rank 28 by servable heat per metre, max 2 per building type)", "heat_fuel_MWh": 3863.0, "steam_MWh": 0.0, "gas_MWh": 3863.0, "useful_demand_MWh": 3284.0, "servable_share": 1.0, "heating_system": "hydronic_assumed", "nycha": false, "n_years": 2, "source": "LL84 (S01) via outputs/features/offtakers_features.csv"}}, {"type": "Feature", "geometry": {"type": "Point", "coordinates": [-74.00703, 40.744928]}, "properties": {"id": "22839039", "name": "Lantern House", "use_type": "Multifamily Housing", "dist_m": 518.0, "status": "excluded", "reason": "insufficient data: only 1 year of LL84 records", "heat_fuel_MWh": 3775.0, "steam_MWh": 0.0, "gas_MWh": 3775.0, "useful_demand_MWh": 3209.0, "servable_share": 1.0, "heating_system": "hydronic_assumed", "nycha": false, "n_years": 1, "source": "LL84 (S01) via outputs/features/offtakers_features.csv"}}, {"type": "Feature", "geometry": {"type": "Point", "coordinates": [-73.997676, 40.737704]}, "properties": {"id": "32887548", "name": "The Salvation Army DHQ", "use_type": "Office", "dist_m": 593.0, "status": "excluded", "reason": "insufficient data: only 1 year of LL84 records", "heat_fuel_MWh": 3679.0, "steam_MWh": 3485.0, "gas_MWh": 194.0, "useful_demand_MWh": 2833.0, "servable_share": 0.39, "heating_system": "steam_radiators", "nycha": false, "n_years": 1, "source": "LL84 (S01) via outputs/features/offtakers_features.csv"}}, {"type": "Feature", "geometry": {"type": "Point", "coordinates": [-74.005759, 40.7381475]}, "properties": {"id": "5876479", "name": "DEPM 2548 - 61 Jane Street", "use_type": "Multifamily Housing", "dist_m": 395.0, "status": "eligible_not_shortlisted", "reason": "eligible but below the shortlist cut (rank 12 by servable heat per metre, max 2 per building type)", "heat_fuel_MWh": 3487.0, "steam_MWh": 0.0, "gas_MWh": 3487.0, "useful_demand_MWh": 2964.0, "servable_share": 1.0, "heating_system": "hydronic_assumed", "nycha": false, "n_years": 2, "source": "LL84 (S01) via outputs/features/offtakers_features.csv"}}, {"type": "Feature", "geometry": {"type": "Point", "coordinates": [-73.996467, 40.7381955]}, "properties": {"id": "2665791", "name": "Stonehenge - 555 Sixth Avenue", "use_type": "Multifamily Housing", "dist_m": 647.0, "status": "eligible_not_shortlisted", "reason": "eligible but below the shortlist cut (rank 19 by servable heat per metre, max 2 per building type)", "heat_fuel_MWh": 3410.0, "steam_MWh": 0.0, "gas_MWh": 64.0, "useful_demand_MWh": 2899.0, "servable_share": 1.0, "heating_system": "hydronic_assumed", "nycha": false, "n_years": 2, "source": "LL84 (S01) via outputs/features/offtakers_features.csv"}}, {"type": "Feature", "geometry": {"type": "Point", "coordinates": [-73.998228, 40.736222]}, "properties": {"id": "20586441", "name": "Orsid - 101 West 12 Street", "use_type": "Multifamily Housing", "dist_m": 699.0, "status": "eligible_not_shortlisted", "reason": "eligible but below the shortlist cut (rank 26 by servable heat per metre, max 2 per building type)", "heat_fuel_MWh": 3377.0, "steam_MWh": 0.0, "gas_MWh": 3377.0, "useful_demand_MWh": 2871.0, "servable_share": 1.0, "heating_system": "hydronic_assumed", "nycha": false, "n_years": 2, "source": "LL84 (S01) via outputs/features/offtakers_features.csv"}}, {"type": "Feature", "geometry": {"type": "Point", "coordinates": [-73.994435, 40.745743]}, "properties": {"id": "4390390", "name": "275 Seventh Avenue", "use_type": "Office", "dist_m": 893.0, "status": "eligible_not_shortlisted", "reason": "eligible but below the shortlist cut (rank 33 by servable heat per metre, max 2 per building type)", "heat_fuel_MWh": 3313.0, "steam_MWh": 0.0, "gas_MWh": 1.0, "useful_demand_MWh": 2816.0, "servable_share": 1.0, "heating_system": "hydronic_assumed", "nycha": false, "n_years": 2, "source": "LL84 (S01) via outputs/features/offtakers_features.csv"}}, {"type": "Feature", "geometry": {"type": "Point", "coordinates": [-73.998917, 40.745466]}, "properties": {"id": "2665742", "name": "DEPM 2344 - 300 West 23rd St", "use_type": "Multifamily Housing", "dist_m": 555.0, "status": "excluded", "reason": "insufficient data: only 1 year of LL84 records", "heat_fuel_MWh": 3060.0, "steam_MWh": 0.0, "gas_MWh": 411.0, "useful_demand_MWh": 2601.0, "servable_share": 1.0, "heating_system": "hydronic_assumed", "nycha": false, "n_years": 1, "source": "LL84 (S01) via outputs/features/offtakers_features.csv"}}, {"type": "Feature", "geometry": {"type": "Point", "coordinates": [-73.997492, 40.738519]}, "properties": {"id": "31428966", "name": "The Sierra Chelsea (sr09)", "use_type": "Multifamily Housing", "dist_m": 587.0, "status": "eligible_not_shortlisted", "reason": "eligible but below the shortlist cut (rank 21 by servable heat per metre, max 2 per building type)", "heat_fuel_MWh": 3049.0, "steam_MWh": 0.0, "gas_MWh": 3049.0, "useful_demand_MWh": 2592.0, "servable_share": 1.0, "heating_system": "hydronic_assumed", "nycha": false, "n_years": 2, "source": "LL84 (S01) via outputs/features/offtakers_features.csv"}}, {"type": "Feature", "geometry": {"type": "Point", "coordinates": [-74.003511, 40.745722]}, "properties": {"id": "27204965", "name": "GTS - 440 West 21 Street/175 9th Ave", "use_type": "Multifamily Housing", "dist_m": 463.0, "status": "excluded", "reason": "insufficient data: only 1 year of LL84 records", "heat_fuel_MWh": 3040.0, "steam_MWh": 0.0, "gas_MWh": 3040.0, "useful_demand_MWh": 2584.0, "servable_share": 1.0, "heating_system": "hydronic_assumed", "nycha": false, "n_years": 1, "source": "LL84 (S01) via outputs/features/offtakers_features.csv"}}, {"type": "Feature", "geometry": {"type": "Point", "coordinates": [-74.005799, 40.740369]}, "properties": {"id": "4042763", "name": "33 Ninth Avenue Condominium", "use_type": "Hotel", "dist_m": 254.0, "status": "eligible_not_shortlisted", "reason": "eligible but below the shortlist cut (rank 10 by servable heat per metre, max 2 per building type)", "heat_fuel_MWh": 3038.0, "steam_MWh": 0.0, "gas_MWh": 3038.0, "useful_demand_MWh": 2582.0, "servable_share": 1.0, "heating_system": "hydronic_assumed", "nycha": false, "n_years": 2, "source": "LL84 (S01) via outputs/features/offtakers_features.csv"}}, {"type": "Feature", "geometry": {"type": "Point", "coordinates": [-73.998722, 40.744986]}, "properties": {"id": "60316392", "name": "Copy of DEPM 2344 - 300 West 23rd St", "use_type": "Multifamily Housing", "dist_m": 555.0, "status": "excluded", "reason": "insufficient data: only 1 year of LL84 records", "heat_fuel_MWh": 2961.0, "steam_MWh": 0.0, "gas_MWh": 450.0, "useful_demand_MWh": 2517.0, "servable_share": 1.0, "heating_system": "hydronic_assumed", "nycha": false, "n_years": 1, "source": "LL84 (S01) via outputs/features/offtakers_features.csv"}}, {"type": "Feature", "geometry": {"type": "Point", "coordinates": [-74.007398, 40.743553]}, "properties": {"id": "2688331", "name": "99 Tenth Avenue (501 WEST 16 STREET)", "use_type": "Office", "dist_m": 482.0, "status": "excluded", "reason": "insufficient data: only 1 year of LL84 records", "heat_fuel_MWh": 2938.0, "steam_MWh": 0.0, "gas_MWh": 2938.0, "useful_demand_MWh": 2498.0, "servable_share": 1.0, "heating_system": "hydronic_assumed", "nycha": false, "n_years": 1, "source": "LL84 (S01) via outputs/features/offtakers_features.csv"}}, {"type": "Feature", "geometry": {"type": "Point", "coordinates": [-74.008491, 40.738761]}, "properties": {"id": "2708793", "name": "95 Horatio Street (also 521 West Street)", "use_type": "Multifamily Housing", "dist_m": 539.0, "status": "excluded", "reason": "insufficient data: only 1 year of LL84 records", "heat_fuel_MWh": 2870.0, "steam_MWh": 0.0, "gas_MWh": 2870.0, "useful_demand_MWh": 2439.0, "servable_share": 1.0, "heating_system": "hydronic_assumed", "nycha": false, "n_years": 1, "source": "LL84 (S01) via outputs/features/offtakers_features.csv"}}, {"type": "Feature", "geometry": {"type": "Point", "coordinates": [-73.993981, 40.735519]}, "properties": {"id": "34002988", "name": "74 Fifth Avenue", "use_type": "Multifamily Housing", "dist_m": 978.0, "status": "excluded", "reason": "insufficient data: only 1 year of LL84 records", "heat_fuel_MWh": 2857.0, "steam_MWh": 0.0, "gas_MWh": 1560.0, "useful_demand_MWh": 2428.0, "servable_share": 1.0, "heating_system": "hydronic_assumed", "nycha": false, "n_years": 1, "source": "LL84 (S01) via outputs/features/offtakers_features.csv"}}, {"type": "Feature", "geometry": {"type": "Point", "coordinates": [-74.001941, 40.740534]}, "properties": {"id": "54875692", "name": "DalanRE - 102-116 8th Ave", "use_type": "Multifamily Housing", "dist_m": 166.0, "status": "excluded", "reason": "insufficient data: only 1 year of LL84 records", "heat_fuel_MWh": 2802.0, "steam_MWh": 0.0, "gas_MWh": 2802.0, "useful_demand_MWh": 2382.0, "servable_share": 1.0, "heating_system": "hydronic_assumed", "nycha": false, "n_years": 1, "source": "LL84 (S01) via outputs/features/offtakers_features.csv"}}, {"type": "Feature", "geometry": {"type": "Point", "coordinates": [-74.002504, 40.738753]}, "properties": {"id": "2682646", "name": "2 Horatio Owners Corp (2 Horatio Street)", "use_type": "Multifamily Housing", "dist_m": 316.0, "status": "excluded", "reason": "insufficient data: only 1 year of LL84 records", "heat_fuel_MWh": 2751.0, "steam_MWh": 0.0, "gas_MWh": 2751.0, "useful_demand_MWh": 2339.0, "servable_share": 1.0, "heating_system": "hydronic_assumed", "nycha": false, "n_years": 1, "source": "LL84 (S01) via outputs/features/offtakers_features.csv"}}, {"type": "Feature", "geometry": {"type": "Point", "coordinates": [-74.007833, 40.74520699999999]}, "properties": {"id": "2609900", "name": "IAC 555 West 18th Street (80 11 AVENUE)", "use_type": "Office", "dist_m": 602.0, "status": "eligible_not_shortlisted", "reason": "eligible but below the shortlist cut (rank 27 by servable heat per metre, max 2 per building type)", "heat_fuel_MWh": 2750.0, "steam_MWh": 0.0, "gas_MWh": 2750.0, "useful_demand_MWh": 2338.0, "servable_share": 1.0, "heating_system": "hydronic_assumed", "nycha": false, "n_years": 2, "source": "LL84 (S01) via outputs/features/offtakers_features.csv"}}, {"type": "Feature", "geometry": {"type": "Point", "coordinates": [-73.996651, 40.745378]}, "properties": {"id": "14947903", "name": "Rudd: 250 W 24th St", "use_type": "Multifamily Housing", "dist_m": 664.0, "status": "eligible_not_shortlisted", "reason": "eligible but below the shortlist cut (rank 31 by servable heat per metre, max 2 per building type)", "heat_fuel_MWh": 2736.0, "steam_MWh": 0.0, "gas_MWh": 2659.0, "useful_demand_MWh": 2326.0, "servable_share": 1.0, "heating_system": "hydronic_assumed", "nycha": false, "n_years": 3, "source": "LL84 (S01) via outputs/features/offtakers_features.csv"}}, {"type": "Feature", "geometry": {"type": "Point", "coordinates": [-74.003511, 40.745722]}, "properties": {"id": "33935158", "name": "GTS - 440 West 21 Street/175 9th Ave", "use_type": "Multifamily Housing", "dist_m": 463.0, "status": "eligible_not_shortlisted", "reason": "eligible but below the shortlist cut (rank 17 by servable heat per metre, max 2 per building type)", "heat_fuel_MWh": 2710.0, "steam_MWh": 0.0, "gas_MWh": 2710.0, "useful_demand_MWh": 2304.0, "servable_share": 1.0, "heating_system": "hydronic_assumed", "nycha": false, "n_years": 2, "source": "LL84 (S01) via outputs/features/offtakers_features.csv"}}, {"type": "Feature", "geometry": {"type": "Point", "coordinates": [-73.99624, 40.744338]}, "properties": {"id": "2670610", "name": "Brodsky - 208 W 23rd Street", "use_type": "Multifamily Housing", "dist_m": 644.0, "status": "excluded", "reason": "insufficient data: only 1 year of LL84 records", "heat_fuel_MWh": 2658.0, "steam_MWh": 0.0, "gas_MWh": 222.0, "useful_demand_MWh": 2259.0, "servable_share": 1.0, "heating_system": "hydronic_assumed", "nycha": false, "n_years": 1, "source": "LL84 (S01) via outputs/features/offtakers_features.csv"}}, {"type": "Feature", "geometry": {"type": "Point", "coordinates": [-73.998845, 40.736464]}, "properties": {"id": "2798136", "name": "130 West 12th Street Condominium", "use_type": "Multifamily Housing", "dist_m": 671.0, "status": "eligible_not_shortlisted", "reason": "eligible but below the shortlist cut (rank 32 by servable heat per metre, max 2 per building type)", "heat_fuel_MWh": 2601.0, "steam_MWh": 0.0, "gas_MWh": 2601.0, "useful_demand_MWh": 2211.0, "servable_share": 1.0, "heating_system": "hydronic_assumed", "nycha": false, "n_years": 3, "source": "LL84 (S01) via outputs/features/offtakers_features.csv"}}, {"type": "Feature", "geometry": {"type": "Point", "coordinates": [-73.996521, 40.744459]}, "properties": {"id": "22883381", "name": "Hotel Chelsea : 222 WEST 23 STREET", "use_type": "Hotel", "dist_m": 625.0, "status": "eligible_not_shortlisted", "reason": "eligible but below the shortlist cut (rank 30 by servable heat per metre, max 2 per building type)", "heat_fuel_MWh": 2598.0, "steam_MWh": 0.0, "gas_MWh": 2598.0, "useful_demand_MWh": 2208.0, "servable_share": 1.0, "heating_system": "hydronic_assumed", "nycha": false, "n_years": 3, "source": "LL84 (S01) via outputs/features/offtakers_features.csv"}}, {"type": "Feature", "geometry": {"type": "Point", "coordinates": [-73.999264, 40.737487]}, "properties": {"id": "2384020", "name": "175 West 13th Street - Cambridge", "use_type": "Multifamily Housing", "dist_m": 482.0, "status": "excluded", "reason": "insufficient data: only 1 year of LL84 records", "heat_fuel_MWh": 2597.0, "steam_MWh": 2515.0, "gas_MWh": 82.0, "useful_demand_MWh": 2000.0, "servable_share": 0.54, "heating_system": "steam_radiators", "nycha": false, "n_years": 1, "source": "LL84 (S01) via outputs/features/offtakers_features.csv"}}, {"type": "Feature", "geometry": {"type": "Point", "coordinates": [-74.002198, 40.742129]}, "properties": {"id": "1634606", "name": "M070 (OECID: 0100079; BBL: 1007410010)", "use_type": "K-12 School", "dist_m": 153.0, "status": "shortlisted", "reason": "", "heat_fuel_MWh": 2570.0, "steam_MWh": 0.0, "gas_MWh": 84.0, "useful_demand_MWh": 2185.0, "servable_share": 1.0, "heating_system": "hydronic_assumed", "nycha": false, "n_years": 3, "source": "LL84 (S01) via outputs/features/offtakers_features.csv"}}, {"type": "Feature", "geometry": {"type": "Point", "coordinates": [-74.005041, 40.737556]}, "properties": {"id": "4389657", "name": "299 West 12th Street, New York", "use_type": "Multifamily Housing", "dist_m": 438.0, "status": "excluded", "reason": "insufficient data: only 1 year of LL84 records", "heat_fuel_MWh": 2564.0, "steam_MWh": 0.0, "gas_MWh": 2564.0, "useful_demand_MWh": 2180.0, "servable_share": 1.0, "heating_system": "hydronic_assumed", "nycha": false, "n_years": 1, "source": "LL84 (S01) via outputs/features/offtakers_features.csv"}}, {"type": "Feature", "geometry": {"type": "Point", "coordinates": [-74.001894, 40.733757]}, "properties": {"id": "15314590", "name": "45 Christopher Street", "use_type": "Multifamily Housing", "dist_m": 831.0, "status": "eligible_not_shortlisted", "reason": "eligible but below the shortlist cut (rank 35 by servable heat per metre, max 2 per building type)", "heat_fuel_MWh": 2539.0, "steam_MWh": 0.0, "gas_MWh": 63.0, "useful_demand_MWh": 2158.0, "servable_share": 1.0, "heating_system": "hydronic_assumed", "nycha": false, "n_years": 3, "source": "LL84 (S01) via outputs/features/offtakers_features.csv"}}, {"type": "Feature", "geometry": {"type": "Point", "coordinates": [-73.994843, 40.740081]}, "properties": {"id": "4128950", "name": "620 Avenue of the Americas", "use_type": "Office", "dist_m": 804.0, "status": "eligible_not_shortlisted", "reason": "eligible but below the shortlist cut (rank 34 by servable heat per metre, max 2 per building type)", "heat_fuel_MWh": 2538.0, "steam_MWh": 0.0, "gas_MWh": 5.0, "useful_demand_MWh": 2157.0, "servable_share": 1.0, "heating_system": "hydronic_assumed", "nycha": false, "n_years": 3, "source": "LL84 (S01) via outputs/features/offtakers_features.csv"}}, {"type": "Feature", "geometry": {"type": "Point", "coordinates": [-74.006502, 40.736458]}, "properties": {"id": "15620940", "name": "Left Bank Apartment Corporation (99 Bank Street)", "use_type": "Multifamily Housing", "dist_m": 576.0, "status": "excluded", "reason": "insufficient data: only 1 year of LL84 records", "heat_fuel_MWh": 2444.0, "steam_MWh": 0.0, "gas_MWh": 2444.0, "useful_demand_MWh": 2077.0, "servable_share": 1.0, "heating_system": "hydronic_assumed", "nycha": false, "n_years": 1, "source": "LL84 (S01) via outputs/features/offtakers_features.csv"}}, {"type": "Feature", "geometry": {"type": "Point", "coordinates": [-74.007546, 40.743059]}, "properties": {"id": "3114292", "name": "85 10th Ave", "use_type": "Office", "dist_m": 461.0, "status": "excluded", "reason": "insufficient data: only 1 year of LL84 records", "heat_fuel_MWh": 2413.0, "steam_MWh": 0.0, "gas_MWh": 2413.0, "useful_demand_MWh": 2051.0, "servable_share": 1.0, "heating_system": "hydronic_assumed", "nycha": false, "n_years": 1, "source": "LL84 (S01) via outputs/features/offtakers_features.csv"}}, {"type": "Feature", "geometry": {"type": "Point", "coordinates": [-73.992501, 40.743711]}, "properties": {"id": "2679689", "name": "DEPM 7512 - 101 West 24th St", "use_type": "Multifamily Housing", "dist_m": 957.0, "status": "eligible_not_shortlisted", "reason": "eligible but below the shortlist cut (rank 43 by servable heat per metre, max 2 per building type)", "heat_fuel_MWh": 2394.0, "steam_MWh": 0.0, "gas_MWh": 2394.0, "useful_demand_MWh": 2035.0, "servable_share": 1.0, "heating_system": "hydronic_assumed", "nycha": false, "n_years": 2, "source": "LL84 (S01) via outputs/features/offtakers_features.csv"}}, {"type": "Feature", "geometry": {"type": "Point", "coordinates": [-73.993916, 40.743386]}, "properties": {"id": "25745721", "name": "135 West 23rd Street", "use_type": "Residential Care Facility", "dist_m": 809.0, "status": "eligible_not_shortlisted", "reason": "eligible but below the shortlist cut (rank 39 by servable heat per metre, max 2 per building type)", "heat_fuel_MWh": 2315.0, "steam_MWh": 0.0, "gas_MWh": 2315.0, "useful_demand_MWh": 1968.0, "servable_share": 1.0, "heating_system": "hydronic_assumed", "nycha": false, "n_years": 2, "source": "LL84 (S01) via outputs/features/offtakers_features.csv"}}, {"type": "Feature", "geometry": {"type": "Point", "coordinates": [-73.994605, 40.735511]}, "properties": {"id": "4052447", "name": "Sheila C Johnson Center", "use_type": "College/University", "dist_m": 972.0, "status": "eligible_not_shortlisted", "reason": "eligible but below the shortlist cut (rank 44 by servable heat per metre, max 2 per building type)", "heat_fuel_MWh": 2314.0, "steam_MWh": 0.0, "gas_MWh": 44.0, "useful_demand_MWh": 1967.0, "servable_share": 1.0, "heating_system": "hydronic_assumed", "nycha": false, "n_years": 3, "source": "LL84 (S01) via outputs/features/offtakers_features.csv"}}, {"type": "Feature", "geometry": {"type": "Point", "coordinates": [-73.997698, 40.736167]}, "properties": {"id": "4405691", "name": "The Lawrence House", "use_type": "Multifamily Housing", "dist_m": 765.0, "status": "excluded", "reason": "insufficient data: only 1 year of LL84 records", "heat_fuel_MWh": 2307.0, "steam_MWh": 0.0, "gas_MWh": 2258.0, "useful_demand_MWh": 1961.0, "servable_share": 1.0, "heating_system": "hydronic_assumed", "nycha": false, "n_years": 1, "source": "LL84 (S01) via outputs/features/offtakers_features.csv"}}, {"type": "Feature", "geometry": {"type": "Point", "coordinates": [-73.99486350000001, 40.7360775]}, "properties": {"id": "4949691", "name": "DEPM 2448 - 25 West 13th Street", "use_type": "Multifamily Housing", "dist_m": 873.0, "status": "eligible_not_shortlisted", "reason": "eligible but below the shortlist cut (rank 41 by servable heat per metre, max 2 per building type)", "heat_fuel_MWh": 2268.0, "steam_MWh": 0.0, "gas_MWh": 2268.0, "useful_demand_MWh": 1927.0, "servable_share": 1.0, "heating_system": "hydronic_assumed", "nycha": false, "n_years": 2, "source": "LL84 (S01) via outputs/features/offtakers_features.csv"}}, {"type": "Feature", "geometry": {"type": "Point", "coordinates": [-74.00600933333334, 40.740049]}, "properties": {"id": "4938442", "name": "URA Group - 18 Ninth Avenue", "use_type": "Hotel", "dist_m": 269.0, "status": "eligible_not_shortlisted", "reason": "eligible but below the shortlist cut (rank 14 by servable heat per metre, max 2 per building type)", "heat_fuel_MWh": 2213.0, "steam_MWh": 0.0, "gas_MWh": 2213.0, "useful_demand_MWh": 1881.0, "servable_share": 1.0, "heating_system": "hydronic_assumed", "nycha": false, "n_years": 3, "source": "LL84 (S01) via outputs/features/offtakers_features.csv"}}, {"type": "Feature", "geometry": {"type": "Point", "coordinates": [-73.999603, 40.739431]}, "properties": {"id": "9848961", "name": "201-215 West 15th Street", "use_type": "Multifamily Housing", "dist_m": 365.0, "status": "eligible_not_shortlisted", "reason": "eligible but below the shortlist cut (rank 16 by servable heat per metre, max 2 per building type)", "heat_fuel_MWh": 2209.0, "steam_MWh": 0.0, "gas_MWh": 796.0, "useful_demand_MWh": 1877.0, "servable_share": 1.0, "heating_system": "hydronic_assumed", "nycha": false, "n_years": 2, "source": "LL84 (S01) via outputs/features/offtakers_features.csv"}}, {"type": "Feature", "geometry": {"type": "Point", "coordinates": [-74.003082, 40.741733]}, "properties": {"id": "4978579", "name": "Dream Hotel: 355 West 16th St", "use_type": "Hotel", "dist_m": 105.0, "status": "excluded", "reason": "insufficient data: only 1 year of LL84 records", "heat_fuel_MWh": 2188.0, "steam_MWh": 2057.0, "gas_MWh": 131.0, "useful_demand_MWh": 1685.0, "servable_share": 0.39, "heating_system": "steam_radiators", "nycha": false, "n_years": 1, "source": "LL84 (S01) via outputs/features/offtakers_features.csv"}}, {"type": "Feature", "geometry": {"type": "Point", "coordinates": [-73.992905, 40.745422]}, "properties": {"id": "7088347", "name": "Hilton New York Fashion District", "use_type": "Hotel", "dist_m": 923.0, "status": "excluded", "reason": "insufficient data: only 1 year of LL84 records", "heat_fuel_MWh": 2166.0, "steam_MWh": 0.0, "gas_MWh": 2166.0, "useful_demand_MWh": 1841.0, "servable_share": 1.0, "heating_system": "hydronic_assumed", "nycha": false, "n_years": 1, "source": "LL84 (S01) via outputs/features/offtakers_features.csv"}}, {"type": "Feature", "geometry": {"type": "Point", "coordinates": [-73.99864, 40.739966]}, "properties": {"id": "5802561", "name": "101 7th Ave - 30014", "use_type": "Multifamily Housing", "dist_m": 446.0, "status": "excluded", "reason": "insufficient data: only 1 year of LL84 records", "heat_fuel_MWh": 2160.0, "steam_MWh": 0.0, "gas_MWh": 2160.0, "useful_demand_MWh": 1836.0, "servable_share": 1.0, "heating_system": "hydronic_assumed", "nycha": false, "n_years": 1, "source": "LL84 (S01) via outputs/features/offtakers_features.csv"}}, {"type": "Feature", "geometry": {"type": "Point", "coordinates": [-74.008055, 40.746215]}, "properties": {"id": "20659086", "name": "100 Eleventh Avenue Condominium (100 Eleventh Avenue)", "use_type": "Multifamily Housing", "dist_m": 652.0, "status": "excluded", "reason": "insufficient data: only 1 year of LL84 records", "heat_fuel_MWh": 2153.0, "steam_MWh": 0.0, "gas_MWh": 2153.0, "useful_demand_MWh": 1830.0, "servable_share": 1.0, "heating_system": "hydronic_assumed", "nycha": false, "n_years": 1, "source": "LL84 (S01) via outputs/features/offtakers_features.csv"}}, {"type": "Feature", "geometry": {"type": "Point", "coordinates": [-73.9952775, 40.7437015]}, "properties": {"id": "4038850", "name": "Orsid - 170 West 23rd Street", "use_type": "Multifamily Housing", "dist_m": 699.0, "status": "eligible_not_shortlisted", "reason": "eligible but below the shortlist cut (rank 48 by servable heat per metre, max 2 per building type)", "heat_fuel_MWh": 2142.0, "steam_MWh": 1454.0, "gas_MWh": 688.0, "useful_demand_MWh": 1649.0, "servable_share": 0.59, "heating_system": "steam_radiators", "nycha": false, "n_years": 2, "source": "LL84 (S01) via outputs/features/offtakers_features.csv"}}, {"type": "Feature", "geometry": {"type": "Point", "coordinates": [-74.00701933333333, 40.74723666666667]}, "properties": {"id": "5853055", "name": "551 West 21st Street", "use_type": "Multifamily Housing", "dist_m": 773.0, "status": "eligible_not_shortlisted", "reason": "eligible but below the shortlist cut (rank 40 by servable heat per metre, max 2 per building type)", "heat_fuel_MWh": 2131.0, "steam_MWh": 0.0, "gas_MWh": 2131.0, "useful_demand_MWh": 1811.0, "servable_share": 1.0, "heating_system": "hydronic_assumed", "nycha": false, "n_years": 3, "source": "LL84 (S01) via outputs/features/offtakers_features.csv"}}, {"type": "Feature", "geometry": {"type": "Point", "coordinates": [-73.997139, 40.735744]}, "properties": {"id": "4052575", "name": "Johnson/Kaplan - 66 W12th St", "use_type": "College/University", "dist_m": 829.0, "status": "eligible_not_shortlisted", "reason": "eligible but below the shortlist cut (rank 42 by servable heat per metre, max 2 per building type)", "heat_fuel_MWh": 2103.0, "steam_MWh": 0.0, "gas_MWh": 101.0, "useful_demand_MWh": 1788.0, "servable_share": 1.0, "heating_system": "hydronic_assumed", "nycha": false, "n_years": 3, "source": "LL84 (S01) via outputs/features/offtakers_features.csv"}}, {"type": "Feature", "geometry": {"type": "Point", "coordinates": [-73.999145, 40.740054]}, "properties": {"id": "2805207", "name": "200 West 16th Street - 35457", "use_type": "Multifamily Housing", "dist_m": 382.0, "status": "excluded", "reason": "insufficient data: only 1 year of LL84 records", "heat_fuel_MWh": 2102.0, "steam_MWh": 0.0, "gas_MWh": 2102.0, "useful_demand_MWh": 1787.0, "servable_share": 1.0, "heating_system": "hydronic_assumed", "nycha": false, "n_years": 1, "source": "LL84 (S01) via outputs/features/offtakers_features.csv"}}, {"type": "Feature", "geometry": {"type": "Point", "coordinates": [-73.994572, 40.741964]}, "properties": {"id": "4040952", "name": "21 Chelsea", "use_type": "Multifamily Housing", "dist_m": 703.0, "status": "eligible_not_shortlisted", "reason": "eligible but below the shortlist cut (rank 38 by servable heat per metre, max 2 per building type)", "heat_fuel_MWh": 2096.0, "steam_MWh": 0.0, "gas_MWh": 2096.0, "useful_demand_MWh": 1782.0, "servable_share": 1.0, "heating_system": "hydronic_assumed", "nycha": false, "n_years": 3, "source": "LL84 (S01) via outputs/features/offtakers_features.csv"}}, {"type": "Feature", "geometry": {"type": "Point", "coordinates": [-74.008811, 40.734034]}, "properties": {"id": "5764091", "name": "DEPM 1564 - 150 Charles Street", "use_type": "Multifamily Housing", "dist_m": 999.0, "status": "eligible_not_shortlisted", "reason": "eligible but below the shortlist cut (rank 47 by servable heat per metre, max 2 per building type)", "heat_fuel_MWh": 2075.0, "steam_MWh": 0.0, "gas_MWh": 2075.0, "useful_demand_MWh": 1763.0, "servable_share": 1.0, "heating_system": "hydronic_assumed", "nycha": false, "n_years": 2, "source": "LL84 (S01) via outputs/features/offtakers_features.csv"}}, {"type": "Feature", "geometry": {"type": "Point", "coordinates": [-73.997842, 40.736889]}, "properties": {"id": "7857355", "name": "Halstead: 105 W 13th St.", "use_type": "Multifamily Housing", "dist_m": 681.0, "status": "eligible_not_shortlisted", "reason": "eligible but below the shortlist cut (rank 37 by servable heat per metre, max 2 per building type)", "heat_fuel_MWh": 2058.0, "steam_MWh": 0.0, "gas_MWh": 350.0, "useful_demand_MWh": 1750.0, "servable_share": 1.0, "heating_system": "hydronic_assumed", "nycha": false, "n_years": 3, "source": "LL84 (S01) via outputs/features/offtakers_features.csv"}}, {"type": "Feature", "geometry": {"type": "Point", "coordinates": [-74.009742, 40.734621]}, "properties": {"id": "2790102", "name": "176 Perry St", "use_type": "Multifamily Housing", "dist_m": 947.0, "status": "eligible_not_shortlisted", "reason": "eligible but below the shortlist cut (rank 46 by servable heat per metre, max 2 per building type)", "heat_fuel_MWh": 2029.0, "steam_MWh": 0.0, "gas_MWh": 2029.0, "useful_demand_MWh": 1724.0, "servable_share": 1.0, "heating_system": "hydronic_assumed", "nycha": false, "n_years": 2, "source": "LL84 (S01) via outputs/features/offtakers_features.csv"}}, {"type": "Feature", "geometry": {"type": "Point", "coordinates": [-74.000253, 40.744349]}, "properties": {"id": "1633695", "name": "M011 (OECID: 0100034; BBL: 1007440024)", "use_type": "K-12 School", "dist_m": 377.0, "status": "eligible_not_shortlisted", "reason": "eligible but below the shortlist cut (rank 22 by servable heat per metre, max 2 per building type)", "heat_fuel_MWh": 2021.0, "steam_MWh": 0.0, "gas_MWh": 127.0, "useful_demand_MWh": 1718.0, "servable_share": 1.0, "heating_system": "hydronic_assumed", "nycha": false, "n_years": 3, "source": "LL84 (S01) via outputs/features/offtakers_features.csv"}}, {"type": "Feature", "geometry": {"type": "Point", "coordinates": [-73.999614, 40.739417]}, "properties": {"id": "4407514", "name": "SW - 200 West 15th\u00a0Street", "use_type": "Multifamily Housing", "dist_m": 386.0, "status": "eligible_not_shortlisted", "reason": "eligible but below the shortlist cut (rank 24 by servable heat per metre, max 2 per building type)", "heat_fuel_MWh": 2016.0, "steam_MWh": 0.0, "gas_MWh": 2016.0, "useful_demand_MWh": 1714.0, "servable_share": 1.0, "heating_system": "hydronic_assumed", "nycha": false, "n_years": 2, "source": "LL84 (S01) via outputs/features/offtakers_features.csv"}}, {"type": "Feature", "geometry": {"type": "Point", "coordinates": [-73.992992, 40.736881]}, "properties": {"id": "20659095", "name": "100-104 5th Avenue", "use_type": "Office", "dist_m": 962.0, "status": "excluded", "reason": "insufficient data: only 1 year of LL84 records", "heat_fuel_MWh": 2015.0, "steam_MWh": 0.0, "gas_MWh": 2015.0, "useful_demand_MWh": 1713.0, "servable_share": 1.0, "heating_system": "hydronic_assumed", "nycha": false, "n_years": 1, "source": "LL84 (S01) via outputs/features/offtakers_features.csv"}}, {"type": "Feature", "geometry": {"type": "Point", "coordinates": [-73.999762, 40.734065]}, "properties": {"id": "15503670", "name": "GPG - 1 Christopher Street", "use_type": "Multifamily Housing", "dist_m": 841.0, "status": "eligible_not_shortlisted", "reason": "eligible but below the shortlist cut (rank 45 by servable heat per metre, max 2 per building type)", "heat_fuel_MWh": 2002.0, "steam_MWh": 0.0, "gas_MWh": 2002.0, "useful_demand_MWh": 1701.0, "servable_share": 1.0, "heating_system": "hydronic_assumed", "nycha": false, "n_years": 2, "source": "LL84 (S01) via outputs/features/offtakers_features.csv"}}, {"type": "Feature", "geometry": {"type": "Point", "coordinates": [-74.007282, 40.739397]}, "properties": {"id": "26680747", "name": "22 Little West 12th Street Partners LLC", "use_type": "Office", "dist_m": 392.0, "status": "eligible_not_shortlisted", "reason": "eligible but below the shortlist cut (rank 25 by servable heat per metre, max 2 per building type)", "heat_fuel_MWh": 2001.0, "steam_MWh": 0.0, "gas_MWh": 2001.0, "useful_demand_MWh": 1701.0, "servable_share": 1.0, "heating_system": "hydronic_assumed", "nycha": false, "n_years": 2, "source": "LL84 (S01) via outputs/features/offtakers_features.csv"}}, {"type": "Feature", "geometry": {"type": "Point", "coordinates": [-74.00824349999999, 40.733984500000005]}, "properties": {"id": "21205312", "name": "Halstead - 140 Charles Street", "use_type": "Multifamily Housing", "dist_m": 923.0, "status": "excluded", "reason": "heat demand below 2 GWh/yr (too small for a street connection)", "heat_fuel_MWh": 1998.0, "steam_MWh": 0.0, "gas_MWh": 1998.0, "useful_demand_MWh": 1698.0, "servable_share": 1.0, "heating_system": "hydronic_assumed", "nycha": false, "n_years": 2, "source": "LL84 (S01) via outputs/features/offtakers_features.csv"}}, {"type": "Feature", "geometry": {"type": "Point", "coordinates": [-73.994364, 40.738042]}, "properties": {"id": "2388664", "name": "54 West 16th St. Apt. Corp. (54 West 16th Street)", "use_type": "Multifamily Housing", "dist_m": 730.0, "status": "excluded", "reason": "heat demand below 2 GWh/yr (too small for a street connection)", "heat_fuel_MWh": 1998.0, "steam_MWh": 0.0, "gas_MWh": 1998.0, "useful_demand_MWh": 1698.0, "servable_share": 1.0, "heating_system": "hydronic_assumed", "nycha": false, "n_years": 3, "source": "LL84 (S01) via outputs/features/offtakers_features.csv"}}, {"type": "Feature", "geometry": {"type": "Point", "coordinates": [-73.992818, 40.744596]}, "properties": {"id": "54086897", "name": "BRC - Reception Center", "use_type": "Office", "dist_m": 944.0, "status": "excluded", "reason": "insufficient data: only 1 year of LL84 records", "heat_fuel_MWh": 1991.0, "steam_MWh": 0.0, "gas_MWh": 1991.0, "useful_demand_MWh": 1692.0, "servable_share": 1.0, "heating_system": "hydronic_assumed", "nycha": false, "n_years": 1, "source": "LL84 (S01) via outputs/features/offtakers_features.csv"}}, {"type": "Feature", "geometry": {"type": "Point", "coordinates": [-74.002201, 40.732917]}, "properties": {"id": "36311824", "name": "Wallack - 3 Sheridan Square", "use_type": "Multifamily Housing", "dist_m": 947.0, "status": "excluded", "reason": "insufficient data: only 1 year of LL84 records", "heat_fuel_MWh": 1982.0, "steam_MWh": 0.0, "gas_MWh": 1982.0, "useful_demand_MWh": 1685.0, "servable_share": 1.0, "heating_system": "hydronic_assumed", "nycha": false, "n_years": 1, "source": "LL84 (S01) via outputs/features/offtakers_features.csv"}}, {"type": "Feature", "geometry": {"type": "Point", "coordinates": [-73.992898, 40.744629]}, "properties": {"id": "33963881", "name": "131 West 25 Street", "use_type": "Multifamily Housing", "dist_m": 944.0, "status": "excluded", "reason": "insufficient data: only 1 year of LL84 records", "heat_fuel_MWh": 1975.0, "steam_MWh": 0.0, "gas_MWh": 1975.0, "useful_demand_MWh": 1679.0, "servable_share": 1.0, "heating_system": "hydronic_assumed", "nycha": false, "n_years": 1, "source": "LL84 (S01) via outputs/features/offtakers_features.csv"}}, {"type": "Feature", "geometry": {"type": "Point", "coordinates": [-74.004342, 40.745304]}, "properties": {"id": "33915520", "name": "460 WEST 20 STREET", "use_type": "Multifamily Housing", "dist_m": 494.0, "status": "excluded", "reason": "insufficient data: only 1 year of LL84 records", "heat_fuel_MWh": 1970.0, "steam_MWh": 0.0, "gas_MWh": 1970.0, "useful_demand_MWh": 1674.0, "servable_share": 1.0, "heating_system": "hydronic_assumed", "nycha": false, "n_years": 1, "source": "LL84 (S01) via outputs/features/offtakers_features.csv"}}, {"type": "Feature", "geometry": {"type": "Point", "coordinates": [-73.99884033333335, 40.734118333333335]}, "properties": {"id": "15356872", "name": "Century - 69 West 9th Street", "use_type": "Multifamily Housing", "dist_m": 879.0, "status": "excluded", "reason": "heat demand below 2 GWh/yr (too small for a street connection)", "heat_fuel_MWh": 1936.0, "steam_MWh": 0.0, "gas_MWh": 34.0, "useful_demand_MWh": 1646.0, "servable_share": 1.0, "heating_system": "hydronic_assumed", "nycha": false, "n_years": 2, "source": "LL84 (S01) via outputs/features/offtakers_features.csv"}}, {"type": "Feature", "geometry": {"type": "Point", "coordinates": [-73.999531, 40.748977]}, "properties": {"id": "1836628", "name": "M033 (OECID: 0100052; BBL: 1007240023)", "use_type": "K-12 School", "dist_m": 887.0, "status": "excluded", "reason": "heat demand below 2 GWh/yr (too small for a street connection)", "heat_fuel_MWh": 1933.0, "steam_MWh": 0.0, "gas_MWh": 1806.0, "useful_demand_MWh": 1643.0, "servable_share": 1.0, "heating_system": "hydronic_assumed", "nycha": false, "n_years": 3, "source": "LL84 (S01) via outputs/features/offtakers_features.csv"}}, {"type": "Feature", "geometry": {"type": "Point", "coordinates": [-73.992992, 40.736881]}, "properties": {"id": "47603092", "name": "100 Fifth Ave", "use_type": "Office", "dist_m": 962.0, "status": "excluded", "reason": "insufficient data: only 1 year of LL84 records", "heat_fuel_MWh": 1927.0, "steam_MWh": 0.0, "gas_MWh": 1927.0, "useful_demand_MWh": 1638.0, "servable_share": 1.0, "heating_system": "hydronic_assumed", "nycha": false, "n_years": 1, "source": "LL84 (S01) via outputs/features/offtakers_features.csv"}}, {"type": "Feature", "geometry": {"type": "Point", "coordinates": [-73.996063, 40.746756]}, "properties": {"id": "3994570", "name": "260 West 26th Street - 41589", "use_type": "Multifamily Housing", "dist_m": 811.0, "status": "excluded", "reason": "insufficient data: only 1 year of LL84 records", "heat_fuel_MWh": 1927.0, "steam_MWh": 0.0, "gas_MWh": 1927.0, "useful_demand_MWh": 1638.0, "servable_share": 1.0, "heating_system": "hydronic_assumed", "nycha": false, "n_years": 1, "source": "LL84 (S01) via outputs/features/offtakers_features.csv"}}, {"type": "Feature", "geometry": {"type": "Point", "coordinates": [-74.008379, 40.738135]}, "properties": {"id": "44143093", "name": "Rockrose - 100 Jane Street", "use_type": "Multifamily Housing", "dist_m": 591.0, "status": "excluded", "reason": "insufficient data: only 1 year of LL84 records", "heat_fuel_MWh": 1906.0, "steam_MWh": 0.0, "gas_MWh": 1906.0, "useful_demand_MWh": 1620.0, "servable_share": 1.0, "heating_system": "hydronic_assumed", "nycha": false, "n_years": 1, "source": "LL84 (S01) via outputs/features/offtakers_features.csv"}}, {"type": "Feature", "geometry": {"type": "Point", "coordinates": [-73.995998, 40.745104]}, "properties": {"id": "6294568", "name": "220 West 24th St and 225 West 23rd Street", "use_type": "Multifamily Housing", "dist_m": 682.0, "status": "excluded", "reason": "insufficient data: only 1 year of LL84 records", "heat_fuel_MWh": 1899.0, "steam_MWh": 0.0, "gas_MWh": 1899.0, "useful_demand_MWh": 1614.0, "servable_share": 1.0, "heating_system": "hydronic_assumed", "nycha": false, "n_years": 1, "source": "LL84 (S01) via outputs/features/offtakers_features.csv"}}, {"type": "Feature", "geometry": {"type": "Point", "coordinates": [-74.000794, 40.741224]}, "properties": {"id": "33922007", "name": "AKAM - 270 West 17th Street", "use_type": "Multifamily Housing", "dist_m": 187.0, "status": "excluded", "reason": "heat demand below 2 GWh/yr (too small for a street connection)", "heat_fuel_MWh": 1894.0, "steam_MWh": 0.0, "gas_MWh": 1582.0, "useful_demand_MWh": 1610.0, "servable_share": 1.0, "heating_system": "hydronic_assumed", "nycha": false, "n_years": 2, "source": "LL84 (S01) via outputs/features/offtakers_features.csv"}}, {"type": "Feature", "geometry": {"type": "Point", "coordinates": [-74.000058, 40.7348075]}, "properties": {"id": "4039172", "name": "Century - 25 Greenwich Avenue", "use_type": "Multifamily Housing", "dist_m": 758.0, "status": "excluded", "reason": "heat demand below 2 GWh/yr (too small for a street connection)", "heat_fuel_MWh": 1890.0, "steam_MWh": 0.0, "gas_MWh": 1890.0, "useful_demand_MWh": 1607.0, "servable_share": 1.0, "heating_system": "hydronic_assumed", "nycha": false, "n_years": 2, "source": "LL84 (S01) via outputs/features/offtakers_features.csv"}}, {"type": "Feature", "geometry": {"type": "Point", "coordinates": [-73.99768, 40.741324]}, "properties": {"id": "26679016", "name": "The Chadwin House Condominium (140 7th Avenue)", "use_type": "Multifamily Housing", "dist_m": 442.0, "status": "excluded", "reason": "insufficient data: only 1 year of LL84 records", "heat_fuel_MWh": 1862.0, "steam_MWh": 0.0, "gas_MWh": 1659.0, "useful_demand_MWh": 1582.0, "servable_share": 1.0, "heating_system": "hydronic_assumed", "nycha": false, "n_years": 1, "source": "LL84 (S01) via outputs/features/offtakers_features.csv"}}, {"type": "Feature", "geometry": {"type": "Point", "coordinates": [-73.997817, 40.740281]}, "properties": {"id": "24896805", "name": "163 West 17th Street AKA 119 7th Avenue", "use_type": "Multifamily Housing", "dist_m": 462.0, "status": "excluded", "reason": "heat demand below 2 GWh/yr (too small for a street connection)", "heat_fuel_MWh": 1787.0, "steam_MWh": 0.0, "gas_MWh": 850.0, "useful_demand_MWh": 1519.0, "servable_share": 1.0, "heating_system": "hydronic_assumed", "nycha": false, "n_years": 2, "source": "LL84 (S01) via outputs/features/offtakers_features.csv"}}, {"type": "Feature", "geometry": {"type": "Point", "coordinates": [-73.994212, 40.737141]}, "properties": {"id": "2982034", "name": "Maxwell: 22 West 15th St", "use_type": "Multifamily Housing", "dist_m": 868.0, "status": "excluded", "reason": "heat demand below 2 GWh/yr (too small for a street connection)", "heat_fuel_MWh": 1755.0, "steam_MWh": 0.0, "gas_MWh": 1755.0, "useful_demand_MWh": 1491.0, "servable_share": 1.0, "heating_system": "hydronic_assumed", "nycha": false, "n_years": 3, "source": "LL84 (S01) via outputs/features/offtakers_features.csv"}}, {"type": "Feature", "geometry": {"type": "Point", "coordinates": [-74.009573, 40.737556]}, "properties": {"id": "3114445", "name": "Superior Ink Condominium", "use_type": "Multifamily Housing", "dist_m": 687.0, "status": "excluded", "reason": "insufficient data: only 1 year of LL84 records", "heat_fuel_MWh": 1739.0, "steam_MWh": 0.0, "gas_MWh": 1739.0, "useful_demand_MWh": 1478.0, "servable_share": 1.0, "heating_system": "hydronic_assumed", "nycha": false, "n_years": 1, "source": "LL84 (S01) via outputs/features/offtakers_features.csv"}}, {"type": "Feature", "geometry": {"type": "Point", "coordinates": [-74.000469, 40.74781]}, "properties": {"id": "3994572", "name": "401 West 25th Street - 41674", "use_type": "Multifamily Housing", "dist_m": 781.0, "status": "excluded", "reason": "insufficient data: only 1 year of LL84 records", "heat_fuel_MWh": 1735.0, "steam_MWh": 0.0, "gas_MWh": 1735.0, "useful_demand_MWh": 1475.0, "servable_share": 1.0, "heating_system": "hydronic_assumed", "nycha": false, "n_years": 1, "source": "LL84 (S01) via outputs/features/offtakers_features.csv"}}, {"type": "Feature", "geometry": {"type": "Point", "coordinates": [-73.993981, 40.735519]}, "properties": {"id": "2825201", "name": "74 5th Avenue", "use_type": "Multifamily Housing", "dist_m": 978.0, "status": "excluded", "reason": "heat demand below 2 GWh/yr (too small for a street connection)", "heat_fuel_MWh": 1732.0, "steam_MWh": 0.0, "gas_MWh": 1125.0, "useful_demand_MWh": 1472.0, "servable_share": 1.0, "heating_system": "hydronic_assumed", "nycha": false, "n_years": 2, "source": "LL84 (S01) via outputs/features/offtakers_features.csv"}}, {"type": "Feature", "geometry": {"type": "Point", "coordinates": [-73.995409, 40.746482]}, "properties": {"id": "19081856", "name": "226 West 26th St, New York, NY 10001", "use_type": "Office", "dist_m": 843.0, "status": "excluded", "reason": "insufficient data: only 1 year of LL84 records", "heat_fuel_MWh": 1728.0, "steam_MWh": 0.0, "gas_MWh": 0.0, "useful_demand_MWh": 1469.0, "servable_share": 1.0, "heating_system": "hydronic_assumed", "nycha": false, "n_years": 1, "source": "LL84 (S01) via outputs/features/offtakers_features.csv"}}, {"type": "Feature", "geometry": {"type": "Point", "coordinates": [-74.0013225, 40.745413]}, "properties": {"id": "4043731", "name": "Halstead - 360 West 22nd Street", "use_type": "Multifamily Housing", "dist_m": 477.0, "status": "excluded", "reason": "heat demand below 2 GWh/yr (too small for a street connection)", "heat_fuel_MWh": 1716.0, "steam_MWh": 0.0, "gas_MWh": 1716.0, "useful_demand_MWh": 1459.0, "servable_share": 1.0, "heating_system": "hydronic_assumed", "nycha": false, "n_years": 2, "source": "LL84 (S01) via outputs/features/offtakers_features.csv"}}, {"type": "Feature", "geometry": {"type": "Point", "coordinates": [-73.995604, 40.744939]}, "properties": {"id": "2807291", "name": "The Christopher", "use_type": "Multifamily Housing", "dist_m": 729.0, "status": "excluded", "reason": "insufficient data: only 1 year of LL84 records", "heat_fuel_MWh": 1696.0, "steam_MWh": 0.0, "gas_MWh": 1696.0, "useful_demand_MWh": 1442.0, "servable_share": 1.0, "heating_system": "hydronic_assumed", "nycha": false, "n_years": 1, "source": "LL84 (S01) via outputs/features/offtakers_features.csv"}}, {"type": "Feature", "geometry": {"type": "Point", "coordinates": [-73.99768, 40.741324]}, "properties": {"id": "6641272", "name": "MGRE - 140 Seventh Avenue", "use_type": "Multifamily Housing", "dist_m": 442.0, "status": "excluded", "reason": "insufficient data: only 1 year of LL84 records", "heat_fuel_MWh": 1682.0, "steam_MWh": 0.0, "gas_MWh": 1682.0, "useful_demand_MWh": 1430.0, "servable_share": 1.0, "heating_system": "hydronic_assumed", "nycha": false, "n_years": 1, "source": "LL84 (S01) via outputs/features/offtakers_features.csv"}}, {"type": "Feature", "geometry": {"type": "Point", "coordinates": [-74.008462, 40.738151]}, "properties": {"id": "7566203", "name": "99 Jane Street Condominium (99 Jane Street)", "use_type": "Multifamily Housing", "dist_m": 558.0, "status": "excluded", "reason": "insufficient data: only 1 year of LL84 records", "heat_fuel_MWh": 1663.0, "steam_MWh": 0.0, "gas_MWh": 1663.0, "useful_demand_MWh": 1413.0, "servable_share": 1.0, "heating_system": "hydronic_assumed", "nycha": false, "n_years": 1, "source": "LL84 (S01) via outputs/features/offtakers_features.csv"}}, {"type": "Feature", "geometry": {"type": "Point", "coordinates": [-73.997499, 40.733502]}, "properties": {"id": "2810288", "name": "38-50 West 9th Street Corporation (38, 42, 50 West 9th Street) (Campus)", "use_type": "Multifamily Housing", "dist_m": 968.0, "status": "excluded", "reason": "insufficient data: only 1 year of LL84 records", "heat_fuel_MWh": 1643.0, "steam_MWh": 0.0, "gas_MWh": 1643.0, "useful_demand_MWh": 1397.0, "servable_share": 1.0, "heating_system": "hydronic_assumed", "nycha": false, "n_years": 1, "source": "LL84 (S01) via outputs/features/offtakers_features.csv"}}, {"type": "Feature", "geometry": {"type": "Point", "coordinates": [-74.002439, 40.739851]}, "properties": {"id": "2650027", "name": "80 Eighth Ave LLC", "use_type": "Office", "dist_m": 193.0, "status": "excluded", "reason": "insufficient data: only 1 year of LL84 records", "heat_fuel_MWh": 1638.0, "steam_MWh": 0.0, "gas_MWh": 1.0, "useful_demand_MWh": 1393.0, "servable_share": 1.0, "heating_system": "hydronic_assumed", "nycha": false, "n_years": 1, "source": "LL84 (S01) via outputs/features/offtakers_features.csv"}}, {"type": "Feature", "geometry": {"type": "Point", "coordinates": [-73.998755, 40.739071]}, "properties": {"id": "33869334", "name": "161 WEST 15 STREET", "use_type": "Multifamily Housing", "dist_m": 447.0, "status": "excluded", "reason": "insufficient data: only 1 year of LL84 records", "heat_fuel_MWh": 1631.0, "steam_MWh": 0.0, "gas_MWh": 1631.0, "useful_demand_MWh": 1386.0, "servable_share": 1.0, "heating_system": "hydronic_assumed", "nycha": false, "n_years": 1, "source": "LL84 (S01) via outputs/features/offtakers_features.csv"}}, {"type": "Feature", "geometry": {"type": "Point", "coordinates": [-74.007152, 40.734375]}, "properties": {"id": "2672673", "name": "DEPM 2102 - 720 Greenwich St", "use_type": "Multifamily Housing", "dist_m": 826.0, "status": "excluded", "reason": "heat demand below 2 GWh/yr (too small for a street connection)", "heat_fuel_MWh": 1576.0, "steam_MWh": 0.0, "gas_MWh": 1576.0, "useful_demand_MWh": 1340.0, "servable_share": 1.0, "heating_system": "hydronic_assumed", "nycha": false, "n_years": 2, "source": "LL84 (S01) via outputs/features/offtakers_features.csv"}}, {"type": "Feature", "geometry": {"type": "Point", "coordinates": [-73.999192, 40.745601]}, "properties": {"id": "2715813", "name": "The Broadmoor", "use_type": "Multifamily Housing", "dist_m": 603.0, "status": "excluded", "reason": "insufficient data: only 1 year of LL84 records", "heat_fuel_MWh": 1567.0, "steam_MWh": 0.0, "gas_MWh": 1567.0, "useful_demand_MWh": 1332.0, "servable_share": 1.0, "heating_system": "hydronic_assumed", "nycha": false, "n_years": 1, "source": "LL84 (S01) via outputs/features/offtakers_features.csv"}}, {"type": "Feature", "geometry": {"type": "Point", "coordinates": [-74.008816, 40.738739]}, "properties": {"id": "44312692", "name": "Rockrose - 108-110 Horatio Street", "use_type": "Multifamily Housing", "dist_m": 577.0, "status": "excluded", "reason": "insufficient data: only 1 year of LL84 records", "heat_fuel_MWh": 1548.0, "steam_MWh": 0.0, "gas_MWh": 1548.0, "useful_demand_MWh": 1316.0, "servable_share": 1.0, "heating_system": "hydronic_assumed", "nycha": false, "n_years": 1, "source": "LL84 (S01) via outputs/features/offtakers_features.csv"}}, {"type": "Feature", "geometry": {"type": "Point", "coordinates": [-73.999134, 40.740067]}, "properties": {"id": "2637925", "name": "201 West 16 Owners Corp. (201 W 16 Street)", "use_type": "Multifamily Housing", "dist_m": 387.0, "status": "excluded", "reason": "insufficient data: only 1 year of LL84 records", "heat_fuel_MWh": 1527.0, "steam_MWh": 0.0, "gas_MWh": 1527.0, "useful_demand_MWh": 1298.0, "servable_share": 1.0, "heating_system": "hydronic_assumed", "nycha": false, "n_years": 1, "source": "LL84 (S01) via outputs/features/offtakers_features.csv"}}, {"type": "Feature", "geometry": {"type": "Point", "coordinates": [-73.994807, 40.742082]}, "properties": {"id": "2637231", "name": "133 W21", "use_type": "College/University", "dist_m": 696.0, "status": "excluded", "reason": "heat demand below 2 GWh/yr (too small for a street connection)", "heat_fuel_MWh": 1525.0, "steam_MWh": 0.0, "gas_MWh": 1525.0, "useful_demand_MWh": 1296.0, "servable_share": 1.0, "heating_system": "hydronic_assumed", "nycha": false, "n_years": 3, "source": "LL84 (S01) via outputs/features/offtakers_features.csv"}}, {"type": "Feature", "geometry": {"type": "Point", "coordinates": [-73.992942, 40.738978]}, "properties": {"id": "33912723", "name": "30 WEST 18 STREET", "use_type": "Multifamily Housing", "dist_m": 852.0, "status": "excluded", "reason": "insufficient data: only 1 year of LL84 records", "heat_fuel_MWh": 1503.0, "steam_MWh": 0.0, "gas_MWh": 1503.0, "useful_demand_MWh": 1278.0, "servable_share": 1.0, "heating_system": "hydronic_assumed", "nycha": false, "n_years": 1, "source": "LL84 (S01) via outputs/features/offtakers_features.csv"}}, {"type": "Feature", "geometry": {"type": "Point", "coordinates": [-74.007975, 40.741827]}, "properties": {"id": "26618023", "name": "40 10th Avenue", "use_type": "Office", "dist_m": 417.0, "status": "excluded", "reason": "heat demand below 2 GWh/yr (too small for a street connection)", "heat_fuel_MWh": 1491.0, "steam_MWh": 0.0, "gas_MWh": 1491.0, "useful_demand_MWh": 1267.0, "servable_share": 1.0, "heating_system": "hydronic_assumed", "nycha": false, "n_years": 2, "source": "LL84 (S01) via outputs/features/offtakers_features.csv"}}, {"type": "Feature", "geometry": {"type": "Point", "coordinates": [-74.000061, 40.739606]}, "properties": {"id": "6282519", "name": "Buchbinder: 222 W 15th St", "use_type": "Multifamily Housing", "dist_m": 305.0, "status": "excluded", "reason": "heat demand below 2 GWh/yr (too small for a street connection)", "heat_fuel_MWh": 1488.0, "steam_MWh": 0.0, "gas_MWh": 1488.0, "useful_demand_MWh": 1265.0, "servable_share": 1.0, "heating_system": "hydronic_assumed", "nycha": false, "n_years": 3, "source": "LL84 (S01) via outputs/features/offtakers_features.csv"}}, {"type": "Feature", "geometry": {"type": "Point", "coordinates": [-73.997104, 40.737919500000004]}, "properties": {"id": "2665696", "name": "Stonehenge - 108 West 15th Street", "use_type": "Multifamily Housing", "dist_m": 637.0, "status": "excluded", "reason": "heat demand below 2 GWh/yr (too small for a street connection)", "heat_fuel_MWh": 1470.0, "steam_MWh": 0.0, "gas_MWh": 332.0, "useful_demand_MWh": 1249.0, "servable_share": 1.0, "heating_system": "hydronic_assumed", "nycha": false, "n_years": 2, "source": "LL84 (S01) via outputs/features/offtakers_features.csv"}}, {"type": "Feature", "geometry": {"type": "Point", "coordinates": [-74.003338, 40.745667]}, "properties": {"id": "2670565", "name": "Brodsky - 433 West 21 Street", "use_type": "Multifamily Housing", "dist_m": 515.0, "status": "excluded", "reason": "insufficient data: only 1 year of LL84 records", "heat_fuel_MWh": 1468.0, "steam_MWh": 0.0, "gas_MWh": 1468.0, "useful_demand_MWh": 1248.0, "servable_share": 1.0, "heating_system": "hydronic_assumed", "nycha": false, "n_years": 1, "source": "LL84 (S01) via outputs/features/offtakers_features.csv"}}, {"type": "Feature", "geometry": {"type": "Point", "coordinates": [-73.997398, 40.740103000000005]}, "properties": {"id": "2679733", "name": "DEPM 7548 - 151 West 17th St", "use_type": "Multifamily Housing", "dist_m": 489.0, "status": "excluded", "reason": "heat demand below 2 GWh/yr (too small for a street connection)", "heat_fuel_MWh": 1463.0, "steam_MWh": 0.0, "gas_MWh": 1463.0, "useful_demand_MWh": 1244.0, "servable_share": 1.0, "heating_system": "hydronic_assumed", "nycha": false, "n_years": 2, "source": "LL84 (S01) via outputs/features/offtakers_features.csv"}}, {"type": "Feature", "geometry": {"type": "Point", "coordinates": [-73.994436, 40.737254]}, "properties": {"id": "26664055", "name": "35 XV Condominium (35 West 15th St)", "use_type": "Multifamily Housing", "dist_m": 839.0, "status": "excluded", "reason": "insufficient data: only 1 year of LL84 records", "heat_fuel_MWh": 1459.0, "steam_MWh": 0.0, "gas_MWh": 1459.0, "useful_demand_MWh": 1240.0, "servable_share": 1.0, "heating_system": "hydronic_assumed", "nycha": false, "n_years": 1, "source": "LL84 (S01) via outputs/features/offtakers_features.csv"}}, {"type": "Feature", "geometry": {"type": "Point", "coordinates": [-73.993226, 40.743097]}, "properties": {"id": "6441058", "name": "101 West 23rd Street", "use_type": "Multifamily Housing", "dist_m": 893.0, "status": "excluded", "reason": "insufficient data: only 1 year of LL84 records", "heat_fuel_MWh": 1433.0, "steam_MWh": 0.0, "gas_MWh": 7.0, "useful_demand_MWh": 1218.0, "servable_share": 1.0, "heating_system": "hydronic_assumed", "nycha": false, "n_years": 1, "source": "LL84 (S01) via outputs/features/offtakers_features.csv"}}, {"type": "Feature", "geometry": {"type": "Point", "coordinates": [-74.009461, 40.733949]}, "properties": {"id": "3526759", "name": "165 Charles Street", "use_type": "Multifamily Housing", "dist_m": 975.0, "status": "excluded", "reason": "insufficient data: only 1 year of LL84 records", "heat_fuel_MWh": 1432.0, "steam_MWh": 0.0, "gas_MWh": 1432.0, "useful_demand_MWh": 1218.0, "servable_share": 1.0, "heating_system": "hydronic_assumed", "nycha": false, "n_years": 1, "source": "LL84 (S01) via outputs/features/offtakers_features.csv"}}, {"type": "Feature", "geometry": {"type": "Point", "coordinates": [-74.002487, 40.744917]}, "properties": {"id": "2670519", "name": "Brodsky - 177 9th Ave", "use_type": "Multifamily Housing", "dist_m": 411.0, "status": "excluded", "reason": "insufficient data: only 1 year of LL84 records", "heat_fuel_MWh": 1417.0, "steam_MWh": 0.0, "gas_MWh": 1417.0, "useful_demand_MWh": 1204.0, "servable_share": 1.0, "heating_system": "hydronic_assumed", "nycha": false, "n_years": 1, "source": "LL84 (S01) via outputs/features/offtakers_features.csv"}}, {"type": "Feature", "geometry": {"type": "Point", "coordinates": [-73.997023, 40.747294]}, "properties": {"id": "2648547", "name": "322 Partners Pro", "use_type": "Office", "dist_m": 855.0, "status": "excluded", "reason": "insufficient data: only 1 year of LL84 records", "heat_fuel_MWh": 1416.0, "steam_MWh": 0.0, "gas_MWh": 3.0, "useful_demand_MWh": 1204.0, "servable_share": 1.0, "heating_system": "hydronic_assumed", "nycha": false, "n_years": 1, "source": "LL84 (S01) via outputs/features/offtakers_features.csv"}}, {"type": "Feature", "geometry": {"type": "Point", "coordinates": [-74.003594, 40.738146]}, "properties": {"id": "5864822", "name": "AKAM - 31 Jane Street", "use_type": "Multifamily Housing", "dist_m": 344.0, "status": "excluded", "reason": "heat demand below 2 GWh/yr (too small for a street connection)", "heat_fuel_MWh": 1400.0, "steam_MWh": 0.0, "gas_MWh": 1400.0, "useful_demand_MWh": 1190.0, "servable_share": 1.0, "heating_system": "hydronic_assumed", "nycha": false, "n_years": 2, "source": "LL84 (S01) via outputs/features/offtakers_features.csv"}}, {"type": "Feature", "geometry": {"type": "Point", "coordinates": [-73.992397, 40.737696]}, "properties": {"id": "3539832", "name": "114 Fifth Avenue", "use_type": "Office", "dist_m": 958.0, "status": "excluded", "reason": "insufficient data: only 1 year of LL84 records", "heat_fuel_MWh": 1391.0, "steam_MWh": 0.0, "gas_MWh": 956.0, "useful_demand_MWh": 1182.0, "servable_share": 1.0, "heating_system": "hydronic_assumed", "nycha": false, "n_years": 1, "source": "LL84 (S01) via outputs/features/offtakers_features.csv"}}, {"type": "Feature", "geometry": {"type": "Point", "coordinates": [-73.992872, 40.745428]}, "properties": {"id": "30687963", "name": "151 West 26th Street", "use_type": "Office", "dist_m": 973.0, "status": "excluded", "reason": "heat demand below 2 GWh/yr (too small for a street connection)", "heat_fuel_MWh": 1372.0, "steam_MWh": 0.0, "gas_MWh": 301.0, "useful_demand_MWh": 1166.0, "servable_share": 1.0, "heating_system": "hydronic_assumed", "nycha": false, "n_years": 2, "source": "LL84 (S01) via outputs/features/offtakers_features.csv"}}, {"type": "Feature", "geometry": {"type": "Point", "coordinates": [-74.008816, 40.738739]}, "properties": {"id": "2560572", "name": "110-114 HORATIO II LLC", "use_type": "Multifamily Housing", "dist_m": 577.0, "status": "excluded", "reason": "heat demand below 2 GWh/yr (too small for a street connection)", "heat_fuel_MWh": 1337.0, "steam_MWh": 0.0, "gas_MWh": 1337.0, "useful_demand_MWh": 1137.0, "servable_share": 1.0, "heating_system": "hydronic_assumed", "nycha": false, "n_years": 2, "source": "LL84 (S01) via outputs/features/offtakers_features.csv"}}, {"type": "Feature", "geometry": {"type": "Point", "coordinates": [-74.00022, 40.74293]}, "properties": {"id": "25112004", "name": "177 Eighth Avenue", "use_type": "Multifamily Housing", "dist_m": 302.0, "status": "excluded", "reason": "heat demand below 2 GWh/yr (too small for a street connection)", "heat_fuel_MWh": 1329.0, "steam_MWh": 0.0, "gas_MWh": 111.0, "useful_demand_MWh": 1130.0, "servable_share": 1.0, "heating_system": "hydronic_assumed", "nycha": false, "n_years": 2, "source": "LL84 (S01) via outputs/features/offtakers_features.csv"}}, {"type": "Feature", "geometry": {"type": "Point", "coordinates": [-74.000559, 40.738915]}, "properties": {"id": "53897392", "name": "222 W 14th Street", "use_type": "Multifamily Housing", "dist_m": 319.0, "status": "excluded", "reason": "insufficient data: only 1 year of LL84 records", "heat_fuel_MWh": 1323.0, "steam_MWh": 0.0, "gas_MWh": 1323.0, "useful_demand_MWh": 1124.0, "servable_share": 1.0, "heating_system": "hydronic_assumed", "nycha": false, "n_years": 1, "source": "LL84 (S01) via outputs/features/offtakers_features.csv"}}, {"type": "Feature", "geometry": {"type": "Point", "coordinates": [-74.001516, 40.73724]}, "properties": {"id": "4491815", "name": "Direct Property Management - 87 Greenwich Ave", "use_type": "Multifamily Housing", "dist_m": 466.0, "status": "excluded", "reason": "heat demand below 2 GWh/yr (too small for a street connection)", "heat_fuel_MWh": 1322.0, "steam_MWh": 0.0, "gas_MWh": 69.0, "useful_demand_MWh": 1124.0, "servable_share": 1.0, "heating_system": "hydronic_assumed", "nycha": false, "n_years": 3, "source": "LL84 (S01) via outputs/features/offtakers_features.csv"}}, {"type": "Feature", "geometry": {"type": "Point", "coordinates": [-74.005493, 40.748238]}, "properties": {"id": "2587287", "name": "534 WEST 23 STREET - [524 West 23rd]", "use_type": "Self-Storage Facility", "dist_m": 765.0, "status": "excluded", "reason": "insufficient data: only 1 year of LL84 records", "heat_fuel_MWh": 1319.0, "steam_MWh": 0.0, "gas_MWh": 1319.0, "useful_demand_MWh": 1121.0, "servable_share": 1.0, "heating_system": "hydronic_assumed", "nycha": false, "n_years": 1, "source": "LL84 (S01) via outputs/features/offtakers_features.csv"}}, {"type": "Feature", "geometry": {"type": "Point", "coordinates": [-73.992599, 40.738851]}, "properties": {"id": "6338140", "name": "Alfa -15 West 18th Street", "use_type": "Office", "dist_m": 910.0, "status": "excluded", "reason": "heat demand below 2 GWh/yr (too small for a street connection)", "heat_fuel_MWh": 1308.0, "steam_MWh": 0.0, "gas_MWh": 1308.0, "useful_demand_MWh": 1111.0, "servable_share": 1.0, "heating_system": "hydronic_assumed", "nycha": false, "n_years": 3, "source": "LL84 (S01) via outputs/features/offtakers_features.csv"}}, {"type": "Feature", "geometry": {"type": "Point", "coordinates": [-73.993591, 40.743248]}, "properties": {"id": "2665536", "name": "Stellar - 119-21 West 23rd Street", "use_type": "Office", "dist_m": 868.0, "status": "excluded", "reason": "heat demand below 2 GWh/yr (too small for a street connection)", "heat_fuel_MWh": 1303.0, "steam_MWh": 0.0, "gas_MWh": 0.0, "useful_demand_MWh": 1108.0, "servable_share": 1.0, "heating_system": "hydronic_assumed", "nycha": false, "n_years": 2, "source": "LL84 (S01) via outputs/features/offtakers_features.csv"}}, {"type": "Feature", "geometry": {"type": "Point", "coordinates": [-73.99685, 40.73564]}, "properties": {"id": "2682647", "name": "59 West 12th St Condominium (59 West 12 Street)", "use_type": "Multifamily Housing", "dist_m": 821.0, "status": "excluded", "reason": "insufficient data: only 1 year of LL84 records", "heat_fuel_MWh": 1292.0, "steam_MWh": 0.0, "gas_MWh": 1292.0, "useful_demand_MWh": 1098.0, "servable_share": 1.0, "heating_system": "hydronic_assumed", "nycha": false, "n_years": 1, "source": "LL84 (S01) via outputs/features/offtakers_features.csv"}}, {"type": "Feature", "geometry": {"type": "Point", "coordinates": [-73.994248, 40.73626]}, "properties": {"id": "3448547", "name": "8 West 14th Street", "use_type": "Office", "dist_m": 938.0, "status": "excluded", "reason": "heat demand below 2 GWh/yr (too small for a street connection)", "heat_fuel_MWh": 1290.0, "steam_MWh": 1290.0, "gas_MWh": 0.0, "useful_demand_MWh": 993.0, "servable_share": 0.39, "heating_system": "steam_radiators", "nycha": false, "n_years": 3, "source": "LL84 (S01) via outputs/features/offtakers_features.csv"}}, {"type": "Feature", "geometry": {"type": "Point", "coordinates": [-73.991855, 40.740048]}, "properties": {"id": "2689469", "name": "20 West 20th Street", "use_type": "Office", "dist_m": 916.0, "status": "excluded", "reason": "heat demand below 2 GWh/yr (too small for a street connection)", "heat_fuel_MWh": 1282.0, "steam_MWh": 0.0, "gas_MWh": 210.0, "useful_demand_MWh": 1090.0, "servable_share": 1.0, "heating_system": "hydronic_assumed", "nycha": false, "n_years": 3, "source": "LL84 (S01) via outputs/features/offtakers_features.csv"}}, {"type": "Feature", "geometry": {"type": "Point", "coordinates": [-73.997315, 40.73421]}, "properties": {"id": "5876476", "name": "DEPM 1650 - 45 West 10th Street", "use_type": "Multifamily Housing", "dist_m": 888.0, "status": "excluded", "reason": "heat demand below 2 GWh/yr (too small for a street connection)", "heat_fuel_MWh": 1280.0, "steam_MWh": 0.0, "gas_MWh": 3.0, "useful_demand_MWh": 1088.0, "servable_share": 1.0, "heating_system": "hydronic_assumed", "nycha": false, "n_years": 2, "source": "LL84 (S01) via outputs/features/offtakers_features.csv"}}, {"type": "Feature", "geometry": {"type": "Point", "coordinates": [-74.002818, 40.739867]}, "properties": {"id": "6382110", "name": "304 West 14th Street", "use_type": "Multifamily Housing", "dist_m": 174.0, "status": "excluded", "reason": "heat demand below 2 GWh/yr (too small for a street connection)", "heat_fuel_MWh": 1271.0, "steam_MWh": 0.0, "gas_MWh": 1271.0, "useful_demand_MWh": 1080.0, "servable_share": 1.0, "heating_system": "hydronic_assumed", "nycha": false, "n_years": 3, "source": "LL84 (S01) via outputs/features/offtakers_features.csv"}}, {"type": "Feature", "geometry": {"type": "Point", "coordinates": [-74.004601, 40.734106]}, "properties": {"id": "14365277", "name": "350 Bleecker Street", "use_type": "Multifamily Housing", "dist_m": 799.0, "status": "excluded", "reason": "heat demand below 2 GWh/yr (too small for a street connection)", "heat_fuel_MWh": 1269.0, "steam_MWh": 0.0, "gas_MWh": 1269.0, "useful_demand_MWh": 1079.0, "servable_share": 1.0, "heating_system": "hydronic_assumed", "nycha": false, "n_years": 3, "source": "LL84 (S01) via outputs/features/offtakers_features.csv"}}, {"type": "Feature", "geometry": {"type": "Point", "coordinates": [-74.00024066666667, 40.733004333333334]}, "properties": {"id": "4948339", "name": "Orsid - 136 Waverly Place", "use_type": "Multifamily Housing", "dist_m": 965.0, "status": "excluded", "reason": "heat demand below 2 GWh/yr (too small for a street connection)", "heat_fuel_MWh": 1263.0, "steam_MWh": 0.0, "gas_MWh": 1263.0, "useful_demand_MWh": 1073.0, "servable_share": 1.0, "heating_system": "hydronic_assumed", "nycha": false, "n_years": 2, "source": "LL84 (S01) via outputs/features/offtakers_features.csv"}}, {"type": "Feature", "geometry": {"type": "Point", "coordinates": [-73.996063, 40.737935]}, "properties": {"id": "25727216", "name": "77 West 15th Street", "use_type": "Multifamily Housing", "dist_m": 717.0, "status": "excluded", "reason": "heat demand below 2 GWh/yr (too small for a street connection)", "heat_fuel_MWh": 1254.0, "steam_MWh": 0.0, "gas_MWh": 1254.0, "useful_demand_MWh": 1066.0, "servable_share": 1.0, "heating_system": "hydronic_assumed", "nycha": false, "n_years": 2, "source": "LL84 (S01) via outputs/features/offtakers_features.csv"}}, {"type": "Feature", "geometry": {"type": "Point", "coordinates": [-73.9955, 40.739178]}, "properties": {"id": "4405892", "name": "590 6th Avenue", "use_type": "K-12 School", "dist_m": 729.0, "status": "excluded", "reason": "insufficient data: only 1 year of LL84 records", "heat_fuel_MWh": 1253.0, "steam_MWh": 0.0, "gas_MWh": 1253.0, "useful_demand_MWh": 1065.0, "servable_share": 1.0, "heating_system": "hydronic_assumed", "nycha": false, "n_years": 1, "source": "LL84 (S01) via outputs/features/offtakers_features.csv"}}, {"type": "Feature", "geometry": {"type": "Point", "coordinates": [-74.006615, 40.740569]}, "properties": {"id": "52484292", "name": "416 WEST 13 STREET", "use_type": "Office", "dist_m": 352.0, "status": "excluded", "reason": "insufficient data: only 1 year of LL84 records", "heat_fuel_MWh": 1241.0, "steam_MWh": 0.0, "gas_MWh": 1140.0, "useful_demand_MWh": 1055.0, "servable_share": 1.0, "heating_system": "hydronic_assumed", "nycha": false, "n_years": 1, "source": "LL84 (S01) via outputs/features/offtakers_features.csv"}}, {"type": "Feature", "geometry": {"type": "Point", "coordinates": [-73.996889, 40.742952]}, "properties": {"id": "10719073", "name": "201 West 21st Street Tenants Corp. (201 W 21 St)", "use_type": "Multifamily Housing", "dist_m": 575.0, "status": "excluded", "reason": "insufficient data: only 1 year of LL84 records", "heat_fuel_MWh": 1229.0, "steam_MWh": 0.0, "gas_MWh": 1229.0, "useful_demand_MWh": 1045.0, "servable_share": 1.0, "heating_system": "hydronic_assumed", "nycha": false, "n_years": 1, "source": "LL84 (S01) via outputs/features/offtakers_features.csv"}}, {"type": "Feature", "geometry": {"type": "Point", "coordinates": [-74.00388, 40.750064]}, "properties": {"id": "3112854", "name": "521 West 26th Street", "use_type": "Office", "dist_m": 985.0, "status": "excluded", "reason": "heat demand below 2 GWh/yr (too small for a street connection)", "heat_fuel_MWh": 1225.0, "steam_MWh": 0.0, "gas_MWh": 1225.0, "useful_demand_MWh": 1042.0, "servable_share": 1.0, "heating_system": "hydronic_assumed", "nycha": false, "n_years": 3, "source": "LL84 (S01) via outputs/features/offtakers_features.csv"}}, {"type": "Feature", "geometry": {"type": "Point", "coordinates": [-74.004735, 40.743962]}, "properties": {"id": "10517316", "name": "425 W 18th Street", "use_type": "Multifamily Housing", "dist_m": 344.0, "status": "excluded", "reason": "insufficient data: only 1 year of LL84 records", "heat_fuel_MWh": 1222.0, "steam_MWh": 0.0, "gas_MWh": 1222.0, "useful_demand_MWh": 1039.0, "servable_share": 1.0, "heating_system": "hydronic_assumed", "nycha": false, "n_years": 1, "source": "LL84 (S01) via outputs/features/offtakers_features.csv"}}, {"type": "Feature", "geometry": {"type": "Point", "coordinates": [-73.993772, 40.735807]}, "properties": {"id": "5026632", "name": "80 Fifth Avenue", "use_type": "Office", "dist_m": 977.0, "status": "excluded", "reason": "heat demand below 2 GWh/yr (too small for a street connection)", "heat_fuel_MWh": 1216.0, "steam_MWh": 0.0, "gas_MWh": 0.0, "useful_demand_MWh": 1034.0, "servable_share": 1.0, "heating_system": "hydronic_assumed", "nycha": false, "n_years": 2, "source": "LL84 (S01) via outputs/features/offtakers_features.csv"}}, {"type": "Feature", "geometry": {"type": "Point", "coordinates": [-74.00245699999999, 40.732712500000005]}, "properties": {"id": "6667538", "name": "AKAM - 9 Barrow Street", "use_type": "Multifamily Housing", "dist_m": 977.0, "status": "excluded", "reason": "heat demand below 2 GWh/yr (too small for a street connection)", "heat_fuel_MWh": 1215.0, "steam_MWh": 0.0, "gas_MWh": 1215.0, "useful_demand_MWh": 1033.0, "servable_share": 1.0, "heating_system": "hydronic_assumed", "nycha": false, "n_years": 2, "source": "LL84 (S01) via outputs/features/offtakers_features.csv"}}, {"type": "Feature", "geometry": {"type": "Point", "coordinates": [-74.006615, 40.740569]}, "properties": {"id": "2671721", "name": "Greenway Mews Realty LLC", "use_type": "Office", "dist_m": 352.0, "status": "excluded", "reason": "heat demand below 2 GWh/yr (too small for a street connection)", "heat_fuel_MWh": 1211.0, "steam_MWh": 0.0, "gas_MWh": 1211.0, "useful_demand_MWh": 1029.0, "servable_share": 1.0, "heating_system": "hydronic_assumed", "nycha": false, "n_years": 2, "source": "LL84 (S01) via outputs/features/offtakers_features.csv"}}, {"type": "Feature", "geometry": {"type": "Point", "coordinates": [-73.995239, 40.734959]}, "properties": {"id": "4038846", "name": "Orsid - 15 West 12th Street", "use_type": "Multifamily Housing", "dist_m": 962.0, "status": "excluded", "reason": "heat demand below 2 GWh/yr (too small for a street connection)", "heat_fuel_MWh": 1207.0, "steam_MWh": 0.0, "gas_MWh": 302.0, "useful_demand_MWh": 1026.0, "servable_share": 1.0, "heating_system": "hydronic_assumed", "nycha": false, "n_years": 2, "source": "LL84 (S01) via outputs/features/offtakers_features.csv"}}, {"type": "Feature", "geometry": {"type": "Point", "coordinates": [-73.999098, 40.742354]}, "properties": {"id": "2798374", "name": "Chelsea 19 Condominium", "use_type": "Multifamily Housing", "dist_m": 368.0, "status": "excluded", "reason": "insufficient data: only 1 year of LL84 records", "heat_fuel_MWh": 1205.0, "steam_MWh": 0.0, "gas_MWh": 1205.0, "useful_demand_MWh": 1024.0, "servable_share": 1.0, "heating_system": "hydronic_assumed", "nycha": false, "n_years": 1, "source": "LL84 (S01) via outputs/features/offtakers_features.csv"}}, {"type": "Feature", "geometry": {"type": "Point", "coordinates": [-74.001527, 40.744141]}, "properties": {"id": "50495092", "name": "365 W 20 APTS CORP", "use_type": "Multifamily Housing", "dist_m": 376.0, "status": "excluded", "reason": "insufficient data: only 1 year of LL84 records", "heat_fuel_MWh": 1199.0, "steam_MWh": 0.0, "gas_MWh": 1199.0, "useful_demand_MWh": 1020.0, "servable_share": 1.0, "heating_system": "hydronic_assumed", "nycha": false, "n_years": 1, "source": "LL84 (S01) via outputs/features/offtakers_features.csv"}}, {"type": "Feature", "geometry": {"type": "Point", "coordinates": [-73.991895, 40.738387]}, "properties": {"id": "2800685", "name": "126 Fifth Avenue", "use_type": "Office", "dist_m": 978.0, "status": "excluded", "reason": "insufficient data: only 1 year of LL84 records", "heat_fuel_MWh": 1197.0, "steam_MWh": 0.0, "gas_MWh": 1197.0, "useful_demand_MWh": 1018.0, "servable_share": 1.0, "heating_system": "hydronic_assumed", "nycha": false, "n_years": 1, "source": "LL84 (S01) via outputs/features/offtakers_features.csv"}}, {"type": "Feature", "geometry": {"type": "Point", "coordinates": [-73.99541, 40.744434]}, "properties": {"id": "28482620", "name": "NPMG - 232 7th Ave", "use_type": "Multifamily Housing", "dist_m": 734.0, "status": "excluded", "reason": "heat demand below 2 GWh/yr (too small for a street connection)", "heat_fuel_MWh": 1193.0, "steam_MWh": 0.0, "gas_MWh": 1193.0, "useful_demand_MWh": 1014.0, "servable_share": 1.0, "heating_system": "hydronic_assumed", "nycha": false, "n_years": 2, "source": "LL84 (S01) via outputs/features/offtakers_features.csv"}}, {"type": "Feature", "geometry": {"type": "Point", "coordinates": [-73.994211, 40.74349]}, "properties": {"id": "21294034", "name": "AKAM - 148 West 23rd Street", "use_type": "Multifamily Housing", "dist_m": 740.0, "status": "excluded", "reason": "heat demand below 2 GWh/yr (too small for a street connection)", "heat_fuel_MWh": 1187.0, "steam_MWh": 0.0, "gas_MWh": 1187.0, "useful_demand_MWh": 1009.0, "servable_share": 1.0, "heating_system": "hydronic_assumed", "nycha": false, "n_years": 2, "source": "LL84 (S01) via outputs/features/offtakers_features.csv"}}, {"type": "Feature", "geometry": {"type": "Point", "coordinates": [-73.998235, 40.736208]}, "properties": {"id": "15087890", "name": "100 West 12th Street (The Mark Twain)", "use_type": "Multifamily Housing", "dist_m": 721.0, "status": "excluded", "reason": "heat demand below 2 GWh/yr (too small for a street connection)", "heat_fuel_MWh": 1184.0, "steam_MWh": 0.0, "gas_MWh": 96.0, "useful_demand_MWh": 1006.0, "servable_share": 1.0, "heating_system": "hydronic_assumed", "nycha": false, "n_years": 3, "source": "LL84 (S01) via outputs/features/offtakers_features.csv"}}, {"type": "Feature", "geometry": {"type": "Point", "coordinates": [-73.991946, 40.739337]}, "properties": {"id": "2616221", "name": "5 West 19th Street", "use_type": "Multifamily Housing", "dist_m": 988.0, "status": "excluded", "reason": "heat demand below 2 GWh/yr (too small for a street connection)", "heat_fuel_MWh": 1173.0, "steam_MWh": 0.0, "gas_MWh": 7.0, "useful_demand_MWh": 997.0, "servable_share": 1.0, "heating_system": "hydronic_assumed", "nycha": false, "n_years": 2, "source": "LL84 (S01) via outputs/features/offtakers_features.csv"}}, {"type": "Feature", "geometry": {"type": "Point", "coordinates": [-73.991448, 40.739005]}, "properties": {"id": "18652222", "name": "NEW BEDFORD : 140 5", "use_type": "Multifamily Housing", "dist_m": 988.0, "status": "excluded", "reason": "heat demand below 2 GWh/yr (too small for a street connection)", "heat_fuel_MWh": 1171.0, "steam_MWh": 0.0, "gas_MWh": 13.0, "useful_demand_MWh": 995.0, "servable_share": 1.0, "heating_system": "hydronic_assumed", "nycha": false, "n_years": 2, "source": "LL84 (S01) via outputs/features/offtakers_features.csv"}}, {"type": "Feature", "geometry": {"type": "Point", "coordinates": [-73.994962, 40.739952]}, "properties": {"id": "21968031", "name": "615 AVENUE OF THE AMER", "use_type": "Retail Store", "dist_m": 685.0, "status": "excluded", "reason": "heat demand below 2 GWh/yr (too small for a street connection)", "heat_fuel_MWh": 1156.0, "steam_MWh": 0.0, "gas_MWh": 1156.0, "useful_demand_MWh": 982.0, "servable_share": 1.0, "heating_system": "hydronic_assumed", "nycha": false, "n_years": 3, "source": "LL84 (S01) via outputs/features/offtakers_features.csv"}}, {"type": "Feature", "geometry": {"type": "Point", "coordinates": [-73.996749, 40.742565]}, "properties": {"id": "6282899", "name": "Sandra Greer: 181 7th Avenue", "use_type": "Multifamily Housing", "dist_m": 587.0, "status": "excluded", "reason": "insufficient data: only 1 year of LL84 records", "heat_fuel_MWh": 1144.0, "steam_MWh": 0.0, "gas_MWh": 1144.0, "useful_demand_MWh": 972.0, "servable_share": 1.0, "heating_system": "hydronic_assumed", "nycha": false, "n_years": 1, "source": "LL84 (S01) via outputs/features/offtakers_features.csv"}}, {"type": "Feature", "geometry": {"type": "Point", "coordinates": [-74.003136, 40.742999999999995]}, "properties": {"id": "4014030", "name": "Stonehenge - 364 West 18th Street", "use_type": "Multifamily Housing", "dist_m": 194.0, "status": "excluded", "reason": "heat demand below 2 GWh/yr (too small for a street connection)", "heat_fuel_MWh": 1143.0, "steam_MWh": 0.0, "gas_MWh": 1143.0, "useful_demand_MWh": 972.0, "servable_share": 1.0, "heating_system": "hydronic_assumed", "nycha": false, "n_years": 2, "source": "LL84 (S01) via outputs/features/offtakers_features.csv"}}, {"type": "Feature", "geometry": {"type": "Point", "coordinates": [-73.998019, 40.740855]}, "properties": {"id": "55530192", "name": "200 REALTY EQUITIES LLC", "use_type": "Multifamily Housing", "dist_m": 416.0, "status": "excluded", "reason": "insufficient data: only 1 year of LL84 records", "heat_fuel_MWh": 1138.0, "steam_MWh": 0.0, "gas_MWh": 293.0, "useful_demand_MWh": 967.0, "servable_share": 1.0, "heating_system": "hydronic_assumed", "nycha": false, "n_years": 1, "source": "LL84 (S01) via outputs/features/offtakers_features.csv"}}, {"type": "Feature", "geometry": {"type": "Point", "coordinates": [-73.995474, 40.747316]}, "properties": {"id": "30687969", "name": "236 West 27th Street", "use_type": "Office", "dist_m": 902.0, "status": "excluded", "reason": "heat demand below 2 GWh/yr (too small for a street connection)", "heat_fuel_MWh": 1134.0, "steam_MWh": 0.0, "gas_MWh": 30.0, "useful_demand_MWh": 964.0, "servable_share": 1.0, "heating_system": "hydronic_assumed", "nycha": false, "n_years": 2, "source": "LL84 (S01) via outputs/features/offtakers_features.csv"}}, {"type": "Feature", "geometry": {"type": "Point", "coordinates": [-74.003093, 40.745565]}, "properties": {"id": "20405636", "name": "421 West 21st Street", "use_type": "Multifamily Housing", "dist_m": 498.0, "status": "excluded", "reason": "heat demand below 2 GWh/yr (too small for a street connection)", "heat_fuel_MWh": 1128.0, "steam_MWh": 0.0, "gas_MWh": 1128.0, "useful_demand_MWh": 959.0, "servable_share": 1.0, "heating_system": "hydronic_assumed", "nycha": false, "n_years": 2, "source": "LL84 (S01) via outputs/features/offtakers_features.csv"}}, {"type": "Feature", "geometry": {"type": "Point", "coordinates": [-74.003764, 40.748398]}, "properties": {"id": "6232581", "name": "The Getty Condominium (501 West 24th Street)", "use_type": "Multifamily Housing", "dist_m": 810.0, "status": "excluded", "reason": "insufficient data: only 1 year of LL84 records", "heat_fuel_MWh": 1116.0, "steam_MWh": 0.0, "gas_MWh": 1116.0, "useful_demand_MWh": 949.0, "servable_share": 1.0, "heating_system": "hydronic_assumed", "nycha": false, "n_years": 1, "source": "LL84 (S01) via outputs/features/offtakers_features.csv"}}, {"type": "Feature", "geometry": {"type": "Point", "coordinates": [-74.009367, 40.735368]}, "properties": {"id": "3447970", "name": "Salon: 366 West 11 Street", "use_type": "Multifamily Housing", "dist_m": 859.0, "status": "excluded", "reason": "insufficient data: only 1 year of LL84 records", "heat_fuel_MWh": 1114.0, "steam_MWh": 0.0, "gas_MWh": 1114.0, "useful_demand_MWh": 947.0, "servable_share": 1.0, "heating_system": "hydronic_assumed", "nycha": false, "n_years": 1, "source": "LL84 (S01) via outputs/features/offtakers_features.csv"}}, {"type": "Feature", "geometry": {"type": "Point", "coordinates": [-73.999874, 40.738308]}, "properties": {"id": "28621235", "name": "MIDWOOD MANAGEMENT CORP : 56 7 Avenue", "use_type": "Multifamily Housing", "dist_m": 417.0, "status": "excluded", "reason": "heat demand below 2 GWh/yr (too small for a street connection)", "heat_fuel_MWh": 1114.0, "steam_MWh": 0.0, "gas_MWh": 2227.0, "useful_demand_MWh": 946.0, "servable_share": 1.0, "heating_system": "hydronic_assumed", "nycha": false, "n_years": 2, "source": "LL84 (S01) via outputs/features/offtakers_features.csv"}}, {"type": "Feature", "geometry": {"type": "Point", "coordinates": [-73.996377, 40.743106]}, "properties": {"id": "2666655", "name": "SW - 196-204 7th Ave", "use_type": "Multifamily Housing", "dist_m": 597.0, "status": "excluded", "reason": "heat demand below 2 GWh/yr (too small for a street connection)", "heat_fuel_MWh": 1104.0, "steam_MWh": 0.0, "gas_MWh": 1104.0, "useful_demand_MWh": 938.0, "servable_share": 1.0, "heating_system": "hydronic_assumed", "nycha": false, "n_years": 2, "source": "LL84 (S01) via outputs/features/offtakers_features.csv"}}, {"type": "Feature", "geometry": {"type": "Point", "coordinates": [-74.00196, 40.746751]}, "properties": {"id": "22739867", "name": "WEST 23RD STREET OWNERS CORP", "use_type": "Multifamily Housing", "dist_m": 576.0, "status": "excluded", "reason": "heat demand below 2 GWh/yr (too small for a street connection)", "heat_fuel_MWh": 1095.0, "steam_MWh": 0.0, "gas_MWh": 1095.0, "useful_demand_MWh": 930.0, "servable_share": 1.0, "heating_system": "hydronic_assumed", "nycha": false, "n_years": 2, "source": "LL84 (S01) via outputs/features/offtakers_features.csv"}}, {"type": "Feature", "geometry": {"type": "Point", "coordinates": [-73.996027, 40.745947]}, "properties": {"id": "26105630", "name": "245 West 25th Street", "use_type": "Multifamily Housing", "dist_m": 797.0, "status": "excluded", "reason": "insufficient data: only 1 year of LL84 records", "heat_fuel_MWh": 1086.0, "steam_MWh": 0.0, "gas_MWh": 1086.0, "useful_demand_MWh": 923.0, "servable_share": 1.0, "heating_system": "hydronic_assumed", "nycha": false, "n_years": 1, "source": "LL84 (S01) via outputs/features/offtakers_features.csv"}}, {"type": "Feature", "geometry": {"type": "Point", "coordinates": [-74.007412, 40.74105]}, "properties": {"id": "6313110", "name": "860 Washington St", "use_type": "Office", "dist_m": 377.0, "status": "excluded", "reason": "heat demand below 2 GWh/yr (too small for a street connection)", "heat_fuel_MWh": 1084.0, "steam_MWh": 0.0, "gas_MWh": 1084.0, "useful_demand_MWh": 922.0, "servable_share": 1.0, "heating_system": "hydronic_assumed", "nycha": false, "n_years": 2, "source": "LL84 (S01) via outputs/features/offtakers_features.csv"}}, {"type": "Feature", "geometry": {"type": "Point", "coordinates": [-74.005305, 40.748159]}, "properties": {"id": "33030551", "name": "MMS #1982", "use_type": "Self-Storage Facility", "dist_m": 765.0, "status": "excluded", "reason": "insufficient data: only 1 year of LL84 records", "heat_fuel_MWh": 1080.0, "steam_MWh": 0.0, "gas_MWh": 1080.0, "useful_demand_MWh": 918.0, "servable_share": 1.0, "heating_system": "hydronic_assumed", "nycha": false, "n_years": 1, "source": "LL84 (S01) via outputs/features/offtakers_features.csv"}}, {"type": "Feature", "geometry": {"type": "Point", "coordinates": [-73.999845, 40.741135]}, "properties": {"id": "14947867", "name": "Mosbacher: 257 W 17th St", "use_type": "Multifamily Housing", "dist_m": 244.0, "status": "excluded", "reason": "heat demand below 2 GWh/yr (too small for a street connection)", "heat_fuel_MWh": 1063.0, "steam_MWh": 0.0, "gas_MWh": 1063.0, "useful_demand_MWh": 904.0, "servable_share": 1.0, "heating_system": "hydronic_assumed", "nycha": false, "n_years": 2, "source": "LL84 (S01) via outputs/features/offtakers_features.csv"}}, {"type": "Feature", "geometry": {"type": "Point", "coordinates": [-73.997261, 40.733422]}, "properties": {"id": "6773464", "name": "35 West 9th Street", "use_type": "Multifamily Housing", "dist_m": 976.0, "status": "excluded", "reason": "insufficient data: only 1 year of LL84 records", "heat_fuel_MWh": 1061.0, "steam_MWh": 0.0, "gas_MWh": 25.0, "useful_demand_MWh": 902.0, "servable_share": 1.0, "heating_system": "hydronic_assumed", "nycha": false, "n_years": 1, "source": "LL84 (S01) via outputs/features/offtakers_features.csv"}}, {"type": "Feature", "geometry": {"type": "Point", "coordinates": [-73.991946, 40.739337]}, "properties": {"id": "54162698", "name": "NB:5 West 19th Street", "use_type": "Multifamily Housing", "dist_m": 988.0, "status": "excluded", "reason": "insufficient data: only 1 year of LL84 records", "heat_fuel_MWh": 1058.0, "steam_MWh": 0.0, "gas_MWh": 5.0, "useful_demand_MWh": 900.0, "servable_share": 1.0, "heating_system": "hydronic_assumed", "nycha": false, "n_years": 1, "source": "LL84 (S01) via outputs/features/offtakers_features.csv"}}, {"type": "Feature", "geometry": {"type": "Point", "coordinates": [-74.000188, 40.740512]}, "properties": {"id": "6802712", "name": "Vanderbilt - 253 West 16th St", "use_type": "Multifamily Housing", "dist_m": 212.0, "status": "excluded", "reason": "heat demand below 2 GWh/yr (too small for a street connection)", "heat_fuel_MWh": 1055.0, "steam_MWh": 0.0, "gas_MWh": 1055.0, "useful_demand_MWh": 897.0, "servable_share": 1.0, "heating_system": "hydronic_assumed", "nycha": false, "n_years": 3, "source": "LL84 (S01) via outputs/features/offtakers_features.csv"}}, {"type": "Feature", "geometry": {"type": "Point", "coordinates": [-74.000971, 40.73819]}, "properties": {"id": "6654365", "name": "234 West 13th Street", "use_type": "Multifamily Housing", "dist_m": 339.0, "status": "excluded", "reason": "heat demand below 2 GWh/yr (too small for a street connection)", "heat_fuel_MWh": 1055.0, "steam_MWh": 0.0, "gas_MWh": 1055.0, "useful_demand_MWh": 896.0, "servable_share": 1.0, "heating_system": "hydronic_assumed", "nycha": false, "n_years": 3, "source": "LL84 (S01) via outputs/features/offtakers_features.csv"}}, {"type": "Feature", "geometry": {"type": "Point", "coordinates": [-74.001649, 40.748291]}, "properties": {"id": "21355269", "name": "DPR_3545_Chelsea Recreation Center", "use_type": "Fitness Center/Health Club/Gym", "dist_m": 776.0, "status": "excluded", "reason": "heat demand below 2 GWh/yr (too small for a street connection)", "heat_fuel_MWh": 1048.0, "steam_MWh": 0.0, "gas_MWh": 1048.0, "useful_demand_MWh": 891.0, "servable_share": 1.0, "heating_system": "hydronic_assumed", "nycha": false, "n_years": 3, "source": "LL84 (S01) via outputs/features/offtakers_features.csv"}}, {"type": "Feature", "geometry": {"type": "Point", "coordinates": [-74.000128, 40.748156]}, "properties": {"id": "4951007", "name": "AKAM - 263 9th Avenue", "use_type": "Multifamily Housing", "dist_m": 811.0, "status": "excluded", "reason": "heat demand below 2 GWh/yr (too small for a street connection)", "heat_fuel_MWh": 1045.0, "steam_MWh": 0.0, "gas_MWh": 1045.0, "useful_demand_MWh": 888.0, "servable_share": 1.0, "heating_system": "hydronic_assumed", "nycha": false, "n_years": 2, "source": "LL84 (S01) via outputs/features/offtakers_features.csv"}}, {"type": "Feature", "geometry": {"type": "Point", "coordinates": [-73.994277, 40.740855]}, "properties": {"id": "6309310", "name": "650 Sixth Avenue", "use_type": "Multifamily Housing", "dist_m": 788.0, "status": "excluded", "reason": "insufficient data: only 1 year of LL84 records", "heat_fuel_MWh": 1045.0, "steam_MWh": 798.0, "gas_MWh": 247.0, "useful_demand_MWh": 804.0, "servable_share": 0.6, "heating_system": "steam_radiators", "nycha": false, "n_years": 1, "source": "LL84 (S01) via outputs/features/offtakers_features.csv"}}, {"type": "Feature", "geometry": {"type": "Point", "coordinates": [-74.004259, 40.747717]}, "properties": {"id": "3518964", "name": "Ten23 - 19178", "use_type": "Multifamily Housing", "dist_m": 699.0, "status": "excluded", "reason": "insufficient data: only 1 year of LL84 records", "heat_fuel_MWh": 1041.0, "steam_MWh": 0.0, "gas_MWh": 1041.0, "useful_demand_MWh": 884.0, "servable_share": 1.0, "heating_system": "hydronic_assumed", "nycha": false, "n_years": 1, "source": "LL84 (S01) via outputs/features/offtakers_features.csv"}}, {"type": "Feature", "geometry": {"type": "Point", "coordinates": [-74.003349, 40.739205]}, "properties": {"id": "2649514", "name": "305 W 13", "use_type": "Multifamily Housing", "dist_m": 203.0, "status": "excluded", "reason": "insufficient data: only 1 year of LL84 records", "heat_fuel_MWh": 1022.0, "steam_MWh": 0.0, "gas_MWh": 1022.0, "useful_demand_MWh": 869.0, "servable_share": 1.0, "heating_system": "hydronic_assumed", "nycha": false, "n_years": 1, "source": "LL84 (S01) via outputs/features/offtakers_features.csv"}}, {"type": "Feature", "geometry": {"type": "Point", "coordinates": [-73.995655, 40.735969]}, "properties": {"id": "53948493", "name": "47 West 13th Street AKA 48 West 14th Street", "use_type": "Residence Hall/Dormitory", "dist_m": 796.0, "status": "excluded", "reason": "insufficient data: only 1 year of LL84 records", "heat_fuel_MWh": 1019.0, "steam_MWh": 0.0, "gas_MWh": 1019.0, "useful_demand_MWh": 866.0, "servable_share": 1.0, "heating_system": "hydronic_assumed", "nycha": false, "n_years": 1, "source": "LL84 (S01) via outputs/features/offtakers_features.csv"}}, {"type": "Feature", "geometry": {"type": "Point", "coordinates": [-73.995421, 40.740803]}, "properties": {"id": "26533123", "name": "AKAM - 121 West 19th Street", "use_type": "Multifamily Housing", "dist_m": 640.0, "status": "excluded", "reason": "heat demand below 2 GWh/yr (too small for a street connection)", "heat_fuel_MWh": 1018.0, "steam_MWh": 0.0, "gas_MWh": 1018.0, "useful_demand_MWh": 866.0, "servable_share": 1.0, "heating_system": "hydronic_assumed", "nycha": false, "n_years": 2, "source": "LL84 (S01) via outputs/features/offtakers_features.csv"}}, {"type": "Feature", "geometry": {"type": "Point", "coordinates": [-74.00472, 40.736705]}, "properties": {"id": "20462032", "name": "Abington Court Owners Corp", "use_type": "Multifamily Housing", "dist_m": 522.0, "status": "excluded", "reason": "heat demand below 2 GWh/yr (too small for a street connection)", "heat_fuel_MWh": 1013.0, "steam_MWh": 0.0, "gas_MWh": 1013.0, "useful_demand_MWh": 861.0, "servable_share": 1.0, "heating_system": "hydronic_assumed", "nycha": false, "n_years": 3, "source": "LL84 (S01) via outputs/features/offtakers_features.csv"}}, {"type": "Feature", "geometry": {"type": "Point", "coordinates": [-73.99716, 40.743877]}, "properties": {"id": "2653174", "name": "235 West 22nd Street", "use_type": "Multifamily Housing", "dist_m": 588.0, "status": "excluded", "reason": "heat demand below 2 GWh/yr (too small for a street connection)", "heat_fuel_MWh": 1008.0, "steam_MWh": 0.0, "gas_MWh": 1008.0, "useful_demand_MWh": 857.0, "servable_share": 1.0, "heating_system": "hydronic_assumed", "nycha": false, "n_years": 2, "source": "LL84 (S01) via outputs/features/offtakers_features.csv"}}, {"type": "Feature", "geometry": {"type": "Point", "coordinates": [-73.992992, 40.737306]}, "properties": {"id": "20413921", "name": "108 Fifth Avenue Condominium (108 Fifth Avenue)", "use_type": "Multifamily Housing", "dist_m": 969.0, "status": "excluded", "reason": "insufficient data: only 1 year of LL84 records", "heat_fuel_MWh": 1006.0, "steam_MWh": 0.0, "gas_MWh": 1006.0, "useful_demand_MWh": 855.0, "servable_share": 1.0, "heating_system": "hydronic_assumed", "nycha": false, "n_years": 1, "source": "LL84 (S01) via outputs/features/offtakers_features.csv"}}, {"type": "Feature", "geometry": {"type": "Point", "coordinates": [-74.001552, 40.747456]}, "properties": {"id": "24896820", "name": "415 West 24th Street", "use_type": "Multifamily Housing", "dist_m": 717.0, "status": "excluded", "reason": "heat demand below 2 GWh/yr (too small for a street connection)", "heat_fuel_MWh": 1003.0, "steam_MWh": 0.0, "gas_MWh": 25.0, "useful_demand_MWh": 853.0, "servable_share": 1.0, "heating_system": "hydronic_assumed", "nycha": false, "n_years": 2, "source": "LL84 (S01) via outputs/features/offtakers_features.csv"}}, {"type": "Feature", "geometry": {"type": "Point", "coordinates": [-74.006291, 40.74986]}, "properties": {"id": "2636842", "name": "210 11 AVENUE", "use_type": "Office", "dist_m": 971.0, "status": "excluded", "reason": "heat demand below 2 GWh/yr (too small for a street connection)", "heat_fuel_MWh": 984.0, "steam_MWh": 0.0, "gas_MWh": 20.0, "useful_demand_MWh": 836.0, "servable_share": 1.0, "heating_system": "hydronic_assumed", "nycha": false, "n_years": 2, "source": "LL84 (S01) via outputs/features/offtakers_features.csv"}}, {"type": "Feature", "geometry": {"type": "Point", "coordinates": [-73.995254, 40.745623]}, "properties": {"id": "2805211", "name": "207 W 25 street  - 39875", "use_type": "Office", "dist_m": 836.0, "status": "excluded", "reason": "insufficient data: only 1 year of LL84 records", "heat_fuel_MWh": 980.0, "steam_MWh": 0.0, "gas_MWh": 980.0, "useful_demand_MWh": 833.0, "servable_share": 1.0, "heating_system": "hydronic_assumed", "nycha": false, "n_years": 1, "source": "LL84 (S01) via outputs/features/offtakers_features.csv"}}, {"type": "Feature", "geometry": {"type": "Point", "coordinates": [-73.992984, 40.743858]}, "properties": {"id": "24231244", "name": "NYC-Chelsea NY MOT", "use_type": "Hotel", "dist_m": 916.0, "status": "excluded", "reason": "heat demand below 2 GWh/yr (too small for a street connection)", "heat_fuel_MWh": 975.0, "steam_MWh": 0.0, "gas_MWh": 975.0, "useful_demand_MWh": 829.0, "servable_share": 1.0, "heating_system": "hydronic_assumed", "nycha": false, "n_years": 3, "source": "LL84 (S01) via outputs/features/offtakers_features.csv"}}, {"type": "Feature", "geometry": {"type": "Point", "coordinates": [-73.993274, 40.739118]}, "properties": {"id": "2563179", "name": "Forty Four Eighteen Associates / 44 W 18th St", "use_type": "Office", "dist_m": 781.0, "status": "excluded", "reason": "heat demand below 2 GWh/yr (too small for a street connection)", "heat_fuel_MWh": 975.0, "steam_MWh": 0.0, "gas_MWh": 975.0, "useful_demand_MWh": 828.0, "servable_share": 1.0, "heating_system": "hydronic_assumed", "nycha": false, "n_years": 3, "source": "LL84 (S01) via outputs/features/offtakers_features.csv"}}, {"type": "Feature", "geometry": {"type": "Point", "coordinates": [-73.999163, 40.745568]}, "properties": {"id": "52721894", "name": "312 West 23rd Street", "use_type": "Multifamily Housing", "dist_m": 551.0, "status": "excluded", "reason": "insufficient data: only 1 year of LL84 records", "heat_fuel_MWh": 973.0, "steam_MWh": 0.0, "gas_MWh": 973.0, "useful_demand_MWh": 827.0, "servable_share": 1.0, "heating_system": "hydronic_assumed", "nycha": false, "n_years": 1, "source": "LL84 (S01) via outputs/features/offtakers_features.csv"}}, {"type": "Feature", "geometry": {"type": "Point", "coordinates": [-73.998658, 40.741382]}, "properties": {"id": "4802833", "name": "218 West 18th Street", "use_type": "Office", "dist_m": 349.0, "status": "excluded", "reason": "insufficient data: only 1 year of LL84 records", "heat_fuel_MWh": 970.0, "steam_MWh": 0.0, "gas_MWh": 970.0, "useful_demand_MWh": 825.0, "servable_share": 1.0, "heating_system": "hydronic_assumed", "nycha": false, "n_years": 1, "source": "LL84 (S01) via outputs/features/offtakers_features.csv"}}, {"type": "Feature", "geometry": {"type": "Point", "coordinates": [-74.005193, 40.74643]}, "properties": {"id": "4367548", "name": "500 W 21st Street Condominium", "use_type": "Multifamily Housing", "dist_m": 579.0, "status": "excluded", "reason": "heat demand below 2 GWh/yr (too small for a street connection)", "heat_fuel_MWh": 969.0, "steam_MWh": 0.0, "gas_MWh": 969.0, "useful_demand_MWh": 824.0, "servable_share": 1.0, "heating_system": "hydronic_assumed", "nycha": false, "n_years": 3, "source": "LL84 (S01) via outputs/features/offtakers_features.csv"}}, {"type": "Feature", "geometry": {"type": "Point", "coordinates": [-73.992725, 40.739666]}, "properties": {"id": "30687951", "name": "39 West 19th Street", "use_type": "Office", "dist_m": 839.0, "status": "excluded", "reason": "heat demand below 2 GWh/yr (too small for a street connection)", "heat_fuel_MWh": 968.0, "steam_MWh": 0.0, "gas_MWh": 295.0, "useful_demand_MWh": 823.0, "servable_share": 1.0, "heating_system": "hydronic_assumed", "nycha": false, "n_years": 2, "source": "LL84 (S01) via outputs/features/offtakers_features.csv"}}, {"type": "Feature", "geometry": {"type": "Point", "coordinates": [-73.995897, 40.743767]}, "properties": {"id": "6299719", "name": "Ace: 216 7th Ave", "use_type": "Multifamily Housing", "dist_m": 645.0, "status": "excluded", "reason": "heat demand below 2 GWh/yr (too small for a street connection)", "heat_fuel_MWh": 966.0, "steam_MWh": 0.0, "gas_MWh": 966.0, "useful_demand_MWh": 821.0, "servable_share": 1.0, "heating_system": "hydronic_assumed", "nycha": false, "n_years": 2, "source": "LL84 (S01) via outputs/features/offtakers_features.csv"}}, {"type": "Feature", "geometry": {"type": "Point", "coordinates": [-74.00389666666666, 40.73297433333334]}, "properties": {"id": "6382117", "name": "317 Bleecker Street", "use_type": "Multifamily Housing", "dist_m": 914.0, "status": "excluded", "reason": "heat demand below 2 GWh/yr (too small for a street connection)", "heat_fuel_MWh": 965.0, "steam_MWh": 0.0, "gas_MWh": 965.0, "useful_demand_MWh": 820.0, "servable_share": 1.0, "heating_system": "hydronic_assumed", "nycha": false, "n_years": 3, "source": "LL84 (S01) via outputs/features/offtakers_features.csv"}}, {"type": "Feature", "geometry": {"type": "Point", "coordinates": [-74.002674, 40.741561]}, "properties": {"id": "2440154", "name": "335 W 16", "use_type": "College/University", "dist_m": 65.0, "status": "excluded", "reason": "heat demand below 2 GWh/yr (too small for a street connection)", "heat_fuel_MWh": 962.0, "steam_MWh": 0.0, "gas_MWh": 962.0, "useful_demand_MWh": 818.0, "servable_share": 1.0, "heating_system": "hydronic_assumed", "nycha": false, "n_years": 3, "source": "LL84 (S01) via outputs/features/offtakers_features.csv"}}, {"type": "Feature", "geometry": {"type": "Point", "coordinates": [-73.998369, 40.737992]}, "properties": {"id": "30687967", "name": "154 West 14th Street", "use_type": "Office", "dist_m": 470.0, "status": "excluded", "reason": "heat demand below 2 GWh/yr (too small for a street connection)", "heat_fuel_MWh": 954.0, "steam_MWh": 0.0, "gas_MWh": 1.0, "useful_demand_MWh": 811.0, "servable_share": 1.0, "heating_system": "hydronic_assumed", "nycha": false, "n_years": 2, "source": "LL84 (S01) via outputs/features/offtakers_features.csv"}}, {"type": "Feature", "geometry": {"type": "Point", "coordinates": [-73.992599, 40.737424]}, "properties": {"id": "45047792", "name": "110 5th Avenue", "use_type": "Office", "dist_m": 958.0, "status": "excluded", "reason": "insufficient data: only 1 year of LL84 records", "heat_fuel_MWh": 953.0, "steam_MWh": 0.0, "gas_MWh": 953.0, "useful_demand_MWh": 810.0, "servable_share": 1.0, "heating_system": "hydronic_assumed", "nycha": false, "n_years": 1, "source": "LL84 (S01) via outputs/features/offtakers_features.csv"}}, {"type": "Feature", "geometry": {"type": "Point", "coordinates": [-73.99847, 40.73393]}, "properties": {"id": "3540230", "name": "Orsid - 61 West 9th St", "use_type": "Multifamily Housing", "dist_m": 905.0, "status": "excluded", "reason": "heat demand below 2 GWh/yr (too small for a street connection)", "heat_fuel_MWh": 951.0, "steam_MWh": 0.0, "gas_MWh": 951.0, "useful_demand_MWh": 809.0, "servable_share": 1.0, "heating_system": "hydronic_assumed", "nycha": false, "n_years": 2, "source": "LL84 (S01) via outputs/features/offtakers_features.csv"}}, {"type": "Feature", "geometry": {"type": "Point", "coordinates": [-73.994872, 40.73564]}, "properties": {"id": "20662111", "name": "DEPM 1824 - 13 West 13th Street", "use_type": "Multifamily Housing", "dist_m": 905.0, "status": "excluded", "reason": "heat demand below 2 GWh/yr (too small for a street connection)", "heat_fuel_MWh": 941.0, "steam_MWh": 0.0, "gas_MWh": 941.0, "useful_demand_MWh": 800.0, "servable_share": 1.0, "heating_system": "hydronic_assumed", "nycha": false, "n_years": 2, "source": "LL84 (S01) via outputs/features/offtakers_features.csv"}}, {"type": "Feature", "geometry": {"type": "Point", "coordinates": [-73.994901, 40.742101]}, "properties": {"id": "2637247", "name": "136 W21", "use_type": "College/University", "dist_m": 654.0, "status": "excluded", "reason": "heat demand below 2 GWh/yr (too small for a street connection)", "heat_fuel_MWh": 939.0, "steam_MWh": 0.0, "gas_MWh": 0.0, "useful_demand_MWh": 798.0, "servable_share": 1.0, "heating_system": "hydronic_assumed", "nycha": false, "n_years": 3, "source": "LL84 (S01) via outputs/features/offtakers_features.csv"}}, {"type": "Feature", "geometry": {"type": "Point", "coordinates": [-74.005177, 40.748105499999994]}, "properties": {"id": "4950979", "name": "AKAM - 520 West 23rd Street", "use_type": "Multifamily Housing", "dist_m": 736.0, "status": "excluded", "reason": "heat demand below 2 GWh/yr (too small for a street connection)", "heat_fuel_MWh": 938.0, "steam_MWh": 0.0, "gas_MWh": 938.0, "useful_demand_MWh": 797.0, "servable_share": 1.0, "heating_system": "hydronic_assumed", "nycha": false, "n_years": 2, "source": "LL84 (S01) via outputs/features/offtakers_features.csv"}}, {"type": "Feature", "geometry": {"type": "Point", "coordinates": [-73.999589, 40.743787]}, "properties": {"id": "22009016", "name": "209 8th Ave", "use_type": "Multifamily Housing", "dist_m": 410.0, "status": "excluded", "reason": "heat demand below 2 GWh/yr (too small for a street connection)", "heat_fuel_MWh": 936.0, "steam_MWh": 0.0, "gas_MWh": 803.0, "useful_demand_MWh": 796.0, "servable_share": 1.0, "heating_system": "hydronic_assumed", "nycha": false, "n_years": 2, "source": "LL84 (S01) via outputs/features/offtakers_features.csv"}}, {"type": "Feature", "geometry": {"type": "Point", "coordinates": [-73.999, 40.735687]}, "properties": {"id": "1634600", "name": "M041 (OECID: 0100057; BBL: 1006060049)", "use_type": "K-12 School", "dist_m": 740.0, "status": "excluded", "reason": "heat demand below 2 GWh/yr (too small for a street connection)", "heat_fuel_MWh": 933.0, "steam_MWh": 0.0, "gas_MWh": 50.0, "useful_demand_MWh": 793.0, "servable_share": 1.0, "heating_system": "hydronic_assumed", "nycha": false, "n_years": 3, "source": "LL84 (S01) via outputs/features/offtakers_features.csv"}}, {"type": "Feature", "geometry": {"type": "Point", "coordinates": [-73.995742, 40.737781]}, "properties": {"id": "6684983", "name": "CFA - 58 West 15th Street", "use_type": "Multifamily Housing", "dist_m": 742.0, "status": "excluded", "reason": "heat demand below 2 GWh/yr (too small for a street connection)", "heat_fuel_MWh": 923.0, "steam_MWh": 0.0, "gas_MWh": 12.0, "useful_demand_MWh": 784.0, "servable_share": 1.0, "heating_system": "hydronic_assumed", "nycha": false, "n_years": 2, "source": "LL84 (S01) via outputs/features/offtakers_features.csv"}}, {"type": "Feature", "geometry": {"type": "Point", "coordinates": [-73.994504, 40.740581]}, "properties": {"id": "33978983", "name": "641 Avenue of the Americas", "use_type": "Office", "dist_m": 715.0, "status": "excluded", "reason": "heat demand below 2 GWh/yr (too small for a street connection)", "heat_fuel_MWh": 921.0, "steam_MWh": 921.0, "gas_MWh": 0.0, "useful_demand_MWh": 709.0, "servable_share": 0.39, "heating_system": "steam_radiators", "nycha": false, "n_years": 2, "source": "LL84 (S01) via outputs/features/offtakers_features.csv"}}, {"type": "Feature", "geometry": {"type": "Point", "coordinates": [-73.99584, 40.736046]}, "properties": {"id": "58716192", "name": "Arnhold Hall", "use_type": "College/University", "dist_m": 766.0, "status": "excluded", "reason": "insufficient data: only 1 year of LL84 records", "heat_fuel_MWh": 912.0, "steam_MWh": 0.0, "gas_MWh": 912.0, "useful_demand_MWh": 775.0, "servable_share": 1.0, "heating_system": "hydronic_assumed", "nycha": false, "n_years": 1, "source": "LL84 (S01) via outputs/features/offtakers_features.csv"}}, {"type": "Feature", "geometry": {"type": "Point", "coordinates": [-73.995969, 40.736085]}, "properties": {"id": "5876802", "name": "60 West 13th Street", "use_type": "Multifamily Housing", "dist_m": 782.0, "status": "excluded", "reason": "insufficient data: only 1 year of LL84 records", "heat_fuel_MWh": 911.0, "steam_MWh": 0.0, "gas_MWh": 51.0, "useful_demand_MWh": 774.0, "servable_share": 1.0, "heating_system": "hydronic_assumed", "nycha": false, "n_years": 1, "source": "LL84 (S01) via outputs/features/offtakers_features.csv"}}, {"type": "Feature", "geometry": {"type": "Point", "coordinates": [-73.995251, 40.739518]}, "properties": {"id": "33560626", "name": "Halstead - 63 West 17th Street NY, NY 10011", "use_type": "Multifamily Housing", "dist_m": 724.0, "status": "excluded", "reason": "insufficient data: only 1 year of LL84 records", "heat_fuel_MWh": 910.0, "steam_MWh": 0.0, "gas_MWh": 910.0, "useful_demand_MWh": 773.0, "servable_share": 1.0, "heating_system": "hydronic_assumed", "nycha": false, "n_years": 1, "source": "LL84 (S01) via outputs/features/offtakers_features.csv"}}, {"type": "Feature", "geometry": {"type": "Point", "coordinates": [-74.002515, 40.738961]}, "properties": {"id": "2544329", "name": "122 Greenwich Avenue", "use_type": "Multifamily Housing", "dist_m": 246.0, "status": "excluded", "reason": "heat demand below 2 GWh/yr (too small for a street connection)", "heat_fuel_MWh": 910.0, "steam_MWh": 0.0, "gas_MWh": 910.0, "useful_demand_MWh": 773.0, "servable_share": 1.0, "heating_system": "hydronic_assumed", "nycha": false, "n_years": 3, "source": "LL84 (S01) via outputs/features/offtakers_features.csv"}}, {"type": "Feature", "geometry": {"type": "Point", "coordinates": [-73.99266, 40.738859]}, "properties": {"id": "2639187", "name": "18 West 18th Street", "use_type": "Office", "dist_m": 872.0, "status": "excluded", "reason": "heat demand below 2 GWh/yr (too small for a street connection)", "heat_fuel_MWh": 909.0, "steam_MWh": 0.0, "gas_MWh": 909.0, "useful_demand_MWh": 773.0, "servable_share": 1.0, "heating_system": "hydronic_assumed", "nycha": false, "n_years": 3, "source": "LL84 (S01) via outputs/features/offtakers_features.csv"}}, {"type": "Feature", "geometry": {"type": "Point", "coordinates": [-73.998243, 40.743523]}, "properties": {"id": "6382107", "name": "247 West 21st Street", "use_type": "Multifamily Housing", "dist_m": 495.0, "status": "excluded", "reason": "insufficient data: only 1 year of LL84 records", "heat_fuel_MWh": 898.0, "steam_MWh": 0.0, "gas_MWh": 898.0, "useful_demand_MWh": 763.0, "servable_share": 1.0, "heating_system": "hydronic_assumed", "nycha": false, "n_years": 1, "source": "LL84 (S01) via outputs/features/offtakers_features.csv"}}, {"type": "Feature", "geometry": {"type": "Point", "coordinates": [-74.001442, 40.73755533333333]}, "properties": {"id": "6791778", "name": "JC Dwight - 225 WEST 12th STREET", "use_type": "Multifamily Housing", "dist_m": 420.0, "status": "excluded", "reason": "heat demand below 2 GWh/yr (too small for a street connection)", "heat_fuel_MWh": 895.0, "steam_MWh": 0.0, "gas_MWh": 895.0, "useful_demand_MWh": 761.0, "servable_share": 1.0, "heating_system": "hydronic_assumed", "nycha": false, "n_years": 3, "source": "LL84 (S01) via outputs/features/offtakers_features.csv"}}, {"type": "Feature", "geometry": {"type": "Point", "coordinates": [-74.004947, 40.739889]}, "properties": {"id": "6293352", "name": "345 West 13th Street", "use_type": "Multifamily Housing", "dist_m": 190.0, "status": "excluded", "reason": "insufficient data: only 1 year of LL84 records", "heat_fuel_MWh": 890.0, "steam_MWh": 0.0, "gas_MWh": 890.0, "useful_demand_MWh": 757.0, "servable_share": 1.0, "heating_system": "hydronic_assumed", "nycha": false, "n_years": 1, "source": "LL84 (S01) via outputs/features/offtakers_features.csv"}}, {"type": "Feature", "geometry": {"type": "Point", "coordinates": [-74.005604, 40.735903]}, "properties": {"id": "34002978", "name": "295 West 11th Street", "use_type": "Multifamily Housing", "dist_m": 620.0, "status": "excluded", "reason": "insufficient data: only 1 year of LL84 records", "heat_fuel_MWh": 889.0, "steam_MWh": 0.0, "gas_MWh": 23.0, "useful_demand_MWh": 755.0, "servable_share": 1.0, "heating_system": "hydronic_assumed", "nycha": false, "n_years": 1, "source": "LL84 (S01) via outputs/features/offtakers_features.csv"}}, {"type": "Feature", "geometry": {"type": "Point", "coordinates": [-73.996698, 40.740575]}, "properties": {"id": "6684973", "name": "CFA - 163 West 18th Street", "use_type": "Multifamily Housing", "dist_m": 512.0, "status": "excluded", "reason": "heat demand below 2 GWh/yr (too small for a street connection)", "heat_fuel_MWh": 889.0, "steam_MWh": 0.0, "gas_MWh": 889.0, "useful_demand_MWh": 755.0, "servable_share": 1.0, "heating_system": "hydronic_assumed", "nycha": false, "n_years": 2, "source": "LL84 (S01) via outputs/features/offtakers_features.csv"}}, {"type": "Feature", "geometry": {"type": "Point", "coordinates": [-74.006594, 40.749452]}, "properties": {"id": "2685991", "name": "DEPM 2772/2774 - 200 Eleventh Ave", "use_type": "Multifamily Housing", "dist_m": 917.0, "status": "excluded", "reason": "heat demand below 2 GWh/yr (too small for a street connection)", "heat_fuel_MWh": 885.0, "steam_MWh": 0.0, "gas_MWh": 885.0, "useful_demand_MWh": 752.0, "servable_share": 1.0, "heating_system": "hydronic_assumed", "nycha": false, "n_years": 2, "source": "LL84 (S01) via outputs/features/offtakers_features.csv"}}, {"type": "Feature", "geometry": {"type": "Point", "coordinates": [-73.993071, 40.744684]}, "properties": {"id": "2651619", "name": "138 W 25th St - Tamkat Building Corp.", "use_type": "Office", "dist_m": 888.0, "status": "excluded", "reason": "insufficient data: only 1 year of LL84 records", "heat_fuel_MWh": 884.0, "steam_MWh": 0.0, "gas_MWh": 884.0, "useful_demand_MWh": 751.0, "servable_share": 1.0, "heating_system": "hydronic_assumed", "nycha": false, "n_years": 1, "source": "LL84 (S01) via outputs/features/offtakers_features.csv"}}, {"type": "Feature", "geometry": {"type": "Point", "coordinates": [-73.996063, 40.737935]}, "properties": {"id": "6707586", "name": "Left Bank Co.: 77 West 15th Street", "use_type": "Multifamily Housing", "dist_m": 717.0, "status": "excluded", "reason": "insufficient data: only 1 year of LL84 records", "heat_fuel_MWh": 882.0, "steam_MWh": 0.0, "gas_MWh": 882.0, "useful_demand_MWh": 750.0, "servable_share": 1.0, "heating_system": "hydronic_assumed", "nycha": false, "n_years": 1, "source": "LL84 (S01) via outputs/features/offtakers_features.csv"}}, {"type": "Feature", "geometry": {"type": "Point", "coordinates": [-73.994089, 40.742562]}, "properties": {"id": "2710389", "name": "118 West 22nd Street", "use_type": "Office", "dist_m": 751.0, "status": "excluded", "reason": "insufficient data: only 1 year of LL84 records", "heat_fuel_MWh": 881.0, "steam_MWh": 0.0, "gas_MWh": 0.0, "useful_demand_MWh": 749.0, "servable_share": 1.0, "heating_system": "hydronic_assumed", "nycha": false, "n_years": 1, "source": "LL84 (S01) via outputs/features/offtakers_features.csv"}}, {"type": "Feature", "geometry": {"type": "Point", "coordinates": [-74.003565, 40.735514]}, "properties": {"id": "6405424", "name": "Rapoport: 55 Perry St", "use_type": "Multifamily Housing", "dist_m": 629.0, "status": "excluded", "reason": "heat demand below 2 GWh/yr (too small for a street connection)", "heat_fuel_MWh": 878.0, "steam_MWh": 0.0, "gas_MWh": 878.0, "useful_demand_MWh": 746.0, "servable_share": 1.0, "heating_system": "hydronic_assumed", "nycha": false, "n_years": 3, "source": "LL84 (S01) via outputs/features/offtakers_features.csv"}}, {"type": "Feature", "geometry": {"type": "Point", "coordinates": [-73.992191, 40.739422]}, "properties": {"id": "58910793", "name": "16-20 WEST 19 STREET, Manhattan", "use_type": "Multifamily Housing", "dist_m": 923.0, "status": "excluded", "reason": "insufficient data: only 1 year of LL84 records", "heat_fuel_MWh": 877.0, "steam_MWh": 0.0, "gas_MWh": 877.0, "useful_demand_MWh": 745.0, "servable_share": 1.0, "heating_system": "hydronic_assumed", "nycha": false, "n_years": 1, "source": "LL84 (S01) via outputs/features/offtakers_features.csv"}}, {"type": "Feature", "geometry": {"type": "Point", "coordinates": [-74.00551100000001, 40.744904]}, "properties": {"id": "20466157", "name": "Century - 456 West 19th Street", "use_type": "Multifamily Housing", "dist_m": 453.0, "status": "excluded", "reason": "heat demand below 2 GWh/yr (too small for a street connection)", "heat_fuel_MWh": 876.0, "steam_MWh": 0.0, "gas_MWh": 876.0, "useful_demand_MWh": 744.0, "servable_share": 1.0, "heating_system": "hydronic_assumed", "nycha": false, "n_years": 2, "source": "LL84 (S01) via outputs/features/offtakers_features.csv"}}, {"type": "Feature", "geometry": {"type": "Point", "coordinates": [-74.00615133333334, 40.74217633333333]}, "properties": {"id": "4832241", "name": "430 West 15th Street (422 WEST 15 STREET)", "use_type": "Office", "dist_m": 278.0, "status": "excluded", "reason": "heat demand below 2 GWh/yr (too small for a street connection)", "heat_fuel_MWh": 866.0, "steam_MWh": 0.0, "gas_MWh": 866.0, "useful_demand_MWh": 736.0, "servable_share": 1.0, "heating_system": "hydronic_assumed", "nycha": false, "n_years": 2, "source": "LL84 (S01) via outputs/features/offtakers_features.csv"}}, {"type": "Feature", "geometry": {"type": "Point", "coordinates": [-73.995114, 40.744802]}, "properties": {"id": "5864824", "name": "AKAM - 245 Seventh Avenue", "use_type": "Multifamily Housing", "dist_m": 809.0, "status": "excluded", "reason": "heat demand below 2 GWh/yr (too small for a street connection)", "heat_fuel_MWh": 866.0, "steam_MWh": 0.0, "gas_MWh": 866.0, "useful_demand_MWh": 736.0, "servable_share": 1.0, "heating_system": "hydronic_assumed", "nycha": false, "n_years": 2, "source": "LL84 (S01) via outputs/features/offtakers_features.csv"}}, {"type": "Feature", "geometry": {"type": "Point", "coordinates": [-74.008769, 40.73755]}, "properties": {"id": "5849964", "name": "Lawrence - 380 West 12th Street", "use_type": "Multifamily Housing", "dist_m": 652.0, "status": "excluded", "reason": "heat demand below 2 GWh/yr (too small for a street connection)", "heat_fuel_MWh": 864.0, "steam_MWh": 0.0, "gas_MWh": 864.0, "useful_demand_MWh": 734.0, "servable_share": 1.0, "heating_system": "hydronic_assumed", "nycha": false, "n_years": 2, "source": "LL84 (S01) via outputs/features/offtakers_features.csv"}}, {"type": "Feature", "geometry": {"type": "Point", "coordinates": [-74.008256, 40.737051]}, "properties": {"id": "2702103", "name": "756 Washington Street", "use_type": "Multifamily Housing", "dist_m": 638.0, "status": "excluded", "reason": "heat demand below 2 GWh/yr (too small for a street connection)", "heat_fuel_MWh": 863.0, "steam_MWh": 0.0, "gas_MWh": 863.0, "useful_demand_MWh": 733.0, "servable_share": 1.0, "heating_system": "hydronic_assumed", "nycha": false, "n_years": 2, "source": "LL84 (S01) via outputs/features/offtakers_features.csv"}}, {"type": "Feature", "geometry": {"type": "Point", "coordinates": [-73.999069, 40.742324]}, "properties": {"id": "11990638", "name": "101 - C3 The Grove", "use_type": "Multifamily Housing", "dist_m": 358.0, "status": "excluded", "reason": "heat demand below 2 GWh/yr (too small for a street connection)", "heat_fuel_MWh": 851.0, "steam_MWh": 0.0, "gas_MWh": 1703.0, "useful_demand_MWh": 724.0, "servable_share": 1.0, "heating_system": "hydronic_assumed", "nycha": false, "n_years": 2, "source": "LL84 (S01) via outputs/features/offtakers_features.csv"}}, {"type": "Feature", "geometry": {"type": "Point", "coordinates": [-74.005742, 40.747206999999996]}, "properties": {"id": "6815789", "name": "512 W 22nd", "use_type": "Office", "dist_m": 663.0, "status": "excluded", "reason": "heat demand below 2 GWh/yr (too small for a street connection)", "heat_fuel_MWh": 849.0, "steam_MWh": 0.0, "gas_MWh": 849.0, "useful_demand_MWh": 722.0, "servable_share": 1.0, "heating_system": "hydronic_assumed", "nycha": false, "n_years": 3, "source": "LL84 (S01) via outputs/features/offtakers_features.csv"}}, {"type": "Feature", "geometry": {"type": "Point", "coordinates": [-73.992324, 40.740246]}, "properties": {"id": "2543889", "name": "GC 40 West 20th Street", "use_type": "Office", "dist_m": 835.0, "status": "excluded", "reason": "heat demand below 2 GWh/yr (too small for a street connection)", "heat_fuel_MWh": 848.0, "steam_MWh": 0.0, "gas_MWh": 623.0, "useful_demand_MWh": 721.0, "servable_share": 1.0, "heating_system": "hydronic_assumed", "nycha": false, "n_years": 2, "source": "LL84 (S01) via outputs/features/offtakers_features.csv"}}, {"type": "Feature", "geometry": {"type": "Point", "coordinates": [-74.00120633333333, 40.74810266666666]}, "properties": {"id": "4950993", "name": "AKAM - 420 West 25th Street", "use_type": "Multifamily Housing", "dist_m": 759.0, "status": "excluded", "reason": "heat demand below 2 GWh/yr (too small for a street connection)", "heat_fuel_MWh": 848.0, "steam_MWh": 0.0, "gas_MWh": 848.0, "useful_demand_MWh": 720.0, "servable_share": 1.0, "heating_system": "hydronic_assumed", "nycha": false, "n_years": 2, "source": "LL84 (S01) via outputs/features/offtakers_features.csv"}}, {"type": "Feature", "geometry": {"type": "Point", "coordinates": [-73.993379, 40.736354]}, "properties": {"id": "2606281", "name": "90 Fifth Avenue", "use_type": "Office", "dist_m": 971.0, "status": "excluded", "reason": "heat demand below 2 GWh/yr (too small for a street connection)", "heat_fuel_MWh": 847.0, "steam_MWh": 0.0, "gas_MWh": 847.0, "useful_demand_MWh": 720.0, "servable_share": 1.0, "heating_system": "hydronic_assumed", "nycha": false, "n_years": 3, "source": "LL84 (S01) via outputs/features/offtakers_features.csv"}}, {"type": "Feature", "geometry": {"type": "Point", "coordinates": [-73.997272, 40.735818]}, "properties": {"id": "6114096", "name": "71 West 12th Street", "use_type": "Multifamily Housing", "dist_m": 793.0, "status": "excluded", "reason": "heat demand below 2 GWh/yr (too small for a street connection)", "heat_fuel_MWh": 846.0, "steam_MWh": 0.0, "gas_MWh": 30.0, "useful_demand_MWh": 719.0, "servable_share": 1.0, "heating_system": "hydronic_assumed", "nycha": false, "n_years": 2, "source": "LL84 (S01) via outputs/features/offtakers_features.csv"}}, {"type": "Feature", "geometry": {"type": "Point", "coordinates": [-74.001959, 40.732887]}, "properties": {"id": "16754520", "name": "Andrews: 1 Sheridan Square", "use_type": "Multifamily Housing", "dist_m": 963.0, "status": "excluded", "reason": "heat demand below 2 GWh/yr (too small for a street connection)", "heat_fuel_MWh": 843.0, "steam_MWh": 0.0, "gas_MWh": 843.0, "useful_demand_MWh": 717.0, "servable_share": 1.0, "heating_system": "hydronic_assumed", "nycha": false, "n_years": 2, "source": "LL84 (S01) via outputs/features/offtakers_features.csv"}}, {"type": "Feature", "geometry": {"type": "Point", "coordinates": [-73.995533, 40.737696]}, "properties": {"id": "2801945", "name": "50 West 15th Street", "use_type": "Multifamily Housing", "dist_m": 785.0, "status": "excluded", "reason": "insufficient data: only 1 year of LL84 records", "heat_fuel_MWh": 840.0, "steam_MWh": 0.0, "gas_MWh": 840.0, "useful_demand_MWh": 714.0, "servable_share": 1.0, "heating_system": "hydronic_assumed", "nycha": false, "n_years": 1, "source": "LL84 (S01) via outputs/features/offtakers_features.csv"}}, {"type": "Feature", "geometry": {"type": "Point", "coordinates": [-74.007412, 40.74105]}, "properties": {"id": "26632680", "name": "860 Washington Street", "use_type": "Office", "dist_m": 377.0, "status": "excluded", "reason": "insufficient data: only 1 year of LL84 records", "heat_fuel_MWh": 834.0, "steam_MWh": 0.0, "gas_MWh": 834.0, "useful_demand_MWh": 709.0, "servable_share": 1.0, "heating_system": "hydronic_assumed", "nycha": false, "n_years": 1, "source": "LL84 (S01) via outputs/features/offtakers_features.csv"}}, {"type": "Feature", "geometry": {"type": "Point", "coordinates": [-73.994096, 40.737948]}, "properties": {"id": "10814132", "name": "True North Flatiron 43", "use_type": "Multifamily Housing", "dist_m": 759.0, "status": "excluded", "reason": "insufficient data: only 1 year of LL84 records", "heat_fuel_MWh": 828.0, "steam_MWh": 0.0, "gas_MWh": 828.0, "useful_demand_MWh": 704.0, "servable_share": 1.0, "heating_system": "hydronic_assumed", "nycha": false, "n_years": 1, "source": "LL84 (S01) via outputs/features/offtakers_features.csv"}}, {"type": "Feature", "geometry": {"type": "Point", "coordinates": [-73.997734, 40.741761]}, "properties": {"id": "4739512", "name": "206-218 West 19th Street", "use_type": "Multifamily Housing", "dist_m": 423.0, "status": "excluded", "reason": "heat demand below 2 GWh/yr (too small for a street connection)", "heat_fuel_MWh": 826.0, "steam_MWh": 0.0, "gas_MWh": 38.0, "useful_demand_MWh": 702.0, "servable_share": 1.0, "heating_system": "hydronic_assumed", "nycha": false, "n_years": 2, "source": "LL84 (S01) via outputs/features/offtakers_features.csv"}}, {"type": "Feature", "geometry": {"type": "Point", "coordinates": [-74.001559, 40.74184]}, "properties": {"id": "6354513", "name": "300 West 17th Street", "use_type": "Multifamily Housing", "dist_m": 146.0, "status": "excluded", "reason": "heat demand below 2 GWh/yr (too small for a street connection)", "heat_fuel_MWh": 824.0, "steam_MWh": 0.0, "gas_MWh": 824.0, "useful_demand_MWh": 700.0, "servable_share": 1.0, "heating_system": "hydronic_assumed", "nycha": false, "n_years": 2, "source": "LL84 (S01) via outputs/features/offtakers_features.csv"}}, {"type": "Feature", "geometry": {"type": "Point", "coordinates": [-73.993104, 40.74391]}, "properties": {"id": "20652469", "name": "119 West 24th Street", "use_type": "Office", "dist_m": 900.0, "status": "excluded", "reason": "heat demand below 2 GWh/yr (too small for a street connection)", "heat_fuel_MWh": 821.0, "steam_MWh": 0.0, "gas_MWh": 1.0, "useful_demand_MWh": 698.0, "servable_share": 1.0, "heating_system": "hydronic_assumed", "nycha": false, "n_years": 3, "source": "LL84 (S01) via outputs/features/offtakers_features.csv"}}, {"type": "Feature", "geometry": {"type": "Point", "coordinates": [-73.99585, 40.73438]}, "properties": {"id": "52614292", "name": "15 West 11th Street", "use_type": "Multifamily Housing", "dist_m": 988.0, "status": "excluded", "reason": "insufficient data: only 1 year of LL84 records", "heat_fuel_MWh": 821.0, "steam_MWh": 0.0, "gas_MWh": 821.0, "useful_demand_MWh": 698.0, "servable_share": 1.0, "heating_system": "hydronic_assumed", "nycha": false, "n_years": 1, "source": "LL84 (S01) via outputs/features/offtakers_features.csv"}}, {"type": "Feature", "geometry": {"type": "Point", "coordinates": [-73.999607, 40.745757]}, "properties": {"id": "6779565", "name": "334 West 23 Street", "use_type": "Hotel", "dist_m": 546.0, "status": "excluded", "reason": "heat demand below 2 GWh/yr (too small for a street connection)", "heat_fuel_MWh": 815.0, "steam_MWh": 513.0, "gas_MWh": 302.0, "useful_demand_MWh": 628.0, "servable_share": 0.39, "heating_system": "steam_radiators", "nycha": false, "n_years": 3, "source": "LL84 (S01) via outputs/features/offtakers_features.csv"}}, {"type": "Feature", "geometry": {"type": "Point", "coordinates": [-74.004204, 40.740471]}, "properties": {"id": "15557119", "name": "Superior - 335+337 Campus", "use_type": "Multifamily Housing", "dist_m": 99.0, "status": "excluded", "reason": "heat demand below 2 GWh/yr (too small for a street connection)", "heat_fuel_MWh": 811.0, "steam_MWh": 0.0, "gas_MWh": 811.0, "useful_demand_MWh": 689.0, "servable_share": 1.0, "heating_system": "hydronic_assumed", "nycha": false, "n_years": 3, "source": "LL84 (S01) via outputs/features/offtakers_features.csv"}}, {"type": "Feature", "geometry": {"type": "Point", "coordinates": [-74.006576, 40.736677666666665]}, "properties": {"id": "23758471", "name": "Stonehenge - 780 Greenwich Street", "use_type": "Multifamily Housing", "dist_m": 602.0, "status": "excluded", "reason": "heat demand below 2 GWh/yr (too small for a street connection)", "heat_fuel_MWh": 810.0, "steam_MWh": 0.0, "gas_MWh": 810.0, "useful_demand_MWh": 689.0, "servable_share": 1.0, "heating_system": "hydronic_assumed", "nycha": false, "n_years": 2, "source": "LL84 (S01) via outputs/features/offtakers_features.csv"}}, {"type": "Feature", "geometry": {"type": "Point", "coordinates": [-74.007766, 40.73875]}, "properties": {"id": "6626322", "name": "92 Horatio Street", "use_type": "Multifamily Housing", "dist_m": 503.0, "status": "excluded", "reason": "insufficient data: only 1 year of LL84 records", "heat_fuel_MWh": 809.0, "steam_MWh": 0.0, "gas_MWh": 25.0, "useful_demand_MWh": 688.0, "servable_share": 1.0, "heating_system": "hydronic_assumed", "nycha": false, "n_years": 1, "source": "LL84 (S01) via outputs/features/offtakers_features.csv"}}, {"type": "Feature", "geometry": {"type": "Point", "coordinates": [-73.994645, 40.742013]}, "properties": {"id": "10063210", "name": "Andrews: 125 W 21st St.", "use_type": "Multifamily Housing", "dist_m": 725.0, "status": "excluded", "reason": "heat demand below 2 GWh/yr (too small for a street connection)", "heat_fuel_MWh": 809.0, "steam_MWh": 0.0, "gas_MWh": 809.0, "useful_demand_MWh": 688.0, "servable_share": 1.0, "heating_system": "hydronic_assumed", "nycha": false, "n_years": 3, "source": "LL84 (S01) via outputs/features/offtakers_features.csv"}}, {"type": "Feature", "geometry": {"type": "Point", "coordinates": [-74.005687, 40.74198]}, "properties": {"id": "6801340", "name": "412 West 15th Street", "use_type": "Financial Office", "dist_m": 245.0, "status": "excluded", "reason": "insufficient data: only 1 year of LL84 records", "heat_fuel_MWh": 807.0, "steam_MWh": 0.0, "gas_MWh": 807.0, "useful_demand_MWh": 686.0, "servable_share": 1.0, "heating_system": "hydronic_assumed", "nycha": false, "n_years": 1, "source": "LL84 (S01) via outputs/features/offtakers_features.csv"}}, {"type": "Feature", "geometry": {"type": "Point", "coordinates": [-73.995266, 40.735785]}, "properties": {"id": "33214016", "name": "30-34 West 13th Street (Parent Property)", "use_type": "Multifamily Housing", "dist_m": 868.0, "status": "excluded", "reason": "heat demand below 2 GWh/yr (too small for a street connection)", "heat_fuel_MWh": 807.0, "steam_MWh": 0.0, "gas_MWh": 807.0, "useful_demand_MWh": 686.0, "servable_share": 1.0, "heating_system": "hydronic_assumed", "nycha": false, "n_years": 2, "source": "LL84 (S01) via outputs/features/offtakers_features.csv"}}, {"type": "Feature", "geometry": {"type": "Point", "coordinates": [-74.007019, 40.744525]}, "properties": {"id": "33638934", "name": "DEPM 2294 - 500 West 18th Street", "use_type": "Multifamily Housing", "dist_m": 514.0, "status": "excluded", "reason": "insufficient data: only 1 year of LL84 records", "heat_fuel_MWh": 805.0, "steam_MWh": 0.0, "gas_MWh": 805.0, "useful_demand_MWh": 684.0, "servable_share": 1.0, "heating_system": "hydronic_assumed", "nycha": false, "n_years": 1, "source": "LL84 (S01) via outputs/features/offtakers_features.csv"}}, {"type": "Feature", "geometry": {"type": "Point", "coordinates": [-73.995655, 40.735969]}, "properties": {"id": "4947936", "name": "CB - 47 West 13th Street", "use_type": "Residence Hall/Dormitory", "dist_m": 796.0, "status": "excluded", "reason": "insufficient data: only 1 year of LL84 records", "heat_fuel_MWh": 802.0, "steam_MWh": 0.0, "gas_MWh": 802.0, "useful_demand_MWh": 682.0, "servable_share": 1.0, "heating_system": "hydronic_assumed", "nycha": false, "n_years": 1, "source": "LL84 (S01) via outputs/features/offtakers_features.csv"}}, {"type": "Feature", "geometry": {"type": "Point", "coordinates": [-74.007404, 40.735648]}, "properties": {"id": "11711675", "name": "Century - 325 West 11th Street", "use_type": "Multifamily Housing", "dist_m": 712.0, "status": "excluded", "reason": "insufficient data: only 1 year of LL84 records", "heat_fuel_MWh": 795.0, "steam_MWh": 0.0, "gas_MWh": 795.0, "useful_demand_MWh": 676.0, "servable_share": 1.0, "heating_system": "hydronic_assumed", "nycha": false, "n_years": 1, "source": "LL84 (S01) via outputs/features/offtakers_features.csv"}}, {"type": "Feature", "geometry": {"type": "Point", "coordinates": [-73.998777, 40.741434]}, "properties": {"id": "6288366", "name": "224 West 18th Street", "use_type": "Multifamily Housing", "dist_m": 322.0, "status": "excluded", "reason": "insufficient data: only 1 year of LL84 records", "heat_fuel_MWh": 793.0, "steam_MWh": 0.0, "gas_MWh": 793.0, "useful_demand_MWh": 674.0, "servable_share": 1.0, "heating_system": "hydronic_assumed", "nycha": false, "n_years": 1, "source": "LL84 (S01) via outputs/features/offtakers_features.csv"}}, {"type": "Feature", "geometry": {"type": "Point", "coordinates": [-74.004193, 40.737537]}, "properties": {"id": "6690206", "name": "290 West 12th Street", "use_type": "Multifamily Housing", "dist_m": 458.0, "status": "excluded", "reason": "heat demand below 2 GWh/yr (too small for a street connection)", "heat_fuel_MWh": 787.0, "steam_MWh": 0.0, "gas_MWh": 787.0, "useful_demand_MWh": 669.0, "servable_share": 1.0, "heating_system": "hydronic_assumed", "nycha": false, "n_years": 3, "source": "LL84 (S01) via outputs/features/offtakers_features.csv"}}, {"type": "Feature", "geometry": {"type": "Point", "coordinates": [-73.994504, 40.740581]}, "properties": {"id": "6409994", "name": "635 Avenue of the Americas", "use_type": "Office", "dist_m": 703.0, "status": "excluded", "reason": "heat demand below 2 GWh/yr (too small for a street connection)", "heat_fuel_MWh": 787.0, "steam_MWh": 1005.0, "gas_MWh": 678.0, "useful_demand_MWh": 606.0, "servable_share": 0.39, "heating_system": "steam_radiators", "nycha": false, "n_years": 3, "source": "LL84 (S01) via outputs/features/offtakers_features.csv"}}, {"type": "Feature", "geometry": {"type": "Point", "coordinates": [-74.000505, 40.739793]}, "properties": {"id": "6299929", "name": "250 West 15th Street", "use_type": "Multifamily Housing", "dist_m": 228.0, "status": "excluded", "reason": "insufficient data: only 1 year of LL84 records", "heat_fuel_MWh": 785.0, "steam_MWh": 0.0, "gas_MWh": 785.0, "useful_demand_MWh": 668.0, "servable_share": 1.0, "heating_system": "hydronic_assumed", "nycha": false, "n_years": 1, "source": "LL84 (S01) via outputs/features/offtakers_features.csv"}}, {"type": "Feature", "geometry": {"type": "Point", "coordinates": [-73.998528, 40.742093]}, "properties": {"id": "1712194", "name": "220 W 19th St (Red Circle NYC Corp)", "use_type": "Office", "dist_m": 399.0, "status": "excluded", "reason": "insufficient data: only 1 year of LL84 records", "heat_fuel_MWh": 783.0, "steam_MWh": 0.0, "gas_MWh": 783.0, "useful_demand_MWh": 666.0, "servable_share": 1.0, "heating_system": "hydronic_assumed", "nycha": false, "n_years": 1, "source": "LL84 (S01) via outputs/features/offtakers_features.csv"}}, {"type": "Feature", "geometry": {"type": "Point", "coordinates": [-73.999448, 40.740951]}, "properties": {"id": "4376878", "name": "Halstead - 236-246 West 17th Street", "use_type": "Multifamily Housing", "dist_m": 263.0, "status": "excluded", "reason": "insufficient data: only 1 year of LL84 records", "heat_fuel_MWh": 778.0, "steam_MWh": 0.0, "gas_MWh": 778.0, "useful_demand_MWh": 661.0, "servable_share": 1.0, "heating_system": "hydronic_assumed", "nycha": false, "n_years": 1, "source": "LL84 (S01) via outputs/features/offtakers_features.csv"}}, {"type": "Feature", "geometry": {"type": "Point", "coordinates": [-74.003359, 40.733549]}, "properties": {"id": "17707039", "name": "77 Christopher Street", "use_type": "Multifamily Housing", "dist_m": 829.0, "status": "excluded", "reason": "insufficient data: only 1 year of LL84 records", "heat_fuel_MWh": 776.0, "steam_MWh": 0.0, "gas_MWh": 776.0, "useful_demand_MWh": 660.0, "servable_share": 1.0, "heating_system": "hydronic_assumed", "nycha": false, "n_years": 1, "source": "LL84 (S01) via outputs/features/offtakers_features.csv"}}, {"type": "Feature", "geometry": {"type": "Point", "coordinates": [-73.99384, 40.738585]}, "properties": {"id": "2799302", "name": "50 West Realty Company LP", "use_type": "Office", "dist_m": 770.0, "status": "excluded", "reason": "insufficient data: only 1 year of LL84 records", "heat_fuel_MWh": 774.0, "steam_MWh": 0.0, "gas_MWh": 0.0, "useful_demand_MWh": 658.0, "servable_share": 1.0, "heating_system": "hydronic_assumed", "nycha": false, "n_years": 1, "source": "LL84 (S01) via outputs/features/offtakers_features.csv"}}, {"type": "Feature", "geometry": {"type": "Point", "coordinates": [-73.9965, 40.738958]}, "properties": {"id": "12797241", "name": "BRG - 111 w 16th st", "use_type": "Multifamily Housing", "dist_m": 627.0, "status": "excluded", "reason": "heat demand below 2 GWh/yr (too small for a street connection)", "heat_fuel_MWh": 774.0, "steam_MWh": 0.0, "gas_MWh": 774.0, "useful_demand_MWh": 658.0, "servable_share": 1.0, "heating_system": "hydronic_assumed", "nycha": false, "n_years": 3, "source": "LL84 (S01) via outputs/features/offtakers_features.csv"}}, {"type": "Feature", "geometry": {"type": "Point", "coordinates": [-73.995219, 40.740715]}, "properties": {"id": "20652468", "name": "111 West 19th Street", "use_type": "Office", "dist_m": 676.0, "status": "excluded", "reason": "heat demand below 2 GWh/yr (too small for a street connection)", "heat_fuel_MWh": 773.0, "steam_MWh": 0.0, "gas_MWh": 1.0, "useful_demand_MWh": 657.0, "servable_share": 1.0, "heating_system": "hydronic_assumed", "nycha": false, "n_years": 3, "source": "LL84 (S01) via outputs/features/offtakers_features.csv"}}, {"type": "Feature", "geometry": {"type": "Point", "coordinates": [-73.999599, 40.741034]}, "properties": {"id": "4040793", "name": "245 West 17th Street", "use_type": "Office", "dist_m": 300.0, "status": "excluded", "reason": "insufficient data: only 1 year of LL84 records", "heat_fuel_MWh": 769.0, "steam_MWh": 0.0, "gas_MWh": 769.0, "useful_demand_MWh": 654.0, "servable_share": 1.0, "heating_system": "hydronic_assumed", "nycha": false, "n_years": 1, "source": "LL84 (S01) via outputs/features/offtakers_features.csv"}}, {"type": "Feature", "geometry": {"type": "Point", "coordinates": [-74.005233, 40.740366]}, "properties": {"id": "26619467", "name": "675 Hudson Street", "use_type": "Office", "dist_m": 221.0, "status": "excluded", "reason": "heat demand below 2 GWh/yr (too small for a street connection)", "heat_fuel_MWh": 769.0, "steam_MWh": 0.0, "gas_MWh": 769.0, "useful_demand_MWh": 653.0, "servable_share": 1.0, "heating_system": "hydronic_assumed", "nycha": false, "n_years": 2, "source": "LL84 (S01) via outputs/features/offtakers_features.csv"}}, {"type": "Feature", "geometry": {"type": "Point", "coordinates": [-74.004695, 40.744709]}, "properties": {"id": "31978308", "name": "445 West 19th Street", "use_type": "Multifamily Housing", "dist_m": 430.0, "status": "excluded", "reason": "heat demand below 2 GWh/yr (too small for a street connection)", "heat_fuel_MWh": 767.0, "steam_MWh": 0.0, "gas_MWh": 767.0, "useful_demand_MWh": 652.0, "servable_share": 1.0, "heating_system": "hydronic_assumed", "nycha": false, "n_years": 2, "source": "LL84 (S01) via outputs/features/offtakers_features.csv"}}, {"type": "Feature", "geometry": {"type": "Point", "coordinates": [-73.992021, 40.740136]}, "properties": {"id": "2689487", "name": "27 West 20th Street", "use_type": "Office", "dist_m": 889.0, "status": "excluded", "reason": "heat demand below 2 GWh/yr (too small for a street connection)", "heat_fuel_MWh": 767.0, "steam_MWh": 0.0, "gas_MWh": 0.0, "useful_demand_MWh": 652.0, "servable_share": 1.0, "heating_system": "hydronic_assumed", "nycha": false, "n_years": 3, "source": "LL84 (S01) via outputs/features/offtakers_features.csv"}}, {"type": "Feature", "geometry": {"type": "Point", "coordinates": [-73.994818, 40.742065]}, "properties": {"id": "2636732", "name": "132 West 21st Street", "use_type": "College/University", "dist_m": 668.0, "status": "excluded", "reason": "heat demand below 2 GWh/yr (too small for a street connection)", "heat_fuel_MWh": 766.0, "steam_MWh": 0.0, "gas_MWh": 1.0, "useful_demand_MWh": 651.0, "servable_share": 1.0, "heating_system": "hydronic_assumed", "nycha": false, "n_years": 3, "source": "LL84 (S01) via outputs/features/offtakers_features.csv"}}, {"type": "Feature", "geometry": {"type": "Point", "coordinates": [-74.007675, 40.73225]}, "properties": {"id": "23945840", "name": "St. Luke's School at 657 Greenwich St", "use_type": "K-12 School", "dist_m": 995.0, "status": "excluded", "reason": "heat demand below 2 GWh/yr (too small for a street connection)", "heat_fuel_MWh": 765.0, "steam_MWh": 0.0, "gas_MWh": 765.0, "useful_demand_MWh": 651.0, "servable_share": 1.0, "heating_system": "hydronic_assumed", "nycha": false, "n_years": 3, "source": "LL84 (S01) via outputs/features/offtakers_features.csv"}}, {"type": "Feature", "geometry": {"type": "Point", "coordinates": [-73.995601, 40.746561]}, "properties": {"id": "14947872", "name": "Rudd: 236 West 26th St", "use_type": "Multifamily Housing", "dist_m": 833.0, "status": "excluded", "reason": "heat demand below 2 GWh/yr (too small for a street connection)", "heat_fuel_MWh": 760.0, "steam_MWh": 0.0, "gas_MWh": 11.0, "useful_demand_MWh": 646.0, "servable_share": 1.0, "heating_system": "hydronic_assumed", "nycha": false, "n_years": 3, "source": "LL84 (S01) via outputs/features/offtakers_features.csv"}}, {"type": "Feature", "geometry": {"type": "Point", "coordinates": [-73.993392, 40.745645]}, "properties": {"id": "6261052", "name": "177 West 26th Street", "use_type": "Multifamily Housing", "dist_m": 941.0, "status": "excluded", "reason": "heat demand below 2 GWh/yr (too small for a street connection)", "heat_fuel_MWh": 760.0, "steam_MWh": 0.0, "gas_MWh": 452.0, "useful_demand_MWh": 646.0, "servable_share": 1.0, "heating_system": "hydronic_assumed", "nycha": false, "n_years": 3, "source": "LL84 (S01) via outputs/features/offtakers_features.csv"}}, {"type": "Feature", "geometry": {"type": "Point", "coordinates": [-73.995547, 40.735906]}, "properties": {"id": "6687943", "name": "Wallack - 42 West 13th Street", "use_type": "Multifamily Housing", "dist_m": 825.0, "status": "excluded", "reason": "insufficient data: only 1 year of LL84 records", "heat_fuel_MWh": 759.0, "steam_MWh": 0.0, "gas_MWh": 17.0, "useful_demand_MWh": 645.0, "servable_share": 1.0, "heating_system": "hydronic_assumed", "nycha": false, "n_years": 1, "source": "LL84 (S01) via outputs/features/offtakers_features.csv"}}, {"type": "Feature", "geometry": {"type": "Point", "coordinates": [-74.001205, 40.742475]}, "properties": {"id": "33807463", "name": "Lovett - 305 West 18th Street", "use_type": "Multifamily Housing", "dist_m": 228.0, "status": "excluded", "reason": "heat demand below 2 GWh/yr (too small for a street connection)", "heat_fuel_MWh": 758.0, "steam_MWh": 0.0, "gas_MWh": 758.0, "useful_demand_MWh": 644.0, "servable_share": 1.0, "heating_system": "hydronic_assumed", "nycha": false, "n_years": 2, "source": "LL84 (S01) via outputs/features/offtakers_features.csv"}}, {"type": "Feature", "geometry": {"type": "Point", "coordinates": [-74.009742, 40.734621]}, "properties": {"id": "34146013", "name": "West Perry Condominium", "use_type": "Multifamily Housing", "dist_m": 947.0, "status": "excluded", "reason": "insufficient data: only 1 year of LL84 records", "heat_fuel_MWh": 754.0, "steam_MWh": 0.0, "gas_MWh": 754.0, "useful_demand_MWh": 641.0, "servable_share": 1.0, "heating_system": "hydronic_assumed", "nycha": false, "n_years": 1, "source": "LL84 (S01) via outputs/features/offtakers_features.csv"}}, {"type": "Feature", "geometry": {"type": "Point", "coordinates": [-73.996771, 40.734767]}, "properties": {"id": "2731500", "name": "JC Dwight - 55 West 11th St", "use_type": "Multifamily Housing", "dist_m": 857.0, "status": "excluded", "reason": "heat demand below 2 GWh/yr (too small for a street connection)", "heat_fuel_MWh": 752.0, "steam_MWh": 0.0, "gas_MWh": 752.0, "useful_demand_MWh": 639.0, "servable_share": 1.0, "heating_system": "hydronic_assumed", "nycha": false, "n_years": 3, "source": "LL84 (S01) via outputs/features/offtakers_features.csv"}}, {"type": "Feature", "geometry": {"type": "Point", "coordinates": [-74.005561, 40.747412]}, "properties": {"id": "10063205", "name": "Andrews: 511 W 22nd St.", "use_type": "Multifamily Housing", "dist_m": 721.0, "status": "excluded", "reason": "heat demand below 2 GWh/yr (too small for a street connection)", "heat_fuel_MWh": 751.0, "steam_MWh": 0.0, "gas_MWh": 751.0, "useful_demand_MWh": 638.0, "servable_share": 1.0, "heating_system": "hydronic_assumed", "nycha": false, "n_years": 3, "source": "LL84 (S01) via outputs/features/offtakers_features.csv"}}, {"type": "Feature", "geometry": {"type": "Point", "coordinates": [-73.992461, 40.744429]}, "properties": {"id": "21308112", "name": "108 West 25th Street Condominium", "use_type": "Multifamily Housing", "dist_m": 955.0, "status": "excluded", "reason": "insufficient data: only 1 year of LL84 records", "heat_fuel_MWh": 751.0, "steam_MWh": 0.0, "gas_MWh": 751.0, "useful_demand_MWh": 638.0, "servable_share": 1.0, "heating_system": "hydronic_assumed", "nycha": false, "n_years": 1, "source": "LL84 (S01) via outputs/features/offtakers_features.csv"}}, {"type": "Feature", "geometry": {"type": "Point", "coordinates": [-73.995694, 40.74741]}, "properties": {"id": "33580916", "name": "Halstead - 250 West 27th Street NY, NY 10001", "use_type": "Multifamily Housing", "dist_m": 894.0, "status": "excluded", "reason": "insufficient data: only 1 year of LL84 records", "heat_fuel_MWh": 747.0, "steam_MWh": 0.0, "gas_MWh": 28.0, "useful_demand_MWh": 635.0, "servable_share": 1.0, "heating_system": "hydronic_assumed", "nycha": false, "n_years": 1, "source": "LL84 (S01) via outputs/features/offtakers_features.csv"}}, {"type": "Feature", "geometry": {"type": "Point", "coordinates": [-74.009414, 40.734668]}, "properties": {"id": "6687351", "name": "Halstead - 166 Perry Street", "use_type": "Multifamily Housing", "dist_m": 925.0, "status": "excluded", "reason": "heat demand below 2 GWh/yr (too small for a street connection)", "heat_fuel_MWh": 744.0, "steam_MWh": 0.0, "gas_MWh": 744.0, "useful_demand_MWh": 632.0, "servable_share": 1.0, "heating_system": "hydronic_assumed", "nycha": false, "n_years": 2, "source": "LL84 (S01) via outputs/features/offtakers_features.csv"}}, {"type": "Feature", "geometry": {"type": "Point", "coordinates": [-73.998185, 40.744289]}, "properties": {"id": "6266279", "name": "258 West 22nd Street - 39832", "use_type": "Multifamily Housing", "dist_m": 514.0, "status": "excluded", "reason": "insufficient data: only 1 year of LL84 records", "heat_fuel_MWh": 741.0, "steam_MWh": 0.0, "gas_MWh": 18.0, "useful_demand_MWh": 630.0, "servable_share": 1.0, "heating_system": "hydronic_assumed", "nycha": false, "n_years": 1, "source": "LL84 (S01) via outputs/features/offtakers_features.csv"}}, {"type": "Feature", "geometry": {"type": "Point", "coordinates": [-73.993233, 40.744752]}, "properties": {"id": "2689489", "name": "146 West 25th Street", "use_type": "Office", "dist_m": 873.0, "status": "excluded", "reason": "heat demand below 2 GWh/yr (too small for a street connection)", "heat_fuel_MWh": 741.0, "steam_MWh": 0.0, "gas_MWh": 1.0, "useful_demand_MWh": 630.0, "servable_share": 1.0, "heating_system": "hydronic_assumed", "nycha": false, "n_years": 3, "source": "LL84 (S01) via outputs/features/offtakers_features.csv"}}, {"type": "Feature", "geometry": {"type": "Point", "coordinates": [-74.007975, 40.741827]}, "properties": {"id": "11934123", "name": "URA Group - 40 10th Avenue", "use_type": "Office", "dist_m": 417.0, "status": "excluded", "reason": "insufficient data: only 1 year of LL84 records", "heat_fuel_MWh": 736.0, "steam_MWh": 0.0, "gas_MWh": 736.0, "useful_demand_MWh": 625.0, "servable_share": 1.0, "heating_system": "hydronic_assumed", "nycha": false, "n_years": 1, "source": "LL84 (S01) via outputs/features/offtakers_features.csv"}}, {"type": "Feature", "geometry": {"type": "Point", "coordinates": [-73.997308, 40.739299]}, "properties": {"id": "6773368", "name": "151 West 16th Street", "use_type": "Multifamily Housing", "dist_m": 478.0, "status": "excluded", "reason": "insufficient data: only 1 year of LL84 records", "heat_fuel_MWh": 733.0, "steam_MWh": 0.0, "gas_MWh": 733.0, "useful_demand_MWh": 623.0, "servable_share": 1.0, "heating_system": "hydronic_assumed", "nycha": false, "n_years": 1, "source": "LL84 (S01) via outputs/features/offtakers_features.csv"}}, {"type": "Feature", "geometry": {"type": "Point", "coordinates": [-73.993721, 40.744149]}, "properties": {"id": "5043145", "name": "Kinsey: 148 West 24th St", "use_type": "Office", "dist_m": 800.0, "status": "excluded", "reason": "insufficient data: only 1 year of LL84 records", "heat_fuel_MWh": 732.0, "steam_MWh": 0.0, "gas_MWh": 732.0, "useful_demand_MWh": 622.0, "servable_share": 1.0, "heating_system": "hydronic_assumed", "nycha": false, "n_years": 1, "source": "LL84 (S01) via outputs/features/offtakers_features.csv"}}, {"type": "Feature", "geometry": {"type": "Point", "coordinates": [-74.007503, 40.74184]}, "properties": {"id": "6571032", "name": "450 W. 14th Street", "use_type": "Office", "dist_m": 391.0, "status": "excluded", "reason": "insufficient data: only 1 year of LL84 records", "heat_fuel_MWh": 725.0, "steam_MWh": 0.0, "gas_MWh": 725.0, "useful_demand_MWh": 616.0, "servable_share": 1.0, "heating_system": "hydronic_assumed", "nycha": false, "n_years": 1, "source": "LL84 (S01) via outputs/features/offtakers_features.csv"}}, {"type": "Feature", "geometry": {"type": "Point", "coordinates": [-73.994515, 40.73727]}, "properties": {"id": "2782326", "name": "30 West 15th Street", "use_type": "Multifamily Housing", "dist_m": 845.0, "status": "excluded", "reason": "insufficient data: only 1 year of LL84 records", "heat_fuel_MWh": 722.0, "steam_MWh": 0.0, "gas_MWh": 96.0, "useful_demand_MWh": 613.0, "servable_share": 1.0, "heating_system": "hydronic_assumed", "nycha": false, "n_years": 1, "source": "LL84 (S01) via outputs/features/offtakers_features.csv"}}, {"type": "Feature", "geometry": {"type": "Point", "coordinates": [-73.994251, 40.742631]}, "properties": {"id": "10063220", "name": "Andrews: 126 W 22nd St", "use_type": "Multifamily Housing", "dist_m": 736.0, "status": "excluded", "reason": "heat demand below 2 GWh/yr (too small for a street connection)", "heat_fuel_MWh": 709.0, "steam_MWh": 0.0, "gas_MWh": 709.0, "useful_demand_MWh": 603.0, "servable_share": 1.0, "heating_system": "hydronic_assumed", "nycha": false, "n_years": 3, "source": "LL84 (S01) via outputs/features/offtakers_features.csv"}}, {"type": "Feature", "geometry": {"type": "Point", "coordinates": [-74.005394, 40.733889]}, "properties": {"id": "21355407", "name": "NYPD_4451_6th Precinct", "use_type": "Police Station", "dist_m": 815.0, "status": "excluded", "reason": "heat demand below 2 GWh/yr (too small for a street connection)", "heat_fuel_MWh": 702.0, "steam_MWh": 0.0, "gas_MWh": 702.0, "useful_demand_MWh": 596.0, "servable_share": 1.0, "heating_system": "hydronic_assumed", "nycha": false, "n_years": 3, "source": "LL84 (S01) via outputs/features/offtakers_features.csv"}}, {"type": "Feature", "geometry": {"type": "Point", "coordinates": [-74.001916, 40.733022]}, "properties": {"id": "6382098", "name": "129 West Washington Place", "use_type": "Multifamily Housing", "dist_m": 922.0, "status": "excluded", "reason": "heat demand below 2 GWh/yr (too small for a street connection)", "heat_fuel_MWh": 700.0, "steam_MWh": 0.0, "gas_MWh": 700.0, "useful_demand_MWh": 595.0, "servable_share": 1.0, "heating_system": "hydronic_assumed", "nycha": false, "n_years": 3, "source": "LL84 (S01) via outputs/features/offtakers_features.csv"}}, {"type": "Feature", "geometry": {"type": "Point", "coordinates": [-74.001371, 40.736496]}, "properties": {"id": "6457924", "name": "201 West 11th Street", "use_type": "Multifamily Housing", "dist_m": 538.0, "status": "excluded", "reason": "heat demand below 2 GWh/yr (too small for a street connection)", "heat_fuel_MWh": 699.0, "steam_MWh": 0.0, "gas_MWh": 699.0, "useful_demand_MWh": 594.0, "servable_share": 1.0, "heating_system": "hydronic_assumed", "nycha": false, "n_years": 2, "source": "LL84 (S01) via outputs/features/offtakers_features.csv"}}, {"type": "Feature", "geometry": {"type": "Point", "coordinates": [-74.00149, 40.742595]}, "properties": {"id": "6282524", "name": "Buchbinder: 319 W 18th St", "use_type": "Multifamily Housing", "dist_m": 215.0, "status": "excluded", "reason": "insufficient data: only 1 year of LL84 records", "heat_fuel_MWh": 697.0, "steam_MWh": 0.0, "gas_MWh": 72.0, "useful_demand_MWh": 593.0, "servable_share": 1.0, "heating_system": "hydronic_assumed", "nycha": false, "n_years": 1, "source": "LL84 (S01) via outputs/features/offtakers_features.csv"}}, {"type": "Feature", "geometry": {"type": "Point", "coordinates": [-74.005186, 40.748129]}, "properties": {"id": "6168917", "name": "521 West 23rd Street", "use_type": "Multifamily Housing", "dist_m": 784.0, "status": "excluded", "reason": "heat demand below 2 GWh/yr (too small for a street connection)", "heat_fuel_MWh": 696.0, "steam_MWh": 0.0, "gas_MWh": 13.0, "useful_demand_MWh": 591.0, "servable_share": 1.0, "heating_system": "hydronic_assumed", "nycha": false, "n_years": 2, "source": "LL84 (S01) via outputs/features/offtakers_features.csv"}}, {"type": "Feature", "geometry": {"type": "Point", "coordinates": [-73.996547, 40.740493]}, "properties": {"id": "26680772", "name": "154 West 18th Street", "use_type": "Multifamily Housing", "dist_m": 505.0, "status": "excluded", "reason": "insufficient data: only 1 year of LL84 records", "heat_fuel_MWh": 696.0, "steam_MWh": 0.0, "gas_MWh": 696.0, "useful_demand_MWh": 591.0, "servable_share": 1.0, "heating_system": "hydronic_assumed", "nycha": false, "n_years": 1, "source": "LL84 (S01) via outputs/features/offtakers_features.csv"}}, {"type": "Feature", "geometry": {"type": "Point", "coordinates": [-74.004738, 40.74962166666666]}, "properties": {"id": "2669826", "name": "545 West 25th St", "use_type": "Office", "dist_m": 965.0, "status": "excluded", "reason": "heat demand below 2 GWh/yr (too small for a street connection)", "heat_fuel_MWh": 696.0, "steam_MWh": 0.0, "gas_MWh": 696.0, "useful_demand_MWh": 591.0, "servable_share": 1.0, "heating_system": "hydronic_assumed", "nycha": false, "n_years": 3, "source": "LL84 (S01) via outputs/features/offtakers_features.csv"}}, {"type": "Feature", "geometry": {"type": "Point", "coordinates": [-73.99586, 40.747481]}, "properties": {"id": "3530197", "name": "250 West 27th Street", "use_type": "Multifamily Housing", "dist_m": 894.0, "status": "excluded", "reason": "heat demand below 2 GWh/yr (too small for a street connection)", "heat_fuel_MWh": 694.0, "steam_MWh": 0.0, "gas_MWh": 30.0, "useful_demand_MWh": 589.0, "servable_share": 1.0, "heating_system": "hydronic_assumed", "nycha": false, "n_years": 2, "source": "LL84 (S01) via outputs/features/offtakers_features.csv"}}, {"type": "Feature", "geometry": {"type": "Point", "coordinates": [-73.992223, 40.740976]}, "properties": {"id": "2645024", "name": "5421 Equities Company (BBL): 1-00822-0070 (BIN) 1015512", "use_type": "Office", "dist_m": 840.0, "status": "excluded", "reason": "insufficient data: only 1 year of LL84 records", "heat_fuel_MWh": 692.0, "steam_MWh": 0.0, "gas_MWh": 85.0, "useful_demand_MWh": 588.0, "servable_share": 1.0, "heating_system": "hydronic_assumed", "nycha": false, "n_years": 1, "source": "LL84 (S01) via outputs/features/offtakers_features.csv"}}, {"type": "Feature", "geometry": {"type": "Point", "coordinates": [-74.006644, 40.746295]}, "properties": {"id": "6333465", "name": "Eagle Point - 529-535 West 20th Street", "use_type": "Office", "dist_m": 663.0, "status": "excluded", "reason": "heat demand below 2 GWh/yr (too small for a street connection)", "heat_fuel_MWh": 685.0, "steam_MWh": 0.0, "gas_MWh": 657.0, "useful_demand_MWh": 582.0, "servable_share": 1.0, "heating_system": "hydronic_assumed", "nycha": false, "n_years": 3, "source": "LL84 (S01) via outputs/features/offtakers_features.csv"}}, {"type": "Feature", "geometry": {"type": "Point", "coordinates": [-73.992865, 40.745403]}, "properties": {"id": "14840064", "name": "150 West 26th Street", "use_type": "Multifamily Housing", "dist_m": 937.0, "status": "excluded", "reason": "heat demand below 2 GWh/yr (too small for a street connection)", "heat_fuel_MWh": 684.0, "steam_MWh": 0.0, "gas_MWh": 173.0, "useful_demand_MWh": 581.0, "servable_share": 1.0, "heating_system": "hydronic_assumed", "nycha": false, "n_years": 2, "source": "LL84 (S01) via outputs/features/offtakers_features.csv"}}, {"type": "Feature", "geometry": {"type": "Point", "coordinates": [-73.996341, 40.740408]}, "properties": {"id": "4410723", "name": "144 West 18 Street - 42252", "use_type": "Multifamily Housing", "dist_m": 529.0, "status": "excluded", "reason": "insufficient data: only 1 year of LL84 records", "heat_fuel_MWh": 683.0, "steam_MWh": 0.0, "gas_MWh": 683.0, "useful_demand_MWh": 581.0, "servable_share": 1.0, "heating_system": "hydronic_assumed", "nycha": false, "n_years": 1, "source": "LL84 (S01) via outputs/features/offtakers_features.csv"}}, {"type": "Feature", "geometry": {"type": "Point", "coordinates": [-74.002162, 40.746836]}, "properties": {"id": "12771985", "name": "Rudd:  420 West 23 Street", "use_type": "Multifamily Housing", "dist_m": 591.0, "status": "excluded", "reason": "heat demand below 2 GWh/yr (too small for a street connection)", "heat_fuel_MWh": 681.0, "steam_MWh": 0.0, "gas_MWh": 681.0, "useful_demand_MWh": 579.0, "servable_share": 1.0, "heating_system": "hydronic_assumed", "nycha": false, "n_years": 3, "source": "LL84 (S01) via outputs/features/offtakers_features.csv"}}, {"type": "Feature", "geometry": {"type": "Point", "coordinates": [-74.005966, 40.747563]}, "properties": {"id": "5829624", "name": "532 West 22nd Street", "use_type": "Multifamily Housing", "dist_m": 735.0, "status": "excluded", "reason": "heat demand below 2 GWh/yr (too small for a street connection)", "heat_fuel_MWh": 679.0, "steam_MWh": 0.0, "gas_MWh": 679.0, "useful_demand_MWh": 577.0, "servable_share": 1.0, "heating_system": "hydronic_assumed", "nycha": false, "n_years": 2, "source": "LL84 (S01) via outputs/features/offtakers_features.csv"}}, {"type": "Feature", "geometry": {"type": "Point", "coordinates": [-73.993945, 40.738648]}, "properties": {"id": "50675093", "name": "55 West 17th Street Condominium (55 West 17th Street)", "use_type": "Multifamily Housing", "dist_m": 752.0, "status": "excluded", "reason": "insufficient data: only 1 year of LL84 records", "heat_fuel_MWh": 676.0, "steam_MWh": 0.0, "gas_MWh": 676.0, "useful_demand_MWh": 575.0, "servable_share": 1.0, "heating_system": "hydronic_assumed", "nycha": false, "n_years": 1, "source": "LL84 (S01) via outputs/features/offtakers_features.csv"}}, {"type": "Feature", "geometry": {"type": "Point", "coordinates": [-74.006726, 40.736052]}, "properties": {"id": "6309298", "name": "100 Bank Street", "use_type": "Multifamily Housing", "dist_m": 655.0, "status": "excluded", "reason": "insufficient data: only 1 year of LL84 records", "heat_fuel_MWh": 675.0, "steam_MWh": 0.0, "gas_MWh": 675.0, "useful_demand_MWh": 574.0, "servable_share": 1.0, "heating_system": "hydronic_assumed", "nycha": false, "n_years": 1, "source": "LL84 (S01) via outputs/features/offtakers_features.csv"}}, {"type": "Feature", "geometry": {"type": "Point", "coordinates": [-74.006853, 40.745601]}, "properties": {"id": "4413921", "name": "520 West 19th Street", "use_type": "Multifamily Housing", "dist_m": 564.0, "status": "excluded", "reason": "heat demand below 2 GWh/yr (too small for a street connection)", "heat_fuel_MWh": 673.0, "steam_MWh": 0.0, "gas_MWh": 673.0, "useful_demand_MWh": 572.0, "servable_share": 1.0, "heating_system": "hydronic_assumed", "nycha": false, "n_years": 2, "source": "LL84 (S01) via outputs/features/offtakers_features.csv"}}, {"type": "Feature", "geometry": {"type": "Point", "coordinates": [-73.992989, 40.738999]}, "properties": {"id": "4038982", "name": "DEPM  2512 - TRANSFER - 32 West 18th Street", "use_type": "Multifamily Housing", "dist_m": 829.0, "status": "excluded", "reason": "heat demand below 2 GWh/yr (too small for a street connection)", "heat_fuel_MWh": 669.0, "steam_MWh": 0.0, "gas_MWh": 669.0, "useful_demand_MWh": 568.0, "servable_share": 1.0, "heating_system": "hydronic_assumed", "nycha": false, "n_years": 2, "source": "LL84 (S01) via outputs/features/offtakers_features.csv"}}, {"type": "Feature", "geometry": {"type": "Point", "coordinates": [-74.002172, 40.733218]}, "properties": {"id": "6692943", "name": "80 GROVE STREET", "use_type": "Multifamily Housing", "dist_m": 898.0, "status": "excluded", "reason": "heat demand below 2 GWh/yr (too small for a street connection)", "heat_fuel_MWh": 667.0, "steam_MWh": 0.0, "gas_MWh": 16.0, "useful_demand_MWh": 567.0, "servable_share": 1.0, "heating_system": "hydronic_assumed", "nycha": false, "n_years": 2, "source": "LL84 (S01) via outputs/features/offtakers_features.csv"}}, {"type": "Feature", "geometry": {"type": "Point", "coordinates": [-73.998163, 40.737907]}, "properties": {"id": "2690725", "name": "Pratt Manhattan Ctr", "use_type": "College/University", "dist_m": 524.0, "status": "excluded", "reason": "insufficient data: only 1 year of LL84 records", "heat_fuel_MWh": 666.0, "steam_MWh": 0.0, "gas_MWh": 604.0, "useful_demand_MWh": 566.0, "servable_share": 1.0, "heating_system": "hydronic_assumed", "nycha": false, "n_years": 1, "source": "LL84 (S01) via outputs/features/offtakers_features.csv"}}, {"type": "Feature", "geometry": {"type": "Point", "coordinates": [-73.991408, 40.740649]}, "properties": {"id": "2900365", "name": "19 West 21st Street", "use_type": "Office", "dist_m": 965.0, "status": "excluded", "reason": "heat demand below 2 GWh/yr (too small for a street connection)", "heat_fuel_MWh": 666.0, "steam_MWh": 0.0, "gas_MWh": 1.0, "useful_demand_MWh": 566.0, "servable_share": 1.0, "heating_system": "hydronic_assumed", "nycha": false, "n_years": 3, "source": "LL84 (S01) via outputs/features/offtakers_features.csv"}}, {"type": "Feature", "geometry": {"type": "Point", "coordinates": [-73.998921, 40.743808]}, "properties": {"id": "50162294", "name": "261 West 21st Street", "use_type": "Multifamily Housing", "dist_m": 463.0, "status": "excluded", "reason": "insufficient data: only 1 year of LL84 records", "heat_fuel_MWh": 663.0, "steam_MWh": 0.0, "gas_MWh": 0.0, "useful_demand_MWh": 563.0, "servable_share": 1.0, "heating_system": "hydronic_assumed", "nycha": false, "n_years": 1, "source": "LL84 (S01) via outputs/features/offtakers_features.csv"}}, {"type": "Feature", "geometry": {"type": "Point", "coordinates": [-73.995634, 40.739033]}, "properties": {"id": "6682135", "name": "104 West 17th Street (585 6 AVENUE)", "use_type": "Multifamily Housing", "dist_m": 645.0, "status": "excluded", "reason": "insufficient data: only 1 year of LL84 records", "heat_fuel_MWh": 663.0, "steam_MWh": 0.0, "gas_MWh": 64.0, "useful_demand_MWh": 563.0, "servable_share": 1.0, "heating_system": "hydronic_assumed", "nycha": false, "n_years": 1, "source": "LL84 (S01) via outputs/features/offtakers_features.csv"}}, {"type": "Feature", "geometry": {"type": "Point", "coordinates": [-73.992324, 40.740246]}, "properties": {"id": "53891992", "name": "GC 40 West 20th Street-RDA", "use_type": "Office", "dist_m": 835.0, "status": "excluded", "reason": "insufficient data: only 1 year of LL84 records", "heat_fuel_MWh": 662.0, "steam_MWh": 0.0, "gas_MWh": 662.0, "useful_demand_MWh": 563.0, "servable_share": 1.0, "heating_system": "hydronic_assumed", "nycha": false, "n_years": 1, "source": "LL84 (S01) via outputs/features/offtakers_features.csv"}}, {"type": "Feature", "geometry": {"type": "Point", "coordinates": [-73.992996, 40.738231]}, "properties": {"id": "33191245", "name": "14 West 17th Street", "use_type": "Multifamily Housing", "dist_m": 901.0, "status": "excluded", "reason": "heat demand below 2 GWh/yr (too small for a street connection)", "heat_fuel_MWh": 662.0, "steam_MWh": 0.0, "gas_MWh": 662.0, "useful_demand_MWh": 563.0, "servable_share": 1.0, "heating_system": "hydronic_assumed", "nycha": false, "n_years": 2, "source": "LL84 (S01) via outputs/features/offtakers_features.csv"}}, {"type": "Feature", "geometry": {"type": "Point", "coordinates": [-74.000956, 40.733872]}, "properties": {"id": "6262477", "name": "24-30 Christopher Street", "use_type": "Multifamily Housing", "dist_m": 872.0, "status": "excluded", "reason": "heat demand below 2 GWh/yr (too small for a street connection)", "heat_fuel_MWh": 661.0, "steam_MWh": 0.0, "gas_MWh": 570.0, "useful_demand_MWh": 562.0, "servable_share": 1.0, "heating_system": "hydronic_assumed", "nycha": false, "n_years": 3, "source": "LL84 (S01) via outputs/features/offtakers_features.csv"}}, {"type": "Feature", "geometry": {"type": "Point", "coordinates": [-74.002385, 40.739958]}, "properties": {"id": "2954516", "name": "85 8th Avenue", "use_type": "Multifamily Housing", "dist_m": 124.0, "status": "excluded", "reason": "heat demand below 2 GWh/yr (too small for a street connection)", "heat_fuel_MWh": 659.0, "steam_MWh": 0.0, "gas_MWh": 1319.0, "useful_demand_MWh": 560.0, "servable_share": 1.0, "heating_system": "hydronic_assumed", "nycha": false, "n_years": 2, "source": "LL84 (S01) via outputs/features/offtakers_features.csv"}}, {"type": "Feature", "geometry": {"type": "Point", "coordinates": [-74.0045, 40.737539]}, "properties": {"id": "19833666", "name": "300 West 12th Street", "use_type": "Multifamily Housing", "dist_m": 466.0, "status": "excluded", "reason": "heat demand below 2 GWh/yr (too small for a street connection)", "heat_fuel_MWh": 652.0, "steam_MWh": 0.0, "gas_MWh": 652.0, "useful_demand_MWh": 554.0, "servable_share": 1.0, "heating_system": "hydronic_assumed", "nycha": false, "n_years": 2, "source": "LL84 (S01) via outputs/features/offtakers_features.csv"}}, {"type": "Feature", "geometry": {"type": "Point", "coordinates": [-73.99436, 40.742694]}, "properties": {"id": "4038980", "name": "Halstead - 133 West 22nd Street", "use_type": "Multifamily Housing", "dist_m": 744.0, "status": "excluded", "reason": "heat demand below 2 GWh/yr (too small for a street connection)", "heat_fuel_MWh": 651.0, "steam_MWh": 0.0, "gas_MWh": 651.0, "useful_demand_MWh": 554.0, "servable_share": 1.0, "heating_system": "hydronic_assumed", "nycha": false, "n_years": 2, "source": "LL84 (S01) via outputs/features/offtakers_features.csv"}}, {"type": "Feature", "geometry": {"type": "Point", "coordinates": [-74.00914, 40.735398]}, "properties": {"id": "14933113", "name": "360 West 11th Street", "use_type": "Multifamily Housing", "dist_m": 841.0, "status": "excluded", "reason": "heat demand below 2 GWh/yr (too small for a street connection)", "heat_fuel_MWh": 650.0, "steam_MWh": 0.0, "gas_MWh": 650.0, "useful_demand_MWh": 552.0, "servable_share": 1.0, "heating_system": "hydronic_assumed", "nycha": false, "n_years": 2, "source": "LL84 (S01) via outputs/features/offtakers_features.csv"}}, {"type": "Feature", "geometry": {"type": "Point", "coordinates": [-73.997986, 40.738747]}, "properties": {"id": "14910017", "name": "Andrews: 147 W 15th St", "use_type": "Multifamily Housing", "dist_m": 505.0, "status": "excluded", "reason": "heat demand below 2 GWh/yr (too small for a street connection)", "heat_fuel_MWh": 644.0, "steam_MWh": 0.0, "gas_MWh": 644.0, "useful_demand_MWh": 548.0, "servable_share": 1.0, "heating_system": "hydronic_assumed", "nycha": false, "n_years": 3, "source": "LL84 (S01) via outputs/features/offtakers_features.csv"}}, {"type": "Feature", "geometry": {"type": "Point", "coordinates": [-74.003829, 40.748175]}, "properties": {"id": "3531301", "name": "Vesta 24 Condominium", "use_type": "Multifamily Housing", "dist_m": 775.0, "status": "excluded", "reason": "insufficient data: only 1 year of LL84 records", "heat_fuel_MWh": 644.0, "steam_MWh": 0.0, "gas_MWh": 644.0, "useful_demand_MWh": 547.0, "servable_share": 1.0, "heating_system": "hydronic_assumed", "nycha": false, "n_years": 1, "source": "LL84 (S01) via outputs/features/offtakers_features.csv"}}, {"type": "Feature", "geometry": {"type": "Point", "coordinates": [-73.99537033333333, 40.73989233333334]}, "properties": {"id": "4377727", "name": "Century - 100 West 18th Street", "use_type": "Multifamily Housing", "dist_m": 667.0, "status": "excluded", "reason": "heat demand below 2 GWh/yr (too small for a street connection)", "heat_fuel_MWh": 644.0, "steam_MWh": 0.0, "gas_MWh": 644.0, "useful_demand_MWh": 547.0, "servable_share": 1.0, "heating_system": "hydronic_assumed", "nycha": false, "n_years": 2, "source": "LL84 (S01) via outputs/features/offtakers_features.csv"}}, {"type": "Feature", "geometry": {"type": "Point", "coordinates": [-73.999812, 40.745842]}, "properties": {"id": "2805261", "name": "344 W 23rd Street - 34185", "use_type": "Multifamily Housing", "dist_m": 547.0, "status": "excluded", "reason": "insufficient data: only 1 year of LL84 records", "heat_fuel_MWh": 641.0, "steam_MWh": 0.0, "gas_MWh": 641.0, "useful_demand_MWh": 545.0, "servable_share": 1.0, "heating_system": "hydronic_assumed", "nycha": false, "n_years": 1, "source": "LL84 (S01) via outputs/features/offtakers_features.csv"}}, {"type": "Feature", "geometry": {"type": "Point", "coordinates": [-73.997106, 40.739214]}, "properties": {"id": "6382099", "name": "141 West 16th Street", "use_type": "Multifamily Housing", "dist_m": 507.0, "status": "excluded", "reason": "heat demand below 2 GWh/yr (too small for a street connection)", "heat_fuel_MWh": 638.0, "steam_MWh": 0.0, "gas_MWh": 638.0, "useful_demand_MWh": 542.0, "servable_share": 1.0, "heating_system": "hydronic_assumed", "nycha": false, "n_years": 3, "source": "LL84 (S01) via outputs/features/offtakers_features.csv"}}, {"type": "Feature", "geometry": {"type": "Point", "coordinates": [-73.993598, 40.744906]}, "properties": {"id": "12444746", "name": "Nelco: 164 W 25th St", "use_type": "Manufacturing/Industrial Plant", "dist_m": 847.0, "status": "excluded", "reason": "heat demand below 2 GWh/yr (too small for a street connection)", "heat_fuel_MWh": 638.0, "steam_MWh": 0.0, "gas_MWh": 0.0, "useful_demand_MWh": 542.0, "servable_share": 1.0, "heating_system": "hydronic_assumed", "nycha": false, "n_years": 3, "source": "LL84 (S01) via outputs/features/offtakers_features.csv"}}, {"type": "Feature", "geometry": {"type": "Point", "coordinates": [-74.007929, 40.746921]}, "properties": {"id": "8471298", "name": "120 11th Avenue", "use_type": "Multifamily Housing", "dist_m": 715.0, "status": "excluded", "reason": "heat demand below 2 GWh/yr (too small for a street connection)", "heat_fuel_MWh": 637.0, "steam_MWh": 0.0, "gas_MWh": 637.0, "useful_demand_MWh": 542.0, "servable_share": 1.0, "heating_system": "hydronic_assumed", "nycha": false, "n_years": 2, "source": "LL84 (S01) via outputs/features/offtakers_features.csv"}}, {"type": "Feature", "geometry": {"type": "Point", "coordinates": [-73.997597, 40.737668]}, "properties": {"id": "4936981", "name": "Union Land House Condo", "use_type": "Multifamily Housing", "dist_m": 615.0, "status": "excluded", "reason": "insufficient data: only 1 year of LL84 records", "heat_fuel_MWh": 633.0, "steam_MWh": 0.0, "gas_MWh": 89.0, "useful_demand_MWh": 538.0, "servable_share": 1.0, "heating_system": "hydronic_assumed", "nycha": false, "n_years": 1, "source": "LL84 (S01) via outputs/features/offtakers_features.csv"}}, {"type": "Feature", "geometry": {"type": "Point", "coordinates": [-73.993352, 40.744805]}, "properties": {"id": "30687964", "name": "152 West 25th Street", "use_type": "Office", "dist_m": 864.0, "status": "excluded", "reason": "heat demand below 2 GWh/yr (too small for a street connection)", "heat_fuel_MWh": 631.0, "steam_MWh": 0.0, "gas_MWh": 3.0, "useful_demand_MWh": 536.0, "servable_share": 1.0, "heating_system": "hydronic_assumed", "nycha": false, "n_years": 2, "source": "LL84 (S01) via outputs/features/offtakers_features.csv"}}, {"type": "Feature", "geometry": {"type": "Point", "coordinates": [-73.994027, 40.746309]}, "properties": {"id": "50231292", "name": "291 7 AVENUE", "use_type": "Multifamily Housing", "dist_m": 965.0, "status": "excluded", "reason": "insufficient data: only 1 year of LL84 records", "heat_fuel_MWh": 628.0, "steam_MWh": 0.0, "gas_MWh": 628.0, "useful_demand_MWh": 534.0, "servable_share": 1.0, "heating_system": "hydronic_assumed", "nycha": false, "n_years": 1, "source": "LL84 (S01) via outputs/features/offtakers_features.csv"}}, {"type": "Feature", "geometry": {"type": "Point", "coordinates": [-73.995789, 40.740957]}, "properties": {"id": "10063093", "name": "Andrews: 139 West 19 St", "use_type": "Multifamily Housing", "dist_m": 590.0, "status": "excluded", "reason": "heat demand below 2 GWh/yr (too small for a street connection)", "heat_fuel_MWh": 627.0, "steam_MWh": 0.0, "gas_MWh": 2.0, "useful_demand_MWh": 533.0, "servable_share": 1.0, "heating_system": "hydronic_assumed", "nycha": false, "n_years": 3, "source": "LL84 (S01) via outputs/features/offtakers_features.csv"}}, {"type": "Feature", "geometry": {"type": "Point", "coordinates": [-74.004602, 40.749545]}, "properties": {"id": "26616431", "name": "540 West 25 Street", "use_type": "Museum", "dist_m": 916.0, "status": "excluded", "reason": "insufficient data: only 1 year of LL84 records", "heat_fuel_MWh": 626.0, "steam_MWh": 0.0, "gas_MWh": 626.0, "useful_demand_MWh": 532.0, "servable_share": 1.0, "heating_system": "hydronic_assumed", "nycha": false, "n_years": 1, "source": "LL84 (S01) via outputs/features/offtakers_features.csv"}}, {"type": "Feature", "geometry": {"type": "Point", "coordinates": [-73.995933, 40.741786]}, "properties": {"id": "26640250", "name": "143 WEST 20 STREET", "use_type": "Multifamily Housing", "dist_m": 624.0, "status": "excluded", "reason": "insufficient data: only 1 year of LL84 records", "heat_fuel_MWh": 624.0, "steam_MWh": 0.0, "gas_MWh": 624.0, "useful_demand_MWh": 530.0, "servable_share": 1.0, "heating_system": "hydronic_assumed", "nycha": false, "n_years": 1, "source": "LL84 (S01) via outputs/features/offtakers_features.csv"}}, {"type": "Feature", "geometry": {"type": "Point", "coordinates": [-73.992295, 40.745164]}, "properties": {"id": "2689501", "name": "122 West 26th Street", "use_type": "Office", "dist_m": 982.0, "status": "excluded", "reason": "heat demand below 2 GWh/yr (too small for a street connection)", "heat_fuel_MWh": 623.0, "steam_MWh": 0.0, "gas_MWh": 101.0, "useful_demand_MWh": 530.0, "servable_share": 1.0, "heating_system": "hydronic_assumed", "nycha": false, "n_years": 3, "source": "LL84 (S01) via outputs/features/offtakers_features.csv"}}, {"type": "Feature", "geometry": {"type": "Point", "coordinates": [-73.996756, 40.744577]}, "properties": {"id": "57872692", "name": "National Energy Cost Services Inc:235 WEST 23 STREET", "use_type": "Office", "dist_m": 669.0, "status": "excluded", "reason": "insufficient data: only 1 year of LL84 records", "heat_fuel_MWh": 620.0, "steam_MWh": 0.0, "gas_MWh": 620.0, "useful_demand_MWh": 527.0, "servable_share": 1.0, "heating_system": "hydronic_assumed", "nycha": false, "n_years": 1, "source": "LL84 (S01) via outputs/features/offtakers_features.csv"}}, {"type": "Feature", "geometry": {"type": "Point", "coordinates": [-73.99254, 40.745266]}, "properties": {"id": "6213192", "name": "134 W 26th St", "use_type": "Manufacturing/Industrial Plant", "dist_m": 956.0, "status": "excluded", "reason": "insufficient data: only 1 year of LL84 records", "heat_fuel_MWh": 618.0, "steam_MWh": 0.0, "gas_MWh": 0.0, "useful_demand_MWh": 525.0, "servable_share": 1.0, "heating_system": "hydronic_assumed", "nycha": false, "n_years": 1, "source": "LL84 (S01) via outputs/features/offtakers_features.csv"}}, {"type": "Feature", "geometry": {"type": "Point", "coordinates": [-74.004619, 40.732722]}, "properties": {"id": "6262487", "name": "35 Grove Street", "use_type": "Multifamily Housing", "dist_m": 950.0, "status": "excluded", "reason": "heat demand below 2 GWh/yr (too small for a street connection)", "heat_fuel_MWh": 617.0, "steam_MWh": 0.0, "gas_MWh": 590.0, "useful_demand_MWh": 524.0, "servable_share": 1.0, "heating_system": "hydronic_assumed", "nycha": false, "n_years": 3, "source": "LL84 (S01) via outputs/features/offtakers_features.csv"}}, {"type": "Feature", "geometry": {"type": "Point", "coordinates": [-73.99865249999999, 40.7364005]}, "properties": {"id": "6694545", "name": "DEPM 1228 - 125 West 12th Street", "use_type": "Multifamily Housing", "dist_m": 662.0, "status": "excluded", "reason": "heat demand below 2 GWh/yr (too small for a street connection)", "heat_fuel_MWh": 617.0, "steam_MWh": 0.0, "gas_MWh": 617.0, "useful_demand_MWh": 524.0, "servable_share": 1.0, "heating_system": "hydronic_assumed", "nycha": false, "n_years": 2, "source": "LL84 (S01) via outputs/features/offtakers_features.csv"}}, {"type": "Feature", "geometry": {"type": "Point", "coordinates": [-74.006493, 40.746213]}, "properties": {"id": "4936244", "name": "Elijah Equities - 520 W 20th St", "use_type": "Office", "dist_m": 610.0, "status": "excluded", "reason": "insufficient data: only 1 year of LL84 records", "heat_fuel_MWh": 613.0, "steam_MWh": 0.0, "gas_MWh": 613.0, "useful_demand_MWh": 521.0, "servable_share": 1.0, "heating_system": "hydronic_assumed", "nycha": false, "n_years": 1, "source": "LL84 (S01) via outputs/features/offtakers_features.csv"}}, {"type": "Feature", "geometry": {"type": "Point", "coordinates": [-73.99506, 40.742971]}, "properties": {"id": "6779339", "name": "166 W 22nd Street - 44844", "use_type": "Multifamily Housing", "dist_m": 651.0, "status": "excluded", "reason": "insufficient data: only 1 year of LL84 records", "heat_fuel_MWh": 613.0, "steam_MWh": 0.0, "gas_MWh": 613.0, "useful_demand_MWh": 521.0, "servable_share": 1.0, "heating_system": "hydronic_assumed", "nycha": false, "n_years": 1, "source": "LL84 (S01) via outputs/features/offtakers_features.csv"}}, {"type": "Feature", "geometry": {"type": "Point", "coordinates": [-74.007929, 40.746921]}, "properties": {"id": "50716792", "name": "120 11th Avenue NCG", "use_type": "Multifamily Housing", "dist_m": 715.0, "status": "excluded", "reason": "insufficient data: only 1 year of LL84 records", "heat_fuel_MWh": 612.0, "steam_MWh": 0.0, "gas_MWh": 612.0, "useful_demand_MWh": 520.0, "servable_share": 1.0, "heating_system": "hydronic_assumed", "nycha": false, "n_years": 1, "source": "LL84 (S01) via outputs/features/offtakers_features.csv"}}, {"type": "Feature", "geometry": {"type": "Point", "coordinates": [-73.99659, 40.738978]}, "properties": {"id": "6225115", "name": "114 WEST 16th   STREET - 35453", "use_type": "Multifamily Housing", "dist_m": 612.0, "status": "excluded", "reason": "insufficient data: only 1 year of LL84 records", "heat_fuel_MWh": 606.0, "steam_MWh": 0.0, "gas_MWh": 606.0, "useful_demand_MWh": 515.0, "servable_share": 1.0, "heating_system": "hydronic_assumed", "nycha": false, "n_years": 1, "source": "LL84 (S01) via outputs/features/offtakers_features.csv"}}, {"type": "Feature", "geometry": {"type": "Point", "coordinates": [-74.009616, 40.735354]}, "properties": {"id": "31978303", "name": "377 West 11th Street", "use_type": "Multifamily Housing", "dist_m": 835.0, "status": "excluded", "reason": "heat demand below 2 GWh/yr (too small for a street connection)", "heat_fuel_MWh": 605.0, "steam_MWh": 0.0, "gas_MWh": 605.0, "useful_demand_MWh": 514.0, "servable_share": 1.0, "heating_system": "hydronic_assumed", "nycha": false, "n_years": 2, "source": "LL84 (S01) via outputs/features/offtakers_features.csv"}}, {"type": "Feature", "geometry": {"type": "Point", "coordinates": [-74.002061, 40.741303]}, "properties": {"id": "4043768", "name": "305 West 16th St Owners Corp", "use_type": "Multifamily Housing", "dist_m": 128.0, "status": "excluded", "reason": "insufficient data: only 1 year of LL84 records", "heat_fuel_MWh": 605.0, "steam_MWh": 0.0, "gas_MWh": 605.0, "useful_demand_MWh": 514.0, "servable_share": 1.0, "heating_system": "hydronic_assumed", "nycha": false, "n_years": 1, "source": "LL84 (S01) via outputs/features/offtakers_features.csv"}}, {"type": "Feature", "geometry": {"type": "Point", "coordinates": [-74.006221, 40.739403]}, "properties": {"id": "4947962", "name": "CB - 40 Gansevoort Street", "use_type": "Office", "dist_m": 350.0, "status": "excluded", "reason": "insufficient data: only 1 year of LL84 records", "heat_fuel_MWh": 603.0, "steam_MWh": 0.0, "gas_MWh": 603.0, "useful_demand_MWh": 512.0, "servable_share": 1.0, "heating_system": "hydronic_assumed", "nycha": false, "n_years": 1, "source": "LL84 (S01) via outputs/features/offtakers_features.csv"}}, {"type": "Feature", "geometry": {"type": "Point", "coordinates": [-74.001191, 40.732657]}, "properties": {"id": "16641747", "name": "115 W Washington Place", "use_type": "Multifamily Housing", "dist_m": 957.0, "status": "excluded", "reason": "insufficient data: only 1 year of LL84 records", "heat_fuel_MWh": 601.0, "steam_MWh": 0.0, "gas_MWh": 601.0, "useful_demand_MWh": 511.0, "servable_share": 1.0, "heating_system": "hydronic_assumed", "nycha": false, "n_years": 1, "source": "LL84 (S01) via outputs/features/offtakers_features.csv"}}, {"type": "Feature", "geometry": {"type": "Point", "coordinates": [-73.998069, 40.742664]}, "properties": {"id": "6139025", "name": "226 West 20th Street", "use_type": "Multifamily Housing", "dist_m": 421.0, "status": "excluded", "reason": "heat demand below 2 GWh/yr (too small for a street connection)", "heat_fuel_MWh": 598.0, "steam_MWh": 0.0, "gas_MWh": 598.0, "useful_demand_MWh": 509.0, "servable_share": 1.0, "heating_system": "hydronic_assumed", "nycha": false, "n_years": 2, "source": "LL84 (S01) via outputs/features/offtakers_features.csv"}}, {"type": "Feature", "geometry": {"type": "Point", "coordinates": [-74.006045, 40.741245]}, "properties": {"id": "20596955", "name": "413-421 West 14th Street", "use_type": "Office", "dist_m": 253.0, "status": "excluded", "reason": "heat demand below 2 GWh/yr (too small for a street connection)", "heat_fuel_MWh": 598.0, "steam_MWh": 0.0, "gas_MWh": 598.0, "useful_demand_MWh": 508.0, "servable_share": 1.0, "heating_system": "hydronic_assumed", "nycha": false, "n_years": 2, "source": "LL84 (S01) via outputs/features/offtakers_features.csv"}}, {"type": "Feature", "geometry": {"type": "Point", "coordinates": [-73.997485, 40.73589]}, "properties": {"id": "6011298", "name": "12th Americas Company LLC", "use_type": "Multifamily Housing", "dist_m": 780.0, "status": "excluded", "reason": "heat demand below 2 GWh/yr (too small for a street connection)", "heat_fuel_MWh": 597.0, "steam_MWh": 0.0, "gas_MWh": 597.0, "useful_demand_MWh": 508.0, "servable_share": 1.0, "heating_system": "hydronic_assumed", "nycha": false, "n_years": 3, "source": "LL84 (S01) via outputs/features/offtakers_features.csv"}}, {"type": "Feature", "geometry": {"type": "Point", "coordinates": [-73.992054, 40.73817]}, "properties": {"id": "5850905", "name": "122-124 5th Avenue", "use_type": "Office", "dist_m": 956.0, "status": "excluded", "reason": "heat demand below 2 GWh/yr (too small for a street connection)", "heat_fuel_MWh": 597.0, "steam_MWh": 0.0, "gas_MWh": 577.0, "useful_demand_MWh": 507.0, "servable_share": 1.0, "heating_system": "hydronic_assumed", "nycha": false, "n_years": 2, "source": "LL84 (S01) via outputs/features/offtakers_features.csv"}}, {"type": "Feature", "geometry": {"type": "Point", "coordinates": [-73.995182, 40.742219]}, "properties": {"id": "6790068", "name": "150 West 21st Street", "use_type": "Multifamily Housing", "dist_m": 613.0, "status": "excluded", "reason": "heat demand below 2 GWh/yr (too small for a street connection)", "heat_fuel_MWh": 596.0, "steam_MWh": 0.0, "gas_MWh": 596.0, "useful_demand_MWh": 507.0, "servable_share": 1.0, "heating_system": "hydronic_assumed", "nycha": false, "n_years": 2, "source": "LL84 (S01) via outputs/features/offtakers_features.csv"}}, {"type": "Feature", "geometry": {"type": "Point", "coordinates": [-73.995634, 40.740874]}, "properties": {"id": "2669471", "name": "Century - 130 West 19th Street", "use_type": "Multifamily Housing", "dist_m": 592.0, "status": "excluded", "reason": "heat demand below 2 GWh/yr (too small for a street connection)", "heat_fuel_MWh": 595.0, "steam_MWh": 0.0, "gas_MWh": 595.0, "useful_demand_MWh": 506.0, "servable_share": 1.0, "heating_system": "hydronic_assumed", "nycha": false, "n_years": 2, "source": "LL84 (S01) via outputs/features/offtakers_features.csv"}}, {"type": "Feature", "geometry": {"type": "Point", "coordinates": [-73.996759, 40.739834]}, "properties": {"id": "52535692", "name": "133 West 17th Street", "use_type": "Multifamily Housing", "dist_m": 574.0, "status": "excluded", "reason": "insufficient data: only 1 year of LL84 records", "heat_fuel_MWh": 595.0, "steam_MWh": 0.0, "gas_MWh": 23.0, "useful_demand_MWh": 506.0, "servable_share": 1.0, "heating_system": "hydronic_assumed", "nycha": false, "n_years": 1, "source": "LL84 (S01) via outputs/features/offtakers_features.csv"}}, {"type": "Feature", "geometry": {"type": "Point", "coordinates": [-74.004056, 40.740391]}, "properties": {"id": "6814882", "name": "350 West 14th Street", "use_type": "Multifamily Housing", "dist_m": 176.0, "status": "excluded", "reason": "insufficient data: only 1 year of LL84 records", "heat_fuel_MWh": 595.0, "steam_MWh": 0.0, "gas_MWh": 595.0, "useful_demand_MWh": 505.0, "servable_share": 1.0, "heating_system": "hydronic_assumed", "nycha": false, "n_years": 1, "source": "LL84 (S01) via outputs/features/offtakers_features.csv"}}, {"type": "Feature", "geometry": {"type": "Point", "coordinates": [-73.993187, 40.737548]}, "properties": {"id": "10436939", "name": "4 West 16th Street", "use_type": "Multifamily Housing", "dist_m": 939.0, "status": "excluded", "reason": "heat demand below 2 GWh/yr (too small for a street connection)", "heat_fuel_MWh": 592.0, "steam_MWh": 0.0, "gas_MWh": 60.0, "useful_demand_MWh": 503.0, "servable_share": 1.0, "heating_system": "hydronic_assumed", "nycha": false, "n_years": 2, "source": "LL84 (S01) via outputs/features/offtakers_features.csv"}}, {"type": "Feature", "geometry": {"type": "Point", "coordinates": [-73.998957, 40.736529]}, "properties": {"id": "16754526", "name": "Buchbinder: 137 W 12th St", "use_type": "Multifamily Housing", "dist_m": 609.0, "status": "excluded", "reason": "heat demand below 2 GWh/yr (too small for a street connection)", "heat_fuel_MWh": 591.0, "steam_MWh": 0.0, "gas_MWh": 591.0, "useful_demand_MWh": 502.0, "servable_share": 1.0, "heating_system": "hydronic_assumed", "nycha": false, "n_years": 3, "source": "LL84 (S01) via outputs/features/offtakers_features.csv"}}, {"type": "Feature", "geometry": {"type": "Point", "coordinates": [-74.008248, 40.733439]}, "properties": {"id": "19081268", "name": "278 West 10 Street", "use_type": "K-12 School", "dist_m": 979.0, "status": "excluded", "reason": "insufficient data: only 1 year of LL84 records", "heat_fuel_MWh": 591.0, "steam_MWh": 0.0, "gas_MWh": 591.0, "useful_demand_MWh": 502.0, "servable_share": 1.0, "heating_system": "hydronic_assumed", "nycha": false, "n_years": 1, "source": "LL84 (S01) via outputs/features/offtakers_features.csv"}}, {"type": "Feature", "geometry": {"type": "Point", "coordinates": [-73.995933, 40.741786]}, "properties": {"id": "4630104", "name": "143-145 Owners Corporation (143 West 20th Street)", "use_type": "Multifamily Housing", "dist_m": 624.0, "status": "excluded", "reason": "insufficient data: only 1 year of LL84 records", "heat_fuel_MWh": 587.0, "steam_MWh": 0.0, "gas_MWh": 587.0, "useful_demand_MWh": 499.0, "servable_share": 1.0, "heating_system": "hydronic_assumed", "nycha": false, "n_years": 1, "source": "LL84 (S01) via outputs/features/offtakers_features.csv"}}, {"type": "Feature", "geometry": {"type": "Point", "coordinates": [-74.000397, 40.738846]}, "properties": {"id": "2940676", "name": "Teamsters Union Local 237", "use_type": "Office", "dist_m": 352.0, "status": "excluded", "reason": "insufficient data: only 1 year of LL84 records", "heat_fuel_MWh": 587.0, "steam_MWh": 0.0, "gas_MWh": 0.0, "useful_demand_MWh": 499.0, "servable_share": 1.0, "heating_system": "hydronic_assumed", "nycha": false, "n_years": 1, "source": "LL84 (S01) via outputs/features/offtakers_features.csv"}}, {"type": "Feature", "geometry": {"type": "Point", "coordinates": [-73.999693, 40.741053]}, "properties": {"id": "6382108", "name": "248 West 17th Street", "use_type": "Multifamily Housing", "dist_m": 239.0, "status": "excluded", "reason": "heat demand below 2 GWh/yr (too small for a street connection)", "heat_fuel_MWh": 587.0, "steam_MWh": 0.0, "gas_MWh": 587.0, "useful_demand_MWh": 499.0, "servable_share": 1.0, "heating_system": "hydronic_assumed", "nycha": false, "n_years": 3, "source": "LL84 (S01) via outputs/features/offtakers_features.csv"}}, {"type": "Feature", "geometry": {"type": "Point", "coordinates": [-74.00791699999999, 40.735577]}, "properties": {"id": "33545328", "name": "Halstead - 341 West 11th St, NY, NY 10014", "use_type": "Multifamily Housing", "dist_m": 749.0, "status": "excluded", "reason": "heat demand below 2 GWh/yr (too small for a street connection)", "heat_fuel_MWh": 586.0, "steam_MWh": 0.0, "gas_MWh": 586.0, "useful_demand_MWh": 498.0, "servable_share": 1.0, "heating_system": "hydronic_assumed", "nycha": false, "n_years": 2, "source": "LL84 (S01) via outputs/features/offtakers_features.csv"}}, {"type": "Feature", "geometry": {"type": "Point", "coordinates": [-74.003529, 40.744964]}, "properties": {"id": "16096595", "name": "420 W 20th St Condo", "use_type": "Multifamily Housing", "dist_m": 401.0, "status": "excluded", "reason": "insufficient data: only 1 year of LL84 records", "heat_fuel_MWh": 586.0, "steam_MWh": 0.0, "gas_MWh": 586.0, "useful_demand_MWh": 498.0, "servable_share": 1.0, "heating_system": "hydronic_assumed", "nycha": false, "n_years": 1, "source": "LL84 (S01) via outputs/features/offtakers_features.csv"}}, {"type": "Feature", "geometry": {"type": "Point", "coordinates": [-73.995741, 40.745829]}, "properties": {"id": "9849254", "name": "231 West 25th Street", "use_type": "Multifamily Housing", "dist_m": 809.0, "status": "excluded", "reason": "heat demand below 2 GWh/yr (too small for a street connection)", "heat_fuel_MWh": 585.0, "steam_MWh": 0.0, "gas_MWh": 46.0, "useful_demand_MWh": 498.0, "servable_share": 1.0, "heating_system": "hydronic_assumed", "nycha": false, "n_years": 2, "source": "LL84 (S01) via outputs/features/offtakers_features.csv"}}, {"type": "Feature", "geometry": {"type": "Point", "coordinates": [-73.992252, 40.740232]}, "properties": {"id": "2643762", "name": "37 West 20, LLC (BBL): 1-00822-0009 (BIN) 1015489", "use_type": "Office", "dist_m": 854.0, "status": "excluded", "reason": "insufficient data: only 1 year of LL84 records", "heat_fuel_MWh": 583.0, "steam_MWh": 0.0, "gas_MWh": 45.0, "useful_demand_MWh": 496.0, "servable_share": 1.0, "heating_system": "hydronic_assumed", "nycha": false, "n_years": 1, "source": "LL84 (S01) via outputs/features/offtakers_features.csv"}}, {"type": "Feature", "geometry": {"type": "Point", "coordinates": [-73.99428, 40.742661]}, "properties": {"id": "6294578", "name": "129 West 22nd Street", "use_type": "Multifamily Housing", "dist_m": 765.0, "status": "excluded", "reason": "heat demand below 2 GWh/yr (too small for a street connection)", "heat_fuel_MWh": 583.0, "steam_MWh": 0.0, "gas_MWh": 583.0, "useful_demand_MWh": 495.0, "servable_share": 1.0, "heating_system": "hydronic_assumed", "nycha": false, "n_years": 3, "source": "LL84 (S01) via outputs/features/offtakers_features.csv"}}, {"type": "Feature", "geometry": {"type": "Point", "coordinates": [-73.993966, 40.74425]}, "properties": {"id": "15548593", "name": "The Chelsea (ch205)", "use_type": "Multifamily Housing", "dist_m": 767.0, "status": "excluded", "reason": "heat demand below 2 GWh/yr (too small for a street connection)", "heat_fuel_MWh": 580.0, "steam_MWh": 0.0, "gas_MWh": 580.0, "useful_demand_MWh": 493.0, "servable_share": 1.0, "heating_system": "hydronic_assumed", "nycha": false, "n_years": 2, "source": "LL84 (S01) via outputs/features/offtakers_features.csv"}}, {"type": "Feature", "geometry": {"type": "Point", "coordinates": [-73.994735, 40.742834]}, "properties": {"id": "3538284", "name": "M Rapaport: 150 West 22nd Street", "use_type": "Office", "dist_m": 680.0, "status": "excluded", "reason": "insufficient data: only 1 year of LL84 records", "heat_fuel_MWh": 577.0, "steam_MWh": 0.0, "gas_MWh": 3.0, "useful_demand_MWh": 490.0, "servable_share": 1.0, "heating_system": "hydronic_assumed", "nycha": false, "n_years": 1, "source": "LL84 (S01) via outputs/features/offtakers_features.csv"}}, {"type": "Feature", "geometry": {"type": "Point", "coordinates": [-73.99475, 40.735569]}, "properties": {"id": "53933293", "name": "8 West 13th Street", "use_type": "Multifamily Housing", "dist_m": 945.0, "status": "excluded", "reason": "insufficient data: only 1 year of LL84 records", "heat_fuel_MWh": 574.0, "steam_MWh": 0.0, "gas_MWh": 9.0, "useful_demand_MWh": 488.0, "servable_share": 1.0, "heating_system": "hydronic_assumed", "nycha": false, "n_years": 1, "source": "LL84 (S01) via outputs/features/offtakers_features.csv"}}, {"type": "Feature", "geometry": {"type": "Point", "coordinates": [-74.006221, 40.739403]}, "properties": {"id": "53949393", "name": "40 Gansevoort Street AKA 831 Greenwich Street", "use_type": "Office", "dist_m": 350.0, "status": "excluded", "reason": "insufficient data: only 1 year of LL84 records", "heat_fuel_MWh": 568.0, "steam_MWh": 0.0, "gas_MWh": 568.0, "useful_demand_MWh": 483.0, "servable_share": 1.0, "heating_system": "hydronic_assumed", "nycha": false, "n_years": 1, "source": "LL84 (S01) via outputs/features/offtakers_features.csv"}}, {"type": "Feature", "geometry": {"type": "Point", "coordinates": [-74.005188, 40.737193999999995]}, "properties": {"id": "6701561", "name": "JC Dwight - 15 ABINGDON SQUARE", "use_type": "Multifamily Housing", "dist_m": 492.0, "status": "excluded", "reason": "heat demand below 2 GWh/yr (too small for a street connection)", "heat_fuel_MWh": 564.0, "steam_MWh": 0.0, "gas_MWh": 564.0, "useful_demand_MWh": 480.0, "servable_share": 1.0, "heating_system": "hydronic_assumed", "nycha": false, "n_years": 3, "source": "LL84 (S01) via outputs/features/offtakers_features.csv"}}, {"type": "Feature", "geometry": {"type": "Point", "coordinates": [-73.996157, 40.744305]}, "properties": {"id": "28444237", "name": "204 West 23rd Street", "use_type": "Hotel", "dist_m": 666.0, "status": "excluded", "reason": "heat demand below 2 GWh/yr (too small for a street connection)", "heat_fuel_MWh": 559.0, "steam_MWh": 0.0, "gas_MWh": 559.0, "useful_demand_MWh": 475.0, "servable_share": 1.0, "heating_system": "hydronic_assumed", "nycha": false, "n_years": 2, "source": "LL84 (S01) via outputs/features/offtakers_features.csv"}}, {"type": "Feature", "geometry": {"type": "Point", "coordinates": [-74.009025, 40.738154]}, "properties": {"id": "11986512", "name": "The Jane Hotel - 113 Jane Street", "use_type": "Hotel", "dist_m": 618.0, "status": "excluded", "reason": "heat demand below 2 GWh/yr (too small for a street connection)", "heat_fuel_MWh": 556.0, "steam_MWh": 0.0, "gas_MWh": 556.0, "useful_demand_MWh": 472.0, "servable_share": 1.0, "heating_system": "hydronic_assumed", "nycha": false, "n_years": 3, "source": "LL84 (S01) via outputs/features/offtakers_features.csv"}}, {"type": "Feature", "geometry": {"type": "Point", "coordinates": [-74.009523, 40.736043]}, "properties": {"id": "10063228", "name": "Andrews: 166 Bank St", "use_type": "Multifamily Housing", "dist_m": 823.0, "status": "excluded", "reason": "heat demand below 2 GWh/yr (too small for a street connection)", "heat_fuel_MWh": 556.0, "steam_MWh": 0.0, "gas_MWh": 556.0, "useful_demand_MWh": 472.0, "servable_share": 1.0, "heating_system": "hydronic_assumed", "nycha": false, "n_years": 3, "source": "LL84 (S01) via outputs/features/offtakers_features.csv"}}, {"type": "Feature", "geometry": {"type": "Point", "coordinates": [-74.004326, 40.736063]}, "properties": {"id": "26533119", "name": "AKAM - 270 West 11th Street", "use_type": "Multifamily Housing", "dist_m": 615.0, "status": "excluded", "reason": "heat demand below 2 GWh/yr (too small for a street connection)", "heat_fuel_MWh": 553.0, "steam_MWh": 0.0, "gas_MWh": 553.0, "useful_demand_MWh": 470.0, "servable_share": 1.0, "heating_system": "hydronic_assumed", "nycha": false, "n_years": 2, "source": "LL84 (S01) via outputs/features/offtakers_features.csv"}}, {"type": "Feature", "geometry": {"type": "Point", "coordinates": [-73.998088, 40.736993]}, "properties": {"id": "6457870", "name": "117 West 13th Street", "use_type": "Multifamily Housing", "dist_m": 631.0, "status": "excluded", "reason": "heat demand below 2 GWh/yr (too small for a street connection)", "heat_fuel_MWh": 550.0, "steam_MWh": 0.0, "gas_MWh": 550.0, "useful_demand_MWh": 468.0, "servable_share": 1.0, "heating_system": "hydronic_assumed", "nycha": false, "n_years": 2, "source": "LL84 (S01) via outputs/features/offtakers_features.csv"}}, {"type": "Feature", "geometry": {"type": "Point", "coordinates": [-73.994197, 40.742628]}, "properties": {"id": "4043732", "name": "AKAM - 125 West 22nd Street", "use_type": "Multifamily Housing", "dist_m": 777.0, "status": "excluded", "reason": "heat demand below 2 GWh/yr (too small for a street connection)", "heat_fuel_MWh": 549.0, "steam_MWh": 0.0, "gas_MWh": 549.0, "useful_demand_MWh": 466.0, "servable_share": 1.0, "heating_system": "hydronic_assumed", "nycha": false, "n_years": 2, "source": "LL84 (S01) via outputs/features/offtakers_features.csv"}}, {"type": "Feature", "geometry": {"type": "Point", "coordinates": [-73.997445, 40.743166]}, "properties": {"id": "45838192", "name": "220 West 21st Street", "use_type": "Multifamily Housing", "dist_m": 500.0, "status": "excluded", "reason": "insufficient data: only 1 year of LL84 records", "heat_fuel_MWh": 548.0, "steam_MWh": 0.0, "gas_MWh": 12.0, "useful_demand_MWh": 465.0, "servable_share": 1.0, "heating_system": "hydronic_assumed", "nycha": false, "n_years": 1, "source": "LL84 (S01) via outputs/features/offtakers_features.csv"}}, {"type": "Feature", "geometry": {"type": "Point", "coordinates": [-73.998925, 40.74228]}, "properties": {"id": "6844497", "name": "ABC: 241 West 19th St.", "use_type": "Multifamily Housing", "dist_m": 383.0, "status": "excluded", "reason": "heat demand below 2 GWh/yr (too small for a street connection)", "heat_fuel_MWh": 547.0, "steam_MWh": 0.0, "gas_MWh": 547.0, "useful_demand_MWh": 465.0, "servable_share": 1.0, "heating_system": "hydronic_assumed", "nycha": false, "n_years": 3, "source": "LL84 (S01) via outputs/features/offtakers_features.csv"}}, {"type": "Feature", "geometry": {"type": "Point", "coordinates": [-74.005366, 40.739502]}, "properties": {"id": "4375882", "name": "Gansevoort Cooperative", "use_type": "Multifamily Housing", "dist_m": 239.0, "status": "excluded", "reason": "insufficient data: only 1 year of LL84 records", "heat_fuel_MWh": 544.0, "steam_MWh": 0.0, "gas_MWh": 544.0, "useful_demand_MWh": 463.0, "servable_share": 1.0, "heating_system": "hydronic_assumed", "nycha": false, "n_years": 1, "source": "LL84 (S01) via outputs/features/offtakers_features.csv"}}, {"type": "Feature", "geometry": {"type": "Point", "coordinates": [-73.997929, 40.741862]}, "properties": {"id": "6835716", "name": "Andrews: 205 West 19th St.", "use_type": "Multifamily Housing", "dist_m": 460.0, "status": "excluded", "reason": "heat demand below 2 GWh/yr (too small for a street connection)", "heat_fuel_MWh": 543.0, "steam_MWh": 0.0, "gas_MWh": 49.0, "useful_demand_MWh": 461.0, "servable_share": 1.0, "heating_system": "hydronic_assumed", "nycha": false, "n_years": 3, "source": "LL84 (S01) via outputs/features/offtakers_features.csv"}}, {"type": "Feature", "geometry": {"type": "Point", "coordinates": [-74.009023, 40.738137]}, "properties": {"id": "11985530", "name": "DEPM 1042 - 130 Jane Street", "use_type": "Multifamily Housing", "dist_m": 608.0, "status": "excluded", "reason": "heat demand below 2 GWh/yr (too small for a street connection)", "heat_fuel_MWh": 542.0, "steam_MWh": 0.0, "gas_MWh": 542.0, "useful_demand_MWh": 460.0, "servable_share": 1.0, "heating_system": "hydronic_assumed", "nycha": false, "n_years": 2, "source": "LL84 (S01) via outputs/features/offtakers_features.csv"}}, {"type": "Feature", "geometry": {"type": "Point", "coordinates": [-73.994742, 40.737366]}, "properties": {"id": "6549794", "name": "Owners Corp. - 36 West 15th St", "use_type": "Multifamily Housing", "dist_m": 826.0, "status": "excluded", "reason": "heat demand below 2 GWh/yr (too small for a street connection)", "heat_fuel_MWh": 541.0, "steam_MWh": 0.0, "gas_MWh": 220.0, "useful_demand_MWh": 460.0, "servable_share": 1.0, "heating_system": "hydronic_assumed", "nycha": false, "n_years": 3, "source": "LL84 (S01) via outputs/features/offtakers_features.csv"}}, {"type": "Feature", "geometry": {"type": "Point", "coordinates": [-73.996579, 40.738991]}, "properties": {"id": "6225116", "name": "115 WEST 16th   STREET - 35454", "use_type": "Multifamily Housing", "dist_m": 597.0, "status": "excluded", "reason": "insufficient data: only 1 year of LL84 records", "heat_fuel_MWh": 539.0, "steam_MWh": 0.0, "gas_MWh": 539.0, "useful_demand_MWh": 458.0, "servable_share": 1.0, "heating_system": "hydronic_assumed", "nycha": false, "n_years": 1, "source": "LL84 (S01) via outputs/features/offtakers_features.csv"}}, {"type": "Feature", "geometry": {"type": "Point", "coordinates": [-73.99494, 40.742919]}, "properties": {"id": "6188324", "name": "160 West 22nd Street", "use_type": "Multifamily Housing", "dist_m": 663.0, "status": "excluded", "reason": "heat demand below 2 GWh/yr (too small for a street connection)", "heat_fuel_MWh": 535.0, "steam_MWh": 0.0, "gas_MWh": 535.0, "useful_demand_MWh": 455.0, "servable_share": 1.0, "heating_system": "hydronic_assumed", "nycha": false, "n_years": 2, "source": "LL84 (S01) via outputs/features/offtakers_features.csv"}}, {"type": "Feature", "geometry": {"type": "Point", "coordinates": [-74.000195, 40.738758]}, "properties": {"id": "6382101", "name": "204 West 14 Street", "use_type": "Multifamily Housing", "dist_m": 381.0, "status": "excluded", "reason": "heat demand below 2 GWh/yr (too small for a street connection)", "heat_fuel_MWh": 535.0, "steam_MWh": 0.0, "gas_MWh": 535.0, "useful_demand_MWh": 454.0, "servable_share": 1.0, "heating_system": "hydronic_assumed", "nycha": false, "n_years": 3, "source": "LL84 (S01) via outputs/features/offtakers_features.csv"}}, {"type": "Feature", "geometry": {"type": "Point", "coordinates": [-74.002288, 40.735031]}, "properties": {"id": "6579377", "name": "Crane Realty LLC - 29 Charles st", "use_type": "Multifamily Housing", "dist_m": 689.0, "status": "excluded", "reason": "heat demand below 2 GWh/yr (too small for a street connection)", "heat_fuel_MWh": 530.0, "steam_MWh": 0.0, "gas_MWh": 530.0, "useful_demand_MWh": 451.0, "servable_share": 1.0, "heating_system": "hydronic_assumed", "nycha": false, "n_years": 2, "source": "LL84 (S01) via outputs/features/offtakers_features.csv"}}, {"type": "Feature", "geometry": {"type": "Point", "coordinates": [-74.006723, 40.738132]}, "properties": {"id": "15497673", "name": "68 Jane Street", "use_type": "Multifamily Housing", "dist_m": 476.0, "status": "excluded", "reason": "insufficient data: only 1 year of LL84 records", "heat_fuel_MWh": 528.0, "steam_MWh": 0.0, "gas_MWh": 528.0, "useful_demand_MWh": 449.0, "servable_share": 1.0, "heating_system": "hydronic_assumed", "nycha": false, "n_years": 1, "source": "LL84 (S01) via outputs/features/offtakers_features.csv"}}, {"type": "Feature", "geometry": {"type": "Point", "coordinates": [-73.99603, 40.741058]}, "properties": {"id": "6283105", "name": "151 W 19th Street", "use_type": "Office", "dist_m": 568.0, "status": "excluded", "reason": "heat demand below 2 GWh/yr (too small for a street connection)", "heat_fuel_MWh": 526.0, "steam_MWh": 0.0, "gas_MWh": 10.0, "useful_demand_MWh": 447.0, "servable_share": 1.0, "heating_system": "hydronic_assumed", "nycha": false, "n_years": 3, "source": "LL84 (S01) via outputs/features/offtakers_features.csv"}}, {"type": "Feature", "geometry": {"type": "Point", "coordinates": [-73.996915, 40.739115]}, "properties": {"id": "6777152", "name": "JC Dwight - 130 West 16th st", "use_type": "Multifamily Housing", "dist_m": 544.0, "status": "excluded", "reason": "heat demand below 2 GWh/yr (too small for a street connection)", "heat_fuel_MWh": 526.0, "steam_MWh": 0.0, "gas_MWh": 526.0, "useful_demand_MWh": 447.0, "servable_share": 1.0, "heating_system": "hydronic_assumed", "nycha": false, "n_years": 2, "source": "LL84 (S01) via outputs/features/offtakers_features.csv"}}, {"type": "Feature", "geometry": {"type": "Point", "coordinates": [-73.995468, 40.736776]}, "properties": {"id": "6610148", "name": "CB - 60 West 14th Street", "use_type": "Multifamily Housing", "dist_m": 755.0, "status": "excluded", "reason": "insufficient data: only 1 year of LL84 records", "heat_fuel_MWh": 526.0, "steam_MWh": 0.0, "gas_MWh": 526.0, "useful_demand_MWh": 447.0, "servable_share": 1.0, "heating_system": "hydronic_assumed", "nycha": false, "n_years": 1, "source": "LL84 (S01) via outputs/features/offtakers_features.csv"}}, {"type": "Feature", "geometry": {"type": "Point", "coordinates": [-74.006917, 40.733661]}, "properties": {"id": "6333435", "name": "Eagle Point - 259 West 10th Street", "use_type": "Multifamily Housing", "dist_m": 900.0, "status": "excluded", "reason": "heat demand below 2 GWh/yr (too small for a street connection)", "heat_fuel_MWh": 524.0, "steam_MWh": 0.0, "gas_MWh": 524.0, "useful_demand_MWh": 446.0, "servable_share": 1.0, "heating_system": "hydronic_assumed", "nycha": false, "n_years": 3, "source": "LL84 (S01) via outputs/features/offtakers_features.csv"}}, {"type": "Feature", "geometry": {"type": "Point", "coordinates": [-73.999524, 40.732673]}, "properties": {"id": "7069148", "name": "Stone: 123 Waverly Pl.", "use_type": "Multifamily Housing", "dist_m": 991.0, "status": "excluded", "reason": "heat demand below 2 GWh/yr (too small for a street connection)", "heat_fuel_MWh": 522.0, "steam_MWh": 0.0, "gas_MWh": 21.0, "useful_demand_MWh": 444.0, "servable_share": 1.0, "heating_system": "hydronic_assumed", "nycha": false, "n_years": 3, "source": "LL84 (S01) via outputs/features/offtakers_features.csv"}}, {"type": "Feature", "geometry": {"type": "Point", "coordinates": [-73.996915, 40.739115]}, "properties": {"id": "56798796", "name": "130 W 16 OWNERS INC", "use_type": "Multifamily Housing", "dist_m": 544.0, "status": "excluded", "reason": "insufficient data: only 1 year of LL84 records", "heat_fuel_MWh": 517.0, "steam_MWh": 0.0, "gas_MWh": 517.0, "useful_demand_MWh": 440.0, "servable_share": 1.0, "heating_system": "hydronic_assumed", "nycha": false, "n_years": 1, "source": "LL84 (S01) via outputs/features/offtakers_features.csv"}}, {"type": "Feature", "geometry": {"type": "Point", "coordinates": [-73.995471, 40.741591]}, "properties": {"id": "6722391", "name": "135-139 West 20th Street", "use_type": "Office", "dist_m": 644.0, "status": "excluded", "reason": "heat demand below 2 GWh/yr (too small for a street connection)", "heat_fuel_MWh": 517.0, "steam_MWh": 0.0, "gas_MWh": 517.0, "useful_demand_MWh": 440.0, "servable_share": 1.0, "heating_system": "hydronic_assumed", "nycha": false, "n_years": 2, "source": "LL84 (S01) via outputs/features/offtakers_features.csv"}}, {"type": "Feature", "geometry": {"type": "Point", "coordinates": [-74.005691, 40.747467]}, "properties": {"id": "6622206", "name": "Timothy Mitchell", "use_type": "Residential Care Facility", "dist_m": 750.0, "status": "excluded", "reason": "insufficient data: only 1 year of LL84 records", "heat_fuel_MWh": 517.0, "steam_MWh": 0.0, "gas_MWh": 517.0, "useful_demand_MWh": 439.0, "servable_share": 1.0, "heating_system": "hydronic_assumed", "nycha": false, "n_years": 1, "source": "LL84 (S01) via outputs/features/offtakers_features.csv"}}, {"type": "Feature", "geometry": {"type": "Point", "coordinates": [-73.996807, 40.734764]}, "properties": {"id": "6695981", "name": "AKAM - 56 West 11th Street", "use_type": "Multifamily Housing", "dist_m": 885.0, "status": "excluded", "reason": "heat demand below 2 GWh/yr (too small for a street connection)", "heat_fuel_MWh": 512.0, "steam_MWh": 0.0, "gas_MWh": 10.0, "useful_demand_MWh": 435.0, "servable_share": 1.0, "heating_system": "hydronic_assumed", "nycha": false, "n_years": 2, "source": "LL84 (S01) via outputs/features/offtakers_features.csv"}}, {"type": "Feature", "geometry": {"type": "Point", "coordinates": [-73.995421, 40.736754]}, "properties": {"id": "53950093", "name": "58-60 West 14th Street", "use_type": "Multifamily Housing", "dist_m": 755.0, "status": "excluded", "reason": "insufficient data: only 1 year of LL84 records", "heat_fuel_MWh": 511.0, "steam_MWh": 0.0, "gas_MWh": 511.0, "useful_demand_MWh": 434.0, "servable_share": 1.0, "heating_system": "hydronic_assumed", "nycha": false, "n_years": 1, "source": "LL84 (S01) via outputs/features/offtakers_features.csv"}}, {"type": "Feature", "geometry": {"type": "Point", "coordinates": [-74.008248, 40.733439]}, "properties": {"id": "33375891", "name": "278 West 10 Street", "use_type": "K-12 School", "dist_m": 979.0, "status": "excluded", "reason": "heat demand below 2 GWh/yr (too small for a street connection)", "heat_fuel_MWh": 509.0, "steam_MWh": 0.0, "gas_MWh": 509.0, "useful_demand_MWh": 433.0, "servable_share": 1.0, "heating_system": "hydronic_assumed", "nycha": false, "n_years": 2, "source": "LL84 (S01) via outputs/features/offtakers_features.csv"}}, {"type": "Feature", "geometry": {"type": "Point", "coordinates": [-73.999347, 40.740139]}, "properties": {"id": "20268005", "name": "210 West 16th Street", "use_type": "Multifamily Housing", "dist_m": 352.0, "status": "excluded", "reason": "heat demand below 2 GWh/yr (too small for a street connection)", "heat_fuel_MWh": 508.0, "steam_MWh": 0.0, "gas_MWh": 336.0, "useful_demand_MWh": 432.0, "servable_share": 1.0, "heating_system": "hydronic_assumed", "nycha": false, "n_years": 2, "source": "LL84 (S01) via outputs/features/offtakers_features.csv"}}, {"type": "Feature", "geometry": {"type": "Point", "coordinates": [-73.992909, 40.744615]}, "properties": {"id": "55101792", "name": "MILTAN MANAGEMENT CORP:130 WEST 25 STREET", "use_type": "Office", "dist_m": 911.0, "status": "excluded", "reason": "insufficient data: only 1 year of LL84 records", "heat_fuel_MWh": 507.0, "steam_MWh": 0.0, "gas_MWh": 60.0, "useful_demand_MWh": 431.0, "servable_share": 1.0, "heating_system": "hydronic_assumed", "nycha": false, "n_years": 1, "source": "LL84 (S01) via outputs/features/offtakers_features.csv"}}, {"type": "Feature", "geometry": {"type": "Point", "coordinates": [-74.00935, 40.737572]}, "properties": {"id": "6812013", "name": "397 West 12th Street", "use_type": "Multifamily Housing", "dist_m": 644.0, "status": "excluded", "reason": "heat demand below 2 GWh/yr (too small for a street connection)", "heat_fuel_MWh": 506.0, "steam_MWh": 0.0, "gas_MWh": 506.0, "useful_demand_MWh": 430.0, "servable_share": 1.0, "heating_system": "hydronic_assumed", "nycha": false, "n_years": 3, "source": "LL84 (S01) via outputs/features/offtakers_features.csv"}}, {"type": "Feature", "geometry": {"type": "Point", "coordinates": [-73.998452, 40.73513]}, "properties": {"id": "25750647", "name": "450 Sixth", "use_type": "Multifamily Housing", "dist_m": 826.0, "status": "excluded", "reason": "heat demand below 2 GWh/yr (too small for a street connection)", "heat_fuel_MWh": 502.0, "steam_MWh": 0.0, "gas_MWh": 502.0, "useful_demand_MWh": 427.0, "servable_share": 1.0, "heating_system": "hydronic_assumed", "nycha": false, "n_years": 2, "source": "LL84 (S01) via outputs/features/offtakers_features.csv"}}, {"type": "Feature", "geometry": {"type": "Point", "coordinates": [-73.992137, 40.740166]}, "properties": {"id": "48587198", "name": "32 West 20th Street", "use_type": "Multifamily Housing", "dist_m": 872.0, "status": "excluded", "reason": "insufficient data: only 1 year of LL84 records", "heat_fuel_MWh": 502.0, "steam_MWh": 0.0, "gas_MWh": 502.0, "useful_demand_MWh": 427.0, "servable_share": 1.0, "heating_system": "hydronic_assumed", "nycha": false, "n_years": 1, "source": "LL84 (S01) via outputs/features/offtakers_features.csv"}}, {"type": "Feature", "geometry": {"type": "Point", "coordinates": [-74.002288, 40.735031]}, "properties": {"id": "35163166", "name": "29 Charles Street", "use_type": "Multifamily Housing", "dist_m": 689.0, "status": "excluded", "reason": "insufficient data: only 1 year of LL84 records", "heat_fuel_MWh": 501.0, "steam_MWh": 0.0, "gas_MWh": 501.0, "useful_demand_MWh": 426.0, "servable_share": 1.0, "heating_system": "hydronic_assumed", "nycha": false, "n_years": 1, "source": "LL84 (S01) via outputs/features/offtakers_features.csv"}}, {"type": "Feature", "geometry": {"type": "Point", "coordinates": [-73.996351, 40.746084]}, "properties": {"id": "6227870", "name": "THE SEYMOUR CONDOMINIUM", "use_type": "Multifamily Housing", "dist_m": 787.0, "status": "excluded", "reason": "insufficient data: only 1 year of LL84 records", "heat_fuel_MWh": 496.0, "steam_MWh": 0.0, "gas_MWh": 496.0, "useful_demand_MWh": 422.0, "servable_share": 1.0, "heating_system": "hydronic_assumed", "nycha": false, "n_years": 1, "source": "LL84 (S01) via outputs/features/offtakers_features.csv"}}, {"type": "Feature", "geometry": {"type": "Point", "coordinates": [-73.996987, 40.739164]}, "properties": {"id": "19398467", "name": "135 West 16th Street", "use_type": "Multifamily Housing", "dist_m": 536.0, "status": "excluded", "reason": "heat demand below 2 GWh/yr (too small for a street connection)", "heat_fuel_MWh": 494.0, "steam_MWh": 0.0, "gas_MWh": 494.0, "useful_demand_MWh": 420.0, "servable_share": 1.0, "heating_system": "hydronic_assumed", "nycha": false, "n_years": 2, "source": "LL84 (S01) via outputs/features/offtakers_features.csv"}}, {"type": "Feature", "geometry": {"type": "Point", "coordinates": [-73.994645, 40.742815]}, "properties": {"id": "26697879", "name": "147 West 22nd Street", "use_type": "Multifamily Housing", "dist_m": 724.0, "status": "excluded", "reason": "insufficient data: only 1 year of LL84 records", "heat_fuel_MWh": 491.0, "steam_MWh": 0.0, "gas_MWh": 6.0, "useful_demand_MWh": 418.0, "servable_share": 1.0, "heating_system": "hydronic_assumed", "nycha": false, "n_years": 1, "source": "LL84 (S01) via outputs/features/offtakers_features.csv"}}, {"type": "Feature", "geometry": {"type": "Point", "coordinates": [-73.991743, 40.74002]}, "properties": {"id": "6303546", "name": "Altair 20", "use_type": "Multifamily Housing", "dist_m": 949.0, "status": "excluded", "reason": "insufficient data: only 1 year of LL84 records", "heat_fuel_MWh": 491.0, "steam_MWh": 0.0, "gas_MWh": 491.0, "useful_demand_MWh": 417.0, "servable_share": 1.0, "heating_system": "hydronic_assumed", "nycha": false, "n_years": 1, "source": "LL84 (S01) via outputs/features/offtakers_features.csv"}}, {"type": "Feature", "geometry": {"type": "Point", "coordinates": [-73.993223, 40.744766]}, "properties": {"id": "6314233", "name": "147 West 25th Street", "use_type": "Office", "dist_m": 914.0, "status": "excluded", "reason": "insufficient data: only 1 year of LL84 records", "heat_fuel_MWh": 490.0, "steam_MWh": 0.0, "gas_MWh": 0.0, "useful_demand_MWh": 416.0, "servable_share": 1.0, "heating_system": "hydronic_assumed", "nycha": false, "n_years": 1, "source": "LL84 (S01) via outputs/features/offtakers_features.csv"}}, {"type": "Feature", "geometry": {"type": "Point", "coordinates": [-74.00048, 40.747794]}, "properties": {"id": "6262541", "name": "400 West 25th Street", "use_type": "Multifamily Housing", "dist_m": 742.0, "status": "excluded", "reason": "heat demand below 2 GWh/yr (too small for a street connection)", "heat_fuel_MWh": 487.0, "steam_MWh": 0.0, "gas_MWh": 27.0, "useful_demand_MWh": 414.0, "servable_share": 1.0, "heating_system": "hydronic_assumed", "nycha": false, "n_years": 3, "source": "LL84 (S01) via outputs/features/offtakers_features.csv"}}, {"type": "Feature", "geometry": {"type": "Point", "coordinates": [-73.992083, 40.739395]}, "properties": {"id": "2681134", "name": "11 W 19th Street", "use_type": "Office", "dist_m": 940.0, "status": "excluded", "reason": "heat demand below 2 GWh/yr (too small for a street connection)", "heat_fuel_MWh": 487.0, "steam_MWh": 0.0, "gas_MWh": 487.0, "useful_demand_MWh": 414.0, "servable_share": 1.0, "heating_system": "hydronic_assumed", "nycha": false, "n_years": 3, "source": "LL84 (S01) via outputs/features/offtakers_features.csv"}}, {"type": "Feature", "geometry": {"type": "Point", "coordinates": [-73.993653, 40.738508]}, "properties": {"id": "6629441", "name": "Andrews: 42 W 17th St", "use_type": "Multifamily Housing", "dist_m": 802.0, "status": "excluded", "reason": "heat demand below 2 GWh/yr (too small for a street connection)", "heat_fuel_MWh": 487.0, "steam_MWh": 0.0, "gas_MWh": 487.0, "useful_demand_MWh": 414.0, "servable_share": 1.0, "heating_system": "hydronic_assumed", "nycha": false, "n_years": 3, "source": "LL84 (S01) via outputs/features/offtakers_features.csv"}}, {"type": "Feature", "geometry": {"type": "Point", "coordinates": [-74.005529, 40.748252]}, "properties": {"id": "6654229", "name": "U-Haul Of Chelsea 803062", "use_type": "Retail Store", "dist_m": 797.0, "status": "excluded", "reason": "heat demand below 2 GWh/yr (too small for a street connection)", "heat_fuel_MWh": 485.0, "steam_MWh": 0.0, "gas_MWh": 485.0, "useful_demand_MWh": 412.0, "servable_share": 1.0, "heating_system": "hydronic_assumed", "nycha": false, "n_years": 3, "source": "LL84 (S01) via outputs/features/offtakers_features.csv"}}, {"type": "Feature", "geometry": {"type": "Point", "coordinates": [-74.009017, 40.735431]}, "properties": {"id": "6682121", "name": "359 West 11th Street", "use_type": "Multifamily Housing", "dist_m": 808.0, "status": "excluded", "reason": "heat demand below 2 GWh/yr (too small for a street connection)", "heat_fuel_MWh": 485.0, "steam_MWh": 0.0, "gas_MWh": 485.0, "useful_demand_MWh": 412.0, "servable_share": 1.0, "heating_system": "hydronic_assumed", "nycha": false, "n_years": 2, "source": "LL84 (S01) via outputs/features/offtakers_features.csv"}}, {"type": "Feature", "geometry": {"type": "Point", "coordinates": [-74.002685, 40.740715]}, "properties": {"id": "7534445", "name": "312 West 15 Street", "use_type": "Multifamily Housing", "dist_m": 94.0, "status": "excluded", "reason": "heat demand below 2 GWh/yr (too small for a street connection)", "heat_fuel_MWh": 484.0, "steam_MWh": 0.0, "gas_MWh": 8.0, "useful_demand_MWh": 411.0, "servable_share": 1.0, "heating_system": "hydronic_assumed", "nycha": false, "n_years": 3, "source": "LL84 (S01) via outputs/features/offtakers_features.csv"}}, {"type": "Feature", "geometry": {"type": "Point", "coordinates": [-73.99449, 40.740567]}, "properties": {"id": "4341957", "name": "636 Sixth Avenue Owner LLC.", "use_type": "Office", "dist_m": 775.0, "status": "excluded", "reason": "insufficient data: only 1 year of LL84 records", "heat_fuel_MWh": 483.0, "steam_MWh": 0.0, "gas_MWh": 38.0, "useful_demand_MWh": 411.0, "servable_share": 1.0, "heating_system": "hydronic_assumed", "nycha": false, "n_years": 1, "source": "LL84 (S01) via outputs/features/offtakers_features.csv"}}, {"type": "Feature", "geometry": {"type": "Point", "coordinates": [-74.008899, 40.737567]}, "properties": {"id": "6811996", "name": "385 West 12th Street", "use_type": "Multifamily Housing", "dist_m": 624.0, "status": "excluded", "reason": "heat demand below 2 GWh/yr (too small for a street connection)", "heat_fuel_MWh": 483.0, "steam_MWh": 0.0, "gas_MWh": 483.0, "useful_demand_MWh": 410.0, "servable_share": 1.0, "heating_system": "hydronic_assumed", "nycha": false, "n_years": 3, "source": "LL84 (S01) via outputs/features/offtakers_features.csv"}}, {"type": "Feature", "geometry": {"type": "Point", "coordinates": [-74.005991, 40.746767]}, "properties": {"id": "6265967", "name": "510 WEST 21 STREET - [510-520 W. 21st]", "use_type": "Self-Storage Facility", "dist_m": 630.0, "status": "excluded", "reason": "insufficient data: only 1 year of LL84 records", "heat_fuel_MWh": 477.0, "steam_MWh": 0.0, "gas_MWh": 0.0, "useful_demand_MWh": 406.0, "servable_share": 1.0, "heating_system": "hydronic_assumed", "nycha": false, "n_years": 1, "source": "LL84 (S01) via outputs/features/offtakers_features.csv"}}, {"type": "Feature", "geometry": {"type": "Point", "coordinates": [-73.997171, 40.743054]}, "properties": {"id": "10317687", "name": "210 West 21st Street", "use_type": "Multifamily Housing", "dist_m": 518.0, "status": "excluded", "reason": "heat demand below 2 GWh/yr (too small for a street connection)", "heat_fuel_MWh": 477.0, "steam_MWh": 0.0, "gas_MWh": 477.0, "useful_demand_MWh": 406.0, "servable_share": 1.0, "heating_system": "hydronic_assumed", "nycha": false, "n_years": 2, "source": "LL84 (S01) via outputs/features/offtakers_features.csv"}}, {"type": "Feature", "geometry": {"type": "Point", "coordinates": [-74.00709, 40.734526]}, "properties": {"id": "54514492", "name": "GREENWICH GREEN COOPERATIVE IN", "use_type": "Multifamily Housing", "dist_m": 812.0, "status": "excluded", "reason": "insufficient data: only 1 year of LL84 records", "heat_fuel_MWh": 474.0, "steam_MWh": 0.0, "gas_MWh": 474.0, "useful_demand_MWh": 403.0, "servable_share": 1.0, "heating_system": "hydronic_assumed", "nycha": false, "n_years": 1, "source": "LL84 (S01) via outputs/features/offtakers_features.csv"}}, {"type": "Feature", "geometry": {"type": "Point", "coordinates": [-74.007538, 40.734923]}, "properties": {"id": "10868316", "name": "132 Perry Street", "use_type": "Multifamily Housing", "dist_m": 830.0, "status": "excluded", "reason": "heat demand below 2 GWh/yr (too small for a street connection)", "heat_fuel_MWh": 473.0, "steam_MWh": 0.0, "gas_MWh": 473.0, "useful_demand_MWh": 402.0, "servable_share": 1.0, "heating_system": "hydronic_assumed", "nycha": false, "n_years": 3, "source": "LL84 (S01) via outputs/features/offtakers_features.csv"}}, {"type": "Feature", "geometry": {"type": "Point", "coordinates": [-73.992191, 40.737981]}, "properties": {"id": "5850801", "name": "118-120 5th Avenue", "use_type": "Office", "dist_m": 972.0, "status": "excluded", "reason": "heat demand below 2 GWh/yr (too small for a street connection)", "heat_fuel_MWh": 473.0, "steam_MWh": 0.0, "gas_MWh": 422.0, "useful_demand_MWh": 402.0, "servable_share": 1.0, "heating_system": "hydronic_assumed", "nycha": false, "n_years": 2, "source": "LL84 (S01) via outputs/features/offtakers_features.csv"}}, {"type": "Feature", "geometry": {"type": "Point", "coordinates": [-73.999257, 40.749356]}, "properties": {"id": "21355240", "name": "DOHMH_3433_Chelsea Health Center", "use_type": "Urgent Care/Clinic/Other Outpatient", "dist_m": 956.0, "status": "excluded", "reason": "heat demand below 2 GWh/yr (too small for a street connection)", "heat_fuel_MWh": 472.0, "steam_MWh": 0.0, "gas_MWh": 472.0, "useful_demand_MWh": 401.0, "servable_share": 1.0, "heating_system": "hydronic_assumed", "nycha": false, "n_years": 3, "source": "LL84 (S01) via outputs/features/offtakers_features.csv"}}, {"type": "Feature", "geometry": {"type": "Point", "coordinates": [-73.993237, 40.743946]}, "properties": {"id": "6650159", "name": "Andrews: 124 W 24th St", "use_type": "Multifamily Housing", "dist_m": 850.0, "status": "excluded", "reason": "heat demand below 2 GWh/yr (too small for a street connection)", "heat_fuel_MWh": 467.0, "steam_MWh": 0.0, "gas_MWh": 467.0, "useful_demand_MWh": 397.0, "servable_share": 1.0, "heating_system": "hydronic_assumed", "nycha": false, "n_years": 3, "source": "LL84 (S01) via outputs/features/offtakers_features.csv"}}, {"type": "Feature", "geometry": {"type": "Point", "coordinates": [-73.99851, 40.742107]}, "properties": {"id": "3235263", "name": "The Dance Building Condominium", "use_type": "Multifamily Housing", "dist_m": 432.0, "status": "excluded", "reason": "insufficient data: only 1 year of LL84 records", "heat_fuel_MWh": 467.0, "steam_MWh": 0.0, "gas_MWh": 467.0, "useful_demand_MWh": 397.0, "servable_share": 1.0, "heating_system": "hydronic_assumed", "nycha": false, "n_years": 1, "source": "LL84 (S01) via outputs/features/offtakers_features.csv"}}, {"type": "Feature", "geometry": {"type": "Point", "coordinates": [-73.996958, 40.7399]}, "properties": {"id": "44406002", "name": "JM - 138 W 17th street", "use_type": "Multifamily Housing", "dist_m": 519.0, "status": "excluded", "reason": "insufficient data: only 1 year of LL84 records", "heat_fuel_MWh": 466.0, "steam_MWh": 0.0, "gas_MWh": 466.0, "useful_demand_MWh": 396.0, "servable_share": 1.0, "heating_system": "hydronic_assumed", "nycha": false, "n_years": 1, "source": "LL84 (S01) via outputs/features/offtakers_features.csv"}}, {"type": "Feature", "geometry": {"type": "Point", "coordinates": [-73.999195, 40.735769]}, "properties": {"id": "15368934", "name": "126 West 11th Street", "use_type": "Multifamily Housing", "dist_m": 703.0, "status": "excluded", "reason": "insufficient data: only 1 year of LL84 records", "heat_fuel_MWh": 465.0, "steam_MWh": 0.0, "gas_MWh": 465.0, "useful_demand_MWh": 395.0, "servable_share": 1.0, "heating_system": "hydronic_assumed", "nycha": false, "n_years": 1, "source": "LL84 (S01) via outputs/features/offtakers_features.csv"}}, {"type": "Feature", "geometry": {"type": "Point", "coordinates": [-74.001198, 40.739203]}, "properties": {"id": "6894297", "name": "255 WEST 14TH STREET", "use_type": "Multifamily Housing", "dist_m": 216.0, "status": "excluded", "reason": "heat demand below 2 GWh/yr (too small for a street connection)", "heat_fuel_MWh": 464.0, "steam_MWh": 0.0, "gas_MWh": 464.0, "useful_demand_MWh": 394.0, "servable_share": 1.0, "heating_system": "hydronic_assumed", "nycha": false, "n_years": 3, "source": "LL84 (S01) via outputs/features/offtakers_features.csv"}}, {"type": "Feature", "geometry": {"type": "Point", "coordinates": [-73.992912, 40.743808]}, "properties": {"id": "3762097", "name": "341 Chelsea Manhattan NY HAMP", "use_type": "Hotel", "dist_m": 890.0, "status": "excluded", "reason": "insufficient data: only 1 year of LL84 records", "heat_fuel_MWh": 456.0, "steam_MWh": 0.0, "gas_MWh": 456.0, "useful_demand_MWh": 387.0, "servable_share": 1.0, "heating_system": "hydronic_assumed", "nycha": false, "n_years": 1, "source": "LL84 (S01) via outputs/features/offtakers_features.csv"}}, {"type": "Feature", "geometry": {"type": "Point", "coordinates": [-73.993266, 40.743976]}, "properties": {"id": "6627932", "name": "127 West 24th Street", "use_type": "Office", "dist_m": 886.0, "status": "excluded", "reason": "insufficient data: only 1 year of LL84 records", "heat_fuel_MWh": 450.0, "steam_MWh": 0.0, "gas_MWh": 0.0, "useful_demand_MWh": 383.0, "servable_share": 1.0, "heating_system": "hydronic_assumed", "nycha": false, "n_years": 1, "source": "LL84 (S01) via outputs/features/offtakers_features.csv"}}, {"type": "Feature", "geometry": {"type": "Point", "coordinates": [-73.992411, 40.744426]}, "properties": {"id": "48631292", "name": "107 West 25th Street", "use_type": "Multifamily Housing", "dist_m": 985.0, "status": "excluded", "reason": "insufficient data: only 1 year of LL84 records", "heat_fuel_MWh": 450.0, "steam_MWh": 0.0, "gas_MWh": 39.0, "useful_demand_MWh": 382.0, "servable_share": 1.0, "heating_system": "hydronic_assumed", "nycha": false, "n_years": 1, "source": "LL84 (S01) via outputs/features/offtakers_features.csv"}}, {"type": "Feature", "geometry": {"type": "Point", "coordinates": [-73.998692, 40.740410499999996]}, "properties": {"id": "26533122", "name": "AKAM - 206 West 17th Street", "use_type": "Multifamily Housing", "dist_m": 388.0, "status": "excluded", "reason": "heat demand below 2 GWh/yr (too small for a street connection)", "heat_fuel_MWh": 449.0, "steam_MWh": 0.0, "gas_MWh": 60.0, "useful_demand_MWh": 382.0, "servable_share": 1.0, "heating_system": "hydronic_assumed", "nycha": false, "n_years": 2, "source": "LL84 (S01) via outputs/features/offtakers_features.csv"}}, {"type": "Feature", "geometry": {"type": "Point", "coordinates": [-74.006045, 40.741245]}, "properties": {"id": "6801393", "name": "413-421 West 14th Street (One Building)", "use_type": "Financial Office", "dist_m": 253.0, "status": "excluded", "reason": "insufficient data: only 1 year of LL84 records", "heat_fuel_MWh": 448.0, "steam_MWh": 0.0, "gas_MWh": 448.0, "useful_demand_MWh": 381.0, "servable_share": 1.0, "heating_system": "hydronic_assumed", "nycha": false, "n_years": 1, "source": "LL84 (S01) via outputs/features/offtakers_features.csv"}}, {"type": "Feature", "geometry": {"type": "Point", "coordinates": [-73.992415, 40.738774]}, "properties": {"id": "49621196", "name": "7 W 18th St", "use_type": "Office", "dist_m": 939.0, "status": "excluded", "reason": "insufficient data: only 1 year of LL84 records", "heat_fuel_MWh": 441.0, "steam_MWh": 0.0, "gas_MWh": 0.0, "useful_demand_MWh": 375.0, "servable_share": 1.0, "heating_system": "hydronic_assumed", "nycha": false, "n_years": 1, "source": "LL84 (S01) via outputs/features/offtakers_features.csv"}}, {"type": "Feature", "geometry": {"type": "Point", "coordinates": [-74.009403, 40.734687]}, "properties": {"id": "31977680", "name": "165 Perry Street", "use_type": "Multifamily Housing", "dist_m": 877.0, "status": "excluded", "reason": "heat demand below 2 GWh/yr (too small for a street connection)", "heat_fuel_MWh": 440.0, "steam_MWh": 0.0, "gas_MWh": 440.0, "useful_demand_MWh": 374.0, "servable_share": 1.0, "heating_system": "hydronic_assumed", "nycha": false, "n_years": 2, "source": "LL84 (S01) via outputs/features/offtakers_features.csv"}}, {"type": "Feature", "geometry": {"type": "Point", "coordinates": [-73.996207, 40.739582]}, "properties": {"id": "53053995", "name": "MQ Property Management:114 WEST 17 STREET", "use_type": "Retail Store", "dist_m": 596.0, "status": "excluded", "reason": "insufficient data: only 1 year of LL84 records", "heat_fuel_MWh": 438.0, "steam_MWh": 0.0, "gas_MWh": 438.0, "useful_demand_MWh": 373.0, "servable_share": 1.0, "heating_system": "hydronic_assumed", "nycha": false, "n_years": 1, "source": "LL84 (S01) via outputs/features/offtakers_features.csv"}}, {"type": "Feature", "geometry": {"type": "Point", "coordinates": [-73.995579, 40.74657]}, "properties": {"id": "33922209", "name": "233-235 West 26th Street", "use_type": "Multifamily Housing", "dist_m": 877.0, "status": "excluded", "reason": "heat demand below 2 GWh/yr (too small for a street connection)", "heat_fuel_MWh": 438.0, "steam_MWh": 0.0, "gas_MWh": 438.0, "useful_demand_MWh": 373.0, "servable_share": 1.0, "heating_system": "hydronic_assumed", "nycha": false, "n_years": 2, "source": "LL84 (S01) via outputs/features/offtakers_features.csv"}}, {"type": "Feature", "geometry": {"type": "Point", "coordinates": [-73.991606, 40.739963]}, "properties": {"id": "6600357", "name": "Andrews: 9 W 20th St", "use_type": "Multifamily Housing", "dist_m": 969.0, "status": "excluded", "reason": "heat demand below 2 GWh/yr (too small for a street connection)", "heat_fuel_MWh": 437.0, "steam_MWh": 0.0, "gas_MWh": 437.0, "useful_demand_MWh": 372.0, "servable_share": 1.0, "heating_system": "hydronic_assumed", "nycha": false, "n_years": 3, "source": "LL84 (S01) via outputs/features/offtakers_features.csv"}}, {"type": "Feature", "geometry": {"type": "Point", "coordinates": [-73.998452, 40.73513]}, "properties": {"id": "6707599", "name": "450 Village Company: 450 6th Avenue", "use_type": "Multifamily Housing", "dist_m": 826.0, "status": "excluded", "reason": "insufficient data: only 1 year of LL84 records", "heat_fuel_MWh": 436.0, "steam_MWh": 0.0, "gas_MWh": 436.0, "useful_demand_MWh": 371.0, "servable_share": 1.0, "heating_system": "hydronic_assumed", "nycha": false, "n_years": 1, "source": "LL84 (S01) via outputs/features/offtakers_features.csv"}}, {"type": "Feature", "geometry": {"type": "Point", "coordinates": [-73.995821, 40.738777]}, "properties": {"id": "6640510", "name": "575 6th Avenue", "use_type": "Multifamily Housing", "dist_m": 661.0, "status": "excluded", "reason": "heat demand below 2 GWh/yr (too small for a street connection)", "heat_fuel_MWh": 435.0, "steam_MWh": 0.0, "gas_MWh": 5.0, "useful_demand_MWh": 369.0, "servable_share": 1.0, "heating_system": "hydronic_assumed", "nycha": false, "n_years": 2, "source": "LL84 (S01) via outputs/features/offtakers_features.csv"}}, {"type": "Feature", "geometry": {"type": "Point", "coordinates": [-73.993072, 40.738283]}, "properties": {"id": "2799290", "name": "17 West 17th Street", "use_type": "Office", "dist_m": 897.0, "status": "excluded", "reason": "insufficient data: only 1 year of LL84 records", "heat_fuel_MWh": 428.0, "steam_MWh": 0.0, "gas_MWh": 428.0, "useful_demand_MWh": 363.0, "servable_share": 1.0, "heating_system": "hydronic_assumed", "nycha": false, "n_years": 1, "source": "LL84 (S01) via outputs/features/offtakers_features.csv"}}, {"type": "Feature", "geometry": {"type": "Point", "coordinates": [-73.99302, 40.744681]}, "properties": {"id": "3513340", "name": "AKAM - 137-139 West 25th Street", "use_type": "Office", "dist_m": 923.0, "status": "excluded", "reason": "heat demand below 2 GWh/yr (too small for a street connection)", "heat_fuel_MWh": 426.0, "steam_MWh": 0.0, "gas_MWh": 0.0, "useful_demand_MWh": 363.0, "servable_share": 1.0, "heating_system": "hydronic_assumed", "nycha": false, "n_years": 2, "source": "LL84 (S01) via outputs/features/offtakers_features.csv"}}, {"type": "Feature", "geometry": {"type": "Point", "coordinates": [-73.994655, 40.742801]}, "properties": {"id": "33881135", "name": "146 West 22nd Street", "use_type": "Multifamily Housing", "dist_m": 691.0, "status": "excluded", "reason": "heat demand below 2 GWh/yr (too small for a street connection)", "heat_fuel_MWh": 425.0, "steam_MWh": 0.0, "gas_MWh": 425.0, "useful_demand_MWh": 361.0, "servable_share": 1.0, "heating_system": "hydronic_assumed", "nycha": false, "n_years": 2, "source": "LL84 (S01) via outputs/features/offtakers_features.csv"}}, {"type": "Feature", "geometry": {"type": "Point", "coordinates": [-74.002007, 40.745916]}, "properties": {"id": "4335590", "name": "401 West 22nd Street", "use_type": "Multifamily Housing", "dist_m": 542.0, "status": "excluded", "reason": "heat demand below 2 GWh/yr (too small for a street connection)", "heat_fuel_MWh": 420.0, "steam_MWh": 0.0, "gas_MWh": 420.0, "useful_demand_MWh": 357.0, "servable_share": 1.0, "heating_system": "hydronic_assumed", "nycha": false, "n_years": 3, "source": "LL84 (S01) via outputs/features/offtakers_features.csv"}}, {"type": "Feature", "geometry": {"type": "Point", "coordinates": [-73.994533, 40.742749]}, "properties": {"id": "3542194", "name": "140 West 22nd Street", "use_type": "Multifamily Housing", "dist_m": 703.0, "status": "excluded", "reason": "insufficient data: only 1 year of LL84 records", "heat_fuel_MWh": 416.0, "steam_MWh": 0.0, "gas_MWh": 416.0, "useful_demand_MWh": 354.0, "servable_share": 1.0, "heating_system": "hydronic_assumed", "nycha": false, "n_years": 1, "source": "LL84 (S01) via outputs/features/offtakers_features.csv"}}, {"type": "Feature", "geometry": {"type": "Point", "coordinates": [-73.992497, 40.746056]}, "properties": {"id": "6598605", "name": "WEST END ESTATES, LLC", "use_type": "Multifamily Housing", "dist_m": 999.0, "status": "excluded", "reason": "heat demand below 2 GWh/yr (too small for a street connection)", "heat_fuel_MWh": 414.0, "steam_MWh": 0.0, "gas_MWh": 2.0, "useful_demand_MWh": 352.0, "servable_share": 1.0, "heating_system": "hydronic_assumed", "nycha": false, "n_years": 3, "source": "LL84 (S01) via outputs/features/offtakers_features.csv"}}, {"type": "Feature", "geometry": {"type": "Point", "coordinates": [-73.993454, 40.737677]}, "properties": {"id": "16880240", "name": "Center for Jewish History Campus", "use_type": "Museum", "dist_m": 868.0, "status": "excluded", "reason": "heat demand below 2 GWh/yr (too small for a street connection)", "heat_fuel_MWh": 413.0, "steam_MWh": 0.0, "gas_MWh": 413.0, "useful_demand_MWh": 351.0, "servable_share": 1.0, "heating_system": "hydronic_assumed", "nycha": false, "n_years": 3, "source": "LL84 (S01) via outputs/features/offtakers_features.csv"}}, {"type": "Feature", "geometry": {"type": "Point", "coordinates": [-73.999195, 40.735769]}, "properties": {"id": "6294571", "name": "126 West 11th Street", "use_type": "Multifamily Housing", "dist_m": 703.0, "status": "excluded", "reason": "insufficient data: only 1 year of LL84 records", "heat_fuel_MWh": 410.0, "steam_MWh": 0.0, "gas_MWh": 410.0, "useful_demand_MWh": 349.0, "servable_share": 1.0, "heating_system": "hydronic_assumed", "nycha": false, "n_years": 1, "source": "LL84 (S01) via outputs/features/offtakers_features.csv"}}, {"type": "Feature", "geometry": {"type": "Point", "coordinates": [-73.992133, 40.745096]}, "properties": {"id": "4408617", "name": "114 West 26th Street", "use_type": "Office", "dist_m": 996.0, "status": "excluded", "reason": "insufficient data: only 1 year of LL84 records", "heat_fuel_MWh": 405.0, "steam_MWh": 0.0, "gas_MWh": 1.0, "useful_demand_MWh": 344.0, "servable_share": 1.0, "heating_system": "hydronic_assumed", "nycha": false, "n_years": 1, "source": "LL84 (S01) via outputs/features/offtakers_features.csv"}}, {"type": "Feature", "geometry": {"type": "Point", "coordinates": [-73.997828, 40.743328]}, "properties": {"id": "31978251", "name": "234 West 21st Street", "use_type": "Multifamily Housing", "dist_m": 468.0, "status": "excluded", "reason": "heat demand below 2 GWh/yr (too small for a street connection)", "heat_fuel_MWh": 404.0, "steam_MWh": 0.0, "gas_MWh": 14.0, "useful_demand_MWh": 343.0, "servable_share": 1.0, "heating_system": "hydronic_assumed", "nycha": false, "n_years": 2, "source": "LL84 (S01) via outputs/features/offtakers_features.csv"}}, {"type": "Feature", "geometry": {"type": "Point", "coordinates": [-74.009483, 40.734676]}, "properties": {"id": "2637906", "name": "167 Housing Corporation (167 Perry Street)", "use_type": "Multifamily Housing", "dist_m": 895.0, "status": "excluded", "reason": "insufficient data: only 1 year of LL84 records", "heat_fuel_MWh": 404.0, "steam_MWh": 0.0, "gas_MWh": 404.0, "useful_demand_MWh": 343.0, "servable_share": 1.0, "heating_system": "hydronic_assumed", "nycha": false, "n_years": 1, "source": "LL84 (S01) via outputs/features/offtakers_features.csv"}}, {"type": "Feature", "geometry": {"type": "Point", "coordinates": [-73.996709, 40.739793]}, "properties": {"id": "10063226", "name": "Andrews: 130 West 17 St", "use_type": "Multifamily Housing", "dist_m": 540.0, "status": "excluded", "reason": "heat demand below 2 GWh/yr (too small for a street connection)", "heat_fuel_MWh": 403.0, "steam_MWh": 0.0, "gas_MWh": 2.0, "useful_demand_MWh": 343.0, "servable_share": 1.0, "heating_system": "hydronic_assumed", "nycha": false, "n_years": 3, "source": "LL84 (S01) via outputs/features/offtakers_features.csv"}}, {"type": "Feature", "geometry": {"type": "Point", "coordinates": [-73.997008, 40.739938]}, "properties": {"id": "23380325", "name": "OLD WARREN ROAD HOUSE INC", "use_type": "Multifamily Housing", "dist_m": 532.0, "status": "excluded", "reason": "heat demand below 2 GWh/yr (too small for a street connection)", "heat_fuel_MWh": 402.0, "steam_MWh": 0.0, "gas_MWh": 8.0, "useful_demand_MWh": 342.0, "servable_share": 1.0, "heating_system": "hydronic_assumed", "nycha": false, "n_years": 3, "source": "LL84 (S01) via outputs/features/offtakers_features.csv"}}, {"type": "Feature", "geometry": {"type": "Point", "coordinates": [-73.997474, 40.737619]}, "properties": {"id": "6295276", "name": "Sam Sasson & Joseph Sasson", "use_type": "Multifamily Housing", "dist_m": 641.0, "status": "excluded", "reason": "insufficient data: only 1 year of LL84 records", "heat_fuel_MWh": 401.0, "steam_MWh": 0.0, "gas_MWh": 77.0, "useful_demand_MWh": 341.0, "servable_share": 1.0, "heating_system": "hydronic_assumed", "nycha": false, "n_years": 1, "source": "LL84 (S01) via outputs/features/offtakers_features.csv"}}, {"type": "Feature", "geometry": {"type": "Point", "coordinates": [-74.006427, 40.74049]}, "properties": {"id": "2814189", "name": "410 West 13th Street", "use_type": "Office", "dist_m": 323.0, "status": "excluded", "reason": "insufficient data: only 1 year of LL84 records", "heat_fuel_MWh": 400.0, "steam_MWh": 0.0, "gas_MWh": 400.0, "useful_demand_MWh": 340.0, "servable_share": 1.0, "heating_system": "hydronic_assumed", "nycha": false, "n_years": 1, "source": "LL84 (S01) via outputs/features/offtakers_features.csv"}}, {"type": "Feature", "geometry": {"type": "Point", "coordinates": [-73.996723, 40.737504]}, "properties": {"id": "54460592", "name": "540 6th Avenue", "use_type": "Multifamily Housing", "dist_m": 717.0, "status": "excluded", "reason": "insufficient data: only 1 year of LL84 records", "heat_fuel_MWh": 396.0, "steam_MWh": 0.0, "gas_MWh": 396.0, "useful_demand_MWh": 337.0, "servable_share": 1.0, "heating_system": "hydronic_assumed", "nycha": false, "n_years": 1, "source": "LL84 (S01) via outputs/features/offtakers_features.csv"}}, {"type": "Feature", "geometry": {"type": "Point", "coordinates": [-74.000119, 40.740465]}, "properties": {"id": "6303085", "name": "250 West 16th Street", "use_type": "Multifamily Housing", "dist_m": 196.0, "status": "excluded", "reason": "insufficient data: only 1 year of LL84 records", "heat_fuel_MWh": 393.0, "steam_MWh": 0.0, "gas_MWh": 393.0, "useful_demand_MWh": 334.0, "servable_share": 1.0, "heating_system": "hydronic_assumed", "nycha": false, "n_years": 1, "source": "LL84 (S01) via outputs/features/offtakers_features.csv"}}, {"type": "Feature", "geometry": {"type": "Point", "coordinates": [-73.999325, 40.740899]}, "properties": {"id": "34705250", "name": "EK 17 Street LLC", "use_type": "Medical Office", "dist_m": 289.0, "status": "excluded", "reason": "insufficient data: only 1 year of LL84 records", "heat_fuel_MWh": 392.0, "steam_MWh": 0.0, "gas_MWh": 0.0, "useful_demand_MWh": 333.0, "servable_share": 1.0, "heating_system": "hydronic_assumed", "nycha": false, "n_years": 1, "source": "LL84 (S01) via outputs/features/offtakers_features.csv"}}, {"type": "Feature", "geometry": {"type": "Point", "coordinates": [-73.999325, 40.740899]}, "properties": {"id": "6826591", "name": "EK 17 Street LLC", "use_type": "Medical Office", "dist_m": 289.0, "status": "excluded", "reason": "insufficient data: only 1 year of LL84 records", "heat_fuel_MWh": 392.0, "steam_MWh": 0.0, "gas_MWh": 0.0, "useful_demand_MWh": 333.0, "servable_share": 1.0, "heating_system": "hydronic_assumed", "nycha": false, "n_years": 1, "source": "LL84 (S01) via outputs/features/offtakers_features.csv"}}, {"type": "Feature", "geometry": {"type": "Point", "coordinates": [-73.996128, 40.740339]}, "properties": {"id": "24241109", "name": "135 West 18 Street", "use_type": "Office", "dist_m": 582.0, "status": "excluded", "reason": "insufficient data: only 1 year of LL84 records", "heat_fuel_MWh": 392.0, "steam_MWh": 0.0, "gas_MWh": 392.0, "useful_demand_MWh": 333.0, "servable_share": 1.0, "heating_system": "hydronic_assumed", "nycha": false, "n_years": 1, "source": "LL84 (S01) via outputs/features/offtakers_features.csv"}}, {"type": "Feature", "geometry": {"type": "Point", "coordinates": [-74.004384, 40.73965]}, "properties": {"id": "30930844", "name": "54 - Notre Dame School", "use_type": "K-12 School", "dist_m": 194.0, "status": "excluded", "reason": "heat demand below 2 GWh/yr (too small for a street connection)", "heat_fuel_MWh": 390.0, "steam_MWh": 0.0, "gas_MWh": 390.0, "useful_demand_MWh": 332.0, "servable_share": 1.0, "heating_system": "hydronic_assumed", "nycha": false, "n_years": 2, "source": "LL84 (S01) via outputs/features/offtakers_features.csv"}}, {"type": "Feature", "geometry": {"type": "Point", "coordinates": [-74.004006, 40.745184]}, "properties": {"id": "4372134", "name": "Brodsky - 445-455 West 20th\u00a0Street", "use_type": "Multifamily Housing", "dist_m": 488.0, "status": "excluded", "reason": "insufficient data: only 1 year of LL84 records", "heat_fuel_MWh": 388.0, "steam_MWh": 0.0, "gas_MWh": 388.0, "useful_demand_MWh": 330.0, "servable_share": 1.0, "heating_system": "hydronic_assumed", "nycha": false, "n_years": 1, "source": "LL84 (S01) via outputs/features/offtakers_features.csv"}}, {"type": "Feature", "geometry": {"type": "Point", "coordinates": [-73.992949, 40.738212]}, "properties": {"id": "6301459", "name": "Andrews: 12 W 17th St", "use_type": "Multifamily Housing", "dist_m": 912.0, "status": "excluded", "reason": "heat demand below 2 GWh/yr (too small for a street connection)", "heat_fuel_MWh": 388.0, "steam_MWh": 0.0, "gas_MWh": 12.0, "useful_demand_MWh": 330.0, "servable_share": 1.0, "heating_system": "hydronic_assumed", "nycha": false, "n_years": 3, "source": "LL84 (S01) via outputs/features/offtakers_features.csv"}}, {"type": "Feature", "geometry": {"type": "Point", "coordinates": [-73.992931, 40.738225]}, "properties": {"id": "36304624", "name": "11 West 17th Street", "use_type": "Multifamily Housing", "dist_m": 925.0, "status": "excluded", "reason": "insufficient data: only 1 year of LL84 records", "heat_fuel_MWh": 387.0, "steam_MWh": 0.0, "gas_MWh": 387.0, "useful_demand_MWh": 329.0, "servable_share": 1.0, "heating_system": "hydronic_assumed", "nycha": false, "n_years": 1, "source": "LL84 (S01) via outputs/features/offtakers_features.csv"}}, {"type": "Feature", "geometry": {"type": "Point", "coordinates": [-74.004428, 40.736746]}, "properties": {"id": "6898232", "name": "65 Bank Street", "use_type": "Multifamily Housing", "dist_m": 503.0, "status": "excluded", "reason": "heat demand below 2 GWh/yr (too small for a street connection)", "heat_fuel_MWh": 386.0, "steam_MWh": 0.0, "gas_MWh": 386.0, "useful_demand_MWh": 328.0, "servable_share": 1.0, "heating_system": "hydronic_assumed", "nycha": false, "n_years": 3, "source": "LL84 (S01) via outputs/features/offtakers_features.csv"}}, {"type": "Feature", "geometry": {"type": "Point", "coordinates": [-73.996128, 40.740339]}, "properties": {"id": "4408958", "name": "135 West 18th Street", "use_type": "Office", "dist_m": 582.0, "status": "excluded", "reason": "heat demand below 2 GWh/yr (too small for a street connection)", "heat_fuel_MWh": 384.0, "steam_MWh": 0.0, "gas_MWh": 384.0, "useful_demand_MWh": 327.0, "servable_share": 1.0, "heating_system": "hydronic_assumed", "nycha": false, "n_years": 2, "source": "LL84 (S01) via outputs/features/offtakers_features.csv"}}, {"type": "Feature", "geometry": {"type": "Point", "coordinates": [-74.00349, 40.748645]}, "properties": {"id": "6456870", "name": "245 10th Avenue", "use_type": "Multifamily Housing", "dist_m": 835.0, "status": "excluded", "reason": "heat demand below 2 GWh/yr (too small for a street connection)", "heat_fuel_MWh": 384.0, "steam_MWh": 0.0, "gas_MWh": 384.0, "useful_demand_MWh": 326.0, "servable_share": 1.0, "heating_system": "hydronic_assumed", "nycha": false, "n_years": 2, "source": "LL84 (S01) via outputs/features/offtakers_features.csv"}}, {"type": "Feature", "geometry": {"type": "Point", "coordinates": [-74.005727, 40.737427]}, "properties": {"id": "4414278", "name": "Century - 607 Hudson Street / 320 West 12th Street", "use_type": "Multifamily Housing", "dist_m": 505.0, "status": "excluded", "reason": "heat demand below 2 GWh/yr (too small for a street connection)", "heat_fuel_MWh": 378.0, "steam_MWh": 0.0, "gas_MWh": 378.0, "useful_demand_MWh": 322.0, "servable_share": 1.0, "heating_system": "hydronic_assumed", "nycha": false, "n_years": 2, "source": "LL84 (S01) via outputs/features/offtakers_features.csv"}}, {"type": "Feature", "geometry": {"type": "Point", "coordinates": [-73.996308, 40.744388]}, "properties": {"id": "5218337", "name": "Merchants: 213 West 23rd St", "use_type": "Multifamily Housing", "dist_m": 700.0, "status": "excluded", "reason": "insufficient data: only 1 year of LL84 records", "heat_fuel_MWh": 378.0, "steam_MWh": 0.0, "gas_MWh": 378.0, "useful_demand_MWh": 321.0, "servable_share": 1.0, "heating_system": "hydronic_assumed", "nycha": false, "n_years": 1, "source": "LL84 (S01) via outputs/features/offtakers_features.csv"}}, {"type": "Feature", "geometry": {"type": "Point", "coordinates": [-73.998185, 40.738831000000005]}, "properties": {"id": "6582036", "name": "Orsid - 155 West 15th Street", "use_type": "Multifamily Housing", "dist_m": 484.0, "status": "excluded", "reason": "heat demand below 2 GWh/yr (too small for a street connection)", "heat_fuel_MWh": 376.0, "steam_MWh": 0.0, "gas_MWh": 376.0, "useful_demand_MWh": 319.0, "servable_share": 1.0, "heating_system": "hydronic_assumed", "nycha": false, "n_years": 2, "source": "LL84 (S01) via outputs/features/offtakers_features.csv"}}, {"type": "Feature", "geometry": {"type": "Point", "coordinates": [-73.994858, 40.736518]}, "properties": {"id": "1836849", "name": "M883 (OECID: 0101359; BBL: 1005770019)", "use_type": "K-12 School", "dist_m": 836.0, "status": "excluded", "reason": "heat demand below 2 GWh/yr (too small for a street connection)", "heat_fuel_MWh": 375.0, "steam_MWh": 0.0, "gas_MWh": 375.0, "useful_demand_MWh": 319.0, "servable_share": 1.0, "heating_system": "hydronic_assumed", "nycha": false, "n_years": 3, "source": "LL84 (S01) via outputs/features/offtakers_features.csv"}}, {"type": "Feature", "geometry": {"type": "Point", "coordinates": [-73.993966, 40.743388]}, "properties": {"id": "21715481", "name": "Claret Commons Condo - 136-140 West 23rd St", "use_type": "Multifamily Housing", "dist_m": 773.0, "status": "excluded", "reason": "heat demand below 2 GWh/yr (too small for a street connection)", "heat_fuel_MWh": 375.0, "steam_MWh": 0.0, "gas_MWh": 53.0, "useful_demand_MWh": 318.0, "servable_share": 1.0, "heating_system": "hydronic_assumed", "nycha": false, "n_years": 3, "source": "LL84 (S01) via outputs/features/offtakers_features.csv"}}, {"type": "Feature", "geometry": {"type": "Point", "coordinates": [-74.000826, 40.74719]}, "properties": {"id": "6600340", "name": "AAG: 229 9th Ave", "use_type": "Multifamily Housing", "dist_m": 697.0, "status": "excluded", "reason": "heat demand below 2 GWh/yr (too small for a street connection)", "heat_fuel_MWh": 374.0, "steam_MWh": 0.0, "gas_MWh": 374.0, "useful_demand_MWh": 318.0, "servable_share": 1.0, "heating_system": "hydronic_assumed", "nycha": false, "n_years": 3, "source": "LL84 (S01) via outputs/features/offtakers_features.csv"}}, {"type": "Feature", "geometry": {"type": "Point", "coordinates": [-74.000599, 40.73805]}, "properties": {"id": "6352413", "name": "205 West 13th Street", "use_type": "Multifamily Housing", "dist_m": 406.0, "status": "excluded", "reason": "heat demand below 2 GWh/yr (too small for a street connection)", "heat_fuel_MWh": 373.0, "steam_MWh": 0.0, "gas_MWh": 373.0, "useful_demand_MWh": 317.0, "servable_share": 1.0, "heating_system": "hydronic_assumed", "nycha": false, "n_years": 2, "source": "LL84 (S01) via outputs/features/offtakers_features.csv"}}, {"type": "Feature", "geometry": {"type": "Point", "coordinates": [-73.99273533333333, 40.744562333333334]}, "properties": {"id": "20806186", "name": "125 West 25th St", "use_type": "Office", "dist_m": 960.0, "status": "excluded", "reason": "heat demand below 2 GWh/yr (too small for a street connection)", "heat_fuel_MWh": 371.0, "steam_MWh": 0.0, "gas_MWh": 371.0, "useful_demand_MWh": 315.0, "servable_share": 1.0, "heating_system": "hydronic_assumed", "nycha": false, "n_years": 3, "source": "LL84 (S01) via outputs/features/offtakers_features.csv"}}, {"type": "Feature", "geometry": {"type": "Point", "coordinates": [-73.995038, 40.741409]}, "properties": {"id": "55272692", "name": "121 West 20th Street", "use_type": "Multifamily Housing", "dist_m": 703.0, "status": "excluded", "reason": "insufficient data: only 1 year of LL84 records", "heat_fuel_MWh": 367.0, "steam_MWh": 0.0, "gas_MWh": 367.0, "useful_demand_MWh": 312.0, "servable_share": 1.0, "heating_system": "hydronic_assumed", "nycha": false, "n_years": 1, "source": "LL84 (S01) via outputs/features/offtakers_features.csv"}}, {"type": "Feature", "geometry": {"type": "Point", "coordinates": [-73.991744, 40.738596]}, "properties": {"id": "6773430", "name": "78 Fifth Avenue", "use_type": "Office", "dist_m": 980.0, "status": "excluded", "reason": "insufficient data: only 1 year of LL84 records", "heat_fuel_MWh": 364.0, "steam_MWh": 0.0, "gas_MWh": 364.0, "useful_demand_MWh": 310.0, "servable_share": 1.0, "heating_system": "hydronic_assumed", "nycha": false, "n_years": 1, "source": "LL84 (S01) via outputs/features/offtakers_features.csv"}}, {"type": "Feature", "geometry": {"type": "Point", "coordinates": [-74.000267, 40.738808]}, "properties": {"id": "14255509", "name": "209 West 14 Street", "use_type": "Multifamily Housing", "dist_m": 370.0, "status": "excluded", "reason": "heat demand below 2 GWh/yr (too small for a street connection)", "heat_fuel_MWh": 364.0, "steam_MWh": 0.0, "gas_MWh": 364.0, "useful_demand_MWh": 310.0, "servable_share": 1.0, "heating_system": "hydronic_assumed", "nycha": false, "n_years": 3, "source": "LL84 (S01) via outputs/features/offtakers_features.csv"}}, {"type": "Feature", "geometry": {"type": "Point", "coordinates": [-74.00681, 40.740668]}, "properties": {"id": "6600362", "name": "M. MEILMAN: 421 W 13TH ST", "use_type": "Manufacturing/Industrial Plant", "dist_m": 319.0, "status": "excluded", "reason": "heat demand below 2 GWh/yr (too small for a street connection)", "heat_fuel_MWh": 364.0, "steam_MWh": 0.0, "gas_MWh": 364.0, "useful_demand_MWh": 309.0, "servable_share": 1.0, "heating_system": "hydronic_assumed", "nycha": false, "n_years": 3, "source": "LL84 (S01) via outputs/features/offtakers_features.csv"}}, {"type": "Feature", "geometry": {"type": "Point", "coordinates": [-74.0069, 40.74562]}, "properties": {"id": "9640050", "name": "524 West 19th Street", "use_type": "Multifamily Housing", "dist_m": 586.0, "status": "excluded", "reason": "heat demand below 2 GWh/yr (too small for a street connection)", "heat_fuel_MWh": 364.0, "steam_MWh": 0.0, "gas_MWh": 364.0, "useful_demand_MWh": 309.0, "servable_share": 1.0, "heating_system": "hydronic_assumed", "nycha": false, "n_years": 3, "source": "LL84 (S01) via outputs/features/offtakers_features.csv"}}, {"type": "Feature", "geometry": {"type": "Point", "coordinates": [-74.006195, 40.734273]}, "properties": {"id": "5868058", "name": "The Kimberly Condominium", "use_type": "Multifamily Housing", "dist_m": 823.0, "status": "excluded", "reason": "insufficient data: only 1 year of LL84 records", "heat_fuel_MWh": 364.0, "steam_MWh": 0.0, "gas_MWh": 364.0, "useful_demand_MWh": 309.0, "servable_share": 1.0, "heating_system": "hydronic_assumed", "nycha": false, "n_years": 1, "source": "LL84 (S01) via outputs/features/offtakers_features.csv"}}, {"type": "Feature", "geometry": {"type": "Point", "coordinates": [-73.993025, 40.738264]}, "properties": {"id": "7523696", "name": "Loria: 15 West 17th Street", "use_type": "Multifamily Housing", "dist_m": 909.0, "status": "excluded", "reason": "insufficient data: only 1 year of LL84 records", "heat_fuel_MWh": 362.0, "steam_MWh": 0.0, "gas_MWh": 362.0, "useful_demand_MWh": 308.0, "servable_share": 1.0, "heating_system": "hydronic_assumed", "nycha": false, "n_years": 1, "source": "LL84 (S01) via outputs/features/offtakers_features.csv"}}, {"type": "Feature", "geometry": {"type": "Point", "coordinates": [-73.996597, 40.745373]}, "properties": {"id": "21815773", "name": "249-257 West 24th Street", "use_type": "Residential Care Facility", "dist_m": 712.0, "status": "excluded", "reason": "insufficient data: only 1 year of LL84 records", "heat_fuel_MWh": 360.0, "steam_MWh": 0.0, "gas_MWh": 21.0, "useful_demand_MWh": 306.0, "servable_share": 1.0, "heating_system": "hydronic_assumed", "nycha": false, "n_years": 1, "source": "LL84 (S01) via outputs/features/offtakers_features.csv"}}, {"type": "Feature", "geometry": {"type": "Point", "coordinates": [-73.993804, 40.74332]}, "properties": {"id": "24312274", "name": "The Board of Managers of 128 West 23rd Street Condo (128 W 23rd St)", "use_type": "Multifamily Housing", "dist_m": 794.0, "status": "excluded", "reason": "insufficient data: only 1 year of LL84 records", "heat_fuel_MWh": 360.0, "steam_MWh": 0.0, "gas_MWh": 360.0, "useful_demand_MWh": 306.0, "servable_share": 1.0, "heating_system": "hydronic_assumed", "nycha": false, "n_years": 1, "source": "LL84 (S01) via outputs/features/offtakers_features.csv"}}, {"type": "Feature", "geometry": {"type": "Point", "coordinates": [-73.996821, 40.739861]}, "properties": {"id": "44408395", "name": "JM - 135 W 17th street", "use_type": "Multifamily Housing", "dist_m": 551.0, "status": "excluded", "reason": "insufficient data: only 1 year of LL84 records", "heat_fuel_MWh": 357.0, "steam_MWh": 0.0, "gas_MWh": 357.0, "useful_demand_MWh": 304.0, "servable_share": 1.0, "heating_system": "hydronic_assumed", "nycha": false, "n_years": 1, "source": "LL84 (S01) via outputs/features/offtakers_features.csv"}}, {"type": "Feature", "geometry": {"type": "Point", "coordinates": [-73.998575, 40.737196]}, "properties": {"id": "6168896", "name": "141 West 13th Street", "use_type": "Multifamily Housing", "dist_m": 553.0, "status": "excluded", "reason": "heat demand below 2 GWh/yr (too small for a street connection)", "heat_fuel_MWh": 356.0, "steam_MWh": 0.0, "gas_MWh": 356.0, "useful_demand_MWh": 303.0, "servable_share": 1.0, "heating_system": "hydronic_assumed", "nycha": false, "n_years": 2, "source": "LL84 (S01) via outputs/features/offtakers_features.csv"}}, {"type": "Feature", "geometry": {"type": "Point", "coordinates": [-74.000718, 40.738102]}, "properties": {"id": "6382103", "name": "209 West 13th Street", "use_type": "Multifamily Housing", "dist_m": 392.0, "status": "excluded", "reason": "heat demand below 2 GWh/yr (too small for a street connection)", "heat_fuel_MWh": 356.0, "steam_MWh": 0.0, "gas_MWh": 356.0, "useful_demand_MWh": 302.0, "servable_share": 1.0, "heating_system": "hydronic_assumed", "nycha": false, "n_years": 3, "source": "LL84 (S01) via outputs/features/offtakers_features.csv"}}, {"type": "Feature", "geometry": {"type": "Point", "coordinates": [-73.998849, 40.734583]}, "properties": {"id": "24896821", "name": "434 6th Avenue", "use_type": "Fitness Center/Health Club/Gym", "dist_m": 856.0, "status": "excluded", "reason": "heat demand below 2 GWh/yr (too small for a street connection)", "heat_fuel_MWh": 352.0, "steam_MWh": 0.0, "gas_MWh": 352.0, "useful_demand_MWh": 299.0, "servable_share": 1.0, "heating_system": "hydronic_assumed", "nycha": false, "n_years": 2, "source": "LL84 (S01) via outputs/features/offtakers_features.csv"}}, {"type": "Feature", "geometry": {"type": "Point", "coordinates": [-74.001443, 40.734638]}, "properties": {"id": "6382100", "name": "190 Waverly Place", "use_type": "Multifamily Housing", "dist_m": 755.0, "status": "excluded", "reason": "heat demand below 2 GWh/yr (too small for a street connection)", "heat_fuel_MWh": 350.0, "steam_MWh": 0.0, "gas_MWh": 350.0, "useful_demand_MWh": 297.0, "servable_share": 1.0, "heating_system": "hydronic_assumed", "nycha": false, "n_years": 3, "source": "LL84 (S01) via outputs/features/offtakers_features.csv"}}, {"type": "Feature", "geometry": {"type": "Point", "coordinates": [-74.007516, 40.734943]}, "properties": {"id": "20579817", "name": "131 PERRY ST : 131 Perry Street", "use_type": "Multifamily Housing", "dist_m": 788.0, "status": "excluded", "reason": "heat demand below 2 GWh/yr (too small for a street connection)", "heat_fuel_MWh": 348.0, "steam_MWh": 0.0, "gas_MWh": 348.0, "useful_demand_MWh": 296.0, "servable_share": 1.0, "heating_system": "hydronic_assumed", "nycha": false, "n_years": 2, "source": "LL84 (S01) via outputs/features/offtakers_features.csv"}}, {"type": "Feature", "geometry": {"type": "Point", "coordinates": [-74.006395, 40.745425]}, "properties": {"id": "26565549", "name": "505 West 19th Street", "use_type": "Multifamily Housing", "dist_m": 540.0, "status": "excluded", "reason": "insufficient data: only 1 year of LL84 records", "heat_fuel_MWh": 345.0, "steam_MWh": 0.0, "gas_MWh": 345.0, "useful_demand_MWh": 293.0, "servable_share": 1.0, "heating_system": "hydronic_assumed", "nycha": false, "n_years": 1, "source": "LL84 (S01) via outputs/features/offtakers_features.csv"}}, {"type": "Feature", "geometry": {"type": "Point", "coordinates": [-73.991527, 40.739911]}, "properties": {"id": "6250162", "name": "6 West 20th Street", "use_type": "Multifamily Housing", "dist_m": 965.0, "status": "excluded", "reason": "insufficient data: only 1 year of LL84 records", "heat_fuel_MWh": 345.0, "steam_MWh": 338.0, "gas_MWh": 7.0, "useful_demand_MWh": 266.0, "servable_share": 0.3, "heating_system": "steam_radiators", "nycha": false, "n_years": 1, "source": "LL84 (S01) via outputs/features/offtakers_features.csv"}}, {"type": "Feature", "geometry": {"type": "Point", "coordinates": [-74.002616, 40.739782]}, "properties": {"id": "15745500", "name": "Cornerstone: 300 W 14", "use_type": "Multifamily Housing", "dist_m": 189.0, "status": "excluded", "reason": "heat demand below 2 GWh/yr (too small for a street connection)", "heat_fuel_MWh": 339.0, "steam_MWh": 0.0, "gas_MWh": 339.0, "useful_demand_MWh": 288.0, "servable_share": 1.0, "heating_system": "hydronic_assumed", "nycha": false, "n_years": 3, "source": "LL84 (S01) via outputs/features/offtakers_features.csv"}}, {"type": "Feature", "geometry": {"type": "Point", "coordinates": [-74.004829, 40.748845]}, "properties": {"id": "30731787", "name": "523 West 24 Street", "use_type": "Office", "dist_m": 855.0, "status": "excluded", "reason": "heat demand below 2 GWh/yr (too small for a street connection)", "heat_fuel_MWh": 337.0, "steam_MWh": 0.0, "gas_MWh": 337.0, "useful_demand_MWh": 286.0, "servable_share": 1.0, "heating_system": "hydronic_assumed", "nycha": false, "n_years": 2, "source": "LL84 (S01) via outputs/features/offtakers_features.csv"}}, {"type": "Feature", "geometry": {"type": "Point", "coordinates": [-73.993724, 40.743287]}, "properties": {"id": "5990066", "name": "Halstead - 124 West 23rd Street", "use_type": "Multifamily Housing", "dist_m": 805.0, "status": "excluded", "reason": "heat demand below 2 GWh/yr (too small for a street connection)", "heat_fuel_MWh": 336.0, "steam_MWh": 0.0, "gas_MWh": 336.0, "useful_demand_MWh": 286.0, "servable_share": 1.0, "heating_system": "hydronic_assumed", "nycha": false, "n_years": 2, "source": "LL84 (S01) via outputs/features/offtakers_features.csv"}}, {"type": "Feature", "geometry": {"type": "Point", "coordinates": [-73.99458766666667, 40.73642133333333]}, "properties": {"id": "3962142", "name": "25 West 14th Street", "use_type": "Retail Store", "dist_m": 876.0, "status": "excluded", "reason": "heat demand below 2 GWh/yr (too small for a street connection)", "heat_fuel_MWh": 336.0, "steam_MWh": 0.0, "gas_MWh": 336.0, "useful_demand_MWh": 285.0, "servable_share": 1.0, "heating_system": "hydronic_assumed", "nycha": false, "n_years": 3, "source": "LL84 (S01) via outputs/features/offtakers_features.csv"}}, {"type": "Feature", "geometry": {"type": "Point", "coordinates": [-74.007214, 40.74172]}, "properties": {"id": "12077431", "name": "ROBERTO LOPEZ", "use_type": "Office", "dist_m": 353.0, "status": "excluded", "reason": "heat demand below 2 GWh/yr (too small for a street connection)", "heat_fuel_MWh": 332.0, "steam_MWh": 0.0, "gas_MWh": 332.0, "useful_demand_MWh": 282.0, "servable_share": 1.0, "heating_system": "hydronic_assumed", "nycha": false, "n_years": 2, "source": "LL84 (S01) via outputs/features/offtakers_features.csv"}}, {"type": "Feature", "geometry": {"type": "Point", "coordinates": [-73.995255, 40.742269]}, "properties": {"id": "20965431", "name": "Lalezarian Properties LLC : 155 WEST 21 STREET", "use_type": "Multifamily Housing", "dist_m": 646.0, "status": "excluded", "reason": "heat demand below 2 GWh/yr (too small for a street connection)", "heat_fuel_MWh": 331.0, "steam_MWh": 0.0, "gas_MWh": 331.0, "useful_demand_MWh": 282.0, "servable_share": 1.0, "heating_system": "hydronic_assumed", "nycha": false, "n_years": 3, "source": "LL84 (S01) via outputs/features/offtakers_features.csv"}}, {"type": "Feature", "geometry": {"type": "Point", "coordinates": [-74.009941, 40.737857]}, "properties": {"id": "6682172", "name": "495 West Street", "use_type": "Multifamily Housing", "dist_m": 659.0, "status": "excluded", "reason": "heat demand below 2 GWh/yr (too small for a street connection)", "heat_fuel_MWh": 331.0, "steam_MWh": 0.0, "gas_MWh": 331.0, "useful_demand_MWh": 281.0, "servable_share": 1.0, "heating_system": "hydronic_assumed", "nycha": false, "n_years": 2, "source": "LL84 (S01) via outputs/features/offtakers_features.csv"}}, {"type": "Feature", "geometry": {"type": "Point", "coordinates": [-74.007516, 40.734943]}, "properties": {"id": "44408194", "name": "JM - 131 Perry Street", "use_type": "Multifamily Housing", "dist_m": 788.0, "status": "excluded", "reason": "insufficient data: only 1 year of LL84 records", "heat_fuel_MWh": 330.0, "steam_MWh": 0.0, "gas_MWh": 330.0, "useful_demand_MWh": 281.0, "servable_share": 1.0, "heating_system": "hydronic_assumed", "nycha": false, "n_years": 1, "source": "LL84 (S01) via outputs/features/offtakers_features.csv"}}, {"type": "Feature", "geometry": {"type": "Point", "coordinates": [-73.996878, 40.744626]}, "properties": {"id": "9469621", "name": "23rd Street: 241 W 23", "use_type": "Multifamily Housing", "dist_m": 663.0, "status": "excluded", "reason": "heat demand below 2 GWh/yr (too small for a street connection)", "heat_fuel_MWh": 329.0, "steam_MWh": 0.0, "gas_MWh": 329.0, "useful_demand_MWh": 280.0, "servable_share": 1.0, "heating_system": "hydronic_assumed", "nycha": false, "n_years": 3, "source": "LL84 (S01) via outputs/features/offtakers_features.csv"}}, {"type": "Feature", "geometry": {"type": "Point", "coordinates": [-74.004695, 40.748771]}, "properties": {"id": "20662119", "name": "AKAM - 514 West 24th Street", "use_type": "Multifamily Housing", "dist_m": 815.0, "status": "excluded", "reason": "heat demand below 2 GWh/yr (too small for a street connection)", "heat_fuel_MWh": 327.0, "steam_MWh": 0.0, "gas_MWh": 327.0, "useful_demand_MWh": 278.0, "servable_share": 1.0, "heating_system": "hydronic_assumed", "nycha": false, "n_years": 2, "source": "LL84 (S01) via outputs/features/offtakers_features.csv"}}, {"type": "Feature", "geometry": {"type": "Point", "coordinates": [-73.992231, 40.740207]}, "properties": {"id": "2646584", "name": "3620 Company (BBL) 1008210064 (BIN) 1015484", "use_type": "Office", "dist_m": 858.0, "status": "excluded", "reason": "heat demand below 2 GWh/yr (too small for a street connection)", "heat_fuel_MWh": 321.0, "steam_MWh": 0.0, "gas_MWh": 2.0, "useful_demand_MWh": 273.0, "servable_share": 1.0, "heating_system": "hydronic_assumed", "nycha": false, "n_years": 3, "source": "LL84 (S01) via outputs/features/offtakers_features.csv"}}, {"type": "Feature", "geometry": {"type": "Point", "coordinates": [-74.000898, 40.733345]}, "properties": {"id": "6811135", "name": "Century - 147 Waverly Place", "use_type": "Multifamily Housing", "dist_m": 894.0, "status": "excluded", "reason": "heat demand below 2 GWh/yr (too small for a street connection)", "heat_fuel_MWh": 321.0, "steam_MWh": 0.0, "gas_MWh": 321.0, "useful_demand_MWh": 273.0, "servable_share": 1.0, "heating_system": "hydronic_assumed", "nycha": false, "n_years": 2, "source": "LL84 (S01) via outputs/features/offtakers_features.csv"}}, {"type": "Feature", "geometry": {"type": "Point", "coordinates": [-73.995666, 40.740904]}, "properties": {"id": "55096192", "name": "MILTAN MANAGEMENT CORP:133 WEST 19 STREET", "use_type": "Office", "dist_m": 618.0, "status": "excluded", "reason": "insufficient data: only 1 year of LL84 records", "heat_fuel_MWh": 320.0, "steam_MWh": 0.0, "gas_MWh": 0.0, "useful_demand_MWh": 272.0, "servable_share": 1.0, "heating_system": "hydronic_assumed", "nycha": false, "n_years": 1, "source": "LL84 (S01) via outputs/features/offtakers_features.csv"}}, {"type": "Feature", "geometry": {"type": "Point", "coordinates": [-73.992332, 40.73948]}, "properties": {"id": "20652431", "name": "22 West 19th Street", "use_type": "Office", "dist_m": 896.0, "status": "excluded", "reason": "heat demand below 2 GWh/yr (too small for a street connection)", "heat_fuel_MWh": 319.0, "steam_MWh": 0.0, "gas_MWh": 319.0, "useful_demand_MWh": 272.0, "servable_share": 1.0, "heating_system": "hydronic_assumed", "nycha": false, "n_years": 3, "source": "LL84 (S01) via outputs/features/offtakers_features.csv"}}, {"type": "Feature", "geometry": {"type": "Point", "coordinates": [-73.994389, 40.736321]}, "properties": {"id": "6078748", "name": "14 West 14th Street Condominium (14 West 14th Street)", "use_type": "Multifamily Housing", "dist_m": 918.0, "status": "excluded", "reason": "insufficient data: only 1 year of LL84 records", "heat_fuel_MWh": 318.0, "steam_MWh": 0.0, "gas_MWh": 318.0, "useful_demand_MWh": 271.0, "servable_share": 1.0, "heating_system": "hydronic_assumed", "nycha": false, "n_years": 1, "source": "LL84 (S01) via outputs/features/offtakers_features.csv"}}, {"type": "Feature", "geometry": {"type": "Point", "coordinates": [-74.002493, 40.737638]}, "properties": {"id": "33541056", "name": "Halstead - 247 West 12th Street NY, NY 10014", "use_type": "Multifamily Housing", "dist_m": 389.0, "status": "excluded", "reason": "insufficient data: only 1 year of LL84 records", "heat_fuel_MWh": 318.0, "steam_MWh": 0.0, "gas_MWh": 318.0, "useful_demand_MWh": 270.0, "servable_share": 1.0, "heating_system": "hydronic_assumed", "nycha": false, "n_years": 1, "source": "LL84 (S01) via outputs/features/offtakers_features.csv"}}, {"type": "Feature", "geometry": {"type": "Point", "coordinates": [-73.997875, 40.7387]}, "properties": {"id": "10773088", "name": "Hope for Families and Children Foundation", "use_type": "Office", "dist_m": 521.0, "status": "excluded", "reason": "heat demand below 2 GWh/yr (too small for a street connection)", "heat_fuel_MWh": 314.0, "steam_MWh": 0.0, "gas_MWh": 46.0, "useful_demand_MWh": 267.0, "servable_share": 1.0, "heating_system": "hydronic_assumed", "nycha": false, "n_years": 3, "source": "LL84 (S01) via outputs/features/offtakers_features.csv"}}, {"type": "Feature", "geometry": {"type": "Point", "coordinates": [-73.993562, 40.743218]}, "properties": {"id": "2829947", "name": "Majestic Rayon: 116 West 23rd Street", "use_type": "Retail Store", "dist_m": 828.0, "status": "excluded", "reason": "insufficient data: only 1 year of LL84 records", "heat_fuel_MWh": 312.0, "steam_MWh": 0.0, "gas_MWh": 312.0, "useful_demand_MWh": 265.0, "servable_share": 1.0, "heating_system": "hydronic_assumed", "nycha": false, "n_years": 1, "source": "LL84 (S01) via outputs/features/offtakers_features.csv"}}, {"type": "Feature", "geometry": {"type": "Point", "coordinates": [-73.992588, 40.739609]}, "properties": {"id": "4410715", "name": "33 West 19th Street - 41708", "use_type": "Office", "dist_m": 881.0, "status": "excluded", "reason": "insufficient data: only 1 year of LL84 records", "heat_fuel_MWh": 312.0, "steam_MWh": 0.0, "gas_MWh": 312.0, "useful_demand_MWh": 265.0, "servable_share": 1.0, "heating_system": "hydronic_assumed", "nycha": false, "n_years": 1, "source": "LL84 (S01) via outputs/features/offtakers_features.csv"}}, {"type": "Feature", "geometry": {"type": "Point", "coordinates": [-73.999065, 40.734323]}, "properties": {"id": "21355487", "name": "NYPL_4611_Jefferson Market Branch Library", "use_type": "Library", "dist_m": 828.0, "status": "excluded", "reason": "heat demand below 2 GWh/yr (too small for a street connection)", "heat_fuel_MWh": 310.0, "steam_MWh": 0.0, "gas_MWh": 310.0, "useful_demand_MWh": 264.0, "servable_share": 1.0, "heating_system": "hydronic_assumed", "nycha": false, "n_years": 3, "source": "LL84 (S01) via outputs/features/offtakers_features.csv"}}, {"type": "Feature", "geometry": {"type": "Point", "coordinates": [-74.006428, 40.746202]}, "properties": {"id": "6333453", "name": "Eagle Point - 513-519 West 20th Street", "use_type": "Office", "dist_m": 613.0, "status": "excluded", "reason": "heat demand below 2 GWh/yr (too small for a street connection)", "heat_fuel_MWh": 309.0, "steam_MWh": 0.0, "gas_MWh": 0.0, "useful_demand_MWh": 263.0, "servable_share": 1.0, "heating_system": "hydronic_assumed", "nycha": false, "n_years": 3, "source": "LL84 (S01) via outputs/features/offtakers_features.csv"}}, {"type": "Feature", "geometry": {"type": "Point", "coordinates": [-74.005943, 40.733142]}, "properties": {"id": "24896802", "name": "125 Christopher Street", "use_type": "Multifamily Housing", "dist_m": 928.0, "status": "excluded", "reason": "heat demand below 2 GWh/yr (too small for a street connection)", "heat_fuel_MWh": 308.0, "steam_MWh": 0.0, "gas_MWh": 308.0, "useful_demand_MWh": 262.0, "servable_share": 1.0, "heating_system": "hydronic_assumed", "nycha": false, "n_years": 2, "source": "LL84 (S01) via outputs/features/offtakers_features.csv"}}, {"type": "Feature", "geometry": {"type": "Point", "coordinates": [-73.992519, 40.738802]}, "properties": {"id": "43061592", "name": "JM - 12 W 18th Street", "use_type": "Multifamily Housing", "dist_m": 901.0, "status": "excluded", "reason": "insufficient data: only 1 year of LL84 records", "heat_fuel_MWh": 304.0, "steam_MWh": 0.0, "gas_MWh": 304.0, "useful_demand_MWh": 258.0, "servable_share": 1.0, "heating_system": "hydronic_assumed", "nycha": false, "n_years": 1, "source": "LL84 (S01) via outputs/features/offtakers_features.csv"}}, {"type": "Feature", "geometry": {"type": "Point", "coordinates": [-73.995175, 40.742233]}, "properties": {"id": "4952798", "name": "AKAM - 151 West 21st Street", "use_type": "Multifamily Housing", "dist_m": 666.0, "status": "excluded", "reason": "heat demand below 2 GWh/yr (too small for a street connection)", "heat_fuel_MWh": 298.0, "steam_MWh": 0.0, "gas_MWh": 298.0, "useful_demand_MWh": 253.0, "servable_share": 1.0, "heating_system": "hydronic_assumed", "nycha": false, "n_years": 2, "source": "LL84 (S01) via outputs/features/offtakers_features.csv"}}, {"type": "Feature", "geometry": {"type": "Point", "coordinates": [-74.005074, 40.748079]}, "properties": {"id": "6667546", "name": "AKAM - 515 West 23rd Street", "use_type": "Multifamily Housing", "dist_m": 770.0, "status": "excluded", "reason": "heat demand below 2 GWh/yr (too small for a street connection)", "heat_fuel_MWh": 292.0, "steam_MWh": 0.0, "gas_MWh": 292.0, "useful_demand_MWh": 248.0, "servable_share": 1.0, "heating_system": "hydronic_assumed", "nycha": false, "n_years": 2, "source": "LL84 (S01) via outputs/features/offtakers_features.csv"}}, {"type": "Feature", "geometry": {"type": "Point", "coordinates": [-74.0042, 40.739571]}, "properties": {"id": "6225126", "name": "321 WEST 13th   STREET - 40440", "use_type": "Multifamily Housing", "dist_m": 193.0, "status": "excluded", "reason": "insufficient data: only 1 year of LL84 records", "heat_fuel_MWh": 290.0, "steam_MWh": 0.0, "gas_MWh": 290.0, "useful_demand_MWh": 246.0, "servable_share": 1.0, "heating_system": "hydronic_assumed", "nycha": false, "n_years": 1, "source": "LL84 (S01) via outputs/features/offtakers_features.csv"}}, {"type": "Feature", "geometry": {"type": "Point", "coordinates": [-74.005135, 40.74413]}, "properties": {"id": "6811976", "name": "AKAM - 447 West 18th Street", "use_type": "Multifamily Housing", "dist_m": 401.0, "status": "excluded", "reason": "heat demand below 2 GWh/yr (too small for a street connection)", "heat_fuel_MWh": 289.0, "steam_MWh": 0.0, "gas_MWh": 289.0, "useful_demand_MWh": 246.0, "servable_share": 1.0, "heating_system": "hydronic_assumed", "nycha": false, "n_years": 2, "source": "LL84 (S01) via outputs/features/offtakers_features.csv"}}, {"type": "Feature", "geometry": {"type": "Point", "coordinates": [-73.993277, 40.738349]}, "properties": {"id": "2539063", "name": "Winter Management - 26 WEST 17 STREET", "use_type": "Office", "dist_m": 848.0, "status": "excluded", "reason": "heat demand below 2 GWh/yr (too small for a street connection)", "heat_fuel_MWh": 289.0, "steam_MWh": 0.0, "gas_MWh": 0.0, "useful_demand_MWh": 246.0, "servable_share": 1.0, "heating_system": "hydronic_assumed", "nycha": false, "n_years": 2, "source": "LL84 (S01) via outputs/features/offtakers_features.csv"}}, {"type": "Feature", "geometry": {"type": "Point", "coordinates": [-73.994898, 40.73743]}, "properties": {"id": "20313612", "name": "CFA - 40 West 15th Street", "use_type": "Multifamily Housing", "dist_m": 815.0, "status": "excluded", "reason": "heat demand below 2 GWh/yr (too small for a street connection)", "heat_fuel_MWh": 289.0, "steam_MWh": 0.0, "gas_MWh": 10.0, "useful_demand_MWh": 246.0, "servable_share": 1.0, "heating_system": "hydronic_assumed", "nycha": false, "n_years": 2, "source": "LL84 (S01) via outputs/features/offtakers_features.csv"}}, {"type": "Feature", "geometry": {"type": "Point", "coordinates": [-73.998907, 40.744733]}, "properties": {"id": "22009022", "name": "237 8th Ave", "use_type": "Multifamily Housing", "dist_m": 524.0, "status": "excluded", "reason": "heat demand below 2 GWh/yr (too small for a street connection)", "heat_fuel_MWh": 289.0, "steam_MWh": 0.0, "gas_MWh": 14.0, "useful_demand_MWh": 245.0, "servable_share": 1.0, "heating_system": "hydronic_assumed", "nycha": false, "n_years": 2, "source": "LL84 (S01) via outputs/features/offtakers_features.csv"}}, {"type": "Feature", "geometry": {"type": "Point", "coordinates": [-74.006456, 40.74052]}, "properties": {"id": "11922380", "name": "MacArthur - 411-417 West 13th Street", "use_type": "Office", "dist_m": 283.0, "status": "excluded", "reason": "heat demand below 2 GWh/yr (too small for a street connection)", "heat_fuel_MWh": 286.0, "steam_MWh": 0.0, "gas_MWh": 286.0, "useful_demand_MWh": 243.0, "servable_share": 1.0, "heating_system": "hydronic_assumed", "nycha": false, "n_years": 2, "source": "LL84 (S01) via outputs/features/offtakers_features.csv"}}, {"type": "Feature", "geometry": {"type": "Point", "coordinates": [-74.006254, 40.739721]}, "properties": {"id": "20805153", "name": "URA Group - 2 9th Ave", "use_type": "Office", "dist_m": 296.0, "status": "excluded", "reason": "insufficient data: only 1 year of LL84 records", "heat_fuel_MWh": 283.0, "steam_MWh": 0.0, "gas_MWh": 283.0, "useful_demand_MWh": 241.0, "servable_share": 1.0, "heating_system": "hydronic_assumed", "nycha": false, "n_years": 1, "source": "LL84 (S01) via outputs/features/offtakers_features.csv"}}, {"type": "Feature", "geometry": {"type": "Point", "coordinates": [-73.995359, 40.741525]}, "properties": {"id": "6687349", "name": "Halstead - 130 West 20th Street", "use_type": "Multifamily Housing", "dist_m": 630.0, "status": "excluded", "reason": "heat demand below 2 GWh/yr (too small for a street connection)", "heat_fuel_MWh": 283.0, "steam_MWh": 0.0, "gas_MWh": 283.0, "useful_demand_MWh": 241.0, "servable_share": 1.0, "heating_system": "hydronic_assumed", "nycha": false, "n_years": 2, "source": "LL84 (S01) via outputs/features/offtakers_features.csv"}}, {"type": "Feature", "geometry": {"type": "Point", "coordinates": [-74.004706, 40.744695]}, "properties": {"id": "2679751", "name": "DEPM 7628 - 444 West 19th St", "use_type": "Multifamily Housing", "dist_m": 395.0, "status": "excluded", "reason": "heat demand below 2 GWh/yr (too small for a street connection)", "heat_fuel_MWh": 283.0, "steam_MWh": 0.0, "gas_MWh": 283.0, "useful_demand_MWh": 240.0, "servable_share": 1.0, "heating_system": "hydronic_assumed", "nycha": false, "n_years": 2, "source": "LL84 (S01) via outputs/features/offtakers_features.csv"}}, {"type": "Feature", "geometry": {"type": "Point", "coordinates": [-73.996792, 40.739063]}, "properties": {"id": "19398456", "name": "124 West 16th Street", "use_type": "Multifamily Housing", "dist_m": 567.0, "status": "excluded", "reason": "insufficient data: only 1 year of LL84 records", "heat_fuel_MWh": 282.0, "steam_MWh": 0.0, "gas_MWh": 282.0, "useful_demand_MWh": 240.0, "servable_share": 1.0, "heating_system": "hydronic_assumed", "nycha": false, "n_years": 1, "source": "LL84 (S01) via outputs/features/offtakers_features.csv"}}, {"type": "Feature", "geometry": {"type": "Point", "coordinates": [-73.991744, 40.738596]}, "properties": {"id": "4407826", "name": "Olnick - ROC Fifth Avenue Associates LLC", "use_type": "Office", "dist_m": 982.0, "status": "excluded", "reason": "heat demand below 2 GWh/yr (too small for a street connection)", "heat_fuel_MWh": 280.0, "steam_MWh": 0.0, "gas_MWh": 1.0, "useful_demand_MWh": 238.0, "servable_share": 1.0, "heating_system": "hydronic_assumed", "nycha": false, "n_years": 2, "source": "LL84 (S01) via outputs/features/offtakers_features.csv"}}, {"type": "Feature", "geometry": {"type": "Point", "coordinates": [-74.007877, 40.734877]}, "properties": {"id": "6282457", "name": "Andrews: 140 Perry Street", "use_type": "Multifamily Housing", "dist_m": 844.0, "status": "excluded", "reason": "insufficient data: only 1 year of LL84 records", "heat_fuel_MWh": 280.0, "steam_MWh": 0.0, "gas_MWh": 280.0, "useful_demand_MWh": 238.0, "servable_share": 1.0, "heating_system": "hydronic_assumed", "nycha": false, "n_years": 1, "source": "LL84 (S01) via outputs/features/offtakers_features.csv"}}, {"type": "Feature", "geometry": {"type": "Point", "coordinates": [-73.993915, 40.74425]}, "properties": {"id": "36340942", "name": "159 West 24th Street", "use_type": "Multifamily Housing", "dist_m": 821.0, "status": "excluded", "reason": "insufficient data: only 1 year of LL84 records", "heat_fuel_MWh": 277.0, "steam_MWh": 0.0, "gas_MWh": 277.0, "useful_demand_MWh": 236.0, "servable_share": 1.0, "heating_system": "hydronic_assumed", "nycha": false, "n_years": 1, "source": "LL84 (S01) via outputs/features/offtakers_features.csv"}}, {"type": "Feature", "geometry": {"type": "Point", "coordinates": [-73.997474, 40.737619]}, "properties": {"id": "31999717", "name": "110 West 14th Street", "use_type": "Multifamily Housing", "dist_m": 641.0, "status": "excluded", "reason": "heat demand below 2 GWh/yr (too small for a street connection)", "heat_fuel_MWh": 277.0, "steam_MWh": 0.0, "gas_MWh": 18.0, "useful_demand_MWh": 235.0, "servable_share": 1.0, "heating_system": "hydronic_assumed", "nycha": false, "n_years": 2, "source": "LL84 (S01) via outputs/features/offtakers_features.csv"}}, {"type": "Feature", "geometry": {"type": "Point", "coordinates": [-73.993356, 40.743995]}, "properties": {"id": "6772501", "name": "130 West 24th Street", "use_type": "Multifamily Housing", "dist_m": 836.0, "status": "excluded", "reason": "heat demand below 2 GWh/yr (too small for a street connection)", "heat_fuel_MWh": 275.0, "steam_MWh": 0.0, "gas_MWh": 0.0, "useful_demand_MWh": 234.0, "servable_share": 1.0, "heating_system": "hydronic_assumed", "nycha": false, "n_years": 2, "source": "LL84 (S01) via outputs/features/offtakers_features.csv"}}, {"type": "Feature", "geometry": {"type": "Point", "coordinates": [-74.003962, 40.74035]}, "properties": {"id": "7968700", "name": "The Ruth Associates, LLC - 344 W 14", "use_type": "Office", "dist_m": 167.0, "status": "excluded", "reason": "heat demand below 2 GWh/yr (too small for a street connection)", "heat_fuel_MWh": 275.0, "steam_MWh": 0.0, "gas_MWh": 275.0, "useful_demand_MWh": 234.0, "servable_share": 1.0, "heating_system": "hydronic_assumed", "nycha": false, "n_years": 3, "source": "LL84 (S01) via outputs/features/offtakers_features.csv"}}, {"type": "Feature", "geometry": {"type": "Point", "coordinates": [-74.000429, 40.734614]}, "properties": {"id": "52667993", "name": "MQ Property Management:134 WEST 10 STREET", "use_type": "Multifamily Housing", "dist_m": 819.0, "status": "excluded", "reason": "insufficient data: only 1 year of LL84 records", "heat_fuel_MWh": 275.0, "steam_MWh": 0.0, "gas_MWh": 275.0, "useful_demand_MWh": 233.0, "servable_share": 1.0, "heating_system": "hydronic_assumed", "nycha": false, "n_years": 1, "source": "LL84 (S01) via outputs/features/offtakers_features.csv"}}, {"type": "Feature", "geometry": {"type": "Point", "coordinates": [-74.000429, 40.734614]}, "properties": {"id": "7463970", "name": "The Jefferson Court Condominium", "use_type": "Multifamily Housing", "dist_m": 819.0, "status": "excluded", "reason": "heat demand below 2 GWh/yr (too small for a street connection)", "heat_fuel_MWh": 274.0, "steam_MWh": 0.0, "gas_MWh": 274.0, "useful_demand_MWh": 233.0, "servable_share": 1.0, "heating_system": "hydronic_assumed", "nycha": false, "n_years": 2, "source": "LL84 (S01) via outputs/features/offtakers_features.csv"}}, {"type": "Feature", "geometry": {"type": "Point", "coordinates": [-73.99654, 40.734671]}, "properties": {"id": "33193046", "name": "45 West 11th Street", "use_type": "Multifamily Housing", "dist_m": 896.0, "status": "excluded", "reason": "heat demand below 2 GWh/yr (too small for a street connection)", "heat_fuel_MWh": 266.0, "steam_MWh": 0.0, "gas_MWh": 266.0, "useful_demand_MWh": 226.0, "servable_share": 1.0, "heating_system": "hydronic_assumed", "nycha": false, "n_years": 2, "source": "LL84 (S01) via outputs/features/offtakers_features.csv"}}, {"type": "Feature", "geometry": {"type": "Point", "coordinates": [-73.994482, 40.741945]}, "properties": {"id": "30833286", "name": "117 West 21 Street", "use_type": "Multifamily Housing", "dist_m": 742.0, "status": "excluded", "reason": "insufficient data: only 1 year of LL84 records", "heat_fuel_MWh": 265.0, "steam_MWh": 0.0, "gas_MWh": 265.0, "useful_demand_MWh": 225.0, "servable_share": 1.0, "heating_system": "hydronic_assumed", "nycha": false, "n_years": 1, "source": "LL84 (S01) via outputs/features/offtakers_features.csv"}}, {"type": "Feature", "geometry": {"type": "Point", "coordinates": [-73.999931, 40.745894]}, "properties": {"id": "6294587", "name": "350 West 23rd Street", "use_type": "Multifamily Housing", "dist_m": 549.0, "status": "excluded", "reason": "heat demand below 2 GWh/yr (too small for a street connection)", "heat_fuel_MWh": 264.0, "steam_MWh": 0.0, "gas_MWh": 264.0, "useful_demand_MWh": 225.0, "servable_share": 1.0, "heating_system": "hydronic_assumed", "nycha": false, "n_years": 3, "source": "LL84 (S01) via outputs/features/offtakers_features.csv"}}, {"type": "Feature", "geometry": {"type": "Point", "coordinates": [-73.995829, 40.736024]}, "properties": {"id": "16756678", "name": "54 WEST 13 STREET", "use_type": "Hotel", "dist_m": 801.0, "status": "excluded", "reason": "heat demand below 2 GWh/yr (too small for a street connection)", "heat_fuel_MWh": 260.0, "steam_MWh": 0.0, "gas_MWh": 260.0, "useful_demand_MWh": 221.0, "servable_share": 1.0, "heating_system": "hydronic_assumed", "nycha": false, "n_years": 3, "source": "LL84 (S01) via outputs/features/offtakers_features.csv"}}, {"type": "Feature", "geometry": {"type": "Point", "coordinates": [-73.999682, 40.741066]}, "properties": {"id": "4123405", "name": "249 West 17th Street", "use_type": "Office", "dist_m": 280.0, "status": "excluded", "reason": "insufficient data: only 1 year of LL84 records", "heat_fuel_MWh": 259.0, "steam_MWh": 0.0, "gas_MWh": 259.0, "useful_demand_MWh": 220.0, "servable_share": 1.0, "heating_system": "hydronic_assumed", "nycha": false, "n_years": 1, "source": "LL84 (S01) via outputs/features/offtakers_features.csv"}}, {"type": "Feature", "geometry": {"type": "Point", "coordinates": [-74.003288, 40.750602]}, "properties": {"id": "6664912", "name": "Cahn: 510 West 27th St", "use_type": "Manufacturing/Industrial Plant", "dist_m": 998.0, "status": "excluded", "reason": "heat demand below 2 GWh/yr (too small for a street connection)", "heat_fuel_MWh": 259.0, "steam_MWh": 0.0, "gas_MWh": 259.0, "useful_demand_MWh": 220.0, "servable_share": 1.0, "heating_system": "hydronic_assumed", "nycha": false, "n_years": 3, "source": "LL84 (S01) via outputs/features/offtakers_features.csv"}}, {"type": "Feature", "geometry": {"type": "Point", "coordinates": [-73.998145, 40.742697]}, "properties": {"id": "21355392", "name": "NYPD_4434_10th Precinct", "use_type": "Police Station", "dist_m": 411.0, "status": "excluded", "reason": "heat demand below 2 GWh/yr (too small for a street connection)", "heat_fuel_MWh": 258.0, "steam_MWh": 0.0, "gas_MWh": 16.0, "useful_demand_MWh": 219.0, "servable_share": 1.0, "heating_system": "hydronic_assumed", "nycha": false, "n_years": 3, "source": "LL84 (S01) via outputs/features/offtakers_features.csv"}}, {"type": "Feature", "geometry": {"type": "Point", "coordinates": [-73.991884, 40.740078]}, "properties": {"id": "12771968", "name": "Rudd: 21 West 20th Street", "use_type": "Multifamily Housing", "dist_m": 917.0, "status": "excluded", "reason": "heat demand below 2 GWh/yr (too small for a street connection)", "heat_fuel_MWh": 258.0, "steam_MWh": 0.0, "gas_MWh": 258.0, "useful_demand_MWh": 219.0, "servable_share": 1.0, "heating_system": "hydronic_assumed", "nycha": false, "n_years": 3, "source": "LL84 (S01) via outputs/features/offtakers_features.csv"}}, {"type": "Feature", "geometry": {"type": "Point", "coordinates": [-73.996207, 40.739582]}, "properties": {"id": "6309410", "name": "114 W 17th Condominium Association", "use_type": "Multifamily Housing", "dist_m": 596.0, "status": "excluded", "reason": "heat demand below 2 GWh/yr (too small for a street connection)", "heat_fuel_MWh": 257.0, "steam_MWh": 0.0, "gas_MWh": 257.0, "useful_demand_MWh": 219.0, "servable_share": 1.0, "heating_system": "hydronic_assumed", "nycha": false, "n_years": 2, "source": "LL84 (S01) via outputs/features/offtakers_features.csv"}}, {"type": "Feature", "geometry": {"type": "Point", "coordinates": [-73.996113, 40.741094]}, "properties": {"id": "6317581", "name": "Warehouse Eyes LLC (John Peden)", "use_type": "Office", "dist_m": 556.0, "status": "excluded", "reason": "insufficient data: only 1 year of LL84 records", "heat_fuel_MWh": 257.0, "steam_MWh": 0.0, "gas_MWh": 257.0, "useful_demand_MWh": 218.0, "servable_share": 1.0, "heating_system": "hydronic_assumed", "nycha": false, "n_years": 1, "source": "LL84 (S01) via outputs/features/offtakers_features.csv"}}, {"type": "Feature", "geometry": {"type": "Point", "coordinates": [-74.004251, 40.736771]}, "properties": {"id": "6787440", "name": "Marbrose: 50 Bank St.", "use_type": "Multifamily Housing", "dist_m": 508.0, "status": "excluded", "reason": "heat demand below 2 GWh/yr (too small for a street connection)", "heat_fuel_MWh": 254.0, "steam_MWh": 0.0, "gas_MWh": 254.0, "useful_demand_MWh": 216.0, "servable_share": 1.0, "heating_system": "hydronic_assumed", "nycha": false, "n_years": 3, "source": "LL84 (S01) via outputs/features/offtakers_features.csv"}}, {"type": "Feature", "geometry": {"type": "Point", "coordinates": [-74.004742, 40.74705]}, "properties": {"id": "28620949", "name": "Andrews Building Corp : 500 WEST 22 STREET", "use_type": "Multifamily Housing", "dist_m": 647.0, "status": "excluded", "reason": "heat demand below 2 GWh/yr (too small for a street connection)", "heat_fuel_MWh": 247.0, "steam_MWh": 0.0, "gas_MWh": 247.0, "useful_demand_MWh": 210.0, "servable_share": 1.0, "heating_system": "hydronic_assumed", "nycha": false, "n_years": 2, "source": "LL84 (S01) via outputs/features/offtakers_features.csv"}}, {"type": "Feature", "geometry": {"type": "Point", "coordinates": [-73.999112, 40.740828]}, "properties": {"id": "11656102", "name": "Andrews: 221 W 17th St.", "use_type": "Multifamily Housing", "dist_m": 348.0, "status": "excluded", "reason": "heat demand below 2 GWh/yr (too small for a street connection)", "heat_fuel_MWh": 240.0, "steam_MWh": 0.0, "gas_MWh": 240.0, "useful_demand_MWh": 204.0, "servable_share": 1.0, "heating_system": "hydronic_assumed", "nycha": false, "n_years": 3, "source": "LL84 (S01) via outputs/features/offtakers_features.csv"}}, {"type": "Feature", "geometry": {"type": "Point", "coordinates": [-74.004587, 40.748727]}, "properties": {"id": "10439457", "name": "508 West 24th Street", "use_type": "Multifamily Housing", "dist_m": 800.0, "status": "excluded", "reason": "heat demand below 2 GWh/yr (too small for a street connection)", "heat_fuel_MWh": 239.0, "steam_MWh": 0.0, "gas_MWh": 239.0, "useful_demand_MWh": 203.0, "servable_share": 1.0, "heating_system": "hydronic_assumed", "nycha": false, "n_years": 2, "source": "LL84 (S01) via outputs/features/offtakers_features.csv"}}, {"type": "Feature", "geometry": {"type": "Point", "coordinates": [-73.992379, 40.738741]}, "properties": {"id": "6318071", "name": "Loria: 6-8 West 18th Street", "use_type": "Office", "dist_m": 926.0, "status": "excluded", "reason": "insufficient data: only 1 year of LL84 records", "heat_fuel_MWh": 233.0, "steam_MWh": 0.0, "gas_MWh": 233.0, "useful_demand_MWh": 198.0, "servable_share": 1.0, "heating_system": "hydronic_assumed", "nycha": false, "n_years": 1, "source": "LL84 (S01) via outputs/features/offtakers_features.csv"}}, {"type": "Feature", "geometry": {"type": "Point", "coordinates": [-73.997407, 40.740704]}, "properties": {"id": "4040788", "name": "DEPM 1688 - 166 West 18th Street", "use_type": "Multifamily Housing", "dist_m": 468.0, "status": "excluded", "reason": "heat demand below 2 GWh/yr (too small for a street connection)", "heat_fuel_MWh": 232.0, "steam_MWh": 0.0, "gas_MWh": 232.0, "useful_demand_MWh": 197.0, "servable_share": 1.0, "heating_system": "hydronic_assumed", "nycha": false, "n_years": 2, "source": "LL84 (S01) via outputs/features/offtakers_features.csv"}}, {"type": "Feature", "geometry": {"type": "Point", "coordinates": [-74.006139, 40.74685]}, "properties": {"id": "6778499", "name": "Chelsea Operating Inc - 521 West 21 st", "use_type": "Retail Store", "dist_m": 695.0, "status": "excluded", "reason": "heat demand below 2 GWh/yr (too small for a street connection)", "heat_fuel_MWh": 229.0, "steam_MWh": 0.0, "gas_MWh": 229.0, "useful_demand_MWh": 195.0, "servable_share": 1.0, "heating_system": "hydronic_assumed", "nycha": false, "n_years": 3, "source": "LL84 (S01) via outputs/features/offtakers_features.csv"}}, {"type": "Feature", "geometry": {"type": "Point", "coordinates": [-74.009299, 40.740007]}, "properties": {"id": "23955121", "name": "Gansevoort Meat Market", "use_type": "Manufacturing/Industrial Plant", "dist_m": 472.0, "status": "excluded", "reason": "heat demand below 2 GWh/yr (too small for a street connection)", "heat_fuel_MWh": 226.0, "steam_MWh": 0.0, "gas_MWh": 226.0, "useful_demand_MWh": 192.0, "servable_share": 1.0, "heating_system": "hydronic_assumed", "nycha": false, "n_years": 3, "source": "LL84 (S01) via outputs/features/offtakers_features.csv"}}, {"type": "Feature", "geometry": {"type": "Point", "coordinates": [-73.993393, 40.738418]}, "properties": {"id": "33987403", "name": "31 WEST 17 STREET", "use_type": "Multifamily Housing", "dist_m": 846.0, "status": "excluded", "reason": "insufficient data: only 1 year of LL84 records", "heat_fuel_MWh": 225.0, "steam_MWh": 0.0, "gas_MWh": 225.0, "useful_demand_MWh": 192.0, "servable_share": 1.0, "heating_system": "hydronic_assumed", "nycha": false, "n_years": 1, "source": "LL84 (S01) via outputs/features/offtakers_features.csv"}}, {"type": "Feature", "geometry": {"type": "Point", "coordinates": [-73.995854, 40.740205]}, "properties": {"id": "10063239", "name": "Andrews: 120 W 18 St", "use_type": "Multifamily Housing", "dist_m": 614.0, "status": "excluded", "reason": "heat demand below 2 GWh/yr (too small for a street connection)", "heat_fuel_MWh": 222.0, "steam_MWh": 0.0, "gas_MWh": 222.0, "useful_demand_MWh": 188.0, "servable_share": 1.0, "heating_system": "hydronic_assumed", "nycha": false, "n_years": 3, "source": "LL84 (S01) via outputs/features/offtakers_features.csv"}}, {"type": "Feature", "geometry": {"type": "Point", "coordinates": [-73.9955, 40.735884]}, "properties": {"id": "7463419", "name": "The Alchemy Condominium", "use_type": "Multifamily Housing", "dist_m": 846.0, "status": "excluded", "reason": "heat demand below 2 GWh/yr (too small for a street connection)", "heat_fuel_MWh": 217.0, "steam_MWh": 0.0, "gas_MWh": 217.0, "useful_demand_MWh": 185.0, "servable_share": 1.0, "heating_system": "hydronic_assumed", "nycha": false, "n_years": 3, "source": "LL84 (S01) via outputs/features/offtakers_features.csv"}}, {"type": "Feature", "geometry": {"type": "Point", "coordinates": [-74.005352, 40.74422]}, "properties": {"id": "6810455", "name": "459 West 18th Street Condo (459 West 18th Street)", "use_type": "Multifamily Housing", "dist_m": 421.0, "status": "excluded", "reason": "insufficient data: only 1 year of LL84 records", "heat_fuel_MWh": 217.0, "steam_MWh": 0.0, "gas_MWh": 217.0, "useful_demand_MWh": 184.0, "servable_share": 1.0, "heating_system": "hydronic_assumed", "nycha": false, "n_years": 1, "source": "LL84 (S01) via outputs/features/offtakers_features.csv"}}, {"type": "Feature", "geometry": {"type": "Point", "coordinates": [-74.008848, 40.734764]}, "properties": {"id": "31977411", "name": "155 Perry Street", "use_type": "Multifamily Housing", "dist_m": 862.0, "status": "excluded", "reason": "heat demand below 2 GWh/yr (too small for a street connection)", "heat_fuel_MWh": 217.0, "steam_MWh": 0.0, "gas_MWh": 217.0, "useful_demand_MWh": 184.0, "servable_share": 1.0, "heating_system": "hydronic_assumed", "nycha": false, "n_years": 2, "source": "LL84 (S01) via outputs/features/offtakers_features.csv"}}, {"type": "Feature", "geometry": {"type": "Point", "coordinates": [-73.994923, 40.736565]}, "properties": {"id": "14887282", "name": "37 West 14th Street", "use_type": "Office", "dist_m": 811.0, "status": "excluded", "reason": "heat demand below 2 GWh/yr (too small for a street connection)", "heat_fuel_MWh": 216.0, "steam_MWh": 0.0, "gas_MWh": 0.0, "useful_demand_MWh": 184.0, "servable_share": 1.0, "heating_system": "hydronic_assumed", "nycha": false, "n_years": 2, "source": "LL84 (S01) via outputs/features/offtakers_features.csv"}}, {"type": "Feature", "geometry": {"type": "Point", "coordinates": [-74.007142, 40.741709]}, "properties": {"id": "6790170", "name": "CECO STUDIOS", "use_type": "Manufacturing/Industrial Plant", "dist_m": 318.0, "status": "excluded", "reason": "heat demand below 2 GWh/yr (too small for a street connection)", "heat_fuel_MWh": 212.0, "steam_MWh": 0.0, "gas_MWh": 212.0, "useful_demand_MWh": 180.0, "servable_share": 1.0, "heating_system": "hydronic_assumed", "nycha": false, "n_years": 2, "source": "LL84 (S01) via outputs/features/offtakers_features.csv"}}, {"type": "Feature", "geometry": {"type": "Point", "coordinates": [-74.000256, 40.733733]}, "properties": {"id": "7059087", "name": "Leor Management - 10 Christopher st", "use_type": "Multifamily Housing", "dist_m": 881.0, "status": "excluded", "reason": "heat demand below 2 GWh/yr (too small for a street connection)", "heat_fuel_MWh": 211.0, "steam_MWh": 0.0, "gas_MWh": 211.0, "useful_demand_MWh": 179.0, "servable_share": 1.0, "heating_system": "hydronic_assumed", "nycha": false, "n_years": 3, "source": "LL84 (S01) via outputs/features/offtakers_features.csv"}}, {"type": "Feature", "geometry": {"type": "Point", "coordinates": [-74.004511, 40.7406]}, "properties": {"id": "15144817", "name": "Division: 345 W 14th St", "use_type": "Multifamily Housing", "dist_m": 118.0, "status": "excluded", "reason": "heat demand below 2 GWh/yr (too small for a street connection)", "heat_fuel_MWh": 209.0, "steam_MWh": 0.0, "gas_MWh": 209.0, "useful_demand_MWh": 178.0, "servable_share": 1.0, "heating_system": "hydronic_assumed", "nycha": false, "n_years": 3, "source": "LL84 (S01) via outputs/features/offtakers_features.csv"}}, {"type": "Feature", "geometry": {"type": "Point", "coordinates": [-74.006117, 40.741256]}, "properties": {"id": "3111362", "name": "414 West 14th Street   (418 West 14th St)", "use_type": "Office", "dist_m": 281.0, "status": "excluded", "reason": "insufficient data: only 1 year of LL84 records", "heat_fuel_MWh": 207.0, "steam_MWh": 0.0, "gas_MWh": 207.0, "useful_demand_MWh": 176.0, "servable_share": 1.0, "heating_system": "hydronic_assumed", "nycha": false, "n_years": 1, "source": "LL84 (S01) via outputs/features/offtakers_features.csv"}}, {"type": "Feature", "geometry": {"type": "Point", "coordinates": [-73.995561, 40.744923]}, "properties": {"id": "15297421", "name": "200 West 24th Street", "use_type": "Multifamily Housing", "dist_m": 749.0, "status": "excluded", "reason": "heat demand below 2 GWh/yr (too small for a street connection)", "heat_fuel_MWh": 206.0, "steam_MWh": 0.0, "gas_MWh": 206.0, "useful_demand_MWh": 175.0, "servable_share": 1.0, "heating_system": "hydronic_assumed", "nycha": false, "n_years": 2, "source": "LL84 (S01) via outputs/features/offtakers_features.csv"}}, {"type": "Feature", "geometry": {"type": "Point", "coordinates": [-73.992321, 40.738736]}, "properties": {"id": "6784491", "name": "Loria: 3 West 18th Street", "use_type": "Office", "dist_m": 954.0, "status": "excluded", "reason": "insufficient data: only 1 year of LL84 records", "heat_fuel_MWh": 202.0, "steam_MWh": 0.0, "gas_MWh": 3.0, "useful_demand_MWh": 172.0, "servable_share": 1.0, "heating_system": "hydronic_assumed", "nycha": false, "n_years": 1, "source": "LL84 (S01) via outputs/features/offtakers_features.csv"}}, {"type": "Feature", "geometry": {"type": "Point", "coordinates": [-73.996792, 40.739063]}, "properties": {"id": "58754793", "name": "124 West 16th Street", "use_type": "Multifamily Housing", "dist_m": 567.0, "status": "excluded", "reason": "insufficient data: only 1 year of LL84 records", "heat_fuel_MWh": 198.0, "steam_MWh": 0.0, "gas_MWh": 198.0, "useful_demand_MWh": 169.0, "servable_share": 1.0, "heating_system": "hydronic_assumed", "nycha": false, "n_years": 1, "source": "LL84 (S01) via outputs/features/offtakers_features.csv"}}, {"type": "Feature", "geometry": {"type": "Point", "coordinates": [-74.006374, 40.747733]}, "properties": {"id": "19501617", "name": "556 West 22 Street", "use_type": "K-12 School", "dist_m": 805.0, "status": "excluded", "reason": "heat demand below 2 GWh/yr (too small for a street connection)", "heat_fuel_MWh": 196.0, "steam_MWh": 0.0, "gas_MWh": 196.0, "useful_demand_MWh": 166.0, "servable_share": 1.0, "heating_system": "hydronic_assumed", "nycha": false, "n_years": 3, "source": "LL84 (S01) via outputs/features/offtakers_features.csv"}}, {"type": "Feature", "geometry": {"type": "Point", "coordinates": [-74.007816, 40.740454]}, "properties": {"id": "5989957", "name": "837 Washington Street", "use_type": "Office", "dist_m": 359.0, "status": "excluded", "reason": "insufficient data: only 1 year of LL84 records", "heat_fuel_MWh": 196.0, "steam_MWh": 0.0, "gas_MWh": 196.0, "useful_demand_MWh": 166.0, "servable_share": 1.0, "heating_system": "hydronic_assumed", "nycha": false, "n_years": 1, "source": "LL84 (S01) via outputs/features/offtakers_features.csv"}}, {"type": "Feature", "geometry": {"type": "Point", "coordinates": [-73.99344450000001, 40.7448595]}, "properties": {"id": "21294038", "name": "AKAM - 159 West 25th Street", "use_type": "Office", "dist_m": 895.0, "status": "excluded", "reason": "heat demand below 2 GWh/yr (too small for a street connection)", "heat_fuel_MWh": 192.0, "steam_MWh": 0.0, "gas_MWh": 0.0, "useful_demand_MWh": 163.0, "servable_share": 1.0, "heating_system": "hydronic_assumed", "nycha": false, "n_years": 2, "source": "LL84 (S01) via outputs/features/offtakers_features.csv"}}, {"type": "Feature", "geometry": {"type": "Point", "coordinates": [-74.002605, 40.733936]}, "properties": {"id": "33946658", "name": "115 7th Ave South", "use_type": "Multifamily Housing", "dist_m": 811.0, "status": "excluded", "reason": "heat demand below 2 GWh/yr (too small for a street connection)", "heat_fuel_MWh": 192.0, "steam_MWh": 0.0, "gas_MWh": 192.0, "useful_demand_MWh": 163.0, "servable_share": 1.0, "heating_system": "hydronic_assumed", "nycha": false, "n_years": 2, "source": "LL84 (S01) via outputs/features/offtakers_features.csv"}}, {"type": "Feature", "geometry": {"type": "Point", "coordinates": [-74.003328, 40.749002]}, "properties": {"id": "21292506", "name": "500 West 25th Street", "use_type": "Multifamily Housing", "dist_m": 847.0, "status": "excluded", "reason": "heat demand below 2 GWh/yr (too small for a street connection)", "heat_fuel_MWh": 191.0, "steam_MWh": 0.0, "gas_MWh": 191.0, "useful_demand_MWh": 162.0, "servable_share": 1.0, "heating_system": "hydronic_assumed", "nycha": false, "n_years": 2, "source": "LL84 (S01) via outputs/features/offtakers_features.csv"}}, {"type": "Feature", "geometry": {"type": "Point", "coordinates": [-74.008036, 40.739587]}, "properties": {"id": "21355567", "name": "DPR_9495_High Line Maintenance and Operations Building", "use_type": "Office", "dist_m": 474.0, "status": "excluded", "reason": "heat demand below 2 GWh/yr (too small for a street connection)", "heat_fuel_MWh": 190.0, "steam_MWh": 0.0, "gas_MWh": 190.0, "useful_demand_MWh": 162.0, "servable_share": 1.0, "heating_system": "hydronic_assumed", "nycha": false, "n_years": 3, "source": "LL84 (S01) via outputs/features/offtakers_features.csv"}}, {"type": "Feature", "geometry": {"type": "Point", "coordinates": [-73.9997, 40.740309]}, "properties": {"id": "19461628", "name": "Sandberg: 229 West 16 St", "use_type": "Multifamily Housing", "dist_m": 294.0, "status": "excluded", "reason": "heat demand below 2 GWh/yr (too small for a street connection)", "heat_fuel_MWh": 186.0, "steam_MWh": 0.0, "gas_MWh": 186.0, "useful_demand_MWh": 158.0, "servable_share": 1.0, "heating_system": "hydronic_assumed", "nycha": false, "n_years": 2, "source": "LL84 (S01) via outputs/features/offtakers_features.csv"}}, {"type": "Feature", "geometry": {"type": "Point", "coordinates": [-74.007547, 40.736952]}, "properties": {"id": "6693942", "name": "TKR - 35 Bethune Street", "use_type": "Multifamily Housing", "dist_m": 632.0, "status": "excluded", "reason": "heat demand below 2 GWh/yr (too small for a street connection)", "heat_fuel_MWh": 184.0, "steam_MWh": 0.0, "gas_MWh": 184.0, "useful_demand_MWh": 156.0, "servable_share": 1.0, "heating_system": "hydronic_assumed", "nycha": false, "n_years": 2, "source": "LL84 (S01) via outputs/features/offtakers_features.csv"}}, {"type": "Feature", "geometry": {"type": "Point", "coordinates": [-73.996536, 40.740509]}, "properties": {"id": "33572213", "name": "155 W 18th Street - 44182", "use_type": "Multifamily Housing", "dist_m": 548.0, "status": "excluded", "reason": "insufficient data: only 1 year of LL84 records", "heat_fuel_MWh": 183.0, "steam_MWh": 0.0, "gas_MWh": 183.0, "useful_demand_MWh": 155.0, "servable_share": 1.0, "heating_system": "hydronic_assumed", "nycha": false, "n_years": 1, "source": "LL84 (S01) via outputs/features/offtakers_features.csv"}}, {"type": "Feature", "geometry": {"type": "Point", "coordinates": [-74.006539, 40.742337]}, "properties": {"id": "47971592", "name": "440 West 15th Street", "use_type": "Performing Arts", "dist_m": 318.0, "status": "excluded", "reason": "insufficient data: only 1 year of LL84 records", "heat_fuel_MWh": 182.0, "steam_MWh": 0.0, "gas_MWh": 182.0, "useful_demand_MWh": 155.0, "servable_share": 1.0, "heating_system": "hydronic_assumed", "nycha": false, "n_years": 1, "source": "LL84 (S01) via outputs/features/offtakers_features.csv"}}, {"type": "Feature", "geometry": {"type": "Point", "coordinates": [-73.99353, 40.738475]}, "properties": {"id": "25518956", "name": "TMG - 37 West 17th Street", "use_type": "Office", "dist_m": 820.0, "status": "excluded", "reason": "insufficient data: only 1 year of LL84 records", "heat_fuel_MWh": 182.0, "steam_MWh": 0.0, "gas_MWh": 0.0, "useful_demand_MWh": 155.0, "servable_share": 1.0, "heating_system": "hydronic_assumed", "nycha": false, "n_years": 1, "source": "LL84 (S01) via outputs/features/offtakers_features.csv"}}, {"type": "Feature", "geometry": {"type": "Point", "coordinates": [-74.009992, 40.740492]}, "properties": {"id": "57797892", "name": "FDNY_3626_Marine Co. 1", "use_type": "Fire Station", "dist_m": 693.0, "status": "excluded", "reason": "insufficient data: only 1 year of LL84 records", "heat_fuel_MWh": 182.0, "steam_MWh": 0.0, "gas_MWh": 182.0, "useful_demand_MWh": 155.0, "servable_share": 1.0, "heating_system": "hydronic_assumed", "nycha": false, "n_years": 1, "source": "LL84 (S01) via outputs/features/offtakers_features.csv"}}, {"type": "Feature", "geometry": {"type": "Point", "coordinates": [-74.00468, 40.73603]}, "properties": {"id": "53974695", "name": "Impact Real Estate Management Inc. : 281 WEST 11 STREET", "use_type": "Multifamily Housing", "dist_m": 587.0, "status": "excluded", "reason": "insufficient data: only 1 year of LL84 records", "heat_fuel_MWh": 181.0, "steam_MWh": 0.0, "gas_MWh": 181.0, "useful_demand_MWh": 153.0, "servable_share": 1.0, "heating_system": "hydronic_assumed", "nycha": false, "n_years": 1, "source": "LL84 (S01) via outputs/features/offtakers_features.csv"}}, {"type": "Feature", "geometry": {"type": "Point", "coordinates": [-74.0057705, 40.741110500000005]}, "properties": {"id": "6152632", "name": "Winter Management - 404-408 West 14th Street (402 WEST 14 STREET)", "use_type": "Office", "dist_m": 242.0, "status": "excluded", "reason": "heat demand below 2 GWh/yr (too small for a street connection)", "heat_fuel_MWh": 175.0, "steam_MWh": 0.0, "gas_MWh": 175.0, "useful_demand_MWh": 148.0, "servable_share": 1.0, "heating_system": "hydronic_assumed", "nycha": false, "n_years": 2, "source": "LL84 (S01) via outputs/features/offtakers_features.csv"}}, {"type": "Feature", "geometry": {"type": "Point", "coordinates": [-73.99344, 40.738437]}, "properties": {"id": "6272136", "name": "33 West 17th Street", "use_type": "Office", "dist_m": 835.0, "status": "excluded", "reason": "heat demand below 2 GWh/yr (too small for a street connection)", "heat_fuel_MWh": 173.0, "steam_MWh": 0.0, "gas_MWh": 173.0, "useful_demand_MWh": 147.0, "servable_share": 1.0, "heating_system": "hydronic_assumed", "nycha": false, "n_years": 2, "source": "LL84 (S01) via outputs/features/offtakers_features.csv"}}, {"type": "Feature", "geometry": {"type": "Point", "coordinates": [-73.992988, 40.744651]}, "properties": {"id": "54875492", "name": "DalanRE - 134 West 25th Street", "use_type": "Office", "dist_m": 901.0, "status": "excluded", "reason": "insufficient data: only 1 year of LL84 records", "heat_fuel_MWh": 165.0, "steam_MWh": 0.0, "gas_MWh": 0.0, "useful_demand_MWh": 140.0, "servable_share": 1.0, "heating_system": "hydronic_assumed", "nycha": false, "n_years": 1, "source": "LL84 (S01) via outputs/features/offtakers_features.csv"}}, {"type": "Feature", "geometry": {"type": "Point", "coordinates": [-74.002735, 40.738141]}, "properties": {"id": "21739389", "name": "11-17 Jane Street", "use_type": "Multifamily Housing", "dist_m": 339.0, "status": "excluded", "reason": "heat demand below 2 GWh/yr (too small for a street connection)", "heat_fuel_MWh": 159.0, "steam_MWh": 0.0, "gas_MWh": 159.0, "useful_demand_MWh": 135.0, "servable_share": 1.0, "heating_system": "hydronic_assumed", "nycha": false, "n_years": 2, "source": "LL84 (S01) via outputs/features/offtakers_features.csv"}}, {"type": "Feature", "geometry": {"type": "Point", "coordinates": [-74.004876, 40.744783]}, "properties": {"id": "28242206", "name": "455 West 19th Street", "use_type": "Multifamily Housing", "dist_m": 453.0, "status": "excluded", "reason": "heat demand below 2 GWh/yr (too small for a street connection)", "heat_fuel_MWh": 158.0, "steam_MWh": 0.0, "gas_MWh": 158.0, "useful_demand_MWh": 135.0, "servable_share": 1.0, "heating_system": "hydronic_assumed", "nycha": false, "n_years": 2, "source": "LL84 (S01) via outputs/features/offtakers_features.csv"}}, {"type": "Feature", "geometry": {"type": "Point", "coordinates": [-74.006709, 40.746303]}, "properties": {"id": "20420240", "name": "532 West 20th Street", "use_type": "Multifamily Housing", "dist_m": 639.0, "status": "excluded", "reason": "heat demand below 2 GWh/yr (too small for a street connection)", "heat_fuel_MWh": 158.0, "steam_MWh": 0.0, "gas_MWh": 158.0, "useful_demand_MWh": 134.0, "servable_share": 1.0, "heating_system": "hydronic_assumed", "nycha": false, "n_years": 2, "source": "LL84 (S01) via outputs/features/offtakers_features.csv"}}, {"type": "Feature", "geometry": {"type": "Point", "coordinates": [-73.993227, 40.739098]}, "properties": {"id": "6664908", "name": "Adorama Camera: 42 West 18th St", "use_type": "Retail Store", "dist_m": 797.0, "status": "excluded", "reason": "heat demand below 2 GWh/yr (too small for a street connection)", "heat_fuel_MWh": 157.0, "steam_MWh": 0.0, "gas_MWh": 0.0, "useful_demand_MWh": 133.0, "servable_share": 1.0, "heating_system": "hydronic_assumed", "nycha": false, "n_years": 3, "source": "LL84 (S01) via outputs/features/offtakers_features.csv"}}, {"type": "Feature", "geometry": {"type": "Point", "coordinates": [-74.005006, 40.748922]}, "properties": {"id": "17978911", "name": "Clinton - 533 West 24th Street", "use_type": "Museum", "dist_m": 893.0, "status": "excluded", "reason": "heat demand below 2 GWh/yr (too small for a street connection)", "heat_fuel_MWh": 151.0, "steam_MWh": 0.0, "gas_MWh": 151.0, "useful_demand_MWh": 129.0, "servable_share": 1.0, "heating_system": "hydronic_assumed", "nycha": false, "n_years": 2, "source": "LL84 (S01) via outputs/features/offtakers_features.csv"}}, {"type": "Feature", "geometry": {"type": "Point", "coordinates": [-74.005396, 40.749087]}, "properties": {"id": "6178163", "name": "136 Wooster Corp (980 Madison Ave)", "use_type": "Museum", "dist_m": 936.0, "status": "excluded", "reason": "heat demand below 2 GWh/yr (too small for a street connection)", "heat_fuel_MWh": 150.0, "steam_MWh": 0.0, "gas_MWh": 150.0, "useful_demand_MWh": 127.0, "servable_share": 1.0, "heating_system": "hydronic_assumed", "nycha": false, "n_years": 3, "source": "LL84 (S01) via outputs/features/offtakers_features.csv"}}, {"type": "Feature", "geometry": {"type": "Point", "coordinates": [-73.994089, 40.743438]}, "properties": {"id": "6188320", "name": "142-146 West 23rd Street", "use_type": "Multifamily Housing", "dist_m": 758.0, "status": "excluded", "reason": "heat demand below 2 GWh/yr (too small for a street connection)", "heat_fuel_MWh": 148.0, "steam_MWh": 0.0, "gas_MWh": 32.0, "useful_demand_MWh": 126.0, "servable_share": 1.0, "heating_system": "hydronic_assumed", "nycha": false, "n_years": 2, "source": "LL84 (S01) via outputs/features/offtakers_features.csv"}}, {"type": "Feature", "geometry": {"type": "Point", "coordinates": [-74.006304, 40.741335]}, "properties": {"id": "52523993", "name": "420 West 14th Street", "use_type": "Office", "dist_m": 297.0, "status": "excluded", "reason": "insufficient data: only 1 year of LL84 records", "heat_fuel_MWh": 137.0, "steam_MWh": 0.0, "gas_MWh": 137.0, "useful_demand_MWh": 117.0, "servable_share": 1.0, "heating_system": "hydronic_assumed", "nycha": false, "n_years": 1, "source": "LL84 (S01) via outputs/features/offtakers_features.csv"}}, {"type": "Feature", "geometry": {"type": "Point", "coordinates": [-74.008371, 40.735363]}, "properties": {"id": "6701357", "name": "715 Washington Street AKA 340 West 11th Street", "use_type": "Multifamily Housing", "dist_m": 787.0, "status": "excluded", "reason": "heat demand below 2 GWh/yr (too small for a street connection)", "heat_fuel_MWh": 132.0, "steam_MWh": 0.0, "gas_MWh": 132.0, "useful_demand_MWh": 112.0, "servable_share": 1.0, "heating_system": "hydronic_assumed", "nycha": false, "n_years": 2, "source": "LL84 (S01) via outputs/features/offtakers_features.csv"}}, {"type": "Feature", "geometry": {"type": "Point", "coordinates": [-73.993508, 40.743215]}, "properties": {"id": "6699671", "name": "115 West 23rd Street", "use_type": "Multifamily Housing", "dist_m": 868.0, "status": "excluded", "reason": "heat demand below 2 GWh/yr (too small for a street connection)", "heat_fuel_MWh": 130.0, "steam_MWh": 0.0, "gas_MWh": 130.0, "useful_demand_MWh": 110.0, "servable_share": 1.0, "heating_system": "hydronic_assumed", "nycha": false, "n_years": 3, "source": "LL84 (S01) via outputs/features/offtakers_features.csv"}}, {"type": "Feature", "geometry": {"type": "Point", "coordinates": [-74.005738, 40.747486]}, "properties": {"id": "6274256", "name": "Dia Art Foundation", "use_type": "Office", "dist_m": 767.0, "status": "excluded", "reason": "heat demand below 2 GWh/yr (too small for a street connection)", "heat_fuel_MWh": 128.0, "steam_MWh": 0.0, "gas_MWh": 128.0, "useful_demand_MWh": 109.0, "servable_share": 1.0, "heating_system": "hydronic_assumed", "nycha": false, "n_years": 3, "source": "LL84 (S01) via outputs/features/offtakers_features.csv"}}, {"type": "Feature", "geometry": {"type": "Point", "coordinates": [-74.005666, 40.741086]}, "properties": {"id": "2808712", "name": "401 Associate LLC", "use_type": "Office", "dist_m": 197.0, "status": "excluded", "reason": "heat demand below 2 GWh/yr (too small for a street connection)", "heat_fuel_MWh": 124.0, "steam_MWh": 0.0, "gas_MWh": 124.0, "useful_demand_MWh": 105.0, "servable_share": 1.0, "heating_system": "hydronic_assumed", "nycha": false, "n_years": 3, "source": "LL84 (S01) via outputs/features/offtakers_features.csv"}}, {"type": "Feature", "geometry": {"type": "Point", "coordinates": [-73.996229, 40.744355]}, "properties": {"id": "21355488", "name": "NYPL_4617_Muhlenberg Branch Library", "use_type": "Library", "dist_m": 706.0, "status": "excluded", "reason": "heat demand below 2 GWh/yr (too small for a street connection)", "heat_fuel_MWh": 121.0, "steam_MWh": 0.0, "gas_MWh": 121.0, "useful_demand_MWh": 103.0, "servable_share": 1.0, "heating_system": "hydronic_assumed", "nycha": false, "n_years": 3, "source": "LL84 (S01) via outputs/features/offtakers_features.csv"}}, {"type": "Feature", "geometry": {"type": "Point", "coordinates": [-74.004533, 40.749515]}, "properties": {"id": "25561389", "name": "Feil - 530 West 25th Street", "use_type": "Office", "dist_m": 884.0, "status": "excluded", "reason": "heat demand below 2 GWh/yr (too small for a street connection)", "heat_fuel_MWh": 114.0, "steam_MWh": 0.0, "gas_MWh": 114.0, "useful_demand_MWh": 97.0, "servable_share": 1.0, "heating_system": "hydronic_assumed", "nycha": false, "n_years": 2, "source": "LL84 (S01) via outputs/features/offtakers_features.csv"}}, {"type": "Feature", "geometry": {"type": "Point", "coordinates": [-74.002306, 40.738138]}, "properties": {"id": "6457845", "name": "1 Jane Street AKA 115 Greenwich Avenue", "use_type": "Multifamily Housing", "dist_m": 347.0, "status": "excluded", "reason": "heat demand below 2 GWh/yr (too small for a street connection)", "heat_fuel_MWh": 109.0, "steam_MWh": 0.0, "gas_MWh": 109.0, "useful_demand_MWh": 93.0, "servable_share": 1.0, "heating_system": "hydronic_assumed", "nycha": false, "n_years": 2, "source": "LL84 (S01) via outputs/features/offtakers_features.csv"}}, {"type": "Feature", "geometry": {"type": "Point", "coordinates": [-74.0054425, 40.749086500000004]}, "properties": {"id": "6694544", "name": "DEPM 1872 - 560 West 24th Street", "use_type": "Multifamily Housing", "dist_m": 903.0, "status": "excluded", "reason": "heat demand below 2 GWh/yr (too small for a street connection)", "heat_fuel_MWh": 92.0, "steam_MWh": 0.0, "gas_MWh": 92.0, "useful_demand_MWh": 78.0, "servable_share": 1.0, "heating_system": "hydronic_assumed", "nycha": false, "n_years": 2, "source": "LL84 (S01) via outputs/features/offtakers_features.csv"}}, {"type": "Feature", "geometry": {"type": "Point", "coordinates": [-73.993465, 40.738429]}, "properties": {"id": "20583447", "name": "34 West 17th Street", "use_type": "Multifamily Housing", "dist_m": 829.0, "status": "excluded", "reason": "insufficient data: only 1 year of LL84 records", "heat_fuel_MWh": 92.0, "steam_MWh": 0.0, "gas_MWh": 92.0, "useful_demand_MWh": 78.0, "servable_share": 1.0, "heating_system": "hydronic_assumed", "nycha": false, "n_years": 1, "source": "LL84 (S01) via outputs/features/offtakers_features.csv"}}, {"type": "Feature", "geometry": {"type": "Point", "coordinates": [-73.993465, 40.738429]}, "properties": {"id": "51811392", "name": "34 West 17th Street", "use_type": "Multifamily Housing", "dist_m": 829.0, "status": "excluded", "reason": "insufficient data: only 1 year of LL84 records", "heat_fuel_MWh": 91.0, "steam_MWh": 0.0, "gas_MWh": 91.0, "useful_demand_MWh": 78.0, "servable_share": 1.0, "heating_system": "hydronic_assumed", "nycha": false, "n_years": 1, "source": "LL84 (S01) via outputs/features/offtakers_features.csv"}}, {"type": "Feature", "geometry": {"type": "Point", "coordinates": [-74.006027, 40.742971]}, "properties": {"id": "9562380", "name": "570 RH Contemporary", "use_type": "Office", "dist_m": 303.0, "status": "excluded", "reason": "insufficient data: only 1 year of LL84 records", "heat_fuel_MWh": 83.0, "steam_MWh": 0.0, "gas_MWh": 83.0, "useful_demand_MWh": 71.0, "servable_share": 1.0, "heating_system": "hydronic_assumed", "nycha": false, "n_years": 1, "source": "LL84 (S01) via outputs/features/offtakers_features.csv"}}, {"type": "Feature", "geometry": {"type": "Point", "coordinates": [-73.992703, 40.745334]}, "properties": {"id": "4405687", "name": "142 West 26th Street", "use_type": "Multifamily Housing", "dist_m": 946.0, "status": "excluded", "reason": "insufficient data: only 1 year of LL84 records", "heat_fuel_MWh": 82.0, "steam_MWh": 0.0, "gas_MWh": 82.0, "useful_demand_MWh": 70.0, "servable_share": 1.0, "heating_system": "hydronic_assumed", "nycha": false, "n_years": 1, "source": "LL84 (S01) via outputs/features/offtakers_features.csv"}}, {"type": "Feature", "geometry": {"type": "Point", "coordinates": [-73.994374, 40.738064]}, "properties": {"id": "6682167", "name": "55 West 16th Street", "use_type": "Multifamily Housing", "dist_m": 727.0, "status": "excluded", "reason": "heat demand below 2 GWh/yr (too small for a street connection)", "heat_fuel_MWh": 82.0, "steam_MWh": 0.0, "gas_MWh": 21.0, "useful_demand_MWh": 69.0, "servable_share": 1.0, "heating_system": "hydronic_assumed", "nycha": false, "n_years": 2, "source": "LL84 (S01) via outputs/features/offtakers_features.csv"}}, {"type": "Feature", "geometry": {"type": "Point", "coordinates": [-74.00485, 40.744755]}, "properties": {"id": "6309302", "name": "452 West 19th Street", "use_type": "Multifamily Housing", "dist_m": 432.0, "status": "excluded", "reason": "insufficient data: only 1 year of LL84 records", "heat_fuel_MWh": 76.0, "steam_MWh": 0.0, "gas_MWh": 76.0, "useful_demand_MWh": 65.0, "servable_share": 1.0, "heating_system": "hydronic_assumed", "nycha": false, "n_years": 1, "source": "LL84 (S01) via outputs/features/offtakers_features.csv"}}, {"type": "Feature", "geometry": {"type": "Point", "coordinates": [-73.995565, 40.735931]}, "properties": {"id": "36500729", "name": "Wallack - 43 West 13th Street", "use_type": "Multifamily Housing", "dist_m": 814.0, "status": "excluded", "reason": "insufficient data: only 1 year of LL84 records", "heat_fuel_MWh": 74.0, "steam_MWh": 0.0, "gas_MWh": 74.0, "useful_demand_MWh": 63.0, "servable_share": 1.0, "heating_system": "hydronic_assumed", "nycha": false, "n_years": 1, "source": "LL84 (S01) via outputs/features/offtakers_features.csv"}}, {"type": "Feature", "geometry": {"type": "Point", "coordinates": [-73.99786, 40.742595]}, "properties": {"id": "6134883", "name": "215 West 20th Street", "use_type": "Multifamily Housing", "dist_m": 491.0, "status": "excluded", "reason": "heat demand below 2 GWh/yr (too small for a street connection)", "heat_fuel_MWh": 74.0, "steam_MWh": 0.0, "gas_MWh": 74.0, "useful_demand_MWh": 63.0, "servable_share": 1.0, "heating_system": "hydronic_assumed", "nycha": false, "n_years": 2, "source": "LL84 (S01) via outputs/features/offtakers_features.csv"}}, {"type": "Feature", "geometry": {"type": "Point", "coordinates": [-74.005972, 40.734482]}, "properties": {"id": "33999155", "name": "111 Charles Street", "use_type": "Multifamily Housing", "dist_m": 774.0, "status": "excluded", "reason": "insufficient data: only 1 year of LL84 records", "heat_fuel_MWh": 74.0, "steam_MWh": 0.0, "gas_MWh": 74.0, "useful_demand_MWh": 63.0, "servable_share": 1.0, "heating_system": "hydronic_assumed", "nycha": false, "n_years": 1, "source": "LL84 (S01) via outputs/features/offtakers_features.csv"}}, {"type": "Feature", "geometry": {"type": "Point", "coordinates": [-73.99922, 40.744297]}, "properties": {"id": "52698695", "name": "225 8 AVENUE", "use_type": "Multifamily Housing", "dist_m": 438.0, "status": "excluded", "reason": "insufficient data: only 1 year of LL84 records", "heat_fuel_MWh": 70.0, "steam_MWh": 0.0, "gas_MWh": 70.0, "useful_demand_MWh": 59.0, "servable_share": 1.0, "heating_system": "hydronic_assumed", "nycha": false, "n_years": 1, "source": "LL84 (S01) via outputs/features/offtakers_features.csv"}}, {"type": "Feature", "geometry": {"type": "Point", "coordinates": [-73.99437, 40.74268]}, "properties": {"id": "6574521", "name": "132 West 22nd Street", "use_type": "Multifamily Housing", "dist_m": 724.0, "status": "excluded", "reason": "heat demand below 2 GWh/yr (too small for a street connection)", "heat_fuel_MWh": 70.0, "steam_MWh": 0.0, "gas_MWh": 70.0, "useful_demand_MWh": 59.0, "servable_share": 1.0, "heating_system": "hydronic_assumed", "nycha": false, "n_years": 2, "source": "LL84 (S01) via outputs/features/offtakers_features.csv"}}, {"type": "Feature", "geometry": {"type": "Point", "coordinates": [-73.996384, 40.739675]}, "properties": {"id": "6750819", "name": "Cornerstone: 121 W 17th St", "use_type": "Multifamily Housing", "dist_m": 599.0, "status": "excluded", "reason": "heat demand below 2 GWh/yr (too small for a street connection)", "heat_fuel_MWh": 66.0, "steam_MWh": 0.0, "gas_MWh": 66.0, "useful_demand_MWh": 56.0, "servable_share": 1.0, "heating_system": "hydronic_assumed", "nycha": false, "n_years": 3, "source": "LL84 (S01) via outputs/features/offtakers_features.csv"}}, {"type": "Feature", "geometry": {"type": "Point", "coordinates": [-73.996828, 40.737682]}, "properties": {"id": "21294053", "name": "AKAM - 101 West 14th Street", "use_type": "Multifamily Housing", "dist_m": 665.0, "status": "excluded", "reason": "heat demand below 2 GWh/yr (too small for a street connection)", "heat_fuel_MWh": 63.0, "steam_MWh": 0.0, "gas_MWh": 125.0, "useful_demand_MWh": 53.0, "servable_share": 1.0, "heating_system": "hydronic_assumed", "nycha": false, "n_years": 2, "source": "LL84 (S01) via outputs/features/offtakers_features.csv"}}, {"type": "Feature", "geometry": {"type": "Point", "coordinates": [-73.993558, 40.74408]}, "properties": {"id": "24231233", "name": "NYC-Chelsea NY HYP", "use_type": "Hotel", "dist_m": 812.0, "status": "excluded", "reason": "heat demand below 2 GWh/yr (too small for a street connection)", "heat_fuel_MWh": 62.0, "steam_MWh": 0.0, "gas_MWh": 62.0, "useful_demand_MWh": 53.0, "servable_share": 1.0, "heating_system": "hydronic_assumed", "nycha": false, "n_years": 3, "source": "LL84 (S01) via outputs/features/offtakers_features.csv"}}, {"type": "Feature", "geometry": {"type": "Point", "coordinates": [-73.999307, 40.741657]}, "properties": {"id": "1836464", "name": "M451 (OECID: 0101197; BBL: 1007670068)", "use_type": "K-12 School", "dist_m": 255.0, "status": "excluded", "reason": "heat demand below 2 GWh/yr (too small for a street connection)", "heat_fuel_MWh": 60.0, "steam_MWh": 0.0, "gas_MWh": 27.0, "useful_demand_MWh": 51.0, "servable_share": 1.0, "heating_system": "hydronic_assumed", "nycha": false, "n_years": 3, "source": "LL84 (S01) via outputs/features/offtakers_features.csv"}}, {"type": "Feature", "geometry": {"type": "Point", "coordinates": [-74.004442, 40.733376]}, "properties": {"id": "10656758", "name": "330 Bleecker Street AKA 95 Christopher Street", "use_type": "Multifamily Housing", "dist_m": 882.0, "status": "excluded", "reason": "heat demand below 2 GWh/yr (too small for a street connection)", "heat_fuel_MWh": 54.0, "steam_MWh": 0.0, "gas_MWh": 54.0, "useful_demand_MWh": 46.0, "servable_share": 1.0, "heating_system": "hydronic_assumed", "nycha": false, "n_years": 2, "source": "LL84 (S01) via outputs/features/offtakers_features.csv"}}, {"type": "Feature", "geometry": {"type": "Point", "coordinates": [-74.000119, 40.737973]}, "properties": {"id": "21309636", "name": "The Church of the Village", "use_type": "Worship Facility", "dist_m": 429.0, "status": "excluded", "reason": "heat demand below 2 GWh/yr (too small for a street connection)", "heat_fuel_MWh": 46.0, "steam_MWh": 0.0, "gas_MWh": 46.0, "useful_demand_MWh": 39.0, "servable_share": 1.0, "heating_system": "hydronic_assumed", "nycha": false, "n_years": 2, "source": "LL84 (S01) via outputs/features/offtakers_features.csv"}}, {"type": "Feature", "geometry": {"type": "Point", "coordinates": [-73.996456, 40.739689]}, "properties": {"id": "11911004", "name": "70 - St Francis Xavier", "use_type": "K-12 School", "dist_m": 567.0, "status": "excluded", "reason": "heat demand below 2 GWh/yr (too small for a street connection)", "heat_fuel_MWh": 41.0, "steam_MWh": 0.0, "gas_MWh": 41.0, "useful_demand_MWh": 35.0, "servable_share": 1.0, "heating_system": "hydronic_assumed", "nycha": false, "n_years": 3, "source": "LL84 (S01) via outputs/features/offtakers_features.csv"}}, {"type": "Feature", "geometry": {"type": "Point", "coordinates": [-74.006301, 40.746918]}, "properties": {"id": "2587898", "name": "531 WEST 21 STREET - [531-539 West 21st St]", "use_type": "Self-Storage Facility", "dist_m": 716.0, "status": "excluded", "reason": "insufficient data: only 1 year of LL84 records", "heat_fuel_MWh": 41.0, "steam_MWh": 0.0, "gas_MWh": 41.0, "useful_demand_MWh": 35.0, "servable_share": 1.0, "heating_system": "hydronic_assumed", "nycha": false, "n_years": 1, "source": "LL84 (S01) via outputs/features/offtakers_features.csv"}}, {"type": "Feature", "geometry": {"type": "Point", "coordinates": [-73.998113, 40.737905]}, "properties": {"id": "6791658", "name": "144 West 15th Street - LDS", "use_type": "Worship Facility", "dist_m": 508.0, "status": "excluded", "reason": "insufficient data: only 1 year of LL84 records", "heat_fuel_MWh": 40.0, "steam_MWh": 0.0, "gas_MWh": 40.0, "useful_demand_MWh": 34.0, "servable_share": 1.0, "heating_system": "hydronic_assumed", "nycha": false, "n_years": 1, "source": "LL84 (S01) via outputs/features/offtakers_features.csv"}}, {"type": "Feature", "geometry": {"type": "Point", "coordinates": [-74.005049, 40.746498]}, "properties": {"id": "6821238", "name": "7 - St Gabriel Guardian Angel - Parent Property", "use_type": "K-12 School", "dist_m": 617.0, "status": "excluded", "reason": "heat demand below 2 GWh/yr (too small for a street connection)", "heat_fuel_MWh": 37.0, "steam_MWh": 0.0, "gas_MWh": 37.0, "useful_demand_MWh": 32.0, "servable_share": 1.0, "heating_system": "hydronic_assumed", "nycha": false, "n_years": 3, "source": "LL84 (S01) via outputs/features/offtakers_features.csv"}}, {"type": "Feature", "geometry": {"type": "Point", "coordinates": [-73.998907, 40.739604]}, "properties": {"id": "52544497", "name": "160 West 16th Street", "use_type": "Multifamily Housing", "dist_m": 450.0, "status": "excluded", "reason": "insufficient data: only 1 year of LL84 records", "heat_fuel_MWh": 32.0, "steam_MWh": 0.0, "gas_MWh": 32.0, "useful_demand_MWh": 27.0, "servable_share": 1.0, "heating_system": "hydronic_assumed", "nycha": false, "n_years": 1, "source": "LL84 (S01) via outputs/features/offtakers_features.csv"}}, {"type": "Feature", "geometry": {"type": "Point", "coordinates": [-73.997922, 40.737806]}, "properties": {"id": "20507440", "name": "132 WEST 14 STREET", "use_type": "Office", "dist_m": 552.0, "status": "excluded", "reason": "heat demand below 2 GWh/yr (too small for a street connection)", "heat_fuel_MWh": 32.0, "steam_MWh": 0.0, "gas_MWh": 32.0, "useful_demand_MWh": 27.0, "servable_share": 1.0, "heating_system": "hydronic_assumed", "nycha": false, "n_years": 3, "source": "LL84 (S01) via outputs/features/offtakers_features.csv"}}, {"type": "Feature", "geometry": {"type": "Point", "coordinates": [-73.997773, 40.743325]}, "properties": {"id": "15568360", "name": "AKAM - 223-231 West 21st Street", "use_type": "Multifamily Housing", "dist_m": 520.0, "status": "excluded", "reason": "insufficient data: only 1 year of LL84 records", "heat_fuel_MWh": 31.0, "steam_MWh": 0.0, "gas_MWh": 31.0, "useful_demand_MWh": 26.0, "servable_share": 1.0, "heating_system": "hydronic_assumed", "nycha": false, "n_years": 1, "source": "LL84 (S01) via outputs/features/offtakers_features.csv"}}, {"type": "Feature", "geometry": {"type": "Point", "coordinates": [-74.00493, 40.749704]}, "properties": {"id": "33641387", "name": "Mactaggart: 555 W 25th St,", "use_type": "Office", "dist_m": 989.0, "status": "excluded", "reason": "heat demand below 2 GWh/yr (too small for a street connection)", "heat_fuel_MWh": 30.0, "steam_MWh": 0.0, "gas_MWh": 0.0, "useful_demand_MWh": 26.0, "servable_share": 1.0, "heating_system": "hydronic_assumed", "nycha": false, "n_years": 2, "source": "LL84 (S01) via outputs/features/offtakers_features.csv"}}, {"type": "Feature", "geometry": {"type": "Point", "coordinates": [-73.992415, 40.738774]}, "properties": {"id": "5531218", "name": "7 West 18th Street", "use_type": "Office", "dist_m": 939.0, "status": "excluded", "reason": "heat demand below 2 GWh/yr (too small for a street connection)", "heat_fuel_MWh": 28.0, "steam_MWh": 0.0, "gas_MWh": 28.0, "useful_demand_MWh": 24.0, "servable_share": 1.0, "heating_system": "hydronic_assumed", "nycha": false, "n_years": 2, "source": "LL84 (S01) via outputs/features/offtakers_features.csv"}}, {"type": "Feature", "geometry": {"type": "Point", "coordinates": [-74.007184, 40.736345]}, "properties": {"id": "9948014", "name": "Gershon: 110 Bank St", "use_type": "Multifamily Housing", "dist_m": 676.0, "status": "excluded", "reason": "heat demand below 2 GWh/yr (too small for a street connection)", "heat_fuel_MWh": 26.0, "steam_MWh": 0.0, "gas_MWh": 26.0, "useful_demand_MWh": 22.0, "servable_share": 1.0, "heating_system": "hydronic_assumed", "nycha": false, "n_years": 3, "source": "LL84 (S01) via outputs/features/offtakers_features.csv"}}, {"type": "Feature", "geometry": {"type": "Point", "coordinates": [-74.001119, 40.739167]}, "properties": {"id": "46874796", "name": "Monarch - 251 West 14th\u00a0Street", "use_type": "Multifamily Housing", "dist_m": 232.0, "status": "excluded", "reason": "insufficient data: only 1 year of LL84 records", "heat_fuel_MWh": 21.0, "steam_MWh": 0.0, "gas_MWh": 21.0, "useful_demand_MWh": 18.0, "servable_share": 1.0, "heating_system": "hydronic_assumed", "nycha": false, "n_years": 1, "source": "LL84 (S01) via outputs/features/offtakers_features.csv"}}, {"type": "Feature", "geometry": {"type": "Point", "coordinates": [-74.001119, 40.739167]}, "properties": {"id": "61947292", "name": "Monarch - 251 West 14th\u00a0Street lot 7506", "use_type": "Multifamily Housing", "dist_m": 232.0, "status": "excluded", "reason": "insufficient data: only 1 year of LL84 records", "heat_fuel_MWh": 21.0, "steam_MWh": 0.0, "gas_MWh": 21.0, "useful_demand_MWh": 18.0, "servable_share": 1.0, "heating_system": "hydronic_assumed", "nycha": false, "n_years": 1, "source": "LL84 (S01) via outputs/features/offtakers_features.csv"}}, {"type": "Feature", "geometry": {"type": "Point", "coordinates": [-74.003674, 40.749957]}, "properties": {"id": "6434656", "name": "508 W. 26th Street", "use_type": "Office", "dist_m": 934.0, "status": "excluded", "reason": "insufficient data: only 1 year of LL84 records", "heat_fuel_MWh": 21.0, "steam_MWh": 0.0, "gas_MWh": 21.0, "useful_demand_MWh": 18.0, "servable_share": 1.0, "heating_system": "hydronic_assumed", "nycha": false, "n_years": 1, "source": "LL84 (S01) via outputs/features/offtakers_features.csv"}}, {"type": "Feature", "geometry": {"type": "Point", "coordinates": [-74.000996, 40.739115]}, "properties": {"id": "6883119", "name": "245 West 14th Street", "use_type": "Multifamily Housing", "dist_m": 246.0, "status": "excluded", "reason": "heat demand below 2 GWh/yr (too small for a street connection)", "heat_fuel_MWh": 20.0, "steam_MWh": 0.0, "gas_MWh": 20.0, "useful_demand_MWh": 17.0, "servable_share": 1.0, "heating_system": "hydronic_assumed", "nycha": false, "n_years": 2, "source": "LL84 (S01) via outputs/features/offtakers_features.csv"}}, {"type": "Feature", "geometry": {"type": "Point", "coordinates": [-74.004561, 40.737539]}, "properties": {"id": "33869332", "name": "302 WEST 12 STREET", "use_type": "Multifamily Housing", "dist_m": 467.0, "status": "excluded", "reason": "insufficient data: only 1 year of LL84 records", "heat_fuel_MWh": 20.0, "steam_MWh": 0.0, "gas_MWh": 20.0, "useful_demand_MWh": 17.0, "servable_share": 1.0, "heating_system": "hydronic_assumed", "nycha": false, "n_years": 1, "source": "LL84 (S01) via outputs/features/offtakers_features.csv"}}, {"type": "Feature", "geometry": {"type": "Point", "coordinates": [-73.995287, 40.741514]}, "properties": {"id": "55272895", "name": "129 West 20th Street - CEC", "use_type": "Multifamily Housing", "dist_m": 661.0, "status": "excluded", "reason": "insufficient data: only 1 year of LL84 records", "heat_fuel_MWh": 20.0, "steam_MWh": 0.0, "gas_MWh": 20.0, "useful_demand_MWh": 17.0, "servable_share": 1.0, "heating_system": "hydronic_assumed", "nycha": false, "n_years": 1, "source": "LL84 (S01) via outputs/features/offtakers_features.csv"}}, {"type": "Feature", "geometry": {"type": "Point", "coordinates": [-73.994453, 40.742716]}, "properties": {"id": "52523893", "name": "136 West 22nd Street", "use_type": "Multifamily Housing", "dist_m": 715.0, "status": "excluded", "reason": "insufficient data: only 1 year of LL84 records", "heat_fuel_MWh": 13.0, "steam_MWh": 0.0, "gas_MWh": 13.0, "useful_demand_MWh": 11.0, "servable_share": 1.0, "heating_system": "hydronic_assumed", "nycha": false, "n_years": 1, "source": "LL84 (S01) via outputs/features/offtakers_features.csv"}}, {"type": "Feature", "geometry": {"type": "Point", "coordinates": [-73.999235, 40.74088]}, "properties": {"id": "10063237", "name": "Andrews: 227 West 17 St", "use_type": "Multifamily Housing", "dist_m": 319.0, "status": "excluded", "reason": "heat demand below 2 GWh/yr (too small for a street connection)", "heat_fuel_MWh": 11.0, "steam_MWh": 0.0, "gas_MWh": 11.0, "useful_demand_MWh": 10.0, "servable_share": 1.0, "heating_system": "hydronic_assumed", "nycha": false, "n_years": 2, "source": "LL84 (S01) via outputs/features/offtakers_features.csv"}}, {"type": "Feature", "geometry": {"type": "Point", "coordinates": [-73.995688, 40.735149]}, "properties": {"id": "6078588", "name": "31 Operating Corp. (31 West 12th Street)", "use_type": "Multifamily Housing", "dist_m": 915.0, "status": "excluded", "reason": "insufficient data: only 1 year of LL84 records", "heat_fuel_MWh": 10.0, "steam_MWh": 0.0, "gas_MWh": 10.0, "useful_demand_MWh": 8.0, "servable_share": 1.0, "heating_system": "hydronic_assumed", "nycha": false, "n_years": 1, "source": "LL84 (S01) via outputs/features/offtakers_features.csv"}}, {"type": "Feature", "geometry": {"type": "Point", "coordinates": [-73.999646, 40.736818]}, "properties": {"id": "10149691", "name": "Andrews: 171 W 12th St.", "use_type": "Multifamily Housing", "dist_m": 539.0, "status": "excluded", "reason": "heat demand below 2 GWh/yr (too small for a street connection)", "heat_fuel_MWh": 9.0, "steam_MWh": 0.0, "gas_MWh": 9.0, "useful_demand_MWh": 8.0, "servable_share": 1.0, "heating_system": "hydronic_assumed", "nycha": false, "n_years": 3, "source": "LL84 (S01) via outputs/features/offtakers_features.csv"}}, {"type": "Feature", "geometry": {"type": "Point", "coordinates": [-74.004944, 40.741508]}, "properties": {"id": "30687928", "name": "62-66 9th Avenue AKA 366 West 15th Street", "use_type": "Multifamily Housing", "dist_m": 121.0, "status": "excluded", "reason": "heat demand below 2 GWh/yr (too small for a street connection)", "heat_fuel_MWh": 8.0, "steam_MWh": 0.0, "gas_MWh": 8.0, "useful_demand_MWh": 7.0, "servable_share": 1.0, "heating_system": "hydronic_assumed", "nycha": false, "n_years": 2, "source": "LL84 (S01) via outputs/features/offtakers_features.csv"}}, {"type": "Feature", "geometry": {"type": "Point", "coordinates": [-74.007643, 40.736296]}, "properties": {"id": "6262562", "name": "123 Bank Street", "use_type": "Multifamily Housing", "dist_m": 665.0, "status": "excluded", "reason": "heat demand below 2 GWh/yr (too small for a street connection)", "heat_fuel_MWh": 8.0, "steam_MWh": 0.0, "gas_MWh": 8.0, "useful_demand_MWh": 6.0, "servable_share": 1.0, "heating_system": "hydronic_assumed", "nycha": false, "n_years": 3, "source": "LL84 (S01) via outputs/features/offtakers_features.csv"}}, {"type": "Feature", "geometry": {"type": "Point", "coordinates": [-73.993897, 40.746663]}, "properties": {"id": "4951878", "name": "AKAM - 201 West 17th Street", "use_type": "Multifamily Housing", "dist_m": 404.0, "status": "excluded", "reason": "heat demand below 2 GWh/yr (too small for a street connection)", "heat_fuel_MWh": 2.0, "steam_MWh": 0.0, "gas_MWh": 2.0, "useful_demand_MWh": 2.0, "servable_share": 1.0, "heating_system": "hydronic_assumed", "nycha": false, "n_years": 2, "source": "LL84 (S01) via outputs/features/offtakers_features.csv"}}, {"type": "Feature", "geometry": {"type": "Point", "coordinates": [-74.006272, 40.73973]}, "properties": {"id": "6699313", "name": "William Gottlieb Management", "use_type": "Retail Store", "dist_m": 318.0, "status": "excluded", "reason": "heat demand below 2 GWh/yr (too small for a street connection)", "heat_fuel_MWh": 1.0, "steam_MWh": 0.0, "gas_MWh": 1.0, "useful_demand_MWh": 1.0, "servable_share": 1.0, "heating_system": "hydronic_assumed", "nycha": false, "n_years": 3, "source": "LL84 (S01) via outputs/features/offtakers_features.csv"}}, {"type": "Feature", "geometry": {"type": "Point", "coordinates": [-73.995871, 40.746677]}, "properties": {"id": "6382013", "name": "250 West 26th Street", "use_type": "Office", "dist_m": 825.0, "status": "excluded", "reason": "heat demand below 2 GWh/yr (too small for a street connection)", "heat_fuel_MWh": 1.0, "steam_MWh": 0.0, "gas_MWh": 1.0, "useful_demand_MWh": 1.0, "servable_share": 1.0, "heating_system": "hydronic_assumed", "nycha": false, "n_years": 2, "source": "LL84 (S01) via outputs/features/offtakers_features.csv"}}, {"type": "Feature", "geometry": {"type": "Point", "coordinates": [-73.992576, 40.746089]}, "properties": {"id": "26709703", "name": "158 West 27th St", "use_type": "Office", "dist_m": 989.0, "status": "excluded", "reason": "heat demand below 2 GWh/yr (too small for a street connection)", "heat_fuel_MWh": 0.0, "steam_MWh": 0.0, "gas_MWh": 0.0, "useful_demand_MWh": 0.0, "servable_share": 1.0, "heating_system": "hydronic_assumed", "nycha": false, "n_years": 3, "source": "LL84 (S01) via outputs/features/offtakers_features.csv"}}, {"type": "Feature", "geometry": {"type": "Point", "coordinates": [-74.008058, 40.739159]}, "properties": {"id": "26619471", "name": "809 Washington Street", "use_type": "Office", "dist_m": 440.0, "status": "excluded", "reason": "heat demand below 2 GWh/yr (too small for a street connection)", "heat_fuel_MWh": 0.0, "steam_MWh": 0.0, "gas_MWh": 0.0, "useful_demand_MWh": 0.0, "servable_share": 1.0, "heating_system": "hydronic_assumed", "nycha": false, "n_years": 2, "source": "LL84 (S01) via outputs/features/offtakers_features.csv"}}, {"type": "Feature", "geometry": {"type": "Point", "coordinates": [-74.004695, 40.740679]}, "properties": {"id": "59808495", "name": "MEPA", "use_type": "Not Available", "dist_m": 133.0, "status": "excluded", "reason": "insufficient data: only 1 year of LL84 records", "heat_fuel_MWh": 0.0, "steam_MWh": 0.0, "gas_MWh": 0.0, "useful_demand_MWh": 0.0, "servable_share": 0.39, "heating_system": "steam_radiators", "nycha": false, "n_years": 1, "source": "LL84 (S01) via outputs/features/offtakers_features.csv"}}, {"type": "Feature", "geometry": {"type": "Point", "coordinates": [-73.991448, 40.739005]}, "properties": {"id": "4045044", "name": "140 5th Avenue", "use_type": "Multifamily Housing", "dist_m": 988.0, "status": "excluded", "reason": "insufficient data: only 1 year of LL84 records", "heat_fuel_MWh": 0.0, "steam_MWh": 0.0, "gas_MWh": 0.0, "useful_demand_MWh": 0.0, "servable_share": null, "heating_system": "steam_radiators", "nycha": false, "n_years": 1, "source": "LL84 (S01) via outputs/features/offtakers_features.csv"}}, {"type": "Feature", "geometry": {"type": "Point", "coordinates": [-73.999, 40.740762]}, "properties": {"id": "26278887", "name": "214 West 17 Street", "use_type": "Multifamily Housing", "dist_m": 350.0, "status": "excluded", "reason": "insufficient data: only 1 year of LL84 records", "heat_fuel_MWh": 0.0, "steam_MWh": 0.0, "gas_MWh": 0.0, "useful_demand_MWh": 0.0, "servable_share": null, "heating_system": "steam_radiators", "nycha": false, "n_years": 1, "source": "LL84 (S01) via outputs/features/offtakers_features.csv"}}, {"type": "Feature", "geometry": {"type": "Point", "coordinates": [-74.006464, 40.746984]}, "properties": {"id": "26682952", "name": "541 WEST 21 STREET", "use_type": "Office", "dist_m": 741.0, "status": "excluded", "reason": "insufficient data: only 1 year of LL84 records", "heat_fuel_MWh": 0.0, "steam_MWh": 0.0, "gas_MWh": 0.0, "useful_demand_MWh": 0.0, "servable_share": 0.39, "heating_system": "steam_radiators", "nycha": false, "n_years": 1, "source": "LL84 (S01) via outputs/features/offtakers_features.csv"}}, {"type": "Feature", "geometry": {"type": "Point", "coordinates": [-74.006135, 40.747635]}, "properties": {"id": "32478054", "name": "Hauser &amp; Wirth", "use_type": "Museum", "dist_m": 759.0, "status": "excluded", "reason": "insufficient data: only 1 year of LL84 records", "heat_fuel_MWh": 0.0, "steam_MWh": 0.0, "gas_MWh": 0.0, "useful_demand_MWh": 0.0, "servable_share": 0.39, "heating_system": "steam_radiators", "nycha": false, "n_years": 1, "source": "LL84 (S01) via outputs/features/offtakers_features.csv"}}, {"type": "Feature", "geometry": {"type": "Point", "coordinates": [-74.007174, 40.744206]}, "properties": {"id": "33030547", "name": "MMS #1981", "use_type": "Self-Storage Facility", "dist_m": 482.0, "status": "excluded", "reason": "insufficient data: only 1 year of LL84 records", "heat_fuel_MWh": 0.0, "steam_MWh": 0.0, "gas_MWh": 0.0, "useful_demand_MWh": 0.0, "servable_share": 0.39, "heating_system": "steam_radiators", "nycha": false, "n_years": 1, "source": "LL84 (S01) via outputs/features/offtakers_features.csv"}}, {"type": "Feature", "geometry": {"type": "Point", "coordinates": [-74.005991, 40.746767]}, "properties": {"id": "33030550", "name": "MMS #1992", "use_type": "Self-Storage Facility", "dist_m": 630.0, "status": "excluded", "reason": "insufficient data: only 1 year of LL84 records", "heat_fuel_MWh": 0.0, "steam_MWh": 0.0, "gas_MWh": 0.0, "useful_demand_MWh": 0.0, "servable_share": 0.39, "heating_system": "steam_radiators", "nycha": false, "n_years": 1, "source": "LL84 (S01) via outputs/features/offtakers_features.csv"}}, {"type": "Feature", "geometry": {"type": "Point", "coordinates": [-74.008055, 40.746215]}, "properties": {"id": "10063232", "name": "Andrews: 100 11th Ave", "use_type": "Multifamily Housing", "dist_m": 652.0, "status": "excluded", "reason": "insufficient data: only 1 year of LL84 records", "heat_fuel_MWh": 0.0, "steam_MWh": 0.0, "gas_MWh": 0.0, "useful_demand_MWh": 0.0, "servable_share": null, "heating_system": "steam_radiators", "nycha": false, "n_years": 1, "source": "LL84 (S01) via outputs/features/offtakers_features.csv"}}, {"type": "Feature", "geometry": {"type": "Point", "coordinates": [-73.996889, 40.742952]}, "properties": {"id": "6262473", "name": "201 West 21st Street", "use_type": "Multifamily Housing", "dist_m": 575.0, "status": "excluded", "reason": "insufficient data: only 1 year of LL84 records", "heat_fuel_MWh": 0.0, "steam_MWh": 0.0, "gas_MWh": 0.0, "useful_demand_MWh": 0.0, "servable_share": null, "heating_system": "steam_radiators", "nycha": false, "n_years": 1, "source": "LL84 (S01) via outputs/features/offtakers_features.csv"}}, {"type": "Feature", "geometry": {"type": "Point", "coordinates": [-74.001209, 40.739186]}, "properties": {"id": "51560292", "name": "76 8th Avenue", "use_type": "Office", "dist_m": 222.0, "status": "excluded", "reason": "insufficient data: only 1 year of LL84 records", "heat_fuel_MWh": 0.0, "steam_MWh": 0.0, "gas_MWh": 0.0, "useful_demand_MWh": 0.0, "servable_share": 0.39, "heating_system": "steam_radiators", "nycha": false, "n_years": 1, "source": "LL84 (S01) via outputs/features/offtakers_features.csv"}}, {"type": "Feature", "geometry": {"type": "Point", "coordinates": [-73.996575, 40.740526]}, "properties": {"id": "53351492", "name": "157 W 18th Street", "use_type": "Office", "dist_m": 528.0, "status": "excluded", "reason": "insufficient data: only 1 year of LL84 records", "heat_fuel_MWh": 0.0, "steam_MWh": 0.0, "gas_MWh": 0.0, "useful_demand_MWh": 0.0, "servable_share": 0.39, "heating_system": "steam_radiators", "nycha": false, "n_years": 1, "source": "LL84 (S01) via outputs/features/offtakers_features.csv"}}, {"type": "Feature", "geometry": {"type": "Point", "coordinates": [-73.992937, 40.744648]}, "properties": {"id": "7435863", "name": "Icon West 25 Street", "use_type": "Office", "dist_m": 933.0, "status": "excluded", "reason": "insufficient data: only 1 year of LL84 records", "heat_fuel_MWh": 0.0, "steam_MWh": 0.0, "gas_MWh": 0.0, "useful_demand_MWh": 0.0, "servable_share": 0.39, "heating_system": "steam_radiators", "nycha": false, "n_years": 1, "source": "LL84 (S01) via outputs/features/offtakers_features.csv"}}, {"type": "Feature", "geometry": {"type": "Point", "coordinates": [-73.999401, 40.744802]}, "properties": {"id": "6812204", "name": "Moore Hotel", "use_type": "Hotel", "dist_m": 485.0, "status": "excluded", "reason": "insufficient data: only 1 year of LL84 records", "heat_fuel_MWh": 0.0, "steam_MWh": 0.0, "gas_MWh": 0.0, "useful_demand_MWh": 0.0, "servable_share": 0.39, "heating_system": "steam_radiators", "nycha": false, "n_years": 1, "source": "LL84 (S01) via outputs/features/offtakers_features.csv"}}, {"type": "Feature", "geometry": {"type": "Point", "coordinates": [-74.004887, 40.749666]}, "properties": {"id": "6801920", "name": "LL84 - Winter- 550 West 25th Street", "use_type": "Parking", "dist_m": 943.0, "status": "excluded", "reason": "insufficient data: only 1 year of LL84 records", "heat_fuel_MWh": 0.0, "steam_MWh": 0.0, "gas_MWh": 0.0, "useful_demand_MWh": 0.0, "servable_share": 0.39, "heating_system": "steam_radiators", "nycha": false, "n_years": 1, "source": "LL84 (S01) via outputs/features/offtakers_features.csv"}}, {"type": "Feature", "geometry": {"type": "Point", "coordinates": [-74.005333, 40.734578]}, "properties": {"id": "6282832", "name": "Parkland: 97 Charles St", "use_type": "Parking", "dist_m": 743.0, "status": "excluded", "reason": "insufficient data: only 1 year of LL84 records", "heat_fuel_MWh": 0.0, "steam_MWh": 0.0, "gas_MWh": 0.0, "useful_demand_MWh": 0.0, "servable_share": 0.39, "heating_system": "steam_radiators", "nycha": false, "n_years": 1, "source": "LL84 (S01) via outputs/features/offtakers_features.csv"}}, {"type": "Feature", "geometry": {"type": "Point", "coordinates": [-74.006243, 40.740432]}, "properties": {"id": "15667798", "name": "URA Group - 405 W 13th Street", "use_type": "Office", "dist_m": 273.0, "status": "excluded", "reason": "insufficient data: only 1 year of LL84 records", "heat_fuel_MWh": 0.0, "steam_MWh": 0.0, "gas_MWh": 0.0, "useful_demand_MWh": 0.0, "servable_share": 0.39, "heating_system": "steam_radiators", "nycha": false, "n_years": 1, "source": "LL84 (S01) via outputs/features/offtakers_features.csv"}}, {"type": "Feature", "geometry": {"type": "Point", "coordinates": [-73.998509, 40.74699]}, "properties": {"id": "7565449", "name": "61 - St Columba - School", "use_type": "K-12 School", "dist_m": 761.0, "status": "excluded", "reason": "heat demand below 2 GWh/yr (too small for a street connection)", "heat_fuel_MWh": 0.0, "steam_MWh": 0.0, "gas_MWh": 0.0, "useful_demand_MWh": 0.0, "servable_share": 0.39, "heating_system": "steam_radiators", "nycha": false, "n_years": 2, "source": "LL84 (S01) via outputs/features/offtakers_features.csv"}}, {"type": "Feature", "geometry": {"type": "Point", "coordinates": [-74.008483, 40.734353]}, "properties": {"id": "6667548", "name": "AKAM WVH - 690 Washington Street", "use_type": "Multifamily Housing", "dist_m": 916.0, "status": "excluded", "reason": "heat demand below 2 GWh/yr (too small for a street connection)", "heat_fuel_MWh": 0.0, "steam_MWh": 0.0, "gas_MWh": 0.0, "useful_demand_MWh": 0.0, "servable_share": null, "heating_system": "steam_radiators", "nycha": false, "n_years": 2, "source": "LL84 (S01) via outputs/features/offtakers_features.csv"}}, {"type": "Feature", "geometry": {"type": "Point", "coordinates": [-74.007066, 40.741483]}, "properties": {"id": "15988908", "name": "875 Washington Street", "use_type": "Office", "dist_m": 325.0, "status": "excluded", "reason": "heat demand below 2 GWh/yr (too small for a street connection)", "heat_fuel_MWh": 0.0, "steam_MWh": 0.0, "gas_MWh": 0.0, "useful_demand_MWh": 0.0, "servable_share": 0.39, "heating_system": "steam_radiators", "nycha": false, "n_years": 3, "source": "LL84 (S01) via outputs/features/offtakers_features.csv"}}, {"type": "Feature", "geometry": {"type": "Point", "coordinates": [-73.992901, 40.743825]}, "properties": {"id": "26634247", "name": "KINSEY EQUITIES LLC : 109 West 24 Street", "use_type": "Office", "dist_m": 931.0, "status": "excluded", "reason": "heat demand below 2 GWh/yr (too small for a street connection)", "heat_fuel_MWh": 0.0, "steam_MWh": 0.0, "gas_MWh": 0.0, "useful_demand_MWh": 0.0, "servable_share": 0.39, "heating_system": "steam_radiators", "nycha": false, "n_years": 3, "source": "LL84 (S01) via outputs/features/offtakers_features.csv"}}, {"type": "Feature", "geometry": {"type": "Point", "coordinates": [-74.006536, 40.746248]}, "properties": {"id": "6333460", "name": "Eagle Point - 521-527 West 20th Street", "use_type": "Office", "dist_m": 638.0, "status": "excluded", "reason": "heat demand below 2 GWh/yr (too small for a street connection)", "heat_fuel_MWh": 0.0, "steam_MWh": 0.0, "gas_MWh": 0.0, "useful_demand_MWh": 0.0, "servable_share": 0.39, "heating_system": "steam_radiators", "nycha": false, "n_years": 3, "source": "LL84 (S01) via outputs/features/offtakers_features.csv"}}, {"type": "Feature", "geometry": {"type": "Point", "coordinates": [-74.001801, 40.734416]}, "properties": {"id": "6682900", "name": "Garage: 160 W 10th St", "use_type": "Parking", "dist_m": 802.0, "status": "excluded", "reason": "heat demand below 2 GWh/yr (too small for a street connection)", "heat_fuel_MWh": 0.0, "steam_MWh": 0.0, "gas_MWh": 0.0, "useful_demand_MWh": 0.0, "servable_share": 0.39, "heating_system": "steam_radiators", "nycha": false, "n_years": 3, "source": "LL84 (S01) via outputs/features/offtakers_features.csv"}}, {"type": "Feature", "geometry": {"type": "Point", "coordinates": [-73.996781, 40.739079]}, "properties": {"id": "6802621", "name": "Piermont: 125 West 16th St.", "use_type": "Multifamily Housing", "dist_m": 566.0, "status": "excluded", "reason": "heat demand below 2 GWh/yr (too small for a street connection)", "heat_fuel_MWh": 0.0, "steam_MWh": 0.0, "gas_MWh": 0.0, "useful_demand_MWh": 0.0, "servable_share": null, "heating_system": "steam_radiators", "nycha": false, "n_years": 3, "source": "LL84 (S01) via outputs/features/offtakers_features.csv"}}, {"type": "Feature", "geometry": {"type": "Point", "coordinates": [-74.006236, 40.747676]}, "properties": {"id": "10497534", "name": "548 West 22nd Street", "use_type": "Museum", "dist_m": 781.0, "status": "excluded", "reason": "heat demand below 2 GWh/yr (too small for a street connection)", "heat_fuel_MWh": 0.0, "steam_MWh": 0.0, "gas_MWh": 0.0, "useful_demand_MWh": 0.0, "servable_share": 0.39, "heating_system": "steam_radiators", "nycha": false, "n_years": 2, "source": "LL84 (S01) via outputs/features/offtakers_features.csv"}}, {"type": "Feature", "geometry": {"type": "Point", "coordinates": [-74.004052, 40.733436]}, "properties": {"id": "10819672", "name": "93 Christopher Street", "use_type": "Multifamily Housing", "dist_m": 872.0, "status": "excluded", "reason": "heat demand below 2 GWh/yr (too small for a street connection)", "heat_fuel_MWh": 0.0, "steam_MWh": 0.0, "gas_MWh": 0.0, "useful_demand_MWh": 0.0, "servable_share": null, "heating_system": "steam_radiators", "nycha": false, "n_years": 2, "source": "LL84 (S01) via outputs/features/offtakers_features.csv"}}, {"type": "Feature", "geometry": {"type": "Point", "coordinates": [-74.001758, 40.746666]}, "properties": {"id": "11173623", "name": "AAR: 400 W 23 St (child)", "use_type": "Multifamily Housing", "dist_m": 570.0, "status": "excluded", "reason": "heat demand below 2 GWh/yr (too small for a street connection)", "heat_fuel_MWh": 0.0, "steam_MWh": 0.0, "gas_MWh": 0.0, "useful_demand_MWh": 0.0, "servable_share": null, "heating_system": "steam_radiators", "nycha": false, "n_years": 2, "source": "LL84 (S01) via outputs/features/offtakers_features.csv"}}, {"type": "Feature", "geometry": {"type": "Point", "coordinates": [-74.008841, 40.735437]}, "properties": {"id": "15568359", "name": "AKAM WVH - 352 West 11th Street", "use_type": "Multifamily Housing", "dist_m": 832.0, "status": "excluded", "reason": "heat demand below 2 GWh/yr (too small for a street connection)", "heat_fuel_MWh": 0.0, "steam_MWh": 0.0, "gas_MWh": 0.0, "useful_demand_MWh": 0.0, "servable_share": null, "heating_system": "steam_radiators", "nycha": false, "n_years": 2, "source": "LL84 (S01) via outputs/features/offtakers_features.csv"}}, {"type": "Feature", "geometry": {"type": "Point", "coordinates": [-74.006243, 40.740432]}, "properties": {"id": "26618193", "name": "405 West 13th Street", "use_type": "Office", "dist_m": 273.0, "status": "excluded", "reason": "heat demand below 2 GWh/yr (too small for a street connection)", "heat_fuel_MWh": 0.0, "steam_MWh": 0.0, "gas_MWh": 0.0, "useful_demand_MWh": 0.0, "servable_share": 0.39, "heating_system": "steam_radiators", "nycha": false, "n_years": 2, "source": "LL84 (S01) via outputs/features/offtakers_features.csv"}}, {"type": "Feature", "geometry": {"type": "Point", "coordinates": [-73.996218, 40.734537]}, "properties": {"id": "33561235", "name": "291 7th Ave Condo : 31 WEST 11 STREET", "use_type": "Multifamily Housing", "dist_m": 942.0, "status": "excluded", "reason": "heat demand below 2 GWh/yr (too small for a street connection)", "heat_fuel_MWh": 0.0, "steam_MWh": 0.0, "gas_MWh": 0.0, "useful_demand_MWh": 0.0, "servable_share": null, "heating_system": "steam_radiators", "nycha": false, "n_years": 2, "source": "LL84 (S01) via outputs/features/offtakers_features.csv"}}, {"type": "Feature", "geometry": {"type": "Point", "coordinates": [-74.00835, 40.735843]}, "properties": {"id": "4945597", "name": "AKAM - WVH 726 Washington Street", "use_type": "Multifamily Housing", "dist_m": 776.0, "status": "excluded", "reason": "heat demand below 2 GWh/yr (too small for a street connection)", "heat_fuel_MWh": 0.0, "steam_MWh": 0.0, "gas_MWh": 0.0, "useful_demand_MWh": 0.0, "servable_share": null, "heating_system": "steam_radiators", "nycha": false, "n_years": 2, "source": "LL84 (S01) via outputs/features/offtakers_features.csv"}}, {"type": "Feature", "geometry": {"type": "Point", "coordinates": [-73.995723, 40.746633]}, "properties": {"id": "6382008", "name": "241 West 26th Street", "use_type": "Office", "dist_m": 869.0, "status": "excluded", "reason": "heat demand below 2 GWh/yr (too small for a street connection)", "heat_fuel_MWh": 0.0, "steam_MWh": 0.0, "gas_MWh": 0.0, "useful_demand_MWh": 0.0, "servable_share": 0.39, "heating_system": "steam_radiators", "nycha": false, "n_years": 2, "source": "LL84 (S01) via outputs/features/offtakers_features.csv"}}, {"type": "Feature", "geometry": {"type": "Point", "coordinates": [-73.99353, 40.738475]}, "properties": {"id": "7440717", "name": "37 West 17th Street", "use_type": "Office", "dist_m": 820.0, "status": "excluded", "reason": "insufficient data: only 1 year of LL84 records", "heat_fuel_MWh": 0.0, "steam_MWh": 0.0, "gas_MWh": 0.0, "useful_demand_MWh": 0.0, "servable_share": 0.39, "heating_system": "steam_radiators", "nycha": false, "n_years": 1, "source": "LL84 (S01) via outputs/features/offtakers_features.csv"}}]}