config_id,n_buildings,members,names,T_cov,T_lf,T_bk,E_lcoh,E_val,E_fund,N_co2,N_erf,N_gas,S_li,S_aff,S_eq,S_fac,tech_ok,F1_society,F2_operator,F3_data_center,H6_affordability,balance_max_abs,actors_gap,Q_loop_sum_gap,capex_pipe,capex_interface,crf,source_electricity_cost,electricity_cost,fence_price_per_MWh,tariff_per_MWh,capex_total,route_m,dc_net,operator_net,users_net,simple_payback_yr,nox_avoided_kg,peak_vs_ashp_MW,nycha_breakeven_tariff_per_MWh,Q_network_MWh,Q_DC_used_MWh,D_useful_connected_MWh,feasibility,failed_checks,f1_carbon_price_to_close,f1_electricity_price_to_close,f1_deficit,f1_levers,f1_closable_by_levers,funding_needed_per_household,fence_increase_for_F3,horizon,n_T_cov,n_T_lf,n_T_bk,n_E_lcoh,n_E_val,n_E_fund,n_N_co2,n_N_erf,n_N_gas,n_S_li,n_S_aff,n_S_eq,n_S_fac,score_T,score_E,score_N,score_S,pareto,overall_equal_weights
today|4040951,1,4040951,Manhattan Chelsea Market,99.2999130516335,42.545540822409876,0.7000869483664949,287.3617165471139,-2524475.7502862657,1729232.8331779847,666.8021321666056,10.436227931498832,12290.278705666025,0.0,0.0,100.00000000000004,0,True,False,False,True,,3.552713678800501e-15,0.0,0.0,8223849.72355898,4641685.208439818,0.0709524572992296,381651.7624670217,1198825.6477267295,88.71569199999999,90.86534146,22291317.89723475,194.79523679894652,228411.30438489642,-1729232.8331779847,-1023654.2214931775,inf,1864.8950524169302,1.6615809360832297,,10446.736899816122,6876.60833273913,10520.388768501818,conditionally_feasible,F1 society savings;F2 operator self-financing,3785.9443281676645,-245.48550769352659,2524475.7502862657,pipe_cost: removing it entirely closes only 23% of the gap; interface_cost: removing it entirely closes only 13% of the gap; source_side_electricity (A17 -> 0): removing it entirely closes only 15% of the gap; soft_costs (A21 -> 0): removing it entirely closes only 13% of the gap,False,,,today,0.9985716462957124,0.4263314317139217,0.9950437409429301,0.9285685860442325,0.9006282035235611,0.9244132465812216,0.18608721521816055,0.18295961473856243,0.23250242228967813,0.0,0.9542139981377245,1.0,0.0,0.8066489396508548,0.9178700120496718,0.20051641741546702,0.4885534995344311,True,0.6033972171626062
today|4769672,1,4769672,London Terrace Towers,99.44195133117897,51.328991436958226,0.5580486688210279,518.754571977829,-4667599.92417632,3933317.6420042915,650.5683963865272,9.999091055724946,11608.398193155244,0.0,0.0,0.0,0,True,False,False,True,,5.329070518200751e-15,0.0,9.094947017729282e-13,37439600.91275262,3686243.0711914427,0.0709524572992296,365665.71270138846,1116363.0258952319,88.71569199999999,90.86534146,49363848.05315426,886.8177521003549,218843.95834323968,-3933317.6420042915,-953126.2405152685,inf,1761.4282698829727,1.264963754501826,,9867.138464181957,6588.571400025017,9922.510904196446,conditionally_feasible,F1 society savings;F2 operator self-financing,7174.64904551423,-706.1991244167099,4667599.92417632,pipe_cost: removing it entirely closes only 57% of the gap; interface_cost: removing it entirely closes only 6% of the gap; source_side_electricity (A17 -> 0): removing it entirely closes only 8% of the gap; soft_costs (A21 -> 0): removing it entirely closes only 15% of the gap,False,,,today,1.0,0.5143467913380849,0.9964670483426308,0.8118839444471543,0.8162676786869136,0.8280701678688817,0.18155679976479872,0.17529608008748254,0.21960288805879086,0.0,0.9542139981377245,0.0,0.0,0.8369379465602386,0.8187405970009832,0.19215192263702405,0.2385534995344311,True,0.5215959914331693
today|7536925,1,7536925,111 Eighth Avenue,39.198156334286466,99.7945205479452,0.20547945205479456,145.7088081913294,-20787.609009530745,0.0,197.98073161261976,3.641119492521688,0.0,0.0,0.0,100.0,0,True,False,True,False,,0.0,7.275957614183426e-11,0.0,0.0,690421.6677375758,0.0709524572992296,133155.35850646684,378893.6723376131,88.71569199999999,90.86534146,1461436.861340094,0.0,-133155.35850646684,0.0,112367.74949693603,17.62786489997779,0.0,0.18049805960418838,,3471.410881531592,2399.1956487651682,8856.056524513537,conditionally_feasible,F1 society savings;F3 data-center value,104.99814219398355,209.82019986862232,20787.609009530745,interface_cost: -42% closes F1; source_side_electricity (A17 -> 0): -16% closes F1; soft_costs (A21 -> 0): -100% closes F1,True,,,today,0.3941812867664062,0.9999999999999994,1.0,1.0,0.9991817302853899,1.0,0.05525129755200195,0.06383319949904186,0.0,0.0,0.9542139981377245,0.9999999999999996,0.0,0.7980604289221352,0.9997272434284633,0.03969483235034794,0.488553499534431,True,0.5815090010588444
today|19906892,1,19906892,363 West 16th Street,99.2999130516335,42.545540822409876,0.700086948366495,299.89769120281295,-1283215.4079968573,896337.6404380633,322.2261207566587,5.043213090474837,5939.16641729549,0.0,0.0,100.00000000000004,0,True,False,False,True,,1.021405182655144e-14,2.3283064365386963e-10,0.0,2754141.8289713813,2243052.54338242,0.0709524572992296,184429.7745421173,579321.6897423696,88.71569199999999,90.86534146,11553836.750766853,65.23632213456706,110377.7042670344,-896337.6404380633,-497255.4718258283,inf,901.1937265498265,0.8029440122179182,,5048.291454701166,3323.0590007588703,5083.883056449586,conditionally_feasible,F1 society savings;F2 operator self-financing,3982.3444635201568,-269.7368460724968,1283215.4079968573,pipe_cost: removing it entirely closes only 15% of the gap; interface_cost: removing it entirely closes only 12% of the gap; source_side_electricity (A17 -> 0): removing it entirely closes only 14% of the gap; soft_costs (A21 -> 0): removing it entirely closes only 13% of the gap,False,,,today,0.9985716462957124,0.4263314317139217,0.9950437409429301,0.9222470610902855,0.9494883560103778,0.9608200521596342,0.08992496962678477,0.08841358488279336,0.11235470012296028,0.0,0.9542139981377245,1.0,0.0,0.8066489396508548,0.9441851564200991,0.09689775154417947,0.4885534995344311,True,0.5840713367873912
today|4040951+4769672,2,4040951|4769672,Manhattan Chelsea Market; London Terrace Towers,99.36885514889798,46.43341459867933,0.6311448511020131,379.5997769499176,-6782602.793144763,5253077.593864454,1317.3705285531323,20.43531898722378,23898.67689882127,0.0,0.0,51.42660724565974,0,True,False,False,True,,1.7763568394002505e-14,9.313225746154785e-10,1.8189894035458565e-12,44478860.99045241,8327928.279631259,0.0709524572992296,747317.4751684102,2315188.673621962,88.71569199999999,90.86534146,66596976.30452981,1053.5540592822292,447255.26272813627,-5253077.593864454,-1976780.4620084462,inf,3626.323322299903,2.926544690585055,,20313.87536399808,13465.179732764149,20442.899672698266,conditionally_feasible,F1 society savings;F2 operator self-financing,5148.591566409258,-428.3736983658048,6782602.793144763,pipe_cost: removing it entirely closes only 47% of the gap; interface_cost: removing it entirely closes only 9% of the gap; source_side_electricity (A17 -> 0): removing it entirely closes only 11% of the gap; soft_costs (A21 -> 0): removing it entirely closes only 14% of the gap,False,,,today,0.999264936163234,0.46529022178498136,0.9957345814508652,0.8820556329987421,0.733014102328185,0.7703819444328851,0.3676440149829591,0.35825569482604497,0.452105310348469,0.0,0.9542139981377245,0.5142660724565972,0.0,0.8200965797996935,0.7951505599199374,0.39266834005249107,0.3671200176485804,True,0.5937588743551756
today|4040951+7536925,2,4040951|7536925,Manhattan Chelsea Market; 111 Eighth Avenue,71.8302432199202,49.95835849021984,0.5771833388040551,252.03119303263722,-2545263.359295797,1829672.1567243114,864.782863779225,14.077347424020523,12290.278705666025,0.0,0.0,100.00000000000004,0,True,False,False,True,,3.552713678800501e-15,4.656612873077393e-10,1.8189894035458565e-12,8223849.72355898,5332106.876177393,0.0709524572992296,514807.1209734886,1577719.320064343,88.71569199999999,90.86534146,23752754.758574843,194.79523679894652,308102.2481020204,-1829672.1567243114,-1023693.4506735059,inf,1864.8950524169302,1.8420789956874182,,13918.147781347712,9275.8039815043,19376.445293015357,conditionally_feasible,F1 society savings;F2 operator self-financing,2943.23981880565,-136.14257870698003,2545263.359295797,pipe_cost: removing it entirely closes only 23% of the gap; interface_cost: removing it entirely closes only 15% of the gap; source_side_electricity (A17 -> 0): removing it entirely closes only 20% of the gap; soft_costs (A21 -> 0): removing it entirely closes only 13% of the gap,False,,,today,0.7223334041454855,0.5006122401902603,0.9962753076550863,0.9463847345422065,0.899809933808951,0.920022928379541,0.24133851277016238,0.24679281423760432,0.23250242228967813,0.0,0.9542139981377245,1.0,0.0,0.7397403173302773,0.9220725322435662,0.24021124976581495,0.4885534995344311,True,0.5976443997185223
today|19906892+4040951,2,4040951|19906892,Manhattan Chelsea Market; 363 West 16th Street,99.29991305163351,42.54554082240987,0.7000869483664973,266.0974559064224,-3414915.5829870463,2232794.8983199713,989.0282529232641,15.479441021973669,18229.445122961515,0.0,0.0,100.00000000000004,0,True,False,False,True,,1.7763568394002505e-14,0.0,1.8189894035458565e-12,9999662.551237224,6884737.751822237,0.0709524572992296,566081.537009139,1778147.337469099,88.71569199999999,90.86534146,28993225.646708462,236.85824766443312,338789.0086519307,-2232794.8983199713,-1520909.693319006,inf,2766.0887789667568,2.4645249483011478,,15495.028354517288,10199.667333497999,15604.271824951404,conditionally_feasible,F1 society savings;F2 operator self-financing,3452.7988183286006,-204.34895514461203,3414915.5829870463,pipe_cost: removing it entirely closes only 21% of the gap; interface_cost: removing it entirely closes only 14% of the gap; source_side_electricity (A17 -> 0): removing it entirely closes only 17% of the gap; soft_costs (A21 -> 0): removing it entirely closes only 12% of the gap,False,,,today,0.9985716462957126,0.4263314317139216,0.9950437409429301,0.9392915300481319,0.8655775179229478,0.9024019702980929,0.2760121848449453,0.27137319962135575,0.34485712241263844,0.0,0.9542139981377245,1.0,0.0,0.8066489396508548,0.9024236727563908,0.2974141689596465,0.4885534995344311,True,0.6237600702253309
today|1634606+4040951,2,4040951|1634606,Manhattan Chelsea Market; M070 (OECID: 0100079; BBL: 1007410010),99.2999130516335,42.54554082240988,0.7000869483664949,311.5425891398691,-3353760.80430957,2389420.6070529246,805.2664118416071,12.603354749710721,14842.406999640732,0.0,0.0,100.00000000000004,1,True,False,False,True,,3.552713678800501e-15,0.0,0.0,14504407.413305486,5605550.750945525,0.0709524572992296,460903.36324547755,1447766.8579610782,88.71569199999999,90.86534146,30688675.377623297,343.5604457373903,275841.8766725387,-2389420.6070529246,-1240182.0739291841,inf,2252.14838837037,2.0066152368718697,,12616.045949694622,8304.565103522118,12704.991940057984,conditionally_feasible,F1 society savings;F2 operator self-financing,4164.784169551632,-292.2643613249094,3353760.80430957,pipe_cost: removing it entirely closes only 31% of the gap; interface_cost: removing it entirely closes only 12% of the gap; source_side_electricity (A17 -> 0): removing it entirely closes only 14% of the gap; soft_costs (A21 -> 0): removing it entirely closes only 13% of the gap,False,,,today,0.9985716462957124,0.42633143171392174,0.9950437409429301,0.9163748800340005,0.8679847742491814,0.8955556806615019,0.22472901159062872,0.22095195165877662,0.2807825324933293,0.0,0.9542139981377245,1.0,0.5,0.8066489396508548,0.8933051116482279,0.24215449858091154,0.6135534995344312,True,0.6389155123536063
today|19906892+4769672,2,4769672|19906892,London Terrace Towers; 363 West 16th Street,99.39383144277393,48.00621205112177,0.6061685572260808,408.70844408572077,-5414283.344773053,4293123.29504223,972.7945171431857,15.042304146199784,17547.564610450732,0.0,0.0,33.846100864380496,0,True,False,False,True,,8.881784197001252e-15,9.313225746154785e-10,1.8189894035458565e-12,37439600.91275262,5929295.614573862,0.0709524572992296,550095.4872435058,1695684.7156376014,88.71569199999999,90.86534146,54289942.97494972,886.817752100355,329221.66261027404,-4293123.29504223,-1450381.7123410967,inf,2662.621996432799,2.067907766719744,,14915.429918883123,9911.630400783888,15006.393960646032,conditionally_feasible,F1 society savings;F2 operator self-financing,5565.700925898747,-486.84103126898776,5414283.344773053,pipe_cost: removing it entirely closes only 49% of the gap; interface_cost: removing it entirely closes only 8% of the gap; source_side_electricity (A17 -> 0): removing it entirely closes only 10% of the gap; soft_costs (A21 -> 0): removing it entirely closes only 14% of the gap,False,,,today,0.9995161007224729,0.4810505806083579,0.995984858657858,0.8673769844908289,0.7868757255673576,0.812342649484397,0.2714817693915834,0.2637096649702759,0.3319575881817511,0.0,0.9542139981377245,0.3384610086438048,0.0,0.8255171799962296,0.8221984531808612,0.2890496741812035,0.3231687516953823,True,0.5649835147634191
today|1633052+4769672,2,4769672|1633052,London Terrace Towers; M440 (OECID: 0100175; BBL: 1007420007),99.39590997484972,48.14151020866002,0.6040900251502876,413.4640735498864,-5366561.5556605365,4269807.954214899,952.2005056021171,14.719983943401136,17167.9825286043,0.0,0.0,0.0,1,True,False,False,True,,3.552713678800501e-15,9.313225746154785e-10,1.8189894035458565e-12,37439600.91275262,5785938.366386878,0.0709524572992296,538308.2711838078,1658659.2953006958,88.71569199999999,90.86534146,53975107.99064233,886.8177521003549,322167.23849898786,-4269807.954214899,-1418920.8399446248,inf,2605.025194653586,2.016590268884317,,14592.785149313657,9699.248129437978,14681.47447214487,conditionally_feasible,F1 society savings;F2 operator self-financing,5635.957473333865,-496.27690516795155,5366561.5556605365,pipe_cost: removing it entirely closes only 49% of the gap; interface_cost: removing it entirely closes only 8% of the gap; source_side_electricity (A17 -> 0): removing it entirely closes only 10% of the gap; soft_costs (A21 -> 0): removing it entirely closes only 14% of the gap,False,,,today,0.999537002686362,0.48240634800716264,0.9960056867761192,0.8649788598012754,0.7887542145624066,0.8133617898130892,0.26573451383708174,0.2580590045483713,0.3247768109511772,0.0,0.9542139981377245,0.0,0.5,0.8259830124898814,0.8223649547255905,0.2828567764455434,0.3635534995344311,True,0.5736895607988616
today|4769672+8899918,2,4769672|8899918,London Terrace Towers; 61 9th Ave,99.40355390371629,48.64515935672434,0.5964460962837186,484.3513222468207,-5929360.16601231,4913942.817178415,883.569473941101,13.645828575509617,15902.997810828212,0.0,0.0,27.004968929498396,0,True,False,False,True,,8.881784197001252e-15,9.313225746154785e-10,1.8189894035458565e-12,46356376.82304138,5308189.977272093,0.0709524572992296,499026.52187648567,1535269.4064324147,88.71569199999999,90.86534146,61842673.56457158,1098.0260709916874,298657.8603690199,-4913942.817178415,-1314075.2092029145,inf,2413.079690563749,1.845570998953166,,13517.548139203982,8991.468862639382,13598.656796815609,conditionally_feasible,F1 society savings;F2 operator self-financing,6710.689245028811,-635.3856492806233,5929360.16601231,pipe_cost: removing it entirely closes only 55% of the gap; interface_cost: removing it entirely closes only 6% of the gap; source_side_electricity (A17 -> 0): removing it entirely closes only 8% of the gap; soft_costs (A21 -> 0): removing it entirely closes only 15% of the gap,False,,,today,0.9996138709372787,0.4874532097516644,0.9960822834552214,0.8292324959275584,0.7666005816908066,0.7852059150684587,0.2465813693834931,0.23922777035448892,0.30084635192043324,0.0,0.9542139981377245,0.27004968929498385,0.0,0.8277164547147216,0.7936796642289412,0.2622184972194717,0.30606592185817705,True,0.5474201345053279
today|1634606+4769672,2,4769672|1634606,London Terrace Towers; M070 (OECID: 0100079; BBL: 1007410010),99.41632199672026,49.50837473851672,0.5836780032797546,460.1557044133093,-4988458.400005071,4085078.837684678,789.0326760615287,12.166217873936832,14160.526487129951,0.0,0.0,18.022834788623538,1,True,False,False,True,,1.0658141036401503e-14,9.313225746154785e-10,1.8189894035458565e-12,37439600.91275262,4650108.613697151,0.0709524572992296,444917.3134798443,1365304.2361295805,88.71569199999999,90.86534146,51480647.84379629,886.8177521003549,266274.5306308821,-4085078.837684678,-1169654.092951275,inf,2148.6816058364125,1.6099980552904658,,12036.447514060459,8016.528170808006,12107.114075752612,conditionally_feasible,F1 society savings;F2 operator self-financing,6322.245645015685,-589.1289304576795,4988458.400005071,pipe_cost: removing it entirely closes only 53% of the gap; interface_cost: removing it entirely closes only 7% of the gap; source_side_electricity (A17 -> 0): removing it entirely closes only 9% of the gap; soft_costs (A21 -> 0): removing it entirely closes only 15% of the gap,False,,,today,0.9997422683875806,0.4961031373935098,0.9962102272835385,0.8414336375309495,0.8036376175131513,0.8214365116854337,0.2201985961372669,0.21328841700769668,0.26788299826244205,0.0,0.9542139981377245,0.1802283478862353,0.5,0.8306852110215429,0.8221692555765115,0.23379000380246853,0.4086105865059899,True,0.5738137642266282
today|19906892+7536925,2,7536925|19906892,111 Eighth Avenue; 363 West 16th Street,61.11721135339472,56.01964463711082,0.49914880124331257,237.0723781609557,-1304003.017006388,996776.9639843897,520.2068523692787,8.684332582996527,5939.16641729549,0.0,0.0,100.00000000000003,0,True,False,False,True,,1.7763568394002505e-15,0.0,0.0,2754141.8289713813,2933474.211119996,0.0709524572992296,317585.13304858416,958215.3620799826,88.71569199999999,90.86534146,13015273.612106945,65.23632213456706,190068.6479841583,-996776.9639843897,-497294.7010061566,inf,901.1937265498265,0.9834420718221064,,8519.702336232758,5722.2546495240385,13939.939580963122,conditionally_feasible,F1 society savings;F2 operator self-financing,2506.7009614873673,-80.11232383817111,1304003.017006388,pipe_cost: removing it entirely closes only 15% of the gap; interface_cost: removing it entirely closes only 16% of the gap; source_side_electricity (A17 -> 0): removing it entirely closes only 24% of the gap; soft_costs (A21 -> 0): removing it entirely closes only 14% of the gap,False,,,today,0.6146018912063733,0.5613499050801768,0.9970572597816387,0.953928026874073,0.9486700862957677,0.9564297339579535,0.1451762671787868,0.15224678438183525,0.11235470012296028,0.0,0.9542139981377245,0.9999999999999999,0.0,0.7243363520227296,0.9530092823759313,0.13659258389452744,0.48855349953443106,True,0.5756229294569049
today|1634606+7536925,2,7536925|1634606,111 Eighth Avenue; M070 (OECID: 0100079; BBL: 1007410010),51.090424727229845,66.43857210115982,0.3962776576878759,309.8604387677744,-1163650.1016271305,1074204.536015562,336.44501128762136,5.8082463107335744,2552.1282939747075,0.0,0.0,99.99999999999999,1,True,False,False,True,,4.218847493575595e-15,0.0,0.0,6280557.689746503,1654287.2102432842,0.0709524572992296,212406.95928492266,627834.8825719617,88.71569199999999,90.86534146,13732394.34172864,148.76520893844375,127121.51600476631,-1074204.536015562,-216567.08161633482,inf,387.25333595343983,0.5255323603928285,,5640.719931410094,3827.152419548156,11040.659696069702,conditionally_feasible,F1 society savings;F2 operator self-financing,3458.663563396828,-189.46220086236355,1163650.1016271305,pipe_cost: removing it entirely closes only 38% of the gap; interface_cost: removing it entirely closes only 10% of the gap; source_side_electricity (A17 -> 0): removing it entirely closes only 18% of the gap; soft_costs (A21 -> 0): removing it entirely closes only 17% of the gap,False,,,today,0.5137713414037862,0.6657537080830013,0.9980880893601627,0.9172231392117305,0.954194845779142,0.9530452858474123,0.09389309392447014,0.10182553641925601,0.048280110203651194,0.0,0.9542139981377245,0.9999999999999994,0.5,0.7258710462823167,0.941487756946095,0.08133291351579246,0.613553499534431,True,0.5905613040696588
today|1633052+19906892,2,19906892|1633052,363 West 16th Street; M440 (OECID: 0100175; BBL: 1007420007),99.2999130516335,42.54554082240988,0.7000869483664975,317.2105550308576,-2653633.2282301267,1904284.1413977244,623.8582299722489,9.764105978151026,11498.750752744549,0.0,0.0,51.65053617566168,1,True,False,False,True,,1.7763568394002505e-15,4.656612873077393e-10,9.094947017729282e-13,11048592.808601417,4342747.838577855,0.0709524572992296,357072.33302453655,1121617.9591478333,88.71569199999999,90.86534146,24459547.66788496,261.7038643448426,213700.9844227826,-1904284.1413977244,-963050.0712551845,inf,1744.79065132044,1.554570526600409,,9773.938139832864,6433.73573017183,9842.846624398007,conditionally_feasible,F1 society savings;F2 operator self-financing,4253.583748263077,-303.2292653326192,2653633.2282301267,pipe_cost: removing it entirely closes only 30% of the gap; interface_cost: removing it entirely closes only 12% of the gap; source_side_electricity (A17 -> 0): removing it entirely closes only 13% of the gap; soft_costs (A21 -> 0): removing it entirely closes only 13% of the gap,False,,,today,0.9985716462957124,0.42633143171392174,0.99504374094293,0.9135166907984539,0.8955441338468403,0.9167615528265275,0.17410268369906784,0.1711765093436821,0.21752862301534664,0.0,0.9542139981377245,0.5165053617566165,0.5,0.8066489396508546,0.9086074591572739,0.18760260535269882,0.4926798399735852,True,0.5988847110336031
today|1634606+19906892,2,19906892|1634606,363 West 16th Street; M070 (OECID: 0100079; BBL: 1007410010),99.29991305163351,42.545540822409876,0.7000869483664949,318.0724161971825,-1965805.7698458645,1409830.7221387064,460.69040043166024,7.2103399086867235,8491.294711270197,0.0,0.0,100.00000000000003,1,True,False,False,True,,6.217248937900877e-15,0.0,9.094947017729282e-13,7222590.324403251,3206918.0858881287,0.0709524572992296,263681.3753205731,828262.8999767181,88.71569199999999,90.86534146,18139085.036840767,171.07878181595044,157808.2765546767,-1409830.7221387064,-713783.3242618348,inf,1288.4470625032661,1.1479783130065584,,7217.600504579667,4751.015771541858,7268.486228005751,conditionally_feasible,F1 society savings;F2 operator self-financing,4267.086459808872,-304.89656981865187,1965805.7698458645,pipe_cost: removing it entirely closes only 26% of the gap; interface_cost: removing it entirely closes only 12% of the gap; source_side_electricity (A17 -> 0): removing it entirely closes only 13% of the gap; soft_costs (A21 -> 0): removing it entirely closes only 13% of the gap,False,,,today,0.9985716462957126,0.4263314317139217,0.9950437409429301,0.9130820794483676,0.9226193197335403,0.9383746797354799,0.12856676599925296,0.12640592180300753,0.16063481032661148,0.0,0.9542139981377245,0.9999999999999999,0.5,0.8066489396508548,0.9246920263057959,0.13853583270962397,0.6135534995344311,True,0.6208575745501764
today|1634606+2831044+7536925,3,2831044|7536925|1634606,FULTON; 111 Eighth Avenue; M070 (OECID: 0100079; BBL: 1007410010),39.176106661393426,82.31204743504068,0.28714605865081594,721.8528349753368,-7883944.733827337,7978661.756812565,767.1586031572772,13.729621498492858,2552.1282939747075,944.0,11.432542419888735,100.0,1,True,False,False,True,True,4.218847493575595e-15,9.313225746154785e-10,0.0,14176379.845595088,3156322.251702512,0.0709524572992296,502090.820294336,1452130.5259911092,88.71569199999999,90.86534146,109877039.16790244,335.79058005688313,300491.7845571894,-7978661.756812565,-205774.76157195985,inf,387.25333595343983,0.918211824421376,92.93302227720419,13192.888455392735,9046.681446744793,33675.85393163591,conditionally_feasible,F1 society savings;F2 operator self-financing,10276.811993479045,-983.2881607974577,7883944.733827337,pipe_cost: removing it entirely closes only 13% of the gap; interface_cost: removing it entirely closes only 3% of the gap; source_side_electricity (A17 -> 0): removing it entirely closes only 6% of the gap; soft_costs (A21 -> 0): removing it entirely closes only 20% of the gap,False,8451.97220001331,,today,0.39395955265320876,0.8248153003099474,0.999181652397871,0.7094674373223298,0.6896616054115223,0.6512435299324698,0.21409410859010627,0.24069676097135348,0.048280110203651194,0.4555984555984556,1.0,0.9999999999999996,0.5,0.7393188351203425,0.6834575242221073,0.16769032658837033,0.7388996138996138,True,0.5823415749576084
today|19906892+4040951+4769672,3,4040951|4769672|19906892,Manhattan Chelsea Market; London Terrace Towers; 363 West 16th Street,99.3551247245089,45.6084480881711,0.6448752754910918,343.23876543344795,-7545983.519763242,5629580.5529241385,1639.5966493097912,25.478532077698617,29837.843316116763,0.0,0.0,61.09504943044921,0,True,False,False,True,,2.4868995751603507e-14,0.0,3.637978807091713e-12,44685121.63501846,10570980.823013678,0.0709524572992296,931747.2497105276,2894510.3633643314,88.71569199999999,90.86534146,71729331.87089133,1058.439677630221,557632.9669951705,-5629580.5529241385,-2474035.9338342743,inf,4527.51704884973,3.729488702802974,,25362.166818699247,16788.23873352302,25526.782729147853,conditionally_feasible,F1 society savings;F2 operator self-financing,4602.341388621292,-356.75361670507925,7545983.519763242,pipe_cost: removing it entirely closes only 42% of the gap; interface_cost: removing it entirely closes only 10% of the gap; source_side_electricity (A17 -> 0): removing it entirely closes only 12% of the gap; soft_costs (A21 -> 0): removing it entirely closes only 14% of the gap,False,,,today,0.9991268613949368,0.4570235704099504,0.9955969944940495,0.9003914264224803,0.7029648874799277,0.7539245676228558,0.457568984609744,0.44666927970883835,0.5644600104714294,0.0,0.9542139981377245,0.6109504943044918,0.0,0.8172491420996456,0.7857602938417546,0.4895660915966706,0.39129112311055403,True,0.6209666626621562
today|1633052+4040951+4769672,3,4040951|4769672|1633052,Manhattan Chelsea Market; London Terrace Towers; M440 (OECID: 0100175; BBL: 1007420007),99.35583655078692,45.65055643183355,0.6441634492130657,347.1106573558532,-7546937.624175873,5654941.105621955,1619.0026377687218,25.15621187489997,29458.26123427033,0.0,0.0,41.72099163601723,1,True,False,False,True,,1.4210854715202004e-14,9.313225746154785e-10,0.0,45286411.51736539,10427623.574826695,0.0709524572992296,919960.0336508295,2857484.943027425,88.71569199999999,90.86534146,72015786.76893087,1072.6822050296507,550578.5428838844,-5654941.105621955,-2442575.0614378024,inf,4469.920247070517,3.6781712049675472,,25039.522049129777,16575.856462177107,25201.86324064669,conditionally_feasible,F1 society savings;F2 operator self-financing,4661.4733343343505,-364.3268524494771,7546937.624175873,pipe_cost: removing it entirely closes only 43% of the gap; interface_cost: removing it entirely closes only 10% of the gap; source_side_electricity (A17 -> 0): removing it entirely closes only 12% of the gap; soft_costs (A21 -> 0): removing it entirely closes only 14% of the gap,False,,,today,0.9991340196040074,0.45744552086806417,0.9956041274135136,0.8984389446985847,0.7029273307438416,0.7528160287340753,0.45182172905524204,0.44101861928693376,0.5572792332408554,0.0,0.9542139981377245,0.41720991636017213,0.5,0.8173945559618617,0.7847274347255005,0.4833731938610104,0.46785597862447414,True,0.6383377907932117
today|4040951+4769672+8899918,3,4040951|4769672|8899918,Manhattan Chelsea Market; London Terrace Towers; 61 9th Ave,99.35834722034,45.799645357864364,0.6416527796600084,362.0529844389403,-7580942.272015518,5770282.006073342,1550.3716061077075,24.082056507008453,28193.27651649424,0.0,0.0,58.825650554082124,0,True,False,False,True,,3.552713678800501e-15,0.0,3.637978807091713e-12,47671032.874797076,9949875.185711911,0.0709524572992296,880678.2843435075,2734095.0541591444,88.71569199999999,90.86534146,73351197.79000305,1129.1658346691897,527069.1647539163,-5770282.006073342,-2337729.4306960916,inf,4277.974742980679,3.5071519350363953,,23964.285039020106,15868.077195378513,24119.04556531743,conditionally_feasible,F1 society savings;F2 operator self-financing,4889.758198712041,-393.54889316203116,7580942.272015518,pipe_cost: removing it entirely closes only 45% of the gap; interface_cost: removing it entirely closes only 9% of the gap; source_side_electricity (A17 -> 0): removing it entirely closes only 12% of the gap; soft_costs (A21 -> 0): removing it entirely closes only 14% of the gap,False,,,today,0.9991592671933746,0.4589394799072199,0.9956292858043678,0.8909039666757287,0.701588794240177,0.7477743454892016,0.4326685846016539,0.42218738509305137,0.5333487742101114,0.0,0.9542139981377245,0.588256505540821,0.0,0.8179093443016541,0.780089035468369,0.46273491463493893,0.38561762591963633,True,0.6115877300811496
today|1634606+4040951+4769672,3,4040951|4769672|1634606,Manhattan Chelsea Market; London Terrace Towers; M070 (OECID: 0100079; BBL: 1007410010),99.3621990399418,46.03011383261737,0.6378009600581971,365.92035373074344,-7199356.711697041,5500734.232268367,1455.8348082281336,22.60244580543567,26450.80519279598,0.0,0.0,56.11325209745657,1,True,False,False,True,,1.0658141036401503e-14,0.0,3.637978807091713e-12,45663450.63631159,9291793.822136967,0.0709524572992296,826569.0759468661,2564129.88385631,88.71569199999999,90.86534146,69898365.74103104,1081.6129888993014,494685.83501577843,-5500734.232268367,-2193308.3144444525,inf,4013.576658253343,3.2715789913736955,,22483.18441387658,14893.136503547137,22627.50284425443,conditionally_feasible,F1 society savings;F2 operator self-financing,4945.1741852904515,-401.3136628761771,7199356.711697041,pipe_cost: removing it entirely closes only 45% of the gap; interface_cost: removing it entirely closes only 9% of the gap; source_side_electricity (A17 -> 0): removing it entirely closes only 11% of the gap; soft_costs (A21 -> 0): removing it entirely closes only 14% of the gap,False,,,today,0.9991980015459314,0.46124891005917174,0.9956678833103296,0.888953765582019,0.7166092762685806,0.7595565882978427,0.40628581135542724,0.3962480317462592,0.5003854205521202,0.0,0.9542139981377245,0.5611325209745655,0.5,0.8187049316384775,0.7883732100494808,0.4343064212179355,0.5038366297780725,True,0.6363052981709916
today|19906892+4040951+7536925,3,4040951|7536925|19906892,Manhattan Chelsea Market; 111 Eighth Avenue; 363 West 16th Street,77.53959376618,47.76337636476412,0.6099262581804337,244.06282639638115,-3435703.1919965777,2333234.2218662985,1187.0089845358839,19.120560514495363,18229.445122961515,0.0,0.0,100.00000000000003,0,True,False,False,True,,1.7763568394002505e-14,0.0,0.0,9999662.551237224,7575159.419559813,0.0709524572992296,699236.8955156059,2157041.0098067126,88.71569199999999,90.86534146,30454662.508048564,236.85824766443312,418479.9523690549,-2333234.2218662985,-1520948.9224993342,inf,2766.0887789667568,2.645023007905336,,18966.439236048882,12598.86298226317,24460.328349464944,conditionally_feasible,F1 society savings;F2 operator self-financing,2894.4205450474537,-131.59833454978508,3435703.1919965777,pipe_cost: removing it entirely closes only 21% of the gap; interface_cost: removing it entirely closes only 16% of the gap; source_side_electricity (A17 -> 0): removing it entirely closes only 20% of the gap; soft_costs (A21 -> 0): removing it entirely closes only 13% of the gap,False,,,today,0.7797473071294035,0.4786172236963321,0.9959472042762977,0.9504029485157319,0.8647592482083377,0.8980116520964122,0.3312634823969472,0.33520639912039774,0.34485712241263844,0.0,0.9542139981377245,0.9999999999999999,0.0,0.7514372450340111,0.9043912829401606,0.33710900130999444,0.48855349953443106,True,0.6203727572046492
today|1634606+4040951+7536925,3,4040951|7536925|1634606,Manhattan Chelsea Market; 111 Eighth Avenue; M070 (OECID: 0100079; BBL: 1007410010),74.6135182510287,48.82351242550757,0.5937739883344769,275.75836309657797,-3374548.4133191006,2489859.9305992513,1003.2471434542267,16.24447424223241,14842.406999640732,0.0,0.0,100.00000000000004,1,True,False,False,True,,3.552713678800501e-15,4.656612873077393e-10,1.8189894035458565e-12,14504407.413305486,6295972.418683101,0.0709524572992296,594058.7217519444,1826660.5302986912,88.71569199999999,90.86534146,32150112.23896339,343.5604457373903,355532.82038966264,-2489859.9305992513,-1240221.3031095124,inf,2252.14838837037,2.1871132964760585,,16087.456831226214,10703.760752287286,21561.048464571522,conditionally_feasible,F1 society savings;F2 operator self-financing,3363.626236403099,-188.11985277545858,3374548.4133191006,pipe_cost: removing it entirely closes only 30% of the gap; interface_cost: removing it entirely closes only 13% of the gap; source_side_electricity (A17 -> 0): removing it entirely closes only 18% of the gap; soft_costs (A21 -> 0): removing it entirely closes only 14% of the gap,False,,,today,0.7503223463761055,0.4892404127744751,0.9961090595540951,0.9344198174324263,0.8671665045345713,0.8911653624598214,0.2799803091426306,0.2847851511578185,0.2807825324933293,0.0,0.9542139981377245,1.0,0.5,0.7452239395682252,0.8975838948089397,0.28184933093125947,0.6135534995344312,True,0.6345526662107139
today|1633052+19906892+4040951,3,4040951|19906892|1633052,Manhattan Chelsea Market; 363 West 16th Street; M440 (OECID: 0100175; BBL: 1007420007),99.29991305163351,42.54554082240988,0.700086948366499,282.36510420791194,-4785333.403220316,3240741.399279633,1290.660362138854,20.20033390964986,23789.029458410572,0.0,0.0,76.62962944676387,1,True,False,False,True,,1.2434497875801753e-14,0.0,0.0,18294113.53086726,8984433.047017673,0.0709524572992296,738724.0954915582,2320443.606874563,88.71569199999999,90.86534146,41898936.563826576,433.3257898747087,442112.28880767885,-3240741.399279633,-1986704.292748362,inf,3609.68570373737,3.2161514626836385,,20220.675039648988,13310.34406291096,20363.235392899827,conditionally_feasible,F1 society savings;F2 operator self-financing,3707.6627930915665,-235.81936366287988,4785333.403220316,pipe_cost: removing it entirely closes only 27% of the gap; interface_cost: removing it entirely closes only 13% of the gap; source_side_electricity (A17 -> 0): removing it entirely closes only 15% of the gap; soft_costs (A21 -> 0): removing it entirely closes only 13% of the gap,False,,,today,0.9985716462957126,0.42633143171392174,0.99504374094293,0.9310882313414655,0.8116332957594101,0.8583434709649862,0.36018989891722825,0.35413612408224454,0.45003104530502475,0.0,0.9542139981377245,0.7662962944676384,0.5,0.8066489396508548,0.867021666021954,0.38811902276816584,0.5551275731513408,True,0.6542293003980788
today|19906892+4040951+8899918,3,4040951|19906892|8899918,Manhattan Chelsea Market; 363 West 16th Street; 61 9th Ave,99.2999130516335,42.54554082240989,0.7000869483664979,265.77537571324757,-4213255.0618578,2749999.3105288595,1222.0293304778384,19.12617854175834,22524.044740634483,0.0,0.0,100.00000000000004,0,True,False,False,True,,1.0658141036401503e-14,9.313225746154785e-10,0.0,13191834.435581893,8506684.657902887,0.0709524572992296,699442.3461842361,2197053.7180062816,88.71569199999999,90.86534146,35747447.132181704,312.4700230513937,418602.9106777109,-2749999.3105288595,-1881858.6620066517,inf,3417.740199647533,3.045132192752488,,19145.43802953931,12602.564796112363,19280.417717570566,conditionally_feasible,F1 society savings;F2 operator self-financing,3447.7528131099207,-203.72587828267075,4213255.0618578,pipe_cost: removing it entirely closes only 22% of the gap; interface_cost: removing it entirely closes only 14% of the gap; source_side_electricity (A17 -> 0): removing it entirely closes only 17% of the gap; soft_costs (A21 -> 0): removing it entirely closes only 12% of the gap,False,,,today,0.9985716462957124,0.42633143171392185,0.99504374094293,0.9394539456587443,0.8341522098349399,0.8797943713544094,0.34103675446363974,0.3353048898883621,0.42610058627428077,0.0,0.9542139981377245,1.0,0.0,0.8066489396508548,0.8844668422826979,0.3674807435420942,0.4885534995344311,True,0.6367875062525196
today|1634606+19906892+4040951,3,4040951|19906892|1634606,Manhattan Chelsea Market; 363 West 16th Street; M070 (OECID: 0100079; BBL: 1007410010),99.29991305163351,42.545540822409876,0.7000869483664978,277.674514016485,-4097505.944836054,2746287.9800206143,1127.492532598265,17.646567840185558,20781.573416936222,0.0,0.0,100.00000000000004,1,True,False,False,True,,1.0658141036401503e-14,0.0,0.0,14468111.046669094,7848603.294327945,0.0709524572992296,645333.1377875948,2027088.5477034475,88.71569199999999,90.86534146,35578473.93278238,342.7007073458165,386219.580939573,-2746287.9800206143,-1737437.5457550124,inf,3153.3421149201963,2.809559249089788,,17664.33740439579,11627.624104280987,17788.87499650757,conditionally_feasible,F1 society savings;F2 operator self-financing,3634.175683091668,-226.74523157075254,4097505.944836054,pipe_cost: removing it entirely closes only 25% of the gap; interface_cost: removing it entirely closes only 14% of the gap; source_side_electricity (A17 -> 0): removing it entirely closes only 16% of the gap; soft_costs (A21 -> 0): removing it entirely closes only 12% of the gap,False,,,today,0.9985716462957126,0.4263314317139217,0.99504374094293,0.9334535586301869,0.8387084816461102,0.8799565978739388,0.3146539812174132,0.30936553654156995,0.3931372326162896,0.0,0.9542139981377245,1.0,0.5,0.8066489396508548,0.8840395460500786,0.33905225012509094,0.6135534995344312,True,0.6608235588401139
today|1633052+1634606+4040951,3,4040951|1633052|1634606,Manhattan Chelsea Market; M440 (OECID: 0100175; BBL: 1007420007); M070 (OECID: 0100079; BBL: 1007410010),99.29991305163351,42.545540822409876,0.700086948366495,301.66541934728343,-4438706.595154116,3111895.0786238615,1106.8985210571968,17.32424763738691,20401.99133508979,0.0,0.0,72.74979562467017,2,True,False,False,True,,7.105427357601002e-15,9.313225746154785e-10,3.637978807091713e-12,19272442.532160398,7705246.046140962,0.0709524572992296,633545.9217278969,1990063.1273665421,88.71569199999999,90.86534146,40067970.43396628,456.4991011437891,379165.1568282868,-3111895.0786238615,-1705976.6733585403,inf,3095.7453131409834,2.7582417512543604,,17341.692634826322,11415.241832935078,17463.955508006406,conditionally_feasible,F1 society savings;F2 operator self-financing,4010.0393222268603,-273.1565860265889,4438706.595154116,pipe_cost: removing it entirely closes only 31% of the gap; interface_cost: removing it entirely closes only 12% of the gap; source_side_electricity (A17 -> 0): removing it entirely closes only 14% of the gap; soft_costs (A21 -> 0): removing it entirely closes only 13% of the gap,False,,,today,0.9985716462957126,0.4263314317139217,0.9950437409429301,0.9213556475477427,0.8252776845480633,0.8639754916399731,0.30890672566291166,0.30371487611966536,0.38595645538571566,0.0,0.9542139981377245,0.7274979562467014,1.0,0.8066489396508548,0.8702029412452598,0.3328593523894309,0.6704279885961064,True,0.6700348054704129
today|1633052+19906892+4769672,3,4769672|19906892|1633052,London Terrace Towers; 363 West 16th Street; M440 (OECID: 0100175; BBL: 1007420007),99.37121843407168,46.578168874041516,0.6287815659283438,356.9575893423293,-6113244.976257268,4629613.607252838,1274.426626358776,19.763197033875972,23107.14894589979,0.0,0.0,25.702722699372032,1,True,False,False,True,,3.552713678800501e-15,9.313225746154785e-10,0.0,37439600.91275262,8028990.9097692985,0.0709524572992296,722738.0457259251,2237980.985043065,88.71569199999999,90.86534146,58901202.9124378,886.8177521003549,432544.94276602217,-4629613.607252838,-1916176.3117704536,inf,3506.2189212034123,2.819534281102235,,19641.076604014826,13022.307130196848,19765.357528594453,conditionally_feasible,F1 society savings;F2 operator self-financing,4796.859112810368,-384.41283093966877,6113244.976257268,pipe_cost: removing it entirely closes only 43% of the gap; interface_cost: removing it entirely closes only 9% of the gap; source_side_electricity (A17 -> 0): removing it entirely closes only 12% of the gap; soft_costs (A21 -> 0): removing it entirely closes only 14% of the gap,False,,,today,0.999288701637886,0.4667407450658928,0.9957582629632438,0.8934734252250727,0.7593622614428507,0.7976342714286045,0.35565948346386655,0.3464725894311646,0.43713151107413745,0.0,0.9542139981377245,0.2570272269937202,0.5,0.8205959032223408,0.8168233193655093,0.3797545279897228,0.42781030628286115,True,0.6112460142151086
today|19906892+4769672+8899918,3,4769672|19906892|8899918,London Terrace Towers; 363 West 16th Street; 61 9th Ave,99.37535120879376,46.83330325097306,0.624648791206253,401.03131909448314,-6596845.449907263,5194550.333514575,1205.79559469776,18.689041665984455,21842.1642281237,0.0,0.0,46.85326018101992,0,True,False,False,True,,8.881784197001252e-15,9.313225746154785e-10,3.637978807091713e-12,45378047.82174824,7551242.520654513,0.0709524572992296,683456.296418603,2114591.096174784,88.71569199999999,90.86534146,65790439.48507392,1074.852759722607,409035.5646360542,-5194550.333514575,-1811330.6810287426,inf,3314.273417113575,2.6485150111710842,,18565.839593905148,12314.527863398253,18682.539853265193,conditionally_feasible,F1 society savings;F2 operator self-financing,5470.948375425773,-470.5687394260939,6596845.449907263,pipe_cost: removing it entirely closes only 49% of the gap; interface_cost: removing it entirely closes only 8% of the gap; source_side_electricity (A17 -> 0): removing it entirely closes only 10% of the gap; soft_costs (A21 -> 0): removing it entirely closes only 14% of the gap,False,,,today,0.9993302613082943,0.4692973421168197,0.9957996758053457,0.8712483338305961,0.7403261317283912,0.7729402382100237,0.33650633901027793,0.3276413552372823,0.41320105204339347,0.0,0.9542139981377245,0.468532601810199,0.0,0.8214757597434866,0.7948382345896704,0.3591162487636512,0.35568664998698085,True,0.5827792232709472
today|1634606+19906892+4769672,3,4769672|19906892|1634606,London Terrace Towers; 363 West 16th Street; M070 (OECID: 0100079; BBL: 1007410010),99.38189645066294,47.24265049839324,0.618103549337066,385.8612541599361,-5811401.677233336,4521144.3473541485,1111.258796818187,17.209430964411666,20099.69290442544,0.0,0.0,42.24589276884242,1,True,False,False,True,,7.105427357601002e-15,0.0,1.8189894035458565e-12,38381633.54740936,6893161.15707957,0.0709524572992296,629347.0880219615,1944625.92587195,88.71569199999999,90.86534146,57348775.400248505,909.1313249778616,376652.2348979163,-4521144.3473541485,-1666909.5647771033,inf,3049.8753323862384,2.412942067508384,,17084.738968761623,11339.587171566875,17190.9971322022,conditionally_feasible,F1 society savings;F2 operator self-financing,5229.566410518269,-441.43411099351613,5811401.677233336,pipe_cost: removing it entirely closes only 47% of the gap; interface_cost: removing it entirely closes only 8% of the gap; source_side_electricity (A17 -> 0): removing it entirely closes only 11% of the gap; soft_costs (A21 -> 0): removing it entirely closes only 14% of the gap,False,,,today,0.999396081033084,0.4733992431547982,0.9958652629922298,0.8788981533835686,0.7712438217529396,0.8023755873718207,0.31012356576405153,0.30170200189049,0.3802376983854023,0.0,0.9542139981377245,0.42245892768842397,0.5,0.8228868623933706,0.8175058541694429,0.3306877553466479,0.4691682314565371,True,0.6100621758414996
today|1633052+4769672+8899918,3,4769672|1633052|8899918,London Terrace Towers; M440 (OECID: 0100175; BBL: 1007420007); 61 9th Ave,99.37668642147116,46.91627994405479,0.6233135785288519,409.04082800480967,-6628321.797496525,5250433.129389022,1185.201583156691,18.366721463185797,21462.58214627727,0.0,0.0,20.0097061406839,1,True,False,False,True,,1.7763568394002505e-15,9.313225746154785e-10,0.0,46356376.82304138,7407885.2724675285,0.0709524572992296,671669.0803589047,2077565.6758378777,88.71569199999999,90.86534146,66453933.502059646,1098.0260709916874,401981.1405247679,-5250433.129389022,-1779869.8086322704,inf,3256.6766153343624,2.5971975133356566,,18243.194824335682,12102.145592052337,18357.620364764032,conditionally_feasible,F1 society savings;F2 operator self-financing,5592.569139034148,-486.2748122755643,6628321.797496525,pipe_cost: removing it entirely closes only 50% of the gap; interface_cost: removing it entirely closes only 8% of the gap; source_side_electricity (A17 -> 0): removing it entirely closes only 10% of the gap; soft_costs (A21 -> 0): removing it entirely closes only 14% of the gap,False,,,today,0.9993436883645771,0.47012881755881925,0.9958130554244878,0.8672093730129407,0.7390871175662996,0.7704975370126662,0.3307590834557761,0.3219906948153775,0.40602027481281955,0.0,0.9542139981377245,0.20009706140683892,0.5,0.8217618537826281,0.7922646758639688,0.35292335102799105,0.41357776488614084,True,0.5951319113901822
today|1633052+1634606+4769672,3,4769672|1633052|1634606,London Terrace Towers; M440 (OECID: 0100175; BBL: 1007420007); M070 (OECID: 0100079; BBL: 1007410010),99.38347583412367,47.342411132430954,0.6165241658763134,385.01210585119935,-5687420.031489287,4421569.149895286,1090.664785277118,16.887110761613016,19720.11082257901,0.0,0.0,12.94175431840164,2,True,False,False,True,,1.0658141036401503e-14,9.313225746154785e-10,1.8189894035458565e-12,37439600.91275262,6749803.908892587,0.0709524572992296,617559.8719622634,1907600.505535044,88.71569199999999,90.86534146,56091907.78128437,886.8177521003549,369597.81078663014,-4421569.149895286,-1635448.6923806313,inf,2992.2785306070255,2.361624569672957,,16762.094199192154,11127.204900220962,16866.077643701035,conditionally_feasible,F1 society savings;F2 operator self-financing,5214.636163433312,-439.88242419053324,5687420.031489287,pipe_cost: removing it entirely closes only 47% of the gap; interface_cost: removing it entirely closes only 8% of the gap; source_side_electricity (A17 -> 0): removing it entirely closes only 11% of the gap; soft_costs (A21 -> 0): removing it entirely closes only 14% of the gap,False,,,today,0.9994119634995843,0.474398903591964,0.9958810893467439,0.8793263540118174,0.7761241533886444,0.8067281336296412,0.3043763102095497,0.2960513414685853,0.37305692115482836,0.0,0.9542139981377245,0.12941754318401635,1.0,0.8232306521460974,0.820726213676701,0.3244948576109878,0.5209078853304352,True,0.6223399021910554
today|1634606+4769672+8899918,3,4769672|8899918|1634606,London Terrace Towers; 61 9th Ave; M070 (OECID: 0100079; BBL: 1007410010),99.38920869654005,47.70779327169593,0.6107913034599637,444.1462700024519,-6250218.641841061,5065704.012858803,1022.0337536161028,15.812955393721499,18455.12610480292,0.0,0.0,37.09932878684489,1,True,False,False,True,,5.329070518200751e-15,9.313225746154785e-10,0.0,46356376.82304138,6272055.519777802,0.0709524572992296,578278.1226549413,1784210.6166667629,88.71569199999999,90.86534146,63959473.35521363,1098.0260709916874,346088.4326566622,-5065704.012858803,-1530603.061638921,inf,2800.3330265171885,2.190605299741806,,15686.857189082484,10419.425633422366,15783.259968371774,conditionally_feasible,F1 society savings;F2 operator self-financing,6115.47184202761,-555.682032338152,6250218.641841061,pipe_cost: removing it entirely closes only 53% of the gap; interface_cost: removing it entirely closes only 7% of the gap; source_side_electricity (A17 -> 0): removing it entirely closes only 9% of the gap; soft_costs (A21 -> 0): removing it entirely closes only 15% of the gap,False,,,today,0.9994696138407093,0.47806024829564875,0.9959385360120003,0.8495067265333114,0.7539705205170442,0.7785722588850106,0.28522316575596135,0.277220107274703,0.34912646212408444,0.0,0.9542139981377245,0.37099328786844876,0.5,0.8244894660494527,0.7940165019784553,0.30385657838491625,0.4563018215015433,True,0.5946660919785919
today|1633052+19906892+7536925,3,7536925|19906892|1633052,111 Eighth Avenue; 363 West 16th Street; M440 (OECID: 0100175; BBL: 1007420007),70.8348982605189,50.39863140654045,0.5709323184568035,272.2624733140132,-2674420.8372396575,2004723.4649440513,821.8389615848685,13.405225470672717,11498.750752744549,0.0,0.0,64.32221848205485,1,True,False,False,True,,2.6645352591003757e-15,4.656612873077393e-10,1.8189894035458565e-12,11048592.808601417,5033169.506315431,0.0709524572992296,490227.69153100345,1500511.6314854466,88.71569199999999,90.86534146,25920984.529225055,261.7038643448426,293391.9281399065,-2004723.4649440513,-963089.300435513,inf,1744.79065132044,1.7350685862045974,,13245.349021364458,8832.931378936999,18698.903148911544,conditionally_feasible,F1 society savings;F2 operator self-financing,3254.1908600709235,-173.67932257842176,2674420.8372396575,pipe_cost: removing it entirely closes only 29% of the gap; interface_cost: removing it entirely closes only 13% of the gap; source_side_electricity (A17 -> 0): removing it entirely closes only 18% of the gap; soft_costs (A21 -> 0): removing it entirely closes only 14% of the gap,False,,,today,0.7123240977503764,0.5050240346846192,0.9963379465686553,0.9361826922868904,0.8947258641322302,0.9123712346248468,0.22935398125106976,0.23500970884272399,0.21752862301534664,0.0,0.9542139981377245,0.6432221848205483,0.5,0.7378953596678836,0.9144265970146558,0.22729743770304678,0.5243590457395682,True,0.6009946100312886
today|1634606+19906892+7536925,3,7536925|19906892|1634606,111 Eighth Avenue; 363 West 16th Street; M070 (OECID: 0100079; BBL: 1007410010),66.29032246164758,52.68731407212662,0.539994458847374,262.0948442031043,-1986593.378855395,1510270.0456850326,658.6711320442801,10.851459401208412,8491.294711270197,0.0,0.0,100.00000000000003,1,True,False,False,True,,6.217248937900877e-15,2.3283064365386963e-10,9.094947017729282e-13,7222590.324403251,3897339.753625704,0.0709524572992296,396836.73382704,1207156.5723143313,88.71569199999999,90.86534146,19600521.898180857,171.07878181595044,237499.2202718007,-1510270.0456850326,-713822.5534421632,inf,1288.4470625032661,1.3284763726107465,,10689.01138611126,7150.211420307027,16124.542752519288,conditionally_feasible,F1 society savings;F2 operator self-financing,3016.0626179102737,-143.34095097571117,1986593.378855395,pipe_cost: removing it entirely closes only 26% of the gap; interface_cost: removing it entirely closes only 14% of the gap; source_side_electricity (A17 -> 0): removing it entirely closes only 20% of the gap; soft_costs (A21 -> 0): removing it entirely closes only 14% of the gap,False,,,today,0.6666233071078418,0.5279579858977682,0.9966479621831354,0.9413099299299458,0.9218010500189302,0.9339843615337994,0.1838180635512549,0.1902391213020494,0.16063481032661148,0.0,0.9542139981377245,0.9999999999999999,0.5,0.7304097517295819,0.9323651138275585,0.17823066505997195,0.6135534995344311,True,0.6136397575378858
today|1633052+1634606+7536925,3,7536925|1633052|1634606,111 Eighth Avenue; M440 (OECID: 0100175; BBL: 1007420007); M070 (OECID: 0100079; BBL: 1007410010),65.61147973793801,53.07460855277733,0.5350034260119874,294.10394467903666,-2248595.8924716767,1796679.0075864994,638.0771205032111,10.529139198409762,8111.712629423765,0.0,0.0,54.41366430557354,2,True,False,False,True,,4.440892098500626e-15,4.656612873077393e-10,9.094947017729282e-13,11048592.808601417,3753982.5054387203,0.0709524572992296,385049.5177673419,1170131.1519774252,88.71569199999999,90.86534146,23111689.398071628,261.7038643448426,230444.79616051447,-1796679.0075864994,-682361.6810456912,inf,1230.8502607240532,1.2771588747753193,,10366.366616541793,6937.829148961116,15799.623264018126,conditionally_feasible,F1 society savings;F2 operator self-financing,3524.018994284502,-204.60883550115312,2248595.8924716767,pipe_cost: removing it entirely closes only 35% of the gap; interface_cost: removing it entirely closes only 12% of the gap; source_side_electricity (A17 -> 0): removing it entirely closes only 17% of the gap; soft_costs (A21 -> 0): removing it entirely closes only 15% of the gap,False,,,today,0.6597967845524993,0.531838905195984,0.9966979752781229,0.9251686778159739,0.9114877560780237,0.9214650968258835,0.1780708079967531,0.18458846088014474,0.15345403309603753,0.0,0.9542139981377245,0.5441366430557352,1.0,0.7294445550088687,0.9193738435732938,0.17203776732431178,0.6245876602983649,True,0.6113609565512098
today|1633052+1634606+19906892,3,19906892|1633052|1634606,363 West 16th Street; M440 (OECID: 0100175; BBL: 1007420007); M070 (OECID: 0100079; BBL: 1007410010),99.29991305163354,42.545540822409876,0.7000869483664952,301.14699423932257,-3050751.560690409,2132305.1937096436,762.3225096472504,11.93123279636291,14050.879046719256,0.0,0.0,60.4324802956213,2,True,False,False,True,,7.993605777301127e-15,4.656612873077393e-10,0.0,11990625.443258163,5306613.381083564,0.0709524572992296,436323.93380299234,1370559.1693821817,88.71569199999999,90.86534146,27518380.09318375,284.01743722234926,261131.55671042483,-2132305.1937096436,-1179577.923691191,inf,2132.04398727388,1.899604827389049,,11943.24718971137,7861.692500954817,12027.449795954173,conditionally_feasible,F1 society savings;F2 operator self-financing,4001.9171965708892,-272.15367216766566,3050751.560690409,pipe_cost: removing it entirely closes only 28% of the gap; interface_cost: removing it entirely closes only 12% of the gap; source_side_electricity (A17 -> 0): removing it entirely closes only 14% of the gap; soft_costs (A21 -> 0): removing it entirely closes only 13% of the gap,False,,,today,0.9985716462957128,0.4263314317139217,0.9950437409429301,0.9216170741497212,0.879912230032422,0.9067944907139511,0.212744480071536,0.2091688462638962,0.26580873321899784,0.0,0.9542139981377245,0.6043248029562128,1.0,0.8066489396508549,0.9027745982986981,0.22924068651814333,0.6396347002734843,True,0.6445747311852952
today|1634606+2831044+4473909+7536925,4,2831044|4473909|7536925|1634606,FULTON; ELLIOTT/CHELSEA ADDITION CAMPUS; 111 Eighth Avenue; M070 (OECID: 0100079; BBL: 1007410010),39.692959606467795,86.8865200476203,0.2627511332153955,1003.295654180341,-16982572.421254817,17038900.26060802,1167.201167768037,19.628696452936477,9168.746529717224,1647.0,-95.14650289888478,100.00000000000004,1,True,False,False,True,False,2.886579864025407e-15,3.725290298461914e-09,0.0,64097980.82174391,4274892.838721408,0.0709524572992296,717819.3735672361,2065986.2858678682,88.71569199999999,90.86534146,225517837.53519386,1518.264775283669,429601.21124400455,-17038900.26060802,-373273.371890798,inf,1391.2418464726709,1.2106415524002625,34.87255820747178,18817.01395577387,12933.682406616867,47406.42709017777,conditionally_feasible,F1 society savings;F2 operator self-financing;H6 NYCHA affordability,14549.824734779428,-1602.8577463014637,16982572.421254817,pipe_cost: removing it entirely closes only 27% of the gap; interface_cost: removing it entirely closes only 2% of the gap; source_side_electricity (A17 -> 0): removing it entirely closes only 4% of the gap; soft_costs (A21 -> 0): removing it entirely closes only 19% of the gap,False,10345.41606594294,,today,0.3991570868744858,0.8706542159885077,0.9994261039499349,0.5675440645030667,0.33150923311505304,0.2552100979028915,0.325735633453358,0.34411463264521425,0.17345056435022582,0.7948841698841699,0.5731633272616882,1.0,0.5,0.7564124689376429,0.38475446517367046,0.28110027681626604,0.7170118742864645,True,0.534819771303511
today|1634606+2831044+4040951+7536925,4,2831044|4040951|7536925|1634606,FULTON; Manhattan Chelsea Market; 111 Eighth Avenue; M070 (OECID: 0100079; BBL: 1007410010),53.48786211443081,58.64143587450704,0.47005412415746806,499.2018187548114,-9684048.275230348,8983522.381107295,1433.9607353238825,24.16584942999169,14842.406999640732,944.0,11.432542419888613,100.0,1,True,False,False,True,True,1.7763568394002505e-14,1.862645149230957e-09,1.8189894035458565e-12,17325710.721992813,7798007.460142329,0.0709524572992296,883742.5827613578,2650956.1737178387,88.71569199999999,90.86534146,123220238.21797591,410.3875965938828,528903.0889420856,-8983522.381107295,-1229428.9830651376,inf,2252.14838837037,2.579792760504606,92.93302227720417,23639.62535520886,15923.289779483923,44196.24270013773,conditionally_feasible,F1 society savings;F2 operator self-financing,6753.356655224631,-588.9748242597552,9684048.275230348,pipe_cost: removing it entirely closes only 13% of the gap; interface_cost: removing it entirely closes only 6% of the gap; source_side_electricity (A17 -> 0): removing it entirely closes only 9% of the gap; soft_costs (A21 -> 0): removing it entirely closes only 18% of the gap,False,9516.443200325524,,today,0.5378802547457681,0.5876218008015116,0.9973488056192868,0.8217438253748395,0.6188035182492541,0.6073199178129747,0.40018132380826676,0.42365637570991593,0.2807825324933293,0.4555984555984556,0.9999999999999996,0.9999999999999996,0.5,0.7076169537221889,0.6826224204790229,0.3682067440038373,0.7388996138996137,True,0.6243364330261657
today|1634606+19906892+2831044+4040951,4,2831044|4040951|19906892|1634606,FULTON; Manhattan Chelsea Market; 363 West 16th Street; M070 (OECID: 0100079; BBL: 1007410010),62.37992959989003,51.74170161353345,0.5524704972069879,486.57135722429734,-10407005.8067473,9239950.43052866,1558.2061244679212,25.56794302794484,20781.573416936222,944.0,11.432542419888613,100.00000000000003,1,True,False,False,True,True,1.0658141036401503e-14,0.0,0.0,17289414.355356425,9350638.335787173,0.0709524572992296,935016.9987970082,2851384.1911225957,88.71569199999999,90.86534146,126648599.91179492,409.527858202309,559589.8494919961,-9239950.43052866,-1726645.2257106379,inf,3153.3421149201963,3.2022387131183354,92.93302227720417,25216.505928378432,16847.153131477626,40424.06923207378,conditionally_feasible,F1 society savings;F2 operator self-financing,6678.837698896203,-588.2574519038451,10407005.8067473,pipe_cost: removing it entirely closes only 12% of the gap; interface_cost: removing it entirely closes only 6% of the gap; source_side_electricity (A17 -> 0): removing it entirely closes only 9% of the gap; soft_costs (A21 -> 0): removing it entirely closes only 17% of the gap,False,9788.083083187139,,today,0.6272999349353221,0.5184823909111791,0.9965229449147412,0.8281129972930926,0.5903454953607931,0.596111153227092,0.4348549958830495,0.4482367610936674,0.3931372326162896,0.4555984555984556,0.9999999999999996,0.9999999999999999,0.5,0.7141017569204141,0.6715232152936593,0.4254096631976689,0.7388996138996138,True,0.637483562327839
today|1633052+1634606+2831044+4040951,4,2831044|4040951|1633052|1634606,FULTON; Manhattan Chelsea Market; M440 (OECID: 0100175; BBL: 1007420007); M070 (OECID: 0100079; BBL: 1007410010),62.08077058491531,51.88488571884724,0.5505543863811914,505.9915016942292,-10748206.45706536,9605557.529131906,1537.6121129268522,25.245622825146196,20401.99133508979,944.0,11.432542419888613,81.0168191467579,2,True,False,False,True,True,7.105427357601002e-15,1.862645149230957e-09,0.0,22093745.840847727,9207281.08760019,0.0709524572992296,923229.7827373103,2814358.7707856894,88.71569199999999,90.86534146,131138096.41297881,523.3262520002816,552535.42538071,-9605557.529131906,-1695184.3533141655,inf,3095.7453131409834,3.1509212152829087,92.93302227720417,24893.861158808966,16634.770860131717,40099.14974357261,conditionally_feasible,F1 society savings;F2 operator self-financing,6990.193668939104,-625.831434370529,10748206.45706536,pipe_cost: removing it entirely closes only 15% of the gap; interface_cost: removing it entirely closes only 6% of the gap; source_side_electricity (A17 -> 0): removing it entirely closes only 9% of the gap; soft_costs (A21 -> 0): removing it entirely closes only 17% of the gap,False,10175.378738487188,,today,0.6242915565701549,0.5199171801614065,0.9965421454762077,0.8183199870766817,0.5769146982627461,0.5801300469931264,0.42910774032854765,0.44258610067176285,0.38595645538571566,0.4555984555984556,0.9999999999999996,0.8101681914675786,1.0,0.7135836274025897,0.658454910777518,0.41921676546200876,0.8164416617665085,True,0.6519242413521562
today|1633052+1634606+2831044+4769672,4,2831044|4769672|1633052|1634606,FULTON; London Terrace Towers; M440 (OECID: 0100175; BBL: 1007420007); M070 (OECID: 0100079; BBL: 1007410010),61.5531135237609,56.88996856957617,0.48921399663693443,585.216065493553,-12407714.66368949,11326026.370692289,1521.3783771467733,24.808485949372308,19720.11082257901,944.0,11.432542419888613,39.982613022418526,2,True,False,False,True,True,1.0658141036401503e-14,1.862645149230957e-09,3.637978807091713e-12,45335423.0686012,8251838.950351815,0.0709524572992296,907243.7329716771,2731896.1489541917,88.71569199999999,90.86534146,152236552.60745814,1073.8431232187943,542968.0793390532,-11326026.370692289,-1624656.3723362568,inf,2992.2785306070255,2.754304033701505,92.93302227720417,24314.2627231748,16346.733927417605,39501.27187926724,conditionally_feasible,F1 society savings;F2 operator self-financing,8155.574477770082,-786.2786845296198,12407714.66368949,pipe_cost: removing it entirely closes only 26% of the gap; interface_cost: removing it entirely closes only 5% of the gap; source_side_electricity (A17 -> 0): removing it entirely closes only 7% of the gap; soft_costs (A21 -> 0): removing it entirely closes only 18% of the gap,False,11997.909290987594,,today,0.6189853748823367,0.5700710645956154,0.9971568123878523,0.7783693593211203,0.5115909130210248,0.5049263777146986,0.42457732487518574,0.43492256602068297,0.37305692115482836,0.4555984555984556,0.9999999999999996,0.3998261302241851,1.0,0.7287377506219347,0.5982955500189479,0.4108522706835657,0.7138561464556601,True,0.6129354294450271
today|1634606+2830989+2831044+7536925,4,2831044|7536925|2830989|1634606,FULTON; 111 Eighth Avenue; CHELSEA; M070 (OECID: 0100079; BBL: 1007410010),39.35869821666849,85.39673605930587,0.2704225876366205,960.606024581121,-14144506.08256307,14216014.85086322,1009.0051038110082,17.29591859043957,6552.217554558732,1369.0,-66.08421218290246,100.0,1,True,False,False,True,False,5.995204332975845e-15,1.862645149230957e-09,1.8189894035458565e-12,53744417.00169191,3832556.2481221855,0.0709524572992296,632509.9314479386,1823238.2044372295,88.71569199999999,90.86534146,189175743.31010965,1273.0238013074047,378545.1363948798,-14216014.85086322,-307036.36809472827,inf,994.2165179885368,1.0950007780359234,50.70465804334997,16592.964326889156,11396.575341404297,42158.315896388056,conditionally_feasible,F1 society savings;F2 operator self-financing;H6 NYCHA affordability,14018.270105016643,-1500.2545812647863,14144506.08256307,pipe_cost: removing it entirely closes only 27% of the gap; interface_cost: removing it entirely closes only 2% of the gap; source_side_electricity (A17 -> 0): removing it entirely closes only 4% of the gap; soft_costs (A21 -> 0): removing it entirely closes only 19% of the gap,False,10384.232907862104,,today,0.39579571488485055,0.8557257010747186,0.999349231448528,0.5890711947181504,0.44322500244384455,0.37860166166571396,0.28158720683602656,0.30321823388940583,0.12395214862796729,0.6607142857142857,0.6895544192841493,0.9999999999999996,0.5,0.7502902158026991,0.47029928627590295,0.23625252978446656,0.7125671762496086,True,0.5423523020281693
today|1634606+19906892+2831044+7536925,4,2831044|7536925|19906892|1634606,FULTON; 111 Eighth Avenue; 363 West 16th Street; M070 (OECID: 0100079; BBL: 1007410010),47.06218702077655,65.79191923795888,0.40177179196861956,575.5014022718442,-8627689.874353819,8335529.129780253,1089.3847239139354,18.772834588967697,8491.294711270197,944.0,11.432542419888613,100.00000000000003,1,True,False,False,True,True,9.769962616701378e-15,0.0,0.0,14140083.478958696,5399374.795084933,0.0709524572992296,686520.5948364533,2031452.2157334783,88.71569199999999,90.86534146,114766837.7230615,334.93084166530934,410869.48882422375,-8335529.129780253,-703030.2333977884,inf,1288.4470625032661,1.7211558366392943,92.93302227720417,18241.1799100939,12369.740447503664,38759.7369880855,conditionally_feasible,F1 society savings;F2 operator self-financing,7919.782318368025,-720.8462738489718,8627689.874353819,pipe_cost: removing it entirely closes only 12% of the gap; interface_cost: removing it entirely closes only 4% of the gap; source_side_electricity (A17 -> 0): removing it entirely closes only 8% of the gap; soft_costs (A21 -> 0): removing it entirely closes only 19% of the gap,False,8830.009671377387,,today,0.473262907563447,0.6592738647043234,0.9980330348917351,0.7832681795295118,0.6603853128084514,0.6356444471449065,0.30401907821689095,0.3291103458541469,0.16063481032661148,0.4555984555984556,0.9999999999999996,0.9999999999999999,0.5,0.7101899357198351,0.6930993131609565,0.2645880781325498,0.7388996138996138,True,0.6016942352282388
today|1633052+1634606+2831044+7536925,4,2831044|7536925|1633052|1634606,FULTON; 111 Eighth Avenue; M440 (OECID: 0100175; BBL: 1007420007); M070 (OECID: 0100079; BBL: 1007410010),46.62058078126225,66.4259614210816,0.39638384040195346,604.0827115136038,-8968890.52467188,8701136.228383502,1068.790712372867,18.450514386169047,8111.712629423766,944.0,11.432542419888613,73.62704792511633,2,True,False,False,True,True,1.7763568394002505e-15,0.0,1.8189894035458565e-12,18944414.96445,5256017.546897948,0.0709524572992296,674733.3787767553,1994426.795396573,88.71569199999999,90.86534146,119256334.22424541,448.72923546328195,403815.0647129376,-8701136.228383502,-671569.3610013162,inf,1230.8502607240534,1.669838338803867,92.93302227720417,17918.535140524433,12157.358176157753,38434.81749958433,conditionally_feasible,F1 society savings;F2 operator self-financing,8391.624684649132,-776.3287935525592,8968890.52467188,pipe_cost: removing it entirely closes only 15% of the gap; interface_cost: removing it entirely closes only 4% of the gap; source_side_electricity (A17 -> 0): removing it entirely closes only 8% of the gap; soft_costs (A21 -> 0): removing it entirely closes only 19% of the gap,False,9217.305326677439,,today,0.46882206309486263,0.6656273416251138,0.9980870253466928,0.7688554621660383,0.6469545157104043,0.6196633409109409,0.2982718226623892,0.32345968543224224,0.15345403309603756,0.4555984555984556,0.9999999999999996,0.736270479251163,1.0,0.7108454766888898,0.6784911062624612,0.2583951803968897,0.7979672337124045,True,0.6114247492651612
today|1634606+2831044+7536925+8899918,4,2831044|7536925|8899918|1634606,FULTON; 111 Eighth Avenue; 61 9th Ave; M070 (OECID: 0100079; BBL: 1007410010),45.09343063199876,68.81361102717702,0.3769330459494885,637.8482577644307,-8937230.28599082,8750812.242314184,1000.1596807118508,17.376359018277522,6846.727911647677,944.0,11.432542419888613,100.0,1,True,False,False,True,True,7.549516567451064e-15,1.862645149230957e-09,1.8189894035458565e-12,20517882.606337484,4778269.157783163,0.0709524572992296,635451.629469433,1871036.9065282915,88.71569199999999,90.86534146,119780591.52977338,485.9993719808433,380305.6865829695,-8750812.242314184,-566723.7302596059,inf,1038.9047566342163,1.498819068872716,92.93302227720417,16843.298130414758,11449.578909359154,37351.99982425507,conditionally_feasible,F1 society savings;F2 operator self-financing,8935.803410541266,-838.4094000323032,8937230.28599082,pipe_cost: removing it entirely closes only 16% of the gap; interface_cost: removing it entirely closes only 4% of the gap; source_side_electricity (A17 -> 0): removing it entirely closes only 7% of the gap; soft_costs (A21 -> 0): removing it entirely closes only 19% of the gap,False,9269.92822279045,,today,0.4534648609400346,0.6895529999977927,0.9982819337880148,0.7518284858781424,0.6482007684400068,0.6174919452817558,0.2791186782088006,0.30462845123835974,0.1295235740652936,0.4555984555984556,0.9999999999999996,0.9999999999999996,0.5,0.7137665982419473,0.6725070665333016,0.23775690117081796,0.7388996138996137,True,0.5907325449614201
today|19906892+4040951+4769672+7536925,4,4040951|4769672|7536925|19906892,Manhattan Chelsea Market; London Terrace Towers; 111 Eighth Avenue; 363 West 16th Street,83.86037432077511,48.930524405623686,0.5921793218428305,319.4571990205754,-7566771.128772771,5730019.876470465,1837.577380922411,29.119651570220306,29837.843316116763,0.0,0.0,65.77900055703819,0,True,False,False,True,,2.4868995751603507e-14,2.7939677238464355e-09,0.0,44685121.63501846,11261402.490751255,0.0709524572992296,1064902.6082169942,3273404.0357019445,88.71569199999999,90.86534146,73190768.73223142,1058.439677630221,637323.9107122945,-5730019.876470465,-2474075.163014603,inf,4527.51704884973,3.9099867624071623,,28833.577700230842,19187.434382288186,34382.83925366139,conditionally_feasible,F1 society savings;F2 operator self-financing,4117.797273372221,-291.17318982511006,7566771.128772771,pipe_cost: removing it entirely closes only 42% of the gap; interface_cost: removing it entirely closes only 11% of the gap; source_side_electricity (A17 -> 0): removing it entirely closes only 14% of the gap; soft_costs (A21 -> 0): removing it entirely closes only 14% of the gap,False,,,today,0.8433098224459477,0.4903127359794821,0.9961250390535996,0.9123837740182513,0.7021466177653176,0.7495342494211751,0.5128202821617459,0.5105024792078802,0.5644600104714294,0.0,0.9542139981377245,0.6577900055703816,0.0,0.7765825324930097,0.788021547068248,0.5292609239470184,0.4030010009270265,True,0.6242165011088256
today|1633052+4040951+4769672+7536925,4,4040951|4769672|7536925|1633052,Manhattan Chelsea Market; London Terrace Towers; 111 Eighth Avenue; M440 (OECID: 0100175; BBL: 1007420007),83.71307797790641,49.01285305748997,0.590956840144182,322.58853552803924,-7567725.233185405,5755380.429168282,1816.9833693813416,28.79733136742166,29458.26123427033,0.0,0.0,48.816879528974624,1,True,False,False,True,,1.7763568394002505e-15,9.313225746154785e-10,3.637978807091713e-12,45286411.51736539,11118045.242564268,0.0709524572992296,1053115.3921572964,3236378.615365039,88.71569199999999,90.86534146,73477223.63027096,1072.6822050296507,630269.4866010083,-5755380.429168282,-2442614.2906181305,inf,4469.920247070517,3.8586692645717355,,28510.932930661373,18975.052110942277,34057.91976516022,conditionally_feasible,F1 society savings;F2 operator self-financing,4164.994221032476,-297.10953613122444,7567725.233185405,pipe_cost: removing it entirely closes only 42% of the gap; interface_cost: removing it entirely closes only 10% of the gap; source_side_electricity (A17 -> 0): removing it entirely closes only 14% of the gap; soft_costs (A21 -> 0): removing it entirely closes only 14% of the gap,False,,,today,0.8418285930362577,0.49113771766599396,0.9961372890417948,0.9108047327059638,0.7021090610292315,0.7484257105323946,0.507073026607244,0.5048518187859756,0.5572792332408554,0.0,0.9542139981377245,0.48816879528974605,0.5,0.7763678665813488,0.7871131680891966,0.5230680262113583,0.4855956983568676,True,0.6430361898096928
today|1633052+19906892+4040951+4769672,4,4040951|4769672|19906892|1633052,Manhattan Chelsea Market; London Terrace Towers; 363 West 16th Street; M440 (OECID: 0100175; BBL: 1007420007),99.34644901491397,45.10088464676199,0.6535509850860294,319.7390208492024,-8244945.1512474585,5966070.865134747,1941.2287585253807,30.199424965374817,35397.42765156582,0.0,0.0,51.49934990305752,1,True,False,False,True,,7.105427357601002e-15,0.0,7.275957614183426e-12,44685121.63501846,12670676.118209112,0.0709524572992296,1104389.8081929472,3436806.632769795,88.71569199999999,90.86534146,76340591.80837941,1058.439677630221,660956.2471509187,-5966070.865134747,-2939830.5332636307,inf,5371.113973620343,4.481115217185465,,30087.81350383095,19898.915462935984,30285.746297096277,conditionally_feasible,F1 society savings;F2 operator self-financing,4247.281581337473,-310.58097389721206,8244945.1512474585,pipe_cost: removing it entirely closes only 38% of the gap; interface_cost: removing it entirely closes only 11% of the gap; source_side_electricity (A17 -> 0): removing it entirely closes only 13% of the gap; soft_costs (A21 -> 0): removing it entirely closes only 13% of the gap,False,,,today,0.9990396174352317,0.45193748513570675,0.9955100587630363,0.9122416595220783,0.6754514233554207,0.7392161895670633,0.5417466986820269,0.5294322041697272,0.6696339333638157,0.0,0.9542139981377245,0.514993499030575,0.5,0.8154957204446583,0.7756364241481873,0.5802709454051899,0.49230187429207484,True,0.6659262410725275
today|19906892+4040951+4769672+8899918,4,4040951|4769672|19906892|8899918,Manhattan Chelsea Market; London Terrace Towers; 363 West 16th Street; 61 9th Ave,99.34817452553759,45.20100919624204,0.6518254744623833,333.3201789513902,-8344322.9986339975,6146784.965133028,1872.5977268643655,29.125269597483296,34132.44293378972,0.0,0.0,65.99013373969962,0,True,False,False,True,,1.7763568394002505e-14,0.0,7.275957614183426e-12,47877293.519363135,12192927.729094328,0.0709524572992296,1065108.0588856249,3313416.7439015135,88.71569199999999,90.86534146,78483553.35636458,1134.0514530171818,637446.8690209507,-6146784.965133028,-2834984.9025219204,inf,5179.168469530505,4.310095947254314,,29012.576493721266,19191.136196137384,29202.928621767016,conditionally_feasible,F1 society savings;F2 operator self-financing,4456.014700288262,-337.07235608265785,8344322.9986339975,pipe_cost: removing it entirely closes only 41% of the gap; interface_cost: removing it entirely closes only 10% of the gap; source_side_electricity (A17 -> 0): removing it entirely closes only 13% of the gap; soft_costs (A21 -> 0): removing it entirely closes only 13% of the gap,False,,,today,0.9990569693737297,0.45294079222040734,0.9955273493979747,0.9053930791600042,0.6715395793919198,0.7313169686791722,0.5225935542284385,0.5106009699758448,0.6457034743330716,0.0,0.9542139981377245,0.6599013373969959,0.0,0.8158417036640372,0.7694165424103653,0.5596326661791183,0.4035288338836801,True,0.6371049365343002
today|1634606+19906892+4040951+4769672,4,4040951|4769672|19906892|1634606,Manhattan Chelsea Market; London Terrace Towers; 363 West 16th Street; M070 (OECID: 0100079; BBL: 1007410010),99.35077215996728,45.352507897915714,0.6492278400327106,334.2194774430738,-7943101.852223524,5857601.605236057,1778.0609289847926,27.645658895910508,32389.97161009147,0.0,0.0,64.16051754260103,1,True,False,False,True,,4.085620730620576e-14,9.313225746154785e-10,0.0,45627154.2696752,11534846.365519388,0.0709524572992296,1010998.8504889834,3143451.5735986806,88.71569199999999,90.86534146,74788164.29619011,1080.7532505077277,605063.5392828129,-5857601.605236057,-2690563.786270281,inf,4914.77038480317,4.074523003591614,,27531.47586857775,18216.195504306008,27711.38590070402,conditionally_feasible,F1 society savings;F2 operator self-financing,4467.283276259123,-338.9657314284266,7943101.852223524,pipe_cost: removing it entirely closes only 41% of the gap; interface_cost: removing it entirely closes only 10% of the gap; source_side_electricity (A17 -> 0): removing it entirely closes only 13% of the gap; soft_costs (A21 -> 0): removing it entirely closes only 13% of the gap,False,,,today,0.9990830914921608,0.45445889863388406,0.9955533792282241,0.904939589262939,0.6873329836655097,0.7439575055102794,0.4962107809822121,0.48466161662905255,0.6127401206750805,0.0,0.9542139981377245,0.64160517542601,0.5,0.8163651231180896,0.778743359479576,0.5312041727621151,0.5239547933909336,True,0.6625668621876786
today|1633052+4040951+4769672+8899918,4,4040951|4769672|1633052|8899918,Manhattan Chelsea Market; London Terrace Towers; M440 (OECID: 0100175; BBL: 1007420007); 61 9th Ave,99.3487175371193,45.23260207661262,0.6512824628806979,336.58788080632456,-8345277.103046626,6172145.517830842,1852.003715323297,28.802949394684635,33752.8608519433,0.0,0.0,49.13621513769887,1,True,False,False,True,,7.105427357601002e-15,0.0,0.0,48478583.40171006,12049570.480907343,0.0709524572992296,1053320.8428259264,3276391.323564608,88.71569199999999,90.86534146,78770008.2544041,1148.2939804166112,630392.4449096646,-6172145.517830842,-2803524.0301254485,inf,5121.571667751293,4.2587784494188865,,28689.931724151804,18978.75392479147,28878.009133265852,conditionally_feasible,F1 society savings;F2 operator self-financing,4506.080108802495,-343.4548965355964,8345277.103046626,pipe_cost: removing it entirely closes only 41% of the gap; interface_cost: removing it entirely closes only 10% of the gap; source_side_electricity (A17 -> 0): removing it entirely closes only 13% of the gap; soft_costs (A21 -> 0): removing it entirely closes only 13% of the gap,False,,,today,0.9990624299622886,0.4532573715295429,0.9955327906945379,0.9037452727958908,0.6715020226558338,0.7302084297903919,0.5168462986739367,0.50495030955394,0.6385226971024978,0.0,0.9542139981377245,0.49136215137698847,0.5,0.8159508640621231,0.7684852417473721,0.5534397684434581,0.48639403737867826,True,0.6560674779079079
today|1633052+1634606+4040951+4769672,4,4040951|4769672|1633052|1634606,Manhattan Chelsea Market; London Terrace Towers; M440 (OECID: 0100175; BBL: 1007420007); M070 (OECID: 0100079; BBL: 1007410010),99.35137556440861,45.38783243464234,0.6486244355913815,335.9947350216488,-7898318.343181257,5837224.544478974,1757.466917443723,27.32333869311186,32010.389528245036,0.0,0.0,46.36746762029944,2,True,False,False,True,,1.2434497875801753e-14,9.313225746154785e-10,3.637978807091713e-12,45663450.63631159,11391489.117332403,0.0709524572992296,999211.6344292855,3106426.1532617738,88.71569199999999,90.86534146,74509625.6785191,1081.6129888993014,598009.1151715268,-5837224.544478974,-2659102.913873809,inf,4857.173583023956,4.023205505756186,,27208.83109900828,18003.8132329601,27386.466412202855,conditionally_feasible,F1 society savings;F2 operator self-financing,4494.149087409023,-342.45142606886895,7898318.343181257,pipe_cost: removing it entirely closes only 41% of the gap; interface_cost: removing it entirely closes only 10% of the gap; source_side_electricity (A17 -> 0): removing it entirely closes only 13% of the gap; soft_costs (A21 -> 0): removing it entirely closes only 13% of the gap,False,,,today,0.9990891593984443,0.4548128713423321,0.995559425696888,0.9040443788472461,0.6890958121440737,0.7448482102420502,0.4904635254277101,0.47901095620714795,0.6055593434445066,0.0,0.9542139981377245,0.46367467620299424,1.0,0.8164871521458882,0.7793294670777899,0.525011275026455,0.6044721685851797,True,0.6813250157088282
today|1634606+4040951+4769672+8899918,4,4040951|4769672|8899918|1634606,Manhattan Chelsea Market; London Terrace Towers; 61 9th Ave; M070 (OECID: 0100079; BBL: 1007410010),99.35349407347962,45.51225359077513,0.6465059265203713,351.7408712942645,-7997696.190567793,6017938.644477255,1688.8358857827088,26.249183325220333,30745.404810468946,0.0,0.0,62.24346934211603,1,True,False,False,True,,1.7763568394002505e-14,9.313225746154785e-10,0.0,48855622.52065627,10913740.728217617,0.0709524572992296,959929.885121963,2983036.2643934926,88.71569199999999,90.86534146,76652587.22650428,1157.2247642862621,574499.7370415586,-6017938.644477255,-2554257.283132098,inf,4665.228078934119,3.8521862358250356,,26133.594088898604,17296.033966161496,26303.648736873594,conditionally_feasible,F1 society savings;F2 operator self-financing,4735.626627723615,-373.19509551354395,7997696.190567793,pipe_cost: removing it entirely closes only 43% of the gap; interface_cost: removing it entirely closes only 10% of the gap; source_side_electricity (A17 -> 0): removing it entirely closes only 12% of the gap; soft_costs (A21 -> 0): removing it entirely closes only 14% of the gap,False,,,today,0.9991104633757161,0.45605964476686106,0.9955806544082378,0.8961040633863866,0.6851839681805729,0.7369489893541592,0.471310380974122,0.46017972201326546,0.5816288844137626,0.0,0.9542139981377245,0.62243469342116,0.5,0.8169169208502717,0.7727456736403729,0.5043729958003834,0.5191621728897211,True,0.6532994407951873
today|1633052+19906892+4040951+7536925,4,4040951|7536925|19906892|1633052,Manhattan Chelsea Market; 111 Eighth Avenue; 363 West 16th Street; M440 (OECID: 0100175; BBL: 1007420007),81.08370999593312,46.630970239566636,0.6279228669884751,262.34195577767326,-4806121.012229847,3341180.7228259593,1488.6410937514743,23.84145340217155,23789.029458410572,0.0,0.0,80.05390196180659,1,True,False,False,True,,1.2434497875801753e-14,0.0,1.8189894035458565e-12,18294113.53086726,9674854.714755248,0.0709524572992296,871879.4539980253,2699337.2792121763,88.71569199999999,90.86534146,43360373.42516667,433.3257898747087,521803.2325248029,-3341180.7228259593,-1986743.5219286904,inf,3609.68570373737,3.396649522287827,,23692.08592118058,15709.53971167613,29219.291917413368,conditionally_feasible,F1 society savings;F2 operator self-financing,3228.529047332761,-173.26696901930927,4806121.012229847,pipe_cost: removing it entirely closes only 27% of the gap; interface_cost: removing it entirely closes only 14% of the gap; source_side_electricity (A17 -> 0): removing it entirely closes only 18% of the gap; soft_costs (A21 -> 0): removing it entirely closes only 13% of the gap,False,,,today,0.8153873582578239,0.46726984591466886,0.9957668676334717,0.941185318798546,0.8108150260448003,0.8539531527633055,0.41544119646923033,0.4179693235812864,0.45003104530502475,0.0,0.9542139981377245,0.8005390196180655,0.5,0.7594746906019881,0.8686511658688838,0.42781385511851383,0.5636882544389474,True,0.6549069915070833
today|19906892+4040951+7536925+8899918,4,4040951|7536925|19906892|8899918,Manhattan Chelsea Market; 111 Eighth Avenue; 363 West 16th Street; 61 9th Ave,80.3826688321971,46.84318995887633,0.6244894725451812,247.34661976043606,-4234042.670867329,2850438.6340751857,1420.0100620904582,22.767298034280028,22524.044740634483,0.0,0.0,100.00000000000003,0,True,False,False,True,,1.0658141036401503e-14,1.862645149230957e-09,0.0,13191834.435581893,9197106.325640462,0.0709524572992296,832597.704690703,2575947.3903438943,88.71569199999999,90.86534146,37208883.993521795,312.4700230513937,498293.85439483495,-2850438.6340751857,-1881897.8911869803,inf,3417.740199647533,3.225630252356676,,22616.848911070905,15001.760444877531,28136.474242084107,conditionally_feasible,F1 society savings;F2 operator self-financing,2981.6990624941154,-142.89777565180043,4234042.670867329,pipe_cost: removing it entirely closes only 22% of the gap; interface_cost: removing it entirely closes only 15% of the gap; source_side_electricity (A17 -> 0): removing it entirely closes only 20% of the gap; soft_costs (A21 -> 0): removing it entirely closes only 13% of the gap,False,,,today,0.808337605569431,0.46939641276567884,0.9958012722723681,0.9487470276747433,0.8333339401203298,0.8754040531527287,0.3962880520156417,0.399138089387404,0.42610058627428077,0.0,0.9542139981377245,0.9999999999999999,0.0,0.7578450968691594,0.885828340315934,0.4071755758924422,0.48855349953443106,True,0.6348506281529916
today|1634606+19906892+4040951+7536925,4,4040951|7536925|19906892|1634606,Manhattan Chelsea Market; 111 Eighth Avenue; 363 West 16th Street; M070 (OECID: 0100079; BBL: 1007410010),79.32371028708654,47.174399062545284,0.6191876168108921,255.99999457231368,-4118293.5538455844,2846727.303566941,1325.4732642108852,21.28768733270725,20781.573416936222,0.0,0.0,100.00000000000003,1,True,False,False,True,,1.0658141036401503e-14,4.656612873077393e-10,1.8189894035458565e-12,14468111.046669094,8539024.962065522,0.0709524572992296,778488.4962940618,2405982.220041061,88.71569199999999,90.86534146,37039910.79412247,342.7007073458165,465910.52465669706,-2846727.303566941,-1737476.7749353407,inf,3153.3421149201963,2.9900573086939763,,21135.748285927384,14026.819753046158,26644.93152102111,conditionally_feasible,F1 society savings;F2 operator self-financing,3107.0363054794566,-157.99498140020205,4118293.5538455844,pipe_cost: removing it entirely closes only 25% of the gap; interface_cost: removing it entirely closes only 15% of the gap; source_side_electricity (A17 -> 0): removing it entirely closes only 19% of the gap; soft_costs (A21 -> 0): removing it entirely closes only 13% of the gap,False,,,today,0.7976885934479389,0.4727153234819223,0.995854399996267,0.9443833841359243,0.8378902119315002,0.8755662796722581,0.3699052787694153,0.3731987360406119,0.3931372326162896,0.0,0.9542139981377245,0.9999999999999999,0.5,0.755419438975376,0.8859466252465609,0.3787470824754389,0.6135534995344311,True,0.6584166615579518
today|1633052+1634606+4040951+7536925,4,4040951|7536925|1633052|1634606,Manhattan Chelsea Market; 111 Eighth Avenue; M440 (OECID: 0100175; BBL: 1007420007); M070 (OECID: 0100079; BBL: 1007410010),79.07710486850114,47.25343749071656,0.6179324776577051,275.6534660320044,-4459494.204163644,3212334.4021701883,1304.8792526698167,20.965367129908593,20401.99133508979,0.0,0.0,77.29484850052467,2,True,False,False,True,,7.105427357601002e-15,1.862645149230957e-09,1.8189894035458565e-12,19272442.532160398,8395667.713878538,0.0709524572992296,766701.2802343635,2368956.7997041545,88.71569199999999,90.86534146,41529407.29530638,456.4991011437891,458856.1005454109,-3212334.4021701883,-1706015.9025388688,inf,3095.7453131409834,2.9387398108585487,,20813.103516357914,13814.437481700244,26320.012032519946,conditionally_feasible,F1 society savings;F2 operator self-financing,3417.5531529368745,-195.90872397840496,4459494.204163644,pipe_cost: removing it entirely closes only 31% of the gap; interface_cost: removing it entirely closes only 13% of the gap; source_side_electricity (A17 -> 0): removing it entirely closes only 17% of the gap; soft_costs (A21 -> 0): removing it entirely closes only 13% of the gap,False,,,today,0.7952087002511117,0.47350733518494265,0.9958669772314327,0.9344727139506078,0.8244594148334532,0.8595851734382924,0.36415802321491364,0.3675480756187071,0.38595645538571566,0.0,0.9542139981377245,0.7729484850052464,1.0,0.7548610042224957,0.8728391007407845,0.3725541847397788,0.6817906207857427,True,0.6705112276222004
today|1633052+19906892+4040951+8899918,4,4040951|19906892|1633052|8899918,Manhattan Chelsea Market; 363 West 16th Street; M440 (OECID: 0100175; BBL: 1007420007); 61 9th Ave,99.2999130516335,42.54554082240989,0.7000869483664974,279.6191063652459,-5583672.88209107,3757945.8114885204,1523.6614396934287,23.84707142943453,28083.62907608354,0.0,0.0,80.20346900186172,1,True,False,False,True,,3.197442310920451e-14,0.0,0.0,21486285.41521193,10606379.953098321,0.0709524572992296,872084.9046666553,2739349.9874117454,88.71569199999999,90.86534146,48653158.04929981,508.93756526166925,521926.190833459,-3757945.8114885204,-2347653.261436008,inf,4261.337124418146,3.7967587071349786,,23871.08471467101,15713.241525525322,24039.38128551899,conditionally_feasible,F1 society savings;F2 operator self-financing,3664.641459466575,-230.50712231751777,5583672.88209107,pipe_cost: removing it entirely closes only 27% of the gap; interface_cost: removing it entirely closes only 13% of the gap; source_side_electricity (A17 -> 0): removing it entirely closes only 16% of the gap; soft_costs (A21 -> 0): removing it entirely closes only 12% of the gap,False,,,today,0.9985716462957124,0.42633143171392185,0.99504374094293,0.9324729576481676,0.7802079876714024,0.8357358720213027,0.4252144685359229,0.4180678143492509,0.5312745091666671,0.0,0.9542139981377245,0.8020346900186168,0.5,0.8066489396508548,0.8494722724469576,0.45818559735061365,0.5640621720390853,True,0.6695922453718779
today|1633052+1634606+19906892+4040951,4,4040951|19906892|1633052|1634606,Manhattan Chelsea Market; 363 West 16th Street; M440 (OECID: 0100175; BBL: 1007420007); M070 (OECID: 0100079; BBL: 1007410010),99.2999130516335,42.5455408224099,0.7000869483665001,277.1725803991378,-5182451.7356806,3468762.4515915522,1429.1246418138558,22.367460727861747,26341.15775238528,0.0,0.0,78.89392566678049,2,True,False,False,True,,2.6645352591003757e-14,9.313225746154785e-10,3.637978807091713e-12,19236146.165524006,9948298.58952338,0.0709524572992296,817975.6962700142,2569384.8171089115,88.71569199999999,90.86534146,44957768.98912536,455.63936275221533,489542.86109532136,-3468762.4515915522,-2203232.1451843684,inf,3996.9390396908098,3.5611857634722783,,22389.98408952749,14738.30083369395,22547.838564455993,conditionally_feasible,F1 society savings;F2 operator self-financing,3626.3119283304727,-225.77422115214642,5182451.7356806,pipe_cost: removing it entirely closes only 26% of the gap; interface_cost: removing it entirely closes only 14% of the gap; source_side_electricity (A17 -> 0): removing it entirely closes only 16% of the gap; soft_costs (A21 -> 0): removing it entirely closes only 12% of the gap,False,,,today,0.9985716462957124,0.4263314317139219,0.99504374094293,0.9337066690563349,0.7960013919449921,0.8483764088524098,0.3988316952896965,0.3921284610024587,0.49831115550867594,0.0,0.9542139981377245,0.7889392566678045,1.0,0.8066489396508548,0.8593614899512456,0.42975710393361033,0.6857883137013823,True,0.6953889618092733
today|1634606+19906892+4040951+8899918,4,4040951|19906892|8899918|1634606,Manhattan Chelsea Market; 363 West 16th Street; 61 9th Ave; M070 (OECID: 0100079; BBL: 1007410010),99.29991305163352,42.54554082240989,0.7000869483664955,275.40250153931134,-4895845.423706807,3263492.392229504,1360.4936101528401,21.29330535997023,25076.17303460919,0.0,0.0,100.00000000000003,1,True,False,False,True,,1.0658141036401503e-14,1.862645149230957e-09,3.637978807091713e-12,17660282.931013767,9470550.200408597,0.0709524572992296,778693.9469626921,2445994.92824063,88.71569199999999,90.86534146,42332695.41825562,418.3124827327771,466033.4829653534,-3263492.392229504,-2098386.514442658,inf,3804.993535600973,3.390166493541128,,21314.747079417815,14030.521566895353,21465.020889126732,conditionally_feasible,F1 society savings;F2 operator self-financing,3598.580241149975,-222.34993364630043,4895845.423706807,pipe_cost: removing it entirely closes only 26% of the gap; interface_cost: removing it entirely closes only 14% of the gap; source_side_electricity (A17 -> 0): removing it entirely closes only 16% of the gap; soft_costs (A21 -> 0): removing it entirely closes only 12% of the gap,False,,,today,0.9985716462957127,0.42633143171392185,0.9950437409429301,0.9345992679958006,0.8072831735581024,0.8573489989302552,0.379678550836108,0.37329722680857635,0.47438069647793196,0.0,0.9542139981377245,0.9999999999999999,0.5,0.8066489396508549,0.866410480161386,0.4091188247075388,0.6135534995344311,True,0.6739329360135526
today|1633052+19906892+4769672+8899918,4,4769672|19906892|1633052|8899918,London Terrace Towers; 363 West 16th Street; M440 (OECID: 0100175; BBL: 1007420007); 61 9th Ave,99.36003617395542,45.90044110120519,0.6399638260445811,358.948855556972,-7295807.081391478,5531040.645725181,1507.4277039133508,23.40993455366064,27401.748563572757,0.0,0.0,37.34712772517367,1,True,False,False,True,,1.2434497875801753e-14,0.0,3.637978807091713e-12,45378047.82174824,9650937.815849949,0.0709524572992296,856098.8549010222,2656887.365580248,88.71569199999999,90.86534146,70401699.42256197,1074.852759722607,512358.84479180246,-5531040.645725181,-2277125.280458099,inf,4157.870341884189,3.400141525553575,,23291.486279036846,15425.204592811211,23441.503421213616,conditionally_feasible,F1 society savings;F2 operator self-financing,4839.905132731229,-387.6115300375867,7295807.081391478,pipe_cost: removing it entirely closes only 44% of the gap; interface_cost: removing it entirely closes only 9% of the gap; source_side_electricity (A17 -> 0): removing it entirely closes only 12% of the gap; soft_costs (A21 -> 0): removing it entirely closes only 14% of the gap,False,,,today,0.9991762515102832,0.45994951275058027,0.9956462101165059,0.8924692879791432,0.7128126676038843,0.7582318601542313,0.4206840530825612,0.41040427969817095,0.5183749749357798,0.0,0.9542139981377245,0.37347127725173657,0.5,0.8182573247924565,0.7878379385790862,0.4498211025721706,0.45692131884736525,True,0.6282094211977697
today|1633052+1634606+19906892+4769672,4,4769672|19906892|1633052|1634606,London Terrace Towers; 363 West 16th Street; M440 (OECID: 0100175; BBL: 1007420007); M070 (OECID: 0100079; BBL: 1007410010),99.36412165760127,46.1459467825028,0.6358783423987611,344.2079441535325,-6510363.308717552,4857634.659564757,1412.8909060337774,21.930323852087856,25659.277239874496,0.0,0.0,33.09249372805689,2,True,False,False,True,,2.6645352591003757e-14,9.313225746154785e-10,0.0,38381633.54740936,8992856.452275008,0.0709524572992296,801989.6465043809,2486922.195277414,88.71569199999999,90.86534146,61960035.337736584,909.1313249778616,479975.51505366445,-4857634.659564757,-2132704.16420646,inf,3893.472257156852,3.164568581890875,,21810.38565389333,14450.263900979835,21949.96070015062,conditionally_feasible,F1 society savings;F2 operator self-financing,4607.831560748903,-359.1603826126433,6510363.308717552,pipe_cost: removing it entirely closes only 42% of the gap; interface_cost: removing it entirely closes only 10% of the gap; source_side_electricity (A17 -> 0): removing it entirely closes only 12% of the gap; soft_costs (A21 -> 0): removing it entirely closes only 14% of the gap,False,,,today,0.9992173356160471,0.46240962458787954,0.9956871490741098,0.8999026979723901,0.7437303576284325,0.7876672093160282,0.3943012798363347,0.38446492635137874,0.48541162127778864,0.0,0.9542139981377245,0.3309249372805687,1.0,0.8191047030926789,0.8104334216389502,0.42139260915516735,0.5712847338545732,True,0.6555538669353425
today|1634606+19906892+4769672+8899918,4,4769672|19906892|8899918|1634606,London Terrace Towers; 363 West 16th Street; 61 9th Ave; M070 (OECID: 0100079; BBL: 1007410010),99.36745350870169,46.34795104772588,0.632546491298335,383.0095423640211,-6993963.782367546,5422571.385826494,1344.2598743727617,20.85616848419634,24394.292522098407,0.0,0.0,52.41346645884739,1,True,False,False,True,,1.4210854715202004e-14,0.0,3.637978807091713e-12,46320080.45640499,8515108.063160222,0.0709524572992296,762707.8971970588,2363532.3064091327,88.71569199999999,90.86534146,68849271.9103727,1097.1663326001137,456466.1369236965,-5422571.385826494,-2027858.533464749,inf,3701.526753067015,2.993549311959724,,20735.14864378365,13742.484634181239,20867.14302482136,conditionally_feasible,F1 society savings;F2 operator self-financing,5202.836085270315,-434.9235188684687,6993963.782367546,pipe_cost: removing it entirely closes only 47% of the gap; interface_cost: removing it entirely closes only 9% of the gap; source_side_electricity (A17 -> 0): removing it entirely closes only 11% of the gap; soft_costs (A21 -> 0): removing it entirely closes only 14% of the gap,False,,,today,0.9992508411039805,0.4644338265592296,0.9957205361887744,0.880336188141492,0.7246942279139731,0.7629731760974473,0.37514813538274616,0.3656336921574964,0.46148116224704466,0.0,0.9542139981377245,0.5241346645884737,0.5,0.8198017346173282,0.7893345307176375,0.4007543299290957,0.49458716568154953,True,0.6261194402364028
today|1633052+1634606+4769672+8899918,4,4769672|1633052|8899918|1634606,London Terrace Towers; M440 (OECID: 0100175; BBL: 1007420007); 61 9th Ave; M070 (OECID: 0100079; BBL: 1007410010),99.36852180643123,46.41306324210753,0.6314781935687821,386.14705764686113,-6949180.2733252775,5402194.325069411,1323.6658628316927,20.53384828139769,24014.710440251976,0.0,0.0,28.5105578461259,2,True,False,False,True,,1.2434497875801753e-14,0.0,3.637978807091713e-12,46356376.82304138,8371750.814973237,0.0709524572992296,750920.6811373607,2326506.886072227,88.71569199999999,90.86534146,68570733.29270169,1098.0260709916874,449411.7128124103,-5402194.325069411,-1996397.6610682772,inf,3643.929951287802,2.942231814124297,,20412.503874214184,13530.102362835329,20542.223536320198,conditionally_feasible,F1 society savings;F2 operator self-financing,5249.950511271048,-441.1048590115016,6949180.2733252775,pipe_cost: removing it entirely closes only 47% of the gap; interface_cost: removing it entirely closes only 9% of the gap; source_side_electricity (A17 -> 0): removing it entirely closes only 11% of the gap; soft_costs (A21 -> 0): removing it entirely closes only 14% of the gap,False,,,today,0.9992615840320431,0.46508628917966344,0.9957312411625915,0.8787540310537024,0.7264570563925371,0.7638638808292182,0.3694008798282443,0.3599830317355918,0.45430038501647074,0.0,0.9542139981377245,0.2851055784612589,1.0,0.8200263714580993,0.7896916560918191,0.39456143219343565,0.5598298941497458,True,0.641027338473275
today|1633052+1634606+19906892+7536925,4,7536925|19906892|1633052|1634606,111 Eighth Avenue; 363 West 16th Street; M440 (OECID: 0100175; BBL: 1007420007); M070 (OECID: 0100079; BBL: 1007410010),73.8125956182713,49.13645378800085,0.5891285948183059,266.1420133984453,-3071539.169699941,2232744.5172559693,960.30324125987,15.572352288884597,14050.879046719256,0.0,0.0,69.34316244128894,2,True,False,False,True,,7.993605777301127e-15,9.313225746154785e-10,0.0,11990625.443258163,5997035.04882114,0.0709524572992296,569479.2923094591,1749452.841719795,88.71569199999999,90.86534146,28979816.954523843,284.01743722234926,340822.5004275488,-2232744.5172559693,-1179617.1528715193,inf,2132.04398727388,2.080102886993237,,15414.658071242959,10260.888149719984,20883.50632046771,conditionally_feasible,F1 society savings;F2 operator self-financing,3198.5096350088693,-167.7685490070512,3071539.169699941,pipe_cost: removing it entirely closes only 28% of the gap; interface_cost: removing it entirely closes only 14% of the gap; source_side_electricity (A17 -> 0): removing it entirely closes only 19% of the gap; soft_costs (A21 -> 0): removing it entirely closes only 13% of the gap,False,,,today,0.7422681738459425,0.49237626994153194,0.9961556091390891,0.9392690610095893,0.879093960317812,0.9024041725122706,0.26799577762353793,0.273002045762938,0.26580873321899784,0.0,0.9542139981377245,0.6934316244128891,1.0,0.7436000176421879,0.9069223979465573,0.26893551886849126,0.6619114056376534,True,0.6453423350237224
today|1633052+1634606+19906892+8899918,4,19906892|1633052|8899918|1634606,363 West 16th Street; M440 (OECID: 0100175; BBL: 1007420007); 61 9th Ave; M070 (OECID: 0100079; BBL: 1007410010),99.2999130516335,42.545540822409876,0.7000869483665005,317.18627791848724,-4233313.66582462,3033732.232181988,995.3235872018245,15.577970316147582,18345.478664392223,0.0,0.0,69.69507071930498,2,True,False,False,True,,1.5987211554602254e-14,0.0,1.8189894035458565e-12,19929072.352253795,6928560.287164216,0.0709524572992296,569684.7429780895,1789465.5499193643,88.71569199999999,90.86534146,39018876.60330795,472.0524448446014,340945.458736205,-3033732.232181988,-1540526.8923788369,inf,2783.6954079546563,2.4802120718403886,,15593.65686473339,10264.58996356918,15703.595688573336,conditionally_feasible,F1 society savings;F2 operator self-financing,4253.203400640619,-303.18230029933477,4233313.66582462,pipe_cost: removing it entirely closes only 33% of the gap; interface_cost: removing it entirely closes only 12% of the gap; source_side_electricity (A17 -> 0): removing it entirely closes only 13% of the gap; soft_costs (A21 -> 0): removing it entirely closes only 13% of the gap,False,,,today,0.9985716462957124,0.4263314317139217,0.99504374094293,0.913528933035366,0.8333626361934555,0.8673920794395777,0.2777690496902305,0.2731005365309026,0.3470521970806402,0.0,0.9542139981377245,0.6969507071930495,1.0,0.8066489396508546,0.8714278828894665,0.2993072611005911,0.6627911763326935,True,0.6600438149934014
today|1634606+2830989+2831044+4473909+7536925,5,2831044|4473909|7536925|2830989|1634606,FULTON; ELLIOTT/CHELSEA ADDITION CAMPUS; 111 Eighth Avenue; CHELSEA; M070 (OECID: 0100079; BBL: 1007410010),39.75224808178672,88.64951846288369,0.2539906068183399,994.3640785076902,-20040003.93169729,20073123.51636542,1409.0476684217679,23.19499354488319,13168.835790301247,2072.0,-124.50188069364461,100.00000000000003,1,True,False,False,True,False,2.886579864025407e-15,0.0,0.0,64097980.82174391,4951126.83514108,0.0709524572992296,848238.4847208384,2437093.964313989,88.71569199999999,90.86534146,265248504.52130428,1518.264775283669,507654.5630816949,-20073123.51636542,-474534.9784135665,inf,1998.2050285077678,1.3874305060148102,18.8807949803916,22217.08982727029,15283.576301276367,55888.889054929925,conditionally_feasible,F1 society savings;F2 operator self-financing;H6 NYCHA affordability,14222.374715075111,-1603.485983708922,20040003.93169729,pipe_cost: removing it entirely closes only 23% of the gap; interface_cost: removing it entirely closes only 2% of the gap; source_side_electricity (A17 -> 0): removing it entirely closes only 4% of the gap; soft_costs (A21 -> 0): removing it entirely closes only 19% of the gap,False,9687.800924886786,,today,0.39975329878027865,0.8883205007262192,0.9995138895953687,0.5720479965899954,0.21115851801632876,0.12258071413797467,0.39322873169927824,0.40663610556326657,0.24912260277454187,1.0,0.4555984555984561,0.9999999999999999,0.5,0.7625292297006222,0.3019290762480996,0.3496624800123622,0.738899613899614,True,0.5382550999651745
today|1634606+2831044+4040951+4769672+7536925,5,2831044|4040951|4769672|7536925|1634606,FULTON; Manhattan Chelsea Market; London Terrace Towers; 111 Eighth Avenue; M070 (OECID: 0100079; BBL: 1007410010),61.91340632927544,56.29426941659662,0.49598310590135286,480.4272723148087,-13529644.182617817,12094836.006322736,2084.5291317104093,34.164940485716635,26450.805192795975,944.0,11.432542419888675,70.551801071067,1,True,False,False,True,True,1.0658141036401503e-14,0.0,0.0,48484753.94499893,11484250.53133377,0.0709524572992296,1249408.2954627462,3767319.1996130706,88.71569199999999,90.86534146,162429928.58138365,1148.440139755794,747747.0472853254,-12094836.006322736,-2182555.2235804056,inf,4013.5766582533424,3.844756515006432,92.93302227720419,33506.76381939081,22511.86117950894,54118.753604334175,conditionally_feasible,F1 society savings;F2 operator self-financing,6490.5037673982515,-575.2727686174412,13529644.182617817,pipe_cost: removing it entirely closes only 25% of the gap; interface_cost: removing it entirely closes only 6% of the gap; source_side_electricity (A17 -> 0): removing it entirely closes only 9% of the gap; soft_costs (A21 -> 0): removing it entirely closes only 17% of the gap,False,12812.326277884255,,today,0.6226085218609658,0.5641018074689844,0.9970889819175294,0.831211279408464,0.46742802026865343,0.4713208254493154,0.5817381235730653,0.5989524557973984,0.5003854205521201,0.4555984555984556,0.9999999999999998,0.7055180107106698,0.5,0.7279331037491598,0.5899867083754776,0.5603586666408613,0.6652791165772813,True,0.6358893988356951
today|1634606+19906892+2831044+4040951+4769672,5,2831044|4040951|4769672|19906892|1634606,FULTON; Manhattan Chelsea Market; London Terrace Towers; 363 West 16th Street; M070 (OECID: 0100079; BBL: 1007410010),69.68426514293816,51.62500575803568,0.5540393995190193,472.1929256409407,-14252601.714134773,12351264.055744102,2208.7745208544484,35.567034083669796,32389.97161009147,944.0,11.432542419888735,71.87538913068475,1,True,False,False,True,True,4.085620730620576e-14,1.862645149230957e-09,3.637978807091713e-12,48448457.57836255,13036881.406978615,0.0709524572992296,1300682.711498397,3967747.2170178276,88.71569199999999,90.86534146,165858290.27520266,1147.5804013642203,778433.8078352362,-12351264.055744102,-2679771.4662259063,inf,4914.77038480317,4.4672024676201625,92.93302227720419,35083.64439256038,23435.72453150265,50346.580136270226,conditionally_feasible,F1 society savings;F2 operator self-financing,6452.719179602478,-575.4493856279612,14252601.714134773,pipe_cost: removing it entirely closes only 24% of the gap; interface_cost: removing it entirely closes only 6% of the gap; source_side_electricity (A17 -> 0): removing it entirely closes only 9% of the gap; soft_costs (A21 -> 0): removing it entirely closes only 17% of the gap,False,13083.966160745871,,today,0.700753195307516,0.5173130295589022,0.9965072235875239,0.8353636193268159,0.4389699973801923,0.4601120608634327,0.6164117956478482,0.6235328411811502,0.6127401206750805,0.4555984555984556,1.0,0.7187538913068472,0.5,0.7381911494846474,0.5781485591901471,0.617561585834693,0.6685880867263256,True,0.6506223453089532
today|1633052+1634606+2831044+4040951+4769672,5,2831044|4040951|4769672|1633052|1634606,FULTON; Manhattan Chelsea Market; London Terrace Towers; M440 (OECID: 0100175; BBL: 1007420007); M070 (OECID: 0100079; BBL: 1007410010),69.49189445700908,51.725956211313715,0.5526818025729016,474.86313351815585,-14207818.205092503,12330886.99498702,2188.18050931338,35.24471388087114,32010.389528245036,944.0,11.432542419888613,58.01966195568789,2,True,False,False,True,True,1.2434497875801753e-14,1.862645149230957e-09,0.0,48484753.94499893,12893524.158791631,0.0709524572992296,1288895.4954386987,3930721.796680921,88.71569199999999,90.86534146,165579751.65753165,1148.440139755794,771379.3837239495,-12330886.99498702,-2648310.593829434,inf,4857.173583023956,4.415884969784734,92.93302227720417,34760.999622990916,23223.342260156733,50021.66064776906,conditionally_feasible,F1 society savings;F2 operator self-financing,6492.982706235107,-580.4316664165522,14207818.205092503,pipe_cost: removing it entirely closes only 24% of the gap; interface_cost: removing it entirely closes only 6% of the gap; source_side_electricity (A17 -> 0): removing it entirely closes only 9% of the gap; soft_costs (A21 -> 0): removing it entirely closes only 17% of the gap,False,13062.380291299809,,today,0.6988186929837592,0.5183246126871516,0.996520827510251,0.8340171116804904,0.44073282585875645,0.4610027655952035,0.6106645400933465,0.6178821807592454,0.6055593434445066,0.4555984555984556,0.9999999999999996,0.5801966195568786,1.0,0.7378880443937206,0.5785842343781501,0.6113686880990329,0.7589487687888334,True,0.6716974339149342
today|1633052+19906892+2831044+4040951+7536925,5,2831044|4040951|7536925|19906892|1633052,FULTON; Manhattan Chelsea Market; 111 Eighth Avenue; 363 West 16th Street; M440 (OECID: 0100175; BBL: 1007420007),60.25371527737706,53.77549051607431,0.5261405522017998,434.6437963717929,-11115620.874141093,9834843.173334004,1919.3546856211287,31.76282858993084,23789.029458410572,944.0,11.432542419888613,84.875149786577,1,True,False,False,True,True,1.2434497875801753e-14,0.0,0.0,21115416.839554593,11176889.756214475,0.0709524572992296,1161563.3150074389,3523632.9226313247,88.71569199999999,90.86534146,134430499.4041792,500.1529407312012,695173.5010772261,-9834843.173334004,-1975951.2018843158,inf,3609.68570373737,3.789328986316374,92.93302227720417,31244.25444516322,20929.06873887277,51854.48615297957,conditionally_feasible,F1 society savings;F2 operator self-financing,5791.332345925386,-478.31921265412507,11115620.874141093,pipe_cost: removing it entirely closes only 13% of the gap; interface_cost: removing it entirely closes only 7% of the gap; source_side_electricity (A17 -> 0): removing it entirely closes only 10% of the gap; soft_costs (A21 -> 0): removing it entirely closes only 17% of the gap,False,10418.26607344704,,today,0.6059184727450652,0.5388621561665646,0.9967867865050472,0.8542985457440438,0.562452039759483,0.5701077081164588,0.5356422111348661,0.556840548133384,0.45003104530502475,0.4555984555984556,0.9999999999999996,0.8487514978657696,0.5,0.7138558051388922,0.6622860978733286,0.5141712681910916,0.7010874883660562,True,0.6478501648923422
today|1634606+19906892+2831044+4040951+7536925,5,2831044|4040951|7536925|19906892|1634606,FULTON; Manhattan Chelsea Market; 111 Eighth Avenue; 363 West 16th Street; M070 (OECID: 0100079; BBL: 1007410010),58.213968348234744,55.04580569980944,0.5106108712838955,445.3249338726065,-10427793.415756833,9340389.754074987,1756.1868560805415,29.20906252046654,20781.573416936222,944.0,11.432542419888735,100.00000000000003,1,True,False,False,True,True,2.4868995751603507e-14,0.0,3.637978807091713e-12,17289414.355356425,10041060.003524749,0.0709524572992296,1068172.3573034753,3230277.8634602083,88.71569199999999,90.86534146,128110036.773135,409.527858202309,639280.7932091204,-9340389.754074987,-1726684.4548909657,inf,3153.3421149201963,3.3827367727225237,92.93302227720419,28687.91680991002,19246.3487802428,49280.12575658732,conditionally_feasible,F1 society savings;F2 operator self-financing,5937.7471022813515,-494.6473709534906,10427793.415756833,pipe_cost: removing it entirely closes only 12% of the gap; interface_cost: removing it entirely closes only 7% of the gap; source_side_electricity (A17 -> 0): removing it entirely closes only 10% of the gap; soft_costs (A21 -> 0): removing it entirely closes only 18% of the gap,False,9894.480671689606,,today,0.5854065368685336,0.551591464116141,0.9969424030743,0.8489123608559598,0.5895272256461829,0.5917208350254113,0.4901062934350516,0.5120699605927095,0.3931372326162896,0.4555984555984556,1.0,0.9999999999999999,0.5,0.7113134680196582,0.6767201405091846,0.46510449554801686,0.7388996138996139,True,0.6480094294941184
today|1633052+1634606+2831044+4040951+7536925,5,2831044|4040951|7536925|1633052|1634606,FULTON; Manhattan Chelsea Market; 111 Eighth Avenue; M440 (OECID: 0100175; BBL: 1007420007); M070 (OECID: 0100079; BBL: 1007410010),57.94127775707454,55.22685817417939,0.5084514897522583,461.8992306638378,-10768994.066074893,9705996.852678232,1735.592844539472,28.88674231766788,20401.99133508979,944.0,11.432542419888735,83.34002692302413,2,True,False,False,True,True,7.105427357601002e-15,1.862645149230957e-09,0.0,22093745.840847727,9897702.755337765,0.0709524572992296,1056385.141243777,3193252.443123302,88.71569199999999,90.86534146,132599533.2743189,523.3262520002816,632226.369097834,-9705996.852678232,-1695223.5824944936,inf,3095.7453131409834,3.3314192748870965,92.93302227720419,28365.272040340562,19033.966508896883,48955.20626808615,conditionally_feasible,F1 society savings;F2 operator self-financing,6204.792846407691,-526.6776336199339,10768994.066074893,pipe_cost: removing it entirely closes only 15% of the gap; interface_cost: removing it entirely closes only 7% of the gap; source_side_electricity (A17 -> 0): removing it entirely closes only 10% of the gap; soft_costs (A21 -> 0): removing it entirely closes only 18% of the gap,False,10281.776326989653,,today,0.5826643280973879,0.5534057167762654,0.9969640413518305,0.8405544282948678,0.5760964285481359,0.5757397287914459,0.4843590378805496,0.5064193001708047,0.38595645538571566,0.4555984555984556,1.0,0.8334002692302409,1.0,0.7110113620751614,0.6641301952114832,0.45891159781235674,0.8222496812071741,True,0.6640757090765439
today|1633052+19906892+2831044+4040951+8899918,5,2831044|4040951|19906892|1633052|8899918,FULTON; Manhattan Chelsea Market; 363 West 16th Street; M440 (OECID: 0100175; BBL: 1007420007); 61 9th Ave,67.32413286642152,49.64721132793794,0.5816625951463154,446.7871126867364,-11893172.744002314,10251608.261996564,1954.3750315630832,31.768446617193813,28083.62907608354,944.0,11.432542419888735,84.96130668189794,1,True,False,False,True,True,3.197442310920451e-14,0.0,0.0,24307588.723899264,12108414.994557548,0.0709524572992296,1161768.7656760686,3563645.6308308938,88.71569199999999,90.86534146,139723284.02831233,575.7647161181618,695296.4593858821,-10251608.261996564,-2336860.941391633,inf,4261.337124418146,4.189438171163526,92.93302227720419,31423.25323865365,20932.77055272196,46674.57552108519,conditionally_feasible,F1 society savings;F2 operator self-financing,6085.409684389138,-518.8941917024756,11893172.744002314,pipe_cost: removing it entirely closes only 15% of the gap; interface_cost: removing it entirely closes only 7% of the gap; source_side_electricity (A17 -> 0): removing it entirely closes only 10% of the gap; soft_costs (A21 -> 0): removing it entirely closes only 17% of the gap,False,10859.754514826867,,today,0.6770194265618031,0.4974943619683552,0.9962304228626382,0.8481750268939409,0.5318450013860853,0.551890427374456,0.5454154832015586,0.5569390389013483,0.5312745091666671,0.4555984555984556,1.0,0.849613066818979,0.5,0.7235814037975988,0.6439701518848274,0.5445430104231913,0.7013028806043586,True,0.6533493616774941
today|1633052+1634606+19906892+2831044+4040951,5,2831044|4040951|19906892|1633052|1634606,FULTON; Manhattan Chelsea Market; 363 West 16th Street; M440 (OECID: 0100175; BBL: 1007420007); M070 (OECID: 0100079; BBL: 1007410010),66.26857640573304,50.05536336617133,0.575797354769151,453.2266951609765,-11491951.597591845,9962424.902099596,1859.8382336835102,30.288835915621032,26341.15775238528,944.0,11.432542419888613,84.2174116666567,2,True,False,False,True,True,2.6645352591003757e-14,1.862645149230957e-09,0.0,22057449.47421134,11450333.63098261,0.0709524572992296,1107659.5572794275,3393680.4605280594,88.71569199999999,90.86534146,136027894.9681379,522.4665136087078,662913.1296477444,-9962424.902099596,-2192439.8251399943,inf,3996.9390396908098,3.953865227500826,92.93302227720417,29942.15261351013,19957.829860890586,45183.0328000222,conditionally_feasible,F1 society savings;F2 operator self-financing,6179.005996038383,-529.7541160219954,11491951.597591845,pipe_cost: removing it entirely closes only 14% of the gap; interface_cost: removing it entirely closes only 7% of the gap; source_side_electricity (A17 -> 0): removing it entirely closes only 10% of the gap; soft_costs (A21 -> 0): removing it entirely closes only 17% of the gap,False,10553.416209851268,,today,0.666404626202817,0.5015842863048051,0.9962891960331987,0.8449277340091071,0.5476384056596749,0.5645309642055631,0.5190327099553322,0.5309996855545562,0.49831115550867594,0.4555984555984556,0.9999999999999996,0.8421741166665666,1.0,0.7214260361802736,0.6523657012914484,0.5161145170061882,0.8244431430662554,True,0.6785873493860414
today|1634606+19906892+2831044+4040951+8899918,5,2831044|4040951|19906892|8899918|1634606,FULTON; Manhattan Chelsea Market; 363 West 16th Street; 61 9th Ave; M070 (OECID: 0100079; BBL: 1007410010),65.45753920197332,50.38234242750777,0.5711617960505359,458.4773814084655,-11205345.285618054,9757154.842737546,1791.207202022496,29.21468054772952,25076.17303460919,944.0,11.432542419888613,100.00000000000003,1,True,False,False,True,True,2.4868995751603507e-14,0.0,3.637978807091713e-12,20481586.239701096,10972585.241867824,0.0709524572992296,1068377.8079721057,3270290.5716597782,88.71569199999999,90.86534146,133402821.39726815,485.1396335892696,639403.7515177764,-9757154.842737546,-2087594.1943982833,inf,3804.993535600973,3.782845957569675,92.93302227720417,28866.91560340045,19250.050594091994,44100.21512469294,conditionally_feasible,F1 society savings;F2 operator self-financing,6255.7504642488175,-538.662271103536,11205345.285618054,pipe_cost: removing it entirely closes only 13% of the gap; interface_cost: removing it entirely closes only 7% of the gap; source_side_electricity (A17 -> 0): removing it entirely closes only 10% of the gap; soft_costs (A21 -> 0): removing it entirely closes only 17% of the gap,False,10335.969113069434,,today,0.6582487403528032,0.5048608095000776,0.9963356470677159,0.8422799666794438,0.5589201872727851,0.5735035542834086,0.4998795655017441,0.512168451360674,0.47438069647793196,0.4555984555984556,0.9999999999999996,0.9999999999999999,0.5,0.719815065640199,0.6582345694118792,0.49547623778011674,0.7388996138996138,True,0.6531063716829522
today|1633052+1634606+19906892+2831044+4769672,5,2831044|4769672|19906892|1633052|1634606,FULTON; London Terrace Towers; 363 West 16th Street; M440 (OECID: 0100175; BBL: 1007420007); M070 (OECID: 0100079; BBL: 1007410010),65.85724378486762,53.82416220455978,0.5255330247808198,517.7886691479275,-13151459.804215975,11682893.743659979,1843.6044979034332,29.85169903984714,25659.277239874496,944.0,11.432542419888735,50.30137684578886,2,True,False,False,True,True,2.6645352591003757e-14,0.0,0.0,45299126.70196481,10494891.493734235,0.0709524572992296,1091673.5075137943,3311217.8386965613,88.71569199999999,90.86534146,157126351.16261724,1072.9833848272206,653345.7836060876,-11682893.743659979,-2121911.8441620846,inf,3893.472257156852,3.557248045919423,92.93302227720419,29362.554177875965,19669.792928176474,44585.154935716826,conditionally_feasible,F1 society savings;F2 operator self-financing,7133.5581027123535,-659.7372395182665,13151459.804215975,pipe_cost: removing it entirely closes only 24% of the gap; interface_cost: removing it entirely closes only 6% of the gap; source_side_electricity (A17 -> 0): removing it entirely closes only 8% of the gap; soft_costs (A21 -> 0): removing it entirely closes only 17% of the gap,False,12375.946762351672,,today,0.6622682168166463,0.5393498752138451,0.9967928742884008,0.8123710209617462,0.4823146204179537,0.48932729492713534,0.5145022945019708,0.5233361509034762,0.48541162127778864,0.4555984555984556,1.0,0.5030137684578884,1.0,0.7328036554396308,0.5946709787689451,0.5077500222277452,0.7396530560140859,True,0.6437194281126017
today|1633052+1634606+19906892+2831044+7536925,5,2831044|7536925|19906892|1633052|1634606,FULTON; 111 Eighth Avenue; 363 West 16th Street; M440 (OECID: 0100175; BBL: 1007420007); M070 (OECID: 0100079; BBL: 1007410010),52.774614824847355,59.28307070049494,0.46329938823133426,513.7313128321326,-9712635.665198363,9058003.60135119,1391.0168331295254,23.493727476643883,14050.879046719256,944.0,11.432542419888613,79.42403289571543,2,True,False,False,True,True,1.509903313490213e-14,0.0,0.0,18908118.59781361,7499070.090280368,0.0709524572992296,859163.1533188726,2573748.485138942,88.71569199999999,90.86534146,124146132.77940449,447.8694970717082,514192.7689799719,-9058003.60135119,-1168824.8328271445,inf,2132.04398727388,2.472782351021785,92.93302227720417,22966.826595225604,15480.417176916622,43518.70055603392,conditionally_feasible,F1 society savings;F2 operator self-financing,6982.39980557731,-615.7683872857668,9712635.665198363,pipe_cost: removing it entirely closes only 14% of the gap; interface_cost: removing it entirely closes only 5% of the gap; source_side_electricity (A17 -> 0): removing it entirely closes only 9% of the gap; soft_costs (A21 -> 0): removing it entirely closes only 18% of the gap,False,9595.342798041514,,today,0.5307077558151299,0.5940513604853985,0.9974164920602763,0.8144170269486593,0.6176782231073332,0.6040642581233777,0.3881967922891739,0.41187327031503557,0.26580873321899784,0.4555984555984556,0.9999999999999996,0.7942403289571539,1.0,0.7073918694536016,0.67871983605979,0.3552929319410691,0.8124596961389022,True,0.6384660833983408
today|1633052+19906892+4040951+4769672+7536925,5,4040951|4769672|7536925|19906892|1633052,Manhattan Chelsea Market; London Terrace Towers; 111 Eighth Avenue; 363 West 16th Street; M440 (OECID: 0100175; BBL: 1007420007),85.73755413952169,47.92712481942537,0.6073885336072591,301.73710379061566,-8265732.760256989,6066510.188681072,2139.2094901379996,33.840544457896485,35397.42765156581,0.0,0.0,56.516321766725454,1,True,False,False,True,,7.105427357601002e-15,9.313225746154785e-10,0.0,44685121.63501846,13361097.785946688,0.0709524572992296,1237545.1666994134,3815700.305107408,88.71569199999999,90.86534146,77802028.6697195,1058.439677630221,740647.1908680424,-6066510.188681072,-2939869.762443959,inf,5371.113973620342,4.661613276789653,,33559.22438536254,22298.111111701142,39141.80282160981,conditionally_feasible,F1 society savings;F2 operator self-financing,3863.91926473913,-258.90586944704984,8265732.760256989,pipe_cost: removing it entirely closes only 38% of the gap; interface_cost: removing it entirely closes only 11% of the gap; source_side_electricity (A17 -> 0): removing it entirely closes only 15% of the gap; soft_costs (A21 -> 0): removing it entirely closes only 13% of the gap,False,,,today,0.8621869642720857,0.4802580798652094,0.9959726337744228,0.921319499181957,0.6746331536408104,0.7348258713653826,0.5969979962340286,0.5932654036687688,0.6696339333638155,0.0,0.9542139981377245,0.5651632176672543,0.5,0.779472559303906,0.7769261747293834,0.6199657777555376,0.5048443039512447,True,0.6703022039350179
today|1634606+19906892+4040951+4769672+7536925,5,4040951|4769672|7536925|19906892|1634606,Manhattan Chelsea Market; London Terrace Towers; 111 Eighth Avenue; 363 West 16th Street; M070 (OECID: 0100079; BBL: 1007410010),84.78275945470335,48.42711902845055,0.5997373777123399,313.1118304745862,-7963889.461233054,5958040.928782383,1976.0416605974124,31.28677838843219,32389.97161009147,0.0,0.0,68.17348479929161,1,True,False,False,True,,4.085620730620576e-14,9.313225746154785e-10,0.0,45627154.2696752,12225268.033256963,0.0709524572992296,1144154.20899545,3522345.245936293,88.71569199999999,90.86534146,76249601.1575302,1080.7532505077277,684754.4829999369,-5958040.928782383,-2690603.0154506094,inf,4914.77038480317,4.2550210631958025,,31002.886750109345,20615.391153071174,36567.44242521756,conditionally_feasible,F1 society savings;F2 operator self-financing,4030.2234613947103,-279.933608703874,7963889.461233054,pipe_cost: removing it entirely closes only 41% of the gap; interface_cost: removing it entirely closes only 11% of the gap; source_side_electricity (A17 -> 0): removing it entirely closes only 14% of the gap; soft_costs (A21 -> 0): removing it entirely closes only 14% of the gap,False,,,today,0.852585436224446,0.4852683169631967,0.9960493028726148,0.915583557577739,0.6865147139508996,0.7395671873085987,0.551462078534214,0.5484948161280944,0.6127401206750805,0.0,0.9542139981377245,0.6817348479929158,0.5,0.7779676853534192,0.7805551529457458,0.570899005112463,0.53398721153266,True,0.6658522637360721
today|1633052+1634606+4040951+4769672+7536925,5,4040951|4769672|7536925|1633052|1634606,Manhattan Chelsea Market; London Terrace Towers; 111 Eighth Avenue; M440 (OECID: 0100175; BBL: 1007420007); M070 (OECID: 0100079; BBL: 1007410010),84.6526110616281,48.49690657129987,0.5986809868249066,314.4642452223805,-7919105.952190786,5937663.868025301,1955.447649056343,30.964458185633546,32010.389528245036,0.0,0.0,52.43588639695316,2,True,False,False,True,,1.2434497875801753e-14,1.862645149230957e-09,0.0,45663450.63631159,12081910.78506998,0.0709524572992296,1132366.9929357523,3485319.825599387,88.71569199999999,90.86534146,75971062.5398592,1081.6129888993014,677700.0588886505,-5937663.868025301,-2659142.143054137,inf,4857.173583023956,4.2037035653603745,,30680.241980539875,20403.008881725265,36242.52293671639,conditionally_feasible,F1 society savings;F2 operator self-financing,4049.7662803769645,-282.413255986921,7919105.952190786,pipe_cost: removing it entirely closes only 41% of the gap; interface_cost: removing it entirely closes only 11% of the gap; source_side_electricity (A17 -> 0): removing it entirely closes only 14% of the gap; soft_costs (A21 -> 0): removing it entirely closes only 14% of the gap,False,,,today,0.8512766486218997,0.4859676293349195,0.9960598885328458,0.9149015744203799,0.6882775424294636,0.7404578920403695,0.5457148229797121,0.5428441557061898,0.6055593434445066,0.0,0.9542139981377245,0.5243588639695314,1.0,0.7777680554965549,0.7812123362967377,0.5647061073768028,0.6196432155268139,True,0.6858324286742272
today|1633052+19906892+4040951+4769672+8899918,5,4040951|4769672|19906892|1633052|8899918,Manhattan Chelsea Market; London Terrace Towers; 363 West 16th Street; M440 (OECID: 0100175; BBL: 1007420007); 61 9th Ave,99.34141181058753,44.81090064572614,0.65858818941248,313.7523376454461,-9043284.630118212,6483275.277343634,2174.229836079954,33.846162485159475,39692.02726923879,0.0,0.0,56.747025259882754,1,True,False,False,True,,1.7763568394002505e-14,1.862645149230957e-09,3.637978807091713e-12,47877293.51936313,14292623.024289766,0.0709524572992296,1237750.6173680439,3855713.013306978,88.71569199999999,90.86534146,83094813.29385264,1134.0514530171815,740770.1491766989,-6483275.277343634,-3300779.5019512763,inf,6022.765394301119,5.061722461636805,,33738.223178852975,22301.81292555034,33961.892189715436,conditionally_feasible,F1 society savings;F2 operator self-financing,4159.304816837063,-298.6842887314249,9043284.630118212,pipe_cost: removing it entirely closes only 38% of the gap; interface_cost: removing it entirely closes only 11% of the gap; source_side_electricity (A17 -> 0): removing it entirely closes only 14% of the gap; soft_costs (A21 -> 0): removing it entirely closes only 13% of the gap,False,,,today,0.9989889627139696,0.44903167428112656,0.9954595830024556,0.9152605685661163,0.6440261152674127,0.7166085906233798,0.6067712683007211,0.5933638944367334,0.7508773972254581,0.0,0.9542139981377245,0.5674702525988273,0.5,0.8144934066658506,0.758631758152303,0.6503375199876376,0.505421062684138,True,0.6822209368724823
today|1633052+1634606+19906892+4040951+4769672,5,4040951|4769672|19906892|1633052|1634606,Manhattan Chelsea Market; London Terrace Towers; 363 West 16th Street; M440 (OECID: 0100175; BBL: 1007420007); M070 (OECID: 0100079; BBL: 1007410010),99.34331807808584,44.92023993402884,0.656681921914167,313.62142307730784,-8642063.48370774,6194091.9174466655,2079.693038200381,32.366551783586694,37949.55594554053,0.0,0.0,54.76104502186746,2,True,False,False,True,,1.0658141036401503e-14,0.0,3.637978807091713e-12,45627154.2696752,13634541.660714822,0.0709524572992296,1183641.4089714028,3685747.843004144,88.71569199999999,90.86534146,79399424.23367819,1080.7532505077277,708386.8194385611,-6194091.9174466655,-3156358.3856996372,inf,5758.367309573783,4.826149517974105,,32257.122553709454,21326.87223371897,32470.349468652443,conditionally_feasible,F1 society savings;F2 operator self-financing,4155.451465657628,-298.52885197359967,8642063.48370774,pipe_cost: removing it entirely closes only 37% of the gap; interface_cost: removing it entirely closes only 11% of the gap; source_side_electricity (A17 -> 0): removing it entirely closes only 14% of the gap; soft_costs (A21 -> 0): removing it entirely closes only 13% of the gap,False,,,today,0.9990081323649348,0.450127318487866,0.9954786849279705,0.9153265849495289,0.6598195195410025,0.7292491274544869,0.5803884950544947,0.5674245410899412,0.7179140435674669,0.0,0.9542139981377245,0.5476104502186744,1.0,0.8148713785935905,0.7681317439816727,0.6219090265706343,0.6254561120890997,True,0.7075920653087493
today|1634606+19906892+4040951+4769672+8899918,5,4040951|4769672|19906892|8899918|1634606,Manhattan Chelsea Market; London Terrace Towers; 363 West 16th Street; 61 9th Ave; M070 (OECID: 0100079; BBL: 1007410010),99.34481547935172,45.006469811764866,0.6551845206482696,326.0467948603578,-8741441.331094278,6374806.017444946,2011.0620065393668,31.292396415695173,36684.57122776444,0.0,0.0,68.35618407236689,1,True,False,False,True,,1.4210854715202004e-14,1.862645149230957e-09,3.637978807091713e-12,48819326.15401988,13156793.271600038,0.0709524572992296,1144359.6596640805,3562357.954135862,88.71569199999999,90.86534146,81542385.78166336,1156.3650258946882,684877.4413085929,-6374806.017444946,-3051512.754957927,inf,5566.421805483947,4.655130248042954,,31181.885543599772,20619.09296692037,31387.53179332318,conditionally_feasible,F1 society savings;F2 operator self-financing,4346.679168851954,-322.75153830341856,8741441.331094278,pipe_cost: removing it entirely closes only 40% of the gap; interface_cost: removing it entirely closes only 11% of the gap; source_side_electricity (A17 -> 0): removing it entirely closes only 13% of the gap; soft_costs (A21 -> 0): removing it entirely closes only 13% of the gap,False,,,today,0.9990231904088069,0.4509913927603066,0.9954936897725019,0.9090608337857046,0.6559076755775016,0.7213499065665958,0.5612353506009066,0.5485933068960588,0.6939835845367229,0.0,0.9542139981377245,0.6835618407236685,0.5,0.8151694243138717,0.7621061386432674,0.6012707473445628,0.5344439597153483,True,0.6782475675042625
today|1633052+1634606+4040951+4769672+8899918,5,4040951|4769672|1633052|8899918|1634606,Manhattan Chelsea Market; London Terrace Towers; M440 (OECID: 0100175; BBL: 1007420007); 61 9th Ave; M070 (OECID: 0100079; BBL: 1007410010),99.34528516534284,45.03357963942781,0.6547148346571657,327.52660477073135,-8696657.82205201,6354428.956687862,1990.4679949982983,30.97007621289652,36304.98914591801,0.0,0.0,52.71178167936568,2,True,False,False,True,,3.197442310920451e-14,0.0,0.0,48855622.52065627,13013436.02341305,0.0709524572992296,1132572.4436043825,3525332.533798956,88.71569199999999,90.86534146,81263847.16399235,1157.2247642862621,677823.0171973065,-6354428.956687862,-3020051.882561455,inf,5508.825003704733,4.603812750207527,,30859.240774030306,20406.710695574457,31062.612304822018,conditionally_feasible,F1 society savings;F2 operator self-financing,4369.152301823092,-325.652744240566,8696657.82205201,pipe_cost: removing it entirely closes only 40% of the gap; interface_cost: removing it entirely closes only 11% of the gap; source_side_electricity (A17 -> 0): removing it entirely closes only 13% of the gap; soft_costs (A21 -> 0): removing it entirely closes only 13% of the gap,False,,,today,0.9990279136265721,0.45126304923517213,0.9954983963033668,0.9083146089781048,0.6576705040560658,0.7222406112983667,0.5554880950464048,0.5429426464741541,0.686802807306149,0.0,0.9542139981377245,0.5271178167936565,1.0,0.8152631197217036,0.7627419081108457,0.5950778496089026,0.6203329537328452,True,0.6983539577935742
today|1633052+19906892+4040951+7536925+8899918,5,4040951|7536925|19906892|1633052|8899918,Manhattan Chelsea Market; 111 Eighth Avenue; 363 West 16th Street; M440 (OECID: 0100175; BBL: 1007420007); 61 9th Ave,83.11941538550866,46.044401596018304,0.6375633303520452,262.6178174889433,-5604460.491100602,3858385.135034848,1721.642171306048,27.488190921956217,28083.62907608354,0.0,0.0,82.7168421093647,1,True,False,False,True,,3.197442310920451e-14,0.0,0.0,21486285.41521193,11296801.620835897,0.0709524572992296,1005240.2631731223,3118243.659749359,88.71569199999999,90.86534146,50114594.91063991,508.93756526166925,601617.134550583,-3858385.135034848,-2347692.4906163365,inf,4261.337124418146,3.977256766739167,,27342.495596202607,18112.43717429049,32895.43781003253,conditionally_feasible,F1 society savings;F2 operator self-financing,3255.2992628247625,-177.00353044391028,5604460.491100602,pipe_cost: removing it entirely closes only 27% of the gap; interface_cost: removing it entirely closes only 14% of the gap; source_side_electricity (A17 -> 0): removing it entirely closes only 18% of the gap; soft_costs (A21 -> 0): removing it entirely closes only 13% of the gap,False,,,today,0.8358586519354377,0.4613920818818579,0.9956702645002472,0.9410462098150383,0.7793897179567922,0.831345553819622,0.48046576608792474,0.48190101384829276,0.5312745091666671,0.0,0.9542139981377245,0.8271684210936467,0.5,0.764306999439181,0.8505938271971508,0.4978804297009615,0.5703456048078428,True,0.670781715286284
today|1633052+1634606+19906892+4040951+7536925,5,4040951|7536925|19906892|1633052|1634606,Manhattan Chelsea Market; 111 Eighth Avenue; 363 West 16th Street; M440 (OECID: 0100175; BBL: 1007420007); M070 (OECID: 0100079; BBL: 1007410010),82.35091506258017,46.260831299326235,0.6339801741150161,259.5260160943088,-5203239.34469013,3569201.775137879,1627.1053734264756,26.008580220383433,26341.15775238528,0.0,0.0,81.7270232699355,2,True,False,False,True,,2.6645352591003757e-14,9.313225746154785e-10,0.0,19236146.165524006,10638720.257260956,0.0709524572992296,951131.0547764809,2948278.4894465245,88.71569199999999,90.86534146,46419205.850465454,455.63936275221533,569233.8048124453,-3569201.775137879,-2203271.374364697,inf,3996.9390396908098,3.7416838230764666,,25861.394971059086,17137.496482459115,31403.895088969533,conditionally_feasible,F1 society savings;F2 operator self-financing,3197.85026198566,-169.7944450146083,5203239.34469013,pipe_cost: removing it entirely closes only 26% of the gap; interface_cost: removing it entirely closes only 15% of the gap; source_side_electricity (A17 -> 0): removing it entirely closes only 18% of the gap; soft_costs (A21 -> 0): removing it entirely closes only 13% of the gap,False,,,today,0.8281305219798107,0.4635608352574898,0.9957061698407144,0.9426053147275506,0.795183122230382,0.8439860906507292,0.45408299284169845,0.4559616605015005,0.49831115550867594,0.0,0.9542139981377245,0.8172702326993546,1.0,0.7624658423593383,0.8605915092028873,0.46945193628395826,0.6928710577092698,True,0.6963450863888634
today|1634606+19906892+4040951+7536925+8899918,5,4040951|7536925|19906892|8899918|1634606,Manhattan Chelsea Market; 111 Eighth Avenue; 363 West 16th Street; 61 9th Ave; M070 (OECID: 0100079; BBL: 1007410010),81.74563727672513,46.43551675889382,0.6311104342833213,257.2383270406445,-4916633.0327163385,3363931.7157758293,1558.47434176546,24.934424852491915,25076.17303460919,0.0,0.0,100.00000000000003,1,True,False,False,True,,2.4868995751603507e-14,0.0,0.0,17660282.931013767,10160971.868146172,0.0709524572992296,911849.3054691588,2824888.600578244,88.71569199999999,90.86534146,43794132.27959571,418.3124827327771,545724.4266824774,-3363931.7157758293,-2098425.7436229866,inf,3804.993535600973,3.5706645531453165,,24786.157960949407,16429.71721566052,30321.077413640272,conditionally_feasible,F1 society savings;F2 operator self-financing,3154.7731656247306,-164.38427477798695,4916633.0327163385,pipe_cost: removing it entirely closes only 25% of the gap; interface_cost: removing it entirely closes only 15% of the gap; source_side_electricity (A17 -> 0): removing it entirely closes only 19% of the gap; soft_costs (A21 -> 0): removing it entirely closes only 13% of the gap,False,,,today,0.8220437771226102,0.4653112866711389,0.9957349263277031,0.9437589293316639,0.8064649038434923,0.8529586807285745,0.43492984838810994,0.43713042630761817,0.47438069647793196,0.0,0.9542139981377245,0.9999999999999999,0.5,0.7610299967071508,0.8677275046345768,0.4488136570578867,0.6135534995344311,True,0.6727811644835113
today|1633052+1634606+19906892+4040951+8899918,5,4040951|19906892|1633052|8899918|1634606,Manhattan Chelsea Market; 363 West 16th Street; M440 (OECID: 0100175; BBL: 1007420007); 61 9th Ave; M070 (OECID: 0100079; BBL: 1007410010),99.2999130516335,42.54554082240988,0.7000869483664944,275.38324079081417,-5980791.214551352,3985966.8638004395,1662.1257193684305,26.014198247646412,30635.757370058247,0.0,0.0,81.85262969577278,2,True,False,False,True,,1.7763568394002505e-14,0.0,0.0,22428318.049868673,11570245.495604033,0.0709524572992296,951336.5054451112,2988291.197646094,88.71569199999999,90.86534146,51711990.4745986,531.2511381391759,569356.7631211014,-3985966.8638004395,-2564181.1138720145,inf,4648.590460371586,4.141793007923619,,26040.393764549513,17141.19829630831,26223.984457075156,conditionally_feasible,F1 society savings;F2 operator self-financing,3598.278484508329,-222.31267296716948,5980791.214551352,pipe_cost: removing it entirely closes only 27% of the gap; interface_cost: removing it entirely closes only 14% of the gap; source_side_electricity (A17 -> 0): removing it entirely closes only 16% of the gap; soft_costs (A21 -> 0): removing it entirely closes only 12% of the gap,False,,,today,0.9985716462957124,0.42633143171392174,0.9950437409429301,0.9346089806272952,0.7645760838569842,0.8257688099087264,0.46385626490839116,0.456060151269465,0.5795546193703183,0.0,0.9542139981377245,0.8185262969577274,1.0,0.8066489396508548,0.8416512914643354,0.49982367851605813,0.693185073773863,True,0.7103272458512779
today|1633052+1634606+19906892+4769672+8899918,5,4769672|19906892|1633052|8899918|1634606,London Terrace Towers; 363 West 16th Street; M440 (OECID: 0100175; BBL: 1007420007); 61 9th Ave; M070 (OECID: 0100079; BBL: 1007410010),99.35491073036795,45.595803071831966,0.6450892696320729,347.8575150591598,-7692925.413851762,5759061.698037102,1645.891983588352,25.577061371872528,29953.876857547464,0.0,0.0,42.68527372850406,2,True,False,False,True,,1.0658141036401503e-14,9.313225746154785e-10,3.637978807091713e-12,46320080.45640499,10614803.358355656,0.0709524572992296,935350.455679478,2905828.5758145964,88.71569199999999,90.86534146,73460531.84786078,1097.1663326001137,559789.4170794446,-5759061.698037102,-2493653.1328941057,inf,4545.123677837628,3.745175826342215,,25460.795328915352,16853.161363594198,25626.106592769782,conditionally_feasible,F1 society savings;F2 operator self-financing,4674.015968581211,-365.7254618835635,7692925.413851762,pipe_cost: removing it entirely closes only 43% of the gap; interface_cost: removing it entirely closes only 10% of the gap; source_side_electricity (A17 -> 0): removing it entirely closes only 12% of the gap; soft_costs (A21 -> 0): removing it entirely closes only 14% of the gap,False,,,today,0.9991247094445971,0.4568968598824615,0.9955948501464459,0.8980623262274908,0.6971807637894661,0.7482647980416548,0.4593258494550293,0.44839661661838515,0.566655085139431,0.0,0.9542139981377245,0.4268527372850404,1.0,0.8172054731578348,0.7811692960195372,0.49145918373761516,0.5952666838556913,True,0.6712751591926696
today|1633052+1634606+19906892+7536925+8899918,5,7536925|19906892|1633052|8899918|1634606,111 Eighth Avenue; 363 West 16th Street; M440 (OECID: 0100175; BBL: 1007420007); 61 9th Ave; M070 (OECID: 0100079; BBL: 1007410010),77.62759659970251,47.733364640912185,0.6103931039767512,285.9632703598081,-4254101.274834151,3134171.5557283154,1193.3043188144443,19.219089808669267,18345.478664392223,0.0,0.0,75.21306114394744,2,True,False,False,True,,1.5987211554602254e-14,9.313225746154785e-10,1.8189894035458565e-12,19929072.352253795,7618981.954901792,0.0709524572992296,702840.1014845563,2168359.2222569776,88.71569199999999,90.86534146,40480313.464648046,472.0524448446014,420636.40245332906,-3134171.5557283154,-1540566.1215591654,inf,2783.6954079546563,2.660710131444577,,19065.067746264987,12663.785612334348,24559.652213086873,conditionally_feasible,F1 society savings;F2 operator self-financing,3564.9760147190527,-213.54152527835043,4254101.274834151,pipe_cost: removing it entirely closes only 33% of the gap; interface_cost: removing it entirely closes only 13% of the gap; source_side_electricity (A17 -> 0): removing it entirely closes only 17% of the gap; soft_costs (A21 -> 0): removing it entirely closes only 14% of the gap,False,,,today,0.7806322740105283,0.4783164885087972,0.995942526205861,0.9292737815086942,0.8325443664788454,0.8630017612378972,0.33302034724223245,0.3369337360299444,0.3470521970806402,0.0,0.9542139981377245,0.7521306114394741,1.0,0.7516304295750622,0.8749399697418122,0.339002093450939,0.6765861523942996,True,0.6605396612905282
today|1633052+1634606+19906892+2831044+4040951+4473909,6,2831044|4473909|4040951|19906892|1633052|1634606,FULTON; ELLIOTT/CHELSEA ADDITION CAMPUS; Manhattan Chelsea Market; 363 West 16th Street; M440 (OECID: 0100175; BBL: 1007420007); M070 (OECID: 0100079; BBL: 1007410010),60.370227785592064,54.48190344330529,0.5174217184524973,633.7549022399091,-20204595.125659,18636679.246534728,2259.880798294271,36.18791087006464,32957.775988127796,1647.0,-95.14650289888482,86.71312564671766,2,True,False,False,True,False,2.6645352591003757e-14,0.0,3.637978807091713e-12,67211015.33150525,12568904.218001503,0.0709524572992296,1323388.1105523272,4007536.2204048177,88.71569199999999,90.86534146,246900658.21657443,1592.002053429095,792022.5563345593,-18636679.246534728,-2359938.435458832,inf,5000.927550210041,4.246294955479712,34.87255820747176,35566.27811389126,23844.830820762654,58913.60595856406,conditionally_feasible,F1 society savings;F2 operator self-financing;H6 NYCHA affordability,8940.557900624302,-897.246307758438,20204595.125659,pipe_cost: removing it entirely closes only 24% of the gap; interface_cost: removing it entirely closes only 4% of the gap; source_side_electricity (A17 -> 0): removing it entirely closes only 7% of the gap; soft_costs (A21 -> 0): removing it entirely closes only 17% of the gap,False,11315.530811496496,,today,0.6070901362799748,0.5459408306604371,0.9968741543655412,0.7538926452119263,0.20467965893981657,0.18536934314172104,0.6306742348185842,0.6344175572284168,0.6234816096552506,0.7948841698841699,0.5731633272616881,0.8671312564671761,1.0,0.7166350404353178,0.38131388243115466,0.6295244672340838,0.8087946884032585,True,0.6340670196259537
today|1633052+1634606+2830989+2831044+4473909+7536925,6,2831044|4473909|7536925|2830989|1633052|1634606,FULTON; ELLIOTT/CHELSEA ADDITION CAMPUS; 111 Eighth Avenue; CHELSEA; M440 (OECID: 0100175; BBL: 1007420007); M070 (OECID: 0100079; BBL: 1007410010),44.42488125661735,74.9200124347862,0.3325237173378071,853.9164254628243,-20738965.563181512,20409613.828576032,1710.6797776373583,27.91588643255938,18728.420125750305,2072.0,-124.50188069364455,82.4604056720206,2,True,False,False,True,False,6.217248937900877e-15,0.0,0.0,64097980.82174392,7050822.1303365175,0.0709524572992296,1020881.0432032577,2979390.233719452,88.71569199999999,90.86534146,269859764.4587924,1518.2647752836692,610977.8432374431,-20409613.828576032,-940329.5778429226,inf,2841.801953278381,2.139057020397301,18.88079498039161,26942.736512401993,18394.253030689328,60647.852622878345,conditionally_feasible,F1 society savings;F2 operator self-financing;H6 NYCHA affordability,12123.230679574855,-1323.2995391203349,20738965.563181512,pipe_cost: removing it entirely closes only 22% of the gap; interface_cost: removing it entirely closes only 2% of the gap; source_side_electricity (A17 -> 0): removing it entirely closes only 5% of the gap; soft_costs (A21 -> 0): removing it entirely closes only 19% of the gap,False,9850.199724216232,,today,0.4467418495104329,0.7507427464295663,0.9987269414734853,0.6428716355834561,0.1836450538918215,0.10787233608218205,0.4774064457715614,0.48939903002415536,0.3542965256669282,1.0,0.4555984555984563,0.8246040567202056,1.0,0.7320705124711614,0.3114630085191532,0.4403673338208816,0.8200506280796654,True,0.5759878707227154
today|1633052+19906892+2831044+4040951+4769672+7536925,6,2831044|4040951|4769672|7536925|19906892|1633052,FULTON; Manhattan Chelsea Market; London Terrace Towers; 111 Eighth Avenue; 363 West 16th Street; M440 (OECID: 0100175; BBL: 1007420007),66.54805974349263,53.16872810711306,0.5338006812743011,425.4479146426495,-14575232.622168235,12560172.639189115,2569.9230820076564,41.76191964565577,35397.42765156581,944.0,11.432542419888735,64.50427943054075,1,True,False,False,True,True,7.105427357601002e-15,1.862645149230957e-09,0.0,47506424.9437058,14863132.827405915,0.0709524572992296,1527229.027708827,4639995.948526555,88.71569199999999,90.86534146,168872154.648732,1125.2668284867136,914017.4594204654,-12560172.639189115,-2929077.4423995838,inf,5371.113973620342,5.0542927408182,92.93302227720419,41111.39290934517,27517.640138897783,61776.99705717601,conditionally_feasible,F1 society savings;F2 operator self-financing,5671.466482483935,-475.35010073637136,14575232.622168235,pipe_cost: removing it entirely closes only 23% of the gap; interface_cost: removing it entirely closes only 7% of the gap; source_side_electricity (A17 -> 0): removing it entirely closes only 10% of the gap; soft_costs (A21 -> 0): removing it entirely closes only 17% of the gap,False,13305.267626259656,,today,0.6692151436355331,0.5327820386848664,0.9967100274903192,0.8589357596361362,0.4262701673554934,0.450980426718536,0.717199010899665,0.7321366282208663,0.6696339333638155,0.4555984555984556,1.0,0.6450427943054072,0.5,0.7329024032702396,0.5787287845700552,0.7063231908281157,0.6501603124759657,True,0.667028672786094
today|1634606+19906892+2831044+4040951+4769672+7536925,6,2831044|4040951|4769672|7536925|19906892|1634606,FULTON; Manhattan Chelsea Market; London Terrace Towers; 111 Eighth Avenue; 363 West 16th Street; M070 (OECID: 0100079; BBL: 1007410010),65.12388205782585,54.047715925819055,0.5227556195799898,442.7970264545786,-14273389.323144302,12451703.379290428,2406.7552524670673,39.20815357619148,32389.971610091463,944.0,11.432542419888735,74.40766614381585,1,True,False,False,True,True,4.085620730620576e-14,0.0,3.637978807091713e-12,48448457.57836255,13727303.074716192,0.0709524572992296,1433838.0700048637,4346640.889355441,88.71569199999999,90.86534146,167319727.13654274,1147.5804013642203,858124.7515523601,-12451703.379290428,-2679810.6954062344,inf,4914.770384803169,4.64770052722435,92.93302227720419,38555.05527409199,25834.920180267814,59202.63666078376,conditionally_feasible,F1 society savings;F2 operator self-financing,5930.552892120306,-506.9979803709797,14273389.323144302,pipe_cost: removing it entirely closes only 24% of the gap; interface_cost: removing it entirely closes only 7% of the gap; source_side_electricity (A17 -> 0): removing it entirely closes only 10% of the gap; soft_costs (A21 -> 0): removing it entirely closes only 17% of the gap,False,13190.363749248334,,today,0.6548934447287635,0.5415900154543293,0.9968207055278875,0.850187110547406,0.4381517276655823,0.455721742661752,0.67166309319985,0.6873660406801919,0.6127401206750804,0.4555984555984556,1.0,0.7440766614381581,0.5,0.7311013885703268,0.5813535269582468,0.6572564181850408,0.6749187792591534,True,0.661157528243192
today|1633052+1634606+2831044+4040951+4769672+7536925,6,2831044|4040951|4769672|7536925|1633052|1634606,FULTON; Manhattan Chelsea Market; London Terrace Towers; 111 Eighth Avenue; M440 (OECID: 0100175; BBL: 1007420007); M070 (OECID: 0100079; BBL: 1007410010),64.93528000185592,54.169103348299,0.5212564186597346,444.97671276768875,-14228605.814102031,12431326.318533344,2386.1612409259997,38.88583337339283,32010.389528245032,944.0,11.432542419888735,61.831375639818816,2,True,False,False,True,True,2.6645352591003757e-14,1.862645149230957e-09,3.637978807091713e-12,48484753.94499893,13583945.826529209,0.0709524572992296,1422050.8539451654,4309615.469018534,88.71569199999999,90.86534146,167041188.51887172,1148.440139755794,851070.3274410735,-12431326.318533344,-2648349.8230097624,inf,4857.173583023956,4.596383029388923,92.93302227720419,38232.41050452251,25622.5379089219,58877.717172282595,conditionally_feasible,F1 society savings;F2 operator self-financing,5962.969128012625,-510.95413788971314,14228605.814102031,pipe_cost: removing it entirely closes only 24% of the gap; interface_cost: removing it entirely closes only 7% of the gap; source_side_electricity (A17 -> 0): removing it entirely closes only 10% of the gap; soft_costs (A21 -> 0): removing it entirely closes only 17% of the gap,False,13168.777879802272,,today,0.6529968401926979,0.5428063890769835,0.9968357284060178,0.8490879585629341,0.43991455614414643,0.4566124473935229,0.6659158376453485,0.6817153802582873,0.6055593434445065,0.4555984555984556,1.0,0.6183137563981879,1.0,0.7308796525585665,0.5818716540335345,0.6510635204493808,0.7684780529991608,True,0.6830732200101606
today|1633052+19906892+2831044+4040951+4769672+8899918,6,2831044|4040951|4769672|19906892|1633052|8899918,FULTON; Manhattan Chelsea Market; London Terrace Towers; 363 West 16th Street; M440 (OECID: 0100175; BBL: 1007420007); 61 9th Ave,72.95497756292873,50.039714302572584,0.5760206101427364,434.7292156827127,-15352784.492029458,12976937.72785168,2604.9434279496118,41.767537672918756,39692.02726923879,944.0,11.432542419888613,64.65815763062501,1,True,False,False,True,True,3.552713678800501e-15,1.862645149230957e-09,3.637978807091713e-12,50698596.828050464,15794658.065748995,0.0709524572992296,1527434.4783774572,4680008.656726125,88.71569199999999,90.86534146,174164939.27286518,1200.8786038736741,914140.4177291221,-12976937.72785168,-3289987.181906902,inf,6022.765394301119,5.454401925665353,92.93302227720417,41290.39170283561,27521.341952746978,56597.08642528164,conditionally_feasible,F1 society savings;F2 operator self-financing,5893.711290349923,-506.2717634148162,15352784.492029458,pipe_cost: removing it entirely closes only 23% of the gap; interface_cost: removing it entirely closes only 7% of the gap; source_side_electricity (A17 -> 0): removing it entirely closes only 10% of the gap; soft_costs (A21 -> 0): removing it entirely closes only 16% of the gap,False,13746.756067639491,,today,0.7336438654543425,0.5014274734506241,0.9962869588825779,0.8542554712867034,0.39566312898209555,0.432763145976533,0.7269722829663577,0.7322351189888309,0.7508773972254581,0.4555984555984556,0.9999999999999996,0.6465815763062499,0.5,0.7437860992625148,0.5608939154151106,0.7366949330602156,0.6505450079761763,True,0.6729799889285043
today|1633052+1634606+19906892+2831044+4040951+4769672,6,2831044|4040951|4769672|19906892|1633052|1634606,FULTON; Manhattan Chelsea Market; London Terrace Towers; 363 West 16th Street; M440 (OECID: 0100175; BBL: 1007420007); M070 (OECID: 0100079; BBL: 1007410010),72.24189873049825,50.36553274882565,0.5713987526833051,439.12406918761326,-14951563.345618986,12687754.367954707,2510.406630070039,40.28792697134597,37949.55594554053,944.0,11.432542419888735,63.34326798024543,2,True,False,False,True,True,1.0658141036401503e-14,0.0,3.637978807091713e-12,48448457.57836253,15136576.702174047,0.0709524572992296,1473325.2699808157,4510043.48642329,88.71569199999999,90.86534146,170469550.2126907,1147.58040136422,881757.0879909839,-12687754.367954707,-3145566.065655262,inf,5758.367309573783,5.218828982002652,92.93302227720419,39809.29107769209,26546.401260915598,55105.543704218646,conditionally_feasible,F1 society savings;F2 operator self-financing,5955.8332767794855,-513.967862110296,14951563.345618986,pipe_cost: removing it entirely closes only 23% of the gap; interface_cost: removing it entirely closes only 7% of the gap; source_side_electricity (A17 -> 0): removing it entirely closes only 10% of the gap; soft_costs (A21 -> 0): removing it entirely closes only 16% of the gap,False,13440.417762663885,,today,0.726473060548718,0.5046923665977036,0.996333272622391,0.8520392753495538,0.4114565332556854,0.4454036828076403,0.7005895097201313,0.7062957656420386,0.7179140435674669,0.4555984555984556,1.0,0.633432679802454,1.0,0.7424995665896041,0.5696331638042932,0.7082664396432122,0.7722577838502274,True,0.6981642384718343
today|1633052+19906892+2831044+4040951+7536925+8899918,6,2831044|4040951|7536925|19906892|1633052|8899918,FULTON; Manhattan Chelsea Market; 111 Eighth Avenue; 363 West 16th Street; M440 (OECID: 0100175; BBL: 1007420007); 61 9th Ave,62.83858626268047,52.35236256767731,0.5443660140216084,416.8350690499602,-11913960.353011848,10352047.585542891,2152.355763175703,35.409566109715506,28083.62907608354,944.0,11.432542419888613,86.45739454933428,1,True,False,False,True,True,3.197442310920451e-14,1.862645149230957e-09,3.637978807091713e-12,24307588.723899264,12798836.662295127,0.0709524572992296,1294924.1241825358,3942539.3031685064,88.71569199999999,90.86534146,141184720.88965243,575.7647161181618,774987.4031030063,-10352047.585542891,-2336900.1705719614,inf,4261.337124418146,4.369936230767715,92.93302227720417,34894.66412018525,23331.966201487132,55530.63204559873,conditionally_feasible,F1 society savings;F2 operator self-financing,5535.311846138921,-448.8618468921794,11913960.353011848,pipe_cost: removing it entirely closes only 14% of the gap; interface_cost: removing it entirely closes only 8% of the gap; source_side_electricity (A17 -> 0): removing it entirely closes only 11% of the gap; soft_costs (A21 -> 0): removing it entirely closes only 17% of the gap,False,10966.152103329334,,today,0.6319122404728807,0.5246015741167388,0.9966041566199619,0.8632789654764514,0.531026731671475,0.5475001091727754,0.6006667807535606,0.6207722384003903,0.5312745091666671,0.4555984555984556,0.9999999999999996,0.8645739454933424,0.5,0.7177059904031938,0.6472686021069006,0.5842378427735394,0.7050431002729494,True,0.6635638838891458
today|1633052+1634606+19906892+2831044+4040951+7536925,6,2831044|4040951|7536925|19906892|1633052|1634606,FULTON; Manhattan Chelsea Market; 111 Eighth Avenue; 363 West 16th Street; M440 (OECID: 0100175; BBL: 1007420007); M070 (OECID: 0100079; BBL: 1007410010),61.83221055849795,52.883934654229634,0.5374521715045842,421.27796454293133,-11512739.206601378,10062864.225645922,2057.81896529613,33.92995540814272,26341.15775238528,944.0,11.432542419888735,85.85710055788292,2,True,False,False,True,True,2.6645352591003757e-14,1.862645149230957e-09,0.0,22057449.47421134,12140755.298720185,0.0709524572992296,1240814.9157858945,3772574.1328656725,88.71569199999999,90.86534146,137489331.829478,522.4665136087078,742604.0733648683,-10062864.225645922,-2192479.054320322,inf,3996.9390396908098,4.134363287105015,92.93302227720419,33413.56349504172,22357.025509655756,54039.08932453574,conditionally_feasible,F1 society savings;F2 operator self-financing,5594.631695380764,-455.4759126930878,11512739.206601378,pipe_cost: removing it entirely closes only 14% of the gap; interface_cost: removing it entirely closes only 7% of the gap; source_side_electricity (A17 -> 0): removing it entirely closes only 11% of the gap; soft_costs (A21 -> 0): removing it entirely closes only 17% of the gap,False,10659.81379835373,,today,0.6217920076062617,0.529928240186515,0.9966734374029054,0.8610385433714318,0.5468201359450647,0.5601406460038825,0.5742840075073342,0.594832885053598,0.49831115550867594,0.4555984555984556,1.0,0.8585710055788288,1.0,0.7161312283985607,0.655999775106793,0.555809349356536,0.8285423652943211,True,0.6891206795390528
today|1634606+19906892+2831044+4040951+7536925+8899918,6,2831044|4040951|7536925|19906892|8899918|1634606,FULTON; Manhattan Chelsea Market; 111 Eighth Avenue; 363 West 16th Street; 61 9th Ave; M070 (OECID: 0100079; BBL: 1007410010),61.066093737013716,53.30742329977939,0.5320354757351778,424.90272413691554,-11226132.894627582,9857594.166283872,1989.1879336351158,32.855800040251204,25076.17303460919,944.0,11.432542419888735,100.00000000000003,1,True,False,False,True,True,2.4868995751603507e-14,0.0,3.637978807091713e-12,20481586.239701096,11663006.909605399,0.0709524572992296,1201533.1664785724,3649184.2439973913,88.71569199999999,90.86534146,134864258.25860822,485.1396335892696,719094.6952349003,-9857594.166283872,-2087633.4235786116,inf,3804.993535600973,3.9633440171738643,92.93302227720419,32338.326484932048,21649.24624285716,52956.27164920648,conditionally_feasible,F1 society savings;F2 operator self-financing,5643.5758053853315,-460.94756744792767,11226132.894627582,pipe_cost: removing it entirely closes only 13% of the gap; interface_cost: removing it entirely closes only 7% of the gap; source_side_electricity (A17 -> 0): removing it entirely closes only 11% of the gap; soft_costs (A21 -> 0): removing it entirely closes only 17% of the gap,False,10442.366701571898,,today,0.6140878464224896,0.5341718463807678,0.9967277158917408,0.859210683244496,0.5581019175581752,0.5691132360817279,0.5551308630537461,0.5760016508597158,0.47438069647793196,0.4555984555984556,1.0,0.9999999999999999,0.5,0.7149958028983328,0.662141945628133,0.5351710701304647,0.7388996138996139,True,0.6628021081391361
today|1633052+1634606+19906892+2831044+4040951+8899918,6,2831044|4040951|19906892|1633052|8899918|1634606,FULTON; Manhattan Chelsea Market; 363 West 16th Street; M440 (OECID: 0100175; BBL: 1007420007); 61 9th Ave; M070 (OECID: 0100079; BBL: 1007410010),68.75384152454346,49.12358000935507,0.5893186229280994,432.7083213044932,-12290291.076462599,10479629.314308483,2092.8393112380845,33.9355734354057,30635.757370058247,944.0,11.432542419888613,85.93246134503728,2,True,False,False,True,True,1.7763568394002505e-14,0.0,3.637978807091713e-12,25249621.35855601,13072280.537063261,0.0709524572992296,1241020.3664545247,3812586.8410652415,88.71569199999999,90.86534146,142782116.45361114,598.0782889956683,742727.0316735248,-10479629.314308483,-2553388.7938276404,inf,4648.590460371586,4.534472471952166,92.93302227720417,33592.56228853215,22360.72732350495,48859.17869264136,conditionally_feasible,F1 society savings;F2 operator self-financing,5872.544065120744,-493.6413041105619,12290291.076462599,pipe_cost: removing it entirely closes only 15% of the gap; interface_cost: removing it entirely closes only 8% of the gap; source_side_electricity (A17 -> 0): removing it entirely closes only 10% of the gap; soft_costs (A21 -> 0): removing it entirely closes only 17% of the gap,False,11101.302239733563,,today,0.6913967455804181,0.49224726708070254,0.996153704945264,0.8552745491479846,0.516213097571667,0.5419233652618798,0.5840572795740268,0.5949313758215625,0.5795546193703183,0.4555984555984556,0.9999999999999996,0.8593246134503725,1.0,0.7265992392021282,0.6378036706605105,0.5861810915886358,0.8287307672622068,True,0.6948286921783704
today|1633052+1634606+19906892+2831044+4769672+7536925,6,2831044|4769672|7536925|19906892|1633052|1634606,FULTON; London Terrace Towers; 111 Eighth Avenue; 363 West 16th Street; M440 (OECID: 0100175; BBL: 1007420007); M070 (OECID: 0100079; BBL: 1007410010),61.4394100774489,56.66171632716227,0.49179205371796164,478.450073404572,-13172247.413225506,11783333.067206305,2041.5852295160512,33.49281853236884,25659.277239874496,944.0,11.432542419888675,55.55582421157344,2,True,False,False,True,True,2.6645352591003757e-14,0.0,3.637978807091713e-12,45299126.70196481,11185313.161471812,0.0709524572992296,1224828.8660202613,3690111.5110341744,88.71569199999999,90.86534146,158587788.0239573,1072.9833848272206,733036.7273232115,-11783333.067206305,-2121951.0733424127,inf,3893.472257156852,3.7377461055236108,92.93302227720419,32833.96505940755,22068.988576941643,53441.21146023036,conditionally_feasible,F1 society savings;F2 operator self-financing,6451.970372232723,-570.4527258842994,13172247.413225506,pipe_cost: removing it entirely closes only 24% of the gap; interface_cost: removing it entirely closes only 6% of the gap; source_side_electricity (A17 -> 0): removing it entirely closes only 9% of the gap; soft_costs (A21 -> 0): removing it entirely closes only 17% of the gap,False,12482.344350854137,,today,0.6178419596054852,0.5677838423998413,0.997130978734192,0.8322083229246852,0.48149635070334357,0.48493697672545477,0.5697535920539722,0.5871693504025183,0.48541162127778864,0.4555984555984556,0.9999999999999998,0.5555582421157341,1.0,0.7275855935798395,0.5995472167844945,0.547444854578093,0.7527891744285473,True,0.6568417098427436
today|1633052+19906892+4040951+4473909+4769672+8899918,6,4473909|4040951|4769672|19906892|1633052|8899918,ELLIOTT/CHELSEA ADDITION CAMPUS; Manhattan Chelsea Market; London Terrace Towers; 363 West 16th Street; M440 (OECID: 0100175; BBL: 1007420007); 61 9th Ave,82.53368407735798,48.80170509226287,0.5940997447396029,442.5231281232754,-15619511.201550443,13021112.665143838,2574.2724006907147,39.745237439603095,46308.6455049813,703.0,-238.2626035829846,62.927046685574986,1,True,False,False,True,False,3.552713678800501e-15,3.725290298461914e-09,3.637978807091713e-12,66639851.27250584,15411193.61130866,0.0709524572992296,1453479.1706409438,4469568.773183737,88.71569199999999,90.86534146,167576568.43813795,1578.4731050820562,869879.5758635139,-13021112.665143838,-3468278.112270115,inf,7026.75390482035,5.354152189615692,-43.09199098431681,39362.34867923411,26188.813885422413,47692.4653482573,conditionally_feasible,F1 society savings;F2 operator self-financing;H6 NYCHA affordability,6067.544055306463,-553.8089566824647,15619511.201550443,pipe_cost: removing it entirely closes only 30% of the gap; interface_cost: removing it entirely closes only 7% of the gap; source_side_electricity (A17 -> 0): removing it entirely closes only 9% of the gap; soft_costs (A21 -> 0): removing it entirely closes only 15% of the gap,False,18522.208627516127,,today,0.829968468765158,0.4890218904234987,0.9961057952826368,0.8503252294558861,0.38516387491306997,0.4308322087260207,0.718412793163973,0.6967817661105942,0.8760478513720326,0.3392857142857143,6.829538311508129e-16,0.6292704668557496,0.5,0.7716987181570979,0.5554404376983255,0.7637474702155332,0.3671390452853661,True,0.6145064178390807
today|1633052+1634606+19906892+4040951+4473909+4769672,6,4473909|4040951|4769672|19906892|1633052|1634606,ELLIOTT/CHELSEA ADDITION CAMPUS; Manhattan Chelsea Market; London Terrace Towers; 363 West 16th Street; M440 (OECID: 0100175; BBL: 1007420007); M070 (OECID: 0100079; BBL: 1007410010),81.99240599535847,49.08076926830385,0.5899512061064971,447.4463970383368,-15218290.05513997,12731929.305246871,2479.7356028111417,38.26562673803031,44566.174181283044,703.0,-238.2626035829846,61.47754918613918,2,True,False,False,True,False,1.0658141036401503e-14,0.0,0.0,64389712.022817925,14753112.247733716,0.0709524572992296,1399369.9622443025,4299603.602880903,88.71569199999999,90.86534146,163881179.3779635,1525.1749025726024,837496.2461253759,-12731929.305246871,-3323856.9960184754,inf,6762.355820093014,5.118579245952991,-43.09199098431682,37881.24805409059,25213.873193591036,46200.922627194304,conditionally_feasible,F1 society savings;F2 operator self-financing;H6 NYCHA affordability,6137.061563292401,-563.7608989762155,15218290.05513997,pipe_cost: removing it entirely closes only 30% of the gap; interface_cost: removing it entirely closes only 7% of the gap; source_side_electricity (A17 -> 0): removing it entirely closes only 9% of the gap; soft_costs (A21 -> 0): removing it entirely closes only 15% of the gap,False,18110.85249679498,,today,0.8245253124839941,0.4918182781861605,0.9961473660884318,0.8478425690998839,0.4009572791866598,0.4434727455571277,0.6920300199177466,0.670842412763802,0.8430844977140415,0.3392857142857143,6.829538311508129e-16,0.6147754918613916,1.0,0.7708303189195288,0.5640908646145572,0.7353189767985301,0.48851530153677664,True,0.6396888654673482
today|1633052+19906892+4040951+4769672+7536925+8899918,6,4040951|4769672|7536925|19906892|1633052|8899918,Manhattan Chelsea Market; London Terrace Towers; 111 Eighth Avenue; 363 West 16th Street; M440 (OECID: 0100175; BBL: 1007420007); 61 9th Ave,86.90195391826256,47.34455674376467,0.616490264207154,298.07499624049376,-9064072.239127744,6583714.600889961,2372.210567692575,37.48728197768116,39692.02726923879,0.0,0.0,60.78223955217571,1,True,False,False,True,,1.7763568394002505e-14,0.0,0.0,47877293.51936313,14983044.692027343,0.0709524572992296,1370905.9758745106,4234606.685644591,88.71569199999999,90.86534146,84556250.15519275,1134.0514530171815,820461.0928938226,-6583714.600889961,-3300818.731131605,inf,6022.765394301119,5.242220521240993,,37209.63406038456,24701.008574315507,42817.94871422897,conditionally_feasible,F1 society savings;F2 operator self-financing,3820.939153788643,-253.18558073122648,9064072.239127744,pipe_cost: removing it entirely closes only 37% of the gap; interface_cost: removing it entirely closes only 12% of the gap; source_side_electricity (A17 -> 0): removing it entirely closes only 15% of the gap; soft_costs (A21 -> 0): removing it entirely closes only 13% of the gap,False,,,today,0.8738963058844902,0.47442040388398343,0.9958814290614795,0.9231661927895903,0.6432078455528026,0.7122182724216991,0.6620225658527233,0.6571970939357752,0.7508773972254581,0.0,0.9542139981377245,0.6078223955217569,0.5,0.7813993796099844,0.7595307702546973,0.6900323523379855,0.5155090984148704,True,0.6866179001543844
today|1633052+1634606+19906892+4040951+4769672+7536925,6,4040951|4769672|7536925|19906892|1633052|1634606,Manhattan Chelsea Market; London Terrace Towers; 111 Eighth Avenue; 363 West 16th Street; M440 (OECID: 0100175; BBL: 1007420007); M070 (OECID: 0100079; BBL: 1007410010),86.45448975444262,47.565021038781104,0.6130217854008319,297.30690853060474,-8662851.092717273,6294531.240992991,2277.673769813002,36.00767127610839,37949.55594554053,0.0,0.0,59.156495533846964,2,True,False,False,True,,1.0658141036401503e-14,1.862645149230957e-09,3.637978807091713e-12,45627154.2696752,14324963.328452395,0.0709524572992296,1316796.7674778698,4064641.5153417564,88.71569199999999,90.86534146,80860861.09501828,1080.7532505077277,788077.763155685,-6294531.240992991,-3156397.614879966,inf,5758.367309573783,5.006647577578293,,35728.53343524104,23726.067882484138,41326.40599316598,conditionally_feasible,F1 society savings;F2 operator self-financing,3803.3765886624305,-251.14208038381838,8662851.092717273,pipe_cost: removing it entirely closes only 37% of the gap; interface_cost: removing it entirely closes only 12% of the gap; source_side_electricity (A17 -> 0): removing it entirely closes only 15% of the gap; soft_costs (A21 -> 0): removing it entirely closes only 13% of the gap,False,,,today,0.869396553437661,0.47662958624996826,0.9959161852664021,0.9235535169313694,0.6590012498263923,0.7248588092528063,0.635639792606497,0.6312577405889832,0.7179140435674669,0.0,0.9542139981377245,0.5915649553384694,1.0,0.7806474416513437,0.7691378586701894,0.6616038589209824,0.6364447383690485,True,0.711958474402891
today|1633052+19906892+2830989+4040951+4769672+8899918,6,4040951|4769672|2830989|19906892|1633052|8899918,Manhattan Chelsea Market; London Terrace Towers; CHELSEA; 363 West 16th Street; M440 (OECID: 0100175; BBL: 1007420007); 61 9th Ave,87.4987964599299,47.29484400711017,0.617276473481449,389.867689410728,-12781444.862858692,10198227.255399037,2416.0763367336876,37.41245957710619,43692.11652982281,425.0,-238.26260358298455,60.706910325834194,1,True,False,False,True,False,1.7763568394002505e-14,1.862645149230957e-09,0.0,56286287.45245384,14968857.02070944,0.0709524572992296,1368169.7285216465,4226820.691753098,88.71569199999999,90.86534146,131234474.21305373,1333.2321311057922,818823.5010143891,-10198227.255399037,-3402041.108474045,inf,6629.728576336216,5.238511415251352,-43.091990984316816,37138.29905034939,24651.706820209845,42444.35415446758,conditionally_feasible,F1 society savings;F2 operator self-financing;H6 NYCHA affordability,5290.165988769224,-449.30379225473337,12781444.862858692,pipe_cost: removing it entirely closes only 31% of the gap; interface_cost: removing it entirely closes only 8% of the gap; source_side_electricity (A17 -> 0): removing it entirely closes only 11% of the gap; soft_costs (A21 -> 0): removing it entirely closes only 15% of the gap,False,23995.828836233028,,today,0.8798982249305036,0.47392225291956636,0.9958735507804879,0.8768778253987206,0.49687964424186165,0.554223772488843,0.6742643665466421,0.6558853673547859,0.826549435649774,0.20511583011583012,9.106051082010839e-16,0.6070691032583417,0.5,0.7832313428768526,0.6426604140431418,0.7188997231837341,0.3280462333435432,True,0.6182094283618179
today|1633052+1634606+19906892+4040951+4769672+8899918,6,4040951|4769672|19906892|1633052|8899918|1634606,Manhattan Chelsea Market; London Terrace Towers; 363 West 16th Street; M440 (OECID: 0100175; BBL: 1007420007); 61 9th Ave; M070 (OECID: 0100079; BBL: 1007410010),99.33890373008012,44.66778106316221,0.6610962699198849,308.6183414177096,-9440402.962578496,6711296.329655553,2312.6941157549563,36.01328930337137,42244.1555632135,0.0,0.0,59.36010011393316,2,True,False,False,True,,3.907985046680551e-14,1.862645149230957e-09,7.275957614183426e-12,48819326.15401988,15256488.566795476,0.0709524572992296,1317002.2181465,4104654.223541327,88.71569199999999,90.86534146,86153645.71915144,1156.3650258946882,788200.7214643413,-6711296.329655553,-3517307.354387283,inf,6410.01873025456,5.406756762425445,,35907.53222873148,23729.769696333333,36146.495361271605,conditionally_feasible,F1 society savings;F2 operator self-financing,4081.993765741376,-288.5836797829666,9440402.962578496,pipe_cost: removing it entirely closes only 37% of the gap; interface_cost: removing it entirely closes only 11% of the gap; source_side_electricity (A17 -> 0): removing it entirely closes only 14% of the gap; soft_costs (A21 -> 0): removing it entirely closes only 13% of the gap,False,,,today,0.9989637411603512,0.4475975315869375,0.995434450555367,0.91784949253561,0.6283942114529946,0.7066415285108034,0.6454130646731895,0.6313562313569477,0.7991575074291093,0.0,0.9542139981377245,0.5936010011393313,1.0,0.8139985744342185,0.7509617441664694,0.6919756011530822,0.6369537498192639,True,0.7234724173932585
today|1633052+1634606+19906892+4040951+7536925+8899918,6,4040951|7536925|19906892|1633052|8899918|1634606,Manhattan Chelsea Market; 111 Eighth Avenue; 363 West 16th Street; M440 (OECID: 0100175; BBL: 1007420007); 61 9th Ave; M070 (OECID: 0100079; BBL: 1007410010),84.12705293465875,45.7693405987025,0.6421619027344646,260.12991278255686,-6001578.823560883,4086406.1873467662,1860.1064509810503,29.655317740168112,30635.757370058247,0.0,0.0,83.98726630985877,2,True,False,False,True,,1.7763568394002505e-14,0.0,3.637978807091713e-12,22428318.049868673,12260667.163341604,0.0709524572992296,1084491.8639515783,3367184.8699837076,88.71569199999999,90.86534146,53173427.33593869,531.2511381391759,649047.7068382257,-4086406.1873467662,-2564220.343052343,inf,4648.590460371586,4.322291067527807,,29511.804646081106,19540.393945073483,35080.040981588696,conditionally_feasible,F1 society savings;F2 operator self-financing,3226.470625052428,-173.6867681093384,6001578.823560883,pipe_cost: removing it entirely closes only 27% of the gap; interface_cost: removing it entirely closes only 14% of the gap; source_side_electricity (A17 -> 0): removing it entirely closes only 18% of the gap; soft_costs (A21 -> 0): removing it entirely closes only 13% of the gap,False,,,today,0.8459915740639896,0.45863580833291434,0.9956241840906498,0.9423007873103202,0.7637578141423741,0.8213784917070457,0.5191075624603931,0.5198933507685071,0.5795546193703183,0.0,0.9542139981377245,0.8398726630985873,1.0,0.7667505221625178,0.8424790310532467,0.5395185108664061,0.698521665309078,True,0.7118174323478121
today|1633052+1634606+19906892+4769672+7536925+8899918,6,4769672|7536925|19906892|1633052|8899918|1634606,London Terrace Towers; 111 Eighth Avenue; 363 West 16th Street; M440 (OECID: 0100175; BBL: 1007420007); 61 9th Ave; M070 (OECID: 0100079; BBL: 1007410010),83.90484701334006,48.90577424204116,0.5925475721665451,323.6028413711526,-7713713.022861292,5859501.021583428,1843.8727152009715,29.218180864394228,29953.876857547464,0.0,0.0,49.56214177664597,2,True,False,False,True,,2.4868995751603507e-14,9.313225746154785e-10,7.275957614183426e-12,46320080.45640499,11305225.026093232,0.0709524572992296,1068505.8141859453,3284722.24815221,88.71569199999999,90.86534146,74921968.70920087,1097.1663326001137,639480.3607965689,-5859501.021583428,-2493692.3620744343,inf,4545.123677837628,3.925673885946404,,28932.206210446944,19252.357012359374,34482.16311728332,conditionally_feasible,F1 society savings;F2 operator self-financing,4183.430319928858,-299.3361014126922,7713713.022861292,pipe_cost: removing it entirely closes only 43% of the gap; interface_cost: removing it entirely closes only 10% of the gap; source_side_electricity (A17 -> 0): removing it entirely closes only 14% of the gap; soft_costs (A21 -> 0): removing it entirely closes only 14% of the gap,False,,,today,0.8437570450916181,0.49006472473150353,0.9961213489679948,0.9102932479690942,0.696362494074856,0.7438744798399742,0.5145771470070312,0.5122298161174272,0.566655085139431,0.0,0.9542139981377245,0.4956214177664595,1.0,0.7766477062637055,0.7835100739613082,0.5311540160879632,0.612458853976046,True,0.6759426625722558
today|1633052+19906892+2831044+4040951+4473909+4769672+8899918,7,2831044|4473909|4040951|4769672|19906892|1633052|8899918,FULTON; ELLIOTT/CHELSEA ADDITION CAMPUS; Manhattan Chelsea Market; London Terrace Towers; 363 West 16th Street; M440 (OECID: 0100175; BBL: 1007420007); 61 9th Ave,66.70848636346184,53.33029021634347,0.5317452595986649,528.2681002619646,-21929011.063461687,19514775.115651887,3004.9859925603723,47.66661262736236,46308.6455049813,1647.0,-95.14650289888485,68.89494762121716,1,True,False,False,True,False,3.552713678800501e-15,3.725290298461914e-09,3.637978807091713e-12,69461154.58119318,16913228.65276789,0.0709524572992296,1743163.031650357,5293864.4166028835,88.71569199999999,90.86534146,258646694.41715053,1645.3002559385488,1043249.8444159366,-19514775.115651887,-3457485.79222574,inf,7026.75390482035,5.746831653644239,34.872558207471776,46914.517203216754,31408.342912619042,70327.6595838235,conditionally_feasible,F1 society savings;F2 operator self-financing;H6 NYCHA affordability,7297.541858016204,-697.6005173121688,21929011.063461687,pipe_cost: removing it entirely closes only 22% of the gap; interface_cost: removing it entirely closes only 5% of the gap; source_side_electricity (A17 -> 0): removing it entirely closes only 8% of the gap; soft_costs (A21 -> 0): removing it entirely closes only 17% of the gap,False,11848.679487341766,,today,0.6708284126615495,0.5344009863820277,0.9967306240287299,0.8070865506983641,0.13680088862775286,0.14698676407917377,0.8386138078296097,0.8356529906626913,0.8760478513720326,0.7948841698841699,0.573163327261688,0.6889494762121713,0.5,0.7339866743574358,0.36362473446843024,0.8501048832881112,0.6392492433395073,True,0.6467413838633711
today|1633052+1634606+19906892+2831044+4040951+4473909+4769672,7,2831044|4473909|4040951|4769672|19906892|1633052|1634606,FULTON; ELLIOTT/CHELSEA ADDITION CAMPUS; Manhattan Chelsea Market; London Terrace Towers; 363 West 16th Street; M440 (OECID: 0100175; BBL: 1007420007); M070 (OECID: 0100079; BBL: 1007410010),66.00229450573808,53.766905305749184,0.5262478198307365,535.1682307486792,-21527789.917051215,19225591.755754914,2910.4491946807984,46.18700192578959,44566.174181283044,1647.0,-95.14650289888478,67.88094260039357,2,True,False,False,True,False,1.0658141036401503e-14,0.0,3.637978807091713e-12,67211015.33150524,16255147.289192943,0.0709524572992296,1689053.8232537156,5123899.24630005,88.71569199999999,90.86534146,254951305.35697606,1592.0020534290948,1010866.5146777991,-19225591.755754914,-3313064.6759741004,inf,6762.355820093014,5.511258709981538,34.87255820747179,45433.41657807322,30433.40222078767,68836.11686276051,conditionally_feasible,F1 society savings;F2 operator self-financing;H6 NYCHA affordability,7396.724174534942,-710.721182024879,21527789.917051215,pipe_cost: removing it entirely closes only 22% of the gap; interface_cost: removing it entirely closes only 5% of the gap; source_side_electricity (A17 -> 0): removing it entirely closes only 8% of the gap; soft_costs (A21 -> 0): removing it entirely closes only 17% of the gap,False,11673.09760519424,,today,0.6637268639864649,0.5387761272916525,0.9967857116200901,0.8036070169361108,0.1525942929013427,0.1596273009102811,0.8122310345833831,0.8097136373158993,0.8430844977140415,0.7948841698841699,0.5731633272616882,0.6788094260039353,1.0,0.7330962342994024,0.3719428702492449,0.8216763898711079,0.7617142307874484,True,0.6721074313018008
today|1633052+1634606+2830989+2831044+4040951+4473909+7536925,7,2831044|4473909|4040951|7536925|2830989|1633052|1634606,FULTON; ELLIOTT/CHELSEA ADDITION CAMPUS; Manhattan Chelsea Market; 111 Eighth Avenue; CHELSEA; M440 (OECID: 0100175; BBL: 1007420007); M070 (OECID: 0100079; BBL: 1007410010),52.536739255083944,62.068012289713074,0.43549569094354357,676.2455575412988,-22539069.104584523,21414474.45287076,2377.4819098039616,38.35211436405821,31018.698831416328,2072.0,-124.50188069364458,87.36102369500752,2,True,False,False,True,False,7.105427357601002e-15,0.0,3.637978807091713e-12,67247311.69814165,11692507.338776335,0.0709524572992296,1402532.8056702793,4178215.8814461813,88.71569199999999,90.86534146,283202963.50886583,1592.8617918206687,839389.1476223392,-21414474.45287076,-1963983.7993361,inf,4706.6970056953105,3.800637956480531,18.88079498039159,37389.47341221812,25270.861363428456,71168.24139138016,conditionally_feasible,F1 society savings;F2 operator self-financing;H6 NYCHA affordability,9480.227383283438,-975.5621851989783,22539069.104584523,pipe_cost: removing it entirely closes only 21% of the gap; interface_cost: removing it entirely closes only 4% of the gap; source_side_electricity (A17 -> 0): removing it entirely closes only 6% of the gap; soft_costs (A21 -> 0): removing it entirely closes only 18% of the gap,False,10335.171067987818,,today,0.5283156510084653,0.6219581190321279,0.997695101518342,0.7324658519090873,0.11278696672955321,0.06394872396268692,0.6634936609897213,0.6723586447627177,0.5867989479566063,1.0,0.4555984555984562,0.8736102369500748,1.0,0.7159896238529785,0.30306718086710915,0.6408837512363484,0.8323021731371327,True,0.6230606822733922
today|1633052+1634606+19906892+2831044+4040951+4473909+7536925,7,2831044|4473909|4040951|7536925|19906892|1633052|1634606,FULTON; ELLIOTT/CHELSEA ADDITION CAMPUS; Manhattan Chelsea Market; 111 Eighth Avenue; 363 West 16th Street; M440 (OECID: 0100175; BBL: 1007420007); M070 (OECID: 0100079; BBL: 1007410010),57.60348740879559,56.84136069931765,0.4897613974780509,590.3555985114562,-20225382.734668527,18737118.57008105,2457.8615299068906,39.82903036258632,32957.77598812779,1647.0,-95.14650289888482,87.89465563474882,2,True,False,False,True,False,2.6645352591003757e-14,3.725290298461914e-09,7.275957614183426e-12,67211015.33150525,13259325.885739079,0.0709524572992296,1456543.4690587937,4386429.892742431,88.71569199999999,90.86534146,248362095.07791454,1592.002053429095,871713.500051683,-18737118.57008105,-2359977.6646391605,inf,5000.92755021004,4.426793015083901,34.87255820747176,39037.68899542287,26244.026469527817,67769.6624830776,conditionally_feasible,F1 society savings;F2 operator self-financing;H6 NYCHA affordability,8228.85361464391,-801.6194529235272,20225382.734668527,pipe_cost: removing it entirely closes only 24% of the gap; interface_cost: removing it entirely closes only 5% of the gap; source_side_electricity (A17 -> 0): removing it entirely closes only 7% of the gap; soft_costs (A21 -> 0): removing it entirely closes only 18% of the gap,False,11376.514007335187,,today,0.5792674684847483,0.5695839850446378,0.9971513271083188,0.7757776433104677,0.20386138922520664,0.18097902494004048,0.6859255323705862,0.6982507567274585,0.6234816096552505,0.7948841698841699,0.5731633272616881,0.8789465563474878,1.0,0.7153342602125683,0.38687268582523826,0.6692192995844316,0.8117485133733364,True,0.6457936897488936
today|1633052+1634606+19906892+2830989+2831044+4040951+4473909,7,2831044|4473909|4040951|2830989|19906892|1633052|1634606,FULTON; ELLIOTT/CHELSEA ADDITION CAMPUS; Manhattan Chelsea Market; CHELSEA; 363 West 16th Street; M440 (OECID: 0100175; BBL: 1007420007); M070 (OECID: 0100079; BBL: 1007410010),57.816954588098405,56.79535096320679,0.49028034213006566,660.9073778239917,-23262026.636101473,21670902.502292126,2501.7272989480016,39.75420796201136,36957.86524871182,2072.0,-124.50188069364461,87.8724945964824,2,True,False,False,True,False,4.085620730620576e-14,3.725290298461914e-09,0.0,67211015.33150525,13245138.214421177,0.0709524572992296,1453807.2217059298,4378643.898850938,88.71569199999999,90.86534146,286631325.2026848,1592.002053429095,870075.9081722498,-21670902.502292126,-2461200.0419816,inf,5607.890732245139,4.4230839090942595,18.8807949803916,38966.35398538769,26194.72471542216,67396.06792331621,conditionally_feasible,F1 society savings;F2 operator self-financing;H6 NYCHA affordability,9298.386217348054,-957.3993831217308,23262026.636101473,pipe_cost: removing it entirely closes only 21% of the gap; interface_cost: removing it entirely closes only 4% of the gap; source_side_electricity (A17 -> 0): removing it entirely closes only 6% of the gap; soft_costs (A21 -> 0): removing it entirely closes only 18% of the gap,False,10458.929779098517,,today,0.58141411963595,0.5691229403313787,0.9971461269765964,0.7402004468244494,0.08432894384109231,0.0527399593768042,0.6981673330645044,0.6969390301464692,0.6991536480795667,1.0,0.4555984555984561,0.8787249459648236,1.0,0.715894395647975,0.29242311668078197,0.6980866704301801,0.83358085039082,True,0.6349962582874392
today|1633052+1634606+19906892+2831044+4040951+4473909+8899918,7,2831044|4473909|4040951|19906892|1633052|8899918|1634606,FULTON; ELLIOTT/CHELSEA ADDITION CAMPUS; Manhattan Chelsea Market; 363 West 16th Street; M440 (OECID: 0100175; BBL: 1007420007); 61 9th Ave; M070 (OECID: 0100079; BBL: 1007410010),62.656723551416235,53.1176338689481,0.5344531200844432,599.3749802835783,-21002934.604529753,19153883.658743616,2492.881875848844,39.83464838984932,37252.375605800764,1647.0,-95.14650289888485,87.9499086955843,2,True,False,False,True,False,1.7763568394002505e-14,0.0,3.637978807091713e-12,70403187.21584992,14190851.124082156,0.0709524572992296,1456748.9197274246,4426442.600942001,88.71569199999999,90.86534146,253654879.70204768,1667.6138288160555,871836.4583603395,-19153883.658743616,-2720887.404146478,inf,5652.578970890817,4.8269021999310535,34.872558207471776,39216.687788913296,26247.728283377022,62589.751851183224,conditionally_feasible,F1 society savings;F2 operator self-financing;H6 NYCHA affordability,8425.162382544942,-831.3631411403226,21002934.604529753,pipe_cost: removing it entirely closes only 24% of the gap; interface_cost: removing it entirely closes only 5% of the gap; source_side_electricity (A17 -> 0): removing it entirely closes only 7% of the gap; soft_costs (A21 -> 0): removing it entirely closes only 17% of the gap,False,11629.558991344029,,today,0.6300834075826395,0.5322700442598777,0.9967034896683371,0.7712294331786194,0.17325435085180868,0.16276174419803746,0.6956988044372785,0.6983492474954233,0.704725073516893,0.7948841698841699,0.573163327261688,0.8794990869558426,1.0,0.7196856471702847,0.3690818427428219,0.6995910418165315,0.811886646025425,True,0.6500612944387658
today|1633052+19906892+2831044+4040951+4769672+7536925+8899918,7,2831044|4040951|4769672|7536925|19906892|1633052|8899918,FULTON; Manhattan Chelsea Market; London Terrace Towers; 111 Eighth Avenue; 363 West 16th Street; M440 (OECID: 0100175; BBL: 1007420007); 61 9th Ave,68.38755263242446,52.12352565570243,0.5473824951000356,412.3148237319139,-15373572.101038989,13077377.051398003,2802.9241595622316,45.408657165440445,39692.02726923879,944.0,11.432542419888735,67.39902258893815,1,True,False,False,True,True,1.7763568394002505e-14,0.0,3.637978807091713e-12,50698596.828050464,16485079.73348657,0.0709524572992296,1660589.8368839242,5058902.329063739,88.71569199999999,90.86534146,175626376.13420525,1200.8786038736741,993831.3614462458,-13077377.051398003,-3290026.41108723,inf,6022.765394301119,5.6348999852695405,92.93302227720419,44761.8025843672,29920.537601512147,65453.142949795176,conditionally_feasible,F1 society savings;F2 operator self-financing,5484.8334189106545,-452.6390391494856,15373572.101038989,pipe_cost: removing it entirely closes only 23% of the gap; interface_cost: removing it entirely closes only 8% of the gap; source_side_electricity (A17 -> 0): removing it entirely closes only 11% of the gap; soft_costs (A21 -> 0): removing it entirely closes only 16% of the gap,False,13853.153656141953,,today,0.6877133012471596,0.52230849318686,0.9965739296990662,0.8655583928333823,0.39484485926748547,0.4283728277748525,0.7822235805183597,0.7960683184878727,0.7508773972254581,0.4555984555984556,1.0,0.6739902258893812,0.5,0.735531908044362,0.5629253599585735,0.7763897654105635,0.6573971703719592,True,0.6830610509463645
today|1633052+1634606+19906892+2831044+4040951+4769672+7536925,7,2831044|4040951|4769672|7536925|19906892|1633052|1634606,FULTON; Manhattan Chelsea Market; London Terrace Towers; 111 Eighth Avenue; 363 West 16th Street; M440 (OECID: 0100175; BBL: 1007420007); M070 (OECID: 0100079; BBL: 1007410010),67.6666965874027,52.5217751008642,0.542148513677438,415.59014104593126,-14972350.95462852,12788193.691501036,2708.3873616826577,43.929046463867664,37949.55594554053,944.0,11.432542419888675,66.28339077526506,2,True,False,False,True,True,1.0658141036401503e-14,0.0,3.637978807091713e-12,48448457.57836253,15826998.369911624,0.0709524572992296,1606480.628487283,4888937.158760903,88.71569199999999,90.86534146,171930987.07403082,1147.58040136422,961448.0317081078,-12788193.691501036,-3145605.2948355908,inf,5758.367309573783,5.399327041606839,92.93302227720419,43280.701959223676,28945.59690968077,63961.60022873218,conditionally_feasible,F1 society savings;F2 operator self-financing,5528.142379650801,-457.87413296389366,14972350.95462852,pipe_cost: removing it entirely closes only 23% of the gap; interface_cost: removing it entirely closes only 8% of the gap; source_side_electricity (A17 -> 0): removing it entirely closes only 11% of the gap; soft_costs (A21 -> 0): removing it entirely closes only 16% of the gap,False,13546.815351166351,,today,0.6804642877737509,0.5262991876956876,0.9966263772822989,0.863906746216241,0.41063826354107513,0.4410133646059595,0.7558408072721331,0.7701289651410805,0.7179140435674669,0.4555984555984556,0.9999999999999998,0.6628339077526504,1.0,0.734463284250579,0.5718527914544252,0.7479612719935602,0.7796080908377765,True,0.7084713596340853
today|1633052+1634606+19906892+2831044+4040951+4769672+8899918,7,2831044|4040951|4769672|19906892|1633052|8899918|1634606,FULTON; Manhattan Chelsea Market; London Terrace Towers; 363 West 16th Street; M440 (OECID: 0100175; BBL: 1007420007); 61 9th Ave; M070 (OECID: 0100079; BBL: 1007410010),73.93407887862419,49.6086873364781,0.5822207837525474,424.4487635943715,-15749902.824489743,13204958.780163597,2743.407707624613,43.93466449113065,42244.1555632135,944.0,11.432542419888735,66.42226040085582,2,True,False,False,True,True,2.4868995751603507e-14,1.862645149230957e-09,3.637978807091713e-12,51640629.46270721,16758523.608254703,0.0709524572992296,1606686.079155913,4928949.866960473,88.71569199999999,90.86534146,177223771.69816396,1223.1921767511808,961570.990016764,-13204958.780163597,-3506515.034342908,inf,6410.01873025456,5.7994362264539925,92.93302227720419,43459.7007527141,28949.298723529966,58781.68959683781,conditionally_feasible,F1 society savings;F2 operator self-financing,5740.99969928525,-487.3759363377112,15749902.824489743,pipe_cost: removing it entirely closes only 23% of the gap; interface_cost: removing it entirely closes only 8% of the gap; source_side_electricity (A17 -> 0): removing it entirely closes only 10% of the gap; soft_costs (A21 -> 0): removing it entirely closes only 16% of the gap,False,13988.303792546183,,today,0.7434898238510625,0.4971083288349896,0.9962248294833307,0.8594396022537167,0.38003122516767734,0.42279608386395673,0.7656140793388259,0.7702274559090451,0.7991575074291093,0.4555984555984556,1.0,0.6642226040085579,1.0,0.7456076607231276,0.5540889704284503,0.77833301422566,0.7799552649017534,True,0.7144962275697477
today|1633052+1634606+19906892+2831044+4040951+7536925+8899918,7,2831044|4040951|7536925|19906892|1633052|8899918|1634606,FULTON; Manhattan Chelsea Market; 111 Eighth Avenue; 363 West 16th Street; M440 (OECID: 0100175; BBL: 1007420007); 61 9th Ave; M070 (OECID: 0100079; BBL: 1007410010),64.21869898062391,51.66554558790849,0.553493624926356,405.8279534539141,-12311078.68547213,10580068.63785481,2290.8200428507043,37.5766929279274,30635.757370058247,944.0,11.432542419888613,87.25002669452458,2,True,False,False,True,True,1.7763568394002505e-14,0.0,3.637978807091713e-12,25249621.35855601,13762702.204800835,0.0709524572992296,1374175.7249609916,4191480.513402855,88.71569199999999,90.86534146,144243553.31495124,598.0782889956683,822417.9753906485,-10580068.63785481,-2553428.023007969,inf,4648.590460371586,4.7149705315563555,92.93302227720417,37063.97317006375,24759.92297227012,57715.2352171549,conditionally_feasible,F1 society savings;F2 operator self-financing,5374.092445145618,-430.0510973235988,12311078.68547213,pipe_cost: removing it entirely closes only 15% of the gap; interface_cost: removing it entirely closes only 8% of the gap; source_side_electricity (A17 -> 0): removing it entirely closes only 11% of the gap; soft_costs (A21 -> 0): removing it entirely closes only 17% of the gap,False,11207.69982823603,,today,0.6457908168631121,0.5177192625830224,0.996512692571088,0.8688295315730215,0.5153948278570568,0.537533047060199,0.6393085771260287,0.6587645753206045,0.5795546193703183,0.4555984555984556,0.9999999999999996,0.8725002669452454,1.0,0.7200075906724076,0.6405858021634258,0.6258759239389838,0.8320246806359252,True,0.7046234993526855
today|1633052+1634606+19906892+2830989+2831044+4040951+8899918,7,2831044|4040951|2830989|19906892|1633052|8899918|1634606,FULTON; Manhattan Chelsea Market; CHELSEA; 363 West 16th Street; M440 (OECID: 0100175; BBL: 1007420007); 61 9th Ave; M070 (OECID: 0100079; BBL: 1007410010),64.51269572325853,51.61587927116295,0.5541623756535636,555.942362177336,-18164868.265838005,16330998.248998811,2334.685811891817,37.50187052735241,34635.84663064228,1369.0,-66.08421218290255,87.2254401951849,2,True,False,False,True,False,1.7763568394002505e-14,0.0,3.637978807091713e-12,60049623.39579791,13748514.533482933,0.0709524572992296,1371439.477608127,4183694.5195113616,88.71569199999999,90.86534146,217312785.47696343,1422.3728548397912,820780.383511215,-16330998.248998811,-2654650.400350408,inf,5255.553642406684,4.711261425566714,50.70465804334996,36992.63816002858,24710.62121816445,57341.64065739352,conditionally_feasible,F1 society savings;F2 operator self-financing;H6 NYCHA affordability,7780.433741154596,-741.8850867837808,18164868.265838005,pipe_cost: removing it entirely closes only 23% of the gap; interface_cost: removing it entirely closes only 5% of the gap; source_side_electricity (A17 -> 0): removing it entirely closes only 8% of the gap; soft_costs (A21 -> 0): removing it entirely closes only 17% of the gap,False,11929.144082541134,,today,0.6487472828083097,0.5172215767734927,0.9965059912940686,0.7931312307424043,0.28497012018060025,0.28615330796086014,0.6515503778199475,0.6574528487396148,0.6552266577946345,0.6607142857142857,0.689554419284149,0.8722544019518487,1.0,0.720824950291957,0.4547515529612882,0.6547432947847324,0.8056307767375708,True,0.6589876436938871
today|1633052+19906892+4040951+4473909+4769672+7536925+8899918,7,4473909|4040951|4769672|7536925|19906892|1633052|8899918,ELLIOTT/CHELSEA ADDITION CAMPUS; Manhattan Chelsea Market; London Terrace Towers; 111 Eighth Avenue; 363 West 16th Street; M440 (OECID: 0100175; BBL: 1007420007); 61 9th Ave,75.74691281433999,50.98822762925098,0.5627172219581329,418.46816608931147,-15640298.81055997,13121551.988690168,2772.2531323033345,43.386356932124784,46308.6455049813,703.0,-238.26260358298467,65.93157990577096,1,True,False,False,True,False,3.552713678800501e-15,3.725290298461914e-09,3.637978807091713e-12,66639851.27250584,16101615.279046236,0.0709524572992296,1586634.5291474108,4848462.44552135,88.71569199999999,90.86534146,169038005.29947805,1578.4731050820562,949570.519580638,-13121551.988690168,-3468317.3414504435,inf,7026.75390482035,5.53465024921988,-43.09199098431684,42833.759560765706,28588.009534187582,56548.521872770834,conditionally_feasible,F1 society savings;F2 operator self-financing;H6 NYCHA affordability,5641.728249240062,-494.1334907629581,15640298.81055997,pipe_cost: removing it entirely closes only 30% of the gap; interface_cost: removing it entirely closes only 7% of the gap; source_side_electricity (A17 -> 0): removing it entirely closes only 10% of the gap; soft_costs (A21 -> 0): removing it entirely closes only 15% of the gap,False,18665.081064993126,,today,0.7617198958825172,0.510932136847676,0.9964202666845651,0.862455442458097,0.38434560519846006,0.4264418905243399,0.773664090715975,0.760614965609636,0.8760478513720326,0.3392857142857143,4.553025541005419e-16,0.6593157990577093,0.5,0.7563574331382528,0.5577476460602989,0.8034423025658812,0.374650378335856,True,0.6230494400250722
today|1633052+1634606+19906892+4040951+4473909+4769672+7536925,7,4473909|4040951|4769672|7536925|19906892|1633052|1634606,ELLIOTT/CHELSEA ADDITION CAMPUS; Manhattan Chelsea Market; London Terrace Towers; 111 Eighth Avenue; 363 West 16th Street; M440 (OECID: 0100175; BBL: 1007420007); M070 (OECID: 0100079; BBL: 1007410010),75.10884100937717,51.34798821750055,0.5577900915404088,422.1165832790503,-15239077.6641495,12832368.628793197,2677.7163344237606,41.906746230551995,44566.174181283044,703.0,-238.2626035829846,64.71137400854514,2,True,False,False,True,False,1.0658141036401503e-14,0.0,3.637978807091713e-12,64389712.022817925,15443533.915471291,0.0709524572992296,1532525.3207507692,4678497.275218515,88.71569199999999,90.86534146,165342616.23930362,1525.1749025726024,917187.1898424998,-12832368.628793197,-3323896.225198804,inf,6762.355820093014,5.299077305557178,-43.09199098431682,41352.65893562218,27613.068842356202,55056.97915170784,conditionally_feasible,F1 society savings;F2 operator self-financing;H6 NYCHA affordability,5691.072451641492,-501.1115126134554,15239077.6641495,pipe_cost: removing it entirely closes only 30% of the gap; interface_cost: removing it entirely closes only 7% of the gap; source_side_electricity (A17 -> 0): removing it entirely closes only 10% of the gap; soft_costs (A21 -> 0): removing it entirely closes only 16% of the gap,False,18253.724934271973,,today,0.7553033704983985,0.5145371502920437,0.9964696394396088,0.8606156524983385,0.4001390094720497,0.4390824273554471,0.7472813174697484,0.7346756122628437,0.8430844977140415,0.3392857142857143,6.829538311508129e-16,0.6471137400854511,1.0,0.7554367200766836,0.5666123631086117,0.7750138091488777,0.4965998635927915,True,0.6484156889817412
today|1633052+1634606+19906892+2830989+4040951+4473909+4769672,7,4473909|4040951|4769672|2830989|19906892|1633052|1634606,ELLIOTT/CHELSEA ADDITION CAMPUS; Manhattan Chelsea Market; London Terrace Towers; CHELSEA; 363 West 16th Street; M440 (OECID: 0100175; BBL: 1007420007); M070 (OECID: 0100079; BBL: 1007410010),75.49153044134499,51.30344041448156,0.5583967388697556,488.4212463776763,-18275721.56558245,15766152.561004272,2721.5821034648734,41.83192382997702,48566.263441867064,1128.0,-238.26260358298458,64.65039450862004,2,True,False,False,True,False,1.0658141036401503e-14,0.0,0.0,64389712.02281793,15429346.24415339,0.0709524572992296,1529789.073397905,4670711.281327023,88.71569199999999,90.86534146,203611846.36407393,1525.1749025726026,915549.5979630663,-15766152.561004272,-3425118.6025412437,inf,7369.319002128111,5.295368199567538,-43.091990984316816,41281.323925587014,27563.76708825054,54683.38459194645,conditionally_feasible,F1 society savings;F2 operator self-financing;H6 NYCHA affordability,6715.109399902155,-646.6493219522201,18275721.56558245,pipe_cost: removing it entirely closes only 25% of the gap; interface_cost: removing it entirely closes only 6% of the gap; source_side_electricity (A17 -> 0): removing it entirely closes only 8% of the gap; soft_costs (A21 -> 0): removing it entirely closes only 16% of the gap,False,13977.085603727191,,today,0.7591517405961785,0.5140907550112769,0.9964635604752927,0.8271801523595075,0.2806065640879352,0.3108433617922107,0.7595231181636671,0.7333638856818543,0.9187565361383575,0.5444015444015444,7.967794696759484e-16,0.6465039450862001,1.0,0.756568685360916,0.4728766927465511,0.8038811799946263,0.5477263723719363,True,0.6452632326185075
today|1633052+1634606+19906892+4040951+4473909+4769672+8899918,7,4473909|4040951|4769672|19906892|1633052|8899918|1634606,ELLIOTT/CHELSEA ADDITION CAMPUS; Manhattan Chelsea Market; London Terrace Towers; 363 West 16th Street; M440 (OECID: 0100175; BBL: 1007420007); 61 9th Ave; M070 (OECID: 0100079; BBL: 1007410010),83.26804072820423,48.433455969537604,0.5996413384136784,431.358325139065,-16016629.534010723,13249133.71745576,2712.736680365716,41.91236425781499,48860.77379895601,703.0,-238.2626035829846,64.86346573379254,2,True,False,False,True,False,1.0658141036401503e-14,1.862645149230957e-09,3.637978807091713e-12,67581883.90716258,16375059.15381437,0.0709524572992296,1532730.7714194001,4718509.983418086,88.71569199999999,90.86534146,170635400.86343676,1600.786677959563,917310.1481511563,-13249133.71745576,-3684805.9647061215,inf,7414.007240773791,5.699186490404332,-43.09199098431681,41531.65772911261,27616.770656205408,49877.06851981347,conditionally_feasible,F1 society savings;F2 operator self-financing;H6 NYCHA affordability,5904.2330388850905,-531.5624103892728,16016629.534010723,pipe_cost: removing it entirely closes only 30% of the gap; interface_cost: removing it entirely closes only 7% of the gap; source_side_electricity (A17 -> 0): removing it entirely closes only 10% of the gap; soft_costs (A21 -> 0): removing it entirely closes only 15% of the gap,False,18846.5628982301,,today,0.8373532459242522,0.4853318168532935,0.996050265243075,0.8559553126850749,0.36953197109865193,0.4208651466134442,0.7570545895364411,0.7347741030308085,0.9243279615756839,0.3392857142857143,6.829538311508129e-16,0.6486346573379251,1.0,0.7729117760068736,0.5487841434657237,0.8053855513809779,0.49698009290591005,True,0.6560153909398714
today|1633052+19906892+2830989+4040951+4769672+7536925+8899918,7,4040951|4769672|7536925|2830989|19906892|1633052|8899918,Manhattan Chelsea Market; London Terrace Towers; 111 Eighth Avenue; CHELSEA; 363 West 16th Street; M440 (OECID: 0100175; BBL: 1007420007); 61 9th Ave,79.16059422214265,49.60956839219623,0.5822080088853171,368.9964298398193,-12802232.471868226,10298666.578945367,2614.0570683463066,41.05357906962788,43692.11652982281,425.0,-238.26260358298455,64.06577349655613,1,True,False,False,True,False,1.7763568394002505e-14,1.862645149230957e-09,7.275957614183426e-12,56286287.45245384,15659278.688447017,0.0709524572992296,1501325.0870281134,4605714.364090712,88.71569199999999,90.86534146,132695911.07439384,1333.2321311057922,898514.4447315133,-10298666.578945367,-3402080.3376543736,inf,6629.728576336216,5.419009474855541,-43.091990984316816,40609.709931880985,27050.902468975015,51300.41067898113,conditionally_feasible,F1 society savings;F2 operator self-financing;H6 NYCHA affordability,4897.4571469348675,-395.08030157355415,12802232.471868226,pipe_cost: removing it entirely closes only 31% of the gap; interface_cost: removing it entirely closes only 9% of the gap; source_side_electricity (A17 -> 0): removing it entirely closes only 12% of the gap; soft_costs (A21 -> 0): removing it entirely closes only 15% of the gap,False,24232.15665634204,,today,0.7960482790458143,0.4971171575333319,0.9962249574950407,0.887402590470563,0.4960613745272514,0.5498334542871623,0.7295156640986439,0.7197185668538277,0.826549435649774,0.20511583011583012,9.106051082010839e-16,0.6406577349655611,0.5,0.7631301313580624,0.6444324730949923,0.7585945555340818,0.33644339127034806,True,0.6256501378143712
today|1633052+1634606+19906892+4040951+4769672+7536925+8899918,7,4040951|4769672|7536925|19906892|1633052|8899918|1634606,Manhattan Chelsea Market; London Terrace Towers; 111 Eighth Avenue; 363 West 16th Street; M440 (OECID: 0100175; BBL: 1007420007); 61 9th Ave; M070 (OECID: 0100079; BBL: 1007410010),87.50380025160663,47.054493902969774,0.6210991054090599,294.257216367609,-9461190.571588028,6811735.65320188,2510.674847367576,39.654408795893055,42244.1555632135,0.0,0.0,62.94266936404793,2,True,False,False,True,,2.4868995751603507e-14,1.862645149230957e-09,3.637978807091713e-12,48819326.15401988,15946910.234533051,0.0709524572992296,1450157.5766529667,4483547.895878939,88.71569199999999,90.86534146,87615082.58049154,1156.3650258946882,867891.6651814652,-6811735.65320188,-3517346.5835676114,inf,6410.01873025456,5.587254822029634,,39378.94311026306,26128.9653450985,45002.55188578514,conditionally_feasible,F1 society savings;F2 operator self-financing,3768.3854528227803,-246.46478629638693,9461190.571588028,pipe_cost: removing it entirely closes only 37% of the gap; interface_cost: removing it entirely closes only 12% of the gap; source_side_electricity (A17 -> 0): removing it entirely closes only 15% of the gap; soft_costs (A21 -> 0): removing it entirely closes only 13% of the gap,False,,,today,0.8799485436502165,0.47151380300848206,0.9958352457522496,0.9250913873913635,0.6275759417383844,0.7022512103091227,0.7006643622251915,0.6951894308559895,0.7991575074291093,0.0,0.9542139981377245,0.629426693640479,1.0,0.7824325308036494,0.7516395131462902,0.7316704335034302,0.6459101729445509,True,0.7279131625994801
today|1633052+1634606+19906892+2830989+4040951+4769672+8899918,7,4040951|4769672|2830989|19906892|1633052|8899918|1634606,Manhattan Chelsea Market; London Terrace Towers; CHELSEA; 363 West 16th Street; M440 (OECID: 0100175; BBL: 1007420007); 61 9th Ave; M070 (OECID: 0100079; BBL: 1007410010),88.07646527136562,47.00753029330623,0.6218502203412113,380.97712411513265,-13178563.195318975,10426248.307710957,2554.540616408687,39.57958639531808,46244.24482379752,425.0,-238.26260358298455,62.87541813252928,2,True,False,False,True,False,3.907985046680551e-14,1.862645149230957e-09,0.0,57228320.08711058,15932722.56321515,0.0709524572992296,1447421.3293001023,4475761.901987447,88.71569199999999,90.86534146,134293306.6383525,1355.5457039832986,866254.0733020315,-10426248.307710957,-3618568.9609100516,inf,7016.981912289656,5.583545716039993,-43.091990984316816,39307.608100227895,26079.663590992834,44628.95732602375,conditionally_feasible,F1 society savings;F2 operator self-financing;H6 NYCHA affordability,5158.8779253179855,-431.66324067902076,13178563.195318975,pipe_cost: removing it entirely closes only 31% of the gap; interface_cost: removing it entirely closes only 9% of the gap; source_side_electricity (A17 -> 0): removing it entirely closes only 11% of the gap; soft_costs (A21 -> 0): removing it entirely closes only 15% of the gap,False,24532.348959319897,,today,0.8857073306821783,0.4710431999191974,0.995827719137281,0.8813610771533219,0.4812477404274435,0.5442567103762667,0.7129061629191097,0.6938777042750001,0.8748295458534253,0.20511583011583012,9.106051082010839e-16,0.6287541813252926,1.0,0.7841927499128856,0.635621842652344,0.7605378043491783,0.45846750286028093,True,0.6597049749436721
today|1633052+1634606+2830989+2831044+4040951+4473909+4769672+7536925,8,2831044|4473909|4040951|4769672|7536925|2830989|1633052|1634606,FULTON; ELLIOTT/CHELSEA ADDITION CAMPUS; Manhattan Chelsea Market; London Terrace Towers; 111 Eighth Avenue; CHELSEA; M440 (OECID: 0100175; BBL: 1007420007); M070 (OECID: 0100079; BBL: 1007410010),58.27620356036315,59.49389929909,0.46110958845568856,572.5904223189281,-23862263.895976737,22003386.96209095,3028.050306190491,48.351205419783156,42627.09702457157,2072.0,-124.50188069364458,69.12011976761863,2,True,False,False,True,False,1.7763568394002505e-15,3.725290298461914e-09,3.637978807091713e-12,67247311.69814165,15378750.409967775,0.0709524572992296,1768198.518371668,5294578.907341413,88.71569199999999,90.86534146,291253610.64926744,1592.8617918206687,1058233.1059655792,-22003386.96209095,-2917110.0398513684,inf,6468.125275578283,5.065601710982357,18.88079498039159,47256.61187640007,31859.432763453475,81090.7522955766,conditionally_feasible,F1 society savings;F2 operator self-financing;H6 NYCHA affordability,7880.405370806805,-778.537092300481,23862263.895976737,pipe_cost: removing it entirely closes only 20% of the gap; interface_cost: removing it entirely closes only 5% of the gap; source_side_electricity (A17 -> 0): removing it entirely closes only 7% of the gap; soft_costs (A21 -> 0): removing it entirely closes only 17% of the gap,False,10619.395251974396,,today,0.5860323815074943,0.5961639874857334,0.9974384351465662,0.7847361014835844,0.06070160069107933,0.03820668173124686,0.8450504607545206,0.8476547248502002,0.8064018360153972,1.0,0.4555984555984562,0.691201197676186,1.0,0.7265449347132646,0.2945481279686369,0.8330356738733727,0.7866999133186605,True,0.6602071624684838
today|1633052+19906892+2831044+4040951+4473909+4769672+7536925+8899918,8,2831044|4473909|4040951|4769672|7536925|19906892|1633052|8899918,FULTON; ELLIOTT/CHELSEA ADDITION CAMPUS; Manhattan Chelsea Market; London Terrace Towers; 111 Eighth Avenue; 363 West 16th Street; M440 (OECID: 0100175; BBL: 1007420007); 61 9th Ave,63.631679038417005,55.152634492196256,0.5093351511887405,501.91112838895856,-21949798.672471218,19615214.43919821,3202.9667241729912,51.30773211988405,46308.6455049813,1647.0,-95.14650289888482,71.03797487907971,1,True,False,False,True,False,3.552713678800501e-15,0.0,7.275957614183426e-12,69461154.58119318,17603650.320505466,0.0709524572992296,1876318.3901568234,5672758.088940497,88.71569199999999,90.86534146,260108131.2784906,1645.3002559385488,1122940.7881330608,-19615214.43919821,-3457525.0214060675,inf,7026.75390482035,5.927329713248427,34.87255820747176,50385.92808474833,33807.53856138421,79183.71610833704,conditionally_feasible,F1 society savings;F2 operator self-financing;H6 NYCHA affordability,6852.958698201485,-636.99226247434,21949798.672471218,pipe_cost: removing it entirely closes only 22% of the gap; interface_cost: removing it entirely closes only 6% of the gap; source_side_electricity (A17 -> 0): removing it entirely closes only 9% of the gap; soft_costs (A21 -> 0): removing it entirely closes only 17% of the gap,False,11909.662683180455,,today,0.639887675036662,0.5526619516719732,0.9969551865426522,0.8203775998574288,0.13598261891314278,0.1425964458774932,0.8938651053816113,0.8994861901617333,0.8760478513720326,0.7948841698841699,0.5731633272616881,0.7103797487907968,0.5,0.7298349377504292,0.3663188882160216,0.889799715638459,0.6446068114841637,True,0.6576400882722684
today|1633052+1634606+19906892+2831044+4040951+4473909+4769672+7536925,8,2831044|4473909|4040951|4769672|7536925|19906892|1633052|1634606,FULTON; ELLIOTT/CHELSEA ADDITION CAMPUS; Manhattan Chelsea Market; London Terrace Towers; 111 Eighth Avenue; 363 West 16th Street; M440 (OECID: 0100175; BBL: 1007420007); M070 (OECID: 0100079; BBL: 1007410010),62.94691643626411,55.64223111854836,0.5035467289391299,507.52323642787684,-21548577.526060745,19326031.07930124,3108.4299262934182,49.82812141831127,44566.174181283044,1647.0,-95.1465028988848,70.16084933257922,2,True,False,False,True,False,1.0658141036401503e-14,3.725290298461914e-09,7.275957614183426e-12,67211015.33150524,16945568.95693052,0.0709524572992296,1822209.1817601821,5502792.918637662,88.71569199999999,90.86534146,256412742.21831614,1592.0020534290948,1090557.4583949228,-19326031.07930124,-3313103.9051544284,inf,6762.355820093014,5.6917567695857265,34.87255820747177,48904.827459604814,32832.59786955283,77692.17338727404,conditionally_feasible,F1 society savings;F2 operator self-financing;H6 NYCHA affordability,6932.302814287949,-647.3374948897435,21548577.526060745,pipe_cost: removing it entirely closes only 22% of the gap; interface_cost: removing it entirely closes only 6% of the gap; source_side_electricity (A17 -> 0): removing it entirely closes only 8% of the gap; soft_costs (A21 -> 0): removing it entirely closes only 17% of the gap,False,11734.080801032933,,today,0.6330016214849534,0.5575679988543621,0.9970131899502325,0.8175475781011117,0.15177602318673258,0.1552369827086003,0.867482332135385,0.873546836814941,0.8430844977140415,0.7948841698841699,0.5731633272616882,0.7016084933257919,1.0,0.7291942700965159,0.37485352799881483,0.8613712222214559,0.7674139976179125,True,0.6832082544836748
today|1633052+1634606+19906892+2830989+2831044+4040951+4473909+4769672,8,2831044|4473909|4040951|4769672|2830989|19906892|1633052|1634606,FULTON; ELLIOTT/CHELSEA ADDITION CAMPUS; Manhattan Chelsea Market; London Terrace Towers; CHELSEA; 363 West 16th Street; M440 (OECID: 0100175; BBL: 1007420007); M070 (OECID: 0100079; BBL: 1007410010),63.15880761144173,55.605233654502754,0.5039808374001029,563.6985501727146,-24585221.4274937,22259815.011512317,3152.2956953345292,49.753299017736296,48566.263441867064,2072.0,-124.50188069364461,70.11726088527537,2,True,False,False,True,False,1.0658141036401503e-14,3.725290298461914e-09,0.0,67211015.33150524,16931381.285612617,0.0709524572992296,1819472.934407318,5495006.92474617,88.71569199999999,90.86534146,294681972.3430865,1592.0020534290948,1088919.8665154893,-22259815.011512317,-3414326.282496868,inf,7369.319002128111,5.688047663596086,18.880794980391588,48833.49244956964,32783.29611544717,77318.57882751265,conditionally_feasible,F1 society savings;F2 operator self-financing;H6 NYCHA affordability,7799.148241036016,-771.2506422010956,24585221.4274937,pipe_cost: removing it entirely closes only 19% of the gap; interface_cost: removing it entirely closes only 5% of the gap; source_side_electricity (A17 -> 0): removing it entirely closes only 7% of the gap; soft_costs (A21 -> 0): removing it entirely closes only 17% of the gap,False,10743.153963085095,,today,0.6351324241526519,0.5571972624267261,0.9970088399272192,0.7892200122446866,0.03224357780261798,0.026997917145364037,0.8797241328293033,0.8722351102339516,0.9187565361383575,1.0,0.4555984555984561,0.7011726088527535,1.0,0.7297795088355324,0.28282050239755624,0.8902385930672042,0.7891927661128024,True,0.6730078426032738
today|1633052+1634606+19906892+2831044+4040951+4473909+4769672+8899918,8,2831044|4473909|4040951|4769672|19906892|1633052|8899918|1634606,FULTON; ELLIOTT/CHELSEA ADDITION CAMPUS; Manhattan Chelsea Market; London Terrace Towers; 363 West 16th Street; M440 (OECID: 0100175; BBL: 1007420007); 61 9th Ave; M070 (OECID: 0100079; BBL: 1007410010),67.69038006534107,52.74881717537688,0.5391973444115934,515.0315584152648,-22326129.395921968,19742796.167963803,3143.4502722353727,49.83373944557425,48860.77379895601,1647.0,-95.1465028988848,70.26966668395495,2,True,False,False,True,False,1.0658141036401503e-14,0.0,0.0,70403187.21584992,17877094.195273597,0.0709524572992296,1822414.6324288128,5542805.626837232,88.71569199999999,90.86534146,261705526.8424493,1667.6138288160555,1090680.416703579,-19742796.167963803,-3674013.644661746,inf,7414.007240773791,6.091865954432879,34.87255820747177,49083.82625309525,32836.29968340203,72512.26275537966,conditionally_feasible,F1 society savings;F2 operator self-financing;H6 NYCHA affordability,7102.4280527413575,-672.2043180978073,22326129.395921968,pipe_cost: removing it entirely closes only 22% of the gap; interface_cost: removing it entirely closes only 6% of the gap; source_side_electricity (A17 -> 0): removing it entirely closes only 8% of the gap; soft_costs (A21 -> 0): removing it entirely closes only 17% of the gap,False,11987.125785041775,,today,0.6807024516233269,0.5285742832947852,0.9966559497402819,0.8137613511734779,0.1211689848133348,0.13701970196659752,0.8772556042020775,0.8736453275829056,0.9243279615756839,0.7948841698841699,0.5731633272616882,0.7026966668395492,1.0,0.7353108948861314,0.3573166793178035,0.8917429644535556,0.7676860409963518,True,0.6880141449134606
today|1633052+1634606+19906892+2830989+2831044+4040951+4473909+7536925,8,2831044|4473909|4040951|7536925|2830989|19906892|1633052|1634606,FULTON; ELLIOTT/CHELSEA ADDITION CAMPUS; Manhattan Chelsea Market; 111 Eighth Avenue; CHELSEA; 363 West 16th Street; M440 (OECID: 0100175; BBL: 1007420007); M070 (OECID: 0100079; BBL: 1007410010),55.65453444638698,58.92569654150205,0.4670446794086785,618.7641140027046,-23282814.245111004,21771341.82583845,2699.7080305606232,43.395327454533046,36957.86524871182,2072.0,-124.50188069364461,88.86452502870769,2,True,False,False,True,False,2.6645352591003757e-14,0.0,0.0,67211015.33150525,13935559.882158753,0.0709524572992296,1586962.5802123966,4757537.571188552,88.71569199999999,90.86534146,288092762.0640249,1592.002053429095,949766.8518893737,-21771341.82583845,-2461239.271161929,inf,5607.890732245139,4.603581968698449,18.880794980391588,42437.76486691927,28593.920364187325,76252.12444782974,conditionally_feasible,F1 society savings;F2 operator self-financing;H6 NYCHA affordability,8624.19712855989,-864.4411862381469,23282814.245111004,pipe_cost: removing it entirely closes only 20% of the gap; interface_cost: removing it entirely closes only 4% of the gap; source_side_electricity (A17 -> 0): removing it entirely closes only 7% of the gap; soft_costs (A21 -> 0): removing it entirely closes only 18% of the gap,False,10507.404356099638,,today,0.5596685674543586,0.5904702604707821,0.9973789620320064,0.7614520607758164,0.08351067412648222,0.04834964117512364,0.7534186306165069,0.7607722296455111,0.6991536480795667,1.0,0.4555984555984561,0.8886452502870765,1.0,0.715839263319049,0.2977707920258074,0.7377815027805282,0.8360609264713832,True,0.646863121149192
today|1633052+1634606+19906892+2831044+4040951+4473909+7536925+8899918,8,2831044|4473909|4040951|7536925|19906892|1633052|8899918|1634606,FULTON; ELLIOTT/CHELSEA ADDITION CAMPUS; Manhattan Chelsea Market; 111 Eighth Avenue; 363 West 16th Street; M440 (OECID: 0100175; BBL: 1007420007); 61 9th Ave; M070 (OECID: 0100079; BBL: 1007410010),59.748919693049224,55.28322376146226,0.5077819073670454,562.4826909703003,-21023722.213539284,19254322.98228994,2690.862607461466,43.475767882370995,37252.37560580077,1647.0,-95.14650289888479,88.92982626934496,2,True,False,False,True,False,1.7763568394002505e-14,0.0,3.637978807091713e-12,70403187.21584992,14881272.79181973,0.0709524572992296,1589904.2782338911,4805336.273279613,88.71569199999999,90.86534146,255116316.56338778,1667.6138288160555,951527.4020774632,-19254322.98228994,-2720926.633326806,inf,5652.578970890818,5.007400259535242,34.87255820747179,42688.09867044489,28646.92393214218,71445.80837569675,conditionally_feasible,F1 society savings;F2 operator self-financing;H6 NYCHA affordability,7813.004705347206,-749.2673715174443,21023722.213539284,pipe_cost: removing it entirely closes only 24% of the gap; interface_cost: removing it entirely closes only 5% of the gap; source_side_electricity (A17 -> 0): removing it entirely closes only 8% of the gap; soft_costs (A21 -> 0): removing it entirely closes only 17% of the gap,False,11690.54218718272,,today,0.6008421887666195,0.5539705332308501,0.9969707509625539,0.7898331344389832,0.1724360811371986,0.158371425996357,0.7509501019892809,0.7621824469944649,0.7047250735168931,0.7948841698841699,0.5731633272616882,0.8892982626934492,1.0,0.7172611576533412,0.37354688052417967,0.7392858741668796,0.8143364399598269,True,0.6611075880760569
today|1633052+1634606+19906892+2830989+2831044+4040951+4473909+8899918,8,2831044|4473909|4040951|2830989|19906892|1633052|8899918|1634606,FULTON; ELLIOTT/CHELSEA ADDITION CAMPUS; Manhattan Chelsea Market; CHELSEA; 363 West 16th Street; M440 (OECID: 0100175; BBL: 1007420007); 61 9th Ave; M070 (OECID: 0100079; BBL: 1007410010),59.96262304531514,55.24074659504923,0.5082863875956806,626.9445847626745,-24060366.114972223,22188106.91450101,2734.728376502577,43.400945481796036,41252.46486638479,2072.0,-124.50188069364461,88.91129621482324,2,True,False,False,True,False,1.7763568394002505e-14,3.725290298461914e-09,0.0,70403187.21584992,14867085.12050183,0.0709524572992296,1587168.030881027,4797550.27938812,88.71569199999999,90.86534146,293385546.68815804,1667.6138288160555,949889.8101980302,-22188106.91450101,-2822149.0106692463,inf,6259.542152925915,5.0036911535456,18.880794980391595,42616.76366040971,28597.622178036523,71072.21381593536,conditionally_feasible,F1 society savings;F2 operator self-financing;H6 NYCHA affordability,8798.082589007556,-891.3601455876928,24060366.114972223,pipe_cost: removing it entirely closes only 21% of the gap; interface_cost: removing it entirely closes only 4% of the gap; source_side_electricity (A17 -> 0): removing it entirely closes only 7% of the gap; soft_costs (A21 -> 0): removing it entirely closes only 17% of the gap,False,10708.54580815686,,today,0.6029912149010143,0.5535448869510764,0.9969656957728916,0.7573268889033068,0.05290363575308457,0.03013236043312084,0.7631919026831991,0.7608707204134757,0.7803971119412091,1.0,0.4555984555984561,0.889112962148232,1.0,0.7178339325416608,0.2801209616965041,0.7681532450126279,0.836177854436672,True,0.6505714984218662
today|1633052+19906892+2830989+2831044+4040951+4769672+7536925+8899918,8,2831044|4040951|4769672|7536925|2830989|19906892|1633052|8899918,FULTON; Manhattan Chelsea Market; London Terrace Towers; 111 Eighth Avenue; CHELSEA; 363 West 16th Street; M440 (OECID: 0100175; BBL: 1007420007); 61 9th Ave,65.14030487953369,54.001980178278146,0.5233221011267039,464.0502386553101,-19111732.33377947,16792329.029453408,3044.7706602159633,48.97495425738716,43692.116529822815,1369.0,-66.08421218290238,69.70054819874451,1,True,False,False,True,False,1.7763568394002505e-14,0.0,0.0,59107590.76114118,17161313.729906246,0.0709524572992296,1791008.9480375266,5430010.007509857,88.71569199999999,90.86534146,223766037.05340636,1400.0592819622848,1071884.713283936,-16792329.029453408,-3391288.017609998,inf,6629.728576336217,5.811688938884088,50.704658043349994,48161.87845586362,32270.431496171648,73935.60491454732,conditionally_feasible,F1 society savings;F2 operator self-financing;H6 NYCHA affordability,6276.903736462006,-559.3622023221179,19111732.33377947,pipe_cost: removing it entirely closes only 22% of the gap; interface_cost: removing it entirely closes only 6% of the gap; source_side_electricity (A17 -> 0): removing it entirely closes only 9% of the gap; soft_costs (A21 -> 0): removing it entirely closes only 17% of the gap,False,12266.127852047777,,today,0.6550585945622894,0.541131716268264,0.9968150290484215,0.83946973794827,0.24769838824193435,0.26598800964031577,0.8497166787642803,0.8585897914059252,0.8265494356497742,0.6607142857142857,0.6895544192841496,0.6970054819874448,0.5,0.7310017799596583,0.45105204527684,0.8449519686066598,0.6368185467464701,True,0.6659560851474071
today|1633052+1634606+19906892+2831044+4040951+4769672+7536925+8899918,8,2831044|4040951|4769672|7536925|19906892|1633052|8899918|1634606,FULTON; Manhattan Chelsea Market; London Terrace Towers; 111 Eighth Avenue; 363 West 16th Street; M440 (OECID: 0100175; BBL: 1007420007); 61 9th Ave; M070 (OECID: 0100079; BBL: 1007410010),69.38597798638186,51.59444556510492,0.554451345149758,403.8308647079177,-15770690.43349927,13305398.103709921,2941.388439237233,47.57578398365233,42244.1555632135,944.0,11.432542419888675,68.9059460959683,2,True,False,False,True,True,1.0658141036401503e-14,0.0,7.275957614183426e-12,51640629.46270721,17448945.275992278,0.0709524572992296,1739841.4376623798,5307843.539298086,88.71569199999999,90.86534146,178685208.55950403,1223.1921767511808,1041261.933733888,-13305398.103709921,-3506554.2635232364,inf,6410.01873025456,5.979934286058181,92.93302227720419,46931.111634245695,31348.494372295132,67637.74612135135,conditionally_feasible,F1 society savings;F2 operator self-financing,5361.648336929263,-437.6074752986832,15770690.43349927,pipe_cost: removing it entirely closes only 23% of the gap; interface_cost: removing it entirely closes only 8% of the gap; source_side_electricity (A17 -> 0): removing it entirely closes only 11% of the gap; soft_costs (A21 -> 0): removing it entirely closes only 16% of the gap,False,14094.701381048646,,today,0.6977535844535124,0.5170067983874616,0.9965030956491514,0.8698366049510236,0.37921295545306744,0.41840576566227616,0.8208653768908278,0.8340606554080868,0.7991575074291093,0.4555984555984556,0.9999999999999998,0.6890594609596827,1.0,0.7370878261633752,0.5558184420221224,0.8180278465760079,0.7861644791395346,True,0.72427464847526
today|1633052+1634606+19906892+2830989+2831044+4040951+4769672+8899918,8,2831044|4040951|4769672|2830989|19906892|1633052|8899918|1634606,FULTON; Manhattan Chelsea Market; London Terrace Towers; CHELSEA; 363 West 16th Street; M440 (OECID: 0100175; BBL: 1007420007); 61 9th Ave; M070 (OECID: 0100079; BBL: 1007410010),69.66530542097703,51.555222374461216,0.5549807273106012,476.74133999529505,-19488063.05723022,16919910.758219,2985.254208278345,47.50096158307735,46244.24482379752,1369.0,-66.08421218290255,68.85861137081444,2,True,False,False,True,False,3.907985046680551e-14,3.725290298461914e-09,3.637978807091713e-12,60049623.39579791,17434757.604674377,0.0709524572992296,1737105.1903095152,5300057.545406593,88.71569199999999,90.86534146,225363432.61736503,1422.3728548397912,1039624.3418544545,-16919910.758219,-3607776.640865676,inf,7016.981912289656,5.976225180068539,50.70465804334996,46859.77662421053,31299.192618189463,67264.15156158996,conditionally_feasible,F1 society savings;F2 operator self-financing;H6 NYCHA affordability,6528.108394651379,-594.2835896856689,19488063.05723022,pipe_cost: removing it entirely closes only 22% of the gap; interface_cost: removing it entirely closes only 6% of the gap; source_side_electricity (A17 -> 0): removing it entirely closes only 9% of the gap; soft_costs (A21 -> 0): removing it entirely closes only 17% of the gap,False,12359.321225872169,,today,0.7005625341056055,0.5166137588655686,0.9964977909274297,0.8330699871496903,0.2328847541421264,0.2604112657294201,0.8331071775847464,0.8327489288270973,0.8748295458534253,0.6607142857142857,0.689554419284149,0.6885861137081442,1.0,0.7378913612995346,0.4421220023404122,0.8468952174217562,0.7597137046766447,True,0.6966555714345869
today|1633052+1634606+19906892+2830989+2831044+4040951+7536925+8899918,8,2831044|4040951|7536925|2830989|19906892|1633052|8899918|1634606,FULTON; Manhattan Chelsea Market; 111 Eighth Avenue; CHELSEA; 363 West 16th Street; M440 (OECID: 0100175; BBL: 1007420007); 61 9th Ave; M070 (OECID: 0100079; BBL: 1007410010),61.12606746782679,53.9196208623776,0.524344446759835,520.7484244225222,-18185655.87484754,16431437.572545135,2532.666543504438,41.14299001987411,34635.84663064228,1369.0,-66.08421218290255,88.32136971691082,2,True,False,False,True,False,1.7763568394002505e-14,3.725290298461914e-09,3.637978807091713e-12,60049623.39579791,14438936.201220509,0.0709524572992296,1504594.8361145942,4562588.191848977,88.71569199999999,90.86534146,218774222.3383035,1422.3728548397912,900471.3272283389,-16431437.572545135,-2654689.629530737,inf,5255.553642406684,4.891759485170902,50.70465804334996,40464.049041560174,27109.816866929625,66197.69718190705,conditionally_feasible,F1 society savings;F2 operator self-financing;H6 NYCHA affordability,7180.438309768225,-662.8520695837954,18185655.87484754,pipe_cost: removing it entirely closes only 23% of the gap; interface_cost: removing it entirely closes only 6% of the gap; source_side_electricity (A17 -> 0): removing it entirely closes only 8% of the gap; soft_costs (A21 -> 0): removing it entirely closes only 17% of the gap,False,12002.511009894182,,today,0.6146909493384143,0.5403064273100292,0.9968047845417339,0.8108785030411375,0.28415185046599,0.28176298975917957,0.7068016753719497,0.7212860482386569,0.6552266577946345,0.6607142857142857,0.689554419284149,0.8832136971691078,1.0,0.7172673870633924,0.4589311144221024,0.6944381271350805,0.8083706005418856,True,0.6697518072906152
today|1633052+19906892+2830989+4040951+4473909+4769672+7536925+8899918,8,4473909|4040951|4769672|7536925|2830989|19906892|1633052|8899918,ELLIOTT/CHELSEA ADDITION CAMPUS; Manhattan Chelsea Market; London Terrace Towers; 111 Eighth Avenue; CHELSEA; 363 West 16th Street; M440 (OECID: 0100175; BBL: 1007420007); 61 9th Ave,71.09508837783432,52.95537335627213,0.5365328022707024,457.184923967866,-18697730.321002446,16155775.244447565,3014.099632957066,46.95265402407149,50308.73476556533,1128.0,-238.26260358298447,68.43700070980752,1,True,False,False,True,False,1.7763568394002505e-14,0.0,0.0,66639851.27250585,16777849.275465913,0.0709524572992296,1717053.6403010131,5219570.12396747,88.71569199999999,90.86534146,208768672.28558844,1578.4731050820565,1027623.8714183283,-16155775.244447565,-3569578.9479732113,inf,7633.717086855448,5.711439202834427,-43.0919909843168,46233.83543226212,30937.903428847083,65030.98383752299,conditionally_feasible,F1 society savings;F2 operator self-financing;H6 NYCHA affordability,6203.421451817941,-573.2563204778611,18697730.321002446,pipe_cost: removing it entirely closes only 25% of the gap; interface_cost: removing it entirely closes only 6% of the gap; source_side_electricity (A17 -> 0): removing it entirely closes only 9% of the gap; soft_costs (A21 -> 0): removing it entirely closes only 16% of the gap,False,14322.49578408472,,today,0.7149406002810728,0.5306440981479567,0.9966826500252901,0.84293171512239,0.26399489009973565,0.29381250675942316,0.8411571889618955,0.8231364385276884,0.9517198897963487,0.5444015444015444,1.2520820237764902e-15,0.6843700070980749,0.5,0.7474224494847732,0.46691303732718287,0.8720045057619775,0.4321928878749052,True,0.6296332201122097
today|1633052+1634606+19906892+2830989+4040951+4473909+4769672+7536925,8,4473909|4040951|4769672|7536925|2830989|19906892|1633052|1634606,ELLIOTT/CHELSEA ADDITION CAMPUS; Manhattan Chelsea Market; London Terrace Towers; 111 Eighth Avenue; CHELSEA; 363 West 16th Street; M440 (OECID: 0100175; BBL: 1007420007); M070 (OECID: 0100079; BBL: 1007410010),70.43300038647229,53.380349498975626,0.5311107344761733,461.83749250690573,-18296509.174591977,15866591.884550598,2919.5628350774923,45.47304332249871,48566.263441867064,1128.0,-238.26260358298453,67.39241699483257,2,True,False,False,True,False,1.0658141036401503e-14,3.725290298461914e-09,3.637978807091713e-12,64389712.02281793,16119767.911890965,0.0709524572992296,1662944.4319043718,5049604.953664635,88.71569199999999,90.86534146,205073283.225414,1525.1749025726026,995240.5416801902,-15866591.884550598,-3425157.831721572,inf,7369.319002128111,5.475866259171726,-43.091990984316816,44752.7348071186,29962.962737015707,63539.44111645999,conditionally_feasible,F1 society savings;F2 operator self-financing;H6 NYCHA affordability,6266.866037190922,-582.3847140580061,18296509.174591977,pipe_cost: removing it entirely closes only 25% of the gap; interface_cost: removing it entirely closes only 6% of the gap; source_side_electricity (A17 -> 0): removing it entirely closes only 9% of the gap; soft_costs (A21 -> 0): removing it entirely closes only 16% of the gap,False,14066.127557225707,,today,0.7082825652918253,0.534902609941691,0.9967369823449882,0.8405855610396583,0.2797882943733253,0.30645304359053016,0.8147744157156689,0.7971970851808962,0.9187565361383575,0.5444015444015444,1.0244307467262194e-15,0.6739241699483255,1.0,0.7466407191928348,0.4756089663345046,0.8435760123449741,0.5545814285874677,True,0.6551017816149454
today|1633052+1634606+19906892+4040951+4473909+4769672+7536925+8899918,8,4473909|4040951|4769672|7536925|19906892|1633052|8899918|1634606,ELLIOTT/CHELSEA ADDITION CAMPUS; Manhattan Chelsea Market; London Terrace Towers; 111 Eighth Avenue; 363 West 16th Street; M440 (OECID: 0100175; BBL: 1007420007); 61 9th Ave; M070 (OECID: 0100079; BBL: 1007410010),76.6229765173904,50.51138112346693,0.5693476528675003,409.3241200937211,-16037417.143020254,13349573.041002084,2910.717411978336,45.55348375033667,48860.77379895601,703.0,-238.2626035829846,67.57379974337539,2,True,False,False,True,False,2.4868995751603507e-14,0.0,0.0,67581883.90716258,17065480.821551945,0.0709524572992296,1665886.1299258666,5097403.655755698,88.71569199999999,90.86534146,172096837.72477683,1600.786677959563,997001.0918682804,-13349573.041002084,-3684845.1938864496,inf,7414.007240773791,5.87968455000852,-43.09199098431682,45003.06861064421,30015.96630497057,58733.125044327,conditionally_feasible,F1 society savings;F2 operator self-financing;H6 NYCHA affordability,5509.781566916197,-476.45490884960634,16037417.143020254,pipe_cost: removing it entirely closes only 30% of the gap; interface_cost: removing it entirely closes only 8% of the gap; source_side_electricity (A17 -> 0): removing it entirely closes only 10% of the gap; soft_costs (A21 -> 0): removing it entirely closes only 15% of the gap,False,18989.43533570709,,today,0.770529695884659,0.506153853399188,0.9963538258532152,0.8670665171075568,0.3687137013840418,0.41647482841176364,0.8123058870884431,0.7986073025298501,0.9243279615756839,0.3392857142857143,6.829538311508129e-16,0.6757379974337536,1.0,0.7576791250456875,0.5507516823011208,0.8450803837313257,0.5037559279298671,True,0.6643167797520002
today|1633052+1634606+19906892+2830989+4040951+4473909+4769672+8899918,8,4473909|4040951|4769672|2830989|19906892|1633052|8899918|1634606,ELLIOTT/CHELSEA ADDITION CAMPUS; Manhattan Chelsea Market; London Terrace Towers; CHELSEA; 363 West 16th Street; M440 (OECID: 0100175; BBL: 1007420007); 61 9th Ave; M070 (OECID: 0100079; BBL: 1007410010),76.99125271834076,50.47037467442472,0.5699232315933717,470.22165298180244,-19074061.044453196,16283356.973213155,2954.5831810194495,45.47866134976169,52860.86305954004,1128.0,-238.26260358298447,67.5223189048823,2,True,False,False,True,False,3.907985046680551e-14,0.0,0.0,67581883.90716258,17051293.150234044,0.0709524572992296,1663149.882573002,5089617.661864205,88.71569199999999,90.86534146,210366067.84954715,1600.786677959563,995363.4999888465,-16283356.973213155,-3786067.5712288897,inf,8020.970422808888,5.875975444018878,-43.0919909843168,44931.733600609026,29966.6645508649,58359.53048456561,conditionally_feasible,F1 society savings;F2 operator self-financing;H6 NYCHA affordability,6455.753612552509,-609.9763552371899,19074061.044453196,pipe_cost: removing it entirely closes only 25% of the gap; interface_cost: removing it entirely closes only 6% of the gap; source_side_electricity (A17 -> 0): removing it entirely closes only 9% of the gap; soft_costs (A21 -> 0): removing it entirely closes only 16% of the gap,False,14435.600153557762,,today,0.7742331248300934,0.5057429445755666,0.9963480582146443,0.8363576744081342,0.24918125599992766,0.2882357628485275,0.8245476877823622,0.7972955759488606,1.0,0.5444015444015444,1.2520820237764902e-15,0.6752231890488227,1.0,0.7587747092067681,0.4579248977521964,0.8739477545770743,0.5549061833625921,True,0.6613883862246578
today|1633052+1634606+19906892+2830989+4040951+4769672+7536925+8899918,8,4040951|4769672|7536925|2830989|19906892|1633052|8899918|1634606,Manhattan Chelsea Market; London Terrace Towers; 111 Eighth Avenue; CHELSEA; 363 West 16th Street; M440 (OECID: 0100175; BBL: 1007420007); 61 9th Ave; M070 (OECID: 0100079; BBL: 1007410010),79.98318762953775,49.19997242940904,0.5881923443337563,361.8856860359719,-13199350.804328505,10526687.631257283,2752.521348021308,43.22070588783976,46244.24482379752,425.0,-238.26260358298427,65.88798552034149,2,True,False,False,True,False,3.907985046680551e-14,1.862645149230957e-09,7.275957614183426e-12,57228320.08711058,16623144.230952725,0.0709524572992296,1580576.6878065693,4854655.5743250605,88.71569199999999,90.86534146,135754743.49969262,1355.5457039832986,945945.0170191557,-10526687.631257283,-3618608.1900903797,inf,7016.981912289656,5.76404377564418,-43.09199098431677,42779.018981759495,28478.859239758003,53485.01385053729,conditionally_feasible,F1 society savings;F2 operator self-financing;H6 NYCHA affordability,4795.367278011145,-381.5970695960897,13199350.804328505,pipe_cost: removing it entirely closes only 31% of the gap; interface_cost: removing it entirely closes only 9% of the gap; source_side_electricity (A17 -> 0): removing it entirely closes only 12% of the gap; soft_costs (A21 -> 0): removing it entirely closes only 15% of the gap,False,24768.6767794289,,today,0.8043203754435968,0.4930127642205708,0.9961649909215697,0.8909883303616938,0.48042947071283343,0.5398663921745861,0.7681574604711119,0.7577109037740418,0.8748295458534253,0.20511583011583012,2.0488614934524388e-15,0.6588798552034146,1.0,0.7644993768619125,0.6370947310830378,0.8002326366995263,0.4659989213298117,True,0.666956416493572
today|1633052+19906892+2830989+2831044+4040951+4473909+4769672+7536925+8899918,9,2831044|4473909|4040951|4769672|7536925|2830989|19906892|1633052|8899918,FULTON; ELLIOTT/CHELSEA ADDITION CAMPUS; Manhattan Chelsea Market; London Terrace Towers; 111 Eighth Avenue; CHELSEA; 363 West 16th Street; M440 (OECID: 0100175; BBL: 1007420007); 61 9th Ave,61.35319816429342,56.804087011906134,0.4901817479388704,529.9167748149695,-25007230.18291369,22649437.69495561,3444.813224826723,54.874029211830766,50308.73476556533,2072.0,-124.50188069364461,72.86880586781467,1,True,False,False,True,False,3.552713678800501e-15,3.725290298461914e-09,0.0,69461154.5811932,18279884.31692514,0.0709524572992296,2006737.5013104263,6043865.767386617,88.71569199999999,90.86534146,299838798.264601,1645.300255938549,1200994.139970751,-22649437.69495561,-3558786.6279288363,inf,7633.717086855448,6.104118666862974,18.880794980391588,53786.00395624475,36157.432456043716,87666.17807308918,conditionally_feasible,F1 society savings;F2 operator self-financing;H6 NYCHA affordability,7259.386373312468,-696.5520185712807,25007230.18291369,pipe_cost: removing it entirely closes only 20% of the gap; interface_cost: removing it entirely closes only 5% of the gap; source_side_electricity (A17 -> 0): removing it entirely closes only 8% of the gap; soft_costs (A21 -> 0): removing it entirely closes only 17% of the gap,False,10931.19579872375,,today,0.6169750024309586,0.5692104806958334,0.9971471149485879,0.8062551723959981,0.015631903814418507,0.009967062112576364,0.9613582036275319,0.9620076630797857,0.9517198897963487,1.0,0.4555984555984561,0.7286880586781465,0.5,0.7277775326917933,0.277284712774331,0.9583619188345555,0.6710716285691506,True,0.6586239482174576
today|1633052+1634606+19906892+2830989+2831044+4040951+4473909+4769672+7536925,9,2831044|4473909|4040951|4769672|7536925|2830989|19906892|1633052|1634606,FULTON; ELLIOTT/CHELSEA ADDITION CAMPUS; Manhattan Chelsea Market; London Terrace Towers; 111 Eighth Avenue; CHELSEA; 363 West 16th Street; M440 (OECID: 0100175; BBL: 1007420007); M070 (OECID: 0100079; BBL: 1007410010),60.69640227363192,57.33656848067639,0.48422501100138665,535.9570948545097,-24606009.03650322,22360254.33505864,3350.276426947149,53.39441851025798,48566.263441867064,2072.0,-124.50188069364455,72.10054082895786,2,True,False,False,True,False,1.0658141036401503e-14,3.725290298461914e-09,7.275957614183426e-12,67211015.33150524,17621802.953350194,0.0709524572992296,1952628.2929137845,5873900.597083783,88.71569199999999,90.86534146,296143409.2044265,1592.0020534290948,1168610.810232613,-22360254.33505864,-3414365.5116771967,inf,7369.319002128111,5.868545723200275,18.88079498039161,52304.90333110124,35182.49176421233,86174.63535202619,conditionally_feasible,F1 society savings;F2 operator self-financing;H6 NYCHA affordability,7344.471291559902,-707.9670492918625,24606009.03650322,pipe_cost: removing it entirely closes only 19% of the gap; interface_cost: removing it entirely closes only 5% of the gap; source_side_electricity (A17 -> 0): removing it entirely closes only 8% of the gap; soft_costs (A21 -> 0): removing it entirely closes only 17% of the gap,False,10791.628540086216,,today,0.6103701854309973,0.5745462593121996,0.9972068049686889,0.8032092158662105,0.03142530808800818,0.02260759894368347,0.9349754303813053,0.9360683097329934,0.9187565361383575,1.0,0.4555984555984563,0.7210054082895783,1.0,0.7273744165706285,0.2857473742993007,0.929933425417552,0.7941509659720086,True,0.6843015455648724
today|1633052+1634606+19906892+2831044+4040951+4473909+4769672+7536925+8899918,9,2831044|4473909|4040951|4769672|7536925|19906892|1633052|8899918|1634606,FULTON; ELLIOTT/CHELSEA ADDITION CAMPUS; Manhattan Chelsea Market; London Terrace Towers; 111 Eighth Avenue; 363 West 16th Street; M440 (OECID: 0100175; BBL: 1007420007); 61 9th Ave; M070 (OECID: 0100079; BBL: 1007410010),64.58931141719388,54.49818274597983,0.5172232637066714,490.6368247250646,-22346917.0049315,19843235.49151013,3341.4310038479925,53.47485893809595,48860.77379895601,1647.0,-95.14650289888478,72.23343296514409,2,True,False,False,True,False,1.0658141036401503e-14,3.725290298461914e-09,0.0,70403187.21584992,18567515.863011174,0.0709524572992296,1955569.9909352795,5921699.299174844,88.71569199999999,90.86534146,263166963.70378938,1667.6138288160555,1170371.360420703,-19843235.49151013,-3674052.8738420745,inf,7414.007240773791,6.272364014037068,34.87255820747179,52555.23713462684,35235.4953321672,81368.31927989321,conditionally_feasible,F1 society savings;F2 operator self-financing;H6 NYCHA affordability,6687.828352342689,-615.7689113302464,22346917.0049315,pipe_cost: removing it entirely closes only 22% of the gap; interface_cost: removing it entirely closes only 6% of the gap; source_side_electricity (A17 -> 0): removing it entirely closes only 9% of the gap; soft_costs (A21 -> 0): removing it entirely closes only 17% of the gap,False,12048.108980880468,,today,0.6495177392696898,0.5461039588821587,0.9968761429992331,0.8260629010731009,0.1203507150987247,0.13262938376491684,0.9325069017540795,0.9374785270819476,0.9243279615756839,0.7948841698841699,0.5731633272616882,0.7223343296514406,1.0,0.7308326137170272,0.3596809999789142,0.9314377968039036,0.7725954566993247,True,0.6986367167997924
today|1633052+1634606+19906892+2830989+2831044+4040951+4473909+4769672+8899918,9,2831044|4473909|4040951|4769672|2830989|19906892|1633052|8899918|1634606,FULTON; ELLIOTT/CHELSEA ADDITION CAMPUS; Manhattan Chelsea Market; London Terrace Towers; CHELSEA; 363 West 16th Street; M440 (OECID: 0100175; BBL: 1007420007); 61 9th Ave; M070 (OECID: 0100079; BBL: 1007410010),64.79916106381484,54.46354477989639,0.5176456538835263,542.8820286116419,-25383560.906364445,22777019.4237212,3385.2967728891035,53.40003653752097,52860.86305954004,2072.0,-124.50188069364455,72.19569323433346,2,True,False,False,True,False,3.907985046680551e-14,3.725290298461914e-09,7.275957614183426e-12,70403187.21584992,18553328.191693272,0.0709524572992296,1952833.7435824154,5913913.305283353,88.71569199999999,90.86534146,301436193.8285597,1667.6138288160555,1168733.7685412695,-22777019.4237212,-3775275.2511845143,inf,8020.970422808888,6.268654908047427,18.88079498039161,52483.902124591674,35186.19357806154,80994.72472013182,conditionally_feasible,F1 society savings;F2 operator self-financing;H6 NYCHA affordability,7498.178921755633,-730.86322783572,25383560.906364445,pipe_cost: removing it entirely closes only 20% of the gap; interface_cost: removing it entirely closes only 5% of the gap; source_side_electricity (A17 -> 0): removing it entirely closes only 8% of the gap; soft_costs (A21 -> 0): removing it entirely closes only 17% of the gap,False,10992.769992143438,,today,0.6516280120852551,0.5457568660168064,0.9968719104003435,0.7997171745409483,0.0008182697146103858,0.004390318201680676,0.9447487024479978,0.936166800500958,1.0,1.0,0.4555984555984563,0.7219569323433344,1.0,0.7314189295008017,0.26830858748574643,0.9603051676496519,0.7943888469854476,True,0.688605382905412
today|1633052+1634606+19906892+2830989+2831044+4040951+4473909+7536925+8899918,9,2831044|4473909|4040951|7536925|2830989|19906892|1633052|8899918|1634606,FULTON; ELLIOTT/CHELSEA ADDITION CAMPUS; Manhattan Chelsea Market; 111 Eighth Avenue; CHELSEA; 363 West 16th Street; M440 (OECID: 0100175; BBL: 1007420007); 61 9th Ave; M070 (OECID: 0100079; BBL: 1007410010),57.6619190502083,57.217984422116416,0.4855426511148432,590.6973884270545,-24081153.72398176,22288546.23804734,2932.7091081151957,47.04206497431771,41252.46486638479,2072.0,-124.50188069364455,89.74650931155617,2,True,False,False,True,False,3.197442310920451e-14,0.0,7.275957614183426e-12,70403187.21584992,15557506.788239403,0.0709524572992296,1720323.3893874935,5176443.9517257335,88.71569199999999,90.86534146,294846983.5494982,1667.6138288160555,1029580.7539151539,-22288546.23804734,-2822188.2398495744,inf,6259.542152925915,5.184189213149789,18.88079498039161,46088.174541941306,30996.817826801685,79928.27034044891,conditionally_feasible,F1 society savings;F2 operator self-financing;H6 NYCHA affordability,8211.231607439691,-810.7584296439034,24081153.72398176,pipe_cost: removing it entirely closes only 21% of the gap; interface_cost: removing it entirely closes only 5% of the gap; source_side_electricity (A17 -> 0): removing it entirely closes only 7% of the gap; soft_costs (A21 -> 0): removing it entirely closes only 17% of the gap,False,10757.020385157983,,today,0.5798550639676457,0.5733579770507201,0.9971936014370097,0.7756052886639561,0.05208536603847418,0.025742042231440165,0.8184432002352009,0.8247039199125173,0.7803971119412091,1.0,0.4555984555984563,0.8974650931155613,1.0,0.7168022141517918,0.28447756564462345,0.8078480773629758,0.8382658871785044,True,0.6618484360844739
today|1633052+1634606+19906892+2830989+2831044+4040951+4769672+7536925+8899918,9,2831044|4040951|4769672|7536925|2830989|19906892|1633052|8899918|1634606,FULTON; Manhattan Chelsea Market; London Terrace Towers; 111 Eighth Avenue; CHELSEA; 363 West 16th Street; M440 (OECID: 0100175; BBL: 1007420007); 61 9th Ave; M070 (OECID: 0100079; BBL: 1007410010),66.12066463193312,53.39274663807614,0.5309537650774799,453.9095732519783,-19508850.66623975,17020350.081765328,3183.2349398909646,51.142081075599044,46244.24482379752,1369.0,-66.08421218290238,71.00647556219728,2,True,False,False,True,False,2.4868995751603507e-14,3.725290298461914e-09,0.0,60049623.39579791,18125179.27241195,0.0709524572992296,1870260.5488159824,5678951.217744206,88.71569199999999,90.86534146,226824869.47870514,1422.3728548397912,1119315.2855715784,-17020350.081765328,-3607815.870046004,inf,7016.981912289656,6.156723239672728,50.704658043349994,50331.18750574213,33698.38826695464,76120.20808610349,conditionally_feasible,F1 society savings;F2 operator self-financing;H6 NYCHA affordability,6128.624193509257,-540.6346277412771,19508850.66623975,pipe_cost: removing it entirely closes only 22% of the gap; interface_cost: removing it entirely closes only 7% of the gap; source_side_electricity (A17 -> 0): removing it entirely closes only 10% of the gap; soft_costs (A21 -> 0): removing it entirely closes only 17% of the gap,False,12432.688153225221,,today,0.6649172079470417,0.5350268365929384,0.996738555271015,0.8445833785831165,0.2320664844275163,0.2560209475277394,0.8883584751367484,0.8965821283261393,0.8748295458534253,0.6607142857142857,0.6895544192841496,0.7100647556219725,1.0,0.7322275332703317,0.4442236035127907,0.8865900497721043,0.765083365155102,True,0.7070311379275822
today|1633052+1634606+19906892+2830989+4040951+4473909+4769672+7536925+8899918,9,4473909|4040951|4769672|7536925|2830989|19906892|1633052|8899918|1634606,ELLIOTT/CHELSEA ADDITION CAMPUS; Manhattan Chelsea Market; London Terrace Towers; 111 Eighth Avenue; CHELSEA; 363 West 16th Street; M440 (OECID: 0100175; BBL: 1007420007); 61 9th Ave; M070 (OECID: 0100079; BBL: 1007410010),72.01178571214821,52.38983169439846,0.543874425254776,446.94801172037427,-19094848.65346273,16383796.296759482,3152.5639126320675,49.11978084228338,52860.86305954003,1128.0,-238.26260358298447,69.85157616216861,2,True,False,False,True,False,2.4868995751603507e-14,0.0,3.637978807091713e-12,67581883.90716258,17741714.817971617,0.0709524572992296,1796305.2410794692,5468511.334201818,88.71569199999999,90.86534146,211827504.71088722,1600.786677959563,1075054.443705971,-16383796.296759482,-3786106.8004092183,inf,8020.970422808887,6.056473503623067,-43.0919909843168,48403.14448214062,32365.860199630075,67215.58700907916,conditionally_feasible,F1 society savings;F2 operator self-financing;H6 NYCHA affordability,6056.926737298242,-553.175571925089,19094848.65346273,pipe_cost: removing it entirely closes only 25% of the gap; interface_cost: removing it entirely closes only 7% of the gap; source_side_electricity (A17 -> 0): removing it entirely closes only 9% of the gap; soft_costs (A21 -> 0): removing it entirely closes only 16% of the gap,False,14524.64210705628,,today,0.7241590168753022,0.5249770368827846,0.9966090826295678,0.8480938902225497,0.24836298628531742,0.2838454446468468,0.8797989853343636,0.8611287754479026,0.9999999999999999,0.5444015444015444,1.2520820237764902e-15,0.6985157616216858,1.0,0.7485817121292183,0.46010077371823793,0.9136425869274221,0.5607293265058079,True,0.6707635998201716
today|1633052+1634606+19906892+2830989+2831044+4040951+4473909+4769672+7536925+8899918,10,2831044|4473909|4040951|4769672|7536925|2830989|19906892|1633052|8899918|1634606,FULTON; ELLIOTT/CHELSEA ADDITION CAMPUS; Manhattan Chelsea Market; London Terrace Towers; 111 Eighth Avenue; CHELSEA; 363 West 16th Street; M440 (OECID: 0100175; BBL: 1007420007); 61 9th Ave; M070 (OECID: 0100079; BBL: 1007410010),62.275822459204164,56.08991636124439,0.4983360120223069,518.2418047410484,-25404348.515373982,22877458.74726753,3583.2775045017243,57.041156030042664,52860.86305954003,2072.0,-124.5018806936446,73.92064423316381,2,True,False,False,True,False,1.0658141036401503e-14,3.725290298461914e-09,7.275957614183426e-12,70403187.21584992,19243749.859430846,0.0709524572992296,2085989.1020888824,6292806.977620967,88.71569199999999,90.86534146,302897630.6898998,1667.6138288160555,1248424.7122583936,-22877458.74726753,-3775314.480364843,inf,8020.970422808887,6.449152967651615,18.880794980391588,55955.31300612325,37585.38922682671,89850.78124464535,conditionally_feasible,F1 society savings;F2 operator self-financing;H6 NYCHA affordability,7089.696090648331,-674.224115958054,25404348.515373982,pipe_cost: removing it entirely closes only 20% of the gap; interface_cost: removing it entirely closes only 5% of the gap; source_side_electricity (A17 -> 0): removing it entirely closes only 8% of the gap; soft_costs (A21 -> 0): removing it entirely closes only 17% of the gap,False,11041.244569144561,,today,0.6262530212405258,0.5620540692341577,0.9970654044093853,0.8121425179503642,0.0,0.0,1.0,1.0,0.9999999999999999,1.0,0.45559845559845613,0.7392064423316378,1.0,0.7284574982946896,0.2707141726501214,1.0,0.7987012244825235,True,0.6994682238568336
post_rebuild|4040951,1,4040951,Manhattan Chelsea Market,99.2999130516335,42.545540822409876,0.7000869483664949,287.3617165471139,-2524475.7502862657,1729232.8331779847,666.8021321666056,10.436227931498832,12290.278705666025,0.0,0.0,100.00000000000004,0,True,False,False,True,,3.552713678800501e-15,0.0,0.0,8223849.72355898,4641685.208439818,0.0709524572992296,381651.7624670217,1198825.6477267295,88.71569199999999,90.86534146,22291317.89723475,194.79523679894652,228411.30438489642,-1729232.8331779847,-1023654.2214931775,inf,1864.8950524169302,1.6615809360832297,,10446.736899816122,6876.60833273913,10520.388768501818,conditionally_feasible,F1 society savings;F2 operator self-financing,3785.9443281676645,-245.48550769352659,2524475.7502862657,pipe_cost: removing it entirely closes only 23% of the gap; interface_cost: removing it entirely closes only 13% of the gap; source_side_electricity (A17 -> 0): removing it entirely closes only 15% of the gap; soft_costs (A21 -> 0): removing it entirely closes only 13% of the gap,False,,,post_rebuild,0.9985716462957124,0.4263314317139219,0.9950437409429301,0.6681306187411034,0.800432492214403,0.8507711598593202,0.5100846658491084,0.1345119360129076,0.29093441546665655,0.0,0.0,1.0,0.0,0.8066489396508548,0.7731114236049422,0.31184367244289085,0.25,True,0.5354010089246719
post_rebuild|4769672,1,4769672,London Terrace Towers,99.44195133117897,51.328991436958226,0.5580486688210279,518.754571977829,-4667599.92417632,3933317.6420042915,650.5683963865272,9.999091055724946,11608.398193155244,0.0,0.0,0.0,0,True,False,False,True,,5.329070518200751e-15,0.0,9.094947017729282e-13,37439600.91275262,3686243.0711914427,0.0709524572992296,365665.71270138846,1116363.0258952319,88.71569199999999,90.86534146,49363848.05315426,886.8177521003549,218843.95834323968,-3933317.6420042915,-953126.2405152685,inf,1761.4282698829727,1.264963754501826,,9867.138464181957,6588.571400025017,9922.510904196446,conditionally_feasible,F1 society savings;F2 operator self-financing,7174.64904551423,-706.1991244167099,4667599.92417632,pipe_cost: removing it entirely closes only 57% of the gap; interface_cost: removing it entirely closes only 6% of the gap; source_side_electricity (A17 -> 0): removing it entirely closes only 8% of the gap; soft_costs (A21 -> 0): removing it entirely closes only 15% of the gap,False,,,post_rebuild,1.0,0.5143467913380853,0.9964670483426308,0.12601535509508965,0.631011989676478,0.6605636798241619,0.5057713767464235,0.12887770419572894,0.27479299889861963,0.0,0.0,0.0,0.0,0.8369379465602386,0.4725303415319098,0.30314735994692404,0.0,True,0.40315391200976813
post_rebuild|7536925,1,7536925,111 Eighth Avenue,39.198156334286466,99.7945205479452,0.20547945205479456,145.7088081913294,-20787.609009530745,0.0,197.98073161261976,3.641119492521688,0.0,0.0,0.0,100.0,0,True,False,True,False,,0.0,7.275957614183426e-11,0.0,0.0,690421.6677375758,0.0709524572992296,133155.35850646684,378893.6723376131,88.71569199999999,90.86534146,1461436.861340094,0.0,-133155.35850646684,0.0,112367.74949693603,17.62786489997779,0.0,0.18049805960418838,,3471.410881531592,2399.1956487651682,8856.056524513537,conditionally_feasible,F1 society savings;F3 data-center value,104.99814219398355,209.82019986862232,20787.609009530745,interface_cost: -42% closes F1; source_side_electricity (A17 -> 0): -16% closes F1; soft_costs (A21 -> 0): -100% closes F1,True,,,post_rebuild,0.3941812867664062,1.0,1.0,1.0,0.9983566761049762,1.0,0.38551923830306384,0.04693017778149345,0.0,0.0,0.0,0.9999999999999996,0.0,0.7980604289221355,0.9994522253683255,0.14414980536151908,0.2499999999999999,True,0.547915614912995
post_rebuild|19906892,1,19906892,363 West 16th Street,99.2999130516335,42.545540822409876,0.700086948366495,299.89769120281295,-1283215.4079968573,896337.6404380633,322.2261207566587,5.043213090474837,5939.16641729549,0.0,0.0,100.00000000000004,0,True,False,False,True,,1.021405182655144e-14,2.3283064365386963e-10,0.0,2754141.8289713813,2243052.54338242,0.0709524572992296,184429.7745421173,579321.6897423696,88.71569199999999,90.86534146,11553836.750766853,65.23632213456706,110377.7042670344,-896337.6404380633,-497255.4718258283,inf,901.1937265498265,0.8029440122179182,,5048.291454701166,3323.0590007588703,5083.883056449586,conditionally_feasible,F1 society savings;F2 operator self-financing,3982.3444635201568,-269.7368460724968,1283215.4079968573,pipe_cost: removing it entirely closes only 15% of the gap; interface_cost: removing it entirely closes only 12% of the gap; source_side_electricity (A17 -> 0): removing it entirely closes only 14% of the gap; soft_costs (A21 -> 0): removing it entirely closes only 13% of the gap,False,,,post_rebuild,0.9985716462957124,0.4263314317139219,0.9950437409429301,0.6387608994691576,0.898557908153021,0.9226481108323725,0.41853112726773944,0.06500168077758557,0.1405914342022582,0.0,0.0,1.0,0.0,0.8066489396508548,0.8199889728181837,0.20804141408252774,0.25,True,0.5211698316378917
post_rebuild|R2831044,1,rebuild:2831044,Rebuilt Fulton,99.38724266424406,45.06874223497829,0.6127573357559416,229.63691874534177,-1869101.3263184587,2326197.6885359297,-570.6075502898984,20.884963796371135,0.0,1334.7774000000002,0.0,100.00000000000003,0,True,False,False,True,True,1.7763568394002505e-15,9.313225746154785e-10,1.8189894035458565e-12,7895822.155848583,8768886.837929968,0.0709524572992296,763760.9387475532,1904629.952724706,88.71569199999999,90.86534146,29453198.39189382,187.02537111843938,457096.3622174701,-2326197.6885359297,0.0,133.46838113368153,0.0,2.6199340353462164,40.49615817141798,18704.08771531688,13761.458355811768,18819.405000000002,conditionally_feasible,F1 society savings;F2 operator self-financing,,4.141148284948201,1869101.3263184587,pipe_cost: removing it entirely closes only 30% of the gap; interface_cost: removing it entirely closes only 33% of the gap; source_side_electricity (A17 -> 0): removing it entirely closes only 41% of the gap; soft_costs (A21 -> 0): removing it entirely closes only 23% of the gap,True,1742.7607693507018,,post_rebuild,0.9994498431878844,0.4516153991974489,0.9959188352079363,0.8033702912062309,0.8522418393403737,0.7992544576196944,0.18130601802571347,0.2691850860530125,0.0,0.4554000000000001,0.0,0.9999999999999999,0.0,0.8156613591977565,0.8182888627220998,0.15016370135957532,0.36385,True,0.5369909808198579
post_rebuild|4040951+4769672,2,4040951|4769672,Manhattan Chelsea Market; London Terrace Towers,99.36885514889798,46.43341459867933,0.6311448511020131,379.5997769499176,-6782602.793144763,5253077.593864454,1317.3705285531323,20.43531898722378,23898.67689882127,0.0,0.0,51.42660724565974,0,True,False,False,True,,1.7763568394002505e-14,9.313225746154785e-10,1.8189894035458565e-12,44478860.99045241,8327928.279631259,0.0709524572992296,747317.4751684102,2315188.673621962,88.71569199999999,90.86534146,66596976.30452981,1053.5540592822292,447255.26272813627,-5253077.593864454,-1976780.4620084462,inf,3626.323322299903,2.926544690585055,,20313.87536399808,13465.179732764149,20442.899672698266,conditionally_feasible,F1 society savings;F2 operator self-financing,5148.591566409258,-428.3736983658048,6782602.793144763,pipe_cost: removing it entirely closes only 47% of the gap; interface_cost: removing it entirely closes only 9% of the gap; source_side_electricity (A17 -> 0): removing it entirely closes only 11% of the gap; soft_costs (A21 -> 0): removing it entirely closes only 14% of the gap,False,,,post_rebuild,0.999264936163234,0.46529022178498164,0.9957345814508652,0.45203206919692673,0.46381456206341554,0.5466714132065639,0.6829401079173946,0.26338964020863653,0.5657274143652762,0.0,0.0,0.5142660724565972,0.0,0.8200965797996936,0.48750601482230205,0.5040190541637691,0.1285665181141493,True,0.48504704172497853
post_rebuild|4040951+7536925,2,4040951|7536925,Manhattan Chelsea Market; 111 Eighth Avenue,71.8302432199202,49.95835849021984,0.5771833388040551,252.03119303263722,-2545263.359295797,1829672.1567243114,864.782863779225,14.077347424020523,12290.278705666025,0.0,0.0,100.00000000000004,0,True,False,False,True,,3.552713678800501e-15,4.656612873077393e-10,1.8189894035458565e-12,8223849.72355898,5332106.876177393,0.0709524572992296,514807.1209734886,1577719.320064343,88.71569199999999,90.86534146,23752754.758574843,194.79523679894652,308102.2481020204,-1829672.1567243114,-1023693.4506735059,inf,1864.8950524169302,1.8420789956874182,,13918.147781347712,9275.8039815043,19376.445293015357,conditionally_feasible,F1 society savings;F2 operator self-financing,2943.23981880565,-136.14257870698003,2545263.359295797,pipe_cost: removing it entirely closes only 23% of the gap; interface_cost: removing it entirely closes only 15% of the gap; source_side_electricity (A17 -> 0): removing it entirely closes only 20% of the gap; soft_costs (A21 -> 0): removing it entirely closes only 13% of the gap,False,,,post_rebuild,0.7223334041454855,0.5006122401902606,0.9962753076550863,0.7509042032329425,0.7987891683193793,0.8421034758611006,0.562687969474035,0.1814421137944011,0.29093441546665655,0.0,0.0,1.0,0.0,0.7397403173302776,0.7972656158044741,0.3450214995783642,0.25,True,0.533006858178279
post_rebuild|19906892+4040951,2,4040951|19906892,Manhattan Chelsea Market; 363 West 16th Street,99.29991305163351,42.54554082240987,0.7000869483664973,266.0974559064224,-3414915.5829870463,2232794.8983199713,989.0282529232641,15.479441021973669,18229.445122961515,0.0,0.0,100.00000000000004,0,True,False,False,True,,1.7763568394002505e-14,0.0,1.8189894035458565e-12,9999662.551237224,6884737.751822237,0.0709524572992296,566081.537009139,1778147.337469099,88.71569199999999,90.86534146,28993225.646708462,236.85824766443312,338789.0086519307,-2232794.8983199713,-1520909.693319006,inf,2766.0887789667568,2.4645249483011478,,15495.028354517288,10199.667333497999,15604.271824951404,conditionally_feasible,F1 society savings;F2 operator self-financing,3452.7988183286006,-204.34895514461203,3414915.5829870463,pipe_cost: removing it entirely closes only 21% of the gap; interface_cost: removing it entirely closes only 14% of the gap; source_side_electricity (A17 -> 0): removing it entirely closes only 17% of the gap; soft_costs (A21 -> 0): removing it entirely closes only 12% of the gap,False,,,post_rebuild,0.9985716462957126,0.42633143171392185,0.9950437409429301,0.717949271274728,0.7300405075716637,0.807314904878387,0.5956998584387106,0.19951361679049315,0.4315258496689147,0.0,0.0,1.0,0.0,0.8066489396508548,0.7517682279082596,0.40891310829937283,0.25,True,0.5543325689646219
post_rebuild|4040951+8899918,2,4040951|8899918,Manhattan Chelsea Market; 61 9th Ave,99.29991305163351,42.54554082240988,0.7000869483664944,281.4179868207381,-3322815.2291570203,2246437.245386873,899.8032097211799,14.082965451283505,16584.878323338995,0.0,0.0,100.00000000000003,0,True,False,False,True,,1.2434497875801753e-14,9.313225746154785e-10,1.8189894035458565e-12,11416021.60790365,6263632.114520467,0.0709524572992296,515012.5716421189,1617732.0282639125,88.71569199999999,90.86534146,29045539.38270799,270.4070121859071,308225.20641067665,-2246437.245386873,-1384603.1901808234,inf,2516.546473097707,2.2421881805345696,,14097.146574838147,9279.505795353494,14196.53466112098,conditionally_feasible,F1 society savings;F2 operator self-financing,3692.824378995774,-233.98712764838564,3322815.2291570203,pipe_cost: removing it entirely closes only 24% of the gap; interface_cost: removing it entirely closes only 13% of the gap; source_side_electricity (A17 -> 0): removing it entirely closes only 15% of the gap; soft_costs (A21 -> 0): removing it entirely closes only 12% of the gap,False,,,post_rebuild,0.9985716462957126,0.426331431713922,0.9950437409429301,0.6820557963428797,0.7373213214507218,0.8061376015155721,0.5719928441233475,0.18151452422168163,0.3925958065020767,0.0,0.0,0.9999999999999999,0.0,0.8066489396508549,0.7418382397697245,0.3820343916157019,0.24999999999999997,True,0.5451303927590703
post_rebuild|1634606+4040951,2,4040951|1634606,Manhattan Chelsea Market; M070 (OECID: 0100079; BBL: 1007410010),99.2999130516335,42.54554082240988,0.7000869483664949,311.5425891398691,-3353760.80430957,2389420.6070529246,805.2664118416071,12.603354749710721,14842.406999640732,0.0,0.0,100.00000000000004,1,True,False,False,True,,3.552713678800501e-15,0.0,0.0,14504407.413305486,5605550.750945525,0.0709524572992296,460903.36324547755,1447766.8579610782,88.71569199999999,90.86534146,30688675.377623297,343.5604457373903,275841.8766725387,-2389420.6070529246,-1240182.0739291841,inf,2252.14838837037,2.0066152368718697,,12616.045949694622,8304.565103522118,12704.991940057984,conditionally_feasible,F1 society savings;F2 operator self-financing,4164.784169551632,-292.2643613249094,3353760.80430957,pipe_cost: removing it entirely closes only 31% of the gap; interface_cost: removing it entirely closes only 12% of the gap; source_side_electricity (A17 -> 0): removing it entirely closes only 14% of the gap; soft_costs (A21 -> 0): removing it entirely closes only 13% of the gap,False,,,post_rebuild,0.9985716462957124,0.426331431713922,0.9950437409429301,0.611478825856611,0.7348749793499961,0.7937984642915659,0.5468745013327074,0.16244390777670448,0.35134817590165307,0.0,0.0,1.0,0.5,0.8066489396508548,0.7133840898327243,0.3535555283370217,0.375,True,0.5621471394551503
post_rebuild|4040951+R2831044,2,4040951|rebuild:2831044,Manhattan Chelsea Market; Rebuilt Fulton,99.35592882874425,44.195408373146215,0.6440711712557661,225.47455163377586,-3669204.867721472,3331058.3128306614,96.19458187670762,31.32119172786997,12290.278705666025,1334.7774000000002,0.0,100.0,0,True,False,False,True,True,8.881784197001252e-15,9.313225746154785e-10,3.637978807091713e-12,11045153.032246314,13410572.046369785,0.0709524572992296,1145412.7012145747,3103455.600451436,88.71569199999999,90.86534146,42796397.44196732,261.62238765543907,685507.6666023664,-3331058.3128306614,-1023654.2214931776,inf,1864.8950524169302,4.281514971429447,40.496158171417974,29150.82461513301,20638.066688550898,29339.79376850182,conditionally_feasible,F1 society savings;F2 operator self-financing,38143.57104253838,-40.46983540401817,3669204.867721472,pipe_cost: removing it entirely closes only 21% of the gap; interface_cost: removing it entirely closes only 26% of the gap; source_side_electricity (A17 -> 0): removing it entirely closes only 31% of the gap; soft_costs (A21 -> 0): removing it entirely closes only 17% of the gap,False,2495.5908849150883,,post_rebuild,0.9991349475620382,0.442864078413133,0.9956050520931131,0.8131220302557268,0.7099381640235918,0.7125372830498844,0.3584747491966848,0.4036970220659201,0.29093441546665655,0.4554000000000001,0.0,0.9999999999999996,0.0,0.8125346926894282,0.7451991591097343,0.3510353955764205,0.3638499999999999,True,0.5681548118438957
post_rebuild|19906892+4769672,2,4769672|19906892,London Terrace Towers; 363 West 16th Street,99.39383144277393,48.00621205112177,0.6061685572260808,408.70844408572077,-5414283.344773053,4293123.29504223,972.7945171431857,15.042304146199784,17547.564610450732,0.0,0.0,33.846100864380496,0,True,False,False,True,,8.881784197001252e-15,9.313225746154785e-10,1.8189894035458565e-12,37439600.91275262,5929295.614573862,0.0709524572992296,550095.4872435058,1695684.7156376014,88.71569199999999,90.86534146,54289942.97494972,886.817752100355,329221.66261027404,-4293123.29504223,-1450381.7123410967,inf,2662.621996432799,2.067907766719744,,14915.429918883123,9911.630400783888,15006.393960646032,conditionally_feasible,F1 society savings;F2 operator self-financing,5565.700925898747,-486.84103126898776,5414283.344773053,pipe_cost: removing it entirely closes only 49% of the gap; interface_cost: removing it entirely closes only 8% of the gap; source_side_electricity (A17 -> 0): removing it entirely closes only 10% of the gap; soft_costs (A21 -> 0): removing it entirely closes only 14% of the gap,False,,,post_rebuild,0.9995161007224729,0.4810505806083582,0.9959848586578581,0.38383526714209837,0.571984387871859,0.6295132745526903,0.5913865693360257,0.19387938497331453,0.4153844331008778,0.0,0.0,0.3384610086438048,0.0,0.8255171799962296,0.5284443098555492,0.400216795803406,0.0846152521609512,True,0.459698384454034
post_rebuild|1633052+4769672,2,4769672|1633052,London Terrace Towers; M440 (OECID: 0100175; BBL: 1007420007),99.39590997484972,48.14151020866002,0.6040900251502876,413.4640735498864,-5366561.5556605365,4269807.954214899,952.2005056021171,14.719983943401136,17167.9825286043,0.0,0.0,0.0,1,True,False,False,True,,3.552713678800501e-15,9.313225746154785e-10,1.8189894035458565e-12,37439600.91275262,5785938.366386878,0.0709524572992296,538308.2711838078,1658659.2953006958,88.71569199999999,90.86534146,53975107.99064233,886.8177521003549,322167.23849898786,-4269807.954214899,-1418920.8399446248,inf,2605.025194653586,2.016590268884317,,14592.785149313657,9699.248129437978,14681.47447214487,conditionally_feasible,F1 society savings;F2 operator self-financing,5635.957473333865,-496.27690516795155,5366561.5556605365,pipe_cost: removing it entirely closes only 49% of the gap; interface_cost: removing it entirely closes only 8% of the gap; source_side_electricity (A17 -> 0): removing it entirely closes only 10% of the gap; soft_costs (A21 -> 0): removing it entirely closes only 14% of the gap,False,,,post_rebuild,0.999537002686362,0.4824063480071629,0.9960056867761193,0.37269361233184073,0.5757569408540671,0.6315253351626853,0.5859147588566618,0.18972501858930124,0.4063989988606684,0.0,0.0,0.0,0.5,0.8259830124898814,0.526658629449531,0.3940129254355438,0.125,True,0.46791364184373907
post_rebuild|4769672+8899918,2,4769672|8899918,London Terrace Towers; 61 9th Ave,99.40355390371629,48.64515935672434,0.5964460962837186,484.3513222468207,-5929360.16601231,4913942.817178415,883.569473941101,13.645828575509617,15902.997810828212,0.0,0.0,27.004968929498396,0,True,False,False,True,,8.881784197001252e-15,9.313225746154785e-10,1.8189894035458565e-12,46356376.82304138,5308189.977272093,0.0709524572992296,499026.52187648567,1535269.4064324147,88.71569199999999,90.86534146,61842673.56457158,1098.0260709916874,298657.8603690199,-4913942.817178415,-1314075.2092029145,inf,2413.079690563749,1.845570998953166,,13517.548139203982,8991.468862639382,13598.656796815609,conditionally_feasible,F1 society savings;F2 operator self-financing,6710.689245028811,-635.3856492806233,5929360.16601231,pipe_cost: removing it entirely closes only 55% of the gap; interface_cost: removing it entirely closes only 6% of the gap; source_side_electricity (A17 -> 0): removing it entirely closes only 8% of the gap; soft_costs (A21 -> 0): removing it entirely closes only 15% of the gap,False,,,post_rebuild,0.9996138709372787,0.4874532097516647,0.9960822834552215,0.20661649017978823,0.5312659941534049,0.5759379691065102,0.5676795550206625,0.17588029240450295,0.37645438993403985,0.0,0.0,0.27004968929498385,0.0,0.8277164547147217,0.43794015114656776,0.3733380791197351,0.06751242232374596,True,0.42662677682619266
post_rebuild|1634606+4769672,2,4769672|1634606,London Terrace Towers; M070 (OECID: 0100079; BBL: 1007410010),99.41632199672026,49.50837473851672,0.5836780032797546,460.1557044133093,-4988458.400005071,4085078.837684678,789.0326760615287,12.166217873936832,14160.526487129951,0.0,0.0,18.022834788623538,1,True,False,False,True,,1.0658141036401503e-14,9.313225746154785e-10,1.8189894035458565e-12,37439600.91275262,4650108.613697151,0.0709524572992296,444917.3134798443,1365304.2361295805,88.71569199999999,90.86534146,51480647.84379629,886.8177521003549,266274.5306308821,-4085078.837684678,-1169654.092951275,inf,2148.6816058364125,1.6099980552904658,,12036.447514060459,8016.528170808006,12107.114075752612,conditionally_feasible,F1 society savings;F2 operator self-financing,6322.245645015685,-589.1289304576795,4988458.400005071,pipe_cost: removing it entirely closes only 53% of the gap; interface_cost: removing it entirely closes only 7% of the gap; source_side_electricity (A17 -> 0): removing it entirely closes only 9% of the gap; soft_costs (A21 -> 0): removing it entirely closes only 15% of the gap,False,,,post_rebuild,0.9997422683875806,0.4961031373935101,0.9962102272835385,0.26330282872933664,0.605647148534404,0.6474670355925544,0.5425612122300226,0.15680967595952577,0.3352067593336162,0.0,0.0,0.1802283478862353,0.5,0.8306852110215429,0.505472337618765,0.34485921584105483,0.17005708697155883,True,0.46276846286323037
post_rebuild|4769672+R2831044,2,4769672|rebuild:2831044,London Terrace Towers; Rebuilt Fulton,99.4061296217463,46.92153706033215,0.5938703782536939,306.22953498538186,-5872282.295884224,5595096.375929667,79.96084609662876,30.884054852096078,11608.398193155244,1334.7774000000002,0.0,65.46477073755386,0,True,False,False,True,True,8.881784197001252e-15,1.862645149230957e-09,3.637978807091713e-12,41001502.54634429,12455129.90912141,0.0709524572992296,1129426.6514489416,3020992.9786199383,88.71569199999999,90.86534146,70609525.92279115,971.1871770647224,675940.3205607098,-5595096.375929667,-953126.2405152685,inf,1761.4282698829727,3.8848977898480426,40.49615817141798,28571.22617949884,20350.029755836786,28741.91590419645,conditionally_feasible,F1 society savings;F2 operator self-financing,73439.4717232964,-209.52919550373616,5872282.295884224,pipe_cost: removing it entirely closes only 50% of the gap; interface_cost: removing it entirely closes only 15% of the gap; source_side_electricity (A17 -> 0): removing it entirely closes only 19% of the gap; soft_costs (A21 -> 0): removing it entirely closes only 17% of the gap,True,4191.7823720492015,,post_rebuild,0.9996397726618078,0.4701814969669523,0.99610809367021,0.6239264347007303,0.5357781738762168,0.5171559742357921,0.3541614600939998,0.39806279024874136,0.27479299889861963,0.4554000000000001,0.0,0.6546477073755383,0.0,0.8219764544329901,0.5589535276042464,0.3423390830804536,0.2775119268438846,True,0.5001952479903937
post_rebuild|4769672+R4473909,2,4769672|rebuild:4473909,London Terrace Towers; Rebuilt Elliott-Chelsea,99.40398269049844,46.69699856537653,0.5960173095015708,329.9090795448918,-7282297.436811032,7094643.786311455,-31.80505966942019,34.97482949117448,11608.398193155244,1596.2225999999998,0.0,69.38982201032925,0,True,False,False,True,True,1.0658141036401503e-14,9.313225746154785e-10,3.637978807091713e-12,56202158.665895335,14172707.216858238,0.0709524572992296,1279025.851572529,3394056.2016832754,88.71569199999999,90.86534146,89273934.43640289,1331.2394041652296,765472.5900156905,-7094643.786311455,-953126.2405152685,inf,1761.4282698829727,4.3980688832887145,40.496158171417996,32234.828779863936,23045.510839144667,32428.105904196444,conditionally_feasible,F1 society savings;F2 operator self-financing,,-254.32388354979645,7282297.436811032,pipe_cost: removing it entirely closes only 55% of the gap; interface_cost: removing it entirely closes only 14% of the gap; source_side_electricity (A17 -> 0): removing it entirely closes only 18% of the gap; soft_costs (A21 -> 0): removing it entirely closes only 18% of the gap,True,4444.645619170819,,post_rebuild,0.9996181828677709,0.4679314887127642,0.9960865801518717,0.5684491706425926,0.4243121763982013,0.3877484609768753,0.32446535872071014,0.45078854711287997,0.27479299889861963,0.5446,0.0,0.6938982201032923,0.0,0.8212120839108022,0.46016993600588973,0.35001563491073656,0.3096245550258231,True,0.485255552463313
post_rebuild|19906892+7536925,2,7536925|19906892,111 Eighth Avenue; 363 West 16th Street,61.11721135339472,56.01964463711082,0.49914880124331257,237.0723781609557,-1304003.017006388,996776.9639843897,520.2068523692787,8.684332582996527,5939.16641729549,0.0,0.0,100.00000000000003,0,True,False,False,True,,1.7763568394002505e-15,0.0,0.0,2754141.8289713813,2933474.211119996,0.0709524572992296,317585.13304858416,958215.3620799826,88.71569199999999,90.86534146,13015273.612106945,65.23632213456706,190068.6479841583,-996776.9639843897,-497294.7010061566,inf,901.1937265498265,0.9834420718221064,,8519.702336232758,5722.2546495240385,13939.939580963122,conditionally_feasible,F1 society savings;F2 operator self-financing,2506.7009614873673,-80.11232383817111,1304003.017006388,pipe_cost: removing it entirely closes only 15% of the gap; interface_cost: removing it entirely closes only 16% of the gap; source_side_electricity (A17 -> 0): removing it entirely closes only 24% of the gap; soft_costs (A21 -> 0): removing it entirely closes only 14% of the gap,False,,,post_rebuild,0.6146018912063733,0.5613499050801771,0.9970572597816387,0.7859502371863187,0.8969145842579972,0.9139804268341529,0.4711344308926662,0.11193185855907904,0.1405914342022582,0.0,0.0,0.9999999999999999,0.0,0.7243363520227297,0.8656150827594896,0.24121924121800112,0.24999999999999997,True,0.5202926690000551
post_rebuild|7536925+R2831044,2,7536925|rebuild:2831044,111 Eighth Avenue; Rebuilt Fulton,80.1269333022921,49.06310007925804,0.5492205925821722,216.49859155187835,-1889888.9353279904,2426637.0120822564,-372.6268186772786,24.526083288892824,0.0,1334.7774000000002,0.0,100.0,0,True,False,False,True,True,1.7763568394002505e-15,0.0,1.8189894035458565e-12,7895822.155848583,9459308.505667545,0.0709524572992296,896916.29725402,2283523.62506232,88.71569199999999,90.86534146,30914635.25323392,187.02537111843938,536787.3059345941,-2426637.0120822564,-39.22918032834423,101.83343525801406,0.0,2.8004320949504047,40.496158171417974,22175.498596848476,16160.654004576938,27675.46152451354,conditionally_feasible,F1 society savings;F2 operator self-financing,,38.26844625644554,1889888.9353279904,pipe_cost: removing it entirely closes only 30% of the gap; interface_cost: removing it entirely closes only 36% of the gap; source_side_electricity (A17 -> 0): removing it entirely closes only 47% of the gap; soft_costs (A21 -> 0): removing it entirely closes only 23% of the gap,True,1818.0087646691172,,post_rebuild,0.8057658988955213,0.4916412224826132,0.996555510877351,0.8341512230422387,0.8505985154453499,0.7905867736214747,0.23390932165064016,0.31611526383450594,0.0,0.4554000000000001,0.0,0.9999999999999996,0.0,0.7646542107518285,0.825112170703021,0.1833415284950487,0.3638499999999999,True,0.5342394774874745
post_rebuild|1634606+19906892,2,19906892|1634606,363 West 16th Street; M070 (OECID: 0100079; BBL: 1007410010),99.29991305163351,42.545540822409876,0.7000869483664949,318.0724161971825,-1965805.7698458645,1409830.7221387064,460.69040043166024,7.2103399086867235,8491.294711270197,0.0,0.0,100.00000000000003,1,True,False,False,True,,6.217248937900877e-15,0.0,9.094947017729282e-13,7222590.324403251,3206918.0858881287,0.0709524572992296,263681.3753205731,828262.8999767181,88.71569199999999,90.86534146,18139085.036840767,171.07878181595044,157808.2765546767,-1409830.7221387064,-713783.3242618348,inf,1288.4470625032661,1.1479783130065584,,7217.600504579667,4751.015771541858,7268.486228005751,conditionally_feasible,F1 society savings;F2 operator self-financing,4267.086459808872,-304.89656981865187,1965805.7698458645,pipe_cost: removing it entirely closes only 26% of the gap; interface_cost: removing it entirely closes only 12% of the gap; source_side_electricity (A17 -> 0): removing it entirely closes only 13% of the gap; soft_costs (A21 -> 0): removing it entirely closes only 13% of the gap,False,,,post_rebuild,0.9985716462957126,0.4263314317139219,0.9950437409429301,0.596180518957078,0.8445970581281285,0.8783348318266626,0.45532096275133854,0.0929336525413824,0.20100519463725475,0.0,0.0,0.9999999999999999,0.5,0.8066489396508549,0.7730374696372898,0.24975326997665856,0.375,True,0.5511099198162008
post_rebuild|19906892+R2831044,2,19906892|rebuild:2831044,363 West 16th Street; Rebuilt Fulton,99.36866892088172,44.55478432529961,0.6313310791183021,228.0337648959629,-2759541.15901924,2829759.7536779167,-248.38142953323995,25.92817688684597,5939.16641729549,1334.7774000000002,0.0,100.0,0,True,False,False,True,True,8.881784197001252e-15,4.656612873077393e-10,0.0,9671634.98352683,11011939.381312389,0.0709524572992296,948190.7132896704,2483951.6424670764,88.71569199999999,90.86534146,36155106.14136754,229.088381983926,567474.0664845044,-2829759.7536779167,-497255.4718258283,inf,901.1937265498265,3.4228780475641347,40.496158171417974,23752.37917001805,17084.51735657064,23903.288056449586,conditionally_feasible,F1 society savings;F2 operator self-financing,,-24.63046044399445,2759541.15901924,pipe_cost: removing it entirely closes only 25% of the gap; interface_cost: removing it entirely closes only 28% of the gap; source_side_electricity (A17 -> 0): removing it entirely closes only 34% of the gap; soft_costs (A21 -> 0): removing it entirely closes only 19% of the gap,True,2120.0237235646305,,post_rebuild,0.9992630634323215,0.446465237576784,0.9957327153362202,0.807126216038497,0.7818498546976342,0.7557982026387611,0.2669212106153157,0.33418676683059806,0.1405914342022582,0.4554000000000001,0.0,0.9999999999999996,0.0,0.8138203387817753,0.7815914244582975,0.24723313721605733,0.3638499999999999,True,0.5516237251140325
post_rebuild|1633052+R2831044,2,1633052|rebuild:2831044,M440 (OECID: 0100175; BBL: 1007420007); Rebuilt Fulton,99.36961640466555,44.58128636723881,0.6303835953344614,258.110144395116,-3405396.8145128787,3500021.85745674,-268.9754410743085,25.605856684047318,5559.584335449058,1334.7774000000002,0.0,79.83055802356333,1,True,False,False,True,True,8.881784197001252e-15,4.656612873077393e-10,0.0,18239348.2777934,10868582.133125402,0.0709524572992296,936403.4972299724,2446926.22213017,88.71569199999999,90.86534146,44407984.45132671,432.0285859131241,560419.642373218,-3500021.85745674,-465794.5994293563,inf,843.5969247706134,3.3715605497287076,40.49615817141798,23429.734400448586,16872.135085224727,23578.368567948426,conditionally_feasible,F1 society savings;F2 operator self-financing,,-86.95827016955394,3405396.8145128787,pipe_cost: removing it entirely closes only 38% of the gap; interface_cost: removing it entirely closes only 23% of the gap; source_side_electricity (A17 -> 0): removing it entirely closes only 27% of the gap; soft_costs (A21 -> 0): removing it entirely closes only 19% of the gap,True,2622.1764448939125,,post_rebuild,0.9992725914410859,0.44673080367994966,0.9957422096829903,0.7366622236591686,0.7307929952520712,0.6979561154321792,0.2614494001359518,0.3300324004465847,0.13160599996204878,0.4554000000000001,0.0,0.7983055802356329,0.5,0.813915201601342,0.7218037781144729,0.24102926684819512,0.43842639505890824,True,0.5537936604057295
post_rebuild|8899918+R2831044,2,8899918|rebuild:2831044,61 9th Ave; Rebuilt Fulton,99.37297155800464,44.67488560851723,0.6270284419953464,246.71963806821546,-2922386.878481946,3098348.17403755,-337.6064727353246,24.5317013161558,4294.599617672969,1334.7774000000002,0.0,100.0,0,True,False,False,True,True,8.881784197001252e-15,0.0,0.0,14237324.916590981,10390833.744010618,0.0709524572992296,897121.7479226502,2323536.3332618885,88.71569199999999,90.86534146,39356750.75376479,337.2341630423996,536910.2642432501,-3098348.17403755,-360948.96868764586,inf,651.6514206807764,3.2005412797975565,40.49615817141795,22354.4973903389,16164.35581842613,22495.550892619165,conditionally_feasible,F1 society savings;F2 operator self-financing,,-57.216587980881116,2922386.878481946,pipe_cost: removing it entirely closes only 35% of the gap; interface_cost: removing it entirely closes only 25% of the gap; source_side_electricity (A17 -> 0): removing it entirely closes only 31% of the gap; soft_costs (A21 -> 0): removing it entirely closes only 19% of the gap,True,2321.247103852335,,post_rebuild,0.999306331259082,0.447668723324881,0.9957758302998407,0.7633482997222136,0.768976403889862,0.7326196360070922,0.2432141962999525,0.3161876742617864,0.10166139103542018,0.4554000000000001,0.0,0.9999999999999996,0.0,0.8142502949612679,0.7549814465397228,0.22035442053238638,0.3638499999999999,True,0.5383590405083443
post_rebuild|1634606+R2831044,2,1634606|rebuild:2831044,M070 (OECID: 0100079; BBL: 1007410010); Rebuilt Fulton,99.3781596098517,44.818861543133586,0.6218403901483001,250.2511930222134,-2698386.380341764,2986385.462410869,-432.1432706148971,23.052090614583022,2552.128293974707,1334.7774000000002,0.0,100.00000000000003,1,True,False,False,True,True,8.881784197001252e-15,9.313225746154785e-10,3.637978807091713e-12,14176379.845595088,9732752.380435675,0.0709524572992296,843012.539526009,2153571.1629590546,88.71569199999999,90.86534146,37850555.87228237,335.79058005688313,504526.93450511224,-2986385.462410869,-216527.85243600648,inf,387.2533359534397,2.9649683361348567,40.49615817141798,20873.396765195383,15189.415126594757,21004.00817155617,conditionally_feasible,F1 society savings;F2 operator self-financing,,-56.16205321619134,2698386.380341764,pipe_cost: removing it entirely closes only 37% of the gap; interface_cost: removing it entirely closes only 26% of the gap; source_side_electricity (A17 -> 0): removing it entirely closes only 31% of the gap; soft_costs (A21 -> 0): removing it entirely closes only 20% of the gap,True,2237.3659176510396,,post_rebuild,0.9993585029208165,0.4491114471721005,0.9958278176416162,0.7550744494280751,0.7866843264759668,0.7422817620519401,0.21809585350931252,0.29711705781680936,0.06041376043499655,0.4554000000000001,0.0,0.9999999999999999,0.5,0.8147659225781778,0.7613468459853273,0.19187555725370617,0.48885,True,0.5642095814543028
post_rebuild|19906892+4040951+4769672,3,4040951|4769672|19906892,Manhattan Chelsea Market; London Terrace Towers; 363 West 16th Street,99.3551247245089,45.6084480881711,0.6448752754910918,343.23876543344795,-7545983.519763242,5629580.5529241385,1639.5966493097912,25.478532077698617,29837.843316116763,0.0,0.0,61.09504943044921,0,True,False,False,True,,2.4868995751603507e-14,0.0,3.637978807091713e-12,44685121.63501846,10570980.823013678,0.0709524572992296,931747.2497105276,2894510.3633643314,88.71569199999999,90.86534146,71729331.87089133,1058.439677630221,557632.9669951705,-5629580.5529241385,-2474035.9338342743,inf,4527.51704884973,3.729488702802974,,25362.166818699247,16788.23873352302,25526.782729147853,conditionally_feasible,F1 society savings;F2 operator self-financing,4602.341388621292,-356.75361670507925,7545983.519763242,pipe_cost: removing it entirely closes only 42% of the gap; interface_cost: removing it entirely closes only 10% of the gap; source_side_electricity (A17 -> 0): removing it entirely closes only 12% of the gap; soft_costs (A21 -> 0): removing it entirely closes only 14% of the gap,False,,,post_rebuild,0.9991268613949368,0.4570235704099507,0.9955969944940495,0.5372199169720666,0.4034669872905018,0.5141800685987047,0.7685553005069969,0.3283913209862221,0.7063188485675345,0.0,0.0,0.6109504943044918,0.0,0.8172491420996456,0.48495565762042436,0.6010884900202512,0.15273762357612294,True,0.514007728329111
post_rebuild|1633052+4040951+4769672,3,4040951|4769672|1633052,Manhattan Chelsea Market; London Terrace Towers; M440 (OECID: 0100175; BBL: 1007420007),99.35583655078692,45.65055643183355,0.6441634492130657,347.1106573558532,-7546937.624175873,5654941.105621955,1619.0026377687218,25.15621187489997,29458.26123427033,0.0,0.0,41.72099163601723,1,True,False,False,True,,1.4210854715202004e-14,9.313225746154785e-10,0.0,45286411.51736539,10427623.574826695,0.0709524572992296,919960.0336508295,2857484.943027425,88.71569199999999,90.86534146,72015786.76893087,1072.6822050296507,550578.5428838844,-5654941.105621955,-2442575.0614378024,inf,4469.920247070517,3.6781712049675472,,25039.522049129777,16575.856462177107,25201.86324064669,conditionally_feasible,F1 society savings;F2 operator self-financing,4661.4733343343505,-364.3268524494771,7546937.624175873,pipe_cost: removing it entirely closes only 43% of the gap; interface_cost: removing it entirely closes only 10% of the gap; source_side_electricity (A17 -> 0): removing it entirely closes only 12% of the gap; soft_costs (A21 -> 0): removing it entirely closes only 14% of the gap,False,,,post_rebuild,0.9991340196040074,0.45744552086806445,0.9956041274135136,0.5281487133412694,0.40339156242663676,0.511991510880039,0.7630834900276328,0.32423695460220886,0.697333414327325,0.0,0.0,0.41720991636017213,0.5,0.8173945559618617,0.4811772622159817,0.5948846196523889,0.22930247909004303,True,0.5306897292300689
post_rebuild|4040951+4769672+8899918,3,4040951|4769672|8899918,Manhattan Chelsea Market; London Terrace Towers; 61 9th Ave,99.35834722034,45.799645357864364,0.6416527796600084,362.0529844389403,-7580942.272015518,5770282.006073342,1550.3716061077075,24.082056507008453,28193.27651649424,0.0,0.0,58.825650554082124,0,True,False,False,True,,3.552713678800501e-15,0.0,3.637978807091713e-12,47671032.874797076,9949875.185711911,0.0709524572992296,880678.2843435075,2734095.0541591444,88.71569199999999,90.86534146,73351197.79000305,1129.1658346691897,527069.1647539163,-5770282.006073342,-2337729.4306960916,inf,4277.974742980679,3.5071519350363953,,23964.285039020106,15868.077195378513,24119.04556531743,conditionally_feasible,F1 society savings;F2 operator self-financing,4889.758198712041,-393.54889316203116,7580942.272015518,pipe_cost: removing it entirely closes only 45% of the gap; interface_cost: removing it entirely closes only 9% of the gap; source_side_electricity (A17 -> 0): removing it entirely closes only 12% of the gap; soft_costs (A21 -> 0): removing it entirely closes only 14% of the gap,False,,,post_rebuild,0.9991592671933746,0.45893947990722017,0.9956292858043678,0.4931413075548873,0.40070339129973437,0.5020378548628157,0.744848286191634,0.3103922284174106,0.6673888054006963,0.0,0.0,0.588256505540821,0.0,0.8179093443016542,0.4652941845724791,0.5742097733365803,0.14706412638520525,True,0.5011193571489797
post_rebuild|1634606+4040951+4769672,3,4040951|4769672|1634606,Manhattan Chelsea Market; London Terrace Towers; M070 (OECID: 0100079; BBL: 1007410010),99.3621990399418,46.03011383261737,0.6378009600581971,365.92035373074344,-7199356.711697041,5500734.232268367,1455.8348082281336,22.60244580543567,26450.80519279598,0.0,0.0,56.11325209745657,1,True,False,False,True,,1.0658141036401503e-14,0.0,3.637978807091713e-12,45663450.63631159,9291793.822136967,0.0709524572992296,826569.0759468661,2564129.88385631,88.71569199999999,90.86534146,69898365.74103104,1081.6129888993014,494685.83501577843,-5500734.232268367,-2193308.3144444525,inf,4013.576658253343,3.2715789913736955,,22483.18441387658,14893.136503547137,22627.50284425443,conditionally_feasible,F1 society savings;F2 operator self-financing,4945.1741852904515,-401.3136628761771,7199356.711697041,pipe_cost: removing it entirely closes only 45% of the gap; interface_cost: removing it entirely closes only 9% of the gap; source_side_electricity (A17 -> 0): removing it entirely closes only 11% of the gap; soft_costs (A21 -> 0): removing it entirely closes only 14% of the gap,False,,,post_rebuild,0.9991980015459314,0.461248910059172,0.9956678833103296,0.4840806997010284,0.4308688936901192,0.5252992115035491,0.7197299434009936,0.29132161197243345,0.6261411748002728,0.0,0.0,0.5611325209745655,0.5,0.8187049316384778,0.4800829349648989,0.5457309100578999,0.26528313024364136,True,0.5274504767262295
post_rebuild|4040951+4769672+R2831044,3,4040951|4769672|rebuild:2831044,Manhattan Chelsea Market; London Terrace Towers; Rebuilt Fulton,99.37766874507187,45.733479701690634,0.6223312549281238,282.6127372015464,-7672385.837287238,6599957.000224398,746.7629782632339,41.320282783594905,23898.67689882127,1334.7774000000002,0.0,74.71129273426133,0,True,False,False,True,True,8.881784197001252e-15,9.313225746154785e-10,0.0,44150833.42274202,17096815.11756123,0.0709524572992296,1511078.4139159631,4219818.626346667,88.71569199999999,90.86534146,83952724.97286466,1045.784193601722,904351.6249456059,-6599957.000224398,-1976780.462008446,inf,3626.323322299903,5.546478725931272,40.49615817141798,39017.96307931496,27226.638088575914,39262.30467269827,conditionally_feasible,F1 society savings;F2 operator self-financing,10274.19149129635,-181.63574994510668,7672385.837287238,pipe_cost: removing it entirely closes only 41% of the gap; interface_cost: removing it entirely closes only 16% of the gap; source_side_electricity (A17 -> 0): removing it entirely closes only 20% of the gap; soft_costs (A21 -> 0): removing it entirely closes only 16% of the gap,False,4944.612487613588,,post_rebuild,0.9993535667266523,0.4582764609778197,0.9958228988867875,0.6792566934212383,0.3934744985594347,0.4304387996659822,0.5313301912649709,0.5325747262616489,0.5657274143652762,0.4554000000000001,0.0,0.747112927342613,0.0,0.8178176421970865,0.5010566638822184,0.5432107772972987,0.3006282318356533,True,0.5406783288030642
post_rebuild|19906892+4040951+7536925,3,4040951|7536925|19906892,Manhattan Chelsea Market; 111 Eighth Avenue; 363 West 16th Street,77.53959376618,47.76337636476412,0.6099262581804337,244.06282639638115,-3435703.1919965777,2333234.2218662985,1187.0089845358839,19.120560514495363,18229.445122961515,0.0,0.0,100.00000000000003,0,True,False,False,True,,1.7763568394002505e-14,0.0,0.0,9999662.551237224,7575159.419559813,0.0709524572992296,699236.8955156059,2157041.0098067126,88.71569199999999,90.86534146,30454662.508048564,236.85824766443312,418479.9523690549,-2333234.2218662985,-1520948.9224993342,inf,2766.0887789667568,2.645023007905336,,18966.439236048882,12598.86298226317,24460.328349464944,conditionally_feasible,F1 society savings;F2 operator self-financing,2894.4205450474537,-131.59833454978508,3435703.1919965777,pipe_cost: removing it entirely closes only 21% of the gap; interface_cost: removing it entirely closes only 16% of the gap; source_side_electricity (A17 -> 0): removing it entirely closes only 20% of the gap; soft_costs (A21 -> 0): removing it entirely closes only 13% of the gap,False,,,post_rebuild,0.7797473071294035,0.47861722369633236,0.9959472042762977,0.7695727709024205,0.7283971836766399,0.7986472208801673,0.6483031620636374,0.24644379457198667,0.4315258496689147,0.0,0.0,0.9999999999999999,0.0,0.7514372450340111,0.7655390584864091,0.4420909354348463,0.24999999999999997,True,0.5522668097388166
post_rebuild|1634606+4040951+7536925,3,4040951|7536925|1634606,Manhattan Chelsea Market; 111 Eighth Avenue; M070 (OECID: 0100079; BBL: 1007410010),74.6135182510287,48.82351242550757,0.5937739883344769,275.75836309657797,-3374548.4133191006,2489859.9305992513,1003.2471434542267,16.24447424223241,14842.406999640732,0.0,0.0,100.00000000000004,1,True,False,False,True,,3.552713678800501e-15,4.656612873077393e-10,1.8189894035458565e-12,14504407.413305486,6295972.418683101,0.0709524572992296,594058.7217519444,1826660.5302986912,88.71569199999999,90.86534146,32150112.23896339,343.5604457373903,355532.82038966264,-2489859.9305992513,-1240221.3031095124,inf,2252.14838837037,2.1871132964760585,,16087.456831226214,10703.760752287286,21561.048464571522,conditionally_feasible,F1 society savings;F2 operator self-financing,3363.626236403099,-188.11985277545858,3374548.4133191006,pipe_cost: removing it entirely closes only 30% of the gap; interface_cost: removing it entirely closes only 13% of the gap; source_side_electricity (A17 -> 0): removing it entirely closes only 18% of the gap; soft_costs (A21 -> 0): removing it entirely closes only 14% of the gap,False,,,post_rebuild,0.7503223463761055,0.4892404127744754,0.9961090595540951,0.6953153604795909,0.7332316554549724,0.7851307802933463,0.5994778049576341,0.20937408555819792,0.35134817590165307,0.0,0.0,1.0,0.5,0.7452239395682253,0.7378925987426365,0.38673335547249504,0.375,True,0.5612124734458392
post_rebuild|4040951+7536925+R2831044,3,4040951|7536925|rebuild:2831044,Manhattan Chelsea Market; 111 Eighth Avenue; Rebuilt Fulton,85.40780018354512,46.917686854417305,0.597582944746891,216.98648619178994,-3689992.4767310037,3431497.6363769877,294.175313489327,34.96231122039165,12290.278705666025,1334.7774000000002,0.0,100.00000000000003,0,True,False,False,True,True,1.0658141036401503e-14,4.656612873077393e-10,0.0,11045153.032246314,14100993.71410736,0.0709524572992296,1278568.0597210415,3482349.272789049,88.71569199999999,90.86534146,44257834.303307414,261.62238765543907,765198.6103194903,-3431497.6363769877,-1023693.4506735058,inf,1864.8950524169302,4.462013031033634,40.49615817141798,32622.235496664598,23037.262337316064,38195.85029301536,conditionally_feasible,F1 society savings;F2 operator self-financing,12543.515065770061,-13.237268195729996,3689992.4767310037,pipe_cost: removing it entirely closes only 21% of the gap; interface_cost: removing it entirely closes only 27% of the gap; source_side_electricity (A17 -> 0): removing it entirely closes only 35% of the gap; soft_costs (A21 -> 0): removing it entirely closes only 17% of the gap,True,2570.8388802335035,,post_rebuild,0.858870919568997,0.4701429156310863,0.9960708915625912,0.8330081664389791,0.7082948401285678,0.7038695990516649,0.4110780528216114,0.45062719984741345,0.29093441546665655,0.4554000000000001,0.0,0.9999999999999999,0.0,0.7750282422542248,0.7483908685397372,0.3842132227118938,0.36385,True,0.5678705833764639
post_rebuild|19906892+4040951+8899918,3,4040951|19906892|8899918,Manhattan Chelsea Market; 363 West 16th Street; 61 9th Ave,99.2999130516335,42.54554082240989,0.7000869483664979,265.77537571324757,-4213255.0618578,2749999.3105288595,1222.0293304778384,19.12617854175834,22524.044740634483,0.0,0.0,100.00000000000004,0,True,False,False,True,,1.0658141036401503e-14,9.313225746154785e-10,0.0,13191834.435581893,8506684.657902887,0.0709524572992296,699442.3461842361,2197053.7180062816,88.71569199999999,90.86534146,35747447.132181704,312.4700230513937,418602.9106777109,-2749999.3105288595,-1881858.6620066517,inf,3417.740199647533,3.045132192752488,,19145.43802953931,12602.564796112363,19280.417717570566,conditionally_feasible,F1 society savings;F2 operator self-financing,3447.7528131099207,-203.72587828267075,4213255.0618578,pipe_cost: removing it entirely closes only 22% of the gap; interface_cost: removing it entirely closes only 14% of the gap; source_side_electricity (A17 -> 0): removing it entirely closes only 17% of the gap; soft_costs (A21 -> 0): removing it entirely closes only 12% of the gap,False,,,post_rebuild,0.9985716462957124,0.42633143171392207,0.9950437409429301,0.7187038520007107,0.6669293368079827,0.7626813465346388,0.6576080367129498,0.24651620499926716,0.5331872407043349,0.0,0.0,1.0,0.0,0.8066489396508548,0.7161048451144442,0.47910382747218394,0.25,True,0.5629644030593708
post_rebuild|1634606+19906892+4040951,3,4040951|19906892|1634606,Manhattan Chelsea Market; 363 West 16th Street; M070 (OECID: 0100079; BBL: 1007410010),99.29991305163351,42.545540822409876,0.7000869483664978,277.674514016485,-4097505.944836054,2746287.9800206143,1127.492532598265,17.646567840185558,20781.573416936222,0.0,0.0,100.00000000000004,1,True,False,False,True,,1.0658141036401503e-14,0.0,0.0,14468111.046669094,7848603.294327945,0.0709524572992296,645333.1377875948,2027088.5477034475,88.71569199999999,90.86534146,35578473.93278238,342.7007073458165,386219.580939573,-2746287.9800206143,-1737437.5457550124,inf,3153.3421149201963,2.809559249089788,,17664.33740439579,11627.624104280987,17788.87499650757,conditionally_feasible,F1 society savings;F2 operator self-financing,3634.175683091668,-226.74523157075254,4097505.944836054,pipe_cost: removing it entirely closes only 25% of the gap; interface_cost: removing it entirely closes only 14% of the gap; source_side_electricity (A17 -> 0): removing it entirely closes only 16% of the gap; soft_costs (A21 -> 0): removing it entirely closes only 12% of the gap,False,,,post_rebuild,0.9985716462957126,0.4263314317139219,0.9950437409429301,0.6908261351783284,0.6760796575467712,0.7630016258726771,0.6324896939223096,0.22744558855429,0.49193961010391124,0.0,0.0,1.0,0.5,0.8066489396508549,0.7099691395325922,0.4506249641935036,0.375,True,0.5855607608442377
post_rebuild|19906892+4040951+R2831044,3,4040951|19906892|rebuild:2831044,Manhattan Chelsea Market; 363 West 16th Street; Rebuilt Fulton,99.34765610234156,43.958994143029436,0.6523438976584466,224.97553652055407,-4559644.700422253,3834620.3779726485,418.4207026333661,36.3644048183448,18229.445122961515,1334.7774000000002,0.0,100.00000000000003,0,True,False,False,True,True,1.7763568394002505e-14,0.0,0.0,12820965.859924559,15653624.589752205,0.0709524572992296,1329842.475756692,3682777.290193806,88.71569199999999,90.86534146,49498305.191441044,303.6853985209257,795885.3708694007,-3834620.3779726485,-1520909.693319006,inf,2766.0887789667568,5.084458983647364,40.49615817141798,34199.11606983417,23961.125689309767,34423.676824951406,conditionally_feasible,F1 society savings;F2 operator self-financing,10897.273179184835,-52.85808772337441,4559644.700422253,pipe_cost: removing it entirely closes only 20% of the gap; interface_cost: removing it entirely closes only 24% of the gap; source_side_electricity (A17 -> 0): removing it entirely closes only 29% of the gap; soft_costs (A21 -> 0): removing it entirely closes only 16% of the gap,False,2872.853839129017,,post_rebuild,0.9990517560488795,0.44049506828293056,0.9955221544915489,0.8142911402922663,0.6395461793808523,0.6690810280689512,0.4440899417862871,0.4686987028435056,0.4315258496689147,0.4554000000000001,0.0,0.9999999999999999,0.0,0.8116896596077864,0.7076394492473567,0.44810483143290253,0.36385,True,0.5828209850720114
post_rebuild|1633052+1634606+4040951,3,4040951|1633052|1634606,Manhattan Chelsea Market; M440 (OECID: 0100175; BBL: 1007420007); M070 (OECID: 0100079; BBL: 1007410010),99.29991305163351,42.545540822409876,0.700086948366495,301.66541934728343,-4438706.595154116,3111895.0786238615,1106.8985210571968,17.32424763738691,20401.99133508979,0.0,0.0,72.74979562467017,2,True,False,False,True,,7.105427357601002e-15,9.313225746154785e-10,3.637978807091713e-12,19272442.532160398,7705246.046140962,0.0709524572992296,633545.9217278969,1990063.1273665421,88.71569199999999,90.86534146,40067970.43396628,456.4991011437891,379165.1568282868,-3111895.0786238615,-1705976.6733585403,inf,3095.7453131409834,2.7582417512543604,,17341.692634826322,11415.241832935078,17463.955508006406,conditionally_feasible,F1 society savings;F2 operator self-financing,4010.0393222268603,-273.1565860265889,4438706.595154116,pipe_cost: removing it entirely closes only 31% of the gap; interface_cost: removing it entirely closes only 12% of the gap; source_side_electricity (A17 -> 0): removing it entirely closes only 14% of the gap; soft_costs (A21 -> 0): removing it entirely closes only 13% of the gap,False,,,post_rebuild,0.9985716462957126,0.4263314317139219,0.9950437409429301,0.6346194042302044,0.6491067054670853,0.7314505691121522,0.6270178834429457,0.22329122217027678,0.4829541758637019,0.0,0.0,0.7274979562467014,1.0,0.8066489396508549,0.6717255596031473,0.44442109382564143,0.43187448906167536,True,0.5886675205353298
post_rebuild|1633052+4040951+R2831044,3,4040951|1633052|rebuild:2831044,Manhattan Chelsea Market; M440 (OECID: 0100175; BBL: 1007420007); Rebuilt Fulton,99.34811103527244,43.9720583136219,0.6518889647275359,245.74791436845828,-5205500.355915892,4504882.481751473,397.82669109229664,36.04208461554615,17849.863041115084,1334.7774000000002,0.0,86.0503573608779,1,True,False,False,True,True,1.4210854715202004e-14,9.313225746154785e-10,0.0,21388679.15419113,15510267.34156522,0.0709524572992296,1318055.259696994,3645751.8698568996,88.71569199999999,90.86534146,57751183.50140021,506.6256024501238,788830.9467581143,-4504882.481751473,-1489448.820922534,inf,2708.491977187544,5.033141485811937,40.49615817141798,33876.4713002647,23748.743417963855,34098.757336450246,conditionally_feasible,F1 society savings;F2 operator self-financing,13084.844412081453,-94.97743572951595,5205500.355915892,pipe_cost: removing it entirely closes only 29% of the gap; interface_cost: removing it entirely closes only 21% of the gap; source_side_electricity (A17 -> 0): removing it entirely closes only 25% of the gap; soft_costs (A21 -> 0): removing it entirely closes only 16% of the gap,False,3375.0065604582996,,post_rebuild,0.9990563309081294,0.4406259789834453,0.9955267131880425,0.765624887945754,0.5884893199352892,0.6112389408623692,0.4386181313069229,0.46454433645949234,0.4225404154287053,0.4554000000000001,0.0,0.8605035736087786,0.5,0.8117363410265391,0.655117716247804,0.4419009610650402,0.4539758934021947,True,0.5906827279353946
post_rebuild|4040951+8899918+R2831044,3,4040951|8899918|rebuild:2831044,Manhattan Chelsea Market; 61 9th Ave; Rebuilt Fulton,99.34969177564015,44.017394456927384,0.6503082243598463,229.807433596332,-4467544.346592225,3848262.7250395496,329.19565943128146,34.96792924765464,16584.878323338995,1334.7774000000002,0.0,100.0,0,True,False,False,True,True,1.2434497875801753e-14,1.862645149230957e-09,3.637978807091713e-12,14237324.916590983,15032518.952450434,0.0709524572992296,1278773.5103896721,3522361.9809886185,88.71569199999999,90.86534146,49550618.927440554,337.23416304239964,765321.5686281465,-3848262.7250395496,-1384603.1901808234,inf,2516.546473097707,4.862122215880786,40.49615817141798,32801.23429015503,23040.964151165263,33015.93966112098,conditionally_feasible,F1 society savings;F2 operator self-financing,13571.091290542397,-59.570960138829264,4467544.346592225,pipe_cost: removing it entirely closes only 23% of the gap; interface_cost: removing it entirely closes only 24% of the gap; source_side_electricity (A17 -> 0): removing it entirely closes only 29% of the gap; soft_costs (A21 -> 0): removing it entirely closes only 16% of the gap,False,2883.0745299100427,,post_rebuild,0.9990722270198464,0.44108027389920373,0.9955425531395651,0.8029708030576965,0.6468269932599107,0.6679037247061363,0.4203829274709239,0.4506996102746941,0.3925958065020767,0.4554000000000001,0.0,0.9999999999999996,0.0,0.8118983513528718,0.7059005070079145,0.42122611474923155,0.3638499999999999,True,0.5757187432775045
post_rebuild|1634606+4040951+R2831044,3,4040951|1634606|rebuild:2831044,Manhattan Chelsea Market; M070 (OECID: 0100079; BBL: 1007410010); Rebuilt Fulton,99.35204700208897,44.08477792433591,0.6479529979110392,239.50129211165935,-4498489.921744777,3991246.0867056013,234.65886155170847,33.48831854608185,14842.406999640732,1334.7774000000002,0.0,100.00000000000003,1,True,False,False,True,True,1.0658141036401503e-14,0.0,3.637978807091713e-12,17325710.721992813,14374437.588875493,0.0709524572992296,1224664.3019930306,3352396.8106857846,88.71569199999999,90.86534146,51193754.92235587,410.3875965938828,732938.2388900088,-3991246.0867056013,-1240182.073929184,inf,2252.14838837037,4.626549272218086,40.49615817141798,31320.133665011508,22066.023459333886,31524.396940057988,conditionally_feasible,F1 society savings;F2 operator self-financing,19170.338984848044,-75.89575012244694,4498489.921744777,pipe_cost: removing it entirely closes only 27% of the gap; interface_cost: removing it entirely closes only 23% of the gap; source_side_electricity (A17 -> 0): removing it entirely closes only 27% of the gap; soft_costs (A21 -> 0): removing it entirely closes only 16% of the gap,False,2990.1960332154267,,post_rebuild,0.9990959114550096,0.44175549601599473,0.9955661538987638,0.780259692747044,0.6443806511591849,0.6555645874821301,0.39526458468028375,0.43162899382971687,0.35134817590165307,0.4554000000000001,0.0,0.9999999999999999,0.5,0.8121391871232561,0.6934016437961197,0.39274725147055123,0.48885,True,0.5967845205974818
post_rebuild|1633052+19906892+4769672,3,4769672|19906892|1633052,London Terrace Towers; 363 West 16th Street; M440 (OECID: 0100175; BBL: 1007420007),99.37121843407168,46.578168874041516,0.6287815659283438,356.9575893423293,-6113244.976257268,4629613.607252838,1274.426626358776,19.763197033875972,23107.14894589979,0.0,0.0,25.702722699372032,1,True,False,False,True,,3.552713678800501e-15,9.313225746154785e-10,0.0,37439600.91275262,8028990.9097692985,0.0709524572992296,722738.0457259251,2237980.985043065,88.71569199999999,90.86534146,58901202.9124378,886.8177521003549,432544.94276602217,-4629613.607252838,-1916176.3117704536,inf,3506.2189212034123,2.819534281102235,,19641.076604014826,13022.307130196848,19765.357528594453,conditionally_feasible,F1 society savings;F2 operator self-financing,4796.859112810368,-384.41283093966877,6113244.976257268,pipe_cost: removing it entirely closes only 43% of the gap; interface_cost: removing it entirely closes only 9% of the gap; source_side_electricity (A17 -> 0): removing it entirely closes only 12% of the gap; soft_costs (A21 -> 0): removing it entirely closes only 14% of the gap,False,,,post_rebuild,0.999288701637886,0.4667407450658931,0.9957582629632438,0.5050789771559566,0.5167293390494482,0.6004749298912135,0.6715299514462642,0.2547266993668868,0.5469904330629265,0.0,0.0,0.2570272269937202,0.5,0.820595903222341,0.5407610820322061,0.4910823612920258,0.18925680674843004,True,0.5104240383237507
post_rebuild|19906892+4769672+8899918,3,4769672|19906892|8899918,London Terrace Towers; 363 West 16th Street; 61 9th Ave,99.37535120879376,46.83330325097306,0.624648791206253,401.03131909448314,-6596845.449907263,5194550.333514575,1205.79559469776,18.689041665984455,21842.1642281237,0.0,0.0,46.85326018101992,0,True,False,False,True,,8.881784197001252e-15,9.313225746154785e-10,3.637978807091713e-12,45378047.82174824,7551242.520654513,0.0709524572992296,683456.296418603,2114591.096174784,88.71569199999999,90.86534146,65790439.48507392,1074.852759722607,409035.5646360542,-5194550.333514575,-1811330.6810287426,inf,3314.273417113575,2.6485150111710842,,18565.839593905148,12314.527863398253,18682.539853265193,conditionally_feasible,F1 society savings;F2 operator self-financing,5470.948375425773,-470.5687394260939,6596845.449907263,pipe_cost: removing it entirely closes only 49% of the gap; interface_cost: removing it entirely closes only 8% of the gap; source_side_electricity (A17 -> 0): removing it entirely closes only 10% of the gap; soft_costs (A21 -> 0): removing it entirely closes only 14% of the gap,False,,,post_rebuild,0.9993302613082943,0.46929734211682,0.9957996758053457,0.4018215037133238,0.4784992466117135,0.5517221819700582,0.6532947476102648,0.2408819731820885,0.517045824136298,0.0,0.0,0.468532601810199,0.0,0.8214757597434866,0.4773476440983651,0.4704075149762171,0.11713315045254975,True,0.4715910173176546
post_rebuild|1634606+19906892+4769672,3,4769672|19906892|1634606,London Terrace Towers; 363 West 16th Street; M070 (OECID: 0100079; BBL: 1007410010),99.38189645066294,47.24265049839324,0.618103549337066,385.8612541599361,-5811401.677233336,4521144.3473541485,1111.258796818187,17.209430964411666,20099.69290442544,0.0,0.0,42.24589276884242,1,True,False,False,True,,7.105427357601002e-15,0.0,1.8189894035458565e-12,38381633.54740936,6893161.15707957,0.0709524572992296,629347.0880219615,1944625.92587195,88.71569199999999,90.86534146,57348775.400248505,909.1313249778616,376652.2348979163,-4521144.3473541485,-1666909.5647771033,inf,3049.8753323862384,2.412942067508384,,17084.738968761623,11339.587171566875,17190.9971322022,conditionally_feasible,F1 society savings;F2 operator self-financing,5229.566410518269,-441.43411099351613,5811401.677233336,pipe_cost: removing it entirely closes only 47% of the gap; interface_cost: removing it entirely closes only 8% of the gap; source_side_electricity (A17 -> 0): removing it entirely closes only 11% of the gap; soft_costs (A21 -> 0): removing it entirely closes only 14% of the gap,False,,,post_rebuild,0.999396081033084,0.4733992431547985,0.9958652629922298,0.4373624616923897,0.5405909724682514,0.6098355790386458,0.6281764048196248,0.2218113567371113,0.4757981935358743,0.0,0.0,0.42245892768842397,0.5,0.8228868623933708,0.5292630043997623,0.44192865169753676,0.230614731922106,True,0.506173312603194
post_rebuild|19906892+4769672+R2831044,3,4769672|19906892|rebuild:2831044,London Terrace Towers; 363 West 16th Street; Rebuilt Fulton,99.39016569368836,46.25372731426172,0.609834306311651,293.5957853647732,-6762722.128585007,6098658.441071652,402.18696685328723,35.927267942570914,17547.564610450732,1334.7774000000002,0.0,70.6505650332578,0,True,False,False,True,True,8.881784197001252e-15,1.862645149230957e-09,3.637978807091713e-12,42777315.37402253,14698182.452503828,0.0709524572992296,1313856.4259910588,3600314.6683623083,88.71569199999999,90.86534146,77311433.67226487,1013.250187930209,786318.0248277439,-6098658.441071652,-1450381.7123410967,inf,2662.621996432799,4.68784180206596,40.49615817141798,33619.517634200005,23673.088756595655,33825.79896064603,conditionally_feasible,F1 society savings;F2 operator self-financing,16814.871405447517,-194.99808234505952,6762722.128585007,pipe_cost: removing it entirely closes only 45% of the gap; interface_cost: removing it entirely closes only 15% of the gap; source_side_electricity (A17 -> 0): removing it entirely closes only 19% of the gap; soft_costs (A21 -> 0): removing it entirely closes only 16% of the gap,False,4569.045326263129,,post_rebuild,0.9994792375169897,0.46348964913398844,0.9959481256882978,0.6535252245754883,0.4653861892334773,0.473699719254859,0.43977665268360205,0.4630644710263269,0.4153844331008778,0.4554000000000001,0.0,0.7065056503325777,0.0,0.819639004113092,0.5308703776879415,0.4394085189369356,0.29047641258314444,True,0.5200985783302784
post_rebuild|1633052+4769672+8899918,3,4769672|1633052|8899918,London Terrace Towers; M440 (OECID: 0100175; BBL: 1007420007); 61 9th Ave,99.37668642147116,46.91627994405479,0.6233135785288519,409.04082800480967,-6628321.797496525,5250433.129389022,1185.201583156691,18.366721463185797,21462.58214627727,0.0,0.0,20.0097061406839,1,True,False,False,True,,1.7763568394002505e-15,9.313225746154785e-10,0.0,46356376.82304138,7407885.2724675285,0.0709524572992296,671669.0803589047,2077565.6758378777,88.71569199999999,90.86534146,66453933.502059646,1098.0260709916874,401981.1405247679,-5250433.129389022,-1779869.8086322704,inf,3256.6766153343624,2.5971975133356566,,18243.194824335682,12102.145592052337,18357.620364764032,conditionally_feasible,F1 society savings;F2 operator self-financing,5592.569139034148,-486.2748122755643,6628321.797496525,pipe_cost: removing it entirely closes only 50% of the gap; interface_cost: removing it entirely closes only 8% of the gap; source_side_electricity (A17 -> 0): removing it entirely closes only 10% of the gap; soft_costs (A21 -> 0): removing it entirely closes only 14% of the gap,False,,,post_rebuild,0.9993436883645771,0.4701288175588195,0.9958130554244878,0.38305654648716214,0.4760109453309942,0.5468996244450335,0.6478229371309008,0.2367276067980751,0.5080603898960886,0.0,0.0,0.20009706140683892,0.5,0.8217618537826281,0.4686557054210632,0.46420364460835484,0.17502426535170973,True,0.482411367290939
post_rebuild|1633052+1634606+4769672,3,4769672|1633052|1634606,London Terrace Towers; M440 (OECID: 0100175; BBL: 1007420007); M070 (OECID: 0100079; BBL: 1007410010),99.38347583412367,47.342411132430954,0.6165241658763134,385.01210585119935,-5687420.031489287,4421569.149895286,1090.664785277118,16.887110761613016,19720.11082257901,0.0,0.0,12.94175431840164,2,True,False,False,True,,1.0658141036401503e-14,9.313225746154785e-10,1.8189894035458565e-12,37439600.91275262,6749803.908892587,0.0709524572992296,617559.8719622634,1907600.505535044,88.71569199999999,90.86534146,56091907.78128437,886.8177521003549,369597.81078663014,-4421569.149895286,-1635448.6923806313,inf,2992.2785306070255,2.361624569672957,,16762.094199192154,11127.204900220962,16866.077643701035,conditionally_feasible,F1 society savings;F2 operator self-financing,5214.636163433312,-439.88242419053324,5687420.031489287,pipe_cost: removing it entirely closes only 47% of the gap; interface_cost: removing it entirely closes only 8% of the gap; source_side_electricity (A17 -> 0): removing it entirely closes only 11% of the gap; soft_costs (A21 -> 0): removing it entirely closes only 14% of the gap,False,,,post_rebuild,0.9994119634995843,0.4743989035919643,0.9958810893467439,0.4393518760086118,0.5503920997119933,0.6184286909310777,0.6227045943402607,0.217656990353098,0.46681275929566496,0.0,0.0,0.12941754318401635,1.0,0.8232306521460976,0.536057555550561,0.43572478132967457,0.2823543857960041,True,0.5193418437055843
post_rebuild|1633052+4769672+R2831044,3,4769672|1633052|rebuild:2831044,London Terrace Towers; M440 (OECID: 0100175; BBL: 1007420007); Rebuilt Fulton,99.39104103913463,46.290250969047925,0.6089589608653732,299.06974099962525,-6865008.562540021,6225351.323311855,381.5929553122178,35.60494773977227,17167.9825286043,1334.7774000000002,0.0,56.173706736241954,1,True,False,False,True,True,8.881784197001252e-15,9.313225746154785e-10,3.637978807091713e-12,44630356.381944604,14554825.204316845,0.0709524572992296,1302069.2099313608,3563289.248025402,88.71569199999999,90.86534146,78849639.69587955,1057.1424736686365,779263.6007164579,-6225351.323311855,-1418920.8399446246,inf,2605.025194653586,4.636524304230534,40.49615817141798,33296.87286463054,23460.706485249746,33500.87947214487,conditionally_feasible,F1 society savings;F2 operator self-financing,17990.39648654703,-205.7036734327496,6865008.562540021,pipe_cost: removing it entirely closes only 46% of the gap; interface_cost: removing it entirely closes only 15% of the gap; source_side_electricity (A17 -> 0): removing it entirely closes only 19% of the gap; soft_costs (A21 -> 0): removing it entirely closes only 16% of the gap,False,4663.9621882359215,,post_rebuild,0.999488040094117,0.4638556377131776,0.9959568971663456,0.6407006501233055,0.4573001346526942,0.4627664131620991,0.4343048422042379,0.45891010464231374,0.4063989988606684,0.4554000000000001,0.0,0.5617370673624194,0.5,0.8197668583245467,0.5202557326460329,0.4332046485690733,0.37928426684060484,True,0.5381278765950643
post_rebuild|1634606+4769672+8899918,3,4769672|8899918|1634606,London Terrace Towers; 61 9th Ave; M070 (OECID: 0100079; BBL: 1007410010),99.38920869654005,47.70779327169593,0.6107913034599637,444.1462700024519,-6250218.641841061,5065704.012858803,1022.0337536161028,15.812955393721499,18455.12610480292,0.0,0.0,37.09932878684489,1,True,False,False,True,,5.329070518200751e-15,9.313225746154785e-10,0.0,46356376.82304138,6272055.519777802,0.0709524572992296,578278.1226549413,1784210.6166667629,88.71569199999999,90.86534146,63959473.35521363,1098.0260709916874,346088.4326566622,-5065704.012858803,-1530603.061638921,inf,2800.3330265171885,2.190605299741806,,15686.857189082484,10419.425633422366,15783.259968371774,conditionally_feasible,F1 society savings;F2 operator self-financing,6115.47184202761,-555.682032338152,6250218.641841061,pipe_cost: removing it entirely closes only 53% of the gap; interface_cost: removing it entirely closes only 7% of the gap; source_side_electricity (A17 -> 0): removing it entirely closes only 9% of the gap; soft_costs (A21 -> 0): removing it entirely closes only 15% of the gap,False,,,post_rebuild,0.9994696138407093,0.47806024829564897,0.9959385360120003,0.3008102908344673,0.505901153011331,0.5628413248749025,0.6044693905042616,0.20381226416829973,0.43686815036903637,0.0,0.0,0.37099328786844876,0.5,0.824489466049453,0.4565175895735669,0.4150499350138659,0.2177483219671122,True,0.47845132815099944
post_rebuild|4769672+8899918+R2831044,3,4769672|8899918|rebuild:2831044,London Terrace Towers; 61 9th Ave; Rebuilt Fulton,99.39408486686875,46.41733908995142,0.6059151331312547,309.40383617936754,-6925567.848047711,6367246.861431287,312.9619236512026,34.53079237188075,15902.997810828212,1334.7774000000002,0.0,69.37728888523347,0,True,False,False,True,True,8.881784197001252e-15,0.0,3.637978807091713e-12,47343005.307086684,14077076.815202061,0.0709524572992296,1262787.460624039,3439899.359157121,88.71569199999999,90.86534146,80513078.28466213,1121.3959689886826,755754.2225864897,-6367246.861431287,-1314075.2092029145,inf,2413.079690563749,4.465505034299382,40.49615817141798,32221.635854520868,22752.92721845115,32418.06179681561,conditionally_feasible,F1 society savings;F2 operator self-financing,22129.106848685802,-224.9537918816671,6925567.848047711,pipe_cost: removing it entirely closes only 49% of the gap; interface_cost: removing it entirely closes only 14% of the gap; source_side_electricity (A17 -> 0): removing it entirely closes only 18% of the gap; soft_costs (A21 -> 0): removing it entirely closes only 17% of the gap,False,4770.268706550834,,post_rebuild,0.9995186491850828,0.4651291356988955,0.9959873981168728,0.6164895709934813,0.452512738425705,0.4505211526231899,0.41606963836823885,0.4450653784575154,0.37645438993403985,0.4554000000000001,0.0,0.6937728888523343,0.0,0.8202117276669503,0.5065078206807921,0.4125298022532647,0.2872932222130836,True,0.5066356432035227
post_rebuild|1634606+4769672+R2831044,3,4769672|1634606|rebuild:2831044,London Terrace Towers; M070 (OECID: 0100079; BBL: 1007410010); Rebuilt Fulton,99.39862664168665,46.607216066404376,0.6013733583133598,309.69570131823707,-6543982.287729234,6097699.087626311,218.42512577163052,33.05118167030797,14160.526487129951,1334.7774000000002,0.0,67.9018651088665,1,True,False,False,True,True,1.0658141036401503e-14,9.313225746154785e-10,7.275957614183426e-12,45335423.0686012,13418995.451627119,0.0709524572992296,1208678.2522273976,3269934.188854287,88.71569199999999,90.86534146,77060246.23569012,1073.8431232187943,723370.8928483522,-6097699.087626311,-1169654.092951275,inf,2148.6816058364125,4.229932090636683,40.49615817141798,30740.53522937734,21777.986526619778,30926.519075752614,conditionally_feasible,F1 society savings;F2 operator self-financing,29959.84214092269,-222.27929859496857,6543982.287729234,pipe_cost: removing it entirely closes only 49% of the gap; interface_cost: removing it entirely closes only 15% of the gap; source_side_electricity (A17 -> 0): removing it entirely closes only 18% of the gap; soft_costs (A21 -> 0): removing it entirely closes only 17% of the gap,False,4568.326589606859,,post_rebuild,0.99956432180873,0.4670318150785889,0.9960329093813486,0.6158057791520573,0.48267824081608984,0.4737825092639233,0.39095129557759895,0.4259947620125383,0.3352067593336162,0.4554000000000001,0.0,0.6790186510886648,0.5,0.8208763487562224,0.5240888430773568,0.38405093897458453,0.4086046627721662,True,0.5344051983950825
post_rebuild|1634606+4769672+R4473909,3,4769672|1634606|rebuild:4473909,London Terrace Towers; M070 (OECID: 0100079; BBL: 1007410010); Rebuilt Elliott-Chelsea,99.39741426897936,46.43264235124353,0.6025857310206563,321.31540515830136,-7603155.912639785,7246404.981991842,106.65922000558112,37.14195630938636,14160.526487129951,1596.2225999999998,0.0,71.31990775931666,1,True,False,False,True,True,1.0658141036401503e-14,0.0,0.0,56202158.665895335,15136572.75936395,0.0709524572992296,1358277.4523509846,3642997.411917623,88.71569199999999,90.86534146,91390734.22704494,1331.2394041652296,812903.1623033329,-7246404.981991842,-1169654.092951275,inf,2148.6816058364125,4.743103184077355,40.496158171417996,34404.13782974244,24473.46760992765,34612.70907575261,conditionally_feasible,F1 society savings;F2 operator self-financing,71284.56323083871,-241.32742567542607,7603155.912639785,pipe_cost: removing it entirely closes only 52% of the gap; interface_cost: removing it entirely closes only 14% of the gap; source_side_electricity (A17 -> 0): removing it entirely closes only 18% of the gap; soft_costs (A21 -> 0): removing it entirely closes only 17% of the gap,True,4539.720827152706,,post_rebuild,0.9995521300456858,0.46528248340985284,0.9960207606912137,0.5885827311499067,0.3989473352561272,0.3746518167452677,0.3612551942043091,0.47872051887667666,0.3352067593336162,0.5446,0.0,0.7131990775931664,0.5,0.8202851247155841,0.4540606277171005,0.39172749080486735,0.4394497693982916,True,0.5263807531589609
post_rebuild|4769672+R2831044+R4473909,3,4769672|rebuild:2831044|rebuild:4473909,London Terrace Towers; Rebuilt Fulton; Rebuilt Elliott-Chelsea,99.39420860580644,46.07315111318606,0.6057913941935663,280.05279519848546,-8486841.873894133,8756427.524943741,-602.5254284010671,55.85799337237055,11606.241094640807,2931.0,0.0,80.63236209855208,0,True,False,False,True,True,2.842170943040401e-14,0.0,7.275957614183426e-12,59764060.299486995,22941594.054788206,0.0709524572992296,2042720.9676106356,5298466.886845119,88.71569199999999,90.86534146,110519612.30603978,1415.608829129597,1222529.5585963393,-8756427.524943741,-952943.9075467304,inf,1761.1009573424283,7.018002918634931,40.49604433223498,50937.057893400415,36805.78320019163,51247.510904196446,conditionally_feasible,F1 society savings;F2 operator self-financing,,-133.58944431307748,8486841.873894133,pipe_cost: removing it entirely closes only 50% of the gap; interface_cost: removing it entirely closes only 19% of the gap; source_side_electricity (A17 -> 0): removing it entirely closes only 24% of the gap; soft_costs (A21 -> 0): removing it entirely closes only 19% of the gap,True,2987.5221852418085,,post_rebuild,0.9995198935184455,0.461680169013395,0.9959886380540658,0.6852542149580405,0.3290892647507354,0.2443403234937408,0.17282546630904236,0.7199504341636814,0.27474193624898974,1.0,0.0,0.8063236209855205,0.0,0.819062900195302,0.4195612677341723,0.3891726122405712,0.4515809052463801,True,0.5198444213541064
post_rebuild|1633052+19906892+7536925,3,7536925|19906892|1633052,111 Eighth Avenue; 363 West 16th Street; M440 (OECID: 0100175; BBL: 1007420007),70.8348982605189,50.39863140654045,0.5709323184568035,272.2624733140132,-2674420.8372396575,2004723.4649440513,821.8389615848685,13.405225470672717,11498.750752744549,0.0,0.0,64.32221848205485,1,True,False,False,True,,2.6645352591003757e-15,4.656612873077393e-10,1.8189894035458565e-12,11048592.808601417,5033169.506315431,0.0709524572992296,490227.69153100345,1500511.6314854466,88.71569199999999,90.86534146,25920984.529225055,261.7038643448426,293391.9281399065,-2004723.4649440513,-963089.300435513,inf,1744.79065132044,1.7350685862045974,,13245.349021364458,8832.931378936999,18698.903148911544,conditionally_feasible,F1 society savings;F2 operator self-financing,3254.1908600709235,-173.67932257842176,2674420.8372396575,pipe_cost: removing it entirely closes only 29% of the gap; interface_cost: removing it entirely closes only 13% of the gap; source_side_electricity (A17 -> 0): removing it entirely closes only 18% of the gap; soft_costs (A21 -> 0): removing it entirely closes only 14% of the gap,False,,,post_rebuild,0.7123240977503764,0.5050240346846195,0.9963379465686553,0.7035056531644053,0.7885788757538014,0.8269969481630739,0.5512778130029043,0.17277917295265133,0.272197434164307,0.0,0.0,0.6432221848205483,0.5,0.7378953596678838,0.7730271590270936,0.3320848067066209,0.2858055462051371,True,0.5322032179016839
post_rebuild|1634606+19906892+7536925,3,7536925|19906892|1634606,111 Eighth Avenue; 363 West 16th Street; M070 (OECID: 0100079; BBL: 1007410010),66.29032246164758,52.68731407212662,0.539994458847374,262.0948442031043,-1986593.378855395,1510270.0456850326,658.6711320442801,10.851459401208412,8491.294711270197,0.0,0.0,100.00000000000003,1,True,False,False,True,,6.217248937900877e-15,2.3283064365386963e-10,9.094947017729282e-13,7222590.324403251,3897339.753625704,0.0709524572992296,396836.73382704,1207156.5723143313,88.71569199999999,90.86534146,19600521.898180857,171.07878181595044,237499.2202718007,-1510270.0456850326,-713822.5534421632,inf,1288.4470625032661,1.3284763726107465,,10689.01138611126,7150.211420307027,16124.542752519288,conditionally_feasible,F1 society savings;F2 operator self-financing,3016.0626179102737,-143.34095097571117,1986593.378855395,pipe_cost: removing it entirely closes only 26% of the gap; interface_cost: removing it entirely closes only 14% of the gap; source_side_electricity (A17 -> 0): removing it entirely closes only 20% of the gap; soft_costs (A21 -> 0): removing it entirely closes only 14% of the gap,False,,,post_rebuild,0.6666233071078418,0.5279579858977685,0.9966479621831354,0.7273267297739452,0.8429537342331047,0.869667147828443,0.5079242663762652,0.13986383032287586,0.20100519463725475,0.0,0.0,0.9999999999999999,0.5,0.7304097517295819,0.813315870611831,0.28293109711213194,0.375,True,0.5504141798633861
post_rebuild|19906892+7536925+R2831044,3,7536925|19906892|rebuild:2831044,111 Eighth Avenue; 363 West 16th Street; Rebuilt Fulton,83.10236483598558,47.81384552229787,0.577231373573386,217.5361908996554,-2780328.768028771,2930199.077224243,-50.40069792062013,29.569296379367653,5939.16641729549,1334.7774000000002,0.0,100.0,0,True,False,False,True,True,8.881784197001252e-15,4.656612873077393e-10,0.0,9671634.98352683,11702361.049049964,0.0709524572992296,1081346.0717961371,2862845.3148046895,88.71569199999999,90.86534146,37616543.00270763,229.088381983926,647165.0102016283,-2930199.077224243,-497294.7010061566,inf,901.1937265498265,3.6033761071683235,40.49615817141798,27223.790051549644,19483.713005335805,32759.344580963123,conditionally_feasible,F1 society savings;F2 operator self-financing,,6.398764644922352,2780328.768028771,pipe_cost: removing it entirely closes only 25% of the gap; interface_cost: removing it entirely closes only 30% of the gap; source_side_electricity (A17 -> 0): removing it entirely closes only 39% of the gap; soft_costs (A21 -> 0): removing it entirely closes only 19% of the gap,True,2195.2717188830457,,post_rebuild,0.8356871895969092,0.4791229544444399,0.996274826318345,0.8317202990496545,0.7802065308026105,0.7471305186405415,0.3195245142402424,0.3811169446120914,0.1405914342022582,0.4554000000000001,0.0,0.9999999999999996,0.0,0.7703616567865647,0.7863524494976022,0.2804109643515306,0.3638499999999999,True,0.5502437676589244
post_rebuild|1633052+1634606+7536925,3,7536925|1633052|1634606,111 Eighth Avenue; M440 (OECID: 0100175; BBL: 1007420007); M070 (OECID: 0100079; BBL: 1007410010),65.61147973793801,53.07460855277733,0.5350034260119874,294.10394467903666,-2248595.8924716767,1796679.0075864994,638.0771205032111,10.529139198409762,8111.712629423765,0.0,0.0,54.41366430557354,2,True,False,False,True,,4.440892098500626e-15,4.656612873077393e-10,9.094947017729282e-13,11048592.808601417,3753982.5054387203,0.0709524572992296,385049.5177673419,1170131.1519774252,88.71569199999999,90.86534146,23111689.398071628,261.7038643448426,230444.79616051447,-1796679.0075864994,-682361.6810456912,inf,1230.8502607240532,1.2771588747753193,,10366.366616541793,6937.829148961116,15799.623264018126,conditionally_feasible,F1 society savings;F2 operator self-financing,3524.018994284502,-204.60883550115312,2248595.8924716767,pipe_cost: removing it entirely closes only 35% of the gap; interface_cost: removing it entirely closes only 12% of the gap; source_side_electricity (A17 -> 0): removing it entirely closes only 17% of the gap; soft_costs (A21 -> 0): removing it entirely closes only 15% of the gap,False,,,post_rebuild,0.6597967845524993,0.5318389051959842,0.9966979752781229,0.6523346911853656,0.8222416364163464,0.8449507092029379,0.5024524558969011,0.13570946393886257,0.19201976039704532,0.0,0.0,0.5441366430557352,1.0,0.7294445550088687,0.7731756789348833,0.2767272267442697,0.3860341607639338,True,0.5413454053629889
post_rebuild|1634606+7536925+R2831044,3,7536925|1634606|rebuild:2831044,111 Eighth Avenue; M070 (OECID: 0100079; BBL: 1007410010); Rebuilt Fulton,81.52965472285577,48.46039971563743,0.5626825437876856,235.3441303931116,-2719173.9893512945,3086824.7859571953,-234.1625390022773,26.693210107104708,2552.1282939747075,1334.7774000000002,0.0,100.0,1,True,False,False,True,True,8.881784197001252e-15,4.656612873077393e-10,3.637978807091713e-12,14176379.845595088,10423174.048173252,0.0709524572992296,976167.8980324758,2532464.8352966676,88.71569199999999,90.86534146,39311992.73362246,335.79058005688313,584217.8782222363,-3086824.7859571953,-216567.08161633482,560.7307920747487,387.25333595343983,3.145466395739045,40.49615817141798,24344.80764672698,17588.610775359924,29860.064696069705,conditionally_feasible,F1 society savings;F2 operator self-financing,,-16.36722912098068,2719173.9893512945,pipe_cost: removing it entirely closes only 37% of the gap; interface_cost: removing it entirely closes only 27% of the gap; source_side_electricity (A17 -> 0): removing it entirely closes only 36% of the gap; soft_costs (A21 -> 0): removing it entirely closes only 21% of the gap,True,2312.6139129694548,,post_rebuild,0.8198718310678705,0.48560180909286654,0.9964206141803018,0.7899992364199662,0.7850410025809431,0.7336140780537205,0.2706991571342392,0.34404723559830275,0.06041376043499656,0.4554000000000001,0.0,0.9999999999999996,0.5,0.7672980847803462,0.76955143901821,0.22505338438917952,0.4888499999999999,True,0.5626882270469339
post_rebuild|1633052+1634606+19906892,3,19906892|1633052|1634606,363 West 16th Street; M440 (OECID: 0100175; BBL: 1007420007); M070 (OECID: 0100079; BBL: 1007410010),99.29991305163354,42.545540822409876,0.7000869483664952,301.14699423932257,-3050751.560690409,2132305.1937096436,762.3225096472504,11.93123279636291,14050.879046719256,0.0,0.0,60.4324802956213,2,True,False,False,True,,7.993605777301127e-15,4.656612873077393e-10,0.0,11990625.443258163,5306613.381083564,0.0709524572992296,436323.93380299234,1370559.1693821817,88.71569199999999,90.86534146,27518380.09318375,284.01743722234926,261131.55671042483,-2132305.1937096436,-1179577.923691191,inf,2132.04398727388,1.899604827389049,,11943.24718971137,7861.692500954817,12027.449795954173,conditionally_feasible,F1 society savings;F2 operator self-financing,4001.9171965708892,-272.15367216766566,3050751.560690409,pipe_cost: removing it entirely closes only 28% of the gap; interface_cost: removing it entirely closes only 12% of the gap; source_side_electricity (A17 -> 0): removing it entirely closes only 14% of the gap; soft_costs (A21 -> 0): removing it entirely closes only 13% of the gap,False,,,post_rebuild,0.9985716462957128,0.4263314317139219,0.9950437409429301,0.6358339886803586,0.7588287842452176,0.815986936647249,0.5354643448615769,0.15378096693495466,0.33261119459930355,0.0,0.0,0.6043248029562128,1.0,0.8066489396508549,0.7368832365242751,0.3406188354652784,0.4010812007390532,True,0.5713080530948653
post_rebuild|1633052+19906892+R2831044,3,19906892|1633052|rebuild:2831044,363 West 16th Street; M440 (OECID: 0100175; BBL: 1007420007); Rebuilt Fulton,99.35725297627545,44.233024359131655,0.6427470237245615,245.9008174718409,-4129958.9792525107,3837706.2546375776,53.25067968235044,30.649069774522157,11498.750752744549,1334.7774000000002,0.0,83.40598920315557,1,True,False,False,True,True,8.881784197001252e-15,4.656612873077393e-10,0.0,17966085.963156868,13111634.676507823,0.0709524572992296,1120833.2717720896,3026247.9118725397,88.71569199999999,90.86534146,49060817.05848566,425.55592419420157,670797.3466402523,-3837706.2546375776,-963050.0712551848,inf,1744.79065132044,4.174504561946625,40.49615817141798,28478.02585514975,20195.194085983596,28662.25162439801,conditionally_feasible,F1 society savings;F2 operator self-financing,77556.92516768676,-80.96622090909301,4129958.9792525107,pipe_cost: removing it entirely closes only 31% of the gap; interface_cost: removing it entirely closes only 23% of the gap; source_side_electricity (A17 -> 0): removing it entirely closes only 27% of the gap; soft_costs (A21 -> 0): removing it entirely closes only 17% of the gap,False,2875.165742720529,,post_rebuild,0.9991482633459048,0.4432410127956913,0.9956183208329591,0.7652666612146466,0.6735141461934384,0.668814723967682,0.3470645927255541,0.3950340812241703,0.272197434164307,0.4554000000000001,0.0,0.8340598920315554,0.5,0.8126691989915185,0.7025318437919225,0.3380987027046771,0.44736497300788886,True,0.5751661796240017
post_rebuild|19906892+8899918+R2831044,3,19906892|8899918|rebuild:2831044,363 West 16th Street; 61 9th Ave; Rebuilt Fulton,99.3595042437967,44.29683627915272,0.6404957562032993,242.18297339579667,-3812826.7111827256,3601910.2391795367,-15.380351978665203,29.574914406630633,10233.76603496846,1334.7774000000002,0.0,100.00000000000003,0,True,False,False,True,True,1.3322676295501878e-14,9.313225746154785e-10,3.637978807091713e-12,16013137.744269226,12633886.287393037,0.0709524572992296,1081551.5224647673,2902858.023004258,88.71569199999999,90.86534146,46058658.50323851,379.2971739078862,647287.9685102843,-3601910.2391795367,-858204.4405134742,inf,1552.845147230603,4.003485292015474,40.49615817141798,27402.78884504007,19487.414819184996,27579.43394906875,conditionally_feasible,F1 society savings;F2 operator self-financing,,-69.59108822227216,3812826.7111827256,pipe_cost: removing it entirely closes only 30% of the gap; interface_cost: removing it entirely closes only 24% of the gap; source_side_electricity (A17 -> 0): removing it entirely closes only 28% of the gap; soft_costs (A21 -> 0): removing it entirely closes only 17% of the gap,False,2698.5100580662634,,post_rebuild,0.9991709023578219,0.44388044589954,0.9956408798623417,0.7739769561705035,0.6985844192471226,0.689163381026159,0.328829388889555,0.38118935503937196,0.2422528252376784,0.4554000000000001,0.0,0.9999999999999999,0.0,0.8128974093732345,0.7205749188145951,0.31742385638886844,0.36385,True,0.5536865461441745
post_rebuild|1634606+19906892+R2831044,3,19906892|1634606|rebuild:2831044,363 West 16th Street; M070 (OECID: 0100079; BBL: 1007410010); Rebuilt Fulton,99.3629112960622,44.393071555990275,0.6370887039378001,239.10838964848435,-3442131.520868247,3343252.8353785593,-109.91714985823819,28.095303705057862,8491.294711270197,1334.7774000000002,0.0,100.00000000000003,1,True,False,False,True,True,8.881784197001252e-15,4.656612873077393e-10,3.637978807091713e-12,14140083.478958696,11975804.923818097,0.0709524572992296,1027442.3140681264,2732892.852701424,88.71569199999999,90.86534146,42740354.42744145,334.93084166530934,614904.6387721467,-3343252.8353785593,-713783.3242618348,inf,1288.4470625032661,3.7679123483527746,40.49615817141798,25921.68821989655,18512.474127353627,26087.891228005756,conditionally_feasible,F1 society savings;F2 operator self-financing,,-57.613303125805544,3442131.520868247,pipe_cost: removing it entirely closes only 29% of the gap; interface_cost: removing it entirely closes only 25% of the gap; source_side_electricity (A17 -> 0): removing it entirely closes only 30% of the gap; soft_costs (A21 -> 0): removing it entirely closes only 18% of the gap,True,2504.726882084278,,post_rebuild,0.9992051640775477,0.44484478017670426,0.995675020537068,0.7811801983608184,0.7278890046727419,0.7114849236330512,0.30371104609891486,0.3621187385943949,0.20100519463725475,0.4554000000000001,0.0,0.9999999999999999,0.5,0.8132416549304399,0.7401847088888704,0.2889449931101882,0.48885,True,0.5828053392323747
post_rebuild|1633052+8899918+R2831044,3,1633052|8899918|rebuild:2831044,M440 (OECID: 0100175; BBL: 1007420007); 61 9th Ave; Rebuilt Fulton,99.36021467067678,44.316936380329636,0.6397853293232073,268.3736298979057,-4458682.366676365,4272172.342958361,-35.97436351973465,29.25259420383199,9854.183953122027,1334.7774000000002,0.0,82.54940345973924,1,True,False,False,True,True,8.881784197001252e-15,0.0,0.0,24580851.038535796,12490529.039206054,0.0709524572992296,1069764.3064050693,2865832.602667352,88.71569199999999,90.86534146,54311536.81319767,582.2373778370843,640233.5443989984,-4272172.342958361,-826743.5681170021,inf,1495.24834545139,3.9521677941800473,40.49615817141795,27080.144075470602,19275.032547839088,27254.51446056759,conditionally_feasible,F1 society savings;F2 operator self-financing,,-123.38914955495954,4458682.366676365,pipe_cost: removing it entirely closes only 39% of the gap; interface_cost: removing it entirely closes only 20% of the gap; source_side_electricity (A17 -> 0): removing it entirely closes only 24% of the gap; soft_costs (A21 -> 0): removing it entirely closes only 17% of the gap,True,3200.662779395546,,post_rebuild,0.9991780464943817,0.44408186077749673,0.9956479987590124,0.712616571346719,0.6475275598015594,0.6313212938195769,0.3233575784101908,0.3770349886553587,0.23326739099746896,0.4554000000000001,0.0,0.825494034597392,0.5,0.8129693020102969,0.6638218083226185,0.31121998602100615,0.445223508649348,True,0.5583086512508174
post_rebuild|1633052+1634606+R2831044,3,1633052|1634606|rebuild:2831044,M440 (OECID: 0100175; BBL: 1007420007); M070 (OECID: 0100079; BBL: 1007410010); Rebuilt Fulton,99.3637058223134,44.41545550639238,0.6362941776865965,254.87459391120126,-3783332.1711863093,3708859.9339818065,-130.51116139930718,27.7729835022592,8111.712629423766,1334.7774000000002,0.0,81.53975286497933,2,True,False,False,True,True,8.881784197001252e-15,4.656612873077393e-10,0.0,18944414.96445,11832447.675631111,0.0709524572992296,1015655.098008428,2695867.4323645183,88.71569199999999,90.86534146,47229850.92862536,448.72923546328195,607850.2146608604,-3708859.9339818065,-682322.4518653627,inf,1230.8502607240534,3.716594850517348,40.49615817141795,25599.04345032708,18300.09185600771,25762.971739504592,conditionally_feasible,F1 society savings;F2 operator self-financing,,-89.55083218120001,3783332.1711863093,pipe_cost: removing it entirely closes only 36% of the gap; interface_cost: removing it entirely closes only 22% of the gap; source_side_electricity (A17 -> 0): removing it entirely closes only 27% of the gap; soft_costs (A21 -> 0): removing it entirely closes only 18% of the gap,True,2778.635549254734,,post_rebuild,0.99921315392731,0.44506908057194833,0.9956829821590774,0.7442425843421396,0.7009160525930559,0.6799338668725263,0.2982392356195508,0.3579643722103815,0.19201976039704535,0.4554000000000001,0.0,0.815397528649793,1.0,0.8133217388861119,0.7083641679359073,0.2827411227423259,0.5676993821624483,True,0.5930316029316984
post_rebuild|1633052+1634606+R4473909,3,1633052|1634606|rebuild:4473909,M440 (OECID: 0100175; BBL: 1007420007); M070 (OECID: 0100079; BBL: 1007410010); Rebuilt Elliott-Chelsea,99.36665195952858,44.4982649817876,0.6333480404714191,348.4076802903071,-6978922.7527317805,6993982.7849822575,-242.27706716535613,31.863758141337602,8111.712629423765,1596.2225999999998,0.0,83.85092490629391,2,True,False,False,True,True,1.0658141036401503e-14,9.313225746154785e-10,0.0,56202158.665895335,13550024.983367939,0.0709524572992296,1165254.2981320152,3068930.6554278545,88.71569199999999,90.86534146,87951347.02413137,1331.2394041652296,697382.4841158411,-6993982.7849822575,-682322.4518653627,inf,1230.8502607240532,4.22976594395802,40.49615817141802,29262.646050692176,20995.57293931559,29449.161739504587,conditionally_feasible,F1 society savings;F2 operator self-financing,,-282.84061878891066,6978922.7527317805,pipe_cost: removing it entirely closes only 57% of the gap; interface_cost: removing it entirely closes only 14% of the gap; source_side_electricity (A17 -> 0): removing it entirely closes only 17% of the gap; soft_costs (A21 -> 0): removing it entirely closes only 18% of the gap,True,4381.583611823475,,post_rebuild,0.9992427806308867,0.44589888039402814,0.9957125041929425,0.5251100027088362,0.44829487047639693,0.3964352752609581,0.26854313424626114,0.41069012907452007,0.19201976039704532,0.5446,0.0,0.8385092490629388,1.0,0.8136180550726192,0.4566133828153971,0.2904176745726088,0.5957773122657347,True,0.53910660618159
post_rebuild|1633052+R2831044+R4473909,3,1633052|rebuild:2831044|rebuild:4473909,M440 (OECID: 0100175; BBL: 1007420007); Rebuilt Fulton; Rebuilt Elliott-Chelsea,99.37822437647887,44.82065313858228,0.6217756235211384,299.13927851205256,-8156511.283782514,8797764.958398826,-951.3488971302559,50.58159511949686,5559.584335449058,2931.0,0.0,89.68141393446682,1,True,False,False,True,True,4.263256414560601e-14,0.0,7.275957614183426e-12,63392914.13508731,21355046.2787922,0.0709524572992296,1849763.6361011127,4724619.397918213,88.71569199999999,90.86534146,110709078.93872654,1501.5641257335112,1107048.274045669,-8797764.958398826,-465794.5994293564,inf,843.5969247706134,6.504665678515596,40.496158171417996,45797.42471613056,33329.074524344374,46083.96356794842,conditionally_feasible,F1 society savings;F2 operator self-financing,,-161.25743356122575,8156511.283782514,pipe_cost: removing it entirely closes only 55% of the gap; interface_cost: removing it entirely closes only 19% of the gap; source_side_electricity (A17 -> 0): removing it entirely closes only 23% of the gap; soft_costs (A21 -> 0): removing it entirely closes only 19% of the gap,True,3001.6257108150207,,post_rebuild,0.9993591542216638,0.44912940001599266,0.9958284666414491,0.6405377352104287,0.35520290541709787,0.24077299749197967,0.08014338211023841,0.6519432433637358,0.13160599996204878,1.0,0.0,0.8968141393446678,0.5,0.8147723402930351,0.41217121270650203,0.28789754181200766,0.599203534836167,True,0.528511157411928
post_rebuild|1634606+8899918+R2831044,3,8899918|1634606|rebuild:2831044,61 9th Ave; M070 (OECID: 0100079; BBL: 1007410010); Rebuilt Fulton,99.36650466787455,44.49413207065116,0.633495332125463,262.75435230976893,-3751671.9325052486,3758535.947912489,-199.14219306032237,26.698828134367687,6846.727911647677,1334.7774000000002,0.0,100.0,1,True,False,False,True,True,8.881784197001252e-15,4.656612873077393e-10,0.0,20517882.606337484,11354699.286516327,0.0709524572992296,976373.3487011059,2572477.543496237,88.71569199999999,90.86534146,47754108.23415334,485.9993719808433,584340.8365308924,-3758535.947912489,-577476.8211236524,inf,1038.9047566342163,3.545575580586197,40.49615817141798,24523.80644021741,17592.312589209116,24680.15406417533,conditionally_feasible,F1 society savings;F2 operator self-financing,,-101.76227000380942,3751671.9325052486,pipe_cost: removing it entirely closes only 39% of the gap; interface_cost: removing it entirely closes only 21% of the gap; source_side_electricity (A17 -> 0): removing it entirely closes only 26% of the gap; soft_costs (A21 -> 0): removing it entirely closes only 18% of the gap,True,2815.8522521526725,,post_rebuild,0.9992412994486285,0.4458574661849739,0.9957110282436296,0.7257816111467703,0.7034188910254553,0.6756469404393379,0.28000403178355177,0.34411964602558326,0.16207515147041676,0.4554000000000001,0.0,0.9999999999999996,0.5,0.8136032646257441,0.7016158142038545,0.26206627642651725,0.4888499999999999,True,0.5665338388140289
post_rebuild|1634606+R2831044+R4473909,3,1634606|rebuild:2831044|rebuild:4473909,M070 (OECID: 0100079; BBL: 1007410010); Rebuilt Fulton; Rebuilt Elliott-Chelsea,99.38285787250216,44.948459290521114,0.6171421274978367,306.69749434203493,-7835485.0089717265,8670112.722713284,-1114.516726670845,48.027829050032544,2552.1282939747075,2931.0,0.0,100.0,1,True,False,False,True,True,4.263256414560601e-14,9.313225746154785e-10,0.0,64097980.82174391,20219216.526102472,0.0709524572992296,1756372.678397149,4431264.338747097,88.71569199999999,90.86534146,108919685.47853711,1518.264775283669,1051155.566177563,-8670112.722713284,-216527.85243600648,inf,387.25333595343983,6.098073464921745,40.496158171417996,43241.08708087736,31646.3545657144,43509.60317155617,conditionally_feasible,F1 society savings;F2 operator self-financing,,-170.54658242382038,7835485.0089717265,pipe_cost: removing it entirely closes only 58% of the gap; interface_cost: removing it entirely closes only 18% of the gap; source_side_electricity (A17 -> 0): removing it entirely closes only 22% of the gap; soft_costs (A21 -> 0): removing it entirely closes only 20% of the gap,True,2958.0732591993465,,post_rebuild,0.9994057492045786,0.45041009309650537,0.995874897006542,0.6228300831753759,0.3805810115804936,0.25178909359380364,0.03678983548359904,0.6190279007339602,0.06041376043499656,1.0,0.0,0.9999999999999996,0.5,0.8152302464358754,0.41840006278322445,0.2387438322175186,0.6249999999999999,True,0.5243435353591546
post_rebuild|1633052+19906892+4040951+4769672,4,4040951|4769672|19906892|1633052,Manhattan Chelsea Market; London Terrace Towers; 363 West 16th Street; M440 (OECID: 0100175; BBL: 1007420007),99.34644901491397,45.10088464676199,0.6535509850860294,319.7390208492024,-8244945.1512474585,5966070.865134747,1941.2287585253807,30.199424965374817,35397.42765156582,0.0,0.0,51.49934990305752,1,True,False,False,True,,7.105427357601002e-15,0.0,7.275957614183426e-12,44685121.63501846,12670676.118209112,0.0709524572992296,1104389.8081929472,3436806.632769795,88.71569199999999,90.86534146,76340591.80837941,1058.439677630221,660956.2471509187,-5966070.865134747,-2939830.5332636307,inf,5371.113973620343,4.481115217185465,,30087.81350383095,19898.915462935984,30285.746297096277,conditionally_feasible,F1 society savings;F2 operator self-financing,4247.281581337473,-310.58097389721206,8244945.1512474585,pipe_cost: removing it entirely closes only 38% of the gap; interface_cost: removing it entirely closes only 11% of the gap; source_side_electricity (A17 -> 0): removing it entirely closes only 13% of the gap; soft_costs (A21 -> 0): removing it entirely closes only 13% of the gap,False,,,post_rebuild,0.9990396174352317,0.45193748513570703,0.9955100587630363,0.5922759393682153,0.34821193846809095,0.4851417239372279,0.8486986826172351,0.38923863537979453,0.8379248485295832,0.0,0.0,0.514993499030575,0.5,0.8154957204446583,0.4752098672578447,0.6919540555088709,0.2537483747576438,True,0.5591020044922544
post_rebuild|19906892+4040951+4769672+8899918,4,4040951|4769672|19906892|8899918,Manhattan Chelsea Market; London Terrace Towers; 363 West 16th Street; 61 9th Ave,99.34817452553759,45.20100919624204,0.6518254744623833,333.3201789513902,-8344322.9986339975,6146784.965133028,1872.5977268643655,29.125269597483296,34132.44293378972,0.0,0.0,65.99013373969962,0,True,False,False,True,,1.7763568394002505e-14,0.0,7.275957614183426e-12,47877293.519363135,12192927.729094328,0.0709524572992296,1065108.0588856249,3313416.7439015135,88.71569199999999,90.86534146,78483553.35636458,1134.0514530171818,637446.8690209507,-6146784.965133028,-2834984.9025219204,inf,5179.168469530505,4.310095947254314,,29012.576493721266,19191.136196137384,29202.928621767016,conditionally_feasible,F1 society savings;F2 operator self-financing,4456.014700288262,-337.07235608265785,8344322.9986339975,pipe_cost: removing it entirely closes only 41% of the gap; interface_cost: removing it entirely closes only 10% of the gap; source_side_electricity (A17 -> 0): removing it entirely closes only 13% of the gap; soft_costs (A21 -> 0): removing it entirely closes only 13% of the gap,False,,,post_rebuild,0.9990569693737297,0.45294079222040756,0.9955273493979747,0.560457527812331,0.3403558165268205,0.4695465102549564,0.830463478781236,0.3753939091949962,0.8079802396029544,0.0,0.0,0.6599013373969959,0.0,0.8158417036640374,0.456786618198036,0.6712792091930622,0.16497533434924896,True,0.5272207163510961
post_rebuild|1634606+19906892+4040951+4769672,4,4040951|4769672|19906892|1634606,Manhattan Chelsea Market; London Terrace Towers; 363 West 16th Street; M070 (OECID: 0100079; BBL: 1007410010),99.35077215996728,45.352507897915714,0.6492278400327106,334.2194774430738,-7943101.852223524,5857601.605236057,1778.0609289847926,27.645658895910508,32389.97161009147,0.0,0.0,64.16051754260103,1,True,False,False,True,,4.085620730620576e-14,9.313225746154785e-10,0.0,45627154.2696752,11534846.365519388,0.0709524572992296,1010998.8504889834,3143451.5735986806,88.71569199999999,90.86534146,74788164.29619011,1080.7532505077277,605063.5392828129,-5857601.605236057,-2690563.786270281,inf,4914.77038480317,4.074523003591614,,27531.47586857775,18216.195504306008,27711.38590070402,conditionally_feasible,F1 society savings;F2 operator self-financing,4467.283276259123,-338.9657314284266,7943101.852223524,pipe_cost: removing it entirely closes only 41% of the gap; interface_cost: removing it entirely closes only 10% of the gap; source_side_electricity (A17 -> 0): removing it entirely closes only 13% of the gap; soft_costs (A21 -> 0): removing it entirely closes only 13% of the gap,False,,,post_rebuild,0.9990830914921608,0.45445889863388433,0.9955533792282241,0.5583506198958872,0.37207357188689427,0.49450237308466016,0.805345135990596,0.356323292750019,0.766732609002531,0.0,0.0,0.64160517542601,0.5,0.8163651231180897,0.4749755216224805,0.642800345914382,0.2854012938565025,True,0.5548855711278636
post_rebuild|19906892+4040951+4769672+R2831044,4,4040951|4769672|19906892|rebuild:2831044,Manhattan Chelsea Market; London Terrace Towers; 363 West 16th Street; Rebuilt Fulton,99.36875476908754,45.36374012866558,0.6312452309124439,275.6796294766604,-8562825.669988018,7103519.0653663855,1068.9890990198928,46.363495874069756,29837.843316116763,1334.7774000000002,0.0,77.60840223766874,0,True,False,False,True,True,2.4868995751603507e-14,1.862645149230957e-09,7.275957614183426e-12,45926646.25042026,19339867.660943646,0.0709524572992296,1695508.1884580809,4799140.316089038,88.71569199999999,90.86534146,90654632.72233836,1087.8472044672087,1014729.3292126404,-7103519.0653663855,-2474035.9338342743,inf,4527.51704884973,6.34942273814919,40.49615817141798,44066.25453401613,30549.69708933479,44346.18772914786,conditionally_feasible,F1 society savings;F2 operator self-financing,8010.208595989314,-174.10162936150164,8562825.669988018,pipe_cost: removing it entirely closes only 38% of the gap; interface_cost: removing it entirely closes only 16% of the gap; source_side_electricity (A17 -> 0): removing it entirely closes only 20% of the gap; soft_costs (A21 -> 0): removing it entirely closes only 15% of the gap,False,5321.8754418275175,,post_rebuild,0.9992639267320121,0.45457145221586653,0.9957335755859151,0.6954998203542917,0.3230825139166955,0.3869825446850489,0.6169453838545733,0.5975764070392346,0.7063188485675345,0.4554000000000001,0.0,0.776084022376687,0.0,0.8165229848445978,0.46852162631867866,0.6402802131537808,0.3078710055941718,True,0.5582989574778072
post_rebuild|19906892+4040951+4769672+R4473909,4,4040951|4769672|19906892|rebuild:4473909,Manhattan Chelsea Market; London Terrace Towers; 363 West 16th Street; Rebuilt Elliott-Chelsea,99.37017360149747,45.339678249896295,0.629826398502538,297.95225007583235,-10160681.032397954,8790906.697231302,957.2231932538443,50.45427051314816,29837.843316116763,1596.2225999999998,0.0,79.32711502487535,0,True,False,False,True,True,2.4868995751603507e-14,1.862645149230957e-09,1.4551915228366852e-11,63447679.38816117,21057444.96868048,0.0709524572992296,1845107.3885816683,5172203.5391523745,88.71569199999999,90.86534146,111639418.25413996,1502.8613296950957,1104261.5986676214,-8790906.697231302,-2474035.9338342743,inf,4527.51704884973,6.862593831589862,40.49615817141802,47729.85713438122,33245.17817264267,48032.37772914785,conditionally_feasible,F1 society savings;F2 operator self-financing,10614.74596939009,-214.11415755730434,10160681.032397954,pipe_cost: removing it entirely closes only 44% of the gap; interface_cost: removing it entirely closes only 15% of the gap; source_side_electricity (A17 -> 0): removing it entirely closes only 18% of the gap; soft_costs (A21 -> 0): removing it entirely closes only 16% of the gap,False,5507.318776987184,,post_rebuild,0.9992781946781952,0.4543303379879794,0.9957477931241338,0.6433187468905819,0.19676717401222502,0.24136484975141803,0.5872492824812837,0.6503021639033733,0.7063188485675345,0.5446,0.0,0.7932711502487532,0.0,0.8164521085967694,0.36048359021807497,0.6479567649840638,0.3344677875621883,True,0.5398400628402742
post_rebuild|1633052+4040951+4769672+8899918,4,4040951|4769672|1633052|8899918,Manhattan Chelsea Market; London Terrace Towers; M440 (OECID: 0100175; BBL: 1007420007); 61 9th Ave,99.3487175371193,45.23260207661262,0.6512824628806979,336.58788080632456,-8345277.103046626,6172145.517830842,1852.003715323297,28.802949394684635,33752.8608519433,0.0,0.0,49.13621513769887,1,True,False,False,True,,7.105427357601002e-15,0.0,0.0,48478583.40171006,12049570.480907343,0.0709524572992296,1053320.8428259264,3276391.323564608,88.71569199999999,90.86534146,78770008.2544041,1148.2939804166112,630392.4449096646,-6172145.517830842,-2803524.0301254485,inf,5121.571667751293,4.2587784494188865,,28689.931724151804,18978.75392479147,28878.009133265852,conditionally_feasible,F1 society savings;F2 operator self-financing,4506.080108802495,-343.4548965355964,8345277.103046626,pipe_cost: removing it entirely closes only 41% of the gap; interface_cost: removing it entirely closes only 10% of the gap; source_side_electricity (A17 -> 0): removing it entirely closes only 13% of the gap; soft_costs (A21 -> 0): removing it entirely closes only 13% of the gap,False,,,post_rebuild,0.9990624299622886,0.45325737152954315,0.9955327906945379,0.5528018417743723,0.34028039166295565,0.467357952536291,0.8249916683018722,0.37123954281098276,0.7989948053627451,0.0,0.0,0.49136215137698847,0.5,0.8159508640621231,0.4534800619912063,0.6650753388252001,0.24784053784424712,True,0.5455867006806941
post_rebuild|1633052+1634606+4040951+4769672,4,4040951|4769672|1633052|1634606,Manhattan Chelsea Market; London Terrace Towers; M440 (OECID: 0100175; BBL: 1007420007); M070 (OECID: 0100079; BBL: 1007410010),99.35137556440861,45.38783243464234,0.6486244355913815,335.9947350216488,-7898318.343181257,5837224.544478974,1757.466917443723,27.32333869311186,32010.389528245036,0.0,0.0,46.36746762029944,2,True,False,False,True,,1.2434497875801753e-14,9.313225746154785e-10,3.637978807091713e-12,45663450.63631159,11391489.117332403,0.0709524572992296,999211.6344292855,3106426.1532617738,88.71569199999999,90.86534146,74509625.6785191,1081.6129888993014,598009.1151715268,-5837224.544478974,-2659102.913873809,inf,4857.173583023956,4.023205505756186,,27208.83109900828,18003.8132329601,27386.466412202855,conditionally_feasible,F1 society savings;F2 operator self-financing,4494.149087409023,-342.45142606886895,7898318.343181257,pipe_cost: removing it entirely closes only 41% of the gap; interface_cost: removing it entirely closes only 10% of the gap; source_side_electricity (A17 -> 0): removing it entirely closes only 13% of the gap; soft_costs (A21 -> 0): removing it entirely closes only 13% of the gap,False,,,post_rebuild,0.9990891593984443,0.45481287134233234,0.995559425696888,0.5541914844357305,0.3756138448677084,0.4962608668420724,0.7998733255112318,0.3521689263660057,0.7577471747623216,0.0,0.0,0.46367467620299424,1.0,0.8164871521458883,0.47535539871517046,0.6365964755465198,0.36591866905074855,True,0.5735894238645818
post_rebuild|1633052+4040951+4769672+R2831044,4,4040951|4769672|1633052|rebuild:2831044,Manhattan Chelsea Market; London Terrace Towers; M440 (OECID: 0100175; BBL: 1007420007); Rebuilt Fulton,99.36926288747026,45.38478610466331,0.6307371125297458,279.7141627902702,-8665112.103943035,7230211.947606586,1048.3950874788234,46.0411756712711,29458.26123427033,1334.7774000000002,0.0,66.64018989769295,1,True,False,False,True,True,1.4210854715202004e-14,0.0,3.637978807091713e-12,47779687.25834233,19196510.412756663,0.0709524572992296,1683720.9723983826,4762114.895752132,88.71569199999999,90.86534146,92192838.74595305,1131.7394902056362,1007674.9051013542,-7230211.947606586,-2442575.0614378024,inf,4469.920247070517,6.298105240313764,40.496158171417974,43743.609764446664,30337.314817988874,44021.26824064669,conditionally_feasible,F1 society savings;F2 operator self-financing,8265.120857043374,-181.94970074982416,8665112.103943035,pipe_cost: removing it entirely closes only 39% of the gap; interface_cost: removing it entirely closes only 16% of the gap; source_side_electricity (A17 -> 0): removing it entirely closes only 19% of the gap; soft_costs (A21 -> 0): removing it entirely closes only 15% of the gap,False,5416.792303800308,,post_rebuild,0.9992690364304434,0.4547823453178342,0.9957386672320286,0.6860475747915452,0.3149964593359121,0.3760492385922892,0.6114735733752091,0.5934220406552212,0.697333414327325,0.4554000000000001,0.0,0.6664018989769293,0.5,0.8165966829934354,0.45903109090658223,0.6340763427859185,0.40545047474423235,True,0.5787886478575421
post_rebuild|1633052+4040951+4769672+R4473909,4,4040951|4769672|1633052|rebuild:4473909,Manhattan Chelsea Market; London Terrace Towers; M440 (OECID: 0100175; BBL: 1007420007); Rebuilt Elliott-Chelsea,99.37065212252467,45.35883088318414,0.6293478774753121,299.6890926730543,-10161635.136810584,8816267.24992912,936.629181712774,50.1319503103495,29458.26123427033,1596.2225999999998,0.0,69.21821718387892,1,True,False,False,True,True,4.263256414560601e-14,3.725290298461914e-09,0.0,64048969.27050811,20914087.72049349,0.0709524572992296,1833320.17252197,5135178.118815468,88.71569199999999,90.86534146,111925873.15217951,1517.1038570945254,1097207.1745563352,-8816267.24992912,-2442575.0614378024,inf,4469.920247070517,6.811276333754435,40.496158171417996,47407.21236481175,33032.795901296755,47707.45824064669,conditionally_feasible,F1 society savings;F2 operator self-financing,10849.154964645062,-217.29985448923713,10161635.136810584,pipe_cost: removing it entirely closes only 45% of the gap; interface_cost: removing it entirely closes only 15% of the gap; source_side_electricity (A17 -> 0): removing it entirely closes only 18% of the gap; soft_costs (A21 -> 0): removing it entirely closes only 16% of the gap,False,5523.206631662227,,post_rebuild,0.9992830067421259,0.454522258678441,0.9957525881872755,0.6392496113904733,0.19669174914836002,0.23917629203275226,0.5817774720019193,0.6461477975193598,0.697333414327325,0.5446,0.0,0.6921821718387889,0.5,0.8165192845359476,0.35837255085719516,0.6417528946162013,0.4341955429596972,True,0.5627100682422603
post_rebuild|1634606+4040951+4769672+8899918,4,4040951|4769672|8899918|1634606,Manhattan Chelsea Market; London Terrace Towers; 61 9th Ave; M070 (OECID: 0100079; BBL: 1007410010),99.35349407347962,45.51225359077513,0.6465059265203713,351.7408712942645,-7997696.190567793,6017938.644477255,1688.8358857827088,26.249183325220333,30745.404810468946,0.0,0.0,62.24346934211603,1,True,False,False,True,,1.7763568394002505e-14,9.313225746154785e-10,0.0,48855622.52065627,10913740.728217617,0.0709524572992296,959929.885121963,2983036.2643934926,88.71569199999999,90.86534146,76652587.22650428,1157.2247642862621,574499.7370415586,-6017938.644477255,-2554257.283132098,inf,4665.228078934119,3.8521862358250356,,26133.594088898604,17296.033966161496,26303.648736873594,conditionally_feasible,F1 society savings;F2 operator self-financing,4735.626627723615,-373.19509551354395,7997696.190567793,pipe_cost: removing it entirely closes only 43% of the gap; interface_cost: removing it entirely closes only 10% of the gap; source_side_electricity (A17 -> 0): removing it entirely closes only 12% of the gap; soft_costs (A21 -> 0): removing it entirely closes only 14% of the gap,False,,,post_rebuild,0.9991104633757161,0.45605964476686134,0.9955806544082378,0.5173008864051831,0.3677577229264382,0.4806656531598009,0.781638121675233,0.33832420018120735,0.7278025658356929,0.0,0.0,0.62243469342116,0.5,0.8169169208502717,0.45524142083047403,0.6159216292307111,0.28060867335529,True,0.5421721610666868
post_rebuild|4040951+4769672+8899918+R2831044,4,4040951|4769672|8899918|rebuild:2831044,Manhattan Chelsea Market; London Terrace Towers; 61 9th Ave; Rebuilt Fulton,99.37101174489378,45.45725055814509,0.6289882551062355,281.05528598616945,-8470725.316157995,7117161.412433288,979.7640558178091,44.9670203033796,28193.27651649424,1334.7774000000002,0.0,76.87481891800286,0,True,False,False,True,True,8.881784197001252e-15,1.862645149230957e-09,1.0913936421275139e-11,47343005.307086684,18718762.023641877,0.0709524572992296,1644439.2230910608,4638725.006883851,88.71569199999999,90.86534146,90706946.4583379,1121.3959689886826,984165.5269713867,-7117161.412433288,-2337729.430696092,inf,4277.974742980679,6.127085970382612,40.49615817141798,42668.37275433699,29629.535551190285,42938.45056531743,conditionally_feasible,F1 society savings;F2 operator self-financing,8645.678789560698,-183.39178705278243,8470725.316157995,pipe_cost: removing it entirely closes only 40% of the gap; interface_cost: removing it entirely closes only 16% of the gap; source_side_electricity (A17 -> 0): removing it entirely closes only 19% of the gap; soft_costs (A21 -> 0): removing it entirely closes only 15% of the gap,False,5332.0961326085435,,post_rebuild,0.9992866231471169,0.4555084819141513,0.9957561918156822,0.6829055445262919,0.3303633277957534,0.3858052413222339,0.5932383695392103,0.5795773144704232,0.6673888054006963,0.4554000000000001,0.0,0.7687481891800283,0.0,0.8168504322923168,0.46635803788142643,0.6134014964701099,0.3060370472950071,True,0.550661753484715
post_rebuild|4040951+4769672+8899918+R4473909,4,4040951|4769672|8899918|rebuild:4473909,Manhattan Chelsea Market; London Terrace Towers; 61 9th Ave; Rebuilt Elliott-Chelsea,99.37229497736213,45.42459827786542,0.6277050226378573,306.31718831521323,-10195639.784650233,8931608.150380503,867.9981500517597,49.057794942457974,28193.27651649424,1596.2225999999998,0.0,78.70339352327966,0,True,False,False,True,True,1.0658141036401503e-14,3.725290298461914e-09,0.0,66433590.62793979,20436339.33137871,0.0709524572992296,1794038.4232146477,5011788.229947188,88.71569199999999,90.86534146,113261284.17325169,1573.5874867340644,1073697.7964263668,-8931608.150380503,-2337729.4306960916,inf,4277.974742980679,6.6402570638232845,40.496158171417996,46331.97535470208,32325.016634498155,46624.64056531743,conditionally_feasible,F1 society savings;F2 operator self-financing,11746.153818464078,-229.62164248432396,10195639.784650233,pipe_cost: removing it entirely closes only 46% of the gap; interface_cost: removing it entirely closes only 14% of the gap; source_side_electricity (A17 -> 0): removing it entirely closes only 18% of the gap; soft_costs (A21 -> 0): removing it entirely closes only 16% of the gap,False,5595.465288099858,,post_rebuild,0.9992995274842822,0.45518128679261166,0.9957690505624484,0.6237210774181015,0.19400357802145732,0.22922263601552928,0.5635422681659205,0.6323030713345614,0.6673888054006963,0.5446,0.0,0.7870339352327962,0.0,0.8167499549464474,0.3489824304850293,0.6210780483003927,0.33290848380819904,True,0.5299297293850171
post_rebuild|1634606+4040951+4769672+R2831044,4,4040951|4769672|1634606|rebuild:2831044,Manhattan Chelsea Market; London Terrace Towers; M070 (OECID: 0100079; BBL: 1007410010); Rebuilt Fulton,99.37357036130028,45.563345225854015,0.6264296386997253,286.4436279906406,-8344085.8291322505,7102559.711921044,885.2272579382361,43.487409601806796,26450.80519279598,1334.7774000000002,0.0,76.04323385818955,1,True,False,False,True,True,2.4868995751603507e-14,2.7939677238464355e-09,3.637978807091713e-12,48484753.94499893,18060680.660066936,0.0709524572992296,1590330.014694419,4468759.836581017,88.71569199999999,90.86534146,90403445.28576362,1148.440139755794,951782.1972332483,-7102559.711921044,-2193308.3144444525,inf,4013.576658253343,5.891513026719912,40.49615817141798,41187.272129193465,28654.594859358902,41446.907844254434,conditionally_feasible,F1 society savings;F2 operator self-financing,9425.925099240936,-192.5192674942661,8344085.8291322505,pipe_cost: removing it entirely closes only 41% of the gap; interface_cost: removing it entirely closes only 15% of the gap; source_side_electricity (A17 -> 0): removing it entirely closes only 19% of the gap; soft_costs (A21 -> 0): removing it entirely closes only 15% of the gap,False,5321.156705171246,,post_rebuild,0.9993123528957014,0.456571613107391,0.9957818306623089,0.6702815486776239,0.3403745654993076,0.3870653346941133,0.5681200267485702,0.5605066980254458,0.6261411748002728,0.4554000000000001,0.0,0.7604323385818952,0.5,0.8172219322218005,0.46590714962368157,0.5849226331914296,0.4289580846454738,True,0.5742524499205964
post_rebuild|1634606+4040951+4769672+R4473909,4,4040951|4769672|1634606|rebuild:4473909,Manhattan Chelsea Market; London Terrace Towers; M070 (OECID: 0100079; BBL: 1007410010); Rebuilt Elliott-Chelsea,99.37468702974972,45.520393067233684,0.6253129702502811,306.4153013292621,-9814054.224331751,8662060.37657553,773.4613521721867,47.57818424088519,26450.80519279598,1596.2225999999998,0.0,78.00012034619448,1,True,False,False,True,True,1.0658141036401503e-14,1.862645149230957e-09,0.0,64426008.389454305,19778257.967803765,0.0709524572992296,1739929.2148180061,4841823.059644353,88.71569199999999,90.86534146,109808452.12427966,1526.034640964176,1041314.466688229,-8662060.37657553,-2193308.3144444525,inf,4013.576658253343,6.404684120160585,40.496158171417996,44850.874729558556,31350.07594266678,45133.09784425443,conditionally_feasible,F1 society savings;F2 operator self-financing,12688.48688660395,-227.9792765995217,9814054.224331751,pipe_cost: removing it entirely closes only 47% of the gap; interface_cost: removing it entirely closes only 14% of the gap; source_side_electricity (A17 -> 0): removing it entirely closes only 18% of the gap; soft_costs (A21 -> 0): removing it entirely closes only 16% of the gap,False,5426.59925788266,,post_rebuild,0.9993235822454325,0.4561412071253341,0.9957930203392903,0.6234912148219587,0.22416908041184255,0.25248399265626253,0.5384239253752804,0.6132324548895843,0.6261411748002728,0.5446,0.0,0.7800012034619445,0.5,0.8170859365700189,0.3667147626300213,0.5925991850217125,0.45615030086548614,True,0.5581375462718097
post_rebuild|19906892+4040951+7536925+8899918,4,4040951|7536925|19906892|8899918,Manhattan Chelsea Market; 111 Eighth Avenue; 363 West 16th Street; 61 9th Ave,80.3826688321971,46.84318995887633,0.6244894725451812,247.34661976043606,-4234042.670867329,2850438.6340751857,1420.0100620904582,22.767298034280028,22524.044740634483,0.0,0.0,100.00000000000003,0,True,False,False,True,,1.0658141036401503e-14,1.862645149230957e-09,0.0,13191834.435581893,9197106.325640462,0.0709524572992296,832597.704690703,2575947.3903438943,88.71569199999999,90.86534146,37208883.993521795,312.4700230513937,498293.85439483495,-2850438.6340751857,-1881897.8911869803,inf,3417.740199647533,3.225630252356676,,22616.848911070905,15001.760444877531,28136.474242084107,conditionally_feasible,F1 society savings;F2 operator self-financing,2981.6990624941154,-142.89777565180043,4234042.670867329,pipe_cost: removing it entirely closes only 22% of the gap; interface_cost: removing it entirely closes only 15% of the gap; source_side_electricity (A17 -> 0): removing it entirely closes only 20% of the gap; soft_costs (A21 -> 0): removing it entirely closes only 13% of the gap,False,,,post_rebuild,0.808337605569431,0.4693964127656791,0.9958012722723681,0.7618793851148603,0.665286012912959,0.7540136625364192,0.7102113403378765,0.29344638278076063,0.5331872407043349,0.0,0.0,0.9999999999999999,0.0,0.7578450968691595,0.7270596868547461,0.5122816546076573,0.24999999999999997,True,0.5617966095828907
post_rebuild|1634606+19906892+4040951+7536925,4,4040951|7536925|19906892|1634606,Manhattan Chelsea Market; 111 Eighth Avenue; 363 West 16th Street; M070 (OECID: 0100079; BBL: 1007410010),79.32371028708654,47.174399062545284,0.6191876168108921,255.99999457231368,-4118293.5538455844,2846727.303566941,1325.4732642108852,21.28768733270725,20781.573416936222,0.0,0.0,100.00000000000003,1,True,False,False,True,,1.0658141036401503e-14,4.656612873077393e-10,1.8189894035458565e-12,14468111.046669094,8539024.962065522,0.0709524572992296,778488.4962940618,2405982.220041061,88.71569199999999,90.86534146,37039910.79412247,342.7007073458165,465910.52465669706,-2846727.303566941,-1737476.7749353407,inf,3153.3421149201963,2.9900573086939763,,21135.748285927384,14026.819753046158,26644.93152102111,conditionally_feasible,F1 society savings;F2 operator self-financing,3107.0363054794566,-157.99498140020205,4118293.5538455844,pipe_cost: removing it entirely closes only 25% of the gap; interface_cost: removing it entirely closes only 15% of the gap; source_side_electricity (A17 -> 0): removing it entirely closes only 19% of the gap; soft_costs (A21 -> 0): removing it entirely closes only 13% of the gap,False,,,post_rebuild,0.7976885934479389,0.4727153234819226,0.995854399996267,0.7416059563660048,0.6744363336517475,0.7543339418744575,0.6850929975472364,0.27437576633578353,0.49193961010391124,0.0,0.0,0.9999999999999999,0.5,0.7554194389753762,0.7234587439640698,0.4838027913289771,0.375,True,0.5844202435671058
post_rebuild|19906892+4040951+7536925+R2831044,4,4040951|7536925|19906892|rebuild:2831044,Manhattan Chelsea Market; 111 Eighth Avenue; 363 West 16th Street; Rebuilt Fulton,87.03964658745167,46.31765470065125,0.6113319587908584,217.67095637436367,-4580432.309431784,3935059.701518976,616.401434245985,40.00552431086649,18229.445122961515,1334.7774000000002,0.0,100.00000000000004,0,True,False,False,True,True,1.7763568394002505e-14,1.862645149230957e-09,0.0,12820965.859924559,16344046.257489782,0.0709524572992296,1462997.834263159,4061670.962531419,88.71569199999999,90.86534146,50959742.052781135,303.6853985209257,875576.3145865249,-3935059.701518976,-1520948.922499334,inf,2766.0887789667568,5.2649570432515524,40.49615817141798,37670.526951365755,26360.321338074937,43279.73334946495,conditionally_feasible,F1 society savings;F2 operator self-financing,7430.92415908281,-28.35409861465118,4580432.309431784,pipe_cost: removing it entirely closes only 20% of the gap; interface_cost: removing it entirely closes only 25% of the gap; source_side_electricity (A17 -> 0): removing it entirely closes only 32% of the gap; soft_costs (A21 -> 0): removing it entirely closes only 16% of the gap,False,2948.1018344474332,,post_rebuild,0.8752809596181095,0.4641302392790036,0.9959331183264608,0.8314045657885049,0.6379028554858286,0.6604133440707315,0.4966932454112135,0.5156288806249991,0.4315258496689147,0.4554000000000001,0.0,1.0,0.0,0.7784481057411913,0.7099069217816883,0.4812826585683758,0.36385,True,0.5833719215228139
post_rebuild|1633052+1634606+4040951+7536925,4,4040951|7536925|1633052|1634606,Manhattan Chelsea Market; 111 Eighth Avenue; M440 (OECID: 0100175; BBL: 1007420007); M070 (OECID: 0100079; BBL: 1007410010),79.07710486850114,47.25343749071656,0.6179324776577051,275.6534660320044,-4459494.204163644,3212334.4021701883,1304.8792526698167,20.965367129908593,20401.99133508979,0.0,0.0,77.29484850052467,2,True,False,False,True,,7.105427357601002e-15,1.862645149230957e-09,1.8189894035458565e-12,19272442.532160398,8395667.713878538,0.0709524572992296,766701.2802343635,2368956.7997041545,88.71569199999999,90.86534146,41529407.29530638,456.4991011437891,458856.1005454109,-3212334.4021701883,-1706015.9025388688,inf,3095.7453131409834,2.9387398108585487,,20813.103516357914,13814.437481700244,26320.012032519946,conditionally_feasible,F1 society savings;F2 operator self-financing,3417.5531529368745,-195.90872397840496,4459494.204163644,pipe_cost: removing it entirely closes only 31% of the gap; interface_cost: removing it entirely closes only 13% of the gap; source_side_electricity (A17 -> 0): removing it entirely closes only 17% of the gap; soft_costs (A21 -> 0): removing it entirely closes only 13% of the gap,False,,,post_rebuild,0.7952087002511117,0.47350733518494287,0.9958669772314327,0.6955611169862519,0.6474633815720617,0.7227828851139326,0.6796211870678724,0.27022139995177014,0.4829541758637019,0.0,0.0,0.7729484850052464,1.0,0.7548610042224957,0.6886024612240821,0.47759892096111484,0.4432371212513116,True,0.591074876914751
post_rebuild|1634606+4040951+7536925+R2831044,4,4040951|7536925|1634606|rebuild:2831044,Manhattan Chelsea Market; 111 Eighth Avenue; M070 (OECID: 0100079; BBL: 1007410010); Rebuilt Fulton,86.15937059019917,46.63795235207173,0.6039804208433964,230.14291916413634,-4519277.530754307,4091685.4102519276,432.6395931643283,37.12943803860355,14842.406999640732,1334.7774000000002,0.0,100.0,1,True,False,False,True,True,1.7763568394002505e-14,0.0,7.275957614183426e-12,17325710.721992813,15064859.256613068,0.0709524572992296,1357819.6604994978,3731290.4830233986,88.71569199999999,90.86534146,52655191.78369596,410.3875965938828,812629.1826071329,-4091685.4102519276,-1240221.3031095124,inf,2252.14838837037,4.807047331822274,40.49615817141798,34791.544546543104,24465.21910809906,40380.453464571525,conditionally_feasible,F1 society savings;F2 operator self-financing,10445.825121321623,-46.88274080835339,4519277.530754307,pipe_cost: removing it entirely closes only 27% of the gap; interface_cost: removing it entirely closes only 24% of the gap; source_side_electricity (A17 -> 0): removing it entirely closes only 30% of the gap; soft_costs (A21 -> 0): removing it entirely closes only 17% of the gap,False,3065.444028533842,,post_rebuild,0.8664288002882825,0.46733981080318965,0.9960067850759687,0.8021848157518172,0.6427373272641611,0.6468969034839105,0.44786788830521046,0.47855917161121053,0.35134817590165307,0.4554000000000001,0.0,0.9999999999999996,0.5,0.7765917987224803,0.6972730154999628,0.4259250786060247,0.4888499999999999,True,0.5971599732071169
post_rebuild|1633052+19906892+4040951+8899918,4,4040951|19906892|1633052|8899918,Manhattan Chelsea Market; 363 West 16th Street; M440 (OECID: 0100175; BBL: 1007420007); 61 9th Ave,99.2999130516335,42.54554082240989,0.7000869483664974,279.6191063652459,-5583672.88209107,3757945.8114885204,1523.6614396934287,23.84707142943453,28083.62907608354,0.0,0.0,80.20346900186172,1,True,False,False,True,,3.197442310920451e-14,0.0,0.0,21486285.41521193,10606379.953098321,0.0709524572992296,872084.9046666553,2739349.9874117454,88.71569199999999,90.86534146,48653158.04929981,508.93756526166925,521926.190833459,-3757945.8114885204,-2347653.261436008,inf,4261.337124418146,3.7967587071349786,,23871.08471467101,15713.241525525322,24039.38128551899,conditionally_feasible,F1 society savings;F2 operator self-financing,3664.641459466575,-230.50712231751777,5583672.88209107,pipe_cost: removing it entirely closes only 27% of the gap; interface_cost: removing it entirely closes only 13% of the gap; source_side_electricity (A17 -> 0): removing it entirely closes only 16% of the gap; soft_costs (A21 -> 0): removing it entirely closes only 12% of the gap,False,,,post_rebuild,0.9985716462957124,0.42633143171392207,0.9950437409429301,0.6862702763041628,0.5585936283037869,0.6756978678635598,0.7377514188231882,0.30736351939283946,0.6647932406663836,0.0,0.0,0.8020346900186168,0.5,0.8066489396508548,0.6401872574905032,0.5699693929608037,0.3255086725046542,True,0.5855785656517041
post_rebuild|1633052+1634606+19906892+4040951,4,4040951|19906892|1633052|1634606,Manhattan Chelsea Market; 363 West 16th Street; M440 (OECID: 0100175; BBL: 1007420007); M070 (OECID: 0100079; BBL: 1007410010),99.2999130516335,42.5455408224099,0.7000869483665001,277.1725803991378,-5182451.7356806,3468762.4515915522,1429.1246418138558,22.367460727861747,26341.15775238528,0.0,0.0,78.89392566678049,2,True,False,False,True,,2.6645352591003757e-14,9.313225746154785e-10,3.637978807091713e-12,19236146.165524006,9948298.58952338,0.0709524572992296,817975.6962700142,2569384.8171089115,88.71569199999999,90.86534146,44957768.98912536,455.63936275221533,489542.86109532136,-3468762.4515915522,-2203232.1451843684,inf,3996.9390396908098,3.5611857634722783,,22389.98408952749,14738.30083369395,22547.838564455993,conditionally_feasible,F1 society savings;F2 operator self-financing,3626.3119283304727,-225.77422115214642,5182451.7356806,pipe_cost: removing it entirely closes only 26% of the gap; interface_cost: removing it entirely closes only 14% of the gap; source_side_electricity (A17 -> 0): removing it entirely closes only 16% of the gap; soft_costs (A21 -> 0): removing it entirely closes only 12% of the gap,False,,,post_rebuild,0.9985716462957124,0.4263314317139221,0.99504374094293,0.6920020827882685,0.5903113836638603,0.7006537306932633,0.7126330760325481,0.2882929029478623,0.62354561006596,0.0,0.0,0.7889392566678045,1.0,0.8066489396508549,0.6609890657151306,0.5414905296821234,0.4472348141669511,True,0.614090837303765
post_rebuild|1633052+19906892+4040951+R2831044,4,4040951|19906892|1633052|rebuild:2831044,Manhattan Chelsea Market; 363 West 16th Street; M440 (OECID: 0100175; BBL: 1007420007); Rebuilt Fulton,99.34185742627824,43.79182421050322,0.6581425737217242,238.4186625657872,-5930062.520655524,4842566.87893231,720.0528118489556,41.085297706020995,23789.029458410572,1334.7774000000002,0.0,87.85953631912938,1,True,False,False,True,True,1.2434497875801753e-14,0.0,3.637978807091713e-12,21115416.839554593,17753319.884947643,0.0709524572992296,1502485.0342391115,4225073.55959927,88.71569199999999,90.86534146,62404016.10855915,500.1529407312012,899208.651025149,-4842566.87893231,-1986704.2927483623,inf,3609.68570373737,5.836085498029855,40.49615817141798,38924.762754965865,27071.80241872273,39182.64039289983,conditionally_feasible,F1 society savings;F2 operator self-financing,8235.593866272498,-89.58602590350836,5930062.520655524,pipe_cost: removing it entirely closes only 25% of the gap; interface_cost: removing it entirely closes only 21% of the gap; source_side_electricity (A17 -> 0): removing it entirely closes only 25% of the gap; soft_costs (A21 -> 0): removing it entirely closes only 15% of the gap,False,3627.9958582849167,,post_rebuild,0.9989934438779526,0.4388199268863055,0.9954640483347034,0.7827961150605115,0.5312104708766565,0.5820975493978721,0.5242333238965252,0.529546017237078,0.5631318496309634,0.4554000000000001,0.0,0.8785953631912934,0.5,0.8110924730329873,0.6320347117783468,0.5389703969215222,0.4584988407978234,True,0.6101491056326699
post_rebuild|1634606+19906892+4040951+8899918,4,4040951|19906892|8899918|1634606,Manhattan Chelsea Market; 363 West 16th Street; 61 9th Ave; M070 (OECID: 0100079; BBL: 1007410010),99.29991305163352,42.54554082240989,0.7000869483664955,275.40250153931134,-4895845.423706807,3263492.392229504,1360.4936101528401,21.29330535997023,25076.17303460919,0.0,0.0,100.00000000000003,1,True,False,False,True,,1.0658141036401503e-14,1.862645149230957e-09,3.637978807091713e-12,17660282.931013767,9470550.200408597,0.0709524572992296,778693.9469626921,2445994.92824063,88.71569199999999,90.86534146,42332695.41825562,418.3124827327771,466033.4829653534,-3263492.392229504,-2098386.514442658,inf,3804.993535600973,3.390166493541128,,21314.747079417815,14030.521566895353,21465.020889126732,conditionally_feasible,F1 society savings;F2 operator self-financing,3598.580241149975,-222.34993364630043,4895845.423706807,pipe_cost: removing it entirely closes only 26% of the gap; interface_cost: removing it entirely closes only 14% of the gap; source_side_electricity (A17 -> 0): removing it entirely closes only 16% of the gap; soft_costs (A21 -> 0): removing it entirely closes only 12% of the gap,False,,,post_rebuild,0.9985716462957127,0.42633143171392207,0.9950437409429301,0.6961490853652619,0.6129684867830901,0.7183680675289288,0.6943978721965489,0.27444817676306404,0.5936010011393315,0.0,0.0,0.9999999999999999,0.5,0.8066489396508549,0.6758285465590935,0.5208156833663148,0.375,True,0.5945732923940659
post_rebuild|19906892+4040951+8899918+R2831044,4,4040951|19906892|8899918|rebuild:2831044,Manhattan Chelsea Market; 363 West 16th Street; 61 9th Ave; Rebuilt Fulton,99.34304950820953,43.82628963361156,0.6569504917904663,228.77863532218808,-5357984.179293007,4351824.790181538,651.4217801879395,40.01114233812948,22524.044740634483,1334.7774000000002,0.0,100.0,0,True,False,False,True,True,8.881784197001252e-15,1.862645149230957e-09,7.275957614183426e-12,16013137.744269228,17275571.495832857,0.0709524572992296,1463203.2849317896,4101683.670730988,88.71569199999999,90.86534146,56252526.676914275,379.29717390788625,875699.2728951811,-4351824.790181538,-1881858.6620066517,inf,3417.740199647533,5.665066228098705,40.49615817141795,37849.52574485619,26364.023151924135,38099.82271757057,conditionally_feasible,F1 society savings;F2 operator self-financing,8225.061461327241,-67.99615360173885,5357984.179293007,pipe_cost: removing it entirely closes only 21% of the gap; interface_cost: removing it entirely closes only 23% of the gap; source_side_electricity (A17 -> 0): removing it entirely closes only 27% of the gap; soft_costs (A21 -> 0): removing it entirely closes only 15% of the gap,False,3260.337484123973,,post_rebuild,0.9990054315945586,0.439165290769203,0.9954759936992856,0.8053811075875746,0.5764350086171712,0.6244474697252029,0.505998120060526,0.5157012910522797,0.5331872407043349,0.4554000000000001,0.0,0.9999999999999996,0.0,0.8112155720210158,0.6687545286433162,0.5182955506057135,0.3638499999999999,True,0.5905289128175113
post_rebuild|1634606+19906892+4040951+R2831044,4,4040951|19906892|1634606|rebuild:2831044,Manhattan Chelsea Market; 363 West 16th Street; M070 (OECID: 0100079; BBL: 1007410010); Rebuilt Fulton,99.34480703049208,43.87700950269915,0.6551929695079457,233.0514213440457,-5242235.062271261,4348113.459673291,556.8849823083665,38.53153163655669,20781.573416936222,1334.7774000000002,0.0,100.00000000000003,1,True,False,False,True,True,8.881784197001252e-15,9.313225746154785e-10,7.275957614183426e-12,17289414.355356425,16617490.13225791,0.0709524572992296,1409094.076535148,3931718.5004281537,88.71569199999999,90.86534146,56083553.477514945,409.527858202309,843315.9431570433,-4348113.459673291,-1737437.5457550124,inf,3153.3421149201963,5.429493284436004,40.49615817141798,36368.42511971267,25389.08246009276,36608.27999650757,conditionally_feasible,F1 society savings;F2 operator self-financing,9413.496913745923,-73.99682268643795,5242235.062271261,pipe_cost: removing it entirely closes only 23% of the gap; interface_cost: removing it entirely closes only 22% of the gap; source_side_electricity (A17 -> 0): removing it entirely closes only 27% of the gap; soft_costs (A21 -> 0): removing it entirely closes only 15% of the gap,False,3257.5569976486645,,post_rebuild,0.9990231054460771,0.43967353379506363,0.995493605109941,0.7953706752584057,0.5855853293559599,0.6247677490632413,0.4808797772698859,0.49663067460730254,0.49193961010391124,0.4554000000000001,0.0,0.9999999999999999,0.5,0.8113967481170272,0.6685745845592024,0.48981668732703326,0.48885,True,0.6146595050008157
post_rebuild|1633052+4040951+8899918+R2831044,4,4040951|1633052|8899918|rebuild:2831044,Manhattan Chelsea Market; M440 (OECID: 0100175; BBL: 1007420007); 61 9th Ave; Rebuilt Fulton,99.34342054490872,43.83700655686143,0.6565794550912671,247.56308778983413,-6003839.834786646,5022086.893960361,630.8277686468718,39.688822135330824,22144.462658788052,1334.7774000000002,0.0,87.40730227954792,1,True,False,False,True,True,8.881784197001252e-15,0.0,0.0,24580851.038535804,17132214.247645874,0.0709524572992296,1451416.0688720911,4064658.2503940826,88.71569199999999,90.86534146,64505404.986873455,582.2373778370844,868644.8487838947,-5022086.893960361,-1850397.7896101796,inf,3360.14339786832,5.613748730263278,40.49615817141798,37526.880975286724,26151.64088057822,37774.9032290694,conditionally_feasible,F1 society savings;F2 operator self-financing,9517.399412624,-105.91254792291846,6003839.834786646,pipe_cost: removing it entirely closes only 29% of the gap; interface_cost: removing it entirely closes only 20% of the gap; source_side_electricity (A17 -> 0): removing it entirely closes only 24% of the gap; soft_costs (A21 -> 0): removing it entirely closes only 15% of the gap,False,3762.4902054532545,,post_rebuild,0.9990091627834001,0.439272680665873,0.9954797117060175,0.7613722362549284,0.525378149171608,0.566605382518621,0.5005263095811623,0.5115469246682663,0.5242018064641255,0.4554000000000001,0.0,0.8740730227954788,0.5,0.8112538517184301,0.6177852559817192,0.5120916802378513,0.45736825569886974,True,0.5996247609092176
post_rebuild|1633052+1634606+4040951+R2831044,4,4040951|1633052|1634606|rebuild:2831044,Manhattan Chelsea Market; M440 (OECID: 0100175; BBL: 1007420007); M070 (OECID: 0100079; BBL: 1007410010); Rebuilt Fulton,99.34520905854137,43.888595890122176,0.6547909414586324,244.19407091144652,-5583435.712589323,4713720.55827654,536.290970767298,38.20921143375804,20401.99133508979,1334.7774000000002,0.0,86.88987548826108,2,True,False,False,True,True,2.1316282072803006e-14,9.313225746154785e-10,0.0,22093745.840847727,16474132.884070931,0.0709524572992296,1397306.8604754498,3894693.0800912483,88.71569199999999,90.86534146,60573049.97869886,523.3262520002816,836261.5190457567,-4713720.55827654,-1705976.6733585405,inf,3095.7453131409834,5.378175786600577,40.49615817141798,36045.780350143206,25176.700188746843,36283.36050800641,conditionally_feasible,F1 society savings;F2 operator self-financing,10411.205888103665,-96.25941164169706,5583435.712589323,pipe_cost: removing it entirely closes only 28% of the gap; interface_cost: removing it entirely closes only 21% of the gap; source_side_electricity (A17 -> 0): removing it entirely closes only 25% of the gap; soft_costs (A21 -> 0): removing it entirely closes only 16% of the gap,False,3531.465664819122,,post_rebuild,0.9990271482875933,0.4397896362359532,0.9954976336682937,0.7692652866685002,0.5586123772762739,0.5932166923027163,0.47540796679052194,0.4924763082232892,0.4829541758637019,0.4554000000000001,0.0,0.8688987548826105,1.0,0.8114381393972799,0.6403647854158302,0.48361281695917097,0.5810746887206526,True,0.6291226076232335
post_rebuild|1633052+1634606+4040951+R4473909,4,4040951|1633052|1634606|rebuild:4473909,Manhattan Chelsea Market; M440 (OECID: 0100175; BBL: 1007420007); M070 (OECID: 0100079; BBL: 1007410010); Rebuilt Elliott-Chelsea,99.34908560593897,44.000019860730845,0.6509143940610289,324.4509101284335,-9189821.064423751,8409638.179565948,424.52506500124946,42.29998607283644,20401.99133508979,1596.2225999999998,0.0,88.09942050466638,2,True,False,False,True,True,1.0658141036401503e-14,0.0,7.275957614183426e-12,64426008.38945431,18191710.191807758,0.0709524572992296,1546906.0605990372,4267756.303154585,88.71569199999999,90.86534146,106369064.92136611,1526.0346409641763,925793.7885007376,-8409638.179565948,-1705976.6733585403,inf,3095.7453131409834,5.89134688004125,40.49615817141802,39709.3829505083,27872.181272054724,39969.5505080064,conditionally_feasible,F1 society savings;F2 operator self-financing,21647.29911624112,-256.0357947791134,9189821.064423751,pipe_cost: removing it entirely closes only 50% of the gap; interface_cost: removing it entirely closes only 14% of the gap; source_side_electricity (A17 -> 0): removing it entirely closes only 17% of the gap; soft_costs (A21 -> 0): removing it entirely closes only 17% of the gap,False,5268.462042553431,,post_rebuild,0.9990661313057834,0.4409061701898905,0.9955364789613651,0.5812367605909516,0.273516615632112,0.2742674511719527,0.44571186541723234,0.5452020650874277,0.4829541758637019,0.5446,0.0,0.8809942050466635,1.0,0.8118362601523463,0.3763402757983388,0.491289368789454,0.6063985512616659,True,0.5714661140004512
post_rebuild|1634606+4040951+8899918+R2831044,4,4040951|8899918|1634606|rebuild:2831044,Manhattan Chelsea Market; 61 9th Ave; M070 (OECID: 0100079; BBL: 1007410010); Rebuilt Fulton,99.3466024267384,43.928707603821884,0.6533975732615921,242.10120960141188,-5296829.400615528,4508450.4989144895,467.65993910628276,37.13505606586652,19137.006617313702,1334.7774000000002,0.0,100.0,1,True,False,False,True,True,1.0658141036401503e-14,1.862645149230957e-09,3.637978807091713e-12,20517882.606337488,15996384.494956143,0.0709524572992296,1358025.1111681277,3771303.1912229666,88.71569199999999,90.86534146,57947976.407829106,485.99937198084336,812752.140915789,-4508450.4989144895,-1601131.04261683,inf,2903.7998090511464,5.207156516669427,40.49615817141798,34970.54334003353,24468.920921948247,35200.54283267715,conditionally_feasible,F1 society savings;F2 operator self-financing,11326.241479520322,-89.80100546499023,5296829.400615528,pipe_cost: removing it entirely closes only 27% of the gap; interface_cost: removing it entirely closes only 21% of the gap; source_side_electricity (A17 -> 0): removing it entirely closes only 26% of the gap; soft_costs (A21 -> 0): removing it entirely closes only 16% of the gap,False,3377.679678210381,,post_rebuild,0.9990411601626458,0.4401915792833216,0.9955115960400691,0.7741685152437822,0.5812694803955039,0.610931029138382,0.4571727629545229,0.4786315820384909,0.4530095669370733,0.4554000000000001,0.0,0.9999999999999996,0.5,0.8115814451620121,0.655456341592556,0.46293797064336234,0.4888499999999999,True,0.6047064393494825
post_rebuild|1633052+19906892+4769672+8899918,4,4769672|19906892|1633052|8899918,London Terrace Towers; 363 West 16th Street; M440 (OECID: 0100175; BBL: 1007420007); 61 9th Ave,99.36003617395542,45.90044110120519,0.6399638260445811,358.948855556972,-7295807.081391478,5531040.645725181,1507.4277039133508,23.40993455366064,27401.748563572757,0.0,0.0,37.34712772517367,1,True,False,False,True,,1.2434497875801753e-14,0.0,3.637978807091713e-12,45378047.82174824,9650937.815849949,0.0709524572992296,856098.8549010222,2656887.365580248,88.71569199999999,90.86534146,70401699.42256197,1074.852759722607,512358.84479180246,-5531040.645725181,-2277125.280458099,inf,4157.870341884189,3.400141525553575,,23291.486279036846,15425.204592811211,23441.503421213616,conditionally_feasible,F1 society savings;F2 operator self-financing,4839.905132731229,-387.6115300375867,7295807.081391478,pipe_cost: removing it entirely closes only 44% of the gap; interface_cost: removing it entirely closes only 9% of the gap; source_side_electricity (A17 -> 0): removing it entirely closes only 12% of the gap; soft_costs (A21 -> 0): removing it entirely closes only 14% of the gap,False,,,post_rebuild,0.9991762515102832,0.4599495127505805,0.9956462101165059,0.5004137691186079,0.4232441977893027,0.5226838373085816,0.7334381297205034,0.30172928757566075,0.6486518240983468,0.0,0.0,0.37347127725173657,0.5,0.8182573247924565,0.48211393473883074,0.561273080464837,0.21836781931293414,True,0.5200030398272646
post_rebuild|1633052+1634606+19906892+4769672,4,4769672|19906892|1633052|1634606,London Terrace Towers; 363 West 16th Street; M440 (OECID: 0100175; BBL: 1007420007); M070 (OECID: 0100079; BBL: 1007410010),99.36412165760127,46.1459467825028,0.6358783423987611,344.2079441535325,-6510363.308717552,4857634.659564757,1412.8909060337774,21.930323852087856,25659.277239874496,0.0,0.0,33.09249372805689,2,True,False,False,True,,2.6645352591003757e-14,9.313225746154785e-10,0.0,38381633.54740936,8992856.452275008,0.0709524572992296,801989.6465043809,2486922.195277414,88.71569199999999,90.86534146,61960035.337736584,909.1313249778616,479975.51505366445,-4857634.659564757,-2132704.16420646,inf,3893.472257156852,3.164568581890875,,21810.38565389333,14450.263900979835,21949.96070015062,conditionally_feasible,F1 society savings;F2 operator self-financing,4607.831560748903,-359.1603826126433,6510363.308717552,pipe_cost: removing it entirely closes only 42% of the gap; interface_cost: removing it entirely closes only 10% of the gap; source_side_electricity (A17 -> 0): removing it entirely closes only 12% of the gap; soft_costs (A21 -> 0): removing it entirely closes only 14% of the gap,False,,,post_rebuild,0.9992173356160471,0.4624096245878798,0.9956871490741098,0.5349492912157927,0.48533592364584055,0.580797234377169,0.7083197869298632,0.2826586711306836,0.6074041934979231,0.0,0.0,0.3309249372805687,1.0,0.8191047030926789,0.5336941497462674,0.5327942171861566,0.3327312343201422,True,0.5545810760863112
post_rebuild|1633052+19906892+4769672+R2831044,4,4769672|19906892|1633052|rebuild:2831044,London Terrace Towers; 363 West 16th Street; M440 (OECID: 0100175; BBL: 1007420007); Rebuilt Fulton,99.37903412238137,45.790212705595444,0.6209658776186397,284.6096775427576,-7589570.727279652,6563035.720492692,703.8190760688767,40.6481608302471,23107.14894589979,1334.7774000000002,0.0,61.94361033952668,1,True,False,False,True,True,8.881784197001252e-15,9.313225746154785e-10,0.0,44357094.06730807,16797877.74769927,0.0709524572992296,1486498.9844734778,4142610.9377677715,88.71569199999999,90.86534146,83502472.30303848,1050.669811949714,889641.3049834922,-6563035.720492692,-1916176.3117704531,inf,3506.2189212034123,5.439468316448451,40.49615817141795,38345.1643193317,26783.76548600861,38584.76252859445,conditionally_feasible,F1 society savings;F2 operator self-financing,10783.411512047345,-184.72047816394166,7589570.727279652,pipe_cost: removing it entirely closes only 41% of the gap; interface_cost: removing it entirely closes only 16% of the gap; source_side_electricity (A17 -> 0): removing it entirely closes only 20% of the gap; soft_costs (A21 -> 0): removing it entirely closes only 16% of the gap,False,4916.951486062538,,post_rebuild,0.999367297122036,0.45884495916382534,0.9958365807733479,0.6745781918419826,0.4000212855940616,0.4336250216976021,0.5199200347938402,0.5239117854198992,0.5469904330629265,0.4554000000000001,0.0,0.6194361033952666,0.5,0.8180162790197364,0.5027414997112154,0.5302740844255553,0.3937090258488167,True,0.5611852222513309
post_rebuild|1633052+19906892+4769672+R4473909,4,4769672|19906892|1633052|rebuild:4473909,London Terrace Towers; 363 West 16th Street; M440 (OECID: 0100175; BBL: 1007420007); Rebuilt Elliott-Chelsea,99.37974993887278,45.723285843424144,0.6202500611271947,298.1989659925727,-8727942.488891983,7790939.751560002,592.0531703028291,44.738935469325504,23107.14894589979,1596.2225999999998,0.0,65.26252442208323,1,True,False,False,True,True,1.0658141036401503e-14,1.862645149230957e-09,7.275957614183426e-12,56202158.665895335,18515455.055436093,0.0709524572992296,1636098.1845970654,4515674.160831109,88.71569199999999,90.86534146,98811289.29568644,1331.2394041652296,979173.574438473,-7790939.751560002,-1916176.3117704531,inf,3506.2189212034123,5.952639409889124,40.49615817141802,42008.76691969679,29479.246569316496,42270.952528594455,conditionally_feasible,F1 society savings;F2 operator self-financing,14741.822063764526,-207.08393376580676,8727942.488891983,pipe_cost: removing it entirely closes only 46% of the gap; interface_cost: removing it entirely closes only 15% of the gap; source_side_electricity (A17 -> 0): removing it entirely closes only 19% of the gap; soft_costs (A21 -> 0): removing it entirely closes only 16% of the gap,False,4880.8604461307605,,post_rebuild,0.9993744954571634,0.4581743125010244,0.9958437536771056,0.6427407322237054,0.3100295257711712,0.327659711043927,0.4902239334205509,0.5766375422840377,0.5469904330629265,0.5446,0.0,0.652625244220832,0.5,0.8177975205450978,0.4268099896796012,0.5379506362558384,0.424306311055208,True,0.5517161143839363
post_rebuild|1634606+19906892+4769672+8899918,4,4769672|19906892|8899918|1634606,London Terrace Towers; 363 West 16th Street; 61 9th Ave; M070 (OECID: 0100079; BBL: 1007410010),99.36745350870169,46.34795104772588,0.632546491298335,383.0095423640211,-6993963.782367546,5422571.385826494,1344.2598743727617,20.85616848419634,24394.292522098407,0.0,0.0,52.41346645884739,1,True,False,False,True,,1.4210854715202004e-14,0.0,3.637978807091713e-12,46320080.45640499,8515108.063160222,0.0709524572992296,762707.8971970588,2363532.3064091327,88.71569199999999,90.86534146,68849271.9103727,1097.1663326001137,456466.1369236965,-5422571.385826494,-2027858.533464749,inf,3701.526753067015,2.993549311959724,,20735.14864378365,13742.484634181239,20867.14302482136,conditionally_feasible,F1 society savings;F2 operator self-financing,5202.836085270315,-434.9235188684687,6993963.782367546,pipe_cost: removing it entirely closes only 47% of the gap; interface_cost: removing it entirely closes only 9% of the gap; source_side_electricity (A17 -> 0): removing it entirely closes only 11% of the gap; soft_costs (A21 -> 0): removing it entirely closes only 14% of the gap,False,,,post_rebuild,0.9992508411039805,0.4644338265592298,0.9957205361887744,0.4440435516906407,0.4471058312081058,0.5320444864560137,0.690084583093864,0.26881394494588534,0.5774595845712945,0.0,0.0,0.5241346645884737,0.5,0.8198017346173282,0.4743979564515867,0.512119370870348,0.2560336661471184,True,0.5155881820215953
post_rebuild|1634606+19906892+4769672+R2831044,4,4769672|19906892|1634606|rebuild:2831044,London Terrace Towers; 363 West 16th Street; M070 (OECID: 0100079; BBL: 1007410010); Rebuilt Fulton,99.3846904366404,46.02552004623266,0.6153095633596232,293.2399095872624,-7287727.428255719,6454566.460594003,540.6512465282885,38.094394760782805,20099.69290442544,1334.7774000000002,0.0,72.42955587428747,1,True,False,False,True,True,8.881784197001252e-15,9.313225746154785e-10,3.637978807091713e-12,45299126.70196481,15662047.995009538,0.0709524572992296,1393108.0267695147,3849255.878596656,88.71569199999999,90.86534146,81950044.7908492,1072.9833848272206,833748.5971153863,-6454566.460594003,-1666909.5647771033,inf,3049.8753323862384,5.0328761028546,40.49615817141795,35788.82668407851,25101.045527378643,36010.4021322022,conditionally_feasible,F1 society savings;F2 operator self-financing,13479.535051574883,-198.3086362922195,7287727.428255719,pipe_cost: removing it entirely closes only 44% of the gap; interface_cost: removing it entirely closes only 15% of the gap; source_side_electricity (A17 -> 0): removing it entirely closes only 19% of the gap; soft_costs (A21 -> 0): removing it entirely closes only 16% of the gap,False,4835.687554040099,,post_rebuild,0.9994241776858555,0.4612028776080967,0.995893260380885,0.6543589827768441,0.42388291901286473,0.44298567084503426,0.4765664881672011,0.49099644279012383,0.4757981935358743,0.4554000000000001,0.0,0.7242955587428744,0.5,0.8188401052249458,0.5070758575449145,0.4811203748310664,0.41992388968571864,True,0.5567400568216613
post_rebuild|1634606+19906892+4769672+R4473909,4,4769672|19906892|1634606|rebuild:4473909,London Terrace Towers; 363 West 16th Street; M070 (OECID: 0100079; BBL: 1007410010); Rebuilt Elliott-Chelsea,99.38492743421034,45.93096450613727,0.6150725657896782,306.9083077141538,-8426099.189868048,7682470.491661312,428.88534076224005,42.1851693998612,20099.69290442544,1596.2225999999998,0.0,74.98978226906637,1,True,False,False,True,True,1.0658141036401503e-14,0.0,3.637978807091713e-12,57144191.30055208,17379625.302746367,0.0709524572992296,1542707.2268931018,4222319.101659993,88.71569199999999,90.86534146,97258861.78349714,1353.5529770427363,923280.866570367,-7682470.491661312,-1666909.5647771033,inf,3049.8753323862384,5.546047196295272,40.496158171418,39452.429284443606,27796.52661068652,39696.5921322022,conditionally_feasible,F1 society savings;F2 operator self-financing,19646.50779365108,-221.02526055297147,8426099.189868048,pipe_cost: removing it entirely closes only 48% of the gap; interface_cost: removing it entirely closes only 15% of the gap; source_side_electricity (A17 -> 0): removing it entirely closes only 18% of the gap; soft_costs (A21 -> 0): removing it entirely closes only 16% of the gap,False,4812.9067284608755,,post_rebuild,0.9994265609613923,0.46025537528456023,0.9958956352364247,0.6223361822440199,0.3338911591899746,0.33702036019135917,0.4468703867939115,0.5437221996542624,0.4757981935358743,0.5446,0.0,0.7498978226906634,0.5,0.8185258571607924,0.43108256720845123,0.48879692666134944,0.44862445567266585,True,0.5467574516758147
post_rebuild|1633052+1634606+4769672+8899918,4,4769672|1633052|8899918|1634606,London Terrace Towers; M440 (OECID: 0100175; BBL: 1007420007); 61 9th Ave; M070 (OECID: 0100079; BBL: 1007410010),99.36852180643123,46.41306324210753,0.6314781935687821,386.14705764686113,-6949180.2733252775,5402194.325069411,1323.6658628316927,20.53384828139769,24014.710440251976,0.0,0.0,28.5105578461259,2,True,False,False,True,,1.2434497875801753e-14,0.0,3.637978807091713e-12,46356376.82304138,8371750.814973237,0.0709524572992296,750920.6811373607,2326506.886072227,88.71569199999999,90.86534146,68570733.29270169,1098.0260709916874,449411.7128124103,-5402194.325069411,-1996397.6610682772,inf,3643.929951287802,2.942231814124297,,20412.503874214184,13530.102362835329,20542.223536320198,conditionally_feasible,F1 society savings;F2 operator self-financing,5249.950511271048,-441.1048590115016,6949180.2733252775,pipe_cost: removing it entirely closes only 47% of the gap; interface_cost: removing it entirely closes only 9% of the gap; source_side_electricity (A17 -> 0): removing it entirely closes only 11% of the gap; soft_costs (A21 -> 0): removing it entirely closes only 14% of the gap,False,,,post_rebuild,0.9992615840320431,0.4650862891796637,0.9957312411625915,0.43669287130085876,0.4506461041889201,0.5338029802134258,0.6846127726144999,0.26465957856187206,0.5684741503310852,0.0,0.0,0.2851055784612589,1.0,0.8200263714580994,0.4737139852344015,0.5059155005024857,0.3212763946153147,True,0.5302330629525753
post_rebuild|1633052+4769672+8899918+R2831044,4,4769672|1633052|8899918|rebuild:2831044,London Terrace Towers; M440 (OECID: 0100175; BBL: 1007420007); 61 9th Ave; Rebuilt Fulton,99.38203010365316,45.91479157609495,0.6179698963468497,302.5454325681223,-7918294.114703506,6997501.808813474,614.5940328667921,39.251685259556936,21462.58214627727,1334.7774000000002,0.0,60.50376605193522,1,True,False,False,True,True,1.2434497875801753e-14,9.313225746154785e-10,3.637978807091713e-12,50971859.14268699,16176772.110397495,0.0709524572992296,1435430.019106458,3982195.628562584,88.71569199999999,90.86534146,88753192.0577505,1207.3512655925965,859077.5027422379,-6997501.808813474,-1779869.8086322707,inf,3256.6766153343624,5.2171315486818735,40.49615817141795,36947.282539652566,25863.603947864107,37177.025364764035,conditionally_feasible,F1 society savings;F2 operator self-financing,12883.779684238698,-219.43017004383012,7918294.114703506,pipe_cost: removing it entirely closes only 46% of the gap; interface_cost: removing it entirely closes only 14% of the gap; source_side_electricity (A17 -> 0): removing it entirely closes only 18% of the gap; soft_costs (A21 -> 0): removing it entirely closes only 16% of the gap,False,5242.448522737554,,post_rebuild,0.9993974250633292,0.46009331297940037,0.995866602274081,0.6325576785198792,0.3740346992021825,0.39613159154949706,0.496213020478477,0.5059126928510876,0.5080603898960886,0.4554000000000001,0.0,0.6050376605193519,0.5,0.8184524467722701,0.467574656423853,0.5033953677418844,0.390109415129838,True,0.5448829715169613
post_rebuild|1633052+4769672+8899918+R4473909,4,4769672|1633052|8899918|rebuild:4473909,London Terrace Towers; M440 (OECID: 0100175; BBL: 1007420007); 61 9th Ave; Rebuilt Elliott-Chelsea,99.3825003184552,45.833584088995416,0.6174996815447841,319.57321228219615,-9243019.31013124,8411759.273696186,502.8281271007445,43.342459898635326,21462.58214627727,1596.2225999999998,0.0,64.06681337035415,1,True,False,False,True,True,1.2434497875801753e-14,3.725290298461914e-09,0.0,65118934.576184094,17894349.418134324,0.0709524572992296,1585029.2192300449,4355258.851625921,88.71569199999999,90.86534146,106364019.8853083,1542.4477230565622,948609.7721972188,-8411759.273696186,-1779869.8086322702,inf,3256.6766153343624,5.730302642122545,40.49615817141801,40610.88514001765,28559.08503117198,40863.21536476403,conditionally_feasible,F1 society savings;F2 operator self-financing,18382.064987942387,-249.14312989297844,9243019.31013124,pipe_cost: removing it entirely closes only 50% of the gap; interface_cost: removing it entirely closes only 14% of the gap; source_side_electricity (A17 -> 0): removing it entirely closes only 17% of the gap; soft_costs (A21 -> 0): removing it entirely closes only 16% of the gap,False,5269.7908635651365,,post_rebuild,0.9994021535988793,0.4592795660256233,0.9958713141039438,0.592664401470254,0.26931113205271706,0.2740844055977468,0.46651691910518767,0.558638449715226,0.5080603898960886,0.5446,0.0,0.6406681337035413,0.5,0.8181843445761489,0.3786866463735727,0.5110719195721675,0.42131703342588533,True,0.5323149859869436
post_rebuild|1633052+1634606+4769672+R2831044,4,4769672|1633052|1634606|rebuild:2831044,London Terrace Towers; M440 (OECID: 0100175; BBL: 1007420007); M070 (OECID: 0100079; BBL: 1007410010); Rebuilt Fulton,99.3854623422595,46.057667103830106,0.6145376577405213,294.2290445460055,-7242943.9192134505,6434189.39983692,520.0572349872191,37.772074557984155,19720.11082257901,1334.7774000000002,0.0,58.85436671900726,2,True,False,False,True,True,1.0658141036401503e-14,9.313225746154785e-10,7.275957614183426e-12,45335423.0686012,15518690.746822556,0.0709524572992296,1381320.8107098169,3812230.4582597506,88.71569199999999,90.86534146,81671506.1731782,1073.8431232187943,826694.1730041001,-6434189.39983692,-1635448.6923806313,inf,2992.2785306070255,4.981558605019174,40.49615817141795,35466.18191450904,24888.663256032734,35685.482643701034,conditionally_feasible,F1 society savings;F2 operator self-financing,13927.205376522554,-199.78288213965777,7242943.9192134505,pipe_cost: removing it entirely closes only 44% of the gap; interface_cost: removing it entirely closes only 15% of the gap; source_side_electricity (A17 -> 0): removing it entirely closes only 19% of the gap; soft_costs (A21 -> 0): removing it entirely closes only 16% of the gap,False,4820.421292596742,,post_rebuild,0.9994319400598713,0.46152501010015073,0.9959009953308088,0.6520416028476221,0.427423191993679,0.4447441646024465,0.4710946776878369,0.48684207640611055,0.46681275929566496,0.4554000000000001,0.0,0.5885436671900723,1.0,0.8189526484969436,0.508069653147916,0.47491650446320416,0.5109859167975181,True,0.5782311807263956
post_rebuild|1633052+1634606+4769672+R4473909,4,4769672|1633052|1634606|rebuild:4473909,London Terrace Towers; M440 (OECID: 0100175; BBL: 1007420007); M070 (OECID: 0100079; BBL: 1007410010); Rebuilt Elliott-Chelsea,99.38562902568071,45.959121704766936,0.614370974319275,305.8935497837117,-8302117.544123999,7582895.29420245,408.2913292211706,41.86284919706255,19720.11082257901,1596.2225999999998,0.0,62.70670710244622,2,True,False,False,True,True,1.0658141036401503e-14,9.313225746154785e-10,7.275957614183426e-12,56202158.665895335,17236268.054559384,0.0709524572992296,1530920.010833404,4185293.6813230873,88.71569199999999,90.86534146,96001994.164533,1331.2394041652296,916226.4424590808,-7582895.29420245,-1635448.6923806313,inf,2992.2785306070255,5.494729698459846,40.49615817141802,39129.78451487413,27584.14433934061,39371.67264370104,conditionally_feasible,F1 society savings;F2 operator self-financing,20333.80811676938,-218.3681641315269,8302117.544123999,pipe_cost: removing it entirely closes only 48% of the gap; interface_cost: removing it entirely closes only 15% of the gap; source_side_electricity (A17 -> 0): removing it entirely closes only 18% of the gap; soft_costs (A21 -> 0): removing it entirely closes only 17% of the gap,False,4750.524954478436,,post_rebuild,0.9994336162480292,0.46053752703472706,0.9959026655970752,0.6247135925662812,0.3436922864337165,0.345613472083791,0.4413985763145473,0.539567833270249,0.46681275929566496,0.5446,0.0,0.6270670710244619,1.0,0.8186246029599439,0.4380064503612629,0.4825930562934871,0.5429167677561155,True,0.5705352193427023
post_rebuild|1633052+4769672+R2831044+R4473909,4,4769672|1633052|rebuild:2831044|rebuild:4473909,London Terrace Towers; M440 (OECID: 0100175; BBL: 1007420007); Rebuilt Fulton; Rebuilt Elliott-Chelsea,98.76823570842602,45.52383045836153,1.2317642915739897,278.9668187234451,-9454198.197095802,9387767.485609038,-322.0728242689338,60.24337674960191,16765.97608957171,2931.0,0.0,74.23724895378118,1,True,False,False,True,True,2.842170943040401e-14,3.725290298461914e-09,7.275957614183426e-12,63392914.13508731,25041289.34998364,0.0709524572992296,2203093.978434054,5799969.737079768,88.71569199999999,90.86534146,118759726.07912816,1501.5641257335112,1318509.7483733362,-9387767.485609038,-1384940.4598601037,inf,2544.0257790059977,7.769629433017422,40.4677665738172,55316.60671862749,39695.38699881179,56006.474472144866,conditionally_feasible,F1 society savings;F2 operator self-financing,,-139.86947430729367,9454198.197095802,pipe_cost: removing it entirely closes only 48% of the gap; interface_cost: removing it entirely closes only 19% of the gap; source_side_electricity (A17 -> 0): removing it entirely closes only 23% of the gap; soft_costs (A21 -> 0): removing it entirely closes only 18% of the gap,True,3202.9230588908354,,post_rebuild,0.9932250361770434,0.45617565181336883,0.9897160201393409,0.6877984785740628,0.25261679693633704,0.18985712825426693,0.24734147282845456,0.7764733859525942,0.3968827371749298,1.0,0.0,0.7423724895378114,0.5,0.8130389027099177,0.37675746792155557,0.47356586531865946,0.5605931223844529,True,0.5559888395836464
post_rebuild|1634606+4769672+8899918+R2831044,4,4769672|8899918|1634606|rebuild:2831044,London Terrace Towers; 61 9th Ave; M070 (OECID: 0100079; BBL: 1007410010); Rebuilt Fulton,99.3881394275096,46.169223456710895,0.6118605724904036,312.3018597212016,-7597267.839892721,6869849.573127933,451.4262033262039,36.69791919009263,18455.12610480292,1334.7774000000002,0.0,71.30890560986089,1,True,False,False,True,True,1.2434497875801753e-14,9.313225746154785e-10,0.0,51676925.8293436,15040942.35770777,0.0709524572992296,1342039.0614024943,3688840.569391469,88.71569199999999,90.86534146,86963798.59756109,1224.0519151427545,803184.7948741319,-6869849.573127933,-1530603.0616389208,inf,2800.3330265171885,4.810539335088023,40.49615817141795,34390.94490439936,24180.88398923413,34602.66496837178,conditionally_feasible,F1 society savings;F2 operator self-financing,16829.479068592922,-235.2150595097184,7597267.839892721,pipe_cost: removing it entirely closes only 48% of the gap; interface_cost: removing it entirely closes only 14% of the gap; source_side_electricity (A17 -> 0): removing it entirely closes only 18% of the gap; soft_costs (A21 -> 0): removing it entirely closes only 16% of the gap,False,5146.8129241084935,,post_rebuild,0.9994588611451303,0.4626428706025938,0.9959278213051751,0.6096999802193438,0.3994128053655781,0.40714768765132103,0.4528594738518379,0.4729973502213121,0.43686815036903637,0.4554000000000001,0.0,0.7130890560986085,0.5,0.8193431843509664,0.472086824412081,0.4542416581473954,0.41712226402465213,True,0.5406984827337737
post_rebuild|1634606+4769672+8899918+R4473909,4,4769672|8899918|1634606|rebuild:4473909,London Terrace Towers; 61 9th Ave; M070 (OECID: 0100079; BBL: 1007410010); Rebuilt Elliott-Chelsea,99.38805309325427,46.05643535777541,0.6119469067457469,328.0343461829008,-8864916.154475773,8227030.157165966,339.6602975601563,40.78869382917103,18455.12610480292,1596.2225999999998,0.0,74.07106611122735,1,True,False,False,True,True,1.0658141036401503e-14,1.862645149230957e-09,3.637978807091713e-12,65118934.576184094,16758519.665444598,0.0709524572992296,1491638.2615260817,4061903.792454805,88.71569199999999,90.86534146,103869559.73846225,1542.4477230565622,892717.0643291129,-8227030.157165966,-1530603.0616389208,inf,2800.3330265171885,5.3237104285286945,40.49615817141802,38054.54750476446,26876.365072542012,38288.85496837177,conditionally_feasible,F1 society savings;F2 operator self-financing,26099.359325049554,-262.5046773262586,8864916.154475773,pipe_cost: removing it entirely closes only 52% of the gap; interface_cost: removing it entirely closes only 13% of the gap; source_side_electricity (A17 -> 0): removing it entirely closes only 17% of the gap; soft_costs (A21 -> 0): removing it entirely closes only 17% of the gap,False,5154.061944221293,,post_rebuild,0.9994579929576684,0.46151266727763973,0.9959269561849774,0.5728413614425634,0.2992013397330542,0.2900261060276159,0.42316337247854857,0.5257231070854507,0.43686815036903637,0.5446,0.0,0.7407106611122732,0.5,0.8189658721400952,0.3873562690677445,0.4619182099776786,0.44632766527806833,True,0.5286420041158967
post_rebuild|1634606+4769672+R2831044+R4473909,4,4769672|1634606|rebuild:2831044|rebuild:4473909,London Terrace Towers; M070 (OECID: 0100079; BBL: 1007410010); Rebuilt Fulton; Rebuilt Elliott-Chelsea,99.1408052009346,45.82846603642769,0.8591947990653794,283.53382258050374,-9148925.216897082,9259524.662156949,-472.3062574698206,57.895690992773616,14005.237033698852,2931.0,0.0,81.40951709077682,1,True,False,False,True,True,4.263256414560601e-14,0.0,7.275957614183426e-12,64097980.82174391,23905459.597293913,0.0709524572992296,2117239.3561803643,5531710.505122985,88.71569199999999,90.86534146,116970332.61893874,1518.264775283669,1267127.3936065813,-9259524.662156949,-1156527.9483467143,inf,2125.1183864553354,7.363037219423571,40.48161885318018,52973.02813058306,38148.45686811467,53432.114075752615,conditionally_feasible,F1 society savings;F2 operator self-financing,,-145.1669723623753,9148925.216897082,pipe_cost: removing it entirely closes only 50% of the gap; interface_cost: removing it entirely closes only 19% of the gap; source_side_electricity (A17 -> 0): removing it entirely closes only 23% of the gap; soft_costs (A21 -> 0): removing it entirely closes only 18% of the gap,True,3159.1691102548443,,post_rebuild,0.9969716389691364,0.459228280117944,0.9934493863648906,0.6770987424243309,0.2767495571126359,0.20092419073014545,0.2074245837609649,0.7462142005099524,0.33153076081119986,1.0,0.0,0.8140951709077678,0.5,0.8165497684839904,0.38492416342237074,0.42838984836070576,0.578523792726942,True,0.5520968932485022
post_rebuild|1633052+1634606+19906892+7536925,4,7536925|19906892|1633052|1634606,111 Eighth Avenue; 363 West 16th Street; M440 (OECID: 0100175; BBL: 1007420007); M070 (OECID: 0100079; BBL: 1007410010),73.8125956182713,49.13645378800085,0.5891285948183059,266.1420133984453,-3071539.169699941,2232744.5172559693,960.30324125987,15.572352288884597,14050.879046719256,0.0,0.0,69.34316244128894,2,True,False,False,True,,7.993605777301127e-15,9.313225746154785e-10,0.0,11990625.443258163,5997035.04882114,0.0709524572992296,569479.2923094591,1749452.841719795,88.71569199999999,90.86534146,28979816.954523843,284.01743722234926,340822.5004275488,-2232744.5172559693,-1179617.1528715193,inf,2132.04398727388,2.080102886993237,,15414.658071242959,10260.888149719984,20883.50632046771,conditionally_feasible,F1 society savings;F2 operator self-financing,3198.5096350088693,-167.7685490070512,3071539.169699941,pipe_cost: removing it entirely closes only 28% of the gap; interface_cost: removing it entirely closes only 14% of the gap; source_side_electricity (A17 -> 0): removing it entirely closes only 19% of the gap; soft_costs (A21 -> 0): removing it entirely closes only 13% of the gap,False,,,post_rebuild,0.7422681738459425,0.4923762699415322,0.9961556091390891,0.7178448804261409,0.7571854603501937,0.8073192526490294,0.5880676484865035,0.2007111447164481,0.33261119459930355,0.0,0.0,0.6934316244128891,1.0,0.743600017642188,0.7607831978084546,0.3737966626007518,0.42335790610322227,True,0.5753844460386541
post_rebuild|1633052+19906892+7536925+R2831044,4,7536925|19906892|1633052|rebuild:2831044,111 Eighth Avenue; 363 West 16th Street; M440 (OECID: 0100175; BBL: 1007420007); Rebuilt Fulton,85.15692288115139,47.012382731818604,0.5954221161337835,235.0146277050097,-4150746.5882620416,3938145.578183905,251.2314112949698,34.29018926704384,11498.750752744549,1334.7774000000002,0.0,85.2089827934082,1,True,False,False,True,True,8.881784197001252e-15,4.656612873077393e-10,3.637978807091713e-12,17966085.963156868,13802056.3442454,0.0709524572992296,1253988.6302785564,3405141.5842101523,88.71569199999999,90.86534146,50522253.91982575,425.55592419420157,750488.2903573762,-3938145.578183905,-963089.3004355129,inf,1744.79065132044,4.355002621550814,40.49615817141795,31949.43673668134,22594.389734748762,37518.30814891154,conditionally_feasible,F1 society savings;F2 operator self-financing,16521.60678024718,-48.610111152812465,4150746.5882620416,pipe_cost: removing it entirely closes only 31% of the gap; interface_cost: removing it entirely closes only 24% of the gap; source_side_electricity (A17 -> 0): removing it entirely closes only 30% of the gap; soft_costs (A21 -> 0): removing it entirely closes only 17% of the gap,True,2950.4137380389457,,post_rebuild,0.8563480678043708,0.47109182421726264,0.9960925443407321,0.7907712068263123,0.6718708222984147,0.6601470399694623,0.3996678963504807,0.4419642590056637,0.272197434164307,0.4554000000000001,0.0,0.8520898279340816,0.5,0.7745108121207885,0.7075963563647297,0.3712765298401505,0.4518724569835204,True,0.5763140388272974
post_rebuild|1634606+19906892+7536925+R2831044,4,7536925|19906892|1634606|rebuild:2831044,111 Eighth Avenue; 363 West 16th Street; M070 (OECID: 0100079; BBL: 1007410010); Rebuilt Fulton,84.11499270087205,47.412941801609016,0.5863089151739214,228.07762619336054,-3462919.129877777,3443692.1589248856,88.06358175438254,31.736423197579544,8491.294711270197,1334.7774000000002,0.0,100.0,1,True,False,False,True,True,8.881784197001252e-15,9.313225746154785e-10,0.0,14140083.478958696,12666226.59155567,0.0709524572992296,1160597.672574593,3111786.525039037,88.71569199999999,90.86534146,44201791.28878154,334.93084166530934,694595.5824892707,-3443692.1589248856,-713822.5534421632,inf,1288.4470625032661,3.9484104079569637,40.49615817141798,29393.099101428146,20911.669776118793,34943.94775251929,conditionally_feasible,F1 society savings;F2 operator self-financing,39322.942138967024,-25.050381074332307,3462919.129877777,pipe_cost: removing it entirely closes only 29% of the gap; interface_cost: removing it entirely closes only 26% of the gap; source_side_electricity (A17 -> 0): removing it entirely closes only 34% of the gap; soft_costs (A21 -> 0): removing it entirely closes only 18% of the gap,True,2579.974877402693,,post_rebuild,0.8458702949295273,0.4751056625281343,0.9961838639934528,0.8070234562589942,0.7262456807777181,0.7028172396348316,0.3563143497238418,0.4090489163758883,0.20100519463725475,0.4554000000000001,0.0,0.9999999999999996,0.5,0.7723866071503714,0.7453621255571813,0.3221228202456616,0.4888499999999999,True,0.5821803882383035
post_rebuild|1633052+1634606+7536925+R2831044,4,7536925|1633052|1634606|rebuild:2831044,111 Eighth Avenue; M440 (OECID: 0100175; BBL: 1007420007); M070 (OECID: 0100079; BBL: 1007410010); Rebuilt Fulton,83.9724734910412,47.468662035611935,0.585044661904256,241.83870213899718,-3804119.7801958392,3809299.2575281328,67.46957021331309,31.41410299478089,8111.712629423766,1334.7774000000002,0.0,83.74415951266091,2,True,False,False,True,True,8.881784197001252e-15,4.656612873077393e-10,0.0,18944414.96445,12522869.343368687,0.0709524572992296,1148810.456514895,3074761.1047021314,88.71569199999999,90.86534146,48691287.78996545,448.72923546328195,687541.1583779843,-3809299.2575281328,-682361.681045691,inf,1230.8502607240534,3.897092910121536,40.49615817141798,29070.45433185868,20699.28750477288,34619.028264018125,conditionally_feasible,F1 society savings;F2 operator self-financing,56382.74807692803,-52.66022967182323,3804119.7801958392,pipe_cost: removing it entirely closes only 35% of the gap; interface_cost: removing it entirely closes only 23% of the gap; source_side_electricity (A17 -> 0): removing it entirely closes only 30% of the gap; soft_costs (A21 -> 0): removing it entirely closes only 18% of the gap,True,2853.8835445731493,,post_rebuild,0.8444371049335244,0.4756640121619316,0.9961965325574453,0.7747835268954215,0.6992727286980323,0.6712661828743067,0.3508425392444776,0.40489454999187496,0.19201976039704535,0.4554000000000001,0.0,0.8374415951266088,1.0,0.7720992165509671,0.7151074794892535,0.31591894987779934,0.5732103987816521,True,0.594084011174918
post_rebuild|1633052+1634606+7536925+R4473909,4,7536925|1633052|1634606|rebuild:4473909,111 Eighth Avenue; M440 (OECID: 0100175; BBL: 1007420007); M070 (OECID: 0100079; BBL: 1007410010); Rebuilt Elliott-Chelsea,85.45586845793382,47.1792014666461,0.5881470382654961,326.91168693587844,-6999710.361741312,7094422.108528585,-44.2963355527354,35.504877633859294,8111.712629423765,1596.2225999999998,0.0,85.56351663065715,2,True,False,False,True,True,1.0658141036401503e-14,9.313225746154785e-10,3.637978807091713e-12,56202158.665895335,14240446.651105516,0.0709524572992296,1298409.6566384824,3447824.3277654685,88.71569199999999,90.86534146,89412783.88547146,1331.2394041652296,777073.4278329653,-7094422.108528585,-682361.681045691,inf,1230.8502607240532,4.410264003562208,40.49615817141802,32734.05693222377,23394.768588080762,38305.21826401813,conditionally_feasible,F1 society savings;F2 operator self-financing,,-228.70037002542858,6999710.361741312,pipe_cost: removing it entirely closes only 57% of the gap; interface_cost: removing it entirely closes only 14% of the gap; source_side_electricity (A17 -> 0): removing it entirely closes only 19% of the gap; soft_costs (A21 -> 0): removing it entirely closes only 18% of the gap,True,4444.506742686506,,post_rebuild,0.8593542998098835,0.4727634464056507,0.9961654449151158,0.5754715667380177,0.4466515465813731,0.3877675912627384,0.3211464378711881,0.45762030685601357,0.19201976039704532,0.5446,0.0,0.8556351663065711,1.0,0.77609439704355,0.4699635681940431,0.3235955017080823,0.6000587915766428,True,0.5424280646305796
post_rebuild|1634606+7536925+R2831044+R4473909,4,7536925|1634606|rebuild:2831044|rebuild:4473909,111 Eighth Avenue; M070 (OECID: 0100079; BBL: 1007410010); Rebuilt Fulton; Rebuilt Elliott-Chelsea,89.20444855183396,46.759437975620685,0.5866665207117727,294.73371802339824,-7856272.617981261,8770552.04625961,-916.5359950582242,51.66894854255424,2552.1282939747075,2931.0,0.0,100.0,1,True,False,False,True,True,4.263256414560601e-14,2.7939677238464355e-09,0.0,64097980.82174391,20909638.193840045,0.0709524572992296,1889528.036903616,4810158.011084711,88.71569199999999,90.86534146,110381122.33987722,1518.264775283669,1130846.5098946868,-8770552.04625961,-216567.08161633482,inf,387.25333595343983,6.278571524525934,40.496158171417996,46712.497962408954,34045.55021447957,52365.659696069706,conditionally_feasible,F1 society savings;F2 operator self-financing,,-140.58528663147587,7856272.617981261,pipe_cost: removing it entirely closes only 58% of the gap; interface_cost: removing it entirely closes only 19% of the gap; source_side_electricity (A17 -> 0): removing it entirely closes only 24% of the gap; soft_costs (A21 -> 0): removing it entirely closes only 20% of the gap,True,2992.3411962673526,,post_rebuild,0.8970504636896124,0.4685571684585189,0.9961802805748855,0.6508592361978712,0.3789376876854696,0.24312140959558415,0.08939313910852598,0.6659580785154537,0.06041376043499656,1.0,0.0,0.9999999999999996,0.5,0.7872626375743389,0.42430611115964173,0.2719216593529921,0.6249999999999999,True,0.5271226020217431
post_rebuild|1633052+19906892+8899918+R2831044,4,19906892|1633052|8899918|rebuild:2831044,363 West 16th Street; M440 (OECID: 0100175; BBL: 1007420007); 61 9th Ave; Rebuilt Fulton,99.3507347210544,44.04725766784172,0.6492652789456077,255.93883226890173,-5183244.531415996,4609856.740139198,286.2517572369252,34.295807294306826,15793.350370417516,1334.7774000000002,0.0,85.29138874286659,1,True,False,False,True,True,8.881784197001252e-15,9.313225746154785e-10,3.637978807091713e-12,24307588.72389926,14733581.582588473,0.0709524572992296,1254194.0809471868,3445154.292409722,88.71569199999999,90.86534146,58964369.42035661,575.7647161181617,750611.2486660327,-4609856.740139198,-1323999.0399428303,inf,2396.4420720012163,4.755111806397965,40.49615817141798,32128.43553017177,22598.09154859796,32338.397517017173,conditionally_feasible,F1 society savings;F2 operator self-financing,18107.293319167024,-111.99963784191067,5183244.531415996,pipe_cost: removing it entirely closes only 33% of the gap; interface_cost: removing it entirely closes only 20% of the gap; source_side_electricity (A17 -> 0): removing it entirely closes only 24% of the gap; soft_costs (A21 -> 0): removing it entirely closes only 16% of the gap,False,3453.6520772221625,,post_rebuild,0.9990827150020338,0.4413795208994435,0.9955530040682183,0.7417492495466764,0.5902487107429268,0.60217990235508,0.4089727709997934,0.4420366694329443,0.37385882519972713,0.4554000000000001,0.0,0.8529138874286655,0.5,0.8120050799898987,0.6447259542148944,0.40828942187748823,0.4520784718571664,True,0.5792747319848619
post_rebuild|1633052+1634606+19906892+R2831044,4,19906892|1633052|1634606|rebuild:2831044,363 West 16th Street; M440 (OECID: 0100175; BBL: 1007420007); M070 (OECID: 0100079; BBL: 1007410010); Rebuilt Fulton,99.3531921090636,44.11746844926817,0.6468078909364106,244.688372136409,-4527077.311712794,4065727.3069494967,191.7149593573522,32.816196592734045,14050.879046719256,1334.7774000000002,0.0,84.58056238894571,2,True,False,False,True,True,1.509903313490213e-14,9.313225746154785e-10,0.0,18908118.59781361,14075500.219013533,0.0709524572992296,1200084.8725505455,3275189.1221068883,88.71569199999999,90.86534146,52119649.483784445,447.8694970717082,718227.9189278947,-4065727.3069494967,-1179577.923691191,inf,2132.04398727388,4.519538862735265,40.49615817141798,30647.33490502825,21623.150856766584,30846.854795954176,conditionally_feasible,F1 society savings;F2 operator self-financing,23613.58407757022,-84.85591754583294,4527077.311712794,pipe_cost: removing it entirely closes only 30% of the gap; interface_cost: removing it entirely closes only 22% of the gap; source_side_electricity (A17 -> 0): removing it entirely closes only 27% of the gap; soft_costs (A21 -> 0): removing it entirely closes only 16% of the gap,False,3045.9965136879723,,post_rebuild,0.9991074267859068,0.4420830743715274,0.9955776285465535,0.7681072204940184,0.6421207307898309,0.6491370284536375,0.3838544282091533,0.42296605298796713,0.33261119459930355,0.4554000000000001,0.0,0.8458056238894567,1.0,0.8122560432346626,0.686454993245829,0.379810558598808,0.5753014059723642,True,0.613455750262916
post_rebuild|1633052+1634606+19906892+R4473909,4,19906892|1633052|1634606|rebuild:4473909,363 West 16th Street; M440 (OECID: 0100175; BBL: 1007420007); M070 (OECID: 0100079; BBL: 1007410010); Rebuilt Elliott-Chelsea,99.35682679626659,44.220924299783256,0.6431732037334043,327.8554964849014,-7801866.029960046,7430048.294651731,79.9490535913028,36.90697123181245,14050.879046719256,1596.2225999999998,0.0,86.2269963203749,2,True,False,False,True,True,1.509903313490213e-14,9.313225746154785e-10,3.637978807091713e-12,57144191.300552085,15793077.526750363,0.0709524572992296,1349684.0726741329,3648252.3451702246,88.71569199999999,90.86534146,93819474.5805836,1353.5529770427365,807760.1883828756,-7430048.294651731,-1179577.923691191,inf,2132.04398727388,5.032709956175937,40.49615817141802,34310.93750539334,24318.631940074465,34533.04479595417,conditionally_feasible,F1 society savings;F2 operator self-financing,97585.4707404412,-252.75177010276565,7801866.029960046,pipe_cost: removing it entirely closes only 52% of the gap; interface_cost: removing it entirely closes only 14% of the gap; source_side_electricity (A17 -> 0): removing it entirely closes only 17% of the gap; soft_costs (A21 -> 0): removing it entirely closes only 17% of the gap,True,4654.769513131647,,post_rebuild,0.9991439776294324,0.44311976305891254,0.9956140502577161,0.5732603767617852,0.38323869441024416,0.35880381870704936,0.35415832683586346,0.47569180985210574,0.33261119459930355,0.5446,0.0,0.8622699632037486,1.0,0.8126259303153537,0.43843429662635963,0.3874871104290909,0.6017174908009372,True,0.5600662070429353
post_rebuild|1633052+19906892+R2831044+R4473909,4,19906892|1633052|rebuild:2831044|rebuild:4473909,363 West 16th Street; M440 (OECID: 0100175; BBL: 1007420007); Rebuilt Fulton; Rebuilt Elliott-Chelsea,99.20313729657384,44.53782623886804,0.796862703426165,288.507390085226,-8874828.238444118,9135732.303012088,-634.3777990368299,55.54178784043254,11400.022798800603,2931.0,0.0,90.85329967557367,1,True,False,False,True,True,1.4210854715202004e-14,0.0,7.275957614183426e-12,63119651.82045079,23598098.822174616,0.0709524572992296,2031157.3644239206,5293854.41752951,88.71569199999999,90.86534146,115361911.54588549,1495.0914640145888,1215608.9625267873,-9135732.303012088,-954704.8979588177,inf,1729.8099273470748,7.307609690733513,40.488491051355304,50760.10913850188,36597.42998962019,51167.84662439801,conditionally_feasible,F1 society savings;F2 operator self-financing,,-150.1696354948188,8874828.238444118,pipe_cost: removing it entirely closes only 50% of the gap; interface_cost: removing it entirely closes only 19% of the gap; source_side_electricity (A17 -> 0): removing it entirely closes only 23% of the gap; soft_costs (A21 -> 0): removing it entirely closes only 19% of the gap,True,3116.933573187338,,post_rebuild,0.9975984578801176,0.4462953075411623,0.9940739907549608,0.6654464947606554,0.2984177592632082,0.21160718831093717,0.16436231987009908,0.7158748794174501,0.26986035457003715,1.0,0.0,0.9085329967557363,0.5,0.8126559187254135,0.3918238141116002,0.38336585128586215,0.6021332491889341,True,0.5474947083279526
post_rebuild|1634606+19906892+8899918+R2831044,4,19906892|8899918|1634606|rebuild:2831044,363 West 16th Street; 61 9th Ave; M070 (OECID: 0100079; BBL: 1007410010); Rebuilt Fulton,99.35513040476172,44.17269712978324,0.6448695952382713,250.85259720303955,-4495417.073031735,4115403.3208801798,123.0839276963361,31.742041224842527,12785.894328943166,1334.7774000000002,0.0,100.00000000000003,1,True,False,False,True,True,8.881784197001252e-15,9.313225746154785e-10,0.0,20481586.239701096,13597751.829898747,0.0709524572992296,1160803.1232432234,3151799.233238607,88.71569199999999,90.86534146,52643906.789312415,485.1396335892696,694718.5407979267,-4115403.3208801798,-1074732.2929494807,inf,1940.0984831840428,4.348519592804115,40.49615817141798,29572.097894918574,20915.37158996799,29764.03712062492,conditionally_feasible,F1 society savings;F2 operator self-financing,36523.18509141589,-94.63901040662915,4495417.073031735,pipe_cost: removing it entirely closes only 32% of the gap; interface_cost: removing it entirely closes only 21% of the gap; source_side_electricity (A17 -> 0): removing it entirely closes only 26% of the gap; soft_costs (A21 -> 0): removing it entirely closes only 17% of the gap,False,3083.213216585911,,post_rebuild,0.9991269185162296,0.44263649834923496,0.9955970514135355,0.7536654587077718,0.64462356922223,0.644850102020449,0.36561922437315403,0.40912132680316887,0.30266658567267496,0.4554000000000001,0.0,0.9999999999999999,0.5,0.8124534894263333,0.6810463766501503,0.3591357122829993,0.48885,True,0.5853713945898708
post_rebuild|1634606+19906892+R2831044+R4473909,4,19906892|1634606|rebuild:2831044|rebuild:4473909,363 West 16th Street; M070 (OECID: 0100079; BBL: 1007410010); Rebuilt Fulton; Rebuilt Elliott-Chelsea,99.37418012982168,44.70850702368805,0.6258198701783242,294.81501266691873,-8579230.149498207,9026980.095680973,-792.290605914186,53.071042140507394,8491.294711270197,2931.0,0.0,100.0,1,True,False,False,True,True,4.263256414560601e-14,1.862645149230957e-09,7.275957614183426e-12,64061684.45510752,22462269.06948489,0.0709524572992296,1940802.4529392668,5010586.028489468,88.71569199999999,90.86534146,113809484.03369617,1517.4050368920953,1161533.2704445976,-9026980.095680973,-713783.3242618348,inf,1288.4470625032661,6.901017477139663,40.496158171418,48289.37853557853,34969.413566473275,48593.48622800576,conditionally_feasible,F1 society savings;F2 operator self-financing,,-158.1130411411727,8579230.149498207,pipe_cost: removing it entirely closes only 53% of the gap; interface_cost: removing it entirely closes only 19% of the gap; source_side_electricity (A17 -> 0): removing it entirely closes only 23% of the gap; soft_costs (A21 -> 0): removing it entirely closes only 19% of the gap,True,3079.8294424022424,,post_rebuild,0.9993184847999252,0.4480056297500656,0.9957879409028115,0.6506687762676236,0.32178568977726885,0.22099225517491494,0.1224050280732014,0.6840295815115459,0.20100519463725475,1.0,0.0,0.9999999999999996,0.5,0.8143706851509341,0.3978155737399358,0.3358132680740007,0.6249999999999999,True,0.5432498817412177
post_rebuild|1633052+1634606+8899918+R2831044,4,1633052|8899918|1634606|rebuild:2831044,M440 (OECID: 0100175; BBL: 1007420007); 61 9th Ave; M070 (OECID: 0100079; BBL: 1007410010); Rebuilt Fulton,99.35573983858917,44.190034561741136,0.644260161410838,264.7806851355682,-4836617.723349795,4481010.419483427,102.48991615526757,31.419721022043873,12406.312247096734,1334.7774000000002,0.0,83.84364088832757,2,True,False,False,True,True,8.881784197001252e-15,0.0,0.0,25285917.7251924,13454394.58171176,0.0709524572992296,1149015.9071835252,3114773.812901701,88.71569199999999,90.86534146,57133403.29049633,598.9380273872422,687664.1166866405,-4481010.419483427,-1043271.4205530086,inf,1882.5016814048297,4.2972020949686875,40.49615817141798,29249.453125349108,20702.989318622076,29439.11763212375,conditionally_feasible,F1 society savings;F2 operator self-financing,47191.156991703836,-122.72138237972928,4836617.723349795,pipe_cost: removing it entirely closes only 37% of the gap; interface_cost: removing it entirely closes only 20% of the gap; source_side_electricity (A17 -> 0): removing it entirely closes only 24% of the gap; soft_costs (A21 -> 0): removing it entirely closes only 17% of the gap,False,3357.1218837563674,,post_rebuild,0.9991330470547316,0.44281022965094075,0.9956031583002071,0.7210342478280197,0.6176506171425442,0.6132990452599243,0.36014741389379007,0.40496696041915553,0.2936811514324655,0.4554000000000001,0.0,0.8384364088832753,1.0,0.8125154783352931,0.6506613034101627,0.35293184191513705,0.5734591022208189,True,0.5973919314703529
post_rebuild|1633052+1634606+8899918+R4473909,4,1633052|8899918|1634606|rebuild:4473909,M440 (OECID: 0100175; BBL: 1007420007); 61 9th Ave; M070 (OECID: 0100079; BBL: 1007410010); Rebuilt Elliott-Chelsea,99.35924547851229,44.28951064637163,0.6407545214877227,353.1713934638489,-8240682.994567772,7974607.960156386,-9.275989610780925,35.51049566112227,12406.312247096734,1596.2225999999998,0.0,85.64202994546123,2,True,False,False,True,True,1.0658141036401503e-14,0.0,0.0,65118934.57618411,15171971.88944859,0.0709524572992296,1298615.1073071123,3487837.0359650375,88.71569199999999,90.86534146,100430172.53554872,1542.4477230565624,777196.3861416215,-7974607.960156386,-1043271.4205530086,inf,1882.5016814048297,4.8103731884093595,40.49615817141801,32913.0557257142,23398.470401929953,33125.307632123746,conditionally_feasible,F1 society savings;F2 operator self-financing,,-302.517517856985,8240682.994567772,pipe_cost: removing it entirely closes only 56% of the gap; interface_cost: removing it entirely closes only 13% of the gap; source_side_electricity (A17 -> 0): removing it entirely closes only 16% of the gap; soft_costs (A21 -> 0): removing it entirely closes only 17% of the gap,True,4995.924728892065,,post_rebuild,0.999168300183579,0.4438070387350898,0.9956382868814545,0.5139494091019093,0.34854887495332365,0.311809564543306,0.33045131252050053,0.457692717283294,0.2936811514324655,0.5446,0.0,0.856420299454612,1.0,0.8128712086000411,0.39143594953284633,0.36060839374542003,0.600255074863653,True,0.5412926566854901
post_rebuild|1633052+8899918+R2831044+R4473909,4,1633052|8899918|rebuild:2831044|rebuild:4473909,M440 (OECID: 0100175; BBL: 1007420007); 61 9th Ave; Rebuilt Fulton; Rebuilt Elliott-Chelsea,99.36251191006708,44.6561083350114,0.63748808993293,301.74910835837187,-9209435.720806465,9569931.4048223,-718.6506363329272,54.22354300530758,9848.482767780435,2931.0,0.0,90.44226968242897,1,True,False,False,True,True,2.842170943040401e-14,0.0,7.275957614183426e-12,69734416.89582972,22976993.184872847,0.0709524572992296,1982949.2888634023,5142943.667726241,88.71569199999999,90.86534146,120612631.30059752,1651.7729176574715,1186757.3482974013,-9569931.4048223,-826261.6642815664,inf,1494.3832623567694,7.085272922966936,40.49573268499172,49442.89468921888,35728.8160155568,49760.10946056759,conditionally_feasible,F1 society savings;F2 operator self-financing,,-175.53395372555798,9209435.720806465,pipe_cost: removing it entirely closes only 54% of the gap; interface_cost: removing it entirely closes only 18% of the gap; source_side_electricity (A17 -> 0): removing it entirely closes only 22% of the gap; soft_costs (A21 -> 0): removing it entirely closes only 19% of the gap,True,3265.0738331021153,,post_rebuild,0.9992011478048403,0.44748056396099284,0.9956710184536577,0.6344233346919896,0.2719660172197782,0.17413679848831143,0.14197110224244344,0.6988840982582455,0.23313243303072584,1.0,0.0,0.9044226968242893,0.5,0.8141175767398302,0.36017538346669314,0.3579958778438049,0.6011056742060723,True,0.5333486280641001
post_rebuild|1633052+1634606+R2831044+R4473909,4,1633052|1634606|rebuild:2831044|rebuild:4473909,M440 (OECID: 0100175; BBL: 1007420007); M070 (OECID: 0100079; BBL: 1007410010); Rebuilt Fulton; Rebuilt Elliott-Chelsea,99.3746800580915,44.7224000344683,0.6253199419084916,295.55696519027754,-8534446.640455943,9006603.034923892,-812.8846174552546,52.74872193770873,8111.712629423765,2931.0,0.0,90.14807489668922,2,True,False,False,True,True,4.263256414560601e-14,1.862645149230957e-09,7.275957614183426e-12,64097980.82174392,22318911.821297906,0.0709524572992296,1929015.2368795683,4973560.60815256,88.71569199999999,90.86534146,113530945.41602519,1518.2647752836692,1154478.8463333112,-9006603.034923892,-682322.4518653627,inf,1230.8502607240532,6.849699979304236,40.496158171418,47966.733766009056,34757.03129512736,48268.56673950459,conditionally_feasible,F1 society savings;F2 operator self-financing,,-158.94381539767545,8534446.640455943,pipe_cost: removing it entirely closes only 53% of the gap; interface_cost: removing it entirely closes only 19% of the gap; source_side_electricity (A17 -> 0): removing it entirely closes only 23% of the gap; soft_costs (A21 -> 0): removing it entirely closes only 19% of the gap,True,3072.8771869409393,,post_rebuild,0.9993235121376145,0.44814484591848813,0.9957929504791599,0.6489305039814514,0.3253259627580828,0.22275074893232694,0.11693321759383746,0.6798752151275325,0.19201976039704532,1.0,0.0,0.9014807489668919,1.0,0.814420436178421,0.39900240522395364,0.32960939770613845,0.725370187241723,True,0.567100606587559
post_rebuild|1634606+8899918+R2831044+R4473909,4,8899918|1634606|rebuild:2831044|rebuild:4473909,61 9th Ave; M070 (OECID: 0100079; BBL: 1007410010); Rebuilt Fulton; Rebuilt Elliott-Chelsea,99.37639580993883,44.77001613262716,0.623604190061168,308.8422954415964,-8888770.561135214,9442263.208214907,-881.5156491162688,51.67456656981722,6846.727911647677,2931.0,0.0,100.0,1,True,False,False,True,True,4.263256414560601e-14,1.862645149230957e-09,7.275957614183426e-12,70439483.58248632,21841163.432183124,0.0709524572992296,1889733.4875722465,4850170.71928428,88.71569199999999,90.86534146,118823237.84040809,1668.4735672076292,1130969.4682033432,-9442263.208214907,-577476.8211236524,inf,1038.9047566342163,6.6786807093730856,40.496158171417996,46891.49675589938,34049.25202832877,47185.749064175325,conditionally_feasible,F1 society savings;F2 operator self-financing,,-184.85311482462834,8888770.561135214,pipe_cost: removing it entirely closes only 56% of the gap; interface_cost: removing it entirely closes only 17% of the gap; source_side_electricity (A17 -> 0): removing it entirely closes only 21% of the gap; soft_costs (A21 -> 0): removing it entirely closes only 19% of the gap,True,3221.515935931391,,post_rebuild,0.9993407659407063,0.4486219873276298,0.9958101433253994,0.6178051682470704,0.2973155761299818,0.18515427198120138,0.09869801375783867,0.6660304889427343,0.16207515147041676,1.0,0.0,0.9999999999999996,0.5,0.8145909655312451,0.3667583387860845,0.30893455139032994,0.6249999999999999,True,0.5288209639269148
post_rebuild|1633052+19906892+4040951+4769672+7536925,5,4040951|4769672|7536925|19906892|1633052,Manhattan Chelsea Market; London Terrace Towers; 111 Eighth Avenue; 363 West 16th Street; M440 (OECID: 0100175; BBL: 1007420007),85.73755413952169,47.92712481942537,0.6073885336072591,301.73710379061566,-8265732.760256989,6066510.188681072,2139.2094901379996,33.840544457896485,35397.42765156581,0.0,0.0,56.516321766725454,1,True,False,False,True,,7.105427357601002e-15,9.313225746154785e-10,0.0,44685121.63501846,13361097.785946688,0.0709524572992296,1237545.1666994134,3815700.305107408,88.71569199999999,90.86534146,77802028.6697195,1058.439677630221,740647.1908680424,-6066510.188681072,-2939869.762443959,inf,5371.113973620342,4.661613276789653,,33559.22438536254,22298.111111701142,39141.80282160981,conditionally_feasible,F1 society savings;F2 operator self-financing,3863.91926473913,-258.90586944704984,8265732.760256989,pipe_cost: removing it entirely closes only 38% of the gap; interface_cost: removing it entirely closes only 11% of the gap; source_side_electricity (A17 -> 0): removing it entirely closes only 15% of the gap; soft_costs (A21 -> 0): removing it entirely closes only 13% of the gap,False,,,post_rebuild,0.8621869642720857,0.4802580798652097,0.9959726337744228,0.6344514594126168,0.3465686145730672,0.4764740399390084,0.9013019862421616,0.43616881316128775,0.837924848529583,0.0,0.0,0.5651632176672543,0.5,0.7794725593039061,0.4858313713082308,0.7251318826443441,0.2662908044168136,True,0.5641816544183237
post_rebuild|19906892+4040951+4769672+7536925+R2831044,5,4040951|4769672|7536925|19906892|rebuild:2831044,Manhattan Chelsea Market; London Terrace Towers; 111 Eighth Avenue; 363 West 16th Street; Rebuilt Fulton,89.35274457388358,47.239908244696046,0.6002769283669407,266.1885844422122,-8583613.278997548,7203958.388912711,1266.9698306325108,50.004615366591445,29837.843316116756,1334.7774000000002,0.0,79.24353588269649,0,True,False,False,True,True,2.4868995751603507e-14,1.862645149230957e-09,7.275957614183426e-12,45926646.25042026,20030289.32868122,0.0709524572992296,1828663.5469645478,5178033.98842665,88.71569199999999,90.86534146,92116069.58367845,1087.8472044672087,1094420.2729297646,-7203958.388912711,-2474075.163014603,inf,4527.517048849729,6.529920797753379,40.49615817141795,47537.66541554772,32948.89273809996,53202.244253661396,conditionally_feasible,F1 society savings;F2 operator self-financing,6774.915291165489,-146.00881419406488,8583613.278997548,pipe_cost: removing it entirely closes only 38% of the gap; interface_cost: removing it entirely closes only 17% of the gap; source_side_electricity (A17 -> 0): removing it entirely closes only 21% of the gap; soft_costs (A21 -> 0): removing it entirely closes only 15% of the gap,False,5397.123437145932,,post_rebuild,0.8985417459911407,0.4733717641541265,0.9960438962565838,0.7177357721582,0.32143919002167176,0.3783148606868293,0.6695486874794995,0.6445065848207281,0.7063188485675342,0.4554000000000001,0.0,0.7924353588269646,0.0,0.7893191354672836,0.4724966076222337,0.6734580402892538,0.31195883970674115,True,0.5618081557713781
post_rebuild|1633052+4040951+4769672+7536925+R2831044,5,4040951|4769672|7536925|1633052|rebuild:2831044,Manhattan Chelsea Market; London Terrace Towers; 111 Eighth Avenue; M440 (OECID: 0100175; BBL: 1007420007); Rebuilt Fulton,89.29162141933331,47.273748134776305,0.5995941843908102,269.8616277331267,-8685899.712952567,7330651.2711529145,1246.3758190914432,49.68229516379279,29458.26123427033,1334.7774000000002,0.0,69.0929179958822,1,True,False,False,True,True,8.881784197001252e-15,0.0,3.637978807091713e-12,47779687.25834233,19886932.08049424,0.0709524572992296,1816876.3309048493,5141008.568089746,88.71569199999999,90.86534146,93654275.60729316,1131.7394902056362,1087365.8488184782,-7330651.2711529145,-2442614.2906181305,inf,4469.920247070517,6.478603299917952,40.49615817141798,47215.02064597825,32736.510466754044,52877.32476516023,conditionally_feasible,F1 society savings;F2 operator self-financing,6968.925086563563,-153.07615689346352,8685899.712952567,pipe_cost: removing it entirely closes only 39% of the gap; interface_cost: removing it entirely closes only 16% of the gap; source_side_electricity (A17 -> 0): removing it entirely closes only 21% of the gap; soft_costs (A21 -> 0): removing it entirely closes only 15% of the gap,False,5492.040299118725,,post_rebuild,0.897927084334445,0.4737108598268594,0.996050737754217,0.7091304380465184,0.3133531354408882,0.3673815545940695,0.6640768770001357,0.6403522184367147,0.697333414327325,0.4554000000000001,0.0,0.6909291799588217,0.5,0.7892295606385072,0.4632883760271587,0.6672541699213919,0.41158229498970544,True,0.5828386003941908
post_rebuild|1633052+19906892+4040951+4769672+8899918,5,4040951|4769672|19906892|1633052|8899918,Manhattan Chelsea Market; London Terrace Towers; 363 West 16th Street; M440 (OECID: 0100175; BBL: 1007420007); 61 9th Ave,99.34141181058753,44.81090064572614,0.65858818941248,313.7523376454461,-9043284.630118212,6483275.277343634,2174.229836079954,33.846162485159475,39692.02726923879,0.0,0.0,56.747025259882754,1,True,False,False,True,,1.7763568394002505e-14,1.862645149230957e-09,3.637978807091713e-12,47877293.51936313,14292623.024289766,0.0709524572992296,1237750.6173680439,3855713.013306978,88.71569199999999,90.86534146,83094813.29385264,1134.0514530171815,740770.1491766989,-6483275.277343634,-3300779.5019512763,inf,6022.765394301119,5.061722461636805,,33738.223178852975,22301.81292555034,33961.892189715436,conditionally_feasible,F1 society savings;F2 operator self-financing,4159.304816837063,-298.6842887314249,9043284.630118212,pipe_cost: removing it entirely closes only 38% of the gap; interface_cost: removing it entirely closes only 11% of the gap; source_side_electricity (A17 -> 0): removing it entirely closes only 14% of the gap; soft_costs (A21 -> 0): removing it entirely closes only 13% of the gap,False,,,post_rebuild,0.9989889627139696,0.4490316742811268,0.9954595830024556,0.6063017498770504,0.28510076770440984,0.44050816559347994,0.910606860891474,0.43624122358856837,0.9395862395650033,0.0,0.0,0.5674702525988273,0.5,0.8144934066658506,0.4439702277249801,0.762144774681682,0.26686756314970683,True,0.5718689930555548
post_rebuild|1633052+1634606+19906892+4040951+4769672,5,4040951|4769672|19906892|1633052|1634606,Manhattan Chelsea Market; London Terrace Towers; 363 West 16th Street; M440 (OECID: 0100175; BBL: 1007420007); M070 (OECID: 0100079; BBL: 1007410010),99.34331807808584,44.92023993402884,0.656681921914167,313.62142307730784,-8642063.48370774,6194091.9174466655,2079.693038200381,32.366551783586694,37949.55594554053,0.0,0.0,54.76104502186746,2,True,False,False,True,,1.0658141036401503e-14,0.0,3.637978807091713e-12,45627154.2696752,13634541.660714822,0.0709524572992296,1183641.4089714028,3685747.843004144,88.71569199999999,90.86534146,79399424.23367819,1080.7532505077277,708386.8194385611,-6194091.9174466655,-3156358.3856996372,inf,5758.367309573783,4.826149517974105,,32257.122553709454,21326.87223371897,32470.349468652443,conditionally_feasible,F1 society savings;F2 operator self-financing,4155.451465657628,-298.52885197359967,8642063.48370774,pipe_cost: removing it entirely closes only 37% of the gap; interface_cost: removing it entirely closes only 11% of the gap; source_side_electricity (A17 -> 0): removing it entirely closes only 14% of the gap; soft_costs (A21 -> 0): removing it entirely closes only 13% of the gap,False,,,post_rebuild,0.9990081323649348,0.45012731848786625,0.9954786849279706,0.606608461099786,0.3168185230644833,0.46546402842318335,0.885488518100834,0.4171706071435913,0.8983386089645798,0.0,0.0,0.5476104502186744,1.0,0.8148713785935905,0.4629636708624842,0.7336659114030017,0.3869026125546686,True,0.5996008933534362
post_rebuild|1633052+19906892+4040951+4769672+R2831044,5,4040951|4769672|19906892|1633052|rebuild:2831044,Manhattan Chelsea Market; London Terrace Towers; 363 West 16th Street; M440 (OECID: 0100175; BBL: 1007420007); Rebuilt Fulton,99.36208306119815,45.08773824204252,0.6379169388018404,270.3527544861557,-9389674.268682664,7567896.344787423,1370.6212082354832,51.084388761745934,35397.42765156582,1334.7774000000002,0.0,70.09178821753542,1,True,False,False,True,True,8.881784197001252e-15,0.0,0.0,47506424.9437058,21439562.95613908,0.0709524572992296,1868150.7469404996,5341436.585494501,88.71569199999999,90.86534146,96845671.35311198,1125.2668284867136,1118052.6093683885,-7567896.344787423,-2939830.5332636307,inf,5371.113973620343,7.1010492525316815,40.49615817141798,48791.901219147825,33660.37381874774,49105.15129709628,conditionally_feasible,F1 society savings;F2 operator self-financing,6850.670493250857,-168.2522578492002,9389674.268682664,pipe_cost: removing it entirely closes only 36% of the gap; interface_cost: removing it entirely closes only 16% of the gap; source_side_electricity (A17 -> 0): removing it entirely closes only 20% of the gap; soft_costs (A21 -> 0): removing it entirely closes only 15% of the gap,False,5669.781601626924,,post_rebuild,0.9991968352499959,0.45180575040070065,0.9956667211348614,0.7079798091357582,0.25771761027727963,0.3469078471277922,0.6970887659648117,0.6584237214328068,0.8379248485295832,0.4554000000000001,0.0,0.7009178821753539,0.5,0.815556435595186,0.43753508884694337,0.7311457786424006,0.4140794705438385,True,0.5995791934070921
post_rebuild|1634606+19906892+4040951+4769672+8899918,5,4040951|4769672|19906892|8899918|1634606,Manhattan Chelsea Market; London Terrace Towers; 363 West 16th Street; 61 9th Ave; M070 (OECID: 0100079; BBL: 1007410010),99.34481547935172,45.006469811764866,0.6551845206482696,326.0467948603578,-8741441.331094278,6374806.017444946,2011.0620065393668,31.292396415695173,36684.57122776444,0.0,0.0,68.35618407236689,1,True,False,False,True,,1.4210854715202004e-14,1.862645149230957e-09,3.637978807091713e-12,48819326.15401988,13156793.271600038,0.0709524572992296,1144359.6596640805,3562357.954135862,88.71569199999999,90.86534146,81542385.78166336,1156.3650258946882,684877.4413085929,-6374806.017444946,-3051512.754957927,inf,5566.421805483947,4.655130248042954,,31181.885543599772,20619.09296692037,31387.53179332318,conditionally_feasible,F1 society savings;F2 operator self-financing,4346.679168851954,-322.75153830341856,8741441.331094278,pipe_cost: removing it entirely closes only 40% of the gap; interface_cost: removing it entirely closes only 11% of the gap; source_side_electricity (A17 -> 0): removing it entirely closes only 13% of the gap; soft_costs (A21 -> 0): removing it entirely closes only 13% of the gap,False,,,post_rebuild,0.9990231904088069,0.45099139276030686,0.9954936897725019,0.5774978661009493,0.3089624011232131,0.449868814740912,0.8672533142648351,0.40332588095879296,0.8683940000379512,0.0,0.0,0.6835618407236685,0.5,0.815169424313872,0.44544302732169144,0.7129910650871931,0.29589046018091714,True,0.5673734942259184
post_rebuild|19906892+4040951+4769672+8899918+R2831044,5,4040951|4769672|19906892|8899918|rebuild:2831044,Manhattan Chelsea Market; London Terrace Towers; 363 West 16th Street; 61 9th Ave; Rebuilt Fulton,99.36348488364523,45.14567839403452,0.6365151163547634,274.81734737522817,-9361165.148858773,7620723.477575272,1301.9901765744671,50.01023339385442,34132.44293378973,1334.7774000000002,0.0,79.32139928944785,0,True,False,False,True,True,3.197442310920451e-14,0.0,7.275957614183426e-12,49118818.134764925,20961814.567024294,0.0709524572992296,1828868.9976331778,5218046.696626221,88.71569199999999,90.86534146,97408854.2078116,1163.4589798541692,1094543.2312384206,-7620723.477575272,-2834984.9025219204,inf,5179.168469530506,6.93002998260053,40.49615817141798,47716.66420903815,32952.59455194915,48022.333621767015,conditionally_feasible,F1 society savings;F2 operator self-financing,7189.889230568524,-176.2675479677701,9361165.148858773,pipe_cost: removing it entirely closes only 37% of the gap; interface_cost: removing it entirely closes only 16% of the gap; source_side_electricity (A17 -> 0): removing it entirely closes only 20% of the gap; soft_costs (A21 -> 0): removing it entirely closes only 15% of the gap,False,5709.35908682247,,post_rebuild,0.9992109321419849,0.45238634492306384,0.9956807682232124,0.6975200049787696,0.2599713431530143,0.34234898634130084,0.6788535621288124,0.6445789952480085,0.8079802396029546,0.4554000000000001,0.0,0.7932139928944782,0.0,0.8157593484294203,0.4332801114910283,0.7104709323265919,0.3121534982236196,True,0.567915972617665
post_rebuild|19906892+4040951+4769672+8899918+R4473909,5,4040951|4769672|19906892|8899918|rebuild:4473909,Manhattan Chelsea Market; London Terrace Towers; 363 West 16th Street; 61 9th Ave; Rebuilt Elliott-Chelsea,99.3651785249858,45.13985179155465,0.634821475014195,295.56905078912854,-10959020.511268709,9308111.10944019,1190.2242708084195,54.10100803293283,34132.44293378973,1596.2225999999998,0.0,80.79585981757468,0,True,False,False,True,True,1.7763568394002505e-14,0.0,1.4551915228366852e-11,66639851.27250585,22679391.874761127,0.0709524572992296,1978468.1977567652,5591109.919689557,88.71569199999999,90.86534146,118393639.73961322,1578.4731050820565,1184075.5006934016,-9308111.10944019,-2834984.9025219204,inf,5179.168469530506,7.443201076041202,40.49615817141802,51380.26680940325,35648.07563525703,51708.52362176702,conditionally_feasible,F1 society savings;F2 operator self-financing,9207.525657181537,-213.13767184830073,10959020.511268709,pipe_cost: removing it entirely closes only 43% of the gap; interface_cost: removing it entirely closes only 15% of the gap; source_side_electricity (A17 -> 0): removing it entirely closes only 18% of the gap; soft_costs (A21 -> 0): removing it entirely closes only 15% of the gap,False,5831.336499959461,,post_rebuild,0.9992279635992108,0.4523279589270404,0.9956977395091233,0.6489021894183451,0.1336560032485438,0.19673129140766987,0.649157460755523,0.6973047521121473,0.8079802396029546,0.5446,0.0,0.8079585981757464,0.0,0.8157512206784583,0.32642982802485293,0.718147484156875,0.3381396495439366,True,0.5496170456010308
post_rebuild|1634606+19906892+4040951+4769672+R2831044,5,4040951|4769672|19906892|1634606|rebuild:2831044,Manhattan Chelsea Market; London Terrace Towers; 363 West 16th Street; M070 (OECID: 0100079; BBL: 1007410010); Rebuilt Fulton,99.36552267628676,45.22995363846723,0.6344773237132393,276.24476377068305,-9087830.969658732,7459427.084888734,1207.4533786948941,48.53062269228164,32389.97161009147,1334.7774000000002,0.0,78.65898520674894,1,True,False,False,True,True,4.085620730620576e-14,0.0,0.0,48448457.57836255,20303733.203449354,0.0709524572992296,1774759.7892365365,5048081.526323386,88.71569199999999,90.86534146,95293243.84092268,1147.5804013642203,1062159.9015002826,-7459427.084888734,-2690563.7862702813,inf,4914.77038480317,6.694457038937831,40.49615817141798,46235.56358389463,31977.653860117774,46530.79090070402,conditionally_feasible,F1 society savings;F2 operator self-financing,7526.444606483721,-177.6564763750203,9087830.969658732,pipe_cost: removing it entirely closes only 38% of the gap; interface_cost: removing it entirely closes only 16% of the gap; source_side_electricity (A17 -> 0): removing it entirely closes only 20% of the gap; soft_costs (A21 -> 0): removing it entirely closes only 15% of the gap,False,5588.517669604485,,post_rebuild,0.9992314244253144,0.4532308326160752,0.9957011881082957,0.6941758039916032,0.2815792436960827,0.3562684962752245,0.6537352193381724,0.6255083788030315,0.766732609002531,0.4554000000000001,0.0,0.786589852067489,0.5,0.8160544817165617,0.4440078479876368,0.6819920690479115,0.43549746301687225,True,0.5943879654422456
post_rebuild|1634606+19906892+4040951+4769672+R4473909,5,4040951|4769672|19906892|1634606|rebuild:4473909,Manhattan Chelsea Market; London Terrace Towers; 363 West 16th Street; M070 (OECID: 0100079; BBL: 1007410010); Rebuilt Elliott-Chelsea,99.36711703741665,45.217379770611345,0.6328829625833525,294.94470759502553,-10557799.36485824,9018927.74954322,1095.6874729288465,52.62139733136004,32389.97161009147,1596.2225999999998,0.0,80.22584500160553,1,True,False,False,True,True,4.085620730620576e-14,3.725290298461914e-09,0.0,64389712.022817925,22021310.511186182,0.0709524572992296,1924358.9893601239,5421144.749386724,88.71569199999999,90.86534146,114698250.67943875,1525.1749025726024,1151692.1709552635,-9018927.74954322,-2690563.786270281,inf,4914.77038480317,7.2076281323785025,40.496158171417996,49899.166184259724,34673.134943425655,50216.98090070402,conditionally_feasible,F1 society savings;F2 operator self-financing,9635.776282662546,-210.34991267548781,10557799.36485824,pipe_cost: removing it entirely closes only 43% of the gap; interface_cost: removing it entirely closes only 15% of the gap; source_side_electricity (A17 -> 0): removing it entirely closes only 18% of the gap; soft_costs (A21 -> 0): removing it entirely closes only 16% of the gap,False,5650.169186643029,,post_rebuild,0.9992474575090236,0.4531048350383841,0.995717164547895,0.6503649224601529,0.16537375860861714,0.22168715423737362,0.624039117964883,0.6782341356671701,0.766732609002531,0.5446,0.0,0.802258450016055,0.5,0.8160231523651009,0.3458086117687145,0.6896686208781947,0.46171461250401374,True,0.578303749379006
post_rebuild|1633052+1634606+4040951+4769672+8899918,5,4040951|4769672|1633052|8899918|1634606,Manhattan Chelsea Market; London Terrace Towers; M440 (OECID: 0100175; BBL: 1007420007); 61 9th Ave; M070 (OECID: 0100079; BBL: 1007410010),99.34528516534284,45.03357963942781,0.6547148346571657,327.52660477073135,-8696657.82205201,6354428.956687862,1990.4679949982983,30.97007621289652,36304.98914591801,0.0,0.0,52.71178167936568,2,True,False,False,True,,3.197442310920451e-14,0.0,0.0,48855622.52065627,13013436.02341305,0.0709524572992296,1132572.4436043825,3525332.533798956,88.71569199999999,90.86534146,81263847.16399235,1157.2247642862621,677823.0171973065,-6354428.956687862,-3020051.882561455,inf,5508.825003704733,4.603812750207527,,30859.240774030306,20406.710695574457,31062.612304822018,conditionally_feasible,F1 society savings;F2 operator self-financing,4369.152301823092,-325.652744240566,8696657.82205201,pipe_cost: removing it entirely closes only 40% of the gap; interface_cost: removing it entirely closes only 11% of the gap; source_side_electricity (A17 -> 0): removing it entirely closes only 13% of the gap; soft_costs (A21 -> 0): removing it entirely closes only 13% of the gap,False,,,post_rebuild,0.9990279136265721,0.45126304923517235,0.9954983963033668,0.574030915757064,0.3125026741040274,0.4516273084983242,0.8617815037854712,0.39917151457477956,0.8594085657977417,0.0,0.0,0.5271178167936565,1.0,0.8152631197217038,0.44605363278647187,0.7067871947193308,0.38177945419841414,True,0.5874708503564802
post_rebuild|1633052+4040951+4769672+8899918+R2831044,5,4040951|4769672|1633052|8899918|rebuild:2831044,Manhattan Chelsea Market; London Terrace Towers; M440 (OECID: 0100175; BBL: 1007420007); 61 9th Ave; Rebuilt Fulton,99.36391794123371,45.1635831100981,0.6360820587663053,278.5352603550997,-9463451.582813786,7747416.359815473,1281.3961650333986,49.68791319105576,33752.8608519433,1334.7774000000002,0.0,69.20964855502187,1,True,False,False,True,True,8.881784197001252e-15,0.0,0.0,50971859.142687,20818457.31883731,0.0709524572992296,1817081.7815734795,5181021.276289314,88.71569199999999,90.86534146,98947060.23142627,1207.3512655925967,1087488.8071271344,-7747416.359815473,-2803524.0301254485,inf,5121.571667751293,6.878712484765103,40.49615817141798,47394.01943946869,32740.212280603235,47697.414133265855,conditionally_feasible,F1 society savings;F2 operator self-financing,7385.266041097547,-183.4965496859204,9463451.582813786,pipe_cost: removing it entirely closes only 38% of the gap; interface_cost: removing it entirely closes only 16% of the gap; source_side_electricity (A17 -> 0): removing it entirely closes only 19% of the gap; soft_costs (A21 -> 0): removing it entirely closes only 15% of the gap,False,5804.275948795261,,post_rebuild,0.9992152870202096,0.4525657607463503,0.9956851077158627,0.6888095485926196,0.25188528857223114,0.3314156802485413,0.6733817516494485,0.6404246288639952,0.7989948053627451,0.4554000000000001,0.0,0.6920964855502184,0.5,0.8158220518274741,0.42403683913779733,0.7042670619587296,0.41187412138755464,True,0.589000018577889
post_rebuild|1633052+4040951+4769672+8899918+R4473909,5,4040951|4769672|1633052|8899918|rebuild:4473909,Manhattan Chelsea Market; London Terrace Towers; M440 (OECID: 0100175; BBL: 1007420007); 61 9th Ave; Rebuilt Elliott-Chelsea,99.36559122519584,45.15635484045568,0.6344087748041607,297.1666563141649,-10959974.61568134,9333471.662138008,1169.6302592673492,53.77868783013415,33752.8608519433,1596.2225999999998,0.0,71.41898786839552,1,True,False,False,True,True,1.0658141036401503e-14,0.0,0.0,67241141.15485278,22536034.62657414,0.0709524572992296,1966680.9816970665,5554084.499352651,88.71569199999999,90.86534146,118680094.63765274,1592.715632481486,1177021.076582115,-9333471.662138008,-2803524.0301254485,inf,5121.571667751293,7.391883578205776,40.496158171418,51057.622039833775,35435.69336391111,51383.60413326585,conditionally_feasible,F1 society savings;F2 operator self-financing,9370.460903214505,-216.07658399234765,10959974.61568134,pipe_cost: removing it entirely closes only 44% of the gap; interface_cost: removing it entirely closes only 15% of the gap; source_side_electricity (A17 -> 0): removing it entirely closes only 18% of the gap; soft_costs (A21 -> 0): removing it entirely closes only 15% of the gap,False,5847.2243546345035,,post_rebuild,0.9992321137612352,0.4524933292180185,0.9957018750088259,0.6451592633941371,0.13358057838467866,0.1945427336890042,0.6436856502761586,0.6931503857281336,0.7989948053627451,0.5446,0.0,0.7141898786839549,0.5,0.8158091059960265,0.32442752515594,0.7119436137890126,0.4396974696709887,True,0.5729694286529919
post_rebuild|1633052+1634606+4040951+4769672+R2831044,5,4040951|4769672|1633052|1634606|rebuild:2831044,Manhattan Chelsea Market; London Terrace Towers; M440 (OECID: 0100175; BBL: 1007420007); M070 (OECID: 0100079; BBL: 1007410010); Rebuilt Fulton,99.36598404288436,45.24904207387942,0.6340159571156282,276.88940685248514,-9043047.460616462,7439050.024131651,1186.8593671538247,48.20830248948298,32010.389528245036,1334.7774000000002,0.0,68.21638543973249,2,True,False,False,True,True,1.2434497875801753e-14,1.862645149230957e-09,3.637978807091713e-12,48484753.94499893,20160375.955262374,0.0709524572992296,1762972.5731768382,5011056.105986481,88.71569199999999,90.86534146,95014705.22325169,1148.440139755794,1055105.4773889964,-7439050.024131651,-2659102.913873809,inf,4857.173583023956,6.6431395411024035,40.49615817141798,45912.91881432517,31765.27158877186,46205.87141220286,conditionally_feasible,F1 society savings;F2 operator self-financing,7619.308328249833,-178.62543579556376,9043047.460616462,pipe_cost: removing it entirely closes only 38% of the gap; interface_cost: removing it entirely closes only 16% of the gap; source_side_electricity (A17 -> 0): removing it entirely closes only 19% of the gap; soft_costs (A21 -> 0): removing it entirely closes only 15% of the gap,False,5573.251408161129,,post_rebuild,0.9992360639822764,0.45342211000592975,0.9957058112739271,0.6926655116638725,0.28511951667689717,0.3580269900326366,0.6482634088588082,0.6213540124190181,0.7577471747623216,0.4554000000000001,0.0,0.6821638543973246,1.0,0.8161213284207111,0.44527067279113536,0.6757881986800492,0.5343909635993311,True,0.6178927908728067
post_rebuild|1633052+1634606+4040951+4769672+R4473909,5,4040951|4769672|1633052|1634606|rebuild:4473909,Manhattan Chelsea Market; London Terrace Towers; M440 (OECID: 0100175; BBL: 1007420007); M070 (OECID: 0100079; BBL: 1007410010); Rebuilt Elliott-Chelsea,99.36755469992384,45.23488723461441,0.6324453000761755,295.6634124078768,-10513015.85581597,8998550.688786138,1075.0934613877762,52.29907712856138,32010.389528245036,1596.2225999999998,0.0,70.56512895035513,2,True,False,False,True,True,1.2434497875801753e-14,0.0,7.275957614183426e-12,64426008.389454305,21877953.262999203,0.0709524572992296,1912571.7733004256,5384119.329049816,88.71569199999999,90.86534146,114419712.06176776,1526.034640964176,1144637.7468439774,-8998550.688786138,-2659102.913873809,inf,4857.173583023956,7.156310634543075,40.496158171417996,49576.52141469026,34460.75267207974,49892.06141220285,conditionally_feasible,F1 society savings;F2 operator self-financing,9778.69946511006,-211.4765589980019,10513015.85581597,pipe_cost: removing it entirely closes only 43% of the gap; interface_cost: removing it entirely closes only 15% of the gap; source_side_electricity (A17 -> 0): removing it entirely closes only 18% of the gap; soft_costs (A21 -> 0): removing it entirely closes only 16% of the gap,False,5637.40338520839,,post_rebuild,0.9992518586948544,0.4532802701615446,0.995721550184549,0.6486811157221388,0.16891403158943155,0.22344564799478572,0.6185673074855186,0.6740797692831566,0.7577471747623216,0.5446,0.0,0.705651289503551,1.0,0.816084559680316,0.34701359843545204,0.6834647505103323,0.5625628223758877,True,0.602281432750497
post_rebuild|1634606+4040951+4769672+8899918+R2831044,5,4040951|4769672|8899918|1634606|rebuild:2831044,Manhattan Chelsea Market; London Terrace Towers; 61 9th Ave; M070 (OECID: 0100079; BBL: 1007410010); Rebuilt Fulton,99.3675695481024,45.314663056825886,0.6324304518976044,284.6496407333131,-9142425.308002999,7619764.124129931,1118.2283354928104,47.134147121591475,30745.404810468946,1334.7774000000002,0.0,77.993647157614,1,True,False,False,True,True,3.197442310920451e-14,1.862645149230957e-09,3.637978807091713e-12,51676925.8293436,19682627.566147584,0.0709524572992296,1723690.8238695164,4887666.217118199,88.71569199999999,90.86534146,97157666.77123685,1224.0519151427545,1031596.0992590289,-7619764.124129931,-2554257.2831320986,inf,4665.228078934119,6.472120271171252,40.496158171417974,44837.68180421549,31057.49232197327,45123.0537368736,conditionally_feasible,F1 society savings;F2 operator self-financing,8175.812593743543,-193.2530733928354,9142425.308002999,pipe_cost: removing it entirely closes only 40% of the gap; interface_cost: removing it entirely closes only 15% of the gap; source_side_electricity (A17 -> 0): removing it entirely closes only 19% of the gap; soft_costs (A21 -> 0): removing it entirely closes only 15% of the gap,False,5708.640350166201,,post_rebuild,0.9992520080098906,0.45407967098809743,0.9957216989720624,0.6744845646833402,0.2772633947356269,0.34243177635036526,0.6300282050228093,0.60750928623422,0.7278025658356929,0.4554000000000001,0.0,0.7799364715761398,0.5,0.8163511259900168,0.4313932452564441,0.6551133523642408,0.433834117894035,True,0.5841729603761842
post_rebuild|1634606+4040951+4769672+8899918+R4473909,5,4040951|4769672|8899918|1634606|rebuild:4473909,Manhattan Chelsea Market; London Terrace Towers; 61 9th Ave; M070 (OECID: 0100079; BBL: 1007410010); Rebuilt Elliott-Chelsea,99.36905530855346,45.294925487695366,0.6309446914465476,303.25367331736425,-10612393.703202507,9179264.788784418,1006.462429726761,51.22492176066987,30745.404810468946,1596.2225999999998,0.0,79.65592337334043,1,True,False,False,True,True,1.7763568394002505e-14,1.862645149230957e-09,7.275957614183426e-12,67618180.27379899,21400204.873884413,0.0709524572992296,1873290.0239931038,5260729.440181536,88.71569199999999,90.86534146,116562673.60975292,1601.6464163511368,1121128.3687140094,-9179264.788784418,-2554257.2831320986,inf,4665.228078934119,6.985291364611925,40.496158171417996,48501.28440458058,33752.97340528115,48809.24373687359,conditionally_feasible,F1 society savings;F2 operator self-financing,10544.252214246693,-225.83740142881368,10612393.703202507,pipe_cost: removing it entirely closes only 45% of the gap; interface_cost: removing it entirely closes only 14% of the gap; source_side_electricity (A17 -> 0): removing it entirely closes only 18% of the gap; soft_costs (A21 -> 0): removing it entirely closes only 16% of the gap,False,5750.6169808549375,,post_rebuild,0.9992669489923549,0.45388188889523157,0.995736587168758,0.6308983873555714,0.1610579096481613,0.20785043431251438,0.6003321036495195,0.6602350430983585,0.7278025658356929,0.5446,0.0,0.796559233733404,0.5,0.8162951416854481,0.333268910438749,0.6627899041945237,0.460289808433351,True,0.568160941188018
post_rebuild|1633052+19906892+4040951+7536925+8899918,5,4040951|7536925|19906892|1633052|8899918,Manhattan Chelsea Market; 111 Eighth Avenue; 363 West 16th Street; M440 (OECID: 0100175; BBL: 1007420007); 61 9th Ave,83.11941538550866,46.044401596018304,0.6375633303520452,262.6178174889433,-5604460.491100602,3858385.135034848,1721.642171306048,27.488190921956217,28083.62907608354,0.0,0.0,82.7168421093647,1,True,False,False,True,,3.197442310920451e-14,0.0,0.0,21486285.41521193,11296801.620835897,0.0709524572992296,1005240.2631731223,3118243.659749359,88.71569199999999,90.86534146,50114594.91063991,508.93756526166925,601617.134550583,-3858385.135034848,-2347692.4906163365,inf,4261.337124418146,3.977256766739167,,27342.495596202607,18112.43717429049,32895.43781003253,conditionally_feasible,F1 society savings;F2 operator self-financing,3255.2992628247625,-177.00353044391028,5604460.491100602,pipe_cost: removing it entirely closes only 27% of the gap; interface_cost: removing it entirely closes only 14% of the gap; source_side_electricity (A17 -> 0): removing it entirely closes only 18% of the gap; soft_costs (A21 -> 0): removing it entirely closes only 13% of the gap,False,,,post_rebuild,0.8358586519354377,0.46139208188185815,0.9956702645002472,0.7261014896938023,0.5569503044087629,0.6670301838653401,0.7903547224481148,0.3542936971743329,0.6647932406663836,0.0,0.0,0.8271684210936467,0.5,0.764306999439181,0.6500273259893018,0.6031472200962771,0.3317921052734117,True,0.5873184126995429
post_rebuild|1633052+1634606+19906892+4040951+7536925,5,4040951|7536925|19906892|1633052|1634606,Manhattan Chelsea Market; 111 Eighth Avenue; 363 West 16th Street; M440 (OECID: 0100175; BBL: 1007420007); M070 (OECID: 0100079; BBL: 1007410010),82.35091506258017,46.260831299326235,0.6339801741150161,259.5260160943088,-5203239.34469013,3569201.775137879,1627.1053734264756,26.008580220383433,26341.15775238528,0.0,0.0,81.7270232699355,2,True,False,False,True,,2.6645352591003757e-14,9.313225746154785e-10,0.0,19236146.165524006,10638720.257260956,0.0709524572992296,951131.0547764809,2948278.4894465245,88.71569199999999,90.86534146,46419205.850465454,455.63936275221533,569233.8048124453,-3569201.775137879,-2203271.374364697,inf,3996.9390396908098,3.7416838230764666,,25861.394971059086,17137.496482459115,31403.895088969533,conditionally_feasible,F1 society savings;F2 operator self-financing,3197.85026198566,-169.7944450146083,5203239.34469013,pipe_cost: removing it entirely closes only 26% of the gap; interface_cost: removing it entirely closes only 15% of the gap; source_side_electricity (A17 -> 0): removing it entirely closes only 18% of the gap; soft_costs (A21 -> 0): removing it entirely closes only 13% of the gap,False,,,post_rebuild,0.8281305219798107,0.4635608352574901,0.9957061698407144,0.7333450699896307,0.5886680597688365,0.6919860466950436,0.7652363796574748,0.33522308072935575,0.62354561006596,0.0,0.0,0.8172702326993546,1.0,0.7624658423593385,0.6713330588178369,0.5746683568175969,0.45431755817483865,True,0.6156962040424028
post_rebuild|1633052+19906892+4040951+7536925+R2831044,5,4040951|7536925|19906892|1633052|rebuild:2831044,Manhattan Chelsea Market; 111 Eighth Avenue; 363 West 16th Street; M440 (OECID: 0100175; BBL: 1007420007); Rebuilt Fulton,88.2542124516484,45.88822503528427,0.6212328001124572,230.82755304585518,-5950850.1296650525,4943006.202478637,918.0335434615754,44.726417198542684,23789.029458410572,1334.7774000000002,0.0,88.85360097434936,1,True,False,False,True,True,8.881784197001252e-15,1.862645149230957e-09,3.637978807091713e-12,21115416.839554593,18443741.552685212,0.0709524572992296,1635640.3927455782,4603967.231936882,88.71569199999999,90.86534146,63865452.96989924,500.1529407312012,978899.594742273,-4943006.202478637,-1986743.5219286904,inf,3609.68570373737,6.016583557634043,40.49615817141795,42396.173636497464,29470.998067487897,48038.69691741337,conditionally_feasible,F1 society savings;F2 operator self-financing,6482.170691962442,-64.94572794121768,5950850.1296650525,pipe_cost: removing it entirely closes only 25% of the gap; interface_cost: removing it entirely closes only 22% of the gap; source_side_electricity (A17 -> 0): removing it entirely closes only 27% of the gap; soft_costs (A21 -> 0): removing it entirely closes only 15% of the gap,False,3703.2438536033324,,post_rebuild,0.8874947773071025,0.4598271005594718,0.9958339060524077,0.8005808315812682,0.5295671469816329,0.5734298653996525,0.5768366275214519,0.5764761950185714,0.5631318496309634,0.4554000000000001,0.0,0.8885360097434932,0.5,0.781051927972994,0.6345259479875178,0.5721482240569956,0.46098400243587334,True,0.6121775256133453
post_rebuild|1634606+19906892+4040951+7536925+8899918,5,4040951|7536925|19906892|8899918|1634606,Manhattan Chelsea Market; 111 Eighth Avenue; 363 West 16th Street; 61 9th Ave; M070 (OECID: 0100079; BBL: 1007410010),81.74563727672513,46.43551675889382,0.6311104342833213,257.2383270406445,-4916633.0327163385,3363931.7157758293,1558.47434176546,24.934424852491915,25076.17303460919,0.0,0.0,100.00000000000003,1,True,False,False,True,,2.4868995751603507e-14,0.0,0.0,17660282.931013767,10160971.868146172,0.0709524572992296,911849.3054691588,2824888.600578244,88.71569199999999,90.86534146,43794132.27959571,418.3124827327771,545724.4266824774,-3363931.7157758293,-2098425.7436229866,inf,3804.993535600973,3.5706645531453165,,24786.157960949407,16429.71721566052,30321.077413640272,conditionally_feasible,F1 society savings;F2 operator self-financing,3154.7731656247306,-164.38427477798695,4916633.0327163385,pipe_cost: removing it entirely closes only 25% of the gap; interface_cost: removing it entirely closes only 15% of the gap; source_side_electricity (A17 -> 0): removing it entirely closes only 19% of the gap; soft_costs (A21 -> 0): removing it entirely closes only 13% of the gap,False,,,post_rebuild,0.8220437771226102,0.4653112866711392,0.9957349263277032,0.7387047478075082,0.6113251628880663,0.7097003835307092,0.7470011758214756,0.3213783545445575,0.5936010011393315,0.0,0.0,0.9999999999999999,0.5,0.7610299967071509,0.6865767647420945,0.5539935105017881,0.375,True,0.5941500679877584
post_rebuild|19906892+4040951+7536925+8899918+R2831044,5,4040951|7536925|19906892|8899918|rebuild:2831044,Manhattan Chelsea Market; 111 Eighth Avenue; 363 West 16th Street; 61 9th Ave; Rebuilt Fulton,87.9994950437516,45.977113079684635,0.619179216909185,221.79986074995685,-5378771.788302537,4452264.113727863,849.4025118005602,43.65226183065116,22524.044740634483,1334.7774000000002,0.0,100.0,0,True,False,False,True,True,8.881784197001252e-15,9.313225746154785e-10,0.0,16013137.744269228,17965993.16357043,0.0709524572992296,1596358.643438256,4480577.343068601,88.71569199999999,90.86534146,57713963.538254365,379.29717390788625,955390.2166123048,-4452264.113727863,-1881897.89118698,inf,3417.740199647533,5.845564287702893,40.49615817141798,41320.93662638779,28763.218800689297,46955.879242084105,conditionally_feasible,F1 society savings;F2 operator self-financing,6332.418039241063,-44.503007441753425,5378771.788302537,pipe_cost: removing it entirely closes only 21% of the gap; interface_cost: removing it entirely closes only 24% of the gap; source_side_electricity (A17 -> 0): removing it entirely closes only 30% of the gap; soft_costs (A21 -> 0): removing it entirely closes only 15% of the gap,False,3335.5854794423867,,post_rebuild,0.8849333089882789,0.46071781123088246,0.9958544841682402,0.8217312244056112,0.5747916847221475,0.6157797857269836,0.558601423685453,0.5626314688337731,0.5331872407043349,0.4554000000000001,0.0,0.9999999999999996,0.0,0.7805018681291339,0.6707675649515807,0.551473377741187,0.3638499999999999,True,0.5916482027054754
post_rebuild|1634606+19906892+4040951+7536925+R2831044,5,4040951|7536925|19906892|1634606|rebuild:2831044,Manhattan Chelsea Market; 111 Eighth Avenue; 363 West 16th Street; M070 (OECID: 0100079; BBL: 1007410010); Rebuilt Fulton,87.62876366363275,46.10758830837593,0.616168818929602,225.44089559513762,-5263022.671280789,4448552.783219618,754.8657139209863,42.172651129078375,20781.573416936222,1334.7774000000002,0.0,100.00000000000003,1,True,False,False,True,True,8.881784197001252e-15,1.862645149230957e-09,0.0,17289414.355356425,17307911.799995486,0.0709524572992296,1542249.4350416146,4310612.172765767,88.71569199999999,90.86534146,57544990.338855036,409.527858202309,923006.886874167,-4448552.783219618,-1737476.7749353405,inf,3153.3421149201963,5.609991344040193,40.49615817141798,39839.836001244264,27788.27810885792,45464.33652102111,conditionally_feasible,F1 society savings;F2 operator self-financing,6972.131034993176,-49.049908040016135,5263022.671280789,pipe_cost: removing it entirely closes only 23% of the gap; interface_cost: removing it entirely closes only 23% of the gap; source_side_electricity (A17 -> 0): removing it entirely closes only 29% of the gap; soft_costs (A21 -> 0): removing it entirely closes only 16% of the gap,False,3332.80499296708,,post_rebuild,0.8812051904713346,0.4620252500358879,0.9958846501328948,0.8132008807985652,0.5839420054609362,0.6161000650650217,0.5334830808948126,0.5435608523887959,0.49193961010391124,0.4554000000000001,0.0,0.9999999999999999,0.5,0.7797050302133725,0.671080983774841,0.5229945144625066,0.48885,True,0.6156576321126801
post_rebuild|1633052+1634606+4040951+7536925+R2831044,5,4040951|7536925|1633052|1634606|rebuild:2831044,Manhattan Chelsea Market; 111 Eighth Avenue; M440 (OECID: 0100175; BBL: 1007420007); M070 (OECID: 0100079; BBL: 1007410010); Rebuilt Fulton,87.5447531881178,46.137338298331,0.6154830714530943,235.54257514412896,-5604223.321598853,4814159.881822865,734.2717023799187,41.85033092627973,20401.99133508979,1334.7774000000002,0.0,88.0415420786691,2,True,False,False,True,True,2.1316282072803006e-14,9.313225746154785e-10,3.637978807091713e-12,22093745.840847727,17164554.551808506,0.0709524572992296,1530462.218981917,4273586.752428861,88.71569199999999,90.86534146,62034486.84003895,523.3262520002816,915952.4627628806,-4814159.881822865,-1706015.9025388686,inf,3095.7453131409834,5.558673846204766,40.49615817141798,39517.1912316748,27575.895837512016,45139.41703251995,conditionally_feasible,F1 society savings;F2 operator self-financing,7632.356392646571,-69.12257442483156,5604223.321598853,pipe_cost: removing it entirely closes only 28% of the gap; interface_cost: removing it entirely closes only 22% of the gap; source_side_electricity (A17 -> 0): removing it entirely closes only 27% of the gap; soft_costs (A21 -> 0): removing it entirely closes only 16% of the gap,False,3606.713660137537,,post_rebuild,0.8803603712135631,0.46232336249528666,0.9958915217273746,0.7895343131261303,0.5569690533812501,0.5845490083044969,0.5280112704154488,0.5394064860047827,0.4829541758637019,0.4554000000000001,0.0,0.8804154207866906,1.0,0.7795250851454081,0.6436841249372924,0.5167906440946445,0.5839538551966726,True,0.6309884273435045
post_rebuild|1633052+1634606+4040951+7536925+R4473909,5,4040951|7536925|1633052|1634606|rebuild:4473909,Manhattan Chelsea Market; 111 Eighth Avenue; M440 (OECID: 0100175; BBL: 1007420007); M070 (OECID: 0100079; BBL: 1007410010); Rebuilt Elliott-Chelsea,88.43882637911628,46.04013548441124,0.6152518167477756,310.0813901963591,-9210608.673433281,8510077.503112275,622.5057966138693,45.94110556535813,20401.99133508979,1596.2225999999998,0.0,89.05613754227626,2,True,False,False,True,True,1.0658141036401503e-14,0.0,0.0,64426008.38945431,18882131.859545335,0.0709524572992296,1680061.419105504,4646649.975492198,88.71569199999999,90.86534146,107830501.78270622,1526.0346409641763,1005484.7322178616,-8510077.503112275,-1706015.9025388686,inf,3095.7453131409834,6.0718449396454375,40.496158171417996,43180.7938320399,30271.37692081989,48825.60703251994,conditionally_feasible,F1 society savings;F2 operator self-financing,14796.020733516927,-218.04931214677885,9210608.673433281,pipe_cost: removing it entirely closes only 50% of the gap; interface_cost: removing it entirely closes only 15% of the gap; source_side_electricity (A17 -> 0): removing it entirely closes only 18% of the gap; soft_costs (A21 -> 0): removing it entirely closes only 17% of the gap,False,5331.385173416462,,post_rebuild,0.8893512767522214,0.4613493329254661,0.9958938390360209,0.6149021737772964,0.27187329173708824,0.265599767173733,0.49831516904215906,0.5921322428689212,0.4829541758637019,0.5446,0.0,0.8905613754227623,1.0,0.7821981495712361,0.3841250775627059,0.5244671959249274,0.6087903438556905,True,0.57489519172864
post_rebuild|1633052+1634606+19906892+4040951+8899918,5,4040951|19906892|1633052|8899918|1634606,Manhattan Chelsea Market; 363 West 16th Street; M440 (OECID: 0100175; BBL: 1007420007); 61 9th Ave; M070 (OECID: 0100079; BBL: 1007410010),99.2999130516335,42.54554082240988,0.7000869483664944,275.38324079081417,-5980791.214551352,3985966.8638004395,1662.1257193684305,26.014198247646412,30635.757370058247,0.0,0.0,81.85262969577278,2,True,False,False,True,,1.7763568394002505e-14,0.0,0.0,22428318.049868673,11570245.495604033,0.0709524572992296,951336.5054451112,2988291.197646094,88.71569199999999,90.86534146,51711990.4745986,531.2511381391759,569356.7631211014,-3985966.8638004395,-2564181.1138720145,inf,4648.590460371586,4.141793007923619,,26040.393764549513,17141.19829630831,26223.984457075156,conditionally_feasible,F1 society savings;F2 operator self-financing,3598.278484508329,-222.31267296716948,5980791.214551352,pipe_cost: removing it entirely closes only 27% of the gap; interface_cost: removing it entirely closes only 14% of the gap; source_side_electricity (A17 -> 0): removing it entirely closes only 16% of the gap; soft_costs (A21 -> 0): removing it entirely closes only 12% of the gap,False,,,post_rebuild,0.9985716462957124,0.426331431713922,0.9950437409429301,0.6961942101195684,0.5272002129001793,0.6560201723495153,0.7745412543067873,0.33529549115663626,0.7252070011013801,0.0,0.0,0.8185262969577274,1.0,0.8066489396508548,0.6264715317897543,0.6116812488549345,0.45463157423943185,True,0.6248583236337439
post_rebuild|1633052+19906892+4040951+8899918+R2831044,5,4040951|19906892|1633052|8899918|rebuild:2831044,Manhattan Chelsea Market; 363 West 16th Street; M440 (OECID: 0100175; BBL: 1007420007); 61 9th Ave; Rebuilt Fulton,99.33825971262533,43.68749504140224,0.6617402873746925,240.64701686736112,-6728401.999526277,5359771.291141198,953.0538894035299,44.73203522580565,28083.62907608354,1334.7774000000002,0.0,88.90046377873695,1,True,False,False,True,True,3.197442310920451e-14,0.0,3.637978807091713e-12,24307588.723899264,19375266.79102829,0.0709524572992296,1635845.8434142082,4643979.940136451,88.71569199999999,90.86534146,69158237.59403238,575.7647161181618,979022.553050929,-5359771.291141198,-2347653.261436008,inf,4261.337124418146,6.416692742481195,40.49615817141795,42575.1724299879,29474.699881337085,42858.78628551899,conditionally_feasible,F1 society savings;F2 operator self-financing,7059.8337348345085,-99.64334539544649,6728401.999526277,pipe_cost: removing it entirely closes only 26% of the gap; interface_cost: removing it entirely closes only 20% of the gap; source_side_electricity (A17 -> 0): removing it entirely closes only 24% of the gap; soft_costs (A21 -> 0): removing it entirely closes only 15% of the gap,False,4015.4795032798706,,post_rebuild,0.9989572648448107,0.4377744870312098,0.9954279971203359,0.777575448772238,0.4680993001129754,0.537463991054124,0.5861415021707644,0.5765486054458518,0.6647932406663836,0.4554000000000001,0.0,0.8890046377873692,0.5,0.8107199163321188,0.5943795799797792,0.6091611160943332,0.4611011594468423,True,0.6188404429632683
post_rebuild|1633052+1634606+19906892+4040951+R2831044,5,4040951|19906892|1633052|1634606|rebuild:2831044,Manhattan Chelsea Market; 363 West 16th Street; M440 (OECID: 0100175; BBL: 1007420007); M070 (OECID: 0100079; BBL: 1007410010); Rebuilt Fulton,99.33964234482778,43.727645244139055,0.6603576551722234,237.90941364058668,-6327180.853115805,5070587.931244229,858.5170915239569,43.25242452423288,26341.15775238528,1334.7774000000002,0.0,88.50041751137785,2,True,False,False,True,True,8.881784197001252e-15,9.313225746154785e-10,3.637978807091713e-12,22057449.47421134,18717185.427453347,0.0709524572992296,1581736.6350175673,4474014.769833618,88.71569199999999,90.86534146,65462848.533857934,522.4665136087078,946639.223312791,-5070587.931244229,-2203232.145184369,inf,3996.9390396908098,6.181119798818495,40.49615817141798,41094.071804844374,28499.759189505716,41367.243564455996,conditionally_feasible,F1 society savings;F2 operator self-financing,7369.895038297261,-91.95384719392536,6327180.853115805,pipe_cost: removing it entirely closes only 25% of the gap; interface_cost: removing it entirely closes only 21% of the gap; source_side_electricity (A17 -> 0): removing it entirely closes only 25% of the gap; soft_costs (A21 -> 0): removing it entirely closes only 15% of the gap,False,3798.8266292523595,,post_rebuild,0.9989711687574345,0.43817681576144835,0.9954418519111088,0.7839892012291949,0.49981705547304894,0.5624198538838276,0.5610231593801243,0.5574779890008748,0.62354561006596,0.4554000000000001,0.0,0.885004175113778,1.0,0.8108632788099972,0.6154087035286905,0.580682252815653,0.5851010437784445,True,0.6480138197331964
post_rebuild|1633052+1634606+19906892+4040951+R4473909,5,4040951|19906892|1633052|1634606|rebuild:4473909,Manhattan Chelsea Market; 363 West 16th Street; M440 (OECID: 0100175; BBL: 1007420007); M070 (OECID: 0100079; BBL: 1007410010); Rebuilt Elliott-Chelsea,99.34353691639642,43.840366776010455,0.6564630836035971,309.6283778683397,-9933566.204950232,8766505.552533638,746.7511857579084,47.34319916331126,26341.15775238528,1596.2225999999998,0.0,89.44170637118343,2,True,False,False,True,True,2.6645352591003757e-14,3.725290298461914e-09,7.275957614183426e-12,64389712.02281793,20434762.735190175,0.0709524572992296,1731335.835141154,4847077.992896954,88.71569199999999,90.86534146,111258863.4765252,1525.1749025726026,1036171.4927677717,-8766505.552533638,-2203232.145184369,inf,3996.9390396908098,6.6942908922591675,40.496158171417996,44757.674405209465,31195.240272813586,45053.43356445599,conditionally_feasible,F1 society savings;F2 operator self-financing,13302.377544761779,-232.96517710888713,9933566.204950232,pipe_cost: removing it entirely closes only 46% of the gap; interface_cost: removing it entirely closes only 15% of the gap; source_side_electricity (A17 -> 0): removing it entirely closes only 17% of the gap; soft_costs (A21 -> 0): removing it entirely closes only 16% of the gap,False,5492.0319713138,,post_rebuild,0.999010333028816,0.4393063520451288,0.9954808778170127,0.6159635068819076,0.2147212938288872,0.24347061275306392,0.5313270580068348,0.610203745865013,0.62354561006596,0.5446,0.0,0.8944170637118339,1.0,0.8112658542969858,0.3580518044879529,0.5883588046459359,0.6097542659279584,True,0.5918576823397083
post_rebuild|1634606+19906892+4040951+8899918+R2831044,5,4040951|19906892|8899918|1634606|rebuild:2831044,Manhattan Chelsea Market; 363 West 16th Street; 61 9th Ave; M070 (OECID: 0100079; BBL: 1007410010); Rebuilt Fulton,99.34071024091787,43.75860828768362,0.659289759082119,235.91170447062242,-6040574.541142015,4865317.87188218,789.8860598629417,42.178269156341365,25076.17303460919,1334.7774000000002,0.0,100.00000000000003,1,True,False,False,True,True,2.4868995751603507e-14,0.0,3.637978807091713e-12,20481586.239701096,18239437.038338564,0.0709524572992296,1542454.8857102452,4350624.880965336,88.71569199999999,90.86534146,62837774.96298819,485.1396335892696,923129.8451828233,-4865317.87188218,-2098386.514442658,inf,3804.993535600973,6.010100528887345,40.49615817141798,40018.8347947347,27791.97992270712,40284.42588912674,conditionally_feasible,F1 society savings;F2 operator self-financing,7647.399856873223,-86.23331931020869,6040574.541142015,pipe_cost: removing it entirely closes only 24% of the gap; interface_cost: removing it entirely closes only 21% of the gap; source_side_electricity (A17 -> 0): removing it entirely closes only 26% of the gap; soft_costs (A21 -> 0): removing it entirely closes only 15% of the gap,False,3645.0406426436193,,post_rebuild,0.9989819076465632,0.43848708373382356,0.9954525528602616,0.7886695040473063,0.5224741585922786,0.5801341907194931,0.5427879555441253,0.5436332628160765,0.5936010011393315,0.4554000000000001,0.0,0.9999999999999999,0.5,0.8109738480802161,0.6304259511196927,0.5600074064998445,0.48885,True,0.6225643014249382
post_rebuild|1634606+19906892+4040951+R2831044+R4473909,5,4040951|19906892|1634606|rebuild:2831044|rebuild:4473909,Manhattan Chelsea Market; 363 West 16th Street; M070 (OECID: 0100079; BBL: 1007410010); Rebuilt Fulton; Rebuilt Elliott-Chelsea,97.73081030764156,43.68736496032506,2.2691896923584527,283.80372408896096,-10306740.520286769,10033912.958796224,-183.3982533675271,62.575212026039,19656.905065689196,2931.0,0.0,99.99999999999999,1,True,False,False,True,True,4.263256414560601e-14,1.862645149230957e-09,0.0,67211015.33150525,27103954.277924705,0.0709524572992296,2288368.950279861,6095598.676446349,88.71569199999999,90.86534146,127152683.08376968,1592.002053429095,1369545.193420886,-10033912.958796224,-1642372.7549114325,inf,2982.687852793207,8.562598413222894,40.4612825363778,57772.46903833317,41231.87297801552,59113.87499650757,conditionally_feasible,F1 society savings;F2 operator self-financing,,-153.3686088857791,10306740.520286769,pipe_cost: removing it entirely closes only 46% of the gap; interface_cost: removing it entirely closes only 19% of the gap; source_side_electricity (A17 -> 0): removing it entirely closes only 22% of the gap; soft_costs (A21 -> 0): removing it entirely closes only 18% of the gap,True,3423.3752844749997,,post_rebuild,0.9827925638965122,0.43777318354203565,0.9793204052790436,0.6764664077433686,0.18522072600886988,0.13409625113243528,0.2841871825031537,0.8065282754735534,0.4653165580804405,1.0,0.0,0.9999999999999994,0.5,0.7999620509058638,0.33192779496155794,0.5186773386857159,0.6249999999999999,True,0.5688917961382844
post_rebuild|1633052+1634606+4040951+8899918+R2831044,5,4040951|1633052|8899918|1634606|rebuild:2831044,Manhattan Chelsea Market; M440 (OECID: 0100175; BBL: 1007420007); 61 9th Ave; M070 (OECID: 0100079; BBL: 1007410010); Rebuilt Fulton,99.34104197178917,43.76821821512113,0.6589580282108347,246.0529385275991,-6381775.191460075,5230924.9704854265,769.2920483218722,41.85594895354271,24696.590952762763,1334.7774000000002,0.0,88.09546537807307,2,True,False,False,True,True,2.1316282072803006e-14,9.313225746154785e-10,0.0,25285917.725192394,18096079.790151577,0.0709524572992296,1530667.6696505467,4313599.46062843,88.71569199999999,90.86534146,67327271.4641721,598.9380273872421,916075.4210715368,-5230924.9704854265,-2066925.6420461861,inf,3747.3967338217603,5.958783031051916,40.49615817141795,39696.190025165226,27579.597651361204,39959.50640062557,conditionally_feasible,F1 society savings;F2 operator self-financing,8295.646894285766,-106.43895346225207,6381775.191460075,pipe_cost: removing it entirely closes only 28% of the gap; interface_cost: removing it entirely closes only 20% of the gap; source_side_electricity (A17 -> 0): removing it entirely closes only 24% of the gap; soft_costs (A21 -> 0): removing it entirely closes only 15% of the gap,False,3918.949309814075,,post_rebuild,0.9989852435713602,0.438583380879045,0.9954558769993973,0.7649102666920284,0.4955012065125929,0.5485831339589684,0.5373161450647611,0.5394788964320631,0.5846155668991221,0.4554000000000001,0.0,0.8809546537807303,1.0,0.8110081671499342,0.6029982023878632,0.5538035361319822,0.5840886634451826,True,0.6379746422787406
post_rebuild|1633052+1634606+4040951+8899918+R4473909,5,4040951|1633052|8899918|1634606|rebuild:4473909,Manhattan Chelsea Market; M440 (OECID: 0100175; BBL: 1007420007); 61 9th Ave; M070 (OECID: 0100079; BBL: 1007410010); Rebuilt Elliott-Chelsea,99.34494394940816,43.88095613794061,0.6550560505918442,319.39598788434273,-9988160.543294504,8926842.591774836,657.5261425558238,45.94672359262111,24696.59095276276,1596.2225999999998,0.0,89.10131622181875,2,True,False,False,True,True,2.1316282072803006e-14,0.0,3.637978807091713e-12,67618180.27379899,19813657.09788841,0.0709524572992296,1680266.8697741341,4686662.683691767,88.71569199999999,90.86534146,113123286.40683937,1601.6464163511368,1005607.6905265178,-8926842.591774836,-2066925.6420461861,inf,3747.39673382176,6.47195412449259,40.49615817141802,43359.792625530325,30275.078734669085,43645.696400625566,conditionally_feasible,F1 society savings;F2 operator self-financing,15190.514713940081,-251.12379624144774,9988160.543294504,pipe_cost: removing it entirely closes only 48% of the gap; interface_cost: removing it entirely closes only 14% of the gap; source_side_electricity (A17 -> 0): removing it entirely closes only 17% of the gap; soft_costs (A21 -> 0): removing it entirely closes only 16% of the gap,False,5592.479765525709,,post_rebuild,0.9990244823188582,0.4397130814097,0.9954949771182973,0.5930796089795265,0.2104054448684309,0.22963389282820457,0.5076200436914715,0.5922046532962018,0.584615566899122,0.5446,0.0,0.8910131622181872,1.0,0.8114108469489518,0.3443729822253873,0.5614800879622651,0.6089032905545468,True,0.5815418019227878
post_rebuild|1633052+1634606+4040951+R2831044+R4473909,5,4040951|1633052|1634606|rebuild:2831044|rebuild:4473909,Manhattan Chelsea Market; M440 (OECID: 0100175; BBL: 1007420007); M070 (OECID: 0100079; BBL: 1007410010); Rebuilt Fulton; Rebuilt Elliott-Chelsea,97.82469123737214,43.73429138802764,2.1753087626278877,284.1918408190641,-10266596.022437189,10013453.448707553,-200.4219415944517,62.31110063846208,19348.25232339528,2931.0,0.0,92.52791615856526,2,True,False,False,True,True,4.263256414560601e-14,0.0,0.0,67247311.69814165,26960597.029737722,0.0709524572992296,2278710.424496603,6065705.3953174185,88.71569199999999,90.86534146,126874144.4660987,1592.8617918206687,1363764.7498606923,-10013453.448707553,-1616907.3235903287,inf,2935.8536852528505,8.511280915387466,40.4612825363778,57510.11420738334,41057.845486425285,58788.9555080064,conditionally_feasible,F1 society savings;F2 operator self-financing,,-153.74926054610773,10266596.022437189,pipe_cost: removing it entirely closes only 46% of the gap; interface_cost: removing it entirely closes only 19% of the gap; source_side_electricity (A17 -> 0): removing it entirely closes only 22% of the gap; soft_costs (A21 -> 0): removing it entirely closes only 18% of the gap,True,3416.3948989107994,,post_rebuild,0.9837366416069134,0.43824341404612466,0.9802611476085332,0.6755571143121879,0.18839427100578118,0.1358618600786683,0.2796640037406406,0.8031241591300611,0.45801015703682035,1.0,0.0,0.9252791615856523,1.0,0.8007470677538571,0.33327108179887915,0.513599439969174,0.731319790396413,True,0.5947343449795808
post_rebuild|1633052+1634606+19906892+4769672+8899918,5,4769672|19906892|1633052|8899918|1634606,London Terrace Towers; 363 West 16th Street; M440 (OECID: 0100175; BBL: 1007420007); 61 9th Ave; M070 (OECID: 0100079; BBL: 1007410010),99.35491073036795,45.595803071831966,0.6450892696320729,347.8575150591598,-7692925.413851762,5759061.698037102,1645.891983588352,25.577061371872528,29953.876857547464,0.0,0.0,42.68527372850406,2,True,False,False,True,,1.0658141036401503e-14,9.313225746154785e-10,3.637978807091713e-12,46320080.45640499,10614803.358355656,0.0709524572992296,935350.455679478,2905828.5758145964,88.71569199999999,90.86534146,73460531.84786078,1097.1663326001137,559789.4170794446,-5759061.698037102,-2493653.1328941057,inf,4545.123677837628,3.745175826342215,,25460.795328915352,16853.161363594198,25626.106592769782,conditionally_feasible,F1 society savings;F2 operator self-financing,4674.015968581211,-365.7254618835635,7692925.413851762,pipe_cost: removing it entirely closes only 43% of the gap; interface_cost: removing it entirely closes only 10% of the gap; source_side_electricity (A17 -> 0): removing it entirely closes only 12% of the gap; soft_costs (A21 -> 0): removing it entirely closes only 14% of the gap,False,,,post_rebuild,0.9991247094445971,0.45689685988246176,0.9955948501464459,0.5263989490281905,0.39185078238569504,0.5030061417945368,0.7702279652041024,0.3296612593394576,0.7090655845333432,0.0,0.0,0.4268527372850404,1.0,0.817205473157835,0.4737519577361408,0.6029849363589678,0.3567131843212601,True,0.5626638878935509
post_rebuild|1633052+19906892+4769672+8899918+R2831044,5,4769672|19906892|1633052|8899918|rebuild:2831044,London Terrace Towers; 363 West 16th Street; M440 (OECID: 0100175; BBL: 1007420007); 61 9th Ave; Rebuilt Fulton,99.37215162481765,45.50450501721636,0.6278483751823491,288.9244778112499,-8642856.279443135,7335186.20599431,936.8201536234528,44.29489835003177,27401.748563572757,1334.7774000000002,0.0,65.25161163108368,1,True,False,False,True,True,2.6645352591003757e-14,1.862645149230957e-09,3.637978807091713e-12,50698596.82805045,18419824.653779916,0.0709524572992296,1619859.7936485754,4561517.318304955,88.71569199999999,90.86534146,93406024.66490942,1200.878603873674,969455.2070092722,-7335186.20599431,-2277125.280458099,inf,4157.870341884189,6.020075560899791,40.49615817141798,41995.573994353734,29186.66294862298,42260.90842121362,conditionally_feasible,F1 society savings;F2 operator self-financing,9225.736920810374,-198.6306718022862,8642856.279443135,pipe_cost: removing it entirely closes only 42% of the gap; interface_cost: removing it entirely closes only 15% of the gap; source_side_electricity (A17 -> 0): removing it entirely closes only 19% of the gap; soft_costs (A21 -> 0): removing it entirely closes only 15% of the gap,False,5495.43782056417,,post_rebuild,0.9992980859141746,0.45598199948617635,0.9957676140853382,0.664469327068351,0.31675585014355,0.36699020008500016,0.5818282130680799,0.5709143736286733,0.6486518240983468,0.4554000000000001,0.0,0.6525161163108365,0.5,0.8170158998285629,0.44940512576563374,0.6004648035983666,0.40197902907770916,True,0.5672162145675681
post_rebuild|1633052+19906892+4769672+8899918+R4473909,5,4769672|19906892|1633052|8899918|rebuild:4473909,London Terrace Towers; 363 West 16th Street; M440 (OECID: 0100175; BBL: 1007420007); 61 9th Ave; Rebuilt Elliott-Chelsea,99.37336233105452,45.46733754805828,0.6266376689455093,303.91244171288065,-9910504.594026193,8692366.790032344,825.0542478574034,48.38567298911017,27401.748563572757,1596.2225999999998,0.0,68.03975402613472,1,True,False,False,True,True,2.6645352591003757e-14,3.725290298461914e-09,3.637978807091713e-12,64140605.574890964,20137401.961516745,0.0709524572992296,1769458.9937721624,4934580.541368291,88.71569199999999,90.86534146,110311785.80581063,1519.2744117874818,1058987.4764642532,-8692366.790032344,-2277125.280458099,inf,4157.870341884189,6.533246654340464,40.496158171417996,45659.17659471883,31882.144031930853,45947.09842121361,conditionally_feasible,F1 society savings;F2 operator self-financing,12011.942996188362,-223.8599877799844,9910504.594026193,pipe_cost: removing it entirely closes only 46% of the gap; interface_cost: removing it entirely closes only 14% of the gap; source_side_electricity (A17 -> 0): removing it entirely closes only 18% of the gap; soft_costs (A21 -> 0): removing it entirely closes only 16% of the gap,False,5445.585590651545,,post_rebuild,0.9993102609189957,0.455609559506967,0.9957797460764555,0.6293550017495109,0.21654438451102573,0.24986861846129493,0.55213211169479,0.6236401304928118,0.6486518240983468,0.5446,0.0,0.6803975402613469,0.5,0.816899855500806,0.36525600157394383,0.6081413554286496,0.4312493850653367,True,0.5553866493921841
post_rebuild|1633052+1634606+19906892+4769672+R2831044,5,4769672|19906892|1633052|1634606|rebuild:2831044,London Terrace Towers; 363 West 16th Street; M440 (OECID: 0100175; BBL: 1007420007); M070 (OECID: 0100079; BBL: 1007410010); Rebuilt Fulton,99.37479446500323,45.61413610242416,0.6252055349967731,281.61988923655196,-7986689.059739933,6791056.77280461,842.2833557438789,42.81528764845899,25659.277239874496,1334.7774000000002,0.0,63.981303628634265,2,True,False,False,True,True,2.6645352591003757e-14,2.7939677238464355e-09,0.0,45299126.70196481,17761743.290204976,0.0709524572992296,1565750.585251934,4391552.14800212,88.71569199999999,90.86534146,86561304.72833726,1072.9833848272206,937071.8772711344,-6791056.77280461,-2132704.16420646,inf,3893.472257156852,5.7845026172370915,40.49615817141798,40514.47336921021,28211.722256791603,40769.36570015062,conditionally_feasible,F1 society savings;F2 operator self-financing,9482.18791844264,-181.73993328734332,7986689.059739933,pipe_cost: removing it entirely closes only 40% of the gap; interface_cost: removing it entirely closes only 16% of the gap; source_side_electricity (A17 -> 0): removing it entirely closes only 20% of the gap; soft_costs (A21 -> 0): removing it entirely closes only 15% of the gap,False,5087.78225702998,,post_rebuild,0.9993246626270227,0.4570805676701392,0.9957940969039445,0.6815827723111915,0.36862787019045407,0.41394732618355756,0.5567098702774395,0.551843757183696,0.6074041934979231,0.4554000000000001,0.0,0.6398130362863423,1.0,0.8173997757337021,0.48805265622840105,0.5719859403196862,0.5238032590715855,True,0.6003104078383438
post_rebuild|1633052+1634606+19906892+4769672+R4473909,5,4769672|19906892|1633052|1634606|rebuild:4473909,London Terrace Towers; 363 West 16th Street; M440 (OECID: 0100175; BBL: 1007420007); M070 (OECID: 0100079; BBL: 1007410010); Rebuilt Elliott-Chelsea,99.3758266515733,45.56604632815335,0.624173348426684,294.7898300847378,-9125060.821352266,8018960.803871919,730.5174499778304,46.90606228753738,25659.277239874496,1596.2225999999998,0.0,66.96826462210926,2,True,False,False,True,True,2.6645352591003757e-14,1.862645149230957e-09,0.0,57144191.30055208,19479320.597941805,0.0709524572992296,1715349.785375521,4764615.371065456,88.71569199999999,90.86534146,101870121.72098522,1353.5529770427363,1026604.1467261151,-8018960.803871919,-2132704.1642064597,inf,3893.472257156852,6.297673710677764,40.49615817141802,44178.07596957529,30907.203340099477,44455.55570015062,conditionally_feasible,F1 society savings;F2 operator self-financing,12491.229089228726,-203.1683178126516,9125060.821352266,pipe_cost: removing it entirely closes only 44% of the gap; interface_cost: removing it entirely closes only 15% of the gap; source_side_electricity (A17 -> 0): removing it entirely closes only 19% of the gap; soft_costs (A21 -> 0): removing it entirely closes only 16% of the gap,False,5023.710855786605,,post_rebuild,0.9993350424170032,0.4565986797467666,0.995804440022629,0.6507277749007184,0.2786361103675636,0.30798201552988247,0.52701376890415,0.6045695140478345,0.6074041934979231,0.5446,0.0,0.6696826462210923,1.0,0.8172460540621329,0.41244863359938816,0.5796624921499692,0.5535706615552731,True,0.590731960341691
post_rebuild|1634606+19906892+4769672+8899918+R2831044,5,4769672|19906892|8899918|1634606|rebuild:2831044,London Terrace Towers; 363 West 16th Street; 61 9th Ave; M070 (OECID: 0100079; BBL: 1007410010); Rebuilt Fulton,99.3768375481633,45.69895540839257,0.6231624518367151,297.0355873237773,-8341012.980419202,7226716.946095622,773.6523240828628,41.74113228056747,24394.292522098407,1334.7774000000002,0.0,74.98141603366739,1,True,False,False,True,True,8.881784197001252e-15,3.725290298461914e-09,0.0,51640629.46270721,17283994.90109019,0.0709524572992296,1526468.8359446118,4268162.259133839,88.71569199999999,90.86534146,91853597.15272015,1223.1921767511808,913562.4991411662,-7226716.946095622,-2027858.533464749,inf,3701.526753067015,5.61348334730594,40.49615817141798,39439.23635910053,27503.942989993004,39686.54802482136,conditionally_feasible,F1 society savings;F2 operator self-financing,10781.34547105145,-211.8412574850983,8341012.980419202,pipe_cost: removing it entirely closes only 44% of the gap; interface_cost: removing it entirely closes only 15% of the gap; source_side_electricity (A17 -> 0): removing it entirely closes only 18% of the gap; soft_costs (A21 -> 0): removing it entirely closes only 16% of the gap,False,5414.173888541731,,post_rebuild,0.9993452081124311,0.45793050718087275,0.9958145698031462,0.6454663364027118,0.3406174835623533,0.3763508492324322,0.5384746664414403,0.5379990309988978,0.5774595845712945,0.4554000000000001,0.0,0.7498141603366736,0.5,0.8176967616988167,0.4541448897324991,0.5513110940038776,0.42630354008416843,True,0.5623640713798405
post_rebuild|1634606+19906892+4769672+8899918+R4473909,5,4769672|19906892|8899918|1634606|rebuild:4473909,London Terrace Towers; 363 West 16th Street; 61 9th Ave; M070 (OECID: 0100079; BBL: 1007410010); Rebuilt Elliott-Chelsea,99.37772186482376,45.641989603995064,0.6222781351762418,312.22303725702875,-9608661.295002257,8583897.530133655,661.8864183168143,45.83190691964587,24394.292522098407,1596.2225999999998,0.0,77.10791515737255,1,True,False,False,True,True,1.4210854715202004e-14,0.0,3.637978807091713e-12,65082638.209547706,19001572.20882702,0.0709524572992296,1676068.036068199,4641225.482197175,88.71569199999999,90.86534146,108759358.29362133,1541.5879846649884,1003094.768596147,-8583897.530133655,-2027858.533464749,inf,3701.526753067015,6.126654440746613,40.49615817141802,43102.838959465626,30199.42407330088,43372.73802482136,conditionally_feasible,F1 society savings;F2 operator self-financing,14517.084848843411,-237.60335598275486,9608661.295002257,pipe_cost: removing it entirely closes only 48% of the gap; interface_cost: removing it entirely closes only 14% of the gap; source_side_electricity (A17 -> 0): removing it entirely closes only 17% of the gap; soft_costs (A21 -> 0): removing it entirely closes only 16% of the gap,False,5377.63187298166,,post_rebuild,0.9993541009051471,0.45735967619651885,0.9958234311780555,0.609884648241469,0.2404060179298291,0.2592292676087272,0.5087785650681507,0.5907247878630363,0.5774595845712945,0.5446,0.0,0.7710791515737251,0.5,0.8175124027599071,0.36983997792667517,0.5589876458341605,0.45391978789343124,True,0.5500649536035435
post_rebuild|1633052+1634606+4769672+8899918+R2831044,5,4769672|1633052|8899918|1634606|rebuild:2831044,London Terrace Towers; M440 (OECID: 0100175; BBL: 1007420007); 61 9th Ave; M070 (OECID: 0100079; BBL: 1007410010); Rebuilt Fulton,99.37747253886347,45.72532927187383,0.6225274611365131,297.9637227895258,-8296229.471376935,7206339.88533854,753.0583125417934,41.41881207776883,24014.710440251976,1334.7774000000002,0.0,62.69412912443223,2,True,False,False,True,True,1.2434497875801753e-14,1.862645149230957e-09,7.275957614183426e-12,51676925.8293436,17140637.652903203,0.0709524572992296,1514681.6198849138,4231136.838796932,88.71569199999999,90.86534146,91575058.53504914,1224.0519151427545,906508.0750298803,-7206339.88533854,-1996397.6610682772,inf,3643.929951287802,5.562165849470514,40.49615817141795,39116.59158953106,27291.560718647095,39361.628536320204,conditionally_feasible,F1 society savings;F2 operator self-financing,11016.715881370088,-213.28796463348613,8296229.471376935,pipe_cost: removing it entirely closes only 44% of the gap; interface_cost: removing it entirely closes only 15% of the gap; source_side_electricity (A17 -> 0): removing it entirely closes only 18% of the gap; soft_costs (A21 -> 0): removing it entirely closes only 16% of the gap,False,5398.907627098376,,post_rebuild,0.9993515936538618,0.45819478886023196,0.9958209327847679,0.6432918682162292,0.3441577565431674,0.37810934298984433,0.5330028559620761,0.5338446646148846,0.5684741503310852,0.4554000000000001,0.0,0.6269412912443221,1.0,0.8177891050996206,0.4551863225830803,0.5451072236360153,0.5205853228110806,True,0.5846669935324491
post_rebuild|1633052+1634606+4769672+8899918+R4473909,5,4769672|1633052|8899918|1634606|rebuild:4473909,London Terrace Towers; M440 (OECID: 0100175; BBL: 1007420007); 61 9th Ave; M070 (OECID: 0100079; BBL: 1007410010); Rebuilt Elliott-Chelsea,99.37830915590241,45.6655283311443,0.6216908440975707,313.18623174498737,-9563877.785959987,8563520.469376571,641.2924067757449,45.50958671684721,24014.710440251976,1596.2225999999998,0.0,65.8889226062462,2,True,False,False,True,True,1.0658141036401503e-14,1.862645149230957e-09,0.0,65118934.576184094,18858214.96064003,0.0709524572992296,1664280.8200085007,4604200.061860269,88.71569199999999,90.86534146,108480819.67595032,1542.4477230565622,996040.3444848608,-8563520.469376571,-1996397.6610682772,inf,3643.929951287802,6.075336942911186,40.496158171418024,42780.194189896145,29987.04180195497,43047.81853632019,conditionally_feasible,F1 society savings;F2 operator self-financing,14913.443048616047,-239.1400112846688,9563877.785959987,pipe_cost: removing it entirely closes only 48% of the gap; interface_cost: removing it entirely closes only 14% of the gap; source_side_electricity (A17 -> 0): removing it entirely closes only 17% of the gap; soft_costs (A21 -> 0): removing it entirely closes only 16% of the gap,False,5364.866071547021,,post_rebuild,0.9993600067735537,0.4575955481363808,0.9958293161813146,0.6076280425532332,0.24394629091064352,0.26098776136613944,0.5033067545887865,0.5865704214790228,0.5684741503310852,0.5446,0.0,0.6588892260624617,1.0,0.8175949570304164,0.37085403161000546,0.5527837754662981,0.5508723065156154,True,0.5730262676555838
post_rebuild|1633052+1634606+4769672+R2831044+R4473909,5,4769672|1633052|1634606|rebuild:2831044|rebuild:4473909,London Terrace Towers; M440 (OECID: 0100175; BBL: 1007420007); M070 (OECID: 0100079; BBL: 1007410010); Rebuilt Fulton; Rebuilt Elliott-Chelsea,98.3527728967883,45.23523353750738,1.6472271032117092,277.4216254967347,-9812893.562811643,9597076.360893108,-198.7523066756139,62.16559644126561,19021.501702253656,2931.0,0.0,75.17272481458907,2,True,False,False,True,True,2.842170943040401e-14,0.0,7.275957614183426e-12,64097980.82174391,26005154.89248935,0.0709524572992296,2273389.351243807,6018967.366869934,88.71569199999999,90.86534146,121581592.55642682,1518.264775283669,1360580.1889548488,-9597076.360893108,-1576397.390873384,inf,2886.2733924593067,8.114663733806061,40.46201968894944,57232.538441103025,40961.97029268121,58191.077643701035,conditionally_feasible,F1 society savings;F2 operator self-financing,,-139.93290944474063,9812893.562811643,pipe_cost: removing it entirely closes only 46% of the gap; interface_cost: removing it entirely closes only 19% of the gap; source_side_electricity (A17 -> 0): removing it entirely closes only 23% of the gap; soft_costs (A21 -> 0): removing it entirely closes only 18% of the gap,True,3274.335162365441,,post_rebuild,0.9890470931049683,0.4532837403209388,0.9855528375381668,0.6914186112351293,0.224260834245059,0.17179425083804967,0.2801076242478638,0.8012487639785402,0.4502753445690298,1.0,0.0,0.7517272481458904,1.0,0.8092945569880247,0.3624912321060793,0.5105439109318112,0.6879318120364726,True,0.5925653780155969
post_rebuild|1633052+1634606+19906892+7536925+R2831044,5,7536925|19906892|1633052|1634606|rebuild:2831044,111 Eighth Avenue; 363 West 16th Street; M440 (OECID: 0100175; BBL: 1007420007); M070 (OECID: 0100079; BBL: 1007410010); Rebuilt Fulton,85.9351232738716,46.72080357859538,0.6020833942304804,234.61769903846783,-4547864.920722325,4166166.6304958235,389.6956909699711,36.457316085255734,14050.879046719256,1334.7774000000002,0.0,86.14941265809001,2,True,False,False,True,True,1.509903313490213e-14,9.313225746154785e-10,7.275957614183426e-12,18908118.59781361,14765921.886751108,0.0709524572992296,1333240.2310570125,3654082.794444502,88.71569199999999,90.86534146,53581086.345124535,447.8694970717082,797918.8626450188,-4166166.6304958235,-1179617.1528715193,inf,2132.04398727388,4.700036922339454,40.49615817141798,34118.74578655985,24022.346505531757,39702.91132046771,conditionally_feasible,F1 society savings;F2 operator self-financing,11670.298199609222,-54.30080356562934,4547864.920722325,pipe_cost: removing it entirely closes only 29% of the gap; interface_cost: removing it entirely closes only 23% of the gap; source_side_electricity (A17 -> 0): removing it entirely closes only 29% of the gap; soft_costs (A21 -> 0): removing it entirely closes only 17% of the gap,False,3121.244509006388,,post_rebuild,0.8641737428067499,0.46817002899622007,0.9960257944023576,0.7917011451699594,0.640477406894807,0.6404693444554179,0.43645773183407977,0.46989623076946063,0.33261119459930355,0.4554000000000001,0.0,0.8614941265808997,1.0,0.7761231887351091,0.6908826321733947,0.4129883857342813,0.579223531645225,True,0.6148044345720025
post_rebuild|1633052+1634606+19906892+7536925+R4473909,5,7536925|19906892|1633052|1634606|rebuild:4473909,111 Eighth Avenue; 363 West 16th Street; M440 (OECID: 0100175; BBL: 1007420007); M070 (OECID: 0100079; BBL: 1007410010); Rebuilt Elliott-Chelsea,87.07796943722839,46.54865911816825,0.6031185038546919,311.12000960351776,-7822653.638969577,7530487.618198058,277.9297852039226,40.54809072433413,14050.879046719256,1596.2225999999998,0.0,87.49244849278065,2,True,False,False,True,True,1.509903313490213e-14,9.313225746154785e-10,3.637978807091713e-12,57144191.300552085,16483499.194487939,0.0709524572992296,1482839.4311805996,4027146.0175078386,88.71569199999999,90.86534146,95280911.4419237,1353.5529770427365,887451.1320999996,-7530487.618198058,-1179617.1528715193,inf,2132.04398727388,5.213208015780126,40.49615817141802,37782.34838692493,26717.82758883963,43389.10132046771,conditionally_feasible,F1 society savings;F2 operator self-financing,28146.150774124264,-209.23072774151427,7822653.638969577,pipe_cost: removing it entirely closes only 52% of the gap; interface_cost: removing it entirely closes only 15% of the gap; source_side_electricity (A17 -> 0): removing it entirely closes only 19% of the gap; soft_costs (A21 -> 0): removing it entirely closes only 17% of the gap,True,4717.692643994677,,post_rebuild,0.8756663387188182,0.4664450398937931,0.9960154219929455,0.6124688599539649,0.38159537051522036,0.35013613470882976,0.40676163046079017,0.5226219876335991,0.33261119459930355,0.5446,0.0,0.8749244849278062,1.0,0.7793756002018523,0.4480667883926717,0.4206649375645643,0.6048811212319516,True,0.56324711184776
post_rebuild|1633052+19906892+7536925+R2831044+R4473909,5,7536925|19906892|1633052|rebuild:2831044|rebuild:4473909,111 Eighth Avenue; 363 West 16th Street; M440 (OECID: 0100175; BBL: 1007420007); Rebuilt Fulton; Rebuilt Elliott-Chelsea,90.15816053220789,46.02150758321596,0.9697953015858439,279.7011980526913,-8887332.85974275,9236606.231955249,-443.5215422656793,59.07119075187376,11267.962377781681,2931.0,0.0,91.62800966433981,1,True,False,False,True,True,2.842170943040401e-14,1.862645149230957e-09,0.0,63119651.82045079,24288520.489912193,0.0709524572992296,2160227.259260371,5659202.799063337,88.71569199999999,90.86534146,116823348.40722558,1495.0914640145888,1292854.8341188575,-9236606.231955249,-943581.4619063608,inf,1709.7714211686312,7.4881077503377025,40.47567506872639,54116.44695869265,38923.01368036704,60023.903148911544,conditionally_feasible,F1 society savings;F2 operator self-financing,,-126.63353813534349,8887332.85974275,pipe_cost: removing it entirely closes only 50% of the gap; interface_cost: removing it entirely closes only 19% of the gap; source_side_electricity (A17 -> 0): removing it entirely closes only 24% of the gap; soft_costs (A21 -> 0): removing it entirely closes only 19% of the gap,True,3151.349789135192,,post_rebuild,0.9066411039335645,0.46116267036029723,0.9923411040472524,0.6860779490315692,0.2974292308100877,0.20290199886056326,0.215072656890643,0.7613651486702574,0.26673423169556504,1.0,0.0,0.9162800966433977,0.5,0.7867149594470381,0.39546972623407334,0.4143906790854885,0.6040700241608494,True,0.5501613472318623
post_rebuild|1634606+19906892+7536925+R2831044+R4473909,5,7536925|19906892|1634606|rebuild:2831044|rebuild:4473909,111 Eighth Avenue; 363 West 16th Street; M070 (OECID: 0100079; BBL: 1007410010); Rebuilt Fulton; Rebuilt Elliott-Chelsea,90.04978013738936,46.3293565599827,0.6507481993596606,284.9016560182579,-8597955.761796836,9127487.193542803,-595.9780398789271,56.68544527098002,8459.18074685826,2931.0,0.0,100.00000000000003,1,True,False,False,True,True,6.217248937900877e-15,3.725290298461914e-09,0.0,64061684.45510752,23152690.737222467,0.0709524572992296,2072980.7968836084,5386221.716777238,88.71569199999999,90.86534146,115270920.89503628,1517.4050368920953,1240639.48957118,-9127487.193542803,-711108.057825216,inf,1283.574172735705,7.0815155367438525,40.49477032851112,51733.18693857913,37351.00534925421,57449.54275251929,conditionally_feasible,F1 society savings;F2 operator self-financing,,-132.37571631584564,8597955.761796836,pipe_cost: removing it entirely closes only 53% of the gap; interface_cost: removing it entirely closes only 19% of the gap; source_side_electricity (A17 -> 0): removing it entirely closes only 24% of the gap; soft_costs (A21 -> 0): removing it entirely closes only 19% of the gap,True,3114.1205027440474,,post_rebuild,0.905551217890826,0.4642474988165734,0.9955381443303699,0.6738941344715415,0.32030537301139267,0.2123187224082127,0.17456510159362343,0.7306154136534051,0.200244995646796,1.0,0.0,0.9999999999999999,0.5,0.788445620345923,0.402172743297049,0.36847517029794147,0.625,True,0.5460233834852284
post_rebuild|1633052+1634606+7536925+R2831044+R4473909,5,7536925|1633052|1634606|rebuild:2831044|rebuild:4473909,111 Eighth Avenue; M440 (OECID: 0100175; BBL: 1007420007); M070 (OECID: 0100079; BBL: 1007410010); Rebuilt Fulton; Rebuilt Elliott-Chelsea,90.03038017193244,46.368029691942404,0.6137729307748813,285.4715178718062,-8554594.414666688,9107065.871338617,-615.427991001382,56.381484135363166,8101.7009278999485,2931.0,0.0,90.81167845006426,2,True,False,False,True,True,1.4210854715202004e-14,1.862645149230957e-09,0.0,64097980.82174392,23009333.489035483,0.0709524572992296,2061864.9699880006,5351436.328410965,88.71569199999999,90.86534146,114992382.2773653,1518.2647752836692,1233986.8790758676,-9107065.871338617,-681515.422403937,inf,1229.3311110704792,7.030198038908425,40.495616836084096,51429.51549637968,37150.72017996397,57124.623264018126,conditionally_feasible,F1 society savings;F2 operator self-financing,,-132.8804177998922,8554594.414666688,pipe_cost: removing it entirely closes only 53% of the gap; interface_cost: removing it entirely closes only 19% of the gap; source_side_electricity (A17 -> 0): removing it entirely closes only 24% of the gap; soft_costs (A21 -> 0): removing it entirely closes only 19% of the gap,True,3107.1531461407767,,post_rebuild,0.9053561295483585,0.4646350264257784,0.9959086583463876,0.672559042217275,0.323733219755418,0.21408103582731952,0.16939726694602553,0.7266976762206013,0.19178276426372612,1.0,0.0,0.9081167845006423,1.0,0.7886332714401748,0.40345776593333754,0.36262590247678433,0.7270291961251606,True,0.5704365339938643
post_rebuild|1633052+1634606+19906892+8899918+R2831044,5,19906892|1633052|8899918|1634606|rebuild:2831044,363 West 16th Street; M440 (OECID: 0100175; BBL: 1007420007); 61 9th Ave; M070 (OECID: 0100079; BBL: 1007410010); Rebuilt Fulton,99.3475187439381,43.95504820789722,0.6524812560619125,254.22053343284995,-5580362.863876278,4837877.792451117,424.7160369119265,36.46293411251871,18345.478664392223,1334.7774000000002,0.0,86.22169841488518,2,True,False,False,True,True,1.5987211554602254e-14,1.862645149230957e-09,0.0,25249621.35855601,15697447.125094185,0.0709524572992296,1333445.6817256424,3694095.50264407,88.71569199999999,90.86534146,62023201.845655404,598.0782889956685,798041.8209536748,-4837877.792451117,-1540526.8923788369,inf,2783.6954079546563,5.100146107186605,40.49615817141798,34297.744580050276,24026.048319380945,34523.00068857334,conditionally_feasible,F1 society savings;F2 operator self-financing,13139.044394110033,-113.35693781977926,5580362.863876278,pipe_cost: removing it entirely closes only 32% of the gap; interface_cost: removing it entirely closes only 20% of the gap; source_side_electricity (A17 -> 0): removing it entirely closes only 24% of the gap; soft_costs (A21 -> 0): removing it entirely closes only 16% of the gap,False,3624.4828481896056,,post_rebuild,0.9990503747565614,0.440455527683802,0.9955207780792698,0.7457749400754308,0.5588552953393193,0.5825022068410354,0.44576260648339244,0.4699686411967411,0.4342725856347237,0.4554000000000001,0.0,0.8622169841488515,1.0,0.8116755601732111,0.6290441474185952,0.4500012777716191,0.5794042460372129,True,0.6175313078501595
post_rebuild|1633052+1634606+19906892+8899918+R4473909,5,19906892|1633052|8899918|1634606|rebuild:4473909,363 West 16th Street; M440 (OECID: 0100175; BBL: 1007420007); 61 9th Ave; M070 (OECID: 0100079; BBL: 1007410010); Rebuilt Elliott-Chelsea,99.35135106582595,44.06488759377085,0.6486489341740678,331.8757466177821,-8984428.135094255,8331475.333124073,312.9501311458771,40.55370875159711,18345.478664392223,1596.2225999999998,0.0,87.55142523611568,2,True,False,False,True,True,1.0658141036401503e-14,0.0,0.0,65082638.20954771,17415024.432831008,0.0709524572992296,1483044.8818492296,4067158.725707407,88.71569199999999,90.86534146,105319971.09070778,1541.5879846649887,887574.0904086556,-8331475.333124073,-1540526.8923788369,inf,2783.6954079546563,5.613317200627277,40.49615817141802,37961.347180415374,26721.529402688822,38209.19068857333,conditionally_feasible,F1 society savings;F2 operator self-financing,28708.81728727027,-268.4020670213727,8984428.135094255,pipe_cost: removing it entirely closes only 51% of the gap; interface_cost: removing it entirely closes only 14% of the gap; source_side_electricity (A17 -> 0): removing it entirely closes only 17% of the gap; soft_costs (A21 -> 0): removing it entirely closes only 17% of the gap,False,5219.494657652432,,post_rebuild,0.9990889130378054,0.4415561831633867,0.9955591802066291,0.5638415943337247,0.2897535531500987,0.2810127261244174,0.4160665051101026,0.5226943980608796,0.4342725856347237,0.5446,0.0,0.8755142523611564,1.0,0.8120680921359403,0.3782026245360803,0.457677829601902,0.6050285630902891,True,0.5632442773410529
post_rebuild|1633052+1634606+19906892+R2831044+R4473909,5,19906892|1633052|1634606|rebuild:2831044|rebuild:4473909,363 West 16th Street; M440 (OECID: 0100175; BBL: 1007420007); M070 (OECID: 0100079; BBL: 1007410010); Rebuilt Fulton; Rebuilt Elliott-Chelsea,98.90312649335793,44.33845227959297,1.09687350664207,286.56285992803885,-9260144.540204,9364303.52118405,-505.8846449304865,57.55160625349276,13765.28633521221,2931.0,0.0,91.24932469924661,2,True,False,False,True,True,5.684341886080802e-14,0.0,0.0,64061684.45510752,24561964.36468033,0.0709524572992296,2104656.2133009154,5523690.49388509,88.71569199999999,90.86534146,118420743.97118425,1517.4050368920953,1259596.6224664776,-9364303.52118405,-1155437.6414864284,inf,2088.7088890673363,7.652643991522154,40.473310644393834,52767.24090899784,37921.73357298947,53352.44979595418,conditionally_feasible,F1 society savings;F2 operator self-financing,,-150.17003563126394,9260144.540204,pipe_cost: removing it entirely closes only 49% of the gap; interface_cost: removing it entirely closes only 19% of the gap; source_side_electricity (A17 -> 0): removing it entirely closes only 23% of the gap; soft_costs (A21 -> 0): removing it entirely closes only 18% of the gap,True,3194.917612140583,,post_rebuild,0.994581513831858,0.4442974627879598,0.9910677054241769,0.6700022079302299,0.26795733038300884,0.19188201474095712,0.19850283619269676,0.7417793122785952,0.3258506686117574,1.0,0.0,0.9124932469924657,1.0,0.8099822273479983,0.37661385101806527,0.4220442723610165,0.7281233117481164,True,0.5841909156187991
post_rebuild|1634606+19906892+8899918+R2831044+R4473909,5,19906892|8899918|1634606|rebuild:2831044|rebuild:4473909,363 West 16th Street; 61 9th Ave; M070 (OECID: 0100079; BBL: 1007410010); Rebuilt Fulton; Rebuilt Elliott-Chelsea,99.05250965556213,44.43675132125676,0.9474903444378435,298.1469998007459,-9620519.282581689,9799711.381426817,-569.4811566096951,56.55729594466643,12595.545252883709,2931.0,0.0,100.00000000000003,1,True,False,False,True,True,2.842170943040401e-14,1.862645149230957e-09,7.275957614183426e-12,70403187.21584992,24084215.975565538,0.0709524572992296,2068294.3894414208,5410011.7369121015,88.71569199999999,90.86534146,123713036.39556715,1667.6138288160555,1237834.7640543114,-9799711.381426817,-1058642.6652091811,inf,1911.2154074884718,7.481624721591003,40.47976701648877,51774.3824032088,37266.5655755211,52269.63212062491,conditionally_feasible,F1 society savings;F2 operator self-financing,,-172.77830818019083,9620519.282581689,pipe_cost: removing it entirely closes only 52% of the gap; interface_cost: removing it entirely closes only 18% of the gap; source_side_electricity (A17 -> 0): removing it entirely closes only 21% of the gap; soft_costs (A21 -> 0): removing it entirely closes only 18% of the gap,True,3343.4702768429943,,post_rebuild,0.996083728543099,0.44528247720682823,0.9925646128834643,0.6428624804329595,0.23946860784446333,0.15430731182905866,0.18160529982085744,0.7289637044252879,0.29816065879304726,1.0,0.0,0.9999999999999999,0.5,0.8113102728777971,0.34554613336882717,0.40290988767973085,0.625,True,0.5461915734815888
post_rebuild|1633052+1634606+8899918+R2831044+R4473909,5,1633052|8899918|1634606|rebuild:2831044|rebuild:4473909,M440 (OECID: 0100175; BBL: 1007420007); 61 9th Ave; M070 (OECID: 0100079; BBL: 1007410010); Rebuilt Fulton; Rebuilt Elliott-Chelsea,99.0952026167677,44.46569646106693,0.9047973832323286,298.7807000476776,-9577405.674530016,9779255.171847545,-588.6609244766696,56.25726906076361,12242.427746551592,2931.0,0.0,90.8215663527429,2,True,False,False,True,True,1.4210854715202004e-14,1.862645149230957e-09,0.0,70439483.58248633,23940858.727378555,0.0709524572992296,2057322.4377189605,5375693.233215968,88.71569199999999,90.86534146,123434497.77789617,1668.4735672076295,1231268.260107426,-9779255.171847545,-1029418.7627898967,inf,1857.634271840427,7.430307223755576,40.48197310221642,51474.71823150075,37068.87275169298,51944.712632123745,conditionally_feasible,F1 society savings;F2 operator self-financing,,-173.51811599072403,9577405.674530016,pipe_cost: removing it entirely closes only 52% of the gap; interface_cost: removing it entirely closes only 18% of the gap; source_side_electricity (A17 -> 0): removing it entirely closes only 21% of the gap; soft_costs (A21 -> 0): removing it entirely closes only 18% of the gap,True,3336.49101734819,,post_rebuild,0.9965130540001526,0.4455725245927092,0.9929924215544323,0.6413778253609674,0.24287687005872372,0.1560726359488761,0.176509252623011,0.7250966753344532,0.28980169169749914,1.0,0.0,0.9082156635274287,1.0,0.8116926667157647,0.34677577712285573,0.39713587321832106,0.7270539158818572,True,0.5706645582346996
post_rebuild|1633052+19906892+4040951+4769672+7536925+8899918,6,4040951|4769672|7536925|19906892|1633052|8899918,Manhattan Chelsea Market; London Terrace Towers; 111 Eighth Avenue; 363 West 16th Street; M440 (OECID: 0100175; BBL: 1007420007); 61 9th Ave,86.90195391826256,47.34455674376467,0.616490264207154,298.07499624049376,-9064072.239127744,6583714.600889961,2372.210567692575,37.48728197768116,39692.02726923879,0.0,0.0,60.78223955217571,1,True,False,False,True,,1.7763568394002505e-14,0.0,0.0,47877293.51936313,14983044.692027343,0.0709524572992296,1370905.9758745106,4234606.685644591,88.71569199999999,90.86534146,84556250.15519275,1134.0514530171815,820461.0928938226,-6583714.600889961,-3300818.731131605,inf,6022.765394301119,5.242220521240993,,37209.63406038456,24701.008574315507,42817.94871422897,conditionally_feasible,F1 society savings;F2 operator self-financing,3820.939153788643,-253.18558073122648,9064072.239127744,pipe_cost: removing it entirely closes only 37% of the gap; interface_cost: removing it entirely closes only 12% of the gap; source_side_electricity (A17 -> 0): removing it entirely closes only 15% of the gap; soft_costs (A21 -> 0): removing it entirely closes only 13% of the gap,False,,,post_rebuild,0.8738963058844902,0.4744204038839837,0.9958814290614795,0.643031172888813,0.283457443809386,0.43184048159526023,0.963210164516401,0.48317140137006176,0.9395862395650033,0.0,0.0,0.6078223955217569,0.5,0.7813993796099844,0.4527763660978197,0.7953226018171553,0.2769555988804392,True,0.5766134866013496
post_rebuild|1633052+1634606+19906892+4040951+4769672+7536925,6,4040951|4769672|7536925|19906892|1633052|1634606,Manhattan Chelsea Market; London Terrace Towers; 111 Eighth Avenue; 363 West 16th Street; M440 (OECID: 0100175; BBL: 1007420007); M070 (OECID: 0100079; BBL: 1007410010),86.45448975444262,47.565021038781104,0.6130217854008319,297.30690853060474,-8662851.092717273,6294531.240992991,2277.673769813002,36.00767127610839,37949.55594554053,0.0,0.0,59.156495533846964,2,True,False,False,True,,1.0658141036401503e-14,1.862645149230957e-09,3.637978807091713e-12,45627154.2696752,14324963.328452395,0.0709524572992296,1316796.7674778698,4064641.5153417564,88.71569199999999,90.86534146,80860861.09501828,1080.7532505077277,788077.763155685,-6294531.240992991,-3156397.614879966,inf,5758.367309573783,5.006647577578293,,35728.53343524104,23726.067882484138,41326.40599316598,conditionally_feasible,F1 society savings;F2 operator self-financing,3803.3765886624305,-251.14208038381838,8662851.092717273,pipe_cost: removing it entirely closes only 37% of the gap; interface_cost: removing it entirely closes only 12% of the gap; source_side_electricity (A17 -> 0): removing it entirely closes only 15% of the gap; soft_costs (A21 -> 0): removing it entirely closes only 13% of the gap,False,,,post_rebuild,0.869396553437661,0.47662958624996854,0.9959161852664021,0.6448306756028214,0.31517519916945946,0.45679634442496386,0.9380918217257609,0.46410078492508483,0.8983386089645798,0.0,0.0,0.5915649553384694,1.0,0.7806474416513439,0.47226740639908155,0.7668437385384751,0.39789123883461736,True,0.6044124563558795
post_rebuild|1633052+19906892+4040951+4769672+7536925+R2831044,6,4040951|4769672|7536925|19906892|1633052|rebuild:2831044,Manhattan Chelsea Market; London Terrace Towers; 111 Eighth Avenue; 363 West 16th Street; M440 (OECID: 0100175; BBL: 1007420007); Rebuilt Fulton,90.16946689850374,46.794506164305155,0.6093099967788294,262.0737087446349,-9410461.877692195,7668335.66833375,1568.6019398481012,54.72550825426764,35397.42765156582,1334.7774000000002,0.0,72.0783383930925,1,True,False,False,True,True,8.881784197001252e-15,1.862645149230957e-09,7.275957614183426e-12,47506424.9437058,22129984.623876657,0.0709524572992296,2001306.105446967,5720330.257832115,88.71569199999999,90.86534146,98307108.21445209,1125.2668284867136,1197743.5530855127,-7668335.66833375,-2939869.762443959,inf,5371.113973620343,7.281547312135869,40.49615817141798,52263.312100679424,36059.56946751292,57961.207821609816,conditionally_feasible,F1 society savings;F2 operator self-financing,5999.267015189001,-143.21012645857286,9410461.877692195,pipe_cost: removing it entirely closes only 36% of the gap; interface_cost: removing it entirely closes only 17% of the gap; source_side_electricity (A17 -> 0): removing it entirely closes only 21% of the gap; soft_costs (A21 -> 0): removing it entirely closes only 15% of the gap,False,5745.02959694534,,post_rebuild,0.9067548020875578,0.46890857240827405,0.9959533795792924,0.7273762466642532,0.2560742863822559,0.3382401631295725,0.7496920695897379,0.7053538992143005,0.8379248485295832,0.4554000000000001,0.0,0.7207833839309247,0.5,0.7905389180250414,0.4405635653920272,0.7643236057778738,0.4190458459827312,True,0.6036179837944183
post_rebuild|1634606+19906892+4040951+4769672+7536925+R2831044,6,4040951|4769672|7536925|19906892|1634606|rebuild:2831044,Manhattan Chelsea Market; London Terrace Towers; 111 Eighth Avenue; 363 West 16th Street; M070 (OECID: 0100079; BBL: 1007410010); Rebuilt Fulton,89.74508710310654,47.02438449392039,0.6046370187980368,267.1284588355582,-9108618.578668263,7559866.408435062,1405.4341103075121,52.17174218480333,32389.97161009147,1334.7774000000002,0.0,80.14938834982793,1,True,False,False,True,True,4.085620730620576e-14,1.862645149230957e-09,7.275957614183426e-12,48448457.57836255,20994154.87118693,0.0709524572992296,1907915.1477430034,5426975.198661,88.71569199999999,90.86534146,96754680.70226279,1147.5804013642203,1141850.8452174067,-7559866.408435062,-2690603.0154506094,inf,4914.77038480317,6.874955098542019,40.49615817141798,49706.974465426225,34376.849508882944,55386.847425217566,conditionally_feasible,F1 society savings;F2 operator self-financing,6481.000078100621,-150.60412116187143,9108618.578668263,pipe_cost: removing it entirely closes only 38% of the gap; interface_cost: removing it entirely closes only 16% of the gap; source_side_electricity (A17 -> 0): removing it entirely closes only 21% of the gap; soft_costs (A21 -> 0): removing it entirely closes only 15% of the gap,False,5663.765664922901,,post_rebuild,0.9024871887743008,0.47121208895760996,0.9960002055769037,0.715533801602132,0.279935919801059,0.3476008122770048,0.7063385229630985,0.6724385565845249,0.766732609002531,0.4554000000000001,0.0,0.801493883498279,0.5,0.7898998277696049,0.44769017789339854,0.7151698961833848,0.43922347087456975,True,0.5979958431802395
post_rebuild|1633052+1634606+4040951+4769672+7536925+R2831044,6,4040951|4769672|7536925|1633052|1634606|rebuild:2831044,Manhattan Chelsea Market; London Terrace Towers; 111 Eighth Avenue; M440 (OECID: 0100175; BBL: 1007420007); M070 (OECID: 0100079; BBL: 1007410010); Rebuilt Fulton,89.68870423973347,47.05517826571832,0.6040128083103166,267.66822757471175,-9063835.069625992,7539489.347677977,1384.8400987664454,51.84942198200467,32010.389528245036,1334.7774000000002,0.0,70.45057563970954,2,True,False,False,True,True,1.2434497875801753e-14,1.862645149230957e-09,0.0,48484753.94499893,20850797.622999948,0.0709524572992296,1896127.9316833052,5389949.778324094,88.71569199999999,90.86534146,96476142.08459178,1148.440139755794,1134796.42110612,-7539489.347677977,-2659142.1430541375,inf,4857.173583023956,6.823637600706592,40.49615817141798,49384.32969585675,34164.46723753703,55061.9279367164,conditionally_feasible,F1 society savings;F2 operator self-financing,6545.0408878972075,-151.3191343542756,9063835.069625992,pipe_cost: removing it entirely closes only 38% of the gap; interface_cost: removing it entirely closes only 16% of the gap; source_side_electricity (A17 -> 0): removing it entirely closes only 21% of the gap; soft_costs (A21 -> 0): removing it entirely closes only 15% of the gap,False,5648.499403479544,,post_rebuild,0.9019201960451929,0.4715206607271706,0.9960064605344333,0.7142692125473429,0.2834761927818734,0.3493593060344171,0.7008667124837351,0.6682841902005116,0.7577471747623216,0.4554000000000001,0.0,0.7045057563970951,1.0,0.789815772435599,0.4490349037878778,0.7089660258155228,0.5399764390992738,True,0.6219482852845684
post_rebuild|1633052+1634606+4040951+4769672+7536925+R4473909,6,4040951|4769672|7536925|1633052|1634606|rebuild:4473909,Manhattan Chelsea Market; London Terrace Towers; 111 Eighth Avenue; M440 (OECID: 0100175; BBL: 1007420007); M070 (OECID: 0100079; BBL: 1007410010); Rebuilt Elliott-Chelsea,90.29724552770392,46.90399957163241,0.6046167733685186,285.8505125966967,-10533803.4648255,9098990.012332465,1273.074193000397,55.940196621083075,32010.389528245036,1596.2225999999998,0.0,72.49132149425364,2,True,False,False,True,True,1.2434497875801753e-14,1.862645149230957e-09,0.0,64426008.389454305,22568374.930736776,0.0709524572992296,2045727.1318068923,5763013.00138743,88.71569199999999,90.86534146,115881148.92310783,1526.034640964176,1224328.6905611013,-9098990.012332465,-2659142.143054137,inf,4857.173583023956,7.336808694147264,40.496158171417996,53047.93229622186,36859.94832084491,58748.117936716386,conditionally_feasible,F1 society savings;F2 operator self-financing,8274.304453536444,-183.7780832054816,10533803.4648255,pipe_cost: removing it entirely closes only 43% of the gap; interface_cost: removing it entirely closes only 15% of the gap; source_side_electricity (A17 -> 0): removing it entirely closes only 19% of the gap; soft_costs (A21 -> 0): removing it entirely closes only 16% of the gap,False,5700.326516071422,,post_rebuild,0.9080397590648663,0.47000576097860897,0.9960004084480574,0.6716711201385142,0.16727070769440783,0.214777963996566,0.6711706111104455,0.7210099470646502,0.7577471747623216,0.5446,0.0,0.7249132149425361,1.0,0.7913486428305109,0.3512399306098293,0.7166425776458057,0.567378303735634,True,0.606652363705445
post_rebuild|1633052+1634606+19906892+4040951+4769672+8899918,6,4040951|4769672|19906892|1633052|8899918|1634606,Manhattan Chelsea Market; London Terrace Towers; 363 West 16th Street; M440 (OECID: 0100175; BBL: 1007420007); 61 9th Ave; M070 (OECID: 0100079; BBL: 1007410010),99.33890373008012,44.66778106316221,0.6610962699198849,308.6183414177096,-9440402.962578496,6711296.329655553,2312.6941157549563,36.01328930337137,42244.1555632135,0.0,0.0,59.36010011393316,2,True,False,False,True,,3.907985046680551e-14,1.862645149230957e-09,7.275957614183426e-12,48819326.15401988,15256488.566795476,0.0709524572992296,1317002.2181465,4104654.223541327,88.71569199999999,90.86534146,86153645.71915144,1156.3650258946882,788200.7214643413,-6711296.329655553,-3517307.354387283,inf,6410.01873025456,5.406756762425445,,35907.53222873148,23729.769696333333,36146.495361271605,conditionally_feasible,F1 society savings;F2 operator self-financing,4081.993765741376,-288.5836797829666,9440402.962578496,pipe_cost: removing it entirely closes only 37% of the gap; interface_cost: removing it entirely closes only 11% of the gap; source_side_electricity (A17 -> 0): removing it entirely closes only 14% of the gap; soft_costs (A21 -> 0): removing it entirely closes only 13% of the gap,False,,,post_rebuild,0.9989637411603512,0.44759753158693777,0.995434450555367,0.6183298555563566,0.2537073523008021,0.4208304700794353,0.9473966963750733,0.4641731953523654,1.0,0.0,0.0,0.5936010011393313,1.0,0.8139985744342186,0.4309558926455313,0.8038566305758129,0.39840025028483284,True,0.611802836985099
post_rebuild|1633052+19906892+4040951+4769672+8899918+R2831044,6,4040951|4769672|19906892|1633052|8899918|rebuild:2831044,Manhattan Chelsea Market; London Terrace Towers; 363 West 16th Street; M440 (OECID: 0100175; BBL: 1007420007); 61 9th Ave; Rebuilt Fulton,99.33171293174837,44.89804483766465,0.6682870682516523,269.977600940272,-10186966.187884249,8085124.403173291,1602.8029374379748,54.71784565570134,39675.91559524738,1334.7774000000002,0.0,72.16673434140294,1,True,False,False,True,True,1.0658141036401503e-14,3.725290298461914e-09,7.275957614183426e-12,50698596.828050464,23061509.862219732,0.0709524572992296,2001025.8850199028,5758718.235056961,88.71569199999999,90.86534146,103599892.83858523,1200.8786038736741,1197575.8465017744,-8085124.403173291,-3299417.6312127295,inf,6020.320650627497,7.681656496983021,40.495665905709934,52428.5666061411,36054.52045080906,52781.297189715435,conditionally_feasible,F1 society savings;F2 operator self-financing,6355.719689513274,-170.71004438853817,10186966.187884249,pipe_cost: removing it entirely closes only 35% of the gap; interface_cost: removing it entirely closes only 16% of the gap; source_side_electricity (A17 -> 0): removing it entirely closes only 20% of the gap; soft_costs (A21 -> 0): removing it entirely closes only 15% of the gap,False,6057.2829620679,,post_rebuild,0.998891429643577,0.44990491052155385,0.9953623945116856,0.7088587319661797,0.19468925230053422,0.30227224817303044,0.7587792441134471,0.7052551364261735,0.9392048454105553,0.4554000000000001,0.0,0.7216673434140292,0.5,0.8147195782256055,0.40194007747991484,0.801079741983392,0.4192668358535073,True,0.6092515583856049
post_rebuild|1633052+1634606+19906892+4040951+4769672+R2831044,6,4040951|4769672|19906892|1633052|1634606|rebuild:2831044,Manhattan Chelsea Market; London Terrace Towers; 363 West 16th Street; M440 (OECID: 0100175; BBL: 1007420007); M070 (OECID: 0100079; BBL: 1007410010); Rebuilt Fulton,99.35943503136299,44.97836496039598,0.6405649686369927,268.58274105780396,-9786792.60114295,7795917.39709934,1509.0854879104845,53.25151557995784,37949.55594554053,1334.7774000000002,0.0,71.36491642902958,2,True,False,False,True,True,1.0658141036401503e-14,3.725290298461914e-09,1.4551915228366852e-11,48448457.57836253,22403428.49864479,0.0709524572992296,1947402.3477189562,5590377.79572885,88.71569199999999,90.86534146,99904503.77841076,1147.58040136422,1165483.1816560312,-7795917.39709934,-3156358.3856996372,inf,5758.367309573783,7.446083553320322,40.49615817141798,50961.21026902633,35088.33058953074,51289.75446865245,conditionally_feasible,F1 society savings;F2 operator self-financing,6485.247310073848,-166.6442091827305,9786792.60114295,pipe_cost: removing it entirely closes only 35% of the gap; interface_cost: removing it entirely closes only 16% of the gap; source_side_electricity (A17 -> 0): removing it entirely closes only 20% of the gap; soft_costs (A21 -> 0): removing it entirely closes only 15% of the gap,False,5840.612372594366,,post_rebuild,0.9991702063494192,0.45070976556059117,0.9956401863129032,0.7121266584176074,0.22632419487367175,0.3272301516137478,0.7338786014484108,0.6863556931966038,0.8983386089645798,0.4554000000000001,0.0,0.7136491642902955,1.0,0.8151733860743046,0.42189366830167563,0.7728576345365314,0.5422622910725738,True,0.6380467449962715
post_rebuild|1633052+1634606+19906892+4040951+4769672+R4473909,6,4040951|4769672|19906892|1633052|1634606|rebuild:4473909,Manhattan Chelsea Market; London Terrace Towers; 363 West 16th Street; M440 (OECID: 0100175; BBL: 1007420007); M070 (OECID: 0100079; BBL: 1007410010); Rebuilt Elliott-Chelsea,99.05031101741149,44.85512993369664,0.949688982588498,286.69268323698515,-11243813.806954578,9355752.812990464,1387.0820880095134,57.17699876376366,37749.62477410832,1596.2225999999998,0.0,73.29015911460185,2,True,False,False,True,True,1.7763568394002505e-14,1.862645149230957e-09,0.0,64389712.022817925,24121005.806381617,0.0709524572992296,2090956.856634227,5943240.448252966,88.71569199999999,90.86534146,119309510.61692682,1525.1749025726024,1251397.8186531644,-9355752.812990464,-3139458.8126172796,inf,5728.030271549092,7.959254646760994,40.48759073189188,54453.84398095967,37674.89831773382,54975.94446865244,conditionally_feasible,F1 society savings;F2 operator self-financing,8106.091127663282,-197.99422484709675,11243813.806954578,pipe_cost: removing it entirely closes only 41% of the gap; interface_cost: removing it entirely closes only 15% of the gap; source_side_electricity (A17 -> 0): removing it entirely closes only 19% of the gap; soft_costs (A21 -> 0): removing it entirely closes only 15% of the gap,False,5861.183028601691,,post_rebuild,0.9960616187783446,0.4494748778531029,0.9925425812314399,0.6696980533476442,0.11114222459662745,0.19261992130948158,0.7014624070238871,0.7369510180884778,0.8936058555513169,0.5446,0.0,0.7329015911460182,1.0,0.8126930259542959,0.3244867330845844,0.7773397602212273,0.5693753977865046,True,0.6209737292616531
post_rebuild|1633052+19906892+4040951+4769672+R2831044+R4473909,6,4040951|4769672|19906892|1633052|rebuild:2831044|rebuild:4473909,Manhattan Chelsea Market; London Terrace Towers; 363 West 16th Street; M440 (OECID: 0100175; BBL: 1007420007); Rebuilt Fulton; Rebuilt Elliott-Chelsea,93.12981639986481,42.52211555794918,6.870183600135195,272.28991064497046,-11663992.950272767,10737012.779138317,421.74137655721825,71.7420140170837,30160.317067288255,2931.0,0.0,82.01080918917664,1,True,False,False,True,True,6.394884621840902e-14,0.0,1.4551915228366852e-11,66268982.69684851,31926027.101805873,0.0709524572992296,2623597.939051666,7090911.265052883,88.71569199999999,90.86534146,136755757.7363606,1569.6884805515883,1570173.3527094573,-10737012.779138317,-2497153.5238439064,inf,4576.448380473381,10.23415438131857,40.41851024301561,66690.95654905876,47272.03493786785,71610.74629709628,conditionally_feasible,F1 society savings;F2 operator self-financing,27656.74320477848,-143.17259040065608,11663992.950272767,pipe_cost: removing it entirely closes only 40% of the gap; interface_cost: removing it entirely closes only 19% of the gap; source_side_electricity (A17 -> 0): removing it entirely closes only 22% of the gap; soft_costs (A21 -> 0): removing it entirely closes only 17% of the gap,False,3663.259221814506,,post_rebuild,0.9365244260916362,0.42609669673717093,0.933215730568309,0.7034413720271249,0.0779257817585493,0.07342034405984987,0.44497224188303364,0.9246786542268577,0.713952419338974,1.0,0.0,0.820108091891766,0.5,0.765278951132372,0.284929165948508,0.6945344384829552,0.5800270229729415,True,0.5811923946341941
post_rebuild|1634606+19906892+4040951+4769672+8899918+R2831044,6,4040951|4769672|19906892|8899918|1634606|rebuild:2831044,Manhattan Chelsea Market; London Terrace Towers; 363 West 16th Street; 61 9th Ave; M070 (OECID: 0100079; BBL: 1007410010); Rebuilt Fulton,99.36071874743568,45.03137484684493,0.6392812525643126,275.37862456642546,-9886170.448529486,7976631.497097621,1440.4544562494693,52.177360212066304,36684.571227764434,1334.7774000000002,0.0,80.2206154965248,1,True,False,False,True,True,2.842170943040401e-14,0.0,0.0,51640629.46270721,21925680.109530002,0.0709524572992296,1908120.5984116334,5466987.906860569,88.71569199999999,90.86534146,102047465.32639593,1223.1921767511808,1141973.8035260628,-7976631.497097621,-3051512.754957927,inf,5566.421805483945,7.27506428338917,40.49615817141798,49885.97325891665,34380.551322732135,50206.936793323184,conditionally_feasible,F1 society savings;F2 operator self-financing,6863.230146318017,-179.45137998556044,9886170.448529486,pipe_cost: removing it entirely closes only 37% of the gap; interface_cost: removing it entirely closes only 16% of the gap; source_side_electricity (A17 -> 0): removing it entirely closes only 19% of the gap; soft_costs (A21 -> 0): removing it entirely closes only 15% of the gap,False,5976.001314599438,,post_rebuild,0.9991831155497668,0.4512409559121044,0.9956530499056699,0.6962050251712988,0.21846807293240164,0.31163493793147645,0.7156433976124117,0.6725109670118053,0.8683940000379511,0.4554000000000001,0.0,0.8022061549652476,0.5,0.8153590404558471,0.408769345345059,0.7521827882207228,0.43940153874131194,True,0.6039281781907352
post_rebuild|1633052+1634606+4040951+4769672+8899918+R2831044,6,4040951|4769672|1633052|8899918|1634606|rebuild:2831044,Manhattan Chelsea Market; London Terrace Towers; M440 (OECID: 0100175; BBL: 1007420007); 61 9th Ave; M070 (OECID: 0100079; BBL: 1007410010); Rebuilt Fulton,99.36111482114413,45.04773500858989,0.6388851788558788,275.97015042008803,-9841386.939487215,7956254.436340539,1419.860444708399,51.85504000926765,36304.98914591801,1334.7774000000002,0.0,70.55729388220944,2,True,False,False,True,True,8.881784197001252e-15,1.862645149230957e-09,7.275957614183426e-12,51676925.82934359,21782322.86134302,0.0709524572992296,1896333.3823519351,5429962.486523662,88.71569199999999,90.86534146,101768926.70872492,1224.0519151427543,1134919.3794147766,-7956254.436340539,-3020051.882561455,inf,5508.825003704733,7.223746785553743,40.49615817141798,49563.32848934719,34168.16905138622,49882.01730482202,conditionally_feasible,F1 society savings;F2 operator self-financing,6931.235373282316,-180.357825857632,9841386.939487215,pipe_cost: removing it entirely closes only 37% of the gap; interface_cost: removing it entirely closes only 16% of the gap; source_side_electricity (A17 -> 0): removing it entirely closes only 19% of the gap; soft_costs (A21 -> 0): removing it entirely closes only 15% of the gap,False,5960.735053156082,,post_rebuild,0.9991870985137287,0.45140489438943887,0.9956570187980125,0.6948191777408981,0.22200834591321605,0.31339343168888856,0.7101715871330473,0.668356600627792,0.8594085657977417,0.4554000000000001,0.0,0.705572938822094,1.0,0.8154163372337266,0.41007365178100086,0.7459789178528604,0.5402432347055235,True,0.6279280353932779
post_rebuild|1633052+1634606+4040951+4769672+8899918+R4473909,6,4040951|4769672|1633052|8899918|1634606|rebuild:4473909,Manhattan Chelsea Market; London Terrace Towers; M440 (OECID: 0100175; BBL: 1007420007); 61 9th Ave; M070 (OECID: 0100079; BBL: 1007410010); Rebuilt Elliott-Chelsea,99.21782440478759,44.988814033741114,0.7821755952124054,293.7698141924208,-11305413.289614597,9515879.933934988,1303.4712152168195,55.87073506085487,36213.77447001357,1596.2225999999998,0.0,72.54698320258088,2,True,False,False,True,True,1.7763568394002505e-14,1.862645149230957e-09,0.0,67618180.27379899,23499900.169079848,0.0709524572992296,2043186.9298240677,5793836.013525346,88.71569199999999,90.86534146,121173933.547241,1601.6464163511368,1222808.4280984113,-9515879.933934988,-3012341.783778018,inf,5494.984325077684,7.736917878994416,40.49458420636813,53149.20986049091,36814.17891574897,53568.20730482202,conditionally_feasible,F1 society savings;F2 operator self-financing,8673.312580772299,-211.1848095865099,11305413.289614597,pipe_cost: removing it entirely closes only 42% of the gap; interface_cost: removing it entirely closes only 15% of the gap; source_side_electricity (A17 -> 0): removing it entirely closes only 18% of the gap; soft_costs (A21 -> 0): removing it entirely closes only 15% of the gap,False,5961.499313400894,,post_rebuild,0.9977461531738757,0.4508144714431162,0.9942211642483864,0.653117503759707,0.10627259761211465,0.17880131685371126,0.6792470727737592,0.7201146610469337,0.8572493398719698,0.5446,0.0,0.7254698320258084,1.0,0.8142605962884595,0.3127304727418443,0.7522036912308877,0.5675174580064521,True,0.6116780545669109
post_rebuild|1633052+1634606+4040951+4769672+R2831044+R4473909,6,4040951|4769672|1633052|1634606|rebuild:2831044|rebuild:4473909,Manhattan Chelsea Market; London Terrace Towers; M440 (OECID: 0100175; BBL: 1007420007); M070 (OECID: 0100079; BBL: 1007410010); Rebuilt Fulton; Rebuilt Elliott-Chelsea,94.56268931092639,43.214702566828876,5.437310689073596,274.3153343978094,-11406886.788936853,10606575.404445412,306.8773326230039,69.98920392752758,28142.02760292848,2931.0,0.0,80.89633902033766,2,True,False,False,True,True,5.684341886080802e-14,3.725290298461914e-09,7.275957614183426e-12,67247311.69814165,30646840.100929167,0.0709524572992296,2559497.8576486916,6898162.209128198,88.71569199999999,90.86534146,134924791.60650033,1592.8617918206687,1531810.6759336712,-10606575.404445412,-2332122.060425116,inf,4270.198365598248,9.776244669889293,40.41851024301563,64975.410504352934,46117.07851619264,68711.46641220286,conditionally_feasible,F1 society savings;F2 operator self-financing,37170.83530229361,-145.10195996739566,11406886.788936853,pipe_cost: removing it entirely closes only 42% of the gap; interface_cost: removing it entirely closes only 19% of the gap; source_side_electricity (A17 -> 0): removing it entirely closes only 22% of the gap; soft_costs (A21 -> 0): removing it entirely closes only 17% of the gap,True,3618.7565351229655,,post_rebuild,0.9509335652112979,0.4330368273683608,0.9475739628960367,0.6986961385162573,0.09825080799352562,0.08467679129063987,0.4144529679645952,0.9020867867286848,0.6661756455473985,1.0,0.0,0.8089633902033763,1.0,0.7771814518252317,0.2938745792668076,0.6609051334135595,0.702240847550844,True,0.6085505030141106
post_rebuild|1633052+1634606+19906892+4040951+7536925+8899918,6,4040951|7536925|19906892|1633052|8899918|1634606,Manhattan Chelsea Market; 111 Eighth Avenue; 363 West 16th Street; M440 (OECID: 0100175; BBL: 1007420007); 61 9th Ave; M070 (OECID: 0100079; BBL: 1007410010),84.12705293465875,45.7693405987025,0.6421619027344646,260.12991278255686,-6001578.823560883,4086406.1873467662,1860.1064509810503,29.655317740168112,30635.757370058247,0.0,0.0,83.98726630985877,2,True,False,False,True,,1.7763568394002505e-14,0.0,3.637978807091713e-12,22428318.049868673,12260667.163341604,0.0709524572992296,1084491.8639515783,3367184.8699837076,88.71569199999999,90.86534146,53173427.33593869,531.2511381391759,649047.7068382257,-4086406.1873467662,-2564220.343052343,inf,4648.590460371586,4.322291067527807,,29511.804646081106,19540.393945073483,35080.040981588696,conditionally_feasible,F1 society savings;F2 operator self-financing,3226.470625052428,-173.6867681093384,6001578.823560883,pipe_cost: removing it entirely closes only 27% of the gap; interface_cost: removing it entirely closes only 14% of the gap; source_side_electricity (A17 -> 0): removing it entirely closes only 18% of the gap; soft_costs (A21 -> 0): removing it entirely closes only 13% of the gap,False,,,post_rebuild,0.8459915740639896,0.45863580833291456,0.9956241840906498,0.7319302397358824,0.5255568890051554,0.6473524883512956,0.827144557931714,0.38222566893812987,0.7252070011013801,0.0,0.0,0.8398726630985873,1.0,0.766750522162518,0.6349465390307778,0.644859075990408,0.45996816577464683,True,0.6266310757395877
post_rebuild|1633052+19906892+4040951+7536925+8899918+R2831044,6,4040951|7536925|19906892|1633052|8899918|rebuild:2831044,Manhattan Chelsea Market; 111 Eighth Avenue; 363 West 16th Street; M440 (OECID: 0100175; BBL: 1007420007); 61 9th Ave; Rebuilt Fulton,89.0393952866982,45.61802965533419,0.6274886473973352,233.48970991927658,-6749189.608535806,5460210.614687525,1151.0346210161506,48.373154718327356,28083.62907608354,1334.7774000000002,0.0,89.73724792312771,1,True,False,False,True,True,3.197442310920451e-14,1.862645149230957e-09,3.637978807091713e-12,24307588.723899264,20065688.458765868,0.0709524572992296,1769001.2019206756,5022873.612474065,88.71569199999999,90.86534146,70619674.45537248,575.7647161181618,1058713.4967680532,-5460210.614687525,-2347692.4906163365,inf,4261.337124418146,6.597190802085383,40.49615817141798,46046.583311519484,31873.89553010226,51714.842810032525,conditionally_feasible,F1 society savings;F2 operator self-financing,5863.585234801643,-76.29938172721347,6749189.608535806,pipe_cost: removing it entirely closes only 26% of the gap; interface_cost: removing it entirely closes only 21% of the gap; source_side_electricity (A17 -> 0): removing it entirely closes only 26% of the gap; soft_costs (A21 -> 0): removing it entirely closes only 15% of the gap,False,4090.7274985982863,,post_rebuild,0.8953906685737052,0.4571195833684827,0.9957712187700748,0.7943438374760894,0.4664559762179518,0.5287963070559043,0.6387448057956914,0.6234787832273454,0.6647932406663836,0.4554000000000001,0.0,0.8973724792312767,0.5,0.7827604902374209,0.5965320402499819,0.6423389432298068,0.4631931198078192,True,0.6212061483812572
post_rebuild|1633052+1634606+19906892+4040951+7536925+R2831044,6,4040951|7536925|19906892|1633052|1634606|rebuild:2831044,Manhattan Chelsea Market; 111 Eighth Avenue; 363 West 16th Street; M440 (OECID: 0100175; BBL: 1007420007); M070 (OECID: 0100079; BBL: 1007410010); Rebuilt Fulton,88.73467615116715,45.72221290836596,0.6250740743016489,230.72748346173557,-6347968.462125338,5171027.254790556,1056.4978231365776,46.89354401675457,26341.15775238528,1334.7774000000002,0.0,89.39617300145082,2,True,False,False,True,True,4.085620730620576e-14,9.313225746154785e-10,3.637978807091713e-12,22057449.47421134,19407607.095190924,0.0709524572992296,1714891.993524034,4852908.442171232,88.71569199999999,90.86534146,66924285.395198025,522.4665136087078,1026330.1670299154,-5171027.254790556,-2203271.374364697,inf,3996.9390396908098,6.361617858422683,40.49615817141798,44565.482686375966,30898.954838270885,50223.30008896954,conditionally_feasible,F1 society savings;F2 operator self-financing,6008.501222727755,-68.39266151110718,6347968.462125338,pipe_cost: removing it entirely closes only 25% of the gap; interface_cost: removing it entirely closes only 22% of the gap; source_side_electricity (A17 -> 0): removing it entirely closes only 27% of the gap; soft_costs (A21 -> 0): removing it entirely closes only 15% of the gap,False,3874.074624570775,,post_rebuild,0.892326376979947,0.45816356105843725,0.9957954142177048,0.8008152780981106,0.4981737315780251,0.5537521698856079,0.6136264630050512,0.6044081667823682,0.62354561006596,0.4554000000000001,0.0,0.8939617300145078,1.0,0.7820951174186964,0.6175803931872479,0.6138600799511265,0.587340432503627,True,0.6502190057651744
post_rebuild|1633052+1634606+19906892+4040951+7536925+R4473909,6,4040951|7536925|19906892|1633052|1634606|rebuild:4473909,Manhattan Chelsea Market; 111 Eighth Avenue; 363 West 16th Street; M440 (OECID: 0100175; BBL: 1007420007); M070 (OECID: 0100079; BBL: 1007410010); Rebuilt Elliott-Chelsea,89.46307080097806,45.669082654992806,0.6241385710092747,297.82985060020627,-9954353.813959766,8866944.876079964,944.7319173705282,50.98431865583296,26341.15775238528,1596.2225999999998,0.0,90.20166636577109,2,True,False,False,True,True,2.6645352591003757e-14,1.862645149230957e-09,7.275957614183426e-12,64389712.02281793,21125184.40292775,0.0709524572992296,1864491.1936476214,5225971.665234567,88.71569199999999,90.86534146,112720300.3378653,1525.1749025726026,1115862.4364848959,-8866944.876079964,-2203271.3743646974,inf,3996.9390396908098,6.874788951863355,40.49615817141802,48229.08528674106,33594.43592157876,53909.49008896953,conditionally_feasible,F1 society savings;F2 operator self-financing,10536.69684587953,-200.86232843550607,9954353.813959766,pipe_cost: removing it entirely closes only 46% of the gap; interface_cost: removing it entirely closes only 15% of the gap; source_side_electricity (A17 -> 0): removing it entirely closes only 19% of the gap; soft_costs (A21 -> 0): removing it entirely closes only 16% of the gap,False,5554.955102176829,,post_rebuild,0.8996511995529181,0.45763116455929653,0.9958047885128789,0.6436055086571699,0.21307796993386316,0.23480292875484432,0.5839303616317614,0.6571339236465066,0.62354561006596,0.5446,0.0,0.9020166636577105,1.0,0.7843623842083645,0.3638288024486258,0.6215366317814093,0.6116541659144277,True,0.5953454960882067
post_rebuild|1634606+19906892+4040951+7536925+8899918+R2831044,6,4040951|7536925|19906892|8899918|1634606|rebuild:2831044,Manhattan Chelsea Market; 111 Eighth Avenue; 363 West 16th Street; 61 9th Ave; M070 (OECID: 0100079; BBL: 1007410010); Rebuilt Fulton,88.50186961981144,45.802385190440326,0.6232180476422726,228.7116689035553,-6061362.150151546,4965757.1954285065,987.8667914755606,45.81938864886305,25076.17303460919,1334.7774000000002,0.0,100.0,1,True,False,False,True,True,2.4868995751603507e-14,0.0,0.0,20481586.239701096,18929858.70607614,0.0709524572992296,1675610.244216712,4729518.553302948,88.71569199999999,90.86534146,64299211.82432829,485.1396335892696,1002820.7888999472,-4965757.1954285065,-2098425.7436229866,inf,3804.993535600973,6.190598588491533,40.49615817141795,43490.24567626629,30191.175571472286,49140.482413640275,conditionally_feasible,F1 society savings;F2 operator self-financing,6135.809202673761,-62.515724416368414,6061362.150151546,pipe_cost: removing it entirely closes only 24% of the gap; interface_cost: removing it entirely closes only 22% of the gap; source_side_electricity (A17 -> 0): removing it entirely closes only 28% of the gap; soft_costs (A21 -> 0): removing it entirely closes only 15% of the gap,False,3720.2886379620345,,post_rebuild,0.8899852470218232,0.4589669346468283,0.9958140127003589,0.8055379988521081,0.5208308346972549,0.5714665067212735,0.5953912591690517,0.5905634405975699,0.5936010011393315,0.4554000000000001,0.0,0.9999999999999996,0.5,0.7815887314563369,0.6326117800902121,0.5931852336353177,0.4888499999999999,True,0.6240589362954666
post_rebuild|1633052+1634606+4040951+7536925+R2831044+R4473909,6,4040951|7536925|1633052|1634606|rebuild:2831044|rebuild:4473909,Manhattan Chelsea Market; 111 Eighth Avenue; M440 (OECID: 0100175; BBL: 1007420007); M070 (OECID: 0100079; BBL: 1007410010); Rebuilt Fulton; Rebuilt Elliott-Chelsea,89.63696937458285,44.90485718456757,2.6218734069272895,277.1874467873029,-10261002.426825479,10114505.965010872,-23.121425909816026,65.61728825859434,18942.1706723256,2931.0,0.0,93.08446399396126,2,True,False,False,True,True,1.4210854715202004e-14,1.862645149230957e-09,0.0,67247311.69814165,27651018.6974753,0.0709524572992296,2399617.3595072594,6403632.742285252,88.71569199999999,90.86534146,128335581.32743877,1592.8617918206687,1436125.2456080434,-10114505.965010872,-1582621.7074226476,inf,2874.2359074877277,8.691778974991655,40.45484501516588,60634.93871902279,43236.348819950625,67645.01203251995,conditionally_feasible,F1 society savings;F2 operator self-financing,,-133.72660557393732,10261002.426825479,pipe_cost: removing it entirely closes only 46% of the gap; interface_cost: removing it entirely closes only 19% of the gap; source_side_electricity (A17 -> 0): removing it entirely closes only 23% of the gap; soft_costs (A21 -> 0): removing it entirely closes only 18% of the gap,True,3450.8720453807136,,post_rebuild,0.9013999441348264,0.4499731742585357,0.9757863062861095,0.6919672532948314,0.1888364617995184,0.12714125894739803,0.3267725924575664,0.8457374194502607,0.44839742728389564,1.0,0.0,0.9308446399396123,1.0,0.7757198082264906,0.33598165801391594,0.5403024797305743,0.7327111599849031,True,0.596178776488971
post_rebuild|1633052+1634606+19906892+4040951+8899918+R2831044,6,4040951|19906892|1633052|8899918|1634606|rebuild:2831044,Manhattan Chelsea Market; 363 West 16th Street; M440 (OECID: 0100175; BBL: 1007420007); 61 9th Ave; M070 (OECID: 0100079; BBL: 1007410010); Rebuilt Fulton,99.33639990060338,43.633378164401,0.6636000993966354,240.07127880538226,-7125520.33198656,5587792.343453118,1091.5181690785312,46.899162044017544,30635.757370058247,1334.7774000000002,0.0,89.43859325477244,2,True,False,False,True,True,1.7763568394002505e-14,1.862645149230957e-09,0.0,25249621.35855601,20339132.333534002,0.0709524572992296,1715097.4441926642,4892921.1503708,88.71569199999999,90.86534146,72217070.01933119,598.0782889956683,1026453.1253385711,-5587792.343453118,-2564181.1138720145,inf,4648.590460371586,6.761727043269835,40.49615817141795,44744.4814798664,30902.656652120077,45043.38945707516,conditionally_feasible,F1 society savings;F2 operator self-financing,6528.082201326968,-101.2967515900267,7125520.33198656,pipe_cost: removing it entirely closes only 25% of the gap; interface_cost: removing it entirely closes only 20% of the gap; source_side_electricity (A17 -> 0): removing it entirely closes only 24% of the gap; soft_costs (A21 -> 0): removing it entirely closes only 14% of the gap,False,4186.310274247314,,post_rebuild,0.9989385623555992,0.43723220398095725,0.9954093607061147,0.7789243080128561,0.43670588470936783,0.5177862955400794,0.6229313376543635,0.6044805772096487,0.7252070011013801,0.4554000000000001,0.0,0.894385932547724,1.0,0.8105267090142236,0.5778054960874345,0.650872971988464,0.587446483136931,True,0.6566629150567633
post_rebuild|1633052+1634606+19906892+4040951+8899918+R4473909,6,4040951|19906892|1633052|8899918|1634606|rebuild:4473909,Manhattan Chelsea Market; 363 West 16th Street; M440 (OECID: 0100175; BBL: 1007420007); 61 9th Ave; M070 (OECID: 0100079; BBL: 1007410010); Rebuilt Elliott-Chelsea,99.34024594419728,43.74515135251748,0.6597540558027242,306.21836757341055,-10731905.683820985,9283709.964742525,979.7522633124836,50.98993668309594,30635.757370058247,1596.2225999999998,0.0,90.2378977087806,2,True,False,False,True,True,1.0658141036401503e-14,1.862645149230957e-09,0.0,67581883.90716258,22056709.641270828,0.0709524572992296,1864696.6443162514,5265984.373434136,88.71569199999999,90.86534146,118013084.96199843,1600.786677959563,1115985.3947935523,-9283709.964742525,-2564181.1138720145,inf,4648.590460371586,7.274898136710507,40.49615817141802,48408.08408023149,33598.137735427954,48729.57945707515,conditionally_feasible,F1 society savings;F2 operator self-financing,10953.69317906657,-230.428813466941,10731905.683820985,pipe_cost: removing it entirely closes only 45% of the gap; interface_cost: removing it entirely closes only 15% of the gap; source_side_electricity (A17 -> 0): removing it entirely closes only 17% of the gap; soft_costs (A21 -> 0): removing it entirely closes only 16% of the gap,False,5816.049694286076,,post_rebuild,0.9989772386239387,0.43835223730044975,0.9954479003330681,0.623952598103545,0.1516101230652061,0.19883705440931587,0.5932352362810741,0.6572063340737871,0.7252070011013801,0.5446,0.0,0.9023789770878056,1.0,0.8109257920858188,0.32479992519268897,0.6585495238187472,0.6117447442719514,True,0.6015049963423016
post_rebuild|1633052+1634606+19906892+4040951+R2831044+R4473909,6,4040951|19906892|1633052|1634606|rebuild:2831044|rebuild:4473909,Manhattan Chelsea Market; 363 West 16th Street; M440 (OECID: 0100175; BBL: 1007420007); M070 (OECID: 0100079; BBL: 1007410010); Rebuilt Fulton; Rebuilt Elliott-Chelsea,96.03922535236586,42.88154609280812,3.9607746476341448,279.8936513032474,-10918361.835738037,10372731.099799464,48.991212164781246,66.17918082158809,23866.463530044533,2931.0,0.0,93.5952988448789,2,True,False,False,True,True,4.263256414560601e-14,0.0,0.0,67211015.33150525,29203649.573120143,0.0709524572992296,2420165.7116888394,6501427.663420825,88.71569199999999,90.86534146,131763943.02125776,1592.002053429095,1448423.0426741848,-10372731.099799464,-1994053.7786127585,inf,3621.4353491715374,9.314224927605384,40.426683636806345,61342.979367870736,43606.589399798904,63872.83856445599,conditionally_feasible,F1 society savings;F2 operator self-financing,222863.6801027556,-150.8221635336145,10918361.835738037,pipe_cost: removing it entirely closes only 44% of the gap; interface_cost: removing it entirely closes only 19% of the gap; source_side_electricity (A17 -> 0): removing it entirely closes only 22% of the gap; soft_costs (A21 -> 0): removing it entirely closes only 17% of the gap,True,3538.9734219718403,,post_rebuild,0.9657817859237219,0.42969840285174926,0.9623697255624856,0.6856270628342813,0.13687019555940252,0.10485702016802367,0.3459328560091467,0.8529796200782696,0.5649648622832838,1.0,0.0,0.9359529884487886,1.0,0.7859499714459856,0.3091180928539025,0.5879591127902333,0.7339882471121971,True,0.6042538560505796
post_rebuild|1633052+1634606+4040951+8899918+R2831044+R4473909,6,4040951|1633052|8899918|1634606|rebuild:2831044|rebuild:4473909,Manhattan Chelsea Market; M440 (OECID: 0100175; BBL: 1007420007); 61 9th Ave; M070 (OECID: 0100079; BBL: 1007410010); Rebuilt Fulton; Rebuilt Elliott-Chelsea,96.59391262042276,43.140002752352004,3.4060873795772433,285.2004689503955,-11002664.609517636,10532296.729244439,-16.734430370341215,65.1620698906459,22680.71801380558,2931.0,0.0,92.9634119133064,2,True,False,False,True,True,4.263256414560601e-14,1.862645149230957e-09,1.4551915228366852e-11,70439483.58248632,28582543.935818374,0.0709524572992296,2382970.0714664804,6387373.588559708,88.71569199999999,90.86534146,133628365.95157191,1668.4735672076292,1426162.1610639384,-10532296.729244439,-1896530.0413371332,inf,3441.5133962511254,9.091888159838806,40.43754404621934,60337.48546517873,42936.39768408073,62465.10140062557,conditionally_feasible,F1 society savings;F2 operator self-financing,,-160.40937522235902,11002664.609517636,pipe_cost: removing it entirely closes only 45% of the gap; interface_cost: removing it entirely closes only 18% of the gap; source_side_electricity (A17 -> 0): removing it entirely closes only 22% of the gap; soft_costs (A21 -> 0): removing it entirely closes only 17% of the gap,True,3593.4141007316407,,post_rebuild,0.9713597865626029,0.4322882911354422,0.9679280193947648,0.6731940650973809,0.13020580416617972,0.0910868711449857,0.32846961146985815,0.8398701363300283,0.5368959968880549,1.0,0.0,0.9296341191330636,1.0,0.7905253656976033,0.2981622468028488,0.5684119148959804,0.7324085297832659,True,0.5973770142949246
post_rebuild|1633052+1634606+4769672+7536925+R2831044+R4473909,6,4769672|7536925|1633052|1634606|rebuild:2831044|rebuild:4473909,London Terrace Towers; 111 Eighth Avenue; M440 (OECID: 0100175; BBL: 1007420007); M070 (OECID: 0100079; BBL: 1007410010); Rebuilt Fulton; Rebuilt Elliott-Chelsea,90.17700233095856,46.48006132117296,1.9597010460924875,270.48096875280436,-9815027.648776159,9697863.740663188,-15.170998324931134,65.57220991040602,18735.98250315627,2931.0,0.0,76.8248375757734,2,True,False,False,True,True,4.263256414560601e-14,3.725290298461914e-09,7.275957614183426e-12,64097980.82174391,26695576.56022693,0.0709524572992296,2397968.849035075,6369135.991438621,88.71569199999999,90.86534146,123043029.4177669,1518.264775283669,1435138.6435161,-9697863.740663188,-1552302.5516290748,inf,2842.949448835369,8.295161793410252,40.46128253637782,60461.095741711775,43206.64592855991,67047.13416821457,conditionally_feasible,F1 society savings;F2 operator self-financing,,-120.10859070323329,9815027.648776159,pipe_cost: removing it entirely closes only 46% of the gap; interface_cost: removing it entirely closes only 19% of the gap; source_side_electricity (A17 -> 0): removing it entirely closes only 24% of the gap; soft_costs (A21 -> 0): removing it entirely closes only 18% of the gap,True,3308.7218494244926,,post_rebuild,0.9068305792857517,0.46575764947777987,0.9824216641915234,0.707679424273667,0.2240921282405389,0.1630965303834444,0.3288850139684334,0.8451564072371435,0.44351655876089263,1.0,0.0,0.7682483757577336,1.0,0.7850032976516851,0.36495602763255014,0.5391859933221566,0.6920620939394334,True,0.5953018531364563
post_rebuild|1633052+1634606+19906892+4769672+8899918+R2831044,6,4769672|19906892|1633052|8899918|1634606|rebuild:2831044,London Terrace Towers; 363 West 16th Street; M440 (OECID: 0100175; BBL: 1007420007); 61 9th Ave; M070 (OECID: 0100079; BBL: 1007410010); Rebuilt Fulton,99.36860092621096,45.357368759878284,0.6313990737890544,285.9698716855752,-9039974.61190342,7563207.2583062295,1075.2844332984541,46.46202516824366,29953.876857547464,1334.7774000000002,0.0,66.95839738848936,2,True,False,False,True,True,2.4868995751603507e-14,1.862645149230957e-09,0.0,51640629.46270721,19383690.196285624,0.0709524572992296,1699111.3944270313,4810458.528539303,88.71569199999999,90.86534146,96464857.09020823,1223.1921767511808,1016885.7792969146,-7563207.2583062295,-2493653.1328941057,inf,4545.123677837628,6.365109861688431,40.496158171417974,44164.88304423223,30614.619719405968,44445.511592769784,conditionally_feasible,F1 society savings;F2 operator self-financing,8407.054293693378,-195.1898275260565,9039974.61190342,pipe_cost: removing it entirely closes only 41% of the gap; interface_cost: removing it entirely closes only 15% of the gap; source_side_electricity (A17 -> 0): removing it entirely closes only 19% of the gap; soft_costs (A21 -> 0): removing it entirely closes only 15% of the gap,False,5666.268591531613,,post_rebuild,0.9992623796698867,0.45450760733989226,0.9957320339894851,0.671391481496191,0.28536243473994233,0.3473125045709555,0.6186180485516789,0.5988463453924701,0.7090655845333432,0.4554000000000001,0.0,0.6695839738848933,1.0,0.8165006736664214,0.4346888069356963,0.6421766594924975,0.5312459934712234,True,0.6061530333914597
post_rebuild|1633052+1634606+19906892+4769672+8899918+R4473909,6,4769672|19906892|1633052|8899918|1634606|rebuild:4473909,London Terrace Towers; 363 West 16th Street; M440 (OECID: 0100175; BBL: 1007420007); 61 9th Ave; M070 (OECID: 0100079; BBL: 1007410010); Rebuilt Elliott-Chelsea,99.37002861287166,45.333875461692074,0.6299713871283646,300.5043605763692,-10307622.926486475,8920387.842344264,963.5185275324047,50.55279980732206,29953.876857547464,1596.2225999999998,0.0,69.4893431129111,2,True,False,False,True,True,2.4868995751603507e-14,1.862645149230957e-09,0.0,65082638.209547706,21101267.504022453,0.0709524572992296,1848710.5945506184,5183521.751602639,88.71569199999999,90.86534146,113370618.23110941,1541.5879846649884,1106418.0487518953,-8920387.842344264,-2493653.1328941057,inf,4545.123677837628,6.878280955129103,40.496158171417996,47828.485644597335,33310.100802713845,48131.70159276978,conditionally_feasible,F1 society savings;F2 operator self-financing,10697.89799775263,-219.45513404520858,10307622.926486475,pipe_cost: removing it entirely closes only 45% of the gap; interface_cost: removing it entirely closes only 15% of the gap; source_side_electricity (A17 -> 0): removing it entirely closes only 18% of the gap; soft_costs (A21 -> 0): removing it entirely closes only 16% of the gap,False,5588.436000307391,,post_rebuild,0.9992767366554607,0.4542721906250545,0.995746340252523,0.6373395732714268,0.18515096910741813,0.2301909229472504,0.5889219471783891,0.6515721022566086,0.7090655845333432,0.5446,0.0,0.6948934311291107,1.0,0.816431755844346,0.35089382177536504,0.6498532113227803,0.5598733577822776,True,0.5942630366811923
post_rebuild|1633052+1634606+19906892+4769672+R2831044+R4473909,6,4769672|19906892|1633052|1634606|rebuild:2831044|rebuild:4473909,London Terrace Towers; 363 West 16th Street; M440 (OECID: 0100175; BBL: 1007420007); M070 (OECID: 0100079; BBL: 1007410010); Rebuilt Fulton; Rebuilt Elliott-Chelsea,96.89599418847611,44.39368085084209,3.104005811523875,272.923540878511,-10482939.285443213,9955722.27409278,65.53000661697479,66.27135836112716,23824.990443549563,2931.0,0.0,77.41194262902914,2,True,False,False,True,True,2.842170943040401e-14,3.725290298461914e-09,7.275957614183426e-12,64061684.45510752,28248207.435871765,0.0709524572992296,2423536.6346560135,6483659.351640616,88.71569199999999,90.86534146,126471391.11158589,1517.4050368920953,1450440.4758099215,-9955722.27409278,-1977657.4871603567,inf,3615.1423304642176,8.91760774602398,40.44111215976685,61310.902242778495,43667.3267505588,63274.96070015062,conditionally_feasible,F1 society savings;F2 operator self-financing,159971.58899611235,-136.9350388649766,10482939.285443213,pipe_cost: removing it entirely closes only 43% of the gap; interface_cost: removing it entirely closes only 19% of the gap; source_side_electricity (A17 -> 0): removing it entirely closes only 23% of the gap; soft_costs (A21 -> 0): removing it entirely closes only 17% of the gap,True,3396.698148786346,,post_rebuild,0.974397554466486,0.4448508856707581,0.9709550550114971,0.7019568809849511,0.17129167621182437,0.14084392846322968,0.3503271989286449,0.8541676910347195,0.5639831149636361,1.0,0.0,0.7741194262902911,1.0,0.7967344983829138,0.3380308285533351,0.5894926683090002,0.6935298565725727,True,0.6044469629544554
post_rebuild|1633052+1634606+4769672+8899918+R2831044+R4473909,6,4769672|1633052|8899918|1634606|rebuild:2831044|rebuild:4473909,London Terrace Towers; M440 (OECID: 0100175; BBL: 1007420007); 61 9th Ave; M070 (OECID: 0100079; BBL: 1007410010); Rebuilt Fulton; Rebuilt Elliott-Chelsea,97.37436545386501,44.65382372432445,2.6256345461349824,282.5100820578649,-10817176.673708817,10370224.794651851,-3.7963264879108465,65.19402650299058,22564.47238812539,2931.0,0.0,76.56007744733805,2,True,False,False,True,True,2.842170943040401e-14,3.725290298461914e-09,7.275957614183426e-12,70439483.58248632,27627101.798569996,0.0709524572992296,2384138.7214331045,6362177.718063479,88.71569199999999,90.86534146,131485144.91829777,1668.4735672076292,1426861.5757909147,-10370224.794651851,-1873813.454847884,inf,3423.874586148621,8.695270978257403,40.456353601466446,60242.81634241602,42957.45444023611,61867.223536320205,conditionally_feasible,F1 society savings;F2 operator self-financing,,-155.45145262844056,10817176.673708817,pipe_cost: removing it entirely closes only 46% of the gap; interface_cost: removing it entirely closes only 18% of the gap; source_side_electricity (A17 -> 0): removing it entirely closes only 22% of the gap; soft_costs (A21 -> 0): removing it entirely closes only 17% of the gap,True,3538.1183195673325,,post_rebuild,0.9792081123747449,0.44745767081340904,0.9757486174512212,0.6794971974773291,0.1448691912355398,0.10507330857236163,0.33190725411980043,0.8402820232515398,0.5341442404822192,1.0,0.0,0.7656007744733802,1.0,0.8008048002131251,0.30981323242841013,0.5687778392845199,0.691400193618345,True,0.5926990163861
post_rebuild|1633052+1634606+19906892+7536925+8899918+R4473909,6,7536925|19906892|1633052|8899918|1634606|rebuild:4473909,111 Eighth Avenue; 363 West 16th Street; M440 (OECID: 0100175; BBL: 1007420007); 61 9th Ave; M070 (OECID: 0100079; BBL: 1007410010); Rebuilt Elliott-Chelsea,88.03259414395733,46.190046284305176,0.6116694607916588,316.2778968471063,-9005215.744103786,8431914.656670399,510.9308627584978,44.194828244118796,18345.478664392223,1596.2225999999998,0.0,88.59441923208132,2,True,False,False,True,True,1.5987211554602254e-14,0.0,0.0,65082638.20954771,18105446.100568585,0.0709524572992296,1616200.2403556965,4446052.39804502,88.71569199999999,90.86534146,106781407.95204787,1541.5879846649887,967265.0341257798,-8431914.656670399,-1540566.1215591654,inf,2783.6954079546563,5.793815260231466,40.49615817141802,41432.75806194695,29120.725051453992,47065.24721308687,conditionally_feasible,F1 society savings;F2 operator self-financing,17625.11603915438,-227.64784852065463,9005215.744103786,pipe_cost: removing it entirely closes only 51% of the gap; interface_cost: removing it entirely closes only 14% of the gap; source_side_electricity (A17 -> 0): removing it entirely closes only 18% of the gap; soft_costs (A21 -> 0): removing it entirely closes only 17% of the gap,True,5282.417788515461,,post_rebuild,0.8852661574467278,0.46285152762584464,0.995929736357201,0.6003847815682706,0.28811022925507496,0.2723450421261978,0.46866980873502956,0.569624575842373,0.4342725856347237,0.5446,0.0,0.8859441923208128,1.0,0.7813491404765912,0.3869466843165144,0.4908556567373754,0.6076360480802032,True,0.566696882402671
post_rebuild|1633052+1634606+19906892+7536925+R2831044+R4473909,6,7536925|19906892|1633052|1634606|rebuild:2831044|rebuild:4473909,111 Eighth Avenue; 363 West 16th Street; M440 (OECID: 0100175; BBL: 1007420007); M070 (OECID: 0100079; BBL: 1007410010); Rebuilt Fulton; Rebuilt Elliott-Chelsea,90.14490289930757,45.73802668820826,1.3253517826762742,278.3143556169977,-9268885.214158174,9465122.95480605,-317.6085946102785,61.03706841103717,13577.963586314923,2931.0,0.0,91.97909594639133,2,True,False,False,True,True,2.842170943040401e-14,0.0,1.4551915228366852e-11,64061684.45510752,25252386.032417905,0.0709524572992296,2232119.1993692815,5883594.560904122,88.71569199999999,90.86534146,119882180.83252436,1517.4050368920953,1335880.7897934532,-9465122.95480605,-1139643.0491455772,inf,2060.285020415551,7.833142051126341,40.46590699080193,56077.79761769523,40218.36395259967,62208.50632046771,conditionally_feasible,F1 society savings;F2 operator self-financing,,-127.7339077740449,9268885.214158174,pipe_cost: removing it entirely closes only 49% of the gap; interface_cost: removing it entirely closes only 19% of the gap; source_side_electricity (A17 -> 0): removing it entirely closes only 24% of the gap; soft_costs (A21 -> 0): removing it entirely closes only 18% of the gap,True,3229.3152353483624,,post_rebuild,0.906507783612283,0.45832202446660303,0.9887782182381101,0.6893270919286654,0.2672663534476181,0.18318152811221244,0.24852761466292933,0.7867032317050744,0.3214163806871952,1.0,0.0,0.9197909594639129,1.0,0.784536008772332,0.37992499116283196,0.452215742351733,0.7299477398659782,True,0.5866561205382188
post_rebuild|1633052+1634606+7536925+8899918+R2831044+R4473909,6,7536925|1633052|8899918|1634606|rebuild:2831044|rebuild:4473909,111 Eighth Avenue; M440 (OECID: 0100175; BBL: 1007420007); 61 9th Ave; M070 (OECID: 0100079; BBL: 1007410010); Rebuilt Fulton; Rebuilt Elliott-Chelsea,90.16365464563485,45.92279143320138,1.0881272416395142,289.4932271000191,-9588961.447437845,9880089.028548535,-398.38641685866423,59.77630830921306,12096.932566501644,2931.0,0.0,91.38169279987646,2,True,False,False,True,True,2.842170943040401e-14,3.725290298461914e-09,7.275957614183426e-12,70439483.58248633,24631280.395116135,0.0709524572992296,2186013.3344851895,5739743.461504273,88.71569199999999,90.86534146,124895934.63923627,1668.4735672076295,1308287.3085793336,-9880089.028548535,-1017159.7274686401,inf,1835.557210129811,7.610805283359763,40.47169552661109,54820.19552428013,39387.62764838179,60800.769156637296,conditionally_feasible,F1 society savings;F2 operator self-financing,,-148.878847740923,9588961.447437845,pipe_cost: removing it entirely closes only 52% of the gap; interface_cost: removing it entirely closes only 18% of the gap; source_side_electricity (A17 -> 0): removing it entirely closes only 23% of the gap; soft_costs (A21 -> 0): removing it entirely closes only 19% of the gap,True,3370.8935614290463,,post_rebuild,0.9066963533866716,0.460173476269554,0.99115534816202,0.663136841369708,0.24196335096491178,0.14737090464138858,0.2270650194129715,0.7704533679365436,0.2863575423681977,1.0,0.0,0.9138169279987642,1.0,0.7860083926060818,0.3508236989920028,0.42795864323923766,0.7284542319996911,True,0.5733112417092533
post_rebuild|1633052+1634606+19906892+8899918+R2831044+R4473909,6,19906892|1633052|8899918|1634606|rebuild:2831044|rebuild:4473909,363 West 16th Street; M440 (OECID: 0100175; BBL: 1007420007); 61 9th Ave; M070 (OECID: 0100079; BBL: 1007410010); Rebuilt Fulton; Rebuilt Elliott-Chelsea,98.22135247921584,43.945522137317845,1.7786475207841712,290.8520074551414,-10282910.91065424,10137257.941479554,-297.0541958665517,60.8083154701472,17588.327190398893,2931.0,0.0,91.83832120685695,2,True,False,False,True,True,5.684341886080802e-14,1.862645149230957e-09,7.275957614183426e-12,70403187.21584992,26183911.270760976,0.0709524572992296,2223753.728278269,5894938.068512709,88.71569199999999,90.86534146,128324296.33305523,1667.6138288160555,1330874.2148169852,-10137257.941479554,-1476527.1839916715,inf,2668.807204717297,8.233251235973494,40.46164661605685,56014.257985220494,40067.6347437526,57028.59568857333,conditionally_feasible,F1 society savings;F2 operator self-financing,,-165.24855047394794,10282910.91065424,pipe_cost: removing it entirely closes only 49% of the gap; interface_cost: removing it entirely closes only 18% of the gap; source_side_electricity (A17 -> 0): removing it entirely closes only 22% of the gap; soft_costs (A21 -> 0): removing it entirely closes only 18% of the gap,True,3458.634575735092,,post_rebuild,0.9877255138739376,0.44036007083379586,0.9842359273826706,0.6599534432951089,0.18710452933133326,0.12517781539359407,0.2539889000574073,0.7837548483284632,0.41634936137094736,1.0,0.0,0.9183832120685691,1.0,0.8041071706968014,0.3240785960066787,0.48469770325227257,0.7295958030171423,True,0.5856198182432237
post_rebuild|1633052+1634606+19906892+4040951+4769672+7536925+8899918,7,4040951|4769672|7536925|19906892|1633052|8899918|1634606,Manhattan Chelsea Market; London Terrace Towers; 111 Eighth Avenue; 363 West 16th Street; M440 (OECID: 0100175; BBL: 1007420007); 61 9th Ave; M070 (OECID: 0100079; BBL: 1007410010),87.50380025160663,47.054493902969774,0.6210991054090599,294.257216367609,-9461190.571588028,6811735.65320188,2510.674847367576,39.654408795893055,42244.1555632135,0.0,0.0,62.94266936404793,2,True,False,False,True,,2.4868995751603507e-14,1.862645149230957e-09,3.637978807091713e-12,48819326.15401988,15946910.234533051,0.0709524572992296,1450157.5766529667,4483547.895878939,88.71569199999999,90.86534146,87615082.58049154,1156.3650258946882,867891.6651814652,-6811735.65320188,-3517346.5835676114,inf,6410.01873025456,5.587254822029634,,39378.94311026306,26128.9653450985,45002.55188578514,conditionally_feasible,F1 society savings;F2 operator self-financing,3768.3854528227803,-246.46478629638693,9461190.571588028,pipe_cost: removing it entirely closes only 37% of the gap; interface_cost: removing it entirely closes only 12% of the gap; source_side_electricity (A17 -> 0): removing it entirely closes only 15% of the gap; soft_costs (A21 -> 0): removing it entirely closes only 13% of the gap,False,,,post_rebuild,0.8799485436502165,0.47151380300848234,0.9958352457522497,0.651975600920002,0.25206402840577824,0.4121627860812157,1.0,0.5111033731338588,1.0,0.0,0.0,0.629426693640479,1.0,0.7824325308036495,0.43873413846899867,0.8370344577112863,0.4073566734101197,True,0.6163894500985135
post_rebuild|1633052+19906892+4040951+4769672+7536925+8899918+R2831044,7,4040951|4769672|7536925|19906892|1633052|8899918|rebuild:2831044,Manhattan Chelsea Market; London Terrace Towers; 111 Eighth Avenue; 363 West 16th Street; M440 (OECID: 0100175; BBL: 1007420007); 61 9th Ave; Rebuilt Fulton,90.53071567250251,46.417389053575576,0.8160674229273361,262.5088769713164,-10200180.346997874,8185729.809374854,1794.8728014838398,58.26308328733462,39559.5262148545,1334.7774000000002,0.0,73.85205146961697,1,True,False,False,True,True,1.7763568394002505e-14,0.0,0.0,50698596.828050464,23751931.52995731,0.0709524572992296,2130674.8539154036,6125879.472532758,88.71569199999999,90.86534146,105061329.69992532,1200.8786038736741,1275168.2828792618,-8185729.809374854,-3289618.820502281,inf,6002.660027557291,7.86215455658721,40.4925837661163,55800.7374390833,38390.53790838565,61637.35371422897,conditionally_feasible,F1 society savings;F2 operator self-financing,5682.954434746172,-147.65141857374653,10200180.346997874,pipe_cost: removing it entirely closes only 35% of the gap; interface_cost: removing it entirely closes only 17% of the gap; source_side_electricity (A17 -> 0): removing it entirely closes only 21% of the gap; soft_costs (A21 -> 0): removing it entirely closes only 15% of the gap,False,6132.655384616831,,post_rebuild,0.9103875623980999,0.4651296363639008,0.9938815481298977,0.7263567193435039,0.19364463271902727,0.2935902316213612,0.809812035503329,0.7509494984683717,0.9364496860555832,0.4554000000000001,0.0,0.7385205146961693,0.5,0.7897995822972995,0.4045305278946308,0.8324037400090947,0.42348012867404233,True,0.6125534947187669
post_rebuild|1633052+1634606+19906892+4040951+4769672+7536925+R2831044,7,4040951|4769672|7536925|19906892|1633052|1634606|rebuild:2831044,Manhattan Chelsea Market; London Terrace Towers; 111 Eighth Avenue; 363 West 16th Street; M440 (OECID: 0100175; BBL: 1007420007); M070 (OECID: 0100079; BBL: 1007410010); Rebuilt Fulton,90.46816550803051,46.60148749409889,0.6491002149795254,260.7968175532248,-9806065.97678661,7896388.6610329375,1705.887704980164,56.873498775721366,37926.3089455673,1334.7774000000002,0.0,73.18237541590689,2,True,False,False,True,True,8.881784197001252e-15,1.862645149230957e-09,7.275957614183426e-12,48448457.57836253,23093850.166382365,0.0709524572992296,2079857.8938571245,5966929.260536653,88.71569199999999,90.86534146,101365940.63975085,1147.58040136422,1244755.3010112958,-7896388.6610329375,-3154432.6167649706,inf,5754.839870019982,7.626581612924509,40.49566590570991,54412.81183544462,37474.917006434676,60145.810993165986,conditionally_feasible,F1 society savings;F2 operator self-financing,5748.365468699262,-142.83533686987892,9806065.97678661,pipe_cost: removing it entirely closes only 35% of the gap; interface_cost: removing it entirely closes only 17% of the gap; source_side_electricity (A17 -> 0): removing it entirely closes only 21% of the gap; soft_costs (A21 -> 0): removing it entirely closes only 15% of the gap,False,5915.884297286526,,post_rebuild,0.9097585505611974,0.46697441140277546,0.9955546581065882,0.7303677919459347,0.22480057574467652,0.31855971123312876,0.7861687748114997,0.7330392243599941,0.8977883079900831,0.4554000000000001,0.0,0.7318237541590686,1.0,0.7907625400235204,0.4245760263079133,0.8056654357205256,0.5468059385397672,True,0.6419524851479317
post_rebuild|1633052+1634606+19906892+4040951+4769672+7536925+R4473909,7,4040951|4769672|7536925|19906892|1633052|1634606|rebuild:4473909,Manhattan Chelsea Market; London Terrace Towers; 111 Eighth Avenue; 363 West 16th Street; M440 (OECID: 0100175; BBL: 1007420007); M070 (OECID: 0100079; BBL: 1007410010); Rebuilt Elliott-Chelsea,90.53718864345751,46.285353055473166,1.1338799996920237,278.6037511770548,-11254592.378770877,9456504.545224221,1577.0086836901628,60.688884524718745,37594.05422094873,1596.2225999999998,0.0,75.00814657947605,2,True,False,False,True,True,1.7763568394002505e-14,3.725290298461914e-09,7.275957614183426e-12,64389712.022817925,24811427.474119194,0.0709524572992296,2219386.1511119734,6306366.451735946,88.71569199999999,90.86534146,120770947.47826692,1525.1749025726024,1328260.3031423558,-9456504.545224221,-3126348.1366890143,inf,5704.424398823412,8.139752706365181,40.47657585499131,57791.69915407635,39988.9396596752,63832.00099316597,conditionally_feasible,F1 society savings;F2 operator self-financing,7136.671151635892,-174.19002910929322,11254592.378770877,pipe_cost: removing it entirely closes only 41% of the gap; interface_cost: removing it entirely closes only 16% of the gap; source_side_electricity (A17 -> 0): removing it entirely closes only 20% of the gap; soft_costs (A21 -> 0): removing it entirely closes only 15% of the gap,False,5924.301876958904,,post_rebuild,0.9104526553580464,0.4638065577281457,0.9906968785205879,0.6886490859027391,0.1102901456195872,0.1839252771557638,0.7519257339227207,0.782215509805495,0.8899232028604187,0.5446,0.0,0.7500814657947602,1.0,0.7883186972022601,0.3276215028926967,0.8080214821962115,0.5736703664486901,True,0.6244080121849646
post_rebuild|1633052+19906892+4040951+4769672+7536925+R2831044+R4473909,7,4040951|4769672|7536925|19906892|1633052|rebuild:2831044|rebuild:4473909,Manhattan Chelsea Market; London Terrace Towers; 111 Eighth Avenue; 363 West 16th Street; M440 (OECID: 0100175; BBL: 1007420007); Rebuilt Fulton; Rebuilt Elliott-Chelsea,86.14953734011891,43.26360785850519,7.6808895303121,267.7655999953555,-11620101.40594226,10838601.647865547,569.9430756309393,74.5715603684573,29171.388729185048,2931.0,0.0,83.28273203073542,1,True,False,False,True,True,6.394884621840902e-14,1.862645149230957e-09,7.275957614183426e-12,66268982.69684851,32616448.769543454,0.0709524572992296,2727074.1527825375,7370365.486543204,88.71569199999999,90.86534146,138217194.59770072,1569.6884805515883,1632101.8940537958,-10838601.647865547,-2413601.6521305093,inf,4426.39095630176,10.414652440922758,40.41851024301563,69321.7783432026,49136.47122130698,80466.80282160982,conditionally_feasible,F1 society savings;F2 operator self-financing,20388.178930112546,-128.00469336685182,11620101.40594226,pipe_cost: removing it entirely closes only 40% of the gap; interface_cost: removing it entirely closes only 20% of the gap; source_side_electricity (A17 -> 0): removing it entirely closes only 23% of the gap; soft_costs (A21 -> 0): removing it entirely closes only 17% of the gap,True,3697.9193612642603,,post_rebuild,0.8663299159648292,0.4335268872574988,0.9250919786255617,0.7140410850392964,0.08139554220838019,0.0646534569406022,0.484349301006943,0.9611485129018261,0.6905425931767871,1.0,0.0,0.8328273203073538,0.5,0.7416495939492966,0.28669669472942627,0.7120134690285188,0.5832068300768385,True,0.58089164694602
post_rebuild|1634606+19906892+4040951+4769672+7536925+8899918+R2831044,7,4040951|4769672|7536925|19906892|8899918|1634606|rebuild:2831044,Manhattan Chelsea Market; London Terrace Towers; 111 Eighth Avenue; 363 West 16th Street; 61 9th Ave; M070 (OECID: 0100079; BBL: 1007410010); Rebuilt Fulton,90.3397900159161,46.703177651672846,0.6111730088998794,266.94235620690745,-9906958.057539016,8077070.820643947,1638.4351878620864,55.818479704588,36684.571227764434,1334.7774000000002,0.0,81.50745464168652,1,True,False,False,True,True,1.4210854715202004e-14,0.0,7.275957614183426e-12,51640629.46270721,22616101.77726758,0.0709524572992296,2041275.9569181004,5845881.579198183,88.71569199999999,90.86534146,103508902.18773602,1223.1921767511808,1221664.747243187,-8077070.820643947,-3051551.9841382555,inf,5566.421805483945,7.4555623429933595,40.49615817141798,53357.384140448245,36779.746971497305,59062.99331783672,conditionally_feasible,F1 society savings;F2 operator self-financing,6046.597467469018,-154.2212181306831,9906958.057539016,pipe_cost: removing it entirely closes only 37% of the gap; interface_cost: removing it entirely closes only 16% of the gap; source_side_electricity (A17 -> 0): removing it entirely closes only 21% of the gap; soft_costs (A21 -> 0): removing it entirely closes only 15% of the gap,False,6051.249309917854,,post_rebuild,0.9084675914599738,0.4679934068046833,0.9959347110981893,0.7159698093406096,0.21682474903737792,0.30296725393325685,0.7682467012373376,0.7194411447932989,0.8683940000379511,0.4554000000000001,0.0,0.8150745464168648,0.5,0.7907985697876155,0.41192060410374814,0.7853606153561957,0.44261863660421624,True,0.6076746064629439
post_rebuild|1633052+1634606+4040951+4769672+7536925+8899918+R4473909,7,4040951|4769672|7536925|1633052|8899918|1634606|rebuild:4473909,Manhattan Chelsea Market; London Terrace Towers; 111 Eighth Avenue; M440 (OECID: 0100175; BBL: 1007420007); 61 9th Ave; M070 (OECID: 0100079; BBL: 1007410010); Rebuilt Elliott-Chelsea,90.53098746630916,46.47181196063492,0.9351335483041538,285.00032934236094,-11318148.43442357,9616565.569373231,1494.9853509121222,59.408019674824445,36088.70967535315,1596.2225999999998,0.0,74.18286543726904,2,True,False,False,True,True,1.0658141036401503e-14,1.862645149230957e-09,1.4551915228366852e-11,67618180.27379899,24190321.836817425,0.0709524572992296,2172545.057696528,6160058.473303441,88.71569199999999,90.86534146,122635370.4085811,1601.6464163511368,1300226.8016679296,-9616565.569373231,-3001809.666718269,inf,5476.007317120473,7.917415938598603,40.48613494712736,56513.30246327153,39144.955994532036,62424.263829335556,conditionally_feasible,F1 society savings;F2 operator self-financing,7570.74203270161,-185.89043859426073,11318148.43442357,pipe_cost: removing it entirely closes only 42% of the gap; interface_cost: removing it entirely closes only 15% of the gap; source_side_electricity (A17 -> 0): removing it entirely closes only 19% of the gap; soft_costs (A21 -> 0): removing it entirely closes only 15% of the gap,False,6024.576753501193,,post_rebuild,0.9103902955887001,0.4656749860159711,0.9926884352743716,0.6736629591614336,0.10526584557239825,0.17011237670233614,0.7301322076370715,0.7657065171061165,0.854288816860135,0.5446,0.0,0.7418286543726901,1.0,0.7895845722930143,0.3163470604787227,0.7833758472011078,0.5716071635931725,True,0.6152286608915043
post_rebuild|1633052+4040951+4769672+7536925+8899918+R2831044+R4473909,7,4040951|4769672|7536925|1633052|8899918|rebuild:2831044|rebuild:4473909,Manhattan Chelsea Market; London Terrace Towers; 111 Eighth Avenue; M440 (OECID: 0100175; BBL: 1007420007); 61 9th Ave; Rebuilt Fulton; Rebuilt Elliott-Chelsea,86.71265045756871,43.63746291592261,6.958804809016529,272.0355017933137,-11742378.30380959,11017259.677850805,518.0447788727251,73.7836419214239,28268.368629946668,2931.0,0.0,82.65272010898873,1,True,False,False,True,True,5.684341886080802e-14,1.862645149230957e-09,1.4551915228366852e-11,69734416.89582972,31995343.132241685,0.0709524572992296,2698260.057693356,7284514.727490613,88.71569199999999,90.86534146,140318583.476015,1651.7729176574715,1614857.2074278328,-11017259.677850805,-2339975.8333866205,inf,4289.369025747303,10.19231567315618,40.41851024301562,68554.21125884999,48617.29833681723,79059.06565777939,conditionally_feasible,F1 society savings;F2 operator self-financing,22666.72454331307,-135.8560935031191,11742378.30380959,pipe_cost: removing it entirely closes only 42% of the gap; interface_cost: removing it entirely closes only 19% of the gap; source_side_electricity (A17 -> 0): removing it entirely closes only 23% of the gap; soft_costs (A21 -> 0): removing it entirely closes only 17% of the gap,True,3758.87399449021,,post_rebuild,0.8719926479397321,0.43727313560224446,0.9323276937462998,0.7040374099706175,0.07172918048382407,0.04923567739987866,0.47055996989501137,0.9509930777746513,0.6691663794213218,1.0,0.0,0.826527201089887,0.5,0.7471978257627588,0.2750007559514401,0.6969064756969949,0.5816318002724717,True,0.5751842144209164
post_rebuild|1633052+1634606+4040951+4769672+7536925+R2831044+R4473909,7,4040951|4769672|7536925|1633052|1634606|rebuild:2831044|rebuild:4473909,Manhattan Chelsea Market; London Terrace Towers; 111 Eighth Avenue; M440 (OECID: 0100175; BBL: 1007420007); M070 (OECID: 0100079; BBL: 1007410010); Rebuilt Fulton; Rebuilt Elliott-Chelsea,87.28833247823142,44.030182797534934,6.209483512045152,269.37784519087035,-11370779.390018519,10708025.925244693,461.0699454262649,72.91642322322832,27272.116932628353,2931.0,0.0,82.3172093721662,2,True,False,False,True,True,4.263256414560601e-14,1.862645149230957e-09,0.0,67247311.69814165,31337261.76866674,0.0709524572992296,2666545.9607243026,7189583.982837891,88.71569199999999,90.86534146,136386228.46784043,1592.8617918206687,1595876.9249596847,-10708025.925244693,-2258630.389733509,inf,4138.20037401979,9.95674272949348,40.41851024301561,67707.39731612943,48045.87316620365,77567.5229367164,conditionally_feasible,F1 society savings;F2 operator self-financing,24661.723243544082,-129.1069667744124,11370779.390018519,pipe_cost: removing it entirely closes only 42% of the gap; interface_cost: removing it entirely closes only 20% of the gap; source_side_electricity (A17 -> 0): removing it entirely closes only 23% of the gap; soft_costs (A21 -> 0): removing it entirely closes only 17% of the gap,True,3653.369472959636,,post_rebuild,0.877781774288887,0.4412084206204599,0.9398363354318057,0.7102638606837663,0.10110520800665121,0.07592184328128393,0.45542180751753314,0.9398155463134228,0.6455831953326368,1.0,0.0,0.8231720937216617,1.0,0.7529421767803842,0.2957636373239005,0.6802735163878643,0.7057930234304154,True,0.6086930884806411
post_rebuild|1633052+1634606+19906892+4040951+4769672+8899918+R2831044,7,4040951|4769672|19906892|1633052|8899918|1634606|rebuild:2831044,Manhattan Chelsea Market; London Terrace Towers; 363 West 16th Street; M440 (OECID: 0100175; BBL: 1007420007); 61 9th Ave; M070 (OECID: 0100079; BBL: 1007410010); Rebuilt Fulton,99.07105973508241,44.6951363045694,0.928940264917594,268.722109269063,-10573243.943801343,8313403.476668881,1732.7535183990449,56.74717830748198,42061.06267039074,1334.7774000000002,0.0,73.20666483965445,2,True,False,False,True,True,2.4868995751603507e-14,1.862645149230957e-09,0.0,51640629.46270721,24025375.404725444,0.0709524572992296,2075238.367563174,5990808.482108377,88.71569199999999,90.86534146,106658725.26388401,1223.1921767511808,1241990.6025866875,-8313403.476668881,-3501831.069719148,inf,6382.236689005938,8.026690797771662,40.48926727386383,54455.29998084127,37391.68229843557,54965.900361271604,conditionally_feasible,F1 society savings;F2 operator self-financing,6101.989597210776,-169.81024773768337,10573243.943801343,pipe_cost: removing it entirely closes only 35% of the gap; interface_cost: removing it entirely closes only 16% of the gap; source_side_electricity (A17 -> 0): removing it entirely closes only 20% of the gap; soft_costs (A21 -> 0): removing it entirely closes only 14% of the gap,False,6228.307039562462,,post_rebuild,0.9962702703322731,0.44787164725237705,0.9927504956295149,0.711800141704505,0.16415281753674368,0.2825722860207217,0.7933069974501008,0.731411087177435,0.9956658408629147,0.4554000000000001,0.0,0.7320666483965442,1.0,0.8122974710713883,0.3861750817539901,0.8401279751634835,0.546866662099136,True,0.6463667975219994
post_rebuild|1633052+1634606+19906892+4040951+4769672+8899918+R4473909,7,4040951|4769672|19906892|1633052|8899918|1634606|rebuild:4473909,Manhattan Chelsea Market; London Terrace Towers; 363 West 16th Street; M440 (OECID: 0100175; BBL: 1007420007); 61 9th Ave; M070 (OECID: 0100079; BBL: 1007410010); Rebuilt Elliott-Chelsea,98.45756398639233,44.455935371060235,1.5424360136076571,286.29875784904374,-12015244.947462067,9873711.275854448,1598.6542730620495,60.4786285752749,41627.60522748388,1596.2225999999998,0.0,74.88107562736022,2,True,False,False,True,True,3.197442310920451e-14,1.862645149230957e-09,7.275957614183426e-12,67581883.90716258,25742952.712462272,0.0709524572992296,2211697.1130609526,6319999.109442811,88.71569199999999,90.86534146,126063732.10240006,1600.786677959563,1323658.5604454367,-9873711.275854448,-3465192.232053054,inf,6316.464979505353,8.539861891212334,40.46500494488559,57747.41939680564,39850.398433530674,58652.09036127161,conditionally_feasible,F1 society savings;F2 operator self-financing,7515.849517887419,-200.05454971523608,12015244.947462067,pipe_cost: removing it entirely closes only 40% of the gap; interface_cost: removing it entirely closes only 15% of the gap; source_side_electricity (A17 -> 0): removing it entirely closes only 18% of the gap; soft_costs (A21 -> 0): removing it entirely closes only 15% of the gap,False,6185.673148503503,,post_rebuild,0.990100884670814,0.44547471270932015,0.9866029061093536,0.6706209555052896,0.05015824005178773,0.14792129011810518,0.7576769476928453,0.7795055330779301,0.9854050737312757,0.5446,0.0,0.7488107562736018,1.0,0.807392834496496,0.28956682855839416,0.8408625181673504,0.5733526890684004,True,0.6277937175726602
post_rebuild|1633052+19906892+4040951+4769672+8899918+R2831044+R4473909,7,4040951|4769672|19906892|1633052|8899918|rebuild:2831044|rebuild:4473909,Manhattan Chelsea Market; London Terrace Towers; 363 West 16th Street; M440 (OECID: 0100175; BBL: 1007420007); 61 9th Ave; Rebuilt Fulton; Rebuilt Elliott-Chelsea,91.23238859747691,41.6214397313777,8.767611402523091,275.4761857736968,-12334889.848565498,11256481.797913404,556.8093437136013,73.78995064158667,32507.462357201122,2931.0,0.0,82.8066051085637,1,True,False,False,True,True,8.526512829121202e-14,1.862645149230957e-09,0.0,69461154.58119318,33547974.007886533,0.0709524572992296,2698490.7669289955,7313923.096141809,88.71569199999999,90.86534146,143509979.22183385,1645.3002559385488,1614995.282507338,-11256481.797913404,-2693403.3331594304,inf,4932.598126405852,10.81476162576991,40.418510243015625,68686.03004548467,48621.4552599819,75286.89218971544,conditionally_feasible,F1 society savings;F2 operator self-financing,22152.80685898481,-152.40174177194376,12334889.848565498,pipe_cost: removing it entirely closes only 40% of the gap; interface_cost: removing it entirely closes only 19% of the gap; source_side_electricity (A17 -> 0): removing it entirely closes only 22% of the gap; soft_costs (A21 -> 0): removing it entirely closes only 17% of the gap,False,3840.4919133106123,,post_rebuild,0.9174436681520746,0.41707139332746357,0.9142023840241338,0.6959764553673475,0.024889335693189,0.02859135534676982,0.4808596801627897,0.9510743905026243,0.7695138398152488,1.0,0.0,0.8280660510856367,0.5,0.7495724818345573,0.24981904880243544,0.7338159701602209,0.5820165127714092,True,0.5788060033921557
post_rebuild|1633052+1634606+19906892+4040951+4769672+R2831044+R4473909,7,4040951|4769672|19906892|1633052|1634606|rebuild:2831044|rebuild:4473909,Manhattan Chelsea Market; London Terrace Towers; 363 West 16th Street; M440 (OECID: 0100175; BBL: 1007420007); M070 (OECID: 0100079; BBL: 1007410010); Rebuilt Fulton; Rebuilt Elliott-Chelsea,92.00564727193964,41.987111077294514,7.994352728060336,273.0248656622298,-11986907.290502153,10966352.661973946,503.0960196178039,72.97805308985235,31577.884580423335,2931.0,0.0,82.48863012124852,2,True,False,False,True,True,5.684341886080802e-14,0.0,0.0,67211015.33150524,32889892.64431158,0.0709524572992296,2668799.758492237,7225769.283763,88.71569199999999,90.86534146,139814590.16165936,1592.0020534290948,1597225.7799595045,-10966352.661973946,-2617780.408487713,inf,4791.546402660122,10.57918868210721,40.41851024301563,67895.88893522356,48086.48213499526,73795.34946865245,conditionally_feasible,F1 society savings;F2 operator self-financing,23826.28131228004,-146.278215645663,11986907.290502153,pipe_cost: removing it entirely closes only 40% of the gap; interface_cost: removing it entirely closes only 19% of the gap; source_side_electricity (A17 -> 0): removing it entirely closes only 22% of the gap; soft_costs (A21 -> 0): removing it entirely closes only 17% of the gap,False,3741.505514150101,,post_rebuild,0.9252196486523715,0.42073563605250514,0.9219508923612348,0.701719493742647,0.052398418265158106,0.05362883648671224,0.466588097907786,0.9406098900868847,0.7475089550120295,1.0,0.0,0.8248863012124849,1.0,0.7559687256887039,0.2692489161648391,0.7182356476689001,0.7062215753031212,True,0.6124187162063911
post_rebuild|1634606+19906892+4040951+4769672+8899918+R2831044+R4473909,7,4040951|4769672|19906892|8899918|1634606|rebuild:2831044|rebuild:4473909,Manhattan Chelsea Market; London Terrace Towers; 363 West 16th Street; 61 9th Ave; M070 (OECID: 0100079; BBL: 1007410010); Rebuilt Fulton; Rebuilt Elliott-Chelsea,92.56415319852366,42.25230752059397,7.435846801476344,277.04908279348996,-12123610.202783091,11146403.382100038,463.1914867426749,72.37224058972609,30883.590919803722,2931.0,0.0,87.12125833461786,1,True,False,False,True,True,5.684341886080802e-14,3.725290298461914e-09,7.275957614183426e-12,70403187.21584992,32412144.2551968,0.0709524572992296,2646645.258809464,7159763.942531352,88.71569199999999,90.86534146,141957551.70964456,1667.6138288160555,1583966.7342319898,-11146403.382100038,-2561173.5549150463,inf,4686.196081188808,10.40816941217606,40.41851024301564,67305.7393236969,47687.30196053089,72712.53179332319,conditionally_feasible,F1 society savings;F2 operator self-financing,26174.078215557398,-153.91203936624208,12123610.202783091,pipe_cost: removing it entirely closes only 41% of the gap; interface_cost: removing it entirely closes only 19% of the gap; source_side_electricity (A17 -> 0): removing it entirely closes only 22% of the gap; soft_costs (A21 -> 0): removing it entirely closes only 17% of the gap,False,3802.9353060730255,,post_rebuild,0.9308360501721283,0.4233930609476129,0.9275474514059336,0.6922914172922263,0.04159163610143711,0.03809087097079533,0.4559854991511124,0.9328016079386143,0.7310736954746319,1.0,0.0,0.8712125833461782,0.5,0.7605921875085583,0.2573246414548196,0.7066202675214529,0.5928031458365446,True,0.5793350605803439
post_rebuild|1633052+1634606+4040951+4769672+8899918+R2831044+R4473909,7,4040951|4769672|1633052|8899918|1634606|rebuild:2831044|rebuild:4473909,Manhattan Chelsea Market; London Terrace Towers; M440 (OECID: 0100175; BBL: 1007420007); 61 9th Ave; M070 (OECID: 0100079; BBL: 1007410010); Rebuilt Fulton; Rebuilt Elliott-Chelsea,92.73199126902892,42.33218223865297,7.268008730971059,277.16408836653045,-12089859.054444663,11125830.242754629,451.0883136572302,72.18835088838465,30672.69091823805,2931.0,0.0,81.81795518013865,2,True,False,False,True,True,5.684341886080802e-14,3.725290298461914e-09,1.4551915228366852e-11,70439483.5824863,32268787.007009815,0.0709524572992296,2639920.4316902068,7139699.967007598,88.71569199999999,90.86534146,141679013.09197354,1668.473567207629,1579942.053396917,-11125830.242754629,-2543970.865086948,inf,4654.1946612947895,10.356851914340632,40.41851024301563,67126.47432236606,47566.133904328046,72387.61230482202,conditionally_feasible,F1 society savings;F2 operator self-financing,26801.53461841049,-153.91897733646869,12089859.054444663,pipe_cost: removing it entirely closes only 41% of the gap; interface_cost: removing it entirely closes only 19% of the gap; source_side_electricity (A17 -> 0): removing it entirely closes only 22% of the gap; soft_costs (A21 -> 0): removing it entirely closes only 17% of the gap,False,3795.9161524239607,,post_rebuild,0.9325238496195296,0.4241934527689316,0.9292292879394801,0.6920219782188652,0.04425976731958735,0.03986628586210628,0.452769696868472,0.9304314642523485,0.7260812888623117,1.0,0.0,0.8181795518013862,1.0,0.7619821967759804,0.25871601046685294,0.7030941499943774,0.7045448879503465,True,0.6070843112968893
post_rebuild|1633052+1634606+19906892+4040951+7536925+8899918+R2831044,7,4040951|7536925|19906892|1633052|8899918|1634606|rebuild:2831044,Manhattan Chelsea Market; 111 Eighth Avenue; 363 West 16th Street; M440 (OECID: 0100175; BBL: 1007420007); 61 9th Ave; M070 (OECID: 0100079; BBL: 1007410010); Rebuilt Fulton,89.45526523198006,45.477205645675674,0.630757239959713,233.27744193428282,-7146307.940996089,5688231.666999443,1289.498900691151,50.54028153653925,30635.757370058247,1334.7774000000002,0.0,90.1989853268482,2,True,False,False,True,True,1.7763568394002505e-14,1.862645149230957e-09,0.0,25249621.35855601,21029554.001271576,0.0709524572992296,1848252.8026991314,5271814.822708414,88.71569199999999,90.86534146,73678506.88067126,598.0782889956683,1106144.0690556956,-5688231.666999443,-2564220.343052343,inf,4648.590460371586,6.942225102874024,40.49615817141798,48215.892361397986,33301.85230088525,53899.445981588695,conditionally_feasible,F1 society savings;F2 operator self-financing,5541.926353846274,-78.93628404156874,7146307.940996089,pipe_cost: removing it entirely closes only 25% of the gap; interface_cost: removing it entirely closes only 21% of the gap; source_side_electricity (A17 -> 0): removing it entirely closes only 26% of the gap; soft_costs (A21 -> 0): removing it entirely closes only 15% of the gap,False,4261.558269565729,,post_rebuild,0.8995727058297609,0.45570844366977686,0.9957384655433,0.7948411463252942,0.43506256081434413,0.5091186115418599,0.6755346412792901,0.6514107549911423,0.7252070011013801,0.4554000000000001,0.0,0.9019898532684817,1.0,0.7836732050142793,0.5796741062271661,0.6840507991239374,0.5893474633171205,True,0.6591863934206259
post_rebuild|1633052+1634606+19906892+4040951+7536925+8899918+R4473909,7,4040951|7536925|19906892|1633052|8899918|1634606|rebuild:4473909,Manhattan Chelsea Market; 111 Eighth Avenue; 363 West 16th Street; M440 (OECID: 0100175; BBL: 1007420007); 61 9th Ave; M070 (OECID: 0100079; BBL: 1007410010); Rebuilt Elliott-Chelsea,90.09103412238082,45.44636362539081,0.6294863448590603,295.47819688671694,-10752693.292830516,9384149.28828885,1177.7329949251016,54.63105617561763,30635.757370058247,1596.2225999999998,0.0,90.8911089273042,2,True,False,False,True,True,1.7763568394002505e-14,1.862645149230957e-09,0.0,67581883.90716258,22747131.309008405,0.0709524572992296,1997852.0028227184,5644878.04577175,88.71569199999999,90.86534146,119474521.82333851,1600.786677959563,1195676.338510676,-9384149.28828885,-2564220.343052343,inf,4648.590460371586,7.455396196314696,40.49615817141802,51879.494961763085,35997.33338419312,57585.6359815887,conditionally_feasible,F1 society savings;F2 operator self-financing,9129.992399944893,-200.87856206147995,10752693.292830516,pipe_cost: removing it entirely closes only 45% of the gap; interface_cost: removing it entirely closes only 15% of the gap; source_side_electricity (A17 -> 0): removing it entirely closes only 19% of the gap; soft_costs (A21 -> 0): removing it entirely closes only 16% of the gap,False,5878.972825149106,,post_rebuild,0.9059660728332242,0.4553993884218983,0.9957512006623594,0.6491150451142025,0.14996679917018235,0.19016937041109627,0.6458385399060003,0.7041365118552807,0.7252070011013801,0.5446,0.0,0.9089110892730417,1.0,0.7857055539724941,0.32975040489849367,0.6917273509542204,0.6133777723182604,True,0.6051402705358672
post_rebuild|1633052+1634606+19906892+4040951+7536925+R2831044+R4473909,7,4040951|7536925|19906892|1633052|1634606|rebuild:2831044|rebuild:4473909,Manhattan Chelsea Market; 111 Eighth Avenue; 363 West 16th Street; M440 (OECID: 0100175; BBL: 1007420007); M070 (OECID: 0100079; BBL: 1007410010); Rebuilt Fulton; Rebuilt Elliott-Chelsea,88.31308219456088,43.83810934615345,4.635788419041919,274.0746275888711,-10894404.047835547,10474110.33636691,212.15722214011112,69.25493147120456,23179.591627860493,2931.0,0.0,94.16041669920313,2,True,False,False,True,True,1.1191048088221578e-13,3.725290298461914e-09,0.0,67211015.33150525,29894071.24085772,0.0709524572992296,2532645.590821435,6811120.473919215,88.71569199999999,90.86534146,133225379.88259786,1592.002053429095,1515740.1061240146,-10474110.33636691,-1936033.8175926548,inf,3517.2111860989226,9.494722987209572,40.42022873531346,64229.128899117626,45633.25388867451,72728.89508896954,conditionally_feasible,F1 society savings;F2 operator self-financing,51350.61600986063,-133.0895491983303,10894404.047835547,pipe_cost: removing it entirely closes only 44% of the gap; interface_cost: removing it entirely closes only 19% of the gap; source_side_electricity (A17 -> 0): removing it entirely closes only 23% of the gap; soft_costs (A21 -> 0): removing it entirely closes only 17% of the gap,True,3573.562039019758,,post_rebuild,0.888086778390392,0.4392837312655048,0.9556056891434372,0.6992600748354927,0.13876413176505376,0.09610822382490536,0.3892859191789213,0.8926227916617643,0.5487052899702283,1.0,0.0,0.9416041669920309,1.0,0.7609920662664447,0.31137747680848393,0.6102046669369713,0.7354010417480077,True,0.604493812939977
post_rebuild|1633052+1634606+4040951+7536925+8899918+R2831044+R4473909,7,4040951|7536925|1633052|8899918|1634606|rebuild:2831044|rebuild:4473909,Manhattan Chelsea Market; 111 Eighth Avenue; M440 (OECID: 0100175; BBL: 1007420007); 61 9th Ave; M070 (OECID: 0100079; BBL: 1007410010); Rebuilt Fulton; Rebuilt Elliott-Chelsea,88.74868629874017,44.15608049233623,4.0141376646265385,278.86697335195936,-10984633.862721868,10633728.307021221,150.58190730553542,68.30792012351064,22081.49775361978,2931.0,0.0,93.47243260524426,2,True,False,False,True,True,6.394884621840902e-14,1.862645149230957e-09,7.275957614183426e-12,70439483.58248632,29272965.60355595,0.0709524572992296,2498013.485016925,6705733.926263371,88.71569199999999,90.86534146,135089802.81291202,1668.4735672076292,1495013.450994032,-10633728.307021221,-1845919.0066946766,inf,3350.5892662707934,9.272386219442994,40.42405385468189,63296.59071161077,45009.251982286936,71321.15792513911,conditionally_feasible,F1 society savings;F2 operator self-financing,72947.89964662687,-141.65724383626224,10984633.862721868,pipe_cost: removing it entirely closes only 45% of the gap; interface_cost: removing it entirely closes only 19% of the gap; source_side_electricity (A17 -> 0): removing it entirely closes only 23% of the gap; soft_costs (A21 -> 0): removing it entirely closes only 18% of the gap,True,3628.0205755787174,,post_rebuild,0.8924672646775985,0.4424699898339801,0.9618349966344905,0.6880323997977155,0.13163118969469448,0.08233355787516383,0.37292541300410137,0.8804168173729097,0.5227113066700403,1.0,0.0,0.9347243260524423,1.0,0.7655907503820231,0.30066571578919127,0.5920178456823505,0.7336810815131105,True,0.5979888483416689
post_rebuild|1633052+1634606+19906892+4040951+8899918+R2831044+R4473909,7,4040951|19906892|1633052|8899918|1634606|rebuild:2831044|rebuild:4473909,Manhattan Chelsea Market; 363 West 16th Street; M440 (OECID: 0100175; BBL: 1007420007); 61 9th Ave; M070 (OECID: 0100079; BBL: 1007410010); Rebuilt Fulton; Rebuilt Elliott-Chelsea,94.35130934593178,42.11682935687044,5.648690654068223,282.11606667085897,-11620111.778740585,10891835.36179787,207.17630374307737,68.60898292061839,26680.781462666622,2931.0,0.0,93.98448649926809,2,True,False,False,True,True,6.039613253960852e-14,0.0,0.0,70403187.21584992,30825596.479200795,0.0709524572992296,2509023.3199767983,6771317.980573934,88.71569199999999,90.86534146,138518164.506731,1667.6138288160555,1501602.6273363382,-10891835.36179787,-2229879.0442790543,inf,4048.472661682243,9.894832172056724,40.41851024301561,63733.35128513036,45207.62738696934,67548.98445707516,conditionally_feasible,F1 society savings;F2 operator self-financing,56088.03501558204,-158.96938030102064,11620111.778740585,pipe_cost: removing it entirely closes only 43% of the gap; interface_cost: removing it entirely closes only 19% of the gap; source_side_electricity (A17 -> 0): removing it entirely closes only 22% of the gap; soft_costs (A21 -> 0): removing it entirely closes only 17% of the gap,True,3716.0816655741623,,post_rebuild,0.9488079033335394,0.42203548978058236,0.945455810878932,0.6804203104879262,0.08139472220703522,0.06005950913086633,0.38796249360797824,0.8842971982889106,0.631585153187449,1.0,0.0,0.9398448649926805,1.0,0.7720997346643513,0.27395818060860927,0.6346149483614459,0.7349612162481701,True,0.6039085199706442
post_rebuild|1633052+1634606+19906892+4769672+7536925+8899918+R4473909,7,4769672|7536925|19906892|1633052|8899918|1634606|rebuild:4473909,London Terrace Towers; 111 Eighth Avenue; 363 West 16th Street; M440 (OECID: 0100175; BBL: 1007420007); 61 9th Ave; M070 (OECID: 0100079; BBL: 1007410010); Rebuilt Elliott-Chelsea,90.01915186863725,47.05934103299996,0.6013604080764693,290.02950582323297,-10328410.535496004,9020827.165890591,1161.4992591450264,54.19391929984374,29953.876857547464,1596.2225999999998,0.0,71.55396767344156,2,True,False,False,True,True,2.4868995751603507e-14,1.862645149230957e-09,0.0,65082638.209547706,21791689.17176003,0.0709524572992296,1981865.953057085,5562415.423940252,88.71569199999999,90.86534146,114832055.09244952,1541.5879846649884,1186108.9924690195,-9020827.165890591,-2493692.3620744343,inf,4545.123677837628,7.058779014733292,40.49615817141802,51299.89652612892,35709.29645147901,56987.758117283316,conditionally_feasible,F1 society savings;F2 operator self-financing,8892.309189330601,-190.21429255564033,10328410.535496004,pipe_cost: removing it entirely closes only 45% of the gap; interface_cost: removing it entirely closes only 15% of the gap; source_side_electricity (A17 -> 0): removing it entirely closes only 19% of the gap; soft_costs (A21 -> 0): removing it entirely closes only 16% of the gap,False,5651.359131170422,,post_rebuild,0.905243216405114,0.4715623741124224,0.9960330391503662,0.6618804288461593,0.18350764521239454,0.2215232389490307,0.6415252508033162,0.698502280038102,0.7090655845333432,0.5446,0.0,0.7155396767344153,1.0,0.7909462098893009,0.3556371043358615,0.6830310384582537,0.5650349191836038,True,0.598662317966755
post_rebuild|1633052+1634606+19906892+4769672+7536925+R2831044+R4473909,7,4769672|7536925|19906892|1633052|1634606|rebuild:2831044|rebuild:4473909,London Terrace Towers; 111 Eighth Avenue; 363 West 16th Street; M440 (OECID: 0100175; BBL: 1007420007); M070 (OECID: 0100079; BBL: 1007410010); Rebuilt Fulton; Rebuilt Elliott-Chelsea,89.12229726376,45.400867384073024,3.6982315542490736,267.21809076661873,-10466149.103328284,10057182.533117272,233.6687957688191,69.43140072374574,23243.782163753604,2931.0,0.0,78.93806132347407,2,True,False,False,True,True,3.375077994860476e-14,1.862645149230957e-09,1.4551915228366852e-11,64061684.45510752,28938629.103609342,0.0709524572992296,2539099.052905212,6803783.844563061,88.71569199999999,90.86534146,127932827.97292599,1517.4050368920953,1519602.3801584002,-10057182.533117272,-1928568.950369414,inf,3526.9512917275983,9.098105805628169,40.42535883049917,64284.81959033912,45749.532484778596,72131.01722466416,conditionally_feasible,F1 society savings;F2 operator self-financing,44790.52955655662,-119.4989591116402,10466149.103328284,pipe_cost: removing it entirely closes only 43% of the gap; interface_cost: removing it entirely closes only 20% of the gap; source_side_electricity (A17 -> 0): removing it entirely closes only 24% of the gap; soft_costs (A21 -> 0): removing it entirely closes only 17% of the gap,True,3431.3144091154118,,post_rebuild,0.8962243406401927,0.45494348922955813,0.965000562325301,0.7153238087834362,0.17261899131855996,0.1320881400673014,0.39500152508573755,0.8948972936141815,0.5502248027889199,1.0,0.0,0.7893806132347404,1.0,0.7720561307316839,0.34001031338976584,0.6133745404962796,0.6973451533086851,True,0.6056965344816037
post_rebuild|1633052+1634606+4769672+7536925+8899918+R2831044+R4473909,7,4769672|7536925|1633052|8899918|1634606|rebuild:2831044|rebuild:4473909,London Terrace Towers; 111 Eighth Avenue; M440 (OECID: 0100175; BBL: 1007420007); 61 9th Ave; M070 (OECID: 0100079; BBL: 1007410010); Rebuilt Fulton; Rebuilt Elliott-Chelsea,89.48599521766897,45.72219847809985,3.1499372423976864,276.0861131885637,-10806065.45983477,10471704.42781466,168.39935839367354,68.42206808401335,22067.82708837858,2931.0,0.0,78.04211172636204,2,True,False,False,True,True,2.842170943040401e-14,5.587935447692871e-09,7.275957614183426e-12,70439483.58248632,28317523.466307577,0.0709524572992296,2502187.8639777736,6690693.791871468,88.71569199999999,90.86534146,132946581.77963787,1668.4735672076292,1497511.7372256508,-10471704.42781466,-1831872.7692457545,inf,3348.5149149414124,8.875769037861591,40.43523533281464,63287.43101301632,45084.466017617546,70723.28006083374,conditionally_feasible,F1 society savings;F2 operator self-financing,64169.279282959156,-136.54974188144763,10806065.45983477,pipe_cost: removing it entirely closes only 46% of the gap; interface_cost: removing it entirely closes only 19% of the gap; source_side_electricity (A17 -> 0): removing it entirely closes only 23% of the gap; soft_costs (A21 -> 0): removing it entirely closes only 18% of the gap,True,3572.7411899742956,,post_rebuild,0.8998817301929953,0.45816341645865327,0.9704947949629332,0.6945474961166394,0.14574756658181318,0.09631584823258965,0.3776594938501379,0.8818880638098336,0.5223876958637894,1.0,0.0,0.7804211172636201,1.0,0.776179980538194,0.3122036369770141,0.5939784178412536,0.695105279315905,True,0.5943668286680917
post_rebuild|1633052+1634606+19906892+4769672+8899918+R2831044+R4473909,7,4769672|19906892|1633052|8899918|1634606|rebuild:2831044|rebuild:4473909,London Terrace Towers; 363 West 16th Street; M440 (OECID: 0100175; BBL: 1007420007); 61 9th Ave; M070 (OECID: 0100079; BBL: 1007410010); Rebuilt Fulton; Rebuilt Elliott-Chelsea,95.3801409635955,43.61791082469768,4.619859036404517,279.02699800860586,-11452255.140840236,10729827.984960102,232.69821596331894,68.85193499097106,26826.992565533757,2931.0,0.0,78.52934190860407,2,True,False,False,True,True,5.684341886080802e-14,0.0,7.275957614183426e-12,70403187.21584992,29870154.341952424,0.0709524572992296,2517908.051745184,6772162.728643296,88.71569199999999,90.86534146,136374943.47345686,1667.6138288160555,1506919.9699295154,-10729827.984960102,-2229347.1258096504,inf,4070.658355666517,9.49821499047532,40.42046067392104,63858.05984487089,45367.71264405738,66951.10659276978,conditionally_feasible,F1 society savings;F2 operator self-financing,49215.05346927755,-153.4193074116908,11452255.140840236,pipe_cost: removing it entirely closes only 44% of the gap; interface_cost: removing it entirely closes only 19% of the gap; source_side_electricity (A17 -> 0): removing it entirely closes only 22% of the gap; soft_costs (A21 -> 0): removing it entirely closes only 17% of the gap,True,3660.80791025592,,post_rebuild,0.9591539555166599,0.43707721210747164,0.955765310959845,0.6876574884428843,0.09466430140075231,0.07404037537159303,0.3947436428979858,0.8874285934209436,0.635046249779813,1.0,0.0,0.7852934190860403,1.0,0.7839988261946589,0.2854540550717432,0.6390728286995808,0.6963233547715101,True,0.6012122661843733
post_rebuild|1633052+1634606+19906892+4040951+4769672+7536925+8899918+R2831044,8,4040951|4769672|7536925|19906892|1633052|8899918|1634606|rebuild:2831044,Manhattan Chelsea Market; London Terrace Towers; 111 Eighth Avenue; 363 West 16th Street; M440 (OECID: 0100175; BBL: 1007420007); 61 9th Ave; M070 (OECID: 0100079; BBL: 1007410010); Rebuilt Fulton,90.55640390668802,46.13670317980984,1.1114653447266212,261.66696980275105,-10584065.06436734,8414109.51751733,1922.830070540058,60.26081507618859,41906.98943090445,1334.7774000000002,0.0,74.75534492866224,2,True,False,False,True,True,8.881784197001252e-15,1.862645149230957e-09,7.275957614183426e-12,51640629.46270721,24715797.072463017,0.0709524572992296,2203731.69621101,6354126.674789769,88.71569199999999,90.86534146,108120162.1252241,1223.1921767511808,1318891.4103059904,-8414109.51751733,-3488846.9571560035,inf,6358.858014778203,8.207188857375849,40.480495360922916,57794.869058643875,39706.877409207395,63821.95688578514,conditionally_feasible,F1 society savings;F2 operator self-financing,5504.420399143558,-147.78526940797735,10584065.06436734,pipe_cost: removing it entirely closes only 35% of the gap; interface_cost: removing it entirely closes only 17% of the gap; source_side_electricity (A17 -> 0): removing it entirely closes only 21% of the gap; soft_costs (A21 -> 0): removing it entirely closes only 15% of the gap,False,6303.754856440729,,post_rebuild,0.910645886313124,0.46231699823282346,0.9909214865936797,0.7283291688636185,0.1632973749512648,0.27388158492909664,0.8438101676465665,0.77669814753172,0.9920186324519016,0.4554000000000001,0.0,0.747553449286622,1.0,0.7879614570465424,0.38850270958132666,0.8708423158767293,0.5507383623216555,True,0.6495112112065635
post_rebuild|1633052+1634606+19906892+4040951+4769672+7536925+8899918+R4473909,8,4040951|4769672|7536925|19906892|1633052|8899918|1634606|rebuild:4473909,Manhattan Chelsea Market; London Terrace Towers; 111 Eighth Avenue; 363 West 16th Street; M440 (OECID: 0100175; BBL: 1007420007); 61 9th Ave; M070 (OECID: 0100079; BBL: 1007410010); Rebuilt Elliott-Chelsea,90.35495848859593,45.74792289508937,1.82468860338648,278.8930323758982,-12019050.944856735,9974497.86388089,1783.4468912286502,63.90543723170447,41367.104116731614,1596.2225999999998,0.0,76.4060277532731,2,True,False,False,True,True,2.4868995751603507e-14,0.0,7.275957614183426e-12,67581883.90716258,26433374.380199846,0.0709524572992296,2337015.14673634,6672656.575341822,88.71569199999999,90.86534146,127525168.96374016,1600.786677959563,1398659.0146545777,-9974497.86388089,-3443212.0956304236,inf,6276.937215796704,8.720359950816523,40.46128253637782,60996.958095071524,42108.3810222764,67508.14688578513,conditionally_feasible,F1 society savings;F2 operator self-financing,6739.225599578457,-177.8751141514441,12019050.944856735,pipe_cost: removing it entirely closes only 40% of the gap; interface_cost: removing it entirely closes only 16% of the gap; source_side_electricity (A17 -> 0): removing it entirely closes only 19% of the gap; soft_costs (A21 -> 0): removing it entirely closes only 15% of the gap,False,6248.813833284212,,post_rebuild,0.9086201274116198,0.4584211903008269,0.9837745685590648,0.6879713478062585,0.04985736434933496,0.13922363798916582,0.806776181350002,0.823673470933225,0.9792385139485277,0.5446,0.0,0.7640602775327306,1.0,0.7836052954238372,0.29235078338158643,0.8698960554105849,0.5771650693831827,True,0.6307543008997978
post_rebuild|1633052+19906892+4040951+4769672+7536925+8899918+R2831044+R4473909,8,4040951|4769672|7536925|19906892|1633052|8899918|rebuild:2831044|rebuild:4473909,Manhattan Chelsea Market; London Terrace Towers; 111 Eighth Avenue; 363 West 16th Street; M440 (OECID: 0100175; BBL: 1007420007); 61 9th Ave; Rebuilt Fulton; Rebuilt Elliott-Chelsea,84.62994660017605,42.28727607553965,9.592172905177245,271.17833283973096,-12282442.889075877,11358221.086541865,699.1388374424496,76.51330129594743,31392.981930906088,2931.0,0.0,83.98191122777841,1,True,False,False,True,True,1.2612133559741778e-13,1.862645149230957e-09,0.0,69461154.58119318,34238395.6756241,0.0709524572992296,2798083.4151420007,7580408.814314808,88.71569199999999,90.86534146,144971416.08317393,1645.3002559385488,1674599.583921888,-11358221.086541865,-2598821.386455902,inf,4763.489753618915,10.995259685374098,40.41851024301561,71210.1325646655,50415.91738994596,84142.94871422897,conditionally_feasible,F1 society savings;F2 operator self-financing,17567.95965448983,-137.7038613835382,12282442.889075877,pipe_cost: removing it entirely closes only 40% of the gap; interface_cost: removing it entirely closes only 20% of the gap; source_side_electricity (A17 -> 0): removing it entirely closes only 23% of the gap; soft_costs (A21 -> 0): removing it entirely closes only 17% of the gap,False,3875.2033730951434,,post_rebuild,0.8510487321223877,0.4237434665084962,0.9059397910668581,0.7060456153337248,0.0290354278056163,0.019811487333935007,0.5186764995694894,0.9861754990031814,0.7431319554708607,1.0,0.0,0.8398191122777837,0.5,0.7269106632325807,0.25163084349109205,0.7493279846811771,0.584954778069446,True,0.5782060673685739
post_rebuild|1633052+1634606+19906892+4040951+4769672+7536925+R2831044+R4473909,8,4040951|4769672|7536925|19906892|1633052|1634606|rebuild:2831044|rebuild:4473909,Manhattan Chelsea Market; London Terrace Towers; 111 Eighth Avenue; 363 West 16th Street; M440 (OECID: 0100175; BBL: 1007420007); M070 (OECID: 0100079; BBL: 1007410010); Rebuilt Fulton; Rebuilt Elliott-Chelsea,85.25637085386244,42.68458534336927,8.810630953745983,268.67552921398476,-11938210.133772865,11068026.326203898,647.8117168135959,75.74773424093503,30517.048571846757,2931.0,0.0,83.69867115041441,2,True,False,False,True,True,5.684341886080802e-14,3.725290298461914e-09,7.275957614183426e-12,67211015.33150524,33580314.31204916,0.0709524572992296,2770086.7081181626,7497890.377035236,88.71569199999999,90.86534146,141276027.02299947,1592.0020534290948,1657844.0884711123,-11068026.326203898,-2528027.896040076,inf,4630.577894850114,10.759686741711398,40.41851024301564,70465.58920946506,49911.47221834527,82651.40599316597,conditionally_feasible,F1 society savings;F2 operator self-financing,18428.51838570252,-131.47044520882054,11938210.133772865,pipe_cost: removing it entirely closes only 40% of the gap; interface_cost: removing it entirely closes only 20% of the gap; source_side_electricity (A17 -> 0): removing it entirely closes only 23% of the gap; soft_costs (A21 -> 0): removing it entirely closes only 17% of the gap,True,3776.194584170555,,post_rebuild,0.8573481283560774,0.4277247398855123,0.9137713027284204,0.711909271084461,0.05624807703237212,0.04485463170943871,0.5050389294451615,0.9763081496703244,0.7223969366882366,1.0,0.0,0.8369867115041437,1.0,0.7329480569900033,0.27100399327542396,0.7345813386012408,0.7092466778760359,True,0.611945016685676
post_rebuild|1634606+19906892+4040951+4769672+7536925+8899918+R2831044+R4473909,8,4040951|4769672|7536925|19906892|8899918|1634606|rebuild:2831044|rebuild:4473909,Manhattan Chelsea Market; London Terrace Towers; 111 Eighth Avenue; 363 West 16th Street; 61 9th Ave; M070 (OECID: 0100079; BBL: 1007410010); Rebuilt Fulton; Rebuilt Elliott-Chelsea,85.70266183604879,42.97192041577973,8.248522175900545,272.4500076505487,-12077401.866087576,11248033.427270692,609.6101123442149,75.17271657823989,29859.239396563615,2931.0,0.0,87.99261273391056,1,True,False,False,True,True,8.526512829121202e-14,1.862645149230957e-09,0.0,70403187.21584992,33102565.922934372,0.0709524572992296,2749058.3724150965,7435656.265811709,88.71569199999999,90.86534146,143418988.57098466,1667.6138288160555,1645259.0304173175,-11248033.427270692,-2474627.4692341993,inf,4530.763634669468,10.588667471780246,40.41851024301563,69906.4514104744,49532.5832867585,81568.58831783672,conditionally_feasible,F1 society savings;F2 operator self-financing,19811.682289266388,-138.58460994212624,12077401.866087576,pipe_cost: removing it entirely closes only 41% of the gap; interface_cost: removing it entirely closes only 19% of the gap; source_side_electricity (A17 -> 0): removing it entirely closes only 23% of the gap; soft_costs (A21 -> 0): removing it entirely closes only 17% of the gap,True,3837.609494121696,,post_rebuild,0.8618360831499253,0.4306040069117255,0.9194039644693562,0.7030662911706895,0.04524454605400682,0.029320430418617427,0.49488879724545753,0.9688967803941426,0.7068253347349485,1.0,0.0,0.8799261273391052,0.5,0.7372813515103357,0.25921042254777127,0.7235369707915162,0.5949815318347763,True,0.5787525691710999
post_rebuild|1633052+1634606+4040951+4769672+7536925+8899918+R2831044+R4473909,8,4040951|4769672|7536925|1633052|8899918|1634606|rebuild:2831044|rebuild:4473909,Manhattan Chelsea Market; London Terrace Towers; 111 Eighth Avenue; M440 (OECID: 0100175; BBL: 1007420007); 61 9th Ave; M070 (OECID: 0100079; BBL: 1007410010); Rebuilt Fulton; Rebuilt Elliott-Chelsea,85.83623221498394,43.05841689104968,8.079578288594309,272.5288716308805,-12044367.678249635,11227447.545357615,598.0587337433972,74.99782306586222,29659.30154461844,2931.0,0.0,83.11522181389094,2,True,False,False,True,True,5.684341886080802e-14,0.0,7.275957614183426e-12,70439483.5824863,32959208.67474739,0.0709524572992296,2742662.534984072,7416694.564432971,88.71569199999999,90.86534146,143140449.95331365,1668.473567207629,1641431.2436391017,-11227447.545357615,-2458351.3765311213,inf,4500.425582961046,10.53734997394482,40.41851024301563,69736.504236321,49417.34297268598,81243.66882933555,conditionally_feasible,F1 society savings;F2 operator self-financing,20139.105072274368,-138.51769441793687,12044367.678249635,pipe_cost: removing it entirely closes only 41% of the gap; interface_cost: removing it entirely closes only 19% of the gap; source_side_electricity (A17 -> 0): removing it entirely closes only 23% of the gap; soft_costs (A21 -> 0): removing it entirely closes only 17% of the gap,True,3830.585992957221,,post_rebuild,0.8631792826461854,0.43147075264881635,0.921096881939961,0.7028815258830572,0.04785599935784296,0.031096944964386197,0.4918196062647198,0.9666425880652253,0.7020924231811598,1.0,0.0,0.831152218138909,1.0,0.7385823057449876,0.26061149006842876,0.7201848725037016,0.7077880545347273,True,0.6067916807129613
post_rebuild|1633052+1634606+19906892+4040951+4769672+8899918+R2831044+R4473909,8,4040951|4769672|19906892|1633052|8899918|1634606|rebuild:2831044|rebuild:4473909,Manhattan Chelsea Market; London Terrace Towers; 363 West 16th Street; M440 (OECID: 0100175; BBL: 1007420007); 61 9th Ave; M070 (OECID: 0100079; BBL: 1007410010); Rebuilt Fulton; Rebuilt Elliott-Chelsea,90.08521338804343,41.081972352936084,9.914786611956563,276.35173548960114,-12649733.307279697,11485963.146563064,632.6362632654145,74.92611555806862,33806.676316759964,2931.0,0.0,83.2423897923685,2,True,False,False,True,True,5.684341886080802e-14,1.862645149230957e-09,0.0,70403187.21584992,34511839.55039224,0.0709524572992296,2740040.1989339995,7436550.169786288,88.71569199999999,90.86534146,146568811.64713264,1667.6138288160555,1639861.8255028906,-11485963.146563064,-2803631.986219525,inf,5129.7374869718,11.15979592655855,40.418510243015625,69790.36191110969,49370.093674486474,77471.4953612716,conditionally_feasible,F1 society savings;F2 operator self-financing,19995.270650447463,-155.62682024597916,12649733.307279697,pipe_cost: removing it entirely closes only 39% of the gap; interface_cost: removing it entirely closes only 19% of the gap; source_side_electricity (A17 -> 0): removing it entirely closes only 22% of the gap; soft_costs (A21 -> 0): removing it entirely closes only 17% of the gap,False,3918.786471021175,,post_rebuild,0.9059075388416897,0.4116656117727295,0.9027070113009157,0.6939251869122816,0.0,0.008787639597299668,0.501006824986618,0.9657183541597099,0.8002687203954681,1.0,0.0,0.8324238979236847,1.0,0.7400933873051118,0.23423760883652708,0.7556646331805986,0.7081059744809212,True,0.6095254009507897
post_rebuild|1633052+1634606+19906892+4040951+7536925+8899918+R2831044+R4473909,8,4040951|7536925|19906892|1633052|8899918|1634606|rebuild:2831044|rebuild:4473909,Manhattan Chelsea Market; 111 Eighth Avenue; 363 West 16th Street; M440 (OECID: 0100175; BBL: 1007420007); 61 9th Ave; M070 (OECID: 0100079; BBL: 1007410010); Rebuilt Fulton; Rebuilt Elliott-Chelsea,87.0056911126013,42.958341472584905,6.40710478597312,276.7392495680449,-11584881.234160181,10993270.298229909,362.0437701640203,71.54720470155004,25824.2776794143,2931.0,0.0,94.49473460297484,2,True,False,False,True,True,5.684341886080802e-14,3.725290298461914e-09,7.275957614183426e-12,70403187.21584992,31516018.14693837,0.0709524572992296,2616473.782785012,7064087.853467599,88.71569199999999,90.86534146,139979601.36807108,1667.6138288160555,1565909.6809921055,-10993270.298229909,-2157520.6169223823,inf,3918.5089964134268,10.075330231660912,40.41851024301563,66476.73395089748,47143.67176189211,76405.04098158868,conditionally_feasible,F1 society savings;F2 operator self-financing,31998.565336207183,-142.0729967310785,11584881.234160181,pipe_cost: removing it entirely closes only 43% of the gap; interface_cost: removing it entirely closes only 19% of the gap; source_side_electricity (A17 -> 0): removing it entirely closes only 23% of the gap; soft_costs (A21 -> 0): removing it entirely closes only 17% of the gap,True,3750.6892863288667,,post_rebuild,0.8749394993551538,0.4304679378858886,0.9378560536203105,0.6930173053944575,0.08417980421031582,0.05130590601677443,0.42911064116459996,0.9221677682671239,0.6113100696443382,1.0,0.0,0.9449473460297481,1.0,0.7477544969537844,0.2761676718738492,0.6541961596920207,0.736236836507437,True,0.6035887912567728
post_rebuild|1633052+1634606+19906892+4040951+4769672+7536925+8899918+R2831044+R4473909,9,4040951|4769672|7536925|19906892|1633052|8899918|1634606|rebuild:2831044|rebuild:4473909,Manhattan Chelsea Market; London Terrace Towers; 111 Eighth Avenue; 363 West 16th Street; M440 (OECID: 0100175; BBL: 1007420007); 61 9th Ave; M070 (OECID: 0100079; BBL: 1007410010); Rebuilt Fulton; Rebuilt Elliott-Chelsea,83.69666738675551,41.70598165008498,10.743377644498942,272.2137595365518,-12592453.859405769,11587792.490699628,771.5053434012098,77.5858874746802,32620.218872445934,2931.0,0.0,84.3750086327363,2,True,False,False,True,True,5.684341886080802e-14,1.862645149230957e-09,7.275957614183426e-12,70403187.21584992,35202261.21812981,0.0709524572992296,2837307.7793661286,7695673.446226865,88.71569199999999,90.86534146,148030248.50847274,1667.6138288160555,1698074.6181735,-11587792.490699628,-2702735.9868796435,inf,4949.70750792955,11.340293986162738,40.41851024301563,72253.28396497437,51122.6626912816,86327.55188578514,conditionally_feasible,F1 society savings;F2 operator self-financing,16321.926953728502,-141.2592750097403,12592453.859405769,pipe_cost: removing it entirely closes only 40% of the gap; interface_cost: removing it entirely closes only 20% of the gap; source_side_electricity (A17 -> 0): removing it entirely closes only 23% of the gap; soft_costs (A21 -> 0): removing it entirely closes only 17% of the gap,False,3953.528655987591,,post_rebuild,0.841663566194656,0.4179185532541117,0.8944040400757141,0.7036197815036859,0.0045281150584387695,0.0,0.537904215591229,1.0,0.7721830023003666,1.0,0.0,0.8437500863273626,1.0,0.7179953865081606,0.23604929885404155,0.7700290726305319,0.7109375215818406,True,0.6087528198936437
