run_id,property_id,name,main_fuel,sh_system,rebuilt,backup_type,eta_base,units,dist_m,is_nycha,D_useful_MWh,f_base,D_dhw_MWh,D_sh_served_MWh,D_sh_not_served_MWh,sh_class,Q_network_MWh,Q_backup_MWh,Q_unserved_MWh,E_HP_MWh,Q_loop_MWh,HP_cap_MW,peak_served_MW,E_pump_MWh,E_src_MWh,backup_fuel_MWh,remaining_fuel_MWh,baseline_fuel_MWh,fuel_displaced_MWh,share_heat_from_network
S1_hp0.5_tk0_base,7536925,111 Eighth Avenue,steam,steam_radiators,False,steam,0.77,0.0,0.0,False,8856.056524513537,0.3927886633360209,3478.558604691919,0.0,5377.497919821618,none,3471.410881531592,7.14772316032586,0.0,1072.2152327664242,2399.1956487651682,0.3970957311292145,0.3970957311292145,34.714108815315925,880.5048030968168,9.282757351072545,6983.763532235867,11501.37210975784,4508.325820170899,0.3919815633428646
S1_hp0.5_tk2_base,7536925,111 Eighth Avenue,steam,steam_radiators,False,steam,0.77,0.0,0.0,False,8856.056524513537,0.3927886633360209,3478.558604691919,0.0,5377.497919821618,none,3471.410881531592,7.14772316032586,0.0,1072.2152327664242,2399.1956487651682,0.3970957311292145,0.3970957311292145,34.714108815315925,880.5048030968168,9.282757351072545,6983.763532235867,11501.37210975784,4508.325820170899,0.3919815633428646
S1_hp0.5_tk6_base,7536925,111 Eighth Avenue,steam,steam_radiators,False,steam,0.77,0.0,0.0,False,8856.056524513537,0.3927886633360209,3478.558604691919,0.0,5377.497919821618,none,3471.410881531592,7.14772316032586,0.0,1072.2152327664242,2399.1956487651682,0.3970957311292145,0.3970957311292145,34.714108815315925,880.5048030968168,9.282757351072545,6983.763532235867,11501.37210975784,4508.325820170899,0.3919815633428646
S1_hp0.75_tk0_base,7536925,111 Eighth Avenue,steam,steam_radiators,False,steam,0.77,0.0,0.0,False,8856.056524513537,0.3927886633360209,3478.558604691919,0.0,5377.497919821618,none,3471.410881531592,7.14772316032586,0.0,1072.2152327664242,2399.1956487651682,0.3970957311292145,0.3970957311292145,34.714108815315925,880.5048030968168,9.282757351072545,6983.763532235867,11501.37210975784,4508.325820170899,0.3919815633428646
S1_hp0.75_tk2_base,7536925,111 Eighth Avenue,steam,steam_radiators,False,steam,0.77,0.0,0.0,False,8856.056524513537,0.3927886633360209,3478.558604691919,0.0,5377.497919821618,none,3471.410881531592,7.14772316032586,0.0,1072.2152327664242,2399.1956487651682,0.3970957311292145,0.3970957311292145,34.714108815315925,880.5048030968168,9.282757351072545,6983.763532235867,11501.37210975784,4508.325820170899,0.3919815633428646
S1_hp0.75_tk6_base,7536925,111 Eighth Avenue,steam,steam_radiators,False,steam,0.77,0.0,0.0,False,8856.056524513537,0.3927886633360209,3478.558604691919,0.0,5377.497919821618,none,3471.410881531592,7.14772316032586,0.0,1072.2152327664242,2399.1956487651682,0.3970957311292145,0.3970957311292145,34.714108815315925,880.5048030968168,9.282757351072545,6983.763532235867,11501.37210975784,4508.325820170899,0.3919815633428646
S1_hp1_tk0_base,7536925,111 Eighth Avenue,steam,steam_radiators,False,steam,0.77,0.0,0.0,False,8856.056524513537,0.3927886633360209,3478.558604691919,0.0,5377.497919821618,none,3471.410881531592,7.14772316032586,0.0,1072.2152327664242,2399.1956487651682,0.3970957311292145,0.3970957311292145,34.714108815315925,880.5048030968168,9.282757351072545,6983.763532235867,11501.37210975784,4508.325820170899,0.3919815633428646
S1_hp1_tk2_base,7536925,111 Eighth Avenue,steam,steam_radiators,False,steam,0.77,0.0,0.0,False,8856.056524513537,0.3927886633360209,3478.558604691919,0.0,5377.497919821618,none,3471.410881531592,7.14772316032586,0.0,1072.2152327664242,2399.1956487651682,0.3970957311292145,0.3970957311292145,34.714108815315925,880.5048030968168,9.282757351072545,6983.763532235867,11501.37210975784,4508.325820170899,0.3919815633428646
S1_hp1_tk6_base,7536925,111 Eighth Avenue,steam,steam_radiators,False,steam,0.77,0.0,0.0,False,8856.056524513537,0.3927886633360209,3478.558604691919,0.0,5377.497919821618,none,3471.410881531592,7.14772316032586,0.0,1072.2152327664242,2399.1956487651682,0.3970957311292145,0.3970957311292145,34.714108815315925,880.5048030968168,9.282757351072545,6983.763532235867,11501.37210975784,4508.325820170899,0.3919815633428646
S1_hp0.75_tk0_A01_low,7536925,111 Eighth Avenue,steam,steam_radiators,False,steam,0.77,0.0,0.0,False,8856.056524513537,0.3927886633360209,3478.558604691919,0.0,5377.497919821618,none,3471.410881531592,7.14772316032586,0.0,1072.2152327664242,2399.1956487651682,0.3970957311292145,0.3970957311292145,34.714108815315925,880.5048030968168,9.282757351072545,6983.763532235867,11501.37210975784,4508.325820170899,0.3919815633428646
S1_hp0.75_tk0_A01_high,7536925,111 Eighth Avenue,steam,steam_radiators,False,steam,0.77,0.0,0.0,False,8856.056524513537,0.3927886633360209,3478.558604691919,0.0,5377.497919821618,none,3471.410881531592,7.14772316032586,0.0,1072.2152327664242,2399.1956487651682,0.3970957311292145,0.3970957311292145,34.714108815315925,880.5048030968168,9.282757351072545,6983.763532235867,11501.37210975784,4508.325820170899,0.3919815633428646
S1_hp0.75_tk0_A02_low,7536925,111 Eighth Avenue,steam,steam_radiators,False,steam,0.77,0.0,0.0,False,8856.056524513537,0.3927886633360209,3478.558604691919,0.0,5377.497919821618,none,3471.410881531592,7.14772316032586,0.0,1140.6545029430044,2330.7563785885873,0.3970957311292145,0.3970957311292145,34.714108815315925,855.3875909420115,9.282757351072545,6983.763532235867,11501.37210975784,4508.325820170899,0.3919815633428646
S1_hp0.75_tk0_A02_high,7536925,111 Eighth Avenue,steam,steam_radiators,False,steam,0.77,0.0,0.0,False,8856.056524513537,0.3927886633360209,3478.558604691919,0.0,5377.497919821618,none,3471.4108815315913,7.147723160326345,0.0,958.1497824721237,2513.2610990594685,0.3970957311292145,0.3970957311292145,34.71410881531591,922.3668233548249,9.282757351073176,6983.763532235867,11501.37210975784,4508.325820170898,0.3919815633428645
S1_hp0.75_tk0_A03_low,7536925,111 Eighth Avenue,steam,steam_radiators,False,steam,0.77,0.0,0.0,False,8856.056524513537,0.3927886633360209,3478.558604691919,0.0,5377.497919821618,none,3471.410881531592,7.14772316032586,0.0,1072.2152327664242,2399.1956487651682,0.3970957311292145,0.3970957311292145,34.714108815315925,880.5048030968168,9.282757351072545,6983.763532235867,11501.37210975784,4508.325820170899,0.3919815633428646
S1_hp0.75_tk0_A03_high,7536925,111 Eighth Avenue,steam,steam_radiators,False,steam,0.77,0.0,0.0,False,8856.056524513537,0.3927886633360209,3478.558604691919,0.0,5377.497919821618,none,3471.410881531592,7.14772316032586,0.0,1072.2152327664242,2399.1956487651682,0.3970957311292145,0.3970957311292145,34.714108815315925,880.5048030968168,9.282757351072545,6983.763532235867,11501.37210975784,4508.325820170899,0.3919815633428646
S1_hp0.75_tk0_A04_low,7536925,111 Eighth Avenue,steam,steam_radiators,False,steam,0.7,0.0,0.0,False,8050.960476830487,0.3927886633360209,3162.3260042653806,0.0,4888.634472565107,none,3155.8280741196286,6.497930145750782,0.0,974.7411206967496,2181.086953422881,0.36099611920837676,0.36099611920837676,31.55828074119629,800.4589119061973,9.282757351072547,6983.763532235867,11501.37210975784,4508.325820170899,0.39198156334286455
S1_hp0.75_tk0_A04_high,7536925,111 Eighth Avenue,steam,steam_radiators,False,steam,0.85,0.0,0.0,False,9776.166293294164,0.3927886633360209,3839.967290893677,0.0,5936.199002400486,none,3832.0769471452636,7.890343748411664,0.0,1183.6142179889098,2648.4627291563547,0.4383524304673147,0.4383524304673147,38.320769471452635,971.9858216003821,9.282757351072545,6983.7635322358665,11501.37210975784,4508.325820170899,0.39198156334286455
S1_hp0.75_tk0_A10_low,7536925,111 Eighth Avenue,steam,steam_radiators,False,steam,0.77,0.0,0.0,False,8856.056524513537,0.3927886633360209,3478.558604691919,0.0,5377.497919821618,none,3471.410881531592,7.14772316032586,0.0,1206.2421368622272,2265.1687446693663,0.3970957311292145,0.3970957311292145,34.714108815315925,831.3169292936574,9.282757351072545,6983.763532235867,11501.37210975784,4508.325820170899,0.3919815633428646
S1_hp0.75_tk0_A10_high,7536925,111 Eighth Avenue,steam,steam_radiators,False,steam,0.77,0.0,0.0,False,8856.056524513537,0.3927886633360209,3478.558604691919,0.0,5377.497919821618,none,3471.410881531592,7.14772316032586,0.0,964.9937094897821,2506.4171720418117,0.3970957311292145,0.3970957311292145,34.714108815315925,919.8551021393449,9.282757351072545,6983.763532235867,11501.37210975784,4508.325820170899,0.3919815633428646
S1_hp0.75_tk0_A11_low,7536925,111 Eighth Avenue,steam,steam_radiators,False,steam,0.77,0.0,0.0,False,8856.056524513537,0.3927886633360209,3478.558604691919,0.0,5377.497919821618,none,3471.410881531592,7.14772316032586,0.0,1072.2152327664242,2399.1956487651682,0.3970957311292145,0.3970957311292145,17.357054407657962,880.5048030968168,9.282757351072545,6983.763532235867,11501.37210975784,4508.325820170899,0.3919815633428646
S1_hp0.75_tk0_A11_high,7536925,111 Eighth Avenue,steam,steam_radiators,False,steam,0.77,0.0,0.0,False,8856.056524513537,0.3927886633360209,3478.558604691919,0.0,5377.497919821618,none,3471.410881531592,7.14772316032586,0.0,1072.2152327664242,2399.1956487651682,0.3970957311292145,0.3970957311292145,104.14232644594776,880.5048030968168,9.282757351072545,6983.763532235867,11501.37210975784,4508.325820170899,0.3919815633428646
S1_hp0.75_tk0_A16_low,7536925,111 Eighth Avenue,steam,steam_radiators,False,steam,0.77,0.0,0.0,False,8856.056524513537,0.3927886633360209,3478.558604691919,0.0,5377.497919821618,none,3471.410881531592,7.14772316032586,0.0,1072.2152327664242,2399.1956487651682,0.3970957311292145,0.3970957311292145,34.714108815315925,880.5048030968168,9.282757351072545,6983.763532235867,11501.37210975784,4508.325820170899,0.3919815633428646
S1_hp0.75_tk0_A16_high,7536925,111 Eighth Avenue,steam,steam_radiators,False,steam,0.77,0.0,0.0,False,8856.056524513537,0.3927886633360209,3478.558604691919,0.0,5377.497919821618,none,3478.558604691918,0.0,0.0,1074.422951159217,2404.1356535327013,0.3970957311292145,0.3970957311292145,34.78558604691918,882.3177848465014,0.0,6983.763532235867,11501.37210975784,4517.608577521971,0.3927886633360208
S1_hp0.75_tk0_A17_low,7536925,111 Eighth Avenue,steam,steam_radiators,False,steam,0.77,0.0,0.0,False,8856.056524513537,0.3927886633360209,3478.558604691919,0.0,5377.497919821618,none,3471.410881531592,7.14772316032586,0.0,1072.2152327664242,2399.1956487651682,0.3970957311292145,0.3970957311292145,34.714108815315925,0.0,9.282757351072545,6983.763532235867,11501.37210975784,4508.325820170899,0.3919815633428646
S1_hp0.75_tk0_A17_high,7536925,111 Eighth Avenue,steam,steam_radiators,False,steam,0.77,0.0,0.0,False,8856.056524513537,0.3927886633360209,3478.558604691919,0.0,5377.497919821618,none,3471.410881531592,7.14772316032586,0.0,1072.2152327664242,2399.1956487651682,0.3970957311292145,0.3970957311292145,34.714108815315925,880.5048030968168,9.282757351072545,6983.763532235867,11501.37210975784,4508.325820170899,0.3919815633428646
S1_hp0.75_tk0_A18_low,7536925,111 Eighth Avenue,steam,steam_radiators,False,steam,0.77,0.0,0.0,False,8856.056524513537,0.3927886633360209,3478.558604691919,0.0,5377.497919821618,none,3471.410881531592,7.14772316032586,0.0,1072.2152327664242,2399.1956487651682,0.3970957311292145,0.3970957311292145,34.714108815315925,880.5048030968168,9.282757351072545,6983.763532235867,11501.37210975784,4508.325820170899,0.3919815633428646
S1_hp0.75_tk0_A18_high,7536925,111 Eighth Avenue,steam,steam_radiators,False,steam,0.77,0.0,0.0,False,8856.056524513537,0.3927886633360209,3478.558604691919,0.0,5377.497919821618,none,3471.410881531592,7.14772316032586,0.0,1072.2152327664242,2399.1956487651682,0.3970957311292145,0.3970957311292145,34.714108815315925,880.5048030968168,9.282757351072545,6983.763532235867,11501.37210975784,4508.325820170899,0.3919815633428646
S1_hp0.75_tk0_A19_low,7536925,111 Eighth Avenue,steam,steam_radiators,False,steam,0.77,0.0,0.0,False,8856.056524513537,0.3927886633360209,3478.558604691919,0.0,5377.497919821618,none,3471.410881531592,7.14772316032586,0.0,1072.2152327664242,2399.1956487651682,0.3970957311292145,0.3970957311292145,34.714108815315925,880.5048030968168,9.282757351072545,6983.763532235867,11501.37210975784,4508.325820170899,0.3919815633428646
S1_hp0.75_tk0_A19_high,7536925,111 Eighth Avenue,steam,steam_radiators,False,steam,0.77,0.0,0.0,False,8856.056524513537,0.3927886633360209,3478.558604691919,0.0,5377.497919821618,none,3471.410881531592,7.14772316032586,0.0,1072.2152327664242,2399.1956487651682,0.3970957311292145,0.3970957311292145,34.714108815315925,880.5048030968168,9.282757351072545,6983.763532235867,11501.37210975784,4508.325820170899,0.3919815633428646
S1_hp0.75_tk0_A20_low,7536925,111 Eighth Avenue,steam,steam_radiators,False,steam,0.77,0.0,0.0,False,8856.056524513537,0.11983553170799588,1061.2702424511458,0.0,7794.7862820623905,none,1059.0895501721363,2.180692279009204,0.0,327.1211583162661,731.9683918558705,0.12114957105606687,0.12114957105606687,10.590895501721363,268.6323998111045,2.832067894817148,10123.099067613493,11501.37210975784,1375.4409742495277,0.11958929431407532
S1_hp0.75_tk0_A20_high,7536925,111 Eighth Avenue,steam,steam_radiators,False,steam,0.77,0.0,0.0,False,8856.056524513537,0.5258314422656127,4656.792975070743,0.0,4199.263549442794,none,4647.2242223822395,9.568752688501526,0.0,1435.388886930293,3211.835335451948,0.5315973715834181,0.5315973715834181,46.4722422238224,1178.743568110865,12.426951543508475,5453.589025250381,11501.37210975784,6035.356132963947,0.5247509666993133
S2_hp0.5_tk0_base,7536925,111 Eighth Avenue,steam,steam_radiators,False,steam,0.77,0.0,0.0,False,8856.056524513537,0.3927886633360209,3478.558604691919,0.0,5377.497919821618,none,3471.4108815315926,7.14772316032586,0.0,1072.2152327664246,2399.195648765169,0.3970957311292144,0.3970957311292144,34.714108815315925,880.5048030968171,9.282757351072545,6983.763532235867,11501.37210975784,4508.3258201708995,0.39198156334286466
S2_hp0.5_tk0_base,4040951,Manhattan Chelsea Market,gas_or_oil,hydronic_assumed,False,gas_or_oil,0.85,0.0,274.0,False,10520.388768501818,0.3927886633360209,4132.289442155116,6388.099326346702,0.0,sh_exist,9796.982667941935,723.4061005598813,0.0,3337.7807137558834,6459.201954186054,2.0636002992209543,3.6554780593831055,97.96982667941936,2370.5271171862814,851.066000658684,0.0,12376.927962943315,11525.861962284629,0.9312377026668662
S2_hp0.5_tk0_base,19906892,363 West 16th Street,gas_or_oil,hydronic_assumed,False,gas_or_oil,0.85,0.0,132.0,False,4020.422798201247,0.3927886633360209,1579.1764969511328,2441.2463012501144,0.0,sh_exist,3743.969290346423,276.4535078548232,0.0,1275.5507398317934,2468.4185505146306,0.7886158840634108,1.396960478520528,37.43969290346423,905.9096080388695,325.2394210056744,0.0,4729.909174354409,4404.669753348733,0.9312377026668661
S2_hp0.5_tk0_base,4978579,Dream Hotel: 355 West 16th St,steam,steam_radiators,False,steam,0.77,0.0,105.0,False,1684.7515384764174,0.3927886633360209,661.7513048514568,0.0,1023.0002336249606,none,660.3915418962824,1.359762955174226,0.0,203.9752408965468,456.4163009997358,0.07554238639856811,0.07554238639856811,6.603915418962824,167.50478246690304,1.7659259158106833,1328.5717319804683,2187.9890110083343,857.6513531120551,0.3919815633428646
S2_hp0.5_tk0_base,1633052,M440 (OECID: 0100175; BBL: 1007420007),gas_or_oil,hydronic_assumed,False,gas_or_oil,0.85,0.0,230.0,False,4758.963567948423,0.3927886633360209,1869.2669387192818,2889.696629229141,0.0,sh_exist,4431.726300091603,327.23726785681987,0.0,1509.8659530646971,2921.860347026906,0.9334824842407904,1.65357833164148,44.31726300091603,1072.3227473588745,384.9850210080234,0.0,5598.780668174615,5213.795647166592,0.9312377026668663
S2_hp0.5_tk0_base,8899918,61 9th Ave,gas_or_oil,hydronic_assumed,False,gas_or_oil,0.85,0.0,183.0,False,3676.145892619162,0.3927886633360209,1443.9484313900841,2232.197461229078,0.0,sh_exist,3423.365655710905,252.78023690825665,0.0,1166.322759675402,2257.0428960355034,0.7210851168068669,1.277335937792948,34.23365655710905,828.3347428450297,297.38851400971373,0.0,4324.877520728426,4027.4890067187116,0.9312377026668662
S2_hp0.5_tk2_base,7536925,111 Eighth Avenue,steam,steam_radiators,False,steam,0.77,0.0,0.0,False,8856.056524513537,0.3927886633360209,3478.558604691919,0.0,5377.497919821618,none,3471.4108815315926,7.14772316032586,0.0,1072.2152327664246,2399.195648765169,0.3970957311292144,0.3970957311292144,34.714108815315925,880.5048030968171,9.282757351072545,6983.763532235867,11501.37210975784,4508.3258201708995,0.39198156334286466
S2_hp0.5_tk2_base,4040951,Manhattan Chelsea Market,gas_or_oil,hydronic_assumed,False,gas_or_oil,0.85,0.0,274.0,False,10520.388768501818,0.3927886633360209,4132.289442155116,6388.099326346702,0.0,sh_exist,9929.359871155419,591.0288973463971,0.0,3387.483614814554,6546.110092629299,2.0636002992209543,3.6554780593831055,99.29359871155418,2402.4224039949527,695.3281145251731,0.0,12376.927962943315,11681.59984841814,0.94382062199869
S2_hp0.5_tk2_base,19906892,363 West 16th Street,gas_or_oil,hydronic_assumed,False,gas_or_oil,0.85,0.0,132.0,False,4020.422798201247,0.3927886633360209,1579.1764969511328,2441.2463012501144,0.0,sh_exist,3794.5579460960153,225.8648521052313,0.0,1294.5449691278916,2501.630960135137,0.7886158840634108,1.396960478520528,37.945579460960154,918.0985623695951,265.7233554179192,0.0,4729.909174354409,4464.185818936488,0.9438206219986901
S2_hp0.5_tk2_base,4978579,Dream Hotel: 355 West 16th St,steam,steam_radiators,False,steam,0.77,0.0,105.0,False,1684.7515384764174,0.3927886633360209,661.7513048514568,0.0,1023.0002336249606,none,660.3915418962824,1.359762955174226,0.0,203.9752408965468,456.4163009997358,0.07554238639856811,0.07554238639856811,6.603915418962824,167.50478246690304,1.7659259158106833,1328.5717319804683,2187.9890110083343,857.6513531120551,0.3919815633428646
S2_hp0.5_tk2_base,1633052,M440 (OECID: 0100175; BBL: 1007420007),gas_or_oil,hydronic_assumed,False,gas_or_oil,0.85,0.0,230.0,False,4758.963567948423,0.3927886633360209,1869.2669387192818,2889.696629229141,0.0,sh_exist,4491.607954770187,267.3556131782362,0.0,1532.3493707942534,2961.1737862648097,0.9334824842407904,1.65357833164148,44.91607954770187,1086.750779559185,314.5360155038073,0.0,5598.780668174615,5284.244652670808,0.9438206219986902
S2_hp0.5_tk2_base,8899918,61 9th Ave,gas_or_oil,hydronic_assumed,False,gas_or_oil,0.85,0.0,183.0,False,3676.145892619162,0.3927886633360209,1443.9484313900841,2232.197461229078,0.0,sh_exist,3469.622302929747,206.5235896894141,0.0,1183.6904748424631,2287.4112600953813,0.7210851168068669,1.277335937792948,34.69622302929747,839.4799324550049,242.96892904636954,0.0,4324.877520728426,4081.9085916820554,0.94382062199869
S2_hp0.5_tk6_base,7536925,111 Eighth Avenue,steam,steam_radiators,False,steam,0.77,0.0,0.0,False,8856.056524513537,0.3927886633360209,3478.558604691919,0.0,5377.497919821618,none,3471.4108815315926,7.14772316032586,0.0,1072.2152327664246,2399.195648765169,0.3970957311292144,0.3970957311292144,34.714108815315925,880.5048030968171,9.282757351072545,6983.763532235867,11501.37210975784,4508.3258201708995,0.39198156334286466
S2_hp0.5_tk6_base,4040951,Manhattan Chelsea Market,gas_or_oil,hydronic_assumed,False,gas_or_oil,0.85,0.0,274.0,False,10520.388768501818,0.3927886633360209,4132.289442155116,6388.099326346702,0.0,sh_exist,10026.54261202932,493.84615647249785,0.0,3427.2065114943243,6615.567668152649,2.0636002992209543,3.6554780593831055,100.2654261202932,2427.913334212022,580.9954782029387,0.0,12376.927962943315,11795.932484740377,0.9530581837478211
S2_hp0.5_tk6_base,19906892,363 West 16th Street,gas_or_oil,hydronic_assumed,False,gas_or_oil,0.85,0.0,132.0,False,4020.422798201247,0.3927886633360209,1579.1764969511328,2441.2463012501144,0.0,sh_exist,3831.6968499520135,188.72594824923343,0.0,1309.72528640857,2528.17454386447,0.7886158840634108,1.396960478520528,38.31696849952014,927.8400575982604,222.03052735203934,0.0,4729.909174354409,4507.878647002369,0.9530581837478211
S2_hp0.5_tk6_base,4978579,Dream Hotel: 355 West 16th St,steam,steam_radiators,False,steam,0.77,0.0,105.0,False,1684.7515384764174,0.3927886633360209,661.7513048514568,0.0,1023.0002336249606,none,660.3915418962824,1.359762955174226,0.0,203.9752408965468,456.4163009997358,0.07554238639856811,0.07554238639856811,6.603915418962824,167.50478246690304,1.7659259158106833,1328.5717319804683,2187.9890110083343,857.6513531120551,0.3919815633428646
S2_hp0.5_tk6_base,1633052,M440 (OECID: 0100175; BBL: 1007420007),gas_or_oil,hydronic_assumed,False,gas_or_oil,0.85,0.0,230.0,False,4758.963567948423,0.3927886633360209,1869.2669387192818,2889.696629229141,0.0,sh_exist,4535.569174590974,223.39439335744805,0.0,1550.3182712096443,2992.5933543727215,0.9334824842407904,1.65357833164148,45.355691745909745,1098.2817610547888,262.8169333617036,0.0,5598.780668174615,5335.963734812911,0.9530581837478211
S2_hp0.5_tk6_base,8899918,61 9th Ave,gas_or_oil,hydronic_assumed,False,gas_or_oil,0.85,0.0,183.0,False,3676.145892619162,0.3927886633360209,1443.9484313900841,2232.197461229078,0.0,sh_exist,3503.5809276116306,172.56496500753047,0.0,1197.5708709652263,2311.6818632631966,0.7210851168068669,1.277335937792948,35.035809276116304,848.3872438175931,203.01760589121233,0.0,4324.877520728426,4121.859914837212,0.9530581837478209
S2_hp0.75_tk0_base,7536925,111 Eighth Avenue,steam,steam_radiators,False,steam,0.77,0.0,0.0,False,8856.056524513537,0.3927886633360209,3478.558604691919,0.0,5377.497919821618,none,3471.4108815315926,7.14772316032586,0.0,1072.2152327664246,2399.195648765169,0.3970957311292144,0.3970957311292144,34.714108815315925,880.5048030968171,9.282757351072545,6983.763532235867,11501.37210975784,4508.3258201708995,0.39198156334286466
S2_hp0.75_tk0_base,4040951,Manhattan Chelsea Market,gas_or_oil,hydronic_assumed,False,gas_or_oil,0.85,0.0,274.0,False,10520.388768501818,0.3927886633360209,4132.289442155116,6388.099326346702,0.0,sh_exist,10414.304485028817,106.0842834729995,0.0,3562.379584446692,6851.9249005821275,2.85953917930203,3.6554780593831055,104.14304485028818,2514.6564385136408,124.80503937999941,0.0,12376.927962943315,12252.122923563315,0.9899163152800381
S2_hp0.75_tk0_base,19906892,363 West 16th Street,gas_or_oil,hydronic_assumed,False,gas_or_oil,0.85,0.0,132.0,False,4020.422798201247,0.3927886633360209,1579.1764969511328,2441.2463012501144,0.0,sh_exist,3979.8821222632387,40.54067593800797,0.0,1361.3823987224919,2618.4997235407473,1.0927881812919695,1.396960478520528,39.79882122263239,960.9893985394542,47.69491286824467,0.0,4729.909174354409,4682.214261486163,0.9899163152800381
S2_hp0.75_tk0_base,4978579,Dream Hotel: 355 West 16th St,steam,steam_radiators,False,steam,0.77,0.0,105.0,False,1684.7515384764174,0.3927886633360209,661.7513048514568,0.0,1023.0002336249606,none,660.3915418962824,1.359762955174226,0.0,203.9752408965468,456.4163009997358,0.07554238639856811,0.07554238639856811,6.603915418962824,167.50478246690304,1.7659259158106833,1328.5717319804683,2187.9890110083343,857.6513531120551,0.3919815633428646
S2_hp0.75_tk0_base,1633052,M440 (OECID: 0100175; BBL: 1007420007),gas_or_oil,hydronic_assumed,False,gas_or_oil,0.85,0.0,230.0,False,4758.963567948423,0.3927886633360209,1869.2669387192818,2889.696629229141,0.0,sh_exist,4710.975679735446,47.987888212976394,0.0,1611.4646550271277,3099.511024708319,1.2935304079411352,1.65357833164148,47.10975679735446,1137.520546067953,56.456339074089875,0.0,5598.780668174615,5542.324329100525,0.9899163152800381
S2_hp0.75_tk0_base,8899918,61 9th Ave,gas_or_oil,hydronic_assumed,False,gas_or_oil,0.85,0.0,183.0,False,3676.145892619162,0.3927886633360209,1443.9484313900841,2232.197461229078,0.0,sh_exist,3639.076796453407,37.06909616575417,0.0,1244.8044806597968,2394.272315793611,0.9992105272999076,1.277335937792948,36.39076796453407,878.6979398962553,43.61070137147549,0.0,4324.877520728426,4281.26681935695,0.989916315280038
S2_hp0.75_tk2_base,7536925,111 Eighth Avenue,steam,steam_radiators,False,steam,0.77,0.0,0.0,False,8856.056524513537,0.3927886633360209,3478.558604691919,0.0,5377.497919821618,none,3471.4108815315926,7.14772316032586,0.0,1072.2152327664246,2399.195648765169,0.3970957311292144,0.3970957311292144,34.714108815315925,880.5048030968171,9.282757351072545,6983.763532235867,11501.37210975784,4508.3258201708995,0.39198156334286466
S2_hp0.75_tk2_base,4040951,Manhattan Chelsea Market,gas_or_oil,hydronic_assumed,False,gas_or_oil,0.85,0.0,274.0,False,10520.388768501818,0.3927886633360209,4132.289442155116,6388.099326346702,0.0,sh_exist,10446.736899816122,73.65186868569586,0.0,3576.496078117641,6876.608332739131,2.85953917930203,3.6554780593831055,104.46736899816122,2523.715258115261,86.64925727728925,0.0,12376.927962943315,12290.278705666025,0.992999130516335
S2_hp0.75_tk2_base,19906892,363 West 16th Street,gas_or_oil,hydronic_assumed,False,gas_or_oil,0.85,0.0,132.0,False,4020.422798201247,0.3927886633360209,1579.1764969511328,2441.2463012501144,0.0,sh_exist,3992.2763429218885,28.146455279357955,0.0,1366.7770922299474,2627.9326290697704,1.0927881812919695,1.396960478520528,39.92276342921888,964.4512748686058,33.11347679924465,0.0,4729.909174354409,4696.795697555163,0.9929991305163349
S2_hp0.75_tk2_base,4978579,Dream Hotel: 355 West 16th St,steam,steam_radiators,False,steam,0.77,0.0,105.0,False,1684.7515384764174,0.3927886633360209,661.7513048514568,0.0,1023.0002336249606,none,660.3915418962824,1.359762955174226,0.0,203.9752408965468,456.4163009997358,0.07554238639856811,0.07554238639856811,6.603915418962824,167.50478246690304,1.7659259158106833,1328.5717319804683,2187.9890110083343,857.6513531120551,0.3919815633428646
S2_hp0.75_tk2_base,1633052,M440 (OECID: 0100175; BBL: 1007420007),gas_or_oil,hydronic_assumed,False,gas_or_oil,0.85,0.0,230.0,False,4758.963567948423,0.3927886633360209,1869.2669387192818,2889.696629229141,0.0,sh_exist,4725.646685131699,33.316882816723385,0.0,1617.8503391083432,3110.6767294129595,1.2935304079411352,1.65357833164148,47.25646685131699,1141.6183596945561,39.19633272555693,0.0,5598.780668174615,5559.584335449058,0.992999130516335
S2_hp0.75_tk2_base,8899918,61 9th Ave,gas_or_oil,hydronic_assumed,False,gas_or_oil,0.85,0.0,183.0,False,3676.145892619162,0.3927886633360209,1443.9484313900841,2232.197461229078,0.0,sh_exist,3650.409675022024,25.736217597137735,0.0,1249.737215691606,2402.8974626143627,0.9992105272999076,1.277335937792948,36.50409675022024,881.8633687794711,30.27790305545616,0.0,4324.877520728426,4294.5996176729695,0.992999130516335
S2_hp0.75_tk6_base,7536925,111 Eighth Avenue,steam,steam_radiators,False,steam,0.77,0.0,0.0,False,8856.056524513537,0.3927886633360209,3478.558604691919,0.0,5377.497919821618,none,3471.4108815315926,7.14772316032586,0.0,1072.2152327664246,2399.195648765169,0.3970957311292144,0.3970957311292144,34.714108815315925,880.5048030968171,9.282757351072545,6983.763532235867,11501.37210975784,4508.3258201708995,0.39198156334286466
S2_hp0.75_tk6_base,4040951,Manhattan Chelsea Market,gas_or_oil,hydronic_assumed,False,gas_or_oil,0.85,0.0,274.0,False,10520.388768501818,0.3927886633360209,4132.289442155116,6388.099326346702,0.0,sh_exist,10479.41228541945,40.97648308236749,0.0,3593.017649203052,6905.497169338345,2.85953917930203,3.6554780593831055,104.7941228541945,2534.3174611471727,48.207627155726456,0.0,12376.927962943315,12328.72033578759,0.9961050409843168
S2_hp0.75_tk6_base,19906892,363 West 16th Street,gas_or_oil,hydronic_assumed,False,gas_or_oil,0.85,0.0,132.0,False,4020.422798201247,0.3927886633360209,1579.1764969511328,2441.2463012501144,0.0,sh_exist,4004.7634161765354,15.659382024711864,0.0,1373.0908989262134,2638.972652383807,1.0927881812919695,1.396960478520528,40.04763416176535,968.5029634248572,18.42280238201396,0.0,4729.909174354409,4711.486371972394,0.996105040984317
S2_hp0.75_tk6_base,4978579,Dream Hotel: 355 West 16th St,steam,steam_radiators,False,steam,0.77,0.0,105.0,False,1684.7515384764174,0.3927886633360209,661.7513048514568,0.0,1023.0002336249606,none,660.3915418962824,1.359762955174226,0.0,203.9752408965468,456.4163009997358,0.07554238639856811,0.07554238639856811,6.603915418962824,167.50478246690304,1.7659259158106833,1328.5717319804683,2187.9890110083343,857.6513531120551,0.3919815633428646
S2_hp0.75_tk6_base,1633052,M440 (OECID: 0100175; BBL: 1007420007),gas_or_oil,hydronic_assumed,False,gas_or_oil,0.85,0.0,230.0,False,4758.963567948423,0.3927886633360209,1869.2669387192818,2889.696629229141,0.0,sh_exist,4740.427599894135,18.535968054288173,0.0,1625.3239749796853,3123.744775083258,1.2935304079411352,1.65357833164148,47.40427599894135,1146.4143324555557,21.807021240339026,0.0,5598.780668174615,5576.973646934276,0.996105040984317
S2_hp0.75_tk6_base,8899918,61 9th Ave,gas_or_oil,hydronic_assumed,False,gas_or_oil,0.85,0.0,183.0,False,3676.145892619162,0.3927886633360209,1443.9484313900841,2232.197461229078,0.0,sh_exist,3661.8274550317383,14.318437587423439,0.0,1255.5103583978046,2412.992106485767,0.9992105272999076,1.277335937792948,36.61827455031738,885.5681030802765,16.8452206910864,0.0,4324.877520728426,4308.032300037339,0.9961050409843167
S2_hp1_tk0_base,7536925,111 Eighth Avenue,steam,steam_radiators,False,steam,0.77,0.0,0.0,False,8856.056524513537,0.3927886633360209,3478.558604691919,0.0,5377.497919821618,none,3471.4108815315926,7.14772316032586,0.0,1072.2152327664246,2399.195648765169,0.3970957311292144,0.3970957311292144,34.714108815315925,880.5048030968171,9.282757351072545,6983.763532235867,11501.37210975784,4508.3258201708995,0.39198156334286466
S2_hp1_tk0_base,4040951,Manhattan Chelsea Market,gas_or_oil,hydronic_assumed,False,gas_or_oil,0.85,0.0,274.0,False,10520.388768501818,0.3927886633360209,4132.289442155116,6388.099326346702,0.0,sh_exist,10458.50003863332,61.88872986849764,0.0,3578.4591577816636,6880.040880851657,3.6554780593831055,3.6554780593831055,104.58500038633319,2524.975003272558,72.81027043352664,0.0,12376.927962943315,12304.117692509788,0.9941172582848085
S2_hp1_tk0_base,19906892,363 West 16th Street,gas_or_oil,hydronic_assumed,False,gas_or_oil,0.85,0.0,132.0,False,4020.422798201247,0.3927886633360209,1579.1764969511328,2441.2463012501144,0.0,sh_exist,3996.7716892935614,23.651108907685362,0.0,1367.5272936159981,2629.2443956775637,1.396960478520528,1.396960478520528,39.96771689293561,964.9326932136659,27.824834009041602,0.0,4729.909174354409,4702.084340345366,0.9941172582848085
S2_hp1_tk0_base,4978579,Dream Hotel: 355 West 16th St,steam,steam_radiators,False,steam,0.77,0.0,105.0,False,1684.7515384764174,0.3927886633360209,661.7513048514568,0.0,1023.0002336249606,none,660.3915418962824,1.359762955174226,0.0,203.9752408965468,456.4163009997358,0.07554238639856811,0.07554238639856811,6.603915418962824,167.50478246690304,1.7659259158106833,1328.5717319804683,2187.9890110083343,857.6513531120551,0.3919815633428646
S2_hp1_tk0_base,1633052,M440 (OECID: 0100175; BBL: 1007420007),gas_or_oil,hydronic_assumed,False,gas_or_oil,0.85,0.0,230.0,False,4758.963567948423,0.3927886633360209,1869.2669387192818,2889.696629229141,0.0,sh_exist,4730.967814446176,27.995753502246707,0.0,1618.7383504554177,3112.2294639907586,1.65357833164148,1.65357833164148,47.30967814446176,1142.1882132846083,32.93618059087848,0.0,5598.780668174615,5565.844487583737,0.9941172582848085
S2_hp1_tk0_base,8899918,61 9th Ave,gas_or_oil,hydronic_assumed,False,gas_or_oil,0.85,0.0,183.0,False,3676.145892619162,0.3927886633360209,1443.9484313900841,2232.197461229078,0.0,sh_exist,3654.5200758255205,21.62581679364059,0.0,1250.4231758212723,2404.096900004249,1.277335937792948,1.277335937792948,36.545200758255206,882.3035623015594,25.442137404283045,0.0,4324.877520728426,4299.435383324142,0.9941172582848082
S2_hp1_tk2_base,7536925,111 Eighth Avenue,steam,steam_radiators,False,steam,0.77,0.0,0.0,False,8856.056524513537,0.3927886633360209,3478.558604691919,0.0,5377.497919821618,none,3471.4108815315926,7.14772316032586,0.0,1072.2152327664246,2399.195648765169,0.3970957311292144,0.3970957311292144,34.714108815315925,880.5048030968171,9.282757351072545,6983.763532235867,11501.37210975784,4508.3258201708995,0.39198156334286466
S2_hp1_tk2_base,4040951,Manhattan Chelsea Market,gas_or_oil,hydronic_assumed,False,gas_or_oil,0.85,0.0,274.0,False,10520.388768501818,0.3927886633360209,4132.289442155116,6388.099326346702,0.0,sh_exist,10490.337593836564,30.051174665254614,0.0,3592.359224967914,6904.345879909299,3.6554780593831055,3.6554780593831055,104.90337593836564,2533.8949379267124,35.35432313559367,0.0,12376.927962943315,12341.573639807722,0.9971435300228422
S2_hp1_tk2_base,19906892,363 West 16th Street,gas_or_oil,hydronic_assumed,False,gas_or_oil,0.85,0.0,132.0,False,4020.422798201247,0.3927886633360209,1579.1764969511328,2441.2463012501144,0.0,sh_exist,4008.938581182704,11.484217018543017,0.0,1372.8392785855503,2638.532680974982,1.396960478520528,1.396960478520528,40.08938581182704,968.3414939178184,13.51084355122708,0.0,4729.909174354409,4716.398330803181,0.9971435300228421
S2_hp1_tk2_base,4978579,Dream Hotel: 355 West 16th St,steam,steam_radiators,False,steam,0.77,0.0,105.0,False,1684.7515384764174,0.3927886633360209,661.7513048514568,0.0,1023.0002336249606,none,660.3915418962824,1.359762955174226,0.0,203.9752408965468,456.4163009997358,0.07554238639856811,0.07554238639856811,6.603915418962824,167.50478246690304,1.7659259158106833,1328.5717319804683,2187.9890110083343,857.6513531120551,0.3919815633428646
S2_hp1_tk2_base,1633052,M440 (OECID: 0100175; BBL: 1007420007),gas_or_oil,hydronic_assumed,False,gas_or_oil,0.85,0.0,230.0,False,4758.963567948423,0.3927886633360209,1869.2669387192818,2889.696629229141,0.0,sh_exist,4745.36973139419,13.593836554232908,0.0,1625.0261326645177,3123.223982119275,1.65357833164148,1.65357833164148,47.4536973139419,1146.223201437774,15.992748887332834,0.0,5598.780668174615,5582.787919287282,0.9971435300228422
S2_hp1_tk2_base,8899918,61 9th Ave,gas_or_oil,hydronic_assumed,False,gas_or_oil,0.85,0.0,183.0,False,3676.145892619162,0.3927886633360209,1443.9484313900841,2232.197461229078,0.0,sh_exist,3665.645092245243,10.500800373918963,0.0,1255.2802848139415,2412.589810715246,1.277335937792948,1.277335937792948,36.656450922452436,885.4204605324953,12.35388279284584,0.0,4324.877520728426,4312.52363793558,0.9971435300228421
S2_hp1_tk6_base,7536925,111 Eighth Avenue,steam,steam_radiators,False,steam,0.77,0.0,0.0,False,8856.056524513537,0.3927886633360209,3478.558604691919,0.0,5377.497919821618,none,3471.4108815315926,7.14772316032586,0.0,1072.2152327664246,2399.195648765169,0.3970957311292144,0.3970957311292144,34.714108815315925,880.5048030968171,9.282757351072545,6983.763532235867,11501.37210975784,4508.3258201708995,0.39198156334286466
S2_hp1_tk6_base,4040951,Manhattan Chelsea Market,gas_or_oil,hydronic_assumed,False,gas_or_oil,0.85,0.0,274.0,False,10520.388768501818,0.3927886633360209,4132.289442155116,6388.099326346702,0.0,sh_exist,10511.897762798759,8.491005703058457,0.0,3604.8367706584945,6926.163525262211,3.6554780593831055,3.6554780593831055,105.11897762798759,2541.9020137712314,9.98941847418642,0.0,12376.927962943315,12366.938544469129,0.9991929000068437
S2_hp1_tk6_base,19906892,363 West 16th Street,gas_or_oil,hydronic_assumed,False,gas_or_oil,0.85,0.0,132.0,False,4020.422798201247,0.3927886633360209,1579.1764969511328,2441.2463012501144,0.0,sh_exist,4017.177914988333,3.244883212913286,0.0,1377.607639362312,2646.8704107595067,1.396960478520528,1.396960478520528,40.171779149883335,971.401440748739,3.8175096622509246,0.0,4729.909174354409,4726.091664692157,0.9991929000068437
S2_hp1_tk6_base,4978579,Dream Hotel: 355 West 16th St,steam,steam_radiators,False,steam,0.77,0.0,105.0,False,1684.7515384764174,0.3927886633360209,661.7513048514568,0.0,1023.0002336249606,none,660.3915418962824,1.359762955174226,0.0,203.9752408965468,456.4163009997358,0.07554238639856811,0.07554238639856811,6.603915418962824,167.50478246690304,1.7659259158106833,1328.5717319804683,2187.9890110083343,857.6513531120551,0.3919815633428646
S2_hp1_tk6_base,1633052,M440 (OECID: 0100175; BBL: 1007420007),gas_or_oil,hydronic_assumed,False,gas_or_oil,0.85,0.0,230.0,False,4758.963567948423,0.3927886633360209,1869.2669387192818,2889.696629229141,0.0,sh_exist,4755.122608485301,3.8409594631218114,0.0,1630.6704283902295,3133.0933302638796,1.65357833164148,1.65357833164148,47.551226084853006,1149.8452522068437,4.518775838966837,0.0,5598.780668174615,5594.261892335648,0.9991929000068437
S2_hp1_tk6_base,8899918,61 9th Ave,gas_or_oil,hydronic_assumed,False,gas_or_oil,0.85,0.0,183.0,False,3676.145892619162,0.3927886633360209,1443.9484313900841,2232.197461229078,0.0,sh_exist,3673.1788752943876,2.9670173247741447,0.0,1259.6403212488808,2420.21356389734,1.277335937792948,1.277335937792948,36.73178875294388,888.2183779503238,3.490608617381347,0.0,4324.877520728426,4321.386912111045,0.9991929000068437
S2_hp0.75_tk0_A01_low,7536925,111 Eighth Avenue,steam,steam_radiators,False,steam,0.77,0.0,0.0,False,8856.056524513537,0.3927886633360209,3478.558604691919,0.0,5377.497919821618,none,3471.4108815315926,7.14772316032586,0.0,1072.2152327664246,2399.195648765169,0.3970957311292144,0.3970957311292144,34.714108815315925,880.5048030968171,9.282757351072545,6983.763532235867,11501.37210975784,4508.3258201708995,0.39198156334286466
S2_hp0.75_tk0_A01_low,4040951,Manhattan Chelsea Market,gas_or_oil,hydronic_assumed,False,gas_or_oil,0.85,0.0,274.0,False,10520.388768501818,0.3927886633360209,4132.289442155116,6388.099326346702,0.0,sh_exist,10414.304485028817,106.0842834729995,0.0,3562.379584446692,6851.9249005821275,2.85953917930203,3.6554780593831055,104.14304485028818,2514.6564385136408,124.80503937999941,0.0,12376.927962943315,12252.122923563315,0.9899163152800381
S2_hp0.75_tk0_A01_low,19906892,363 West 16th Street,gas_or_oil,hydronic_assumed,False,gas_or_oil,0.85,0.0,132.0,False,4020.422798201247,0.3927886633360209,1579.1764969511328,2441.2463012501144,0.0,sh_exist,3979.8821222632387,40.54067593800797,0.0,1361.3823987224919,2618.4997235407473,1.0927881812919695,1.396960478520528,39.79882122263239,960.9893985394542,47.69491286824467,0.0,4729.909174354409,4682.214261486163,0.9899163152800381
S2_hp0.75_tk0_A01_low,4978579,Dream Hotel: 355 West 16th St,steam,steam_radiators,False,steam,0.77,0.0,105.0,False,1684.7515384764174,0.3927886633360209,661.7513048514568,0.0,1023.0002336249606,none,660.3915418962824,1.359762955174226,0.0,203.9752408965468,456.4163009997358,0.07554238639856811,0.07554238639856811,6.603915418962824,167.50478246690304,1.7659259158106833,1328.5717319804683,2187.9890110083343,857.6513531120551,0.3919815633428646
S2_hp0.75_tk0_A01_low,1633052,M440 (OECID: 0100175; BBL: 1007420007),gas_or_oil,hydronic_assumed,False,gas_or_oil,0.85,0.0,230.0,False,4758.963567948423,0.3927886633360209,1869.2669387192818,2889.696629229141,0.0,sh_exist,4710.975679735446,47.987888212976394,0.0,1611.4646550271277,3099.511024708319,1.2935304079411352,1.65357833164148,47.10975679735446,1137.520546067953,56.456339074089875,0.0,5598.780668174615,5542.324329100525,0.9899163152800381
S2_hp0.75_tk0_A01_low,8899918,61 9th Ave,gas_or_oil,hydronic_assumed,False,gas_or_oil,0.85,0.0,183.0,False,3676.145892619162,0.3927886633360209,1443.9484313900841,2232.197461229078,0.0,sh_exist,3639.076796453407,37.06909616575417,0.0,1244.8044806597968,2394.272315793611,0.9992105272999076,1.277335937792948,36.39076796453407,878.6979398962553,43.61070137147549,0.0,4324.877520728426,4281.26681935695,0.989916315280038
S2_hp0.75_tk0_A01_high,7536925,111 Eighth Avenue,steam,steam_radiators,False,steam,0.77,0.0,0.0,False,8856.056524513537,0.3927886633360209,3478.558604691919,0.0,5377.497919821618,none,3471.4108815315926,7.14772316032586,0.0,1072.2152327664246,2399.195648765169,0.3970957311292144,0.3970957311292144,34.714108815315925,880.5048030968171,9.282757351072545,6983.763532235867,11501.37210975784,4508.3258201708995,0.39198156334286466
S2_hp0.75_tk0_A01_high,4040951,Manhattan Chelsea Market,gas_or_oil,hydronic_assumed,False,gas_or_oil,0.85,0.0,274.0,False,10520.388768501818,0.3927886633360209,4132.289442155116,6388.099326346702,0.0,sh_exist,10414.304485028817,106.0842834729995,0.0,3562.379584446692,6851.9249005821275,2.85953917930203,3.6554780593831055,104.14304485028818,2514.6564385136408,124.80503937999941,0.0,12376.927962943315,12252.122923563315,0.9899163152800381
S2_hp0.75_tk0_A01_high,19906892,363 West 16th Street,gas_or_oil,hydronic_assumed,False,gas_or_oil,0.85,0.0,132.0,False,4020.422798201247,0.3927886633360209,1579.1764969511328,2441.2463012501144,0.0,sh_exist,3979.8821222632387,40.54067593800797,0.0,1361.3823987224919,2618.4997235407473,1.0927881812919695,1.396960478520528,39.79882122263239,960.9893985394542,47.69491286824467,0.0,4729.909174354409,4682.214261486163,0.9899163152800381
S2_hp0.75_tk0_A01_high,4978579,Dream Hotel: 355 West 16th St,steam,steam_radiators,False,steam,0.77,0.0,105.0,False,1684.7515384764174,0.3927886633360209,661.7513048514568,0.0,1023.0002336249606,none,660.3915418962824,1.359762955174226,0.0,203.9752408965468,456.4163009997358,0.07554238639856811,0.07554238639856811,6.603915418962824,167.50478246690304,1.7659259158106833,1328.5717319804683,2187.9890110083343,857.6513531120551,0.3919815633428646
S2_hp0.75_tk0_A01_high,1633052,M440 (OECID: 0100175; BBL: 1007420007),gas_or_oil,hydronic_assumed,False,gas_or_oil,0.85,0.0,230.0,False,4758.963567948423,0.3927886633360209,1869.2669387192818,2889.696629229141,0.0,sh_exist,4710.975679735446,47.987888212976394,0.0,1611.4646550271277,3099.511024708319,1.2935304079411352,1.65357833164148,47.10975679735446,1137.520546067953,56.456339074089875,0.0,5598.780668174615,5542.324329100525,0.9899163152800381
S2_hp0.75_tk0_A01_high,8899918,61 9th Ave,gas_or_oil,hydronic_assumed,False,gas_or_oil,0.85,0.0,183.0,False,3676.145892619162,0.3927886633360209,1443.9484313900841,2232.197461229078,0.0,sh_exist,3639.076796453407,37.06909616575417,0.0,1244.8044806597968,2394.272315793611,0.9992105272999076,1.277335937792948,36.39076796453407,878.6979398962553,43.61070137147549,0.0,4324.877520728426,4281.26681935695,0.989916315280038
S2_hp0.75_tk0_A02_low,7536925,111 Eighth Avenue,steam,steam_radiators,False,steam,0.77,0.0,0.0,False,8856.056524513537,0.3927886633360209,3478.558604691919,0.0,5377.497919821618,none,3471.4108815315926,7.14772316032586,0.0,1140.6545029430047,2330.7563785885877,0.3970957311292144,0.3970957311292144,34.714108815315925,855.3875909420117,9.282757351072545,6983.763532235867,11501.37210975784,4508.3258201708995,0.39198156334286466
S2_hp0.75_tk0_A02_low,4040951,Manhattan Chelsea Market,gas_or_oil,hydronic_assumed,False,gas_or_oil,0.85,0.0,274.0,False,10520.388768501818,0.3927886633360209,4132.289442155116,6388.099326346702,0.0,sh_exist,10414.304485028817,106.0842834729995,0.0,3764.136609394378,6650.167875634441,2.85953917930203,3.6554780593831055,104.14304485028818,2440.6116103578397,124.80503937999941,0.0,12376.927962943315,12252.122923563315,0.9899163152800381
S2_hp0.75_tk0_A02_low,19906892,363 West 16th Street,gas_or_oil,hydronic_assumed,False,gas_or_oil,0.85,0.0,132.0,False,4020.422798201247,0.3927886633360209,1579.1764969511328,2441.2463012501144,0.0,sh_exist,3979.8821222632387,40.54067593800797,0.0,1438.484924175308,2541.397198087931,1.0927881812919695,1.396960478520528,39.79882122263239,932.6927716982707,47.69491286824467,0.0,4729.909174354409,4682.214261486163,0.9899163152800381
S2_hp0.75_tk0_A02_low,4978579,Dream Hotel: 355 West 16th St,steam,steam_radiators,False,steam,0.77,0.0,105.0,False,1684.7515384764174,0.3927886633360209,661.7513048514568,0.0,1023.0002336249606,none,660.3915418962824,1.359762955174226,0.0,216.99493712398592,443.3966047722964,0.07554238639856811,0.07554238639856811,6.603915418962824,162.72655395143278,1.7659259158106833,1328.5717319804683,2187.9890110083343,857.6513531120551,0.3919815633428646
S2_hp0.75_tk0_A02_low,1633052,M440 (OECID: 0100175; BBL: 1007420007),gas_or_oil,hydronic_assumed,False,gas_or_oil,0.85,0.0,230.0,False,4758.963567948423,0.3927886633360209,1869.2669387192818,2889.696629229141,0.0,sh_exist,4710.975679735446,47.987888212976394,0.0,1702.7307054014648,3008.244974333981,1.2935304079411352,1.65357833164148,47.10975679735446,1104.0259055805711,56.456339074089875,0.0,5598.780668174615,5542.324329100525,0.9899163152800381
S2_hp0.75_tk0_A02_low,8899918,61 9th Ave,gas_or_oil,hydronic_assumed,False,gas_or_oil,0.85,0.0,183.0,False,3676.145892619162,0.3927886633360209,1443.9484313900841,2232.197461229078,0.0,sh_exist,3639.076796453407,37.06909616575417,0.0,1315.3045614922771,2323.7722349611304,0.9992105272999076,1.277335937792948,36.39076796453407,852.8244102307349,43.61070137147549,0.0,4324.877520728426,4281.26681935695,0.989916315280038
S2_hp0.75_tk0_A02_high,7536925,111 Eighth Avenue,steam,steam_radiators,False,steam,0.77,0.0,0.0,False,8856.056524513537,0.3927886633360209,3478.558604691919,0.0,5377.497919821618,none,3471.4108815315926,7.14772316032586,0.0,958.1497824721239,2513.2610990594694,0.3970957311292144,0.3970957311292144,34.714108815315925,922.3668233548252,9.282757351072545,6983.763532235867,11501.37210975784,4508.3258201708995,0.39198156334286466
S2_hp0.75_tk0_A02_high,4040951,Manhattan Chelsea Market,gas_or_oil,hydronic_assumed,False,gas_or_oil,0.85,0.0,274.0,False,10520.388768501818,0.3927886633360209,4132.289442155116,6388.099326346702,0.0,sh_exist,10414.304485028817,106.08428347299957,0.0,3226.1178762005493,7188.186608828271,2.85953917930203,3.6554780593831055,104.14304485028818,2638.0644854399757,124.8050393799995,0.0,12376.927962943315,12252.122923563315,0.9899163152800381
S2_hp0.75_tk0_A02_high,19906892,363 West 16th Street,gas_or_oil,hydronic_assumed,False,gas_or_oil,0.85,0.0,132.0,False,4020.422798201247,0.3927886633360209,1579.1764969511328,2441.2463012501144,0.0,sh_exist,3979.8821222632387,40.540675938008,0.0,1232.8781896344644,2747.003932628775,1.0927881812919695,1.396960478520528,39.79882122263239,1008.1504432747605,47.69491286824471,0.0,4729.909174354409,4682.214261486163,0.9899163152800381
S2_hp0.75_tk0_A02_high,4978579,Dream Hotel: 355 West 16th St,steam,steam_radiators,False,steam,0.77,0.0,105.0,False,1684.7515384764174,0.3927886633360209,661.7513048514568,0.0,1023.0002336249606,none,660.3915418962824,1.359762955174226,0.0,182.27574718414817,478.1157947121344,0.07554238639856811,0.07554238639856811,6.603915418962824,175.46849665935332,1.7659259158106833,1328.5717319804683,2187.9890110083343,857.6513531120551,0.3919815633428646
S2_hp0.75_tk0_A02_high,1633052,M440 (OECID: 0100175; BBL: 1007420007),gas_or_oil,hydronic_assumed,False,gas_or_oil,0.85,0.0,230.0,False,4758.963567948423,0.3927886633360209,1869.2669387192818,2889.696629229141,0.0,sh_exist,4710.975679735446,47.98788821297643,0.0,1459.354571069899,3251.621108665548,1.2935304079411352,1.65357833164148,47.10975679735446,1193.3449468802562,56.45633907408992,0.0,5598.780668174615,5542.324329100525,0.9899163152800381
S2_hp0.75_tk0_A02_high,8899918,61 9th Ave,gas_or_oil,hydronic_assumed,False,gas_or_oil,0.85,0.0,183.0,False,3676.145892619162,0.3927886633360209,1443.9484313900841,2232.197461229078,0.0,sh_exist,3639.076796453407,37.069096165754196,0.0,1127.304345938996,2511.7724505144124,0.9992105272999076,1.277335937792948,36.39076796453407,921.8204893387893,43.61070137147553,0.0,4324.877520728426,4281.26681935695,0.989916315280038
S2_hp0.75_tk0_A03_low,7536925,111 Eighth Avenue,steam,steam_radiators,False,steam,0.77,0.0,0.0,False,8856.056524513537,0.3927886633360209,3478.558604691919,0.0,5377.497919821618,none,3471.4108815315926,7.14772316032586,0.0,1072.2152327664246,2399.195648765169,0.3970957311292144,0.3970957311292144,34.714108815315925,880.5048030968171,9.282757351072545,6983.763532235867,11501.37210975784,4508.3258201708995,0.39198156334286466
S2_hp0.75_tk0_A03_low,4040951,Manhattan Chelsea Market,gas_or_oil,hydronic_assumed,False,gas_or_oil,0.85,0.0,274.0,False,10520.388768501818,0.3927886633360209,4132.289442155116,6388.099326346702,0.0,sh_exist,10414.304485028817,106.0842834729995,0.0,3562.379584446692,6851.9249005821275,2.85953917930203,3.6554780593831055,104.14304485028818,2514.6564385136408,124.80503937999941,0.0,12376.927962943315,12252.122923563315,0.9899163152800381
S2_hp0.75_tk0_A03_low,19906892,363 West 16th Street,gas_or_oil,hydronic_assumed,False,gas_or_oil,0.85,0.0,132.0,False,4020.422798201247,0.3927886633360209,1579.1764969511328,2441.2463012501144,0.0,sh_exist,3979.8821222632387,40.54067593800797,0.0,1361.3823987224919,2618.4997235407473,1.0927881812919695,1.396960478520528,39.79882122263239,960.9893985394542,47.69491286824467,0.0,4729.909174354409,4682.214261486163,0.9899163152800381
S2_hp0.75_tk0_A03_low,4978579,Dream Hotel: 355 West 16th St,steam,steam_radiators,False,steam,0.77,0.0,105.0,False,1684.7515384764174,0.3927886633360209,661.7513048514568,0.0,1023.0002336249606,none,660.3915418962824,1.359762955174226,0.0,203.9752408965468,456.4163009997358,0.07554238639856811,0.07554238639856811,6.603915418962824,167.50478246690304,1.7659259158106833,1328.5717319804683,2187.9890110083343,857.6513531120551,0.3919815633428646
S2_hp0.75_tk0_A03_low,1633052,M440 (OECID: 0100175; BBL: 1007420007),gas_or_oil,hydronic_assumed,False,gas_or_oil,0.85,0.0,230.0,False,4758.963567948423,0.3927886633360209,1869.2669387192818,2889.696629229141,0.0,sh_exist,4710.975679735446,47.987888212976394,0.0,1611.4646550271277,3099.511024708319,1.2935304079411352,1.65357833164148,47.10975679735446,1137.520546067953,56.456339074089875,0.0,5598.780668174615,5542.324329100525,0.9899163152800381
S2_hp0.75_tk0_A03_low,8899918,61 9th Ave,gas_or_oil,hydronic_assumed,False,gas_or_oil,0.85,0.0,183.0,False,3676.145892619162,0.3927886633360209,1443.9484313900841,2232.197461229078,0.0,sh_exist,3639.076796453407,37.06909616575417,0.0,1244.8044806597968,2394.272315793611,0.9992105272999076,1.277335937792948,36.39076796453407,878.6979398962553,43.61070137147549,0.0,4324.877520728426,4281.26681935695,0.989916315280038
S2_hp0.75_tk0_A03_high,7536925,111 Eighth Avenue,steam,steam_radiators,False,steam,0.77,0.0,0.0,False,8856.056524513537,0.3927886633360209,3478.558604691919,0.0,5377.497919821618,none,3471.4108815315926,7.14772316032586,0.0,1072.2152327664246,2399.195648765169,0.3970957311292144,0.3970957311292144,34.714108815315925,880.5048030968171,9.282757351072545,6983.763532235867,11501.37210975784,4508.3258201708995,0.39198156334286466
S2_hp0.75_tk0_A03_high,4040951,Manhattan Chelsea Market,gas_or_oil,hydronic_assumed,False,gas_or_oil,0.85,0.0,274.0,False,10520.388768501818,0.3927886633360209,4132.289442155116,6388.099326346702,0.0,sh_exist,10414.304485028817,106.0842834729995,0.0,3562.379584446692,6851.9249005821275,2.85953917930203,3.6554780593831055,104.14304485028818,2514.6564385136408,124.80503937999941,0.0,12376.927962943315,12252.122923563315,0.9899163152800381
S2_hp0.75_tk0_A03_high,19906892,363 West 16th Street,gas_or_oil,hydronic_assumed,False,gas_or_oil,0.85,0.0,132.0,False,4020.422798201247,0.3927886633360209,1579.1764969511328,2441.2463012501144,0.0,sh_exist,3979.8821222632387,40.54067593800797,0.0,1361.3823987224919,2618.4997235407473,1.0927881812919695,1.396960478520528,39.79882122263239,960.9893985394542,47.69491286824467,0.0,4729.909174354409,4682.214261486163,0.9899163152800381
S2_hp0.75_tk0_A03_high,4978579,Dream Hotel: 355 West 16th St,steam,steam_radiators,False,steam,0.77,0.0,105.0,False,1684.7515384764174,0.3927886633360209,661.7513048514568,0.0,1023.0002336249606,none,660.3915418962824,1.359762955174226,0.0,203.9752408965468,456.4163009997358,0.07554238639856811,0.07554238639856811,6.603915418962824,167.50478246690304,1.7659259158106833,1328.5717319804683,2187.9890110083343,857.6513531120551,0.3919815633428646
S2_hp0.75_tk0_A03_high,1633052,M440 (OECID: 0100175; BBL: 1007420007),gas_or_oil,hydronic_assumed,False,gas_or_oil,0.85,0.0,230.0,False,4758.963567948423,0.3927886633360209,1869.2669387192818,2889.696629229141,0.0,sh_exist,4710.975679735446,47.987888212976394,0.0,1611.4646550271277,3099.511024708319,1.2935304079411352,1.65357833164148,47.10975679735446,1137.520546067953,56.456339074089875,0.0,5598.780668174615,5542.324329100525,0.9899163152800381
S2_hp0.75_tk0_A03_high,8899918,61 9th Ave,gas_or_oil,hydronic_assumed,False,gas_or_oil,0.85,0.0,183.0,False,3676.145892619162,0.3927886633360209,1443.9484313900841,2232.197461229078,0.0,sh_exist,3639.076796453407,37.06909616575417,0.0,1244.8044806597968,2394.272315793611,0.9992105272999076,1.277335937792948,36.39076796453407,878.6979398962553,43.61070137147549,0.0,4324.877520728426,4281.26681935695,0.989916315280038
S2_hp0.75_tk0_A04_low,7536925,111 Eighth Avenue,steam,steam_radiators,False,steam,0.7,0.0,0.0,False,8050.960476830487,0.3927886633360209,3162.3260042653806,0.0,4888.634472565107,none,3155.8280741196295,6.4979301457507805,0.0,974.741120696749,2181.08695342288,0.3609961192083767,0.3609961192083767,31.558280741196295,800.4589119061969,9.282757351072544,6983.763532235867,11501.37210975784,4508.3258201708995,0.39198156334286466
S2_hp0.75_tk0_A04_low,4040951,Manhattan Chelsea Market,gas_or_oil,hydronic_assumed,False,gas_or_oil,0.85,0.0,274.0,False,10520.388768501818,0.3927886633360209,4132.289442155116,6388.099326346702,0.0,sh_exist,10414.304485028819,106.0842834729995,0.0,3562.3795844466918,6851.924900582127,2.85953917930203,3.6554780593831055,104.14304485028819,2514.6564385136403,124.80503937999941,0.0,12376.927962943315,12252.122923563316,0.9899163152800382
S2_hp0.75_tk0_A04_low,19906892,363 West 16th Street,gas_or_oil,hydronic_assumed,False,gas_or_oil,0.85,0.0,132.0,False,4020.422798201247,0.3927886633360209,1579.1764969511328,2441.2463012501144,0.0,sh_exist,3979.8821222632396,40.54067593800797,0.0,1361.3823987224916,2618.4997235407473,1.0927881812919695,1.396960478520528,39.7988212226324,960.9893985394542,47.69491286824467,0.0,4729.909174354409,4682.214261486164,0.9899163152800383
S2_hp0.75_tk0_A04_low,4978579,Dream Hotel: 355 West 16th St,steam,steam_radiators,False,steam,0.7,0.0,105.0,False,1531.592307705834,0.3927886633360209,601.5920953195061,0.0,930.0002123863278,none,600.3559471784387,1.2361481410674782,0.0,185.43203717867883,414.92390999975976,0.068674896725971,0.068674896725971,6.003559471784387,152.27707496991184,1.7659259158106833,1328.5717319804685,2187.9890110083343,857.6513531120553,0.3919815633428647
S2_hp0.75_tk0_A04_low,1633052,M440 (OECID: 0100175; BBL: 1007420007),gas_or_oil,hydronic_assumed,False,gas_or_oil,0.85,0.0,230.0,False,4758.963567948423,0.3927886633360209,1869.2669387192818,2889.696629229141,0.0,sh_exist,4710.975679735447,47.987888212976394,0.0,1611.4646550271277,3099.511024708319,1.2935304079411354,1.6535783316414803,47.109756797354464,1137.520546067953,56.456339074089875,0.0,5598.780668174615,5542.324329100526,0.9899163152800383
S2_hp0.75_tk0_A04_low,8899918,61 9th Ave,gas_or_oil,hydronic_assumed,False,gas_or_oil,0.85,0.0,183.0,False,3676.145892619162,0.3927886633360209,1443.9484313900841,2232.197461229078,0.0,sh_exist,3639.076796453408,37.06909616575417,0.0,1244.8044806597966,2394.272315793611,0.9992105272999077,1.277335937792948,36.39076796453408,878.6979398962553,43.61070137147549,0.0,4324.877520728426,4281.266819356951,0.9899163152800382
S2_hp0.75_tk0_A04_high,7536925,111 Eighth Avenue,steam,steam_radiators,False,steam,0.85,0.0,0.0,False,9776.166293294164,0.3927886633360209,3839.967290893677,0.0,5936.199002400486,none,3832.076947145266,7.890343748411664,0.0,1183.6142179889098,2648.4627291563543,0.4383524304673146,0.4383524304673146,38.32076947145266,971.985821600382,9.282757351072545,6983.7635322358665,11501.37210975784,4508.325820170901,0.39198156334286477
S2_hp0.75_tk0_A04_high,4040951,Manhattan Chelsea Market,gas_or_oil,hydronic_assumed,False,gas_or_oil,0.85,0.0,274.0,False,10520.388768501818,0.3927886633360209,4132.289442155116,6388.099326346702,0.0,sh_exist,10414.304485028817,106.08428347299957,0.0,3562.3795844466918,6851.924900582126,2.85953917930203,3.6554780593831055,104.14304485028818,2514.6564385136403,124.8050393799995,0.0,12376.927962943315,12252.122923563315,0.9899163152800381
S2_hp0.75_tk0_A04_high,19906892,363 West 16th Street,gas_or_oil,hydronic_assumed,False,gas_or_oil,0.85,0.0,132.0,False,4020.422798201247,0.3927886633360209,1579.1764969511328,2441.2463012501144,0.0,sh_exist,3979.882122263239,40.540675938008,0.0,1361.3823987224916,2618.4997235407473,1.0927881812919695,1.396960478520528,39.79882122263239,960.9893985394542,47.69491286824471,0.0,4729.909174354409,4682.214261486164,0.9899163152800382
S2_hp0.75_tk0_A04_high,4978579,Dream Hotel: 355 West 16th St,steam,steam_radiators,False,steam,0.85,0.0,105.0,False,1859.790659357084,0.3927886633360209,730.5046871736861,0.0,1129.285972183398,none,729.0036501452471,1.5010370284390808,0.0,225.16747371696718,503.83617642827966,0.08339094602439337,0.08339094602439337,7.290036501452471,184.90787674917863,1.7659259158106835,1328.5717319804683,2187.9890110083343,857.6513531120554,0.39198156334286477
S2_hp0.75_tk0_A04_high,1633052,M440 (OECID: 0100175; BBL: 1007420007),gas_or_oil,hydronic_assumed,False,gas_or_oil,0.85,0.0,230.0,False,4758.963567948423,0.3927886633360209,1869.2669387192818,2889.696629229141,0.0,sh_exist,4710.975679735447,47.98788821297643,0.0,1611.4646550271277,3099.5110247083185,1.2935304079411352,1.65357833164148,47.109756797354464,1137.5205460679529,56.45633907408992,0.0,5598.780668174615,5542.324329100526,0.9899163152800383
S2_hp0.75_tk0_A04_high,8899918,61 9th Ave,gas_or_oil,hydronic_assumed,False,gas_or_oil,0.85,0.0,183.0,False,3676.145892619162,0.3927886633360209,1443.9484313900841,2232.197461229078,0.0,sh_exist,3639.076796453408,37.069096165754196,0.0,1244.8044806597968,2394.2723157936107,0.9992105272999076,1.277335937792948,36.39076796453408,878.6979398962551,43.61070137147553,0.0,4324.877520728426,4281.266819356951,0.9899163152800382
S2_hp0.75_tk0_A10_low,7536925,111 Eighth Avenue,steam,steam_radiators,False,steam,0.77,0.0,0.0,False,8856.056524513537,0.3927886633360209,3478.558604691919,0.0,5377.497919821618,none,3471.4108815315926,7.14772316032586,0.0,1206.2421368622277,2265.1687446693654,0.3970957311292144,0.3970957311292144,34.714108815315925,831.316929293657,9.282757351072545,6983.763532235867,11501.37210975784,4508.3258201708995,0.39198156334286466
S2_hp0.75_tk0_A10_low,4040951,Manhattan Chelsea Market,gas_or_oil,hydronic_assumed,False,gas_or_oil,0.85,0.0,274.0,False,10520.388768501818,0.3927886633360209,4132.289442155116,6388.099326346702,0.0,sh_exist,10414.304485028817,106.0842834729995,0.0,4007.677032502529,6406.627452526291,2.85953917930203,3.6554780593831055,104.14304485028818,2351.2322750771486,124.80503937999941,0.0,12376.927962943315,12252.122923563315,0.9899163152800381
S2_hp0.75_tk0_A10_low,19906892,363 West 16th Street,gas_or_oil,hydronic_assumed,False,gas_or_oil,0.85,0.0,132.0,False,4020.422798201247,0.3927886633360209,1579.1764969511328,2441.2463012501144,0.0,sh_exist,3979.8821222632387,40.54067593800797,0.0,1531.5551985628033,2448.326923700436,1.0927881812919695,1.396960478520528,39.79882122263239,898.53598099806,47.69491286824467,0.0,4729.909174354409,4682.214261486163,0.9899163152800381
S2_hp0.75_tk0_A10_low,4978579,Dream Hotel: 355 West 16th St,steam,steam_radiators,False,steam,0.77,0.0,105.0,False,1684.7515384764174,0.3927886633360209,661.7513048514568,0.0,1023.0002336249606,none,660.3915418962824,1.359762955174226,0.0,229.47214600861514,430.9193958876674,0.07554238639856811,0.07554238639856811,6.603915418962824,158.14741829077394,1.7659259158106833,1328.5717319804683,2187.9890110083343,857.6513531120551,0.3919815633428646
S2_hp0.75_tk0_A10_low,1633052,M440 (OECID: 0100175; BBL: 1007420007),gas_or_oil,hydronic_assumed,False,gas_or_oil,0.85,0.0,230.0,False,4758.963567948423,0.3927886633360209,1869.2669387192818,2889.696629229141,0.0,sh_exist,4710.975679735446,47.987888212976394,0.0,1812.8977369055187,2898.0779428299284,1.2935304079411352,1.65357833164148,47.10975679735446,1063.5946050185837,56.456339074089875,0.0,5598.780668174615,5542.324329100525,0.9899163152800381
S2_hp0.75_tk0_A10_low,8899918,61 9th Ave,gas_or_oil,hydronic_assumed,False,gas_or_oil,0.85,0.0,183.0,False,3676.145892619162,0.3927886633360209,1443.9484313900841,2232.197461229078,0.0,sh_exist,3639.076796453407,37.06909616575417,0.0,1400.4050407422715,2238.6717557111365,0.9992105272999076,1.277335937792948,36.39076796453407,821.592534345987,43.61070137147549,0.0,4324.877520728426,4281.26681935695,0.989916315280038
S2_hp0.75_tk0_A10_high,7536925,111 Eighth Avenue,steam,steam_radiators,False,steam,0.77,0.0,0.0,False,8856.056524513537,0.3927886633360209,3478.558604691919,0.0,5377.497919821618,none,3471.4108815315926,7.14772316032586,0.0,964.9937094897817,2506.417172041812,0.3970957311292144,0.3970957311292144,34.714108815315925,919.855102139345,9.282757351072545,6983.763532235867,11501.37210975784,4508.3258201708995,0.39198156334286466
S2_hp0.75_tk0_A10_high,4040951,Manhattan Chelsea Market,gas_or_oil,hydronic_assumed,False,gas_or_oil,0.85,0.0,274.0,False,10520.388768501818,0.3927886633360209,4132.289442155116,6388.099326346702,0.0,sh_exist,10414.304485028817,106.08428347299966,0.0,3206.1416260020223,7208.162859026797,2.85953917930203,3.6554780593831055,104.14304485028818,2645.3957692628346,124.8050393799996,0.0,12376.927962943315,12252.122923563315,0.9899163152800381
S2_hp0.75_tk0_A10_high,19906892,363 West 16th Street,gas_or_oil,hydronic_assumed,False,gas_or_oil,0.85,0.0,132.0,False,4020.422798201247,0.3927886633360209,1579.1764969511328,2441.2463012501144,0.0,sh_exist,3979.8821222632387,40.54067593800803,0.0,1225.2441588502425,2754.637963412997,1.0927881812919695,1.396960478520528,39.79882122263239,1010.9521325725699,47.69491286824474,0.0,4729.909174354409,4682.214261486163,0.9899163152800381
S2_hp0.75_tk0_A10_high,4978579,Dream Hotel: 355 West 16th St,steam,steam_radiators,False,steam,0.77,0.0,105.0,False,1684.7515384764174,0.3927886633360209,661.7513048514568,0.0,1023.0002336249606,none,660.3915418962824,1.359762955174226,0.0,183.57771680689206,476.8138250893906,0.07554238639856811,0.07554238639856811,6.603915418962824,174.99067380780636,1.7659259158106833,1328.5717319804683,2187.9890110083343,857.6513531120551,0.3919815633428646
S2_hp0.75_tk0_A10_high,1633052,M440 (OECID: 0100175; BBL: 1007420007),gas_or_oil,hydronic_assumed,False,gas_or_oil,0.85,0.0,230.0,False,4758.963567948423,0.3927886633360209,1869.2669387192818,2889.696629229141,0.0,sh_exist,4710.975679735446,47.987888212976465,0.0,1450.3181895244147,3260.6574902110324,1.2935304079411352,1.65357833164148,47.10975679735446,1196.6612989074488,56.45633907408996,0.0,5598.780668174615,5542.324329100525,0.9899163152800381
S2_hp0.75_tk0_A10_high,8899918,61 9th Ave,gas_or_oil,hydronic_assumed,False,gas_or_oil,0.85,0.0,183.0,False,3676.145892619162,0.3927886633360209,1443.9484313900841,2232.197461229078,0.0,sh_exist,3639.076796453407,37.069096165754225,0.0,1120.3240325938168,2518.752763859591,0.9992105272999076,1.277335937792948,36.39076796453407,924.3822643364699,43.61070137147556,0.0,4324.877520728426,4281.26681935695,0.989916315280038
S2_hp0.75_tk0_A11_low,7536925,111 Eighth Avenue,steam,steam_radiators,False,steam,0.77,0.0,0.0,False,8856.056524513537,0.3927886633360209,3478.558604691919,0.0,5377.497919821618,none,3471.4108815315926,7.14772316032586,0.0,1072.2152327664246,2399.195648765169,0.3970957311292144,0.3970957311292144,17.357054407657962,880.5048030968171,9.282757351072545,6983.763532235867,11501.37210975784,4508.3258201708995,0.39198156334286466
S2_hp0.75_tk0_A11_low,4040951,Manhattan Chelsea Market,gas_or_oil,hydronic_assumed,False,gas_or_oil,0.85,0.0,274.0,False,10520.388768501818,0.3927886633360209,4132.289442155116,6388.099326346702,0.0,sh_exist,10414.304485028817,106.0842834729995,0.0,3562.379584446692,6851.9249005821275,2.85953917930203,3.6554780593831055,52.07152242514409,2514.6564385136408,124.80503937999941,0.0,12376.927962943315,12252.122923563315,0.9899163152800381
S2_hp0.75_tk0_A11_low,19906892,363 West 16th Street,gas_or_oil,hydronic_assumed,False,gas_or_oil,0.85,0.0,132.0,False,4020.422798201247,0.3927886633360209,1579.1764969511328,2441.2463012501144,0.0,sh_exist,3979.8821222632387,40.54067593800797,0.0,1361.3823987224919,2618.4997235407473,1.0927881812919695,1.396960478520528,19.899410611316195,960.9893985394542,47.69491286824467,0.0,4729.909174354409,4682.214261486163,0.9899163152800381
S2_hp0.75_tk0_A11_low,4978579,Dream Hotel: 355 West 16th St,steam,steam_radiators,False,steam,0.77,0.0,105.0,False,1684.7515384764174,0.3927886633360209,661.7513048514568,0.0,1023.0002336249606,none,660.3915418962824,1.359762955174226,0.0,203.9752408965468,456.4163009997358,0.07554238639856811,0.07554238639856811,3.301957709481412,167.50478246690304,1.7659259158106833,1328.5717319804683,2187.9890110083343,857.6513531120551,0.3919815633428646
S2_hp0.75_tk0_A11_low,1633052,M440 (OECID: 0100175; BBL: 1007420007),gas_or_oil,hydronic_assumed,False,gas_or_oil,0.85,0.0,230.0,False,4758.963567948423,0.3927886633360209,1869.2669387192818,2889.696629229141,0.0,sh_exist,4710.975679735446,47.987888212976394,0.0,1611.4646550271277,3099.511024708319,1.2935304079411352,1.65357833164148,23.55487839867723,1137.520546067953,56.456339074089875,0.0,5598.780668174615,5542.324329100525,0.9899163152800381
S2_hp0.75_tk0_A11_low,8899918,61 9th Ave,gas_or_oil,hydronic_assumed,False,gas_or_oil,0.85,0.0,183.0,False,3676.145892619162,0.3927886633360209,1443.9484313900841,2232.197461229078,0.0,sh_exist,3639.076796453407,37.06909616575417,0.0,1244.8044806597968,2394.272315793611,0.9992105272999076,1.277335937792948,18.195383982267035,878.6979398962553,43.61070137147549,0.0,4324.877520728426,4281.26681935695,0.989916315280038
S2_hp0.75_tk0_A11_high,7536925,111 Eighth Avenue,steam,steam_radiators,False,steam,0.77,0.0,0.0,False,8856.056524513537,0.3927886633360209,3478.558604691919,0.0,5377.497919821618,none,3471.4108815315926,7.14772316032586,0.0,1072.2152327664246,2399.195648765169,0.3970957311292144,0.3970957311292144,104.14232644594777,880.5048030968171,9.282757351072545,6983.763532235867,11501.37210975784,4508.3258201708995,0.39198156334286466
S2_hp0.75_tk0_A11_high,4040951,Manhattan Chelsea Market,gas_or_oil,hydronic_assumed,False,gas_or_oil,0.85,0.0,274.0,False,10520.388768501818,0.3927886633360209,4132.289442155116,6388.099326346702,0.0,sh_exist,10414.304485028817,106.0842834729995,0.0,3562.379584446692,6851.9249005821275,2.85953917930203,3.6554780593831055,312.4291345508645,2514.6564385136408,124.80503937999941,0.0,12376.927962943315,12252.122923563315,0.9899163152800381
S2_hp0.75_tk0_A11_high,19906892,363 West 16th Street,gas_or_oil,hydronic_assumed,False,gas_or_oil,0.85,0.0,132.0,False,4020.422798201247,0.3927886633360209,1579.1764969511328,2441.2463012501144,0.0,sh_exist,3979.8821222632387,40.54067593800797,0.0,1361.3823987224919,2618.4997235407473,1.0927881812919695,1.396960478520528,119.39646366789715,960.9893985394542,47.69491286824467,0.0,4729.909174354409,4682.214261486163,0.9899163152800381
S2_hp0.75_tk0_A11_high,4978579,Dream Hotel: 355 West 16th St,steam,steam_radiators,False,steam,0.77,0.0,105.0,False,1684.7515384764174,0.3927886633360209,661.7513048514568,0.0,1023.0002336249606,none,660.3915418962824,1.359762955174226,0.0,203.9752408965468,456.4163009997358,0.07554238639856811,0.07554238639856811,19.811746256888473,167.50478246690304,1.7659259158106833,1328.5717319804683,2187.9890110083343,857.6513531120551,0.3919815633428646
S2_hp0.75_tk0_A11_high,1633052,M440 (OECID: 0100175; BBL: 1007420007),gas_or_oil,hydronic_assumed,False,gas_or_oil,0.85,0.0,230.0,False,4758.963567948423,0.3927886633360209,1869.2669387192818,2889.696629229141,0.0,sh_exist,4710.975679735446,47.987888212976394,0.0,1611.4646550271277,3099.511024708319,1.2935304079411352,1.65357833164148,141.32927039206336,1137.520546067953,56.456339074089875,0.0,5598.780668174615,5542.324329100525,0.9899163152800381
S2_hp0.75_tk0_A11_high,8899918,61 9th Ave,gas_or_oil,hydronic_assumed,False,gas_or_oil,0.85,0.0,183.0,False,3676.145892619162,0.3927886633360209,1443.9484313900841,2232.197461229078,0.0,sh_exist,3639.076796453407,37.06909616575417,0.0,1244.8044806597968,2394.272315793611,0.9992105272999076,1.277335937792948,109.1723038936022,878.6979398962553,43.61070137147549,0.0,4324.877520728426,4281.26681935695,0.989916315280038
S2_hp0.75_tk0_A16_low,7536925,111 Eighth Avenue,steam,steam_radiators,False,steam,0.77,0.0,0.0,False,8856.056524513537,0.3927886633360209,3478.558604691919,0.0,5377.497919821618,none,3471.4108815315926,7.14772316032586,0.0,1072.2152327664246,2399.195648765169,0.3970957311292144,0.3970957311292144,34.714108815315925,880.5048030968171,9.282757351072545,6983.763532235867,11501.37210975784,4508.3258201708995,0.39198156334286466
S2_hp0.75_tk0_A16_low,4040951,Manhattan Chelsea Market,gas_or_oil,hydronic_assumed,False,gas_or_oil,0.85,0.0,274.0,False,10520.388768501818,0.3927886633360209,4132.289442155116,6388.099326346702,0.0,sh_exist,10414.304485028817,106.0842834729995,0.0,3562.379584446692,6851.9249005821275,2.85953917930203,3.6554780593831055,104.14304485028818,2514.6564385136408,124.80503937999941,0.0,12376.927962943315,12252.122923563315,0.9899163152800381
S2_hp0.75_tk0_A16_low,19906892,363 West 16th Street,gas_or_oil,hydronic_assumed,False,gas_or_oil,0.85,0.0,132.0,False,4020.422798201247,0.3927886633360209,1579.1764969511328,2441.2463012501144,0.0,sh_exist,3979.8821222632387,40.54067593800797,0.0,1361.3823987224919,2618.4997235407473,1.0927881812919695,1.396960478520528,39.79882122263239,960.9893985394542,47.69491286824467,0.0,4729.909174354409,4682.214261486163,0.9899163152800381
S2_hp0.75_tk0_A16_low,4978579,Dream Hotel: 355 West 16th St,steam,steam_radiators,False,steam,0.77,0.0,105.0,False,1684.7515384764174,0.3927886633360209,661.7513048514568,0.0,1023.0002336249606,none,660.3915418962824,1.359762955174226,0.0,203.9752408965468,456.4163009997358,0.07554238639856811,0.07554238639856811,6.603915418962824,167.50478246690304,1.7659259158106833,1328.5717319804683,2187.9890110083343,857.6513531120551,0.3919815633428646
S2_hp0.75_tk0_A16_low,1633052,M440 (OECID: 0100175; BBL: 1007420007),gas_or_oil,hydronic_assumed,False,gas_or_oil,0.85,0.0,230.0,False,4758.963567948423,0.3927886633360209,1869.2669387192818,2889.696629229141,0.0,sh_exist,4710.975679735446,47.987888212976394,0.0,1611.4646550271277,3099.511024708319,1.2935304079411352,1.65357833164148,47.10975679735446,1137.520546067953,56.456339074089875,0.0,5598.780668174615,5542.324329100525,0.9899163152800381
S2_hp0.75_tk0_A16_low,8899918,61 9th Ave,gas_or_oil,hydronic_assumed,False,gas_or_oil,0.85,0.0,183.0,False,3676.145892619162,0.3927886633360209,1443.9484313900841,2232.197461229078,0.0,sh_exist,3639.076796453407,37.06909616575417,0.0,1244.8044806597968,2394.272315793611,0.9992105272999076,1.277335937792948,36.39076796453407,878.6979398962553,43.61070137147549,0.0,4324.877520728426,4281.26681935695,0.989916315280038
S2_hp0.75_tk0_A16_high,7536925,111 Eighth Avenue,steam,steam_radiators,False,steam,0.77,0.0,0.0,False,8856.056524513537,0.3927886633360209,3478.558604691919,0.0,5377.497919821618,none,3478.5586046919184,0.0,0.0,1074.4229511592173,2404.135653532702,0.3970957311292144,0.3970957311292144,34.785586046919185,882.3177848465016,0.0,6983.763532235867,11501.37210975784,4517.608577521972,0.39278866333602086
S2_hp0.75_tk0_A16_high,4040951,Manhattan Chelsea Market,gas_or_oil,hydronic_assumed,False,gas_or_oil,0.85,0.0,274.0,False,10520.388768501818,0.3927886633360209,4132.289442155116,6388.099326346702,0.0,sh_exist,10465.776190256254,54.61257824556295,0.0,3580.6397783172815,6885.136411938974,2.85953917930203,3.6554780593831055,104.65776190256254,2526.845063181603,64.25009205360347,0.0,12376.927962943315,12312.67787088971,0.9948088821195397
S2_hp0.75_tk0_A16_high,19906892,363 West 16th Street,gas_or_oil,hydronic_assumed,False,gas_or_oil,0.85,0.0,132.0,False,4020.422798201247,0.3927886633360209,1579.1764969511328,2441.2463012501144,0.0,sh_exist,3999.552309526494,20.870488674752515,0.0,1368.3606294088609,2631.191680117634,1.0927881812919695,1.396960478520528,39.99552309526494,965.6473466031716,24.553516087944136,0.0,4729.909174354409,4705.355658266463,0.9948088821195396
S2_hp0.75_tk0_A16_high,4978579,Dream Hotel: 355 West 16th St,steam,steam_radiators,False,steam,0.77,0.0,105.0,False,1684.7515384764174,0.3927886633360209,661.7513048514568,0.0,1023.0002336249606,none,661.7513048514567,0.0,0.0,204.39523109743192,457.35607375402486,0.07554238639856811,0.07554238639856811,6.617513048514567,167.84967906772712,0.0,1328.5717319804683,2187.9890110083343,859.4172790278658,0.39278866333602086
S2_hp0.75_tk0_A16_high,1633052,M440 (OECID: 0100175; BBL: 1007420007),gas_or_oil,hydronic_assumed,False,gas_or_oil,0.85,0.0,230.0,False,4758.963567948423,0.3927886633360209,1869.2669387192818,2889.696629229141,0.0,sh_exist,4734.259227078386,24.704340870035956,0.0,1619.7247677744804,3114.5344593039063,1.2935304079411352,1.65357833164148,47.34259227078386,1143.0341465645336,29.06393043533642,0.0,5598.780668174615,5569.716737739278,0.9948088821195397
S2_hp0.75_tk0_A16_high,8899918,61 9th Ave,gas_or_oil,hydronic_assumed,False,gas_or_oil,0.85,0.0,183.0,False,3676.145892619162,0.3927886633360209,1443.9484313900841,2232.197461229078,0.0,sh_exist,3657.0625859448055,19.08330667435583,0.0,1251.185151390975,2405.877434553831,0.9992105272999076,1.277335937792948,36.57062585944806,882.9570184812559,22.450949028653916,0.0,4324.877520728426,4302.426571699772,0.9948088821195396
S2_hp0.75_tk0_A17_low,7536925,111 Eighth Avenue,steam,steam_radiators,False,steam,0.77,0.0,0.0,False,8856.056524513537,0.3927886633360209,3478.558604691919,0.0,5377.497919821618,none,3471.4108815315926,7.14772316032586,0.0,1072.2152327664246,2399.195648765169,0.3970957311292144,0.3970957311292144,34.714108815315925,0.0,9.282757351072545,6983.763532235867,11501.37210975784,4508.3258201708995,0.39198156334286466
S2_hp0.75_tk0_A17_low,4040951,Manhattan Chelsea Market,gas_or_oil,hydronic_assumed,False,gas_or_oil,0.85,0.0,274.0,False,10520.388768501818,0.3927886633360209,4132.289442155116,6388.099326346702,0.0,sh_exist,10414.304485028817,106.0842834729995,0.0,3562.379584446692,6851.9249005821275,2.85953917930203,3.6554780593831055,104.14304485028818,0.0,124.80503937999941,0.0,12376.927962943315,12252.122923563315,0.9899163152800381
S2_hp0.75_tk0_A17_low,19906892,363 West 16th Street,gas_or_oil,hydronic_assumed,False,gas_or_oil,0.85,0.0,132.0,False,4020.422798201247,0.3927886633360209,1579.1764969511328,2441.2463012501144,0.0,sh_exist,3979.8821222632387,40.54067593800797,0.0,1361.3823987224919,2618.4997235407473,1.0927881812919695,1.396960478520528,39.79882122263239,0.0,47.69491286824467,0.0,4729.909174354409,4682.214261486163,0.9899163152800381
S2_hp0.75_tk0_A17_low,4978579,Dream Hotel: 355 West 16th St,steam,steam_radiators,False,steam,0.77,0.0,105.0,False,1684.7515384764174,0.3927886633360209,661.7513048514568,0.0,1023.0002336249606,none,660.3915418962824,1.359762955174226,0.0,203.9752408965468,456.4163009997358,0.07554238639856811,0.07554238639856811,6.603915418962824,0.0,1.7659259158106833,1328.5717319804683,2187.9890110083343,857.6513531120551,0.3919815633428646
S2_hp0.75_tk0_A17_low,1633052,M440 (OECID: 0100175; BBL: 1007420007),gas_or_oil,hydronic_assumed,False,gas_or_oil,0.85,0.0,230.0,False,4758.963567948423,0.3927886633360209,1869.2669387192818,2889.696629229141,0.0,sh_exist,4710.975679735446,47.987888212976394,0.0,1611.4646550271277,3099.511024708319,1.2935304079411352,1.65357833164148,47.10975679735446,0.0,56.456339074089875,0.0,5598.780668174615,5542.324329100525,0.9899163152800381
S2_hp0.75_tk0_A17_low,8899918,61 9th Ave,gas_or_oil,hydronic_assumed,False,gas_or_oil,0.85,0.0,183.0,False,3676.145892619162,0.3927886633360209,1443.9484313900841,2232.197461229078,0.0,sh_exist,3639.076796453407,37.06909616575417,0.0,1244.8044806597968,2394.272315793611,0.9992105272999076,1.277335937792948,36.39076796453407,0.0,43.61070137147549,0.0,4324.877520728426,4281.26681935695,0.989916315280038
S2_hp0.75_tk0_A17_high,7536925,111 Eighth Avenue,steam,steam_radiators,False,steam,0.77,0.0,0.0,False,8856.056524513537,0.3927886633360209,3478.558604691919,0.0,5377.497919821618,none,3471.4108815315926,7.14772316032586,0.0,1072.2152327664246,2399.195648765169,0.3970957311292144,0.3970957311292144,34.714108815315925,880.5048030968171,9.282757351072545,6983.763532235867,11501.37210975784,4508.3258201708995,0.39198156334286466
S2_hp0.75_tk0_A17_high,4040951,Manhattan Chelsea Market,gas_or_oil,hydronic_assumed,False,gas_or_oil,0.85,0.0,274.0,False,10520.388768501818,0.3927886633360209,4132.289442155116,6388.099326346702,0.0,sh_exist,10414.304485028817,106.0842834729995,0.0,3562.379584446692,6851.9249005821275,2.85953917930203,3.6554780593831055,104.14304485028818,2514.6564385136408,124.80503937999941,0.0,12376.927962943315,12252.122923563315,0.9899163152800381
S2_hp0.75_tk0_A17_high,19906892,363 West 16th Street,gas_or_oil,hydronic_assumed,False,gas_or_oil,0.85,0.0,132.0,False,4020.422798201247,0.3927886633360209,1579.1764969511328,2441.2463012501144,0.0,sh_exist,3979.8821222632387,40.54067593800797,0.0,1361.3823987224919,2618.4997235407473,1.0927881812919695,1.396960478520528,39.79882122263239,960.9893985394542,47.69491286824467,0.0,4729.909174354409,4682.214261486163,0.9899163152800381
S2_hp0.75_tk0_A17_high,4978579,Dream Hotel: 355 West 16th St,steam,steam_radiators,False,steam,0.77,0.0,105.0,False,1684.7515384764174,0.3927886633360209,661.7513048514568,0.0,1023.0002336249606,none,660.3915418962824,1.359762955174226,0.0,203.9752408965468,456.4163009997358,0.07554238639856811,0.07554238639856811,6.603915418962824,167.50478246690304,1.7659259158106833,1328.5717319804683,2187.9890110083343,857.6513531120551,0.3919815633428646
S2_hp0.75_tk0_A17_high,1633052,M440 (OECID: 0100175; BBL: 1007420007),gas_or_oil,hydronic_assumed,False,gas_or_oil,0.85,0.0,230.0,False,4758.963567948423,0.3927886633360209,1869.2669387192818,2889.696629229141,0.0,sh_exist,4710.975679735446,47.987888212976394,0.0,1611.4646550271277,3099.511024708319,1.2935304079411352,1.65357833164148,47.10975679735446,1137.520546067953,56.456339074089875,0.0,5598.780668174615,5542.324329100525,0.9899163152800381
S2_hp0.75_tk0_A17_high,8899918,61 9th Ave,gas_or_oil,hydronic_assumed,False,gas_or_oil,0.85,0.0,183.0,False,3676.145892619162,0.3927886633360209,1443.9484313900841,2232.197461229078,0.0,sh_exist,3639.076796453407,37.06909616575417,0.0,1244.8044806597968,2394.272315793611,0.9992105272999076,1.277335937792948,36.39076796453407,878.6979398962553,43.61070137147549,0.0,4324.877520728426,4281.26681935695,0.989916315280038
S2_hp0.75_tk0_A18_low,7536925,111 Eighth Avenue,steam,steam_radiators,False,steam,0.77,0.0,0.0,False,8856.056524513537,0.3927886633360209,3478.558604691919,0.0,5377.497919821618,none,3471.4108815315926,7.14772316032586,0.0,1072.2152327664246,2399.195648765169,0.3970957311292144,0.3970957311292144,34.714108815315925,880.5048030968171,9.282757351072545,6983.763532235867,11501.37210975784,4508.3258201708995,0.39198156334286466
S2_hp0.75_tk0_A18_low,4040951,Manhattan Chelsea Market,gas_or_oil,hydronic_assumed,False,gas_or_oil,0.85,0.0,274.0,False,10520.388768501818,0.3927886633360209,4132.289442155116,6388.099326346702,0.0,sh_exist,10414.304485028817,106.08428347299957,0.0,3216.667887665596,7197.636597363225,2.85953917930203,3.6554780593831055,104.14304485028818,2641.532631232303,124.8050393799995,0.0,12376.927962943315,12252.122923563315,0.9899163152800381
S2_hp0.75_tk0_A18_low,19906892,363 West 16th Street,gas_or_oil,hydronic_assumed,False,gas_or_oil,0.85,0.0,132.0,False,4020.422798201247,0.3927886633360209,1579.1764969511328,2441.2463012501144,0.0,sh_exist,3979.8821222632387,40.540675938008,0.0,1229.2668260066853,2750.6152962565548,1.0927881812919695,1.396960478520528,39.79882122263239,1009.4758137261556,47.69491286824471,0.0,4729.909174354409,4682.214261486163,0.9899163152800381
S2_hp0.75_tk0_A18_low,4978579,Dream Hotel: 355 West 16th St,steam,steam_radiators,False,steam,0.77,0.0,105.0,False,1684.7515384764174,0.3927886633360209,661.7513048514568,0.0,1023.0002336249606,none,660.3915418962824,1.359762955174226,0.0,203.9752408965468,456.4163009997358,0.07554238639856811,0.07554238639856811,6.603915418962824,167.50478246690304,1.7659259158106833,1328.5717319804683,2187.9890110083343,857.6513531120551,0.3919815633428646
S2_hp0.75_tk0_A18_low,1633052,M440 (OECID: 0100175; BBL: 1007420007),gas_or_oil,hydronic_assumed,False,gas_or_oil,0.85,0.0,230.0,False,4758.963567948423,0.3927886633360209,1869.2669387192818,2889.696629229141,0.0,sh_exist,4710.975679735446,47.98788821297643,0.0,1455.0798097331299,3255.8958700023177,1.2935304079411352,1.65357833164148,47.10975679735446,1194.9137842908506,56.45633907408992,0.0,5598.780668174615,5542.324329100525,0.9899163152800381
S2_hp0.75_tk0_A18_low,8899918,61 9th Ave,gas_or_oil,hydronic_assumed,False,gas_or_oil,0.85,0.0,183.0,False,3676.145892619162,0.3927886633360209,1443.9484313900841,2232.197461229078,0.0,sh_exist,3639.076796453407,37.069096165754196,0.0,1124.002230655759,2515.0745657976495,0.9992105272999076,1.277335937792948,36.39076796453407,923.0323656477374,43.61070137147553,0.0,4324.877520728426,4281.26681935695,0.989916315280038
S2_hp0.75_tk0_A18_high,7536925,111 Eighth Avenue,steam,steam_radiators,False,steam,0.77,0.0,0.0,False,8856.056524513537,0.3927886633360209,3478.558604691919,0.0,5377.497919821618,none,3471.4108815315926,7.14772316032586,0.0,1072.2152327664246,2399.195648765169,0.3970957311292144,0.3970957311292144,34.714108815315925,880.5048030968171,9.282757351072545,6983.763532235867,11501.37210975784,4508.3258201708995,0.39198156334286466
S2_hp0.75_tk0_A18_high,4040951,Manhattan Chelsea Market,gas_or_oil,hydronic_assumed,False,gas_or_oil,0.85,0.0,274.0,False,10520.388768501818,0.3927886633360209,4132.289442155116,6388.099326346702,0.0,sh_exist,10414.304485028817,106.0842834729995,0.0,3888.7858674748304,6525.518617553989,2.85953917930203,3.6554780593831055,104.14304485028818,2394.865332642314,124.80503937999941,0.0,12376.927962943315,12252.122923563315,0.9899163152800381
S2_hp0.75_tk0_A18_high,19906892,363 West 16th Street,gas_or_oil,hydronic_assumed,False,gas_or_oil,0.85,0.0,132.0,False,4020.422798201247,0.3927886633360209,1579.1764969511328,2441.2463012501144,0.0,sh_exist,3979.8821222632387,40.54067593800797,0.0,1486.1203043872968,2493.761817875942,1.0927881812919695,1.396960478520528,39.79882122263239,915.2105871604707,47.69491286824467,0.0,4729.909174354409,4682.214261486163,0.9899163152800381
S2_hp0.75_tk0_A18_high,4978579,Dream Hotel: 355 West 16th St,steam,steam_radiators,False,steam,0.77,0.0,105.0,False,1684.7515384764174,0.3927886633360209,661.7513048514568,0.0,1023.0002336249606,none,660.3915418962824,1.359762955174226,0.0,203.9752408965468,456.4163009997358,0.07554238639856811,0.07554238639856811,6.603915418962824,167.50478246690304,1.7659259158106833,1328.5717319804683,2187.9890110083343,857.6513531120551,0.3919815633428646
S2_hp0.75_tk0_A18_high,1633052,M440 (OECID: 0100175; BBL: 1007420007),gas_or_oil,hydronic_assumed,False,gas_or_oil,0.85,0.0,230.0,False,4758.963567948423,0.3927886633360209,1869.2669387192818,2889.696629229141,0.0,sh_exist,4710.975679735446,47.987888212976394,0.0,1759.1165758317215,2951.859103903725,1.2935304079411352,1.65357833164148,47.10975679735446,1083.332291132667,56.456339074089875,0.0,5598.780668174615,5542.324329100525,0.9899163152800381
S2_hp0.75_tk0_A18_high,8899918,61 9th Ave,gas_or_oil,hydronic_assumed,False,gas_or_oil,0.85,0.0,183.0,False,3676.145892619162,0.3927886633360209,1443.9484313900841,2232.197461229078,0.0,sh_exist,3639.076796453407,37.06909616575417,0.0,1358.8608281088136,2280.2159683445943,0.9992105272999076,1.277335937792948,36.39076796453407,836.8392603824661,43.61070137147549,0.0,4324.877520728426,4281.26681935695,0.989916315280038
S2_hp0.75_tk0_A19_low,7536925,111 Eighth Avenue,steam,steam_radiators,False,steam,0.77,0.0,0.0,False,8856.056524513537,0.3927886633360209,3478.558604691919,0.0,5377.497919821618,none,3471.4108815315926,7.14772316032586,0.0,1072.2152327664246,2399.195648765169,0.3970957311292144,0.3970957311292144,34.714108815315925,880.5048030968171,9.282757351072545,6983.763532235867,11501.37210975784,4508.3258201708995,0.39198156334286466
S2_hp0.75_tk0_A19_low,4040951,Manhattan Chelsea Market,gas_or_oil,hydronic_assumed,False,gas_or_oil,0.85,0.0,274.0,False,10520.388768501818,0.3927886633360209,4132.289442155116,6388.099326346702,0.0,sh_exist,10414.304485028817,106.0842834729995,0.0,3562.379584446692,6851.9249005821275,2.85953917930203,3.6554780593831055,104.14304485028818,2514.6564385136408,124.80503937999941,0.0,12376.927962943315,12252.122923563315,0.9899163152800381
S2_hp0.75_tk0_A19_low,19906892,363 West 16th Street,gas_or_oil,hydronic_assumed,False,gas_or_oil,0.85,0.0,132.0,False,4020.422798201247,0.3927886633360209,1579.1764969511328,2441.2463012501144,0.0,sh_exist,3979.8821222632387,40.54067593800797,0.0,1361.3823987224919,2618.4997235407473,1.0927881812919695,1.396960478520528,39.79882122263239,960.9893985394542,47.69491286824467,0.0,4729.909174354409,4682.214261486163,0.9899163152800381
S2_hp0.75_tk0_A19_low,4978579,Dream Hotel: 355 West 16th St,steam,steam_radiators,False,steam,0.77,0.0,105.0,False,1684.7515384764174,0.3927886633360209,661.7513048514568,0.0,1023.0002336249606,none,660.3915418962824,1.359762955174226,0.0,203.9752408965468,456.4163009997358,0.07554238639856811,0.07554238639856811,6.603915418962824,167.50478246690304,1.7659259158106833,1328.5717319804683,2187.9890110083343,857.6513531120551,0.3919815633428646
S2_hp0.75_tk0_A19_low,1633052,M440 (OECID: 0100175; BBL: 1007420007),gas_or_oil,hydronic_assumed,False,gas_or_oil,0.85,0.0,230.0,False,4758.963567948423,0.3927886633360209,1869.2669387192818,2889.696629229141,0.0,sh_exist,4710.975679735446,47.987888212976394,0.0,1611.4646550271277,3099.511024708319,1.2935304079411352,1.65357833164148,47.10975679735446,1137.520546067953,56.456339074089875,0.0,5598.780668174615,5542.324329100525,0.9899163152800381
S2_hp0.75_tk0_A19_low,8899918,61 9th Ave,gas_or_oil,hydronic_assumed,False,gas_or_oil,0.85,0.0,183.0,False,3676.145892619162,0.3927886633360209,1443.9484313900841,2232.197461229078,0.0,sh_exist,3639.076796453407,37.06909616575417,0.0,1244.8044806597968,2394.272315793611,0.9992105272999076,1.277335937792948,36.39076796453407,878.6979398962553,43.61070137147549,0.0,4324.877520728426,4281.26681935695,0.989916315280038
S2_hp0.75_tk0_A19_high,7536925,111 Eighth Avenue,steam,steam_radiators,False,steam,0.77,0.0,0.0,False,8856.056524513537,0.3927886633360209,3478.558604691919,0.0,5377.497919821618,none,3471.4108815315926,7.14772316032586,0.0,1072.2152327664246,2399.195648765169,0.3970957311292144,0.3970957311292144,34.714108815315925,880.5048030968171,9.282757351072545,6983.763532235867,11501.37210975784,4508.3258201708995,0.39198156334286466
S2_hp0.75_tk0_A19_high,4040951,Manhattan Chelsea Market,gas_or_oil,hydronic_assumed,False,gas_or_oil,0.85,0.0,274.0,False,10520.388768501818,0.3927886633360209,4132.289442155116,6388.099326346702,0.0,sh_exist,10414.304485028817,106.0842834729995,0.0,3562.379584446692,6851.9249005821275,2.85953917930203,3.6554780593831055,104.14304485028818,2514.6564385136408,124.80503937999941,0.0,12376.927962943315,12252.122923563315,0.9899163152800381
S2_hp0.75_tk0_A19_high,19906892,363 West 16th Street,gas_or_oil,hydronic_assumed,False,gas_or_oil,0.85,0.0,132.0,False,4020.422798201247,0.3927886633360209,1579.1764969511328,2441.2463012501144,0.0,sh_exist,3979.8821222632387,40.54067593800797,0.0,1361.3823987224919,2618.4997235407473,1.0927881812919695,1.396960478520528,39.79882122263239,960.9893985394542,47.69491286824467,0.0,4729.909174354409,4682.214261486163,0.9899163152800381
S2_hp0.75_tk0_A19_high,4978579,Dream Hotel: 355 West 16th St,steam,steam_radiators,False,steam,0.77,0.0,105.0,False,1684.7515384764174,0.3927886633360209,661.7513048514568,0.0,1023.0002336249606,none,660.3915418962824,1.359762955174226,0.0,203.9752408965468,456.4163009997358,0.07554238639856811,0.07554238639856811,6.603915418962824,167.50478246690304,1.7659259158106833,1328.5717319804683,2187.9890110083343,857.6513531120551,0.3919815633428646
S2_hp0.75_tk0_A19_high,1633052,M440 (OECID: 0100175; BBL: 1007420007),gas_or_oil,hydronic_assumed,False,gas_or_oil,0.85,0.0,230.0,False,4758.963567948423,0.3927886633360209,1869.2669387192818,2889.696629229141,0.0,sh_exist,4710.975679735446,47.987888212976394,0.0,1611.4646550271277,3099.511024708319,1.2935304079411352,1.65357833164148,47.10975679735446,1137.520546067953,56.456339074089875,0.0,5598.780668174615,5542.324329100525,0.9899163152800381
S2_hp0.75_tk0_A19_high,8899918,61 9th Ave,gas_or_oil,hydronic_assumed,False,gas_or_oil,0.85,0.0,183.0,False,3676.145892619162,0.3927886633360209,1443.9484313900841,2232.197461229078,0.0,sh_exist,3639.076796453407,37.06909616575417,0.0,1244.8044806597968,2394.272315793611,0.9992105272999076,1.277335937792948,36.39076796453407,878.6979398962553,43.61070137147549,0.0,4324.877520728426,4281.26681935695,0.989916315280038
S2_hp0.75_tk0_A20_low,7536925,111 Eighth Avenue,steam,steam_radiators,False,steam,0.77,0.0,0.0,False,8856.056524513537,0.11983553170799588,1061.2702424511458,0.0,7794.7862820623905,none,1059.0895501721363,2.180692279009204,0.0,327.121158316266,731.9683918558704,0.12114957105606688,0.12114957105606688,10.590895501721363,268.63239981110445,2.832067894817148,10123.099067613493,11501.37210975784,1375.4409742495277,0.11958929431407532
S2_hp0.75_tk0_A20_low,4040951,Manhattan Chelsea Market,gas_or_oil,hydronic_assumed,False,gas_or_oil,0.85,0.0,274.0,False,10520.388768501818,0.11983553170799588,1260.7163818482434,9259.672386653574,0.0,sh_exist,10376.334929111981,144.0538393898337,0.0,3706.0559541197526,6670.278974992229,3.605103372190937,4.758832031191864,103.76334929111981,2447.992383822148,169.47510516451027,0.0,12376.927962943315,12207.452857778802,0.9863071752803342
S2_hp0.75_tk0_A20_low,19906892,363 West 16th Street,gas_or_oil,hydronic_assumed,False,gas_or_oil,0.85,0.0,132.0,False,4020.422798201247,0.11983553170799588,481.78950371339505,3538.6332944878523,0.0,sh_exist,3965.3718535265293,55.050944674717066,0.0,1416.2890913274102,2549.08276219912,1.3777095225628913,1.8186130961525995,39.65371853526529,935.5133737270771,64.76581726437303,0.0,4729.909174354409,4665.143357090034,0.9863071752803343
S2_hp0.75_tk0_A20_low,4978579,Dream Hotel: 355 West 16th St,steam,steam_radiators,False,steam,0.77,0.0,105.0,False,1684.7515384764174,0.11983553170799588,201.89309640918555,0.0,1482.8584420672319,none,201.47824758094742,0.41484882823805247,0.0,62.23061847177964,139.24762910916778,0.02304715712433625,0.02304715712433625,2.0147824758094743,51.10387988306457,0.5387647119974708,1925.7901845028985,2187.9890110083343,261.6600617934382,0.11958929431407529
S2_hp0.75_tk0_A20_low,1633052,M440 (OECID: 0100175; BBL: 1007420007),gas_or_oil,hydronic_assumed,False,gas_or_oil,0.85,0.0,230.0,False,4758.963567948423,0.11983553170799588,570.2929295440804,4188.670638404343,0.0,sh_exist,4693.799913965229,65.16365398319202,0.0,1676.4575582263274,3017.3423557389033,1.630791027258577,2.1526873921459835,46.93799913965229,1107.3646445561774,76.66312233316708,0.0,5598.780668174615,5522.117545841446,0.9863071752803342
S2_hp0.75_tk0_A20_low,8899918,61 9th Ave,gas_or_oil,hydronic_assumed,False,gas_or_oil,0.85,0.0,183.0,False,3676.145892619162,0.11983553170799588,440.53289767818245,3235.6129949409797,0.0,sh_exist,3625.809071267609,50.336821351552715,0.0,1295.0094025369635,2330.799668730646,1.259733479985694,1.6628815921240692,36.25809071267609,855.403478424147,59.21978982535614,0.0,4324.877520728426,4265.657730903069,0.9863071752803343
S2_hp0.75_tk0_A20_high,7536925,111 Eighth Avenue,steam,steam_radiators,False,steam,0.77,0.0,0.0,False,8856.056524513537,0.5258314422656127,4656.792975070743,0.0,4199.263549442794,none,4647.224222382242,9.568752688501526,0.0,1435.3888869302932,3211.8353354519495,0.5315973715834181,0.5315973715834181,46.47224222382243,1178.7435681108655,12.426951543508475,5453.589025250381,11501.37210975784,6035.356132963951,0.5247509666993136
S2_hp0.75_tk0_A20_high,4040951,Manhattan Chelsea Market,gas_or_oil,hydronic_assumed,False,gas_or_oil,0.85,0.0,274.0,False,10520.388768501818,0.5258314422656127,5531.951199336265,4988.437569165553,0.0,sh_exist,10432.811600898007,87.57716760380936,0.0,3492.3488675473927,6940.462733350616,2.496136380071592,3.117681413941108,104.32811600898007,2547.149823139676,103.03196188683454,0.0,12376.927962943315,12273.896001056479,0.9916754818162217
S2_hp0.75_tk0_A20_high,19906892,363 West 16th Street,gas_or_oil,hydronic_assumed,False,gas_or_oil,0.85,0.0,132.0,False,4020.422798201247,0.5258314422656127,2114.0647184957124,1906.3580797055347,0.0,sh_exist,3986.9547155111445,33.468082690102726,0.0,1334.6197859529625,2652.334929558182,0.9539118592181546,1.1914386160010817,39.86954715511145,973.4069191478528,39.37421492953262,0.0,4729.909174354409,4690.534959424876,0.9916754818162218
S2_hp0.75_tk0_A20_high,4978579,Dream Hotel: 355 West 16th St,steam,steam_radiators,False,steam,0.77,0.0,105.0,False,1684.7515384764174,0.5258314422656127,885.8953313362645,0.0,798.856207140153,none,884.0749984636559,1.8203328726087626,0.0,273.0643858103197,611.0106126533362,0.10112960403382014,0.10112960403382014,8.84074998463656,224.24089484377438,2.3640686657256658,1037.4755936885103,2187.9890110083343,1148.1493486540985,0.5247509666993136
S2_hp0.75_tk0_A20_high,1633052,M440 (OECID: 0100175; BBL: 1007420007),gas_or_oil,hydronic_assumed,False,gas_or_oil,0.85,0.0,230.0,False,4758.963567948423,0.5258314422656127,2502.4126766238255,2256.550891324597,0.0,sh_exist,4719.347489191099,39.616078757324644,0.0,1579.7858228380644,3139.5616663530345,1.1291428819586318,1.410302660091577,47.193474891910995,1152.2191315515636,46.60715147920546,0.0,5598.780668174615,5552.173516695411,0.991675481816222
S2_hp0.75_tk0_A20_high,8899918,61 9th Ave,gas_or_oil,hydronic_assumed,False,gas_or_oil,0.85,0.0,183.0,False,3676.145892619162,0.5258314422656127,1933.0330966947424,1743.1127959244197,0.0,sh_exist,3645.5437492898327,30.60214332932977,0.0,1220.3336043498525,2425.2101449399797,0.8722264645286679,1.0894133264988501,36.45543749289833,890.0521231929725,36.00252156391738,0.0,4324.877520728426,4288.874999164509,0.9916754818162219
S3_hp0.5_tk0_base,7536925,111 Eighth Avenue,steam,steam_radiators,False,steam,0.77,0.0,0.0,False,8856.056524513537,0.3927886633360209,3478.558604691919,0.0,5377.497919821618,none,3471.410881531593,7.14772316032586,0.0,1072.2152327664242,2399.1956487651682,0.3970957311292145,0.3970957311292145,34.71410881531593,880.5048030968168,9.282757351072545,6983.763532235867,11501.37210975784,4508.3258201709,0.3919815633428647
S3_hp0.5_tk0_base,2831044,FULTON,steam,steam_radiators,False,steam,0.77,944.0,234.0,True,22635.194235566203,0.3343341590975691,7567.71863075817,0.0,15067.475604808034,none,7552.168523982639,15.550106775530486,0.0,2332.639496786002,5219.529027196635,0.8638948208628048,0.8638948208628048,75.5216852398264,1915.567152981165,20.194943864325307,19568.15013611433,29396.356150085976,9808.011070107323,0.3336471710994234
S3_hp0.5_tk0_base,4473909,ELLIOTT/CHELSEA ADDITION CAMPUS,gas_or_oil,steam_radiators,False,gas_or_oil,0.85,703.0,852.0,True,13730.57315854186,0.41044941478667274,5635.705717609103,0.0,8094.867440932757,none,5624.125500381139,11.58021722796391,0.0,1737.1245405090672,3887.000959872071,0.6433454015535506,0.6433454015535506,56.241255003811396,1426.5293522730499,13.623784974075189,9523.373459920891,16153.615480637483,6616.618235742517,0.40960602557820697
S3_hp0.5_tk0_base,2830989,CHELSEA,gas_or_oil,steam_radiators,False,gas_or_oil,0.85,425.0,816.0,True,10252.650587959117,0.3323117943823117,3407.076714059557,0.0,6845.57387389956,none,3400.0758714964213,7.000842563136076,0.0,1050.1819768369182,2349.893894659502,0.3889356979520042,0.3889356979520042,34.00075871496421,862.4110593400372,8.236285368395384,8053.616322234776,12061.941868187196,4000.0892605840254,0.3316289619281015
S3_hp0.5_tk2_base,7536925,111 Eighth Avenue,steam,steam_radiators,False,steam,0.77,0.0,0.0,False,8856.056524513537,0.3927886633360209,3478.558604691919,0.0,5377.497919821618,none,3471.410881531593,7.14772316032586,0.0,1072.2152327664242,2399.1956487651682,0.3970957311292145,0.3970957311292145,34.71410881531593,880.5048030968168,9.282757351072545,6983.763532235867,11501.37210975784,4508.3258201709,0.3919815633428647
S3_hp0.5_tk2_base,2831044,FULTON,steam,steam_radiators,False,steam,0.77,944.0,234.0,True,22635.194235566203,0.3343341590975691,7567.71863075817,0.0,15067.475604808034,none,7552.168523982639,15.550106775530486,0.0,2332.639496786002,5219.529027196635,0.8638948208628048,0.8638948208628048,75.5216852398264,1915.567152981165,20.194943864325307,19568.15013611433,29396.356150085976,9808.011070107323,0.3336471710994234
S3_hp0.5_tk2_base,4473909,ELLIOTT/CHELSEA ADDITION CAMPUS,gas_or_oil,steam_radiators,False,gas_or_oil,0.85,703.0,852.0,True,13730.57315854186,0.41044941478667274,5635.705717609103,0.0,8094.867440932757,none,5624.125500381139,11.58021722796391,0.0,1737.1245405090672,3887.000959872071,0.6433454015535506,0.6433454015535506,56.241255003811396,1426.5293522730499,13.623784974075189,9523.373459920891,16153.615480637483,6616.618235742517,0.40960602557820697
S3_hp0.5_tk2_base,2830989,CHELSEA,gas_or_oil,steam_radiators,False,gas_or_oil,0.85,425.0,816.0,True,10252.650587959117,0.3323117943823117,3407.076714059557,0.0,6845.57387389956,none,3400.0758714964213,7.000842563136076,0.0,1050.1819768369182,2349.893894659502,0.3889356979520042,0.3889356979520042,34.00075871496421,862.4110593400372,8.236285368395384,8053.616322234776,12061.941868187196,4000.0892605840254,0.3316289619281015
S3_hp0.5_tk6_base,7536925,111 Eighth Avenue,steam,steam_radiators,False,steam,0.77,0.0,0.0,False,8856.056524513537,0.3927886633360209,3478.558604691919,0.0,5377.497919821618,none,3471.410881531593,7.14772316032586,0.0,1072.2152327664242,2399.1956487651682,0.3970957311292145,0.3970957311292145,34.71410881531593,880.5048030968168,9.282757351072545,6983.763532235867,11501.37210975784,4508.3258201709,0.3919815633428647
S3_hp0.5_tk6_base,2831044,FULTON,steam,steam_radiators,False,steam,0.77,944.0,234.0,True,22635.194235566203,0.3343341590975691,7567.71863075817,0.0,15067.475604808034,none,7552.168523982639,15.550106775530486,0.0,2332.639496786002,5219.529027196635,0.8638948208628048,0.8638948208628048,75.5216852398264,1915.567152981165,20.194943864325307,19568.15013611433,29396.356150085976,9808.011070107323,0.3336471710994234
S3_hp0.5_tk6_base,4473909,ELLIOTT/CHELSEA ADDITION CAMPUS,gas_or_oil,steam_radiators,False,gas_or_oil,0.85,703.0,852.0,True,13730.57315854186,0.41044941478667274,5635.705717609103,0.0,8094.867440932757,none,5624.125500381139,11.58021722796391,0.0,1737.1245405090672,3887.000959872071,0.6433454015535506,0.6433454015535506,56.241255003811396,1426.5293522730499,13.623784974075189,9523.373459920891,16153.615480637483,6616.618235742517,0.40960602557820697
S3_hp0.5_tk6_base,2830989,CHELSEA,gas_or_oil,steam_radiators,False,gas_or_oil,0.85,425.0,816.0,True,10252.650587959117,0.3323117943823117,3407.076714059557,0.0,6845.57387389956,none,3400.0758714964213,7.000842563136076,0.0,1050.1819768369182,2349.893894659502,0.3889356979520042,0.3889356979520042,34.00075871496421,862.4110593400372,8.236285368395384,8053.616322234776,12061.941868187196,4000.0892605840254,0.3316289619281015
S3_hp0.75_tk0_base,7536925,111 Eighth Avenue,steam,steam_radiators,False,steam,0.77,0.0,0.0,False,8856.056524513537,0.3927886633360209,3478.558604691919,0.0,5377.497919821618,none,3471.410881531593,7.14772316032586,0.0,1072.2152327664242,2399.1956487651682,0.3970957311292145,0.3970957311292145,34.71410881531593,880.5048030968168,9.282757351072545,6983.763532235867,11501.37210975784,4508.3258201709,0.3919815633428647
S3_hp0.75_tk0_base,2831044,FULTON,steam,steam_radiators,False,steam,0.77,944.0,234.0,True,22635.194235566203,0.3343341590975691,7567.71863075817,0.0,15067.475604808034,none,7552.168523982639,15.550106775530486,0.0,2332.639496786002,5219.529027196635,0.8638948208628048,0.8638948208628048,75.5216852398264,1915.567152981165,20.194943864325307,19568.15013611433,29396.356150085976,9808.011070107323,0.3336471710994234
S3_hp0.75_tk0_base,4473909,ELLIOTT/CHELSEA ADDITION CAMPUS,gas_or_oil,steam_radiators,False,gas_or_oil,0.85,703.0,852.0,True,13730.57315854186,0.41044941478667274,5635.705717609103,0.0,8094.867440932757,none,5624.125500381139,11.58021722796391,0.0,1737.1245405090672,3887.000959872071,0.6433454015535506,0.6433454015535506,56.241255003811396,1426.5293522730499,13.623784974075189,9523.373459920891,16153.615480637483,6616.618235742517,0.40960602557820697
S3_hp0.75_tk0_base,2830989,CHELSEA,gas_or_oil,steam_radiators,False,gas_or_oil,0.85,425.0,816.0,True,10252.650587959117,0.3323117943823117,3407.076714059557,0.0,6845.57387389956,none,3400.0758714964213,7.000842563136076,0.0,1050.1819768369182,2349.893894659502,0.3889356979520042,0.3889356979520042,34.00075871496421,862.4110593400372,8.236285368395384,8053.616322234776,12061.941868187196,4000.0892605840254,0.3316289619281015
S3_hp0.75_tk2_base,7536925,111 Eighth Avenue,steam,steam_radiators,False,steam,0.77,0.0,0.0,False,8856.056524513537,0.3927886633360209,3478.558604691919,0.0,5377.497919821618,none,3471.410881531593,7.14772316032586,0.0,1072.2152327664242,2399.1956487651682,0.3970957311292145,0.3970957311292145,34.71410881531593,880.5048030968168,9.282757351072545,6983.763532235867,11501.37210975784,4508.3258201709,0.3919815633428647
S3_hp0.75_tk2_base,2831044,FULTON,steam,steam_radiators,False,steam,0.77,944.0,234.0,True,22635.194235566203,0.3343341590975691,7567.71863075817,0.0,15067.475604808034,none,7552.168523982639,15.550106775530486,0.0,2332.639496786002,5219.529027196635,0.8638948208628048,0.8638948208628048,75.5216852398264,1915.567152981165,20.194943864325307,19568.15013611433,29396.356150085976,9808.011070107323,0.3336471710994234
S3_hp0.75_tk2_base,4473909,ELLIOTT/CHELSEA ADDITION CAMPUS,gas_or_oil,steam_radiators,False,gas_or_oil,0.85,703.0,852.0,True,13730.57315854186,0.41044941478667274,5635.705717609103,0.0,8094.867440932757,none,5624.125500381139,11.58021722796391,0.0,1737.1245405090672,3887.000959872071,0.6433454015535506,0.6433454015535506,56.241255003811396,1426.5293522730499,13.623784974075189,9523.373459920891,16153.615480637483,6616.618235742517,0.40960602557820697
S3_hp0.75_tk2_base,2830989,CHELSEA,gas_or_oil,steam_radiators,False,gas_or_oil,0.85,425.0,816.0,True,10252.650587959117,0.3323117943823117,3407.076714059557,0.0,6845.57387389956,none,3400.0758714964213,7.000842563136076,0.0,1050.1819768369182,2349.893894659502,0.3889356979520042,0.3889356979520042,34.00075871496421,862.4110593400372,8.236285368395384,8053.616322234776,12061.941868187196,4000.0892605840254,0.3316289619281015
S3_hp0.75_tk6_base,7536925,111 Eighth Avenue,steam,steam_radiators,False,steam,0.77,0.0,0.0,False,8856.056524513537,0.3927886633360209,3478.558604691919,0.0,5377.497919821618,none,3471.410881531593,7.14772316032586,0.0,1072.2152327664242,2399.1956487651682,0.3970957311292145,0.3970957311292145,34.71410881531593,880.5048030968168,9.282757351072545,6983.763532235867,11501.37210975784,4508.3258201709,0.3919815633428647
S3_hp0.75_tk6_base,2831044,FULTON,steam,steam_radiators,False,steam,0.77,944.0,234.0,True,22635.194235566203,0.3343341590975691,7567.71863075817,0.0,15067.475604808034,none,7552.168523982639,15.550106775530486,0.0,2332.639496786002,5219.529027196635,0.8638948208628048,0.8638948208628048,75.5216852398264,1915.567152981165,20.194943864325307,19568.15013611433,29396.356150085976,9808.011070107323,0.3336471710994234
S3_hp0.75_tk6_base,4473909,ELLIOTT/CHELSEA ADDITION CAMPUS,gas_or_oil,steam_radiators,False,gas_or_oil,0.85,703.0,852.0,True,13730.57315854186,0.41044941478667274,5635.705717609103,0.0,8094.867440932757,none,5624.125500381139,11.58021722796391,0.0,1737.1245405090672,3887.000959872071,0.6433454015535506,0.6433454015535506,56.241255003811396,1426.5293522730499,13.623784974075189,9523.373459920891,16153.615480637483,6616.618235742517,0.40960602557820697
S3_hp0.75_tk6_base,2830989,CHELSEA,gas_or_oil,steam_radiators,False,gas_or_oil,0.85,425.0,816.0,True,10252.650587959117,0.3323117943823117,3407.076714059557,0.0,6845.57387389956,none,3400.0758714964213,7.000842563136076,0.0,1050.1819768369182,2349.893894659502,0.3889356979520042,0.3889356979520042,34.00075871496421,862.4110593400372,8.236285368395384,8053.616322234776,12061.941868187196,4000.0892605840254,0.3316289619281015
S3_hp1_tk0_base,7536925,111 Eighth Avenue,steam,steam_radiators,False,steam,0.77,0.0,0.0,False,8856.056524513537,0.3927886633360209,3478.558604691919,0.0,5377.497919821618,none,3471.410881531593,7.14772316032586,0.0,1072.2152327664242,2399.1956487651682,0.3970957311292145,0.3970957311292145,34.71410881531593,880.5048030968168,9.282757351072545,6983.763532235867,11501.37210975784,4508.3258201709,0.3919815633428647
S3_hp1_tk0_base,2831044,FULTON,steam,steam_radiators,False,steam,0.77,944.0,234.0,True,22635.194235566203,0.3343341590975691,7567.71863075817,0.0,15067.475604808034,none,7552.168523982639,15.550106775530486,0.0,2332.639496786002,5219.529027196635,0.8638948208628048,0.8638948208628048,75.5216852398264,1915.567152981165,20.194943864325307,19568.15013611433,29396.356150085976,9808.011070107323,0.3336471710994234
S3_hp1_tk0_base,4473909,ELLIOTT/CHELSEA ADDITION CAMPUS,gas_or_oil,steam_radiators,False,gas_or_oil,0.85,703.0,852.0,True,13730.57315854186,0.41044941478667274,5635.705717609103,0.0,8094.867440932757,none,5624.125500381139,11.58021722796391,0.0,1737.1245405090672,3887.000959872071,0.6433454015535506,0.6433454015535506,56.241255003811396,1426.5293522730499,13.623784974075189,9523.373459920891,16153.615480637483,6616.618235742517,0.40960602557820697
S3_hp1_tk0_base,2830989,CHELSEA,gas_or_oil,steam_radiators,False,gas_or_oil,0.85,425.0,816.0,True,10252.650587959117,0.3323117943823117,3407.076714059557,0.0,6845.57387389956,none,3400.0758714964213,7.000842563136076,0.0,1050.1819768369182,2349.893894659502,0.3889356979520042,0.3889356979520042,34.00075871496421,862.4110593400372,8.236285368395384,8053.616322234776,12061.941868187196,4000.0892605840254,0.3316289619281015
S3_hp1_tk2_base,7536925,111 Eighth Avenue,steam,steam_radiators,False,steam,0.77,0.0,0.0,False,8856.056524513537,0.3927886633360209,3478.558604691919,0.0,5377.497919821618,none,3471.410881531593,7.14772316032586,0.0,1072.2152327664242,2399.1956487651682,0.3970957311292145,0.3970957311292145,34.71410881531593,880.5048030968168,9.282757351072545,6983.763532235867,11501.37210975784,4508.3258201709,0.3919815633428647
S3_hp1_tk2_base,2831044,FULTON,steam,steam_radiators,False,steam,0.77,944.0,234.0,True,22635.194235566203,0.3343341590975691,7567.71863075817,0.0,15067.475604808034,none,7552.168523982639,15.550106775530486,0.0,2332.639496786002,5219.529027196635,0.8638948208628048,0.8638948208628048,75.5216852398264,1915.567152981165,20.194943864325307,19568.15013611433,29396.356150085976,9808.011070107323,0.3336471710994234
S3_hp1_tk2_base,4473909,ELLIOTT/CHELSEA ADDITION CAMPUS,gas_or_oil,steam_radiators,False,gas_or_oil,0.85,703.0,852.0,True,13730.57315854186,0.41044941478667274,5635.705717609103,0.0,8094.867440932757,none,5624.125500381139,11.58021722796391,0.0,1737.1245405090672,3887.000959872071,0.6433454015535506,0.6433454015535506,56.241255003811396,1426.5293522730499,13.623784974075189,9523.373459920891,16153.615480637483,6616.618235742517,0.40960602557820697
S3_hp1_tk2_base,2830989,CHELSEA,gas_or_oil,steam_radiators,False,gas_or_oil,0.85,425.0,816.0,True,10252.650587959117,0.3323117943823117,3407.076714059557,0.0,6845.57387389956,none,3400.0758714964213,7.000842563136076,0.0,1050.1819768369182,2349.893894659502,0.3889356979520042,0.3889356979520042,34.00075871496421,862.4110593400372,8.236285368395384,8053.616322234776,12061.941868187196,4000.0892605840254,0.3316289619281015
S3_hp1_tk6_base,7536925,111 Eighth Avenue,steam,steam_radiators,False,steam,0.77,0.0,0.0,False,8856.056524513537,0.3927886633360209,3478.558604691919,0.0,5377.497919821618,none,3471.410881531593,7.14772316032586,0.0,1072.2152327664242,2399.1956487651682,0.3970957311292145,0.3970957311292145,34.71410881531593,880.5048030968168,9.282757351072545,6983.763532235867,11501.37210975784,4508.3258201709,0.3919815633428647
S3_hp1_tk6_base,2831044,FULTON,steam,steam_radiators,False,steam,0.77,944.0,234.0,True,22635.194235566203,0.3343341590975691,7567.71863075817,0.0,15067.475604808034,none,7552.168523982639,15.550106775530486,0.0,2332.639496786002,5219.529027196635,0.8638948208628048,0.8638948208628048,75.5216852398264,1915.567152981165,20.194943864325307,19568.15013611433,29396.356150085976,9808.011070107323,0.3336471710994234
S3_hp1_tk6_base,4473909,ELLIOTT/CHELSEA ADDITION CAMPUS,gas_or_oil,steam_radiators,False,gas_or_oil,0.85,703.0,852.0,True,13730.57315854186,0.41044941478667274,5635.705717609103,0.0,8094.867440932757,none,5624.125500381139,11.58021722796391,0.0,1737.1245405090672,3887.000959872071,0.6433454015535506,0.6433454015535506,56.241255003811396,1426.5293522730499,13.623784974075189,9523.373459920891,16153.615480637483,6616.618235742517,0.40960602557820697
S3_hp1_tk6_base,2830989,CHELSEA,gas_or_oil,steam_radiators,False,gas_or_oil,0.85,425.0,816.0,True,10252.650587959117,0.3323117943823117,3407.076714059557,0.0,6845.57387389956,none,3400.0758714964213,7.000842563136076,0.0,1050.1819768369182,2349.893894659502,0.3889356979520042,0.3889356979520042,34.00075871496421,862.4110593400372,8.236285368395384,8053.616322234776,12061.941868187196,4000.0892605840254,0.3316289619281015
S3_hp0.75_tk0_A01_low,7536925,111 Eighth Avenue,steam,steam_radiators,False,steam,0.77,0.0,0.0,False,8856.056524513537,0.3927886633360209,3478.558604691919,0.0,5377.497919821618,none,3471.410881531593,7.14772316032586,0.0,1072.2152327664242,2399.1956487651682,0.3970957311292145,0.3970957311292145,34.71410881531593,880.5048030968168,9.282757351072545,6983.763532235867,11501.37210975784,4508.3258201709,0.3919815633428647
S3_hp0.75_tk0_A01_low,2831044,FULTON,steam,steam_radiators,False,steam,0.77,944.0,234.0,True,22635.194235566203,0.3343341590975691,7567.71863075817,0.0,15067.475604808034,none,7552.168523982639,15.550106775530486,0.0,2332.639496786002,5219.529027196635,0.8638948208628048,0.8638948208628048,75.5216852398264,1915.567152981165,20.194943864325307,19568.15013611433,29396.356150085976,9808.011070107323,0.3336471710994234
S3_hp0.75_tk0_A01_low,4473909,ELLIOTT/CHELSEA ADDITION CAMPUS,gas_or_oil,steam_radiators,False,gas_or_oil,0.85,703.0,852.0,True,13730.57315854186,0.41044941478667274,5635.705717609103,0.0,8094.867440932757,none,5624.125500381139,11.58021722796391,0.0,1737.1245405090672,3887.000959872071,0.6433454015535506,0.6433454015535506,56.241255003811396,1426.5293522730499,13.623784974075189,9523.373459920891,16153.615480637483,6616.618235742517,0.40960602557820697
S3_hp0.75_tk0_A01_low,2830989,CHELSEA,gas_or_oil,steam_radiators,False,gas_or_oil,0.85,425.0,816.0,True,10252.650587959117,0.3323117943823117,3407.076714059557,0.0,6845.57387389956,none,3400.0758714964213,7.000842563136076,0.0,1050.1819768369182,2349.893894659502,0.3889356979520042,0.3889356979520042,34.00075871496421,862.4110593400372,8.236285368395384,8053.616322234776,12061.941868187196,4000.0892605840254,0.3316289619281015
S3_hp0.75_tk0_A01_high,7536925,111 Eighth Avenue,steam,steam_radiators,False,steam,0.77,0.0,0.0,False,8856.056524513537,0.3927886633360209,3478.558604691919,0.0,5377.497919821618,none,3471.410881531593,7.14772316032586,0.0,1072.2152327664242,2399.1956487651682,0.3970957311292145,0.3970957311292145,34.71410881531593,880.5048030968168,9.282757351072545,6983.763532235867,11501.37210975784,4508.3258201709,0.3919815633428647
S3_hp0.75_tk0_A01_high,2831044,FULTON,steam,steam_radiators,False,steam,0.77,944.0,234.0,True,22635.194235566203,0.3343341590975691,7567.71863075817,0.0,15067.475604808034,none,7552.168523982639,15.550106775530486,0.0,2332.639496786002,5219.529027196635,0.8638948208628048,0.8638948208628048,75.5216852398264,1915.567152981165,20.194943864325307,19568.15013611433,29396.356150085976,9808.011070107323,0.3336471710994234
S3_hp0.75_tk0_A01_high,4473909,ELLIOTT/CHELSEA ADDITION CAMPUS,gas_or_oil,steam_radiators,False,gas_or_oil,0.85,703.0,852.0,True,13730.57315854186,0.41044941478667274,5635.705717609103,0.0,8094.867440932757,none,5624.125500381139,11.58021722796391,0.0,1737.1245405090672,3887.000959872071,0.6433454015535506,0.6433454015535506,56.241255003811396,1426.5293522730499,13.623784974075189,9523.373459920891,16153.615480637483,6616.618235742517,0.40960602557820697
S3_hp0.75_tk0_A01_high,2830989,CHELSEA,gas_or_oil,steam_radiators,False,gas_or_oil,0.85,425.0,816.0,True,10252.650587959117,0.3323117943823117,3407.076714059557,0.0,6845.57387389956,none,3400.0758714964213,7.000842563136076,0.0,1050.1819768369182,2349.893894659502,0.3889356979520042,0.3889356979520042,34.00075871496421,862.4110593400372,8.236285368395384,8053.616322234776,12061.941868187196,4000.0892605840254,0.3316289619281015
S3_hp0.75_tk0_A02_low,7536925,111 Eighth Avenue,steam,steam_radiators,False,steam,0.77,0.0,0.0,False,8856.056524513537,0.3927886633360209,3478.558604691919,0.0,5377.497919821618,none,3471.410881531593,7.14772316032586,0.0,1140.6545029430051,2330.756378588588,0.3970957311292145,0.3970957311292145,34.71410881531593,855.3875909420118,9.282757351072545,6983.763532235867,11501.37210975784,4508.3258201709,0.3919815633428647
S3_hp0.75_tk0_A02_low,2831044,FULTON,steam,steam_radiators,False,steam,0.77,944.0,234.0,True,22635.194235566203,0.3343341590975691,7567.71863075817,0.0,15067.475604808034,none,7552.168523982639,15.550106775530486,0.0,2481.531379559578,5070.637144423062,0.8638948208628048,0.8638948208628048,75.5216852398264,1860.9238320032637,20.194943864325307,19568.15013611433,29396.356150085976,9808.011070107323,0.3336471710994234
S3_hp0.75_tk0_A02_low,4473909,ELLIOTT/CHELSEA ADDITION CAMPUS,gas_or_oil,steam_radiators,False,gas_or_oil,0.85,703.0,852.0,True,13730.57315854186,0.41044941478667274,5635.705717609103,0.0,8094.867440932757,none,5624.125500381139,11.58021722796391,0.0,1848.004830328796,3776.120670052344,0.6433454015535506,0.6433454015535506,56.241255003811396,1385.8362859092101,13.623784974075189,9523.373459920891,16153.615480637483,6616.618235742517,0.40960602557820697
S3_hp0.75_tk0_A02_low,2830989,CHELSEA,gas_or_oil,steam_radiators,False,gas_or_oil,0.85,425.0,816.0,True,10252.650587959117,0.3323117943823117,3407.076714059557,0.0,6845.57387389956,none,3400.0758714964213,7.000842563136076,0.0,1117.2148689754456,2282.861002520976,0.3889356979520042,0.3889356979520042,34.00075871496421,837.8099879251981,8.236285368395384,8053.616322234776,12061.941868187196,4000.0892605840254,0.3316289619281015
S3_hp0.75_tk0_A02_high,7536925,111 Eighth Avenue,steam,steam_radiators,False,steam,0.77,0.0,0.0,False,8856.056524513537,0.3927886633360209,3478.558604691919,0.0,5377.497919821618,none,3471.410881531593,7.14772316032586,0.0,958.1497824721238,2513.261099059469,0.3970957311292145,0.3970957311292145,34.71410881531593,922.3668233548251,9.282757351072545,6983.763532235867,11501.37210975784,4508.3258201709,0.3919815633428647
S3_hp0.75_tk0_A02_high,2831044,FULTON,steam,steam_radiators,False,steam,0.77,944.0,234.0,True,22635.194235566203,0.3343341590975691,7567.71863075817,0.0,15067.475604808034,none,7552.168523982639,15.550106775530486,0.0,2084.4863588300445,5467.682165152594,0.8638948208628048,0.8638948208628048,75.5216852398264,2006.639354611002,20.194943864325307,19568.15013611433,29396.356150085976,9808.011070107323,0.3336471710994234
S3_hp0.75_tk0_A02_high,4473909,ELLIOTT/CHELSEA ADDITION CAMPUS,gas_or_oil,steam_radiators,False,gas_or_oil,0.85,703.0,852.0,True,13730.57315854186,0.41044941478667274,5635.705717609103,0.0,8094.867440932757,none,5624.125500381139,11.58021722796391,0.0,1552.3240574761878,4071.8014429049513,0.6433454015535506,0.6433454015535506,56.241255003811396,1494.3511295461171,13.623784974075189,9523.373459920891,16153.615480637483,6616.618235742517,0.40960602557820697
S3_hp0.75_tk0_A02_high,2830989,CHELSEA,gas_or_oil,steam_radiators,False,gas_or_oil,0.85,425.0,816.0,True,10252.650587959117,0.3323117943823117,3407.076714059557,0.0,6845.57387389956,none,3400.0758714964213,7.000842563136076,0.0,938.4604899393738,2461.615381557047,0.3889356979520042,0.3889356979520042,34.00075871496421,903.4128450314362,8.236285368395384,8053.616322234776,12061.941868187196,4000.0892605840254,0.3316289619281015
S3_hp0.75_tk0_A03_low,7536925,111 Eighth Avenue,steam,steam_radiators,False,steam,0.77,0.0,0.0,False,8856.056524513537,0.3927886633360209,3478.558604691919,0.0,5377.497919821618,none,3471.410881531593,7.14772316032586,0.0,1072.2152327664242,2399.1956487651682,0.3970957311292145,0.3970957311292145,34.71410881531593,880.5048030968168,9.282757351072545,6983.763532235867,11501.37210975784,4508.3258201709,0.3919815633428647
S3_hp0.75_tk0_A03_low,2831044,FULTON,steam,steam_radiators,False,steam,0.77,944.0,234.0,True,22635.194235566203,0.3343341590975691,7567.71863075817,0.0,15067.475604808034,none,7552.168523982639,15.550106775530486,0.0,2332.639496786002,5219.529027196635,0.8638948208628048,0.8638948208628048,75.5216852398264,1915.567152981165,20.194943864325307,19568.15013611433,29396.356150085976,9808.011070107323,0.3336471710994234
S3_hp0.75_tk0_A03_low,4473909,ELLIOTT/CHELSEA ADDITION CAMPUS,gas_or_oil,steam_radiators,False,gas_or_oil,0.85,703.0,852.0,True,13730.57315854186,0.41044941478667274,5635.705717609103,0.0,8094.867440932757,none,5624.125500381139,11.58021722796391,0.0,1737.1245405090672,3887.000959872071,0.6433454015535506,0.6433454015535506,56.241255003811396,1426.5293522730499,13.623784974075189,9523.373459920891,16153.615480637483,6616.618235742517,0.40960602557820697
S3_hp0.75_tk0_A03_low,2830989,CHELSEA,gas_or_oil,steam_radiators,False,gas_or_oil,0.85,425.0,816.0,True,10252.650587959117,0.3323117943823117,3407.076714059557,0.0,6845.57387389956,none,3400.0758714964213,7.000842563136076,0.0,1050.1819768369182,2349.893894659502,0.3889356979520042,0.3889356979520042,34.00075871496421,862.4110593400372,8.236285368395384,8053.616322234776,12061.941868187196,4000.0892605840254,0.3316289619281015
S3_hp0.75_tk0_A03_high,7536925,111 Eighth Avenue,steam,steam_radiators,False,steam,0.77,0.0,0.0,False,8856.056524513537,0.3927886633360209,3478.558604691919,0.0,5377.497919821618,none,3471.410881531593,7.14772316032586,0.0,1072.2152327664242,2399.1956487651682,0.3970957311292145,0.3970957311292145,34.71410881531593,880.5048030968168,9.282757351072545,6983.763532235867,11501.37210975784,4508.3258201709,0.3919815633428647
S3_hp0.75_tk0_A03_high,2831044,FULTON,steam,steam_radiators,False,steam,0.77,944.0,234.0,True,22635.194235566203,0.3343341590975691,7567.71863075817,0.0,15067.475604808034,none,7552.168523982639,15.550106775530486,0.0,2332.639496786002,5219.529027196635,0.8638948208628048,0.8638948208628048,75.5216852398264,1915.567152981165,20.194943864325307,19568.15013611433,29396.356150085976,9808.011070107323,0.3336471710994234
S3_hp0.75_tk0_A03_high,4473909,ELLIOTT/CHELSEA ADDITION CAMPUS,gas_or_oil,steam_radiators,False,gas_or_oil,0.85,703.0,852.0,True,13730.57315854186,0.41044941478667274,5635.705717609103,0.0,8094.867440932757,none,5624.125500381139,11.58021722796391,0.0,1737.1245405090672,3887.000959872071,0.6433454015535506,0.6433454015535506,56.241255003811396,1426.5293522730499,13.623784974075189,9523.373459920891,16153.615480637483,6616.618235742517,0.40960602557820697
S3_hp0.75_tk0_A03_high,2830989,CHELSEA,gas_or_oil,steam_radiators,False,gas_or_oil,0.85,425.0,816.0,True,10252.650587959117,0.3323117943823117,3407.076714059557,0.0,6845.57387389956,none,3400.0758714964213,7.000842563136076,0.0,1050.1819768369182,2349.893894659502,0.3889356979520042,0.3889356979520042,34.00075871496421,862.4110593400372,8.236285368395384,8053.616322234776,12061.941868187196,4000.0892605840254,0.3316289619281015
S3_hp0.75_tk0_A04_low,7536925,111 Eighth Avenue,steam,steam_radiators,False,steam,0.7,0.0,0.0,False,8050.960476830487,0.3927886633360209,3162.3260042653806,0.0,4888.634472565107,none,3155.8280741196295,6.4979301457514005,0.0,974.741120696749,2181.0869534228796,0.36099611920837676,0.36099611920837676,31.558280741196295,800.4589119061968,9.28275735107343,6983.763532235867,11501.37210975784,4508.3258201708995,0.39198156334286466
S3_hp0.75_tk0_A04_low,2831044,FULTON,steam,steam_radiators,False,steam,0.7,944.0,234.0,True,20577.449305060185,0.367767575007326,7567.71863075817,0.0,13009.730674302016,none,7552.168523982638,15.550106775531964,0.0,2332.6394967860015,5219.529027196633,0.8638948208628047,0.8638948208628047,75.52168523982638,1915.5671529811643,22.21443825075995,18585.329534717166,29396.35615008598,10788.812177118056,0.3670118882093657
S3_hp0.75_tk0_A04_low,4473909,ELLIOTT/CHELSEA ADDITION CAMPUS,gas_or_oil,steam_radiators,False,gas_or_oil,0.85,703.0,852.0,True,13730.57315854186,0.41044941478667274,5635.705717609103,0.0,8094.867440932757,none,5624.125500381138,11.580217227965012,0.0,1737.124540509067,3887.0009598720694,0.6433454015535505,0.6433454015535505,56.24125500381138,1426.5293522730494,13.623784974076484,9523.373459920891,16153.615480637483,6616.618235742516,0.4096060255782069
S3_hp0.75_tk0_A04_low,2830989,CHELSEA,gas_or_oil,steam_radiators,False,gas_or_oil,0.85,425.0,816.0,True,10252.650587959117,0.3323117943823117,3407.076714059557,0.0,6845.57387389956,none,3400.075871496421,7.000842563136742,0.0,1050.181976836918,2349.8938946595013,0.3889356979520042,0.3889356979520042,34.000758714964206,862.4110593400369,8.236285368396167,8053.616322234776,12061.941868187196,4000.0892605840245,0.33162896192810143
S3_hp0.75_tk0_A04_high,7536925,111 Eighth Avenue,steam,steam_radiators,False,steam,0.85,0.0,0.0,False,9776.166293294164,0.3927886633360209,3839.967290893677,0.0,5936.199002400486,none,3832.076947145267,7.890343748411665,0.0,1183.61421798891,2648.4627291563543,0.43835243046731476,0.43835243046731476,38.32076947145267,971.985821600382,9.282757351072547,6983.7635322358665,11501.37210975784,4508.325820170902,0.3919815633428649
S3_hp0.75_tk0_A04_high,2831044,FULTON,steam,steam_radiators,False,steam,0.85,944.0,234.0,True,24986.90272757308,0.30286741471191553,7567.71863075817,0.0,17419.18409681491,none,7552.168523982642,15.550106775530486,0.0,2332.639496786003,5219.529027196635,0.8638948208628048,0.8638948208628048,75.52168523982643,1915.567152981165,18.294243265329982,20493.157760958722,29396.35615008598,8884.904145861932,0.3022450844077131
S3_hp0.75_tk0_A04_high,4473909,ELLIOTT/CHELSEA ADDITION CAMPUS,gas_or_oil,steam_radiators,False,gas_or_oil,0.85,703.0,852.0,True,13730.57315854186,0.41044941478667274,5635.705717609103,0.0,8094.867440932757,none,5624.125500381142,11.58021722796391,0.0,1737.1245405090679,3887.000959872071,0.6433454015535507,0.6433454015535507,56.241255003811425,1426.5293522730499,13.623784974075189,9523.373459920891,16153.615480637483,6616.6182357425205,0.4096060255782072
S3_hp0.75_tk0_A04_high,2830989,CHELSEA,gas_or_oil,steam_radiators,False,gas_or_oil,0.85,425.0,816.0,True,10252.650587959117,0.3323117943823117,3407.076714059557,0.0,6845.57387389956,none,3400.0758714964227,7.000842563136077,0.0,1050.1819768369185,2349.893894659502,0.3889356979520043,0.3889356979520043,34.00075871496423,862.4110593400372,8.236285368395384,8053.616322234776,12061.941868187196,4000.0892605840268,0.33162896192810165
S3_hp0.75_tk0_A10_low,7536925,111 Eighth Avenue,steam,steam_radiators,False,steam,0.77,0.0,0.0,False,8856.056524513537,0.3927886633360209,3478.558604691919,0.0,5377.497919821618,none,3471.410881531593,7.14772316032586,0.0,1206.242136862227,2265.168744669365,0.3970957311292145,0.3970957311292145,34.71410881531593,831.3169292936569,9.282757351072545,6983.763532235867,11501.37210975784,4508.3258201709,0.3919815633428647
S3_hp0.75_tk0_A10_low,2831044,FULTON,steam,steam_radiators,False,steam,0.77,944.0,234.0,True,22635.194235566203,0.3343341590975691,7567.71863075817,0.0,15067.475604808034,none,7552.168523982639,15.550106775530486,0.0,2624.2194338842523,4927.949090098386,0.8638948208628048,0.8638948208628048,75.5216852398264,1808.5573160661074,20.194943864325307,19568.15013611433,29396.356150085976,9808.011070107323,0.3336471710994234
S3_hp0.75_tk0_A10_low,4473909,ELLIOTT/CHELSEA ADDITION CAMPUS,gas_or_oil,steam_radiators,False,gas_or_oil,0.85,703.0,852.0,True,13730.57315854186,0.41044941478667274,5635.705717609103,0.0,8094.867440932757,none,5624.125500381139,11.58021722796391,0.0,1954.2651080727005,3669.8603923084374,0.6433454015535506,0.6433454015535506,56.241255003811396,1346.8387639771965,13.623784974075189,9523.373459920891,16153.615480637483,6616.618235742517,0.40960602557820697
S3_hp0.75_tk0_A10_low,2830989,CHELSEA,gas_or_oil,steam_radiators,False,gas_or_oil,0.85,425.0,816.0,True,10252.650587959117,0.3323117943823117,3407.076714059557,0.0,6845.57387389956,none,3400.0758714964213,7.000842563136076,0.0,1181.454723941533,2218.621147554887,0.3889356979520042,0.3889356979520042,34.00075871496421,814.2339611526436,8.236285368395384,8053.616322234776,12061.941868187196,4000.0892605840254,0.3316289619281015
S3_hp0.75_tk0_A10_high,7536925,111 Eighth Avenue,steam,steam_radiators,False,steam,0.77,0.0,0.0,False,8856.056524513537,0.3927886633360209,3478.558604691919,0.0,5377.497919821618,none,3471.410881531593,7.14772316032586,0.0,964.9937094897817,2506.4171720418103,0.3970957311292145,0.3970957311292145,34.71410881531593,919.8551021393444,9.282757351072545,6983.763532235867,11501.37210975784,4508.3258201709,0.3919815633428647
S3_hp0.75_tk0_A10_high,2831044,FULTON,steam,steam_radiators,False,steam,0.77,944.0,234.0,True,22635.194235566203,0.3343341590975691,7567.71863075817,0.0,15067.475604808034,none,7552.168523982639,15.550106775530486,0.0,2099.375547107402,5452.792976875235,0.8638948208628048,0.8638948208628048,75.5216852398264,2001.1750225132112,20.194943864325307,19568.15013611433,29396.356150085976,9808.011070107323,0.3336471710994234
S3_hp0.75_tk0_A10_high,4473909,ELLIOTT/CHELSEA ADDITION CAMPUS,gas_or_oil,steam_radiators,False,gas_or_oil,0.85,703.0,852.0,True,13730.57315854186,0.41044941478667274,5635.705717609103,0.0,8094.867440932757,none,5624.125500381139,11.58021722796391,0.0,1563.4120864581607,4060.713413922977,0.6433454015535506,0.6433454015535506,56.241255003811396,1490.2818229097325,13.623784974075189,9523.373459920891,16153.615480637483,6616.618235742517,0.40960602557820697
S3_hp0.75_tk0_A10_high,2830989,CHELSEA,gas_or_oil,steam_radiators,False,gas_or_oil,0.85,425.0,816.0,True,10252.650587959117,0.3323117943823117,3407.076714059557,0.0,6845.57387389956,none,3400.0758714964213,7.000842563136076,0.0,945.1637791532265,2454.9120923431938,0.3889356979520042,0.3889356979520042,34.00075871496421,900.9527378899521,8.236285368395384,8053.616322234776,12061.941868187196,4000.0892605840254,0.3316289619281015
S3_hp0.75_tk0_A11_low,7536925,111 Eighth Avenue,steam,steam_radiators,False,steam,0.77,0.0,0.0,False,8856.056524513537,0.3927886633360209,3478.558604691919,0.0,5377.497919821618,none,3471.410881531593,7.14772316032586,0.0,1072.2152327664242,2399.1956487651682,0.3970957311292145,0.3970957311292145,17.357054407657966,880.5048030968168,9.282757351072545,6983.763532235867,11501.37210975784,4508.3258201709,0.3919815633428647
S3_hp0.75_tk0_A11_low,2831044,FULTON,steam,steam_radiators,False,steam,0.77,944.0,234.0,True,22635.194235566203,0.3343341590975691,7567.71863075817,0.0,15067.475604808034,none,7552.168523982639,15.550106775530486,0.0,2332.639496786002,5219.529027196635,0.8638948208628048,0.8638948208628048,37.7608426199132,1915.567152981165,20.194943864325307,19568.15013611433,29396.356150085976,9808.011070107323,0.3336471710994234
S3_hp0.75_tk0_A11_low,4473909,ELLIOTT/CHELSEA ADDITION CAMPUS,gas_or_oil,steam_radiators,False,gas_or_oil,0.85,703.0,852.0,True,13730.57315854186,0.41044941478667274,5635.705717609103,0.0,8094.867440932757,none,5624.125500381139,11.58021722796391,0.0,1737.1245405090672,3887.000959872071,0.6433454015535506,0.6433454015535506,28.120627501905698,1426.5293522730499,13.623784974075189,9523.373459920891,16153.615480637483,6616.618235742517,0.40960602557820697
S3_hp0.75_tk0_A11_low,2830989,CHELSEA,gas_or_oil,steam_radiators,False,gas_or_oil,0.85,425.0,816.0,True,10252.650587959117,0.3323117943823117,3407.076714059557,0.0,6845.57387389956,none,3400.0758714964213,7.000842563136076,0.0,1050.1819768369182,2349.893894659502,0.3889356979520042,0.3889356979520042,17.000379357482107,862.4110593400372,8.236285368395384,8053.616322234776,12061.941868187196,4000.0892605840254,0.3316289619281015
S3_hp0.75_tk0_A11_high,7536925,111 Eighth Avenue,steam,steam_radiators,False,steam,0.77,0.0,0.0,False,8856.056524513537,0.3927886633360209,3478.558604691919,0.0,5377.497919821618,none,3471.410881531593,7.14772316032586,0.0,1072.2152327664242,2399.1956487651682,0.3970957311292145,0.3970957311292145,104.14232644594779,880.5048030968168,9.282757351072545,6983.763532235867,11501.37210975784,4508.3258201709,0.3919815633428647
S3_hp0.75_tk0_A11_high,2831044,FULTON,steam,steam_radiators,False,steam,0.77,944.0,234.0,True,22635.194235566203,0.3343341590975691,7567.71863075817,0.0,15067.475604808034,none,7552.168523982639,15.550106775530486,0.0,2332.639496786002,5219.529027196635,0.8638948208628048,0.8638948208628048,226.56505571947918,1915.567152981165,20.194943864325307,19568.15013611433,29396.356150085976,9808.011070107323,0.3336471710994234
S3_hp0.75_tk0_A11_high,4473909,ELLIOTT/CHELSEA ADDITION CAMPUS,gas_or_oil,steam_radiators,False,gas_or_oil,0.85,703.0,852.0,True,13730.57315854186,0.41044941478667274,5635.705717609103,0.0,8094.867440932757,none,5624.125500381139,11.58021722796391,0.0,1737.1245405090672,3887.000959872071,0.6433454015535506,0.6433454015535506,168.72376501143418,1426.5293522730499,13.623784974075189,9523.373459920891,16153.615480637483,6616.618235742517,0.40960602557820697
S3_hp0.75_tk0_A11_high,2830989,CHELSEA,gas_or_oil,steam_radiators,False,gas_or_oil,0.85,425.0,816.0,True,10252.650587959117,0.3323117943823117,3407.076714059557,0.0,6845.57387389956,none,3400.0758714964213,7.000842563136076,0.0,1050.1819768369182,2349.893894659502,0.3889356979520042,0.3889356979520042,102.00227614489263,862.4110593400372,8.236285368395384,8053.616322234776,12061.941868187196,4000.0892605840254,0.3316289619281015
S3_hp0.75_tk0_A16_low,7536925,111 Eighth Avenue,steam,steam_radiators,False,steam,0.77,0.0,0.0,False,8856.056524513537,0.3927886633360209,3478.558604691919,0.0,5377.497919821618,none,3471.410881531593,7.14772316032586,0.0,1072.2152327664242,2399.1956487651682,0.3970957311292145,0.3970957311292145,34.71410881531593,880.5048030968168,9.282757351072545,6983.763532235867,11501.37210975784,4508.3258201709,0.3919815633428647
S3_hp0.75_tk0_A16_low,2831044,FULTON,steam,steam_radiators,False,steam,0.77,944.0,234.0,True,22635.194235566203,0.3343341590975691,7567.71863075817,0.0,15067.475604808034,none,7552.168523982639,15.550106775530486,0.0,2332.639496786002,5219.529027196635,0.8638948208628048,0.8638948208628048,75.5216852398264,1915.567152981165,20.194943864325307,19568.15013611433,29396.356150085976,9808.011070107323,0.3336471710994234
S3_hp0.75_tk0_A16_low,4473909,ELLIOTT/CHELSEA ADDITION CAMPUS,gas_or_oil,steam_radiators,False,gas_or_oil,0.85,703.0,852.0,True,13730.57315854186,0.41044941478667274,5635.705717609103,0.0,8094.867440932757,none,5624.125500381139,11.58021722796391,0.0,1737.1245405090672,3887.000959872071,0.6433454015535506,0.6433454015535506,56.241255003811396,1426.5293522730499,13.623784974075189,9523.373459920891,16153.615480637483,6616.618235742517,0.40960602557820697
S3_hp0.75_tk0_A16_low,2830989,CHELSEA,gas_or_oil,steam_radiators,False,gas_or_oil,0.85,425.0,816.0,True,10252.650587959117,0.3323117943823117,3407.076714059557,0.0,6845.57387389956,none,3400.0758714964213,7.000842563136076,0.0,1050.1819768369182,2349.893894659502,0.3889356979520042,0.3889356979520042,34.00075871496421,862.4110593400372,8.236285368395384,8053.616322234776,12061.941868187196,4000.0892605840254,0.3316289619281015
S3_hp0.75_tk0_A16_high,7536925,111 Eighth Avenue,steam,steam_radiators,False,steam,0.77,0.0,0.0,False,8856.056524513537,0.3927886633360209,3478.558604691919,0.0,5377.497919821618,none,3478.558604691919,0.0,0.0,1074.422951159217,2404.135653532701,0.3970957311292145,0.3970957311292145,34.78558604691919,882.3177848465012,0.0,6983.763532235867,11501.37210975784,4517.608577521973,0.3927886633360209
S3_hp0.75_tk0_A16_high,2831044,FULTON,steam,steam_radiators,False,steam,0.77,944.0,234.0,True,22635.194235566203,0.3343341590975691,7567.71863075817,0.0,15067.475604808034,none,7567.71863075817,0.0,0.0,2337.4424607464402,5230.276170011727,0.8638948208628048,0.8638948208628048,75.67718630758169,1919.511354394304,0.0,19568.15013611433,29396.356150085976,9828.206013971649,0.3343341590975691
S3_hp0.75_tk0_A16_high,4473909,ELLIOTT/CHELSEA ADDITION CAMPUS,gas_or_oil,steam_radiators,False,gas_or_oil,0.85,703.0,852.0,True,13730.57315854186,0.41044941478667274,5635.705717609103,0.0,8094.867440932757,none,5635.705717609104,0.0,0.0,1740.7013240516392,3895.0043935574627,0.6433454015535506,0.6433454015535506,56.35705717609104,1429.4666124355888,0.0,9523.373459920891,16153.615480637483,6630.242020716593,0.4104494147866728
S3_hp0.75_tk0_A16_high,2830989,CHELSEA,gas_or_oil,steam_radiators,False,gas_or_oil,0.85,425.0,816.0,True,10252.650587959117,0.3323117943823117,3407.076714059557,0.0,6845.57387389956,none,3407.076714059557,0.0,0.0,1052.3443281962257,2354.7323858633304,0.3889356979520042,0.3889356979520042,34.07076714059557,864.1867856118422,0.0,8053.616322234776,12061.941868187196,4008.3255459524203,0.3323117943823117
S3_hp0.75_tk0_A17_low,7536925,111 Eighth Avenue,steam,steam_radiators,False,steam,0.77,0.0,0.0,False,8856.056524513537,0.3927886633360209,3478.558604691919,0.0,5377.497919821618,none,3471.410881531593,7.14772316032586,0.0,1072.2152327664242,2399.1956487651682,0.3970957311292145,0.3970957311292145,34.71410881531593,0.0,9.282757351072545,6983.763532235867,11501.37210975784,4508.3258201709,0.3919815633428647
S3_hp0.75_tk0_A17_low,2831044,FULTON,steam,steam_radiators,False,steam,0.77,944.0,234.0,True,22635.194235566203,0.3343341590975691,7567.71863075817,0.0,15067.475604808034,none,7552.168523982639,15.550106775530486,0.0,2332.639496786002,5219.529027196635,0.8638948208628048,0.8638948208628048,75.5216852398264,0.0,20.194943864325307,19568.15013611433,29396.356150085976,9808.011070107323,0.3336471710994234
S3_hp0.75_tk0_A17_low,4473909,ELLIOTT/CHELSEA ADDITION CAMPUS,gas_or_oil,steam_radiators,False,gas_or_oil,0.85,703.0,852.0,True,13730.57315854186,0.41044941478667274,5635.705717609103,0.0,8094.867440932757,none,5624.125500381139,11.58021722796391,0.0,1737.1245405090672,3887.000959872071,0.6433454015535506,0.6433454015535506,56.241255003811396,0.0,13.623784974075189,9523.373459920891,16153.615480637483,6616.618235742517,0.40960602557820697
S3_hp0.75_tk0_A17_low,2830989,CHELSEA,gas_or_oil,steam_radiators,False,gas_or_oil,0.85,425.0,816.0,True,10252.650587959117,0.3323117943823117,3407.076714059557,0.0,6845.57387389956,none,3400.0758714964213,7.000842563136076,0.0,1050.1819768369182,2349.893894659502,0.3889356979520042,0.3889356979520042,34.00075871496421,0.0,8.236285368395384,8053.616322234776,12061.941868187196,4000.0892605840254,0.3316289619281015
S3_hp0.75_tk0_A17_high,7536925,111 Eighth Avenue,steam,steam_radiators,False,steam,0.77,0.0,0.0,False,8856.056524513537,0.3927886633360209,3478.558604691919,0.0,5377.497919821618,none,3471.410881531593,7.14772316032586,0.0,1072.2152327664242,2399.1956487651682,0.3970957311292145,0.3970957311292145,34.71410881531593,880.5048030968168,9.282757351072545,6983.763532235867,11501.37210975784,4508.3258201709,0.3919815633428647
S3_hp0.75_tk0_A17_high,2831044,FULTON,steam,steam_radiators,False,steam,0.77,944.0,234.0,True,22635.194235566203,0.3343341590975691,7567.71863075817,0.0,15067.475604808034,none,7552.168523982639,15.550106775530486,0.0,2332.639496786002,5219.529027196635,0.8638948208628048,0.8638948208628048,75.5216852398264,1915.567152981165,20.194943864325307,19568.15013611433,29396.356150085976,9808.011070107323,0.3336471710994234
S3_hp0.75_tk0_A17_high,4473909,ELLIOTT/CHELSEA ADDITION CAMPUS,gas_or_oil,steam_radiators,False,gas_or_oil,0.85,703.0,852.0,True,13730.57315854186,0.41044941478667274,5635.705717609103,0.0,8094.867440932757,none,5624.125500381139,11.58021722796391,0.0,1737.1245405090672,3887.000959872071,0.6433454015535506,0.6433454015535506,56.241255003811396,1426.5293522730499,13.623784974075189,9523.373459920891,16153.615480637483,6616.618235742517,0.40960602557820697
S3_hp0.75_tk0_A17_high,2830989,CHELSEA,gas_or_oil,steam_radiators,False,gas_or_oil,0.85,425.0,816.0,True,10252.650587959117,0.3323117943823117,3407.076714059557,0.0,6845.57387389956,none,3400.0758714964213,7.000842563136076,0.0,1050.1819768369182,2349.893894659502,0.3889356979520042,0.3889356979520042,34.00075871496421,862.4110593400372,8.236285368395384,8053.616322234776,12061.941868187196,4000.0892605840254,0.3316289619281015
S3_hp0.75_tk0_A18_low,7536925,111 Eighth Avenue,steam,steam_radiators,False,steam,0.77,0.0,0.0,False,8856.056524513537,0.3927886633360209,3478.558604691919,0.0,5377.497919821618,none,3471.410881531593,7.14772316032586,0.0,1072.2152327664242,2399.1956487651682,0.3970957311292145,0.3970957311292145,34.71410881531593,880.5048030968168,9.282757351072545,6983.763532235867,11501.37210975784,4508.3258201709,0.3919815633428647
S3_hp0.75_tk0_A18_low,2831044,FULTON,steam,steam_radiators,False,steam,0.77,944.0,234.0,True,22635.194235566203,0.3343341590975691,7567.71863075817,0.0,15067.475604808034,none,7552.168523982639,15.550106775530486,0.0,2332.639496786002,5219.529027196635,0.8638948208628048,0.8638948208628048,75.5216852398264,1915.567152981165,20.194943864325307,19568.15013611433,29396.356150085976,9808.011070107323,0.3336471710994234
S3_hp0.75_tk0_A18_low,4473909,ELLIOTT/CHELSEA ADDITION CAMPUS,gas_or_oil,steam_radiators,False,gas_or_oil,0.85,703.0,852.0,True,13730.57315854186,0.41044941478667274,5635.705717609103,0.0,8094.867440932757,none,5624.125500381139,11.58021722796391,0.0,1737.1245405090672,3887.000959872071,0.6433454015535506,0.6433454015535506,56.241255003811396,1426.5293522730499,13.623784974075189,9523.373459920891,16153.615480637483,6616.618235742517,0.40960602557820697
S3_hp0.75_tk0_A18_low,2830989,CHELSEA,gas_or_oil,steam_radiators,False,gas_or_oil,0.85,425.0,816.0,True,10252.650587959117,0.3323117943823117,3407.076714059557,0.0,6845.57387389956,none,3400.0758714964213,7.000842563136076,0.0,1050.1819768369182,2349.893894659502,0.3889356979520042,0.3889356979520042,34.00075871496421,862.4110593400372,8.236285368395384,8053.616322234776,12061.941868187196,4000.0892605840254,0.3316289619281015
S3_hp0.75_tk0_A18_high,7536925,111 Eighth Avenue,steam,steam_radiators,False,steam,0.77,0.0,0.0,False,8856.056524513537,0.3927886633360209,3478.558604691919,0.0,5377.497919821618,none,3471.410881531593,7.14772316032586,0.0,1072.2152327664242,2399.1956487651682,0.3970957311292145,0.3970957311292145,34.71410881531593,880.5048030968168,9.282757351072545,6983.763532235867,11501.37210975784,4508.3258201709,0.3919815633428647
S3_hp0.75_tk0_A18_high,2831044,FULTON,steam,steam_radiators,False,steam,0.77,944.0,234.0,True,22635.194235566203,0.3343341590975691,7567.71863075817,0.0,15067.475604808034,none,7552.168523982639,15.550106775530486,0.0,2332.639496786002,5219.529027196635,0.8638948208628048,0.8638948208628048,75.5216852398264,1915.567152981165,20.194943864325307,19568.15013611433,29396.356150085976,9808.011070107323,0.3336471710994234
S3_hp0.75_tk0_A18_high,4473909,ELLIOTT/CHELSEA ADDITION CAMPUS,gas_or_oil,steam_radiators,False,gas_or_oil,0.85,703.0,852.0,True,13730.57315854186,0.41044941478667274,5635.705717609103,0.0,8094.867440932757,none,5624.125500381139,11.58021722796391,0.0,1737.1245405090672,3887.000959872071,0.6433454015535506,0.6433454015535506,56.241255003811396,1426.5293522730499,13.623784974075189,9523.373459920891,16153.615480637483,6616.618235742517,0.40960602557820697
S3_hp0.75_tk0_A18_high,2830989,CHELSEA,gas_or_oil,steam_radiators,False,gas_or_oil,0.85,425.0,816.0,True,10252.650587959117,0.3323117943823117,3407.076714059557,0.0,6845.57387389956,none,3400.0758714964213,7.000842563136076,0.0,1050.1819768369182,2349.893894659502,0.3889356979520042,0.3889356979520042,34.00075871496421,862.4110593400372,8.236285368395384,8053.616322234776,12061.941868187196,4000.0892605840254,0.3316289619281015
S3_hp0.75_tk0_A19_low,7536925,111 Eighth Avenue,steam,steam_radiators,False,steam,0.77,0.0,0.0,False,8856.056524513537,0.3927886633360209,3478.558604691919,0.0,5377.497919821618,none,3471.410881531593,7.14772316032586,0.0,1072.2152327664242,2399.1956487651682,0.3970957311292145,0.3970957311292145,34.71410881531593,880.5048030968168,9.282757351072545,6983.763532235867,11501.37210975784,4508.3258201709,0.3919815633428647
S3_hp0.75_tk0_A19_low,2831044,FULTON,steam,steam_radiators,False,steam,0.77,944.0,234.0,True,22635.194235566203,0.3343341590975691,7567.71863075817,0.0,15067.475604808034,none,7552.168523982639,15.550106775530486,0.0,2332.639496786002,5219.529027196635,0.8638948208628048,0.8638948208628048,75.5216852398264,1915.567152981165,20.194943864325307,19568.15013611433,29396.356150085976,9808.011070107323,0.3336471710994234
S3_hp0.75_tk0_A19_low,4473909,ELLIOTT/CHELSEA ADDITION CAMPUS,gas_or_oil,steam_radiators,False,gas_or_oil,0.85,703.0,852.0,True,13730.57315854186,0.41044941478667274,5635.705717609103,0.0,8094.867440932757,none,5624.125500381139,11.58021722796391,0.0,1737.1245405090672,3887.000959872071,0.6433454015535506,0.6433454015535506,56.241255003811396,1426.5293522730499,13.623784974075189,9523.373459920891,16153.615480637483,6616.618235742517,0.40960602557820697
S3_hp0.75_tk0_A19_low,2830989,CHELSEA,gas_or_oil,steam_radiators,False,gas_or_oil,0.85,425.0,816.0,True,10252.650587959117,0.3323117943823117,3407.076714059557,0.0,6845.57387389956,none,3400.0758714964213,7.000842563136076,0.0,1050.1819768369182,2349.893894659502,0.3889356979520042,0.3889356979520042,34.00075871496421,862.4110593400372,8.236285368395384,8053.616322234776,12061.941868187196,4000.0892605840254,0.3316289619281015
S3_hp0.75_tk0_A19_high,7536925,111 Eighth Avenue,steam,steam_radiators,False,steam,0.77,0.0,0.0,False,8856.056524513537,0.3927886633360209,3478.558604691919,0.0,5377.497919821618,none,3471.410881531593,7.14772316032586,0.0,1072.2152327664242,2399.1956487651682,0.3970957311292145,0.3970957311292145,34.71410881531593,880.5048030968168,9.282757351072545,6983.763532235867,11501.37210975784,4508.3258201709,0.3919815633428647
S3_hp0.75_tk0_A19_high,2831044,FULTON,steam,steam_radiators,False,steam,0.77,944.0,234.0,True,22635.194235566203,0.3343341590975691,7567.71863075817,0.0,15067.475604808034,none,7552.168523982639,15.550106775530486,0.0,2332.639496786002,5219.529027196635,0.8638948208628048,0.8638948208628048,75.5216852398264,1915.567152981165,20.194943864325307,19568.15013611433,29396.356150085976,9808.011070107323,0.3336471710994234
S3_hp0.75_tk0_A19_high,4473909,ELLIOTT/CHELSEA ADDITION CAMPUS,gas_or_oil,steam_radiators,False,gas_or_oil,0.85,703.0,852.0,True,13730.57315854186,0.41044941478667274,5635.705717609103,0.0,8094.867440932757,none,5624.125500381139,11.58021722796391,0.0,1737.1245405090672,3887.000959872071,0.6433454015535506,0.6433454015535506,56.241255003811396,1426.5293522730499,13.623784974075189,9523.373459920891,16153.615480637483,6616.618235742517,0.40960602557820697
S3_hp0.75_tk0_A19_high,2830989,CHELSEA,gas_or_oil,steam_radiators,False,gas_or_oil,0.85,425.0,816.0,True,10252.650587959117,0.3323117943823117,3407.076714059557,0.0,6845.57387389956,none,3400.0758714964213,7.000842563136076,0.0,1050.1819768369182,2349.893894659502,0.3889356979520042,0.3889356979520042,34.00075871496421,862.4110593400372,8.236285368395384,8053.616322234776,12061.941868187196,4000.0892605840254,0.3316289619281015
S3_hp0.75_tk0_A20_low,7536925,111 Eighth Avenue,steam,steam_radiators,False,steam,0.77,0.0,0.0,False,8856.056524513537,0.11983553170799588,1061.2702424511458,0.0,7794.7862820623905,none,1059.0895501721368,2.180692279009204,0.0,327.1211583162662,731.9683918558708,0.12114957105606688,0.12114957105606688,10.590895501721368,268.63239981110456,2.832067894817148,10123.099067613493,11501.37210975784,1375.4409742495284,0.11958929431407538
S3_hp0.75_tk0_A20_low,2831044,FULTON,steam,steam_radiators,False,steam,0.77,944.0,234.0,True,22635.194235566203,0.3343341590975691,7567.71863075817,0.0,15067.475604808034,none,7552.168523982641,15.550106775530487,0.0,2332.6394967860033,5219.529027196639,0.8638948208628049,0.8638948208628049,75.52168523982641,1915.5671529811664,20.194943864325307,19568.15013611433,29396.356150085976,9808.011070107326,0.3336471710994235
S3_hp0.75_tk0_A20_low,4473909,ELLIOTT/CHELSEA ADDITION CAMPUS,gas_or_oil,steam_radiators,False,gas_or_oil,0.85,703.0,852.0,True,13730.57315854186,0.41044941478667274,5635.705717609103,0.0,8094.867440932757,none,5624.125500381141,11.580217227963912,0.0,1737.124540509068,3887.000959872073,0.6433454015535507,0.6433454015535507,56.24125500381141,1426.5293522730508,13.62378497407519,9523.373459920891,16153.615480637483,6616.61823574252,0.40960602557820713
S3_hp0.75_tk0_A20_low,2830989,CHELSEA,gas_or_oil,steam_radiators,False,gas_or_oil,0.85,425.0,816.0,True,10252.650587959117,0.3323117943823117,3407.076714059557,0.0,6845.57387389956,none,3400.075871496422,7.000842563136077,0.0,1050.1819768369187,2349.8938946595035,0.3889356979520043,0.3889356979520043,34.00075871496422,862.4110593400378,8.236285368395384,8053.616322234776,12061.941868187196,4000.0892605840263,0.3316289619281016
S3_hp0.75_tk0_A20_high,7536925,111 Eighth Avenue,steam,steam_radiators,False,steam,0.77,0.0,0.0,False,8856.056524513537,0.5258314422656127,4656.792975070743,0.0,4199.263549442794,none,4647.224222382241,9.568752688501524,0.0,1435.3888869302925,3211.8353354519472,0.531597371583418,0.531597371583418,46.47224222382241,1178.7435681108645,12.426951543508473,5453.589025250381,11501.37210975784,6035.35613296395,0.5247509666993135
S3_hp0.75_tk0_A20_high,2831044,FULTON,steam,steam_radiators,False,steam,0.77,944.0,234.0,True,22635.194235566203,0.3343341590975691,7567.71863075817,0.0,15067.475604808034,none,7552.16852398264,15.550106775530484,0.0,2332.6394967860024,5219.529027196635,0.8638948208628047,0.8638948208628047,75.5216852398264,1915.567152981165,20.194943864325303,19568.15013611433,29396.356150085976,9808.011070107324,0.33364717109942343
S3_hp0.75_tk0_A20_high,4473909,ELLIOTT/CHELSEA ADDITION CAMPUS,gas_or_oil,steam_radiators,False,gas_or_oil,0.85,703.0,852.0,True,13730.57315854186,0.41044941478667274,5635.705717609103,0.0,8094.867440932757,none,5624.125500381139,11.580217227963908,0.0,1737.1245405090672,3887.0009598720703,0.6433454015535505,0.6433454015535505,56.241255003811396,1426.5293522730499,13.623784974075187,9523.373459920891,16153.615480637483,6616.618235742517,0.40960602557820697
S3_hp0.75_tk0_A20_high,2830989,CHELSEA,gas_or_oil,steam_radiators,False,gas_or_oil,0.85,425.0,816.0,True,10252.650587959117,0.3323117943823117,3407.076714059557,0.0,6845.57387389956,none,3400.0758714964213,7.000842563136076,0.0,1050.1819768369182,2349.893894659502,0.3889356979520042,0.3889356979520042,34.00075871496421,862.4110593400372,8.236285368395384,8053.616322234776,12061.941868187196,4000.0892605840254,0.3316289619281015
S3R_hp0.5_tk0_base,7536925,111 Eighth Avenue,steam,steam_radiators,False,steam,0.77,0.0,0.0,False,8856.056524513537,0.3927886633360209,3478.558604691919,0.0,5377.497919821618,none,3471.410881531593,7.147723160325861,0.0,1072.2152327664246,2399.195648765169,0.39709573112921454,0.39709573112921454,34.71410881531593,880.5048030968171,9.282757351072547,6983.763532235867,11501.37210975784,4508.3258201709,0.3919815633428647
S3R_hp0.5_tk0_base,rebuild:2831044,Rebuilt Fulton,new_electric,low_temp_new,True,electric_boiler,1.0,2509.2540000000004,234.0,True,18819.405000000002,0.5,9409.702500000001,9409.702500000001,0.0,sh45,17746.996457384193,1072.4085426158053,0.0,4739.331029570836,13007.665427813365,3.4190109149082355,5.763854877761677,177.46996457384193,4773.813212007505,1083.2409521371771,0.0,,0.0,0.9430158104033678
S3R_hp0.5_tk0_base,rebuild:4473909,Rebuilt Elliott-Chelsea,new_electric,low_temp_new,True,electric_boiler,1.0,3000.7459999999996,852.0,True,22505.594999999998,0.5,11252.797499999999,11252.797499999999,0.0,sh45,21223.131907534982,1282.4630924650141,0.0,5667.6321447173395,15555.499762817646,4.088698603994345,6.892831283331156,212.23131907534983,5708.868412954076,1295.417265116176,0.0,,0.0,0.9430158104033679
S3R_hp0.5_tk2_base,7536925,111 Eighth Avenue,steam,steam_radiators,False,steam,0.77,0.0,0.0,False,8856.056524513537,0.3927886633360209,3478.558604691919,0.0,5377.497919821618,none,3471.410881531593,7.147723160325861,0.0,1072.2152327664246,2399.195648765169,0.39709573112921454,0.39709573112921454,34.71410881531593,880.5048030968171,9.282757351072547,6983.763532235867,11501.37210975784,4508.3258201709,0.3919815633428647
S3R_hp0.5_tk2_base,rebuild:2831044,Rebuilt Fulton,new_electric,low_temp_new,True,electric_boiler,1.0,2509.2540000000004,234.0,True,18819.405000000002,0.5,9409.702500000001,9409.702500000001,0.0,sh45,17941.988744821483,877.4162551785192,0.0,4783.612632459338,13164.612574551073,3.4190109149082355,5.763854877761677,179.41988744821484,4831.412814860244,886.2790456348679,0.0,,0.0,0.9533770459173114
S3R_hp0.5_tk2_base,rebuild:4473909,Rebuilt Elliott-Chelsea,new_electric,low_temp_new,True,electric_boiler,1.0,3000.7459999999996,852.0,True,22505.594999999998,0.5,11252.797499999999,11252.797499999999,0.0,sh45,21456.317677711413,1049.2773222885849,0.0,5720.587263147463,15743.188423584787,4.088698603994345,6.892831283331156,214.56317677711414,5777.750151455616,1059.8760831197826,0.0,,0.0,0.9533770459173114
S3R_hp0.5_tk6_base,7536925,111 Eighth Avenue,steam,steam_radiators,False,steam,0.77,0.0,0.0,False,8856.056524513537,0.3927886633360209,3478.558604691919,0.0,5377.497919821618,none,3471.410881531593,7.147723160325861,0.0,1072.2152327664246,2399.195648765169,0.39709573112921454,0.39709573112921454,34.71410881531593,880.5048030968171,9.282757351072547,6983.763532235867,11501.37210975784,4508.3258201709,0.3919815633428647
S3R_hp0.5_tk6_base,rebuild:2831044,Rebuilt Fulton,new_electric,low_temp_new,True,electric_boiler,1.0,2509.2540000000004,234.0,True,18819.405000000002,0.5,9409.702500000001,9409.702500000001,0.0,sh45,18085.139411873017,734.2655881269858,0.0,4819.002790757708,13290.045802013741,3.4190109149082355,5.763854877761677,180.85139411873018,4877.446809339043,741.6824122494806,0.0,,0.0,0.9609835917699319
S3R_hp0.5_tk6_base,rebuild:4473909,Rebuilt Elliott-Chelsea,new_electric,low_temp_new,True,electric_boiler,1.0,3000.7459999999996,852.0,True,22505.594999999998,0.5,11252.797499999999,11252.797499999999,0.0,sh45,21627.507518019418,878.0874819805805,0.0,5762.909354076959,15893.190478209664,4.088698603994345,6.892831283331156,216.2750751801942,5832.800905502947,886.9570525056369,0.0,,0.0,0.9609835917699319
S3R_hp0.75_tk0_base,7536925,111 Eighth Avenue,steam,steam_radiators,False,steam,0.77,0.0,0.0,False,8856.056524513537,0.3927886633360209,3478.558604691919,0.0,5377.497919821618,none,3471.410881531593,7.147723160325861,0.0,1072.2152327664246,2399.195648765169,0.39709573112921454,0.39709573112921454,34.71410881531593,880.5048030968171,9.282757351072547,6983.763532235867,11501.37210975784,4508.3258201709,0.3919815633428647
S3R_hp0.75_tk0_base,rebuild:2831044,Rebuilt Fulton,new_electric,low_temp_new,True,electric_boiler,1.0,2509.2540000000004,234.0,True,18819.405000000002,0.5,9409.702500000001,9409.702500000001,0.0,sh45,18656.314604894746,163.0903951052557,0.0,4939.431985235303,13716.882619659445,4.591432896334956,5.763854877761677,186.56314604894746,5034.095921415016,164.73777283359163,0.0,,0.0,0.9913339239415243
S3R_hp0.75_tk0_base,rebuild:4473909,Rebuilt Elliott-Chelsea,new_electric,low_temp_new,True,electric_boiler,1.0,3000.7459999999996,852.0,True,22505.594999999998,0.5,11252.797499999999,11252.797499999999,0.0,sh45,22310.55980198875,195.0351980112478,0.0,5906.927226963428,16403.632575025324,5.49076494366275,6.892831283331156,223.1055980198875,6020.133155034294,197.0052505164119,0.0,,0.0,0.9913339239415245
S3R_hp0.75_tk2_base,7536925,111 Eighth Avenue,steam,steam_radiators,False,steam,0.77,0.0,0.0,False,8856.056524513537,0.3927886633360209,3478.558604691919,0.0,5377.497919821618,none,3471.410881531593,7.147723160325861,0.0,1072.2152327664246,2399.195648765169,0.39709573112921454,0.39709573112921454,34.71410881531593,880.5048030968171,9.282757351072547,6983.763532235867,11501.37210975784,4508.3258201709,0.3919815633428647
S3R_hp0.75_tk2_base,rebuild:2831044,Rebuilt Fulton,new_electric,low_temp_new,True,electric_boiler,1.0,2509.2540000000004,234.0,True,18819.405000000002,0.5,9409.702500000001,9409.702500000001,0.0,sh45,18704.08771531688,115.31728468312056,0.0,4952.00873535653,13761.458355811768,4.591432896334956,5.763854877761677,187.0408771531688,5050.455216582919,116.48210574052582,0.0,,0.0,0.9938724266424405
S3R_hp0.75_tk2_base,rebuild:4473909,Rebuilt Elliott-Chelsea,new_electric,low_temp_new,True,electric_boiler,1.0,3000.7459999999996,852.0,True,22505.594999999998,0.5,11252.797499999999,11252.797499999999,0.0,sh45,22367.690315681975,137.9046843180225,0.0,5921.967407279679,16456.939439119647,5.49076494366275,6.892831283331156,223.67690315681975,6039.696774156911,139.29766092729545,0.0,,0.0,0.9938724266424406
S3R_hp0.75_tk6_base,7536925,111 Eighth Avenue,steam,steam_radiators,False,steam,0.77,0.0,0.0,False,8856.056524513537,0.3927886633360209,3478.558604691919,0.0,5377.497919821618,none,3471.410881531593,7.147723160325861,0.0,1072.2152327664246,2399.195648765169,0.39709573112921454,0.39709573112921454,34.71410881531593,880.5048030968171,9.282757351072547,6983.763532235867,11501.37210975784,4508.3258201709,0.3919815633428647
S3R_hp0.75_tk6_base,rebuild:2831044,Rebuilt Fulton,new_electric,low_temp_new,True,electric_boiler,1.0,2509.2540000000004,234.0,True,18819.405000000002,0.5,9409.702500000001,9409.702500000001,0.0,sh45,18752.21872297545,67.18627702454992,0.0,4966.728231287658,13813.62861924204,4.591432896334956,5.763854877761677,187.5221872297545,5069.601703261828,67.86492628742417,0.0,,0.0,0.9964299468009454
S3R_hp0.75_tk6_base,rebuild:4473909,Rebuilt Elliott-Chelsea,new_electric,low_temp_new,True,electric_boiler,1.0,3000.7459999999996,852.0,True,22505.594999999998,0.5,11252.797499999999,11252.797499999999,0.0,sh45,22425.248828573625,80.34617142637217,0.0,5939.57003680118,16519.32838392449,5.49076494366275,6.892831283331156,224.25248828573626,6062.593516900288,81.15774891552743,0.0,,0.0,0.9964299468009457
S3R_hp1_tk0_base,7536925,111 Eighth Avenue,steam,steam_radiators,False,steam,0.77,0.0,0.0,False,8856.056524513537,0.3927886633360209,3478.558604691919,0.0,5377.497919821618,none,3471.410881531593,7.147723160325861,0.0,1072.2152327664246,2399.195648765169,0.39709573112921454,0.39709573112921454,34.71410881531593,880.5048030968171,9.282757351072547,6983.763532235867,11501.37210975784,4508.3258201709,0.3919815633428647
S3R_hp1_tk0_base,rebuild:2831044,Rebuilt Fulton,new_electric,low_temp_new,True,electric_boiler,1.0,2509.2540000000004,234.0,True,18819.405000000002,0.5,9409.702500000001,9409.702500000001,0.0,sh45,18720.5328865794,98.87211342060206,0.0,4953.56360635318,13766.969280226222,5.763854877761677,5.763854877761677,187.205328865794,5052.477725843023,99.87082163697178,0.0,,0.0,0.9947462678325588
S3R_hp1_tk0_base,rebuild:4473909,Rebuilt Elliott-Chelsea,new_electric,low_temp_new,True,electric_boiler,1.0,3000.7459999999996,852.0,True,22505.594999999998,0.5,11252.797499999999,11252.797499999999,0.0,sh45,22387.356631601095,118.23836839890178,0.0,5923.82683359671,16463.52979800439,6.892831283331156,6.892831283331156,223.87356631601097,6042.115435867611,119.43269535242605,0.0,,0.0,0.9947462678325588
S3R_hp1_tk2_base,7536925,111 Eighth Avenue,steam,steam_radiators,False,steam,0.77,0.0,0.0,False,8856.056524513537,0.3927886633360209,3478.558604691919,0.0,5377.497919821618,none,3471.410881531593,7.147723160325861,0.0,1072.2152327664246,2399.195648765169,0.39709573112921454,0.39709573112921454,34.71410881531593,880.5048030968171,9.282757351072547,6983.763532235867,11501.37210975784,4508.3258201709,0.3919815633428647
S3R_hp1_tk2_base,rebuild:2831044,Rebuilt Fulton,new_electric,low_temp_new,True,electric_boiler,1.0,2509.2540000000004,234.0,True,18819.405000000002,0.5,9409.702500000001,9409.702500000001,0.0,sh45,18756.253671067883,63.15132893211771,0.0,4963.488169290081,13802.14487762922,5.763854877761677,5.763854877761677,187.56253671067884,5065.3871700899235,63.78922114355324,0.0,,0.0,0.9966443503961938
S3R_hp1_tk2_base,rebuild:4473909,Rebuilt Elliott-Chelsea,new_electric,low_temp_new,True,electric_boiler,1.0,3000.7459999999996,852.0,True,22505.594999999998,0.5,11252.797499999999,11252.797499999999,0.0,sh45,22430.074109054825,75.52089094517193,0.0,5935.695338154101,16505.595301618076,6.892831283331156,6.892831283331156,224.30074109054826,6057.553475693833,76.28372822744639,0.0,,0.0,0.9966443503961938
S3R_hp1_tk6_base,7536925,111 Eighth Avenue,steam,steam_radiators,False,steam,0.77,0.0,0.0,False,8856.056524513537,0.3927886633360209,3478.558604691919,0.0,5377.497919821618,none,3471.410881531593,7.147723160325861,0.0,1072.2152327664246,2399.195648765169,0.39709573112921454,0.39709573112921454,34.71410881531593,880.5048030968171,9.282757351072547,6983.763532235867,11501.37210975784,4508.3258201709,0.3919815633428647
S3R_hp1_tk6_base,rebuild:2831044,Rebuilt Fulton,new_electric,low_temp_new,True,electric_boiler,1.0,2509.2540000000004,234.0,True,18819.405000000002,0.5,9409.702500000001,9409.702500000001,0.0,sh45,18793.77117447354,25.63382552646266,0.0,4975.872099446158,13846.037202581625,5.763854877761677,5.763854877761677,187.9377117447354,5081.495653347456,25.89275305703299,0.0,,0.0,0.9986379045710285
S3R_hp1_tk6_base,rebuild:4473909,Rebuilt Elliott-Chelsea,new_electric,low_temp_new,True,electric_boiler,1.0,3000.7459999999996,852.0,True,22505.594999999998,0.5,11252.797499999999,11252.797499999999,0.0,sh45,22474.940231924214,30.654768075782965,0.0,5950.504930519055,16558.084893557207,6.892831283331156,6.892831283331156,224.74940231924214,6076.817155935495,30.96441219776057,0.0,,0.0,0.9986379045710285
S3R_hp0.75_tk0_A01_low,7536925,111 Eighth Avenue,steam,steam_radiators,False,steam,0.77,0.0,0.0,False,8856.056524513537,0.3927886633360209,3478.558604691919,0.0,5377.497919821618,none,3471.410881531593,7.147723160325861,0.0,1072.2152327664246,2399.195648765169,0.39709573112921454,0.39709573112921454,34.71410881531593,880.5048030968171,9.282757351072547,6983.763532235867,11501.37210975784,4508.3258201709,0.3919815633428647
S3R_hp0.75_tk0_A01_low,rebuild:2831044,Rebuilt Fulton,new_electric,low_temp_new,True,electric_boiler,1.0,2509.2540000000004,234.0,True,18819.405000000002,0.5,9409.702500000001,9409.702500000001,0.0,sh45,18234.15003266729,585.254967332715,0.0,4846.532118910557,13387.617913756734,4.591432896334956,5.763854877761677,182.3415003266729,4913.255774348721,591.1666336694091,0.0,,0.0,0.9689015158910331
S3R_hp0.75_tk0_A01_low,rebuild:4473909,Rebuilt Elliott-Chelsea,new_electric,low_temp_new,True,electric_boiler,1.0,3000.7459999999996,852.0,True,22505.594999999998,0.5,11252.797499999999,11252.797499999999,0.0,sh45,21805.70511152965,699.889888470348,0.0,5795.830900216708,16009.874211312945,5.49076494366275,6.892831283331156,218.0570511152965,5875.623835551851,706.9594833033818,0.0,,0.0,0.9689015158910329
S3R_hp0.75_tk0_A01_high,7536925,111 Eighth Avenue,steam,steam_radiators,False,steam,0.77,0.0,0.0,False,8856.056524513537,0.3927886633360209,3478.558604691919,0.0,5377.497919821618,none,3471.410881531593,7.147723160325861,0.0,1072.2152327664246,2399.195648765169,0.39709573112921454,0.39709573112921454,34.71410881531593,880.5048030968171,9.282757351072547,6983.763532235867,11501.37210975784,4508.3258201709,0.3919815633428647
S3R_hp0.75_tk0_A01_high,rebuild:2831044,Rebuilt Fulton,new_electric,low_temp_new,True,electric_boiler,1.0,2509.2540000000004,234.0,True,18819.405000000002,0.5,9409.702500000001,9409.702500000001,0.0,sh45,18656.314604894746,163.0903951052557,0.0,4939.431985235303,13716.882619659445,4.591432896334956,5.763854877761677,186.56314604894746,5034.095921415016,164.73777283359163,0.0,,0.0,0.9913339239415243
S3R_hp0.75_tk0_A01_high,rebuild:4473909,Rebuilt Elliott-Chelsea,new_electric,low_temp_new,True,electric_boiler,1.0,3000.7459999999996,852.0,True,22505.594999999998,0.5,11252.797499999999,11252.797499999999,0.0,sh45,22310.55980198875,195.0351980112478,0.0,5906.927226963428,16403.632575025324,5.49076494366275,6.892831283331156,223.1055980198875,6020.133155034294,197.0052505164119,0.0,,0.0,0.9913339239415245
S3R_hp0.75_tk0_A02_low,7536925,111 Eighth Avenue,steam,steam_radiators,False,steam,0.77,0.0,0.0,False,8856.056524513537,0.3927886633360209,3478.558604691919,0.0,5377.497919821618,none,3471.410881531593,7.147723160325861,0.0,1140.6545029430051,2330.7563785885895,0.39709573112921454,0.39709573112921454,34.71410881531593,855.3875909420124,9.282757351072547,6983.763532235867,11501.37210975784,4508.3258201709,0.3919815633428647
S3R_hp0.75_tk0_A02_low,rebuild:2831044,Rebuilt Fulton,new_electric,low_temp_new,True,electric_boiler,1.0,2509.2540000000004,234.0,True,18819.405000000002,0.5,9409.702500000001,9409.702500000001,0.0,sh45,18656.314604894746,163.0903951052557,0.0,5315.723019903318,13340.59158499143,4.591432896334956,5.763854877761677,186.56314604894746,4895.997111691855,164.73777283359163,0.0,,0.0,0.9913339239415243
S3R_hp0.75_tk0_A02_low,rebuild:4473909,Rebuilt Elliott-Chelsea,new_electric,low_temp_new,True,electric_boiler,1.0,3000.7459999999996,852.0,True,22505.594999999998,0.5,11252.797499999999,11252.797499999999,0.0,sh45,22310.55980198875,195.0351980112478,0.0,6356.923049273927,15953.636752714827,5.49076494366275,6.892831283331156,223.1055980198875,5854.984688246342,197.0052505164119,0.0,,0.0,0.9913339239415245
S3R_hp0.75_tk0_A02_high,7536925,111 Eighth Avenue,steam,steam_radiators,False,steam,0.77,0.0,0.0,False,8856.056524513537,0.3927886633360209,3478.558604691919,0.0,5377.497919821618,none,3471.410881531593,7.147723160325861,0.0,958.1497824721243,2513.261099059469,0.39709573112921454,0.39709573112921454,34.71410881531593,922.3668233548251,9.282757351072547,6983.763532235867,11501.37210975784,4508.3258201709,0.3919815633428647
S3R_hp0.75_tk0_A02_high,rebuild:2831044,Rebuilt Fulton,new_electric,low_temp_new,True,electric_boiler,1.0,2509.2540000000004,234.0,True,18819.405000000002,0.5,9409.702500000001,9409.702500000001,0.0,sh45,18656.314604894746,163.0903951052557,0.0,4312.280260788613,14344.034344106134,4.591432896334956,5.763854877761677,186.56314604894746,5264.260604286951,164.73777283359163,0.0,,0.0,0.9913339239415243
S3R_hp0.75_tk0_A02_high,rebuild:4473909,Rebuilt Elliott-Chelsea,new_electric,low_temp_new,True,electric_boiler,1.0,3000.7459999999996,852.0,True,22505.594999999998,0.5,11252.797499999999,11252.797499999999,0.0,sh45,22310.55980198875,195.0351980112478,0.0,5156.9341897792665,17153.625612209486,5.49076494366275,6.892831283331156,223.1055980198875,6295.3805996808815,197.0052505164119,0.0,,0.0,0.9913339239415245
S3R_hp0.75_tk0_A03_low,7536925,111 Eighth Avenue,steam,steam_radiators,False,steam,0.77,0.0,0.0,False,8856.056524513537,0.3927886633360209,3478.558604691919,0.0,5377.497919821618,none,3471.4108815315926,7.147723160325859,0.0,1072.2152327664246,2399.195648765168,0.3970957311292144,0.3970957311292144,34.714108815315925,880.5048030968165,9.282757351072544,6983.763532235867,11501.37210975784,4508.3258201708995,0.39198156334286466
S3R_hp0.75_tk0_A03_low,rebuild:2831044,Rebuilt Fulton,new_electric,low_temp_new,True,electric_boiler,1.0,2509.2540000000004,234.0,True,15055.524000000001,0.5,7527.762000000001,7527.762000000001,0.0,sh45,14925.051683915797,130.47231608420444,0.0,3951.545588188242,10973.506095727553,3.673146317067965,4.611083902209341,149.25051683915797,4027.276737132012,131.79021826687318,0.0,,0.0,0.9913339239415244
S3R_hp0.75_tk0_A03_low,rebuild:4473909,Rebuilt Elliott-Chelsea,new_electric,low_temp_new,True,electric_boiler,1.0,3000.7459999999996,852.0,True,18004.476,0.5,9002.238,9002.238,0.0,sh45,17848.447841591,156.0281584089981,0.0,4725.541781570743,13122.906060020257,4.392611954930201,5.5142650266649245,178.48447841591002,4816.106524027435,157.6042004131294,0.0,,0.0,0.9913339239415245
S3R_hp0.75_tk0_A03_high,7536925,111 Eighth Avenue,steam,steam_radiators,False,steam,0.77,0.0,0.0,False,8856.056524513537,0.3927886633360209,3478.558604691919,0.0,5377.497919821618,none,3471.410881531592,7.14772316032586,0.0,1072.2152327664246,2399.195648765169,0.3970957311292145,0.3970957311292145,34.714108815315925,880.5048030968171,9.282757351072545,6983.763532235867,11501.37210975784,4508.325820170899,0.3919815633428646
S3R_hp0.75_tk0_A03_high,rebuild:2831044,Rebuilt Fulton,new_electric,low_temp_new,True,electric_boiler,1.0,2509.2540000000004,234.0,True,22583.286000000004,0.5,11291.643000000002,11291.643000000002,0.0,sh45,22338.545473844548,244.74052615545338,0.0,5916.528582808898,16422.016891035655,5.509719475601948,6.916625853314013,223.38545473844547,6026.880199010086,247.21265268227614,0.0,,0.0,0.9891627584154292
S3R_hp0.75_tk0_A03_high,rebuild:4473909,Rebuilt Elliott-Chelsea,new_electric,low_temp_new,True,electric_boiler,1.0,3000.7459999999996,852.0,True,27006.713999999996,0.5,13503.356999999998,13503.356999999998,0.0,sh45,26714.035715976588,292.67828402340774,0.0,7075.409455857982,19638.62626011861,6.5889179323953,8.271397539997388,267.14035715976587,7207.37583746353,295.6346303266745,0.0,,0.0,0.9891627584154293
S3R_hp0.75_tk0_A04_low,7536925,111 Eighth Avenue,steam,steam_radiators,False,steam,0.7,0.0,0.0,False,8050.960476830487,0.3927886633360209,3162.3260042653806,0.0,4888.634472565107,none,3155.8280741196295,6.497930145750782,0.0,974.7411206967494,2181.086953422881,0.3609961192083768,0.3609961192083768,31.558280741196295,800.4589119061973,9.282757351072547,6983.763532235867,11501.37210975784,4508.3258201708995,0.39198156334286466
S3R_hp0.75_tk0_A04_low,rebuild:2831044,Rebuilt Fulton,new_electric,low_temp_new,True,electric_boiler,1.0,2509.2540000000004,234.0,True,18819.405000000002,0.5,9409.702500000001,9409.702500000001,0.0,sh45,18656.314604894746,163.0903951052557,0.0,4939.431985235303,13716.882619659447,4.591432896334956,5.763854877761677,186.56314604894746,5034.095921415017,164.73777283359163,0.0,,0.0,0.9913339239415243
S3R_hp0.75_tk0_A04_low,rebuild:4473909,Rebuilt Elliott-Chelsea,new_electric,low_temp_new,True,electric_boiler,1.0,3000.7459999999996,852.0,True,22505.594999999998,0.5,11252.797499999999,11252.797499999999,0.0,sh45,22310.559801988747,195.0351980112478,0.0,5906.927226963428,16403.632575025324,5.49076494366275,6.892831283331156,223.10559801988748,6020.133155034294,197.0052505164119,0.0,,0.0,0.9913339239415243
S3R_hp0.75_tk0_A04_high,7536925,111 Eighth Avenue,steam,steam_radiators,False,steam,0.85,0.0,0.0,False,9776.166293294164,0.3927886633360209,3839.967290893677,0.0,5936.199002400486,none,3832.076947145264,7.890343748411665,0.0,1183.61421798891,2648.4627291563556,0.4383524304673147,0.4383524304673147,38.32076947145264,971.9858216003825,9.282757351072547,6983.7635322358665,11501.37210975784,4508.325820170899,0.3919815633428646
S3R_hp0.75_tk0_A04_high,rebuild:2831044,Rebuilt Fulton,new_electric,low_temp_new,True,electric_boiler,1.0,2509.2540000000004,234.0,True,18819.405000000002,0.5,9409.702500000001,9409.702500000001,0.0,sh45,18656.314604894746,163.0903951052557,0.0,4939.431985235302,13716.882619659445,4.591432896334956,5.763854877761677,186.56314604894746,5034.095921415016,164.73777283359163,0.0,,0.0,0.9913339239415243
S3R_hp0.75_tk0_A04_high,rebuild:4473909,Rebuilt Elliott-Chelsea,new_electric,low_temp_new,True,electric_boiler,1.0,3000.7459999999996,852.0,True,22505.594999999998,0.5,11252.797499999999,11252.797499999999,0.0,sh45,22310.559801988747,195.0351980112478,0.0,5906.9272269634275,16403.632575025324,5.49076494366275,6.892831283331156,223.10559801988748,6020.133155034294,197.0052505164119,0.0,,0.0,0.9913339239415243
S3R_hp0.75_tk0_A10_low,7536925,111 Eighth Avenue,steam,steam_radiators,False,steam,0.77,0.0,0.0,False,8856.056524513537,0.3927886633360209,3478.558604691919,0.0,5377.497919821618,none,3471.410881531593,7.147723160325861,0.0,1206.2421368622272,2265.1687446693654,0.39709573112921454,0.39709573112921454,34.71410881531593,831.316929293657,9.282757351072547,6983.763532235867,11501.37210975784,4508.3258201709,0.3919815633428647
S3R_hp0.75_tk0_A10_low,rebuild:2831044,Rebuilt Fulton,new_electric,low_temp_new,True,electric_boiler,1.0,2509.2540000000004,234.0,True,18819.405000000002,0.5,9409.702500000001,9409.702500000001,0.0,sh45,18656.314604894746,163.0903951052557,0.0,5556.860983389714,13099.453621505032,4.591432896334956,5.763854877761677,186.56314604894746,4807.4994790923465,164.73777283359163,0.0,,0.0,0.9913339239415243
S3R_hp0.75_tk0_A10_low,rebuild:4473909,Rebuilt Elliott-Chelsea,new_electric,low_temp_new,True,electric_boiler,1.0,3000.7459999999996,852.0,True,22505.594999999998,0.5,11252.797499999999,11252.797499999999,0.0,sh45,22310.55980198875,195.0351980112478,0.0,6645.2931303338555,15665.266671654892,5.49076494366275,6.892831283331156,223.1055980198875,5749.1528684973455,197.0052505164119,0.0,,0.0,0.9913339239415245
S3R_hp0.75_tk0_A10_high,7536925,111 Eighth Avenue,steam,steam_radiators,False,steam,0.77,0.0,0.0,False,8856.056524513537,0.3927886633360209,3478.558604691919,0.0,5377.497919821618,none,3471.410881531593,7.147723160325861,0.0,964.9937094897818,2506.4171720418117,0.39709573112921454,0.39709573112921454,34.71410881531593,919.8551021393449,9.282757351072547,6983.763532235867,11501.37210975784,4508.3258201709,0.3919815633428647
S3R_hp0.75_tk0_A10_high,rebuild:2831044,Rebuilt Fulton,new_electric,low_temp_new,True,electric_boiler,1.0,2509.2540000000004,234.0,True,18819.405000000002,0.5,9409.702500000001,9409.702500000001,0.0,sh45,18656.314604894746,163.09039510525577,0.0,4445.488786711772,14210.825818182977,4.591432896334956,5.763854877761677,186.56314604894746,5215.373075273153,164.7377728335917,0.0,,0.0,0.9913339239415243
S3R_hp0.75_tk0_A10_high,rebuild:4473909,Rebuilt Elliott-Chelsea,new_electric,low_temp_new,True,electric_boiler,1.0,3000.7459999999996,852.0,True,22505.594999999998,0.5,11252.797499999999,11252.797499999999,0.0,sh45,22310.559801988747,195.03519801124784,0.0,5316.234504267085,16994.32529772167,5.49076494366275,6.892831283331156,223.10559801988748,6236.917384263852,197.00525051641196,0.0,,0.0,0.9913339239415243
S3R_hp0.75_tk0_A11_low,7536925,111 Eighth Avenue,steam,steam_radiators,False,steam,0.77,0.0,0.0,False,8856.056524513537,0.3927886633360209,3478.558604691919,0.0,5377.497919821618,none,3471.410881531593,7.147723160325861,0.0,1072.2152327664246,2399.195648765169,0.39709573112921454,0.39709573112921454,17.357054407657966,880.5048030968171,9.282757351072547,6983.763532235867,11501.37210975784,4508.3258201709,0.3919815633428647
S3R_hp0.75_tk0_A11_low,rebuild:2831044,Rebuilt Fulton,new_electric,low_temp_new,True,electric_boiler,1.0,2509.2540000000004,234.0,True,18819.405000000002,0.5,9409.702500000001,9409.702500000001,0.0,sh45,18656.314604894746,163.0903951052557,0.0,4939.431985235303,13716.882619659445,4.591432896334956,5.763854877761677,93.28157302447373,5034.095921415016,164.73777283359163,0.0,,0.0,0.9913339239415243
S3R_hp0.75_tk0_A11_low,rebuild:4473909,Rebuilt Elliott-Chelsea,new_electric,low_temp_new,True,electric_boiler,1.0,3000.7459999999996,852.0,True,22505.594999999998,0.5,11252.797499999999,11252.797499999999,0.0,sh45,22310.55980198875,195.0351980112478,0.0,5906.927226963428,16403.632575025324,5.49076494366275,6.892831283331156,111.55279900994375,6020.133155034294,197.0052505164119,0.0,,0.0,0.9913339239415245
S3R_hp0.75_tk0_A11_high,7536925,111 Eighth Avenue,steam,steam_radiators,False,steam,0.77,0.0,0.0,False,8856.056524513537,0.3927886633360209,3478.558604691919,0.0,5377.497919821618,none,3471.410881531593,7.147723160325861,0.0,1072.2152327664246,2399.195648765169,0.39709573112921454,0.39709573112921454,104.14232644594779,880.5048030968171,9.282757351072547,6983.763532235867,11501.37210975784,4508.3258201709,0.3919815633428647
S3R_hp0.75_tk0_A11_high,rebuild:2831044,Rebuilt Fulton,new_electric,low_temp_new,True,electric_boiler,1.0,2509.2540000000004,234.0,True,18819.405000000002,0.5,9409.702500000001,9409.702500000001,0.0,sh45,18656.314604894746,163.0903951052557,0.0,4939.431985235303,13716.882619659445,4.591432896334956,5.763854877761677,559.6894381468423,5034.095921415016,164.73777283359163,0.0,,0.0,0.9913339239415243
S3R_hp0.75_tk0_A11_high,rebuild:4473909,Rebuilt Elliott-Chelsea,new_electric,low_temp_new,True,electric_boiler,1.0,3000.7459999999996,852.0,True,22505.594999999998,0.5,11252.797499999999,11252.797499999999,0.0,sh45,22310.55980198875,195.0351980112478,0.0,5906.927226963428,16403.632575025324,5.49076494366275,6.892831283331156,669.3167940596625,6020.133155034294,197.0052505164119,0.0,,0.0,0.9913339239415245
S3R_hp0.75_tk0_A16_low,7536925,111 Eighth Avenue,steam,steam_radiators,False,steam,0.77,0.0,0.0,False,8856.056524513537,0.3927886633360209,3478.558604691919,0.0,5377.497919821618,none,3471.410881531593,7.147723160325861,0.0,1072.2152327664246,2399.195648765169,0.39709573112921454,0.39709573112921454,34.71410881531593,880.5048030968171,9.282757351072547,6983.763532235867,11501.37210975784,4508.3258201709,0.3919815633428647
S3R_hp0.75_tk0_A16_low,rebuild:2831044,Rebuilt Fulton,new_electric,low_temp_new,True,electric_boiler,1.0,2509.2540000000004,234.0,True,18819.405000000002,0.5,9409.702500000001,9409.702500000001,0.0,sh45,18656.314604894746,163.0903951052557,0.0,4939.431985235303,13716.882619659445,4.591432896334956,5.763854877761677,186.56314604894746,5034.095921415016,164.73777283359163,0.0,,0.0,0.9913339239415243
S3R_hp0.75_tk0_A16_low,rebuild:4473909,Rebuilt Elliott-Chelsea,new_electric,low_temp_new,True,electric_boiler,1.0,3000.7459999999996,852.0,True,22505.594999999998,0.5,11252.797499999999,11252.797499999999,0.0,sh45,22310.55980198875,195.0351980112478,0.0,5906.927226963428,16403.632575025324,5.49076494366275,6.892831283331156,223.1055980198875,6020.133155034294,197.0052505164119,0.0,,0.0,0.9913339239415245
S3R_hp0.75_tk0_A16_high,7536925,111 Eighth Avenue,steam,steam_radiators,False,steam,0.77,0.0,0.0,False,8856.056524513537,0.3927886633360209,3478.558604691919,0.0,5377.497919821618,none,3478.558604691919,0.0,0.0,1074.4229511592175,2404.1356535327022,0.39709573112921454,0.39709573112921454,34.78558604691919,882.3177848465017,0.0,6983.763532235867,11501.37210975784,4517.608577521973,0.3927886633360209
S3R_hp0.75_tk0_A16_high,rebuild:2831044,Rebuilt Fulton,new_electric,low_temp_new,True,electric_boiler,1.0,2509.2540000000004,234.0,True,18819.405000000002,0.5,9409.702500000001,9409.702500000001,0.0,sh45,18738.96039702878,80.4446029712265,0.0,4959.3359127820295,13779.62448424675,4.591432896334956,5.763854877761677,187.3896039702878,5057.122185718557,81.25717471841061,0.0,,0.0,0.9957254438718321
S3R_hp0.75_tk0_A16_high,rebuild:4473909,Rebuilt Elliott-Chelsea,new_electric,low_temp_new,True,electric_boiler,1.0,3000.7459999999996,852.0,True,22505.594999999998,0.5,11252.797499999999,11252.797499999999,0.0,sh45,22409.39357097468,96.20142902531828,0.0,5930.729771851323,16478.663799123362,5.49076494366275,6.892831283331156,224.0939357097468,6047.669614278274,97.17316063163463,0.0,,0.0,0.995725443871832
S3R_hp0.75_tk0_A17_low,7536925,111 Eighth Avenue,steam,steam_radiators,False,steam,0.77,0.0,0.0,False,8856.056524513537,0.3927886633360209,3478.558604691919,0.0,5377.497919821618,none,3471.410881531593,7.147723160325861,0.0,1072.2152327664246,2399.195648765169,0.39709573112921454,0.39709573112921454,34.71410881531593,0.0,9.282757351072547,6983.763532235867,11501.37210975784,4508.3258201709,0.3919815633428647
S3R_hp0.75_tk0_A17_low,rebuild:2831044,Rebuilt Fulton,new_electric,low_temp_new,True,electric_boiler,1.0,2509.2540000000004,234.0,True,18819.405000000002,0.5,9409.702500000001,9409.702500000001,0.0,sh45,18656.314604894746,163.0903951052557,0.0,4939.431985235303,13716.882619659445,4.591432896334956,5.763854877761677,186.56314604894746,0.0,164.73777283359163,0.0,,0.0,0.9913339239415243
S3R_hp0.75_tk0_A17_low,rebuild:4473909,Rebuilt Elliott-Chelsea,new_electric,low_temp_new,True,electric_boiler,1.0,3000.7459999999996,852.0,True,22505.594999999998,0.5,11252.797499999999,11252.797499999999,0.0,sh45,22310.55980198875,195.0351980112478,0.0,5906.927226963428,16403.632575025324,5.49076494366275,6.892831283331156,223.1055980198875,0.0,197.0052505164119,0.0,,0.0,0.9913339239415245
S3R_hp0.75_tk0_A17_high,7536925,111 Eighth Avenue,steam,steam_radiators,False,steam,0.77,0.0,0.0,False,8856.056524513537,0.3927886633360209,3478.558604691919,0.0,5377.497919821618,none,3471.410881531593,7.147723160325861,0.0,1072.2152327664246,2399.195648765169,0.39709573112921454,0.39709573112921454,34.71410881531593,880.5048030968171,9.282757351072547,6983.763532235867,11501.37210975784,4508.3258201709,0.3919815633428647
S3R_hp0.75_tk0_A17_high,rebuild:2831044,Rebuilt Fulton,new_electric,low_temp_new,True,electric_boiler,1.0,2509.2540000000004,234.0,True,18819.405000000002,0.5,9409.702500000001,9409.702500000001,0.0,sh45,18656.314604894746,163.0903951052557,0.0,4939.431985235303,13716.882619659445,4.591432896334956,5.763854877761677,186.56314604894746,5034.095921415016,164.73777283359163,0.0,,0.0,0.9913339239415243
S3R_hp0.75_tk0_A17_high,rebuild:4473909,Rebuilt Elliott-Chelsea,new_electric,low_temp_new,True,electric_boiler,1.0,3000.7459999999996,852.0,True,22505.594999999998,0.5,11252.797499999999,11252.797499999999,0.0,sh45,22310.55980198875,195.0351980112478,0.0,5906.927226963428,16403.632575025324,5.49076494366275,6.892831283331156,223.1055980198875,6020.133155034294,197.0052505164119,0.0,,0.0,0.9913339239415245
S3R_hp0.75_tk0_A18_low,7536925,111 Eighth Avenue,steam,steam_radiators,False,steam,0.77,0.0,0.0,False,8856.056524513537,0.3927886633360209,3478.558604691919,0.0,5377.497919821618,none,3471.410881531593,7.147723160325861,0.0,1072.2152327664246,2399.195648765169,0.39709573112921454,0.39709573112921454,34.71410881531593,880.5048030968171,9.282757351072547,6983.763532235867,11501.37210975784,4508.3258201709,0.3919815633428647
S3R_hp0.75_tk0_A18_low,rebuild:2831044,Rebuilt Fulton,new_electric,low_temp_new,True,electric_boiler,1.0,2509.2540000000004,234.0,True,18819.405000000002,0.5,9409.702500000001,9409.702500000001,0.0,sh45,18656.314604894746,163.0903951052557,0.0,4939.431985235303,13716.882619659445,4.591432896334956,5.763854877761677,186.56314604894746,5034.095921415016,164.73777283359163,0.0,,0.0,0.9913339239415243
S3R_hp0.75_tk0_A18_low,rebuild:4473909,Rebuilt Elliott-Chelsea,new_electric,low_temp_new,True,electric_boiler,1.0,3000.7459999999996,852.0,True,22505.594999999998,0.5,11252.797499999999,11252.797499999999,0.0,sh45,22310.55980198875,195.0351980112478,0.0,5906.927226963428,16403.632575025324,5.49076494366275,6.892831283331156,223.1055980198875,6020.133155034294,197.0052505164119,0.0,,0.0,0.9913339239415245
S3R_hp0.75_tk0_A18_high,7536925,111 Eighth Avenue,steam,steam_radiators,False,steam,0.77,0.0,0.0,False,8856.056524513537,0.3927886633360209,3478.558604691919,0.0,5377.497919821618,none,3471.410881531593,7.147723160325861,0.0,1072.2152327664246,2399.195648765169,0.39709573112921454,0.39709573112921454,34.71410881531593,880.5048030968171,9.282757351072547,6983.763532235867,11501.37210975784,4508.3258201709,0.3919815633428647
S3R_hp0.75_tk0_A18_high,rebuild:2831044,Rebuilt Fulton,new_electric,low_temp_new,True,electric_boiler,1.0,2509.2540000000004,234.0,True,18819.405000000002,0.5,9409.702500000001,9409.702500000001,0.0,sh45,18656.314604894746,163.0903951052557,0.0,4939.431985235303,13716.882619659445,4.591432896334956,5.763854877761677,186.56314604894746,5034.095921415016,164.73777283359163,0.0,,0.0,0.9913339239415243
S3R_hp0.75_tk0_A18_high,rebuild:4473909,Rebuilt Elliott-Chelsea,new_electric,low_temp_new,True,electric_boiler,1.0,3000.7459999999996,852.0,True,22505.594999999998,0.5,11252.797499999999,11252.797499999999,0.0,sh45,22310.55980198875,195.0351980112478,0.0,5906.927226963428,16403.632575025324,5.49076494366275,6.892831283331156,223.1055980198875,6020.133155034294,197.0052505164119,0.0,,0.0,0.9913339239415245
S3R_hp0.75_tk0_A19_low,7536925,111 Eighth Avenue,steam,steam_radiators,False,steam,0.77,0.0,0.0,False,8856.056524513537,0.3927886633360209,3478.558604691919,0.0,5377.497919821618,none,3471.4108815315944,7.147723160325861,0.0,1072.2152327664248,2399.1956487651687,0.39709573112921454,0.39709573112921454,34.714108815315946,880.5048030968169,9.282757351072547,6983.763532235867,11501.37210975784,4508.325820170901,0.3919815633428648
S3R_hp0.75_tk0_A19_low,rebuild:2831044,Rebuilt Fulton,new_electric,low_temp_new,True,electric_boiler,1.0,2509.2540000000004,234.0,True,18819.405000000002,0.4,7527.7620000000015,11291.643,0.0,sh45,18631.430527928496,187.97447207151214,0.0,4767.156659815841,13864.27386811265,5.080052694780029,6.486959072492094,186.31430527928498,5088.188509597342,189.87320411263852,0.0,,0.0,0.9900116676339392
S3R_hp0.75_tk0_A19_low,rebuild:4473909,Rebuilt Elliott-Chelsea,new_electric,low_temp_new,True,electric_boiler,1.0,3000.7459999999996,852.0,True,22505.594999999998,0.4,9002.238,13503.356999999998,0.0,sh45,22280.801637044042,224.79336295596286,0.0,5700.90803016185,16579.89360688219,6.075091562532287,7.757571170134375,222.8080163704404,6084.8209537257635,227.06400298582108,0.0,,0.0,0.9900116676339392
S3R_hp0.75_tk0_A19_high,7536925,111 Eighth Avenue,steam,steam_radiators,False,steam,0.77,0.0,0.0,False,8856.056524513537,0.3927886633360209,3478.558604691919,0.0,5377.497919821618,none,3471.410881531592,7.14772316032586,0.0,1072.2152327664246,2399.195648765169,0.3970957311292145,0.3970957311292145,34.714108815315925,880.5048030968171,9.282757351072545,6983.763532235867,11501.37210975784,4508.325820170899,0.3919815633428646
S3R_hp0.75_tk0_A19_high,rebuild:2831044,Rebuilt Fulton,new_electric,low_temp_new,True,electric_boiler,1.0,2509.2540000000004,234.0,True,18819.405000000002,0.6,11291.643000000002,7527.762000000001,0.0,sh45,18681.198681861002,138.20631813899897,0.0,5111.707310654766,13569.491371206239,4.102813097889882,5.040750683031259,186.81198681861002,4980.003333232689,139.6023415545444,0.0,,0.0,0.9926561802491098
S3R_hp0.75_tk0_A19_high,rebuild:4473909,Rebuilt Elliott-Chelsea,new_electric,low_temp_new,True,electric_boiler,1.0,3000.7459999999996,852.0,True,22505.594999999998,0.6,13503.356999999998,9002.238,0.0,sh45,22340.317966933464,165.27703306653234,0.0,6112.946423765008,16227.37154316846,4.906438324793214,6.028091396527938,223.40317966933463,5955.445356342824,166.94649804700236,0.0,,0.0,0.99265618024911
S3R_hp0.75_tk0_A20_low,7536925,111 Eighth Avenue,steam,steam_radiators,False,steam,0.77,0.0,0.0,False,8856.056524513537,0.11983553170799588,1061.2702424511458,0.0,7794.7862820623905,none,1059.0895501721368,2.180692279009204,0.0,327.12115831626613,731.9683918558705,0.12114957105606688,0.12114957105606688,10.590895501721368,268.6323998111045,2.832067894817148,10123.099067613493,11501.37210975784,1375.4409742495284,0.11958929431407538
S3R_hp0.75_tk0_A20_low,rebuild:2831044,Rebuilt Fulton,new_electric,low_temp_new,True,electric_boiler,1.0,2509.2540000000004,234.0,True,18819.405000000002,0.5,9409.702500000001,9409.702500000001,0.0,sh45,18656.314604894753,163.0903951052557,0.0,4939.431985235303,13716.882619659445,4.591432896334956,5.763854877761677,186.56314604894754,5034.095921415016,164.73777283359163,0.0,,0.0,0.9913339239415248
S3R_hp0.75_tk0_A20_low,rebuild:4473909,Rebuilt Elliott-Chelsea,new_electric,low_temp_new,True,electric_boiler,1.0,3000.7459999999996,852.0,True,22505.594999999998,0.5,11252.797499999999,11252.797499999999,0.0,sh45,22310.559801988755,195.0351980112478,0.0,5906.9272269634275,16403.632575025324,5.49076494366275,6.892831283331156,223.10559801988757,6020.133155034294,197.0052505164119,0.0,,0.0,0.9913339239415246
S3R_hp0.75_tk0_A20_high,7536925,111 Eighth Avenue,steam,steam_radiators,False,steam,0.77,0.0,0.0,False,8856.056524513537,0.5258314422656127,4656.792975070743,0.0,4199.263549442794,none,4647.224222382242,9.568752688501528,0.0,1435.3888869302937,3211.8353354519504,0.5315973715834182,0.5315973715834182,46.47224222382243,1178.7435681108657,12.426951543508478,5453.589025250381,11501.37210975784,6035.356132963951,0.5247509666993136
S3R_hp0.75_tk0_A20_high,rebuild:2831044,Rebuilt Fulton,new_electric,low_temp_new,True,electric_boiler,1.0,2509.2540000000004,234.0,True,18819.405000000002,0.5,9409.702500000001,9409.702500000001,0.0,sh45,18656.31460489475,163.0903951052557,0.0,4939.431985235304,13716.88261965945,4.591432896334956,5.763854877761677,186.5631460489475,5034.095921415018,164.73777283359163,0.0,,0.0,0.9913339239415245
S3R_hp0.75_tk0_A20_high,rebuild:4473909,Rebuilt Elliott-Chelsea,new_electric,low_temp_new,True,electric_boiler,1.0,3000.7459999999996,852.0,True,22505.594999999998,0.5,11252.797499999999,11252.797499999999,0.0,sh45,22310.559801988755,195.0351980112478,0.0,5906.927226963429,16403.632575025327,5.49076494366275,6.892831283331156,223.10559801988757,6020.133155034295,197.0052505164119,0.0,,0.0,0.9913339239415246
