case,horizon,members,external,n_external,scope,hp_frac,tank_hours,heat_recovered_MWh,heat_delivered_MWh,capex_total,capex_annualised,opex_annual,electricity_cost,source_electricity_cost,om_annual,baseline_energy_cost,gross_energy_savings,net_societal_value,co2_avoided_t,low_income_households,community_facilities,funding_gap_at_tariff,funding_gap_no_worse_off,dc_net,route_m,scop,coverage_pct,tech_ok,lcoh,value_vs_internal_only
liquid_cooling_speculative,post_rebuild,7536925|rebuild:2831044,rebuild:2831044,1,dhw_only,0.5,6,18228.84355851176,21556.55029340461,22681399.59752341,1425353.720695284,1215492.7074519813,791914.2749570219,0.0,257926.25296744655,2848544.2484168927,1890977.793932358,207697.82026962767,1388.2384693853842,1334.7774000000002,0,1401765.5185228835,1409486.6503834857,1617184.4706531132,187.02537111843935,6.4388223521155314,77.89048169733645,True,114.82330033934312,-8131.354237828113
liquid_cooling_speculative,post_rebuild,7536925|19906892|rebuild:2831044,19906892|rebuild:2831044,2,dhw_only,0.5,6,19844.466647743666,23549.338721724027,24462559.73408433,1534220.7977772527,1327022.1254655288,880068.9705453189,0.0,281113.4195408463,2939821.4296509875,1893912.723726305,78578.5064082059,1698.3534414085057,1334.7774000000002,0,1515975.4175910552,1681937.084617293,1760515.591025499,229.088381983926,6.321971253148433,71.88586653045816,True,114.4577017518091,-137250.6680992499
liquid_cooling_speculative,post_rebuild,7536925|4040951|rebuild:2831044,4040951|rebuild:2831044,2,full,0.5,6,21572.15079303292,25680.34872985667,26082647.851729102,1634052.1608842278,1443441.1745011313,974338.1543146037,0.0,303062.7199144247,3037429.6774507966,1897051.22286409,-40063.6579345626,2029.9782640247088,1334.7774000000002,0,1624020.841306941,1953851.9434668263,1913788.285532264,261.62238765543907,6.22061751509593,67.23334742610162,True,113.37279979100605,-255892.8324420184
advanced_recovery,post_rebuild,7536925|rebuild:2831044,rebuild:2831044,1,dhw_only,0.5,6,16928.5233549248,21556.55029340461,22154175.66250245,1394628.0792395414,1498891.5532980768,1080585.360153327,0.0,252654.01361723704,2848544.2484168927,1602306.708736053,-44975.38412072586,1012.4953427164888,1334.7774000000002,0,1512155.6352544408,1546801.048091041,1501825.6639703151,187.02537111843935,4.639027475980777,77.89048169733645,True,126.54471220493556,-218865.98881548725
liquid_cooling_speculative,post_rebuild,7536925|1634606|rebuild:2831044,1634606|rebuild:2831044,2,dhw_only,0.5,6,18923.09542968684,22412.874459874976,26435278.55099165,1646299.0884580736,1293303.123459399,829795.3641621413,0.0,297774.9848575001,2887767.105709359,1892238.96710746,-51835.106208113786,1521.4984487960617,1334.7774000000002,1,1652040.2551986114,1730610.6120348186,1678775.505826705,335.7905800568832,6.3855363062606685,75.05969825586159,True,123.7623243035462,-267664.2807155696
liquid_cooling_speculative,post_rebuild,7536925|8899918|rebuild:2831044,8899918|rebuild:2831044,2,dhw_only,0.5,6,19397.097453723964,22997.53170746992,26708662.078297865,1663717.1866515046,1323532.502139545,855658.7628816378,0.0,302085.9384608329,2914546.599603528,1893100.035924816,-72703.08918752131,1612.4819989835378,1334.7774000000002,0,1670000.9495286252,1793530.0125860805,1720826.9233985592,337.2341630423996,6.351892778236991,73.35359683951154,True,122.6854222393582,-288532.2636949771
liquid_cooling_speculative,post_rebuild,7536925|19906892|1634606|rebuild:2831044,19906892|1634606|rebuild:2831044,3,dhw_only,0.5,6,20538.71851891872,24405.662888194387,27234924.180291377,1697965.3048990725,1395017.396400334,917950.059750438,0.0,311147.00635828776,2979044.286943454,1895173.8969014075,-113938.41435595303,1831.613420819183,1334.7774000000002,1,1699234.1485532003,1936045.0405550424,1822106.6261990888,334.93084166530934,6.278717960998504,69.84231736219573,True,119.93373769100488,-329767.58886340883
liquid_cooling_speculative,post_rebuild,7536925|4040951|19906892|rebuild:2831044,4040951|19906892|rebuild:2831044,3,dhw_only,0.5,6,23187.77388226482,27673.137158176083,27863807.98829003,1742919.2379661966,1554970.5925146788,1062492.8499029006,0.0,326249.88648782443,3128706.8586848914,1899986.152658037,-169182.9717959839,2340.0932360478305,1334.7774000000002,0,1738230.7403751125,2226302.377700634,2057119.4059046495,303.6853985209257,6.142242812861703,63.94017480359129,True,113.16613495812727,-385012.1463034397
liquid_cooling_speculative,post_rebuild,7536925|19906892,19906892,1,dhw_only,0.5,6,4430.016977068319,5464.199309851003,7235283.100643671,435545.34625283873,329997.7993643358,241719.00034562487,0.0,87092.55915873189,577303.3985230726,334398.1583174687,-188239.747094102,801.3913104588686,0.0,0,477418.8837475203,581251.768786466,393012.021692364,65.23632213456706,5.283593749999999,39.19815633428647,True,139.8845214850038,-404068.92160155775
liquid_cooling_speculative,today,7536925|19906892,19906892,1,dhw_only,0.5,2,4430.016977068319,5464.199309851003,7235283.100643671,435545.34625283873,329997.7993643358,241719.00034562487,0.0,87092.55915873189,577303.3985230726,334398.1583174687,-188239.747094102,801.3913104588686,0.0,0,477418.8837475203,581251.768786466,393012.021692364,65.23632213456706,5.283593749999999,39.19815633428647,True,139.8845214850038,-404068.92160155775
advanced_recovery,post_rebuild,7536925|19906892|rebuild:2831044,19906892|rebuild:2831044,2,dhw_only,0.5,6,18426.28227569185,23549.338721724027,23904715.3606689,1501710.6534777824,1636280.6123268758,1194905.9011408202,0.0,275534.975806692,2939821.4296509875,1579075.7931308036,-198169.8361536705,1288.552048891671,1334.7774000000002,0,1624528.1937410338,1832870.219229008,1634700.3830753374,229.088381983926,4.580028236302872,71.88586653045816,True,126.20955371810568,-372060.4408484319
liquid_cooling_speculative,post_rebuild,7536925|19906892|8899918|rebuild:2831044,19906892|8899918|rebuild:2831044,3,dhw_only,0.5,6,21012.72054295585,24990.32013578933,28489822.214858785,1772584.2637334734,1435061.9201530926,943813.4584699344,0.0,325273.1050342326,3005823.780837623,1896034.965718763,-201822.40304894355,1922.5969710066595,1334.7774000000002,0,1784210.8485967962,2065980.4468198875,1864158.043770944,379.2971739078862,6.251199417803324,68.5878516001004,True,121.71396007374788,-417651.57755639934
liquid_cooling_speculative,post_rebuild,7536925|4040951|8899918|rebuild:2831044,4040951|8899918|rebuild:2831044,3,dhw_only,0.5,6,22740.40468824513,27121.33014392198,28404100.355352,1773004.158073379,1534422.8694171798,1038082.64223922,0.0,330164.3056362953,3103432.0286374325,1899173.464856548,-203994.9988531264,2254.2217936228626,1334.7774000000002,0,1775786.7037740976,2221425.7371308366,2017430.7382777105,337.23416304239964,6.162601224441326,64.77200184983488,True,115.82216245588027,-419824.17336058215
liquid_cooling_speculative,post_rebuild,7536925|1633052|rebuild:2831044,1633052|rebuild:2831044,2,dhw_only,0.5,6,19741.20946776232,23421.976272660773,29050830.204271197,1801293.0932799412,1366915.167401638,874434.8561722143,0.0,326652.5628589604,2933987.751985884,1893725.1474432056,-234220.50869569584,1678.5334736855116,1334.7774000000002,1,1829407.7600060331,1985575.5675451816,1751355.0588494858,432.0285859131241,6.32872767914033,72.2133233621096,True,128.186472283965,-450049.6832031516
advanced_recovery,post_rebuild,7536925|19906892,19906892,1,dhw_only,0.75,6,4106.834998073729,5464.199309851003,7151322.266686234,430652.2632398325,400904.5903615599,313465.39968242333,0.0,86252.95081915753,577303.3985230726,262651.75898067025,-254253.45507831976,708.0039994446345,0.0,0,472380.9203615669,618594.1638622493,364340.7087839295,65.23632213456706,4.02559523809524,39.19815633428647,True,151.9656525420658,-428144.0597730812
advanced_recovery,today,7536925|19906892,19906892,1,dhw_only,0.75,2,4106.834998073729,5464.199309851003,7151322.266686234,430652.2632398325,400904.5903615599,313465.39968242333,0.0,86252.95081915753,577303.3985230726,262651.75898067025,-254253.45507831976,708.0039994446345,0.0,0,472380.9203615669,618594.1638622493,364340.7087839295,65.23632213456706,4.02559523809524,39.19815633428647,True,151.9656525420658,-428144.0597730812
liquid_cooling_speculative,post_rebuild,7536925|1634606,1634606,1,dhw_only,0.5,2,3508.645759011496,4327.735048001959,8678097.80876093,516741.79987904814,290979.7562703052,191445.3939624473,0.0,98455.08338748508,525249.0745814443,332724.40169862413,-282472.4815679091,624.5363178464245,0.0,1,577302.8432125646,593744.4180614792,311271.93649357004,148.76520893844375,5.2835937500000005,39.19815633428647,True,186.38901602846357,-498301.6560753649
liquid_cooling_speculative,today,7536925|1634606,1634606,1,dhw_only,0.75,2,3508.645759011496,4327.735048001959,8678097.80876093,516741.79987904814,290979.7562703052,191445.3939624473,0.0,98455.08338748508,525249.0745814443,332724.40169862413,-282472.4815679091,624.5363178464245,0.0,1,577302.8432125646,593744.4180614792,311271.93649357004,148.76520893844375,5.2835937500000005,39.19815633428647,True,186.38901602846357,-498301.6560753649
liquid_cooling_speculative,post_rebuild,7536925|1633052|1634606|rebuild:2831044,1633052|1634606|rebuild:2831044,3,dhw_only,0.5,6,20435.46133893739,24278.30043913114,29784788.878207505,1846243.060283591,1414526.3806137356,912315.9453773336,0.0,336302.0919536946,2973210.60927835,1894986.320618309,-287558.8316189766,1811.7934530961893,1334.7774000000002,2,1873487.8931273008,2100504.9256420536,1812946.094023077,448.729235463282,6.284921555112284,70.12993043587305,True,127.4743718314978,-503388.0061264324
liquid_cooling_speculative,post_rebuild,7536925|19906892|1633052|rebuild:2831044,19906892|1633052|rebuild:2831044,3,dhw_only,0.5,6,21356.832556994214,25414.76470098018,29722125.11584444,1845479.2659075,1467345.933165308,962589.5517605108,0.0,338741.0771824833,3025264.933219978,1896660.0772371537,-287560.2658528302,1988.648445708633,1334.7774000000002,1,1867838.102369917,2182246.445074701,1894686.1792218708,425.5559241942016,6.232156484573565,67.73963420767282,True,123.81817938802833,-503389.440360286
liquid_cooling_speculative,post_rebuild,7536925|4040951|1634606|rebuild:2831044,4040951|1634606|rebuild:2831044,3,dhw_only,0.5,6,22266.402664208,26536.672896327036,29836526.80519735,1854997.528647017,1521251.590508549,1012219.2435197232,0.0,342911.4518044782,3076652.534743263,1898312.396039192,-299596.5844123031,2163.2382434353863,1334.7774000000002,1,1874295.5779826683,2274975.905118159,1975379.320705856,410.3875965938828,6.185252063923823,65.71662925878094,True,120.9695064830654,-515425.7589197589
advanced_recovery,post_rebuild,7536925|1634606|rebuild:2831044,1634606|rebuild:2831044,2,dhw_only,0.5,6,17572.1276338201,22412.874459874976,25894896.66050865,1614806.6255532985,1587814.1552369853,1129710.2148445577,0.0,292371.16595267004,2887767.105709359,1592324.116425044,-314853.6750809246,1131.1200925668168,1334.7774000000002,1,1761640.8454959106,1873777.138027597,1558923.4629466725,335.7905800568832,4.612203536838641,75.05969825586159,True,135.4974798876139,-488744.279775686
liquid_cooling_speculative,post_rebuild,7536925|8899918|1634606|rebuild:2831044,8899918|1634606|rebuild:2831044,3,dhw_only,0.5,6,20091.349324899027,23853.855873940283,30462541.031766105,1884662.554414294,1401342.9181469628,893539.852086757,0.0,341934.6703508863,2953769.456895995,1894361.2090999184,-332236.01566526183,1745.741978394215,1334.7774000000002,1,1920275.6862043529,2114653.974237412,1782417.9585721495,485.9993719808433,6.306165713932074,71.12865602646752,True,130.80221048290164,-548065.1901727177
advanced_recovery,post_rebuild,7536925|1634606,1634606,1,dhw_only,0.5,2,3252.6803562019754,4327.735048001959,8611599.457735922,512866.398260737,347139.0921837687,248269.71338616085,0.0,97790.099877235,525249.0745814443,275900.0822749106,-334756.41586306144,550.57204311978,0.0,1,573312.6939739317,623320.2045183261,288563.7886552647,148.76520893844375,4.025595238095236,39.19815633428647,True,198.4701470855256,-508647.0205578228
advanced_recovery,today,7536925|1634606,1634606,1,dhw_only,0.75,6,3252.6803562019754,4327.735048001959,8611599.457735922,512866.398260737,347139.0921837687,248269.71338616085,0.0,97790.099877235,525249.0745814443,275900.0822749106,-334756.41586306144,550.57204311978,0.0,1,573312.6939739317,623320.2045183261,288563.7886552647,148.76520893844375,4.025595238095236,39.19815633428647,True,198.4701470855256,-508647.0205578228
advanced_recovery,post_rebuild,7536925|4040951|rebuild:2831044,4040951|rebuild:2831044,2,full,0.5,6,20027.927088842556,25680.34872985667,25492059.179047007,1599633.7390348257,1780352.950104572,1317155.816644865,0.0,297156.83318760374,3037429.6774507966,1554233.5605338286,-342557.01168860105,1583.7562940144526,1334.7774000000002,0,1730608.8372965914,2119348.422700813,1776791.4110122125,261.62238765543907,4.528322734737034,67.23334742610162,True,125.15197603725191,-516447.6163833625
advanced_recovery,post_rebuild,7536925|8899918|rebuild:2831044,8899918|rebuild:2831044,2,dhw_only,0.5,6,18011.549900495404,22997.53170746992,26159296.56417602,1631701.17468045,1625630.403815067,1163250.3196983775,0.0,296592.2833196145,2914546.599603528,1585508.479108076,-342784.9788919886,1212.111406907507,1334.7774000000002,0,1779062.4888799957,1940692.0923069688,1597907.1134149807,337.2341630423996,4.595197968198221,73.35359683951154,True,134.42937342246455,-516675.58358675
liquid_cooling_speculative,today,7536925|19906892|1634606,19906892|1634606,2,dhw_only,0.75,2,5124.268848243392,6320.52347632137,10007647.54685072,599289.8533746586,397993.0702991413,279600.08955074416,0.0,117126.1459761734,616526.255815539,335659.3314925712,-380756.6678582609,934.651289869546,0.0,1,660677.6147096663,835359.7247242164,454603.0568659554,171.07878181595044,5.28359375,39.19815633428647,True,157.58442993415966,-596585.8423657167
liquid_cooling_speculative,post_rebuild,7536925|19906892|1634606,19906892|1634606,2,dhw_only,0.75,2,5124.268848243392,6320.52347632137,10007647.54685072,599289.8533746586,397993.0702991413,279600.08955074416,0.0,117126.1459761734,616526.255815539,335659.3314925712,-380756.6678582609,934.651289869546,0.0,1,660677.6147096663,835359.7247242164,454603.0568659554,171.07878181595044,5.28359375,39.19815633428647,True,157.58442993415966,-596585.8423657167
liquid_cooling_speculative,today,7536925|8899918,8899918,1,dhw_only,0.75,2,3982.647783048621,4912.392295596901,10346357.519230047,615450.7170815109,335157.8967820805,217308.7926819439,0.0,116714.79882244694,552028.5684756135,333585.4705159799,-398580.045387978,715.5198680339008,0.0,0,690503.1183832389,751903.3994534023,353323.35406542424,211.20831889133257,5.283593749999998,39.19815633428645,True,193.2814505545372,-614409.2198954338
liquid_cooling_speculative,post_rebuild,7536925|8899918,8899918,1,dhw_only,0.5,6,3982.647783048621,4912.392295596901,10346357.519230047,615450.7170815109,335157.8967820805,217308.7926819439,0.0,116714.79882244694,552028.5684756135,333585.4705159799,-398580.045387978,715.5198680339008,0.0,0,690503.1183832389,751903.3994534023,353323.35406542424,211.20831889133257,5.283593749999998,39.19815633428645,True,193.2814505545372,-614409.2198954338
advanced_recovery,post_rebuild,7536925|19906892|1634606|rebuild:2831044,19906892|1634606|rebuild:2831044,3,dhw_only,0.5,6,19069.886554587145,24405.66288819439,26663921.8514139,1664688.3391505696,1715388.0691931718,1244030.7558320505,0.0,305436.983069513,2979044.286943454,1569093.200819795,-401032.12140028767,1407.176798741999,1334.7774000000002,1,1806997.3982689213,2092830.3034519816,1691798.1820516945,334.93084166530934,4.558023414429006,69.84231736219574,True,131.69714310881915,-574922.7260950491
advanced_recovery,today,7536925|19906892|1634606,19906892|1634606,2,dhw_only,0.75,6,4750.439276969025,6320.523476321368,9910528.757431235,593629.9489126198,480012.047227856,362590.2543736537,0.0,116154.95808197858,616526.255815539,252669.1666696616,-457115.740324937,826.6287492949621,0.0,1,654850.1248894549,878554.2480852237,421438.5077602867,171.07878181595044,4.025595238095237,39.19815633428646,True,169.6655609912218,-631006.3450196984
advanced_recovery,post_rebuild,7536925|19906892|1634606,19906892|1634606,2,dhw_only,0.75,6,4750.439276969025,6320.523476321368,9910528.757431235,593629.9489126198,480012.047227856,362590.2543736537,0.0,116154.95808197858,616526.255815539,252669.1666696616,-457115.740324937,826.6287492949621,0.0,1,654850.1248894549,878554.2480852237,421438.5077602867,171.07878181595044,4.025595238095237,39.19815633428646,True,169.6655609912218,-631006.3450196984
advanced_recovery,today,7536925|8899918,8899918,1,dhw_only,0.75,2,3692.1026228772816,4912.392295596901,10270875.544566195,611051.7663969204,398904.1025934792,281809.818239981,0.0,115959.97907580844,552028.5684756135,269084.4449579428,-457927.3005147861,631.5633574604706,0.0,0,685973.9181986775,785474.739638359,327547.439123573,211.20831889133257,4.025595238095236,39.19815633428645,True,205.3625816115992,-631817.9052095474
advanced_recovery,post_rebuild,7536925|8899918,8899918,1,dhw_only,0.5,2,3692.1026228772816,4912.392295596901,10270875.544566195,611051.7663969204,398904.1025934792,281809.818239981,0.0,115959.97907580844,552028.5684756135,269084.4449579428,-457927.3005147861,631.5633574604706,0.0,0,685973.9181986775,785474.739638359,327547.439123573,211.20831889133257,4.025595238095236,39.19815633428645,True,205.3625816115992,-631817.9052095474
liquid_cooling_speculative,today,7536925|4040951,4040951,1,full,0.5,2,6157.701122357586,7595.209317983648,11074039.812228322,664676.6352514621,468603.5343393373,335988.18411491,0.0,131228.54547170908,674911.6463228818,337536.6574552536,-458368.5232679176,1133.016133075072,0.0,0,736950.9192944537,1004653.2394670476,546284.7161991299,194.7952367989465,5.283593749999999,39.19815633428645,True,149.02727725462773,-674197.6977753734
liquid_cooling_speculative,post_rebuild,7536925|4040951,4040951,1,full,0.75,6,6157.701122357586,7595.209317983648,11074039.812228322,664676.6352514621,468603.5343393373,335988.18411491,0.0,131228.54547170908,674911.6463228818,337536.6574552536,-458368.5232679176,1133.016133075072,0.0,0,736950.9192944537,1004653.2394670476,546284.7161991299,194.7952367989465,5.283593749999999,39.19815633428645,True,149.02727725462773,-674197.6977753734
liquid_cooling_speculative,post_rebuild,7536925|4040951|1633052|rebuild:2831044,4040951|1633052|rebuild:2831044,3,dhw_only,0.5,6,23084.51670228349,27545.774709112837,32452078.458476897,2009991.533468885,1594863.6344507877,1056858.7355297962,0.0,371789.02980593854,3122873.181019788,1899798.5763749385,-481981.9868998852,2320.273268324837,1334.7774000000002,1,2051663.0827900912,2529940.860628523,2047958.8737286376,506.6256024501238,6.146857572098289,64.12732877454212,True,124.83363910135488,-697811.161407341
liquid_cooling_speculative,post_rebuild,7536925|1633052,1633052,1,dhw_only,0.5,2,4326.759797086981,5336.836860787751,11675543.215303931,693991.8704019058,368410.7377451782,236084.8859725202,0.0,131151.59892158,571469.7208579687,334210.58203437045,-490932.88728911534,781.5713427358751,0.0,1,780745.3512536105,874784.3768054664,383851.4895163511,261.7038643448426,5.2835937500000005,39.19815633428645,True,198.8496899902168,-706762.0617965711
liquid_cooling_speculative,today,7536925|1633052,1633052,1,dhw_only,0.75,6,4326.759797086981,5336.836860787751,11675543.215303931,693991.8704019058,368410.7377451782,236084.8859725202,0.0,131151.59892158,571469.7208579687,334210.58203437045,-490932.88728911534,781.5713427358751,0.0,1,780745.3512536105,874784.3768054664,383851.4895163511,261.7038643448426,5.2835937500000005,39.19815633428645,True,198.8496899902168,-706762.0617965711
advanced_recovery,post_rebuild,7536925|4040951|19906892|rebuild:2831044,4040951|19906892|rebuild:2831044,3,dhw_only,0.5,6,21525.686009609613,27673.137158176083,27242598.87721346,1706716.313273067,1917742.0091333704,1431476.357632358,0.0,320037.7953770587,3128706.8586848914,1531002.6449285797,-495751.4637215457,1859.8130001896347,1334.7774000000002,0,1842981.395783185,2405417.593838781,1909666.1301172352,303.6853985209257,4.4879969504999,63.94017480359129,True,124.96705547028094,-669642.0684163071
advanced_recovery,post_rebuild,7536925|19906892|8899918|rebuild:2831044,19906892|8899918|rebuild:2831044,3,dhw_only,0.5,6,19509.30882126245,24990.32013578933,27909836.262342468,1738783.748918691,1763019.4628438656,1277570.8606858703,0.0,319473.2455090694,3005823.780837623,1562277.5635028267,-495979.4309249337,1488.1681130826887,1334.7774000000002,0,1891435.047366588,2226761.263444936,1730781.832520002,379.2971739078862,4.543976491118274,68.5878516001004,True,133.48479879360568,-669870.0356196951
advanced_recovery,post_rebuild,7536925|1633052|rebuild:2831044,1633052|rebuild:2831044,2,full,0.5,6,18330.557992298607,23421.976272660773,28494942.8344041,1768896.9995486634,1674520.9212559103,1187599.4837251576,0.0,321093.6891602895,2933987.751985884,1580560.5198902625,-509430.1688186902,1270.9088020325664,1334.7774000000002,1,1938077.9636726044,2135638.305851592,1626208.1370329014,432.0285859131241,4.583457389799508,72.2133233621096,True,139.93653371854307,-683320.7735134516
liquid_cooling_speculative,post_rebuild,7536925|1633052|8899918|rebuild:2831044,1633052|8899918|rebuild:2831044,3,dhw_only,0.5,6,20909.46336297452,24862.957686726084,33078092.68504565,2039656.559236162,1474954.962089201,938179.34409683,0.0,370812.2483523467,2999990.1031725192,1895847.3894356648,-514621.4181528439,1902.7770032836647,1334.7774000000002,1,2097643.1910117744,2369618.929747775,1854997.5115949316,582.2373778370843,6.257063644291864,68.85229728712423,True,134.68422356979377,-730450.5926602997
liquid_cooling_speculative,today,7536925|1633052|1634606,1633052|1634606,2,dhw_only,0.75,6,5021.011668262053,6193.161027258118,12027608.135976788,716685.7717045661,412203.01342464215,273965.9751776397,0.0,136982.1904836796,610692.5781504351,335471.7552094725,-518196.2069787732,914.8313221465522,0.0,2,798750.481141255,963638.7316687156,445442.5246899424,261.7038643448426,5.283593749999997,39.19815633428647,True,182.0772837009729,-734025.381486229
liquid_cooling_speculative,post_rebuild,7536925|1633052|1634606,1633052|1634606,2,dhw_only,0.75,2,5021.011668262053,6193.161027258118,12027608.135976788,716685.7717045661,412203.01342464215,273965.9751776397,0.0,136982.1904836796,610692.5781504351,335471.7552094725,-518196.2069787732,914.8313221465522,0.0,2,798750.481141255,963638.7316687156,445442.5246899424,261.7038643448426,5.283593749999997,39.19815633428647,True,182.0772837009729,-734025.381486229
advanced_recovery,post_rebuild,7536925|4040951|8899918|rebuild:2831044,4040951|8899918|rebuild:2831044,3,dhw_only,0.5,6,21110.953634413163,27121.33014392198,27791370.10356901,1737295.3657086648,1890033.7008500453,1399820.7761899156,0.0,324037.0031184655,3103432.0286374325,1537435.3309058524,-523897.0379212776,1783.3723582054708,1334.7774000000002,0,1881046.122383562,2396769.898378156,1872872.8604568783,337.23416304239964,4.498500852880302,64.77200184983488,True,127.61738184115968,-697787.642616039
liquid_cooling_speculative,today,7536925|19906892|8899918,19906892|8899918,2,dhw_only,0.75,2,5598.270872280516,6905.180723916313,12127517.655790972,724317.7941634797,446687.31479562767,305463.4882702405,0.0,139901.96539584664,643305.7497097083,336520.40030992724,-527699.3592493989,1025.6348400570223,0.0,0,804713.01745141,1024353.8336872084,496654.4744378095,253.2713297568192,5.283593750000002,39.19815633428647,True,169.3921266648868,-743528.5337568547
liquid_cooling_speculative,post_rebuild,7536925|19906892|8899918,19906892|8899918,2,dhw_only,0.75,6,5598.270872280516,6905.180723916313,12127517.655790972,724317.7941634797,446687.31479562767,305463.4882702405,0.0,139901.96539584664,643305.7497097083,336520.40030992724,-527699.3592493989,1025.6348400570223,0.0,0,804713.01745141,1024353.8336872084,496654.4744378095,253.2713297568192,5.283593750000002,39.19815633428647,True,169.3921266648868,-743528.5337568547
optimised_urban,today,7536925|19906892,19906892,1,dhw_only,0.75,2,3776.4711973237063,5464.199309851003,7065495.63641863,425650.4450487594,682981.2392768548,596400.3149003943,209594.15145146573,85394.6845164815,577303.3985230726,-20283.156237300696,-531328.2858025416,339.7272473220429,0.0,0,467231.0022337037,656766.389939717,125438.10413717544,65.23632213456706,3.237606382978724,39.19815633428647,True,202.6729593243613,-529192.9939600818
optimised_urban,post_rebuild,7536925|19906892,19906892,1,dhw_only,0.5,2,3776.4711973237063,5464.199309851003,7065495.63641863,425650.4450487594,682981.2392768548,596400.3149003943,209594.15145146573,85394.6845164815,577303.3985230726,-20283.156237300696,-531328.2858025416,339.7272473220429,0.0,0,467231.0022337037,656766.389939717,125438.10413717544,65.23632213456706,3.237606382978724,39.19815633428647,True,202.6729593243613,-529192.9939600818
advanced_recovery,post_rebuild,7536925|4040951,4040951,1,dhw_only,0.75,2,5708.479811224439,7595.209317983648,10957334.679004218,657875.2746885243,567163.6140786544,435715.31518646807,0.0,130061.49413946804,674911.6463228818,237809.52638369543,-550127.2424442968,1003.2082445674162,0.0,0,729948.1757481726,1056558.9791651024,506431.7367208054,194.7952367989465,4.025595238095238,39.19815633428645,True,161.10840831168977,-724017.8471390582
advanced_recovery,today,7536925|4040951,4040951,1,full,0.5,2,5708.479811224439,7595.209317983648,10957334.679004218,657875.2746885243,567163.6140786544,435715.31518646807,0.0,130061.49413946804,674911.6463228818,237809.52638369543,-550127.2424442968,1003.2082445674162,0.0,0,729948.1757481726,1056558.9791651024,506431.7367208054,194.7952367989465,4.025595238095238,39.19815633428645,True,161.10840831168977,-724017.8471390582
optimised_urban,today,7536925|1634606,1634606,1,dhw_only,0.5,2,2991.0268333300223,4327.735048001959,8543623.365577025,508904.8766064637,570548.4025895696,472358.7847135507,166001.98924981625,97110.33895564605,525249.0745814443,51811.01094752072,-554204.204614589,258.8908438904772,0.0,1,569233.8747522181,653553.2306742143,99349.02605962528,148.76520893844375,3.237606382978724,39.19815633428647,True,249.17745386782104,-552068.9127721292
optimised_urban,post_rebuild,7536925|1634606,1634606,1,dhw_only,0.75,6,2991.0268333300223,4327.735048001959,8543623.365577025,508904.8766064637,570548.4025895696,472358.7847135507,166001.98924981625,97110.33895564605,525249.0745814443,51811.01094752072,-554204.204614589,258.8908438904772,0.0,1,569233.8747522181,653553.2306742143,99349.02605962528,148.76520893844375,3.237606382978724,39.19815633428647,True,249.17745386782104,-552068.9127721292
liquid_cooling_speculative,today,7536925|19906892|1633052,19906892|1633052,2,dhw_only,0.5,2,5942.382886318879,7329.625289107163,12494848.482403776,746803.8143830862,470321.6070641148,324239.5815608169,0.0,144720.21680036891,662746.9020920635,337145.5118283176,-554378.5193551375,1091.686314758996,0.0,1,829281.5685263828,1081561.129243874,527182.6098887366,261.7038643448426,5.283593750000002,39.19815633428647,True,165.86981800434805,-770207.6938625933
liquid_cooling_speculative,post_rebuild,7536925|19906892|1633052,19906892|1633052,2,dhw_only,0.5,6,5942.382886318879,7329.625289107163,12494848.482403776,746803.8143830862,470321.6070641148,324239.5815608169,0.0,144720.21680036891,662746.9020920635,337145.5118283176,-554378.5193551375,1091.686314758996,0.0,1,829281.5685263828,1081561.129243874,527182.6098887366,261.7038643448426,5.283593750000002,39.19815633428647,True,165.86981800434805,-770207.6938625933
advanced_recovery,today,7536925|1633052,1633052,1,dhw_only,0.5,2,4011.110714680488,5336.836860787751,11593539.384894837,689212.8379570923,437664.79573532846,306158.9822667614,0.0,130331.560617489,571469.7208579687,264136.4857401292,-555407.9128344521,690.3607525855305,0.0,1,775824.8153842504,911256.375575946,355848.46274149395,261.7038643448426,4.025595238095236,39.19815633428645,True,210.9308210472789,-729298.5175292136
advanced_recovery,post_rebuild,7536925|1633052,1633052,1,full,0.5,6,4011.110714680488,5336.836860787751,11593539.384894837,689212.8379570923,437664.79573532846,306158.9822667614,0.0,130331.560617489,571469.7208579687,264136.4857401292,-555407.9128344521,690.3607525855305,0.0,1,775824.8153842504,911256.375575946,355848.46274149395,261.7038643448426,4.025595238095236,39.19815633428645,True,210.9308210472789,-729298.5175292136
advanced_recovery,post_rebuild,7536925|1633052|1634606|rebuild:2831044,1633052|1634606|rebuild:2831044,3,dhw_only,0.5,6,18974.162271193905,24278.30043913114,29215743.55287837,1813080.145103281,1733244.320399499,1236724.3384163885,0.0,330611.6387004032,2973210.60927835,1570577.927579254,-573113.8562244297,1389.5335518828947,1334.7774000000002,2,1981368.5703596151,2256419.7922336883,1683305.9360092587,448.729235463282,4.561184994975753,70.12993043587305,True,139.23611048043566,-747004.4609191911
advanced_recovery,post_rebuild,7536925|19906892|1633052|rebuild:2831044,19906892|1633052|rebuild:2831044,3,dhw_only,0.5,6,19828.316913065657,25414.76470098018,29135617.307582863,1811298.6693324945,1800811.328034832,1301920.0247126506,0.0,332875.99909986753,3025264.933219978,1557329.6042850136,-586845.0641473484,1546.9655082077486,1334.7774000000002,1,1974670.9654549104,2345927.920285272,1759082.8561379234,425.5559241942016,4.534234456610873,67.73963420767282,True,135.59420020961696,-760735.6688421099
liquid_cooling_speculative,today,7536925|4040951|19906892,4040951|19906892,2,dhw_only,0.75,2,7773.32421158948,9587.99774630306,12855199.948789246,773543.712333431,580132.9523528847,424142.8797032067,0.0,154415.71204510878,766188.8275569766,340471.58724920073,-587487.8371293389,1443.1311050981935,0.0,0,851160.818362625,1277103.673700854,689615.8365715151,236.85824766443312,5.28359375,39.19815633428646,True,141.0202984875638,-803317.0116367947
liquid_cooling_speculative,post_rebuild,7536925|4040951|19906892,4040951|19906892,2,dhw_only,0.75,6,7773.32421158948,9587.99774630306,12855199.948789246,773543.712333431,580132.9523528847,424142.8797032067,0.0,154415.71204510878,766188.8275569766,340471.58724920073,-587487.8371293389,1443.1311050981935,0.0,0,851160.818362625,1277103.673700854,689615.8365715151,236.85824766443312,5.28359375,39.19815633428646,True,141.0202984875638,-803317.0116367947
advanced_recovery,today,7536925|1633052|1634606,1633052|1634606,2,dhw_only,0.5,2,4654.714993575784,6193.161027258118,11932446.350105643,711139.9178107198,492569.2573462827,355283.8369579917,0.0,136030.57262496816,610692.5781504351,254153.8934291205,-593016.5970065675,808.9855024358583,0.0,2,793040.4188376367,1005962.8587244188,412946.2617178512,261.7038643448426,4.025595238095237,39.19815633428647,True,194.15841475803495,-766907.2017013289
advanced_recovery,post_rebuild,7536925|1633052|1634606,1633052|1634606,2,dhw_only,0.5,2,4654.714993575784,6193.161027258118,11932446.350105643,711139.9178107198,492569.2573462827,355283.8369579917,0.0,136030.57262496816,610692.5781504351,254153.8934291205,-593016.5970065675,808.9855024358583,0.0,2,793040.4188376367,1005962.8587244188,412946.2617178512,261.7038643448426,4.025595238095237,39.19815633428647,True,194.15841475803495,-766907.2017013289
advanced_recovery,today,7536925|19906892|8899918,19906892|8899918,2,dhw_only,0.5,6,5189.861543644332,6905.180723916313,12021415.242732644,718134.3406351613,536293.161622278,396130.359227474,0.0,138840.94126526336,643305.7497097083,245853.52935269367,-611121.7525477308,907.6200636356526,0.0,0,798346.4766852701,1071543.910776326,460422.15822859504,253.2713297568192,4.025595238095237,39.19815633428647,True,181.4732577219489,-785012.3572424923
advanced_recovery,post_rebuild,7536925|19906892|8899918,19906892|8899918,2,dhw_only,0.75,6,5189.861543644332,6905.180723916313,12021415.242732644,718134.3406351613,536293.161622278,396130.359227474,0.0,138840.94126526336,643305.7497097083,245853.52935269367,-611121.7525477308,907.6200636356526,0.0,0,798346.4766852701,1071543.910776326,460422.15822859504,253.2713297568192,4.025595238095237,39.19815633428647,True,181.4732577219489,-785012.3572424923
advanced_recovery,post_rebuild,7536925|4040951|1634606|rebuild:2831044,4040951|1634606|rebuild:2831044,3,dhw_only,0.5,6,20671.53136773785,26536.672896327036,29232780.17705321,1819812.2853485823,1869275.55204348,1366280.6713360953,0.0,336873.9855230368,3076652.534743263,1544250.96822282,-612435.3026487998,1702.3810438647802,1334.7774000000002,1,1980094.0475380616,2446324.51263737,1833889.20998857,410.3875965938828,4.5101635878996245,65.71662925878094,True,132.75842664870515,-786325.9073435613
advanced_recovery,post_rebuild,7536925|8899918|1634606|rebuild:2831044,8899918|1634606|rebuild:2831044,3,dhw_only,0.5,6,18655.15417939069,23853.855873940283,29900017.56218221,1851879.7209942068,1714553.0057539751,1212375.1743896082,0.0,336309.4356550474,2953769.456895995,1575525.8867970672,-612663.2698521874,1330.7361567578346,1334.7774000000002,1,2028547.6991214647,2267668.1822435246,1655004.912391337,485.9993719808433,4.571997727628973,71.12865602646752,True,142.55826600989445,-786553.8745469488
liquid_cooling_speculative,post_rebuild,7536925|19906892|1633052|1634606,19906892|1633052|1634606,3,dhw_only,0.75,6,6636.63475749395,8185.94945557753,13357157.874066573,799233.8252001766,519216.327453478,362120.67076593626,0.0,155653.25307236792,701969.7593845299,338406.6850034199,-616480.3932691247,1224.9462941696734,0.0,2,882125.2526383569,1205254.0383314523,588773.6450623279,284.01743722234926,5.283593750000003,39.19815633428647,True,160.88637685652117,-832309.5677765805
liquid_cooling_speculative,today,7536925|19906892|1633052|1634606,19906892|1633052|1634606,3,dhw_only,0.5,2,6636.63475749395,8185.94945557753,13357157.874066573,799233.8252001766,519216.327453478,362120.67076593626,0.0,155653.25307236792,701969.7593845299,338406.6850034199,-616480.3932691247,1224.9462941696734,0.0,2,882125.2526383569,1205254.0383314523,588773.6450623279,284.01743722234926,5.283593750000003,39.19815633428647,True,160.88637685652117,-832309.5677765805
liquid_cooling_speculative,today,7536925|4040951|8899918,4040951|8899918,2,dhw_only,0.75,2,7325.955017569785,9036.190732048964,13395492.31585121,803628.6324406133,559585.2292553855,399732.67203952593,0.0,158330.1311935797,740913.9975095175,339658.8994477117,-622299.8641864811,1357.2596626732256,0.0,0,888716.78176161,1272227.0331310567,649927.1689445756,270.4070121859071,5.283593750000001,39.19815633428648,True,150.6930825225016,-838129.0386939369
liquid_cooling_speculative,post_rebuild,7536925|4040951|8899918,4040951|8899918,2,dhw_only,0.5,2,7325.955017569785,9036.190732048964,13395492.31585121,803628.6324406133,559585.2292553855,399732.67203952593,0.0,158330.1311935797,740913.9975095175,339658.8994477117,-622299.8641864811,1357.2596626732256,0.0,0,888716.78176161,1272227.0331310567,649927.1689445756,270.4070121859071,5.283593750000001,39.19815633428648,True,150.6930825225016,-838129.0386939369
advanced_recovery,today,7536925|19906892|1633052,19906892|1633052,2,dhw_only,0.75,2,5508.869635447536,7329.625289107163,12382224.213600202,740240.2790945447,565435.3060695163,420479.5232542542,0.0,143593.97411233315,662746.9020920635,240905.57013488028,-642928.6830719976,966.4174587607124,0.0,1,822523.6920754437,1131651.8649185137,488723.1818465159,261.7038643448426,4.025595238095239,39.19815633428647,True,177.9509490614101,-816819.287766759
advanced_recovery,post_rebuild,7536925|19906892|1633052,19906892|1633052,2,dhw_only,0.5,2,5508.869635447536,7329.625289107163,12382224.213600202,740240.2790945447,565435.3060695163,420479.5232542542,0.0,143593.97411233315,662746.9020920635,240905.57013488028,-642928.6830719976,966.4174587607124,0.0,1,822523.6920754437,1131651.8649185137,488723.1818465159,261.7038643448426,4.025595238095239,39.19815633428647,True,177.9509490614101,-816819.287766759
liquid_cooling_speculative,post_rebuild,7536925|8899918|1634606,8899918|1634606,2,dhw_only,0.5,2,4676.899654223694,5768.716462067268,14100236.472698294,836396.0848443005,412968.3127894981,255189.8818870632,0.0,156563.53071250045,591251.4257680799,334846.6436910823,-658112.9718657187,848.779847444578,0.0,1,940777.8550589668,1073027.3611047342,414914.3892390157,359.97352782977634,5.2835937500000005,39.19815633428646,True,216.36520110689912,-873942.1463731745
liquid_cooling_speculative,today,7536925|8899918|1634606,8899918|1634606,2,dhw_only,0.5,2,4676.899654223694,5768.716462067268,14100236.472698294,836396.0848443005,412968.3127894981,255189.8818870632,0.0,156563.53071250045,591251.4257680799,334846.6436910823,-658112.9718657187,848.779847444578,0.0,1,940777.8550589668,1073027.3611047342,414914.3892390157,359.97352782977634,5.2835937500000005,39.19815633428646,True,216.36520110689912,-873942.1463731745
advanced_recovery,post_rebuild,7536925|4040951|19906892,4040951|19906892,2,dhw_only,0.75,2,7206.238731991487,9587.99774630306,12707874.377170669,764957.8489267651,704552.6731074534,550035.8561739612,0.0,152942.456328923,766188.8275569766,214578.61077844625,-703321.6944772417,1279.2649507425983,0.0,0,842320.734234765,1342628.150303069,639306.4558258272,236.85824766443312,4.025595238095237,39.19815633428646,True,153.10142954462586,-877212.299172003
advanced_recovery,today,7536925|4040951|19906892,4040951|19906892,2,dhw_only,0.5,2,7206.238731991487,9587.99774630306,12707874.377170669,764957.8489267651,704552.6731074534,550035.8561739612,0.0,152942.456328923,766188.8275569766,214578.61077844625,-703321.6944772417,1279.2649507425983,0.0,0,842320.734234765,1342628.150303069,639306.4558258272,236.85824766443312,4.025595238095237,39.19815633428646,True,153.10142954462586,-877212.299172003
optimised_urban,today,7536925|8899918,8899918,1,dhw_only,0.5,2,3395.100903591025,4912.392295596901,10193716.192687592,606555.0612526723,652494.990905544,536172.3000708319,188428.1001493019,115188.3855570224,552028.5684756135,14721.963127091902,-707021.4836826028,300.477359826208,0.0,0,681344.0691211262,819792.109605204,112770.62592260118,211.20831889133257,3.237606382978723,39.19815633428645,True,256.0698883938947,-704886.191840143
optimised_urban,post_rebuild,7536925|8899918,8899918,1,dhw_only,0.5,2,3395.100903591025,4912.392295596901,10193716.192687592,606555.0612526723,652494.990905544,536172.3000708319,188428.1001493019,115188.3855570224,552028.5684756135,14721.963127091902,-707021.4836826028,300.477359826208,0.0,0,681344.0691211262,819792.109605204,112770.62592260118,211.20831889133257,3.237606382978723,39.19815633428645,True,256.0698883938947,-704886.191840143
advanced_recovery,today,7536925|19906892|1633052|1634606,19906892|1633052|1634606,3,dhw_only,0.75,2,6152.473914342831,8185.94945557753,13231375.649800953,791903.4684626024,625442.2123903703,469604.3779454849,0.0,154395.4308297117,701969.7593845299,230922.9778238712,-715375.921468443,1085.0422086110402,0.0,2,874577.8497531593,1261196.902291316,545820.980822873,284.01743722234926,4.025595238095237,39.19815633428647,True,172.96750791358326,-889266.5261632043
advanced_recovery,post_rebuild,7536925|19906892|1633052|1634606,19906892|1633052|1634606,3,dhw_only,0.75,2,6152.473914342831,8185.94945557753,13231375.649800953,791903.4684626024,625442.2123903703,469604.3779454849,0.0,154395.4308297117,701969.7593845299,230922.9778238712,-715375.921468443,1085.0422086110402,0.0,2,874577.8497531593,1261196.902291316,545820.980822873,284.01743722234926,4.025595238095237,39.19815633428647,True,172.96750791358326,-889266.5261632043
liquid_cooling_speculative,post_rebuild,7536925|4040951|1634606,4040951|1634606,2,dhw_only,0.5,2,6851.952993532659,8451.533484454016,14827918.765696568,885622.0030142517,546413.9503467551,373869.27332002943,0.0,171077.2773617626,714134.5036153483,338797.8306303557,-717901.4497456587,1266.2761124857495,0.0,1,987225.6559701816,1325777.2011183798,607875.7513727213,343.5604457373903,5.283593749999997,39.19815633428646,True,169.2673354873966,-933730.6242531145
liquid_cooling_speculative,today,7536925|4040951|1634606,4040951|1634606,2,dhw_only,0.75,6,6851.952993532659,8451.533484454016,14827918.765696568,885622.0030142517,546413.9503467551,373869.27332002943,0.0,171077.2773617626,714134.5036153483,338797.8306303557,-717901.4497456587,1266.2761124857495,0.0,1,987225.6559701816,1325777.2011183798,607875.7513727213,343.5604457373903,5.283593749999997,39.19815633428646,True,169.2673354873966,-933730.6242531145
liquid_cooling_speculative,post_rebuild,7536925|19906892|8899918|1634606,19906892|8899918|1634606,3,dhw_only,0.5,6,6292.522743455589,7761.504890386679,14899882.101998018,888062.3012852996,514682.5857304335,343344.57747536,0.0,169935.55221328817,682528.6070021747,337781.5734850294,-720216.2800135585,1158.8948194676996,0.0,1,987971.7484135564,1278461.7896249597,558245.509611401,359.11378943820256,5.28359375,39.19815633428647,True,180.55035083591025,-936045.4545210142
liquid_cooling_speculative,today,7536925|19906892|8899918|1634606,19906892|8899918|1634606,3,dhw_only,0.75,6,6292.522743455589,7761.504890386679,14899882.101998018,888062.3012852996,514682.5857304335,343344.57747536,0.0,169935.55221328817,682528.6070021747,337781.5734850294,-720216.2800135585,1158.8948194676996,0.0,1,987971.7484135564,1278461.7896249597,558245.509611401,359.11378943820256,5.28359375,39.19815633428647,True,180.55035083591025,-936045.4545210142
advanced_recovery,today,7536925|8899918|1634606,8899918|1634606,2,dhw_only,0.5,6,4335.706901772574,5768.716462067268,14011596.542572394,831230.3127106773,487826.7045323872,330934.67293121124,0.0,155677.13141124143,591251.4257680799,259101.8526469342,-727805.5914749845,750.1881073107982,0.0,1,935459.1284401468,1112450.8295749144,384645.23809992993,359.97352782977634,4.025595238095239,39.19815633428646,True,228.44633216396116,-901696.196169746
advanced_recovery,post_rebuild,7536925|8899918|1634606,8899918|1634606,2,dhw_only,0.75,6,4335.706901772574,5768.716462067268,14011596.542572394,831230.3127106773,487826.7045323872,330934.67293121124,0.0,155677.13141124143,591251.4257680799,259101.8526469342,-727805.5914749845,750.1881073107982,0.0,1,935459.1284401468,1112450.8295749144,384645.23809992993,359.97352782977634,4.025595238095239,39.19815633428646,True,228.44633216396116,-901696.196169746
advanced_recovery,today,7536925|4040951|8899918,4040951|8899918,2,dhw_only,0.5,2,6791.506356795043,9036.190732048964,13256645.603526218,795536.9013623634,676844.3648241282,518380.2747315187,0.0,156941.66407032977,740913.9975095175,221011.2967557189,-731467.2686769741,1202.8243087584349,0.0,0,880385.4608351422,1333980.4548424452,602513.1861654711,270.4070121859071,4.02559523809524,39.19815633428648,True,162.77421357956365,-905357.8733717354
advanced_recovery,post_rebuild,7536925|4040951|8899918,4040951|8899918,2,dhw_only,0.5,2,6791.506356795043,9036.190732048964,13256645.603526218,795536.9013623634,676844.3648241282,518380.2747315187,0.0,156941.66407032977,740913.9975095175,221011.2967557189,-731467.2686769741,1202.8243087584349,0.0,0,880385.4608351422,1333980.4548424452,602513.1861654711,270.4070121859071,4.02559523809524,39.19815633428648,True,162.77421357956365,-905357.8733717354
liquid_cooling_speculative,post_rebuild,7536925|4040951|19906892|8899918,4040951|19906892|8899918,3,dhw_only,0.5,2,8941.578106801679,11028.979160368368,15176652.452412132,912495.709522582,671114.6472689329,487887.3676278227,0.0,181517.2977669794,832191.1787436123,342593.8292416588,-751419.1780479029,1667.3746346963471,0.0,0,1002926.6808297812,1544677.4673648635,793258.2893169607,312.4700230513937,5.283593749999998,39.19815633428645,True,143.4312597671595,-967248.3525553588
liquid_cooling_speculative,today,7536925|4040951|19906892|8899918,4040951|19906892|8899918,3,dhw_only,0.75,6,8941.578106801679,11028.979160368368,15176652.452412132,912495.709522582,671114.6472689329,487887.3676278227,0.0,181517.2977669794,832191.1787436123,342593.8292416588,-751419.1780479029,1667.3746346963471,0.0,0,1002926.6808297812,1544677.4673648635,793258.2893169607,312.4700230513937,5.283593749999998,39.19815633428645,True,143.4312597671595,-967248.3525553588
optimised_urban,today,7536925|19906892|1634606,19906892|1634606,2,dhw_only,0.75,2,4368.302381888562,6320.52347632137,9811251.77269132,587844.2687958688,806294.450283135,689865.4272763319,242440.7821948152,115162.1882345794,616526.255815539,-74606.0062330166,-777612.4632634646,400.6373595999006,0.0,1,648893.1352954607,922708.6497431416,145096.18647967684,171.07878181595044,3.237606382978725,39.19815633428647,True,220.37286777351716,-775477.1714210048
optimised_urban,post_rebuild,7536925|19906892|1634606,19906892|1634606,2,dhw_only,0.75,2,4368.302381888562,6320.52347632137,9811251.77269132,587844.2687958688,806294.450283135,689865.4272763319,242440.7821948152,115162.1882345794,616526.255815539,-74606.0062330166,-777612.4632634646,400.6373595999006,0.0,1,648893.1352954607,922708.6497431416,145096.18647967684,171.07878181595044,3.237606382978725,39.19815633428647,True,220.37286777351716,-775477.1714210048
liquid_cooling_speculative,today,7536925|4040951|19906892|1634606,4040951|19906892|1634606,3,dhw_only,0.5,6,8467.576082764555,10444.321912773428,15627564.394996293,937288.2194552508,648128.2232876903,462023.96890832606,0.0,184449.2988625503,805411.684849443,341732.76042430307,-780004.7578934979,1576.3910845088708,0.0,1,1034419.5493247714,1531211.6296386048,751206.8717451068,342.7007073458165,5.283593750000001,39.19815633428647,True,151.63851712471475,-995833.9324009536
liquid_cooling_speculative,post_rebuild,7536925|4040951|19906892|1634606,4040951|19906892|1634606,3,dhw_only,0.5,2,8467.576082764555,10444.321912773428,15627564.394996293,937288.2194552508,648128.2232876903,462023.96890832606,0.0,184449.2988625503,805411.684849443,341732.76042430307,-780004.7578934979,1576.3910845088708,0.0,1,1034419.5493247714,1531211.6296386048,751206.8717451068,342.7007073458165,5.283593750000001,39.19815633428647,True,151.63851712471475,-995833.9324009536
advanced_recovery,post_rebuild,7536925|4040951|1633052|rebuild:2831044,4040951|1633052|rebuild:2831044,3,dhw_only,0.5,6,21429.96172621637,27545.774709112837,31832826.350948665,1973902.659343948,1955982.318062405,1424169.940216696,0.0,365596.5087306562,3122873.181019788,1532487.3716880388,-807011.7963865654,1842.1697533305305,1334.7774000000002,1,2156531.165714756,2708185.6804613653,1901173.8840748,506.6256024501238,4.490379719881456,64.12732877454212,True,136.63326401367044,-980902.4010813268
advanced_recovery,post_rebuild,7536925|1633052|8899918|rebuild:2831044,1633052|8899918|rebuild:2831044,3,dhw_only,0.5,6,19413.58453786921,24862.957686726084,32500063.73607767,2005970.094989572,1801259.7717728997,1270264.4432702083,0.0,365031.9588626669,2999990.1031725192,1563762.2902622866,-807239.7635899525,1470.524866223585,1334.7774000000002,1,2204984.817298159,2529529.35006752,1722289.586477567,582.2373778370843,4.546972980423092,68.85229728712423,True,146.45347279283908,-981130.368284714
advanced_recovery,today,7536925|19906892|8899918|1634606,19906892|8899918|1634606,3,dhw_only,0.5,2,5833.465822539624,7761.504890386678,14780621.733477646,881112.0263079486,615400.618488574,445255.21391870425,0.0,168742.94852808444,682528.6070021747,235870.9370416852,-813984.0377943479,1026.2448134859803,0.0,1,980815.681213158,1331503.9949992998,517519.9572049519,359.11378943820256,4.025595238095238,39.19815633428647,True,192.6314818929723,-987874.6424891092
advanced_recovery,post_rebuild,7536925|19906892|8899918|1634606,19906892|8899918|1634606,3,dhw_only,0.5,2,5833.465822539624,7761.504890386678,14780621.733477646,881112.0263079486,615400.618488574,445255.21391870425,0.0,168742.94852808444,682528.6070021747,235870.9370416852,-813984.0377943479,1026.2448134859803,0.0,1,980815.681213158,1331503.9949992998,517519.9572049519,359.11378943820256,4.025595238095238,39.19815633428647,True,192.6314818929723,-987874.6424891092
advanced_recovery,today,7536925|4040951|1634606,4040951|1634606,2,dhw_only,0.5,6,6352.084090119735,8451.533484454016,14698055.67701042,878053.8210022812,656086.2160175628,484840.1698776986,0.0,169778.6464749011,714134.5036153483,227826.93407268656,-820005.5334044957,1121.832994417744,0.0,1,979433.385989642,1383535.0691016582,563529.5356971626,343.5604457373903,4.025595238095237,39.19815633428646,True,181.3484665444586,-993896.1380992573
advanced_recovery,post_rebuild,7536925|4040951|1634606,4040951|1634606,2,dhw_only,0.5,6,6352.084090119735,8451.533484454016,14698055.67701042,878053.8210022812,656086.2160175628,484840.1698776986,0.0,169778.6464749011,714134.5036153483,227826.93407268656,-820005.5334044957,1121.832994417744,0.0,1,979433.385989642,1383535.0691016582,563529.5356971626,343.5604457373903,4.025595238095237,39.19815633428646,True,181.3484665444586,-993896.1380992573
optimised_urban,post_rebuild,7536925|1633052,1633052,1,dhw_only,0.5,2,3688.44720822052,5336.836860787751,11509713.247143311,684327.6047912829,713166.6528481652,582499.1007571134,204708.82005623885,129493.2992399738,571469.7208579687,-12203.632750222772,-826024.5367814795,330.6679898863907,0.0,1,770794.9342733492,948538.8632079922,122514.32642651262,261.7038643448426,3.2376063829787216,39.19815633428645,True,261.6381278295744,-823889.2449390197
optimised_urban,today,7536925|1633052,1633052,1,full,0.5,2,3688.44720822052,5336.836860787751,11509713.247143311,684327.6047912829,713166.6528481652,582499.1007571134,204708.82005623885,129493.2992399738,571469.7208579687,-12203.632750222772,-826024.5367814795,330.6679898863907,0.0,1,770794.9342733492,948538.8632079922,122514.32642651262,261.7038643448426,3.2376063829787216,39.19815633428645,True,261.6381278295744,-823889.2449390197
liquid_cooling_speculative,post_rebuild,7536925|1633052|8899918,1633052|8899918,2,dhw_only,0.75,2,5495.013692299177,6777.818274853062,17097681.879241295,1013646.1553671584,490399.2942643713,299829.3738971364,0.0,189260.0462465954,637472.0720446043,336332.8240268284,-866573.3775869255,1005.8148723340286,0.0,1,1144220.3631000123,1354067.319848722,487493.9422617965,472.9121832361752,5.283593749999996,39.19815633428646,True,221.7137601765324,-1082402.5520943813
liquid_cooling_speculative,today,7536925|1633052|8899918,1633052|8899918,2,dhw_only,0.5,6,5495.013692299177,6777.818274853062,17097681.879241295,1013646.1553671584,490399.2942643713,299829.3738971364,0.0,189260.0462465954,637472.0720446043,336332.8240268284,-866573.3775869255,1005.8148723340286,0.0,1,1144220.3631000123,1354067.319848722,487493.9422617965,472.9121832361752,5.283593749999996,39.19815633428646,True,221.7137601765324,-1082402.5520943813
liquid_cooling_speculative,today,7536925|4040951|8899918|1634606,4040951|8899918|1634606,3,dhw_only,0.5,6,8020.206888744858,9892.51489851933,17149371.269319456,1024574.0002034028,637395.645262803,437613.7612446452,0.0,198178.8630836332,780136.8548019839,340920.07262281416,-881832.7906642217,1490.519642083903,0.0,1,1138991.5184373374,1593350.994782389,711518.2041181669,419.17222112435087,5.283593750000004,39.19815633428647,True,167.84069991951162,-1097661.9651716775
liquid_cooling_speculative,post_rebuild,7536925|4040951|8899918|1634606,4040951|8899918|1634606,3,dhw_only,0.75,6,8020.206888744858,9892.51489851933,17149371.269319456,1024574.0002034028,637395.645262803,437613.7612446452,0.0,198178.8630836332,780136.8548019839,340920.07262281416,-881832.7906642217,1490.519642083903,0.0,1,1138991.5184373374,1593350.994782389,711518.2041181669,419.17222112435087,5.283593750000004,39.19815633428647,True,167.84069991951162,-1097661.9651716775
advanced_recovery,today,7536925|4040951|19906892|8899918,4040951|19906892|8899918,3,dhw_only,0.5,2,8289.265277562094,11028.979160368368,15007185.301692665,902619.475600604,814233.4238529267,632700.8157190112,0.0,179822.62625978474,832191.1787436123,197780.3811504702,-884661.7207099188,1478.8810149336164,0.0,0,992758.0193217348,1620049.625980412,735387.9052704931,312.4700230513937,4.02559523809524,39.19815633428645,True,155.5123908242215,-1058552.32540468
advanced_recovery,post_rebuild,7536925|4040951|19906892|8899918,4040951|19906892|8899918,3,dhw_only,0.75,6,8289.265277562094,11028.979160368368,15007185.301692665,902619.475600604,814233.4238529267,632700.8157190112,0.0,179822.62625978474,832191.1787436123,197780.3811504702,-884661.7207099188,1478.8810149336164,0.0,0,992758.0193217348,1620049.625980412,735387.9052704931,312.4700230513937,4.02559523809524,39.19815633428645,True,155.5123908242215,-1058552.32540468
liquid_cooling_speculative,post_rebuild,7536925|1633052|8899918|1634606,1633052|8899918|1634606,3,dhw_only,0.5,6,6189.26556347425,7634.142441323429,17449746.79991415,1036340.0566698184,534191.5699438348,337710.4631022555,0.0,195090.63780869497,676694.9293370708,337593.9972019309,-893836.6972765822,1139.074851744706,0.0,2,1162225.4929876567,1442921.67471197,549084.9774353879,472.9121832361752,5.2835937500000005,39.19815633428647,True,205.5425569592526,-1109665.871784038
liquid_cooling_speculative,today,7536925|1633052|8899918|1634606,1633052|8899918|1634606,3,dhw_only,0.75,6,6189.26556347425,7634.142441323429,17449746.79991415,1036340.0566698184,534191.5699438348,337710.4631022555,0.0,195090.63780869497,676694.9293370708,337593.9972019309,-893836.6972765822,1139.074851744706,0.0,2,1162225.4929876567,1442921.67471197,549084.9774353879,472.9121832361752,5.2835937500000005,39.19815633428647,True,205.5425569592526,-1109665.871784038
liquid_cooling_speculative,today,7536925|19906892|1633052|8899918,19906892|1633052|8899918,3,dhw_only,0.5,2,7110.636781531075,8770.606703172472,17387083.037551075,1035576.262293727,587011.1224954071,387984.0694854328,0.0,197529.62303748363,728749.2532786991,339267.75382077566,-893838.1315104353,1315.9298443571497,0.0,1,1156575.7022302723,1524663.1941446173,630825.062634182,449.7388719670947,5.2835937500000005,39.19815633428647,True,184.83213415900508,-1109667.306017891
liquid_cooling_speculative,post_rebuild,7536925|19906892|1633052|8899918,19906892|1633052|8899918,3,dhw_only,0.5,6,7110.636781531075,8770.606703172472,17387083.037551075,1035576.262293727,587011.1224954071,387984.0694854328,0.0,197529.62303748363,728749.2532786991,339267.75382077566,-893838.1315104353,1315.9298443571497,0.0,1,1156575.7022302723,1524663.1941446173,630825.062634182,449.7388719670947,5.2835937500000005,39.19815633428647,True,184.83213415900508,-1109667.306017891
advanced_recovery,post_rebuild,7536925|4040951|19906892|1634606,4040951|19906892|1634606,3,dhw_only,0.5,6,7849.843010886785,10444.321912773428,15467080.86791567,927935.5345995524,783660.1299737493,599160.7108651914,0.0,182844.463591744,805411.684849443,204596.0184674377,-906183.9797238588,1397.8897005929257,0.0,1,1024789.9387626532,1602588.2345260433,696404.2548021846,342.7007073458165,4.025595238095239,39.19815633428647,True,163.7196481817768,-1080074.5844186202
advanced_recovery,today,7536925|4040951|19906892|1634606,4040951|19906892|1634606,3,dhw_only,0.75,6,7849.843010886785,10444.321912773428,15467080.86791567,927935.5345995524,783660.1299737493,599160.7108651914,0.0,182844.463591744,805411.684849443,204596.0184674377,-906183.9797238588,1397.8897005929257,0.0,1,1024789.9387626532,1602588.2345260433,696404.2548021846,342.7007073458165,4.025595238095239,39.19815633428647,True,163.7196481817768,-1080074.5844186202
optimised_urban,post_rebuild,7536925|1633052|1634606,1633052|1634606,2,dhw_only,0.5,6,4280.278392785373,6193.161027258118,11835169.857881809,705470.8227192325,812276.8685991034,675964.2131330507,237555.45079958823,135057.80770272977,610692.5781504351,-66526.48274593847,-907055.113167901,391.5781021642482,0.0,2,787203.4662606043,1049227.5219369149,142172.40876901394,261.7038643448426,3.2376063829787234,39.19815633428647,True,244.86572154033044,-904919.8213254412
optimised_urban,today,7536925|1633052|1634606,1633052|1634606,2,dhw_only,0.5,2,4280.278392785373,6193.161027258118,11835169.857881809,705470.8227192325,812276.8685991034,675964.2131330507,237555.45079958823,135057.80770272977,610692.5781504351,-66526.48274593847,-907055.113167901,391.5781021642482,0.0,2,787203.4662606043,1049227.5219369149,142172.40876901394,261.7038643448426,3.2376063829787234,39.19815633428647,True,244.86572154033044,-904919.8213254412
liquid_cooling_speculative,today,7536925|4040951|1633052,4040951|1633052,2,full,0.75,2,7670.067031608141,9460.635297239807,17621143.937492266,1050970.4937831406,621802.7294741551,418508.7653301024,0.0,201731.5905483845,760355.1498918727,340284.010966102,-912418.0733654228,1423.3111373752,0.0,1,1176724.381909785,1592873.3777609249,680455.3043955021,447.5683172741384,5.283593749999995,39.19815633428645,True,176.64890328762723,-1128247.2478728788
liquid_cooling_speculative,post_rebuild,7536925|4040951|1633052,4040951|1633052,2,dhw_only,0.5,2,7670.067031608141,9460.635297239807,17621143.937492266,1050970.4937831406,621802.7294741551,418508.7653301024,0.0,201731.5905483845,760355.1498918727,340284.010966102,-912418.0733654228,1423.3111373752,0.0,1,1176724.381909785,1592873.3777609249,680455.3043955021,447.5683172741384,5.283593749999995,39.19815633428645,True,176.64890328762723,-1128247.2478728788
optimised_urban,today,7536925|4040951,4040951,1,full,0.5,2,5249.275804288336,7595.209317983648,10838036.098375138,650922.7727797435,959248.7249501816,828993.411864286,291334.80713800265,128868.50833317723,674911.6463228818,-155468.57029412253,-935259.8514070432,491.3054275754544,0.0,0,722789.8156786411,1109618.1797453368,174358.3283382936,194.7952367989465,3.237606382978721,39.19815633428645,True,211.8157150939853,-933124.5595645834
optimised_urban,post_rebuild,7536925|4040951,4040951,1,dhw_only,0.5,6,5249.275804288336,7595.209317983648,10838036.098375138,650922.7727797435,959248.7249501816,828993.411864286,291334.80713800265,128868.50833317723,674911.6463228818,-155468.57029412253,-935259.8514070432,491.3054275754544,0.0,0,722789.8156786411,1109618.1797453368,174358.3283382936,194.7952367989465,3.237606382978721,39.19815633428645,True,211.8157150939853,-933124.5595645834
advanced_recovery,today,7536925|1633052|8899918,1633052|8899918,2,dhw_only,0.75,2,5094.137260251087,6777.818274853062,16993536.46973131,1007576.7524070324,578352.4080839471,388823.94181181205,0.0,188218.5921514955,637472.0720446043,247338.25611215268,-948457.0884463756,889.9768167765487,0.0,1,1137971.2498504657,1400387.0006325347,451929.9121861592,472.9121832361752,4.025595238095236,39.19815633428646,True,233.79489123359448,-1122347.693141137
advanced_recovery,post_rebuild,7536925|1633052|8899918,1633052|8899918,2,dhw_only,0.5,6,5094.137260251087,6777.818274853062,16993536.46973131,1007576.7524070324,578352.4080839471,388823.94181181205,0.0,188218.5921514955,637472.0720446043,247338.25611215268,-948457.0884463756,889.9768167765487,0.0,1,1137971.2498504657,1400387.0006325347,451929.9121861592,472.9121832361752,4.025595238095236,39.19815633428646,True,233.79489123359448,-1122347.693141137
liquid_cooling_speculative,post_rebuild,7536925|4040951|1633052|1634606,4040951|1633052|1634606,3,dhw_only,0.5,6,8364.318902783212,10316.959463710176,18177429.09291242,1085565.9748397695,667637.2075010916,456389.8545352215,0.0,209604.38445795703,799578.0071843391,341545.1841412045,-953625.175156522,1556.5711167858767,0.0,2,1208673.2938988714,1695671.5147256153,742046.3395690933,456.4991011437891,5.2835937500000005,39.19815633428646,True,169.77484693955108,-1169454.3496639775
liquid_cooling_speculative,today,7536925|4040951|1633052|1634606,4040951|1633052|1634606,3,dhw_only,0.75,6,8364.318902783212,10316.959463710176,18177429.09291242,1085565.9748397695,667637.2075010916,456389.8545352215,0.0,209604.38445795703,799578.0071843391,341545.1841412045,-953625.175156522,1556.5711167858767,0.0,2,1208673.2938988714,1695671.5147256153,742046.3395690933,456.4991011437891,5.2835937500000005,39.19815633428646,True,169.77484693955108,-1169454.3496639775
liquid_cooling_speculative,post_rebuild,7536925|4040951|19906892|1633052,4040951|19906892|1633052,3,dhw_only,0.5,6,9285.69012084004,11453.42372555922,18114765.33054935,1084802.1804636784,720456.760052664,506663.46091839904,0.0,212043.36968674572,851632.3311259674,343218.94076004927,-953626.609390375,1733.426109398321,0.0,1,1203023.5031414873,1777413.034158263,823786.4247678878,433.3257898747087,5.283593749999999,39.19815633428646,True,157.46461968783626,-1169455.7838978306
liquid_cooling_speculative,today,7536925|4040951|19906892|1633052,4040951|19906892|1633052,3,dhw_only,0.5,2,9285.69012084004,11453.42372555922,18114765.33054935,1084802.1804636784,720456.760052664,506663.46091839904,0.0,212043.36968674572,851632.3311259674,343218.94076004927,-953626.609390375,1733.426109398321,0.0,1,1203023.5031414873,1777413.034158263,823786.4247678878,433.3257898747087,5.283593749999999,39.19815633428646,True,157.46461968783626,-1169455.7838978306
optimised_urban,today,7536925|19906892|8899918,19906892|8899918,2,dhw_only,0.75,2,4772.376452149564,6905.180723916313,11912954.998273022,711813.4770284359,892757.142583821,753678.9426336132,264866.8930943008,137756.33882066715,643305.7497097083,-111695.05405344554,-961264.8699025484,442.2238755356311,0.0,0,791838.4572354384,1119782.6562452011,158517.78634265263,253.2713297568192,3.2376063829787234,39.19815633428647,True,232.1805645042444,-959129.5780600888
optimised_urban,post_rebuild,7536925|19906892|8899918,19906892|8899918,2,dhw_only,0.5,2,4772.376452149564,6905.180723916313,11912954.998273022,711813.4770284359,892757.142583821,753678.9426336132,264866.8930943008,137756.33882066715,643305.7497097083,-111695.05405344554,-961264.8699025484,442.2238755356311,0.0,0,791838.4572354384,1119782.6562452011,158517.78634265263,253.2713297568192,3.2376063829787234,39.19815633428647,True,232.1805645042444,-959129.5780600888
advanced_recovery,today,7536925|1633052|8899918|1634606,1633052|8899918|1634606,3,dhw_only,0.75,6,5737.741539146382,7634.142441323429,17332443.43494212,1029503.83226066,633256.8696949014,437948.79650304245,0.0,193917.60415897463,676694.9293370708,237355.66380114396,-986065.7726184904,1008.6015666268764,0.0,2,1155186.8533038516,1495093.483781007,509027.7111625163,472.9121832361752,4.025595238095236,39.19815633428647,True,217.6236880163147,-1159956.3773132518
advanced_recovery,post_rebuild,7536925|1633052|8899918|1634606,1633052|8899918|1634606,3,dhw_only,0.5,6,5737.741539146382,7634.142441323429,17332443.43494212,1029503.83226066,633256.8696949014,437948.79650304245,0.0,193917.60415897463,676694.9293370708,237355.66380114396,-986065.7726184904,1008.6015666268764,0.0,2,1155186.8533038516,1495093.483781007,509027.7111625163,472.9121832361752,4.025595238095236,39.19815633428647,True,217.6236880163147,-1159956.3773132518
advanced_recovery,today,7536925|19906892|1633052|8899918,19906892|1633052|8899918,3,dhw_only,0.75,2,6591.896181018135,8770.606703172472,17252317.18964661,1027722.3564898731,700823.8773302344,503144.4827993048,0.0,196181.96455843895,728749.2532786991,224107.3405069037,-999796.9805414086,1166.0335229517304,0.0,1,1148489.2483991466,1584601.6118325898,584804.6312911811,449.7388719670947,4.025595238095238,39.19815633428647,True,196.91326521606712,-1173687.58523617
advanced_recovery,post_rebuild,7536925|19906892|1633052|8899918,19906892|1633052|8899918,3,dhw_only,0.5,2,6591.896181018135,8770.606703172472,17252317.18964661,1027722.3564898731,700823.8773302344,503144.4827993048,0.0,196181.96455843895,728749.2532786991,224107.3405069037,-999796.9805414086,1166.0335229517304,0.0,1,1148489.2483991466,1584601.6118325898,584804.6312911811,449.7388719670947,4.025595238095238,39.19815633428647,True,196.91326521606712,-1173687.58523617
advanced_recovery,today,7536925|4040951|8899918|1634606,4040951|8899918|1634606,3,dhw_only,0.75,6,7435.110635690336,9892.51489851933,16997366.60153242,1015715.4476761202,765766.9667630364,567505.129422749,0.0,196658.8164057628,780136.8548019839,211028.70444471028,-1001345.559637173,1321.4490586087618,0.0,1,1129870.6710766116,1660956.544779001,659610.9851418281,419.17222112435087,4.02559523809524,39.19815633428647,True,179.92183097657372,-1175236.1643319344
advanced_recovery,post_rebuild,7536925|4040951|8899918|1634606,4040951|8899918|1634606,3,dhw_only,0.75,6,7435.110635690336,9892.51489851933,16997366.60153242,1015715.4476761202,765766.9667630364,567505.129422749,0.0,196658.8164057628,780136.8548019839,211028.70444471028,-1001345.559637173,1321.4490586087618,0.0,1,1129870.6710766116,1660956.544779001,659610.9851418281,419.17222112435087,4.02559523809524,39.19815633428647,True,179.92183097657372,-1175236.1643319344
optimised_urban,post_rebuild,7536925|19906892|1633052,19906892|1633052,2,dhw_only,0.75,6,5065.722756779059,7329.625289107163,12267097.18326766,733530.8874662577,943810.2558318313,800005.7433198945,281147.61300123774,142442.7038090077,662746.9020920635,-138620.64993076006,-1014594.2412060256,472.4145055958138,0.0,1,815615.6405922618,1182855.7280525896,168261.4868465641,261.7038643448426,3.237606382978724,39.19815633428647,True,228.6582558437056,-1012458.9493635658
optimised_urban,today,7536925|19906892|1633052,19906892|1633052,2,dhw_only,0.5,6,5065.722756779059,7329.625289107163,12267097.18326766,733530.8874662577,943810.2558318313,800005.7433198945,281147.61300123774,142442.7038090077,662746.9020920635,-138620.64993076006,-1014594.2412060256,472.4145055958138,0.0,1,815615.6405922618,1182855.7280525896,168261.4868465641,261.7038643448426,3.237606382978724,39.19815633428647,True,228.6582558437056,-1012458.9493635658
optimised_urban,today,7536925|8899918|1634606,8899918|1634606,2,dhw_only,0.75,2,3986.932088155876,5768.716462067268,13920986.83622148,825949.7456407514,785623.3469844363,629637.4124467694,221274.73089265116,154771.0343477323,591251.4257680799,-39600.88686862397,-1020321.6668571078,361.3874721040654,0.0,1,930022.2078964644,1152750.37512221,132428.70826510235,359.97352782977634,3.237606382978722,39.19815633428646,True,279.15363894625665,-1018186.375014648
optimised_urban,post_rebuild,7536925|8899918|1634606,8899918|1634606,2,dhw_only,0.75,6,3986.932088155876,5768.716462067268,13920986.83622148,825949.7456407514,785623.3469844363,629637.4124467694,221274.73089265116,154771.0343477323,591251.4257680799,-39600.88686862397,-1020321.6668571078,361.3874721040654,0.0,1,930022.2078964644,1152750.37512221,132428.70826510235,359.97352782977634,3.237606382978722,39.19815633428646,True,279.15363894625665,-1018186.375014648
advanced_recovery,today,7536925|4040951|1633052,4040951|1633052,2,full,0.75,6,7110.514448598245,9460.635297239807,17475775.36942203,1042498.6809446675,744569.7172216495,542729.4387582991,0.0,200277.9048676821,760355.1498918727,216063.3375379053,-1026713.248274444,1261.6217038834943,0.0,1,1168001.7252985188,1657527.4580578357,630814.2097833917,447.5683172741384,4.025595238095236,39.19815633428645,True,188.7300343446893,-1200603.8529692057
advanced_recovery,post_rebuild,7536925|4040951|1633052,4040951|1633052,2,full,0.75,2,7110.514448598245,9460.635297239807,17475775.36942203,1042498.6809446675,744569.7172216495,542729.4387582991,0.0,200277.9048676821,760355.1498918727,216063.3375379053,-1026713.248274444,1261.6217038834943,0.0,1,1168001.7252985188,1657527.4580578357,630814.2097833917,447.5683172741384,4.025595238095236,39.19815633428645,True,188.7300343446893,-1200603.8529692057
liquid_cooling_speculative,today,7536925|4040951|1633052|8899918,4040951|1633052|8899918,3,dhw_only,0.75,2,8838.320926820337,10901.61671130512,19942596.44111516,1189922.490972292,712784.424390203,482253.253254718,0.0,228833.17627025512,826357.5010785083,342406.2529585604,-1076349.414283987,1647.554666973353,0.0,1,1328490.2443769416,1860447.1714249344,784097.7571409475,523.180092661099,5.283593750000001,39.19815633428646,True,174.3786239086808,-1292178.5887914426
liquid_cooling_speculative,post_rebuild,7536925|4040951|1633052|8899918,4040951|1633052|8899918,3,dhw_only,0.5,2,8838.320926820337,10901.61671130512,19942596.44111516,1189922.490972292,712784.424390203,482253.253254718,0.0,228833.17627025512,826357.5010785083,342406.2529585604,-1076349.414283987,1647.554666973353,0.0,1,1328490.2443769416,1860447.1714249344,784097.7571409475,523.180092661099,5.283593750000001,39.19815633428646,True,174.3786239086808,-1292178.5887914426
advanced_recovery,today,7536925|4040951|1633052|1634606,4040951|1633052|1634606,3,dhw_only,0.75,6,7754.118727493542,10316.959463710176,18018902.569380134,1076327.340552264,801516.3811800769,591854.2934495296,0.0,208019.11922263424,799578.0071843391,206080.74522689643,-1078265.714548002,1380.2464537338217,0.0,2,1199161.110853347,1766177.723307751,687912.0087597489,456.4991011437891,4.025595238095236,39.19815633428646,True,181.8559779966132,-1252156.319242763
advanced_recovery,post_rebuild,7536925|4040951|1633052|1634606,4040951|1633052|1634606,3,dhw_only,0.75,6,7754.118727493542,10316.959463710176,18018902.569380134,1076327.340552264,801516.3811800769,591854.2934495296,0.0,208019.11922263424,799578.0071843391,206080.74522689643,-1078265.714548002,1380.2464537338217,0.0,2,1199161.110853347,1766177.723307751,687912.0087597489,456.4991011437891,4.025595238095236,39.19815633428646,True,181.8559779966132,-1252156.319242763
liquid_cooling_speculative,post_rebuild,7536925|rebuild:2831044|rebuild:4473909,rebuild:2831044|rebuild:4473909,2,full,0.5,6,36662.54863240239,43184.057811424034,66896332.82158629,4115369.5117871743,2643939.1399319414,1555298.978010937,0.0,726083.5167372401,5673812.846906709,3755957.223712007,-1085495.8048124083,2460.8901525544047,2931.0,0,4256019.98942957,4338039.17721964,3252543.372407231,1415.608829129597,6.576892166658195,86.0564938291575,True,148.12762696985683,-1301324.979319864
advanced_recovery,today,7536925|4040951|19906892|1633052,4040951|19906892|1633052,3,dhw_only,0.75,6,8608.273369365295,11453.42372555922,17938776.324084636,1074545.8647814773,869083.3888154097,657049.979745792,0.0,210283.47962209865,851632.3311259674,192832.42193265635,-1091996.9224709196,1537.6784100586765,0.0,1,1192463.5059486418,1855685.8513593331,763688.9288884137,433.3257898747087,4.025595238095238,39.19815633428646,True,169.5457507448983,-1265887.527165681
advanced_recovery,post_rebuild,7536925|4040951|19906892|1633052,4040951|19906892|1633052,3,dhw_only,0.75,6,8608.273369365295,11453.42372555922,17938776.324084636,1074545.8647814773,869083.3888154097,657049.979745792,0.0,210283.47962209865,851632.3311259674,192832.42193265635,-1091996.9224709196,1537.6784100586765,0.0,1,1192463.5059486418,1855685.8513593331,763688.9288884137,433.3257898747087,4.025595238095238,39.19815633428646,True,169.5457507448983,-1265887.527165681
optimised_urban,today,7536925|19906892|1633052|1634606,19906892|1633052|1634606,3,dhw_only,0.75,6,5657.553941343912,8185.94945557753,13102798.264996096,784410.2149086377,1048022.9162926693,893470.8556958322,313994.2437445871,153109.65698166314,701969.7593845299,-192943.49992647607,-1130463.371816777,533.3246178736713,0.0,2,866862.7268038465,1318382.9410058423,187919.56918906537,284.01743722234926,3.237606382978723,39.19815633428647,True,223.67481469587867,-1128328.079974317
optimised_urban,post_rebuild,7536925|19906892|1633052|1634606,19906892|1633052|1634606,3,dhw_only,0.5,2,5657.553941343912,8185.94945557753,13102798.264996096,784410.2149086377,1048022.9162926693,893470.8556958322,313994.2437445871,153109.65698166314,701969.7593845299,-192943.49992647607,-1130463.371816777,533.3246178736713,0.0,2,866862.7268038465,1318382.9410058423,187919.56918906537,284.01743722234926,3.237606382978723,39.19815633428647,True,223.67481469587867,-1128328.079974317
optimised_urban,post_rebuild,7536925|rebuild:2831044,rebuild:2831044,1,dhw_only,0.5,6,15689.24145077891,21556.55029340461,21670168.08671039,1366421.00773195,2639924.960778774,2226458.843391945,870752.9005182296,247813.9378593164,2848544.2484168927,456433.22549743496,-1157801.7200938312,-479.0086818943109,1334.7774000000002,0,1616762.7206689168,1678930.7318365364,521129.01174270536,187.02537111843935,3.663157497843476,77.89048169733645,True,178.1682939388637,-1155666.4282513713
reference,today,7536925|1634606,1634606,1,full,0.75,2,3827.152419548156,5640.719931410094,13732394.34172864,974347.1231476836,775186.6024444224,627834.8825719617,212406.95928492263,145653.94719321677,585883.6239649752,-43649.03128623043,-1163650.1016271303,336.44501128762136,0.0,1,1074204.536015562,1290771.6176318969,127121.51600476632,148.76520893844375,3.1087520134076065,51.090424727229845,True,309.8604387677744,-1142862.4926175997
reference,post_rebuild,7536925|1634606,1634606,1,full,0.75,2,3827.152419548156,5640.719931410094,13732394.34172864,974347.1231476836,775186.6024444224,627834.8825719617,212406.95928492263,145653.94719321677,585883.6239649752,-43649.03128623043,-1163650.1016271303,336.44501128762136,0.0,1,1074204.536015562,1290771.6176318969,127121.51600476632,148.76520893844375,3.1087520134076065,51.090424727229845,True,309.8604387677744,-1142862.4926175997
optimised_urban,post_rebuild,7536925|4040951|19906892,4040951|19906892,2,dhw_only,0.5,6,6626.551352846876,9587.99774630306,12557274.903960563,756181.1885555068,1199510.8766284585,1046500.0544270672,367773.6000830016,151436.46159682196,766188.8275569766,-281885.5874746597,-1189503.2376269882,633.0519432848776,0.0,0,833284.2037929528,1409608.726385333,220105.48875834508,236.85824766443312,3.2376063829787225,39.19815633428646,True,203.8087363269213,-1187367.9457845285
optimised_urban,today,7536925|4040951|19906892,4040951|19906892,2,dhw_only,0.75,6,6626.551352846876,9587.99774630306,12557274.903960563,756181.1885555068,1199510.8766284585,1046500.0544270672,367773.6000830016,151436.46159682196,766188.8275569766,-281885.5874746597,-1189503.2376269882,633.0519432848776,0.0,0,833284.2037929528,1409608.726385333,220105.48875834508,236.85824766443312,3.2376063829787225,39.19815633428646,True,203.8087363269213,-1187367.9457845285
optimised_urban,post_rebuild,7536925|4040951|8899918,4040951|8899918,2,dhw_only,0.75,6,6245.181059114193,9036.190732048964,13114713.408705115,787265.35403793,1143316.807741903,986272.0395975044,346607.54878083774,155522.34212211875,740913.9975095175,-246880.4681102668,-1189668.1642703156,593.8020557890425,0.0,0,871868.9994436415,1397106.1748140862,207438.01054377068,270.4070121859071,3.237606382978725,39.19815633428648,True,213.48152036185908,-1187532.8724278556
optimised_urban,today,7536925|4040951|8899918,4040951|8899918,2,dhw_only,0.5,2,6245.181059114193,9036.190732048964,13114713.408705115,787265.35403793,1143316.807741903,986272.0395975044,346607.54878083774,155522.34212211875,740913.9975095175,-246880.4681102668,-1189668.1642703156,593.8020557890425,0.0,0,871868.9994436415,1397106.1748140862,207438.01054377068,270.4070121859071,3.237606382978725,39.19815633428648,True,213.48152036185908,-1187532.8724278556
liquid_cooling_speculative,post_rebuild,7536925|4769672|rebuild:2831044,4769672|rebuild:2831044,2,dhw_only,0.5,6,22782.032252842408,27172.67561526458,42921813.85242699,2619200.290974061,1682014.7040121376,1040354.004483059,0.0,475479.94549065694,3105783.843725621,1899249.08520414,-1195431.1512605774,2262.2121046777866,1334.7774000000002,0,2771967.533756921,3216554.90773781,2021123.756477233,971.1871770647224,6.160666234976091,72.27165152798347,True,152.17618976855084,-1411260.325768033
optimised_urban,post_rebuild,7536925|19906892|8899918|1634606,19906892|8899918|1634606,3,dhw_only,0.5,6,5364.207636714418,7761.504890386679,14658711.134545708,874007.3007755453,1016070.353590101,847144.0550095506,297713.5238376502,167523.84253876505,682528.6070021747,-166017.9040491612,-1207549.0473634717,503.1339878134888,0.0,1,973500.5902971952,1385724.9160486255,178175.86868515395,359.11378943820256,3.237606382978724,39.19815633428647,True,243.3387886752677,-1205413.7555210115
optimised_urban,today,7536925|19906892|8899918|1634606,19906892|8899918|1634606,3,dhw_only,0.5,2,5364.207636714418,7761.504890386679,14658711.134545708,874007.3007755453,1016070.353590101,847144.0550095506,297713.5238376502,167523.84253876505,682528.6070021747,-166017.9040491612,-1207549.0473634717,503.1339878134888,0.0,1,973500.5902971952,1385724.9160486255,178175.86868515395,359.11378943820256,3.237606382978724,39.19815633428647,True,243.3387886752677,-1205413.7555210115
advanced_recovery,today,7536925|4040951|1633052|8899918,4040951|1633052|8899918,3,dhw_only,0.75,6,8193.540994168852,10901.61671130512,19775086.293944027,1180160.3076185065,854250.4679671231,625394.3983033494,0.0,227158.07479854385,826357.5010785083,199265.107909929,-1208053.2745071214,1461.237768074512,0.0,1,1318439.0103854886,1934948.933735179,726895.6592280576,523.180092661099,4.02559523809524,39.19815633428646,True,186.45975496574283,-1381943.8792018828
advanced_recovery,post_rebuild,7536925|4040951|1633052|8899918,4040951|1633052|8899918,3,dhw_only,0.5,6,8193.540994168852,10901.61671130512,19775086.293944027,1180160.3076185065,854250.4679671231,625394.3983033494,0.0,227158.07479854385,826357.5010785083,199265.107909929,-1208053.2745071214,1461.237768074512,0.0,1,1318439.0103854886,1934948.933735179,726895.6592280576,523.180092661099,4.02559523809524,39.19815633428646,True,186.45975496574283,-1381943.8792018828
liquid_cooling_speculative,post_rebuild,7536925|19906892|rebuild:2831044|rebuild:4473909,19906892|rebuild:2831044|rebuild:4473909,3,dhw_only,0.5,6,38278.171721634266,45176.84623974344,68677492.9581472,4224236.588869142,2755468.55794549,1643453.6735992343,0.0,749270.6833106398,5765090.028140803,3758892.153505953,-1214615.1186738296,2771.0051245775257,2931.0,0,4370229.88849774,4610489.611453445,3395874.492779615,1457.6718399950837,6.5067188125482245,81.74594341781442,True,146.46796969102897,-1430444.2931812853
optimised_urban,today,7536925|4040951|1634606,4040951|1634606,2,dhw_only,0.75,6,5841.106988853191,8451.533484454016,14565306.741909023,870317.4571678226,1092377.0810290738,922458.5242402236,324181.4378813521,168451.15712388715,714134.5036153483,-209791.4202898384,-1248560.0345815483,552.2155398533121,0.0,1,971467.9544539796,1442576.4452623436,194016.41068079497,343.5604457373903,3.2376063829787234,39.19815633428646,True,232.0557733267541,-1246424.7427390888
optimised_urban,post_rebuild,7536925|4040951|1634606,4040951|1634606,2,dhw_only,0.75,2,5841.106988853191,8451.533484454016,14565306.741909023,870317.4571678226,1092377.0810290738,922458.5242402236,324181.4378813521,168451.15712388715,714134.5036153483,-209791.4202898384,-1248560.0345815483,552.2155398533121,0.0,1,971467.9544539796,1442576.4452623436,194016.41068079497,343.5604457373903,3.2376063829787234,39.19815633428646,True,232.0557733267541,-1246424.7427390888
liquid_cooling_speculative,post_rebuild,7536925|4769672|rebuild:2831044|rebuild:4473909,4769672|rebuild:2831044|rebuild:4473909,3,dhw_only,0.5,6,41215.73732673303,48800.183133284,69205319.05991621,4264205.430178917,2931146.856326362,1803738.7075369756,0.0,764322.9290947141,5931052.442215436,3764228.514983788,-1264299.8442898432,3334.863787846807,2931.0,0,4401897.072610836,4920782.502521194,3656482.658231351,1415.608829129597,6.396886438835155,81.193488541536,True,140.00494727960725,-1480129.018797299
liquid_cooling_speculative,post_rebuild,7536925|1634606|rebuild:2831044|rebuild:4473909,1634606|rebuild:2831044|rebuild:4473909,3,dhw_only,0.5,6,37356.800503577455,44040.3819778944,69595831.2629643,4274867.522136043,2711205.750818457,1593180.0672160566,0.0,755388.4435063914,5713035.704199174,3757218.396887109,-1273037.5687553252,2594.1501319650824,2931.0,1,4434303.563570473,4587171.976336148,3314134.4075808222,1518.264775283669,6.545774996065258,84.1016464482731,True,150.39460911540357,-1488866.7432627808
liquid_cooling_speculative,post_rebuild,7536925|1633052|rebuild:2831044|rebuild:4473909,1633052|rebuild:2831044|rebuild:4473909,3,full,0.5,6,38174.914541652935,45049.48379068019,69628814.68306571,4279354.199242474,2758992.1124289148,1637819.55922613,0.0,758440.3391760705,5759256.350475699,3758704.5772228544,-1279089.96119569,2751.1851568545326,2931.0,1,4435338.0583306765,4665803.921799293,3386713.9606036027,1501.5641257335112,6.510975122299108,81.9975742907695,True,148.1840308906208,-1494919.1357031455
optimised_urban,today,7536925|1633052|8899918,1633052|8899918,2,dhw_only,0.75,6,4684.352463046376,6777.818274853062,16887076.717787765,1001372.4738255704,928241.597243032,739777.7284903324,259981.56169907388,187153.9946320601,637472.0720446043,-103615.53056636764,-1292141.9990239982,433.16461809997895,0.0,1,1131583.2674175955,1447736.007655988,155594.00863198977,472.9121832361752,3.2376063829787207,39.19815633428646,True,284.50219801588986,-1290006.7071815385
optimised_urban,post_rebuild,7536925|1633052|8899918,1633052|8899918,2,dhw_only,0.5,6,4684.352463046376,6777.818274853062,16887076.717787765,1001372.4738255704,928241.597243032,739777.7284903324,259981.56169907388,187153.9946320601,637472.0720446043,-103615.53056636764,-1292141.9990239982,433.16461809997895,0.0,1,1131583.2674175955,1447736.007655988,155594.00863198977,472.9121832361752,3.2376063829787207,39.19815633428646,True,284.50219801588986,-1290006.7071815385
reference,post_rebuild,7536925|19906892,19906892,1,full,0.75,2,5722.254649524039,8519.702336232758,13015273.612106944,923465.6452008078,1098946.0118937858,958215.3620799826,317585.13304858416,138105.08679335978,718408.6400882057,-242432.28501222032,-1304003.017006388,520.2068523692787,0.0,0,996776.9639843896,1494071.6649905462,190068.6479841583,65.23632213456706,3.043279457669078,61.11721135339472,True,237.0723781609557,-1283215.407996857
reference,today,7536925|19906892,19906892,1,full,0.75,2,5722.254649524039,8519.702336232758,13015273.612106944,923465.6452008078,1098946.0118937858,958215.3620799826,317585.13304858416,138105.08679335978,718408.6400882057,-242432.28501222032,-1304003.017006388,520.2068523692787,0.0,0,996776.9639843896,1494071.6649905462,190068.6479841583,65.23632213456706,3.043279457669078,61.11721135339472,True,237.0723781609557,-1283215.407996857
liquid_cooling_speculative,post_rebuild,7536925|4769672|19906892|rebuild:2831044,4769672|19906892|rebuild:2831044,3,dhw_only,0.5,6,24397.655342074315,29165.464043584,44702973.98898792,2728067.368056029,1793544.1220256845,1128508.700071356,0.0,498667.1120640566,3197061.0249597155,1902184.014998088,-1324550.4651219982,2572.3270767009085,1334.7774000000002,0,2886177.432825092,3489005.341971617,2164454.876849619,1013.250187930209,6.091630171226428,68.33223090248453,True,149.3287805633093,-1540379.639629454
liquid_cooling_speculative,post_rebuild,7536925|4040951|rebuild:2831044|rebuild:4473909,4040951|rebuild:2831044|rebuild:4473909,3,dhw_only,0.5,6,40005.85586692355,47307.85624787608,70297581.07579197,4324067.951976118,2871887.606981092,1737722.857368519,0.0,771219.9836842183,5862698.275940612,3762030.652643738,-1333257.283016598,3102.62994719373,2931.0,0,4478275.312213628,4882404.47030298,3549147.187286382,1490.2058456665968,6.439641805902877,77.93530453766573,True,144.4371259865665,-1549086.4575240538
liquid_cooling_speculative,post_rebuild,7536925|8899918|rebuild:2831044|rebuild:4473909,8899918|rebuild:2831044|rebuild:4473909,3,dhw_only,0.5,6,37830.80252761458,44625.03922548935,70923595.30236073,4353732.977743395,2751978.934619505,1619043.465935553,0.0,770243.2022306265,5739815.198093344,3758079.465704465,-1365896.7142695573,2685.1336821525583,2931.0,0,4524255.420435309,4722082.539422234,3356185.825152676,1565.817621053557,6.525375947055934,82.85807138636953,True,151.10394888029663,-1581725.888777013
optimised_urban,today,7536925|1633052|8899918|1634606,1633052|8899918|1634606,3,dhw_only,0.5,6,5276.18364761123,7634.142441323429,17212533.328526262,1022515.6917535204,1027351.81299397,833242.8408662697,292828.19244242326,192718.5030948161,676694.9293370708,-157938.38056208327,-1373172.5754104194,494.0747303778367,0.0,2,1147991.7994048507,1548424.6663849105,175252.09097449115,472.9121832361752,3.237606382978724,39.19815633428647,True,268.3309947986101,-1371037.2835679594
optimised_urban,post_rebuild,7536925|1633052|8899918|1634606,1633052|8899918|1634606,3,dhw_only,0.5,6,5276.18364761123,7634.142441323429,17212533.328526262,1022515.6917535204,1027351.81299397,833242.8408662697,292828.19244242326,192718.5030948161,676694.9293370708,-157938.38056208327,-1373172.5754104194,494.0747303778367,0.0,2,1147991.7994048507,1548424.6663849105,175252.09097449115,472.9121832361752,3.237606382978724,39.19815633428647,True,268.3309947986101,-1371037.2835679594
liquid_cooling_speculative,post_rebuild,7536925|4769672|1634606|rebuild:2831044,4769672|1634606|rebuild:2831044,3,dhw_only,0.5,6,23476.284124017493,28028.999781734947,45621312.29380502,2778698.30132293,1749281.3148986527,1078235.0936881786,0.0,504784.8722598082,3145006.701018087,1900510.2583792424,-1382972.9152034947,2395.472084088464,1334.7774000000002,1,2950251.107897825,3465687.70685432,2082714.7916508252,1073.8431232187943,6.129606413427899,70.45546789973908,True,155.61448147404903,-1598802.0897109504
liquid_cooling_speculative,post_rebuild,7536925|4769672|1633052|rebuild:2831044,4769672|1633052|rebuild:2831044,3,full,0.5,6,24294.398162092977,29038.101594520744,45654295.71390644,2783184.978429361,1797067.67650911,1122874.5856982518,0.0,507836.7679294873,3191227.347294612,1901996.438714989,-1389025.307643859,2552.5071089779144,1334.7774000000002,1,2951285.602658029,3544319.6523174653,2155294.3446736066,1057.1424736686365,6.095715640609403,68.55571799813752,True,152.00361214005693,-1604854.4821513146
optimised_urban,post_rebuild,7536925|19906892|rebuild:2831044,19906892|rebuild:2831044,2,dhw_only,0.5,6,17066.516999337444,23549.338721724027,23389406.89229582,1471679.4235077137,2880187.112457051,2443965.485954726,947191.6934632282,270381.8911229612,2939821.4296509875,330016.2083168978,-1412045.1063137765,-337.26216618488706,1334.7774000000002,0,1727257.1087832283,1978921.278476533,566876.1721627566,229.088381983926,3.622901923102616,71.88586653045816,True,177.75559857754448,-1409909.8144713163
optimised_urban,today,7536925|4040951|19906892|1634606,4040951|19906892|1634606,3,dhw_only,0.5,2,7218.382537411727,10444.321912773428,15303031.040233254,918375.0123026164,1322824.0876347383,1139965.1668030047,400620.23082635086,181203.9653149199,805411.684849443,-336208.4374703756,-1435787.4150879118,693.9620555627353,0.0,1,1014946.3368547095,1675550.9861887582,239763.57110084628,342.7007073458165,3.2376063829787243,39.19815633428647,True,214.42695496407225,-1433652.123245452
optimised_urban,post_rebuild,7536925|4040951|19906892|1634606,4040951|19906892|1634606,3,dhw_only,0.75,6,7218.382537411727,10444.321912773428,15303031.040233254,918375.0123026164,1322824.0876347383,1139965.1668030047,400620.23082635086,181203.9653149199,805411.684849443,-336208.4374703756,-1435787.4150879118,693.9620555627353,0.0,1,1014946.3368547095,1675550.9861887582,239763.57110084628,342.7007073458165,3.2376063829787243,39.19815633428647,True,214.42695496407225,-1433652.123245452
liquid_cooling_speculative,post_rebuild,7536925|4040951|4769672|rebuild:2831044,4040951|4769672|rebuild:2831044,3,full,0.5,6,26125.339487363588,31296.47405171664,46323062.106632695,2827898.731163005,1909963.1710612876,1222777.8838406412,0.0,520616.4124376351,3294669.2727595246,1905322.514135872,-1443192.6294647676,2903.9518993171114,1334.7774000000002,0,2994222.85654098,3760920.200821153,2317727.571356385,1045.784193601722,6.028896919538619,65.04060668951065,True,146.0641546995784,-1659021.8039722233
optimised_urban,today,7536925|4040951|19906892|8899918,4040951|19906892|8899918,3,dhw_only,0.5,2,7622.456607672734,11028.979160368368,14833952.214290544,892523.7698136935,1383578.9594201804,1203778.682160286,423046.3417258368,178090.29538576351,832191.1787436123,-373297.4852908045,-1443911.5504902618,735.5485714984659,0.0,0,982363.3875579538,1697096.721454084,253185.17096382228,312.4700230513937,3.237606382978723,39.19815633428645,True,206.21969760651703,-1441776.2586478018
optimised_urban,post_rebuild,7536925|4040951|19906892|8899918,4040951|19906892|8899918,3,dhw_only,0.5,2,7622.456607672734,11028.979160368368,14833952.214290544,892523.7698136935,1383578.9594201804,1203778.682160286,423046.3417258368,178090.29538576351,832191.1787436123,-373297.4852908045,-1443911.5504902618,735.5485714984659,0.0,0,982363.3875579538,1697096.721454084,253185.17096382228,312.4700230513937,3.237606382978723,39.19815633428645,True,206.21969760651703,-1441776.2586478018
optimised_urban,today,7536925|19906892|1633052|8899918,19906892|1633052|8899918,3,dhw_only,0.5,6,6061.628011604916,8770.606703172472,17114556.545122046,1019693.919445934,1153586.159138797,957284.3710531133,336420.3546440728,194804.35811319336,728749.2532786991,-230032.5477469048,-1444530.825306032,574.9111338094017,0.0,1,1140223.095593996,1645871.994358073,201341.16905204125,449.7388719670947,3.2376063829787234,39.19815633428647,True,247.62057199836252,-1442395.5334635722
optimised_urban,post_rebuild,7536925|19906892|1633052|8899918,19906892|1633052|8899918,3,dhw_only,0.75,2,6061.628011604916,8770.606703172472,17114556.545122046,1019693.919445934,1153586.159138797,957284.3710531133,336420.3546440728,194804.35811319336,728749.2532786991,-230032.5477469048,-1444530.825306032,574.9111338094017,0.0,1,1140223.095593996,1645871.994358073,201341.16905204125,449.7388719670947,3.2376063829787234,39.19815633428647,True,247.62057199836252,-1442395.5334635722
optimised_urban,post_rebuild,7536925|1634606|rebuild:2831044,1634606|rebuild:2831044,2,dhw_only,0.5,6,16281.07263534376,22412.874459874976,25397438.73024428,1585815.692120029,2773053.3168576662,2319923.955767882,903599.5312615788,287396.5866500263,2887767.105709359,402110.37550171954,-1471101.9032683356,-418.09856961645255,1334.7774000000002,1,1865440.8594442548,2011888.997353542,540787.0940852065,335.7905800568832,3.6448728052670174,75.05969825586159,True,187.08605368957785,-1468966.6114258757
liquid_cooling_speculative,post_rebuild,7536925|4769672|8899918|rebuild:2831044,4769672|8899918|rebuild:2831044,3,dhw_only,0.5,6,23950.28614805462,28613.65702932989,46949076.33320145,2857563.756930282,1790054.498699701,1104098.4924076751,0.0,519639.6309840433,3171786.1949122567,1901371.327196599,-1475832.0607177264,2486.4556342759406,1334.7774000000002,0,3040202.964762663,3600598.269940406,2124766.20922268,1121.3959689886826,6.109634122640364,69.32590735570786,True,156.61409080735558,-1691661.235225182
liquid_cooling_speculative,post_rebuild,7536925|rebuild:4473909,rebuild:4473909,1,full,0.5,6,21248.09896172704,25098.918399551007,51486585.60006072,3122616.3322543576,1665090.1079499,916949.007811244,0.0,550237.9504742768,3311294.8157787933,2196442.65830317,-1476411.6244254648,1563.9280216047684,1596.2225999999998,0,3341561.0216967817,3361451.4274995606,1885039.803074096,1331.2394041652296,6.477144556845087,80.03060164077354,True,182.8685689747485,-1692240.798932921
optimised_urban,today,7536925|4040951|8899918|1634606,4040951|8899918|1634606,3,dhw_only,0.5,6,6837.012243679046,9892.51489851933,16841984.052239,1006660.0384260092,1276445.1638207952,1079737.151973442,379454.1795241871,195104.99091282865,780136.8548019839,-301203.3181059826,-1502968.3474448202,654.7121680669,0.0,1,1120547.1382189798,1730064.4403310923,227096.0928862721,419.17222112435087,3.2376063829787256,39.19815633428647,True,230.62913775886912,-1500833.0556023603
optimised_urban,post_rebuild,7536925|4040951|8899918|1634606,4040951|8899918|1634606,3,dhw_only,0.75,2,6837.012243679046,9892.51489851933,16841984.052239,1006660.0384260092,1276445.1638207952,1079737.151973442,379454.1795241871,195104.99091282865,780136.8548019839,-301203.3181059826,-1502968.3474448202,654.7121680669,0.0,1,1120547.1382189798,1730064.4403310923,227096.0928862721,419.17222112435087,3.2376063829787256,39.19815633428647,True,230.62913775886912,-1500833.0556023603
liquid_cooling_speculative,post_rebuild,7536925|1634606|rebuild:4473909,1634606|rebuild:4473909,2,dhw_only,0.5,6,21942.350832902117,25955.24256602137,51838650.52073358,3145310.233557017,1708882.3836293635,954830.0970163632,0.0,556068.5420363764,3350517.67307126,2197703.831478272,-1503674.944115121,1697.188001015446,1596.2225999999998,1,3359566.1515844264,3450305.782362808,1946630.838247687,1331.2394041652296,6.429280575062944,77.37150630130495,True,179.3937722125283,-1719504.1186225768
optimised_urban,post_rebuild,7536925|4040951|1633052,4040951|1633052,2,dhw_only,0.75,6,6538.527363743688,9460.635297239807,17327176.388728008,1033838.6055986728,1232953.1289401962,1032598.8402837862,362888.26868777466,198791.91506074189,760355.1498918727,-273806.06398758176,-1506436.5846469968,623.9926858492252,0.0,1,1159085.2318736685,1723618.295694679,217181.7110476822,447.5683172741384,3.2376063829787216,39.19815633428645,True,239.4373411269848,-1504301.2928045369
optimised_urban,today,7536925|4040951|1633052,4040951|1633052,2,dhw_only,0.75,6,6538.527363743688,9460.635297239807,17327176.388728008,1033838.6055986728,1232953.1289401962,1032598.8402837862,362888.26868777466,198791.91506074189,760355.1498918727,-273806.06398758176,-1506436.5846469968,623.9926858492252,0.0,1,1159085.2318736685,1723618.295694679,217181.7110476822,447.5683172741384,3.2376063829787216,39.19815633428645,True,239.4373411269848,-1504301.2928045369
advanced_recovery,post_rebuild,7536925|4769672|rebuild:2831044,4769672|rebuild:2831044,2,full,0.5,6,21149.544353152534,27172.675615264576,42308294.64541939,2583445.519749614,2038291.8256732132,1402766.318214211,0.0,469344.7534205809,3105783.843725621,1536836.7714729882,-1515953.5016972062,1790.4851362076015,1334.7774000000002,0,2877179.6121084634,3392249.9644718254,1876296.4627746197,971.1871770647224,4.497503374166855,72.27165152798347,True,163.97194941235168,-1689844.1063919675
optimised_urban,post_rebuild,7536925|8899918|rebuild:2831044,8899918|rebuild:2831044,2,dhw_only,0.5,6,16685.146705604762,22997.53170746992,25652655.37419194,1602175.057757206,2841051.143342012,2383737.471125164,926025.6421610644,291525.87141977367,2914546.599603528,365021.3276812903,-1528679.601495689,-376.51205368072215,1334.7774000000002,0,1882311.472972502,2082888.2954438715,554208.6939481823,337.2341630423996,3.633265789803892,73.35359683951154,True,185.9955431179065,-1526544.309653229
liquid_cooling_speculative,post_rebuild,7536925|1633052|rebuild:4473909,1633052|rebuild:4473909,2,dhw_only,0.5,6,22760.464870977597,26964.344378807167,52253527.69409845,3172052.9763644384,1760487.6827724555,999469.5890264356,0.0,562939.3752386901,3396738.319347784,2199190.0118140182,-1535802.33978911,1854.2230259048952,1596.2225999999998,1,3386675.6495782547,3555012.731059578,2019210.391270468,1331.2394041652296,6.37758213820831,74.65084498086075,True,175.58231248339385,-1751631.5142965657
liquid_cooling_speculative,post_rebuild,7536925|19906892|rebuild:4473909,19906892|rebuild:4473909,2,dhw_only,0.5,6,22863.722050958942,27091.706827870425,52305890.867160566,3175428.2762355376,1767000.9772688365,1005103.7033995406,0.0,563806.5683530658,3402571.997012888,2199377.588097117,-1539857.256491486,1874.0429936278897,1596.2225999999998,0,3390097.238969554,3568228.179937968,2028370.9234464816,1331.2394041652296,6.371386811798061,74.33477691947877,True,175.12143395511112,-1755686.430998942
liquid_cooling_speculative,post_rebuild,7536925|1633052|1634606|rebuild:4473909,1633052|1634606|rebuild:4473909,3,dhw_only,0.5,6,23454.716742152672,27820.66854527754,52605592.614771314,3194746.8776670992,1804279.958451919,1037350.6782315552,0.0,568769.9668007897,3435961.1766402507,2200451.1849891217,-1563065.6594787678,1987.4830053155736,1596.2225999999998,2,3404680.7794659,3643867.085922828,2080801.42644406,1331.2394041652296,6.33723547098483,72.62892578636155,True,172.56477912765237,-1778894.8339862237
liquid_cooling_speculative,today,7536925|4769672,4769672,1,full,0.5,6,7367.582582167078,9087.536203391566,27512066.63090144,1626447.111441244,703165.6720300954,402004.03428336536,0.0,299634.3792276936,743265.812597706,339734.5197953043,-1586346.970873633,1365.24997372815,0.0,0,1857508.5660241344,2239967.158017732,653620.1871440992,886.8177521003549,5.2835937500000005,48.39312816534613,True,256.1844566939316,-1802176.1453810888
liquid_cooling_speculative,post_rebuild,7536925|4769672,4769672,1,dhw_only,0.75,2,7367.582582167078,9087.536203391566,27512066.63090144,1626447.111441244,703165.6720300954,402004.03428336536,0.0,299634.3792276936,743265.812597706,339734.5197953043,-1586346.970873633,1365.24997372815,0.0,0,1857508.5660241344,2239967.158017732,653620.1871440992,886.8177521003549,5.2835937500000005,48.39312816534613,True,256.1844566939316,-1802176.1453810888
advanced_recovery,post_rebuild,7536925|rebuild:2831044|rebuild:4473909,rebuild:2831044|rebuild:4473909,2,full,0.5,6,34052.74598863325,43184.057811424034,65802404.943682544,4051617.406614681,3212376.0480696526,2134675.1649276856,0.0,715144.2379582028,5673812.846906709,3176581.036795259,-1590180.6077776256,1706.7563610055886,2931.0,0,4502250.063893381,4611193.532659448,3021012.9248818224,1415.608829129597,4.7079092104423,86.0564938291575,True,159.81445837345197,-1764071.212472387
reference,post_rebuild,7536925|8899918,8899918,1,full,0.75,2,4802.093111379531,7121.820556553617,17813862.372757427,1263937.3093374243,986249.4727123706,797800.0528747956,266516.167681564,186274.3427982728,654061.4926099774,-145913.63730412038,-1596125.289439818,430.9818091671941,0.0,0,1394641.9373147476,1755630.135182722,159504.84574290417,211.20831889133257,3.068127241179517,56.82816411277733,True,315.651270227784,-1575337.680430287
reference,today,7536925|8899918,8899918,1,full,0.75,2,4802.093111379531,7121.820556553617,17813862.372757427,1263937.3093374243,986249.4727123706,797800.0528747956,266516.167681564,186274.3427982728,654061.4926099774,-145913.63730412038,-1596125.289439818,430.9818091671941,0.0,0,1394641.9373147476,1755630.135182722,159504.84574290417,211.20831889133257,3.068127241179517,56.82816411277733,True,315.651270227784,-1575337.680430287
liquid_cooling_speculative,post_rebuild,7536925|19906892|1633052|rebuild:4473909,19906892|1633052|rebuild:4473909,3,dhw_only,0.5,6,24376.087960209494,28957.13280712658,53072832.9611983,3224864.92034562,1862398.552091392,1087624.2846147327,0.0,576507.993117479,3488015.5005818787,2202124.9416079656,-1599247.9718551333,2164.3379979280176,1596.2225999999998,1,3435211.8668510267,3761789.4834979866,2162541.5116428533,1331.2394041652296,6.288070862815352,70.27663024186477,True,168.8356796455556,-1815077.1463625887
optimised_urban,post_rebuild,7536925|4040951|1633052|1634606,4040951|1633052|1634606,3,dhw_only,0.75,6,7130.35854830854,10316.959463710176,17856853.234213803,1066883.4032805914,1334105.5470386075,1126063.9526597236,395734.899431124,206398.62587097083,799578.0071843391,-328128.9139832976,-1601410.9431348597,684.9027981270826,0.0,2,1189437.545962365,1838250.7365250431,236839.79339018348,456.4991011437891,3.2376063829787225,39.19815633428646,True,232.56328477890864,-1599275.6512924
optimised_urban,today,7536925|4040951|1633052|1634606,4040951|1633052|1634606,3,dhw_only,0.75,2,7130.35854830854,10316.959463710176,17856853.234213803,1066883.4032805914,1334105.5470386075,1126063.9526597236,395734.899431124,206398.62587097083,799578.0071843391,-328128.9139832976,-1601410.9431348597,684.9027981270826,0.0,2,1189437.545962365,1838250.7365250431,236839.79339018348,456.4991011437891,3.2376063829787225,39.19815633428646,True,232.56328477890864,-1599275.6512924
liquid_cooling_speculative,post_rebuild,7536925|19906892|1634606|rebuild:4473909,19906892|1634606|rebuild:4473909,3,dhw_only,0.5,6,23557.97392213401,27948.03099434078,53168200.25882336,3227858.287052628,1815895.6976582,1042984.7926046596,0.0,574739.6046250646,3441794.8543053544,2200638.761272219,-1601959.1304054728,2007.3029730385665,1596.2225999999998,1,3442940.9230815284,3691921.089025545,2089961.958620072,1353.5529770427363,6.331487488970685,72.34773837304822,True,173.37832082923975,-1817788.3049129285
liquid_cooling_speculative,post_rebuild,7536925|4769672|1634606,4769672|1634606,2,dhw_only,0.5,2,8061.834453342151,9943.860369861934,27864131.551574294,1649141.012743904,746957.9477095592,439885.1234884849,0.0,305464.9707897932,782488.6698901724,340995.6929704064,-1613610.290563291,1498.509953138827,0.0,1,1875513.6959117788,2328821.512880981,715211.2223176906,886.8177521003549,5.283593749999998,47.43490648182621,True,240.8009583762316,-1829439.4650707468
liquid_cooling_speculative,today,7536925|4769672|1634606,4769672|1634606,2,dhw_only,0.5,6,8061.834453342151,9943.860369861934,27864131.551574294,1649141.012743904,746957.9477095592,439885.1234884849,0.0,305464.9707897932,782488.6698901724,340995.6929704064,-1613610.290563291,1498.509953138827,0.0,1,1875513.6959117788,2328821.512880981,715211.2223176906,886.8177521003549,5.283593749999998,47.43490648182621,True,240.8009583762316,-1829439.4650707468
liquid_cooling_speculative,today,7536925|4769672|1633052,4769672|1633052,2,dhw_only,0.5,6,8879.948491417637,10952.962182647729,28279008.72493917,1675883.755551325,798563.2468526509,484524.6154985576,0.0,312335.80399210687,828709.3161666968,342481.87330615293,-1645737.686237279,1655.5449780282777,0.0,1,1902623.1939056064,2433528.4615777507,787790.7753404716,886.8177521003549,5.2835937500000005,46.53403190080857,True,225.76031340265595,-1861566.8607447348
liquid_cooling_speculative,post_rebuild,7536925|4769672|1633052,4769672|1633052,2,full,0.5,2,8879.948491417637,10952.962182647729,28279008.72493917,1675883.755551325,798563.2468526509,484524.6154985576,0.0,312335.80399210687,828709.3161666968,342481.87330615293,-1645737.686237279,1655.5449780282777,0.0,1,1902623.1939056064,2433528.4615777507,787790.7753404716,886.8177521003549,5.2835937500000005,46.53403190080857,True,225.76031340265595,-1861566.8607447348
liquid_cooling_speculative,post_rebuild,7536925|4769672|19906892,4769672|19906892,2,dhw_only,0.5,6,8983.205671398973,11080.32463171098,28331371.898001283,1679259.0554224243,805076.5413490318,490158.7298716621,0.0,313202.9971064825,834542.9938318008,342669.4495892514,-1649792.6029396555,1675.3649457512715,0.0,0,1906044.7832969064,2446743.91045614,796951.3075164844,886.817752100355,5.283593750000002,46.43414404820664,True,224.0566828967729,-1865621.7774471117
liquid_cooling_speculative,today,7536925|4769672|19906892,4769672|19906892,2,dhw_only,0.5,2,8983.205671398973,11080.32463171098,28331371.898001283,1679259.0554224243,805076.5413490318,490158.7298716621,0.0,313202.9971064825,834542.9938318008,342669.4495892514,-1649792.6029396555,1675.3649457512715,0.0,0,1906044.7832969064,2446743.91045614,796951.3075164844,886.817752100355,5.283593750000002,46.43414404820664,True,224.0566828967729,-1865621.7774471117
liquid_cooling_speculative,post_rebuild,7536925|4769672|rebuild:4473909,4769672|rebuild:4473909,2,full,0.5,6,25801.28765605769,30715.043721410984,53795571.838390656,3271452.2506460994,1952297.8243443195,1165388.7373372808,0.0,588477.3628317507,3568534.4110875214,2204713.9495749525,-1655215.6639028974,2437.901656897171,1596.2225999999998,0,3487438.1048780475,3944194.752801113,2288979.088898216,1331.2394041652296,6.220451023332945,74.3990962017217,True,163.610978268348,-1871044.8384103533
optimised_urban,post_rebuild,7536925|19906892|1634606|rebuild:2831044,19906892|1634606|rebuild:2831044,3,dhw_only,0.5,6,17658.348183902297,24405.662888194387,26135163.028568503,1633873.2472548226,3003500.323463331,2537430.5983306635,980038.3242065776,300149.39484105905,2979044.286943454,275693.35832118185,-1658329.2837746998,-276.3520539070292,1334.7774000000002,1,1908919.2418449847,2244863.5382799576,586534.2545052579,334.93084166530934,3.607851768499819,69.84231736219573,True,183.21375907349335,-1656193.9919322398
optimised_urban,post_rebuild,7536925|4040951|rebuild:2831044,4040951|rebuild:2831044,2,full,0.5,6,18539.32160630208,25680.34872985667,24943278.76031245,1567651.825347049,3134267.912190979,2676558.582918618,1028932.3491497652,291669.02900025813,3037429.6774507966,194830.7942600758,-1664490.0600872303,-185.6839859314755,1334.7774000000002,0,1831329.3103971188,2280286.456451105,615796.3963638748,261.62238765543907,3.5875068274898485,67.23334742610162,True,176.62842062547185,-1662354.7682447704
advanced_recovery,post_rebuild,7536925|4769672|19906892|rebuild:2831044,4769672|19906892|rebuild:2831044,3,dhw_only,0.5,6,22647.3032739196,29165.464043584,44058834.34358584,2690528.0939878547,2175680.8847020115,1517086.859201704,0.0,492225.7156100359,3197061.0249597155,1513605.8558677398,-1669147.9537301508,2066.541842382784,1334.7774000000002,0,2989552.170595057,3678319.1356097935,2009171.1818796424,1013.250187930209,4.461794729353393,68.33223090248453,True,161.14403877738042,-1843038.558424912
optimised_urban,today,7536925|4040951|19906892|1633052,4040951|19906892|1633052,3,dhw_only,0.5,2,7915.802912302232,11453.42372555922,17758876.450809594,1064061.6309730052,1460339.8931834348,1250105.4828465676,439327.0616327739,208484.4808893482,851632.3311259674,-400223.0811681193,-1672769.193030473,765.7392015586486,0.0,1,1181668.8421515117,1935698.064498207,262928.871467734,433.3257898747087,3.237606382978723,39.19815633428646,True,220.25305752719385,-1670633.9011880131
optimised_urban,post_rebuild,7536925|4040951|19906892|1633052,4040951|19906892|1633052,3,dhw_only,0.5,6,7915.802912302232,11453.42372555922,17758876.450809594,1064061.6309730052,1460339.8931834348,1250105.4828465676,439327.0616327739,208484.4808893482,851632.3311259674,-400223.0811681193,-1672769.193030473,765.7392015586486,0.0,1,1181668.8421515117,1935698.064498207,262928.871467734,433.3257898747087,3.237606382978723,39.19815633428646,True,220.25305752719385,-1670633.9011880131
liquid_cooling_speculative,post_rebuild,7536925|4769672|1633052|1634606,4769672|1633052|1634606,3,dhw_only,0.5,6,9574.20036259271,11809.286349118092,28631073.645612024,1698577.656853985,842355.5225321144,522405.7047036769,0.0,318166.39555420645,867932.1734591633,343743.0464812552,-1673001.005926936,1788.8049574389547,0.0,2,1920628.3237932508,2522382.816440999,849381.8105140631,886.8177521003549,5.283593750000003,45.91098962430224,True,215.0129721684232,-1888830.180434392
liquid_cooling_speculative,today,7536925|4769672|1633052|1634606,4769672|1633052|1634606,3,dhw_only,0.5,2,9574.20036259271,11809.286349118092,28631073.645612024,1698577.656853985,842355.5225321144,522405.7047036769,0.0,318166.39555420645,867932.1734591633,343743.0464812552,-1673001.005926936,1788.8049574389547,0.0,2,1920628.3237932508,2522382.816440999,849381.8105140631,886.8177521003549,5.283593750000003,45.91098962430224,True,215.0129721684232,-1888830.180434392
liquid_cooling_speculative,post_rebuild,7536925|4769672|1634606|rebuild:4473909,4769672|1634606|rebuild:4473909,3,dhw_only,0.5,6,26495.53952723277,31571.36788788135,54147636.75906352,3294146.1519487603,1996090.1000237835,1203269.8265424003,0.0,594307.9543938503,3607757.268379988,2205975.122750055,-1682478.9835925554,2571.1616363078488,1596.2225999999998,1,3505443.234765693,4033049.107664363,2350570.124071808,1331.2394041652296,6.190704531356032,72.630007896263,True,161.27663365639174,-1898308.1581000115
advanced_recovery,post_rebuild,7536925|4769672,4769672,1,dhw_only,0.5,2,6830.097075534427,9087.536203391566,27372430.963351827,1618309.401503261,821091.0978270478,521325.816755814,0.0,298238.02255219745,743265.812597706,220412.7373228556,-1696134.6867326028,1209.9370867605655,0.0,0,1849129.9048397453,2302071.475215816,605936.7884832129,886.8177521003549,4.02559523809524,48.39312816534613,True,268.26558775099375,-1870025.291427364
advanced_recovery,today,7536925|4769672,4769672,1,dhw_only,0.75,2,6830.097075534427,9087.536203391566,27372430.963351827,1618309.401503261,821091.0978270478,521325.816755814,0.0,298238.02255219745,743265.812597706,220412.7373228556,-1696134.6867326028,1209.9370867605655,0.0,0,1849129.9048397453,2302071.475215816,605936.7884832129,886.8177521003549,4.02559523809524,48.39312816534613,True,268.26558775099375,-1870025.291427364
liquid_cooling_speculative,today,7536925|4769672|19906892|1633052,4769672|19906892|1633052,3,dhw_only,0.5,6,10495.571580649534,12945.750610967134,29098313.992039014,1728695.6995325051,900474.1161715874,572679.3110868544,0.0,325904.4218708958,919986.4974007916,345416.8031001,-1709183.3183033008,1965.659950051399,0.0,1,1951159.4111783784,2640305.214016158,931121.8957128573,886.8177521003549,5.283593749999998,45.23099587932958,True,202.94531475560223,-1925012.4928107564
liquid_cooling_speculative,post_rebuild,7536925|4769672|19906892|1633052,4769672|19906892|1633052,3,dhw_only,0.5,2,10495.571580649534,12945.750610967134,29098313.992039014,1728695.6995325051,900474.1161715874,572679.3110868544,0.0,325904.4218708958,919986.4974007916,345416.8031001,-1709183.3183033008,1965.659950051399,0.0,1,1951159.4111783784,2640305.214016158,931121.8957128573,886.8177521003549,5.283593749999998,45.23099587932958,True,202.94531475560223,-1925012.4928107564
liquid_cooling_speculative,post_rebuild,7536925|4769672|19906892|1634606,4769672|19906892|1634606,3,dhw_only,0.5,6,9677.457542574051,11936.648798181346,29193681.28966408,1731689.0662395146,853971.2617383951,528039.8190767815,0.0,324136.0333784815,873765.8511242672,343930.6227643537,-1711894.4768536426,1808.6249251619483,0.0,1,1958888.4674088808,2570436.8195437198,858542.3426900764,909.1313249778616,5.283593750000002,45.8272515406122,True,216.46485226979723,-1927723.6513610985
liquid_cooling_speculative,today,7536925|4769672|19906892|1634606,4769672|19906892|1634606,3,dhw_only,0.75,6,9677.457542574051,11936.648798181346,29193681.28966408,1731689.0662395146,853971.2617383951,528039.8190767815,0.0,324136.0333784815,873765.8511242672,343930.6227643537,-1711894.4768536426,1808.6249251619483,0.0,1,1958888.4674088808,2570436.8195437198,858542.3426900764,909.1313249778616,5.283593750000002,45.8272515406122,True,216.46485226979723,-1927723.6513610985
advanced_recovery,post_rebuild,7536925|4769672|1634606|rebuild:2831044,4769672|1634606|rebuild:2831044,3,dhw_only,0.5,6,21793.14863204784,28028.999781734947,44994635.13133536,2742176.70864945,2116670.622491218,1451891.172905441,0.0,498518.1006351117,3145006.701018087,1526854.1791619805,-1713840.6301225803,1909.109886057929,1334.7774000000002,1,3054673.65981511,3647234.891873557,1933394.261750977,1073.8431232187943,4.481466938209326,70.45546789973908,True,167.41895960368586,-1887731.2348173417
liquid_cooling_speculative,post_rebuild,7536925|4769672|1633052|rebuild:4473909,4769672|1633052|rebuild:4473909,3,dhw_only,0.5,6,27313.653565308257,32580.46970066714,54562513.93242839,3320888.894756181,2047695.3991668744,1247909.3185524729,0.0,601178.7875961639,3653977.914656512,2207461.303085802,-1714606.3792665433,2728.1966611972985,1596.2225999999998,1,3532552.7327595213,4137756.056361132,2423149.677094589,1331.2394041652296,6.157988061758839,70.760768291518,True,158.6833169811224,-1930435.5537739992
optimised_urban,post_rebuild,7536925|1633052|rebuild:2831044,1633052|rebuild:2831044,2,dhw_only,0.5,6,16978.49301023426,23421.976272660773,27981634.858547103,1738982.3546038582,2911852.6295836275,2430064.271811445,942306.3620680014,315960.6094017195,2933987.751985884,338095.7318039754,-1716847.2322016016,-346.3214236205399,1334.7774000000002,1,2040926.9157317616,2280799.6266536955,563952.3944520939,432.0285859131241,3.62524551571908,72.2133233621096,True,191.48713941155052,-1714711.9403591417
liquid_cooling_speculative,post_rebuild,7536925|4769672|19906892|rebuild:4473909,4769672|19906892|rebuild:4473909,3,dhw_only,0.5,6,27416.9107452896,32707.83214973039,54614877.105490506,3324264.1946272803,2054208.693663256,1253543.4329255775,0.0,602045.9807105396,3659811.592321616,2207648.8793689,-1718661.2959689195,2748.0166289202925,1596.2225999999998,0,3535974.322150821,4150971.5052395216,2432310.209270602,1331.23940416523,6.154025761578183,70.53959641278986,True,158.3673777140285,-1934490.4704763757
advanced_recovery,post_rebuild,7536925|4769672|1633052|rebuild:2831044,4769672|1633052|rebuild:2831044,3,full,0.5,6,22551.57899052635,29038.10159452074,45012113.07205269,2745759.754929378,2177551.706178363,1509780.441786042,0.0,501414.94151094987,3191227.347294612,1515090.582627199,-1732084.1138131286,2048.8985955236803,1334.7774000000002,1,3054777.767944585,3732763.049650335,2000678.9358372064,1057.1424736686365,4.463914489182781,68.55571799813752,True,163.81770422361114,-1905974.71850789
advanced_recovery,post_rebuild,7536925|4769672|1634606,4769672|1634606,2,dhw_only,0.5,2,7473.70135442972,9943.860369861934,27711337.92856264,1640236.4813568883,875995.5594380023,570450.6714470446,0.0,303937.0345596766,782488.6698901724,210430.14501184667,-1733743.3709047183,1328.561836610893,0.0,1,1866345.508293132,2396777.9583642883,663034.5874595698,886.8177521003549,4.025595238095238,47.43490648182621,True,252.88208943329363,-1907633.97559948
advanced_recovery,today,7536925|4769672|1634606,4769672|1634606,2,dhw_only,0.5,2,7473.70135442972,9943.860369861934,27711337.92856264,1640236.4813568883,875995.5594380023,570450.6714470446,0.0,303937.0345596766,782488.6698901724,210430.14501184667,-1733743.3709047183,1328.561836610893,0.0,1,1866345.508293132,2396777.9583642883,663034.5874595698,886.8177521003549,4.025595238095238,47.43490648182621,True,252.88208943329363,-1907633.97559948
advanced_recovery,post_rebuild,7536925|19906892|rebuild:2831044|rebuild:4473909,19906892|rebuild:2831044|rebuild:4473909,3,dhw_only,0.5,6,35550.50490940029,45176.84623974344,67552944.64184898,4158699.9808529215,3349765.107098451,2248995.705915178,0.0,738025.2001476577,5765090.028140803,3153350.1211900096,-1743375.0598105695,1982.8130671807703,2931.0,0,4614622.622379973,4897262.703797413,3153887.6439868435,1457.6718399950837,4.673011903417448,81.74594341781442,True,158.17219398173597,-1917265.664505331
optimised_urban,today,7536925|4040951|1633052|8899918,4040951|1633052|8899918,3,dhw_only,0.75,2,7534.432618569546,10901.61671130512,19603853.699057985,1170181.1868568594,1417021.2117319184,1189877.468017005,418161.0103306098,225445.74884968335,826357.5010785083,-365217.96180372656,-1760844.8975102692,726.4893140628133,0.0,1,1308164.4156386692,2011106.290763429,250261.39325315945,523.180092661099,3.237606382978724,39.19815633428646,True,237.16706174803832,-1758709.6056678095
optimised_urban,post_rebuild,7536925|4040951|1633052|8899918,4040951|1633052|8899918,3,dhw_only,0.5,2,7534.432618569546,10901.61671130512,19603853.699057985,1170181.1868568594,1417021.2117319184,1189877.468017005,418161.0103306098,225445.74884968335,826357.5010785083,-365217.96180372656,-1760844.8975102692,726.4893140628133,0.0,1,1308164.4156386692,2011106.290763429,250261.39325315945,523.180092661099,3.237606382978724,39.19815633428646,True,237.16706174803832,-1758709.6056678095
advanced_recovery,post_rebuild,7536925|rebuild:4473909,rebuild:4473909,1,dhw_only,0.5,6,19733.298711015123,25098.918399551007,50866541.26161496,3086481.2883683285,1995175.3202234872,1253234.6634692887,0.0,544037.5070898192,3311294.8157787933,1860157.002645125,-1770361.792813023,1126.2083115585522,1596.2225999999998,0,3474200.356624661,3521015.0434034374,1750653.2505904145,1331.2394041652296,4.658235660882585,80.03060164077354,True,194.58023573696315,-1944252.3975077844
advanced_recovery,today,7536925|4769672|1633052,4769672|1633052,2,dhw_only,0.75,6,8232.131712908234,10952.962182647729,28110709.622543428,1666075.5933378066,940695.580657781,628339.9403276452,0.0,310652.81296814943,828709.3161666968,198666.5484770653,-1778061.8578288911,1468.3505460766437,0.0,1,1892524.619656232,2508381.1193746906,730319.2615457993,886.8177521003549,4.025595238095238,46.53403190080857,True,237.84144445971805,-1951952.4625236525
advanced_recovery,post_rebuild,7536925|4769672|1633052,4769672|1633052,2,full,0.5,2,8232.131712908234,10952.962182647729,28110709.622543428,1666075.5933378066,940695.580657781,628339.9403276452,0.0,310652.81296814943,828709.3161666968,198666.5484770653,-1778061.8578288911,1468.3505460766437,0.0,1,1892524.619656232,2508381.1193746906,730319.2615457993,886.8177521003549,4.025595238095238,46.53403190080857,True,237.84144445971805,-1951952.4625236525
optimised_urban,post_rebuild,7536925|19906892|8899918|rebuild:2831044,19906892|8899918|rebuild:2831044,3,dhw_only,0.5,6,18062.4222541633,24990.32013578933,27371894.17977737,1707433.4735329696,3081313.2950202883,2601244.113687944,1002464.4351060631,314093.8246834184,3005823.780837623,238604.31050075323,-1782922.9877156352,-234.7655379712992,1334.7774000000002,0,1992805.861086815,2382878.842083869,599955.8543682337,379.2971739078862,3.5982341126141923,68.5878516001004,True,184.9824806879498,-1780787.6958731753
advanced_recovery,post_rebuild,7536925|4769672|19906892,4769672|19906892,2,dhw_only,0.5,2,8327.855996301476,11080.32463171098,28161115.7920572,1669336.8426407136,948861.6081612364,635646.3577433074,0.0,311500.4360470417,834542.9938318008,197181.82171760616,-1783655.4569701492,1485.9937929357477,0.0,0,1895828.781530939,2522466.964558384,738811.5075882348,886.817752100355,4.025595238095237,46.43414404820664,True,236.137813953835,-1957546.0616649103
advanced_recovery,today,7536925|4769672|19906892,4769672|19906892,2,dhw_only,0.5,2,8327.855996301476,11080.32463171098,28161115.7920572,1669336.8426407136,948861.6081612364,635646.3577433074,0.0,311500.4360470417,834542.9938318008,197181.82171760616,-1783655.4569701492,1485.9937929357477,0.0,0,1895828.781530939,2522466.964558384,738811.5075882348,886.817752100355,4.025595238095237,46.43414404820664,True,236.137813953835,-1957546.0616649103
advanced_recovery,post_rebuild,7536925|1634606|rebuild:2831044|rebuild:4473909,1634606|rebuild:2831044|rebuild:4473909,3,dhw_only,0.5,6,34696.35026752854,44040.3819778944,68488745.42959851,4210348.595514517,3290754.8448876585,2183800.019618916,0.0,744317.5851727335,5713035.704199174,3166598.4444842497,-1788067.736203001,1825.3811108559169,2931.0,1,4679744.1116000265,4866178.46006118,3078110.7238581795,1518.264775283669,4.692462901860841,84.10164644827313,True,162.0891073081347,-1961958.3408977624
advanced_recovery,post_rebuild,7536925|1633052|rebuild:2831044|rebuild:4473909,1633052|rebuild:2831044|rebuild:4473909,3,full,0.5,6,35454.78062600705,45049.48379068019,68506223.37031582,4213931.641794445,3351635.9285748024,2241689.288499517,0.0,747214.4260485717,5759256.350475699,3154834.847949468,-1806311.219893548,1965.1698203216663,2931.0,1,4679848.219729502,4951706.617837956,3145395.3979444085,1501.5641257335112,4.675135116973833,81.9975742907695,True,159.88718960266203,-1980201.8245883093
advanced_recovery,post_rebuild,7536925|1634606|rebuild:4473909,1634606|rebuild:4473909,2,dhw_only,0.5,6,20376.902989910417,25955.24256602137,51205448.22682577,3108408.3682219554,2050079.7818344412,1302359.518160519,0.0,549736.5190972984,3350517.67307126,1850174.4103341163,-1807970.476985137,1244.83306140888,1596.2225999999998,1,3491415.960078047,3615721.526551908,1807751.0495667716,1331.2394041652296,4.634234085289754,77.37150630130495,True,191.11762846607672,-1981861.0816798983
advanced_recovery,post_rebuild,7536925|4040951|4769672|rebuild:2831044,4040951|4769672|rebuild:2831044,3,dhw_only,0.5,6,24248.948087070305,31296.47405171664,45646178.16196395,2788451.179544898,2319753.222479707,1639336.7747057483,0.0,513847.5729909476,3294669.2727595246,1488763.623270765,-1813535.129265081,2361.7460875055654,1334.7774000000002,0,3095632.814150615,3964797.3390816,2151262.2098165182,1045.784193601722,4.429140985949356,65.04060668951065,True,157.89751647663775,-1987425.7339598425
advanced_recovery,post_rebuild,7536925|4769672|8899918|rebuild:2831044,4769672|8899918|rebuild:2831044,3,dhw_only,0.5,6,22232.57089872315,28613.65702932989,46313415.54709296,2820518.6151905223,2165030.676190203,1485431.277759262,0.0,513283.0231229584,3171786.1949122567,1520038.5418450122,-1813763.0964684684,1990.10120039862,1334.7774000000002,0,3144086.465734019,3786141.008687754,1972377.9122192855,1121.3959689886826,4.471129925542206,69.32590735570786,True,168.4242217320519,-1987653.7011632295
advanced_recovery,post_rebuild,7536925|4769672|1633052|1634606,4769672|1633052|1634606,3,dhw_only,0.75,2,8875.735991803524,11809.286349118092,28449616.58775423,1688002.673191434,995600.0422687352,677464.7950188756,0.0,316351.8249756285,867932.1734591633,188683.9561660565,-1815670.5420010055,1586.9752959269708,0.0,2,1909740.2231096176,2603087.6025231616,787417.0605221558,886.8177521003549,4.025595238095238,45.91098962430224,True,227.09410322548527,-1989561.146695767
advanced_recovery,today,7536925|4769672|1633052|1634606,4769672|1633052|1634606,3,dhw_only,0.5,6,8875.735991803524,11809.286349118092,28449616.58775423,1688002.673191434,995600.0422687352,677464.7950188756,0.0,316351.8249756285,867932.1734591633,188683.9561660565,-1815670.5420010055,1586.9752959269708,0.0,2,1909740.2231096176,2603087.6025231616,787417.0605221558,886.8177521003549,4.025595238095238,45.91098962430224,True,227.09410322548527,-1989561.146695767
optimised_urban,post_rebuild,7536925|1633052|1634606|rebuild:2831044,1633052|1634606|rebuild:2831044,3,dhw_only,0.5,6,17570.324194799112,24278.30043913114,28688985.22254905,1782381.6382327976,3014781.7828672,2523529.384187382,975152.9928113509,325344.05539711006,2973210.60927835,283772.88180826,-1823952.8118216472,-285.4113113426816,1334.7774000000002,2,2083410.4509526405,2407563.2886162424,583610.476794595,448.729235463282,3.610015335220538,70.12993043587305,True,190.75697203057723,-1821817.5199791875
advanced_recovery,post_rebuild,7536925|4769672|rebuild:2831044|rebuild:4473909,4769672|rebuild:2831044|rebuild:4473909,3,full,0.5,6,38273.766986861,48800.183133284,68025095.91002582,4195424.195237719,3572462.0402790518,2456856.122988569,0.0,752520.6975958102,5931052.442215436,3111111.0995321944,-1836833.7933013348,2484.746154496702,2931.0,0,4642949.1086946335,5232317.516987463,3395483.723686128,1415.608829129597,4.617928438765442,81.193488541536,True,151.73715630529423,-2010724.397996096
optimised_urban,post_rebuild,7536925|8899918|1634606|rebuild:2831044,8899918|1634606|rebuild:2831044,3,dhw_only,0.5,6,17276.97789016961,23853.855873940283,29379926.01772582,1821569.742145285,2974179.499420904,2477202.5835011005,958872.2729044134,331108.52021048346,2953769.456895995,310698.4776855748,-1841979.784670194,-315.60194140286467,1334.7774000000002,1,2130989.6117478404,2415846.560960877,573866.7762906834,485.9993719808433,3.617411750926485,71.12865602646752,True,194.09360358024523,-1839844.492827734
liquid_cooling_speculative,post_rebuild,7536925|8899918|rebuild:4473909,8899918|rebuild:4473909,2,dhw_only,0.5,6,22416.35285693924,26539.89981361632,56908724.26399808,3442270.61721961,1787078.6644690929,980693.4957358596,0.0,608346.3977992921,3377297.1669654287,2198564.900295628,-1852052.1147232745,1788.1715512029214,1596.2225999999998,0,3705036.033543184,3840734.370542816,1988682.2558195412,1542.4477230565622,6.398747824718624,75.74648456823061,True,189.5753392472659,-2067881.28923073
advanced_recovery,post_rebuild,7536925|1633052|rebuild:4473909,1633052|rebuild:4473909,2,full,0.5,6,21135.333348388936,26964.344378807167,51604819.92080656,3134247.480202874,2114779.8030542205,1360248.7870411195,0.0,556452.2975057712,3396738.319347784,1838410.8137993345,-1852288.963909311,1384.6217708746296,1596.2225999999998,1,3517595.0714411493,3727324.687562313,1875035.7236530012,1331.2394041652296,4.608187872189205,74.65084498086075,True,187.3195392326912,-2026179.5686040723
advanced_recovery,post_rebuild,7536925|4769672|19906892|1634606,4769672|19906892|1634606,3,dhw_only,0.75,6,8971.460275196767,11936.648798181346,29010267.228257947,1721000.032008771,1008868.5144820896,684771.2124345374,0.0,322301.89276442013,873765.8511242672,187199.22940659785,-1856102.695366593,1604.618542786075,0.0,1,1947882.9392086545,2652012.0019311844,795909.3065645915,909.1313249778616,4.02559523809524,45.8272515406122,True,228.54598332685924,-2029993.3000613544
advanced_recovery,today,7536925|4769672|19906892|1634606,4769672|19906892|1634606,3,dhw_only,0.75,6,8971.460275196767,11936.648798181346,29010267.228257947,1721000.032008771,1008868.5144820896,684771.2124345374,0.0,322301.89276442013,873765.8511242672,187199.22940659785,-1856102.695366593,1604.618542786075,0.0,1,1947882.9392086545,2652012.0019311844,795909.3065645915,909.1313249778616,4.02559523809524,45.8272515406122,True,228.54598332685924,-2029993.3000613544
advanced_recovery,post_rebuild,7536925|19906892|rebuild:4473909,19906892|rebuild:4473909,2,dhw_only,0.5,6,21231.057631782176,27091.70682787042,51655226.090320334,3137508.7295057806,2122945.830557676,1367555.204456782,0.0,557299.9205846634,3402571.997012888,1836926.087039876,-1857882.563050568,1402.2650177337343,1596.2225999999998,0,3520899.2333158557,3741410.532746005,1883527.9696954368,1331.2394041652296,4.605058069778627,74.33477691947876,True,186.8602774535915,-2031773.1677453292
advanced_recovery,today,7536925|4769672|19906892|1633052,4769672|19906892|1633052,3,dhw_only,0.75,2,9729.890633675286,12945.750610967134,28899394.45124879,1717103.034475259,1068466.0909919688,742660.481315138,0.0,323915.22646299354,919986.4974007916,175435.63287181634,-1865582.628066436,1744.4072522518254,0.0,1,1939223.4963474253,2728776.6087172576,863193.9806508215,886.8177521003549,4.025595238095237,45.23099587932958,True,215.02644581266432,-2039473.2327611973
advanced_recovery,post_rebuild,7536925|4769672|19906892|1633052,4769672|19906892|1633052,3,dhw_only,0.75,2,9729.890633675286,12945.750610967134,28899394.45124879,1717103.034475259,1068466.0909919688,742660.481315138,0.0,323915.22646299354,919986.4974007916,175435.63287181634,-1865582.628066436,1744.4072522518254,0.0,1,1939223.4963474253,2728776.6087172576,863193.9806508215,886.8177521003549,4.025595238095237,45.23099587932958,True,215.02644581266432,-2039473.2327611973
liquid_cooling_speculative,post_rebuild,7536925|4040951|rebuild:4473909,4040951|rebuild:4473909,2,full,0.5,6,24591.4061962482,29222.716836003063,56994783.01344276,3454103.895110422,1914108.0665908137,1099372.8871688258,0.0,616443.9090130184,3500180.244812697,2202516.087234902,-1868031.7168885383,2205.667816244093,1596.2225999999998,0,3707674.958739724,4049675.3348417855,2181643.617953247,1497.975711347104,6.277235693293313,69.77386161599325,True,176.91444366058408,-2083860.8913959945
liquid_cooling_speculative,post_rebuild,7536925|8899918|1634606|rebuild:4473909,8899918|1634606|rebuild:4473909,3,dhw_only,0.5,6,23110.604728114304,27396.22398008668,57260789.18467093,3464964.5185222696,1830870.9401485568,1018574.584940979,0.0,614176.9893613916,3416520.0242578955,2199826.07347073,-1879315.4344129309,1921.4315306135984,1596.2225999999998,1,3723041.1634308286,3929588.725406063,2050273.290993132,1542.4477230565622,6.356854751622284,73.60144307407147,True,186.07367557404936,-2095144.6089203863
liquid_cooling_speculative,post_rebuild,7536925|19906892|8899918|rebuild:4473909,19906892|8899918|rebuild:4473909,3,dhw_only,0.5,6,24031.975946171136,28532.68824193573,57198125.42230786,3464200.7241461785,1883690.4927001288,1068848.1913241565,0.0,616615.9745901804,3468574.3481995235,2201499.830089576,-1879316.8686467835,2098.2865232260438,1596.2225999999998,0,3717391.372673444,4011330.24483871,2132013.3761919267,1519.2744117874818,6.305886447324288,71.11538675635184,True,180.48299011979628,-2095146.0431542392
advanced_recovery,post_rebuild,7536925|4040951|rebuild:2831044|rebuild:4473909,4040951|rebuild:2831044|rebuild:4473909,3,full,0.5,6,37152.149722551,47307.85624787608,69140288.46022709,4256623.066409965,3493837.4448761474,2371245.621419223,0.0,759647.0575285694,5862698.275940612,3128507.888593034,-1887762.2353455008,2278.0173123035524,2931.0,0,4720703.265935532,5183740.907269221,3295978.67192372,1490.2058456665968,4.639438934627538,77.93530453766573,True,156.15832826264295,-2061652.840040262
advanced_recovery,post_rebuild,7536925|8899918|rebuild:2831044|rebuild:4473909,8899918|rebuild:2831044|rebuild:4473909,3,dhw_only,0.5,6,35135.77253420385,44625.03922548935,69807525.84535609,4288690.50205559,3339114.898586642,2217340.124472736,0.0,759082.5076605801,5739815.198093344,3159782.807167282,-1887990.2025488887,1906.3724251966069,2931.0,0,4769156.917518934,5005084.5768753765,3117094.3743264875,1565.817621053557,4.68231252820573,82.85807138636953,True,162.803512563394,-2061880.80724365
reference,post_rebuild,7536925|rebuild:2831044,rebuild:2831044,1,full,0.75,2,16160.654004576938,22175.49859684848,30914635.25323392,2193469.337726338,2634352.586934537,2283523.62506232,896916.29725402,323971.2503896925,2937932.989332884,627551.6527880395,-1889888.9353279904,-372.6268186772786,1334.7774000000002,0,2426637.0120822564,2426676.2412625845,536787.3059345941,187.02537111843935,3.682611750507729,80.1269333022921,True,216.49859155187835,-1869101.32631846
advanced_recovery,post_rebuild,7536925|1633052|1634606|rebuild:4473909,1633052|1634606|rebuild:4473909,3,dhw_only,0.5,6,21778.937627284224,27820.66854527754,51943726.886017375,3156174.560056502,2169684.2646651743,1409373.6417323498,0.0,562151.3095132504,3435961.1766402507,1828428.2214883268,-1889897.6480814256,1503.246520724958,1596.2225999999998,2,3534810.6748945345,3822031.170710784,1932133.5226293576,1331.2394041652296,4.587772313596227,72.62892578636155,True,184.31259130084825,-2063788.252776187
optimised_urban,post_rebuild,7536925|19906892|1633052|rebuild:2831044,19906892|1633052|rebuild:2831044,3,dhw_only,0.5,6,18355.768558792795,25414.76470098018,28591008.43914485,1779559.8659252117,3141016.129012027,2647570.9143742253,1018745.155013,327429.91041548736,3025264.933219978,211678.71462343883,-1895311.0617172604,-204.5749079111165,1334.7774000000002,1,2075641.7471417864,2505010.6165894056,609699.5548721452,425.5559241942016,3.591559214968547,67.73963420767282,True,187.07868227997216,-1893175.7698748005
liquid_cooling_speculative,post_rebuild,7536925|1633052|8899918|rebuild:4473909,1633052|8899918|rebuild:4473909,3,dhw_only,0.5,6,23928.7187661898,28405.32579287248,57675666.35803582,3491707.261329691,1882476.239291648,1063214.0769510516,0.0,621047.8225637055,3462740.67053442,2201312.2538064774,-1911442.8300869197,2078.4665555030497,1596.2225999999998,1,3750150.661424657,4034295.6741028335,2122852.844015914,1542.4477230565624,6.3113562697859695,71.37597404854374,True,182.21826422928095,-2127272.0045943754
optimised_urban,post_rebuild,7536925|4040951|19906892|rebuild:2831044,4040951|19906892|rebuild:2831044,3,dhw_only,0.5,6,19916.597154860618,27673.137158176083,26662517.56589788,1672910.2411228125,3374530.063869255,2894065.225481399,1105371.1420947644,314236.9822639029,3128706.8586848914,68413.7770795387,-1918733.4463071765,-43.937470222052525,1334.7774000000002,0,1941823.6985114303,2580277.0030911025,661543.5567839262,303.6853985209257,3.559826133852312,63.94017480359129,True,176.38811317154733,-1916598.1544647168
optimised_urban,post_rebuild,7536925|4040951|8899918|rebuild:2831044,4040951|8899918|rebuild:2831044,3,dhw_only,0.5,6,19535.226861127936,27121.33014392198,27219956.07064243,1703994.4066052358,3318335.9949827003,2833837.2106518364,1084205.0907926003,318322.8627891997,3103432.0286374325,103418.89644393163,-1918898.372950504,-83.18735771788715,1334.7774000000002,0,1980408.4941621197,2567774.451519856,648876.0785693519,337.23416304239964,3.5670426893951754,64.77200184983488,True,179.0529614247021,-1916763.081108044
reference,post_rebuild,7536925|1633052,1633052,1,full,0.75,2,5509.872378178128,8197.057566663292,20994889.607429583,1489639.0083731867,1141655.098162748,921189.941743077,305797.91698888614,217943.569964122,703556.6898930104,-220154.8383056154,-1927737.416642924,499.6128408282095,0.0,1,1644917.8119061114,2110751.640515796,183014.22387287213,261.7038643448426,3.04822976651018,60.20598949539298,True,320.6970914503969,-1906949.807633393
reference,today,7536925|1633052,1633052,1,full,0.75,2,5509.872378178128,8197.057566663292,20994889.607429583,1489639.0083731867,1141655.098162748,921189.941743077,305797.91698888614,217943.569964122,703556.6898930104,-220154.8383056154,-1927737.416642924,499.6128408282095,0.0,1,1644917.8119061114,2110751.640515796,183014.22387287213,261.7038643448426,3.04822976651018,60.20598949539298,True,320.6970914503969,-1906949.807633393
advanced_recovery,post_rebuild,7536925|19906892|1634606|rebuild:4473909,19906892|1634606|rebuild:4473909,3,dhw_only,0.5,6,21874.66191067747,27948.03099434078,52504377.52652108,3189171.918873838,2182952.7368785297,1416680.059148012,0.0,568101.3773020419,3441794.8543053544,1826943.4947288667,-1930329.8014470127,1520.8897675840617,1596.2225999999998,1,3572953.390993571,3870955.5701188063,1940625.7686717936,1353.5529770427363,4.584857471909976,72.34773837304822,True,185.1276519756104,-2104220.4061417743
liquid_cooling_speculative,post_rebuild,7536925|4040951|1634606|rebuild:4473909,4040951|1634606|rebuild:4473909,3,dhw_only,0.5,6,25285.65806742328,30079.04100247343,57988471.47766921,3514190.436692221,1964316.5777058136,1137253.9763739454,0.0,628690.7360106539,3539403.1021051635,2203777.260410004,-1939103.912292871,2338.9277956547703,1596.2225999999998,1,3769488.964342044,4182338.565419709,2243234.6531268386,1526.034640964176,6.243838211530205,68.25807149722267,True,175.54200443566765,-2154933.0868003266
liquid_cooling_speculative,post_rebuild,7536925|4040951|19906892|rebuild:4473909,4040951|19906892|rebuild:4473909,3,dhw_only,0.5,6,26207.0292854801,31215.50526432248,57925807.71530613,3513426.64231613,2017136.130257385,1187527.582757122,0.0,631129.7212394425,3591457.426046792,2205451.017028849,-1939105.346526723,2515.7827882672145,1596.2225999999998,0,3763839.173584659,4264080.084852356,2324974.7383256326,1502.8613296950955,6.202833823263788,66.46415749575188,True,170.81523752899042,-2154934.521034179
advanced_recovery,post_rebuild,7536925|19906892|1633052|rebuild:4473909,19906892|1633052|rebuild:4473909,3,dhw_only,0.5,6,22633.092269155983,28957.13280712658,52393504.74951193,3185274.9213403263,2242550.313388408,1474569.3280286128,0.0,569714.7110006153,3488015.5005818787,1815179.8981940856,-1939809.734146856,1660.678477049812,1596.2225999999998,1,3564293.9481323417,3947720.17690488,2007910.442758023,1331.2394041652296,4.562789286836115,70.27663024186477,True,180.59657339702215,-2113700.3388416176
liquid_cooling_speculative,post_rebuild,7536925|4040951|1633052|rebuild:4473909,4040951|1633052|rebuild:4473909,3,full,0.5,6,26103.77210549876,31088.142815259227,58199128.4162868,3529031.599745674,2013879.674501432,1181893.4683840177,0.0,633519.3668654946,3585623.7483816883,2205263.440745751,-1957287.525865418,2495.962820544221,1596.2225999999998,1,3782654.680234429,4273101.732015037,2315814.206149619,1517.1038570945257,6.207254069176371,66.65410313194067,True,171.91263134483327,-2173116.700372874
liquid_cooling_speculative,post_rebuild,7536925|4769672|8899918,4769672|8899918,2,dhw_only,0.5,2,8535.836477379275,10528.517617456871,32934205.2948388,1946101.396406496,825154.2285492878,465748.522207981,0.0,357742.8265527089,809268.1637843417,341856.7617877627,-1961987.4611714424,1589.4935033263037,0.0,0,2220983.577870536,2719250.101060987,757262.6398895446,1098.0260709916874,5.2835937500000005,46.88778461248983,True,263.056286345102,-2177816.635678898
liquid_cooling_speculative,today,7536925|4769672|8899918,4769672|8899918,2,dhw_only,0.5,2,8535.836477379275,10528.517617456871,32934205.2948388,1946101.396406496,825154.2285492878,465748.522207981,0.0,357742.8265527089,809268.1637843417,341856.7617877627,-1961987.4611714424,1589.4935033263037,0.0,0,2220983.577870536,2719250.101060987,757262.6398895446,1098.0260709916874,5.2835937500000005,46.88778461248983,True,263.056286345102,-2177816.635678898
optimised_urban,post_rebuild,7536925|4040951|1634606|rebuild:2831044,4040951|1634606|rebuild:2831044,3,dhw_only,0.5,6,19131.15279086693,26536.672896327036,28670549.40384633,1787046.509735128,3267396.268269872,2770023.695294556,1061778.9798931149,331251.67779096804,3076652.534743263,140507.94426435948,-1977790.2432617368,-124.773873653618,1334.7774000000002,1,2080007.4491724567,2613244.7219681125,635454.4787063762,410.3875965938828,3.5750501220860107,65.71662925878094,True,184.21005157346795,-1975654.951419277
liquid_cooling_speculative,today,7536925|4040951|4769672,4040951|4769672,2,dhw_only,0.5,6,10710.88981668824,13211.33463984362,33020264.044283483,1957934.6742973088,952183.6306710092,584427.9136409474,0.0,365840.3377664352,932151.24163161,345807.94872703584,-1977967.063336708,2006.9897683674744,0.0,0,2223622.503067076,2928191.0653599584,950224.0020232502,1053.5540592822292,5.283593749999997,45.09148568610392,True,220.1293817003121,-2193796.237844164
liquid_cooling_speculative,post_rebuild,7536925|4040951|4769672,4040951|4769672,2,full,0.5,2,10710.88981668824,13211.33463984362,33020264.044283483,1957934.6742973088,952183.6306710092,584427.9136409474,0.0,365840.3377664352,932151.24163161,345807.94872703584,-1977967.063336708,2006.9897683674744,0.0,0,2223622.503067076,2928191.0653599584,950224.0020232502,1053.5540592822292,5.283593749999997,45.09148568610392,True,220.1293817003121,-2193796.237844164
reference,today,7536925|19906892|1634606,19906892|1634606,2,full,0.75,2,7150.211420307027,10689.01138611126,19600521.898180857,1390705.193023292,1414154.2325963064,1207156.5723143313,396836.73382704,203673.00859041588,818266.0467642031,-392215.1772416874,-1986593.3788553956,658.6711320442801,0.0,1,1510270.0456850328,2224092.599127196,237499.2202718007,171.07878181595044,3.0180099730327155,66.29032246164758,True,262.09484420310434,-1965805.7698458647
reference,post_rebuild,7536925|19906892|1634606,19906892|1634606,2,full,0.75,2,7150.211420307027,10689.01138611126,19600521.898180857,1390705.193023292,1414154.2325963064,1207156.5723143313,396836.73382704,203673.00859041588,818266.0467642031,-392215.1772416874,-1986593.3788553956,658.6711320442801,0.0,1,1510270.0456850328,2224092.599127196,237499.2202718007,171.07878181595044,3.0180099730327155,66.29032246164758,True,262.09484420310434,-1965805.7698458647
liquid_cooling_speculative,post_rebuild,7536925|4769672|8899918|1634606,4769672|8899918|1634606,3,dhw_only,0.5,6,9230.088348554347,11384.84178392724,33286270.21551165,1968795.2977091563,868946.5042287516,503629.6114131004,0.0,363573.4181148085,848491.0210768081,343117.93496286497,-1989250.7808610997,1722.7534827369805,0.0,1,2238988.7077581803,2808104.4559242357,818853.6750631362,1098.0260709916874,5.2835937500000005,46.20599677436123,True,249.1030074076952,-2205079.955368555
liquid_cooling_speculative,today,7536925|4769672|8899918|1634606,4769672|8899918|1634606,3,dhw_only,0.75,6,9230.088348554347,11384.84178392724,33286270.21551165,1968795.2977091563,868946.5042287516,503629.6114131004,0.0,363573.4181148085,848491.0210768081,343117.93496286497,-1989250.7808610997,1722.7534827369805,0.0,1,2238988.7077581803,2808104.4559242357,818853.6750631362,1098.0260709916874,5.2835937500000005,46.20599677436123,True,249.1030074076952,-2205079.955368555
liquid_cooling_speculative,today,7536925|4769672|19906892|8899918,4769672|19906892|8899918,3,dhw_only,0.5,6,10151.45956661117,12521.30604577629,33223606.453148577,1968031.503333065,921766.056780324,553903.2177962781,0.0,366012.4033435972,900545.3450184364,344791.69158170954,-1989252.2150949528,1899.608475349425,0.0,0,2233338.917000796,2889845.9753568824,900593.7602619301,1074.852759722607,5.2835937500000005,45.46820714464555,True,230.6426433404771,-2205081.3896024083
liquid_cooling_speculative,post_rebuild,7536925|4769672|19906892|8899918,4769672|19906892|8899918,3,dhw_only,0.5,6,10151.45956661117,12521.30604577629,33223606.453148577,1968031.503333065,921766.056780324,553903.2177962781,0.0,366012.4033435972,900545.3450184364,344791.69158170954,-1989252.2150949528,1899.608475349425,0.0,0,2233338.917000796,2889845.9753568824,900593.7602619301,1074.852759722607,5.2835937500000005,45.46820714464555,True,230.6426433404771,-2205081.3896024083
advanced_recovery,post_rebuild,7536925|4769672|rebuild:4473909,4769672|rebuild:4473909,2,dhw_only,0.5,6,23954.319709242867,30715.043721410984,53089232.227958255,3230288.076991366,2355261.3124328866,1575415.621530172,0.0,581413.9667274266,3568534.4110875214,1794687.0653820615,-2017014.978336731,1904.1981050496647,1596.2225999999998,0,3614899.401425913,4142139.02773145,2125124.04939472,1331.2394041652296,4.528237389083318,74.3990962017217,True,175.39020012833933,-2190905.5830314923
liquid_cooling_speculative,post_rebuild,7536925|4769672|1633052|8899918,4769672|1633052|8899918,3,dhw_only,0.75,6,10048.202386629831,12393.943596713036,33701147.388876535,1995538.0405165767,920551.8033718436,548269.1034231734,0.0,370444.2513171222,894711.6673533325,344604.1152986112,-2021378.176535088,1879.788507626431,0.0,1,2266098.205752008,2912811.404621005,891433.2280859171,1098.0260709916874,5.2835937500000005,45.5430688294692,True,235.135118416204,-2237207.351042544
liquid_cooling_speculative,today,7536925|4769672|1633052|8899918,4769672|1633052|8899918,3,dhw_only,0.75,2,10048.202386629831,12393.943596713036,33701147.388876535,1995538.0405165767,920551.8033718436,548269.1034231734,0.0,370444.2513171222,894711.6673533325,344604.1152986112,-2021378.176535088,1879.788507626431,0.0,1,2266098.205752008,2912811.404621005,891433.2280859171,1098.0260709916874,5.2835937500000005,45.5430688294692,True,235.135118416204,-2237207.351042544
liquid_cooling_speculative,post_rebuild,7536925|4769672|8899918|rebuild:4473909,4769672|8899918|rebuild:4473909,3,dhw_only,0.5,6,26969.54155126989,32156.02513547629,59217710.50232802,3591106.5356113524,2074286.380863512,1229133.2252618968,0.0,646585.8101567661,3634536.762274157,2206836.191567411,-2030856.1542007064,2662.1451864953247,1596.2225999999998,0,3850913.11672445,4423477.695844368,2392621.541643661,1542.4477230565622,6.171457151594592,71.52091775185069,True,170.00936987696008,-2246685.3287081625
liquid_cooling_speculative,post_rebuild,7536925|4040951|8899918|rebuild:4473909,4040951|8899918|rebuild:4473909,3,dhw_only,0.5,6,25759.6600914604,30663.69825006838,59316235.51706565,3593055.8922995734,2005089.7615068613,1163117.3750934417,0.0,643545.4947348889,3566182.595999333,2204638.3292273604,-2031963.0578071016,2429.911345842246,1596.2225999999998,0,3859440.82120688,4317249.128505794,2285286.0706986925,1573.5874867340644,6.222296750813642,67.30667047437746,True,176.09483103088724,-2247792.232314558
liquid_cooling_speculative,post_rebuild,7536925|4040951|4769672|rebuild:4473909,4040951|4769672|rebuild:4473909,3,full,0.5,6,29144.594890578857,34838.842157863044,59303769.2517727,3602939.813502165,2201315.782985233,1347812.6166948627,0.0,654683.3213704922,3757419.840121425,2210787.3785066847,-2046835.756365972,3079.641451536496,1596.2225999999998,0,3853552.04192099,4632418.66014334,2585582.9037773674,1497.975711347104,6.092680735719342,67.25054334557795,True,160.89615510664683,-2262664.930873428
liquid_cooling_speculative,post_rebuild,7536925|4040951|4769672|1634606,4040951|4769672|1634606,3,dhw_only,0.75,2,11405.141687863312,14067.658806313984,34013952.50850993,2018021.215879108,1002392.1417860086,622309.0028460666,0.0,378087.16476407065,971374.0989240764,347069.1219021383,-2049039.25874104,2140.249747778152,0.0,1,2285436.508669395,3060854.2959378813,1011815.0371968416,1081.6129888993014,5.283593749999999,44.68255523951099,True,214.56430135585097,-2264868.433248496
liquid_cooling_speculative,today,7536925|4040951|4769672|1634606,4040951|4769672|1634606,3,dhw_only,0.5,2,11405.141687863312,14067.658806313984,34013952.50850993,2018021.215879108,1002392.1417860086,622309.0028460666,0.0,378087.16476407065,971374.0989240764,347069.1219021383,-2049039.25874104,2140.249747778152,0.0,1,2285436.508669395,3060854.2959378813,1011815.0371968416,1081.6129888993014,5.283593749999999,44.68255523951099,True,214.56430135585097,-2264868.433248496
liquid_cooling_speculative,post_rebuild,7536925|4040951|4769672|19906892,4040951|4769672|19906892,3,dhw_only,0.5,6,12326.512905920135,15204.123068163037,33951288.74614686,2017257.4215030165,1055211.6943375808,672582.609229244,0.0,380526.1499928594,1023428.4228657046,348742.8785209832,-2049040.6929748924,2317.104740390596,0.0,0,2279786.717912012,3142595.815370528,1093555.1223956358,1058.439677630221,5.283593750000002,44.22009176145616,True,201.9429971041455,-2264869.8674823483
liquid_cooling_speculative,today,7536925|4040951|4769672|19906892,4040951|4769672|19906892,3,dhw_only,0.5,2,12326.512905920135,15204.123068163037,33951288.74614686,2017257.4215030165,1055211.6943375808,672582.609229244,0.0,380526.1499928594,1023428.4228657046,348742.8785209832,-2049040.6929748924,2317.104740390596,0.0,0,2279786.717912012,3142595.815370528,1093555.1223956358,1058.439677630221,5.283593750000002,44.22009176145616,True,201.9429971041455,-2264869.8674823483
advanced_recovery,post_rebuild,7536925|4769672|1634606|rebuild:4473909,4769672|1634606|rebuild:4473909,3,dhw_only,0.5,6,24597.92398813816,31571.36788788135,53428139.193169065,3252215.156844993,2410165.774043841,1624540.4762214026,0.0,587112.9787349057,3607757.268379988,1784704.4730710527,-2054623.6625088467,2022.8228548999928,1596.2225999999998,1,3632115.004879299,4236845.510879923,2182221.8483710764,1331.2394041652296,4.512967262140138,72.630007896263,True,173.0640443329858,-2228514.267203608
liquid_cooling_speculative,today,7536925|4040951|4769672|1633052,4040951|4769672|1633052,3,full,0.5,6,12223.255725938798,15076.76061909978,34224609.447127506,2032862.37893256,1051955.2385816278,666948.4948561398,0.0,382915.7956189113,1017594.7452006008,348555.3022378844,-2067222.8723135868,2297.284772667602,0.0,1,2298602.2245617816,3151617.462533209,1084394.5902196227,1072.6822050296507,5.283593749999998,44.268002047860406,True,204.46876801255985,-2283052.0468210424
liquid_cooling_speculative,post_rebuild,7536925|4040951|4769672|1633052,4040951|4769672|1633052,3,dhw_only,0.5,2,12223.255725938798,15076.76061909978,34224609.447127506,2032862.37893256,1051955.2385816278,666948.4948561398,0.0,382915.7956189113,1017594.7452006008,348555.3022378844,-2067222.8723135868,2297.284772667602,0.0,1,2298602.2245617816,3151617.462533209,1084394.5902196227,1072.6822050296507,5.283593749999998,44.268002047860406,True,204.46876801255985,-2283052.0468210424
optimised_urban,post_rebuild,7536925|1633052|8899918|rebuild:2831044,1633052|8899918|rebuild:2831044,3,dhw_only,0.5,6,17974.398265060117,24862.957686726084,31964122.14602865,1974736.4046291143,3112978.8121468653,2587342.899544664,997579.1037108364,359672.5429621767,2999990.1031725192,246683.8339878308,-2087725.11360346,-243.82479540695115,1334.7774000000002,1,2306475.6680353475,2684757.190261031,597032.0766575711,582.2373778370843,3.600286424214925,68.85229728712423,True,197.95520344563013,-2085589.821761
advanced_recovery,today,7536925|4769672|8899918,4769672|8899918,2,dhw_only,0.75,2,7913.123621105026,10528.517617456871,32772428.0481883,1936673.315953201,961778.7101756664,603990.7763008645,0.0,356125.0540862039,809268.1637843417,203614.5076948792,-2089183.862344526,1409.5531509515836,0.0,0,2211276.3393059606,2791202.100272404,702018.2379278782,1098.0260709916874,4.025595238095237,46.88778461248983,True,275.1374174021641,-2263074.467039288
advanced_recovery,post_rebuild,7536925|4769672|8899918,4769672|8899918,2,dhw_only,0.75,6,7913.123621105026,10528.517617456871,32772428.0481883,1936673.315953201,961778.7101756664,603990.7763008645,0.0,356125.0540862039,809268.1637843417,203614.5076948792,-2089183.862344526,1409.5531509515836,0.0,0,2211276.3393059606,2791202.100272404,702018.2379278782,1098.0260709916874,4.025595238095237,46.88778461248983,True,275.1374174021641,-2263074.467039288
advanced_recovery,post_rebuild,7536925|4769672|1633052|rebuild:4473909,4769672|1633052|rebuild:4473909,3,dhw_only,0.5,6,25356.35434661668,32580.469700667145,53827510.887149855,3278054.268825912,2474865.795263619,1682429.7451020028,0.0,593828.7571433786,3653977.914656512,1772940.876536272,-2098942.149433018,2162.611564365743,1596.2225999999998,1,3658294.116242401,4348448.671890325,2249506.5224573063,1331.2394041652296,4.4961224836597244,70.760768291518,True,170.4798249411843,-2272832.75412778
advanced_recovery,post_rebuild,7536925|4769672|19906892|rebuild:4473909,4769672|19906892|rebuild:4473909,3,dhw_only,0.5,6,25452.07863000992,32707.83214973039,53877917.05666363,3281315.518128819,2483031.8227670747,1689736.1625176654,0.0,594676.3802222708,3659811.592321616,1771456.1497768122,-2104535.748574277,2180.254811224848,1596.2225999999998,0,3661598.278117107,4362534.517074019,2257998.768499742,1331.23940416523,4.494078838384403,70.53959641278986,True,170.1649939803373,-2278426.3532690383
advanced_recovery,today,7536925|4769672|8899918|1634606,4769672|8899918|1634606,3,dhw_only,0.5,2,8556.727900000324,11384.84178392724,33111335.01339911,1958600.3958068285,1016683.1717866207,653115.630992095,0.0,361824.0660936831,848491.0210768081,193631.9153838704,-2126792.546516641,1528.1779008019112,0.0,1,2228491.9427593467,2885908.5834208764,759116.0369042354,1098.0260709916874,4.025595238095238,46.20599677436123,True,261.18413846475727,-2300683.1512114024
advanced_recovery,post_rebuild,7536925|4769672|8899918|1634606,4769672|8899918|1634606,3,dhw_only,0.5,2,8556.727900000324,11384.84178392724,33111335.01339911,1958600.3958068285,1016683.1717866207,653115.630992095,0.0,361824.0660936831,848491.0210768081,193631.9153838704,-2126792.546516641,1528.1779008019112,0.0,1,2228491.9427593467,2885908.5834208764,759116.0369042354,1098.0260709916874,4.025595238095238,46.20599677436123,True,261.18413846475727,-2300683.1512114024
advanced_recovery,today,7536925|4040951|4769672,4040951|4769672,2,dhw_only,0.75,6,9929.500809452184,13211.33463984362,32817263.63907273,1946104.1839656665,1123621.986225306,757896.2732473519,0.0,363810.3337143276,932151.24163161,172339.58912063134,-2137574.9285593624,1781.1980380585292,0.0,0,2211441.7211407814,3018477.464084473,880902.5355251107,1053.5540592822292,4.025595238095236,45.09148568610392,True,232.21051275737415,-2311465.533254124
advanced_recovery,post_rebuild,7536925|4040951|4769672,4040951|4769672,2,full,0.75,2,9929.500809452184,13211.33463984362,32817263.63907273,1946104.1839656665,1123621.986225306,757896.2732473519,0.0,363810.3337143276,932151.24163161,172339.58912063134,-2137574.9285593624,1781.1980380585292,0.0,0,2211441.7211407814,3018477.464084473,880902.5355251107,1053.5540592822292,4.025595238095236,45.09148568610392,True,232.21051275737415,-2311465.533254124
advanced_recovery,post_rebuild,7536925|4769672|19906892|8899918,4769672|19906892|8899918,3,dhw_only,0.5,2,9410.882541872072,12521.30604577629,33031208.768103603,1956818.9200360416,1084250.179421954,718311.3172883575,0.0,364088.42649314745,900545.3450184364,180383.59208963005,-2140523.75443956,1685.6098571267655,0.0,0,2221794.337854641,2975416.71147246,834892.9570328998,1074.852759722607,4.02559523809524,45.46820714464555,True,242.7237743975392,-2314414.359134321
advanced_recovery,today,7536925|4769672|19906892|8899918,4769672|19906892|8899918,3,dhw_only,0.5,2,9410.882541872072,12521.30604577629,33031208.768103603,1956818.9200360416,1084250.179421954,718311.3172883575,0.0,364088.42649314745,900545.3450184364,180383.59208963005,-2140523.75443956,1685.6098571267655,0.0,0,2221794.337854641,2975416.71147246,834892.9570328998,1074.852759722607,4.02559523809524,45.46820714464555,True,242.7237743975392,-2314414.359134321
liquid_cooling_speculative,today,7536925|4040951|4769672|8899918,4040951|4769672|8899918,3,dhw_only,0.75,6,11879.14371190044,14652.316053908937,35341716.54790637,2096886.67148646,1043165.3255870568,648172.4015655629,0.0,392941.92348830577,998153.5928182456,347930.1907194944,-2141898.404255271,2231.233297965628,0.0,0,2375388.365534232,3195764.859023967,1053866.454768696,1129.1658346691895,5.283593750000002,44.43448276215494,True,214.16416251157608,-2357727.578762727
liquid_cooling_speculative,post_rebuild,7536925|4040951|4769672|8899918,4040951|4769672|8899918,3,dhw_only,0.5,2,11879.14371190044,14652.316053908937,35341716.54790637,2096886.67148646,1043165.3255870568,648172.4015655629,0.0,392941.92348830577,998153.5928182456,347930.1907194944,-2141898.404255271,2231.233297965628,0.0,0,2375388.365534232,3195764.859023967,1053866.454768696,1129.1658346691895,5.283593750000002,44.43448276215494,True,214.16416251157608,-2357727.578762727
optimised_urban,today,7536925|4769672,4769672,1,dhw_only,0.75,6,6280.667446532159,9087.536203391566,27229692.28096778,1609990.853566656,1290214.1319242455,991876.237676852,348577.0432825348,296810.635728357,743265.812597706,-250137.68359818243,-2156939.172893195,597.4542456336062,0.0,0,1840565.0511845928,2365555.8883516337,208616.71545843864,886.8177521003549,3.2376063829787243,48.39312816534613,True,318.97289453328915,-2154803.8810507352
optimised_urban,post_rebuild,7536925|4769672,4769672,1,full,0.5,2,6280.667446532159,9087.536203391566,27229692.28096778,1609990.853566656,1290214.1319242455,991876.237676852,348577.0432825348,296810.635728357,743265.812597706,-250137.68359818243,-2156939.172893195,597.4542456336062,0.0,0,1840565.0511845928,2365555.8883516337,208616.71545843864,886.8177521003549,3.2376063829787243,48.39312816534613,True,318.97289453328915,-2154803.8810507352
advanced_recovery,post_rebuild,7536925|8899918|rebuild:4473909,8899918|rebuild:4473909,2,dhw_only,0.5,6,20816.32525658572,26539.89981361632,56266538.34645144,3404845.202818268,2135862.9325721064,1335899.6230143392,0.0,601924.5386238256,3377297.1669654287,1843358.7730171485,-2163410.968424945,1325.8243757495698,1596.2225999999998,0,3836346.791090877,4010145.668460025,1846734.70003508,1542.4477230565622,4.61886671968005,75.74648456823061,True,201.30706603931384,-2337301.5731197065
advanced_recovery,today,7536925|4769672|1633052|8899918,4769672|1633052|8899918,3,dhw_only,0.75,2,9315.158258478832,12393.943596713036,33510706.707379896,1984439.5077877464,1081383.193006399,711004.8998726953,0.0,368539.84450215584,894711.6673533325,181868.31884908924,-2171111.0334408134,1667.9666102676615,0.0,1,2254671.0541224466,2997511.7444312777,826400.7109904643,1098.0260709916874,4.025595238095239,45.5430688294692,True,247.21624947326603,-2345001.6381355748
advanced_recovery,post_rebuild,7536925|4769672|1633052|8899918,4769672|1633052|8899918,3,dhw_only,0.5,2,9315.158258478832,12393.943596713036,33510706.707379896,1984439.5077877464,1081383.193006399,711004.8998726953,0.0,368539.84450215584,894711.6673533325,181868.31884908924,-2171111.0334408134,1667.9666102676615,0.0,1,2254671.0541224466,2997511.7444312777,826400.7109904643,1098.0260709916874,4.025595238095239,45.5430688294692,True,247.21624947326603,-2345001.6381355748
advanced_recovery,post_rebuild,7536925|8899918|1634606|rebuild:4473909,8899918|1634606|rebuild:4473909,3,dhw_only,0.5,6,21459.929535481013,27396.22398008669,56605445.31166225,3426772.2826718963,2190767.39418306,1385024.4777055697,0.0,607623.5506313049,3416520.0242578955,1833376.18070614,-2201019.6525970604,1444.4491255998978,1596.2225999999998,1,3853562.394544263,4104852.151608497,1903832.4990114365,1542.4477230565622,4.597709462557527,73.6014430740715,True,197.8163237002277,-2374910.2572918218
advanced_recovery,post_rebuild,7536925|4040951|rebuild:4473909,4040951|rebuild:4473909,2,dhw_only,0.5,6,22832.70244493289,29222.716836003063,56311373.93733587,3414276.070830733,2297706.208621745,1489805.1199608264,0.0,609609.8182519494,3500180.244812697,1812083.8544429007,-2211802.0346397813,1697.4692628565158,1596.2225999999998,0,3836512.1729256976,4237421.032272094,2025618.9976323128,1497.975711347104,4.557267720726116,69.77386161599325,True,188.67824781611387,-2385692.6393345427
advanced_recovery,post_rebuild,7536925|19906892|8899918|rebuild:4473909,19906892|8899918|rebuild:4473909,3,dhw_only,0.5,6,22314.08417735277,28532.68824193573,56525319.06636675,3424990.8069011094,2258334.401818393,1450220.164001832,0.0,609887.9110307692,3468574.3481995235,1820127.8574119,-2214750.8605199787,1601.8810819247524,1596.2225999999998,0,3846864.789639558,4194360.279660081,1979609.4191401016,1519.2744117874818,4.571855729219106,71.11538675635184,True,192.2391201075832,-2388641.46521474
advanced_recovery,post_rebuild,7536925|4040951|4769672|1634606,4040951|4769672|1634606,3,dhw_only,0.75,6,10573.105088347476,14067.658806313984,33797794.14783713,2005423.9040984325,1184942.683271796,807021.127938582,0.0,375925.5811573427,971374.0989240764,162356.99680962294,-2218992.4884461523,1899.8227879088568,0.0,1,2272466.200308841,3156992.8229476195,938000.3345014672,1081.6129888993014,4.025595238095238,44.68255523951099,True,226.64543241291304,-2392883.0931409136
advanced_recovery,today,7536925|4040951|4769672|1634606,4040951|4769672|1634606,3,dhw_only,0.5,2,10573.105088347476,14067.658806313984,33797794.14783713,2005423.9040984325,1184942.683271796,807021.127938582,0.0,375925.5811573427,971374.0989240764,162356.99680962294,-2218992.4884461523,1899.8227879088568,0.0,1,2272466.200308841,3156992.8229476195,938000.3345014672,1081.6129888993014,4.025595238095238,44.68255523951099,True,226.64543241291304,-2392883.0931409136
optimised_urban,post_rebuild,7536925|4040951|1633052|rebuild:2831044,4040951|1633052|rebuild:2831044,3,full,0.5,6,19828.57316575743,27545.774709112837,31254745.53214917,1940213.1722189572,3406195.5809958326,2880164.0113381185,1100485.8106995374,359815.70054266124,3122873.181019788,76493.30056661632,-2223535.5721950023,-52.99672765770492,1334.7774000000002,1,2255493.505459964,2882155.351268266,658619.7790732635,506.6256024501238,3.5614635770073817,64.12732877454212,True,188.05762186045905,-2221400.280352542
advanced_recovery,post_rebuild,7536925|4040951|4769672|19906892,4040951|4769672|19906892,3,dhw_only,0.75,2,11427.259730219232,15204.123068163037,33717667.90254163,2003642.428327646,1252509.6909071296,872216.8142348449,0.0,378189.9415568071,1023428.4228657046,149108.67351538222,-2232723.696369071,2057.254744233711,0.0,0,2265768.595404137,3246500.950999204,1013777.2546301323,1058.439677630221,4.025595238095238,44.22009176145616,True,214.0241281612076,-2406614.3010638324
advanced_recovery,today,7536925|4040951|4769672|19906892,4040951|4769672|19906892,3,dhw_only,0.5,2,11427.259730219232,15204.123068163037,33717667.90254163,2003642.428327646,1252509.6909071296,872216.8142348449,0.0,378189.9415568071,1023428.4228657046,149108.67351538222,-2232723.696369071,2057.254744233711,0.0,0,2265768.595404137,3246500.950999204,1013777.2546301323,1058.439677630221,4.025595238095238,44.22009176145616,True,214.0241281612076,-2406614.3010638324
optimised_urban,post_rebuild,7536925|4769672|1634606,4769672|1634606,2,dhw_only,0.5,6,6872.498631097013,9943.860369861934,27555148.89170628,1631134.0714946056,1389324.3476751838,1085341.3500527896,381423.6740258842,302375.144191113,782488.6698901724,-304460.5335938983,-2237969.7492796173,658.3643579114632,0.0,1,1856973.583171848,2466244.5470805573,228274.79780093997,886.8177521003549,3.237606382978725,47.43490648182621,True,303.58939621558903,-2235834.4574371576
optimised_urban,today,7536925|4769672|1634606,4769672|1634606,2,dhw_only,0.75,6,6872.498631097013,9943.860369861934,27555148.89170628,1631134.0714946056,1389324.3476751838,1085341.3500527896,381423.6740258842,302375.144191113,782488.6698901724,-304460.5335938983,-2237969.7492796173,658.3643579114632,0.0,1,1856973.583171848,2466244.5470805573,228274.79780093997,886.8177521003549,3.237606382978725,47.43490648182621,True,303.58939621558903,-2235834.4574371576
advanced_recovery,post_rebuild,7536925|1633052|8899918|rebuild:4473909,1633052|8899918|rebuild:4473909,3,dhw_only,0.5,6,22218.35989395953,28405.32579287248,57004817.00564303,3452611.394652814,2255467.415402839,1442913.7465861705,0.0,614339.3290397776,3462740.67053442,1821612.5841713585,-2245338.1395212337,1584.237835065648,1596.2225999999998,1,3879741.5059073633,4216455.3126189,1971117.1730976664,1542.4477230565624,4.574636280751951,71.37597404854374,True,193.97293699272788,-2419228.744215995
reference,today,7536925|1633052|1634606,1633052|1634606,2,full,0.75,2,6937.829148961116,10366.366616541793,23111689.398071628,1639831.155129735,1412178.8339109495,1170131.1519774252,385049.5177673419,238827.0068068594,803414.0965690078,-369937.73053508217,-2248595.8924716767,638.0771205032111,0.0,2,1796679.0075864994,2479040.688632191,230444.79616051447,261.7038643448426,3.021076156060911,65.61147973793801,True,294.10394467903666,-2227808.283462146
reference,post_rebuild,7536925|1633052|1634606,1633052|1634606,2,full,0.75,2,6937.829148961116,10366.366616541793,23111689.398071628,1639831.155129735,1412178.8339109495,1170131.1519774252,385049.5177673419,238827.0068068594,803414.0965690078,-369937.73053508217,-2248595.8924716767,638.0771205032111,0.0,2,1796679.0075864994,2479040.688632191,230444.79616051447,261.7038643448426,3.021076156060911,65.61147973793801,True,294.10394467903666,-2227808.283462146
advanced_recovery,today,7536925|4040951|4769672|1633052,4040951|4769672|1633052,3,full,0.5,2,11331.535446825992,15076.76061909978,33992945.60707062,2019361.436325382,1247600.5021441022,864910.3968191831,0.0,380599.1572183425,1017594.7452006008,150593.400274841,-2249367.193268884,2039.6114973746069,0.0,1,2284701.5295705004,3254652.201856581,1005285.0085876968,1072.6822050296507,4.025595238095235,44.268002047860406,True,216.5498990696219,-2423257.7979636453
advanced_recovery,post_rebuild,7536925|4040951|4769672|1633052,4040951|4769672|1633052,3,dhw_only,0.5,2,11331.535446825992,15076.76061909978,33992945.60707062,2019361.436325382,1247600.5021441022,864910.3968191831,0.0,380599.1572183425,1017594.7452006008,150593.400274841,-2249367.193268884,2039.6114973746069,0.0,1,2284701.5295705004,3254652.201856581,1005285.0085876968,1072.6822050296507,4.025595238095235,44.268002047860406,True,216.5498990696219,-2423257.7979636453
advanced_recovery,post_rebuild,7536925|4040951|1634606|rebuild:4473909,4040951|1634606|rebuild:4473909,3,dhw_only,0.5,6,23476.30672382818,30079.04100247343,57291904.446100265,3473595.7909635,2359026.9056682354,1538929.9746520568,0.0,621725.0656949644,3539403.1021051635,1802101.2621318924,-2293219.594526572,1816.094012706844,1596.2225999999998,1,3897536.652093757,4375936.391135242,2082716.7966086697,1526.034640964176,4.540212715344103,68.25807149722267,True,187.31484261240945,-2467110.199221333
advanced_recovery,post_rebuild,7536925|4040951|19906892|rebuild:4473909,4040951|19906892|rebuild:4473909,3,dhw_only,0.5,6,24330.461365699928,31215.505264322477,57211778.20080477,3471814.3151927134,2426593.9133035694,1604125.6609483198,0.0,623989.4260944289,3591457.426046792,1788852.9388376516,-2306950.802449489,1973.525969031698,1596.2225999999998,0,3890839.0471890527,4465444.519186824,2158493.716737334,1502.8613296950955,4.519198959346219,66.46415749575186,True,182.59929973807448,-2480841.407144251
advanced_recovery,post_rebuild,7536925|4040951|4769672|8899918,4040951|4769672|8899918,3,dhw_only,0.5,6,11012.527355022785,14652.316053908937,35116574.56359473,2083765.8106395053,1233302.7369707795,840561.232792402,0.0,390690.5036451893,998153.5928182456,155541.35949265532,-2318914.9547920395,1980.8141022495477,0.0,0,2361879.0062277503,3295898.939761815,976983.9849697758,1129.1658346691895,4.02559523809524,44.43448276215494,True,226.24529356863812,-2492805.559486801
advanced_recovery,today,7536925|4040951|4769672|8899918,4040951|4769672|8899918,3,dhw_only,0.5,2,11012.527355022785,14652.316053908937,35116574.56359473,2083765.8106395053,1233302.7369707795,840561.232792402,0.0,390690.5036451893,998153.5928182456,155541.35949265532,-2318914.9547920395,1980.8141022495477,0.0,0,2361879.0062277503,3295898.939761815,976983.9849697758,1129.1658346691895,4.02559523809524,44.43448276215494,True,226.24529356863812,-2492805.559486801
advanced_recovery,post_rebuild,7536925|4040951|1633052|rebuild:4473909,4040951|1633052|rebuild:4473909,3,dhw_only,0.5,6,24234.73708230669,31088.142815259227,57487055.905333765,3487533.3231904497,2421684.724540541,1596819.243532657,0.0,626398.6417559644,3585623.7483816883,1790337.6655971117,-2323594.2993493024,1955.8827221725944,1596.2225999999998,1,3909771.9813554175,4473595.770044202,2150001.470694899,1517.1038570945257,4.521468171891926,66.65410313194067,True,183.69547651704752,-2497484.904044064
optimised_urban,today,7536925|4769672|1633052,4769672|1633052,2,full,0.75,6,7569.919005987512,10952.962182647729,27938670.540094443,1656049.471963988,1506116.915601998,1195481.666096352,420130.5048323069,308932.42214365955,828709.3161666968,-368475.1772916416,-2333457.071399289,730.1415039073772,0.0,1,1882201.632645761,2584897.1695671165,251440.09816782732,886.8177521003549,3.237606382978725,46.53403190080857,True,288.5487512420134,-2331321.779556829
optimised_urban,post_rebuild,7536925|4769672|1633052,4769672|1633052,2,full,0.75,6,7569.919005987512,10952.962182647729,27938670.540094443,1656049.471963988,1506116.915601998,1195481.666096352,420130.5048323069,308932.42214365955,828709.3161666968,-368475.1772916416,-2333457.071399289,730.1415039073772,0.0,1,1882201.632645761,2584897.1695671165,251440.09816782732,886.8177521003549,3.237606382978725,46.53403190080857,True,288.5487512420134,-2331321.779556829
optimised_urban,today,7536925|4769672|19906892,4769672|19906892,2,dhw_only,0.5,6,7657.942995090698,11080.32463171098,27987076.21709213,1659194.1362416311,1520857.7349079116,1209382.8802396334,425015.83622753376,309760.040297391,834542.9938318008,-376554.7007787199,-2345508.877317742,739.2007613430296,0.0,0,1885385.7575035056,2599872.753196232,254363.87587849004,886.817752100355,3.2376063829787247,46.43414404820664,True,286.8451207361304,-2343373.5854752823
optimised_urban,post_rebuild,7536925|4769672|19906892,4769672|19906892,2,dhw_only,0.75,6,7657.942995090698,11080.32463171098,27987076.21709213,1659194.1362416311,1520857.7349079116,1209382.8802396334,425015.83622753376,309760.040297391,834542.9938318008,-376554.7007787199,-2345508.877317742,739.2007613430296,0.0,0,1885385.7575035056,2599872.753196232,254363.87587849004,886.817752100355,3.2376063829787247,46.43414404820664,True,286.8451207361304,-2343373.5854752823
advanced_recovery,post_rebuild,7536925|4040951|8899918|rebuild:4473909,4040951|8899918|rebuild:4473909,3,dhw_only,0.5,6,23915.72899050349,30663.69825006838,58610684.86185786,3551937.6975045726,2407386.95936722,1572470.079505877,0.0,636489.9881828111,3566182.595999333,1795285.6248149248,-2393142.060872459,1897.085327047534,1596.2225999999998,0,3986949.4580126666,4514842.507949437,2121700.447076978,1573.5874867340644,4.529183455346266,67.30667047437746,True,187.8735473527044,-2567032.66556722
advanced_recovery,post_rebuild,7536925|4769672|8899918|rebuild:4473909,4769672|8899918|rebuild:4473909,3,dhw_only,0.5,6,25037.34625481347,32156.02513547629,58489229.31279473,3548651.991441306,2495948.924781505,1658080.581075223,0.0,639300.9982614331,3634536.762274157,1777888.835754085,-2410064.153948653,2103.814169240684,1596.2225999999998,0,3977045.8358921288,4631269.652788038,2221205.498839385,1542.4477230565622,4.503063696893707,71.52091775185069,True,181.80212094461564,-2583954.758643415
optimised_urban,post_rebuild,7536925|4769672|1633052|1634606,4769672|1633052|1634606,3,dhw_only,0.75,2,8161.750190552367,11809.286349118092,28264127.15083293,1677192.6898919377,1605227.1313529364,1288946.7784722897,452977.1355756564,314496.9306064155,867932.1734591633,-422798.0272873576,-2414487.64778571,791.0516161852347,0.0,2,1898610.1646330163,2685585.8282960397,271098.1805103287,886.8177521003549,3.237606382978726,45.91098962430224,True,277.8014100077807,-2412352.355943251
optimised_urban,today,7536925|4769672|1633052|1634606,4769672|1633052|1634606,3,dhw_only,0.75,6,8161.750190552367,11809.286349118092,28264127.15083293,1677192.6898919377,1605227.1313529364,1288946.7784722897,452977.1355756564,314496.9306064155,867932.1734591633,-422798.0272873576,-2414487.64778571,791.0516161852347,0.0,2,1898610.1646330163,2685585.8282960397,271098.1805103287,886.8177521003549,3.237606382978726,45.91098962430224,True,277.8014100077807,-2412352.355943251
reference,today,7536925|8899918|1634606,8899918|1634606,2,full,0.75,2,6230.049882162518,9291.129606432118,26211219.853145976,1859750.457391059,1319578.785358037,1046741.2631091442,345767.7684600197,269963.35653847526,753918.8992859748,-295696.5295335874,-2425410.343463122,569.4460888421956,0.0,1,2054829.7111896875,2632345.7614936684,206935.4180305464,359.97352782977634,3.032890119081107,63.132787549854925,True,341.88039685074074,-2404622.734453591
reference,post_rebuild,7536925|8899918|1634606,8899918|1634606,2,full,0.75,2,6230.049882162518,9291.129606432118,26211219.853145976,1859750.457391059,1319578.785358037,1046741.2631091442,345767.7684600197,269963.35653847526,753918.8992859748,-295696.5295335874,-2425410.343463122,569.4460888421956,0.0,1,2054829.7111896875,2632345.7614936684,206935.4180305464,359.97352782977634,3.032890119081107,63.132787549854925,True,341.88039685074074,-2404622.734453591
advanced_recovery,post_rebuild,7536925|4040951|4769672|rebuild:4473909,4040951|4769672|rebuild:4473909,3,full,0.5,6,27053.723443160627,34838.842157863044,58534064.90367916,3558082.8594537717,2657792.2008311446,1811986.0780217096,0.0,646986.2778895567,3757419.840121425,1746613.9171798376,-2458455.22016349,2475.4590563476286,1596.2225999999998,0,3977211.217726949,4858545.016600108,2400089.7964366176,1497.975711347104,4.462339897502991,67.25054334557795,True,172.71111330567004,-2632345.8248582515
optimised_urban,today,7536925|4769672|19906892|1634606,4769672|19906892|1634606,3,dhw_only,0.75,6,8249.774179655555,11936.648798181346,28822777.29882057,1710073.463684011,1625070.3953687495,1302847.9926155712,457862.4669708833,320426.99347004644,873765.8511242672,-430877.550774436,-2461378.0079284934,800.1108736208867,0.0,1,1936632.8437150903,2735399.9661494847,274021.9582209914,909.1313249778616,3.2376063829787243,45.8272515406122,True,279.2532901091548,-2459242.7160860337
optimised_urban,post_rebuild,7536925|4769672|19906892|1634606,4769672|19906892|1634606,3,dhw_only,0.5,2,8249.774179655555,11936.648798181346,28822777.29882057,1710073.463684011,1625070.3953687495,1302847.9926155712,457862.4669708833,320426.99347004644,873765.8511242672,-430877.550774436,-2461378.0079284934,800.1108736208867,0.0,1,1936632.8437150903,2735399.9661494847,274021.9582209914,909.1313249778616,3.2376063829787243,45.8272515406122,True,279.2532901091548,-2459242.7160860337
reference,today,7536925|19906892|8899918,19906892|8899918,2,full,0.75,2,8125.152112138401,12170.112011254783,24515770.122231144,1739454.132755334,1633554.9047944697,1377121.7426171652,450945.94222368125,252631.20612568688,886443.9154092052,-494479.78325957735,-2486565.1221405985,753.2079299238528,0.0,0,1898204.0024567344,2756447.672150537,269882.55000993854,253.2713297568192,3.006080649357644,69.08522344254926,True,276.84273393559414,-2465777.513131068
reference,post_rebuild,7536925|19906892|8899918,19906892|8899918,2,full,0.75,2,8125.152112138401,12170.112011254783,24515770.122231144,1739454.132755334,1633554.9047944697,1377121.7426171652,450945.94222368125,252631.20612568688,886443.9154092052,-494479.78325957735,-2486565.1221405985,753.2079299238528,0.0,0,1898204.0024567344,2756447.672150537,269882.55000993854,253.2713297568192,3.006080649357644,69.08522344254926,True,276.84273393559414,-2465777.513131068
optimised_urban,post_rebuild,7536925|4769672|19906892|1633052,4769672|19906892|1633052,3,dhw_only,0.5,6,8947.19455454605,12945.750610967134,28696054.476218782,1705252.754638963,1736760.5185856642,1412988.3086591335,496569.29777730576,321881.82671269344,919986.4974007916,-494892.1944721791,-2522026.7758238357,871.8880196168,0.0,1,1927022.3389646737,2819214.034411714,297187.2585878787,886.8177521003549,3.237606382978724,45.23099587932958,True,265.7337525949598,-2519891.483981376
optimised_urban,today,7536925|4769672|19906892|1633052,4769672|19906892|1633052,3,dhw_only,0.5,2,8947.19455454605,12945.750610967134,28696054.476218782,1705252.754638963,1736760.5185856642,1412988.3086591335,496569.29777730576,321881.82671269344,919986.4974007916,-494892.1944721791,-2522026.7758238357,871.8880196168,0.0,1,1927022.3389646737,2819214.034411714,297187.2585878787,886.8177521003549,3.237606382978724,45.23099587932958,True,265.7337525949598,-2519891.483981376
reference,today,7536925|4040951,4040951,1,full,0.75,2,9275.8039815043,13918.147781347712,23752754.758574843,1685316.3177468542,1826856.356200426,1577719.320064343,514807.1209734886,244771.7523264193,966909.3146514832,-615175.2892225235,-2545263.359295797,864.782863779225,0.0,0,1829672.1567243116,2853365.607397817,308102.2481020204,194.7952367989465,2.9953495412345323,71.8302432199202,True,252.0311930326372,-2524475.750286266
reference,post_rebuild,7536925|4040951,4040951,1,full,0.75,2,9275.8039815043,13918.147781347712,23752754.758574843,1685316.3177468542,1826856.356200426,1577719.320064343,514807.1209734886,244771.7523264193,966909.3146514832,-615175.2892225235,-2545263.359295797,864.782863779225,0.0,0,1829672.1567243116,2853365.607397817,308102.2481020204,194.7952367989465,2.9953495412345323,71.8302432199202,True,252.0311930326372,-2524475.750286266
optimised_urban,post_rebuild,7536925|4769672|8899918,4769672|8899918,2,dhw_only,0.5,2,7276.572701358014,10528.517617456871,32607055.751612235,1927035.722600944,1505289.0763191122,1149154.8654100709,403849.7849253698,354471.3311204433,809268.1637843417,-341549.5814143272,-2623056.635135714,699.9508738471945,0.0,0,2201353.3843288394,2864753.032799629,241696.39766391565,1098.0260709916874,3.2376063829787216,46.88778461248983,True,325.8447241844596,-2620921.3432932543
optimised_urban,today,7536925|4769672|8899918,4769672|8899918,2,dhw_only,0.5,2,7276.572701358014,10528.517617456871,32607055.751612235,1927035.722600944,1505289.0763191122,1149154.8654100709,403849.7849253698,354471.3311204433,809268.1637843417,-341549.5814143272,-2623056.635135714,699.9508738471945,0.0,0,2201353.3843288394,2864753.032799629,241696.39766391565,1098.0260709916874,3.2376063829787216,46.88778461248983,True,325.8447241844596,-2620921.3432932543
reference,today,7536925|19906892|1633052,19906892|1633052,2,full,0.75,2,8832.931378936999,13245.349021364458,25920984.52922505,1839157.547963832,1771202.4019680645,1500511.6314854466,490227.69153100345,266542.3050147536,935939.1126922384,-568720.9842610725,-2674420.837239657,821.8389615848685,0.0,1,2004723.4649440516,2967812.765379564,293391.9281399065,261.7038643448426,2.9991357100102376,70.8348982605189,True,272.2624733140132,-2653633.2282301267
reference,post_rebuild,7536925|19906892|1633052,19906892|1633052,2,full,0.75,2,8832.931378936999,13245.349021364458,25920984.52922505,1839157.547963832,1771202.4019680645,1500511.6314854466,490227.69153100345,266542.3050147536,935939.1126922384,-568720.9842610725,-2674420.837239657,821.8389615848685,0.0,1,2004723.4649440516,2967812.765379564,293391.9281399065,261.7038643448426,2.9991357100102376,70.8348982605189,True,272.2624733140132,-2653633.2282301267
optimised_urban,today,7536925|4769672|8899918|1634606,4769672|8899918|1634606,3,dhw_only,0.75,6,7868.403885922865,11384.84178392724,32932512.36235073,1948178.9405288931,1604399.2920700505,1242619.9777860085,436696.415668719,360035.8395831993,848491.0210768081,-395872.4314100432,-2704087.211522136,760.860986125052,0.0,1,2217761.9163160943,2965441.6915285527,261354.4800064169,1098.0260709916874,3.237606382978722,46.20599677436123,True,311.8914452470528,-2701951.919679676
optimised_urban,post_rebuild,7536925|4769672|8899918|1634606,4769672|8899918|1634606,3,dhw_only,0.75,2,7868.403885922865,11384.84178392724,32932512.36235073,1948178.9405288931,1604399.2920700505,1242619.9777860085,436696.415668719,360035.8395831993,848491.0210768081,-395872.4314100432,-2704087.211522136,760.860986125052,0.0,1,2217761.9163160943,2965441.6915285527,261354.4800064169,1098.0260709916874,3.237606382978722,46.20599677436123,True,311.8914452470528,-2701951.919679676
reference,post_rebuild,7536925|1634606|rebuild:2831044,1634606|rebuild:2831044,2,full,0.75,2,17588.610775359924,24344.80764672698,39311992.73362246,2789282.485779972,2967681.899580203,2532464.835296668,976167.8980324758,407660.2641298949,3037790.3960088813,477768.76055857295,-2719173.9893512945,-234.1625390022773,1334.7774000000002,1,3086824.785957196,3303391.867573531,584217.8782222363,335.7905800568832,3.599213037864704,81.52965472285577,True,235.3441303931116,-2698386.380341764
optimised_urban,today,7536925|4769672|19906892|8899918,4769672|19906892|8899918,3,dhw_only,0.75,6,8653.848249916557,12521.30604577629,32834535.57894652,1945357.1682213072,1730633.6382148778,1366661.5079728523,480288.5778703689,362121.6946015766,900545.3450184364,-467966.5985948647,-2775445.4614177486,841.6973895566177,0.0,0,2209993.21250524,3062889.019501716,287443.55808396725,1074.852759722607,3.2376063829787243,45.46820714464555,True,293.4310811798346,-2773310.169575289
optimised_urban,post_rebuild,7536925|4769672|19906892|8899918,4769672|19906892|8899918,3,dhw_only,0.75,6,8653.848249916557,12521.30604577629,32834535.57894652,1945357.1682213072,1730633.6382148778,1366661.5079728523,480288.5778703689,362121.6946015766,900545.3450184364,-467966.5985948647,-2775445.4614177486,841.6973895566177,0.0,0,2209993.21250524,3062889.019501716,287443.55808396725,1074.852759722607,3.2376063829787243,45.46820714464555,True,293.4310811798346,-2773310.169575289
reference,post_rebuild,7536925|19906892|rebuild:2831044,19906892|rebuild:2831044,2,full,0.75,2,19483.713005335805,27223.790051549644,37616543.00270763,2668986.1611442477,3281658.019016636,2862845.314804689,1081346.0717961371,390328.1137171066,3170315.412132112,278985.50683258235,-2780328.768028772,-50.40069792062013,1334.7774000000002,0,2930199.077224243,3427493.7782304003,647165.0102016283,229.088381983926,3.513205920985233,83.10236483598558,True,217.53619089965545,-2759541.159019241
optimised_urban,post_rebuild,7536925|4769672|1633052|8899918,4769672|1633052|8899918,3,dhw_only,0.5,2,8565.824260813368,12393.943596713036,33316034.01073889,1973094.3409982757,1721191.8599968648,1352760.2938295712,475403.2464751419,366593.1175357458,894711.6673533325,-459887.0751077866,-2799574.533641808,832.6381321209653,0.0,1,2242989.9657900077,3084094.3140151124,284519.78037330444,1098.0260709916874,3.2376063829787225,45.5430688294692,True,297.9235562555615,-2797439.241799348
optimised_urban,today,7536925|4769672|1633052|8899918,4769672|1633052|8899918,3,dhw_only,0.5,2,8565.824260813368,12393.943596713036,33316034.01073889,1973094.3409982757,1721191.8599968648,1352760.2938295712,475403.2464751419,366593.1175357458,894711.6673533325,-459887.0751077866,-2799574.533641808,832.6381321209653,0.0,1,2242989.9657900077,3084094.3140151124,284519.78037330444,1098.0260709916874,3.2376063829787225,45.5430688294692,True,297.9235562555615,-2797439.241799348
optimised_urban,today,7536925|4040951|4769672,4040951|4769672,2,dhw_only,0.5,6,9130.74760205533,13211.33463984362,32609752.11374619,1934010.793848876,1805626.574928214,1441975.9772035251,506756.4919140708,361735.2184610622,932151.24163161,-511740.1148355418,-2807486.12714548,890.7789415964407,0.0,0,2198990.25517168,3110770.227225088,303284.10007960827,1053.5540592822292,3.237606382978722,45.09148568610392,True,282.91781953966967,-2805350.83530302
optimised_urban,post_rebuild,7536925|4040951|4769672,4040951|4769672,2,dhw_only,0.75,6,9130.74760205533,13211.33463984362,32609752.11374619,1934010.793848876,1805626.574928214,1441975.9772035251,506756.4919140708,361735.2184610622,932151.24163161,-511740.1148355418,-2807486.12714548,890.7789415964407,0.0,0,2198990.25517168,3110770.227225088,303284.10007960827,1053.5540592822292,3.237606382978722,45.09148568610392,True,282.91781953966967,-2805350.83530302
optimised_urban,post_rebuild,7536925|4769672|rebuild:2831044,4769672|rebuild:2831044,2,dhw_only,0.5,6,19570.7132485459,27172.67561526458,41736074.12492987,2550097.560034013,3469244.710985291,2839441.4087311835,1086174.5852942974,463622.5482156857,3105783.843725621,100161.68095601568,-2913558.427293683,-79.5351678733241,1334.7774000000002,0,2976493.59162337,3563613.2107777027,650054.78348402,971.1871770647224,3.566357579765586,72.27165152798347,True,215.40615285205104,-2911423.1354512232
optimised_urban,today,7536925|4040951|4769672|1634606,4040951|4769672|1634606,3,dhw_only,0.75,2,9722.57878662018,14067.65880631398,33576832.26803828,1992546.6520559648,1911153.026114688,1535441.0895794623,539603.1226574199,373715.9623593541,971374.0989240764,-566062.9648312577,-2932325.5792465764,951.689053874298,0.0,1,2259207.662873609,3255267.761668686,322942.1824221096,1081.6129888993014,3.237606382978721,44.68255523951098,True,277.35273919520864,-2930190.2874041167
optimised_urban,post_rebuild,7536925|4040951|4769672|1634606,4040951|4769672|1634606,3,dhw_only,0.75,2,9722.57878662018,14067.65880631398,33576832.26803828,1992546.6520559648,1911153.026114688,1535441.0895794623,539603.1226574199,373715.9623593541,971374.0989240764,-566062.9648312577,-2932325.5792465764,951.689053874298,0.0,1,2259207.662873609,3255267.761668686,322942.1824221096,1081.6129888993014,3.237606382978721,44.68255523951098,True,277.35273919520864,-2930190.2874041167
reference,post_rebuild,7536925|8899918|rebuild:2831044,8899918|rebuild:2831044,2,full,0.75,2,18563.551467191297,25825.908271870503,40818187.61510488,2896150.7137926714,3152992.038352688,2702430.005599502,1030277.106429117,422527.9282394872,3105968.2646538834,375504.1545406826,-2943174.487491476,-139.6257411227043,1334.7774000000002,0,3198787.4975838754,3559775.69545185,616601.207960374,337.2341630423996,3.552055337949484,82.37506909376974,True,233.14218358739515,-2922386.878481945
optimised_urban,today,7536925|4040951|4769672|19906892,4040951|4769672|19906892,3,dhw_only,0.5,2,10508.023150613864,15204.123068163037,33478855.484634064,1989724.8797483784,2037387.372259515,1659482.619766306,583195.2848590694,375801.8173777314,1023428.4228657046,-638157.1320160789,-3003683.829142189,1032.5254573058637,0.0,0,2251438.959062754,3352715.0896418486,349031.2604996596,1058.439677630221,3.237606382978724,44.22009176145616,True,264.731434943503,-3001548.5372997294
optimised_urban,post_rebuild,7536925|4040951|4769672|19906892,4040951|4769672|19906892,3,dhw_only,0.5,6,10508.023150613864,15204.123068163037,33478855.484634064,1989724.8797483784,2037387.372259515,1659482.619766306,583195.2848590694,375801.8173777314,1023428.4228657046,-638157.1320160789,-3003683.829142189,1032.5254573058637,0.0,0,2251438.959062754,3352715.0896418486,349031.2604996596,1058.439677630221,3.237606382978724,44.22009176145616,True,264.731434943503,-3001548.5372997294
optimised_urban,today,7536925|4040951|4769672|1633052,4040951|4769672|1633052,3,full,0.75,2,10419.99916151068,15076.76061909978,33756133.68167914,2005560.4727713785,2025903.391694029,1645581.405623025,578309.9534638427,378231.0379644276,1017594.7452006008,-630077.6085290009,-3013869.119264808,1023.4661998702112,0.0,1,2270491.9302460803,3359976.6020538043,346107.4827889968,1072.6822050296507,3.2376063829787225,44.268002047860406,True,267.2572058519174,-3011733.827422348
optimised_urban,post_rebuild,7536925|4040951|4769672|1633052,4040951|4769672|1633052,3,full,0.5,2,10419.99916151068,15076.76061909978,33756133.68167914,2005560.4727713785,2025903.391694029,1645581.405623025,578309.9534638427,378231.0379644276,1017594.7452006008,-630077.6085290009,-3013869.119264808,1023.4661998702112,0.0,1,2270491.9302460803,3359976.6020538043,346107.4827889968,1072.6822050296507,3.2376063829787225,44.268002047860406,True,267.2572058519174,-3011733.827422348
optimised_urban,post_rebuild,7536925|4040951|4769672|8899918,4040951|4769672|8899918,3,dhw_only,0.5,6,10126.65285688118,14652.316053908931,34886429.42407616,2070353.3751070625,1989694.6577199355,1599254.6049367434,562029.2335569055,388389.0522500037,998153.5928182456,-603152.0126516861,-3061894.440008752,993.2755698100292,0.0,0,2348069.43893668,3398258.222293837,336363.7822850853,1129.1658346691895,3.2376063829787225,44.43448276215493,True,276.95260035093366,-3059759.1481662923
optimised_urban,today,7536925|4040951|4769672|8899918,4040951|4769672|8899918,3,dhw_only,0.5,2,10126.65285688118,14652.316053908931,34886429.42407616,2070353.3751070625,1989694.6577199355,1599254.6049367434,562029.2335569055,388389.0522500037,998153.5928182456,-603152.0126516861,-3061894.440008752,993.2755698100292,0.0,0,2348069.43893668,3398258.222293837,336363.7822850853,1129.1658346691895,3.2376063829787225,44.43448276215493,True,276.95260035093366,-3059759.1481662923
optimised_urban,post_rebuild,7536925|rebuild:4473909,rebuild:4473909,1,full,0.5,6,18292.38612697483,25098.918399551007,50298410.32183738,3053371.6618965594,3324604.0345297605,2588344.6871733377,1015227.4300471032,538356.1976920434,3311294.8157787933,525046.9789410762,-3066680.8806475266,-611.6117905566243,1596.2225999999998,0,3599937.8590764,3674275.144186196,607594.2635386687,1331.2394041652296,3.676233021733794,80.03060164077354,True,246.2286401501865,-3064545.588805067
reference,post_rebuild,7536925|19906892|1633052|1634606,19906892|1633052|1634606,3,full,0.75,2,10260.888149719984,15414.65807124296,28979816.954523843,2056189.2250053424,2051146.4640628332,1749452.841719795,569479.2923094591,296846.06820405845,1035796.5193682356,-718503.8764905394,-3071539.16969994,960.30324125987,0.0,2,2232744.5172559693,3412361.6701274887,340822.5004275488,284.01743722234926,2.988139810547477,73.8125956182713,True,266.1420133984453,-3050751.560690409
reference,today,7536925|19906892|1633052|1634606,19906892|1633052|1634606,3,full,0.75,2,10260.888149719984,15414.65807124296,28979816.954523843,2056189.2250053424,2051146.4640628332,1749452.841719795,569479.2923094591,296846.06820405845,1035796.5193682356,-718503.8764905394,-3071539.16969994,960.30324125987,0.0,2,2232744.5172559693,3412361.6701274887,340822.5004275488,284.01743722234926,2.988139810547477,73.8125956182713,True,266.1420133984453,-3050751.560690409
optimised_urban,post_rebuild,7536925|1634606|rebuild:4473909,1634606|rebuild:4473909,2,dhw_only,0.5,6,18884.217311539684,25955.24256602137,50623866.93257588,3074514.879824509,3423714.2502806983,2681809.7995492746,1048074.0607904524,543920.7061547994,3350517.67307126,470724.1289453609,-3147711.457033947,-550.7016782787668,1596.2225999999998,1,3616346.3910636543,3774963.802915117,627252.3458811701,1331.2394041652296,3.659892188371421,77.37150630130495,True,242.7349838670506,-3145576.1651914874
optimised_urban,post_rebuild,7536925|4769672|1634606|rebuild:2831044,4769672|1634606|rebuild:2831044,3,dhw_only,0.5,6,20162.54443311075,28028.999781734947,44408964.256373525,2708044.8870081715,3591829.2619432807,2932906.5211071214,1119021.2160376466,492661.3918854933,3145006.701018087,45838.83096029991,-3154867.4479333647,-18.625055595466165,1334.7774000000002,1,3153180.5678638844,3824580.3137598857,669712.8658265211,1073.8431232187943,3.555337507876913,70.45546789973908,True,218.83095535923283,-3152732.156090905
optimised_urban,post_rebuild,7536925|4769672|19906892|rebuild:2831044,4769672|19906892|rebuild:2831044,3,dhw_only,0.5,6,20947.98879710444,29165.464043584,43455312.9305153,2655355.9758097767,3709506.862663567,3056948.051293965,1162613.3782392964,486190.5014793304,3197061.0249597155,-26255.33622452125,-3167801.813513628,62.21134783609796,1334.7774000000002,0,3086987.9797376813,3863603.7574176993,695801.9439040711,1013.250187930209,3.5418045938392297,68.33223090248453,True,212.5285755549861,-3165666.5216711685
reference,post_rebuild,7536925|19906892|8899918|1634606,19906892|8899918|1634606,3,full,0.75,2,9553.10888292139,14339.421061133284,31101018.408305056,2206693.6805778183,1948763.1254969896,1626062.9528515136,530197.5430021371,318199.127922743,986301.3220852028,-644262.6754890442,-3169155.4839896057,891.6722095988544,0.0,1,2411697.084157377,3486468.6062871865,317313.1222975808,359.11378943820256,2.9931640976061797,72.41879976055257,True,289.4786158838141,-3148367.874980075
reference,today,7536925|19906892|8899918|1634606,19906892|8899918|1634606,3,full,0.75,2,9553.10888292139,14339.421061133284,31101018.408305056,2206693.6805778183,1948763.1254969896,1626062.9528515136,530197.5430021371,318199.127922743,986301.3220852028,-644262.6754890442,-3169155.4839896057,891.6722095988544,0.0,1,2411697.084157377,3486468.6062871865,317313.1222975808,359.11378943820256,2.9931640976061797,72.41879976055257,True,289.4786158838141,-3148367.874980075
reference,today,7536925|1633052|8899918,1633052|8899918,2,full,0.75,2,7912.76984079249,11847.467241685315,33473715.11884692,2375042.342616562,1686047.2810763626,1340096.3222802596,439158.7261639832,342252.9793093804,871591.96521401,-472202.3365529725,-3189497.6584789148,732.6139183827838,0.0,1,2625542.987080236,3452325.784377567,262828.1258986523,472.9121832361752,3.008417747650823,68.51745713335558,True,342.469116937523,-3168710.049469384
reference,post_rebuild,7536925|1633052|8899918,1633052|8899918,2,full,0.75,2,7912.76984079249,11847.467241685315,33473715.11884692,2375042.342616562,1686047.2810763626,1340096.3222802596,439158.7261639832,342252.9793093804,871591.96521401,-472202.3365529725,-3189497.6584789148,732.6139183827838,0.0,1,2625542.987080236,3452325.784377567,262828.1258986523,472.9121832361752,3.008417747650823,68.51745713335558,True,342.469116937523,-3168710.049469384
optimised_urban,post_rebuild,7536925|4769672|1633052|rebuild:2831044,4769672|1633052|rebuild:2831044,3,dhw_only,0.5,6,20859.964808001256,29038.10159452074,44410592.15149823,2710704.221776563,3704802.8923374615,3043046.837150685,1157728.0468440696,495399.7323054052,3191227.347294612,-18175.81273744421,-3224279.7668194124,53.15209040044738,1334.7774000000002,1,3152333.614104173,3917157.933012821,692878.1661934087,1057.1424736686365,3.543263582143535,68.55571799813752,True,215.20521136312223,-3222144.4749769527
optimised_urban,post_rebuild,7536925|1633052|rebuild:4473909,1633052|rebuild:4473909,2,full,0.5,6,19581.63768643018,26964.344378807167,51007388.58096404,3099430.280293891,3540506.8182075126,2791950.115592837,1086780.891596875,550477.9841073459,3396738.319347784,406709.4852476171,-3243198.77915362,-478.92453228285376,1596.2225999999998,1,3641574.4405375673,3893616.425401677,650417.6462480573,1331.2394041652296,3.642133001094052,74.65084498086075,True,238.90283737279003,-3241063.48731116
optimised_urban,post_rebuild,7536925|19906892|rebuild:4473909,19906892|rebuild:4473909,2,dhw_only,0.5,6,19669.66167553337,27091.706827870425,51055794.25796173,3102574.944571534,3555247.637513426,2805851.3297361187,1091666.222992102,551305.6022610774,3402571.997012888,398629.9617605392,-3255250.585072073,-469.8652748472018,1596.2225999999998,0,3644758.565395312,3908592.009030793,653341.4239587202,1331.2394041652296,3.63999714973357,74.33477691947877,True,238.4394574181396,-3253115.293229613
optimised_urban,post_rebuild,7536925|4769672|8899918|rebuild:2831044,4769672|8899918|rebuild:2831044,3,dhw_only,0.5,6,20566.61850337176,28613.65702932989,45718561.41241141,2785851.610059269,3670370.8935485287,2996720.036464403,1141447.3269371325,507334.4817761429,3171786.1949122567,8749.783139871142,-3284436.308695541,22.96146034026515,1334.7774000000002,0,3242042.343926955,3967570.774385038,683134.4656894968,1121.3959689886826,3.5482284423549983,69.32590735570786,True,219.8218187158833,-3282301.016853081
optimised_urban,post_rebuild,7536925|1633052|1634606|rebuild:4473909,1633052|1634606|rebuild:4473909,3,dhw_only,0.5,6,20173.468870995035,27820.66854527754,51332845.19170254,3120573.498221841,3639617.033958451,2885415.227968775,1119627.5223402244,556042.492570102,3435961.1766402507,352386.63525190146,-3324229.355540041,-418.0144200049958,1596.2225999999998,2,3657982.972524823,3994305.0841306,670075.7285905587,1331.2394041652296,3.6281937943457336,72.62892578636155,True,235.86892630136308,-3322094.063697581
reference,today,7536925|4040951|8899918,4040951|8899918,2,full,0.75,2,11678.701444118658,17568.55745636974,30506976.24404808,2164544.9292844334,2314002.4988545994,1996625.700601525,648167.9301485856,311835.1214122368,1134944.5899724823,-867222.7874698801,-3343602.8381665493,1097.7839413337997,0.0,0,2346876.568933199,3731518.98829435,387916.1501278004,270.4070121859071,2.9799615765908367,76.21077090595257,True,254.60290421718372,-3322815.2291570185
reference,post_rebuild,7536925|4040951|8899918,4040951|8899918,2,full,0.75,2,11678.701444118658,17568.55745636974,30506976.24404808,2164544.9292844334,2314002.4988545994,1996625.700601525,648167.9301485856,311835.1214122368,1134944.5899724823,-867222.7874698801,-3343602.8381665493,1097.7839413337997,0.0,0,2346876.568933199,3731518.98829435,387916.1501278004,270.4070121859071,2.9799615765908367,76.21077090595257,True,254.60290421718372,-3322815.2291570185
optimised_urban,post_rebuild,7536925|19906892|1634606|rebuild:4473909,19906892|1634606|rebuild:4473909,3,dhw_only,0.5,6,20261.492860098213,27948.03099434078,51891495.33969016,3153454.2720139143,3659460.297974264,2899316.442112055,1124512.853735451,561972.5554337327,3441794.8543053544,344307.11176482367,-3371119.7156828227,-408.9551625693434,1596.2225999999998,1,3696005.651606896,4044119.221984044,672999.506301221,1353.5529770427363,3.626202239265038,72.34773837304822,True,236.68011785514076,-3368984.423840363
reference,post_rebuild,7536925|4040951|1634606,4040951|1634606,2,full,0.75,2,10703.760752287286,16087.456831226214,32150112.23896339,2281129.4658004893,2160185.6688460927,1826660.5302986912,594058.7217519444,328460.76606662176,1066766.7213274806,-764958.18145199,-3374548.4133191016,1003.2471434542268,0.0,1,2489859.930599252,3730081.233708765,355532.82038966264,343.5604457373903,2.985344972278005,74.6135182510287,True,275.758363096578,-3353760.8043095707
reference,today,7536925|4040951|1634606,4040951|1634606,2,full,0.75,2,10703.760752287286,16087.456831226214,32150112.23896339,2281129.4658004893,2160185.6688460927,1826660.5302986912,594058.7217519444,328460.76606662176,1066766.7213274806,-764958.18145199,-3374548.4133191016,1003.2471434542268,0.0,1,2489859.930599252,3730081.233708765,355532.82038966264,343.5604457373903,2.985344972278005,74.6135182510287,True,275.758363096578,-3353760.8043095707
optimised_urban,post_rebuild,7536925|4040951|4769672|rebuild:2831044,4040951|4769672|rebuild:2831044,3,dhw_only,0.5,6,22420.793404069074,31296.47405171664,45009184.79853193,2751328.377649112,3963587.662397496,3289541.148257857,1244354.0339258336,507477.6393566274,3294669.2727595246,-161440.75028134373,-3420246.767287083,213.78952808951,1334.7774000000002,0,3191060.1813515723,4164968.9353922727,744722.1681051897,1045.784193601722,3.519306376587485,65.04060668951065,True,209.23593994782345,-3418111.4754446237
reference,post_rebuild,7536925|1633052|rebuild:2831044,1633052|rebuild:2831044,2,full,0.75,2,19271.330733989893,26901.145281980174,45869421.3126668,3254548.157027364,3327099.7284319624,2825819.8944677827,1069558.855736439,472899.220034234,3155463.4619369167,301262.953539188,-3426184.423522409,-70.99470946168958,1334.7774000000002,1,3600461.181003068,4066295.009612751,640110.5860903419,432.0285859131241,3.5217408205196907,82.94010208379564,True,243.6055120641688,-3405396.8145128787
optimised_urban,post_rebuild,7536925|19906892|1633052|rebuild:4473909,19906892|1633052|rebuild:4473909,3,dhw_only,0.5,6,20958.91323498872,28957.13280712658,51764772.51708838,3148633.562968866,3771150.421191178,3009456.7581556183,1163219.684541874,563427.3886763798,3488015.5005818787,280292.46806708025,-3431768.483578165,-337.1780165734308,1596.2225999999998,1,3686395.14685648,4127933.2902462734,696164.8066681088,1331.2394041652296,3.611113046075821,70.27663024186477,True,232.1195870658384,-3429633.191735706
reference,today,7536925|4040951|19906892,4040951|19906892,2,full,0.75,2,12598.86298226317,18966.43923604888,30454662.508048564,2160833.141164764,2474161.788282525,2157041.0098067126,699236.8955156059,311128.6156538334,1199291.737450711,-963741.4351779805,-3435703.1919965767,1187.008984535884,0.0,0,2333234.2218662985,3854183.144365632,418479.9523690549,236.85824766443312,2.975665967427789,77.53959376618,True,244.0628263963811,-3414915.582987046
reference,post_rebuild,7536925|4040951|19906892,4040951|19906892,2,full,0.75,2,12598.86298226317,18966.43923604888,30454662.508048564,2160833.141164764,2474161.788282525,2157041.0098067126,699236.8955156059,311128.6156538334,1199291.737450711,-963741.4351779805,-3435703.1919965767,1187.008984535884,0.0,0,2333234.2218662985,3854183.144365632,418479.9523690549,236.85824766443312,2.975665967427789,77.53959376618,True,244.0628263963811,-3414915.582987046
reference,post_rebuild,7536925|19906892|1634606|rebuild:2831044,19906892|1634606|rebuild:2831044,3,full,0.75,2,20911.669776118797,29393.099101428143,44201791.28878154,3136225.708966731,3596866.239719156,3111786.525039037,1160597.672574593,455896.0355141626,3270172.818808109,129202.6146031163,-3462919.129877777,88.06358175438254,1334.7774000000002,1,3443692.1589248856,4157514.712367048,694595.5824892707,334.93084166530934,3.4615842031624338,84.11499270087205,True,228.07762619336052,-3442131.520868246
reference,today,7536925|1633052|8899918|1634606,1633052|8899918|1634606,3,full,0.75,2,9340.726611575476,14016.776291563818,35590514.90948896,2525234.48937311,1956571.016824564,1589037.5325146078,518410.326942439,363136.4161521178,971449.3718900074,-621985.2287824391,-3510356.1343076667,871.0781980577854,0.0,2,2777304.182760624,3820614.832493961,310258.6981862946,472.9121832361752,2.994825815205629,71.97033492660258,True,319.43211084381954,-3489568.525298136
reference,post_rebuild,7536925|1633052|8899918|1634606,1633052|8899918|1634606,3,full,0.75,2,9340.726611575476,14016.776291563818,35590514.90948896,2525234.48937311,1956571.016824564,1589037.5325146078,518410.326942439,363136.4161521178,971449.3718900074,-621985.2287824391,-3510356.1343076667,871.0781980577854,0.0,2,2777304.182760624,3820614.832493961,310258.6981862946,472.9121832361752,2.994825815205629,71.97033492660258,True,319.43211084381954,-3489568.525298136
optimised_urban,post_rebuild,7536925|8899918|rebuild:4473909,8899918|rebuild:4473909,2,dhw_only,0.5,6,19288.29138180068,26539.89981361632,55675773.79248183,3370416.530930847,3539678.9789246265,2745623.314906555,1070500.1716899378,596016.8930841297,3377297.1669654287,433635.08112493216,-3532798.3428900447,-509.1151623430365,1596.2225999999998,0,3960726.192220645,4173472.2886341903,640673.9457441457,1542.4477230565622,3.6494175167050016,75.74648456823061,True,252.90437364341165,-3530663.051047585
optimised_urban,post_rebuild,7536925|4769672|rebuild:4473909,4769672|rebuild:4473909,2,dhw_only,0.5,6,22173.85792474182,30715.043721410984,52432888.3434832,3192037.562311587,3974609.50457054,3201327.252512576,1230649.114823171,574850.5278826761,3568534.4110875214,168775.434399658,-3598112.6557946047,-212.1382765356384,1596.2225999999998,0,3735343.797978081,4334632.691074588,736520.0352799834,1331.2394041652296,3.587448314028639,74.3990962017217,True,226.8665285294516,-3595977.363952145
optimised_urban,post_rebuild,7536925|8899918|1634606|rebuild:4473909,8899918|1634606|rebuild:4473909,3,dhw_only,0.5,6,19880.12256636553,27396.22398008669,56001230.403220326,3391559.7488587964,3638789.194675565,2839088.427282493,1103346.8024332873,601581.4015468857,3416520.0242578955,379312.23112921626,-3613828.9192764657,-448.2050500651785,1596.2225999999998,1,3977134.724207901,4274160.947363112,660332.0280866469,1542.4477230565622,3.634980727264882,73.6014430740715,True,249.3858125358543,-3611693.627434006
optimised_urban,post_rebuild,7536925|4769672|1634606|rebuild:4473909,4769672|1634606|rebuild:4473909,3,dhw_only,0.5,6,22765.689109306677,31571.36788788135,52758344.9542217,3213180.7802395374,4073719.7203214783,3294792.364888514,1263495.7455665204,580415.036345432,3607757.268379988,114452.58440394123,-3679143.232181028,-151.22816425778,1596.2225999999998,1,3751752.329965336,4435321.349803513,756178.1176224845,1331.2394041652296,3.57697424836249,72.630007896263,True,224.51951422080623,-3677007.940338568
optimised_urban,post_rebuild,7536925|19906892|8899918|rebuild:4473909,19906892|8899918|rebuild:4473909,3,dhw_only,0.5,6,20665.566930359226,28532.68824193573,55903253.61981612,3388737.97655121,3765023.540820392,2963129.9574693376,1146938.9646349368,603667.256565263,3468574.3481995235,307218.0639443941,-3685187.169172079,-367.368646633613,1596.2225999999998,0,3969366.020397045,4371608.275336276,686421.1061641972,1519.2744117874818,3.617314648129855,71.11538675635184,True,243.7742680117661,-3683051.877329619
reference,post_rebuild,7536925|4040951|rebuild:2831044,4040951|rebuild:2831044,2,full,0.75,2,23037.262337316064,32622.2354966646,44257834.30330741,3140202.098561798,3968606.464864594,3482349.272789049,1278568.0597210417,456032.88079148496,3418816.0866953894,-93757.4973777198,-3689992.476731004,294.175313489327,1334.7774000000002,0,3431497.636376988,4455191.087050494,765198.6103194903,261.62238765543907,3.399534850132089,85.40780018354512,True,216.98648619178996,-3669204.867721473
optimised_urban,post_rebuild,7536925|1633052|8899918|rebuild:4473909,1633052|8899918|rebuild:4473909,3,dhw_only,0.5,6,20577.54294125604,28405.32579287248,56384752.05160849,3416475.1493281787,3755581.76260238,2949228.7433260567,1142053.6332397102,608138.6794994322,3462740.67053442,315297.58743147214,-3709316.2413961394,-376.4279040692654,1596.2225999999998,1,4002362.773681814,4392813.569849674,683497.3284535345,1542.4477230565624,3.6192159242361712,71.37597404854374,True,245.51179673156776,-3707180.94955368
optimised_urban,post_rebuild,7536925|4040951|rebuild:4473909,4040951|rebuild:4473909,2,full,0.5,6,21142.466282498,29222.716836003063,55678470.15461578,3377391.602178779,3840016.477533728,3038444.42670001,1173406.878678639,603280.7804247485,3500180.244812697,263444.5477037176,-3717227.834899809,-318.2870945937898,1596.2225999999998,0,3958363.0630634855,4419489.483059648,702261.6481598385,1497.975711347104,3.607334563914966,69.77386161599325,True,240.19384811804431,-3715092.5430573495
liquid_cooling_speculative,today,7536925|2831044,2831044,1,full,0.75,2,7049.767416893283,8695.52745585433,64473326.05598584,4452801.783619094,524108.12309103634,384662.79960134847,0.0,136943.72269716833,1217445.7190261204,830281.3186322524,-3759464.18768401,1230.5967328750353,653.0,0,4528699.239977484,4384889.18251275,625424.99482874,187.02537111843935,5.28359375,30.18146147243328,True,572.0651600689907,-3975293.3621914657
reference,post_rebuild,7536925|8899918|1634606|rebuild:2831044,8899918|1634606|rebuild:2831044,3,full,0.75,2,19991.50823797428,27995.217321749,49215545.09549343,3491963.861846306,3486321.3509983546,2951371.2158338497,1109528.7072075726,506216.9419796896,3205825.671329881,225721.2623112161,-3772459.541514779,-1.1614614477030043,1334.7774000000002,1,3858975.271458816,4436491.321762796,664031.7802480161,485.9993719808433,3.4937528630997137,83.47758089040406,True,248.2406883929013,-3751671.9325052486
optimised_urban,post_rebuild,7536925|4769672|1633052|rebuild:4473909,4769672|1633052|rebuild:4473909,3,full,0.5,6,23463.10948419717,32580.469700667145,53141866.60260987,3238096.18070892,4190512.288248293,3404932.6809320766,1302202.5763729431,586972.3142979786,3653977.914656512,50437.94070619816,-3774630.5543007,-79.45101826186692,1596.2225999999998,1,3776980.379439249,4553973.972290073,779343.4179893718,1331.2394041652296,3.565409059946873,70.760768291518,True,221.91212227339156,-3772495.2624582406
optimised_urban,post_rebuild,7536925|4769672|19906892|rebuild:4473909,4769672|19906892|rebuild:4473909,3,dhw_only,0.5,6,23551.13347330036,32707.83214973039,53190272.27960757,3241240.844986563,4205253.107554207,3418833.895075357,1307087.90776817,587799.9324517101,3659811.592321616,42358.41721912008,-3786682.360219152,-70.39176082621543,1596.2225999999998,0,3780164.504296995,4568949.555919187,782267.1957000347,1331.23940416523,3.5640051575015645,70.53959641278986,True,221.59446824033472,-3784547.068376693
reference,post_rebuild,7536925|1633052|1634606|rebuild:2831044,1633052|1634606|rebuild:2831044,3,full,0.75,2,20699.28750477288,29070.45433185868,48691287.78996545,3454766.517762023,3604674.1310467306,3074761.104702132,1148810.456514895,500833.32374353753,3255320.868612914,151480.0613097211,-3804119.7801958392,67.46957021331309,1334.7774000000002,2,3809299.2575281328,4491660.938573823,687541.1583779843,448.729235463282,3.4686830735322265,83.9724734910412,True,241.8387021389972,-3783332.171186309
optimised_urban,post_rebuild,7536925|rebuild:2831044|rebuild:4473909,rebuild:2831044|rebuild:4473909,2,full,0.5,6,31582.43192898857,43184.057811424034,64804792.16579948,3993478.368363916,5503634.613590807,4435909.85822767,1752824.972058866,705168.110179372,5673812.846906709,875346.3434952742,-3823300.135048014,-1288.6012040635542,2931.0,0,4735866.399515176,4872332.4666122645,1049032.3315642502,1415.608829129597,3.709978268273361,86.0564938291575,True,211.5261232897497,-3821164.8432055535
reference,post_rebuild,7536925|19906892|8899918|rebuild:2831044,19906892|8899918|rebuild:2831044,3,full,0.75,2,21886.61046795017,30874.199726571667,47520095.3645786,3371667.5372105814,3800297.4704347863,3281751.695341871,1214706.8809712343,488884.7915669014,3338350.687453112,26938.008585226064,-3833614.320192257,182.6003796339537,1334.7774000000002,0,3702349.562725864,4560593.232419665,726978.9122274083,379.2971739078862,3.4312322130439314,84.73661072013603,True,231.3356811633365,-3812826.711182726
optimised_urban,post_rebuild,7536925|4040951|1634606|rebuild:4473909,4040951|1634606|rebuild:4473909,3,dhw_only,0.5,6,21734.29746706285,30079.04100247343,56645550.30890787,3435927.4603858674,3945542.928720202,3131909.539075948,1206253.5094219882,615261.5243230404,3539403.1021051635,209121.69770800183,-3842067.287000906,-257.37698231593185,1596.2225999999998,1,4018580.470765415,4563987.017503246,721919.7305023395,1526.034640964176,3.595655764589833,68.25807149722267,True,238.8074315000329,-3839931.9951584474
reference,post_rebuild,7536925|19906892|1633052|8899918,19906892|1633052|8899918,3,full,0.75,2,11235.82884155136,16895.75869638648,37421481.03934925,2655146.035518357,2305811.2948687472,1919418.012022629,623588.5007061005,381068.42434708064,1103974.388013238,-820768.4825084291,-3856982.942373867,1054.840039139443,0.0,1,2906150.5034163957,4230188.772539554,373205.83016568667,449.7388719670947,2.9822876257413533,75.51160520375163,True,293.30630017508093,-3836195.333364336
reference,today,7536925|19906892|1633052|8899918,19906892|1633052|8899918,3,full,0.75,2,11235.82884155136,16895.75869638648,37421481.03934925,2655146.035518357,2305811.2948687472,1919418.012022629,623588.5007061005,381068.42434708064,1103974.388013238,-820768.4825084291,-3856982.942373867,1054.840039139443,0.0,1,2906150.5034163957,4230188.772539554,373205.83016568667,449.7388719670947,2.9822876257413533,75.51160520375163,True,293.30630017508093,-3836195.333364336
advanced_recovery,today,7536925|2831044,2831044,1,dhw_only,0.5,6,6535.467404717958,8695.527455854331,64339713.847592,4445015.109804568,636946.6037100203,498837.4023042709,0.0,135607.60061322988,1217445.7190261204,716106.71592933,-3864515.994488469,1081.9835727568286,653.0,0,4520682.00882247,4444314.507841466,579798.5133529976,187.02537111843935,4.025595238095239,30.181461472433284,True,584.1462911260527,-4038406.5991832297
liquid_cooling_speculative,today,7536925|19906892|2831044,19906892|2831044,2,dhw_only,0.75,6,8665.390506125186,10688.31588417374,66254486.19254677,4561668.860701064,635637.5411045835,472817.4951896452,0.0,160130.88927056806,1308722.9002602152,833216.2484261998,-3888583.501545433,1540.7117048981568,653.0,0,4642909.139045657,4657339.616746559,768756.1152011261,229.088381983926,5.2835937500000005,31.533879814762543,True,486.00895608380944,-4104412.676052888
optimised_urban,post_rebuild,7536925|4040951|19906892|rebuild:4473909,4040951|19906892|rebuild:4473909,3,dhw_only,0.5,6,22519.74183105654,31215.50526432248,56547573.52550367,3433105.688078281,4071777.274865029,3255951.069262791,1249845.671623638,617347.3793414177,3591457.426046792,137027.53052318058,-3913425.536896518,-176.54057888436728,1596.2225999999998,0,4010811.766954561,4661434.345476408,748008.80857989,1502.8613296950955,3.5812498346854,66.46415749575188,True,234.06329882583347,-3911290.245054058
optimised_urban,post_rebuild,7536925|4040951|1633052|rebuild:4473909,4040951|1633052|rebuild:4473909,3,full,0.5,6,22431.71784195335,31088.142815259234,56824851.72254874,3448941.2811012818,4060293.294299544,3242049.8551195106,1244960.340228411,619776.5999281141,3585623.7483816883,145107.05401025817,-3923610.827019138,-185.5998363200188,1596.2225999999998,1,4029864.738137887,4668695.857888365,745085.0308692269,1517.1038570945257,3.582806354807109,66.65410313194069,True,235.16257563512303,-3921475.535176679
optimised_urban,post_rebuild,7536925|4040951|8899918|rebuild:4473909,4040951|8899918|rebuild:4473909,3,dhw_only,0.5,6,22138.371537323856,30663.69825006838,57955147.46494576,3513734.1834369656,4024084.5603254503,3195723.0544332294,1228679.620321474,629934.61421369,3566182.595999333,172032.6498875726,-3971636.1477630823,-215.7904663802028,1596.2225999999998,0,4107442.2468284857,4706977.478128398,735341.3303653153,1573.5874867340644,3.5880969257968056,67.30667047437746,True,239.3511634581624,-3969500.855920623
liquid_cooling_speculative,today,7536925|4040951|2831044,4040951|2831044,2,dhw_only,0.5,2,10393.074651414445,12819.325892306391,67874574.31019154,4661500.223808038,752056.5901401866,567086.6789589304,0.0,182080.18964414648,1406331.1480600245,836354.7475639844,-4007225.6658882,1872.33652751436,653.0,0,4750954.562761541,4929254.475596091,922028.809707891,261.62238765543907,5.2835937500000005,32.59326449071656,True,422.07110872018353,-4223054.840395656
advanced_recovery,today,7536925|19906892|2831044,19906892|2831044,2,dhw_only,0.75,2,8033.226325485007,10688.31588417374,66090253.54575844,4552097.684042809,774335.6627388189,613157.9432917638,0.0,158488.56280268484,1308722.9002602152,692875.8003240811,-4017710.446521412,1358.0402789320108,653.0,0,4633054.567309062,4730383.678979431,712673.2324580195,229.088381983926,4.025595238095238,31.533879814762543,True,498.0900871408713,-4191601.0512161735
liquid_cooling_speculative,today,7536925|1634606|2831044,1634606|2831044,2,dhw_only,0.5,2,7744.019288068355,9551.851622324695,68227205.00945409,4673747.151381884,601918.5390984539,422543.88880646793,0.0,176792.45458722184,1256668.576318587,831542.4918073548,-4018997.1141617503,1363.8567122857123,653.0,1,4778973.976653212,4706013.144164082,687016.0300023314,335.7905800568832,5.283593749999999,30.816971371777964,True,552.0483046921775,-4234826.288669206
liquid_cooling_speculative,today,7536925|8899918|2831044,8899918|2831044,2,dhw_only,0.5,6,8218.02131210548,10136.508869919637,68500588.5367603,4691165.249575315,632147.9177785999,448407.2875259641,0.0,181103.40819055465,1283448.0702127565,832403.560624711,-4039865.097141159,1454.8402624731884,653.0,0,4796934.670983225,4768932.544715344,729067.4475741856,337.2341630423996,5.2835937500000005,31.201768594641504,True,524.9022137277543,-4255694.271648615
optimised_urban,post_rebuild,7536925|4769672|8899918|rebuild:4473909,4769672|8899918|rebuild:4473909,3,dhw_only,0.5,6,23169.76317956767,32156.02513547629,57810251.81412766,3509082.4313458754,4189684.448965407,3358605.8802457955,1285921.8564660058,632511.2232747624,3634536.762274157,77363.53658351256,-4064230.118037125,-109.64164832205006,1596.2225999999998,0,4096132.131122327,4833829.835522586,769599.7174854602,1542.4477230565622,3.570176121007421,71.52091775185069,True,233.24398781464444,-4062094.8261946654
optimised_urban,post_rebuild,7536925|1634606|rebuild:2831044|rebuild:4473909,1634606|rebuild:2831044|rebuild:4473909,3,dhw_only,0.5,6,32174.26311355343,44040.3819778944,67477682.29724313,4151425.695338074,5626219.164548795,4529374.970603607,1785671.6028022154,734206.9538491797,5713035.704199174,821023.493499559,-4064609.1556876944,-1227.6910917856976,2931.0,1,4912553.375755692,5133299.569594446,1068690.4139067514,1518.264775283669,3.699495591189831,84.10164644827313,True,213.7812434169309,-4062473.8638452343
optimised_urban,post_rebuild,7536925|19906892|rebuild:2831044|rebuild:4473909,19906892|rebuild:2831044|rebuild:4473909,3,dhw_only,0.5,6,32959.707477547105,45176.84623974344,66524030.9713849,4098736.784139679,5743896.765269082,4653416.50079045,1829263.7650038644,727736.0634430167,5765090.028140803,748929.3263147378,-4077543.521267958,-1146.8546883541312,2931.0,0,4846360.787629487,5172323.013252259,1094779.491984301,1457.6718399950837,3.686281487166733,81.74594341781442,True,209.8395558217032,-4075408.229425498
liquid_cooling_speculative,today,7536925|19906892|1634606|2831044,19906892|1634606|2831044,3,dhw_only,0.75,6,9359.64237730026,11544.640050644106,69026850.6387538,4725413.367822883,703632.8120393893,510698.5843947645,0.0,190164.4760880095,1347945.7575526815,834477.421601302,-4081100.422309591,1673.9716843088338,653.0,1,4826167.870007803,4911447.572684308,830347.1503747174,334.93084166530934,5.2835937500000005,31.99795196946033,True,470.02560534599866,-4296929.596817046
reference,post_rebuild,7536925|4040951|1633052,4040951|1633052,2,full,0.75,2,12386.480710917258,18643.794466479416,39035568.38571812,2769669.499038822,2522883.773374956,2120015.5894698068,687449.6794559078,396979.99764806486,1184439.7872555158,-941463.9884713752,-4108113.4851582623,1166.4149729948151,0.0,1,3030050.9633131684,4519539.013416031,411425.5282577686,447.5683172741384,2.976599194700696,77.24664858126181,True,283.56164812167646,-4087325.876148731
reference,today,7536925|4040951|1633052,4040951|1633052,2,full,0.75,2,12386.480710917258,18643.794466479416,39035568.38571812,2769669.499038822,2522883.773374956,2120015.5894698068,687449.6794559078,396979.99764806486,1184439.7872555158,-941463.9884713752,-4108113.4851582623,1166.4149729948151,0.0,1,3030050.9633131684,4519539.013416031,411425.5282577686,447.5683172741384,2.976599194700696,77.24664858126181,True,283.56164812167646,-4087325.876148731
reference,post_rebuild,7536925|4040951|19906892|1634606,4040951|19906892|1634606,3,full,0.75,2,14026.819753046158,21135.748285927384,37039910.79412247,2628072.688987248,2789370.008985045,2405982.220041061,778488.4962940618,376696.5374508895,1299149.1441267084,-1113524.3274074472,-4118293.553845584,1325.4732642108852,0.0,1,2846727.303566941,4584204.078502282,465910.52465669706,342.7007073458165,2.970143258830597,79.32371028708654,True,255.99999457231368,-4097505.9448360535
reference,today,7536925|4040951|19906892|1634606,4040951|19906892|1634606,3,full,0.75,2,14026.819753046158,21135.748285927384,37039910.79412247,2628072.688987248,2789370.008985045,2405982.220041061,778488.4962940618,376696.5374508895,1299149.1441267084,-1113524.3274074472,-4118293.553845584,1325.4732642108852,0.0,1,2846727.303566941,4584204.078502282,465910.52465669706,342.7007073458165,2.970143258830597,79.32371028708654,True,255.99999457231368,-4097505.9448360535
optimised_urban,post_rebuild,7536925|1633052|rebuild:2831044|rebuild:4473909,1633052|rebuild:2831044|rebuild:4473909,3,dhw_only,0.5,6,32871.68348844392,45049.48379068019,67479310.19236782,4154085.030106466,5739192.794942975,4639515.28664717,1824378.4336086372,736945.2942690917,5759256.350475699,757008.8498018149,-4134021.4745737417,-1155.9139457897843,2931.0,1,4911706.421995979,5225877.18884738,1091855.7142736383,1501.5641257335112,3.687724639421972,81.9975742907695,True,211.55726567935503,-4131886.182731282
advanced_recovery,today,7536925|1634606|2831044,1634606|2831044,2,dhw_only,0.75,6,7179.071683613255,9551.851622324695,68080434.84559819,4665193.656118324,725869.2056489288,547962.2569955016,0.0,175324.75294866294,1256668.576318587,706124.1236183211,-4134394.2854486657,1200.6083226071564,653.0,1,4770167.21906394,4771290.59777802,636896.3123293549,335.7905800568832,4.025595238095236,30.816971371777964,True,564.1294357492395,-4308284.890143427
liquid_cooling_speculative,today,7536925|4040951|19906892|2831044,4040951|19906892|2831044,3,dhw_only,0.5,2,12008.69774064635,14812.114320625802,69655734.44675246,4770367.300890007,863586.008153734,655241.3745472274,0.0,205267.35621754616,1497608.3292941193,839289.6773579314,-4136344.979749622,2182.4514995374816,653.0,0,4865164.461829714,5201704.9098299,1065359.9300802774,303.6853985209257,5.283593749999999,33.34927993625238,True,380.1534277799768,-4352174.154257078
reference,post_rebuild,7536925|19906892|1633052|rebuild:2831044,19906892|1633052|rebuild:2831044,3,full,0.75,2,22594.38973474876,31949.43673668134,50522253.91982575,3584678.0639072717,3953914.409090914,3405141.5842101523,1253988.6302785564,518765.3319385004,3387845.8847361444,-47303.19241626903,-4150746.5882620416,251.2314112949698,1334.7774000000002,1,3938145.5781839048,4901234.878619418,750488.2903573762,425.5559241942016,3.411255526835353,85.15692288115139,True,235.0146277050097,-4129958.979252511
advanced_recovery,today,7536925|4040951|2831044,4040951|2831044,2,dhw_only,0.75,2,9634.871138635715,12819.325892306391,67677597.36413655,4650020.769599852,918408.000516515,735407.8587958087,0.0,180110.42018359658,1406331.1480600245,668033.567727106,-4162097.6220563417,1653.2445240547925,653.0,0,4739135.21086462,5016861.882451237,854764.2603948954,261.62238765543907,4.025595238095238,32.59326449071656,True,434.1522397772456,-4335988.226751103
advanced_recovery,today,7536925|8899918|2831044,8899918|2831044,2,dhw_only,0.5,6,7618.493950288555,10136.508869919637,68344834.74926557,4682088.205245476,763685.4542270098,581502.3618493214,0.0,179545.87031560732,1283448.0702127565,699308.4863013538,-4162325.5892597297,1281.5996369478466,653.0,0,4787588.862448024,4838205.552057393,675879.9627976627,337.2341630423996,4.025595238095237,31.201768594641504,True,536.9833447848163,-4336216.193954491
liquid_cooling_speculative,today,7536925|19906892|8899918|2831044,19906892|8899918|2831044,3,dhw_only,0.5,6,9833.644401337382,12129.297298239053,70281748.67332122,4800032.326657283,743677.3357921476,536561.9831142612,0.0,204290.5747639544,1374725.251446851,835338.4904186579,-4168984.41100258,1764.95523449631,653.0,0,4911144.570051397,5041382.978949151,872398.5679465715,379.2971739078862,5.28359375,32.283796230152355,True,456.81829279095433,-4384813.585510035
liquid_cooling_speculative,today,7536925|4040951|8899918|2831044,4040951|8899918|2831044,3,dhw_only,0.75,6,11561.32854662664,14260.307306371693,70196026.81381443,4800452.220997189,843038.2850562347,630831.1668835463,0.0,209181.7753660171,1472333.4992466602,838476.9895564426,-4171157.0068067615,2096.5800571125137,653.0,0,4902720.425228697,5196828.269260099,1025671.2624533366,337.23416304239964,5.283593749999998,33.15783174896099,True,395.5360177074528,-4386986.181314218
reference,post_rebuild,7536925|4040951|8899918|1634606,4040951|8899918|1634606,3,full,0.75,2,13106.658214901649,19737.86650624824,38904333.72443663,2760358.077338068,2647331.811500266,2245566.910835874,727419.5309270415,395524.1351524392,1234801.99664848,-1017005.6796993472,-4172887.892189854,1236.2482210088017,0.0,1,3007064.342808139,4608234.614605296,435346.7224154428,419.17222112435087,2.973560514335761,78.20943258149632,True,273.65921851870326,-4152100.283180323
reference,today,7536925|4040951|8899918|1634606,4040951|8899918|1634606,3,full,0.75,2,13106.658214901649,19737.86650624824,38904333.72443663,2760358.077338068,2647331.811500266,2245566.910835874,727419.5309270415,395524.1351524392,1234801.99664848,-1017005.6796993472,-4172887.892189854,1236.2482210088017,0.0,1,3007064.342808139,4608234.614605296,435346.7224154428,419.17222112435087,2.973560514335761,78.20943258149632,True,273.65921851870326,-4152100.283180323
optimised_urban,post_rebuild,7536925|8899918|rebuild:2831044|rebuild:4473909,8899918|rebuild:2831044|rebuild:4473909,3,dhw_only,0.5,6,32578.33718381443,44625.03922548935,68787279.45328102,4229232.418389172,5704760.796154043,4593188.485960888,1808097.7137017008,748880.0437398292,5739815.198093344,783934.4456791301,-4194178.016449872,-1186.1045758499658,2931.0,0,5001415.151818762,5276290.030219599,1082112.0137697272,1565.817621053557,3.6926017968552656,82.85807138636953,True,214.4827458800947,-4192042.724607412
liquid_cooling_speculative,today,7536925|1633052|2831044,1633052|2831044,2,full,0.5,6,8562.133326143843,10560.953435110492,70842756.66273363,4828741.156203751,675530.5830406924,467183.3808165408,0.0,205670.03258868217,1302889.2225951117,833028.6721431013,-4201382.516649332,1520.891737175163,653.0,1,4956341.481460633,4960978.099674445,759595.5830251126,432.0285859131241,5.2835937500000005,31.459697847641262,True,520.9373001606663,-4417211.691156788
advanced_recovery,today,7536925|19906892|1634606|2831044,19906892|1634606|2831044,3,dhw_only,0.5,2,8676.830604380304,11544.640050644106,68849460.03650343,4715075.369715596,853443.1196051151,662282.797982994,0.0,188390.57006550583,1347945.7575526815,682893.2080130724,-4220572.73176803,1476.6650287823384,653.0,1,4815523.77183695,4990343.763202407,769771.0314343768,334.93084166530934,4.025595238095239,31.99795196946033,True,482.1067364030607,-4394463.336462791
reference,today,7536925|4040951|19906892|8899918,4040951|19906892|8899918,3,full,0.75,2,15001.760444877533,22616.848911070905,37208883.9935218,2640061.752702343,2961307.930936698,2575947.3903438943,832597.704690703,378191.98473965086,1367327.0127717103,-1215788.9334253366,-4234042.670867329,1420.0100620904582,0.0,0,2850438.6340751857,4732336.525262164,498293.85439483495,312.4700230513937,2.96699048271235,80.3826688321971,True,247.34661976043608,-4213255.061857799
reference,post_rebuild,7536925|4040951|19906892|8899918,4040951|19906892|8899918,3,full,0.75,2,15001.760444877533,22616.848911070905,37208883.9935218,2640061.752702343,2961307.930936698,2575947.3903438943,832597.704690703,378191.98473965086,1367327.0127717103,-1215788.9334253366,-4234042.670867329,1420.0100620904582,0.0,0,2850438.6340751857,4732336.525262164,498293.85439483495,312.4700230513937,2.96699048271235,80.3826688321971,True,247.34661976043608,-4213255.061857799
optimised_urban,post_rebuild,7536925|4040951|4769672|rebuild:4473909,4040951|4769672|rebuild:4473909,3,dhw_only,0.5,6,25023.938080264987,34838.842157863044,57812948.17626162,3516057.502593808,4490021.947574507,3651426.992039248,1388828.5634547067,639775.1106153813,3757419.840121425,-92826.996837701,-4248659.61004689,81.1864194271966,1596.2225999999998,0,4093769.001965168,5079847.029948043,831187.4199011531,1497.975711347104,3.542179839771668,67.25054334557795,True,224.0964142801272,-4246524.31820443
liquid_cooling_speculative,today,7536925|1633052|1634606|2831044,1633052|1634606|2831044,3,dhw_only,0.5,6,9256.385197318916,11417.277601580858,71576715.33666994,4873691.1232074015,723141.7962527904,505064.4700216599,0.0,215319.5616834163,1342112.0798875778,834289.8453182037,-4254720.839572614,1654.1517165858404,653.0,2,5000421.614581903,5075907.457771318,821186.6181987041,448.729235463282,5.283593750000002,31.932519815989973,True,489.96576505575297,-4470550.01408007
liquid_cooling_speculative,today,7536925|19906892|1633052|2831044,19906892|1633052|2831044,3,dhw_only,0.75,6,10177.756415375738,12553.741863429896,71514051.57430688,4872927.32883131,775961.3488043628,555338.0764048374,0.0,217758.54691220503,1394166.4038292062,835963.6019370485,-4254722.273806468,1831.006709198284,653.0,1,4994771.823824517,5157648.977203965,902926.703397498,425.5559241942016,5.283593749999999,32.47749042268977,True,449.74829127207846,-4470551.448313924
liquid_cooling_speculative,today,7536925|4040951|1634606|2831044,4040951|1634606|2831044,3,dhw_only,0.75,6,11087.326522589516,13675.65005877676,71628453.26365978,4882445.591570827,829867.0061476042,604967.7681640498,0.0,221928.9215341999,1445554.005352491,837615.9207390868,-4266758.592365941,2005.5965069250371,653.0,1,5001229.299437269,5250378.437247423,983619.8448814824,410.3875965938828,5.283593750000001,32.940820420330645,True,417.4823322277785,-4482587.766873397
liquid_cooling_speculative,today,7536925|2830989,2830989,1,dhw_only,0.75,6,5570.953994802985,6871.4867530280135,65731357.77115625,4286388.343159426,635383.9167751503,303972.97291767824,0.0,330092.2539132528,641762.4395200454,336470.77665814786,-4280009.82041453,1020.3914310273016,425.0,0,4817666.801899731,4774240.859163641,494231.0387491112,1085.9984301889656,5.283593749999999,39.631337344549735,True,716.0682610385725,-4495838.994921986
liquid_cooling_speculative,today,7536925|8899918|1634606|2831044,8899918|1634606|2831044,3,dhw_only,0.5,2,8912.273183280551,10992.833036390004,72254467.49022853,4912110.617338104,709958.3337860175,486288.3767310834,0.0,220952.1400806081,1322670.9275052226,833664.7337998132,-4299398.023618899,1588.100241883866,653.0,1,5047209.407658952,5090056.506366676,790658.4827477768,485.9993719808433,5.283593750000001,31.705608857906476,True,511.1831604780896,-4515227.198126355
optimised_urban,today,7536925|2831044,2831044,1,dhw_only,0.75,2,6009.7385033831815,8695.52745585433,64203132.47901161,4437055.398794163,1085833.0930583037,949089.7053383578,333540.48693776655,134241.7869274261,1217445.7190261204,265854.41289524303,-4305442.772826347,495.921383615676,653.0,0,4512486.616975122,4505060.395955264,199617.62312891672,187.02537111843935,3.237606382978725,30.18146147243328,True,634.8535979083483,-4303307.480983887
liquid_cooling_speculative,today,7536925|1634606|2830989,1634606|2830989,2,dhw_only,0.75,6,6265.205865978058,7727.810919498377,66083422.69182909,4309082.244462085,679176.1924546139,341854.06212279736,0.0,335922.8454753523,680985.2968125119,337731.9498332504,-4307273.140104187,1153.651410437979,425.0,1,4835671.931787374,4863095.214026889,555822.0739227026,1085.9984301889654,5.2835937500000005,39.582865147053866,True,645.3132981654187,-4523102.314611643
advanced_recovery,today,7536925|4040951|19906892|2831044,4040951|19906892|2831044,3,dhw_only,0.5,2,11132.630059402769,14812.1143206258,69428137.06230299,4757103.343838093,1055797.059545314,849728.3997833017,0.0,202991.38237305157,1497608.3292941193,644802.652121857,-4315292.074089288,1929.3012302299749,653.0,0,4851507.769351213,5302931.053589205,987638.9794999176,303.6853985209257,4.025595238095238,33.34927993625237,True,392.2345588370389,-4489182.678784049
advanced_recovery,today,7536925|19906892|8899918|2831044,19906892|8899918|2831044,3,dhw_only,0.75,6,9116.252871055607,12129.297298239053,70095374.44743201,4789170.779483717,901074.5132558084,695822.902836814,0.0,202426.83250506228,1374725.251446851,676077.570696105,-4315520.041292675,1557.6563431230288,653.0,0,4899961.420934617,5124274.72319536,808754.6819026849,379.2971739078862,4.02559523809524,32.283796230152355,True,468.8994238480164,-4489410.645987436
advanced_recovery,today,7536925|1633052|2831044,1633052|2831044,2,dhw_only,0.5,6,7937.502042091764,10560.953435110492,70680481.01949364,4819284.03011369,812575.9716678533,605851.5258761015,0.0,204047.27615628237,1302889.2225951117,694360.5270835406,-4328970.77918643,1340.3970320729063,653.0,1,4946604.337240634,5033151.765602014,704180.986415584,432.0285859131241,4.02559523809524,31.459697847641262,True,533.0184312177282,-4502861.383881192
optimised_urban,post_rebuild,7536925|4040951|rebuild:2831044|rebuild:4473909,4040951|rebuild:2831044|rebuild:4473909,3,dhw_only,0.5,6,34432.51208451174,47307.85624787608,68077902.83940153,4194709.185979015,5997977.5650030095,4886009.597754341,1911004.4206904017,749023.2013203138,5862698.275940612,613743.9122579162,-4329988.475041415,-995.27650810072,2931.0,0,4950432.98924338,5473688.191226834,1143699.7161854196,1490.2058456665968,3.663437744694352,77.93530453766573,True,207.7824438619533,-4327853.183198955
liquid_cooling_speculative,today,7536925|1633052|2830989,1633052|2830989,2,full,0.5,6,7083.319904053544,8736.91273228417,66498299.86519398,4335824.987269506,730781.4915977056,386493.5541328703,0.0,342793.67867766606,727205.9430890363,339218.1301689967,-4339400.535778175,1310.6864353274295,425.0,1,4862781.429781202,4967802.162723659,628401.6269454836,1085.9984301889654,5.2835937500000005,39.538046505311456,True,579.7370736420099,-4555229.710285631
advanced_recovery,today,7536925|4040951|8899918|2831044,4040951|8899918|2831044,3,dhw_only,0.5,6,10717.897684206318,14260.307306371693,69976908.28865854,4787682.396273691,1028088.7512619884,818072.8183408588,0.0,206990.59011445832,1472333.4992466602,651235.3380991301,-4343437.648289019,1852.8605882458105,653.0,0,4889572.49595159,5294283.35812858,950845.7098395608,337.23416304239964,4.025595238095237,33.15783174896099,True,407.61714876451487,-4517328.252983781
liquid_cooling_speculative,today,7536925|19906892|2830989,19906892|2830989,2,dhw_only,0.75,2,7186.577084034886,8864.275181347424,66550663.03825609,4339200.287140606,737294.7860940868,392127.668505975,0.0,343660.87179204164,733039.6207541402,339405.706452095,-4343455.452480553,1330.5064030504227,425.0,0,4866203.019172503,4981017.611602049,637562.159121497,1085.9984301889654,5.2835937500000005,39.53312121038753,True,572.5215794425725,-4559284.626988009
optimised_urban,post_rebuild,7536925|4769672|rebuild:2831044|rebuild:4473909,4769672|rebuild:2831044|rebuild:4473909,3,full,0.5,6,35463.90372675556,48800.183133284,66939270.187445305,4132144.268778944,6153640.083631584,5048892.423566908,1968246.6568349337,741662.4403700049,5931052.442215436,519074.7989538562,-4354731.910195092,-889.1276900425673,2931.0,0,4871272.338416859,5532690.013500656,1177958.1033055645,1415.608829129597,3.648777658484824,81.193488541536,True,203.33323556624347,-4352596.618352632
advanced_recovery,today,7536925|2830989,2830989,1,dhw_only,0.5,2,5164.537507857664,6871.4867530280135,65625773.086997375,4280235.06191935,724552.5300354231,394197.4330195396,0.0,329036.4070716641,641762.4395200454,246246.3165562865,-4363025.152434727,902.952510126608,425.0,0,4793058.426900107,4821200.671304275,458175.518869548,1085.9984301889656,4.025595238095236,39.631337344549735,True,728.1493920956345,-4536915.7571294885
liquid_cooling_speculative,today,7536925|1633052|1634606|2830989,1633052|1634606|2830989,3,dhw_only,0.5,2,7777.571775228616,9593.236898754538,66850364.78586683,4358518.888572166,774573.7672771696,424374.6433379898,0.0,348624.27023976564,766428.8003815027,340479.3033440988,-4366663.855467833,1443.9464147381063,425.0,2,4880786.559668846,5056656.517586907,689992.6621190751,1085.9984301889654,5.283593749999999,39.50746737099881,True,534.9099429428384,-4582493.029975289
advanced_recovery,today,7536925|1633052|1634606|2831044,1633052|1634606|2831044,3,dhw_only,0.5,2,8581.106320987063,11417.277601580858,71401281.73796791,4863467.175668307,871299.3708114425,654976.3805673323,0.0,213565.225696396,1342112.0798875778,684377.9347725314,-4392654.466592172,1459.0217819232346,653.0,2,4989894.943927644,5153933.251984114,761278.7853919413,448.729235463282,4.025595238095238,31.932519815989973,True,502.0468961128151,-4566545.0712869335
advanced_recovery,today,7536925|1634606|2830989,1634606|2830989,2,dhw_only,0.75,2,5808.14178675296,7727.810919498377,65964680.052208185,4302162.141772977,779456.9916463771,443322.2877107698,0.0,334735.4190791432,680985.2968125119,236263.72424527796,-4400633.8366068425,1021.5772599769356,425.0,1,4810274.030353494,4915907.154452748,515273.3178459052,1085.9984301889654,4.025595238095236,39.582865147053866,True,657.3944292224809,-4574524.441301604
liquid_cooling_speculative,today,7536925|19906892|1633052|2830989,19906892|1633052|2830989,3,dhw_only,0.75,6,8698.94299328544,10729.701160603585,67317605.13229382,4388636.931250687,832692.3609166425,474648.2497211673,0.0,356362.29655645497,818483.124323131,342153.05996294355,-4402846.167844199,1620.8014073505503,425.0,1,4911317.647053975,5174578.915162068,771732.7473178691,1085.9984301889654,5.28359375,39.47447494169421,True,486.4671810891968,-4618675.342351655
liquid_cooling_speculative,today,7536925|19906892|1634606|2830989,19906892|1634606|2830989,3,dhw_only,0.75,6,7880.828955209959,9720.59934781779,67412972.42991889,4391630.297957696,786189.5064834501,430008.7577110944,0.0,354593.9080640407,772262.4780466066,340666.8796271973,-4405557.32639454,1463.7663824611004,425.0,1,4919046.703284477,5104710.520689629,699153.1942950885,1108.312003066472,5.28359375,39.50338311999016,True,532.5014207992084,-4621386.500901996
advanced_recovery,today,7536925|19906892|1633052|2831044,19906892|1633052|2831044,3,dhw_only,0.75,2,9435.260962858816,12553.741863429896,71321155.49267241,4861685.699897521,938866.3784467753,720172.0668635943,0.0,215829.5860958605,1394166.4038292062,671129.6114782916,-4406385.674515091,1616.4537382480887,653.0,1,4983197.33902294,5243441.380035697,837055.7055206061,425.5559241942016,4.025595238095239,32.47749042268977,True,461.82942232914047,-4580276.279209852
advanced_recovery,today,7536925|4040951|1634606|2831044,4040951|1634606|2831044,3,dhw_only,0.5,2,10278.475417531012,13675.65005877676,71418318.36214276,4870199.315913609,1007330.6024554227,784532.7134870389,0.0,219827.5725190296,1445554.005352491,658050.9754160978,-4431975.913016541,1771.8692739051205,653.0,1,4988620.421106091,5343837.9723877935,911862.0593712524,410.3875965938828,4.02559523809524,32.940820420330645,True,429.5634632848405,-4605866.517711302
advanced_recovery,today,7536925|8899918|1634606|2831044,8899918|1634606|2831044,3,dhw_only,0.5,2,8262.098229183852,10992.833036390004,72085555.74727176,4902266.751559233,852608.056165918,630627.2165405517,0.0,219263.02265104037,1322670.9275052226,689325.893990345,-4432203.880219929,1400.2243867981747,653.0,1,5037074.072689494,5165181.641993949,732977.7617740199,485.9993719808433,4.025595238095237,31.705608857906476,True,523.2642915351516,-4606094.48491469
advanced_recovery,today,7536925|1633052|2830989,1633052|2830989,2,full,0.5,2,6566.572145231472,8736.91273228417,66364051.74618897,4328001.253753895,844157.0128661556,501211.5565913704,0.0,341451.19748761604,727205.9430890363,224500.12771049663,-4444952.323531014,1161.365969442686,425.0,1,4836453.141716594,5027510.315463148,582557.9919321345,1085.9984301889654,4.025595238095236,39.538046505311456,True,591.8182046990719,-4618842.928225775
liquid_cooling_speculative,today,7536925|4040951|1633052|2831044,4040951|1633052|2831044,3,full,0.75,2,11905.44056066501,14684.751871562545,74244004.91693933,5037439.596392696,903479.0500898428,649607.2601741226,0.0,250806.4995356603,1491774.651629015,839102.1010748328,-4449143.994853523,2162.6315318144875,653.0,1,5178596.804244692,5505343.392757786,1056199.3979042645,506.6256024501238,5.283593749999999,33.30617704742715,True,404.3550349394264,-4664973.1693609785
advanced_recovery,today,7536925|19906892|2830989,19906892|2830989,2,dhw_only,0.75,6,6662.2964286247125,8864.275181347424,66414457.915702745,4331262.503056803,852323.0403696108,508517.9740070323,0.0,342298.8205665082,733039.6207541402,223015.4009510377,-4450545.922672273,1179.0092163017896,425.0,0,4839757.303591302,5041596.160646843,591050.2379745699,1085.9984301889654,4.02559523809524,39.53312121038753,True,584.6027104996344,-4624436.527367034
liquid_cooling_speculative,today,7536925|4769672|2830989,4769672|2830989,2,full,0.5,2,10124.142689133643,12487.612074887991,68040344.00948618,4435224.261551168,922591.6331695697,552412.7024437154,0.0,368331.66627072665,899002.0348287736,344742.0679299306,-4458813.859891963,1894.3650663197045,425.0,0,4963543.885080998,5356984.184465195,898170.3245732321,1085.9984301889654,5.283593750000003,45.80755882198208,True,428.90254743228405,-4674643.034399419
reference,post_rebuild,7536925|4040951|1633052|1634606,4040951|1633052|1634606,3,full,0.75,2,13814.437481700244,20813.103516357914,41529407.29530638,2946613.49778254,2797177.900312619,2368956.7997041545,766701.2802343635,421633.8256802644,1284297.1939315132,-1091246.8807008415,-4459494.204163644,1304.8792526698169,0.0,2,3212334.4021701883,4918350.304709055,458856.1005454109,456.4991011437891,2.9708905717154077,79.07710486850114,True,275.6534660320044,-4438706.595154114
reference,today,7536925|4040951|1633052|1634606,4040951|1633052|1634606,3,full,0.75,2,13814.437481700244,20813.103516357914,41529407.29530638,2946613.49778254,2797177.900312619,2368956.7997041545,766701.2802343635,421633.8256802644,1284297.1939315132,-1091246.8807008415,-4459494.204163644,1304.8792526698169,0.0,2,3212334.4021701883,4918350.304709055,458856.1005454109,456.4991011437891,2.9708905717154077,79.07710486850114,True,275.6534660320044,-4438706.595154114
reference,post_rebuild,7536925|1633052|8899918|rebuild:2831044,1633052|8899918|rebuild:2831044,3,full,0.75,2,21674.228196604257,30551.5549570022,55772973.67453776,3957229.533093697,3845739.179850114,3244726.2750049657,1202919.6649115365,571455.8978840288,3323498.737257916,49215.45529183073,-4479469.975685895,162.00636809288517,1334.7774000000002,1,4372611.666504687,5199394.463802017,719924.4881161223,582.2373778370843,3.43754921488479,84.60557150875404,True,254.4358778766866,-4458682.366676364
liquid_cooling_speculative,today,7536925|1633052|8899918|2831044,1633052|8899918|2831044,3,dhw_only,0.75,6,9730.38722135604,12001.9348491758,74870019.14350808,5067104.622159973,783570.3777282559,530927.8687411564,0.0,249829.7180820685,1368891.573781747,835150.9141355595,-4481783.426106483,1745.1352667733163,653.0,1,5224576.912466375,5345021.461877041,863238.0357705583,582.2373778370843,5.283593750000001,32.223477956518444,True,487.2432888922726,-4697612.600613939
advanced_recovery,today,7536925|1633052|1634606|2830989,1633052|1634606|2830989,3,dhw_only,0.5,6,7210.176424126767,9593.236898754538,66702958.71139978,4349928.333607523,899061.4744771098,550336.4112826006,0.0,347150.2094950951,766428.8003815027,214517.535399488,-4482561.00770313,1279.9907192930136,425.0,2,4853668.74516998,5122216.798611621,639655.7909084916,1085.9984301889654,4.025595238095237,39.50746737099881,True,546.9910739999004,-4656451.612397892
liquid_cooling_speculative,today,7536925|4769672|1634606|2830989,4769672|1634606|2830989,3,dhw_only,0.75,2,10818.394560308712,13343.936241358357,68392408.93015903,4457918.162853828,966383.9088490336,590293.7916488348,0.0,374162.2578328262,938224.89212124,346003.2411050328,-4486077.179581622,2027.625045730381,425.0,1,4981549.014968641,5445838.539328445,959761.3597468232,1085.9984301889654,5.283593750000002,45.31720013789442,True,406.3549251329092,-4701906.354089078
reference,post_rebuild,7536925|4040951|8899918|rebuild:2831044,4040951|8899918|rebuild:2831044,3,full,0.75,2,25440.15979993044,36272.64517168662,51012055.78878065,3619430.7100993767,4455752.607518769,3901255.653326233,1411928.868896139,523096.2498773024,3586851.3620163887,-345804.995625078,-4488331.955601757,527.1763910439022,1334.7774000000002,0,3948702.048585877,5333344.467947029,845012.512345271,337.23416304239964,3.3446163775221542,86.62745623799773,True,221.7589198479976,-4467544.346592227
liquid_cooling_speculative,today,7536925|4769672|1633052|2830989,4769672|1633052|2830989,3,dhw_only,0.75,2,11636.5085983842,14353.038054144148,68807286.10352391,4484660.905661249,1017989.2079921252,634933.2836589076,0.0,381033.0910351399,984445.5383977644,347489.42144077923,-4518204.575255609,2184.6600706198315,425.0,1,5008658.512962469,5550545.488025214,1032340.9127696042,1085.9984301889654,5.283593750000001,44.82523800502379,True,383.2378385401899,-4734033.749763065
reference,post_rebuild,7536925|4040951|1634606|rebuild:2831044,4040951|1634606|rebuild:2831044,3,full,0.75,2,24465.21910809906,34791.544546543104,52655191.78369596,3736015.2466154327,4301935.777510261,3731290.483023399,1357819.6604994978,539721.8945316873,3518673.493371387,-243540.38960718765,-4519277.530754307,432.6395931643283,1334.7774000000002,1,4091685.410251928,5331906.71336144,812629.1826071329,410.3875965938828,3.365298834170697,86.15937059019917,True,230.14291916413637,-4498489.921744777
liquid_cooling_speculative,today,7536925|4769672|19906892|2830989,4769672|19906892|2830989,3,dhw_only,0.75,2,11739.76577836554,14480.400503207398,68859649.27658603,4488036.205532349,1024502.5024885064,640567.3980320122,0.0,381900.2841495156,990279.2160628684,347676.9977238777,-4522259.491957987,2204.480038342825,425.0,0,5012080.102353769,5563760.936903604,1041501.4449456172,1085.9984301889656,5.283593750000003,44.76871138739756,True,380.5491351218707,-4738088.666465443
advanced_recovery,today,7536925|19906892|1634606|2830989,19906892|1634606|2830989,3,dhw_only,0.75,2,7305.900707520011,9720.59934781779,67263609.3519035,4382925.69242486,912329.9466904644,557642.8286982626,0.0,353100.27728388686,772262.4780466066,213032.80864002905,-4522993.161068718,1297.633966152118,425.0,1,4891811.461269016,5171141.198019645,648148.0369509272,1108.312003066472,4.025595238095239,39.50338311999016,True,544.5825518562704,-4696883.765763479
advanced_recovery,today,7536925|19906892|1633052|2830989,19906892|1633052|2830989,3,dhw_only,0.5,2,8064.33106599852,10729.701160603585,67152736.57489434,4379028.6948913485,971927.523200344,615532.0975788636,0.0,354713.61098246014,818483.124323131,201269.21210524725,-4532473.093768561,1437.4226756178678,425.0,1,4883152.018407788,5247905.804805717,715432.7110371563,1085.9984301889654,4.025595238095237,39.47447494169421,True,498.54831214625887,-4706363.698463323
optimised_urban,today,7536925|19906892|2831044,19906892|2831044,2,dhw_only,0.5,2,7387.01405194172,10688.31588417374,65922371.28459705,4542313.814569927,1326095.2447365806,1166596.3479011394,409979.27988276543,156809.74019107086,1308722.9002602152,139437.39571470546,-4559686.159046292,637.6678993250994,653.0,0,4622981.005089435,4805050.94259526,245364.7835489681,229.088381983926,3.237606382978724,31.533879814762543,True,548.797393923167,-4557550.867203833
reference,post_rebuild,7536925|4040951|19906892|rebuild:2831044,4040951|19906892|rebuild:2831044,3,full,0.75,2,26360.321338074937,37670.52695136576,50959742.052781135,3615718.921979708,4615911.896946693,4061670.962531419,1462997.834263159,522389.7441188991,3651198.509494617,-442323.6433331773,-4580432.309431784,616.401434245985,1334.7774000000002,0,3935059.701518975,5456008.624018309,875576.3145865249,303.6853985209257,3.32679429770867,87.03964658745167,True,217.67095637436367,-4559644.700422253
advanced_recovery,today,7536925|4769672|2830989,4769672|2830989,2,full,0.5,6,9385.558506085405,12487.612074887991,67848464.05334067,4424041.850542388,1084638.5222448225,716378.3910804234,0.0,366412.8667092715,899002.0348287736,180776.3792932226,-4609678.337958436,1680.9423036177209,425.0,0,4933757.471701359,5442324.655632289,832646.3176738528,1085.9984301889654,4.025595238095238,45.80755882198208,True,440.9836784893461,-4783568.942653198
optimised_urban,today,7536925|1634606|2831044,1634606|2831044,2,dhw_only,0.5,6,6601.569687948032,9551.85162232469,67930403.1225455,4656450.083182242,1218961.4491371957,1042554.8177142952,366387.11768111575,173824.435718136,1256668.576318587,211531.56289952743,-4618742.956000851,556.8314958935337,653.0,1,4761164.75575046,4838018.661472268,219275.70547141787,335.7905800568832,3.237606382978723,30.81697137177794,True,614.8367425315353,-4616607.664158391
advanced_recovery,today,7536925|4040951|1633052|2831044,4040951|1633052|2831044,3,full,0.5,2,11036.905776009524,14684.751871562548,74018364.5360382,5024289.689908974,1094037.3684743484,842421.9823676395,0.0,248550.09572664904,1491774.651629015,646287.3788813159,-4626552.406754307,1911.6579833708704,653.0,1,5165057.539282784,5605699.140211789,979146.7334574818,506.6256024501238,4.025595238095237,33.306177047427155,True,416.4361659964883,-4800443.011449069
advanced_recovery,today,7536925|1633052|8899918|2831044,1633052|8899918|2831044,3,dhw_only,0.75,2,9020.528587662364,12001.9348491758,74685601.92116721,5056357.125554599,939314.8221848428,688516.4854211522,0.0,247985.54585865972,1368891.573781747,677562.2974555638,-4626780.373957695,1540.0130962639246,653.0,1,5213511.190866188,5427042.809817945,800262.4358602492,582.2373778370843,4.02559523809524,32.223477956518444,True,499.3244199493346,-4800670.978652457
advanced_recovery,today,7536925|4769672|1634606|2830989,4769672|1634606|2830989,3,dhw_only,0.75,6,10029.1627849807,13343.936241358357,68187371.01855147,4445968.930396015,1139542.9838557765,765503.2457716534,0.0,372111.8787167506,938224.89212124,170793.78698221425,-4647287.022130551,1799.5670534680485,425.0,1,4950973.075154745,5537031.138780761,889744.11665021,1085.9984301889654,4.02559523809524,45.31720013789442,True,418.4360561899712,-4821177.626825312
liquid_cooling_speculative,today,7536925|8899918|2830989,8899918|2830989,2,dhw_only,0.5,2,6739.207890015182,8312.468167093326,71153496.43509361,4606042.628124678,757372.4732943432,367717.4608422941,0.0,388200.7012382682,707764.7907066811,338593.0186506061,-4655650.310712339,1244.634960625455,425.0,0,5181141.813746132,5253523.802206896,597873.4914945567,1297.206749080298,5.283593750000002,39.5555599463148,True,645.0503848461883,-4871479.485219795
liquid_cooling_speculative,today,7536925|4040951|2830989,4040951|2830989,2,dhw_only,0.5,6,8914.261229324153,10995.285189480071,71239555.18453829,4617875.90601549,884401.8754160639,486396.8522752601,0.0,396298.2124519944,830647.8685539494,342544.2055898798,-4671629.912877604,1662.1312256666265,425.0,0,5183780.738942673,5462464.766505867,790834.8536282628,1252.73473737084,5.283593750000002,39.46775473906793,True,500.2663301544474,-4887459.08738506
optimised_urban,today,7536925|8899918|2831044,8899918|2831044,2,dhw_only,0.75,2,7005.6437582090375,10136.508869919637,68185619.76649317,4672809.448819419,1286959.2756215408,1106368.3330715764,388813.2285806016,177953.7204878833,1283448.0702127565,174442.51507909867,-4676320.654228204,598.4180118292638,653.0,0,4778035.3692787085,4909017.959562598,232697.3053343938,337.2341630423996,3.237606382978724,31.201768594641504,True,587.6906515671118,-4674185.362385744
liquid_cooling_speculative,today,7536925|8899918|1634606|2830989,8899918|1634606|2830989,3,dhw_only,0.75,6,7433.459761190255,9168.792333563691,71505561.35576646,4628736.529427337,801164.7489738069,405598.5500474135,0.0,394031.2928003677,746987.6479991475,339854.1918257084,-4682913.630401997,1377.8949400361323,425.0,1,5199146.943633776,5342378.157070145,659464.5266681482,1297.206749080298,5.2835937500000005,39.52190435513874,True,592.0481318356177,-4898742.804909453
liquid_cooling_speculative,today,7536925|19906892|8899918|2830989,19906892|8899918|2830989,3,dhw_only,0.75,6,8354.830979247083,10305.256595412731,71442897.59340338,4627972.735051246,853984.3015253788,455872.1564305906,0.0,396470.2780291565,799041.9719407759,341527.9484445535,-4682915.0646358505,1554.7499326485763,425.0,0,5193497.152876392,5424119.676502793,741204.6118669425,1274.0334378112177,5.283593750000002,39.48593928364006,True,531.7980313028298,-4898744.239143306
reference,post_rebuild,7536925|4769672,4769672,1,full,0.75,2,8987.767048790189,13338.54934571355,50825284.91449435,3606178.857616839,2021789.2131611863,1495256.6982328454,498821.0712078555,523002.7770733804,939580.537592174,-559205.8984956318,-4688387.533185851,848.5491279991465,0.0,0,4033756.965550617,4986922.435246214,298534.9020603638,886.8177521003549,3.0637511965462823,71.03070772758015,True,421.66791808814816,-4667599.92417632
reference,today,7536925|4769672,4769672,1,full,0.75,2,8987.767048790189,13338.54934571355,50825284.91449435,3606178.857616839,2021789.2131611863,1495256.6982328454,498821.0712078555,523002.7770733804,939580.537592174,-559205.8984956318,-4688387.533185851,848.5491279991465,0.0,0,4033756.965550617,4986922.435246214,298534.9020603638,886.8177521003549,3.0637511965462823,71.03070772758015,True,421.66791808814816,-4667599.92417632
advanced_recovery,today,7536925|4769672|1633052|2830989,4769672|1633052|2830989,3,dhw_only,0.75,6,10787.593143459217,14353.038054144148,68586742.71253227,4471808.042376934,1204243.005075555,823392.5146522541,0.0,378827.6571252234,984445.5383977644,159030.1904474328,-4691605.509054724,1939.3557629337988,425.0,1,4977152.186517846,5648634.299791164,957028.7907364396,1085.9984301889654,4.025595238095238,44.82523800502379,True,395.318969597252,-4865496.113749485
advanced_recovery,today,7536925|4769672|19906892|2830989,4769672|19906892|2830989,3,dhw_only,0.5,2,10883.31742685246,14480.400503207398,68637148.88204604,4475069.291679841,1212409.03257901,830698.932067916,0.0,379675.28020411567,990279.2160628684,157545.46368797385,-4697199.108195982,1956.999009792903,425.0,0,4980456.348392555,5662720.144974858,965521.0367788752,1085.9984301889656,4.025595238095239,44.76871138739756,True,392.6302661789327,-4871089.712890743
optimised_urban,today,7536925|2830989,2830989,1,full,0.5,6,4749.08954342467,6871.4867530280135,65517842.07652387,4273945.041096162,1079277.137694882,750001.3507837337,263574.4696600692,327957.09696692904,641762.4395200454,-109557.6012079075,-4711459.739270998,439.8272322663511,425.0,0,4767903.199122717,4869204.034825813,157744.29555481445,1085.9984301889656,3.237606382978722,39.631337344549735,True,778.8566988779301,-4709324.447428538
liquid_cooling_speculative,today,7536925|1633052|8899918|2830989,1633052|8899918|2830989,3,dhw_only,0.5,2,8251.573799265741,10177.894146349485,71920438.52913135,4655479.272234758,852770.0481168989,450238.0420574864,0.0,400902.12600268144,793208.294275672,341340.3721614546,-4715041.026075984,1534.929964925583,425.0,1,5226256.441627605,5447085.105766914,732044.0796909293,1297.206749080298,5.28359375,39.4895672668206,True,541.0372087894027,-4930870.20058344
liquid_cooling_speculative,today,7536925|4040951|1634606|2830989,4040951|1634606|2830989,3,dhw_only,0.5,2,9608.513100499218,11851.609355950442,72233243.64876473,4677962.447597289,934610.3865310638,524277.9414803796,0.0,408545.0394496299,869870.7258464159,343805.3787649819,-4742702.108281938,1795.391205077304,425.0,1,5245594.744544992,5595127.997083792,852425.8888018536,1280.7936669879118,5.283593750000001,39.44815098698584,True,473.4197069793093,-4958531.282789394
liquid_cooling_speculative,today,7536925|4040951|19906892|2830989,4040951|19906892|2830989,3,dhw_only,0.75,6,10529.884318556047,12988.073617799477,72170579.88640165,4677198.653221197,987429.939082636,574551.5478635571,0.0,410984.0246784185,921925.0497880442,345479.1353838266,-4742703.542515789,1972.246197689748,425.0,0,5239944.953787607,5676869.516516438,934165.9740006482,1257.6203557188314,5.283593749999996,39.42614907212102,True,435.9949283011987,-4958532.717023245
advanced_recovery,today,7536925|8899918|2830989,8899918|2830989,2,dhw_only,0.5,2,6247.564053428265,8312.468167093326,71025770.17183386,4598598.976369291,865240.1423840414,476862.39256458974,0.0,386923.4386056706,707764.7907066811,229448.0869283104,-4756074.328046652,1102.568574317626,425.0,0,5155204.861366324,5310331.296360865,554256.9683142134,1297.206749080298,4.02559523809524,39.5555599463148,True,657.1315159032505,-4929964.932741413
liquid_cooling_speculative,today,7536925|4040951|1633052|2830989,4040951|1633052|2830989,3,dhw_only,0.75,6,10426.62713857471,12860.71116873623,72443900.58738232,4692803.6106507415,984173.4833266826,568917.4334904525,0.0,413373.6703044706,916091.3721229404,345291.5591007283,-4760885.721854484,1952.426229966754,425.0,1,5258760.460437378,5685891.163679119,925005.4418246353,1271.8628831182614,5.283593749999999,39.42842019779184,True,441.2737864949138,-4976714.89636194
optimised_urban,today,7536925|1634606|2830989,1634606|2830989,2,dhw_only,0.75,2,5340.920727989524,7727.810919498377,65843298.68726236,4295088.259024112,1178387.35344582,843466.4631596708,296421.10040341853,333521.605429685,680985.2968125119,-163880.4512036231,-4792490.315657419,500.73734454420855,425.0,1,4784311.731109971,4969892.693554735,177402.37789731578,1085.9984301889654,3.237606382978723,39.582865147053866,True,708.1017360047763,-4790355.023814959
advanced_recovery,today,7536925|8899918|1634606|2830989,8899918|1634606|2830989,3,dhw_only,0.75,6,6891.16833232356,9168.792333563691,71364677.13704465,4620526.0562229175,920144.6039949958,525987.2472558205,0.0,392622.4506131497,746987.6479991475,219465.49461730136,-4793683.012218766,1221.193324167954,425.0,1,5172420.46481971,5405037.779509337,611354.7672905705,1297.206749080298,4.025595238095238,39.52190435513874,True,604.1292628926798,-4967573.616913527
advanced_recovery,today,7536925|4040951|2830989,4040951|2830989,2,full,0.5,2,8263.941241775421,10995.285189480071,71070605.76271829,4608029.844381755,1027083.4184336814,630767.8895110774,0.0,394608.7182337944,830647.8685539494,198173.16835406248,-4804465.394261487,1474.2134614245715,425.0,0,5155370.243201143,5537606.660172933,733141.2659114457,1252.73473737084,4.025595238095238,39.46775473906793,True,512.3474612115095,-4978355.998956248
optimised_urban,today,7536925|19906892|1634606|2831044,19906892|1634606|2831044,3,dhw_only,0.75,2,7978.845236506571,11544.640050644106,68668127.42086974,4704507.638317036,1449408.455742861,1260061.4602770766,442825.9106261147,186577.2439091688,1347945.7575526815,85114.54571898976,-4805970.336507215,698.5780116029568,653.0,1,4804643.13815119,5070993.202398685,265022.8658914694,334.93084166530934,3.237606382978725,31.99795196946033,True,532.8140431853562,-4803835.044664755
reference,post_rebuild,7536925|4040951|19906892|1633052,4040951|19906892|1633052,3,full,0.75,2,15709.53971167613,23692.08592118058,43360373.42516667,3076525.043927788,3146418.178356803,2699337.2792121763,871879.4539980253,439565.83387522725,1416822.2100547436,-1290030.1344268322,-4806121.012229847,1488.6410937514745,0.0,1,3341180.72282596,5327924.24475465,521803.2325248029,433.3257898747087,2.964952208020297,81.08370999593312,True,262.34195577767326,-4785333.403220316
reference,today,7536925|4040951|19906892|1633052,4040951|19906892|1633052,3,full,0.75,2,15709.53971167613,23692.08592118058,43360373.42516667,3076525.043927788,3146418.178356803,2699337.2792121763,871879.4539980253,439565.83387522725,1416822.2100547436,-1290030.1344268322,-4806121.012229847,1488.6410937514745,0.0,1,3341180.72282596,5327924.24475465,521803.2325248029,433.3257898747087,2.964952208020297,81.08370999593312,True,262.34195577767326,-4785333.403220316
advanced_recovery,today,7536925|19906892|8899918|2830989,19906892|8899918|2830989,3,dhw_only,0.75,6,7745.322974195317,10305.256595412731,71284550.89174914,4618744.580452131,987711.6116303288,591182.933552083,0.0,394886.8110126141,799041.9719407759,206217.17132306108,-4807414.220141685,1378.625280492808,425.0,0,5165722.859915004,5494545.90756092,687131.6874192356,1274.0334378112177,4.025595238095237,39.48593928364006,True,543.8791623598919,-4981304.824836446
optimised_urban,today,7536925|4040951|2831044,4040951|2831044,2,full,0.75,6,8859.818658906348,12819.325892306391,67476243.15261367,4638286.216409262,1580176.0444705084,1399189.444865031,491719.9355693023,178096.87806836783,1406331.1480600245,4251.9816578838645,-4812131.112819746,789.246079578511,653.0,0,4727053.206703324,5106416.120569833,294285.00775008625,261.62238765543907,3.2376063829787243,32.59326449071656,True,484.8595465595411,-4809995.820977286
liquid_cooling_speculative,today,7536925|4769672|8899918|2830989,4769672|8899918|2830989,3,dhw_only,0.75,2,11292.396584345835,13928.5934889533,73462482.67342354,4754878.54651642,1044580.1896887628,616157.1903683315,0.0,426440.113595742,965004.3860154093,346864.3099223886,-4834454.350189772,2118.6085959178577,425.0,0,5327018.896927399,5836267.127508449,1001812.7773186772,1297.206749080298,5.2835937500000005,45.02218887197438,True,416.22837618733314,-5050283.524697228
liquid_cooling_speculative,today,7536925|4040951|8899918|2830989,4040951|8899918|2830989,3,dhw_only,0.5,6,10082.51512453634,12436.266603545382,73561007.6881612,4756827.903204642,975383.5703321124,550141.3401998762,0.0,423399.7981738651,896650.2197405851,344666.4475823378,-4835561.2537961695,1886.37475526478,425.0,0,5335546.601409829,5730038.5601698775,894477.3063737076,1328.3465127578006,5.283593749999999,39.436326757524085,True,460.7788835875187,-5051390.428303625
advanced_recovery,today,7536925|1633052|8899918|2830989,1633052|8899918|2830989,3,dhw_only,0.5,6,7649.598690802071,10177.894146349485,71764048.83102545,4646365.168203836,984844.6252147744,583876.5161364209,0.0,399338.22902162257,793208.294275672,207701.8980825201,-4838001.499142938,1360.9820336337043,425.0,1,5198599.576182811,5516640.940519738,678639.4413767997,1297.206749080298,4.025595238095239,39.4895672668206,True,553.1183398464649,-5011892.1038377
liquid_cooling_speculative,today,7536925|4040951|4769672|2830989,4040951|4769672|2830989,3,dhw_only,0.5,6,13467.449923654804,16611.410511340047,73548541.42286824,4766711.824407233,1171609.5918104835,734836.5818012976,0.0,434537.6248094683,1087887.4638626776,350815.49686166213,-4850433.952355038,2536.104860959029,425.0,0,5329657.822123939,6045208.091807421,1194774.139452383,1252.73473737084,5.28359375,43.96714395454697,True,357.3499087850266,-5066263.126862494
optimised_urban,today,7536925|1633052|2831044,1633052|2831044,2,full,0.75,2,7298.990062838534,10560.953435110492,70514599.25084832,4809616.745666072,1357760.7618631567,1152695.133757858,405093.9484875386,202388.4584698292,1302889.2225951117,147516.91920178392,-4864488.284934117,628.608641889447,653.0,1,4936650.812037967,5106929.290772423,242441.0058383053,432.0285859131241,3.237606382978725,31.459697847641262,True,583.725738000024,-4862352.993091658
advanced_recovery,today,7536925|4040951|1634606|2830989,4040951|1634606|2830989,3,dhw_only,0.5,2,8907.54552067072,11851.60935595044,72051136.27148268,4667349.5645145215,1088404.1154801713,679892.7442023074,0.0,406723.96567680937,869870.7258464159,188190.5760430541,-4885882.954148278,1592.838211274899,425.0,1,5216394.722369204,5676122.019036081,790239.064887803,1280.7936669879118,4.025595238095239,39.44815098698584,True,485.5008380363715,-5059773.558843039
optimised_urban,today,7536925|1633052|2830989,1633052|2830989,2,dhw_only,0.75,2,6038.34110288002,8736.91273228417,66226820.335650526,4320003.659493494,1295179.9213726346,953606.7792032335,335127.9312098411,340078.8833822316,727205.9430890363,-227895.09490136665,-4887977.637777092,572.5144905401221,425.0,1,4809539.780583884,5088545.316041295,200567.67826420296,1085.9984301889654,3.2376063829787225,39.538046505311456,True,642.5255114813675,-4885842.345934632
advanced_recovery,today,7536925|4040951|19906892|2830989,4040951|19906892|2830989,3,dhw_only,0.75,2,9761.700162542473,12988.073617799477,71971010.02618718,4665568.088743735,1155971.1231155042,745088.4304985701,0.0,408988.32607627375,921925.0497880442,174942.2527488136,-4899614.162071195,1750.2701675997537,425.0,0,5209697.1174645,5765630.147087663,866015.9850164677,1257.6203557188314,4.025595238095236,39.42614907212102,True,448.0760593582608,-5073504.766765957
optimised_urban,today,7536925|19906892|2830989,19906892|2830989,2,dhw_only,0.5,6,6126.365091983207,8864.275181347424,66275226.01264822,4323148.323771137,1309920.740678548,967507.9933465148,340013.262605068,340906.501535963,733039.6207541402,-235974.61838844483,-4900029.443695545,581.5737479757743,425.0,0,4812723.905441629,5103520.899670411,203491.45597486588,1085.9984301889654,3.237606382978723,39.53312121038753,True,635.31001728193,-4897894.1518530855
reference,post_rebuild,7536925|4040951|1633052|8899918,4040951|1633052|8899918,3,full,0.75,2,14789.37817353162,22294.20414150144,45789789.87119137,3248898.110576401,3010029.9160291296,2538921.970006989,820810.4886310049,464043.36673388246,1352475.0625765154,-1193511.486718732,-4906452.964029015,1399.4160505493892,0.0,1,3547255.3755220566,5397692.394312564,491239.4302835488,523.180092661099,2.9676410475178367,80.16166064441,True,280.4255046574733,-4885665.355019485
reference,today,7536925|4040951|1633052|8899918,4040951|1633052|8899918,3,full,0.75,2,14789.37817353162,22294.20414150144,45789789.87119137,3248898.110576401,3010029.9160291296,2538921.970006989,820810.4886310049,464043.36673388246,1352475.0625765154,-1193511.486718732,-4906452.964029015,1399.4160505493892,0.0,1,3547255.3755220566,5397692.394312564,491239.4302835488,523.180092661099,2.9676410475178367,80.16166064441,True,280.4255046574733,-4885665.355019485
advanced_recovery,today,7536925|4040951|1633052|2830989,4040951|1633052|2830989,3,dhw_only,0.5,6,9665.975879149231,12860.71116873623,72246287.73071617,4681287.096741471,1151061.9343524768,737782.0130829082,0.0,411397.5417378092,916091.3721229404,176426.97950827252,-4916257.658971008,1732.6269207406492,425.0,1,5228630.051630864,5773781.39794504,857523.7389740323,1271.8628831182614,4.025595238095237,39.42842019779184,True,453.3549175519759,-5090148.263665769
optimised_urban,today,7536925|19906892|8899918|2831044,19906892|8899918|2831044,3,dhw_only,0.5,2,8382.919306767575,12129.297298239053,69904858.57207859,4778067.864595182,1527221.4272998185,1323874.975634358,465252.0215256004,200521.67375152808,1374725.251446851,48025.497898560905,-4930564.04044815,740.1645275386877,653.0,0,4888529.75739302,5209008.506202595,278444.46575444523,379.2971739078862,3.2376063829787243,32.283796230152355,True,519.6067306303119,-4928428.74860569
optimised_urban,today,7536925|1633052|1634606|2830989,1633052|1634606|2830989,3,dhw_only,0.75,2,6630.172287444876,9593.236898754538,66552276.94638902,4341146.877421443,1394290.1371235726,1047071.8915791712,367974.5619531906,345643.3918449875,766428.8003815027,-282217.9448970826,-4969008.214163513,633.4246028179793,425.0,2,4825948.312571139,5189233.974770217,220225.7606067044,1085.9984301889654,3.2376063829787225,39.50746737099881,True,597.698380782196,-4966872.922321053
optimised_urban,today,7536925|1633052|1634606|2831044,1633052|1634606|2831044,3,dhw_only,0.75,2,7890.821247403384,11417.277601580858,71221949.61485028,4853016.0292950105,1460689.91514673,1246160.246133796,437940.5792308878,211771.90446521973,1342112.0798875778,93194.06920606768,-4971593.864554163,689.5187541673049,653.0,2,4979134.347258846,5233692.95273497,262099.0881808066,448.729235463282,3.237606382978723,31.932519815989973,True,552.7542028951106,-4969458.572711703
advanced_recovery,today,7536925|4040951|8899918|2830989,4040951|8899918|2830989,3,dhw_only,0.75,6,9346.967787346022,12436.266603545382,73369916.68724029,4745691.471055595,1136764.169179155,713432.8490561278,0.0,421488.8881646561,896650.2197405851,181374.9387260862,-4985805.420494164,1673.8295256155898,425.0,0,5305807.528288113,5815028.135850275,829222.7153561111,1328.3465127578006,4.025595238095237,39.436326757524085,True,472.86001464458064,-5159696.025188926
optimised_urban,today,7536925|8899918|1634606|2831044,8899918|1634606|2831044,3,dhw_only,0.75,6,7597.474942773891,10992.833036390004,71912890.41002706,4892204.133207498,1420087.6317004336,1199833.4454475143,421659.85932395095,217536.3692785932,1322670.9275052226,120119.66508338218,-4989620.837402709,659.3281241071218,653.0,1,5026713.508054047,5241976.225079604,252355.38767689516,485.9993719808433,3.2376063829787225,31.705608857906476,True,573.9715983174472,-4987485.545560249
advanced_recovery,today,7536925|4769672|8899918|2830989,4769672|8899918|2830989,3,dhw_only,0.75,6,10468.585051656011,13928.5934889533,73248461.13817714,4742405.764992328,1225326.134593441,799043.3506254739,0.0,424299.898243278,965004.3860154093,163978.14966524616,-5002727.51357036,1880.5583678087391,425.0,0,5295903.906167575,5931455.280688878,928727.7671185188,1297.206749080298,4.025595238095238,45.02218887197438,True,428.3095072443953,-5176618.118265121
reference,post_rebuild,7536925|4769672|1634606,4769672|1634606,2,full,0.75,2,10415.723819573175,15507.858395592051,52942084.7051364,3756371.004373386,2292312.9489093875,1744197.9084671936,578072.6719863112,543886.2139161179,1039437.9442681712,-708988.7907250985,-5009246.009014603,987.0134076741474,0.0,1,4185518.1612310046,5355211.483362609,345965.4743480061,886.8177521003549,3.0432050911962127,73.97668363866276,True,389.76723752357526,-4988458.400005072
reference,today,7536925|4769672|1634606,4769672|1634606,2,full,0.75,2,10415.723819573175,15507.858395592051,52942084.7051364,3756371.004373386,2292312.9489093875,1744197.9084671936,578072.6719863112,543886.2139161179,1039437.9442681712,-708988.7907250985,-5009246.009014603,987.0134076741474,0.0,1,4185518.1612310046,5355211.483362609,345965.4743480061,886.8177521003549,3.0432050911962127,73.97668363866276,True,389.76723752357526,-4988458.400005072
optimised_urban,today,7536925|19906892|1634606|2830989,19906892|1634606|2830989,3,dhw_only,0.75,2,6718.196276548065,9720.59934781779,67110927.09437665,4374027.6512135165,1414133.4011393858,1060973.1057224525,372859.8933484176,351573.4547086184,772262.4780466066,-290297.4683841609,-5015898.574306296,642.483860253632,425.0,1,4863970.991653213,5239048.112623664,223149.5383173673,1108.312003066472,3.237606382978723,39.50338311999016,True,595.2898586385658,-5013763.2824638365
optimised_urban,today,7536925|19906892|1633052|2831044,19906892|1633052|2831044,3,dhw_only,0.75,6,8676.265611397068,12553.741863429896,71123972.83144608,4850194.256987425,1586924.2612915563,1370201.776320639,481532.74143253727,213857.75948359707,1394166.4038292062,21099.902021246893,-5042952.114449775,770.3551575988704,653.0,1,4971365.643447991,5331140.280708131,288188.1662583566,425.5559241942016,3.2376063829787234,32.47749042268977,True,512.5367291114359,-5040816.822607315
advanced_recovery,today,7536925|4040951|4769672|2830989,4040951|4769672|2830989,3,dhw_only,0.5,6,12484.962240003171,16611.410511340047,73293296.72906157,4751836.633004794,1387169.4106430802,952948.8475719608,0.0,431985.1778714018,1087887.4638626776,132703.23109099886,-5051118.579785196,2252.2032549156847,425.0,0,5296069.288002397,6158730.644500948,1107612.0647157514,1252.73473737084,4.025595238095239,43.96714395454697,True,369.4310398420887,-5225009.184479957
optimised_urban,today,7536925|4040951|19906892|2831044,4040951|19906892|2831044,3,dhw_only,0.75,2,10237.094207464888,14812.114320625798,69195481.9581991,4743544.632185025,1820438.1961487853,1616696.0874278124,568158.7285143014,200664.83133201257,1497608.3292941193,-122165.0355226537,-5066374.499039692,930.992595287934,653.0,0,4837547.594817637,5406406.667209829,340032.1681701377,303.6853985209257,3.237606382978723,33.349279936252366,True,442.9418656193344,-5064239.207197232
optimised_urban,today,7536925|4040951|8899918|2831044,4040951|8899918|2831044,3,dhw_only,0.5,2,9855.723913732209,14260.307306371693,69752920.46294364,4774628.797667448,1764244.1272622305,1556468.0725982497,546992.6772121376,204750.71185730936,1472333.4992466602,-87159.91615826073,-5066539.425683018,891.7427077920988,653.0,0,4876132.390468325,5393904.115638581,327364.6899555635,337.23416304239964,3.2376063829787225,33.15783174896099,True,458.3244555468104,-5064404.133840558
optimised_urban,today,7536925|19906892|1633052|2830989,19906892|1633052|2830989,3,dhw_only,0.5,6,7415.616651438563,10729.70116060358,66984204.27177487,4369206.942168469,1525823.5243563005,1171113.4217660148,411566.7241548403,353028.28795126546,818483.124323131,-354312.112081904,-5076547.342201637,714.2610062495451,425.0,1,4854360.486902798,5322862.180885891,246314.83868425465,1085.9984301889654,3.237606382978724,39.47447494169418,True,549.2556189285544,-5074412.050359177
optimised_urban,today,7536925|4040951|1634606|2831044,4040951|1634606|2831044,3,dhw_only,0.5,2,9451.649843471198,13675.65005877676,71203513.79614756,4857680.900797341,1713304.4005494004,1492654.5572409683,524566.5663126515,217679.5268590777,1445554.005352491,-50070.86833783174,-5125431.29599425,850.156191856368,653.0,1,4975731.345478662,5439374.386086837,313943.0900925874,410.3875965938828,3.2376063829787243,32.940820420330645,True,480.270770067136,-5123296.00415179
liquid_cooling_speculative,today,7536925|4769672|2831044,4769672|2831044,2,full,0.5,2,11602.95611122394,14311.652777714298,84713740.31088942,5646648.353897871,990630.119651192,633102.5291273855,0.0,354497.41522037867,1474685.314334849,838552.6099040355,-5162593.1592142135,2104.570368167438,653.0,0,5898901.255211521,6191957.439867075,1029364.2806528608,971.1871770647224,5.2835937500000005,36.94918903225518,True,463.555705360341,-5378422.333721669
optimised_urban,today,7536925|8899918|2830989,8899918|2830989,2,dhw_only,0.75,6,5744.9947982505255,8312.468167093326,70895205.54716833,4590989.9101304505,1294352.0820897482,907279.978516952,318847.2113029042,385617.7923590153,707764.7907066811,-200969.49902405188,-5177577.201513518,542.3238604799392,425.0,0,5128691.532266963,5368401.179273809,190823.97776029157,1297.206749080298,3.2376063829787247,39.5555599463148,True,707.8388226855459,-5175441.909671058
reference,post_rebuild,7536925|4040951|1633052|rebuild:2831044,4040951|1633052|rebuild:2831044,3,full,0.75,2,26147.939066729028,37347.882181796296,59212620.3627403,4201280.917862824,4661353.606362021,4024645.5421945136,1451210.6182034612,604960.8504360266,3636346.559299422,-420046.1966265725,-5226287.964925423,595.8074227049165,1334.7774000000002,1,4605321.805297799,6094809.855400662,868521.8904752387,506.6256024501238,3.330772831882155,86.94690728420798,True,236.44947971903,-5205500.355915893
optimised_urban,today,7536925|1633052|8899918|2831044,1633052|8899918|2831044,3,dhw_only,0.5,2,8294.895317664386,12001.9348491758,74497086.53832987,5045370.795691328,1558886.9444263943,1309973.761491077,460366.6901303735,246100.39203028643,1368891.573781747,56105.02138563893,-5235366.166335976,731.1052701030349,653.0,1,5202199.5643415535,5510886.854379758,275520.68804378225,582.2373778370843,3.2376063829787234,32.223477956518444,True,550.0317267316301,-5233230.874493516
optimised_urban,today,7536925|4769672|2830989,4769672|2830989,2,full,0.5,2,8630.561341191664,12487.612074887991,67652320.0981697,4412610.941511191,1729282.6077356616,1362983.9161229725,478996.15443613735,364451.42715756176,899002.0348287736,-465829.1457493263,-5242891.514418078,839.3007462873377,425.0,0,4903309.138024399,5529561.581714206,286670.0672961291,1085.9984301889654,3.2376063829787256,45.80755882198208,True,491.6909852716415,-5240756.222575618
optimised_urban,today,7536925|8899918|1634606|2830989,8899918|1634606|2830989,3,dhw_only,0.5,6,6336.825982815379,9168.792333563691,71220662.15790682,4612133.128058399,1393462.2978406865,1000745.0908928897,351693.8420462535,391182.30082177126,746987.6479991475,-255292.34901976772,-5258607.777899938,603.2339727577969,425.0,1,5145100.064254217,5469089.83800273,210482.0601027928,1297.206749080298,3.2376063829787243,39.52190435513874,True,654.8365696749752,-5256472.486057478
liquid_cooling_speculative,today,7536925|4769672|19906892|2831044,4769672|19906892|2831044,3,dhw_only,0.5,2,13218.579200455835,16304.441206033718,86494900.44745035,5755515.43097984,1102159.5376647394,721257.2247156824,0.0,377684.5817937784,1565962.4955689434,841487.5396979824,-5291712.473075638,2414.68534019056,653.0,0,6013111.154279693,6464407.874100884,1172695.401025246,1013.250187930209,5.283593750000002,37.21012497350887,True,420.4043027830172,-5507541.6475830935
optimised_urban,today,7536925|4769672|1634606|2830989,4769672|1634606|2830989,3,dhw_only,0.75,2,9222.392525756512,13343.936241358357,67977776.70890819,4433754.15943914,1828392.8234866,1456449.0284989097,511842.7851794865,370015.93562031776,938224.89212124,-520151.9957450421,-5323922.0908045005,900.2108585651952,425.0,1,4919717.670011653,5630250.240443131,306328.14963863033,1085.9984301889654,3.237606382978725,45.31720013789442,True,469.1433629722667,-5321786.798962041
optimised_urban,today,7536925|19906892|8899918|2830989,19906892|8899918|2830989,3,dhw_only,0.75,6,7122.270346809069,10305.256595412731,71122685.3745026,4609311.355750812,1519696.643985514,1124786.6210797338,395286.00424790336,393268.15584014857,799041.9719407759,-327386.51620458975,-5329966.0277955495,684.0703761893624,425.0,0,5137331.360443362,5566537.165975893,236571.1381803432,1274.0334378112177,3.237606382978723,39.48593928364006,True,594.5864691421872,-5327830.73595309
advanced_recovery,today,7536925|4769672|2831044,4769672|2831044,2,dhw_only,0.5,6,10756.488402945706,14311.652777714298,84493832.83050893,5633832.55031464,1176346.876085156,821018.3603651546,0.0,352298.3404165738,1474685.314334849,650636.7786662664,-5335494.112064946,1859.9733662479416,653.0,0,5885705.985676493,6289763.42422225,954269.3121573032,971.1871770647224,4.025595238095236,36.94918903225518,True,475.6368364174031,-5509384.716759708
liquid_cooling_speculative,today,7536925|4769672|1634606|2831044,4769672|1634606|2831044,3,dhw_only,0.5,6,12297.207982399012,15167.976944184666,87413238.75226745,5806146.364246739,1057896.7305377077,670983.618332505,0.0,383802.3419895299,1513908.1716273152,839813.7830791377,-5350134.923157131,2237.830347578115,653.0,1,6077184.829352425,6441090.238983584,1090955.315826452,1073.8431232187943,5.283593749999999,37.069261094705126,True,452.3300865906989,-5565964.097664587
optimised_urban,today,7536925|1633052|8899918|2830989,1633052|8899918|2830989,3,dhw_only,0.5,2,7034.2463577058825,10177.894146349485,71604183.80629498,4637048.528527781,1510254.8657675015,1110885.4069364527,390400.6728526765,397739.57877431787,793208.294275672,-319306.99271751166,-5354095.1000196105,675.0111187537104,425.0,1,5170328.113728131,5587742.460489291,233647.3604696804,1297.206749080298,3.2376063829787234,39.4895672668206,True,603.8256466287603,-5351959.808177151
liquid_cooling_speculative,today,7536925|4769672|1633052|2831044,4769672|1633052|2831044,3,full,0.5,2,13115.3220204745,16177.078756970468,87446222.17236885,5810633.041353171,1105683.0921481648,715623.1103425779,0.0,386854.23765920906,1560128.8179038395,841299.9634148838,-5356187.315597497,2394.865372467565,653.0,1,6078219.3241126295,6519722.184446731,1163534.8688492335,1057.1424736686365,5.283593750000002,37.19527291533281,True,427.3398487583056,-5572016.490104953
optimised_urban,today,7536925|4040951|2830989,4040951|2830989,2,dhw_only,0.5,6,7599.169698947843,10995.285189480071,70897901.90930226,4597964.981378382,1594689.5806988503,1200101.0903104066,421753.9182916053,392881.6796996343,830647.8685539494,-371160.0324452667,-5362006.693523283,733.1519282291856,425.0,0,5126328.403109803,5614418.373699267,252411.68017598416,1252.73473737084,3.237606382978724,39.46775473906793,True,563.0547679938051,-5359871.401680823
optimised_urban,today,7536925|4040951|1633052|2831044,4040951|1633052|2831044,3,dhw_only,0.75,2,10149.0702183617,14684.751871562545,73787709.9244504,5010847.56328117,1852103.7132753625,1602794.8732845315,563273.3971190745,246243.5496107709,1491774.651629015,-114085.51203557606,-5371176.624927517,921.9333378522816,653.0,1,5151217.401766169,5708285.015386992,337108.3904594749,506.6256024501238,3.2376063829787216,33.30617704742715,True,467.1434727787839,-5369041.333085057
reference,today,7536925|4769672|1633052,4769672|1633052,2,full,0.75,2,12098.443778203144,18064.19603084525,55436544.85198242,3933359.081427109,2611101.093439164,2037552.9676383089,671463.6296902746,568495.485498474,1157111.0101962066,-885494.597744483,-5387349.164670067,1150.1812372147365,0.0,1,4370247.277761226,5789207.3468861785,401858.1822161118,886.8177521003549,3.025551440376665,76.7463504707006,True,362.0093317963126,-5366561.5556605365
reference,post_rebuild,7536925|4769672|1633052,4769672|1633052,2,full,0.75,2,12098.443778203144,18064.19603084525,55436544.85198242,3933359.081427109,2611101.093439164,2037552.9676383089,671463.6296902746,568495.485498474,1157111.0101962066,-885494.597744483,-5387349.164670067,1150.1812372147365,0.0,1,4370247.277761226,5789207.3468861785,401858.1822161118,886.8177521003549,3.025551440376665,76.7463504707006,True,362.0093317963126,-5366561.5556605365
liquid_cooling_speculative,today,7536925|4040951|4769672|2831044,4040951|4769672|2831044,3,full,0.5,2,14946.2633457451,18435.451214166354,88114988.56509513,5855346.794086815,1218578.5867003424,815526.4084849674,0.0,399633.8821673569,1663570.7433687523,844626.038835767,-5410354.637418405,2746.310162806762,653.0,0,6121156.57799558,6736322.732950417,1325968.0955320117,1045.784193601722,5.2835937500000005,37.42955902342918,True,383.527747848447,-5626183.811925861
optimised_urban,today,7536925|4769672|1633052|2830989,4769672|1633052|2830989,3,dhw_only,0.75,2,9919.812900647015,14353.038054144148,68361298.35729635,4458669.559908522,1945185.3914134144,1566589.3445424724,550549.6159859095,376573.2135728644,984445.5383977644,-584166.6394427855,-5419409.412924172,971.9880045611084,425.0,1,4944945.719485566,5748902.862929691,329493.4500055178,1085.9984301889654,3.2376063829787247,44.82523800502379,True,446.0262763795474,-5417274.121081713
optimised_urban,today,7536925|4769672|19906892|2830989,4769672|19906892|2830989,3,dhw_only,0.5,2,10007.836889750197,14480.400503207398,68409704.03429405,4461814.224186165,1959926.2107193277,1580490.5586857533,555434.9473811359,377400.83172659576,990279.2160628684,-592246.1629298634,-5431461.218842625,981.0472619967608,425.0,0,4948129.84434331,5763878.446558805,332417.2277161804,1085.9984301889656,3.2376063829787247,44.76871138739756,True,443.33757296122815,-5429325.927000165
reference,post_rebuild,7536925|4769672|19906892,4769672|19906892,2,full,0.75,2,12310.82604954906,18386.84080041472,55751379.83628982,3955697.397207483,2651336.516966502,2074578.387975215,683250.8457499729,571601.5121240121,1171962.9603914018,-907772.0444510888,-5435070.9537825845,1170.775248755805,0.0,0,4393562.6185885575,5843983.560109982,408912.6063273982,886.817752100355,3.0236843127225,77.05344768279261,True,359.0544655805038,-5414283.344773054
reference,today,7536925|4769672|19906892,4769672|19906892,2,full,0.75,2,12310.82604954906,18386.84080041472,55751379.83628982,3955697.397207483,2651336.516966502,2074578.387975215,683250.8457499729,571601.5121240121,1171962.9603914018,-907772.0444510888,-5435070.9537825845,1170.775248755805,0.0,0,4393562.6185885575,5843983.560109982,408912.6063273982,886.817752100355,3.0236843127225,77.05344768279261,True,359.0544655805038,-5414283.344773054
liquid_cooling_speculative,today,7536925|4769672|8899918|2831044,4769672|8899918|2831044,3,dhw_only,0.5,6,12771.210006436138,15752.634191779603,88741002.79166389,5885011.819854092,1098669.9143387564,696847.0170520019,0.0,398657.1007137651,1540687.6655214843,840674.8518964931,-5442994.068671364,2328.813897765592,653.0,0,6167136.686217263,6576000.802069671,1133006.7333983064,1121.3959689886826,5.283593749999997,37.14413440630161,True,443.1332469627581,-5658823.24317882
optimised_urban,today,7536925|4040951|1634606|2830989,4040951|1634606|2830989,3,dhw_only,0.5,6,8191.000883512694,11851.609355950442,71864982.06359437,4656500.839585471,1700216.0318853245,1293566.2026863438,454600.5490349545,404862.42359792616,869870.7258464159,-425482.8824409822,-5486846.145624381,794.0620405070435,425.0,1,5186545.810811732,5758915.908142866,272069.7625184854,1280.7936669879118,3.237606382978725,39.44815098698584,True,536.2081448186668,-5484710.853781921
advanced_recovery,today,7536925|4769672|19906892|2831044,4769672|19906892|2831044,3,dhw_only,0.5,6,12254.247323712754,16304.441206033718,86244372.52867538,5740915.12455288,1313735.935113955,935338.9013526478,0.0,375179.3026060287,1565962.4955689434,627405.8630610169,-5488688.5640978925,2136.030072423124,653.0,0,5998078.5441630855,6575832.595360218,1087144.031262325,1013.250187930209,4.025595238095239,37.21012497350887,True,432.4854338400792,-5662579.168792654
advanced_recovery,today,7536925|4769672|1634606|2831044,4769672|1634606|2831044,3,dhw_only,0.5,2,11400.092681840995,15167.976944184666,87180173.3164249,5792563.739214476,1254725.6729031615,870143.2150563847,0.0,381471.6876311046,1513908.1716273152,640654.186355258,-5533381.240490323,1978.5981160982687,653.0,1,6063200.0333831385,6544748.351623982,1011367.1111336596,1073.8431232187943,4.025595238095238,37.069261094705126,True,464.41121764776096,-5707271.845185084
advanced_recovery,today,7536925|4769672|1633052|2831044,4769672|1633052|2831044,3,full,0.75,2,12158.523040319516,16177.078756970468,87197651.25714223,5796146.785494404,1315606.7565903063,928032.4839369858,0.0,384368.5285069427,1560128.8179038395,628890.5898204759,-5551624.724180872,2118.3868255640195,653.0,1,6063304.141512615,6630276.509400761,1078651.7852198896,1057.1424736686365,4.025595238095238,37.19527291533281,True,439.4209798153677,-5725515.328875633
optimised_urban,today,7536925|4040951|19906892|2830989,4040951|19906892|2830989,3,dhw_only,0.5,6,8976.445247506377,12988.073617799477,71767005.28019015,4653679.067277884,1826450.3780301516,1417607.7328731874,498192.7112366039,406948.27861630346,921925.0497880442,-497577.04962580366,-5558204.395519991,874.898443938609,425.0,0,5178777.107000878,5856363.236116027,298158.8405960356,1257.6203557188314,3.2376063829787225,39.42614907212102,True,498.7833661405562,-5556069.103677532
optimised_urban,today,7536925|4040951|1633052|2830989,4040951|1633052|2830989,3,full,0.5,6,8888.421258403188,12860.711168736229,72044283.47723523,4669514.660300884,1814966.3974646651,1403706.5187299063,493307.37984137697,409377.4992029997,916091.3721229404,-489497.5261387256,-5568389.685642609,865.8391865029562,425.0,1,5197830.078184204,5863624.748527982,295235.0628853726,1271.8628831182614,3.2376063829787216,39.42842019779182,True,504.0622243342714,-5566254.39380015
optimised_urban,today,7536925|4040951|8899918|2830989,4040951|8899918|2830989,3,dhw_only,0.5,6,8595.074953773694,12436.266603545382,73174579.21963227,4734307.562636569,1778757.6634905715,1357379.718043625,477026.65993444,419535.5134885758,896650.2197405851,-462571.93026141066,-5616415.006386555,835.6485564427737,425.0,0,5275407.586874804,5901906.368768016,285491.36238146113,1328.3465127578006,3.2376063829787243,39.436326757524085,True,523.5673214268761,-5614279.714544095
advanced_recovery,today,7536925|4040951|4769672|2831044,4040951|4769672|2831044,3,dhw_only,0.75,6,13855.892136863458,18435.451214166354,87831716.3470535,5838838.210109925,1457808.272891651,1057588.8168566923,0.0,396801.1599869405,1663570.7433687523,602563.6304640421,-5633075.739632824,2431.234317545905,653.0,0,6104159.187718644,6862310.798832024,1229235.0591992002,1045.784193601722,4.025595238095237,37.42955902342918,True,395.6088789055091,-5806966.344327585
advanced_recovery,today,7536925|4769672|8899918|2831044,4769672|8899918|2831044,3,dhw_only,0.5,2,11839.514948516302,15752.634191779603,88498953.7321825,5870905.645755548,1303085.7266021457,903683.3199102049,0.0,396236.6101189512,1540687.6655214843,633838.5490382902,-5633303.706836211,2059.58943043896,653.0,0,6152612.839302046,6683654.468438178,1050350.761601968,1121.3959689886826,4.025595238095237,37.14413440630161,True,455.2143780198201,-5807194.311530972
reference,today,7536925|4769672|1633052|1634606,4769672|1633052|1634606,3,full,0.75,2,13526.400548986136,20233.50508072376,57553344.64262447,4083551.228183657,2881624.829187365,2286494.177872657,750715.2304687306,589378.9223412113,1256968.416872204,-1035277.4899739496,-5708207.640498818,1288.6455168897382,0.0,2,4522008.473441614,6157496.395002572,449288.7545037543,886.8177521003549,3.0141795886924774,78.66184410828073,True,343.9554491736429,-5687420.031489288
reference,post_rebuild,7536925|4769672|1633052|1634606,4769672|1633052|1634606,3,full,0.75,2,13526.400548986136,20233.50508072376,57553344.64262447,4083551.228183657,2881624.829187365,2286494.177872657,750715.2304687306,589378.9223412113,1256968.416872204,-1035277.4899739496,-5708207.640498818,1288.6455168897382,0.0,2,4522008.473441614,6157496.395002572,449288.7545037543,886.8177521003549,3.0141795886924774,78.66184410828073,True,343.9554491736429,-5687420.031489288
optimised_urban,today,7536925|4769672|8899918|2830989,4769672|8899918|2830989,3,dhw_only,0.5,2,9626.466596017515,13928.5934889533,73029683.56881416,4729655.810545478,1944357.5521305285,1520262.5438561914,534268.8960789721,422112.1225496481,965004.3860154093,-557241.0435654714,-5709008.976660597,941.7973745009258,425.0,0,5264097.471168644,6028758.726162204,319749.7495016062,1297.206749080298,3.237606382978723,45.02218887197438,True,479.0168140266907,-5706873.684818137
reference,today,7536925|4769672|19906892|1634606,4769672|19906892|1634606,3,full,0.75,2,13738.782820332048,20556.149850293223,58810212.2615886,4172729.074248994,2931280.579061272,2323519.598209564,762502.4465284287,601905.2753133168,1271820.3670673992,-1057554.9366805558,-5832189.286242866,1309.2395284308063,0.0,1,4621583.670900475,6288532.464857906,456343.1786150404,909.1313249778616,3.012699624087829,78.91929014778688,True,345.3056141089876,-5811401.677233336
reference,post_rebuild,7536925|4769672|19906892|1634606,4769672|19906892|1634606,3,full,0.75,2,13738.782820332048,20556.149850293223,58810212.2615886,4172729.074248994,2931280.579061272,2323519.598209564,762502.4465284287,601905.2753133168,1271820.3670673992,-1057554.9366805558,-5832189.286242866,1309.2395284308063,0.0,1,4621583.670900475,6288532.464857906,456343.1786150404,909.1313249778616,3.012699624087829,78.91929014778688,True,345.3056141089876,-5811401.677233336
reference,post_rebuild,7536925|4769672|rebuild:2831044,4769672|rebuild:2831044,2,full,0.75,2,22749.225404601955,32042.63706103044,72070962.78413126,5113611.909455438,4170945.3050743984,3399886.650957552,1262582.0099554083,741669.8887874894,3391487.30963608,-37788.10665082869,-5893069.904893756,277.9415777092472,1334.7774000000002,0,5695535.699475993,6648701.169171589,755631.2642778337,971.1871770647224,3.444294550915752,85.22437512232051,True,288.8391623814388,-5872282.2958842255
optimised_urban,today,7536925|4040951|4769672|2830989,4040951|4769672|2830989,3,full,0.75,2,11480.641496714828,16611.410511340047,73032379.93094811,4736630.8817934105,2244695.050739629,1813083.6556496448,637175.6030676729,429376.00989026704,1087887.4638626776,-727431.5769866849,-5893438.468670363,1132.6254422501715,425.0,0,5261734.342011484,6274775.920587661,381337.4519172985,1252.73473737084,3.2376063829787247,43.96714395454697,True,420.138346624384,-5891303.176827903
reference,post_rebuild,7536925|4769672|8899918,4769672|8899918,2,full,0.75,2,11390.66451140455,16988.959020735576,63304110.42591167,4491582.191860213,2566181.3960748003,1914163.0787700275,632181.8803829525,647312.1864186388,1107615.812913173,-811253.3967429885,-5950147.77502184,1081.5502055537208,0.0,0,5014382.140724742,6328496.579107984,378348.8040861439,1098.0260709916874,3.0323050796203064,75.6587660578067,True,415.1553634593146,-5929360.1660123095
reference,today,7536925|4769672|8899918,4769672|8899918,2,full,0.75,2,11390.66451140455,16988.959020735576,63304110.42591167,4491582.191860213,2566181.3960748003,1914163.0787700275,632181.8803829525,647312.1864186388,1107615.812913173,-811253.3967429885,-5950147.77502184,1081.5502055537208,0.0,0,5014382.140724742,6328496.579107984,378348.8040861439,1098.0260709916874,3.0323050796203064,75.6587660578067,True,415.1553634593146,-5929360.1660123095
reference,post_rebuild,7536925|rebuild:4473909,rebuild:4473909,1,full,0.75,2,18856.135087884813,25839.101197213568,82684724.15734135,5866684.36007234,3531398.1811555456,2656586.8481256566,1046515.4973776072,842888.5682959016,3418192.286799542,729682.6739398979,-5979890.254428342,-484.3927244433276,1596.2225999999998,0,6606170.60063759,6606209.829817916,626319.5753895746,1331.2394041652296,3.695974077073932,82.3907541253581,True,362.480091896692,-5959102.645418812
optimised_urban,today,7536925|4769672|2831044,4769672|2831044,2,full,0.75,6,9891.210301150168,14311.652777714298,84269038.51723109,5620731.9510962255,1915152.8432648203,1562072.270677597,548962.1717138343,350050.3972837954,1474685.314334849,-90417.13164617616,-6061199.480026197,895.3948976366628,653.0,0,5872217.487929574,6389742.874896428,328543.3948702312,971.1871770647224,3.2376063829787225,36.94918903225518,True,526.3441431996986,-6059064.188183737
reference,post_rebuild,7536925|4769672|19906892|1633052,4769672|19906892|1633052,3,full,0.75,2,15421.502778962018,23112.48748554641,60362639.773777895,4282877.621017754,3240648.3972444804,2616874.6573806787,855893.404232392,617094.2205491057,1389493.4329954344,-1234060.7436999406,-6134032.585266801,1472.4073579713954,0.0,1,4730052.930799165,6646268.471749947,512235.88648314646,886.8177521003549,3.0024744841288427,80.7524304797115,True,325.22879692842497,-6113244.97625727
reference,today,7536925|4769672|19906892|1633052,4769672|19906892|1633052,3,full,0.75,2,15421.502778962018,23112.48748554641,60362639.773777895,4282877.621017754,3240648.3972444804,2616874.6573806787,855893.404232392,617094.2205491057,1389493.4329954344,-1234060.7436999406,-6134032.585266801,1472.4073579713954,0.0,1,4730052.930799165,6646268.471749947,512235.88648314646,886.8177521003549,3.0024744841288427,80.7524304797115,True,325.22879692842497,-6113244.97625727
reference,post_rebuild,7536925|4769672|8899918|1634606,4769672|8899918|1634606,3,full,0.75,2,12818.621282187536,19158.268070614075,65420910.21655372,4641774.338616761,2836705.131823003,2163104.289004376,711433.4811614082,668195.6232613762,1207473.2195891708,-961036.2889724555,-6271006.250850593,1220.0144852287222,0.0,1,5166143.33640513,6696785.627224379,425779.3763737861,1098.0260709916874,3.0194835359553007,77.75486822512342,True,390.0704501752481,-6250218.641841062
reference,today,7536925|4769672|8899918|1634606,4769672|8899918|1634606,3,full,0.75,2,12818.621282187536,19158.268070614075,65420910.21655372,4641774.338616761,2836705.131823003,2163104.289004376,711433.4811614082,668195.6232613762,1207473.2195891708,-961036.2889724555,-6271006.250850593,1220.0144852287222,0.0,1,5166143.33640513,6696785.627224379,425779.3763737861,1098.0260709916874,3.0194835359553007,77.75486822512342,True,390.0704501752481,-6250218.641841062
reference,post_rebuild,7536925|1634606|rebuild:4473909,1634606|rebuild:4473909,2,full,0.75,2,20284.0918586678,28008.410247092062,84801523.9479834,6016876.506828887,3801921.916903747,2905528.0583600043,1125767.098156063,863772.0051386391,3518049.69347554,579899.7817104314,-6300748.730257096,-345.92844476832624,1596.2225999999998,1,6757931.796317976,6974498.877934312,673750.1476772171,1331.2394041652296,3.621748268056528,83.49191437568602,True,349.40135780621705,-6279961.121247565
optimised_urban,today,7536925|4769672|1634606|2831044,4769672|1634606|2831044,3,dhw_only,0.5,2,10483.041485715026,15167.976944184666,86941928.64867476,5778679.278070384,2037737.3942228097,1655537.3830535342,581808.802457184,379089.2409536031,1513908.1716273152,-144739.98164189153,-6302508.500665877,956.3050099145198,653.0,1,6048904.46417009,6650709.97787861,348201.47721273266,1073.8431232187943,3.2376063829787243,37.069261094705126,True,515.1185244300564,-6300373.208823417
optimised_urban,today,7536925|4769672|19906892|2831044,4769672|19906892|2831044,3,dhw_only,0.75,2,11268.485849708708,16304.441206033718,85988277.32281652,5725990.366871989,2155414.994943097,1779578.9132403778,625400.9646588333,372618.3505474401,1565962.4955689434,-216834.14882671303,-6315442.866246143,1037.1414133460862,653.0,0,5982711.876043887,6689733.421536426,374290.5552902826,1013.250187930209,3.2376063829787256,37.21012497350887,True,483.1927406223746,-6313307.574403684
liquid_cooling_speculative,today,7536925|4473909,4473909,1,dhw_only,0.75,2,7374.068605948177,9095.536381912734,94870258.0923412,6276851.284170235,805200.6990089017,402357.93703197787,0.0,401314.75050274376,743632.2507676614,339746.3022615034,-6338419.732411475,1366.494950416601,703.0,0,7028857.945780704,6992615.331643643,654195.5992321677,1331.2394041652296,5.283593750000001,40.26955995447276,True,778.4613984707042,-6554248.906918931
liquid_cooling_speculative,today,7536925|1634606|4473909,1634606|4473909,2,dhw_only,0.5,2,8068.3204771232495,9951.8605483831,95222323.01301403,6299545.185472894,848992.9746883656,440239.0262370973,0.0,407145.3420648433,782855.1080601278,341007.4754366056,-6365683.052101132,1499.754929827278,703.0,1,7046863.075668348,7081469.686506892,715786.6344057592,1331.2394041652296,5.28359375,40.175071651835054,True,718.1500905311633,-6581512.226608588
optimised_urban,today,7536925|4769672|1633052|2831044,4769672|1633052|2831044,3,dhw_only,0.75,2,11180.46186060552,16177.078756970468,86943556.54379946,5781338.612838777,2150711.0246169902,1765677.6990970974,620515.6332636065,381827.58137351496,1560128.8179038395,-208754.6253396356,-6371920.819551926,1028.0821559104334,653.0,1,6048057.51041038,6743287.597131546,371366.7775796198,1057.1424736686365,3.2376063829787243,37.19527291533281,True,490.1282865976631,-6369785.527709466
liquid_cooling_speculative,today,7536925|1633052|4473909,1633052|4473909,2,dhw_only,0.75,2,8886.43451519873,10960.962361168891,95637200.18637893,6326287.928280316,900598.2738314577,484878.5182471704,0.0,414016.1752671571,829075.7543366522,342493.65577235166,-6397810.447775122,1656.7899547167283,703.0,1,7073972.573662177,7186176.635203661,788366.1874285399,1331.2394041652296,5.283593749999997,40.08310319165056,True,659.174111152056,-6613639.622282578
liquid_cooling_speculative,today,7536925|19906892|4473909,19906892|4473909,2,dhw_only,0.75,2,8989.691695180072,11088.32481023214,95689563.35944104,6329663.228151415,907111.5683278388,490512.632620275,0.0,414883.3683815326,834909.4320017562,342681.2320554501,-6401865.364477497,1676.609922439722,703.0,0,7077394.163053475,7199392.084082049,797526.7196045531,1331.2394041652296,5.283593749999994,40.07271175138516,True,652.4934426954032,-6617694.5389849525
liquid_cooling_speculative,today,7536925|1633052|1634606|4473909,1633052|1634606|4473909,3,dhw_only,0.5,6,9580.686386373804,11817.286527639257,95989265.1070518,6348981.829582976,944390.5495109212,522759.60745228967,0.0,419846.7668292567,868298.6116291187,343754.8289474541,-6425073.767464779,1790.049934127405,703.0,2,7091977.70354982,7275030.99006691,849957.2226021313,1331.2394041652296,5.283593749999997,40.01763604461257,True,617.0272834470372,-6640902.941972235
optimised_urban,today,7536925|4769672|8899918|2831044,4769672|8899918|2831044,3,dhw_only,0.5,2,10887.115555976028,15752.634191779603,88251525.80471265,5856486.001121482,2116279.025828057,1719350.8984108155,604234.9133566696,393762.3308442526,1540687.6655214843,-181829.02946232053,-6432077.361428056,997.8915258502512,653.0,0,6137766.2402331615,6793700.438503765,361623.0770757084,1121.3959689886826,3.2376063829787225,37.14413440630161,True,505.9216848021156,-6429942.069585596
advanced_recovery,today,7536925|4473909,4473909,1,full,0.5,6,6836.109925959251,9095.536381912734,94730499.49705371,6268706.410229732,923229.9400135684,521784.7639895191,0.0,399917.164549869,743632.2507676614,220319.47530396216,-6448304.09947564,1211.0453343296415,703.0,0,6990246.3822863065,7054774.322145184,606470.2226695437,1331.2394041652296,4.025595238095238,40.26955995447276,True,790.5425295277664,-6622194.704170401
liquid_cooling_speculative,today,7536925|19906892|1633052|4473909,19906892|1633052|4473909,3,dhw_only,0.75,2,10502.05760443063,12953.750789488307,96456505.45347878,6379099.872261496,1002509.143150394,573033.2138354669,0.0,427584.79314594594,920352.935570747,345428.58556629915,-6461256.079841143,1966.904926739849,703.0,1,7122508.790934948,7392953.387642069,931697.3078009256,1331.2394041652296,5.283593750000003,39.94437241809881,True,569.6973794826587,-6677085.254348599
liquid_cooling_speculative,today,7536925|19906892|1634606|4473909,19906892|1634606|4473909,3,dhw_only,0.75,2,9683.943566355145,11944.648976702503,96551872.75110383,6382093.2389685055,956006.2887172014,528393.721825394,0.0,425816.4046535317,874132.2892942226,343942.4052305527,-6463967.238391484,1809.8699018503992,703.0,1,7130237.84716545,7323084.993169628,859117.7547781443,1353.5529770427363,5.283593749999998,40.00871747504112,True,614.1916250328125,-6679796.41289894
advanced_recovery,today,7536925|1634606|4473909,1634606|4473909,2,dhw_only,0.75,2,7479.714204854544,9951.8605483831,95069406.46226452,6290633.490083359,978134.4016245224,570909.6186807493,0.0,405616.17655734805,782855.1080601278,210336.8829929535,-6485912.783647753,1329.6700841799689,703.0,1,7007461.985739692,7149480.805293654,663568.0216459006,1331.2394041652296,4.025595238095239,40.175071651835054,True,730.2312215882253,-6659803.388342515
liquid_cooling_speculative,today,7536925|4769672|4473909,4769672|4473909,2,dhw_only,0.5,6,11927.257300278829,14711.661703772706,97179244.33067112,6425687.202561977,1092408.4154033214,650797.6665580153,0.0,439554.1628602176,1000871.8460763895,348017.5935332858,-6517223.771888909,2240.4685857090035,703.0,0,7174735.02896197,7575358.656945197,1058134.8850562875,1331.2394041652296,5.28359375,45.25392378272142,True,510.889876570012,-6733052.946396365
advanced_recovery,today,7536925|1633052|4473909,1633052|4473909,2,dhw_only,0.75,6,8238.144563333059,10960.962361168891,95468778.15624532,6316472.602064278,1042834.422844301,628798.8875613499,0.0,412331.9549658209,829075.7543366522,198573.2864581721,-6530231.270571927,1469.4587936457192,703.0,1,7033641.097102793,7261083.966304056,730852.6957321301,1331.2394041652296,4.025595238095238,40.08310319165056,True,671.2552422091179,-6704121.875266688
advanced_recovery,today,7536925|19906892|4473909,19906892|4473909,2,dhw_only,0.5,2,8333.868846726304,11088.32481023214,95519184.32575908,6319733.851367185,1051000.4503477558,636105.3049770119,0.0,413179.5780447131,834909.4320017562,197088.5596987133,-6535824.869713184,1487.1020405048232,703.0,0,7036945.258977501,7275169.81148775,739344.9417745658,1331.2394041652296,4.025595238095238,40.07271175138516,True,664.5745737524653,-6709715.474407946
liquid_cooling_speculative,today,7536925|4769672|1634606|4473909,4769672|1634606|4473909,3,dhw_only,0.5,2,12621.5091714539,15567.985870243074,97531309.251344,6448381.103864636,1136200.691082785,688678.7557631346,0.0,445384.7544223172,1040094.703368856,349278.76670838817,-6544487.091578567,2373.7285651196808,703.0,1,7192740.158849613,7664213.011808446,1119725.9202298792,1331.2394041652296,5.2835937500000005,44.87260290636894,True,487.0536675231257,-6760316.266086022
reference,post_rebuild,7536925|4769672|1634606|rebuild:2831044,4769672|1634606|rebuild:2831044,3,full,0.75,2,24177.18217538494,34211.94611090894,78521683.09703021,5571306.367005673,4484808.246045168,3648827.861191899,1341833.610733864,805892.5308527959,3491344.7163120774,-187570.9988802946,-6564769.896738764,416.4058573842504,1334.7774000000002,1,6198138.411172638,7367831.73330424,803061.8365654761,1073.8431232187943,3.405750443409985,85.99731313193321,True,293.05631215914474,-6543982.2877292335
advanced_recovery,today,7536925|1633052|1634606|4473909,1633052|1634606|4473909,3,dhw_only,0.5,2,8881.74884222835,11817.286527639257,95807685.12145612,6338399.681917906,1097738.8844552552,677923.7422525804,0.0,418030.9669733001,868298.6116291187,188590.69414716345,-6567839.954744043,1588.0835434960468,703.0,2,7050856.70055618,7355790.44945253,787950.4947084867,1331.2394041652296,4.025595238095237,40.01763604461257,True,629.1084145040993,-6741730.559438804
optimised_urban,today,7536925|4040951|4769672|2831044,4040951|4769672|2831044,3,dhw_only,0.75,6,12741.290456673338,18435.451214166354,87542149.19083315,5821962.768711325,2409495.7946770247,2012172.010204269,707141.6203453703,393905.4884247371,1663570.7433687523,-352019.562883535,-6567887.820019597,1188.7195935994969,653.0,0,6086784.077657777,6991098.5995109975,423210.7794914007,1045.784193601722,3.2376063829787234,37.42955902342918,True,446.3161856878045,-6565752.5281771375
liquid_cooling_speculative,today,7536925|4769672|1633052|4473909,4769672|1633052|4473909,3,full,0.75,6,13439.623209529394,16577.087683028858,97946186.42470887,6475123.846672059,1187805.990225877,733318.2477732075,0.0,452255.58762463095,1086315.3496453804,350764.9470441345,-6576614.487252556,2530.763590009131,703.0,1,7219849.656843443,7768919.960505217,1192305.473252661,1331.2394041652296,5.283593749999999,44.48063044472239,True,462.1256657713585,-6792443.661760012
liquid_cooling_speculative,today,7536925|4769672|19906892|4473909,4769672|19906892|4473909,3,dhw_only,0.75,2,13542.880389510728,16704.45013209211,97998549.597771,6478499.146543158,1194319.284722258,738952.3621463121,0.0,453122.7807390066,1092149.0273104843,350952.52332723286,-6580669.4039549325,2550.5835577321245,703.0,0,7223271.246234743,7782135.409383606,1201466.0054286737,1331.23940416523,5.28359375,44.43497360152056,True,459.1934621476698,-6796498.578462388
advanced_recovery,today,7536925|19906892|1634606|4473909,19906892|1634606|4473909,3,dhw_only,0.75,6,8977.473125621591,11944.648976702503,96368335.76195984,6371397.040735243,1111007.35666861,685230.1596682424,0.0,423981.0347620917,874132.2892942226,187105.96738770424,-6608272.108109631,1605.7267903551508,703.0,1,7088999.416655216,7404714.848860553,796442.7407509222,1353.5529770427363,4.025595238095235,40.00871747504112,True,626.2727560898746,-6782162.712804392
reference,post_rebuild,7536925|4769672|19906892|8899918,4769672|19906892|8899918,3,full,0.75,2,14713.723512163422,22037.250475436744,67251876.346414,4771685.884762009,3185945.4098671866,2493484.768512397,816611.6549250699,686127.631456339,1339998.235712401,-1159819.5426984455,-6617633.058916793,1403.7763263103802,0.0,0,5294989.657060901,7106359.567269972,488726.5083531783,1074.852759722607,3.0064779519836677,80.023143420697,True,360.8117216616227,-6596845.449907263
reference,today,7536925|4769672|19906892|8899918,4769672|19906892|8899918,3,full,0.75,2,14713.723512163422,22037.250475436744,67251876.346414,4771685.884762009,3185945.4098671866,2493484.768512397,816611.6549250699,686127.631456339,1339998.235712401,-1159819.5426984455,-6617633.058916793,1403.7763263103802,0.0,0,5294989.657060901,7106359.567269972,488726.5083531783,1074.852759722607,3.0064779519836677,80.023143420697,True,360.8117216616227,-6596845.449907263
advanced_recovery,today,7536925|19906892|1633052|4473909,19906892|1633052|4473909,3,dhw_only,0.5,2,9735.90348410011,12953.750789488307,96257462.98495068,6367500.043201731,1170604.9331784889,743119.4285488429,0.0,425594.368460665,920352.935570747,175342.37085292314,-6617752.040809473,1745.5154998209011,703.0,1,7080339.973793987,7481479.455646625,863727.4148371522,1331.2394041652296,4.02559523809524,39.94437241809881,True,581.7785105397207,-6791642.645504234
reference,today,7536925|4769672|1633052|8899918,4769672|1633052|8899918,3,full,0.75,2,14501.34124081751,21714.605705867278,67915370.36339974,4818762.415670484,3155493.276352779,2456459.348175492,804824.4388653717,692804.8948437322,1325146.2855172062,-1137542.0959918406,-6649109.406506056,1383.1823147693108,0.0,1,5350872.45293535,7130781.490747948,481672.0842418922,1098.0260709916874,3.007758865639752,79.79298715941991,True,366.9431886822956,-6628321.797496526
reference,post_rebuild,7536925|4769672|1633052|8899918,4769672|1633052|8899918,3,full,0.75,2,14501.34124081751,21714.605705867278,67915370.36339974,4818762.415670484,3155493.276352779,2456459.348175492,804824.4388653717,692804.8948437322,1325146.2855172062,-1137542.0959918406,-6649109.406506056,1383.1823147693108,0.0,1,5350872.45293535,7130781.490747948,481672.0842418922,1098.0260709916874,3.007758865639752,79.79298715941991,True,366.9431886822956,-6628321.797496526
reference,post_rebuild,7536925|1633052|rebuild:4473909,1633052|rebuild:4473909,2,full,0.75,2,21966.811817297774,30564.747882345266,87295984.09482941,6193864.58388261,4120710.061433523,3198883.117531119,1219158.0558600265,888381.2767209951,3635722.759403575,403393.9746910469,-6678851.885912558,-182.7606152277372,1596.2225999999998,1,6942660.912848197,7408494.741457881,729642.8555453229,1331.2394041652296,3.5507115300729546,84.61856976716837,True,336.3721178957699,-6658064.276903028
advanced_recovery,today,7536925|4769672|4473909,4769672|4473909,2,dhw_only,0.75,6,11057.130924186991,14711.661703772706,96953190.463397,6412513.19885277,1283315.9322229668,843965.7220504021,0.0,437293.6241874764,1000871.8460763895,154849.53804089894,-6694957.284999347,1989.035127820754,703.0,0,7130945.427087558,7675898.306473196,980941.0214738484,1331.2394041652296,4.02559523809524,45.25392378272142,True,522.971007627074,-6868847.889694109
liquid_cooling_speculative,today,7536925|8899918|4473909,8899918|4473909,2,dhw_only,0.5,2,8542.322501160374,10536.517795978045,100292396.75627856,6596505.569135487,927189.2555280946,466102.42495659343,0.0,459423.1978277592,809634.601954297,341868.5442539617,-6714060.222709285,1590.7384800147538,703.0,0,7392332.9576271055,7471898.274686898,757838.0519776132,1542.4477230565622,5.283593750000004,40.119589666437655,True,713.9010570257965,-6929889.397216741
reference,post_rebuild,7536925|19906892|rebuild:4473909,19906892|rebuild:4473909,2,full,0.75,2,22179.19408864369,30887.39265191473,87610819.07913682,6216202.8996629855,4160945.4849608624,3235908.537868026,1230945.2719197243,891487.3033465333,3650574.70959877,381116.52798444097,-6726573.675025078,-162.16660368666817,1596.2225999999998,0,6965976.25367553,7463270.954681687,736697.2796566093,1331.2394041652296,3.5427588517177866,84.74945698299179,True,334.88092884513304,-6705786.066015547
liquid_cooling_speculative,today,7536925|4040951|4473909,4040951|4473909,2,full,0.75,2,10717.37584046934,13219.33481836479,100378455.50572324,6608338.8470263,1054218.6576498158,584781.8163895599,0.0,467520.7090414853,932517.6798015654,345819.73119323514,-6730039.82487455,2008.234745055926,703.0,0,7394971.882823646,7680839.238985869,950799.414111319,1497.975711347104,5.283593749999999,39.92910094790795,True,579.5027872215551,-6945868.999382006
advanced_recovery,today,7536925|4769672|1634606|4473909,4769672|1634606|4473909,3,dhw_only,0.5,2,11700.73520308229,15567.985870243074,97292097.42860782,6434440.278706397,1338220.3938339218,893090.5767416332,0.0,442992.6361949554,1040094.703368856,144866.94572988947,-6732565.969171464,2107.659877671082,703.0,1,7148161.030540944,7770604.789621669,1038038.8204502056,1331.2394041652296,4.025595238095238,44.87260290636894,True,499.13479858018775,-6906456.573866225
liquid_cooling_speculative,today,7536925|8899918|1634606|4473909,8899918|1634606|4473909,3,dhw_only,0.75,6,9236.574372335446,11392.841962448409,100644461.6769514,6619199.470438148,970981.5312075582,503983.51416171296,0.0,465253.7893898587,848857.4592467635,343129.71742906404,-6741323.542398943,1723.9984594254315,703.0,1,7410338.087514752,7560752.629550148,819429.0871512047,1542.4477230565622,5.2835937500000005,40.04882862382346,True,666.0705729967756,-6957152.716906399
liquid_cooling_speculative,today,7536925|19906892|8899918|4473909,19906892|8899918|4473909,3,dhw_only,0.75,6,10157.945590392272,12529.306224297448,100581797.91458832,6618435.676062055,1023801.0837591306,554257.1205448905,0.0,467692.7746186474,900911.7831883918,344803.4740479087,-6741324.976632794,1900.8534520378755,703.0,0,7404688.296757365,7642494.148982793,901169.1723499988,1519.2744117874818,5.283593749999998,39.97014919943455,True,609.8011681132815,-6957154.15114025
liquid_cooling_speculative,today,7536925|1633052|8899918|4473909,1633052|8899918|4473909,3,dhw_only,0.75,6,10054.68841041093,12401.943775234207,101059338.8503163,6645942.213245569,1022586.8303506502,548623.006171786,0.0,472124.6225921725,895078.1055232879,344615.89776481024,-6773450.938072931,1881.033484314882,703.0,1,7437447.585508578,7665459.578246917,892008.6401739856,1542.4477230565624,5.283593750000002,39.97823499777455,True,618.1845346952272,-6989280.112580387
advanced_recovery,today,7536925|4769672|1633052|4473909,4769672|1633052|4473909,3,dhw_only,0.75,6,12459.165561560802,16577.087683028858,97691469.1225886,6460279.390687317,1402920.4150537,950979.8456222332,0.0,449708.4146034283,1086315.3496453804,133103.3491951089,-6776884.456095636,2247.448587136832,703.0,1,7174340.141904046,7882207.950632071,1105323.494536435,1331.2394041652296,4.02559523809524,44.48063044472239,True,474.2067968284205,-6950775.060790397
advanced_recovery,today,7536925|4769672|19906892|4473909,4769672|19906892|4473909,3,dhw_only,0.75,6,12554.889844954045,16704.45013209211,97741875.29210238,6463540.639990224,1411086.442557156,958286.263037896,0.0,450556.0376823205,1092149.0273104843,131618.62243564907,-6782478.055236896,2265.091833995936,703.0,0,7177644.303778753,7896293.795815766,1113815.7405788708,1331.23940416523,4.025595238095237,44.43497360152056,True,471.2745932047319,-6956368.659931657
reference,post_rebuild,7536925|4769672|19906892|rebuild:2831044,4769672|19906892|rebuild:2831044,3,full,0.75,2,26072.284405360824,37090.9285157316,78772870.53360496,5589128.732873348,4818250.737156496,3979208.340699922,1447011.7844975258,808026.7521149034,3623869.732435308,-386354.2526062856,-6783509.737594536,600.167698465907,1334.7774000000002,0,6199097.76461798,7649518.706139403,866008.968544868,1013.250187930209,3.362608341647928,86.90092802696469,True,279.7547605551903,-6762722.128585005
liquid_cooling_speculative,today,7536925|4040951|1634606|4473909,4040951|1634606|4473909,3,dhw_only,0.5,2,11411.627711644413,14075.658984835158,101372143.96994968,6668425.388608098,1104427.168764815,622662.9055946791,0.0,479767.5360391208,971740.5370940318,347080.90436833765,-6801112.020278881,2141.4947244666027,703.0,1,7456785.888425964,7813502.469563791,1012390.4492849105,1526.034640964176,5.283593750000001,39.88385440360907,True,552.0775857538227,-7016941.194786337
liquid_cooling_speculative,today,7536925|4040951|19906892|4473909,4040951|19906892|4473909,3,dhw_only,0.75,2,12332.998929701234,15212.123246684196,101309480.20758662,6667661.594232008,1157246.7213163872,672936.5119778566,0.0,482206.5212679096,1023794.86103566,348754.6609871823,-6801113.454512736,2318.349717079047,703.0,0,7451136.097668582,7895243.988996441,1094130.5344837045,1502.8613296950955,5.283593749999999,39.83179931873287,True,514.2480441829789,-7016942.629020192
reference,post_rebuild,7536925|4040951|4769672,4040951|4769672,2,full,0.75,2,15864.375381529318,23785.286245529674,68058413.1658699,4828911.65400471,3394942.3831042643,2694082.345959575,880472.8336748772,693963.6994881935,1420463.6349546793,-1280515.0486613913,-6803390.402154295,1515.3512601657526,0.0,0,5353516.917410781,7330336.608599555,526946.2064452602,1053.5540592822292,3.000158439392102,81.18134340838112,True,345.463897917008,-6782602.793144764
reference,today,7536925|4040951|4769672,4040951|4769672,2,full,0.75,2,15864.375381529318,23785.286245529674,68058413.1658699,4828911.65400471,3394942.3831042643,2694082.345959575,880472.8336748772,693963.6994881935,1420463.6349546793,-1280515.0486613913,-6803390.402154295,1515.3512601657526,0.0,0,5353516.917410781,7330336.608599555,526946.2064452602,1053.5540592822292,3.000158439392102,81.18134340838112,True,345.463897917008,-6782602.793144764
liquid_cooling_speculative,today,7536925|4040951|1633052|4473909,4040951|1633052|4473909,3,full,0.5,2,12229.741749719897,15084.760797620946,101582800.90856728,6683266.551661551,1153990.265560434,667302.3976047519,0.0,484596.1668939616,1017961.1833705562,348567.0847040839,-6819295.633851428,2298.529749356053,703.0,1,7469951.604318351,7904265.636159118,1084970.0023076911,1517.1038570945257,5.2835937500000005,39.83723646689115,True,519.409304613963,-7035124.808358884
advanced_recovery,today,7536925|8899918|4473909,8899918|4473909,2,dhw_only,0.75,6,7919.136471529851,10536.517795978045,100130496.5818902,6587070.324679673,1063917.5523621868,604449.7235345694,0.0,457804.1960838755,809634.601954297,203521.24567598573,-6841353.275087562,1410.661398520659,703.0,0,7352392.816752522,7543904.947201772,702551.672114209,1542.4477230565622,4.025595238095239,40.119589666437655,True,725.9821880828584,-7015243.879782324
advanced_recovery,today,7536925|8899918|1634606|4473909,8899918|1634606|4473909,3,dhw_only,0.75,6,8562.74075042514,11392.841962448409,100469403.547101,6608997.404533301,1118822.0139731409,653574.5782257997,0.0,463503.2080913546,848857.4592467635,193538.65336497725,-6878961.959259678,1529.286148370987,703.0,1,7369608.420205908,7638611.430350243,759649.4710905656,1542.4477230565622,4.025595238095239,40.04882862382346,True,678.1517040538375,-7052852.563954439
reference,post_rebuild,7536925|4769672|1633052|rebuild:2831044,4769672|1633052|rebuild:2831044,3,full,0.75,2,25859.90213401492,36768.28374616214,80311076.55721964,5698268.230081285,4796545.723708378,3942182.920363015,1435224.5684378278,823451.1355685861,3609017.782240113,-364076.80589968,-6885796.171549551,579.5736869248376,1334.7774000000002,1,6325790.64685818,7744750.715983134,858954.5444335821,1057.1424736686365,3.3670559206055457,86.80581557897115,True,284.59044643619256,-6865008.562540021
advanced_recovery,today,7536925|4040951|4473909,4040951|4473909,2,dhw_only,0.75,6,9935.513659877011,13219.33481836479,100175332.17277464,6596501.192692138,1225760.8284118264,758355.2204810567,0.0,465489.4757119992,932517.6798015654,172246.32710173828,-6889744.3413024,1782.3062856276056,703.0,0,7352558.198587343,7771180.311013841,881435.9697114418,1497.975711347104,4.025595238095238,39.92910094790795,True,591.5839182786171,-7063634.945997161
advanced_recovery,today,7536925|19906892|8899918|4473909,19906892|8899918|4473909,3,dhw_only,0.5,2,9416.8953922969,12529.306224297448,100389277.3018055,6607215.928762512,1186389.021608474,718770.2645220624,0.0,465767.5684908189,900911.7831883918,180290.3300707368,-6892693.167182596,1686.718104695841,703.0,0,7362910.815301202,7728119.558401827,835426.391219231,1519.2744117874818,4.025595238095237,39.97014919943455,True,621.8822991703436,-7066583.771877357
liquid_cooling_speculative,today,7536925|4769672|8899918|4473909,4769672|8899918|4473909,3,dhw_only,0.75,6,13095.511195491034,16152.64311783802,102601382.9946085,6745341.487527229,1214396.9719225145,714542.1544826311,0.0,497662.61018523306,1066874.1972630252,350139.83552574407,-6892864.262186717,2464.7121153071566,703.0,0,7538210.040808371,8054641.599988451,1161777.3378017342,1542.4477230565622,5.283593750000001,44.63870453761183,True,492.6466952895933,-7108693.436694173
liquid_cooling_speculative,today,7536925|4040951|8899918|4473909,4040951|8899918|4473909,3,dhw_only,0.75,6,11885.629735681536,14660.3162324301,102699908.00934611,6747290.844215451,1145200.3525658636,648526.3043141759,0.0,494622.294763356,998520.030988201,347941.97318569326,-6893971.165793113,2232.4782746540795,703.0,0,7546737.745290801,7948413.032649877,1054441.8668567643,1573.5874867340644,5.28359375,39.85604961893706,True,538.2175471657653,-7109800.340300569
liquid_cooling_speculative,today,7536925|4040951|4769672|4473909,4040951|4769672|4473909,3,dhw_only,0.5,2,15270.564534799989,18835.460140224764,102687441.74405318,6757174.7654180415,1341426.3740442349,833221.5459155969,0.0,505760.1213989592,1189757.2751102934,354091.0224650177,-6908843.864351983,2882.2083803483274,703.0,0,7540848.966004911,8263582.564287422,1354738.6999354388,1497.975711347104,5.283593750000002,43.77333524728918,True,429.8358719382996,-7124673.038859439
optimised_urban,today,7536925|4473909,4473909,1,dhw_only,0.5,2,6286.19660863724,9095.536381912734,94587635.1552043,6260380.539090551,1392765.9648199272,992749.4322143726,348883.91177936684,398488.5211313746,743632.2507676614,-250645.1929208913,-6909514.253142818,598.0232962233797,703.0,0,6950776.78404759,7118314.623546757,208800.3704039391,1331.2394041652296,3.237606382978723,40.26955995447276,True,841.2498363100617,-6907378.961300358
advanced_recovery,today,7536925|1633052|8899918|4473909,1633052|8899918|4473909,3,dhw_only,0.5,6,9321.171108903658,12401.943775234207,100868775.2410818,6634836.516514219,1183522.0351929197,711463.8471064006,0.0,470218.9864998274,895078.1055232879,181775.0568301956,-6923280.446183851,1669.0748578367377,703.0,1,7395787.53156901,7750214.591360646,826934.1451767953,1542.4477230565624,4.025595238095239,39.97823499777455,True,630.2656657522892,-7097171.050878612
reference,post_rebuild,7536925|4769672|8899918|rebuild:2831044,4769672|8899918|rebuild:2831044,3,full,0.75,2,25152.12286721631,35693.04673605246,81974515.14600222,5816293.285521773,4689584.756492549,3818793.031494734,1395942.8191305052,840226.5666372841,3559522.5849570795,-289835.6048981854,-6946355.457057241,510.9426552638233,1334.7774000000002,0,6467686.184977613,7781800.623360855,835445.1663036135,1121.3959689886826,3.382549719717133,86.47803560132606,True,293.4832927297572,-6925567.848047711
advanced_recovery,today,7536925|4040951|1634606|4473909,4040951|1634606|4473909,3,dhw_only,0.5,6,10579.117938772302,14075.658984835158,101155862.68153904,6655820.912824905,1287081.5254583166,807480.0751722872,0.0,477604.72315501416,971740.5370940318,162263.7347907295,-6971161.901189189,1900.931035477933,703.0,1,7413582.677755403,7909695.669876988,938533.7686877984,1526.034640964176,4.025595238095238,39.88385440360907,True,564.1587168108849,-7145052.505883951
advanced_recovery,today,7536925|4040951|19906892|4473909,4040951|19906892|4473909,3,dhw_only,0.5,6,11433.27258064406,15212.123246684196,101075736.4362435,6654039.437054117,1354648.5330936497,872675.7614685501,0.0,479869.08355447854,1023794.86103566,149015.41149648887,-6984893.109112107,2058.362991802788,703.0,0,7406885.072850699,7999203.797928571,1014310.6888164636,1502.8613296950955,4.025595238095235,39.83179931873287,True,526.3291752400409,-7158783.7138068685
optimised_urban,today,7536925|1634606|4473909,1634606|4473909,2,dhw_only,0.75,6,6878.027793202094,9951.8605483831,94913091.76594278,6281523.757018501,1491876.1805708653,1086214.5445903095,381730.5425227162,404053.0295941306,782855.1080601278,-304968.0429166069,-6990544.829529238,658.933408501237,703.0,1,6967185.316034844,7219003.282275679,228458.4527464403,1331.2394041652296,3.237606382978724,40.175071651835054,True,780.9385283705207,-6988409.537686778
reference,post_rebuild,7536925|1633052|1634606|rebuild:4473909,1633052|1634606|rebuild:4473909,3,full,0.75,2,23394.76858808076,32734.05693222377,89412783.88547146,6344056.730639159,4391233.7971817255,3447824.3277654685,1298409.6566384824,909264.7135637325,3735580.166079572,253611.08246157912,-6999710.361741314,-44.2963355527354,1596.2225999999998,2,7094422.108528585,7776783.7895742785,777073.4278329653,1331.2394041652296,3.500855167415809,85.45586845793382,True,326.9116869358785,-6978922.752731783
advanced_recovery,today,7536925|4040951|1633052|4473909,4040951|1633052|4473909,3,dhw_only,0.75,2,11337.548297250816,15084.760797620946,101351014.14077252,6669758.445051855,1349739.344330622,865369.3440528873,0.0,482278.299216014,1017961.1833705562,150500.13825594846,-7001536.60601192,2040.719744943683,703.0,1,7425818.007017063,8007355.048785947,1005818.4427740276,1517.1038570945257,4.025595238095238,39.83723646689115,True,531.4904356710251,-7175427.210706681
reference,today,7536925|2831044,2831044,1,full,0.75,2,7618.724675961804,11023.579405514232,101479681.68751387,7200232.78167274,1397819.1332454788,1203189.3157567608,422839.2195158801,191458.46358094923,1543392.2351141884,337031.5654496587,-7054659.679804031,628.6943234822756,944.0,0,7318473.982937624,7307720.892073578,253061.21226954705,187.02537111843935,3.237606382978722,35.00521300185512,True,779.6814668664795,-7033872.0707945
advanced_recovery,today,7536925|4040951|8899918|4473909,4040951|8899918|4473909,3,dhw_only,0.75,6,11018.54020544761,14660.3162324301,102474643.09729664,6734162.819365976,1335441.5791572996,841020.180026107,0.0,492369.6456428609,998520.030988201,155448.0974737621,-7071084.367535075,1981.9223498186236,703.0,0,7502995.483674311,8048601.786691182,977517.4191561068,1573.5874867340644,4.02559523809524,39.85604961893706,True,550.2986782228273,-7244974.9722298365
optimised_urban,today,7536925|1633052|4473909,1633052|4473909,2,full,0.5,2,7575.448168092592,10960.962361168891,95296613.41433096,6306439.157487884,1608668.74849768,1196354.8606338724,420437.3733291389,410610.3075466773,829075.7543366522,-368982.6866143504,-7086032.151648912,730.7105544971505,703.0,1,6992413.365508758,7337655.904762239,251623.7531133277,1331.2394041652296,3.237606382978723,40.08310319165056,True,721.9625489914134,-7083896.859806452
advanced_recovery,today,7536925|4769672|8899918|4473909,4769672|8899918|4473909,3,dhw_only,0.5,2,12140.157469757596,16152.64311783802,102353187.54823348,6730877.11330271,1424003.544571586,926630.681595453,0.0,495180.6557214828,1066874.1972630252,138051.30841292223,-7088006.460611271,2188.651192011772,703.0,0,7493091.861553773,8165028.931529785,1077022.470918514,1542.4477230565622,4.02559523809524,44.63870453761183,True,504.7278263466554,-7261897.065306032
optimised_urban,today,7536925|19906892|4473909,19906892|4473909,2,dhw_only,0.5,2,7663.472157195781,11088.32481023214,95345019.09132864,6309583.821765527,1623409.5678035931,1210256.0747771536,425322.70472436585,411437.92570040864,834909.4320017562,-377062.2101014284,-7098083.957567363,739.7698119328027,703.0,0,6995597.490366504,7352631.488391354,254547.5308239906,1331.2394041652296,3.2376063829787225,40.07271175138516,True,715.2818805347607,-7095948.665724903
reference,today,7536925|2830989,2830989,1,full,0.75,2,4749.08954342467,6871.4867530280135,90914298.6932938,6450592.895925335,1294522.5181288242,750001.3507837337,263574.4696600692,543202.4774008712,641762.4395200454,-109557.6012079075,-7103352.974534113,439.8272322663511,425.0,0,7159796.434385832,7261097.270088928,157744.29555481445,1085.9984301889656,3.237606382978722,39.631337344549735,True,1126.946322162017,-7082565.365524583
reference,post_rebuild,7536925|19906892|1634606|rebuild:4473909,19906892|1634606|rebuild:4473909,3,full,0.75,2,23607.15085942667,33056.70170179323,90669651.5044356,6433234.576704495,4440889.547055632,3484849.748102374,1310196.87269818,921791.066535838,3750432.116274768,231333.63575497436,-7123692.007485359,-23.70232401166686,1596.2225999999998,1,7193997.305987448,7907819.859429611,784127.8519442515,1353.5529770427363,3.4941083149895777,85.5723112186868,True,327.91763343874914,-7102904.398475829
advanced_recovery,today,7536925|4040951|4769672|4473909,4040951|4769672|4473909,3,dhw_only,0.5,2,14156.534658104749,18835.460140224764,102398023.13911793,6740307.981315175,1585846.8206212255,1080536.1785419402,0.0,502865.93534960656,1189757.2751102934,106776.38983867438,-7136397.526826108,2560.296079118717,703.0,0,7493257.243388594,8392304.295341853,1255906.768515746,1497.975711347104,4.025595238095239,43.77333524728918,True,441.91700299536166,-7310288.131520869
optimised_urban,today,7536925|1633052|1634606|4473909,1633052|1634606|4473909,3,dhw_only,0.75,6,8167.279352657442,11817.286527639257,95622070.02506945,6327582.375415834,1707778.964248618,1289819.97300981,453284.00407248805,416174.8160094333,868298.6116291187,-423305.5366100661,-7167062.728035333,791.620666775008,703.0,2,7008821.897496013,7438344.563491162,271281.8354558289,1331.2394041652296,3.237606382978723,40.01763604461257,True,679.8157212863947,-7164927.436192873
reference,post_rebuild,7536925|rebuild:2831044|rebuild:4473909,rebuild:2831044|rebuild:4473909,2,full,0.75,2,32617.593443696587,44543.18891253045,103930402.02697824,7374117.41191094,5680554.273068759,4561216.800850363,1810276.436125161,1061555.6800100105,5870099.058843449,1251100.465784701,-7184572.626136249,-1055.0002747332255,2931.0,0,8267949.334562966,8267988.563743293,1083415.9376070448,1415.608829129597,3.730375934781745,88.76494836407245,True,291.7817563150526,-7163785.017126719
optimised_urban,today,7536925|19906892|1634606|4473909,19906892|1634606|4473909,3,dhw_only,0.5,2,8255.30334176063,11944.648976702503,96180720.17305708,6360463.149207907,1727622.2282644303,1303721.1871530907,458169.3354677149,422104.878873064,874132.2892942226,-431385.060097144,-7213953.088178115,800.6799242106604,703.0,1,7046844.576578087,7488158.7013446065,274205.61316649173,1353.5529770427363,3.2376063829787225,40.00871747504112,True,676.98006287217,-7211817.796335655
reference,post_rebuild,7536925|4040951|4769672|1634606,4040951|4769672|1634606,3,full,0.75,2,17292.332152312305,25954.595295408173,71359802.60237113,5063153.347026191,3677312.0153110586,2943023.556193924,959724.4344533328,726693.0327895227,1520321.0416306767,-1430297.9408908589,-7220144.320706573,1653.815539840754,0.0,1,5601173.555814694,7794521.099439476,574376.7787329025,1081.6129888993014,2.993528466270219,82.43856735320534,True,336.4671972964509,-7199356.711697043
reference,today,7536925|4040951|4769672|1634606,4040951|4769672|1634606,3,full,0.75,2,17292.332152312305,25954.595295408173,71359802.60237113,5063153.347026191,3677312.0153110586,2943023.556193924,959724.4344533328,726693.0327895227,1520321.0416306767,-1430297.9408908589,-7220144.320706573,1653.815539840754,0.0,1,5601173.555814694,7794521.099439476,574376.7787329025,1081.6129888993014,2.993528466270219,82.43856735320534,True,336.4671972964509,-7199356.711697043
reference,post_rebuild,7536925|8899918|rebuild:4473909,8899918|rebuild:4473909,2,full,0.75,2,21259.03255049917,29489.51087223559,95163549.66875868,6752087.694315716,4075790.364069161,3075493.2286628387,1179876.3065527042,967197.97764116,3586227.562120541,477635.1756925407,-7241650.496264333,-251.3916468887528,1596.2225999999998,0,7586795.775811714,7947783.973679688,706133.4774153547,1542.4477230565622,3.578752938227929,84.16485351849168,True,366.0548643003439,-7220862.887254802
optimised_urban,today,7536925|19906892|1633052|4473909,19906892|1633052|4473909,3,dhw_only,0.75,6,8952.723716651128,12953.750789488302,96053997.3504553,6355642.440162859,1839312.3514813452,1413861.5031966534,496876.1662741376,423559.7121157112,920352.935570747,-495399.70379488746,-7274601.856073458,872.4570702065735,703.0,1,7037234.071827672,7571972.769606837,297370.9135333791,1331.2394041652296,3.2376063829787234,39.9443724180988,True,632.4858173220164,-7272466.564230998
reference,post_rebuild,7536925|4769672|rebuild:4473909,4769672|rebuild:4473909,2,full,0.75,2,25444.70648790983,35706.23966139552,90735371.297743,6437897.5575328525,4736934.095390449,3772949.874020888,1412181.2100789954,929530.4027887416,3871746.607102738,64342.91450103074,-7303085.045820562,166.17567194319963,1596.2225999999998,0,7195083.109857782,8148248.579553377,845163.5337328145,1331.2394041652296,3.475881144056077,86.48895256880532,True,312.00086987561207,-7282297.436811032
optimised_urban,today,7536925|8899918|4473909,8899918|4473909,2,dhw_only,0.75,2,7282.101863463095,10536.517795978045,99964998.62584874,6577425.40812484,1607840.9092147937,1150028.0599475908,404156.6534222018,456149.2165234609,809634.601954297,-342057.0907370357,-7375631.715385337,700.5199244369674,703.0,0,7311565.117191836,7617511.767994753,241880.05260941613,1542.4477230565622,3.2376063829787243,40.119589666437655,True,776.689494865154,-7373496.423542878
reference,today,7536925|1634606|2830989,1634606|2830989,2,full,0.75,2,6177.046314207658,9040.795802906512,93031098.48393586,6600785.042681882,1565046.253877025,998942.5610180816,342826.070438525,564085.9142436085,741619.8461960428,-259340.49343737416,-7424211.450362865,578.2915119413528,425.0,1,7311557.630066219,7629386.318205321,205174.86784245676,1085.9984301889654,3.155983129884724,46.30814661698895,True,902.9972245716468,-7403423.8413533345
reference,post_rebuild,7536925|19906892|1633052|rebuild:4473909,19906892|1633052|rebuild:4473909,3,full,0.75,2,25289.87081805664,35613.03933704644,92222079.0166249,6543383.123473255,4750257.365238839,3778204.807273489,1403587.8304021435,936980.0117716268,3868105.1822028025,54827.82873558993,-7425535.306509292,139.4655055289213,1596.2225999999998,1,7302466.565886135,8265555.866321648,840020.559812357,1331.2394041652296,3.445747892603619,86.42997958218595,True,316.1361162119812,-7404747.697499761
optimised_urban,today,7536925|4769672|4473909,4769672|4473909,2,full,0.75,6,10167.668406404227,14711.661703772706,96722113.17685013,6399046.439505581,2042771.434860707,1605731.9975536112,564305.5965554346,434982.8513220075,1000871.8460763895,-606916.7374623101,-7440946.028289899,997.4968102443664,703.0,0,7086182.722949273,7778672.170435153,337726.1421452535,1331.2394041652296,3.2376063829787234,45.25392378272142,True,573.6783144093696,-7438810.736447439
optimised_urban,today,7536925|8899918|1634606|4473909,8899918|1634606|4473909,3,dhw_only,0.75,2,7873.933048027948,11392.841962448409,100290455.23658724,6598568.626052789,1706951.1249657318,1243493.1723235282,437003.2841655511,461713.724986217,848857.4592467635,-396379.9407327512,-7456662.2917717565,761.4300367148253,703.0,1,7327973.649179092,7718200.426723674,261538.13495191743,1542.4477230565622,3.2376063829787243,40.04882862382346,True,728.8590108361329,-7454526.999929297
optimised_urban,today,7536925|4769672|1634606|4473909,4769672|1634606|4473909,3,dhw_only,0.5,2,10759.499590969082,15567.985870243074,97047569.7875886,6420189.65743353,2141881.650611645,1699197.1099295488,597152.2272987841,440547.3597847634,1040094.703368856,-661239.5874580261,-7521976.604676319,1058.4069225222238,703.0,1,7102591.254936527,7879360.829164074,357384.22448775487,1331.2394041652296,3.237606382978724,44.87260290636894,True,549.8421053624833,-7519841.31283386
optimised_urban,today,7536925|19906892|8899918|4473909,19906892|8899918|4473909,3,dhw_only,0.5,2,8659.37741202163,12529.306224297448,100192478.45318304,6595746.8537452025,1833185.4711105584,1367534.7025103716,480595.4463672004,463799.58000459423,900911.7831883918,-468474.1079175724,-7528020.54166737,842.2664401463908,703.0,0,7320204.945368236,7815647.754696838,287627.21302946744,1519.2744117874818,3.2376063829787234,39.97014919943455,True,672.5896059526391,-7525885.24982491
optimised_urban,today,7536925|1633052|8899918|4473909,1633052|8899918|4473909,3,dhw_only,0.75,6,8571.353422918448,12401.943775234207,100673976.8849754,6623484.026522173,1823743.692892546,1353633.488367091,475710.1149719739,468271.00293876353,895078.1055232879,-460394.5844304947,-7552149.61389143,833.2071827107388,703.0,1,7353201.698653006,7836853.049210235,284703.43531880475,1542.4477230565624,3.2376063829787256,39.97823499777455,True,680.9729725345846,-7550014.32204897
optimised_urban,today,7536925|4040951|4473909,4040951|4473909,2,full,0.5,6,9136.276764160408,13219.33481836479,99967694.98798268,6584400.479372771,1908178.407823895,1442849.1717410448,507063.36041090265,463413.1038640799,932517.6798015654,-512247.6241582498,-7560061.207395102,891.3479921862145,703.0,0,7309201.988034676,7863528.96242021,303467.7550251086,1497.975711347104,3.2376063829787247,39.92910094790795,True,642.2912250609126,-7557925.915552642
reference,post_rebuild,7536925|8899918|1634606|rebuild:4473909,8899918|1634606|rebuild:4473909,3,full,0.75,2,22686.98932128216,31658.81992211409,97280349.45940071,6902279.841072261,4346314.099817362,3324434.4388971864,1259127.9073311598,988081.4144838972,3686084.968796539,327852.28346307465,-7562508.972093084,-112.9273672137506,1596.2225999999998,1,7738556.9714921,8316073.021796081,753564.0497029971,1542.4477230565622,3.524536923952444,85.0531384903062,True,354.2392206040399,-7541721.3630835535
reference,post_rebuild,7536925|4040951|4769672|19906892,4040951|4769672|19906892,3,full,0.75,2,19187.434382288186,28833.57770023084,73190768.73223144,5193064.893171439,4026552.2933552414,3273404.0357019445,1064902.6082169942,744625.0409844858,1652846.057753907,-1629081.1946168484,-7566771.128772771,1837.577380922411,0.0,0,5730019.876470465,8204095.039485065,637323.9107122945,1058.439677630221,2.986303818161004,83.86037432077511,True,319.4571990205754,-7545983.519763241
reference,today,7536925|4040951|4769672|19906892,4040951|4769672|19906892,3,full,0.75,2,19187.434382288186,28833.57770023084,73190768.73223144,5193064.893171439,4026552.2933552414,3273404.0357019445,1064902.6082169942,744625.0409844858,1652846.057753907,-1629081.1946168484,-7566771.128772771,1837.577380922411,0.0,0,5730019.876470465,8204095.039485065,637323.9107122945,1058.439677630221,2.986303818161004,83.86037432077511,True,319.4571990205754,-7545983.519763241
reference,today,7536925|4040951|4769672|1633052,4040951|4769672|1633052,3,full,0.75,2,18975.05211094228,28510.932930661373,73477223.63027096,5213389.572092744,3992329.768651372,3236378.615365039,1053115.3921572964,747531.9131824167,1637994.107558712,-1606803.7479102437,-7567725.233185405,1816.9833693813416,0.0,1,5755380.429168281,8197994.719786413,630269.4866010083,1072.6822050296507,2.9870392745389385,83.71307797790641,True,322.58853552803924,-7546937.624175874
reference,post_rebuild,7536925|4040951|4769672|1633052,4040951|4769672|1633052,3,full,0.75,2,18975.05211094228,28510.932930661373,73477223.63027096,5213389.572092744,3992329.768651372,3236378.615365039,1053115.3921572964,747531.9131824167,1637994.107558712,-1606803.7479102437,-7567725.233185405,1816.9833693813416,0.0,1,5755380.429168281,8197994.719786413,630269.4866010083,1072.6822050296507,2.9870392745389385,83.71307797790641,True,322.58853552803924,-7546937.624175874
reference,post_rebuild,7536925|4040951|4769672|8899918,4040951|4769672|8899918,3,full,0.75,2,18267.27284414368,27435.69592055169,74812634.65134314,5308140.265542288,3882088.5257584383,3112988.726496757,1013833.642849974,761027.068574011,1588498.9102756788,-1532562.5469087483,-7601729.881025048,1748.3523377203271,0.0,0,5870721.329619668,8208489.989496088,606760.1084710401,1129.1658346691895,2.989617991686485,83.20124633977238,True,334.6791744303753,-7580942.272015518
reference,today,7536925|4040951|4769672|8899918,4040951|4769672|8899918,3,full,0.75,2,18267.27284414368,27435.69592055169,74812634.65134314,5308140.265542288,3882088.5257584383,3112988.726496757,1013833.642849974,761027.068574011,1588498.9102756788,-1532562.5469087483,-7601729.881025048,1748.3523377203271,0.0,0,5870721.329619668,8208489.989496088,606760.1084710401,1129.1658346691895,2.989617991686485,83.20124633977238,True,334.6791744303753,-7580942.272015518
optimised_urban,today,7536925|4769672|1633052|4473909,4769672|1633052|4473909,3,dhw_only,0.5,2,11456.919965859584,16577.087683028858,97431091.43597676,6445105.057902914,2258674.2185384603,1809337.425973112,635859.0581052069,447104.63773731,1086315.3496453804,-725254.2311557698,-7617463.926795993,1130.1840685181369,703.0,1,7127819.304410442,7998013.451650635,380549.5248546424,1331.2394041652296,3.237606382978722,44.48063044472239,True,524.9141036107161,-7615328.634953533
reference,post_rebuild,7536925|4769672|1634606|rebuild:4473909,4769672|1634606|rebuild:4473909,3,full,0.75,2,26872.66325869282,37875.54871127403,92852171.08838505,6588089.704289399,5007457.831138652,4021891.084255237,1491432.8108574515,950413.839631479,3971604.013778736,-85439.97772843743,-7623943.521649316,304.63995161820094,1596.2225999999998,1,7346844.305538168,8516537.627669772,892594.1060204566,1331.2394041652296,3.438600920944749,87.13279107019807,True,305.2205188181221,-7603155.912639786
optimised_urban,today,7536925|4769672|19906892|4473909,4769672|19906892|4473909,3,dhw_only,0.5,2,11544.943954962771,16704.45013209211,97479497.11297446,6448249.7221805565,2273415.037844374,1823238.640116393,640744.3895004339,447932.2558910414,1092149.0273104843,-733333.7546428482,-7629515.732714447,1139.2433259537893,703.0,0,7131003.429268186,8012989.035279753,383473.30256530526,1331.23940416523,3.237606382978722,44.43497360152056,True,521.9818999870274,-7627380.4408719875
optimised_urban,today,7536925|4040951|1634606|4473909,4040951|1634606|4473909,3,dhw_only,0.75,6,9728.107948725265,14075.658984835158,100934775.14227478,6642936.337579861,2013704.859010369,1536314.2841169822,539909.9911542522,475393.84776237176,971740.5370940318,-566570.4741539656,-7684900.659496198,952.258104464072,703.0,1,7369419.395736607,8008026.496863808,323125.8373676101,1526.034640964176,3.237606382978725,39.88385440360907,True,614.8660235931803,-7682765.367653739
reference,post_rebuild,7536925|4040951|4769672|rebuild:2831044,4040951|4769672|rebuild:2831044,3,full,0.75,2,29625.83373734109,42489.37396084656,85414161.83420475,6060344.6702908985,5505199.183004456,4598712.298684282,1644233.7724224306,873731.5191892819,3872370.4069985854,-759097.2568165892,-7693173.446296768,944.7437098758536,1334.7774000000002,0,6700396.323770724,8677216.0149595,984042.56866273,1045.784193601722,3.2995053489426294,88.30178938701799,True,271.4275926680347,-7672385.837287238
optimised_urban,today,7536925|4040951|19906892|4473909,4040951|19906892|4473909,3,dhw_only,0.75,6,10513.552312718948,15212.123246684196,100836798.35887057,6640114.565272274,2139939.2051551966,1660355.814303826,583502.1533559016,477479.70278074907,1023794.86103566,-638664.6413387872,-7756258.909391811,1033.094507895638,703.0,0,7361650.691925752,8105473.824836971,349214.91544516024,1502.8613296950955,3.2376063829787234,39.83179931873287,True,577.0364820223364,-7754123.617549351
optimised_urban,today,7536925|4040951|1633052|4473909,4040951|1633052|4473909,3,full,0.5,2,10425.528323615756,15084.760797620946,101114076.55591564,6655950.158295275,2128455.224589711,1646454.6001605452,578616.8219606745,479908.92336744536,1017961.1833705562,-630585.1178517095,-7766444.199514428,1024.035250459985,703.0,1,7380703.663109078,8112735.337248925,346291.1377344973,1517.1038570945257,3.2376063829787225,39.83723646689115,True,582.1977424533205,-7764308.907671968
reference,today,7536925|1633052|2830989,1633052|2830989,2,full,0.75,2,7859.766272837629,11597.133438159712,95525558.63078187,6777773.119735605,1883834.3984068015,1292297.620189197,436217.0281424884,588695.1858259647,859292.912124078,-435846.3004567589,-7802314.606018328,741.4593414819408,425.0,1,7496286.746596438,8063382.181728891,261067.57571056255,1085.9984301889654,3.1014026933979,52.4816963676349,True,746.6298436525345,-7781526.997008798
optimised_urban,today,7536925|4040951|8899918|4473909,4040951|8899918|4473909,3,dhw_only,0.5,2,10132.182018986265,14660.3162324301,102244372.29831266,6720743.060630959,2092246.4906156173,1600127.7994742638,562336.1020537377,490066.9376530214,998520.030988201,-603659.5219743947,-7814469.5202583745,993.8446203998028,703.0,0,7458281.1717996765,8151016.957488961,336547.4372305857,1573.5874867340644,3.237606382978723,39.85604961893706,True,601.0059850051229,-7812334.228415915
reference,today,7536925|19906892|2830989,19906892|2830989,2,full,0.75,2,8072.148544183539,11919.77820772918,95840393.61508928,6800111.435515979,1924069.8219341403,1329323.040526103,448004.2442021864,591801.2124515028,874144.8623192733,-458123.7471633642,-7850036.395130848,762.05335302301,425.0,0,7519602.08742377,8118158.394952697,268121.9998218488,1085.9984301889654,3.0962771669631457,53.16013177012677,True,731.6609031230503,-7829248.786121317
liquid_cooling_speculative,today,7536925|2831044|2830989,2831044|2830989,2,full,0.5,2,9806.327523859847,12095.603327350747,122933031.45114423,8306589.585616052,922848.3643962472,535071.4677616986,0.0,384955.289905938,1373181.941257188,835288.8667668788,-7856256.008755112,1759.7118254665895,1078.0,0,8859059.491087118,8726231.141012985,869975.132257873,1170.367855153333,5.283593749999999,32.43372989441066,True,762.8074510694588,-8072085.183262568
reference,post_rebuild,7536925|1634606|rebuild:2831044|rebuild:4473909,1634606|rebuild:2831044|rebuild:4473909,3,full,0.75,2,34045.55021447957,46712.49796240896,110381122.33987722,7831811.869461175,5994417.214039528,4810158.011084711,1889528.036903616,1125778.3220753171,5969956.465519445,1101317.5735552337,-7856272.617981259,-916.5359950582242,2931.0,1,8770552.04625961,8987119.127875946,1130846.5098946868,1518.264775283669,3.683104266057322,89.20444855183396,True,294.7337180233982,-7835485.008971728
reference,today,7536925|1634606|2831044,1634606|2831044,2,full,0.75,2,9046.681446744791,13192.888455392736,109877039.16790244,7796045.929726375,1731148.4458911456,1452130.5259911092,502090.820294336,275147.4773211517,1643249.641790186,187248.67322019208,-7883944.733827337,767.1586031572772,944.0,1,7978661.756812565,8184436.5183845265,300491.7845571894,335.7905800568832,3.181221855989649,39.17610666139343,True,721.8528349753368,-7863157.124817806
optimised_urban,today,7536925|4769672|8899918|4473909,4769672|8899918|4473909,3,dhw_only,0.5,6,11163.573661230092,16152.64311783802,102099476.64749458,6716091.308539867,2257846.379255574,1763010.62528683,619578.3381982701,492643.54671409377,1066874.1972630252,-698328.635278455,-7907063.490532417,1099.9934384579542,703.0,0,7446971.056093518,8277869.314883148,370805.824350731,1542.4477230565622,3.2376063829787243,44.63870453761183,True,555.4351331289508,-7904928.198689957
reference,post_rebuild,7536925|19906892|8899918|rebuild:4473909,19906892|8899918|rebuild:4473909,3,full,0.75,2,24582.091551258047,34537.80232693677,99111315.58926104,7032191.387217511,4695554.377861545,3654814.9184052087,1364306.0810948217,1006013.4226788604,3818609.9849197697,129069.0297370841,-7909135.780159287,70.83447386790522,1596.2225999999998,0,7867403.292147873,8725646.961841676,816511.181682389,1519.2744117874818,3.465054771962442,86.08264140301361,True,338.5571443606863,-7888348.171149757
reference,post_rebuild,7536925|1633052|8899918|rebuild:4473909,1633052|8899918|rebuild:4473909,3,full,0.75,2,24369.70927991213,34215.157557367296,99774809.60624675,7079267.918125986,4665102.244347138,3617789.4980683024,1352518.8650351234,1012690.6860662536,3803758.034724574,151346.4764436892,-7940612.127748551,50.24046232683668,1596.2225999999998,1,7923286.088022322,8750068.885319654,809456.7575711033,1542.4477230565624,3.471129300158324,85.97472937607601,True,342.2386140594922,-7919824.51873902
reference,today,7536925|19906892|2831044,19906892|2831044,2,full,0.75,2,10941.783676720675,16071.870860215398,108181589.4369876,7675749.60509065,2045124.5653275775,1782511.0054991303,607268.9940579975,257815.32690836332,1775774.6579134164,-11534.580505798052,-7945099.51250481,950.9204442389336,944.0,0,7822036.048079611,8308538.429041392,363438.9165365815,229.088381983926,3.131586521562808,43.94206987959691,True,604.5391990766609,-7924311.90349528
liquid_cooling_speculative,today,7536925|19906892|2831044|2830989,19906892|2831044|2830989,3,dhw_only,0.75,6,11421.950613091743,14088.391755670162,124714191.58770517,8415456.662698023,1034377.7824097944,623226.1633499953,0.0,408142.4564793377,1464459.1224912829,838223.796560826,-7985375.322616534,2069.8267974897108,1078.0,0,8973269.390155291,8998681.575246792,1013306.2526302582,1212.4308660188196,5.283593750000002,33.24524124680275,True,670.5396503987254,-8201204.49712399
reference,post_rebuild,7536925|4769672|1633052|rebuild:4473909,4769672|1633052|rebuild:4473909,3,full,0.75,2,28555.383217322797,40431.88634652723,95346631.23523104,6765077.781343122,5326245.975668427,4315246.143426351,1584823.768561415,975023.111213835,4089277.079706771,-261945.784747821,-8002046.677304778,467.8077811587882,1596.2225999999998,1,7531573.422068388,8950533.491193341,948486.8138885628,1331.2394041652296,3.400644711061408,87.81307843751006,True,298.1643481251714,-7981259.068295248
advanced_recovery,today,7536925|2831044|2830989,2831044|2830989,2,full,0.5,6,9090.928835268944,12095.603327350747,122747174.95415448,8295758.210730729,1079808.3082935312,693889.97662888,0.0,383096.72493604047,1373181.941257188,676470.3578996975,-8002384.577767074,1552.9887896139835,1078.0,0,8829634.507736856,8808892.620310713,806508.0425436383,1170.367855153333,4.025595238095239,32.43372989441066,True,774.888582126521,-8176275.182461835
liquid_cooling_speculative,today,7536925|4769672|2831044|2830989,4769672|2831044|2830989,3,full,0.75,6,14359.516218190503,17711.728649210712,125242017.6894742,8455425.504007796,1210056.0807906666,783511.1972877355,0.0,423194.70226341183,1630421.536565916,843560.1580386613,-8035060.048232546,2633.685460758992,1078.0,0,9004936.574268386,9308974.46631454,1273914.4180819937,1170.367855153333,5.28359375,37.51229500225935,True,545.5216481079907,-8250889.222740002
liquid_cooling_speculative,today,7536925|1634606|2831044|2830989,1634606|2831044|2830989,3,dhw_only,0.5,2,10500.57939503492,12951.927493821113,125632529.89252225,8466087.59596492,990114.9752827628,572952.556966818,0.0,414260.2166750891,1412404.7985496544,836550.0399419809,-8043797.77269803,1892.971804877267,1078.0,1,9037343.065228024,8975363.940129494,931566.1674314642,1273.0238013074047,5.283593749999997,32.808055577388764,True,729.875948897695,-8259626.947205486
reference,post_rebuild,7536925|4769672|19906892|rebuild:4473909,4769672|19906892|rebuild:4473909,3,full,0.75,2,28767.765488668698,40754.531116096696,95661466.21953844,6787416.097123497,5366481.399195766,4352271.563763258,1596610.9846211127,978129.1378393732,4104129.029901966,-284223.23145442706,-8049768.466417298,488.4017926998577,1596.2225999999998,0,7554888.76289572,9005309.704417147,955541.2379998486,1331.23940416523,3.3962474245808263,87.89357129392154,True,297.3366756252531,-8028980.857407767
liquid_cooling_speculative,today,7536925|1633052|2831044|2830989,1633052|2831044|2830989,3,dhw_only,0.5,6,11318.69343311041,13961.02930660691,125665513.31262368,8470574.273071352,1037901.3368932196,617592.0489768907,0.0,417312.11234476825,1458625.4448261792,838036.2202777278,-8049850.165138393,2050.006829766717,1078.0,1,9038377.559988225,9053995.885592638,1004145.7204542456,1256.323151757247,5.2835937500000005,33.199245653441075,True,680.8579958996751,-8265679.339645849
reference,post_rebuild,7536925|19906892|rebuild:2831044|rebuild:4473909,19906892|rebuild:2831044|rebuild:4473909,3,full,0.75,2,35940.65244445545,49591.48036723162,110632309.77645196,7849634.235328848,6327859.705150857,5140538.490592732,1994706.2106672777,1127912.5433374243,6102481.4816426765,902534.3198292444,-8075012.458837029,-732.7741539765684,2931.0,0,8771511.399704952,9268806.100711107,1193793.6418740791,1457.6718399950837,3.628297206731801,89.7340714443017,True,284.687715807487,-8054224.849827498
optimised_urban,today,7536925|4040951|4769672|4473909,4040951|4769672|4473909,3,dhw_only,0.5,6,13017.748561927398,18835.460140224764,102102173.00962852,6723066.3797878,2558183.877864675,2055831.7370802837,722485.0451869706,499907.4340547127,1189757.2751102934,-868519.168699669,-8091492.982542181,1290.8215062072004,703.0,0,7444607.926936358,8523886.509308605,432393.5267664232,1497.975711347104,3.237606382978725,43.77333524728918,True,492.62430977765706,-8089357.690699722
reference,post_rebuild,7536925|4040951|rebuild:4473909,4040951|rebuild:4473909,2,full,0.75,2,25732.743420623945,36285.83809702969,99917852.40871689,7089417.156460211,4904551.351098623,3855412.495852385,1428167.2598446289,1013849.4907107144,3899075.384162048,8373.523774139103,-8094893.123396786,182.4094077232776,1596.2225999999998,0,7925930.552497751,8949624.003171258,854730.879774471,1497.975711347104,3.4343511052329143,86.63818152880452,True,329.5687731132282,-8074105.514387256
liquid_cooling_speculative,today,7536925|4040951|2831044|2830989,4040951|2831044|2830989,3,full,0.5,2,13149.634758381011,16219.40176380281,126334279.70534994,8515288.025804996,1150796.8314453978,717495.3471192807,0.0,430091.7568529161,1562067.370291092,841362.2956986103,-8104017.486959303,2401.451620105914,1078.0,0,9081314.813871177,9270596.434096329,1166578.9471370245,1244.9648716903328,5.28359375,33.92209902245946,True,595.7602672708953,-8319846.661466759
reference,today,7536925|8899918|2831044,8899918|2831044,2,full,0.75,2,10021.622138576167,14673.989080536256,111383234.04938485,7902914.157739074,1916458.58466363,1622095.6962939429,556200.0286909773,290015.141430744,1711427.5104351882,84984.06720230222,-8107945.231967516,861.6954010368495,944.0,0,8090624.468439245,8440820.346262844,332875.1142953272,337.2341630423996,3.1530613760495285,41.72611702097689,True,668.8723115163361,-8087157.622957986
reference,today,7536925|1633052|1634606|2830989,1633052|1634606|2830989,3,full,0.75,2,9287.72304362062,13766.442488038214,97642358.42142393,6927965.266492153,2154358.134155004,1541238.8304235458,515468.6289209444,609578.6226687019,959150.3188000754,-585629.1926862265,-8123173.081847081,879.9236211569423,425.0,2,7648047.942276826,8431671.229845285,308498.147998205,1085.9984301889654,3.071801138177753,56.69382327893012,True,659.4864815273107,-8102385.472837551
liquid_cooling_speculative,today,7536925|8899918|2831044|2830989,8899918|2831044|2830989,3,dhw_only,0.75,6,10974.58141907204,13536.584741416063,126960293.9319187,8544953.051572274,1030888.1590838112,598815.9556863145,0.0,429114.97539932426,1439184.292443824,837411.1087593371,-8136656.918212262,1983.955355064743,1078.0,0,9127294.92209286,9110274.50321558,973617.585003318,1320.5766470772933,5.2835937500000005,33.0406950859671,True,707.1860565663251,-8352486.092719718
advanced_recovery,today,7536925|19906892|2831044|2830989,19906892|2831044|2830989,3,dhw_only,0.5,6,10588.687756035994,14088.391755670162,124497714.65232097,8402840.784968972,1217197.36732233,808210.5176163729,0.0,405977.68712549546,1464459.1224912829,653239.4422944484,-8155579.029800018,1829.045495789166,1078.0,0,8942007.06622345,9094961.79144868,939382.7616486604,1212.4308660188196,4.025595238095238,33.24524124680275,True,682.6207814557874,-8329469.63449478
reference,post_rebuild,7536925|1633052|rebuild:2831044|rebuild:4473909,1633052|rebuild:2831044|rebuild:4473909,3,full,0.75,2,35728.270173109544,49268.83559766215,112170515.80006664,7958773.732536787,6306154.691702738,5103513.070255826,1982918.99460758,1143336.926791107,6087629.531447481,924811.76653585,-8177298.892792046,-753.368165517637,2931.0,1,8898204.281945152,9364038.11055484,1186739.2177627932,1501.5641257335112,3.6340430769161536,89.67749832407155,True,288.32878953319107,-8156511.283782516
advanced_recovery,today,7536925|1634606|2831044|2830989,1634606|2831044|2830989,3,dhw_only,0.75,2,9734.533114164238,12951.927493821113,125433515.44007044,8454489.399630565,1158187.1051115368,743014.8313201101,0.0,412270.0721505712,1412404.7985496544,666487.7655886888,-8200271.706192449,1671.613539464312,1078.0,1,9007128.555443501,9063877.547712443,863605.8415199952,1273.0238013074047,4.025595238095237,32.808055577388764,True,741.9570799547571,-8374162.31088721
advanced_recovery,today,7536925|1633052|2831044|2830989,1633052|2831044|2830989,3,full,0.5,2,10492.96347264275,13961.02930660691,125450993.3807878,8458072.445910495,1219068.188798681,800904.1002007108,0.0,415166.9130264094,1458625.4448261792,654724.1690539077,-8218515.189882996,1811.402248930062,1078.0,1,9007232.663572978,9149405.705489222,930890.5156062244,1256.323151757247,4.025595238095237,33.199245653441075,True,692.9391269567373,-8392405.794577759
reference,post_rebuild,7536925|8899918|rebuild:2831044|rebuild:4473909,8899918|rebuild:2831044|rebuild:4473909,3,full,0.75,2,35020.49090631095,48193.59858755248,113833954.3888492,8076798.787977274,6199193.724486908,4980123.181387545,1943637.2453002576,1160112.3578598052,6038134.334164448,999052.9675373452,-8237858.178299734,-821.9991971786512,2931.0,0,9040099.820064586,9401088.01793256,1163229.8396328252,1565.817621053557,3.6538860577000873,89.4840363490946,True,294.99839696338057,-8217070.569290204
reference,today,7536925|19906892|1634606|2830989,19906892|1634606|2830989,3,full,0.75,2,9500.105314966531,14089.087257607682,98899226.04038808,7017143.11255749,2204013.8840289097,1578264.2507604517,527255.8449806424,622104.9756408077,974002.2689952708,-607906.6393928315,-8247154.727591128,900.5176326980113,425.0,1,7747623.139735688,8562707.29970062,315552.5721094912,1108.312003066472,3.0682161676811286,57.2564089757689,True,654.2306233486893,-8226367.118581598
advanced_recovery,today,7536925|4769672|2831044|2830989,4769672|2831044|2830989,3,full,0.5,6,13311.949833496685,17711.728649210712,124969865.9204978,8439564.999353766,1439894.3005029303,1016070.9346897634,0.0,420473.1845736479,1630421.536565916,611000.4206366335,-8249037.763290781,2330.9785831050967,1078.0,0,8970333.552538106,9430016.604638724,1180978.8413479428,1170.367855153333,4.025595238095236,37.51229500225935,True,557.6027791650528,-8422928.367985543
advanced_recovery,today,7536925|4040951|2831044|2830989,4040951|2831044|2830989,3,full,0.5,6,12190.332569186705,16219.40176380281,126085058.47069904,8500763.870526014,1361269.7051000255,930460.4331204174,0.0,427599.5445064071,1562067.370291092,628397.2096974736,-8299966.205334948,2124.249740911948,1078.0,0,9048087.709779007,9381439.994920485,1081473.7895855363,1244.9648716903328,4.025595238095239,33.92209902245946,True,607.8413983279573,-8473856.81002971
advanced_recovery,today,7536925|8899918|2831044|2830989,8899918|2831044|2830989,3,dhw_only,0.75,6,10173.955380839545,13536.584741416063,126752295.85582806,8532831.306171639,1206547.1588105208,776554.9361739305,0.0,427034.9946384179,1439184.292443824,659672.1282717211,-8300194.172538337,1752.6048538050018,1078.0,0,9096541.36136241,9202783.66452664,902589.4919883036,1320.5766470772933,4.025595238095238,33.0406950859671,True,719.2671876233873,-8474084.7772331
reference,today,7536925|8899918|2830989,8899918|2830989,2,full,0.75,2,7151.987006039033,10521.89642805004,103393124.20471115,7335996.23016871,1838914.701042439,1168907.7313209162,396935.2788351664,667511.8867461296,809797.714841045,-361605.09945526463,-8365113.216370104,672.8283098209256,425.0,0,8140421.609559957,8602671.413950698,237558.19758059457,1297.206749080298,3.120908037470504,50.069305114004905,True,871.745498633047,-8344325.607360573
reference,today,7536925|4769672|2830989,4769672|2830989,2,full,0.75,2,11337.66094344969,16738.625217209974,98964945.83369544,7021806.093385846,2500058.432363728,1866364.3766789653,629240.1823614577,629844.3118937111,1095316.7598232415,-774897.3606467753,-8426547.765926331,1090.3956286528778,425.0,0,7748708.943606022,8803136.019824386,376588.25389805424,1085.9984301889654,3.097529420252944,61.401295510962285,True,568.625837453633,-8405760.1569168
reference,post_rebuild,7536925|4769672|rebuild:2831044|rebuild:4473909,4769672|rebuild:2831044|rebuild:4473909,3,full,0.75,2,39150.32228878416,54323.07554123567,111981049.16737989,7945330.60937145,6879848.88286895,5667314.005592083,2172842.8870275207,1147817.329861878,6323653.379146645,591621.8261395729,-8501526.113093756,-409.8550823924352,2931.0,0,8857210.350598104,9801931.159938743,1300405.046844989,1415.608829129597,3.576080739605498,90.38244793983208,True,271.7162420898097,-8480738.504084226
reference,post_rebuild,7536925|4040951|1634606|rebuild:4473909,4040951|1634606|rebuild:4473909,3,full,0.75,2,27160.70019140693,38455.1471469082,103219241.84521812,7323658.849481692,5186920.983305416,4104353.706086734,1507418.8606230847,1046578.8240120438,3998932.790838045,-141409.36845532773,-8511647.041949064,320.8736873982798,1596.2225999999998,1,8173587.190901664,9413808.494011177,902161.4520621134,1526.034640964176,3.4007647971773807,87.26588667418059,True,324.39328165679456,-8490859.432939533
reference,today,7536925|19906892|1633052|2830989,19906892|1633052|2830989,3,full,0.75,2,11182.825273596502,16645.42489286088,100451653.55257736,7127291.65932625,2513381.7022121185,1871619.309931567,620646.8026846058,637293.9208765962,1091675.334923306,-784412.4464122163,-8548998.02661506,1063.6854622386,425.0,1,7856092.399634378,8920443.306592658,371445.27997759706,1085.9984301889654,3.0449316303409453,61.23836982894378,True,578.9101180749866,-8528210.41760553
reference,post_rebuild,7536925|4769672|8899918|rebuild:4473909,4769672|8899918|rebuild:4473909,3,full,0.75,2,27847.6039505242,39356.64933641756,103214196.80916032,7323300.891776227,5281326.278304065,4191856.254558071,1545542.0192540928,1053839.812134,4039781.8824237376,-187704.5837463273,-8564845.287656555,399.1767494977739,1596.2225999999998,0,8175708.285031906,9489822.72341515,924977.4357585948,1542.4477230565622,3.4159074072076225,87.53643114530597,True,319.3614591280243,-8544057.678647025
reference,today,7536925|1633052|2831044,1633052|2831044,2,full,0.75,2,10729.401405374763,15749.22609064593,116434467.74694677,8261311.600973766,2090566.274742905,1745485.5851622242,595481.7779982993,340386.43322549085,1760922.707718221,10742.866200806888,-8590955.16799845,930.3264326978652,944.0,1,8492298.151858436,8947339.660423744,356384.4924252952,432.0285859131241,3.136179859000879,43.44588406603943,True,656.9963222197356,-8570167.55898892
optimised_urban,today,7536925|2831044|2830989,2831044|2830989,2,full,0.5,2,8359.632398042682,12095.603327350747,122557188.3127872,8284686.138625732,1704215.849035456,1320197.383784478,463959.59809136885,381196.8585223674,1373181.941257188,50162.95074409938,-8615720.046404,737.7678842694074,1078.0,0,8799555.635867698,8893391.021370608,277670.9749666071,1170.367855153333,3.237606382978724,32.43372989441066,True,825.5958889088164,-8613584.75456154
reference,today,7536925|19906892|1634606|2831044,19906892|1634606|2831044,3,full,0.75,2,12369.74044750366,18241.17991009389,114766837.7230615,8142989.152913135,2360332.7860300974,2031452.2157334783,686520.5948364531,323383.2487054194,1875632.0645894136,-161317.47273526454,-8627689.874353819,1089.384723913936,944.0,1,8335529.129780254,9038559.363178045,410869.48882422375,334.93084166530934,3.1051871883003206,47.06218702077655,True,575.5014022718443,-8606902.265344288
reference,today,7536925|8899918|1634606|2830989,8899918|1634606|2830989,3,full,0.75,2,8579.943776822021,12691.20547792854,105509923.9953532,7486188.376925257,2109438.4367906414,1417848.9415552649,476186.8796136222,688395.323588867,909655.1215170424,-511387.9916847317,-8685971.692198856,811.2925894959271,425.0,1,8292182.805240343,8970960.462067092,284988.76986823685,1297.206749080298,3.085137825739301,54.70519898394864,True,755.8330576832694,-8665184.083189325
reference,today,7536925|4769672|1634606|2830989,4769672|1634606|2830989,3,full,0.75,2,12765.617714232674,18907.93426708848,101081745.6243375,7171998.240142394,2770582.1681119297,2115305.5869133137,708491.7831399135,650727.7487364485,1195174.166499239,-924680.2528762424,-8747406.241755085,1228.8599083278796,425.0,1,7900470.139286409,9171425.06794078,424018.8261856964,1085.9984301889654,3.0764125402892013,64.21303473558686,True,525.6011278339639,-8726618.632745555
reference,today,7536925|4040951|2831044,4040951|2831044,2,full,0.75,2,14495.33300870093,21470.31630533036,114822880.73758738,8146965.542508201,2732073.011175536,2402014.96348349,804490.9819829017,323520.0939827417,2024275.3324766937,-384277.58471610094,-8854763.221207043,1295.4964556488808,944.0,0,8323334.6072323555,9336235.737861486,481472.5166544432,261.62238765543907,3.076293457818454,51.10563773814057,True,506.3968525361295,-8833975.612197513
optimised_urban,today,7536925|1634606|2831044|2830989,1634606|2831044|2830989,3,dhw_only,0.5,2,8951.46358260753,12951.927493821113,125230078.44423084,8442633.465599889,1826800.3999934453,1413662.496160415,496806.22883471794,410235.70219217497,1412404.7985496544,-4159.899251616107,-8857029.067043679,798.6779965472651,1078.0,1,8976242.612108212,9154358.124352789,297329.05730910815,1273.0238013074047,3.237606382978724,32.808055577388764,True,792.6643867370523,-8854893.775201218
reference,post_rebuild,7536925|4040951|19906892|rebuild:4473909,4040951|19906892|rebuild:4473909,3,full,0.75,2,29055.802421382818,41334.12955173085,105050207.97507843,7453570.39562694,5536161.2613496,4434734.185594755,1612597.0343867464,1064510.8322070069,4131457.806961275,-340192.62218131835,-8858273.850015264,504.6355284799365,1596.2225999999998,0,8302433.511557437,9823382.43405677,965108.5840415058,1502.8613296950955,3.3624546925978605,88.00876593902153,True,313.3685299267735,-8837486.241005734
reference,post_rebuild,7536925|4040951|1633052|rebuild:4473909,4040951|1633052|rebuild:4473909,3,full,0.75,2,28843.4201500369,41011.4847821614,105336662.87311795,7473895.074548246,5501938.736645732,4397708.76525785,1600809.818327048,1067417.704404938,4116605.85676608,-317915.17547471414,-8859227.954427898,484.0415169388671,1596.2225999999998,1,8327794.064255254,9817282.114358118,958054.1599302192,1517.1038570945257,3.366439790601964,87.9301073888034,True,315.49751521893376,-8838440.345418368
optimised_urban,today,7536925|19906892|2831044|2830989,19906892|2831044|2830989,3,dhw_only,0.75,2,9736.907946601224,14088.391755670162,124276427.11837262,8389944.554401496,1944478.000713733,1537704.0263472593,540398.3910363679,403764.81178601214,1464459.1224912829,-76254.06643643805,-8869963.432623947,879.5143999788304,1078.0,0,8910050.02398201,9193381.568010606,323418.1353866586,1212.4308660188196,3.237606382978725,33.24524124680275,True,733.328088238083,-8867828.140781486
reference,post_rebuild,7536925|4040951|8899918|rebuild:4473909,4040951|8899918|rebuild:4473909,3,full,0.75,2,28135.64088323831,39936.24777205172,106672073.89419016,7568645.76799779,5391697.493752798,4274318.876389569,1561528.0690197262,1080912.8597965322,4067110.659483047,-243673.97447321893,-8893232.602267541,415.4104852778528,1596.2225999999998,0,8443134.96470664,9827777.384067792,934544.7818002512,1573.5874867340644,3.3802581094167623,87.65987216726482,True,323.6127133913745,-8872444.99325801
liquid_cooling_speculative,today,7536925|4473909|2830989,4473909|2830989,2,dhw_only,0.5,2,10130.62871291474,12495.612253409154,130843870.9050737,8820190.958654193,979080.0144898538,552766.605192328,0.0,424465.3918872544,899368.472998729,344753.85039612965,-8899902.500145318,1895.6100430081551,1128.0,0,9823909.143553078,9798648.236806618,898745.7366613003,1331.23940416523,5.2835937500000005,40.21878848296143,True,784.0690601663607,-9115731.674652774
optimised_urban,today,7536925|1633052|2831044|2830989,1633052|2831044|2830989,3,dhw_only,0.75,6,9648.883957498034,13961.02930660691,125231706.33935556,8445292.800368283,1939774.0303876256,1523802.8122039782,535513.0596411409,412974.042612087,1458625.4448261792,-68174.54294935966,-8926441.38592973,870.4551425431782,1078.0,1,8975395.658348503,9246935.743605724,320494.3576759957,1256.323151757247,3.2376063829787243,33.199245653441075,True,743.6464337390325,-8924306.09408727
liquid_cooling_speculative,today,7536925|1634606|4473909|2830989,1634606|4473909|2830989,3,dhw_only,0.75,2,10824.880584089811,13351.93641987952,131195935.82574654,8842884.859956853,1022872.2901693174,590647.6943974474,0.0,430295.9834493539,938591.3302911954,346015.02357123187,-8927165.819834977,2028.870022418832,1128.0,1,9841914.273440722,9887502.591669869,960336.7718348916,1331.2394041652296,5.283593749999999,40.15173800207205,True,738.7564041360722,-9142994.994342431
reference,today,7536925|8899918|1634606|2831044,8899918|1634606|2831044,3,full,0.75,2,11449.578909359152,16843.298130414758,119780591.52977338,8498727.305792708,2249787.8973092968,1871036.906528291,635451.629469433,373704.1551709464,1811284.9171111851,-64798.82502716464,-8937230.28599082,1000.1596807118513,944.0,1,8750812.242314184,9317535.972573789,380305.6865829694,485.9993719808433,3.1213662478598048,45.09343063199877,True,637.8482577644306,-8916442.676981289
liquid_cooling_speculative,today,7536925|1633052|4473909|2830989,1633052|4473909|2830989,3,full,0.75,6,11642.9946221653,14361.038232665316,131610812.99911144,8869627.602764273,1074477.5893124093,635287.1864075203,0.0,437166.8166516676,984811.9765677198,347501.2039069782,-8959293.215508964,2185.9050473082825,1128.0,1,9869023.77143455,9992209.540366637,1032916.3248576728,1331.2394041652296,5.283593750000001,40.08322010832956,True,692.2954625390113,-9175122.39001642
liquid_cooling_speculative,today,7536925|19906892|4473909|2830989,19906892|4473909|2830989,3,dhw_only,0.5,6,11746.251802146637,14488.40068172856,131663176.17217351,8873002.902635373,1080990.8838087905,640921.300780625,0.0,438034.0097660432,990645.6542328238,347688.7801900765,-8963348.132211337,2205.725015031276,1128.0,0,9872445.36082585,10005424.989245022,1042076.8570336855,1331.2394041652296,5.283593749999998,40.0752657291642,True,686.8914265832345,-9179177.306718793
reference,post_rebuild,7536925|4040951|rebuild:2831044|rebuild:4473909,4040951|rebuild:2831044|rebuild:4473909,3,full,0.75,2,39344.19291657377,54755.3214908171,117273601.07705174,8320850.172746399,6997826.981777812,5732415.942770765,2183602.706869844,1192595.0630371326,6350982.156205954,545750.237465274,-8967694.998318257,-402.6719577850563,2931.0,0,9273650.250967825,10274539.592223752,1306844.593905496,1490.2058456665968,3.548513957381339,90.20431264281206,True,278.43615494269625,-8946907.389308726
reference,today,7536925|1633052|1634606|2831044,1633052|1634606|2831044,3,full,0.75,2,12157.35817615775,17918.535140524433,119256334.2242454,8461529.961708426,2368140.677357672,1994426.795396572,674733.3787767551,368320.5369347943,1860780.114394219,-139040.02602865934,-8968890.524671879,1068.7907123728664,944.0,2,8701136.228383502,9372705.589384817,403815.0647129376,448.729235463282,3.108683043312438,46.62058078126225,True,604.0827115136038,-8948102.915662348
optimised_urban,today,7536925|8899918|2831044|2830989,8899918|2831044|2830989,3,dhw_only,0.5,6,9355.537652868545,13536.584741416063,126539675.60026874,8520440.188650988,1905342.0315986944,1477476.0115176977,519232.3397342041,424908.7920828246,1439184.292443824,-41248.947072045885,-8986597.92780586,840.2645124829953,1078.0,0,9065104.388171284,9297348.584977943,310750.6571720843,1320.5766470772933,3.2376063829787234,33.0406950859671,True,769.9744944056825,-8984462.635963399
reference,today,7536925|19906892|8899918|2831044,19906892|8899918|2831044,3,full,0.75,2,13344.681139335036,19722.280535237423,118085141.79885855,8378430.981156984,2563764.0167457284,2201417.386036312,740629.8032330945,356372.0047581581,1943809.933234416,-263582.0787531544,-8998385.064668298,1183.9215217935089,944.0,0,8594186.53358123,9441637.88323066,443252.8185623614,379.2971739078862,3.090692024876425,48.99789690600783,True,554.5109427082693,-8977597.455658767
reference,today,7536925|19906892|8899918|2830989,19906892|8899918|2830989,3,full,0.75,2,10475.046006797906,15570.187882751205,107340890.12521347,7616099.923070505,2458678.714834824,1748229.4210632858,581365.0533772837,706327.3317838298,1042180.1376402728,-710171.2454107215,-9032598.500265056,995.0544305775838,425.0,0,8421029.125896115,9380534.402112683,347935.9018476291,1274.0334378112177,3.0537518239381582,59.65921252721208,True,646.7909540818057,-9011810.891255526
advanced_recovery,today,7536925|4473909|2830989,4473909|2830989,2,dhw_only,0.5,6,9391.571356510238,12495.612253409154,130651868.02119032,8809001.383642893,1141230.7187728195,716837.3383141279,0.0,422545.3630484205,899368.472998729,180683.1172743297,-9050863.629416984,1682.0505511867968,1128.0,0,9763889.827863432,9884043.381277168,833179.7518601844,1331.23940416523,4.025595238095239,40.21878848296143,True,796.1501912234227,-9224754.234111745
reference,today,7536925|1633052|8899918|2830989,1633052|8899918|2830989,3,full,0.75,2,10262.663735451995,15247.54311318174,108004384.14219922,7663176.453978981,2428226.5813204176,1711204.0007263802,569577.8373175857,713004.5951712232,1027328.1874450776,-687893.7987041167,-9064074.84785432,974.4604190365152,425.0,1,8476911.921770565,9404956.325590665,340881.47773634293,1297.206749080298,3.056652318592642,59.15947550286715,True,661.5744566189081,-9043287.23884479
liquid_cooling_speculative,today,7536925|4769672|4473909|2830989,4769672|4473909|2830989,3,full,0.75,2,14683.8174072454,18111.73757526913,133152857.14340363,8969026.877045935,1266287.7308842735,801206.3347183656,0.0,462704.8042447282,1156608.068307457,353025.1416679117,-9078706.539622752,2769.583678300557,1128.0,0,9969786.226734344,10381391.562108174,1302685.0224854213,1331.2394041652296,5.283593749999999,44.18401928124588,True,564.9893045039316,-9294535.714130208
advanced_recovery,today,7536925|1634606|4473909|2830989,1634606|4473909|2830989,3,dhw_only,0.5,2,10035.175635405523,13351.936419879516,130990774.98640113,8830928.463496521,1196135.180383774,765962.1930053582,0.0,428244.3750558996,938591.3302911954,170700.524963321,-9088472.313589102,1800.675301037124,1128.0,1,9781105.43131682,9978749.864425642,890277.5508365408,1331.2394041652296,4.025595238095238,40.15173800207204,True,750.8375351931344,-9262362.918283865
optimised_urban,today,7536925|4040951|2831044|2830989,4040951|2831044|2830989,3,full,0.5,6,11209.712553565852,16219.40176380281,125830298.98638923,8485916.956240831,2198558.8004476614,1770297.1233111515,622139.0467229048,425051.9496633092,1562067.370291092,-211439.4804932605,-9122408.3863974,1031.0925802322422,1078.0,0,9014122.2255959,9494746.745985178,372338.3595877768,1244.9648716903328,3.2376063829787234,33.92209902245946,True,658.5487051102527,-9120273.09455494
reference,today,7536925|4769672|1633052|2830989,4769672|1633052|2830989,3,full,0.75,2,14448.33767286265,21464.271902341672,103576205.77118352,7348986.317196116,3089370.3126417063,2408660.646084429,801882.7408438771,675337.0203188045,1312847.2324272743,-1101186.0598956272,-9125509.397410547,1392.0277378684682,425.0,1,8085199.255816629,9605420.93146435,479911.5340538024,1085.9984301889654,3.0572605743155403,67.03396820920513,True,486.0627945391034,-9104721.788401015
advanced_recovery,today,7536925|1633052|4473909|2830989,1633052|4473909|2830989,3,dhw_only,0.5,2,10793.605993884044,14361.038232665316,131390146.6803819,8856767.575477438,1260835.201603553,823851.4618859591,0.0,434960.1534643724,984811.9765677198,158936.92842853934,-9132790.800513271,1940.4640105028748,1128.0,1,9807284.542679915,10090353.025436044,957562.2249227704,1331.2394041652296,4.025595238095238,40.08322010832956,True,704.3765935960735,-9306681.405208034
advanced_recovery,today,7536925|19906892|4473909|2830989,19906892|4473909|2830989,3,dhw_only,0.5,6,10889.330277277284,14488.40068172856,131440552.84989569,8860028.824780345,1269001.229107008,831157.8793016212,0.0,435807.7765432645,990645.6542328238,157452.2016690802,-9138384.399654528,1958.1072573619783,1128.0,0,9810588.704554625,10104438.870619737,966054.470965206,1331.2394041652296,4.025595238095236,40.0752657291642,True,698.9725576402967,-9312275.00434929
optimised_urban,today,7536925|4769672|2831044|2830989,4769672|2831044|2830989,3,full,0.5,6,12241.10419580967,17711.728649210712,124691666.33443302,8423352.039040761,2354221.3190762363,1933179.949123717,679381.2828674366,417691.18871300016,1630421.536565916,-306108.59379732027,-9147151.821551085,1137.2413982903936,1078.0,0,8934961.574769381,9553748.568259005,406596.7467079217,1170.367855153333,3.2376063829787216,37.51229500225935,True,608.3100859473483,-9145016.529708622
reference,today,7536925|4769672|19906892|2830989,4769672|19906892|2830989,3,full,0.75,2,14660.71994420856,21786.916671911134,103891040.75549091,7371324.632976491,3129605.7361690444,2445686.066421335,813669.9569035751,678443.0469443427,1327699.1826224695,-1123463.5066022323,-9173231.186523063,1412.6217494095365,425.0,0,8108514.596643961,9660197.144688154,486965.95816508855,1085.9984301889656,3.0551773215383164,67.35809443185121,True,481.7319451115114,-9152443.577513536
reference,today,7536925|4040951|2830989,4040951|2830989,2,full,0.75,2,11625.697876163802,17318.22365284414,108147426.9446694,7673325.692313207,2667675.688071902,1948826.998510463,645226.232127091,714163.3998156844,1122645.5368825507,-830866.7513736669,-9218355.84350256,1106.629364432957,425.0,0,8479556.386245996,9604511.44344227,386155.5999397108,1252.73473737084,3.0399922036113405,62.16404503093186,True,596.8462065069729,-9197568.234493028
liquid_cooling_speculative,today,7536925|8899918|4473909|2830989,8899918|4473909|2830989,3,dhw_only,0.75,6,11298.882608126934,13936.59366747446,136266009.56901103,9139845.243619444,1101068.5710090466,616511.093116944,0.0,482573.8392122697,965370.8241853646,346876.09238858765,-9275542.990443127,2119.8535726063083,1128.0,0,10187384.15539948,10277931.179849872,1002388.1894067456,1542.4477230565624,5.283593749999999,40.11080267118331,True,734.6795364956723,-9491372.164950583
liquid_cooling_speculative,today,7536925|4040951|4473909|2830989,4040951|4473909|2830989,3,full,0.5,6,13473.935947435906,16619.410689861208,136352068.31845576,9151678.521510258,1228097.9731307677,735190.48454991,0.0,490671.350425996,1088253.9020326328,350827.2793278612,-9291522.592608394,2537.34983764748,1128.0,0,10190023.080596022,10486872.144148843,1195349.5515404518,1497.9757113471042,5.28359375,39.96061148997641,True,624.4228841890921,-9507351.76711585
advanced_recovery,today,7536925|4769672|4473909|2830989,4769672|4473909|2830989,3,dhw_only,0.5,2,13612.592354737984,18111.73757526913,132874558.9875336,8952808.17226593,1501316.710982219,1039018.2963750116,0.0,459921.8226860279,1156608.068307457,115213.18001126568,-9297516.814940693,2460.040344677909,1128.0,0,9904588.872664684,10505167.365605185,1207650.5506644894,1331.2394041652296,4.025595238095239,44.18401928124588,True,577.0704355609937,-9471407.419635454
reference,today,7536925|19906892|1633052|2831044,19906892|1633052|2831044,3,full,0.75,2,14052.460406133636,20797.517545347106,121087300.3541057,8591441.507853674,2717380.955401855,2324807.2749045934,779911.5525404168,386252.54512975714,1993305.130517449,-337823.27975464927,-9315517.33273808,1252.5525534545245,944.0,1,8829982.549039273,9782279.52943041,466762.1966923296,425.5559241942016,3.0815331193539333,50.31564461634337,True,543.4543475318121,-9294729.72372855
reference,post_rebuild,7536925|4040951|4769672|rebuild:4473909,4040951|4769672|rebuild:4473909,3,full,0.75,2,32321.31482064896,46152.976561211646,107968499.54911856,7660630.353920723,6110087.265333527,4971775.521747617,1793832.9725460173,1100491.3252035547,4352629.704465244,-656966.2356647283,-9418087.914789006,832.9778041098043,1596.2225999999998,0,8514843.061717944,10491662.752906715,1073574.8381177108,1497.975711347104,3.333074846222709,89.09058276658841,True,297.5517122424003,-9397300.305779476
advanced_recovery,today,7536925|8899918|4473909|2830989,8899918|4473909|2830989,3,dhw_only,0.5,2,10474.597902080835,13936.59366747446,136051865.10602677,9127365.298092833,1281918.3311214382,799502.2978591783,0.0,480432.3945824269,965370.8241853646,163884.8876463533,-9443912.805028906,1881.6666153778144,1128.0,0,10126036.262329647,10373174.006333755,929261.2013048496,1542.4477230565624,4.025595238095238,40.1108026711833,True,746.7606675527344,-9617803.409723667
advanced_recovery,today,7536925|4040951|4473909|2830989,4040951|4473909|2830989,3,dhw_only,0.75,6,12490.975090427995,16619.410689861208,136096700.69691122,9136796.166105298,1443761.607171078,953407.7948056656,0.0,488117.6742105506,1088253.9020326328,132609.9690721055,-9492303.871243743,2253.3115024847607,1128.0,0,10126201.64416447,10600449.370145828,1108145.4989020822,1497.9757113471042,4.025595238095237,39.96061148997641,True,636.5040152461542,-9666194.475938506
reference,today,7536925|4040951|1634606|2830989,4040951|1634606|2830989,3,full,0.75,2,13053.65464694679,19487.53270272264,111448816.3811706,7907567.385334687,2950045.320278696,2197768.208744812,724477.8329055469,746892.7331170135,1222502.943558548,-980649.6436031344,-9635109.762054836,1245.093644107958,425.0,1,8727213.024649907,10068695.934282187,433586.1722273532,1280.7936669879118,3.0264716661033315,64.86436646132412,True,556.8805704008045,-9614322.153045304
reference,today,7536925|1633052|8899918|2831044,1633052|8899918|2831044,3,full,0.75,2,13132.298867989128,19399.635765667957,126338020.10881774,8963992.9770401,2609205.726161056,2164391.965699407,728842.5871733966,438943.1110752857,1928957.9830392208,-241304.6320465497,-9644240.720161935,1163.32751025244,944.0,1,9264448.637360057,10080439.114613011,436198.39445107535,582.2373778370843,3.093650012651336,48.58854064948229,True,596.265218251458,-9623453.111152405
reference,today,7536925|4040951|8899918|2831044,4040951|8899918|2831044,3,full,0.75,2,16898.2304713153,25120.725980352378,121577102.2230606,8626194.15404578,3219219.15382971,2820921.3440206726,937851.7911579992,390583.4630685592,2192310.607797693,-636325.0829634574,-9653102.700077796,1528.4975332034555,944.0,0,8840539.019441243,10214389.11875802,561286.4186802236,337.23416304239964,3.0529765230737818,54.98346165996369,True,471.2323589052962,-9632315.091068266
reference,today,7536925|4040951|1634606|2831044,4040951|1634606|2831044,3,full,0.75,2,15923.289779483925,23639.625355208856,123220238.21797591,8742778.690561835,3065402.323821203,2650956.1737178387,883742.5827613578,407209.1077229441,2124132.739152692,-534060.4769455676,-9684048.275230348,1433.9607353238823,944.0,1,8983522.381107295,10212951.364172434,528903.0889420856,410.3875965938828,3.061527390794057,53.48786211443081,True,499.2018187548115,-9663260.666220818
optimised_urban,today,7536925|4473909|2830989,4473909|2830989,2,dhw_only,0.75,6,8636.090503296746,12495.612253409154,130455598.40655395,8797563.151409121,1786287.7949728216,1363857.1106604931,479303.0229329694,420582.666902057,899368.472998729,-466336.6550720355,-9684482.473383214,839.8697968771107,1128.0,0,9702536.749602908,9971336.195624843,286853.7222416296,1331.23940416523,3.2376063829787225,40.21878848296143,True,846.8574980057184,-9682347.181540754
reference,today,7536925|4769672|8899918|2830989,4769672|8899918|2830989,3,full,0.75,2,13740.558406064052,20389.034892232,111443771.34511276,7907209.427629221,3044450.6152773434,2285270.7572161485,762600.9915365549,754153.7212389694,1263352.035144241,-1026944.858894133,-9688308.007762322,1323.396706207453,425.0,0,8729334.118780147,10144710.163686156,456402.1559238343,1297.206749080298,3.064702419447681,65.90464288898757,True,536.8882815662299,-9667520.398752792
reference,today,7536925|4040951|19906892|2831044,4040951|19906892|2831044,3,full,0.75,2,17818.392009459807,26518.60776003152,121524788.48706108,8622482.365926111,3379378.443257636,2981336.653225861,988920.7565250192,389876.9573101559,2256657.755275922,-732843.7306715582,-9745203.053907825,1617.7225764055402,944.0,0,8826896.672374343,10337053.2748293,591850.2209214779,303.6853985209257,3.045819399111294,56.308129317711824,True,452.274722903774,-9724415.444898292
optimised_urban,today,7536925|1634606|4473909|2830989,1634606|4473909|2830989,3,dhw_only,0.75,6,9227.921687861595,13351.936419879516,130781055.01729244,8818706.369337069,1885398.0107237592,1457322.2230364303,512149.6536763185,426147.17536481295,938591.3302911954,-520659.50506775104,-9765513.049769634,900.7799091549684,1128.0,1,9718945.281590162,10072024.854353763,306511.8045841308,1331.2394041652296,3.237606382978723,40.15173800207204,True,801.5448419754297,-9763377.757927174
optimised_urban,today,7536925|1633052|4473909|2830989,1633052|4473909|2830989,3,dhw_only,0.5,6,9925.342062752095,14361.038232665316,131164576.66568062,8843621.769806452,2002190.5786505733,1567462.5390799926,550856.4844827413,432704.4533173594,984811.9765677198,-584674.1487654941,-9861000.371889306,972.5570551508818,1128.0,1,9744173.331064075,10190677.476840325,329677.1049510181,1331.2394041652296,3.2376063829787247,40.08322010832956,True,755.0839003783689,-9858865.080046846
optimised_urban,today,7536925|19906892|4473909|2830989,19906892|4473909|2830989,3,dhw_only,0.5,2,10013.36605185528,14488.400681728555,131212982.34267832,8846766.434084095,2016931.3979564875,1581363.753223274,555741.815877968,433532.0714710909,990645.6542328238,-592753.6722525725,-9873052.177807758,981.6163125865332,1128.0,0,9747357.45592182,10205653.06046944,332600.8826616808,1331.2394041652296,3.2376063829787216,40.07526572916419,True,749.6798644225925,-9870916.885965295
liquid_cooling_speculative,today,7536925|2831044|4473909,2831044|4473909,2,dhw_only,0.75,2,11609.442135005036,14319.652956235472,152071931.7723292,10297052.526626864,1092665.1466299987,633456.4318759983,0.0,456177.78649542894,1475051.752504804,838564.3923702341,-9914665.920752058,2105.8153448558887,1356.0,0,11070250.63496809,10944605.613492986,1029939.6927409292,1415.608829129597,5.2835937500000005,33.66051478245484,True,795.178959978913,-10130495.095259514
reference,today,7536925|4473909,4473909,1,full,0.75,2,6286.19660863724,9095.536381912734,127256392.91837804,9029153.7845952,1655897.7793983198,992749.4322143726,348883.91177936684,661620.3357097672,743632.2507676614,-250645.1929208913,-9941419.31322586,598.0232962233797,703.0,0,9982681.844130632,10150219.6836298,208800.3704039391,1331.2394041652296,3.237606382978723,40.26955995447276,True,1174.5897222471076,-9920631.70421633
reference,today,7536925|4040951|19906892|2830989,4040951|19906892|2830989,3,full,0.75,2,14948.756876922673,22366.5151075453,113279782.51103093,8037478.931479936,3299285.5983228795,2528148.688252833,829656.0066692083,764824.7413119765,1355027.959681779,-1179432.8973291246,-9981736.570121037,1428.8554851896151,425.0,0,8856059.34530568,10478269.874327784,496533.3042067451,1257.6203557188314,3.012703478240053,67.8950231422643,True,506.5810344867914,-9960948.961111506
reference,today,7536925|4040951|1633052|2830989,4040951|1633052|2830989,3,full,0.75,2,14736.374605576762,22043.87033797584,113566237.40907045,8057803.610401241,3265063.073619011,2491123.267915928,817868.7906095103,767731.6135099076,1340176.0094865835,-1157155.4506225192,-9982690.674533669,1408.261473648547,425.0,1,8881419.898003496,10472169.554629128,489478.8800954592,1271.8628831182614,3.014061904744186,67.58218663554351,True,513.3698537652631,-9961903.065524137
reference,today,7536925|4040951|8899918|2830989,4040951|8899918|2830989,3,full,0.75,2,14028.595338778168,20968.63332786616,114901648.43014264,8152554.303850787,3154821.830726077,2367733.379047646,778587.0413021883,781226.768901502,1290680.8122035502,-1082914.2496210246,-10016695.322373314,1339.6304419875314,425.0,0,8996760.798454884,10482664.824338805,465969.5019654911,1328.3465127578006,3.0189007505707046,66.49309651665848,True,538.9723915282951,-9995907.713363783
liquid_cooling_speculative,today,7536925|19906892|2831044|4473909,19906892|2831044|4473909,3,dhw_only,0.75,6,13225.065224236932,16312.44138455488,153853091.90889013,10405919.603708832,1204194.564643546,721611.1274642948,0.0,479364.9530688287,1566328.9337388987,841499.3221641815,-10043785.234613478,2415.93031687901,1356.0,0,11184460.534036262,11217056.047726791,1173270.8131133146,1457.6718399950837,5.283593750000002,34.25164458784725,True,711.5363918016416,-10259614.409120934
advanced_recovery,today,7536925|2831044|4473909,2831044|4473909,2,dhw_only,0.5,6,10762.501253370532,14319.652956235472,151851901.36421084,10284229.559041113,1278485.7182716758,821477.307598859,0.0,453977.4824142453,1475051.752504804,650543.5166473734,-10087663.524807986,1861.081613817017,1356.0,0,11026822.463123055,11042466.27115162,954802.746343634,1415.608829129597,4.02559523809524,33.66051478245484,True,807.2600910359752,-10261554.129502747
liquid_cooling_speculative,today,7536925|4769672|2831044|4473909,4769672|2831044|4473909,3,dhw_only,0.5,6,16162.630829335694,19935.77827809544,154380918.01065913,10445888.445018604,1379872.8630244187,881896.161402036,0.0,494417.19885290286,1732291.3478135322,846835.6836420164,-10093469.96022949,2979.788980148291,1356.0,0,11216127.718149357,11527348.93879454,1433878.9785650498,1415.608829129597,5.283593749999997,37.99903472471523,True,593.0143102696553,-10309299.134736946
liquid_cooling_speculative,today,7536925|1634606|2831044|4473909,1634606|2831044|4473909,3,dhw_only,0.75,6,12303.694006180112,15175.97712270584,154771430.2137072,10456550.53697573,1159931.757516514,671337.5210811176,0.0,485482.7132645801,1514274.6097972705,839825.5655453367,-10102207.684694974,2239.075324266566,1356.0,1,11248534.209108995,11193738.412609495,1091530.7279145208,1518.264775283669,5.283593750000001,33.930996146031255,True,765.2469872233698,-10318036.85920243
liquid_cooling_speculative,today,7536925|1633052|2831044|4473909,1633052|2831044|4473909,3,dhw_only,0.75,6,13121.808044255597,16185.078935491623,154804413.6338086,10461037.214082165,1207718.119126971,715977.0130911906,0.0,488534.6089342593,1560495.256073795,841311.7458810828,-10108260.077135338,2396.110349156016,1356.0,1,11249568.7038692,11272370.35807264,1164110.2809373017,1501.5641257335112,5.283593749999999,34.21766560598672,True,720.7594650976145,-10324089.251642792
optimised_urban,today,7536925|8899918|4473909|2830989,8899918|4473909|2830989,3,dhw_only,0.5,6,9631.9957581226,13936.59366747446,135832961.8771984,9114608.020443408,2001362.739367688,1521135.7383937114,534575.7645758042,478243.3622941432,965370.8241853646,-557748.5528881799,-10150599.93562573,942.3664250906988,1128.0,0,10063325.082747152,10470533.340072837,319933.40444710664,1542.4477230565624,3.237606382978723,40.1108026711833,True,797.4679743350299,-10148464.64378327
liquid_cooling_speculative,today,7536925|4040951|2831044|4473909,4040951|2831044|4473909,3,full,0.5,2,14952.749369526204,18443.45139268753,155473180.0265349,10505750.966815803,1320613.613679149,815880.3112335801,0.0,501314.2534424071,1663937.181538708,844637.8213019662,-10162427.398956245,2747.555139495214,1356.0,0,11292505.957752148,11488970.906576326,1326543.5076200808,1490.2058456665968,5.283593750000002,34.758445091839114,True,641.0375845477251,-10378256.5734637
liquid_cooling_speculative,today,7536925|8899918|2831044|4473909,8899918|2831044|4473909,3,dhw_only,0.5,6,12777.696030217236,15760.63437030078,156099194.25310364,10535415.99258308,1200704.9413175625,697200.9198006139,0.0,500337.4719888152,1541054.1036914398,840686.6343626925,-10195066.830209205,2330.058874454041,1356.0,0,11338486.06597383,11328648.975695578,1133582.1454863749,1565.817621053557,5.2835937500000005,34.10097910237036,True,744.446835622429,-10410896.00471666
optimised_urban,today,7536925|4769672|4473909|2830989,4769672|4473909|2830989,3,full,0.75,2,12517.562301063736,18111.73757526913,132590076.42819978,8936229.051824149,2436293.265013601,1976839.675999732,694724.7077090373,457076.99709268974,1156608.068307457,-822608.1996134545,-10215914.248530293,1239.3433108980971,1128.0,0,9837942.68850459,10631693.742513238,415779.49398294406,1331.2394041652296,3.237606382978723,44.18401928124588,True,627.7777423432891,-10213778.956687832
advanced_recovery,today,7536925|19906892|2831044|4473909,19906892|2831044|4473909,3,dhw_only,0.75,6,12260.26017413758,16312.44138455488,153602441.06237727,10391312.133279352,1415874.7773004752,935797.8485863528,0.0,476858.4446037002,1566328.9337388987,627312.6010421236,-10240857.976840928,2137.1383199921997,1356.0,0,11139195.021609647,11328535.442289583,1087677.465448656,1457.6718399950837,4.025595238095237,34.25164458784725,True,723.6175228587036,-10414748.58153569
reference,today,7536925|1634606|4473909,1634606|4473909,2,full,0.75,2,7714.153379420228,11264.845431791236,129373192.70902008,9179345.931351747,1926421.5151465212,1241690.6424487203,428135.5125578226,682503.7725525046,843489.6574436588,-400428.0851503578,-10262277.789054608,736.4875758983812,703.0,1,10134443.03981102,10518508.73174619,256230.94269158127,1331.2394041652296,3.1717686763694672,45.4755138668607,True,985.6806658897392,-10241490.180045078
advanced_recovery,today,7536925|1634606|2831044|4473909,1634606|2831044|4473909,3,dhw_only,0.75,6,11406.10553226582,15175.97712270584,154538241.8501268,10442960.747940946,1356864.515089682,870602.1622900899,0.0,483150.829628776,1514274.6097972705,640560.9243363643,-10285550.65323336,1979.7063636673447,1356.0,1,11204316.5108297,11297451.19855335,1011900.5453199904,1518.264775283669,4.025595238095239,33.930996146031255,True,777.3281182804319,-10459441.25792812
advanced_recovery,today,7536925|1633052|2831044|4473909,1633052|2831044|4473909,3,full,0.75,2,12164.53589074434,16185.078935491623,154555719.79084414,10446543.794220876,1417745.5987768257,928491.43117069,0.0,486047.6705046143,1560495.256073795,628797.3278015835,-10303794.136923907,2119.4950731330946,1356.0,1,11204420.618959175,11382979.356330128,1079185.2194062204,1501.5641257335112,4.025595238095239,34.21766560598672,True,732.8405961546766,-10477684.741618669
advanced_recovery,today,7536925|4769672|2831044|4473909,4769672|2831044|4473909,3,full,0.5,6,14983.522251598271,19935.77827809544,154074592.33055413,10428036.34766415,1638571.7104810756,1143658.265659743,0.0,491353.9420518527,1732291.3478135322,585073.5793843094,-10334316.710331691,2639.071407308131,1356.0,0,11167521.507924307,11663590.25547963,1329273.545147939,1415.608829129597,4.025595238095236,37.99903472471523,True,605.0954413267174,-10508207.315026453
optimised_urban,today,7536925|4040951|4473909|2830989,4040951|4473909|2830989,3,dhw_only,0.5,2,11486.170658819909,16619.410689861208,135835658.23933238,9121583.09169134,2301700.2379767885,1813956.850187165,637482.4715645048,485507.2496347621,1088253.9020326328,-727939.0863093939,-10335029.427635496,1133.1944928399455,1128.0,0,10060961.953589993,10716550.534498297,381521.10686279903,1497.9757113471042,3.2376063829787234,39.96061148997641,True,687.2113220284494,-10332894.135793036
advanced_recovery,today,7536925|4040951|2831044|4473909,4040951|2831044|4473909,3,full,0.75,6,13861.904987288286,18443.45139268753,155189784.88075536,10489235.218836395,1559947.1150781717,1058047.7640903976,0.0,498480.301984612,1663937.181538708,602470.3684451487,-10385245.152375858,2432.342565114982,1356.0,0,11245275.665165205,11615013.64576139,1229768.4933855317,1490.2058456665968,4.025595238095237,34.758445091839114,True,653.1187156047873,-10559135.75707062
advanced_recovery,today,7536925|8899918|2831044|4473909,8899918|2831044|4473909,3,dhw_only,0.5,2,11845.527798941126,15760.63437030078,155857022.2658844,10521302.654482018,1405224.5687886656,904142.2671439096,0.0,497915.7521166226,1541054.1036914398,633745.2870193967,-10385473.119579244,2060.697678008035,1356.0,0,11293729.316748608,11436357.315367542,1050884.1957882987,1565.817621053557,4.025595238095239,34.10097910237036,True,756.5279666794911,-10559363.724274004
reference,today,7536925|4040951|1633052|2831044,4040951|1633052|2831044,3,full,0.75,2,17606.009738113895,26195.96299046206,129777666.79702029,9208044.361809228,3424820.1526729623,2944311.2328889538,977133.5404653212,472448.0636272834,2241805.8050807267,-710566.2839649521,-10391058.709401464,1597.1285648644707,944.0,1,9497158.776153168,10975854.506211655,584795.7968101916,506.6256024501238,3.047400617522453,56.00946161929136,True,481.9369939911029,-10370271.100391934
reference,today,7536925|4040951|4769672|2830989,4040951|4769672|2830989,3,full,0.75,2,18214.26927618882,27185.362117026096,116198074.08507104,8244538.889773719,3873211.6023068074,3065190.0244056955,1010891.9448284796,800805.2343085243,1576199.857185747,-1496206.5108125354,-10541550.63489478,1757.1977608194838,425.0,0,9068468.895466186,11146550.19317773,604999.5582829507,1252.73473737084,3.0279218253077658,71.95431892070867,True,445.4799644144948,-10520763.025885249
reference,today,7536925|1633052|4473909,1633052|4473909,2,full,0.75,2,9396.873338050198,13821.183067044429,131867652.8558661,9356334.008405471,2245209.6596762976,1535045.701619836,521526.470261786,707113.0441348606,961162.723371694,-576933.8921697431,-10640380.944710074,899.6554054389694,703.0,1,10319172.15634124,10952504.595269762,312123.6505596872,1331.2394041652296,3.1225366653591524,50.54263383566225,True,839.1823404622938,-10619593.335700544
reference,today,7536925|19906892|4473909,19906892|4473909,2,full,0.75,2,9609.255609396112,14143.827836613897,132182487.84017351,9378672.324185848,2285445.083203636,1572071.121956742,533313.6863214843,710219.0707603989,976014.6735668893,-599211.338876348,-10688102.733822595,920.2494169800387,703.0,0,10342487.497168574,11007280.80849357,319178.07467097347,1331.2394041652296,3.117672618265037,51.11516353081836,True,824.4559147359278,-10667315.124813063
optimised_urban,today,7536925|2831044|4473909,2831044|4473909,2,full,0.5,2,9896.73946325525,14319.652956235472,151626981.39146763,10271121.636620125,2017704.676160501,1562945.4652151165,549269.0402106664,451728.2826868131,1475051.752504804,-90924.64096888417,-10813774.56027582,895.9639482264356,1356.0,0,10982429.220792571,11142501.610091552,328727.0498157316,1415.608829129597,3.2376063829787265,33.66051478245484,True,857.9673978182706,-10811639.26843336
reference,today,7536925|1633052|1634606|4473909,1633052|1634606|4473909,3,full,0.75,2,10824.830108833186,15990.492116922936,133984452.64650814,9506526.155162018,2515733.3954245,1783986.9118541845,600778.0710402419,727996.4809775981,1061020.1300476915,-726716.7843992098,-10961239.420538826,1038.1196851139712,703.0,2,10470933.352021623,11320793.643386155,359554.22284732945,1331.2394041652296,3.0938324074740198,54.14963005361788,True,751.6034816260886,-10940451.811529296
optimised_urban,today,7536925|1634606|2831044|4473909,1634606|2831044|4473909,3,dhw_only,0.75,2,10488.570647820105,15175.97712270584,154299871.52291125,10429068.96359428,2140289.227118491,1656410.5775910544,582115.6709540158,480767.12635662063,1514274.6097972705,-145247.4909646002,-11055083.5809155,956.8740605042932,1356.0,1,11159116.197033089,11403468.713073732,348385.13215823297,1518.264775283669,3.2376063829787247,33.930996146031255,True,828.0354250627273,-11052948.28907304
reference,today,7536925|4769672|2831044,4769672|2831044,2,full,0.75,2,14207.296075986824,20890.71786969619,142636009.2184112,10120375.35340184,2934411.851385341,2319552.341651993,788504.9322172687,609157.1019787461,1996946.5554173845,-328308.1939892096,-11057840.649369797,1279.2627198688024,944.0,0,10587372.67033136,11529745.81998258,471905.17061278666,971.1871770647224,3.124391073693263,50.443903258652,True,624.6355380616869,-11037053.040360264
optimised_urban,today,7536925|19906892|2831044|4473909,19906892|2831044|4473909,3,dhw_only,0.5,6,11274.015011813795,16312.44138455488,153346220.19705305,10376380.052395886,2257966.827838779,1780452.107777899,625707.8331556657,474296.2359504578,1566328.9337388987,-217341.65814942235,-11068017.946495766,1037.710463935859,1356.0,0,11092923.608906886,11442492.15673155,374474.2102357833,1457.6718399950837,3.2376063829787243,34.25164458784725,True,774.3248296409992,-11065882.654653303
reference,today,7536925|19906892|1634606|4473909,19906892|1634606|4473909,3,full,0.75,2,11037.212380179097,16313.136886492395,135241320.2654723,9595704.001227356,2565389.1452984046,1821012.3321910896,612565.2870999398,740522.8339497036,1075872.080242887,-748994.2311058146,-11085221.066282874,1058.7136966550402,703.0,1,10570508.54948049,11451829.71324149,366608.6469586156,1353.5529770427363,3.0902529505381637,54.64101005365206,True,745.2422701997054,-11064433.457273344
optimised_urban,today,7536925|1633052|2831044|4473909,1633052|2831044|4473909,3,full,0.75,6,11185.9910227106,16185.078935491623,154301499.41803598,10431728.298362672,2253262.8575126715,1766550.893634617,620822.5017604383,483505.46677653264,1560495.256073795,-209262.13466234377,-11124495.899801549,1028.6512065002066,1356.0,1,11158269.243273376,11496046.33232667,371550.4325251201,1501.5641257335112,3.237606382978723,34.21766560598672,True,783.547902936972,-11122360.607959088
optimised_urban,today,7536925|8899918|2831044|4473909,8899918|2831044|4473909,3,dhw_only,0.75,2,10892.644718081106,15760.63437030078,155609468.67894915,10506875.686645376,2218830.85872374,1720224.0929483357,604541.7818535015,495440.21624727023,1541054.1036914398,-182336.5387850293,-11184652.441677677,998.460576440023,1356.0,0,11247977.973096158,11546459.173698884,361806.7320212088,1565.817621053557,3.2376063829787243,34.10097910237036,True,807.2352734617867,-11182517.149835216
reference,today,7536925|8899918|4473909,8899918|4473909,2,full,0.75,2,8689.0940712516,12745.946056934756,139735218.42979535,9914557.118838577,2200289.9623119347,1411655.812751555,482244.7209544638,785929.7450550254,911667.5260886608,-502692.6911682481,-11203179.555061849,831.0243737779533,703.0,0,10963307.019304754,11491793.827491568,288614.2724297191,1542.4477230565622,3.1406576162189754,48.532364830244624,True,950.2741203000176,-11182391.946052318
reference,today,7536925|4769672|4473909,4769672|4473909,2,full,0.75,2,12874.768008662257,18962.67484609469,135307040.05877966,9600366.982055712,2861433.693633224,2109112.458109604,714549.6244807553,748262.170202607,1197186.571070857,-915984.9523597592,-11264614.104618078,1248.5916926099062,703.0,0,10571594.353350822,11692258.433365256,427644.32874717866,1331.2394041652296,3.1133242103628085,58.33028650880647,True,656.9611993812972,-11243826.495608548
optimised_urban,today,7536925|4040951|2831044|4473909,4040951|2831044|4473909,3,full,0.75,6,12746.81961877842,18443.45139268753,154900092.06506965,10472352.45423522,2512047.6275727064,2013045.2047417895,707448.4888422024,495583.3738277548,1663937.181538708,-352527.0722062434,-11320462.900269218,1189.288644189271,1356.0,0,11196995.810520774,11743857.334706118,423394.4344369013,1490.2058456665968,3.237606382978724,34.758445091839114,True,703.8260223870827,-11318327.608426755
optimised_urban,today,7536925|4769672|2831044|4473909,4769672|2831044|4473909,3,full,0.5,2,13778.211261022245,19935.77827809544,153761459.41311345,10409787.53703515,2667710.1462012813,2175928.030554356,764690.7249867345,488222.6128774459,1732291.3478135322,-447196.18551030336,-11345206.3354229,1295.437462247422,1356.0,0,11117835.159694254,11802859.156979946,457652.8215570463,1415.608829129597,3.2376063829787234,37.99903472471523,True,655.8027481090129,-11343071.04358044
reference,today,7536925|19906892|1633052|4473909,19906892|1633052|4473909,3,full,0.75,2,12719.932338809069,18869.4745217456,136793747.77766156,9705852.547996117,2874756.9634816144,2114367.391362206,705956.2448039033,755711.7791854922,1193545.146170922,-925500.0381252004,-11387064.365306811,1221.8815261956283,703.0,1,10678977.80937918,11809565.720133534,422501.3548267215,1331.2394041652296,3.0664337823914343,58.18618328230218,True,666.4696308342362,-11366276.75629728
reference,today,7536925|8899918|1634606|4473909,8899918|1634606|4473909,3,full,0.75,2,10117.050842034589,14915.25510681326,141852018.2204374,10064749.265595123,2470813.698060136,1660597.0229859028,561496.3217329197,806813.1818977629,1011524.9327646584,-652475.5833977145,-11524038.0308906,969.4886534529556,703.0,1,11115068.214985143,11860082.875607962,336044.8447173615,1542.4477230565622,3.106950104321648,52.431034997434416,True,840.2242791512244,-11503250.42188107
reference,today,7536925|4769672|1634606|4473909,4769672|1634606|4473909,3,full,0.75,2,14302.724779445243,21131.983895973197,137423839.8494217,9750559.12881226,3131957.429381425,2358053.6683439524,793801.2252592111,769145.6070453444,1297043.977746855,-1065767.8445892257,-11585472.58044683,1387.055972284908,703.0,1,10723355.549031213,12060547.48148165,475074.90103482106,1331.2394041652296,3.0926134388712088,60.91007082684247,True,609.396565300974,-11564684.9714373
reference,today,7536925|4769672|1634606|2831044,4769672|1634606|2831044,3,full,0.75,2,15635.252846769812,23060.0269195747,149086729.53131017,10578069.810952077,3248274.792356112,2568493.551886342,867756.5329957246,673379.7440440528,2096803.962093382,-478091.0862186769,-11729540.641214808,1417.7269995438037,944.0,1,11089975.382028006,12248876.384115236,519335.74290042906,1073.8431232187943,3.1042340421543884,52.89195364644104,True,599.3029910624821,-11708753.032205276
reference,today,7536925|19906892|8899918|4473909,19906892|8899918|4473909,3,full,0.75,2,12012.153072010473,17794.23751163592,143682984.3502977,10194660.811740372,2820053.97610432,1990977.502493924,666674.4954965812,824745.1900927259,1144049.9488878888,-851258.8371237048,-11870664.838956803,1153.2504945346122,703.0,0,11243914.535640916,12269656.815653555,398991.9766967535,1519.2744117874818,3.075574717994468,56.76597853846004,True,731.1571229629443,-11849877.229947273
reference,today,7536925|1633052|8899918|4473909,1633052|8899918|4473909,3,full,0.75,2,11799.77080066456,17471.59274206646,144346478.36728346,10241737.342648849,2789601.8425899125,1953952.0821570184,654887.2794368832,831422.4534801191,1129197.9986926937,-828981.3904170999,-11902141.186546069,1132.6564829935432,703.0,1,11299797.331515364,12294078.739131534,391937.5525854672,1542.4477230565624,3.078548855524077,56.32048113478521,True,745.6167317202014,-11881353.577536536
reference,today,7536925|4769672|19906892|2831044,4769672|19906892|2831044,3,full,0.75,2,17530.35507674569,25939.009324397357,149337916.96788493,10595892.17681975,3581717.283467439,2898874.0313943624,972934.706759386,675513.9653061603,2229328.9782166127,-676874.3399446663,-11948280.482070576,1601.4888406254613,944.0,0,11090934.735473346,12530563.356950397,582282.8748798211,1013.250187930209,3.08297641619222,55.785641359239314,True,546.2922656877333,-11927492.873061046
reference,today,7536925|4769672|1633052|4473909,4769672|1633052|4473909,3,full,0.75,2,15985.44473807522,23688.321531226386,139918299.99626774,9927547.205865985,3450745.5739112017,2651408.7275150684,887192.1829631748,793754.8786277005,1414717.0436748902,-1242273.6516086112,-11963575.736102294,1550.2238018254966,703.0,1,10908084.66556143,12494543.345005222,530967.608902927,1331.2394041652296,3.073328875098912,63.5619172700015,True,564.5275793128945,-11942788.127092764
reference,today,7536925|4769672|19906892|4473909,4769672|19906892|4473909,3,full,0.75,2,16197.827009421131,24010.96630079585,140233134.98057514,9949885.521646358,3490980.99743854,2688434.1478519742,898979.3990228728,796860.9052532387,1429568.993870085,-1264551.0983152166,-12011297.525214814,1570.8178133665651,703.0,0,10931400.006388765,12549319.558229027,538022.0330142132,1331.23940416523,3.0712016588825204,63.87080360538862,True,559.5435188423157,-11990509.916205283
reference,today,7536925|4769672|1633052|2831044,4769672|1633052|2831044,3,full,0.75,2,17317.972805399782,25616.36455482789,150876122.9914996,10705031.674027689,3560012.2700193217,2861848.6110574566,961147.490699688,690938.3487598429,2214477.0280214176,-654596.8932380609,-12050566.91602559,1580.894829084392,944.0,1,11217627.617713546,12625795.366794124,575228.4507685348,1057.1424736686365,3.085107706874886,55.47942952466203,True,556.590245400682,-12029779.30701606
reference,today,7536925|4040951|4473909,4040951|4473909,2,full,0.75,2,13162.80494137637,19542.273281728856,144489521.1697536,10251886.580983073,3029050.9493413973,2191575.0799411014,730535.6742463885,832581.2581245803,1224515.3481301663,-971954.3430866504,-12056422.182194304,1264.825428389985,703.0,0,11302441.795990797,12493633.85698314,437211.67478883546,1497.975711347104,3.061250124132894,59.027584469206914,True,679.3499777460003,-12035634.573184771
reference,today,7536925|4769672|8899918|2831044,4769672|8899918|2831044,3,full,0.75,2,16610.193538601186,24541.12754471822,152539561.58028218,10823056.729468174,3453051.302803492,2738458.7221891754,921865.741392366,707713.7798285409,2164981.8307383843,-580355.6922365663,-12111126.20153328,1512.263797423377,944.0,0,11359523.15583298,12662845.274171848,551719.0726385668,1121.3959689886826,3.092638629177193,54.42709660416077,True,581.4414682245085,-12090338.59252375
reference,today,7536925|4040951|1634606|4473909,4040951|1634606|4473909,3,full,0.75,2,14590.76171215936,21711.58233160736,147790910.60625482,10486128.274004553,3311420.5815481907,2440516.29017545,809787.2750248444,865310.5914259093,1324372.7548061642,-1121737.2353161173,-12473176.10074658,1403.2897080649864,703.0,1,11550098.434394706,12957818.347823055,484642.24707647774,1526.034640964176,3.0468177715504776,61.52050071110333,True,635.2349149388258,-12452388.49173705
liquid_cooling_speculative,today,7536925|2831044|4473909|2830989,2831044|4473909|2830989,3,dhw_only,0.75,2,14366.002241971602,17719.72882773189,188045544.58506167,12840392.20111082,1266544.4621109508,783865.1000363484,0.0,479328.4278799395,1630787.9747358714,843571.9405048601,-12476148.6884859,2634.9304374474423,1781.0,0,13865301.832740463,13750638.51865596,1274489.830170062,1415.608829129597,5.28359375,34.72832017299606,True,795.9255960483201,-12691977.862993356
reference,today,7536925|4769672|8899918|4473909,4769672|8899918|4473909,3,full,0.75,2,15277.66547127662,22613.08452111672,147785865.570197,10485770.316299088,3405825.8765468383,2528018.8386467868,847910.4336558525,872571.5795478653,1365221.846391857,-1168032.4506071163,-12526374.346454067,1481.5927701644814,703.0,0,11552219.528524948,13033832.577227028,507458.2307729591,1542.4477230565622,3.0808800692386,62.49248443478767,True,614.0852090092475,-12505586.73744454
advanced_recovery,today,7536925|2831044|4473909|2830989,2831044|4473909|2830989,3,dhw_only,0.75,2,13317.962683921509,17719.72882773189,187773269.88834745,12824524.53245427,1496486.497030928,1016529.8819234684,0.0,476605.6809127968,1630787.9747358714,610907.1586177401,-12690223.054749329,2332.086830674172,1781.0,0,13800465.908700176,13871735.330283605,1181512.2755342736,1415.608829129597,4.025595238095238,34.72832017299606,True,808.0067271053822,-12864113.65944409
reference,today,7536925|4040951|19906892|4473909,4040951|19906892|4473909,3,full,0.75,2,16485.86394213524,24590.56473643002,149621876.7361151,10616039.820149802,3660660.859592375,2770896.769683472,914965.448788506,883242.5996208724,1456897.7709293943,-1320520.4890421082,-12819802.908812782,1587.0515491466435,703.0,0,11678944.75505048,13367392.287868652,547589.3790558698,1502.8613296950955,3.031743730951707,64.3885422062492,True,580.3111617161601,-12799015.299803251
reference,today,7536925|4040951|1633052|4473909,4040951|1633052|4473909,3,full,0.75,2,16273.481670789328,24267.91996686055,149908331.63415465,10636364.499071106,3626438.334888505,2733871.349346565,903178.2327288076,886149.4718188036,1442045.8207341994,-1298243.0423355026,-12820757.013225412,1566.457537605575,703.0,1,11704305.307748295,13361291.968169997,540534.9549445836,1517.1038570945257,3.0332483412583304,64.08897557274385,True,587.4580656152036,-12799969.404215882
reference,today,7536925|4040951|8899918|4473909,4040951|8899918|4473909,3,full,0.75,2,15565.702403990736,23192.68295675088,151243742.65522683,10731115.192520652,3516197.091995572,2610481.460478285,863896.4834214859,899644.6272103977,1392550.623451166,-1224001.8413340084,-12854761.66106506,1497.8265059445598,703.0,0,11819646.208199684,13371787.237879677,517025.5768146156,1573.5874867340644,3.0385768385991905,63.05244089317403,True,614.0402689402531,-12833974.052055528
reference,today,7536925|4040951|4769672|2831044,4040951|4769672|2831044,3,full,0.75,2,21083.90440872595,31337.45476951231,155979208.2684847,11067108.1142373,4268665.729315397,3518377.989378722,1170156.6946842903,741218.7323805386,2477829.65277989,-1049617.3441549684,-12857944.19077281,1946.0648520354089,944.0,0,11592233.294626093,13558260.665770492,700316.474997683,1045.784193601722,3.054120805051264,60.3407478670024,True,489.0858223402259,-12837156.58176328
reference,today,7536925|4473909|2830989,4473909|2830989,2,full,0.75,2,8636.090503296746,12495.612253409154,166987059.90448844,11848142.23739711,2050077.0592699551,1363857.1106604931,479303.0229329694,684371.9311991907,899368.472998729,-466336.6550720355,-12998850.823668336,839.8697968771107,1128.0,0,13016905.09988803,13285704.545909964,286853.7222416296,1331.23940416523,3.2376063829787225,40.21878848296143,True,1112.1000714043023,-12978063.214658806
reference,today,7536925|1634606|4473909|2830989,1634606|4473909|2830989,3,full,0.75,2,10064.04727407973,14664.921303287652,169103859.69513047,11998334.384153657,2320600.7950181565,1612798.320894841,558554.623711425,705255.3680419282,999225.8796747264,-616119.547301502,-13319709.299497088,978.3340765521124,1128.0,1,13168666.295568416,13653993.59402636,334284.2945292719,1331.2394041652296,3.186792280063078,44.10012596479424,True,976.2335424112308,-13298921.690487556
reference,today,7536925|4040951|4769672|4473909,4040951|4769672|4473909,3,full,0.75,2,19751.376341401385,29409.41174591081,152540168.3101552,10823099.778443584,4234586.863576301,3307938.105836333,1096201.386947777,919223.09261742,1678069.6684333629,-1637294.1025255185,-13379616.973586524,1915.393824776512,703.0,0,11891354.305210987,14035672.6067186,656055.633132075,1497.975711347104,3.042819535188964,68.34704489273794,True,511.7498135266164,-13358829.364576994
reference,today,7536925|2831044|2830989,2831044|2830989,2,full,0.75,2,9968.618570621313,14423.655277010654,182725022.99721068,12964789.391710335,2207145.156352978,1574296.9942028811,553258.3306694827,629356.8023062372,1699128.457345256,121340.10329851488,-13472806.090718055,870.5408241360069,1369.0,0,13713412.139166577,13803920.654825294,331114.5641072376,1170.367855153333,3.2376063829787234,36.08285118847768,True,1051.6365579254998,-13452018.481708528
optimised_urban,today,7536925|2831044|4473909|2830989,2831044|4473909|2830989,3,dhw_only,0.75,2,12246.633357914754,17719.72882773189,187494944.6428173,12808304.24893869,2411226.506313396,1934053.1436612376,679688.1513642689,473822.42845749535,1630787.9747358714,-306616.10312002915,-13588742.780516217,1137.8104488801669,1781.0,0,13734189.18634789,13995523.18216964,406780.40165342216,1415.608829129597,3.2376063829787234,34.72832017299606,True,858.7140338876777,-13586607.488673756
reference,today,7536925|1633052|4473909|2830989,1633052|4473909|2830989,3,full,0.75,2,11746.767232709704,17221.258938540854,171598319.8419765,12175322.46120738,2639388.939547932,1906153.380065956,651945.5814153885,729864.6396242842,1116898.9456027616,-792625.3543208867,-13697812.45515255,1141.501906092701,1128.0,1,13353395.41209864,14087989.457549928,390177.0023973776,1331.2394041652296,3.1445990963124206,48.06640727450795,True,860.0614237179907,-13677024.84614302
reference,today,7536925|19906892|4473909|2830989,19906892|4473909|2830989,3,full,0.75,2,11959.149504055616,17543.90370811032,171913154.8262839,12197660.776987754,2679624.363075272,1943178.8004028625,663732.7974750866,732970.6662498224,1131750.8957979567,-814902.8010274924,-13745534.24426507,1162.0959176337697,1128.0,0,13376710.75292597,14142765.670773732,397231.4265086638,1331.2394041652296,3.140213076729699,48.52686079534271,True,847.8050547418628,-13724746.63525554
reference,today,7536925|1634606|2831044|2830989,1634606|2831044|2830989,3,full,0.75,2,11396.575341404296,16592.964326889156,189175743.31010965,13422483.849260572,2521008.0973237487,1823238.204437229,632509.9314479386,693579.4443715434,1798985.8640212538,-28442.788930951792,-14144506.082563069,1009.0051038110082,1369.0,1,14216014.85086322,14523051.21895795,378545.1363948798,1273.0238013074047,3.192614180695878,39.35869821666849,True,960.6060245811208,-14123718.473553538
reference,today,7536925|8899918|4473909|2830989,8899918|4473909|2830989,3,full,0.75,2,11038.987965911108,16146.021928431175,179465885.41590577,12733545.571640486,2594469.2421835703,1782763.4911976752,612663.8321080664,808681.3405444493,1067403.7483197283,-718384.1533193921,-14260611.065504327,1072.870874431685,1128.0,0,13997530.275062157,14627278.689771738,366667.6242674097,1542.4477230565624,3.1605849380104694,46.469741096589104,True,949.1496091924148,-14239823.456494795
reference,today,7536925|4769672|4473909|2830989,4769672|4473909|2830989,3,full,0.75,2,15224.661903321765,22362.75071759111,175037707.04489005,12419355.434857622,3255612.9735048595,2480220.136555725,844968.7356343579,771013.7656920307,1352922.793301925,-1131676.414510904,-14322045.615060557,1490.4381932636377,1128.0,0,13605817.60910822,14827743.295645429,505697.68058486935,1331.2394041652296,3.1315981028498725,54.55446805042717,True,700.7451603338982,-14301258.006051026
reference,today,7536925|19906892|2831044|2830989,19906892|2831044|2830989,3,full,0.75,2,13291.67757138018,19471.946731711814,189426930.7466844,13440306.215128249,2854450.5884350776,2153618.683945251,737688.1052116,695713.6656336511,1931510.880144484,-227226.04265694265,-14363245.92341884,1192.766944892665,1369.0,0,14216974.204308562,14804738.191793112,441492.2683742719,1212.4308660188196,3.1495929769668325,43.21568071725912,True,836.5695936389352,-14342458.31440931
reference,today,7536925|1633052|2831044|2830989,1633052|2831044|2830989,3,full,0.75,2,13079.295300034264,19149.301962142352,190965136.77029908,13549445.712336184,2832745.574986959,2116593.2636083444,725900.8891519017,711138.0490873335,1916658.9299492887,-204948.5959503368,-14465532.357373852,1172.1729333515964,1369.0,1,14343667.086548762,14899970.201636838,434437.8442629855,1256.323151757247,3.1537195080437046,42.808308263981466,True,855.2362408514468,-14444744.748364322
reference,today,7536925|8899918|2831044|2830989,8899918|2831044|2830989,3,full,0.75,2,12371.516033235672,18074.06495203268,192628575.3590817,13667470.767776672,2725784.60777113,1993203.374740064,686619.1398445797,727913.4801560318,1867163.732666256,-130707.39494884203,-14526091.642881546,1103.5419016905807,1369.0,0,14485562.624668196,14937020.109014563,410928.4661330177,1320.5766470772933,3.168625120331301,41.40692667629107,True,906.7460843018408,-14505304.033872016
reference,today,7536925|4769672|2831044|2830989,4769672|2831044|2830989,3,full,0.75,2,16557.189970646326,24290.79374119261,190775670.1376123,13536002.58917085,3412681.070587883,2690660.020098113,918924.0433708712,715998.6367990769,2152682.777648452,-543999.6561403533,-14796000.882110285,1521.1092205225336,1369.0,0,14302324.648386767,15345959.40456076,549958.5224504774,1170.367855153333,3.139756600726369,48.68262961500128,True,697.4931089771875,-14775213.273100752
reference,today,7536925|4040951|4473909|2830989,4040951|4473909|2830989,3,full,0.75,2,15512.69883603587,22942.349153225277,184220188.155864,13070875.033784982,3423230.229213033,2562682.758387222,860954.7853999907,855332.8536140039,1380251.5703612342,-1187645.8052377948,-15113853.69263678,1506.6719290437163,1128.0,0,14336665.051748194,15629118.719263306,515265.0266265258,1497.9757113471042,3.0861567567984527,55.16382730337839,True,718.709777087852,-15093066.08362725
reference,today,7536925|4040951|2831044|2830989,4040951|2831044|2830989,3,full,0.75,2,16845.22690336044,24870.392176826776,196068222.0472842,13911522.1525458,3541399.034283036,2773122.6419296106,934910.0931365044,761418.4327080294,2180011.5547077614,-599969.0468672448,-15272909.632121071,1537.3429563026125,1369.0,0,14718272.763461309,15832435.500613203,559525.8684921338,1244.9648716903328,3.097386309105938,49.254054317829954,True,701.4792168592732,-15252122.02311154
reference,today,7536925|2831044|4473909,2831044|4473909,2,full,0.75,2,11505.72563583387,16647.70490589537,219067117.22229487,15543350.2803802,2568520.417622473,1817045.075633519,638567.7727887797,747774.6606151329,1800998.268592872,-19747.488414468356,-16310872.429409802,1028.7368880930348,1647.0,0,16536297.548911372,16693043.068366164,382170.6389563619,1415.608829129597,3.237606382978724,36.813430913033386,True,1087.7277149606548,-16290084.820400272
reference,today,7536925|1634606|2831044|4473909,1634606|2831044|4473909,3,full,0.75,2,12933.682406616865,18817.01395577387,225517837.53519383,16001044.73793044,2882383.358593244,2065986.285867868,717819.373567236,811997.3026804393,1900855.6752688696,-169530.3806439355,-16982572.421254817,1167.201167768037,1647.0,1,17038900.26060802,17412173.632498823,429601.2112440044,1518.264775283669,3.1978663263421336,39.6929596064678,True,1003.295654180341,-16961784.812245287
reference,today,7536925|19906892|2831044|4473909,19906892|2831044|4473909,3,full,0.75,2,14828.784636592747,21695.99636059653,225769024.97176865,16018867.103798114,3215825.849704572,2396366.765375889,822997.5473308974,814131.5239425469,2033380.6913921,-368313.6343699253,-17201312.262110583,1350.9630088496938,1647.0,0,17039859.61405336,17693860.60533398,492548.3432233966,1457.6718399950837,3.1583932118360947,43.128300276841166,True,886.3093943009785,-17180524.653101053
reference,today,7536925|1633052|2831044|4473909,1633052|2831044|4473909,3,full,0.75,2,14616.402365246831,21373.351591027076,227307230.9953833,16128006.60100605,3194120.8362564547,2359341.3450389835,811210.3312711992,829555.9073962294,2018528.7411969048,-346036.18766332086,-17303598.6960656,1330.3689973086248,1647.0,1,17166552.496293563,17789092.61517771,485493.91911211016,1501.5641257335112,3.162244199975012,42.76313492813644,True,903.7844987096388,-17282811.08705607
reference,today,7536925|8899918|2831044|4473909,8899918|2831044|4473909,3,full,0.75,2,13908.62309844824,20298.114580917398,228970669.58416587,16246031.656446535,3087159.869040625,2235951.4561707024,771928.5819638773,846331.3384649277,1969033.543913872,-271794.9866618256,-17364157.981573295,1261.73796564761,1647.0,0,17308448.034412995,17826142.522555437,461984.5409821424,1565.817621053557,3.176038804200725,41.51116019596221,True,952.2221570890651,-17343370.372563764
reference,today,7536925|4769672|2831044|4473909,4769672|2831044|4473909,3,full,0.75,2,18094.297035858897,26514.84337007733,227117764.36269653,16114563.477840714,3774056.3318573777,2933408.101528752,1004233.4854901688,834416.4951079728,2254552.588896068,-685087.2478533376,-17634067.220802024,1679.305284479562,1647.0,0,17125210.058131564,18235081.818101622,601014.597299602,1415.608829129597,3.147735064588973,48.08262436254071,True,749.8587789854801,-17613279.611792494
reference,today,7536925|4040951|2831044|4473909,4040951|2831044|4473909,3,full,0.75,2,18382.33396857301,27094.441805711493,232410316.2723684,16490083.041215662,3902774.2955525313,3015870.7233602493,1020219.535255802,879836.2910169254,2281881.365955377,-741056.6385802289,-18110975.97081281,1695.539020259641,1647.0,0,17541158.173206106,18721557.91415407,610581.9433412584,1490.2058456665968,3.1084344721364827,48.60668513069336,True,752.3974917724831,-18090188.36180328
reference,today,7536925|2831044|4473909|2830989,2831044|4473909|2830989,3,full,0.75,2,13855.619530493375,20047.780777391792,258797784.2084053,18362338.733182117,2962699.697494108,2188152.7540796394,768986.8839423823,770526.2561045565,1956734.4908239397,-235438.95056561223,-19368303.93985228,1270.583388746766,2072.0,0,19570520.804668773,19828527.930646334,460223.9907940525,1415.608829129597,3.2376063829787243,37.32994573455144,True,1063.510120153068,-19347516.330842752
