Time Stamp,Time Zone,Name,PTID,Integrated Load
01/01/2025 00:00:00,EST,N.Y.C.,61761,4680.4585
01/01/2025 01:00:00,EST,N.Y.C.,61761,4517.9567
01/01/2025 02:00:00,EST,N.Y.C.,61761,4400.2602
01/01/2025 03:00:00,EST,N.Y.C.,61761,4292.0604
01/01/2025 04:00:00,EST,N.Y.C.,61761,4220.9957
01/01/2025 05:00:00,EST,N.Y.C.,61761,4276.4061
01/01/2025 06:00:00,EST,N.Y.C.,61761,4383.5846
01/01/2025 07:00:00,EST,N.Y.C.,61761,4480.2945
01/01/2025 08:00:00,EST,N.Y.C.,61761,4575.3318
01/01/2025 09:00:00,EST,N.Y.C.,61761,4633.3969
01/01/2025 10:00:00,EST,N.Y.C.,61761,4677.6449
01/01/2025 11:00:00,EST,N.Y.C.,61761,4814.2496
01/01/2025 12:00:00,EST,N.Y.C.,61761,4905.1043
01/01/2025 13:00:00,EST,N.Y.C.,61761,5055.5543
01/01/2025 14:00:00,EST,N.Y.C.,61761,5161.3837
01/01/2025 15:00:00,EST,N.Y.C.,61761,5238.7206
01/01/2025 16:00:00,EST,N.Y.C.,61761,5360.2159
01/01/2025 17:00:00,EST,N.Y.C.,61761,5515.3706
01/01/2025 18:00:00,EST,N.Y.C.,61761,5515.4415
01/01/2025 19:00:00,EST,N.Y.C.,61761,5455.8174
01/01/2025 20:00:00,EST,N.Y.C.,61761,5367.5082
01/01/2025 21:00:00,EST,N.Y.C.,61761,5255.3828
01/01/2025 22:00:00,EST,N.Y.C.,61761,5048.7138
01/01/2025 23:00:00,EST,N.Y.C.,61761,4853.9504
01/02/2025 00:00:00,EST,N.Y.C.,61761,4677.9737
01/02/2025 01:00:00,EST,N.Y.C.,61761,4478.2023
01/02/2025 02:00:00,EST,N.Y.C.,61761,4380.5476
01/02/2025 03:00:00,EST,N.Y.C.,61761,4330.8734
01/02/2025 04:00:00,EST,N.Y.C.,61761,4373.1668
01/02/2025 05:00:00,EST,N.Y.C.,61761,4589.5802
01/02/2025 06:00:00,EST,N.Y.C.,61761,5057.8199
01/02/2025 07:00:00,EST,N.Y.C.,61761,5481.7882
01/02/2025 08:00:00,EST,N.Y.C.,61761,5716.93
01/02/2025 09:00:00,EST,N.Y.C.,61761,5821.6359
01/02/2025 10:00:00,EST,N.Y.C.,61761,5892.2741
01/02/2025 11:00:00,EST,N.Y.C.,61761,5953.9621
01/02/2025 12:00:00,EST,N.Y.C.,61761,5979.4995
01/02/2025 13:00:00,EST,N.Y.C.,61761,5994.1549
01/02/2025 14:00:00,EST,N.Y.C.,61761,6045.5874
01/02/2025 15:00:00,EST,N.Y.C.,61761,6141.4319
01/02/2025 16:00:00,EST,N.Y.C.,61761,6315.2233
01/02/2025 17:00:00,EST,N.Y.C.,61761,6467.1866
01/02/2025 18:00:00,EST,N.Y.C.,61761,6362.5699
01/02/2025 19:00:00,EST,N.Y.C.,61761,6235.4551
01/02/2025 20:00:00,EST,N.Y.C.,61761,6076.1765
01/02/2025 21:00:00,EST,N.Y.C.,61761,5865.6401
01/02/2025 22:00:00,EST,N.Y.C.,61761,5530.9003
01/02/2025 23:00:00,EST,N.Y.C.,61761,5211.9248
01/03/2025 00:00:00,EST,N.Y.C.,61761,4948.9052
01/03/2025 01:00:00,EST,N.Y.C.,61761,4759.655
01/03/2025 02:00:00,EST,N.Y.C.,61761,4629.9951
01/03/2025 03:00:00,EST,N.Y.C.,61761,4563.828
01/03/2025 04:00:00,EST,N.Y.C.,61761,4598.1401
01/03/2025 05:00:00,EST,N.Y.C.,61761,4813.1175
01/03/2025 06:00:00,EST,N.Y.C.,61761,5292.372
01/03/2025 07:00:00,EST,N.Y.C.,61761,5690.992
01/03/2025 08:00:00,EST,N.Y.C.,61761,5934.0141
01/03/2025 09:00:00,EST,N.Y.C.,61761,6038.3612
01/03/2025 10:00:00,EST,N.Y.C.,61761,6056.9982
01/03/2025 11:00:00,EST,N.Y.C.,61761,6062.047
01/03/2025 12:00:00,EST,N.Y.C.,61761,6052.6155
01/03/2025 13:00:00,EST,N.Y.C.,61761,6054.434
01/03/2025 14:00:00,EST,N.Y.C.,61761,6074.1845
01/03/2025 15:00:00,EST,N.Y.C.,61761,6148.5238
01/03/2025 16:00:00,EST,N.Y.C.,61761,6322.3624
01/03/2025 17:00:00,EST,N.Y.C.,61761,6441.9135
01/03/2025 18:00:00,EST,N.Y.C.,61761,6323.1073
01/03/2025 19:00:00,EST,N.Y.C.,61761,6198.3585
01/03/2025 20:00:00,EST,N.Y.C.,61761,6041.8469
01/03/2025 21:00:00,EST,N.Y.C.,61761,5867.5998
01/03/2025 22:00:00,EST,N.Y.C.,61761,5647.0219
01/03/2025 23:00:00,EST,N.Y.C.,61761,5380.1182
01/04/2025 00:00:00,EST,N.Y.C.,61761,5147.0817
01/04/2025 01:00:00,EST,N.Y.C.,61761,4981.6409
01/04/2025 02:00:00,EST,N.Y.C.,61761,4845.3813
01/04/2025 03:00:00,EST,N.Y.C.,61761,4765.1237
01/04/2025 04:00:00,EST,N.Y.C.,61761,4768.3185
01/04/2025 05:00:00,EST,N.Y.C.,61761,4847.1615
01/04/2025 06:00:00,EST,N.Y.C.,61761,5027.972
01/04/2025 07:00:00,EST,N.Y.C.,61761,5219.3278
01/04/2025 08:00:00,EST,N.Y.C.,61761,5406.3106
01/04/2025 09:00:00,EST,N.Y.C.,61761,5539.098
01/04/2025 10:00:00,EST,N.Y.C.,61761,5680.7024
01/04/2025 11:00:00,EST,N.Y.C.,61761,5767.3078
01/04/2025 12:00:00,EST,N.Y.C.,61761,5819.4324
01/04/2025 13:00:00,EST,N.Y.C.,61761,5814.5924
01/04/2025 14:00:00,EST,N.Y.C.,61761,5853.7027
01/04/2025 15:00:00,EST,N.Y.C.,61761,5959.5985
01/04/2025 16:00:00,EST,N.Y.C.,61761,6102.0972
01/04/2025 17:00:00,EST,N.Y.C.,61761,6260.5364
01/04/2025 18:00:00,EST,N.Y.C.,61761,6263.6725
01/04/2025 19:00:00,EST,N.Y.C.,61761,6204.9638
01/04/2025 20:00:00,EST,N.Y.C.,61761,6099.566
01/04/2025 21:00:00,EST,N.Y.C.,61761,5968.8314
01/04/2025 22:00:00,EST,N.Y.C.,61761,5788.4092
01/04/2025 23:00:00,EST,N.Y.C.,61761,5554.7153
01/05/2025 00:00:00,EST,N.Y.C.,61761,5325.3722
01/05/2025 01:00:00,EST,N.Y.C.,61761,5140.8362
01/05/2025 02:00:00,EST,N.Y.C.,61761,4991.0134
01/05/2025 03:00:00,EST,N.Y.C.,61761,4889.6439
01/05/2025 04:00:00,EST,N.Y.C.,61761,4859.621
01/05/2025 05:00:00,EST,N.Y.C.,61761,4904.2537
01/05/2025 06:00:00,EST,N.Y.C.,61761,5030.1177
01/05/2025 07:00:00,EST,N.Y.C.,61761,5176.6007
01/05/2025 08:00:00,EST,N.Y.C.,61761,5354.8013
01/05/2025 09:00:00,EST,N.Y.C.,61761,5474.3683
01/05/2025 10:00:00,EST,N.Y.C.,61761,5605.6868
01/05/2025 11:00:00,EST,N.Y.C.,61761,5724.3087
01/05/2025 12:00:00,EST,N.Y.C.,61761,5759.8917
01/05/2025 13:00:00,EST,N.Y.C.,61761,5795.4984
01/05/2025 14:00:00,EST,N.Y.C.,61761,5817.4119
01/05/2025 15:00:00,EST,N.Y.C.,61761,5917.5673
01/05/2025 16:00:00,EST,N.Y.C.,61761,6123.2016
01/05/2025 17:00:00,EST,N.Y.C.,61761,6316.0512
01/05/2025 18:00:00,EST,N.Y.C.,61761,6347.8832
01/05/2025 19:00:00,EST,N.Y.C.,61761,6283.6361
01/05/2025 20:00:00,EST,N.Y.C.,61761,6176.0404
01/05/2025 21:00:00,EST,N.Y.C.,61761,6014.9413
01/05/2025 22:00:00,EST,N.Y.C.,61761,5748.7802
01/05/2025 23:00:00,EST,N.Y.C.,61761,5452.9702
01/06/2025 00:00:00,EST,N.Y.C.,61761,5207.6284
01/06/2025 01:00:00,EST,N.Y.C.,61761,5037.8601
01/06/2025 02:00:00,EST,N.Y.C.,61761,4910.3674
01/06/2025 03:00:00,EST,N.Y.C.,61761,4861.039
01/06/2025 04:00:00,EST,N.Y.C.,61761,4905.0795
01/06/2025 05:00:00,EST,N.Y.C.,61761,5129.1728
01/06/2025 06:00:00,EST,N.Y.C.,61761,5586.3645
01/06/2025 07:00:00,EST,N.Y.C.,61761,6065.6554
01/06/2025 08:00:00,EST,N.Y.C.,61761,6325.2852
01/06/2025 09:00:00,EST,N.Y.C.,61761,6542.4313
01/06/2025 10:00:00,EST,N.Y.C.,61761,6709.3481
01/06/2025 11:00:00,EST,N.Y.C.,61761,6782.5608
01/06/2025 12:00:00,EST,N.Y.C.,61761,6842.7741
01/06/2025 13:00:00,EST,N.Y.C.,61761,6857.434
01/06/2025 14:00:00,EST,N.Y.C.,61761,6822.7559
01/06/2025 15:00:00,EST,N.Y.C.,61761,6827.0262
01/06/2025 16:00:00,EST,N.Y.C.,61761,6901.9649
01/06/2025 17:00:00,EST,N.Y.C.,61761,6988.1687
01/06/2025 18:00:00,EST,N.Y.C.,61761,6880.618
01/06/2025 19:00:00,EST,N.Y.C.,61761,6749.2676
01/06/2025 20:00:00,EST,N.Y.C.,61761,6594.7506
01/06/2025 21:00:00,EST,N.Y.C.,61761,6409.6893
01/06/2025 22:00:00,EST,N.Y.C.,61761,6083.1085
01/06/2025 23:00:00,EST,N.Y.C.,61761,5750.8359
01/07/2025 00:00:00,EST,N.Y.C.,61761,5508.2105
01/07/2025 01:00:00,EST,N.Y.C.,61761,5370.1068
01/07/2025 02:00:00,EST,N.Y.C.,61761,5261.0531
01/07/2025 03:00:00,EST,N.Y.C.,61761,5214.4835
01/07/2025 04:00:00,EST,N.Y.C.,61761,5253.4073
01/07/2025 05:00:00,EST,N.Y.C.,61761,5492.775
01/07/2025 06:00:00,EST,N.Y.C.,61761,5989.1202
01/07/2025 07:00:00,EST,N.Y.C.,61761,6468.3176
01/07/2025 08:00:00,EST,N.Y.C.,61761,6714.0291
01/07/2025 09:00:00,EST,N.Y.C.,61761,6859.6976
01/07/2025 10:00:00,EST,N.Y.C.,61761,6862.0427
01/07/2025 11:00:00,EST,N.Y.C.,61761,6857.7424
01/07/2025 12:00:00,EST,N.Y.C.,61761,6815.4972
01/07/2025 13:00:00,EST,N.Y.C.,61761,6773.9976
01/07/2025 14:00:00,EST,N.Y.C.,61761,6753.4897
01/07/2025 15:00:00,EST,N.Y.C.,61761,6836.7541
01/07/2025 16:00:00,EST,N.Y.C.,61761,6995.6113
01/07/2025 17:00:00,EST,N.Y.C.,61761,7180.9123
01/07/2025 18:00:00,EST,N.Y.C.,61761,7125.9247
01/07/2025 19:00:00,EST,N.Y.C.,61761,6997.9487
01/07/2025 20:00:00,EST,N.Y.C.,61761,6822.5484
01/07/2025 21:00:00,EST,N.Y.C.,61761,6577.7493
01/07/2025 22:00:00,EST,N.Y.C.,61761,6227.016
01/07/2025 23:00:00,EST,N.Y.C.,61761,5842.5034
01/08/2025 00:00:00,EST,N.Y.C.,61761,5539.1375
01/08/2025 01:00:00,EST,N.Y.C.,61761,5369.7931
01/08/2025 02:00:00,EST,N.Y.C.,61761,5256.3976
01/08/2025 03:00:00,EST,N.Y.C.,61761,5196.3351
01/08/2025 04:00:00,EST,N.Y.C.,61761,5246.9805
01/08/2025 05:00:00,EST,N.Y.C.,61761,5482.8698
01/08/2025 06:00:00,EST,N.Y.C.,61761,5999.1415
01/08/2025 07:00:00,EST,N.Y.C.,61761,6483.7924
01/08/2025 08:00:00,EST,N.Y.C.,61761,6707.9389
01/08/2025 09:00:00,EST,N.Y.C.,61761,6798.8917
01/08/2025 10:00:00,EST,N.Y.C.,61761,6805.027
01/08/2025 11:00:00,EST,N.Y.C.,61761,6811.2493
01/08/2025 12:00:00,EST,N.Y.C.,61761,6794.9516
01/08/2025 13:00:00,EST,N.Y.C.,61761,6796.8885
01/08/2025 14:00:00,EST,N.Y.C.,61761,6828.8234
01/08/2025 15:00:00,EST,N.Y.C.,61761,6949.7012
01/08/2025 16:00:00,EST,N.Y.C.,61761,7137.1371
01/08/2025 17:00:00,EST,N.Y.C.,61761,7327.2944
01/08/2025 18:00:00,EST,N.Y.C.,61761,7279.8799
01/08/2025 19:00:00,EST,N.Y.C.,61761,7172.0574
01/08/2025 20:00:00,EST,N.Y.C.,61761,6989.7664
01/08/2025 21:00:00,EST,N.Y.C.,61761,6757.1457
01/08/2025 22:00:00,EST,N.Y.C.,61761,6406.1751
01/08/2025 23:00:00,EST,N.Y.C.,61761,6016.4541
01/09/2025 00:00:00,EST,N.Y.C.,61761,5715.1415
01/09/2025 01:00:00,EST,N.Y.C.,61761,5533.3356
01/09/2025 02:00:00,EST,N.Y.C.,61761,5391.1609
01/09/2025 03:00:00,EST,N.Y.C.,61761,5327.9793
01/09/2025 04:00:00,EST,N.Y.C.,61761,5366.4037
01/09/2025 05:00:00,EST,N.Y.C.,61761,5598.1426
01/09/2025 06:00:00,EST,N.Y.C.,61761,6088.072
01/09/2025 07:00:00,EST,N.Y.C.,61761,6555.0543
01/09/2025 08:00:00,EST,N.Y.C.,61761,6770.4867
01/09/2025 09:00:00,EST,N.Y.C.,61761,6861.2066
01/09/2025 10:00:00,EST,N.Y.C.,61761,6865.8194
01/09/2025 11:00:00,EST,N.Y.C.,61761,6858.0839
01/09/2025 12:00:00,EST,N.Y.C.,61761,6842.2841
01/09/2025 13:00:00,EST,N.Y.C.,61761,6829.1663
01/09/2025 14:00:00,EST,N.Y.C.,61761,6833.7806
01/09/2025 15:00:00,EST,N.Y.C.,61761,6902.8229
01/09/2025 16:00:00,EST,N.Y.C.,61761,7066.3103
01/09/2025 17:00:00,EST,N.Y.C.,61761,7236.8501
01/09/2025 18:00:00,EST,N.Y.C.,61761,7166.2803
01/09/2025 19:00:00,EST,N.Y.C.,61761,7037.5728
01/09/2025 20:00:00,EST,N.Y.C.,61761,6838.3032
01/09/2025 21:00:00,EST,N.Y.C.,61761,6587.0433
01/09/2025 22:00:00,EST,N.Y.C.,61761,6244.5988
01/09/2025 23:00:00,EST,N.Y.C.,61761,5892.3928
01/10/2025 00:00:00,EST,N.Y.C.,61761,5590.2905
01/10/2025 01:00:00,EST,N.Y.C.,61761,5404.869
01/10/2025 02:00:00,EST,N.Y.C.,61761,5265.6577
01/10/2025 03:00:00,EST,N.Y.C.,61761,5182.8372
01/10/2025 04:00:00,EST,N.Y.C.,61761,5204.2983
01/10/2025 05:00:00,EST,N.Y.C.,61761,5430.4061
01/10/2025 06:00:00,EST,N.Y.C.,61761,5902.2855
01/10/2025 07:00:00,EST,N.Y.C.,61761,6340.9089
01/10/2025 08:00:00,EST,N.Y.C.,61761,6530.1266
01/10/2025 09:00:00,EST,N.Y.C.,61761,6609.2769
01/10/2025 10:00:00,EST,N.Y.C.,61761,6600.9515
01/10/2025 11:00:00,EST,N.Y.C.,61761,6565.3719
01/10/2025 12:00:00,EST,N.Y.C.,61761,6533.4218
01/10/2025 13:00:00,EST,N.Y.C.,61761,6481.9667
01/10/2025 14:00:00,EST,N.Y.C.,61761,6456.0788
01/10/2025 15:00:00,EST,N.Y.C.,61761,6531.4683
01/10/2025 16:00:00,EST,N.Y.C.,61761,6648.6316
01/10/2025 17:00:00,EST,N.Y.C.,61761,6748.9595
01/10/2025 18:00:00,EST,N.Y.C.,61761,6617.4812
01/10/2025 19:00:00,EST,N.Y.C.,61761,6446.6372
01/10/2025 20:00:00,EST,N.Y.C.,61761,6244.9496
01/10/2025 21:00:00,EST,N.Y.C.,61761,6035.6055
01/10/2025 22:00:00,EST,N.Y.C.,61761,5771.7
01/10/2025 23:00:00,EST,N.Y.C.,61761,5463.682
01/11/2025 00:00:00,EST,N.Y.C.,61761,5218.6687
01/11/2025 01:00:00,EST,N.Y.C.,61761,5051.4423
01/11/2025 02:00:00,EST,N.Y.C.,61761,4916.4186
01/11/2025 03:00:00,EST,N.Y.C.,61761,4846.7479
01/11/2025 04:00:00,EST,N.Y.C.,61761,4870.339
01/11/2025 05:00:00,EST,N.Y.C.,61761,4956.7098
01/11/2025 06:00:00,EST,N.Y.C.,61761,5132.1395
01/11/2025 07:00:00,EST,N.Y.C.,61761,5340.8881
01/11/2025 08:00:00,EST,N.Y.C.,61761,5585.9789
01/11/2025 09:00:00,EST,N.Y.C.,61761,5806.1563
01/11/2025 10:00:00,EST,N.Y.C.,61761,5923.3007
01/11/2025 11:00:00,EST,N.Y.C.,61761,5990.0487
01/11/2025 12:00:00,EST,N.Y.C.,61761,6008.2442
01/11/2025 13:00:00,EST,N.Y.C.,61761,5957.9338
01/11/2025 14:00:00,EST,N.Y.C.,61761,5918.208
01/11/2025 15:00:00,EST,N.Y.C.,61761,5969.4688
01/11/2025 16:00:00,EST,N.Y.C.,61761,6096.9472
01/11/2025 17:00:00,EST,N.Y.C.,61761,6250.6523
01/11/2025 18:00:00,EST,N.Y.C.,61761,6272.8405
01/11/2025 19:00:00,EST,N.Y.C.,61761,6210.6336
01/11/2025 20:00:00,EST,N.Y.C.,61761,6124.8464
01/11/2025 21:00:00,EST,N.Y.C.,61761,5999.8564
01/11/2025 22:00:00,EST,N.Y.C.,61761,5800.7776
01/11/2025 23:00:00,EST,N.Y.C.,61761,5567.1282
01/12/2025 00:00:00,EST,N.Y.C.,61761,5345.6206
01/12/2025 01:00:00,EST,N.Y.C.,61761,5142.5576
01/12/2025 02:00:00,EST,N.Y.C.,61761,4994.927
01/12/2025 03:00:00,EST,N.Y.C.,61761,4894.4438
01/12/2025 04:00:00,EST,N.Y.C.,61761,4856.3477
01/12/2025 05:00:00,EST,N.Y.C.,61761,4883.962
01/12/2025 06:00:00,EST,N.Y.C.,61761,5000.5621
01/12/2025 07:00:00,EST,N.Y.C.,61761,5146.2885
01/12/2025 08:00:00,EST,N.Y.C.,61761,5297.1451
01/12/2025 09:00:00,EST,N.Y.C.,61761,5402.0932
01/12/2025 10:00:00,EST,N.Y.C.,61761,5480.0582
01/12/2025 11:00:00,EST,N.Y.C.,61761,5509.859
01/12/2025 12:00:00,EST,N.Y.C.,61761,5531.9072
01/12/2025 13:00:00,EST,N.Y.C.,61761,5541.3625
01/12/2025 14:00:00,EST,N.Y.C.,61761,5610.289
01/12/2025 15:00:00,EST,N.Y.C.,61761,5689.7212
01/12/2025 16:00:00,EST,N.Y.C.,61761,5837.3437
01/12/2025 17:00:00,EST,N.Y.C.,61761,6025.0636
01/12/2025 18:00:00,EST,N.Y.C.,61761,6029.935
01/12/2025 19:00:00,EST,N.Y.C.,61761,5974.9553
01/12/2025 20:00:00,EST,N.Y.C.,61761,5879.6063
01/12/2025 21:00:00,EST,N.Y.C.,61761,5726.9356
01/12/2025 22:00:00,EST,N.Y.C.,61761,5474.7624
01/12/2025 23:00:00,EST,N.Y.C.,61761,5184.2217
01/13/2025 00:00:00,EST,N.Y.C.,61761,4972.8982
01/13/2025 01:00:00,EST,N.Y.C.,61761,4808.1494
01/13/2025 02:00:00,EST,N.Y.C.,61761,4702.4659
01/13/2025 03:00:00,EST,N.Y.C.,61761,4654.9098
01/13/2025 04:00:00,EST,N.Y.C.,61761,4722.2927
01/13/2025 05:00:00,EST,N.Y.C.,61761,4986.4045
01/13/2025 06:00:00,EST,N.Y.C.,61761,5460.1907
01/13/2025 07:00:00,EST,N.Y.C.,61761,5912.1425
01/13/2025 08:00:00,EST,N.Y.C.,61761,6144.5932
01/13/2025 09:00:00,EST,N.Y.C.,61761,6362.6793
01/13/2025 10:00:00,EST,N.Y.C.,61761,6392.6192
01/13/2025 11:00:00,EST,N.Y.C.,61761,6414.1868
01/13/2025 12:00:00,EST,N.Y.C.,61761,6405.3214
01/13/2025 13:00:00,EST,N.Y.C.,61761,6437.5427
01/13/2025 14:00:00,EST,N.Y.C.,61761,6383.6324
01/13/2025 15:00:00,EST,N.Y.C.,61761,6327.191
01/13/2025 16:00:00,EST,N.Y.C.,61761,6431.495
01/13/2025 17:00:00,EST,N.Y.C.,61761,6576.2843
01/13/2025 18:00:00,EST,N.Y.C.,61761,6487.3288
01/13/2025 19:00:00,EST,N.Y.C.,61761,6350.1019
01/13/2025 20:00:00,EST,N.Y.C.,61761,6181.7322
01/13/2025 21:00:00,EST,N.Y.C.,61761,5971.3065
01/13/2025 22:00:00,EST,N.Y.C.,61761,5653.7726
01/13/2025 23:00:00,EST,N.Y.C.,61761,5313.8695
01/14/2025 00:00:00,EST,N.Y.C.,61761,5061.1157
01/14/2025 01:00:00,EST,N.Y.C.,61761,4906.7015
01/14/2025 02:00:00,EST,N.Y.C.,61761,4815.6876
01/14/2025 03:00:00,EST,N.Y.C.,61761,4785.1482
01/14/2025 04:00:00,EST,N.Y.C.,61761,4845.1254
01/14/2025 05:00:00,EST,N.Y.C.,61761,5104.2557
01/14/2025 06:00:00,EST,N.Y.C.,61761,5613.3937
01/14/2025 07:00:00,EST,N.Y.C.,61761,6106.7864
01/14/2025 08:00:00,EST,N.Y.C.,61761,6336.4211
01/14/2025 09:00:00,EST,N.Y.C.,61761,6429.357
01/14/2025 10:00:00,EST,N.Y.C.,61761,6423.9035
01/14/2025 11:00:00,EST,N.Y.C.,61761,6441.9252
01/14/2025 12:00:00,EST,N.Y.C.,61761,6430.0117
01/14/2025 13:00:00,EST,N.Y.C.,61761,6430.1579
01/14/2025 14:00:00,EST,N.Y.C.,61761,6449.1694
01/14/2025 15:00:00,EST,N.Y.C.,61761,6555.4017
01/14/2025 16:00:00,EST,N.Y.C.,61761,6696.3358
01/14/2025 17:00:00,EST,N.Y.C.,61761,6863.4828
01/14/2025 18:00:00,EST,N.Y.C.,61761,6789.1248
01/14/2025 19:00:00,EST,N.Y.C.,61761,6657.12
01/14/2025 20:00:00,EST,N.Y.C.,61761,6480.2855
01/14/2025 21:00:00,EST,N.Y.C.,61761,6273.1586
01/14/2025 22:00:00,EST,N.Y.C.,61761,5960.527
01/14/2025 23:00:00,EST,N.Y.C.,61761,5632.6792
01/15/2025 00:00:00,EST,N.Y.C.,61761,5390.8348
01/15/2025 01:00:00,EST,N.Y.C.,61761,5223.4908
01/15/2025 02:00:00,EST,N.Y.C.,61761,5119.1287
01/15/2025 03:00:00,EST,N.Y.C.,61761,5078.1018
01/15/2025 04:00:00,EST,N.Y.C.,61761,5130.7883
01/15/2025 05:00:00,EST,N.Y.C.,61761,5353.7018
01/15/2025 06:00:00,EST,N.Y.C.,61761,5847.1439
01/15/2025 07:00:00,EST,N.Y.C.,61761,6314.8867
01/15/2025 08:00:00,EST,N.Y.C.,61761,6517.1811
01/15/2025 09:00:00,EST,N.Y.C.,61761,6600.2329
01/15/2025 10:00:00,EST,N.Y.C.,61761,6581.7168
01/15/2025 11:00:00,EST,N.Y.C.,61761,6603.3993
01/15/2025 12:00:00,EST,N.Y.C.,61761,6593.3351
01/15/2025 13:00:00,EST,N.Y.C.,61761,6580.1576
01/15/2025 14:00:00,EST,N.Y.C.,61761,6576.5156
01/15/2025 15:00:00,EST,N.Y.C.,61761,6652.8687
01/15/2025 16:00:00,EST,N.Y.C.,61761,6807.5957
01/15/2025 17:00:00,EST,N.Y.C.,61761,6982.0783
01/15/2025 18:00:00,EST,N.Y.C.,61761,6915.2697
01/15/2025 19:00:00,EST,N.Y.C.,61761,6783.5468
01/15/2025 20:00:00,EST,N.Y.C.,61761,6598.6131
01/15/2025 21:00:00,EST,N.Y.C.,61761,6371.4298
01/15/2025 22:00:00,EST,N.Y.C.,61761,6034.5488
01/15/2025 23:00:00,EST,N.Y.C.,61761,5669.7528
01/16/2025 00:00:00,EST,N.Y.C.,61761,5388.1502
01/16/2025 01:00:00,EST,N.Y.C.,61761,5200.1166
01/16/2025 02:00:00,EST,N.Y.C.,61761,5093.5254
01/16/2025 03:00:00,EST,N.Y.C.,61761,5044.6737
01/16/2025 04:00:00,EST,N.Y.C.,61761,5084.0597
01/16/2025 05:00:00,EST,N.Y.C.,61761,5315.1481
01/16/2025 06:00:00,EST,N.Y.C.,61761,5797.0194
01/16/2025 07:00:00,EST,N.Y.C.,61761,6255.5967
01/16/2025 08:00:00,EST,N.Y.C.,61761,6496.335
01/16/2025 09:00:00,EST,N.Y.C.,61761,6568.6915
01/16/2025 10:00:00,EST,N.Y.C.,61761,6580.8478
01/16/2025 11:00:00,EST,N.Y.C.,61761,6673.9012
01/16/2025 12:00:00,EST,N.Y.C.,61761,6715.6811
01/16/2025 13:00:00,EST,N.Y.C.,61761,6682.3011
01/16/2025 14:00:00,EST,N.Y.C.,61761,6729.9958
01/16/2025 15:00:00,EST,N.Y.C.,61761,6792.1186
01/16/2025 16:00:00,EST,N.Y.C.,61761,6882.2828
01/16/2025 17:00:00,EST,N.Y.C.,61761,6955.3306
01/16/2025 18:00:00,EST,N.Y.C.,61761,6838.3981
01/16/2025 19:00:00,EST,N.Y.C.,61761,6723.8386
01/16/2025 20:00:00,EST,N.Y.C.,61761,6530.4594
01/16/2025 21:00:00,EST,N.Y.C.,61761,6299.9276
01/16/2025 22:00:00,EST,N.Y.C.,61761,5994.7027
01/16/2025 23:00:00,EST,N.Y.C.,61761,5654.5023
01/17/2025 00:00:00,EST,N.Y.C.,61761,5400.489
01/17/2025 01:00:00,EST,N.Y.C.,61761,5205.5811
01/17/2025 02:00:00,EST,N.Y.C.,61761,5083.5207
01/17/2025 03:00:00,EST,N.Y.C.,61761,5043.9627
01/17/2025 04:00:00,EST,N.Y.C.,61761,5080.1265
01/17/2025 05:00:00,EST,N.Y.C.,61761,5297.6504
01/17/2025 06:00:00,EST,N.Y.C.,61761,5751.1872
01/17/2025 07:00:00,EST,N.Y.C.,61761,6161.0434
01/17/2025 08:00:00,EST,N.Y.C.,61761,6373.9484
01/17/2025 09:00:00,EST,N.Y.C.,61761,6453.4508
01/17/2025 10:00:00,EST,N.Y.C.,61761,6437.6007
01/17/2025 11:00:00,EST,N.Y.C.,61761,6394.7031
01/17/2025 12:00:00,EST,N.Y.C.,61761,6325.4412
01/17/2025 13:00:00,EST,N.Y.C.,61761,6258.9368
01/17/2025 14:00:00,EST,N.Y.C.,61761,6230.7025
01/17/2025 15:00:00,EST,N.Y.C.,61761,6277.7031
01/17/2025 16:00:00,EST,N.Y.C.,61761,6401.5231
01/17/2025 17:00:00,EST,N.Y.C.,61761,6506.116
01/17/2025 18:00:00,EST,N.Y.C.,61761,6377.5212
01/17/2025 19:00:00,EST,N.Y.C.,61761,6234.7577
01/17/2025 20:00:00,EST,N.Y.C.,61761,6053.3302
01/17/2025 21:00:00,EST,N.Y.C.,61761,5866.6073
01/17/2025 22:00:00,EST,N.Y.C.,61761,5631.0622
01/17/2025 23:00:00,EST,N.Y.C.,61761,5374.1067
01/18/2025 00:00:00,EST,N.Y.C.,61761,5159.4688
01/18/2025 01:00:00,EST,N.Y.C.,61761,4995.1275
01/18/2025 02:00:00,EST,N.Y.C.,61761,4862.3947
01/18/2025 03:00:00,EST,N.Y.C.,61761,4794.2319
01/18/2025 04:00:00,EST,N.Y.C.,61761,4771.7633
01/18/2025 05:00:00,EST,N.Y.C.,61761,4834.5286
01/18/2025 06:00:00,EST,N.Y.C.,61761,4995.891
01/18/2025 07:00:00,EST,N.Y.C.,61761,5163.5118
01/18/2025 08:00:00,EST,N.Y.C.,61761,5311.9073
01/18/2025 09:00:00,EST,N.Y.C.,61761,5500.9353
01/18/2025 10:00:00,EST,N.Y.C.,61761,5635.9513
01/18/2025 11:00:00,EST,N.Y.C.,61761,5716.6812
01/18/2025 12:00:00,EST,N.Y.C.,61761,5752.4385
01/18/2025 13:00:00,EST,N.Y.C.,61761,5754.8479
01/18/2025 14:00:00,EST,N.Y.C.,61761,5750.1636
01/18/2025 15:00:00,EST,N.Y.C.,61761,5753.7819
01/18/2025 16:00:00,EST,N.Y.C.,61761,5779.7612
01/18/2025 17:00:00,EST,N.Y.C.,61761,5821.9214
01/18/2025 18:00:00,EST,N.Y.C.,61761,5797.9588
01/18/2025 19:00:00,EST,N.Y.C.,61761,5717.6008
01/18/2025 20:00:00,EST,N.Y.C.,61761,5618.3356
01/18/2025 21:00:00,EST,N.Y.C.,61761,5481.9561
01/18/2025 22:00:00,EST,N.Y.C.,61761,5307.2579
01/18/2025 23:00:00,EST,N.Y.C.,61761,5112.1078
01/19/2025 00:00:00,EST,N.Y.C.,61761,4926.3273
01/19/2025 01:00:00,EST,N.Y.C.,61761,4768.9271
01/19/2025 02:00:00,EST,N.Y.C.,61761,4644.189
01/19/2025 03:00:00,EST,N.Y.C.,61761,4571.6461
01/19/2025 04:00:00,EST,N.Y.C.,61761,4540.0255
01/19/2025 05:00:00,EST,N.Y.C.,61761,4594.5982
01/19/2025 06:00:00,EST,N.Y.C.,61761,4708.7178
01/19/2025 07:00:00,EST,N.Y.C.,61761,4845.7009
01/19/2025 08:00:00,EST,N.Y.C.,61761,5017.7843
01/19/2025 09:00:00,EST,N.Y.C.,61761,5172.2358
01/19/2025 10:00:00,EST,N.Y.C.,61761,5363.6561
01/19/2025 11:00:00,EST,N.Y.C.,61761,5489.2931
01/19/2025 12:00:00,EST,N.Y.C.,61761,5586.3741
01/19/2025 13:00:00,EST,N.Y.C.,61761,5675.729
01/19/2025 14:00:00,EST,N.Y.C.,61761,5783.4803
01/19/2025 15:00:00,EST,N.Y.C.,61761,5897.8179
01/19/2025 16:00:00,EST,N.Y.C.,61761,6002.2902
01/19/2025 17:00:00,EST,N.Y.C.,61761,6153.4081
01/19/2025 18:00:00,EST,N.Y.C.,61761,6161.4537
01/19/2025 19:00:00,EST,N.Y.C.,61761,6124.404
01/19/2025 20:00:00,EST,N.Y.C.,61761,6039.1069
01/19/2025 21:00:00,EST,N.Y.C.,61761,5928.3497
01/19/2025 22:00:00,EST,N.Y.C.,61761,5741.1104
01/19/2025 23:00:00,EST,N.Y.C.,61761,5511.986
01/20/2025 00:00:00,EST,N.Y.C.,61761,5349.5321
01/20/2025 01:00:00,EST,N.Y.C.,61761,5214.7083
01/20/2025 02:00:00,EST,N.Y.C.,61761,5122.3333
01/20/2025 03:00:00,EST,N.Y.C.,61761,5088.4974
01/20/2025 04:00:00,EST,N.Y.C.,61761,5118.769
01/20/2025 05:00:00,EST,N.Y.C.,61761,5300.1417
01/20/2025 06:00:00,EST,N.Y.C.,61761,5618.8556
01/20/2025 07:00:00,EST,N.Y.C.,61761,5946.0608
01/20/2025 08:00:00,EST,N.Y.C.,61761,6224.5867
01/20/2025 09:00:00,EST,N.Y.C.,61761,6438.0427
01/20/2025 10:00:00,EST,N.Y.C.,61761,6591.8719
01/20/2025 11:00:00,EST,N.Y.C.,61761,6669.8297
01/20/2025 12:00:00,EST,N.Y.C.,61761,6683.6039
01/20/2025 13:00:00,EST,N.Y.C.,61761,6690.4087
01/20/2025 14:00:00,EST,N.Y.C.,61761,6681.706
01/20/2025 15:00:00,EST,N.Y.C.,61761,6714.4535
01/20/2025 16:00:00,EST,N.Y.C.,61761,6809.7133
01/20/2025 17:00:00,EST,N.Y.C.,61761,7007.9995
01/20/2025 18:00:00,EST,N.Y.C.,61761,7009.0446
01/20/2025 19:00:00,EST,N.Y.C.,61761,6941.7326
01/20/2025 20:00:00,EST,N.Y.C.,61761,6808.2526
01/20/2025 21:00:00,EST,N.Y.C.,61761,6625.0921
01/20/2025 22:00:00,EST,N.Y.C.,61761,6317.2885
01/20/2025 23:00:00,EST,N.Y.C.,61761,5996.4712
01/21/2025 00:00:00,EST,N.Y.C.,61761,5749.5815
01/21/2025 01:00:00,EST,N.Y.C.,61761,5574.7334
01/21/2025 02:00:00,EST,N.Y.C.,61761,5487.5659
01/21/2025 03:00:00,EST,N.Y.C.,61761,5451.4267
01/21/2025 04:00:00,EST,N.Y.C.,61761,5501.8959
01/21/2025 05:00:00,EST,N.Y.C.,61761,5727.7675
01/21/2025 06:00:00,EST,N.Y.C.,61761,6210.8666
01/21/2025 07:00:00,EST,N.Y.C.,61761,6705.1301
01/21/2025 08:00:00,EST,N.Y.C.,61761,7017.3243
01/21/2025 09:00:00,EST,N.Y.C.,61761,7234.127
01/21/2025 10:00:00,EST,N.Y.C.,61761,7337.2263
01/21/2025 11:00:00,EST,N.Y.C.,61761,7369.2228
01/21/2025 12:00:00,EST,N.Y.C.,61761,7351.7625
01/21/2025 13:00:00,EST,N.Y.C.,61761,7369.3561
01/21/2025 14:00:00,EST,N.Y.C.,61761,7359.4074
01/21/2025 15:00:00,EST,N.Y.C.,61761,7405.4924
01/21/2025 16:00:00,EST,N.Y.C.,61761,7463.057
01/21/2025 17:00:00,EST,N.Y.C.,61761,7551.9638
01/21/2025 18:00:00,EST,N.Y.C.,61761,7450.6472
01/21/2025 19:00:00,EST,N.Y.C.,61761,7332.4499
01/21/2025 20:00:00,EST,N.Y.C.,61761,7157.991
01/21/2025 21:00:00,EST,N.Y.C.,61761,6941.6369
01/21/2025 22:00:00,EST,N.Y.C.,61761,6645.1521
01/21/2025 23:00:00,EST,N.Y.C.,61761,6319.9076
01/22/2025 00:00:00,EST,N.Y.C.,61761,6042.5001
01/22/2025 01:00:00,EST,N.Y.C.,61761,5861.4114
01/22/2025 02:00:00,EST,N.Y.C.,61761,5734.4865
01/22/2025 03:00:00,EST,N.Y.C.,61761,5688.3665
01/22/2025 04:00:00,EST,N.Y.C.,61761,5720.8364
01/22/2025 05:00:00,EST,N.Y.C.,61761,5940.8316
01/22/2025 06:00:00,EST,N.Y.C.,61761,6411.2977
01/22/2025 07:00:00,EST,N.Y.C.,61761,6892.5646
01/22/2025 08:00:00,EST,N.Y.C.,61761,7233.91
01/22/2025 09:00:00,EST,N.Y.C.,61761,7412.8379
01/22/2025 10:00:00,EST,N.Y.C.,61761,7451.8102
01/22/2025 11:00:00,EST,N.Y.C.,61761,7440.8485
01/22/2025 12:00:00,EST,N.Y.C.,61761,7397.4147
01/22/2025 13:00:00,EST,N.Y.C.,61761,7343.6948
01/22/2025 14:00:00,EST,N.Y.C.,61761,7302.5948
01/22/2025 15:00:00,EST,N.Y.C.,61761,7313.2322
01/22/2025 16:00:00,EST,N.Y.C.,61761,7370.4736
01/22/2025 17:00:00,EST,N.Y.C.,61761,7526.2963
01/22/2025 18:00:00,EST,N.Y.C.,61761,7463.9296
01/22/2025 19:00:00,EST,N.Y.C.,61761,7334.0588
01/22/2025 20:00:00,EST,N.Y.C.,61761,7139.1255
01/22/2025 21:00:00,EST,N.Y.C.,61761,6890.4277
01/22/2025 22:00:00,EST,N.Y.C.,61761,6596.4254
01/22/2025 23:00:00,EST,N.Y.C.,61761,6254.9595
01/23/2025 00:00:00,EST,N.Y.C.,61761,5967.3572
01/23/2025 01:00:00,EST,N.Y.C.,61761,5780.1143
01/23/2025 02:00:00,EST,N.Y.C.,61761,5645.7638
01/23/2025 03:00:00,EST,N.Y.C.,61761,5581.6909
01/23/2025 04:00:00,EST,N.Y.C.,61761,5602.9822
01/23/2025 05:00:00,EST,N.Y.C.,61761,5797.6109
01/23/2025 06:00:00,EST,N.Y.C.,61761,6216.7673
01/23/2025 07:00:00,EST,N.Y.C.,61761,6667.4475
01/23/2025 08:00:00,EST,N.Y.C.,61761,6959.3306
01/23/2025 09:00:00,EST,N.Y.C.,61761,7116.0336
01/23/2025 10:00:00,EST,N.Y.C.,61761,7181.0169
01/23/2025 11:00:00,EST,N.Y.C.,61761,7136.845
01/23/2025 12:00:00,EST,N.Y.C.,61761,7049.7009
01/23/2025 13:00:00,EST,N.Y.C.,61761,7004.8595
01/23/2025 14:00:00,EST,N.Y.C.,61761,6958.0908
01/23/2025 15:00:00,EST,N.Y.C.,61761,7013.0898
01/23/2025 16:00:00,EST,N.Y.C.,61761,7141.3624
01/23/2025 17:00:00,EST,N.Y.C.,61761,7275.3475
01/23/2025 18:00:00,EST,N.Y.C.,61761,7209.9022
01/23/2025 19:00:00,EST,N.Y.C.,61761,7094.5354
01/23/2025 20:00:00,EST,N.Y.C.,61761,6917.2349
01/23/2025 21:00:00,EST,N.Y.C.,61761,6702.0427
01/23/2025 22:00:00,EST,N.Y.C.,61761,6400.645
01/23/2025 23:00:00,EST,N.Y.C.,61761,6065.1323
01/24/2025 00:00:00,EST,N.Y.C.,61761,5784.8902
01/24/2025 01:00:00,EST,N.Y.C.,61761,5588.4088
01/24/2025 02:00:00,EST,N.Y.C.,61761,5464.0938
01/24/2025 03:00:00,EST,N.Y.C.,61761,5400.3487
01/24/2025 04:00:00,EST,N.Y.C.,61761,5430.6848
01/24/2025 05:00:00,EST,N.Y.C.,61761,5641.9237
01/24/2025 06:00:00,EST,N.Y.C.,61761,6075.0992
01/24/2025 07:00:00,EST,N.Y.C.,61761,6502.7595
01/24/2025 08:00:00,EST,N.Y.C.,61761,6729.2823
01/24/2025 09:00:00,EST,N.Y.C.,61761,6852.7387
01/24/2025 10:00:00,EST,N.Y.C.,61761,6849.991
01/24/2025 11:00:00,EST,N.Y.C.,61761,6834.1583
01/24/2025 12:00:00,EST,N.Y.C.,61761,6773.6618
01/24/2025 13:00:00,EST,N.Y.C.,61761,6715.9262
01/24/2025 14:00:00,EST,N.Y.C.,61761,6682.8303
01/24/2025 15:00:00,EST,N.Y.C.,61761,6699.8864
01/24/2025 16:00:00,EST,N.Y.C.,61761,6798.9203
01/24/2025 17:00:00,EST,N.Y.C.,61761,6928.6079
01/24/2025 18:00:00,EST,N.Y.C.,61761,6865.9254
01/24/2025 19:00:00,EST,N.Y.C.,61761,6723.7436
01/24/2025 20:00:00,EST,N.Y.C.,61761,6567.5721
01/24/2025 21:00:00,EST,N.Y.C.,61761,6373.4029
01/24/2025 22:00:00,EST,N.Y.C.,61761,6108.3719
01/24/2025 23:00:00,EST,N.Y.C.,61761,5812.8815
01/25/2025 00:00:00,EST,N.Y.C.,61761,5564.4531
01/25/2025 01:00:00,EST,N.Y.C.,61761,5392.5463
01/25/2025 02:00:00,EST,N.Y.C.,61761,5268.8946
01/25/2025 03:00:00,EST,N.Y.C.,61761,5203.244
01/25/2025 04:00:00,EST,N.Y.C.,61761,5193.9837
01/25/2025 05:00:00,EST,N.Y.C.,61761,5282.8529
01/25/2025 06:00:00,EST,N.Y.C.,61761,5470.9526
01/25/2025 07:00:00,EST,N.Y.C.,61761,5670.3867
01/25/2025 08:00:00,EST,N.Y.C.,61761,5868.592
01/25/2025 09:00:00,EST,N.Y.C.,61761,6009.8698
01/25/2025 10:00:00,EST,N.Y.C.,61761,6113.9397
01/25/2025 11:00:00,EST,N.Y.C.,61761,6130.4007
01/25/2025 12:00:00,EST,N.Y.C.,61761,6121.3642
01/25/2025 13:00:00,EST,N.Y.C.,61761,6094.9761
01/25/2025 14:00:00,EST,N.Y.C.,61761,6110.2829
01/25/2025 15:00:00,EST,N.Y.C.,61761,6123.4209
01/25/2025 16:00:00,EST,N.Y.C.,61761,6248.3752
01/25/2025 17:00:00,EST,N.Y.C.,61761,6410.7177
01/25/2025 18:00:00,EST,N.Y.C.,61761,6430.4293
01/25/2025 19:00:00,EST,N.Y.C.,61761,6364.0037
01/25/2025 20:00:00,EST,N.Y.C.,61761,6237.1772
01/25/2025 21:00:00,EST,N.Y.C.,61761,6088.0565
01/25/2025 22:00:00,EST,N.Y.C.,61761,5869.38
01/25/2025 23:00:00,EST,N.Y.C.,61761,5636.2585
01/26/2025 00:00:00,EST,N.Y.C.,61761,5405.7508
01/26/2025 01:00:00,EST,N.Y.C.,61761,5220.6372
01/26/2025 02:00:00,EST,N.Y.C.,61761,5065.1567
01/26/2025 03:00:00,EST,N.Y.C.,61761,4975.1684
01/26/2025 04:00:00,EST,N.Y.C.,61761,4939.7299
01/26/2025 05:00:00,EST,N.Y.C.,61761,4983.0908
01/26/2025 06:00:00,EST,N.Y.C.,61761,5093.9255
01/26/2025 07:00:00,EST,N.Y.C.,61761,5244.6881
01/26/2025 08:00:00,EST,N.Y.C.,61761,5433.3366
01/26/2025 09:00:00,EST,N.Y.C.,61761,5589.9084
01/26/2025 10:00:00,EST,N.Y.C.,61761,5711.6122
01/26/2025 11:00:00,EST,N.Y.C.,61761,5794.028
01/26/2025 12:00:00,EST,N.Y.C.,61761,5758.0261
01/26/2025 13:00:00,EST,N.Y.C.,61761,5756.7704
01/26/2025 14:00:00,EST,N.Y.C.,61761,5716.3758
01/26/2025 15:00:00,EST,N.Y.C.,61761,5756.2984
01/26/2025 16:00:00,EST,N.Y.C.,61761,5849.9377
01/26/2025 17:00:00,EST,N.Y.C.,61761,6064.2822
01/26/2025 18:00:00,EST,N.Y.C.,61761,6120.5516
01/26/2025 19:00:00,EST,N.Y.C.,61761,6079.9764
01/26/2025 20:00:00,EST,N.Y.C.,61761,5986.1388
01/26/2025 21:00:00,EST,N.Y.C.,61761,5842.9821
01/26/2025 22:00:00,EST,N.Y.C.,61761,5623.1109
01/26/2025 23:00:00,EST,N.Y.C.,61761,5314.8162
01/27/2025 00:00:00,EST,N.Y.C.,61761,5099.9625
01/27/2025 01:00:00,EST,N.Y.C.,61761,4955.5961
01/27/2025 02:00:00,EST,N.Y.C.,61761,4850.6966
01/27/2025 03:00:00,EST,N.Y.C.,61761,4807.9247
01/27/2025 04:00:00,EST,N.Y.C.,61761,4867.0248
01/27/2025 05:00:00,EST,N.Y.C.,61761,5106.9165
01/27/2025 06:00:00,EST,N.Y.C.,61761,5589.2145
01/27/2025 07:00:00,EST,N.Y.C.,61761,6034.6324
01/27/2025 08:00:00,EST,N.Y.C.,61761,6259.9705
01/27/2025 09:00:00,EST,N.Y.C.,61761,6348.6694
01/27/2025 10:00:00,EST,N.Y.C.,61761,6319.6821
01/27/2025 11:00:00,EST,N.Y.C.,61761,6293.501
01/27/2025 12:00:00,EST,N.Y.C.,61761,6270.6791
01/27/2025 13:00:00,EST,N.Y.C.,61761,6252.5468
01/27/2025 14:00:00,EST,N.Y.C.,61761,6248.7672
01/27/2025 15:00:00,EST,N.Y.C.,61761,6315.1654
01/27/2025 16:00:00,EST,N.Y.C.,61761,6442.0176
01/27/2025 17:00:00,EST,N.Y.C.,61761,6604.3395
01/27/2025 18:00:00,EST,N.Y.C.,61761,6556.8721
01/27/2025 19:00:00,EST,N.Y.C.,61761,6421.0534
01/27/2025 20:00:00,EST,N.Y.C.,61761,6238.3111
01/27/2025 21:00:00,EST,N.Y.C.,61761,6019.1827
01/27/2025 22:00:00,EST,N.Y.C.,61761,5708.0297
01/27/2025 23:00:00,EST,N.Y.C.,61761,5353.671
01/28/2025 00:00:00,EST,N.Y.C.,61761,5091.1959
01/28/2025 01:00:00,EST,N.Y.C.,61761,4930.5429
01/28/2025 02:00:00,EST,N.Y.C.,61761,4756.7991
01/28/2025 03:00:00,EST,N.Y.C.,61761,4704.9433
01/28/2025 04:00:00,EST,N.Y.C.,61761,4752.9318
01/28/2025 05:00:00,EST,N.Y.C.,61761,4982.2006
01/28/2025 06:00:00,EST,N.Y.C.,61761,5461.2175
01/28/2025 07:00:00,EST,N.Y.C.,61761,5900.4782
01/28/2025 08:00:00,EST,N.Y.C.,61761,6118.5876
01/28/2025 09:00:00,EST,N.Y.C.,61761,6235.4542
01/28/2025 10:00:00,EST,N.Y.C.,61761,6251.7106
01/28/2025 11:00:00,EST,N.Y.C.,61761,6195.7117
01/28/2025 12:00:00,EST,N.Y.C.,61761,6164.4257
01/28/2025 13:00:00,EST,N.Y.C.,61761,6133.9301
01/28/2025 14:00:00,EST,N.Y.C.,61761,6170.773
01/28/2025 15:00:00,EST,N.Y.C.,61761,6251.2979
01/28/2025 16:00:00,EST,N.Y.C.,61761,6385.8527
01/28/2025 17:00:00,EST,N.Y.C.,61761,6532.2927
01/28/2025 18:00:00,EST,N.Y.C.,61761,6489.3722
01/28/2025 19:00:00,EST,N.Y.C.,61761,6367.9603
01/28/2025 20:00:00,EST,N.Y.C.,61761,6200.0725
01/28/2025 21:00:00,EST,N.Y.C.,61761,5996.9716
01/28/2025 22:00:00,EST,N.Y.C.,61761,5690.8766
01/28/2025 23:00:00,EST,N.Y.C.,61761,5292.3816
01/29/2025 00:00:00,EST,N.Y.C.,61761,5004.3417
01/29/2025 01:00:00,EST,N.Y.C.,61761,4795.0268
01/29/2025 02:00:00,EST,N.Y.C.,61761,4666.682
01/29/2025 03:00:00,EST,N.Y.C.,61761,4620.7725
01/29/2025 04:00:00,EST,N.Y.C.,61761,4653.0864
01/29/2025 05:00:00,EST,N.Y.C.,61761,4855.494
01/29/2025 06:00:00,EST,N.Y.C.,61761,5300.0729
01/29/2025 07:00:00,EST,N.Y.C.,61761,5680.1636
01/29/2025 08:00:00,EST,N.Y.C.,61761,5895.8877
01/29/2025 09:00:00,EST,N.Y.C.,61761,5990.683
01/29/2025 10:00:00,EST,N.Y.C.,61761,5933.7394
01/29/2025 11:00:00,EST,N.Y.C.,61761,5914.4103
01/29/2025 12:00:00,EST,N.Y.C.,61761,5939.7383
01/29/2025 13:00:00,EST,N.Y.C.,61761,5942.5577
01/29/2025 14:00:00,EST,N.Y.C.,61761,5927.6524
01/29/2025 15:00:00,EST,N.Y.C.,61761,6033.9111
01/29/2025 16:00:00,EST,N.Y.C.,61761,6125.904
01/29/2025 17:00:00,EST,N.Y.C.,61761,6273.6651
01/29/2025 18:00:00,EST,N.Y.C.,61761,6252.9098
01/29/2025 19:00:00,EST,N.Y.C.,61761,6147.2721
01/29/2025 20:00:00,EST,N.Y.C.,61761,6015.6995
01/29/2025 21:00:00,EST,N.Y.C.,61761,5846.2914
01/29/2025 22:00:00,EST,N.Y.C.,61761,5587.9373
01/29/2025 23:00:00,EST,N.Y.C.,61761,5324.3405
01/30/2025 00:00:00,EST,N.Y.C.,61761,5122.9518
01/30/2025 01:00:00,EST,N.Y.C.,61761,4930.6413
01/30/2025 02:00:00,EST,N.Y.C.,61761,4839.9429
01/30/2025 03:00:00,EST,N.Y.C.,61761,4829.716
01/30/2025 04:00:00,EST,N.Y.C.,61761,4906.8796
01/30/2025 05:00:00,EST,N.Y.C.,61761,5152.474
01/30/2025 06:00:00,EST,N.Y.C.,61761,5656.5619
01/30/2025 07:00:00,EST,N.Y.C.,61761,6111.4363
01/30/2025 08:00:00,EST,N.Y.C.,61761,6335.0368
01/30/2025 09:00:00,EST,N.Y.C.,61761,6434.9416
01/30/2025 10:00:00,EST,N.Y.C.,61761,6419.682
01/30/2025 11:00:00,EST,N.Y.C.,61761,6402.7104
01/30/2025 12:00:00,EST,N.Y.C.,61761,6379.0721
01/30/2025 13:00:00,EST,N.Y.C.,61761,6341.2074
01/30/2025 14:00:00,EST,N.Y.C.,61761,6324.645
01/30/2025 15:00:00,EST,N.Y.C.,61761,6383.1296
01/30/2025 16:00:00,EST,N.Y.C.,61761,6496.6558
01/30/2025 17:00:00,EST,N.Y.C.,61761,6651.5789
01/30/2025 18:00:00,EST,N.Y.C.,61761,6559.8569
01/30/2025 19:00:00,EST,N.Y.C.,61761,6424.2296
01/30/2025 20:00:00,EST,N.Y.C.,61761,6239.5267
01/30/2025 21:00:00,EST,N.Y.C.,61761,6022.5537
01/30/2025 22:00:00,EST,N.Y.C.,61761,5701.0113
01/30/2025 23:00:00,EST,N.Y.C.,61761,5346.3366
01/31/2025 00:00:00,EST,N.Y.C.,61761,5057.7557
01/31/2025 01:00:00,EST,N.Y.C.,61761,4830.1256
01/31/2025 02:00:00,EST,N.Y.C.,61761,4687.6282
01/31/2025 03:00:00,EST,N.Y.C.,61761,4614.3313
01/31/2025 04:00:00,EST,N.Y.C.,61761,4645.8909
01/31/2025 05:00:00,EST,N.Y.C.,61761,4867.9511
01/31/2025 06:00:00,EST,N.Y.C.,61761,5299.1149
01/31/2025 07:00:00,EST,N.Y.C.,61761,5712.187
01/31/2025 08:00:00,EST,N.Y.C.,61761,5980.9116
01/31/2025 09:00:00,EST,N.Y.C.,61761,6132.1975
01/31/2025 10:00:00,EST,N.Y.C.,61761,6218.3682
01/31/2025 11:00:00,EST,N.Y.C.,61761,6238.5127
01/31/2025 12:00:00,EST,N.Y.C.,61761,6255.3454
01/31/2025 13:00:00,EST,N.Y.C.,61761,6235.9476
01/31/2025 14:00:00,EST,N.Y.C.,61761,6215.4421
01/31/2025 15:00:00,EST,N.Y.C.,61761,6243.7386
01/31/2025 16:00:00,EST,N.Y.C.,61761,6307.0775
01/31/2025 17:00:00,EST,N.Y.C.,61761,6325.7808
01/31/2025 18:00:00,EST,N.Y.C.,61761,6187.5139
01/31/2025 19:00:00,EST,N.Y.C.,61761,6014.7372
01/31/2025 20:00:00,EST,N.Y.C.,61761,5801.7316
01/31/2025 21:00:00,EST,N.Y.C.,61761,5591.6388
01/31/2025 22:00:00,EST,N.Y.C.,61761,5338.8042
01/31/2025 23:00:00,EST,N.Y.C.,61761,5044.6718
02/01/2025 00:00:00,EST,N.Y.C.,61761,4775.8646
02/01/2025 01:00:00,EST,N.Y.C.,61761,4594.9482
02/01/2025 02:00:00,EST,N.Y.C.,61761,4474.5483
02/01/2025 03:00:00,EST,N.Y.C.,61761,4405.6315
02/01/2025 04:00:00,EST,N.Y.C.,61761,4421.4829
02/01/2025 05:00:00,EST,N.Y.C.,61761,4521.0882
02/01/2025 06:00:00,EST,N.Y.C.,61761,4715.4288
02/01/2025 07:00:00,EST,N.Y.C.,61761,4949.2747
02/01/2025 08:00:00,EST,N.Y.C.,61761,5203.6239
02/01/2025 09:00:00,EST,N.Y.C.,61761,5454.8581
02/01/2025 10:00:00,EST,N.Y.C.,61761,5556.1614
02/01/2025 11:00:00,EST,N.Y.C.,61761,5550.4999
02/01/2025 12:00:00,EST,N.Y.C.,61761,5527.8409
02/01/2025 13:00:00,EST,N.Y.C.,61761,5488.49
02/01/2025 14:00:00,EST,N.Y.C.,61761,5487.5203
02/01/2025 15:00:00,EST,N.Y.C.,61761,5563.9189
02/01/2025 16:00:00,EST,N.Y.C.,61761,5720.4287
02/01/2025 17:00:00,EST,N.Y.C.,61761,5952.8433
02/01/2025 18:00:00,EST,N.Y.C.,61761,6061.7987
02/01/2025 19:00:00,EST,N.Y.C.,61761,6063.4746
02/01/2025 20:00:00,EST,N.Y.C.,61761,6004.5771
02/01/2025 21:00:00,EST,N.Y.C.,61761,5910.3852
02/01/2025 22:00:00,EST,N.Y.C.,61761,5755.1942
02/01/2025 23:00:00,EST,N.Y.C.,61761,5571.5383
02/02/2025 00:00:00,EST,N.Y.C.,61761,5398.4497
02/02/2025 01:00:00,EST,N.Y.C.,61761,5245.5675
02/02/2025 02:00:00,EST,N.Y.C.,61761,5137.1721
02/02/2025 03:00:00,EST,N.Y.C.,61761,5062.4221
02/02/2025 04:00:00,EST,N.Y.C.,61761,5047.5559
02/02/2025 05:00:00,EST,N.Y.C.,61761,5107.9868
02/02/2025 06:00:00,EST,N.Y.C.,61761,5234.0787
02/02/2025 07:00:00,EST,N.Y.C.,61761,5409.8033
02/02/2025 08:00:00,EST,N.Y.C.,61761,5612.3058
02/02/2025 09:00:00,EST,N.Y.C.,61761,5720.3647
02/02/2025 10:00:00,EST,N.Y.C.,61761,5867.3656
02/02/2025 11:00:00,EST,N.Y.C.,61761,5963.8386
02/02/2025 12:00:00,EST,N.Y.C.,61761,5968.1146
02/02/2025 13:00:00,EST,N.Y.C.,61761,6025.4462
02/02/2025 14:00:00,EST,N.Y.C.,61761,6094.9507
02/02/2025 15:00:00,EST,N.Y.C.,61761,6184.3381
02/02/2025 16:00:00,EST,N.Y.C.,61761,6276.2667
02/02/2025 17:00:00,EST,N.Y.C.,61761,6401.6282
02/02/2025 18:00:00,EST,N.Y.C.,61761,6406.2004
02/02/2025 19:00:00,EST,N.Y.C.,61761,6340.9537
02/02/2025 20:00:00,EST,N.Y.C.,61761,6200.4975
02/02/2025 21:00:00,EST,N.Y.C.,61761,6016.8657
02/02/2025 22:00:00,EST,N.Y.C.,61761,5747.7901
02/02/2025 23:00:00,EST,N.Y.C.,61761,5460.0685
02/03/2025 00:00:00,EST,N.Y.C.,61761,5215.9082
02/03/2025 01:00:00,EST,N.Y.C.,61761,5040.6346
02/03/2025 02:00:00,EST,N.Y.C.,61761,4913.6154
02/03/2025 03:00:00,EST,N.Y.C.,61761,4858.114
02/03/2025 04:00:00,EST,N.Y.C.,61761,4911.2776
02/03/2025 05:00:00,EST,N.Y.C.,61761,5135.9776
02/03/2025 06:00:00,EST,N.Y.C.,61761,5569.0277
02/03/2025 07:00:00,EST,N.Y.C.,61761,5960.0416
02/03/2025 08:00:00,EST,N.Y.C.,61761,6168.0998
02/03/2025 09:00:00,EST,N.Y.C.,61761,6294.3807
02/03/2025 10:00:00,EST,N.Y.C.,61761,6333.3494
02/03/2025 11:00:00,EST,N.Y.C.,61761,6293.0081
02/03/2025 12:00:00,EST,N.Y.C.,61761,6247.9261
02/03/2025 13:00:00,EST,N.Y.C.,61761,6153.3688
02/03/2025 14:00:00,EST,N.Y.C.,61761,6113.2748
02/03/2025 15:00:00,EST,N.Y.C.,61761,6125.5143
02/03/2025 16:00:00,EST,N.Y.C.,61761,6217.282
02/03/2025 17:00:00,EST,N.Y.C.,61761,6380.0521
02/03/2025 18:00:00,EST,N.Y.C.,61761,6332.863
02/03/2025 19:00:00,EST,N.Y.C.,61761,6194.7576
02/03/2025 20:00:00,EST,N.Y.C.,61761,5983.1916
02/03/2025 21:00:00,EST,N.Y.C.,61761,5731.2682
02/03/2025 22:00:00,EST,N.Y.C.,61761,5408.4754
02/03/2025 23:00:00,EST,N.Y.C.,61761,5041.4961
02/04/2025 00:00:00,EST,N.Y.C.,61761,4776.2188
02/04/2025 01:00:00,EST,N.Y.C.,61761,4595.4037
02/04/2025 02:00:00,EST,N.Y.C.,61761,4487.4218
02/04/2025 03:00:00,EST,N.Y.C.,61761,4435.5777
02/04/2025 04:00:00,EST,N.Y.C.,61761,4468.2163
02/04/2025 05:00:00,EST,N.Y.C.,61761,4695.7472
02/04/2025 06:00:00,EST,N.Y.C.,61761,5160.7543
02/04/2025 07:00:00,EST,N.Y.C.,61761,5604.2818
02/04/2025 08:00:00,EST,N.Y.C.,61761,5818.379
02/04/2025 09:00:00,EST,N.Y.C.,61761,5915.4417
02/04/2025 10:00:00,EST,N.Y.C.,61761,5896.4297
02/04/2025 11:00:00,EST,N.Y.C.,61761,5933.0461
02/04/2025 12:00:00,EST,N.Y.C.,61761,5923.246
02/04/2025 13:00:00,EST,N.Y.C.,61761,5944.7903
02/04/2025 14:00:00,EST,N.Y.C.,61761,5968.3884
02/04/2025 15:00:00,EST,N.Y.C.,61761,6071.8191
02/04/2025 16:00:00,EST,N.Y.C.,61761,6229.2661
02/04/2025 17:00:00,EST,N.Y.C.,61761,6420.0429
02/04/2025 18:00:00,EST,N.Y.C.,61761,6423.274
02/04/2025 19:00:00,EST,N.Y.C.,61761,6325.0528
02/04/2025 20:00:00,EST,N.Y.C.,61761,6167.9705
02/04/2025 21:00:00,EST,N.Y.C.,61761,5964.0769
02/04/2025 22:00:00,EST,N.Y.C.,61761,5688.1254
02/04/2025 23:00:00,EST,N.Y.C.,61761,5368.335
02/05/2025 00:00:00,EST,N.Y.C.,61761,5129.6068
02/05/2025 01:00:00,EST,N.Y.C.,61761,4973.1202
02/05/2025 02:00:00,EST,N.Y.C.,61761,4869.4202
02/05/2025 03:00:00,EST,N.Y.C.,61761,4849.1182
02/05/2025 04:00:00,EST,N.Y.C.,61761,4912.9341
02/05/2025 05:00:00,EST,N.Y.C.,61761,5171.7492
02/05/2025 06:00:00,EST,N.Y.C.,61761,5661.4564
02/05/2025 07:00:00,EST,N.Y.C.,61761,6127.4306
02/05/2025 08:00:00,EST,N.Y.C.,61761,6387.8275
02/05/2025 09:00:00,EST,N.Y.C.,61761,6497.165
02/05/2025 10:00:00,EST,N.Y.C.,61761,6476.0737
02/05/2025 11:00:00,EST,N.Y.C.,61761,6372.111
02/05/2025 12:00:00,EST,N.Y.C.,61761,6321.3135
02/05/2025 13:00:00,EST,N.Y.C.,61761,6279.6592
02/05/2025 14:00:00,EST,N.Y.C.,61761,6288.0421
02/05/2025 15:00:00,EST,N.Y.C.,61761,6347.6279
02/05/2025 16:00:00,EST,N.Y.C.,61761,6475.7001
02/05/2025 17:00:00,EST,N.Y.C.,61761,6645.6263
02/05/2025 18:00:00,EST,N.Y.C.,61761,6604.1455
02/05/2025 19:00:00,EST,N.Y.C.,61761,6483.9747
02/05/2025 20:00:00,EST,N.Y.C.,61761,6303.4548
02/05/2025 21:00:00,EST,N.Y.C.,61761,6081.6553
02/05/2025 22:00:00,EST,N.Y.C.,61761,5775.5255
02/05/2025 23:00:00,EST,N.Y.C.,61761,5432.4406
02/06/2025 00:00:00,EST,N.Y.C.,61761,5157.2889
02/06/2025 01:00:00,EST,N.Y.C.,61761,4985.4709
02/06/2025 02:00:00,EST,N.Y.C.,61761,4878.6928
02/06/2025 03:00:00,EST,N.Y.C.,61761,4835.3212
02/06/2025 04:00:00,EST,N.Y.C.,61761,4895.3683
02/06/2025 05:00:00,EST,N.Y.C.,61761,5132.5327
02/06/2025 06:00:00,EST,N.Y.C.,61761,5587.2432
02/06/2025 07:00:00,EST,N.Y.C.,61761,6022.205
02/06/2025 08:00:00,EST,N.Y.C.,61761,6353.3488
02/06/2025 09:00:00,EST,N.Y.C.,61761,6534.9413
02/06/2025 10:00:00,EST,N.Y.C.,61761,6632.3393
02/06/2025 11:00:00,EST,N.Y.C.,61761,6658.9735
02/06/2025 12:00:00,EST,N.Y.C.,61761,6663.0368
02/06/2025 13:00:00,EST,N.Y.C.,61761,6614.3951
02/06/2025 14:00:00,EST,N.Y.C.,61761,6535.9038
02/06/2025 15:00:00,EST,N.Y.C.,61761,6525.0661
02/06/2025 16:00:00,EST,N.Y.C.,61761,6560.3189
02/06/2025 17:00:00,EST,N.Y.C.,61761,6626.5643
02/06/2025 18:00:00,EST,N.Y.C.,61761,6511.9041
02/06/2025 19:00:00,EST,N.Y.C.,61761,6369.8616
02/06/2025 20:00:00,EST,N.Y.C.,61761,6150.5633
02/06/2025 21:00:00,EST,N.Y.C.,61761,5905.9348
02/06/2025 22:00:00,EST,N.Y.C.,61761,5604.5959
02/06/2025 23:00:00,EST,N.Y.C.,61761,5270.0019
02/07/2025 00:00:00,EST,N.Y.C.,61761,5006.4378
02/07/2025 01:00:00,EST,N.Y.C.,61761,4840.7991
02/07/2025 02:00:00,EST,N.Y.C.,61761,4728.4184
02/07/2025 03:00:00,EST,N.Y.C.,61761,4658.7767
02/07/2025 04:00:00,EST,N.Y.C.,61761,4682.3369
02/07/2025 05:00:00,EST,N.Y.C.,61761,4901.1748
02/07/2025 06:00:00,EST,N.Y.C.,61761,5340.0133
02/07/2025 07:00:00,EST,N.Y.C.,61761,5707.3033
02/07/2025 08:00:00,EST,N.Y.C.,61761,5926.0553
02/07/2025 09:00:00,EST,N.Y.C.,61761,6017.1582
02/07/2025 10:00:00,EST,N.Y.C.,61761,6013.907
02/07/2025 11:00:00,EST,N.Y.C.,61761,6039.1506
02/07/2025 12:00:00,EST,N.Y.C.,61761,6025.7327
02/07/2025 13:00:00,EST,N.Y.C.,61761,6025.2563
02/07/2025 14:00:00,EST,N.Y.C.,61761,6046.0285
02/07/2025 15:00:00,EST,N.Y.C.,61761,6148.3087
02/07/2025 16:00:00,EST,N.Y.C.,61761,6300.9166
02/07/2025 17:00:00,EST,N.Y.C.,61761,6464.1822
02/07/2025 18:00:00,EST,N.Y.C.,61761,6453.1612
02/07/2025 19:00:00,EST,N.Y.C.,61761,6336.9107
02/07/2025 20:00:00,EST,N.Y.C.,61761,6163.785
02/07/2025 21:00:00,EST,N.Y.C.,61761,5995.0394
02/07/2025 22:00:00,EST,N.Y.C.,61761,5755.7064
02/07/2025 23:00:00,EST,N.Y.C.,61761,5500.6548
02/08/2025 00:00:00,EST,N.Y.C.,61761,5270.1169
02/08/2025 01:00:00,EST,N.Y.C.,61761,5117.6532
02/08/2025 02:00:00,EST,N.Y.C.,61761,5017.5314
02/08/2025 03:00:00,EST,N.Y.C.,61761,4957.1005
02/08/2025 04:00:00,EST,N.Y.C.,61761,4941.4336
02/08/2025 05:00:00,EST,N.Y.C.,61761,5012.1646
02/08/2025 06:00:00,EST,N.Y.C.,61761,5184.2893
02/08/2025 07:00:00,EST,N.Y.C.,61761,5359.0937
02/08/2025 08:00:00,EST,N.Y.C.,61761,5543.9304
02/08/2025 09:00:00,EST,N.Y.C.,61761,5630.9371
02/08/2025 10:00:00,EST,N.Y.C.,61761,5753.9591
02/08/2025 11:00:00,EST,N.Y.C.,61761,5817.9118
02/08/2025 12:00:00,EST,N.Y.C.,61761,5801.8647
02/08/2025 13:00:00,EST,N.Y.C.,61761,5833.3415
02/08/2025 14:00:00,EST,N.Y.C.,61761,5840.2064
02/08/2025 15:00:00,EST,N.Y.C.,61761,5890.0654
02/08/2025 16:00:00,EST,N.Y.C.,61761,6017.4342
02/08/2025 17:00:00,EST,N.Y.C.,61761,6133.8862
02/08/2025 18:00:00,EST,N.Y.C.,61761,6158.4953
02/08/2025 19:00:00,EST,N.Y.C.,61761,6101.836
02/08/2025 20:00:00,EST,N.Y.C.,61761,6024.5529
02/08/2025 21:00:00,EST,N.Y.C.,61761,5933.9583
02/08/2025 22:00:00,EST,N.Y.C.,61761,5735.868
02/08/2025 23:00:00,EST,N.Y.C.,61761,5511.3477
02/09/2025 00:00:00,EST,N.Y.C.,61761,5300.5096
02/09/2025 01:00:00,EST,N.Y.C.,61761,5106.3446
02/09/2025 02:00:00,EST,N.Y.C.,61761,4947.3406
02/09/2025 03:00:00,EST,N.Y.C.,61761,4855.2814
02/09/2025 04:00:00,EST,N.Y.C.,61761,4829.0322
02/09/2025 05:00:00,EST,N.Y.C.,61761,4875.7191
02/09/2025 06:00:00,EST,N.Y.C.,61761,4980.2032
02/09/2025 07:00:00,EST,N.Y.C.,61761,5109.2055
02/09/2025 08:00:00,EST,N.Y.C.,61761,5330.2594
02/09/2025 09:00:00,EST,N.Y.C.,61761,5558.3128
02/09/2025 10:00:00,EST,N.Y.C.,61761,5776.3691
02/09/2025 11:00:00,EST,N.Y.C.,61761,5918.6192
02/09/2025 12:00:00,EST,N.Y.C.,61761,5986.6143
02/09/2025 13:00:00,EST,N.Y.C.,61761,6006.8839
02/09/2025 14:00:00,EST,N.Y.C.,61761,6006.6405
02/09/2025 15:00:00,EST,N.Y.C.,61761,6012.6637
02/09/2025 16:00:00,EST,N.Y.C.,61761,6057.5302
02/09/2025 17:00:00,EST,N.Y.C.,61761,6172.8555
02/09/2025 18:00:00,EST,N.Y.C.,61761,6187.6544
02/09/2025 19:00:00,EST,N.Y.C.,61761,6059.8013
02/09/2025 20:00:00,EST,N.Y.C.,61761,5919.5807
02/09/2025 21:00:00,EST,N.Y.C.,61761,5767.5224
02/09/2025 22:00:00,EST,N.Y.C.,61761,5556.5774
02/09/2025 23:00:00,EST,N.Y.C.,61761,5322.9142
02/10/2025 00:00:00,EST,N.Y.C.,61761,5109.7972
02/10/2025 01:00:00,EST,N.Y.C.,61761,4941.4889
02/10/2025 02:00:00,EST,N.Y.C.,61761,4833.2973
02/10/2025 03:00:00,EST,N.Y.C.,61761,4789.5321
02/10/2025 04:00:00,EST,N.Y.C.,61761,4851.5238
02/10/2025 05:00:00,EST,N.Y.C.,61761,5088.6496
02/10/2025 06:00:00,EST,N.Y.C.,61761,5554.2373
02/10/2025 07:00:00,EST,N.Y.C.,61761,5982.3536
02/10/2025 08:00:00,EST,N.Y.C.,61761,6251.7203
02/10/2025 09:00:00,EST,N.Y.C.,61761,6360.5814
02/10/2025 10:00:00,EST,N.Y.C.,61761,6394.0189
02/10/2025 11:00:00,EST,N.Y.C.,61761,6428.8549
02/10/2025 12:00:00,EST,N.Y.C.,61761,6405.6453
02/10/2025 13:00:00,EST,N.Y.C.,61761,6339.9484
02/10/2025 14:00:00,EST,N.Y.C.,61761,6316.7504
02/10/2025 15:00:00,EST,N.Y.C.,61761,6352.558
02/10/2025 16:00:00,EST,N.Y.C.,61761,6430.8384
02/10/2025 17:00:00,EST,N.Y.C.,61761,6547.6368
02/10/2025 18:00:00,EST,N.Y.C.,61761,6549.847
02/10/2025 19:00:00,EST,N.Y.C.,61761,6457.671
02/10/2025 20:00:00,EST,N.Y.C.,61761,6294.6443
02/10/2025 21:00:00,EST,N.Y.C.,61761,6085.1003
02/10/2025 22:00:00,EST,N.Y.C.,61761,5773.3837
02/10/2025 23:00:00,EST,N.Y.C.,61761,5436.234
02/11/2025 00:00:00,EST,N.Y.C.,61761,5180.4746
02/11/2025 01:00:00,EST,N.Y.C.,61761,5004.2655
02/11/2025 02:00:00,EST,N.Y.C.,61761,4892.1127
02/11/2025 03:00:00,EST,N.Y.C.,61761,4847.5884
02/11/2025 04:00:00,EST,N.Y.C.,61761,4888.9836
02/11/2025 05:00:00,EST,N.Y.C.,61761,5122.4685
02/11/2025 06:00:00,EST,N.Y.C.,61761,5619.5769
02/11/2025 07:00:00,EST,N.Y.C.,61761,6062.0044
02/11/2025 08:00:00,EST,N.Y.C.,61761,6330.8856
02/11/2025 09:00:00,EST,N.Y.C.,61761,6516.8358
02/11/2025 10:00:00,EST,N.Y.C.,61761,6548.3255
02/11/2025 11:00:00,EST,N.Y.C.,61761,6549.96
02/11/2025 12:00:00,EST,N.Y.C.,61761,6520.3268
02/11/2025 13:00:00,EST,N.Y.C.,61761,6502.5927
02/11/2025 14:00:00,EST,N.Y.C.,61761,6504.4515
02/11/2025 15:00:00,EST,N.Y.C.,61761,6561.6757
02/11/2025 16:00:00,EST,N.Y.C.,61761,6631.5694
02/11/2025 17:00:00,EST,N.Y.C.,61761,6702.564
02/11/2025 18:00:00,EST,N.Y.C.,61761,6614.8268
02/11/2025 19:00:00,EST,N.Y.C.,61761,6491.1871
02/11/2025 20:00:00,EST,N.Y.C.,61761,6338.7236
02/11/2025 21:00:00,EST,N.Y.C.,61761,6116.4718
02/11/2025 22:00:00,EST,N.Y.C.,61761,5797.0396
02/11/2025 23:00:00,EST,N.Y.C.,61761,5459.6038
02/12/2025 00:00:00,EST,N.Y.C.,61761,5206.8116
02/12/2025 01:00:00,EST,N.Y.C.,61761,5022.308
02/12/2025 02:00:00,EST,N.Y.C.,61761,4908.0465
02/12/2025 03:00:00,EST,N.Y.C.,61761,4860.598
02/12/2025 04:00:00,EST,N.Y.C.,61761,4901.667
02/12/2025 05:00:00,EST,N.Y.C.,61761,5121.003
02/12/2025 06:00:00,EST,N.Y.C.,61761,5560.8999
02/12/2025 07:00:00,EST,N.Y.C.,61761,5998.4061
02/12/2025 08:00:00,EST,N.Y.C.,61761,6281.9159
02/12/2025 09:00:00,EST,N.Y.C.,61761,6482.3324
02/12/2025 10:00:00,EST,N.Y.C.,61761,6577.8926
02/12/2025 11:00:00,EST,N.Y.C.,61761,6618.565
02/12/2025 12:00:00,EST,N.Y.C.,61761,6627.8536
02/12/2025 13:00:00,EST,N.Y.C.,61761,6602.6232
02/12/2025 14:00:00,EST,N.Y.C.,61761,6586.356
02/12/2025 15:00:00,EST,N.Y.C.,61761,6597.3635
02/12/2025 16:00:00,EST,N.Y.C.,61761,6653.5515
02/12/2025 17:00:00,EST,N.Y.C.,61761,6708.6232
02/12/2025 18:00:00,EST,N.Y.C.,61761,6619.4221
02/12/2025 19:00:00,EST,N.Y.C.,61761,6475.0036
02/12/2025 20:00:00,EST,N.Y.C.,61761,6285.3919
02/12/2025 21:00:00,EST,N.Y.C.,61761,6059.0254
02/12/2025 22:00:00,EST,N.Y.C.,61761,5745.7886
02/12/2025 23:00:00,EST,N.Y.C.,61761,5406.3784
02/13/2025 00:00:00,EST,N.Y.C.,61761,5132.0874
02/13/2025 01:00:00,EST,N.Y.C.,61761,4922.4785
02/13/2025 02:00:00,EST,N.Y.C.,61761,4803.5182
02/13/2025 03:00:00,EST,N.Y.C.,61761,4738.0225
02/13/2025 04:00:00,EST,N.Y.C.,61761,4762.3534
02/13/2025 05:00:00,EST,N.Y.C.,61761,4979.2973
02/13/2025 06:00:00,EST,N.Y.C.,61761,5429.4381
02/13/2025 07:00:00,EST,N.Y.C.,61761,5851.0883
02/13/2025 08:00:00,EST,N.Y.C.,61761,6116.1096
02/13/2025 09:00:00,EST,N.Y.C.,61761,6304.3585
02/13/2025 10:00:00,EST,N.Y.C.,61761,6369.5522
02/13/2025 11:00:00,EST,N.Y.C.,61761,6388.6121
02/13/2025 12:00:00,EST,N.Y.C.,61761,6364.8725
02/13/2025 13:00:00,EST,N.Y.C.,61761,6306.8376
02/13/2025 14:00:00,EST,N.Y.C.,61761,6261.6384
02/13/2025 15:00:00,EST,N.Y.C.,61761,6238.7897
02/13/2025 16:00:00,EST,N.Y.C.,61761,6236.8886
02/13/2025 17:00:00,EST,N.Y.C.,61761,6328.6705
02/13/2025 18:00:00,EST,N.Y.C.,61761,6285.3621
02/13/2025 19:00:00,EST,N.Y.C.,61761,6189.9937
02/13/2025 20:00:00,EST,N.Y.C.,61761,6034.4145
02/13/2025 21:00:00,EST,N.Y.C.,61761,5856.4228
02/13/2025 22:00:00,EST,N.Y.C.,61761,5605.5884
02/13/2025 23:00:00,EST,N.Y.C.,61761,5326.9708
02/14/2025 00:00:00,EST,N.Y.C.,61761,5092.2479
02/14/2025 01:00:00,EST,N.Y.C.,61761,4922.0614
02/14/2025 02:00:00,EST,N.Y.C.,61761,4818.9116
02/14/2025 03:00:00,EST,N.Y.C.,61761,4784.1068
02/14/2025 04:00:00,EST,N.Y.C.,61761,4858.2463
02/14/2025 05:00:00,EST,N.Y.C.,61761,5087.481
02/14/2025 06:00:00,EST,N.Y.C.,61761,5538.8406
02/14/2025 07:00:00,EST,N.Y.C.,61761,5947.6755
02/14/2025 08:00:00,EST,N.Y.C.,61761,6126.1495
02/14/2025 09:00:00,EST,N.Y.C.,61761,6210.3292
02/14/2025 10:00:00,EST,N.Y.C.,61761,6198.4603
02/14/2025 11:00:00,EST,N.Y.C.,61761,6180.7576
02/14/2025 12:00:00,EST,N.Y.C.,61761,6148.041
02/14/2025 13:00:00,EST,N.Y.C.,61761,6119.7207
02/14/2025 14:00:00,EST,N.Y.C.,61761,6094.9428
02/14/2025 15:00:00,EST,N.Y.C.,61761,6166.4668
02/14/2025 16:00:00,EST,N.Y.C.,61761,6294.8986
02/14/2025 17:00:00,EST,N.Y.C.,61761,6464.0368
02/14/2025 18:00:00,EST,N.Y.C.,61761,6445.4541
02/14/2025 19:00:00,EST,N.Y.C.,61761,6325.144
02/14/2025 20:00:00,EST,N.Y.C.,61761,6152.7077
02/14/2025 21:00:00,EST,N.Y.C.,61761,5975.5865
02/14/2025 22:00:00,EST,N.Y.C.,61761,5732.6927
02/14/2025 23:00:00,EST,N.Y.C.,61761,5471.6792
02/15/2025 00:00:00,EST,N.Y.C.,61761,5242.0516
02/15/2025 01:00:00,EST,N.Y.C.,61761,5054.9796
02/15/2025 02:00:00,EST,N.Y.C.,61761,4927.0018
02/15/2025 03:00:00,EST,N.Y.C.,61761,4844.6648
02/15/2025 04:00:00,EST,N.Y.C.,61761,4830.5198
02/15/2025 05:00:00,EST,N.Y.C.,61761,4917.3583
02/15/2025 06:00:00,EST,N.Y.C.,61761,5070.8362
02/15/2025 07:00:00,EST,N.Y.C.,61761,5236.4808
02/15/2025 08:00:00,EST,N.Y.C.,61761,5425.34
02/15/2025 09:00:00,EST,N.Y.C.,61761,5605.8329
02/15/2025 10:00:00,EST,N.Y.C.,61761,5793.3029
02/15/2025 11:00:00,EST,N.Y.C.,61761,5890.7632
02/15/2025 12:00:00,EST,N.Y.C.,61761,5946.2445
02/15/2025 13:00:00,EST,N.Y.C.,61761,5959.1205
02/15/2025 14:00:00,EST,N.Y.C.,61761,5975.7736
02/15/2025 15:00:00,EST,N.Y.C.,61761,6009.092
02/15/2025 16:00:00,EST,N.Y.C.,61761,6051.0503
02/15/2025 17:00:00,EST,N.Y.C.,61761,6112.5732
02/15/2025 18:00:00,EST,N.Y.C.,61761,6115.3297
02/15/2025 19:00:00,EST,N.Y.C.,61761,6058.1482
02/15/2025 20:00:00,EST,N.Y.C.,61761,5931.2223
02/15/2025 21:00:00,EST,N.Y.C.,61761,5782.4021
02/15/2025 22:00:00,EST,N.Y.C.,61761,5582.3646
02/15/2025 23:00:00,EST,N.Y.C.,61761,5357.3801
02/16/2025 00:00:00,EST,N.Y.C.,61761,5152.1604
02/16/2025 01:00:00,EST,N.Y.C.,61761,4965.9775
02/16/2025 02:00:00,EST,N.Y.C.,61761,4826.1758
02/16/2025 03:00:00,EST,N.Y.C.,61761,4732.4014
02/16/2025 04:00:00,EST,N.Y.C.,61761,4692.1887
02/16/2025 05:00:00,EST,N.Y.C.,61761,4738.219
02/16/2025 06:00:00,EST,N.Y.C.,61761,4851.9694
02/16/2025 07:00:00,EST,N.Y.C.,61761,5002.1711
02/16/2025 08:00:00,EST,N.Y.C.,61761,5208.9774
02/16/2025 09:00:00,EST,N.Y.C.,61761,5421.2439
02/16/2025 10:00:00,EST,N.Y.C.,61761,5602.766
02/16/2025 11:00:00,EST,N.Y.C.,61761,5738.2997
02/16/2025 12:00:00,EST,N.Y.C.,61761,5823.1916
02/16/2025 13:00:00,EST,N.Y.C.,61761,5850.5019
02/16/2025 14:00:00,EST,N.Y.C.,61761,5794.4842
02/16/2025 15:00:00,EST,N.Y.C.,61761,5738.3568
02/16/2025 16:00:00,EST,N.Y.C.,61761,5703.3438
02/16/2025 17:00:00,EST,N.Y.C.,61761,5761.486
02/16/2025 18:00:00,EST,N.Y.C.,61761,5801.8444
02/16/2025 19:00:00,EST,N.Y.C.,61761,5738.8621
02/16/2025 20:00:00,EST,N.Y.C.,61761,5647.2458
02/16/2025 21:00:00,EST,N.Y.C.,61761,5533.6043
02/16/2025 22:00:00,EST,N.Y.C.,61761,5365.091
02/16/2025 23:00:00,EST,N.Y.C.,61761,5168.1391
02/17/2025 00:00:00,EST,N.Y.C.,61761,4994.0239
02/17/2025 01:00:00,EST,N.Y.C.,61761,4864.6809
02/17/2025 02:00:00,EST,N.Y.C.,61761,4766.3961
02/17/2025 03:00:00,EST,N.Y.C.,61761,4737.8899
02/17/2025 04:00:00,EST,N.Y.C.,61761,4770.6244
02/17/2025 05:00:00,EST,N.Y.C.,61761,4925.4547
02/17/2025 06:00:00,EST,N.Y.C.,61761,5193.0075
02/17/2025 07:00:00,EST,N.Y.C.,61761,5471.9822
02/17/2025 08:00:00,EST,N.Y.C.,61761,5646.5549
02/17/2025 09:00:00,EST,N.Y.C.,61761,5799.1047
02/17/2025 10:00:00,EST,N.Y.C.,61761,5895.1261
02/17/2025 11:00:00,EST,N.Y.C.,61761,5965.1107
02/17/2025 12:00:00,EST,N.Y.C.,61761,5951.785
02/17/2025 13:00:00,EST,N.Y.C.,61761,5931.423
02/17/2025 14:00:00,EST,N.Y.C.,61761,5930.8002
02/17/2025 15:00:00,EST,N.Y.C.,61761,5977.8467
02/17/2025 16:00:00,EST,N.Y.C.,61761,6089.8734
02/17/2025 17:00:00,EST,N.Y.C.,61761,6268.6858
02/17/2025 18:00:00,EST,N.Y.C.,61761,6348.4932
02/17/2025 19:00:00,EST,N.Y.C.,61761,6297.057
02/17/2025 20:00:00,EST,N.Y.C.,61761,6181.5613
02/17/2025 21:00:00,EST,N.Y.C.,61761,6041.0731
02/17/2025 22:00:00,EST,N.Y.C.,61761,5797.6355
02/17/2025 23:00:00,EST,N.Y.C.,61761,5537.1348
02/18/2025 00:00:00,EST,N.Y.C.,61761,5318.7105
02/18/2025 01:00:00,EST,N.Y.C.,61761,5176.9454
02/18/2025 02:00:00,EST,N.Y.C.,61761,5084.1315
02/18/2025 03:00:00,EST,N.Y.C.,61761,5055.9296
02/18/2025 04:00:00,EST,N.Y.C.,61761,5134.1473
02/18/2025 05:00:00,EST,N.Y.C.,61761,5365.0116
02/18/2025 06:00:00,EST,N.Y.C.,61761,5791.6137
02/18/2025 07:00:00,EST,N.Y.C.,61761,6217.3634
02/18/2025 08:00:00,EST,N.Y.C.,61761,6506.3661
02/18/2025 09:00:00,EST,N.Y.C.,61761,6581.0133
02/18/2025 10:00:00,EST,N.Y.C.,61761,6650.1264
02/18/2025 11:00:00,EST,N.Y.C.,61761,6643.1652
02/18/2025 12:00:00,EST,N.Y.C.,61761,6694.6999
02/18/2025 13:00:00,EST,N.Y.C.,61761,6632.6384
02/18/2025 14:00:00,EST,N.Y.C.,61761,6623.6907
02/18/2025 15:00:00,EST,N.Y.C.,61761,6674.4277
02/18/2025 16:00:00,EST,N.Y.C.,61761,6789.2686
02/18/2025 17:00:00,EST,N.Y.C.,61761,6960.535
02/18/2025 18:00:00,EST,N.Y.C.,61761,7000.2487
02/18/2025 19:00:00,EST,N.Y.C.,61761,6916.5526
02/18/2025 20:00:00,EST,N.Y.C.,61761,6748.0076
02/18/2025 21:00:00,EST,N.Y.C.,61761,6561.0357
02/18/2025 22:00:00,EST,N.Y.C.,61761,6260.5655
02/18/2025 23:00:00,EST,N.Y.C.,61761,5924.6455
02/19/2025 00:00:00,EST,N.Y.C.,61761,5661.8563
02/19/2025 01:00:00,EST,N.Y.C.,61761,5485.1358
02/19/2025 02:00:00,EST,N.Y.C.,61761,5368.916
02/19/2025 03:00:00,EST,N.Y.C.,61761,5316.5961
02/19/2025 04:00:00,EST,N.Y.C.,61761,5368.3759
02/19/2025 05:00:00,EST,N.Y.C.,61761,5580.172
02/19/2025 06:00:00,EST,N.Y.C.,61761,6003.5363
02/19/2025 07:00:00,EST,N.Y.C.,61761,6401.4487
02/19/2025 08:00:00,EST,N.Y.C.,61761,6645.2622
02/19/2025 09:00:00,EST,N.Y.C.,61761,6758.43
02/19/2025 10:00:00,EST,N.Y.C.,61761,6739.088
02/19/2025 11:00:00,EST,N.Y.C.,61761,6738.1098
02/19/2025 12:00:00,EST,N.Y.C.,61761,6662.444
02/19/2025 13:00:00,EST,N.Y.C.,61761,6642.0296
02/19/2025 14:00:00,EST,N.Y.C.,61761,6638.1259
02/19/2025 15:00:00,EST,N.Y.C.,61761,6675.4276
02/19/2025 16:00:00,EST,N.Y.C.,61761,6777.3079
02/19/2025 17:00:00,EST,N.Y.C.,61761,6922.7367
02/19/2025 18:00:00,EST,N.Y.C.,61761,6929.3397
02/19/2025 19:00:00,EST,N.Y.C.,61761,6816.5095
02/19/2025 20:00:00,EST,N.Y.C.,61761,6666.6942
02/19/2025 21:00:00,EST,N.Y.C.,61761,6487.211
02/19/2025 22:00:00,EST,N.Y.C.,61761,6184.3785
02/19/2025 23:00:00,EST,N.Y.C.,61761,5851.4475
02/20/2025 00:00:00,EST,N.Y.C.,61761,5587.2999
02/20/2025 01:00:00,EST,N.Y.C.,61761,5393.3184
02/20/2025 02:00:00,EST,N.Y.C.,61761,5273.3109
02/20/2025 03:00:00,EST,N.Y.C.,61761,5217.7802
02/20/2025 04:00:00,EST,N.Y.C.,61761,5280.7756
02/20/2025 05:00:00,EST,N.Y.C.,61761,5467.8496
02/20/2025 06:00:00,EST,N.Y.C.,61761,5883.267
02/20/2025 07:00:00,EST,N.Y.C.,61761,6264.4035
02/20/2025 08:00:00,EST,N.Y.C.,61761,6466.7568
02/20/2025 09:00:00,EST,N.Y.C.,61761,6596.5994
02/20/2025 10:00:00,EST,N.Y.C.,61761,6640.0484
02/20/2025 11:00:00,EST,N.Y.C.,61761,6673.3087
02/20/2025 12:00:00,EST,N.Y.C.,61761,6729.0004
02/20/2025 13:00:00,EST,N.Y.C.,61761,6718.1327
02/20/2025 14:00:00,EST,N.Y.C.,61761,6740.105
02/20/2025 15:00:00,EST,N.Y.C.,61761,6779.5716
02/20/2025 16:00:00,EST,N.Y.C.,61761,6896.7342
02/20/2025 17:00:00,EST,N.Y.C.,61761,7026.1289
02/20/2025 18:00:00,EST,N.Y.C.,61761,7004.542
02/20/2025 19:00:00,EST,N.Y.C.,61761,6897.7836
02/20/2025 20:00:00,EST,N.Y.C.,61761,6771.5425
02/20/2025 21:00:00,EST,N.Y.C.,61761,6585.8875
02/20/2025 22:00:00,EST,N.Y.C.,61761,6275.2201
02/20/2025 23:00:00,EST,N.Y.C.,61761,5953.1147
02/21/2025 00:00:00,EST,N.Y.C.,61761,5695.7965
02/21/2025 01:00:00,EST,N.Y.C.,61761,5503.0426
02/21/2025 02:00:00,EST,N.Y.C.,61761,5365.7458
02/21/2025 03:00:00,EST,N.Y.C.,61761,5302.0525
02/21/2025 04:00:00,EST,N.Y.C.,61761,5325.2424
02/21/2025 05:00:00,EST,N.Y.C.,61761,5527.4423
02/21/2025 06:00:00,EST,N.Y.C.,61761,5926.3794
02/21/2025 07:00:00,EST,N.Y.C.,61761,6284.4338
02/21/2025 08:00:00,EST,N.Y.C.,61761,6515.6659
02/21/2025 09:00:00,EST,N.Y.C.,61761,6608.7057
02/21/2025 10:00:00,EST,N.Y.C.,61761,6612.2636
02/21/2025 11:00:00,EST,N.Y.C.,61761,6586.4677
02/21/2025 12:00:00,EST,N.Y.C.,61761,6537.0816
02/21/2025 13:00:00,EST,N.Y.C.,61761,6497.7474
02/21/2025 14:00:00,EST,N.Y.C.,61761,6469.6378
02/21/2025 15:00:00,EST,N.Y.C.,61761,6494.1571
02/21/2025 16:00:00,EST,N.Y.C.,61761,6591.6229
02/21/2025 17:00:00,EST,N.Y.C.,61761,6713.2748
02/21/2025 18:00:00,EST,N.Y.C.,61761,6741.9254
02/21/2025 19:00:00,EST,N.Y.C.,61761,6658.4115
02/21/2025 20:00:00,EST,N.Y.C.,61761,6504.7331
02/21/2025 21:00:00,EST,N.Y.C.,61761,6347.1035
02/21/2025 22:00:00,EST,N.Y.C.,61761,6120.9894
02/21/2025 23:00:00,EST,N.Y.C.,61761,5880.511
02/22/2025 00:00:00,EST,N.Y.C.,61761,5645.6414
02/22/2025 01:00:00,EST,N.Y.C.,61761,5470.5065
02/22/2025 02:00:00,EST,N.Y.C.,61761,5340.1258
02/22/2025 03:00:00,EST,N.Y.C.,61761,5257.1841
02/22/2025 04:00:00,EST,N.Y.C.,61761,5229.1697
02/22/2025 05:00:00,EST,N.Y.C.,61761,5279.7256
02/22/2025 06:00:00,EST,N.Y.C.,61761,5416.8606
02/22/2025 07:00:00,EST,N.Y.C.,61761,5556.3013
02/22/2025 08:00:00,EST,N.Y.C.,61761,5658.2407
02/22/2025 09:00:00,EST,N.Y.C.,61761,5719.6635
02/22/2025 10:00:00,EST,N.Y.C.,61761,5771.659
02/22/2025 11:00:00,EST,N.Y.C.,61761,5769.6928
02/22/2025 12:00:00,EST,N.Y.C.,61761,5727.4857
02/22/2025 13:00:00,EST,N.Y.C.,61761,5659.1941
02/22/2025 14:00:00,EST,N.Y.C.,61761,5618.8247
02/22/2025 15:00:00,EST,N.Y.C.,61761,5657.1669
02/22/2025 16:00:00,EST,N.Y.C.,61761,5778.5744
02/22/2025 17:00:00,EST,N.Y.C.,61761,5935.0018
02/22/2025 18:00:00,EST,N.Y.C.,61761,6038.9428
02/22/2025 19:00:00,EST,N.Y.C.,61761,5992.7047
02/22/2025 20:00:00,EST,N.Y.C.,61761,5903.3964
02/22/2025 21:00:00,EST,N.Y.C.,61761,5787.5704
02/22/2025 22:00:00,EST,N.Y.C.,61761,5609.6742
02/22/2025 23:00:00,EST,N.Y.C.,61761,5406.7765
02/23/2025 00:00:00,EST,N.Y.C.,61761,5202.279
02/23/2025 01:00:00,EST,N.Y.C.,61761,5026.8587
02/23/2025 02:00:00,EST,N.Y.C.,61761,4902.4047
02/23/2025 03:00:00,EST,N.Y.C.,61761,4829.1641
02/23/2025 04:00:00,EST,N.Y.C.,61761,4801.0648
02/23/2025 05:00:00,EST,N.Y.C.,61761,4840.0675
02/23/2025 06:00:00,EST,N.Y.C.,61761,4931.2631
02/23/2025 07:00:00,EST,N.Y.C.,61761,5036.3337
02/23/2025 08:00:00,EST,N.Y.C.,61761,5101.881
02/23/2025 09:00:00,EST,N.Y.C.,61761,5163.5938
02/23/2025 10:00:00,EST,N.Y.C.,61761,5233.914
02/23/2025 11:00:00,EST,N.Y.C.,61761,5279.5862
02/23/2025 12:00:00,EST,N.Y.C.,61761,5287.6799
02/23/2025 13:00:00,EST,N.Y.C.,61761,5282.6097
02/23/2025 14:00:00,EST,N.Y.C.,61761,5305.6797
02/23/2025 15:00:00,EST,N.Y.C.,61761,5412.9351
02/23/2025 16:00:00,EST,N.Y.C.,61761,5515.6614
02/23/2025 17:00:00,EST,N.Y.C.,61761,5657.4508
02/23/2025 18:00:00,EST,N.Y.C.,61761,5785.5549
02/23/2025 19:00:00,EST,N.Y.C.,61761,5750.0242
02/23/2025 20:00:00,EST,N.Y.C.,61761,5664.7024
02/23/2025 21:00:00,EST,N.Y.C.,61761,5517.865
02/23/2025 22:00:00,EST,N.Y.C.,61761,5283.556
02/23/2025 23:00:00,EST,N.Y.C.,61761,5021.9351
02/24/2025 00:00:00,EST,N.Y.C.,61761,4818.7164
02/24/2025 01:00:00,EST,N.Y.C.,61761,4674.0657
02/24/2025 02:00:00,EST,N.Y.C.,61761,4574.0346
02/24/2025 03:00:00,EST,N.Y.C.,61761,4552.7288
02/24/2025 04:00:00,EST,N.Y.C.,61761,4614.8325
02/24/2025 05:00:00,EST,N.Y.C.,61761,4860.2848
02/24/2025 06:00:00,EST,N.Y.C.,61761,5299.8729
02/24/2025 07:00:00,EST,N.Y.C.,61761,5664.5878
02/24/2025 08:00:00,EST,N.Y.C.,61761,5816.1046
02/24/2025 09:00:00,EST,N.Y.C.,61761,5882.475
02/24/2025 10:00:00,EST,N.Y.C.,61761,5828.2342
02/24/2025 11:00:00,EST,N.Y.C.,61761,5810.8412
02/24/2025 12:00:00,EST,N.Y.C.,61761,5825.6449
02/24/2025 13:00:00,EST,N.Y.C.,61761,5774.7171
02/24/2025 14:00:00,EST,N.Y.C.,61761,5775.2393
02/24/2025 15:00:00,EST,N.Y.C.,61761,5827.6021
02/24/2025 16:00:00,EST,N.Y.C.,61761,5945.4981
02/24/2025 17:00:00,EST,N.Y.C.,61761,6100.5611
02/24/2025 18:00:00,EST,N.Y.C.,61761,6132.785
02/24/2025 19:00:00,EST,N.Y.C.,61761,6028.7201
02/24/2025 20:00:00,EST,N.Y.C.,61761,5849.0482
02/24/2025 21:00:00,EST,N.Y.C.,61761,5623.6121
02/24/2025 22:00:00,EST,N.Y.C.,61761,5308.9243
02/24/2025 23:00:00,EST,N.Y.C.,61761,4977.6911
02/25/2025 00:00:00,EST,N.Y.C.,61761,4733.6176
02/25/2025 01:00:00,EST,N.Y.C.,61761,4567.5007
02/25/2025 02:00:00,EST,N.Y.C.,61761,4453.6641
02/25/2025 03:00:00,EST,N.Y.C.,61761,4393.5332
02/25/2025 04:00:00,EST,N.Y.C.,61761,4445.1585
02/25/2025 05:00:00,EST,N.Y.C.,61761,4673.2403
02/25/2025 06:00:00,EST,N.Y.C.,61761,5118.0897
02/25/2025 07:00:00,EST,N.Y.C.,61761,5488.7625
02/25/2025 08:00:00,EST,N.Y.C.,61761,5634.0968
02/25/2025 09:00:00,EST,N.Y.C.,61761,5679.0524
02/25/2025 10:00:00,EST,N.Y.C.,61761,5673.3636
02/25/2025 11:00:00,EST,N.Y.C.,61761,5707.5523
02/25/2025 12:00:00,EST,N.Y.C.,61761,5678.3103
02/25/2025 13:00:00,EST,N.Y.C.,61761,5634.0724
02/25/2025 14:00:00,EST,N.Y.C.,61761,5724.3973
02/25/2025 15:00:00,EST,N.Y.C.,61761,5770.4832
02/25/2025 16:00:00,EST,N.Y.C.,61761,5804.244
02/25/2025 17:00:00,EST,N.Y.C.,61761,5914.2148
02/25/2025 18:00:00,EST,N.Y.C.,61761,5912.7588
02/25/2025 19:00:00,EST,N.Y.C.,61761,5812.3093
02/25/2025 20:00:00,EST,N.Y.C.,61761,5646.49
02/25/2025 21:00:00,EST,N.Y.C.,61761,5445.7807
02/25/2025 22:00:00,EST,N.Y.C.,61761,5156.196
02/25/2025 23:00:00,EST,N.Y.C.,61761,4831.6701
02/26/2025 00:00:00,EST,N.Y.C.,61761,4571.3529
02/26/2025 01:00:00,EST,N.Y.C.,61761,4402.2954
02/26/2025 02:00:00,EST,N.Y.C.,61761,4301.8654
02/26/2025 03:00:00,EST,N.Y.C.,61761,4262.0569
02/26/2025 04:00:00,EST,N.Y.C.,61761,4311.2258
02/26/2025 05:00:00,EST,N.Y.C.,61761,4552.4096
02/26/2025 06:00:00,EST,N.Y.C.,61761,5000.1459
02/26/2025 07:00:00,EST,N.Y.C.,61761,5363.6664
02/26/2025 08:00:00,EST,N.Y.C.,61761,5535.0889
02/26/2025 09:00:00,EST,N.Y.C.,61761,5593.3656
02/26/2025 10:00:00,EST,N.Y.C.,61761,5561.7343
02/26/2025 11:00:00,EST,N.Y.C.,61761,5548.7975
02/26/2025 12:00:00,EST,N.Y.C.,61761,5544.131
02/26/2025 13:00:00,EST,N.Y.C.,61761,5557.2138
02/26/2025 14:00:00,EST,N.Y.C.,61761,5534.881
02/26/2025 15:00:00,EST,N.Y.C.,61761,5631.3766
02/26/2025 16:00:00,EST,N.Y.C.,61761,5688.5126
02/26/2025 17:00:00,EST,N.Y.C.,61761,5689.7581
02/26/2025 18:00:00,EST,N.Y.C.,61761,5793.975
02/26/2025 19:00:00,EST,N.Y.C.,61761,5698.4606
02/26/2025 20:00:00,EST,N.Y.C.,61761,5510.2412
02/26/2025 21:00:00,EST,N.Y.C.,61761,5318.6569
02/26/2025 22:00:00,EST,N.Y.C.,61761,5054.0465
02/26/2025 23:00:00,EST,N.Y.C.,61761,4745.4112
02/27/2025 00:00:00,EST,N.Y.C.,61761,4479.9805
02/27/2025 01:00:00,EST,N.Y.C.,61761,4298.8092
02/27/2025 02:00:00,EST,N.Y.C.,61761,4201.0713
02/27/2025 03:00:00,EST,N.Y.C.,61761,4159.6207
02/27/2025 04:00:00,EST,N.Y.C.,61761,4205.3042
02/27/2025 05:00:00,EST,N.Y.C.,61761,4439.4874
02/27/2025 06:00:00,EST,N.Y.C.,61761,4890.2427
02/27/2025 07:00:00,EST,N.Y.C.,61761,5313.1725
02/27/2025 08:00:00,EST,N.Y.C.,61761,5603.0835
02/27/2025 09:00:00,EST,N.Y.C.,61761,5710.7087
02/27/2025 10:00:00,EST,N.Y.C.,61761,5787.8845
02/27/2025 11:00:00,EST,N.Y.C.,61761,5808.5148
02/27/2025 12:00:00,EST,N.Y.C.,61761,5797.9155
02/27/2025 13:00:00,EST,N.Y.C.,61761,5821.3349
02/27/2025 14:00:00,EST,N.Y.C.,61761,5831.8817
02/27/2025 15:00:00,EST,N.Y.C.,61761,5874.9836
02/27/2025 16:00:00,EST,N.Y.C.,61761,5892.3861
02/27/2025 17:00:00,EST,N.Y.C.,61761,5918.5468
02/27/2025 18:00:00,EST,N.Y.C.,61761,5842.3124
02/27/2025 19:00:00,EST,N.Y.C.,61761,5729.071
02/27/2025 20:00:00,EST,N.Y.C.,61761,5549.8393
02/27/2025 21:00:00,EST,N.Y.C.,61761,5337.0715
02/27/2025 22:00:00,EST,N.Y.C.,61761,5061.5539
02/27/2025 23:00:00,EST,N.Y.C.,61761,4770.1828
02/28/2025 00:00:00,EST,N.Y.C.,61761,4528.0156
02/28/2025 01:00:00,EST,N.Y.C.,61761,4359.9031
02/28/2025 02:00:00,EST,N.Y.C.,61761,4259.7672
02/28/2025 03:00:00,EST,N.Y.C.,61761,4213.4196
02/28/2025 04:00:00,EST,N.Y.C.,61761,4261.1465
02/28/2025 05:00:00,EST,N.Y.C.,61761,4501.5116
02/28/2025 06:00:00,EST,N.Y.C.,61761,4942.461
02/28/2025 07:00:00,EST,N.Y.C.,61761,5304.1826
02/28/2025 08:00:00,EST,N.Y.C.,61761,5517.7082
02/28/2025 09:00:00,EST,N.Y.C.,61761,5603.8891
02/28/2025 10:00:00,EST,N.Y.C.,61761,5569.2526
02/28/2025 11:00:00,EST,N.Y.C.,61761,5560.6822
02/28/2025 12:00:00,EST,N.Y.C.,61761,5536.1333
02/28/2025 13:00:00,EST,N.Y.C.,61761,5512.9889
02/28/2025 14:00:00,EST,N.Y.C.,61761,5508.3071
02/28/2025 15:00:00,EST,N.Y.C.,61761,5564.1266
02/28/2025 16:00:00,EST,N.Y.C.,61761,5685.2145
02/28/2025 17:00:00,EST,N.Y.C.,61761,5781.8444
02/28/2025 18:00:00,EST,N.Y.C.,61761,5782.7231
02/28/2025 19:00:00,EST,N.Y.C.,61761,5653.1945
02/28/2025 20:00:00,EST,N.Y.C.,61761,5477.3753
02/28/2025 21:00:00,EST,N.Y.C.,61761,5308.9798
02/28/2025 22:00:00,EST,N.Y.C.,61761,5071.754
02/28/2025 23:00:00,EST,N.Y.C.,61761,4820.4568
03/01/2025 00:00:00,EST,N.Y.C.,61761,4615.6543
03/01/2025 01:00:00,EST,N.Y.C.,61761,4453.9809
03/01/2025 02:00:00,EST,N.Y.C.,61761,4327.514
03/01/2025 03:00:00,EST,N.Y.C.,61761,4258.1305
03/01/2025 04:00:00,EST,N.Y.C.,61761,4245.0425
03/01/2025 05:00:00,EST,N.Y.C.,61761,4306.0542
03/01/2025 06:00:00,EST,N.Y.C.,61761,4447.9893
03/01/2025 07:00:00,EST,N.Y.C.,61761,4602.9312
03/01/2025 08:00:00,EST,N.Y.C.,61761,4739.9677
03/01/2025 09:00:00,EST,N.Y.C.,61761,4859.8456
03/01/2025 10:00:00,EST,N.Y.C.,61761,4867.9923
03/01/2025 11:00:00,EST,N.Y.C.,61761,4866.7301
03/01/2025 12:00:00,EST,N.Y.C.,61761,4863.4763
03/01/2025 13:00:00,EST,N.Y.C.,61761,4916.6698
03/01/2025 14:00:00,EST,N.Y.C.,61761,4973.8557
03/01/2025 15:00:00,EST,N.Y.C.,61761,5001.9666
03/01/2025 16:00:00,EST,N.Y.C.,61761,5095.89
03/01/2025 17:00:00,EST,N.Y.C.,61761,5258.6065
03/01/2025 18:00:00,EST,N.Y.C.,61761,5433.4783
03/01/2025 19:00:00,EST,N.Y.C.,61761,5462.862
03/01/2025 20:00:00,EST,N.Y.C.,61761,5450.4623
03/01/2025 21:00:00,EST,N.Y.C.,61761,5406.6811
03/01/2025 22:00:00,EST,N.Y.C.,61761,5284.6344
03/01/2025 23:00:00,EST,N.Y.C.,61761,5127.8178
03/02/2025 00:00:00,EST,N.Y.C.,61761,4957.3536
03/02/2025 01:00:00,EST,N.Y.C.,61761,4825.9804
03/02/2025 02:00:00,EST,N.Y.C.,61761,4754.0783
03/02/2025 03:00:00,EST,N.Y.C.,61761,4696.3137
03/02/2025 04:00:00,EST,N.Y.C.,61761,4711.1587
03/02/2025 05:00:00,EST,N.Y.C.,61761,4773.1725
03/02/2025 06:00:00,EST,N.Y.C.,61761,4889.8797
03/02/2025 07:00:00,EST,N.Y.C.,61761,5014.8442
03/02/2025 08:00:00,EST,N.Y.C.,61761,5142.761
03/02/2025 09:00:00,EST,N.Y.C.,61761,5277.7419
03/02/2025 10:00:00,EST,N.Y.C.,61761,5376.3566
03/02/2025 11:00:00,EST,N.Y.C.,61761,5425.2639
03/02/2025 12:00:00,EST,N.Y.C.,61761,5447.6501
03/02/2025 13:00:00,EST,N.Y.C.,61761,5460.3315
03/02/2025 14:00:00,EST,N.Y.C.,61761,5480.1941
03/02/2025 15:00:00,EST,N.Y.C.,61761,5550.6701
03/02/2025 16:00:00,EST,N.Y.C.,61761,5689.6162
03/02/2025 17:00:00,EST,N.Y.C.,61761,5891.2732
03/02/2025 18:00:00,EST,N.Y.C.,61761,6065.9936
03/02/2025 19:00:00,EST,N.Y.C.,61761,6068.089
03/02/2025 20:00:00,EST,N.Y.C.,61761,6029.7774
03/02/2025 21:00:00,EST,N.Y.C.,61761,5919.1779
03/02/2025 22:00:00,EST,N.Y.C.,61761,5700.3078
03/02/2025 23:00:00,EST,N.Y.C.,61761,5431.2601
03/03/2025 00:00:00,EST,N.Y.C.,61761,5213.9524
03/03/2025 01:00:00,EST,N.Y.C.,61761,5055.068
03/03/2025 02:00:00,EST,N.Y.C.,61761,4950.2705
03/03/2025 03:00:00,EST,N.Y.C.,61761,4909.5536
03/03/2025 04:00:00,EST,N.Y.C.,61761,4975.678
03/03/2025 05:00:00,EST,N.Y.C.,61761,5194.969
03/03/2025 06:00:00,EST,N.Y.C.,61761,5624.5897
03/03/2025 07:00:00,EST,N.Y.C.,61761,5986.5166
03/03/2025 08:00:00,EST,N.Y.C.,61761,6168.7151
03/03/2025 09:00:00,EST,N.Y.C.,61761,6246.9847
03/03/2025 10:00:00,EST,N.Y.C.,61761,6236.3959
03/03/2025 11:00:00,EST,N.Y.C.,61761,6213.1469
03/03/2025 12:00:00,EST,N.Y.C.,61761,6183.3975
03/03/2025 13:00:00,EST,N.Y.C.,61761,6139.2189
03/03/2025 14:00:00,EST,N.Y.C.,61761,6113.0255
03/03/2025 15:00:00,EST,N.Y.C.,61761,6152.9778
03/03/2025 16:00:00,EST,N.Y.C.,61761,6266.2207
03/03/2025 17:00:00,EST,N.Y.C.,61761,6399.895
03/03/2025 18:00:00,EST,N.Y.C.,61761,6442.3659
03/03/2025 19:00:00,EST,N.Y.C.,61761,6360.3572
03/03/2025 20:00:00,EST,N.Y.C.,61761,6187.5555
03/03/2025 21:00:00,EST,N.Y.C.,61761,5952.459
03/03/2025 22:00:00,EST,N.Y.C.,61761,5632.5526
03/03/2025 23:00:00,EST,N.Y.C.,61761,5284.9547
03/04/2025 00:00:00,EST,N.Y.C.,61761,5021.6511
03/04/2025 01:00:00,EST,N.Y.C.,61761,4865.0361
03/04/2025 02:00:00,EST,N.Y.C.,61761,4762.3604
03/04/2025 03:00:00,EST,N.Y.C.,61761,4720.3387
03/04/2025 04:00:00,EST,N.Y.C.,61761,4768.996
03/04/2025 05:00:00,EST,N.Y.C.,61761,4990.1761
03/04/2025 06:00:00,EST,N.Y.C.,61761,5398.7083
03/04/2025 07:00:00,EST,N.Y.C.,61761,5811.867
03/04/2025 08:00:00,EST,N.Y.C.,61761,6025.3322
03/04/2025 09:00:00,EST,N.Y.C.,61761,6050.3215
03/04/2025 10:00:00,EST,N.Y.C.,61761,6033.2321
03/04/2025 11:00:00,EST,N.Y.C.,61761,5929.6229
03/04/2025 12:00:00,EST,N.Y.C.,61761,5846.4094
03/04/2025 13:00:00,EST,N.Y.C.,61761,5908.7532
03/04/2025 14:00:00,EST,N.Y.C.,61761,5825.3369
03/04/2025 15:00:00,EST,N.Y.C.,61761,5854.2381
03/04/2025 16:00:00,EST,N.Y.C.,61761,5985.676
03/04/2025 17:00:00,EST,N.Y.C.,61761,6044.7143
03/04/2025 18:00:00,EST,N.Y.C.,61761,6064.3558
03/04/2025 19:00:00,EST,N.Y.C.,61761,5971.0462
03/04/2025 20:00:00,EST,N.Y.C.,61761,5789.2668
03/04/2025 21:00:00,EST,N.Y.C.,61761,5565.8522
03/04/2025 22:00:00,EST,N.Y.C.,61761,5273.2413
03/04/2025 23:00:00,EST,N.Y.C.,61761,4963.1155
03/05/2025 00:00:00,EST,N.Y.C.,61761,4691.6861
03/05/2025 01:00:00,EST,N.Y.C.,61761,4516.8571
03/05/2025 02:00:00,EST,N.Y.C.,61761,4402.6141
03/05/2025 03:00:00,EST,N.Y.C.,61761,4328.6452
03/05/2025 04:00:00,EST,N.Y.C.,61761,4384.6771
03/05/2025 05:00:00,EST,N.Y.C.,61761,4578.6292
03/05/2025 06:00:00,EST,N.Y.C.,61761,4987.8202
03/05/2025 07:00:00,EST,N.Y.C.,61761,5421.6108
03/05/2025 08:00:00,EST,N.Y.C.,61761,5696.8124
03/05/2025 09:00:00,EST,N.Y.C.,61761,5822.7572
03/05/2025 10:00:00,EST,N.Y.C.,61761,5838.4878
03/05/2025 11:00:00,EST,N.Y.C.,61761,5882.1118
03/05/2025 12:00:00,EST,N.Y.C.,61761,5915.1014
03/05/2025 13:00:00,EST,N.Y.C.,61761,5930.2345
03/05/2025 14:00:00,EST,N.Y.C.,61761,5865.8745
03/05/2025 15:00:00,EST,N.Y.C.,61761,5964.9279
03/05/2025 16:00:00,EST,N.Y.C.,61761,6092.3002
03/05/2025 17:00:00,EST,N.Y.C.,61761,6165.8578
03/05/2025 18:00:00,EST,N.Y.C.,61761,6092.7831
03/05/2025 19:00:00,EST,N.Y.C.,61761,5948.6524
03/05/2025 20:00:00,EST,N.Y.C.,61761,5744.2985
03/05/2025 21:00:00,EST,N.Y.C.,61761,5523.8703
03/05/2025 22:00:00,EST,N.Y.C.,61761,5203.2401
03/05/2025 23:00:00,EST,N.Y.C.,61761,4868.1654
03/06/2025 00:00:00,EST,N.Y.C.,61761,4602.9743
03/06/2025 01:00:00,EST,N.Y.C.,61761,4403.8624
03/06/2025 02:00:00,EST,N.Y.C.,61761,4296.8648
03/06/2025 03:00:00,EST,N.Y.C.,61761,4219.3744
03/06/2025 04:00:00,EST,N.Y.C.,61761,4260.264
03/06/2025 05:00:00,EST,N.Y.C.,61761,4458.2854
03/06/2025 06:00:00,EST,N.Y.C.,61761,4876.5586
03/06/2025 07:00:00,EST,N.Y.C.,61761,5255.6052
03/06/2025 08:00:00,EST,N.Y.C.,61761,5514.5232
03/06/2025 09:00:00,EST,N.Y.C.,61761,5626.7376
03/06/2025 10:00:00,EST,N.Y.C.,61761,5583.7493
03/06/2025 11:00:00,EST,N.Y.C.,61761,5556.737
03/06/2025 12:00:00,EST,N.Y.C.,61761,5596.167
03/06/2025 13:00:00,EST,N.Y.C.,61761,5642.1788
03/06/2025 14:00:00,EST,N.Y.C.,61761,5645.8463
03/06/2025 15:00:00,EST,N.Y.C.,61761,5768.8745
03/06/2025 16:00:00,EST,N.Y.C.,61761,5885.0022
03/06/2025 17:00:00,EST,N.Y.C.,61761,6005.4795
03/06/2025 18:00:00,EST,N.Y.C.,61761,5985.3133
03/06/2025 19:00:00,EST,N.Y.C.,61761,5895.8742
03/06/2025 20:00:00,EST,N.Y.C.,61761,5754.5759
03/06/2025 21:00:00,EST,N.Y.C.,61761,5612.5245
03/06/2025 22:00:00,EST,N.Y.C.,61761,5370.2701
03/06/2025 23:00:00,EST,N.Y.C.,61761,5075.4164
03/07/2025 00:00:00,EST,N.Y.C.,61761,4839.3867
03/07/2025 01:00:00,EST,N.Y.C.,61761,4662.1287
03/07/2025 02:00:00,EST,N.Y.C.,61761,4554.8082
03/07/2025 03:00:00,EST,N.Y.C.,61761,4520.6303
03/07/2025 04:00:00,EST,N.Y.C.,61761,4565.0958
03/07/2025 05:00:00,EST,N.Y.C.,61761,4812.0851
03/07/2025 06:00:00,EST,N.Y.C.,61761,5258.4337
03/07/2025 07:00:00,EST,N.Y.C.,61761,5608.1938
03/07/2025 08:00:00,EST,N.Y.C.,61761,5774.5883
03/07/2025 09:00:00,EST,N.Y.C.,61761,5835.6321
03/07/2025 10:00:00,EST,N.Y.C.,61761,5857.9575
03/07/2025 11:00:00,EST,N.Y.C.,61761,5838.337
03/07/2025 12:00:00,EST,N.Y.C.,61761,5788.1337
03/07/2025 13:00:00,EST,N.Y.C.,61761,5728.8532
03/07/2025 14:00:00,EST,N.Y.C.,61761,5712.5287
03/07/2025 15:00:00,EST,N.Y.C.,61761,5747.026
03/07/2025 16:00:00,EST,N.Y.C.,61761,5844.0138
03/07/2025 17:00:00,EST,N.Y.C.,61761,5948.2765
03/07/2025 18:00:00,EST,N.Y.C.,61761,5931.7374
03/07/2025 19:00:00,EST,N.Y.C.,61761,5818.4417
03/07/2025 20:00:00,EST,N.Y.C.,61761,5671.4276
03/07/2025 21:00:00,EST,N.Y.C.,61761,5476.7554
03/07/2025 22:00:00,EST,N.Y.C.,61761,5236.0952
03/07/2025 23:00:00,EST,N.Y.C.,61761,4970.0218
03/08/2025 00:00:00,EST,N.Y.C.,61761,4748.3312
03/08/2025 01:00:00,EST,N.Y.C.,61761,4573.8589
03/08/2025 02:00:00,EST,N.Y.C.,61761,4439.5007
03/08/2025 03:00:00,EST,N.Y.C.,61761,4374.646
03/08/2025 04:00:00,EST,N.Y.C.,61761,4365.7323
03/08/2025 05:00:00,EST,N.Y.C.,61761,4437.8764
03/08/2025 06:00:00,EST,N.Y.C.,61761,4572.727
03/08/2025 07:00:00,EST,N.Y.C.,61761,4760.8619
03/08/2025 08:00:00,EST,N.Y.C.,61761,4876.9796
03/08/2025 09:00:00,EST,N.Y.C.,61761,4998.273
03/08/2025 10:00:00,EST,N.Y.C.,61761,5149.0905
03/08/2025 11:00:00,EST,N.Y.C.,61761,5096.5432
03/08/2025 12:00:00,EST,N.Y.C.,61761,5084.6806
03/08/2025 13:00:00,EST,N.Y.C.,61761,5068.4726
03/08/2025 14:00:00,EST,N.Y.C.,61761,5084.1512
03/08/2025 15:00:00,EST,N.Y.C.,61761,5139.0172
03/08/2025 16:00:00,EST,N.Y.C.,61761,5255.4357
03/08/2025 17:00:00,EST,N.Y.C.,61761,5407.3855
03/08/2025 18:00:00,EST,N.Y.C.,61761,5552.8995
03/08/2025 19:00:00,EST,N.Y.C.,61761,5551.2471
03/08/2025 20:00:00,EST,N.Y.C.,61761,5484.6756
03/08/2025 21:00:00,EST,N.Y.C.,61761,5379.3115
03/08/2025 22:00:00,EST,N.Y.C.,61761,5226.1555
03/08/2025 23:00:00,EST,N.Y.C.,61761,5025.3505
03/09/2025 00:00:00,EST,N.Y.C.,61761,4849.0265
03/09/2025 01:00:00,EST,N.Y.C.,61761,4681.5604
03/09/2025 03:00:00,EDT,N.Y.C.,61761,4582.644
03/09/2025 04:00:00,EDT,N.Y.C.,61761,4538.7322
03/09/2025 05:00:00,EDT,N.Y.C.,61761,4567.3095
03/09/2025 06:00:00,EDT,N.Y.C.,61761,4655.3192
03/09/2025 07:00:00,EDT,N.Y.C.,61761,4768.6312
03/09/2025 08:00:00,EDT,N.Y.C.,61761,4859.9835
03/09/2025 09:00:00,EDT,N.Y.C.,61761,4959.6497
03/09/2025 10:00:00,EDT,N.Y.C.,61761,5070.6188
03/09/2025 11:00:00,EDT,N.Y.C.,61761,5043.2495
03/09/2025 12:00:00,EDT,N.Y.C.,61761,5098.2624
03/09/2025 13:00:00,EDT,N.Y.C.,61761,5050.5338
03/09/2025 14:00:00,EDT,N.Y.C.,61761,5009.2386
03/09/2025 15:00:00,EDT,N.Y.C.,61761,5057.9451
03/09/2025 16:00:00,EDT,N.Y.C.,61761,5090.605
03/09/2025 17:00:00,EDT,N.Y.C.,61761,5174.062
03/09/2025 18:00:00,EDT,N.Y.C.,61761,5274.8743
03/09/2025 19:00:00,EDT,N.Y.C.,61761,5404.7506
03/09/2025 20:00:00,EDT,N.Y.C.,61761,5373.045
03/09/2025 21:00:00,EDT,N.Y.C.,61761,5269.2529
03/09/2025 22:00:00,EDT,N.Y.C.,61761,5060.0771
03/09/2025 23:00:00,EDT,N.Y.C.,61761,4795.3521
03/10/2025 00:00:00,EDT,N.Y.C.,61761,4575.626
03/10/2025 01:00:00,EDT,N.Y.C.,61761,4402.0159
03/10/2025 02:00:00,EDT,N.Y.C.,61761,4298.582
03/10/2025 03:00:00,EDT,N.Y.C.,61761,4241.8121
03/10/2025 04:00:00,EDT,N.Y.C.,61761,4291.4095
03/10/2025 05:00:00,EDT,N.Y.C.,61761,4521.5035
03/10/2025 06:00:00,EDT,N.Y.C.,61761,4956.5765
03/10/2025 07:00:00,EDT,N.Y.C.,61761,5370.2471
03/10/2025 08:00:00,EDT,N.Y.C.,61761,5558.7813
03/10/2025 09:00:00,EDT,N.Y.C.,61761,5613.7236
03/10/2025 10:00:00,EDT,N.Y.C.,61761,5549.98
03/10/2025 11:00:00,EDT,N.Y.C.,61761,5511.4148
03/10/2025 12:00:00,EDT,N.Y.C.,61761,5470.5851
03/10/2025 13:00:00,EDT,N.Y.C.,61761,5435.6247
03/10/2025 14:00:00,EDT,N.Y.C.,61761,5413.6167
03/10/2025 15:00:00,EDT,N.Y.C.,61761,5438.9987
03/10/2025 16:00:00,EDT,N.Y.C.,61761,5499.4382
03/10/2025 17:00:00,EDT,N.Y.C.,61761,5551.5085
03/10/2025 18:00:00,EDT,N.Y.C.,61761,5539.4694
03/10/2025 19:00:00,EDT,N.Y.C.,61761,5575.4685
03/10/2025 20:00:00,EDT,N.Y.C.,61761,5454.8451
03/10/2025 21:00:00,EDT,N.Y.C.,61761,5269.5709
03/10/2025 22:00:00,EDT,N.Y.C.,61761,4999.2326
03/10/2025 23:00:00,EDT,N.Y.C.,61761,4692.706
03/11/2025 00:00:00,EDT,N.Y.C.,61761,4439.6392
03/11/2025 01:00:00,EDT,N.Y.C.,61761,4256.8816
03/11/2025 02:00:00,EDT,N.Y.C.,61761,4142.9741
03/11/2025 03:00:00,EDT,N.Y.C.,61761,4087.1591
03/11/2025 04:00:00,EDT,N.Y.C.,61761,4132.0088
03/11/2025 05:00:00,EDT,N.Y.C.,61761,4365.966
03/11/2025 06:00:00,EDT,N.Y.C.,61761,4819.4033
03/11/2025 07:00:00,EDT,N.Y.C.,61761,5244.8301
03/11/2025 08:00:00,EDT,N.Y.C.,61761,5455.5394
03/11/2025 09:00:00,EDT,N.Y.C.,61761,5507.7138
03/11/2025 10:00:00,EDT,N.Y.C.,61761,5467.055
03/11/2025 11:00:00,EDT,N.Y.C.,61761,5431.0199
03/11/2025 12:00:00,EDT,N.Y.C.,61761,5383.4482
03/11/2025 13:00:00,EDT,N.Y.C.,61761,5363.8206
03/11/2025 14:00:00,EDT,N.Y.C.,61761,5348.645
03/11/2025 15:00:00,EDT,N.Y.C.,61761,5380.6154
03/11/2025 16:00:00,EDT,N.Y.C.,61761,5458.4155
03/11/2025 17:00:00,EDT,N.Y.C.,61761,5536.3049
03/11/2025 18:00:00,EDT,N.Y.C.,61761,5523.6466
03/11/2025 19:00:00,EDT,N.Y.C.,61761,5558.2787
03/11/2025 20:00:00,EDT,N.Y.C.,61761,5439.8504
03/11/2025 21:00:00,EDT,N.Y.C.,61761,5242.538
03/11/2025 22:00:00,EDT,N.Y.C.,61761,4955.2839
03/11/2025 23:00:00,EDT,N.Y.C.,61761,4651.1383
03/12/2025 00:00:00,EDT,N.Y.C.,61761,4391.1896
03/12/2025 01:00:00,EDT,N.Y.C.,61761,4216.2619
03/12/2025 02:00:00,EDT,N.Y.C.,61761,4104.732
03/12/2025 03:00:00,EDT,N.Y.C.,61761,4053.7687
03/12/2025 04:00:00,EDT,N.Y.C.,61761,4094.6993
03/12/2025 05:00:00,EDT,N.Y.C.,61761,4322.2806
03/12/2025 06:00:00,EDT,N.Y.C.,61761,4786.4975
03/12/2025 07:00:00,EDT,N.Y.C.,61761,5205.34
03/12/2025 08:00:00,EDT,N.Y.C.,61761,5463.1367
03/12/2025 09:00:00,EDT,N.Y.C.,61761,5566.6516
03/12/2025 10:00:00,EDT,N.Y.C.,61761,5568.5825
03/12/2025 11:00:00,EDT,N.Y.C.,61761,5591.0279
03/12/2025 12:00:00,EDT,N.Y.C.,61761,5622.1034
03/12/2025 13:00:00,EDT,N.Y.C.,61761,5559.4531
03/12/2025 14:00:00,EDT,N.Y.C.,61761,5475.6043
03/12/2025 15:00:00,EDT,N.Y.C.,61761,5484.3563
03/12/2025 16:00:00,EDT,N.Y.C.,61761,5555.1363
03/12/2025 17:00:00,EDT,N.Y.C.,61761,5609.8159
03/12/2025 18:00:00,EDT,N.Y.C.,61761,5586.0412
03/12/2025 19:00:00,EDT,N.Y.C.,61761,5647.8512
03/12/2025 20:00:00,EDT,N.Y.C.,61761,5546.128
03/12/2025 21:00:00,EDT,N.Y.C.,61761,5372.2961
03/12/2025 22:00:00,EDT,N.Y.C.,61761,5078.052
03/12/2025 23:00:00,EDT,N.Y.C.,61761,4775.9566
03/13/2025 00:00:00,EDT,N.Y.C.,61761,4523.4065
03/13/2025 01:00:00,EDT,N.Y.C.,61761,4353.7524
03/13/2025 02:00:00,EDT,N.Y.C.,61761,4238.4892
03/13/2025 03:00:00,EDT,N.Y.C.,61761,4189.4081
03/13/2025 04:00:00,EDT,N.Y.C.,61761,4245.7058
03/13/2025 05:00:00,EDT,N.Y.C.,61761,4463.656
03/13/2025 06:00:00,EDT,N.Y.C.,61761,4926.8655
03/13/2025 07:00:00,EDT,N.Y.C.,61761,5353.1942
03/13/2025 08:00:00,EDT,N.Y.C.,61761,5571.8602
03/13/2025 09:00:00,EDT,N.Y.C.,61761,5634.0821
03/13/2025 10:00:00,EDT,N.Y.C.,61761,5589.0602
03/13/2025 11:00:00,EDT,N.Y.C.,61761,5572.7187
03/13/2025 12:00:00,EDT,N.Y.C.,61761,5586.852
03/13/2025 13:00:00,EDT,N.Y.C.,61761,5552.2861
03/13/2025 14:00:00,EDT,N.Y.C.,61761,5501.211
03/13/2025 15:00:00,EDT,N.Y.C.,61761,5509.2219
03/13/2025 16:00:00,EDT,N.Y.C.,61761,5600.598
03/13/2025 17:00:00,EDT,N.Y.C.,61761,5684.3554
03/13/2025 18:00:00,EDT,N.Y.C.,61761,5637.5562
03/13/2025 19:00:00,EDT,N.Y.C.,61761,5673.1466
03/13/2025 20:00:00,EDT,N.Y.C.,61761,5584.4343
03/13/2025 21:00:00,EDT,N.Y.C.,61761,5407.0179
03/13/2025 22:00:00,EDT,N.Y.C.,61761,5118.0577
03/13/2025 23:00:00,EDT,N.Y.C.,61761,4838.1904
03/14/2025 00:00:00,EDT,N.Y.C.,61761,4605.3081
03/14/2025 01:00:00,EDT,N.Y.C.,61761,4427.923
03/14/2025 02:00:00,EDT,N.Y.C.,61761,4306.9088
03/14/2025 03:00:00,EDT,N.Y.C.,61761,4251.0969
03/14/2025 04:00:00,EDT,N.Y.C.,61761,4281.3488
03/14/2025 05:00:00,EDT,N.Y.C.,61761,4489.3829
03/14/2025 06:00:00,EDT,N.Y.C.,61761,4920.9186
03/14/2025 07:00:00,EDT,N.Y.C.,61761,5319.1283
03/14/2025 08:00:00,EDT,N.Y.C.,61761,5547.1273
03/14/2025 09:00:00,EDT,N.Y.C.,61761,5611.8074
03/14/2025 10:00:00,EDT,N.Y.C.,61761,5582.6475
03/14/2025 11:00:00,EDT,N.Y.C.,61761,5509.5425
03/14/2025 12:00:00,EDT,N.Y.C.,61761,5445.2518
03/14/2025 13:00:00,EDT,N.Y.C.,61761,5395.3904
03/14/2025 14:00:00,EDT,N.Y.C.,61761,5360.5888
03/14/2025 15:00:00,EDT,N.Y.C.,61761,5384.5451
03/14/2025 16:00:00,EDT,N.Y.C.,61761,5470.743
03/14/2025 17:00:00,EDT,N.Y.C.,61761,5536.9804
03/14/2025 18:00:00,EDT,N.Y.C.,61761,5502.8486
03/14/2025 19:00:00,EDT,N.Y.C.,61761,5533.141
03/14/2025 20:00:00,EDT,N.Y.C.,61761,5424.2705
03/14/2025 21:00:00,EDT,N.Y.C.,61761,5266.1075
03/14/2025 22:00:00,EDT,N.Y.C.,61761,5048.6549
03/14/2025 23:00:00,EDT,N.Y.C.,61761,4790.9737
03/15/2025 00:00:00,EDT,N.Y.C.,61761,4572.6009
03/15/2025 01:00:00,EDT,N.Y.C.,61761,4388.5329
03/15/2025 02:00:00,EDT,N.Y.C.,61761,4251.5345
03/15/2025 03:00:00,EDT,N.Y.C.,61761,4169.3923
03/15/2025 04:00:00,EDT,N.Y.C.,61761,4146.2904
03/15/2025 05:00:00,EDT,N.Y.C.,61761,4222.7924
03/15/2025 06:00:00,EDT,N.Y.C.,61761,4379.8491
03/15/2025 07:00:00,EDT,N.Y.C.,61761,4569.0187
03/15/2025 08:00:00,EDT,N.Y.C.,61761,4796.4584
03/15/2025 09:00:00,EDT,N.Y.C.,61761,4999.429
03/15/2025 10:00:00,EDT,N.Y.C.,61761,5142.0123
03/15/2025 11:00:00,EDT,N.Y.C.,61761,5199.7087
03/15/2025 12:00:00,EDT,N.Y.C.,61761,5194.1222
03/15/2025 13:00:00,EDT,N.Y.C.,61761,5155.3342
03/15/2025 14:00:00,EDT,N.Y.C.,61761,5148.4847
03/15/2025 15:00:00,EDT,N.Y.C.,61761,5159.5484
03/15/2025 16:00:00,EDT,N.Y.C.,61761,5157.0947
03/15/2025 17:00:00,EDT,N.Y.C.,61761,5209.4303
03/15/2025 18:00:00,EDT,N.Y.C.,61761,5266.7229
03/15/2025 19:00:00,EDT,N.Y.C.,61761,5293.9637
03/15/2025 20:00:00,EDT,N.Y.C.,61761,5218.65
03/15/2025 21:00:00,EDT,N.Y.C.,61761,5104.2541
03/15/2025 22:00:00,EDT,N.Y.C.,61761,4935.5875
03/15/2025 23:00:00,EDT,N.Y.C.,61761,4731.7167
03/16/2025 00:00:00,EDT,N.Y.C.,61761,4522.9697
03/16/2025 01:00:00,EDT,N.Y.C.,61761,4342.9892
03/16/2025 02:00:00,EDT,N.Y.C.,61761,4206.0927
03/16/2025 03:00:00,EDT,N.Y.C.,61761,4117.7397
03/16/2025 04:00:00,EDT,N.Y.C.,61761,4083.4129
03/16/2025 05:00:00,EDT,N.Y.C.,61761,4142.4201
03/16/2025 06:00:00,EDT,N.Y.C.,61761,4238.7753
03/16/2025 07:00:00,EDT,N.Y.C.,61761,4358.6931
03/16/2025 08:00:00,EDT,N.Y.C.,61761,4529.7778
03/16/2025 09:00:00,EDT,N.Y.C.,61761,4701.4254
03/16/2025 10:00:00,EDT,N.Y.C.,61761,4795.1743
03/16/2025 11:00:00,EDT,N.Y.C.,61761,4901.0811
03/16/2025 12:00:00,EDT,N.Y.C.,61761,4980.8986
03/16/2025 13:00:00,EDT,N.Y.C.,61761,4994.5696
03/16/2025 14:00:00,EDT,N.Y.C.,61761,4971.0716
03/16/2025 15:00:00,EDT,N.Y.C.,61761,5003.5004
03/16/2025 16:00:00,EDT,N.Y.C.,61761,5034.5286
03/16/2025 17:00:00,EDT,N.Y.C.,61761,5128.3142
03/16/2025 18:00:00,EDT,N.Y.C.,61761,5204.6691
03/16/2025 19:00:00,EDT,N.Y.C.,61761,5257.002
03/16/2025 20:00:00,EDT,N.Y.C.,61761,5189.7324
03/16/2025 21:00:00,EDT,N.Y.C.,61761,5050.2075
03/16/2025 22:00:00,EDT,N.Y.C.,61761,4834.543
03/16/2025 23:00:00,EDT,N.Y.C.,61761,4569.6985
03/17/2025 00:00:00,EDT,N.Y.C.,61761,4360.1316
03/17/2025 01:00:00,EDT,N.Y.C.,61761,4195.9525
03/17/2025 02:00:00,EDT,N.Y.C.,61761,4115.6211
03/17/2025 03:00:00,EDT,N.Y.C.,61761,4066.3863
03/17/2025 04:00:00,EDT,N.Y.C.,61761,4097.0655
03/17/2025 05:00:00,EDT,N.Y.C.,61761,4300.8801
03/17/2025 06:00:00,EDT,N.Y.C.,61761,4724.8838
03/17/2025 07:00:00,EDT,N.Y.C.,61761,5136.5596
03/17/2025 08:00:00,EDT,N.Y.C.,61761,5420.4025
03/17/2025 09:00:00,EDT,N.Y.C.,61761,5607.6883
03/17/2025 10:00:00,EDT,N.Y.C.,61761,5682.6731
03/17/2025 11:00:00,EDT,N.Y.C.,61761,5710.2796
03/17/2025 12:00:00,EDT,N.Y.C.,61761,5710.524
03/17/2025 13:00:00,EDT,N.Y.C.,61761,5705.6988
03/17/2025 14:00:00,EDT,N.Y.C.,61761,5666.9752
03/17/2025 15:00:00,EDT,N.Y.C.,61761,5656.9278
03/17/2025 16:00:00,EDT,N.Y.C.,61761,5664.3686
03/17/2025 17:00:00,EDT,N.Y.C.,61761,5670.4593
03/17/2025 18:00:00,EDT,N.Y.C.,61761,5581.9882
03/17/2025 19:00:00,EDT,N.Y.C.,61761,5609.26
03/17/2025 20:00:00,EDT,N.Y.C.,61761,5493.1594
03/17/2025 21:00:00,EDT,N.Y.C.,61761,5302.7302
03/17/2025 22:00:00,EDT,N.Y.C.,61761,5042.5484
03/17/2025 23:00:00,EDT,N.Y.C.,61761,4752.2615
03/18/2025 00:00:00,EDT,N.Y.C.,61761,4521.7386
03/18/2025 01:00:00,EDT,N.Y.C.,61761,4369.0495
03/18/2025 02:00:00,EDT,N.Y.C.,61761,4272.2246
03/18/2025 03:00:00,EDT,N.Y.C.,61761,4229.9238
03/18/2025 04:00:00,EDT,N.Y.C.,61761,4284.2891
03/18/2025 05:00:00,EDT,N.Y.C.,61761,4537.3681
03/18/2025 06:00:00,EDT,N.Y.C.,61761,4996.5481
03/18/2025 07:00:00,EDT,N.Y.C.,61761,5445.8438
03/18/2025 08:00:00,EDT,N.Y.C.,61761,5644.521
03/18/2025 09:00:00,EDT,N.Y.C.,61761,5694.3092
03/18/2025 10:00:00,EDT,N.Y.C.,61761,5644.3243
03/18/2025 11:00:00,EDT,N.Y.C.,61761,5577.1315
03/18/2025 12:00:00,EDT,N.Y.C.,61761,5523.7221
03/18/2025 13:00:00,EDT,N.Y.C.,61761,5472.1458
03/18/2025 14:00:00,EDT,N.Y.C.,61761,5421.1323
03/18/2025 15:00:00,EDT,N.Y.C.,61761,5433.9565
03/18/2025 16:00:00,EDT,N.Y.C.,61761,5498.2312
03/18/2025 17:00:00,EDT,N.Y.C.,61761,5556.2896
03/18/2025 18:00:00,EDT,N.Y.C.,61761,5515.2838
03/18/2025 19:00:00,EDT,N.Y.C.,61761,5528.8097
03/18/2025 20:00:00,EDT,N.Y.C.,61761,5420.0828
03/18/2025 21:00:00,EDT,N.Y.C.,61761,5247.5102
03/18/2025 22:00:00,EDT,N.Y.C.,61761,4988.7249
03/18/2025 23:00:00,EDT,N.Y.C.,61761,4668.3733
03/19/2025 00:00:00,EDT,N.Y.C.,61761,4422.0108
03/19/2025 01:00:00,EDT,N.Y.C.,61761,4253.9716
03/19/2025 02:00:00,EDT,N.Y.C.,61761,4143.6133
03/19/2025 03:00:00,EDT,N.Y.C.,61761,4098.8842
03/19/2025 04:00:00,EDT,N.Y.C.,61761,4137.2203
03/19/2025 05:00:00,EDT,N.Y.C.,61761,4381.8885
03/19/2025 06:00:00,EDT,N.Y.C.,61761,4821.0684
03/19/2025 07:00:00,EDT,N.Y.C.,61761,5214.0834
03/19/2025 08:00:00,EDT,N.Y.C.,61761,5392.5236
03/19/2025 09:00:00,EDT,N.Y.C.,61761,5446.9801
03/19/2025 10:00:00,EDT,N.Y.C.,61761,5414.3187
03/19/2025 11:00:00,EDT,N.Y.C.,61761,5373.7518
03/19/2025 12:00:00,EDT,N.Y.C.,61761,5341.6572
03/19/2025 13:00:00,EDT,N.Y.C.,61761,5318.5215
03/19/2025 14:00:00,EDT,N.Y.C.,61761,5296.5937
03/19/2025 15:00:00,EDT,N.Y.C.,61761,5341.6134
03/19/2025 16:00:00,EDT,N.Y.C.,61761,5431.6771
03/19/2025 17:00:00,EDT,N.Y.C.,61761,5525.996
03/19/2025 18:00:00,EDT,N.Y.C.,61761,5488.3175
03/19/2025 19:00:00,EDT,N.Y.C.,61761,5525.6004
03/19/2025 20:00:00,EDT,N.Y.C.,61761,5406.0179
03/19/2025 21:00:00,EDT,N.Y.C.,61761,5209.8636
03/19/2025 22:00:00,EDT,N.Y.C.,61761,4939.2718
03/19/2025 23:00:00,EDT,N.Y.C.,61761,4648.5414
03/20/2025 00:00:00,EDT,N.Y.C.,61761,4398.6569
03/20/2025 01:00:00,EDT,N.Y.C.,61761,4239.765
03/20/2025 02:00:00,EDT,N.Y.C.,61761,4132.8978
03/20/2025 03:00:00,EDT,N.Y.C.,61761,4079.3556
03/20/2025 04:00:00,EDT,N.Y.C.,61761,4123.7756
03/20/2025 05:00:00,EDT,N.Y.C.,61761,4347.7814
03/20/2025 06:00:00,EDT,N.Y.C.,61761,4767.3575
03/20/2025 07:00:00,EDT,N.Y.C.,61761,5181.0872
03/20/2025 08:00:00,EDT,N.Y.C.,61761,5472.1962
03/20/2025 09:00:00,EDT,N.Y.C.,61761,5615.8249
03/20/2025 10:00:00,EDT,N.Y.C.,61761,5642.9042
03/20/2025 11:00:00,EDT,N.Y.C.,61761,5661.4852
03/20/2025 12:00:00,EDT,N.Y.C.,61761,5640.2618
03/20/2025 13:00:00,EDT,N.Y.C.,61761,5615.8779
03/20/2025 14:00:00,EDT,N.Y.C.,61761,5586.8566
03/20/2025 15:00:00,EDT,N.Y.C.,61761,5597.5155
03/20/2025 16:00:00,EDT,N.Y.C.,61761,5661.8128
03/20/2025 17:00:00,EDT,N.Y.C.,61761,5700.8276
03/20/2025 18:00:00,EDT,N.Y.C.,61761,5626.5371
03/20/2025 19:00:00,EDT,N.Y.C.,61761,5625.4823
03/20/2025 20:00:00,EDT,N.Y.C.,61761,5484.71
03/20/2025 21:00:00,EDT,N.Y.C.,61761,5280.3464
03/20/2025 22:00:00,EDT,N.Y.C.,61761,5023.6254
03/20/2025 23:00:00,EDT,N.Y.C.,61761,4728.8606
03/21/2025 00:00:00,EDT,N.Y.C.,61761,4477.8468
03/21/2025 01:00:00,EDT,N.Y.C.,61761,4307.7774
03/21/2025 02:00:00,EDT,N.Y.C.,61761,4191.719
03/21/2025 03:00:00,EDT,N.Y.C.,61761,4138.3185
03/21/2025 04:00:00,EDT,N.Y.C.,61761,4163.496
03/21/2025 05:00:00,EDT,N.Y.C.,61761,4379.1195
03/21/2025 06:00:00,EDT,N.Y.C.,61761,4834.1407
03/21/2025 07:00:00,EDT,N.Y.C.,61761,5260.3338
03/21/2025 08:00:00,EDT,N.Y.C.,61761,5473.764
03/21/2025 09:00:00,EDT,N.Y.C.,61761,5572.3073
03/21/2025 10:00:00,EDT,N.Y.C.,61761,5562.9546
03/21/2025 11:00:00,EDT,N.Y.C.,61761,5547.506
03/21/2025 12:00:00,EDT,N.Y.C.,61761,5514.0987
03/21/2025 13:00:00,EDT,N.Y.C.,61761,5481.2319
03/21/2025 14:00:00,EDT,N.Y.C.,61761,5438.1312
03/21/2025 15:00:00,EDT,N.Y.C.,61761,5441.6486
03/21/2025 16:00:00,EDT,N.Y.C.,61761,5493.1571
03/21/2025 17:00:00,EDT,N.Y.C.,61761,5565.2272
03/21/2025 18:00:00,EDT,N.Y.C.,61761,5529.7718
03/21/2025 19:00:00,EDT,N.Y.C.,61761,5545.6176
03/21/2025 20:00:00,EDT,N.Y.C.,61761,5423.7453
03/21/2025 21:00:00,EDT,N.Y.C.,61761,5253.8219
03/21/2025 22:00:00,EDT,N.Y.C.,61761,5041.2684
03/21/2025 23:00:00,EDT,N.Y.C.,61761,4778.4992
03/22/2025 00:00:00,EDT,N.Y.C.,61761,4548.7914
03/22/2025 01:00:00,EDT,N.Y.C.,61761,4380.8145
03/22/2025 02:00:00,EDT,N.Y.C.,61761,4258.93
03/22/2025 03:00:00,EDT,N.Y.C.,61761,4184.3868
03/22/2025 04:00:00,EDT,N.Y.C.,61761,4176.0413
03/22/2025 05:00:00,EDT,N.Y.C.,61761,4228.3197
03/22/2025 06:00:00,EDT,N.Y.C.,61761,4365.6736
03/22/2025 07:00:00,EDT,N.Y.C.,61761,4524.7203
03/22/2025 08:00:00,EDT,N.Y.C.,61761,4684.7564
03/22/2025 09:00:00,EDT,N.Y.C.,61761,4756.4423
03/22/2025 10:00:00,EDT,N.Y.C.,61761,4815.8869
03/22/2025 11:00:00,EDT,N.Y.C.,61761,4799.7882
03/22/2025 12:00:00,EDT,N.Y.C.,61761,4793.3743
03/22/2025 13:00:00,EDT,N.Y.C.,61761,4708.017
03/22/2025 14:00:00,EDT,N.Y.C.,61761,4814.1597
03/22/2025 15:00:00,EDT,N.Y.C.,61761,4841.8529
03/22/2025 16:00:00,EDT,N.Y.C.,61761,4775.129
03/22/2025 17:00:00,EDT,N.Y.C.,61761,4868.167
03/22/2025 18:00:00,EDT,N.Y.C.,61761,4958.8919
03/22/2025 19:00:00,EDT,N.Y.C.,61761,5055.1518
03/22/2025 20:00:00,EDT,N.Y.C.,61761,5044.2326
03/22/2025 21:00:00,EDT,N.Y.C.,61761,4964.1193
03/22/2025 22:00:00,EDT,N.Y.C.,61761,4827.7621
03/22/2025 23:00:00,EDT,N.Y.C.,61761,4658.9891
03/23/2025 00:00:00,EDT,N.Y.C.,61761,4502.1124
03/23/2025 01:00:00,EDT,N.Y.C.,61761,4359.8672
03/23/2025 02:00:00,EDT,N.Y.C.,61761,4261.9354
03/23/2025 03:00:00,EDT,N.Y.C.,61761,4210.4677
03/23/2025 04:00:00,EDT,N.Y.C.,61761,4217.8849
03/23/2025 05:00:00,EDT,N.Y.C.,61761,4293.199
03/23/2025 06:00:00,EDT,N.Y.C.,61761,4425.1922
03/23/2025 07:00:00,EDT,N.Y.C.,61761,4563.6928
03/23/2025 08:00:00,EDT,N.Y.C.,61761,4687.1853
03/23/2025 09:00:00,EDT,N.Y.C.,61761,4771.3678
03/23/2025 10:00:00,EDT,N.Y.C.,61761,4836.3811
03/23/2025 11:00:00,EDT,N.Y.C.,61761,4860.4864
03/23/2025 12:00:00,EDT,N.Y.C.,61761,4854.0231
03/23/2025 13:00:00,EDT,N.Y.C.,61761,4839.2377
03/23/2025 14:00:00,EDT,N.Y.C.,61761,4822.6658
03/23/2025 15:00:00,EDT,N.Y.C.,61761,4839.773
03/23/2025 16:00:00,EDT,N.Y.C.,61761,4926.4056
03/23/2025 17:00:00,EDT,N.Y.C.,61761,5047.2232
03/23/2025 18:00:00,EDT,N.Y.C.,61761,5197.5584
03/23/2025 19:00:00,EDT,N.Y.C.,61761,5341.1721
03/23/2025 20:00:00,EDT,N.Y.C.,61761,5323.4151
03/23/2025 21:00:00,EDT,N.Y.C.,61761,5197.2744
03/23/2025 22:00:00,EDT,N.Y.C.,61761,4974.798
03/23/2025 23:00:00,EDT,N.Y.C.,61761,4713.2666
03/24/2025 00:00:00,EDT,N.Y.C.,61761,4500.7955
03/24/2025 01:00:00,EDT,N.Y.C.,61761,4343.7735
03/24/2025 02:00:00,EDT,N.Y.C.,61761,4237.1589
03/24/2025 03:00:00,EDT,N.Y.C.,61761,4194.8136
03/24/2025 04:00:00,EDT,N.Y.C.,61761,4255.3893
03/24/2025 05:00:00,EDT,N.Y.C.,61761,4489.7135
03/24/2025 06:00:00,EDT,N.Y.C.,61761,4934.3012
03/24/2025 07:00:00,EDT,N.Y.C.,61761,5377.3338
03/24/2025 08:00:00,EDT,N.Y.C.,61761,5687.0263
03/24/2025 09:00:00,EDT,N.Y.C.,61761,5884.0889
03/24/2025 10:00:00,EDT,N.Y.C.,61761,5980.7067
03/24/2025 11:00:00,EDT,N.Y.C.,61761,6013.0956
03/24/2025 12:00:00,EDT,N.Y.C.,61761,5996.3574
03/24/2025 13:00:00,EDT,N.Y.C.,61761,5991.3895
03/24/2025 14:00:00,EDT,N.Y.C.,61761,5962.3886
03/24/2025 15:00:00,EDT,N.Y.C.,61761,5970.9923
03/24/2025 16:00:00,EDT,N.Y.C.,61761,5976.946
03/24/2025 17:00:00,EDT,N.Y.C.,61761,5895.3517
03/24/2025 18:00:00,EDT,N.Y.C.,61761,5736.4999
03/24/2025 19:00:00,EDT,N.Y.C.,61761,5710.6988
03/24/2025 20:00:00,EDT,N.Y.C.,61761,5576.9495
03/24/2025 21:00:00,EDT,N.Y.C.,61761,5368.1195
03/24/2025 22:00:00,EDT,N.Y.C.,61761,5068.0313
03/24/2025 23:00:00,EDT,N.Y.C.,61761,4752.7313
03/25/2025 00:00:00,EDT,N.Y.C.,61761,4505.2554
03/25/2025 01:00:00,EDT,N.Y.C.,61761,4322.9057
03/25/2025 02:00:00,EDT,N.Y.C.,61761,4213.6004
03/25/2025 03:00:00,EDT,N.Y.C.,61761,4155.3767
03/25/2025 04:00:00,EDT,N.Y.C.,61761,4195.74
03/25/2025 05:00:00,EDT,N.Y.C.,61761,4411.9415
03/25/2025 06:00:00,EDT,N.Y.C.,61761,4842.4194
03/25/2025 07:00:00,EDT,N.Y.C.,61761,5252.6808
03/25/2025 08:00:00,EDT,N.Y.C.,61761,5460.0109
03/25/2025 09:00:00,EDT,N.Y.C.,61761,5492.6001
03/25/2025 10:00:00,EDT,N.Y.C.,61761,5453.2317
03/25/2025 11:00:00,EDT,N.Y.C.,61761,5413.2863
03/25/2025 12:00:00,EDT,N.Y.C.,61761,5399.1897
03/25/2025 13:00:00,EDT,N.Y.C.,61761,5389.7929
03/25/2025 14:00:00,EDT,N.Y.C.,61761,5349.1769
03/25/2025 15:00:00,EDT,N.Y.C.,61761,5396.9469
03/25/2025 16:00:00,EDT,N.Y.C.,61761,5473.8673
03/25/2025 17:00:00,EDT,N.Y.C.,61761,5533.6216
03/25/2025 18:00:00,EDT,N.Y.C.,61761,5494.8879
03/25/2025 19:00:00,EDT,N.Y.C.,61761,5531.58
03/25/2025 20:00:00,EDT,N.Y.C.,61761,5417.9479
03/25/2025 21:00:00,EDT,N.Y.C.,61761,5228.5277
03/25/2025 22:00:00,EDT,N.Y.C.,61761,4950.2589
03/25/2025 23:00:00,EDT,N.Y.C.,61761,4643.949
03/26/2025 00:00:00,EDT,N.Y.C.,61761,4404.2869
03/26/2025 01:00:00,EDT,N.Y.C.,61761,4230.5963
03/26/2025 02:00:00,EDT,N.Y.C.,61761,4130.5675
03/26/2025 03:00:00,EDT,N.Y.C.,61761,4090.2039
03/26/2025 04:00:00,EDT,N.Y.C.,61761,4146.2387
03/26/2025 05:00:00,EDT,N.Y.C.,61761,4376.6519
03/26/2025 06:00:00,EDT,N.Y.C.,61761,4828.2057
03/26/2025 07:00:00,EDT,N.Y.C.,61761,5255.7875
03/26/2025 08:00:00,EDT,N.Y.C.,61761,5458.6074
03/26/2025 09:00:00,EDT,N.Y.C.,61761,5537.6583
03/26/2025 10:00:00,EDT,N.Y.C.,61761,5557.6151
03/26/2025 11:00:00,EDT,N.Y.C.,61761,5547.5079
03/26/2025 12:00:00,EDT,N.Y.C.,61761,5485.5199
03/26/2025 13:00:00,EDT,N.Y.C.,61761,5528.9955
03/26/2025 14:00:00,EDT,N.Y.C.,61761,5631.9018
03/26/2025 15:00:00,EDT,N.Y.C.,61761,5603.0722
03/26/2025 16:00:00,EDT,N.Y.C.,61761,5716.7325
03/26/2025 17:00:00,EDT,N.Y.C.,61761,5712.1957
03/26/2025 18:00:00,EDT,N.Y.C.,61761,5652.4528
03/26/2025 19:00:00,EDT,N.Y.C.,61761,5673.43
03/26/2025 20:00:00,EDT,N.Y.C.,61761,5585.2237
03/26/2025 21:00:00,EDT,N.Y.C.,61761,5408.1432
03/26/2025 22:00:00,EDT,N.Y.C.,61761,5126.3545
03/26/2025 23:00:00,EDT,N.Y.C.,61761,4820.1874
03/27/2025 00:00:00,EDT,N.Y.C.,61761,4574.9624
03/27/2025 01:00:00,EDT,N.Y.C.,61761,4426.33
03/27/2025 02:00:00,EDT,N.Y.C.,61761,4332.9058
03/27/2025 03:00:00,EDT,N.Y.C.,61761,4292.0345
03/27/2025 04:00:00,EDT,N.Y.C.,61761,4346.6772
03/27/2025 05:00:00,EDT,N.Y.C.,61761,4582.9314
03/27/2025 06:00:00,EDT,N.Y.C.,61761,5031.0561
03/27/2025 07:00:00,EDT,N.Y.C.,61761,5422.3828
03/27/2025 08:00:00,EDT,N.Y.C.,61761,5623.0734
03/27/2025 09:00:00,EDT,N.Y.C.,61761,5681.609
03/27/2025 10:00:00,EDT,N.Y.C.,61761,5651.6787
03/27/2025 11:00:00,EDT,N.Y.C.,61761,5613.3551
03/27/2025 12:00:00,EDT,N.Y.C.,61761,5565.3459
03/27/2025 13:00:00,EDT,N.Y.C.,61761,5522.2522
03/27/2025 14:00:00,EDT,N.Y.C.,61761,5486.4408
03/27/2025 15:00:00,EDT,N.Y.C.,61761,5495.3998
03/27/2025 16:00:00,EDT,N.Y.C.,61761,5562.526
03/27/2025 17:00:00,EDT,N.Y.C.,61761,5623.7355
03/27/2025 18:00:00,EDT,N.Y.C.,61761,5590.3429
03/27/2025 19:00:00,EDT,N.Y.C.,61761,5610.2503
03/27/2025 20:00:00,EDT,N.Y.C.,61761,5526.7467
03/27/2025 21:00:00,EDT,N.Y.C.,61761,5335.709
03/27/2025 22:00:00,EDT,N.Y.C.,61761,5062.1948
03/27/2025 23:00:00,EDT,N.Y.C.,61761,4775.5435
03/28/2025 00:00:00,EDT,N.Y.C.,61761,4523.0933
03/28/2025 01:00:00,EDT,N.Y.C.,61761,4355.0114
03/28/2025 02:00:00,EDT,N.Y.C.,61761,4235.6216
03/28/2025 03:00:00,EDT,N.Y.C.,61761,4167.8395
03/28/2025 04:00:00,EDT,N.Y.C.,61761,4199.7338
03/28/2025 05:00:00,EDT,N.Y.C.,61761,4416.3885
03/28/2025 06:00:00,EDT,N.Y.C.,61761,4817.3072
03/28/2025 07:00:00,EDT,N.Y.C.,61761,5173.9201
03/28/2025 08:00:00,EDT,N.Y.C.,61761,5398.4671
03/28/2025 09:00:00,EDT,N.Y.C.,61761,5490.4979
03/28/2025 10:00:00,EDT,N.Y.C.,61761,5412.5081
03/28/2025 11:00:00,EDT,N.Y.C.,61761,5420.2463
03/28/2025 12:00:00,EDT,N.Y.C.,61761,5448.797
03/28/2025 13:00:00,EDT,N.Y.C.,61761,5418.7426
03/28/2025 14:00:00,EDT,N.Y.C.,61761,5362.828
03/28/2025 15:00:00,EDT,N.Y.C.,61761,5426.694
03/28/2025 16:00:00,EDT,N.Y.C.,61761,5518.9023
03/28/2025 17:00:00,EDT,N.Y.C.,61761,5507.0549
03/28/2025 18:00:00,EDT,N.Y.C.,61761,5448.2262
03/28/2025 19:00:00,EDT,N.Y.C.,61761,5420.5902
03/28/2025 20:00:00,EDT,N.Y.C.,61761,5285.151
03/28/2025 21:00:00,EDT,N.Y.C.,61761,5122.6925
03/28/2025 22:00:00,EDT,N.Y.C.,61761,4902.2997
03/28/2025 23:00:00,EDT,N.Y.C.,61761,4653.9382
03/29/2025 00:00:00,EDT,N.Y.C.,61761,4423.2512
03/29/2025 01:00:00,EDT,N.Y.C.,61761,4243.6854
03/29/2025 02:00:00,EDT,N.Y.C.,61761,4116.7799
03/29/2025 03:00:00,EDT,N.Y.C.,61761,4040.2551
03/29/2025 04:00:00,EDT,N.Y.C.,61761,4021.2899
03/29/2025 05:00:00,EDT,N.Y.C.,61761,4079.8519
03/29/2025 06:00:00,EDT,N.Y.C.,61761,4221.8303
03/29/2025 07:00:00,EDT,N.Y.C.,61761,4375.5928
03/29/2025 08:00:00,EDT,N.Y.C.,61761,4550.8773
03/29/2025 09:00:00,EDT,N.Y.C.,61761,4712.3499
03/29/2025 10:00:00,EDT,N.Y.C.,61761,4728.8861
03/29/2025 11:00:00,EDT,N.Y.C.,61761,4797.2956
03/29/2025 12:00:00,EDT,N.Y.C.,61761,4861.5267
03/29/2025 13:00:00,EDT,N.Y.C.,61761,4896.9126
03/29/2025 14:00:00,EDT,N.Y.C.,61761,5051.0346
03/29/2025 15:00:00,EDT,N.Y.C.,61761,4995.8849
03/29/2025 16:00:00,EDT,N.Y.C.,61761,4999.0527
03/29/2025 17:00:00,EDT,N.Y.C.,61761,4983.5386
03/29/2025 18:00:00,EDT,N.Y.C.,61761,4985.048
03/29/2025 19:00:00,EDT,N.Y.C.,61761,5010.7441
03/29/2025 20:00:00,EDT,N.Y.C.,61761,4963.4886
03/29/2025 21:00:00,EDT,N.Y.C.,61761,4874.9575
03/29/2025 22:00:00,EDT,N.Y.C.,61761,4734.5654
03/29/2025 23:00:00,EDT,N.Y.C.,61761,4534.2215
03/30/2025 00:00:00,EDT,N.Y.C.,61761,4356.6579
03/30/2025 01:00:00,EDT,N.Y.C.,61761,4193.7469
03/30/2025 02:00:00,EDT,N.Y.C.,61761,4073.774
03/30/2025 03:00:00,EDT,N.Y.C.,61761,3995.2979
03/30/2025 04:00:00,EDT,N.Y.C.,61761,3959.5349
03/30/2025 05:00:00,EDT,N.Y.C.,61761,4010.8152
03/30/2025 06:00:00,EDT,N.Y.C.,61761,4128.5083
03/30/2025 07:00:00,EDT,N.Y.C.,61761,4282.3637
03/30/2025 08:00:00,EDT,N.Y.C.,61761,4487.7697
03/30/2025 09:00:00,EDT,N.Y.C.,61761,4677.1973
03/30/2025 10:00:00,EDT,N.Y.C.,61761,4843.6422
03/30/2025 11:00:00,EDT,N.Y.C.,61761,4952.5371
03/30/2025 12:00:00,EDT,N.Y.C.,61761,5013.8789
03/30/2025 13:00:00,EDT,N.Y.C.,61761,5011.6681
03/30/2025 14:00:00,EDT,N.Y.C.,61761,5002.3467
03/30/2025 15:00:00,EDT,N.Y.C.,61761,4962.6529
03/30/2025 16:00:00,EDT,N.Y.C.,61761,4987.746
03/30/2025 17:00:00,EDT,N.Y.C.,61761,5036.0503
03/30/2025 18:00:00,EDT,N.Y.C.,61761,5116.9757
03/30/2025 19:00:00,EDT,N.Y.C.,61761,5190.4804
03/30/2025 20:00:00,EDT,N.Y.C.,61761,5170.2372
03/30/2025 21:00:00,EDT,N.Y.C.,61761,5052.1005
03/30/2025 22:00:00,EDT,N.Y.C.,61761,4844.4749
03/30/2025 23:00:00,EDT,N.Y.C.,61761,4599.5966
03/31/2025 00:00:00,EDT,N.Y.C.,61761,4386.4839
03/31/2025 01:00:00,EDT,N.Y.C.,61761,4218.7223
03/31/2025 02:00:00,EDT,N.Y.C.,61761,4112.3848
03/31/2025 03:00:00,EDT,N.Y.C.,61761,4050.6884
03/31/2025 04:00:00,EDT,N.Y.C.,61761,4068.7151
03/31/2025 05:00:00,EDT,N.Y.C.,61761,4255.5137
03/31/2025 06:00:00,EDT,N.Y.C.,61761,4643.3468
03/31/2025 07:00:00,EDT,N.Y.C.,61761,5037.8957
03/31/2025 08:00:00,EDT,N.Y.C.,61761,5311.9258
03/31/2025 09:00:00,EDT,N.Y.C.,61761,5465.4405
03/31/2025 10:00:00,EDT,N.Y.C.,61761,5547.0303
03/31/2025 11:00:00,EDT,N.Y.C.,61761,5606.0681
03/31/2025 12:00:00,EDT,N.Y.C.,61761,5517.1719
03/31/2025 13:00:00,EDT,N.Y.C.,61761,5456.1022
03/31/2025 14:00:00,EDT,N.Y.C.,61761,5498.7907
03/31/2025 15:00:00,EDT,N.Y.C.,61761,5528.8488
03/31/2025 16:00:00,EDT,N.Y.C.,61761,5620.661
03/31/2025 17:00:00,EDT,N.Y.C.,61761,5681.7066
03/31/2025 18:00:00,EDT,N.Y.C.,61761,5597.8077
03/31/2025 19:00:00,EDT,N.Y.C.,61761,5542.6304
03/31/2025 20:00:00,EDT,N.Y.C.,61761,5391.0487
03/31/2025 21:00:00,EDT,N.Y.C.,61761,5208.0065
03/31/2025 22:00:00,EDT,N.Y.C.,61761,4960.6356
03/31/2025 23:00:00,EDT,N.Y.C.,61761,4652.3528
04/01/2025 00:00:00,EDT,N.Y.C.,61761,4382.5866
04/01/2025 01:00:00,EDT,N.Y.C.,61761,4207.9141
04/01/2025 02:00:00,EDT,N.Y.C.,61761,4083.6187
04/01/2025 03:00:00,EDT,N.Y.C.,61761,4008.9382
04/01/2025 04:00:00,EDT,N.Y.C.,61761,4032.4
04/01/2025 05:00:00,EDT,N.Y.C.,61761,4257.1821
04/01/2025 06:00:00,EDT,N.Y.C.,61761,4737.2863
04/01/2025 07:00:00,EDT,N.Y.C.,61761,5168.5302
04/01/2025 08:00:00,EDT,N.Y.C.,61761,5373.4195
04/01/2025 09:00:00,EDT,N.Y.C.,61761,5460.1183
04/01/2025 10:00:00,EDT,N.Y.C.,61761,5435.3492
04/01/2025 11:00:00,EDT,N.Y.C.,61761,5422.9969
04/01/2025 12:00:00,EDT,N.Y.C.,61761,5400.1546
04/01/2025 13:00:00,EDT,N.Y.C.,61761,5377.7723
04/01/2025 14:00:00,EDT,N.Y.C.,61761,5357.4208
04/01/2025 15:00:00,EDT,N.Y.C.,61761,5392.4517
04/01/2025 16:00:00,EDT,N.Y.C.,61761,5462.4858
04/01/2025 17:00:00,EDT,N.Y.C.,61761,5541.0607
04/01/2025 18:00:00,EDT,N.Y.C.,61761,5509.3385
04/01/2025 19:00:00,EDT,N.Y.C.,61761,5530.7219
04/01/2025 20:00:00,EDT,N.Y.C.,61761,5459.0721
04/01/2025 21:00:00,EDT,N.Y.C.,61761,5281.6609
04/01/2025 22:00:00,EDT,N.Y.C.,61761,4998.7876
04/01/2025 23:00:00,EDT,N.Y.C.,61761,4698.2371
04/02/2025 00:00:00,EDT,N.Y.C.,61761,4444.8146
04/02/2025 01:00:00,EDT,N.Y.C.,61761,4277.6506
04/02/2025 02:00:00,EDT,N.Y.C.,61761,4180.4263
04/02/2025 03:00:00,EDT,N.Y.C.,61761,4142.5841
04/02/2025 04:00:00,EDT,N.Y.C.,61761,4205.3259
04/02/2025 05:00:00,EDT,N.Y.C.,61761,4440.0984
04/02/2025 06:00:00,EDT,N.Y.C.,61761,4912.4594
04/02/2025 07:00:00,EDT,N.Y.C.,61761,5312.2664
04/02/2025 08:00:00,EDT,N.Y.C.,61761,5500.691
04/02/2025 09:00:00,EDT,N.Y.C.,61761,5579.8764
04/02/2025 10:00:00,EDT,N.Y.C.,61761,5555.353
04/02/2025 11:00:00,EDT,N.Y.C.,61761,5521.268
04/02/2025 12:00:00,EDT,N.Y.C.,61761,5488.497
04/02/2025 13:00:00,EDT,N.Y.C.,61761,5488.1247
04/02/2025 14:00:00,EDT,N.Y.C.,61761,5573.876
04/02/2025 15:00:00,EDT,N.Y.C.,61761,5673.1835
04/02/2025 16:00:00,EDT,N.Y.C.,61761,5750.4029
04/02/2025 17:00:00,EDT,N.Y.C.,61761,5808.595
04/02/2025 18:00:00,EDT,N.Y.C.,61761,5774.1669
04/02/2025 19:00:00,EDT,N.Y.C.,61761,5776.2435
04/02/2025 20:00:00,EDT,N.Y.C.,61761,5638.6484
04/02/2025 21:00:00,EDT,N.Y.C.,61761,5417.4286
04/02/2025 22:00:00,EDT,N.Y.C.,61761,5098.181
04/02/2025 23:00:00,EDT,N.Y.C.,61761,4769.9941
04/03/2025 00:00:00,EDT,N.Y.C.,61761,4488.4001
04/03/2025 01:00:00,EDT,N.Y.C.,61761,4300.9836
04/03/2025 02:00:00,EDT,N.Y.C.,61761,4195.4174
04/03/2025 03:00:00,EDT,N.Y.C.,61761,4144.2047
04/03/2025 04:00:00,EDT,N.Y.C.,61761,4171.8374
04/03/2025 05:00:00,EDT,N.Y.C.,61761,4389.8707
04/03/2025 06:00:00,EDT,N.Y.C.,61761,4821.9181
04/03/2025 07:00:00,EDT,N.Y.C.,61761,5236.0902
04/03/2025 08:00:00,EDT,N.Y.C.,61761,5522.1931
04/03/2025 09:00:00,EDT,N.Y.C.,61761,5731.4416
04/03/2025 10:00:00,EDT,N.Y.C.,61761,5779.318
04/03/2025 11:00:00,EDT,N.Y.C.,61761,5782.4714
04/03/2025 12:00:00,EDT,N.Y.C.,61761,5770.7764
04/03/2025 13:00:00,EDT,N.Y.C.,61761,5673.6977
04/03/2025 14:00:00,EDT,N.Y.C.,61761,5561.9794
04/03/2025 15:00:00,EDT,N.Y.C.,61761,5714.5714
04/03/2025 16:00:00,EDT,N.Y.C.,61761,5760.9999
04/03/2025 17:00:00,EDT,N.Y.C.,61761,5796.0835
04/03/2025 18:00:00,EDT,N.Y.C.,61761,5683.0125
04/03/2025 19:00:00,EDT,N.Y.C.,61761,5655.0025
04/03/2025 20:00:00,EDT,N.Y.C.,61761,5549.9105
04/03/2025 21:00:00,EDT,N.Y.C.,61761,5366.4044
04/03/2025 22:00:00,EDT,N.Y.C.,61761,5094.2858
04/03/2025 23:00:00,EDT,N.Y.C.,61761,4786.9662
04/04/2025 00:00:00,EDT,N.Y.C.,61761,4535.1975
04/04/2025 01:00:00,EDT,N.Y.C.,61761,4360.4164
04/04/2025 02:00:00,EDT,N.Y.C.,61761,4227.2984
04/04/2025 03:00:00,EDT,N.Y.C.,61761,4142.641
04/04/2025 04:00:00,EDT,N.Y.C.,61761,4147.9506
04/04/2025 05:00:00,EDT,N.Y.C.,61761,4300.5132
04/04/2025 06:00:00,EDT,N.Y.C.,61761,4661.5467
04/04/2025 07:00:00,EDT,N.Y.C.,61761,5094.4648
04/04/2025 08:00:00,EDT,N.Y.C.,61761,5371.3221
04/04/2025 09:00:00,EDT,N.Y.C.,61761,5487.5657
04/04/2025 10:00:00,EDT,N.Y.C.,61761,5512.4401
04/04/2025 11:00:00,EDT,N.Y.C.,61761,5539.1017
04/04/2025 12:00:00,EDT,N.Y.C.,61761,5509.0063
04/04/2025 13:00:00,EDT,N.Y.C.,61761,5446.063
04/04/2025 14:00:00,EDT,N.Y.C.,61761,5441.7914
04/04/2025 15:00:00,EDT,N.Y.C.,61761,5498.3978
04/04/2025 16:00:00,EDT,N.Y.C.,61761,5525.0856
04/04/2025 17:00:00,EDT,N.Y.C.,61761,5539.4798
04/04/2025 18:00:00,EDT,N.Y.C.,61761,5421.4134
04/04/2025 19:00:00,EDT,N.Y.C.,61761,5362.8891
04/04/2025 20:00:00,EDT,N.Y.C.,61761,5246.0932
04/04/2025 21:00:00,EDT,N.Y.C.,61761,5066.7674
04/04/2025 22:00:00,EDT,N.Y.C.,61761,4833.5359
04/04/2025 23:00:00,EDT,N.Y.C.,61761,4575.8355
04/05/2025 00:00:00,EDT,N.Y.C.,61761,4353.8601
04/05/2025 01:00:00,EDT,N.Y.C.,61761,4159.0116
04/05/2025 02:00:00,EDT,N.Y.C.,61761,4029.0451
04/05/2025 03:00:00,EDT,N.Y.C.,61761,3954.5872
04/05/2025 04:00:00,EDT,N.Y.C.,61761,3929.5746
04/05/2025 05:00:00,EDT,N.Y.C.,61761,3986.5448
04/05/2025 06:00:00,EDT,N.Y.C.,61761,4125.6088
04/05/2025 07:00:00,EDT,N.Y.C.,61761,4313.5076
04/05/2025 08:00:00,EDT,N.Y.C.,61761,4529.6873
04/05/2025 09:00:00,EDT,N.Y.C.,61761,4732.2504
04/05/2025 10:00:00,EDT,N.Y.C.,61761,4891.9961
04/05/2025 11:00:00,EDT,N.Y.C.,61761,5021.7414
04/05/2025 12:00:00,EDT,N.Y.C.,61761,5071.007
04/05/2025 13:00:00,EDT,N.Y.C.,61761,5070.9176
04/05/2025 14:00:00,EDT,N.Y.C.,61761,5062.7194
04/05/2025 15:00:00,EDT,N.Y.C.,61761,5083.5432
04/05/2025 16:00:00,EDT,N.Y.C.,61761,5116.7419
04/05/2025 17:00:00,EDT,N.Y.C.,61761,5138.2215
04/05/2025 18:00:00,EDT,N.Y.C.,61761,5129.4885
04/05/2025 19:00:00,EDT,N.Y.C.,61761,5142.6953
04/05/2025 20:00:00,EDT,N.Y.C.,61761,5092.0989
04/05/2025 21:00:00,EDT,N.Y.C.,61761,5000.0561
04/05/2025 22:00:00,EDT,N.Y.C.,61761,4828.4908
04/05/2025 23:00:00,EDT,N.Y.C.,61761,4633.5002
04/06/2025 00:00:00,EDT,N.Y.C.,61761,4441.3031
04/06/2025 01:00:00,EDT,N.Y.C.,61761,4271.5999
04/06/2025 02:00:00,EDT,N.Y.C.,61761,4142.8138
04/06/2025 03:00:00,EDT,N.Y.C.,61761,4050.5107
04/06/2025 04:00:00,EDT,N.Y.C.,61761,3993.6187
04/06/2025 05:00:00,EDT,N.Y.C.,61761,4022.1307
04/06/2025 06:00:00,EDT,N.Y.C.,61761,4113.681
04/06/2025 07:00:00,EDT,N.Y.C.,61761,4260.253
04/06/2025 08:00:00,EDT,N.Y.C.,61761,4475.6028
04/06/2025 09:00:00,EDT,N.Y.C.,61761,4657.135
04/06/2025 10:00:00,EDT,N.Y.C.,61761,4838.223
04/06/2025 11:00:00,EDT,N.Y.C.,61761,4940.1309
04/06/2025 12:00:00,EDT,N.Y.C.,61761,4981.8936
04/06/2025 13:00:00,EDT,N.Y.C.,61761,4979.3461
04/06/2025 14:00:00,EDT,N.Y.C.,61761,4951.4551
04/06/2025 15:00:00,EDT,N.Y.C.,61761,4920.9688
04/06/2025 16:00:00,EDT,N.Y.C.,61761,4889.106
04/06/2025 17:00:00,EDT,N.Y.C.,61761,4953.0091
04/06/2025 18:00:00,EDT,N.Y.C.,61761,5033.8017
04/06/2025 19:00:00,EDT,N.Y.C.,61761,5108.0502
04/06/2025 20:00:00,EDT,N.Y.C.,61761,5108.5354
04/06/2025 21:00:00,EDT,N.Y.C.,61761,4978.6608
04/06/2025 22:00:00,EDT,N.Y.C.,61761,4759.3935
04/06/2025 23:00:00,EDT,N.Y.C.,61761,4504.0284
04/07/2025 00:00:00,EDT,N.Y.C.,61761,4292.548
04/07/2025 01:00:00,EDT,N.Y.C.,61761,4134.185
04/07/2025 02:00:00,EDT,N.Y.C.,61761,4041.2474
04/07/2025 03:00:00,EDT,N.Y.C.,61761,4001.142
04/07/2025 04:00:00,EDT,N.Y.C.,61761,4064.6228
04/07/2025 05:00:00,EDT,N.Y.C.,61761,4309.8521
04/07/2025 06:00:00,EDT,N.Y.C.,61761,4768.2761
04/07/2025 07:00:00,EDT,N.Y.C.,61761,5221.0571
04/07/2025 08:00:00,EDT,N.Y.C.,61761,5542.1778
04/07/2025 09:00:00,EDT,N.Y.C.,61761,5722.1499
04/07/2025 10:00:00,EDT,N.Y.C.,61761,5830.7718
04/07/2025 11:00:00,EDT,N.Y.C.,61761,5905.1285
04/07/2025 12:00:00,EDT,N.Y.C.,61761,5932.6375
04/07/2025 13:00:00,EDT,N.Y.C.,61761,5936.7667
04/07/2025 14:00:00,EDT,N.Y.C.,61761,5958.8025
04/07/2025 15:00:00,EDT,N.Y.C.,61761,5948.1739
04/07/2025 16:00:00,EDT,N.Y.C.,61761,5976.9257
04/07/2025 17:00:00,EDT,N.Y.C.,61761,5970.4386
04/07/2025 18:00:00,EDT,N.Y.C.,61761,5854.7002
04/07/2025 19:00:00,EDT,N.Y.C.,61761,5779.1122
04/07/2025 20:00:00,EDT,N.Y.C.,61761,5643.4217
04/07/2025 21:00:00,EDT,N.Y.C.,61761,5414.8487
04/07/2025 22:00:00,EDT,N.Y.C.,61761,5103.7141
04/07/2025 23:00:00,EDT,N.Y.C.,61761,4772.6186
04/08/2025 00:00:00,EDT,N.Y.C.,61761,4493.4651
04/08/2025 01:00:00,EDT,N.Y.C.,61761,4300.1582
04/08/2025 02:00:00,EDT,N.Y.C.,61761,4188.612
04/08/2025 03:00:00,EDT,N.Y.C.,61761,4139.0551
04/08/2025 04:00:00,EDT,N.Y.C.,61761,4189.5554
04/08/2025 05:00:00,EDT,N.Y.C.,61761,4413.737
04/08/2025 06:00:00,EDT,N.Y.C.,61761,4863.8074
04/08/2025 07:00:00,EDT,N.Y.C.,61761,5290.7789
04/08/2025 08:00:00,EDT,N.Y.C.,61761,5520.5891
04/08/2025 09:00:00,EDT,N.Y.C.,61761,5555.9454
04/08/2025 10:00:00,EDT,N.Y.C.,61761,5540.3481
04/08/2025 11:00:00,EDT,N.Y.C.,61761,5536.0645
04/08/2025 12:00:00,EDT,N.Y.C.,61761,5570.1521
04/08/2025 13:00:00,EDT,N.Y.C.,61761,5570.6593
04/08/2025 14:00:00,EDT,N.Y.C.,61761,5559.1226
04/08/2025 15:00:00,EDT,N.Y.C.,61761,5576.3943
04/08/2025 16:00:00,EDT,N.Y.C.,61761,5636.8422
04/08/2025 17:00:00,EDT,N.Y.C.,61761,5718.9882
04/08/2025 18:00:00,EDT,N.Y.C.,61761,5694.0561
04/08/2025 19:00:00,EDT,N.Y.C.,61761,5747.6606
04/08/2025 20:00:00,EDT,N.Y.C.,61761,5729.3541
04/08/2025 21:00:00,EDT,N.Y.C.,61761,5551.1447
04/08/2025 22:00:00,EDT,N.Y.C.,61761,5264.0517
04/08/2025 23:00:00,EDT,N.Y.C.,61761,4953.9497
04/09/2025 00:00:00,EDT,N.Y.C.,61761,4693.6916
04/09/2025 01:00:00,EDT,N.Y.C.,61761,4515.4466
04/09/2025 02:00:00,EDT,N.Y.C.,61761,4411.4744
04/09/2025 03:00:00,EDT,N.Y.C.,61761,4345.7269
04/09/2025 04:00:00,EDT,N.Y.C.,61761,4396.3606
04/09/2025 05:00:00,EDT,N.Y.C.,61761,4652.6286
04/09/2025 06:00:00,EDT,N.Y.C.,61761,5119.8754
04/09/2025 07:00:00,EDT,N.Y.C.,61761,5527.4519
04/09/2025 08:00:00,EDT,N.Y.C.,61761,5695.168
04/09/2025 09:00:00,EDT,N.Y.C.,61761,5755.261
04/09/2025 10:00:00,EDT,N.Y.C.,61761,5732.9362
04/09/2025 11:00:00,EDT,N.Y.C.,61761,5703.0127
04/09/2025 12:00:00,EDT,N.Y.C.,61761,5649.8182
04/09/2025 13:00:00,EDT,N.Y.C.,61761,5591.8566
04/09/2025 14:00:00,EDT,N.Y.C.,61761,5533.9766
04/09/2025 15:00:00,EDT,N.Y.C.,61761,5532.9166
04/09/2025 16:00:00,EDT,N.Y.C.,61761,5586.8756
04/09/2025 17:00:00,EDT,N.Y.C.,61761,5648.9658
04/09/2025 18:00:00,EDT,N.Y.C.,61761,5619.0863
04/09/2025 19:00:00,EDT,N.Y.C.,61761,5680.8172
04/09/2025 20:00:00,EDT,N.Y.C.,61761,5656.1701
04/09/2025 21:00:00,EDT,N.Y.C.,61761,5476.4174
04/09/2025 22:00:00,EDT,N.Y.C.,61761,5181.9703
04/09/2025 23:00:00,EDT,N.Y.C.,61761,4844.8202
04/10/2025 00:00:00,EDT,N.Y.C.,61761,4568.1744
04/10/2025 01:00:00,EDT,N.Y.C.,61761,4389.8566
04/10/2025 02:00:00,EDT,N.Y.C.,61761,4277.7708
04/10/2025 03:00:00,EDT,N.Y.C.,61761,4208.9298
04/10/2025 04:00:00,EDT,N.Y.C.,61761,4234.9146
04/10/2025 05:00:00,EDT,N.Y.C.,61761,4453.0691
04/10/2025 06:00:00,EDT,N.Y.C.,61761,4900.1067
04/10/2025 07:00:00,EDT,N.Y.C.,61761,5281.2597
04/10/2025 08:00:00,EDT,N.Y.C.,61761,5537.0238
04/10/2025 09:00:00,EDT,N.Y.C.,61761,5594.2998
04/10/2025 10:00:00,EDT,N.Y.C.,61761,5540.625
04/10/2025 11:00:00,EDT,N.Y.C.,61761,5509.3461
04/10/2025 12:00:00,EDT,N.Y.C.,61761,5483.4147
04/10/2025 13:00:00,EDT,N.Y.C.,61761,5563.8326
04/10/2025 14:00:00,EDT,N.Y.C.,61761,5644.2865
04/10/2025 15:00:00,EDT,N.Y.C.,61761,5739.9573
04/10/2025 16:00:00,EDT,N.Y.C.,61761,5826.8438
04/10/2025 17:00:00,EDT,N.Y.C.,61761,5858.4645
04/10/2025 18:00:00,EDT,N.Y.C.,61761,5767.5572
04/10/2025 19:00:00,EDT,N.Y.C.,61761,5727.2256
04/10/2025 20:00:00,EDT,N.Y.C.,61761,5611.8218
04/10/2025 21:00:00,EDT,N.Y.C.,61761,5405.5536
04/10/2025 22:00:00,EDT,N.Y.C.,61761,5115.5892
04/10/2025 23:00:00,EDT,N.Y.C.,61761,4803.636
04/11/2025 00:00:00,EDT,N.Y.C.,61761,4544.9762
04/11/2025 01:00:00,EDT,N.Y.C.,61761,4357.2759
04/11/2025 02:00:00,EDT,N.Y.C.,61761,4237.8699
04/11/2025 03:00:00,EDT,N.Y.C.,61761,4172.357
04/11/2025 04:00:00,EDT,N.Y.C.,61761,4204.0685
04/11/2025 05:00:00,EDT,N.Y.C.,61761,4410.4625
04/11/2025 06:00:00,EDT,N.Y.C.,61761,4828.2002
04/11/2025 07:00:00,EDT,N.Y.C.,61761,5246.7964
04/11/2025 08:00:00,EDT,N.Y.C.,61761,5534.9268
04/11/2025 09:00:00,EDT,N.Y.C.,61761,5719.4366
04/11/2025 10:00:00,EDT,N.Y.C.,61761,5763.1643
04/11/2025 11:00:00,EDT,N.Y.C.,61761,5817.4299
04/11/2025 12:00:00,EDT,N.Y.C.,61761,5828.0222
04/11/2025 13:00:00,EDT,N.Y.C.,61761,5782.158
04/11/2025 14:00:00,EDT,N.Y.C.,61761,5786.8483
04/11/2025 15:00:00,EDT,N.Y.C.,61761,5790.5545
04/11/2025 16:00:00,EDT,N.Y.C.,61761,5768.865
04/11/2025 17:00:00,EDT,N.Y.C.,61761,5790.7214
04/11/2025 18:00:00,EDT,N.Y.C.,61761,5722.2128
04/11/2025 19:00:00,EDT,N.Y.C.,61761,5671.537
04/11/2025 20:00:00,EDT,N.Y.C.,61761,5544.2577
04/11/2025 21:00:00,EDT,N.Y.C.,61761,5377.7519
04/11/2025 22:00:00,EDT,N.Y.C.,61761,5142.6001
04/11/2025 23:00:00,EDT,N.Y.C.,61761,4890.4635
04/12/2025 00:00:00,EDT,N.Y.C.,61761,4671.8266
04/12/2025 01:00:00,EDT,N.Y.C.,61761,4501.2478
04/12/2025 02:00:00,EDT,N.Y.C.,61761,4386.0976
04/12/2025 03:00:00,EDT,N.Y.C.,61761,4314.6347
04/12/2025 04:00:00,EDT,N.Y.C.,61761,4301.6349
04/12/2025 05:00:00,EDT,N.Y.C.,61761,4373.9928
04/12/2025 06:00:00,EDT,N.Y.C.,61761,4526.2458
04/12/2025 07:00:00,EDT,N.Y.C.,61761,4760.9617
04/12/2025 08:00:00,EDT,N.Y.C.,61761,4981.8847
04/12/2025 09:00:00,EDT,N.Y.C.,61761,5176.4102
04/12/2025 10:00:00,EDT,N.Y.C.,61761,5337.17
04/12/2025 11:00:00,EDT,N.Y.C.,61761,5432.0457
04/12/2025 12:00:00,EDT,N.Y.C.,61761,5485.1196
04/12/2025 13:00:00,EDT,N.Y.C.,61761,5467.2977
04/12/2025 14:00:00,EDT,N.Y.C.,61761,5430.7082
04/12/2025 15:00:00,EDT,N.Y.C.,61761,5426.6851
04/12/2025 16:00:00,EDT,N.Y.C.,61761,5424.9721
04/12/2025 17:00:00,EDT,N.Y.C.,61761,5442.2064
04/12/2025 18:00:00,EDT,N.Y.C.,61761,5456.2852
04/12/2025 19:00:00,EDT,N.Y.C.,61761,5466.5698
04/12/2025 20:00:00,EDT,N.Y.C.,61761,5397.4992
04/12/2025 21:00:00,EDT,N.Y.C.,61761,5290.8495
04/12/2025 22:00:00,EDT,N.Y.C.,61761,5116.7447
04/12/2025 23:00:00,EDT,N.Y.C.,61761,4903.7863
04/13/2025 00:00:00,EDT,N.Y.C.,61761,4685.7795
04/13/2025 01:00:00,EDT,N.Y.C.,61761,4506.6094
04/13/2025 02:00:00,EDT,N.Y.C.,61761,4364.4488
04/13/2025 03:00:00,EDT,N.Y.C.,61761,4276.77
04/13/2025 04:00:00,EDT,N.Y.C.,61761,4241.3205
04/13/2025 05:00:00,EDT,N.Y.C.,61761,4271.4434
04/13/2025 06:00:00,EDT,N.Y.C.,61761,4380.0497
04/13/2025 07:00:00,EDT,N.Y.C.,61761,4511.241
04/13/2025 08:00:00,EDT,N.Y.C.,61761,4682.8398
04/13/2025 09:00:00,EDT,N.Y.C.,61761,4762.5685
04/13/2025 10:00:00,EDT,N.Y.C.,61761,4786.1086
04/13/2025 11:00:00,EDT,N.Y.C.,61761,4849.9998
04/13/2025 12:00:00,EDT,N.Y.C.,61761,4817.7614
04/13/2025 13:00:00,EDT,N.Y.C.,61761,4822.0899
04/13/2025 14:00:00,EDT,N.Y.C.,61761,4843.4682
04/13/2025 15:00:00,EDT,N.Y.C.,61761,4840.0579
04/13/2025 16:00:00,EDT,N.Y.C.,61761,4897.9604
04/13/2025 17:00:00,EDT,N.Y.C.,61761,4961.4136
04/13/2025 18:00:00,EDT,N.Y.C.,61761,4984.4801
04/13/2025 19:00:00,EDT,N.Y.C.,61761,5055.2578
04/13/2025 20:00:00,EDT,N.Y.C.,61761,5115.3543
04/13/2025 21:00:00,EDT,N.Y.C.,61761,5030.7571
04/13/2025 22:00:00,EDT,N.Y.C.,61761,4850.9887
04/13/2025 23:00:00,EDT,N.Y.C.,61761,4608.8224
04/14/2025 00:00:00,EDT,N.Y.C.,61761,4397.4684
04/14/2025 01:00:00,EDT,N.Y.C.,61761,4224.0817
04/14/2025 02:00:00,EDT,N.Y.C.,61761,4121.6902
04/14/2025 03:00:00,EDT,N.Y.C.,61761,4073.737
04/14/2025 04:00:00,EDT,N.Y.C.,61761,4111.419
04/14/2025 05:00:00,EDT,N.Y.C.,61761,4308.2524
04/14/2025 06:00:00,EDT,N.Y.C.,61761,4678.3342
04/14/2025 07:00:00,EDT,N.Y.C.,61761,5002.2386
04/14/2025 08:00:00,EDT,N.Y.C.,61761,5232.8811
04/14/2025 09:00:00,EDT,N.Y.C.,61761,5390.1465
04/14/2025 10:00:00,EDT,N.Y.C.,61761,5436.6065
04/14/2025 11:00:00,EDT,N.Y.C.,61761,5539.1616
04/14/2025 12:00:00,EDT,N.Y.C.,61761,5478.1735
04/14/2025 13:00:00,EDT,N.Y.C.,61761,5411.7897
04/14/2025 14:00:00,EDT,N.Y.C.,61761,5288.5237
04/14/2025 15:00:00,EDT,N.Y.C.,61761,5286.6336
04/14/2025 16:00:00,EDT,N.Y.C.,61761,5358.2199
04/14/2025 17:00:00,EDT,N.Y.C.,61761,5407.747
04/14/2025 18:00:00,EDT,N.Y.C.,61761,5342.6855
04/14/2025 19:00:00,EDT,N.Y.C.,61761,5349.488
04/14/2025 20:00:00,EDT,N.Y.C.,61761,5308.6511
04/14/2025 21:00:00,EDT,N.Y.C.,61761,5157.6139
04/14/2025 22:00:00,EDT,N.Y.C.,61761,4888.4079
04/14/2025 23:00:00,EDT,N.Y.C.,61761,4589.6008
04/15/2025 00:00:00,EDT,N.Y.C.,61761,4338.463
04/15/2025 01:00:00,EDT,N.Y.C.,61761,4153.7015
04/15/2025 02:00:00,EDT,N.Y.C.,61761,4034.74
04/15/2025 03:00:00,EDT,N.Y.C.,61761,3964.112
04/15/2025 04:00:00,EDT,N.Y.C.,61761,3981.8297
04/15/2025 05:00:00,EDT,N.Y.C.,61761,4171.3019
04/15/2025 06:00:00,EDT,N.Y.C.,61761,4563.705
04/15/2025 07:00:00,EDT,N.Y.C.,61761,4960.1518
04/15/2025 08:00:00,EDT,N.Y.C.,61761,5253.3767
04/15/2025 09:00:00,EDT,N.Y.C.,61761,5388.4695
04/15/2025 10:00:00,EDT,N.Y.C.,61761,5444.5546
04/15/2025 11:00:00,EDT,N.Y.C.,61761,5526.2613
04/15/2025 12:00:00,EDT,N.Y.C.,61761,5469.211
04/15/2025 13:00:00,EDT,N.Y.C.,61761,5303.3473
04/15/2025 14:00:00,EDT,N.Y.C.,61761,5366.0237
04/15/2025 15:00:00,EDT,N.Y.C.,61761,5424.8182
04/15/2025 16:00:00,EDT,N.Y.C.,61761,5429.6661
04/15/2025 17:00:00,EDT,N.Y.C.,61761,5364.6973
04/15/2025 18:00:00,EDT,N.Y.C.,61761,5296.885
04/15/2025 19:00:00,EDT,N.Y.C.,61761,5277.761
04/15/2025 20:00:00,EDT,N.Y.C.,61761,5250.026
04/15/2025 21:00:00,EDT,N.Y.C.,61761,5098.6809
04/15/2025 22:00:00,EDT,N.Y.C.,61761,4863.5773
04/15/2025 23:00:00,EDT,N.Y.C.,61761,4579.6873
04/16/2025 00:00:00,EDT,N.Y.C.,61761,4342.4431
04/16/2025 01:00:00,EDT,N.Y.C.,61761,4160.7354
04/16/2025 02:00:00,EDT,N.Y.C.,61761,4042.2543
04/16/2025 03:00:00,EDT,N.Y.C.,61761,3986.7125
04/16/2025 04:00:00,EDT,N.Y.C.,61761,4015.1963
04/16/2025 05:00:00,EDT,N.Y.C.,61761,4216.6243
04/16/2025 06:00:00,EDT,N.Y.C.,61761,4615.6098
04/16/2025 07:00:00,EDT,N.Y.C.,61761,4978.1968
04/16/2025 08:00:00,EDT,N.Y.C.,61761,5262.8634
04/16/2025 09:00:00,EDT,N.Y.C.,61761,5410.8063
04/16/2025 10:00:00,EDT,N.Y.C.,61761,5498.8354
04/16/2025 11:00:00,EDT,N.Y.C.,61761,5481.6154
04/16/2025 12:00:00,EDT,N.Y.C.,61761,5523.0313
04/16/2025 13:00:00,EDT,N.Y.C.,61761,5539.4069
04/16/2025 14:00:00,EDT,N.Y.C.,61761,5517.0845
04/16/2025 15:00:00,EDT,N.Y.C.,61761,5514.0984
04/16/2025 16:00:00,EDT,N.Y.C.,61761,5566.3686
04/16/2025 17:00:00,EDT,N.Y.C.,61761,5589.1959
04/16/2025 18:00:00,EDT,N.Y.C.,61761,5517.361
04/16/2025 19:00:00,EDT,N.Y.C.,61761,5504.1875
04/16/2025 20:00:00,EDT,N.Y.C.,61761,5439.1419
04/16/2025 21:00:00,EDT,N.Y.C.,61761,5283.4948
04/16/2025 22:00:00,EDT,N.Y.C.,61761,5017.0932
04/16/2025 23:00:00,EDT,N.Y.C.,61761,4718.9931
04/17/2025 00:00:00,EDT,N.Y.C.,61761,4478.9077
04/17/2025 01:00:00,EDT,N.Y.C.,61761,4310.2916
04/17/2025 02:00:00,EDT,N.Y.C.,61761,4188.9031
04/17/2025 03:00:00,EDT,N.Y.C.,61761,4123.9377
04/17/2025 04:00:00,EDT,N.Y.C.,61761,4152.2846
04/17/2025 05:00:00,EDT,N.Y.C.,61761,4346.1103
04/17/2025 06:00:00,EDT,N.Y.C.,61761,4696.4959
04/17/2025 07:00:00,EDT,N.Y.C.,61761,5027.1282
04/17/2025 08:00:00,EDT,N.Y.C.,61761,5246.7705
04/17/2025 09:00:00,EDT,N.Y.C.,61761,5298.8212
04/17/2025 10:00:00,EDT,N.Y.C.,61761,5293.1234
04/17/2025 11:00:00,EDT,N.Y.C.,61761,5285.3611
04/17/2025 12:00:00,EDT,N.Y.C.,61761,5269.0933
04/17/2025 13:00:00,EDT,N.Y.C.,61761,5241.1673
04/17/2025 14:00:00,EDT,N.Y.C.,61761,5218.4967
04/17/2025 15:00:00,EDT,N.Y.C.,61761,5226.8657
04/17/2025 16:00:00,EDT,N.Y.C.,61761,5291.3728
04/17/2025 17:00:00,EDT,N.Y.C.,61761,5331.3213
04/17/2025 18:00:00,EDT,N.Y.C.,61761,5262.1411
04/17/2025 19:00:00,EDT,N.Y.C.,61761,5183.9606
04/17/2025 20:00:00,EDT,N.Y.C.,61761,5140.0131
04/17/2025 21:00:00,EDT,N.Y.C.,61761,4994.7721
04/17/2025 22:00:00,EDT,N.Y.C.,61761,4761.1985
04/17/2025 23:00:00,EDT,N.Y.C.,61761,4486.752
04/18/2025 00:00:00,EDT,N.Y.C.,61761,4256.4729
04/18/2025 01:00:00,EDT,N.Y.C.,61761,4085.0424
04/18/2025 02:00:00,EDT,N.Y.C.,61761,3962.3784
04/18/2025 03:00:00,EDT,N.Y.C.,61761,3902.2959
04/18/2025 04:00:00,EDT,N.Y.C.,61761,3914.2209
04/18/2025 05:00:00,EDT,N.Y.C.,61761,4080.495
04/18/2025 06:00:00,EDT,N.Y.C.,61761,4377.5156
04/18/2025 07:00:00,EDT,N.Y.C.,61761,4649.6625
04/18/2025 08:00:00,EDT,N.Y.C.,61761,4857.7946
04/18/2025 09:00:00,EDT,N.Y.C.,61761,4932.6048
04/18/2025 10:00:00,EDT,N.Y.C.,61761,4953.7287
04/18/2025 11:00:00,EDT,N.Y.C.,61761,4967.2074
04/18/2025 12:00:00,EDT,N.Y.C.,61761,4977.7113
04/18/2025 13:00:00,EDT,N.Y.C.,61761,4971.2106
04/18/2025 14:00:00,EDT,N.Y.C.,61761,5022.8337
04/18/2025 15:00:00,EDT,N.Y.C.,61761,5063.7636
04/18/2025 16:00:00,EDT,N.Y.C.,61761,5170.0664
04/18/2025 17:00:00,EDT,N.Y.C.,61761,5238.7976
04/18/2025 18:00:00,EDT,N.Y.C.,61761,5146.4225
04/18/2025 19:00:00,EDT,N.Y.C.,61761,5094.3872
04/18/2025 20:00:00,EDT,N.Y.C.,61761,5046.1806
04/18/2025 21:00:00,EDT,N.Y.C.,61761,4906.7211
04/18/2025 22:00:00,EDT,N.Y.C.,61761,4702.2309
04/18/2025 23:00:00,EDT,N.Y.C.,61761,4462.8867
04/19/2025 00:00:00,EDT,N.Y.C.,61761,4269.8552
04/19/2025 01:00:00,EDT,N.Y.C.,61761,4090.8442
04/19/2025 02:00:00,EDT,N.Y.C.,61761,3967.5417
04/19/2025 03:00:00,EDT,N.Y.C.,61761,3894.1335
04/19/2025 04:00:00,EDT,N.Y.C.,61761,3870.6833
04/19/2025 05:00:00,EDT,N.Y.C.,61761,3930.0788
04/19/2025 06:00:00,EDT,N.Y.C.,61761,4062.7971
04/19/2025 07:00:00,EDT,N.Y.C.,61761,4213.0117
04/19/2025 08:00:00,EDT,N.Y.C.,61761,4451.7523
04/19/2025 09:00:00,EDT,N.Y.C.,61761,4633.2399
04/19/2025 10:00:00,EDT,N.Y.C.,61761,4741.2979
04/19/2025 11:00:00,EDT,N.Y.C.,61761,4705.7855
04/19/2025 12:00:00,EDT,N.Y.C.,61761,4764.341
04/19/2025 13:00:00,EDT,N.Y.C.,61761,4849.785
04/19/2025 14:00:00,EDT,N.Y.C.,61761,4866.6326
04/19/2025 15:00:00,EDT,N.Y.C.,61761,4983.6197
04/19/2025 16:00:00,EDT,N.Y.C.,61761,5046.2909
04/19/2025 17:00:00,EDT,N.Y.C.,61761,5160.9668
04/19/2025 18:00:00,EDT,N.Y.C.,61761,5165.2781
04/19/2025 19:00:00,EDT,N.Y.C.,61761,5151.1249
04/19/2025 20:00:00,EDT,N.Y.C.,61761,5152.1414
04/19/2025 21:00:00,EDT,N.Y.C.,61761,5077.7009
04/19/2025 22:00:00,EDT,N.Y.C.,61761,4933.0159
04/19/2025 23:00:00,EDT,N.Y.C.,61761,4734.0863
04/20/2025 00:00:00,EDT,N.Y.C.,61761,4535.8027
04/20/2025 01:00:00,EDT,N.Y.C.,61761,4355.6124
04/20/2025 02:00:00,EDT,N.Y.C.,61761,4207.0939
04/20/2025 03:00:00,EDT,N.Y.C.,61761,4115.6891
04/20/2025 04:00:00,EDT,N.Y.C.,61761,4045.4485
04/20/2025 05:00:00,EDT,N.Y.C.,61761,4018.4232
04/20/2025 06:00:00,EDT,N.Y.C.,61761,4037.8222
04/20/2025 07:00:00,EDT,N.Y.C.,61761,4115.1241
04/20/2025 08:00:00,EDT,N.Y.C.,61761,4202.1487
04/20/2025 09:00:00,EDT,N.Y.C.,61761,4269.5938
04/20/2025 10:00:00,EDT,N.Y.C.,61761,4334.0057
04/20/2025 11:00:00,EDT,N.Y.C.,61761,4361.7185
04/20/2025 12:00:00,EDT,N.Y.C.,61761,4397.8286
04/20/2025 13:00:00,EDT,N.Y.C.,61761,4399.7185
04/20/2025 14:00:00,EDT,N.Y.C.,61761,4431.4898
04/20/2025 15:00:00,EDT,N.Y.C.,61761,4485.853
04/20/2025 16:00:00,EDT,N.Y.C.,61761,4558.5637
04/20/2025 17:00:00,EDT,N.Y.C.,61761,4647.4394
04/20/2025 18:00:00,EDT,N.Y.C.,61761,4712.94
04/20/2025 19:00:00,EDT,N.Y.C.,61761,4777.0532
04/20/2025 20:00:00,EDT,N.Y.C.,61761,4830.3706
04/20/2025 21:00:00,EDT,N.Y.C.,61761,4752.4936
04/20/2025 22:00:00,EDT,N.Y.C.,61761,4580.0958
04/20/2025 23:00:00,EDT,N.Y.C.,61761,4345.2594
04/21/2025 00:00:00,EDT,N.Y.C.,61761,4156.44
04/21/2025 01:00:00,EDT,N.Y.C.,61761,3992.7466
04/21/2025 02:00:00,EDT,N.Y.C.,61761,3883.3574
04/21/2025 03:00:00,EDT,N.Y.C.,61761,3816.5579
04/21/2025 04:00:00,EDT,N.Y.C.,61761,3842.8092
04/21/2025 05:00:00,EDT,N.Y.C.,61761,4043.7826
04/21/2025 06:00:00,EDT,N.Y.C.,61761,4416.0815
04/21/2025 07:00:00,EDT,N.Y.C.,61761,4801.9072
04/21/2025 08:00:00,EDT,N.Y.C.,61761,5070.9446
04/21/2025 09:00:00,EDT,N.Y.C.,61761,5206.7427
04/21/2025 10:00:00,EDT,N.Y.C.,61761,5280.9645
04/21/2025 11:00:00,EDT,N.Y.C.,61761,5179.1797
04/21/2025 12:00:00,EDT,N.Y.C.,61761,5273.7888
04/21/2025 13:00:00,EDT,N.Y.C.,61761,5243.7373
04/21/2025 14:00:00,EDT,N.Y.C.,61761,5277.4394
04/21/2025 15:00:00,EDT,N.Y.C.,61761,5381.0769
04/21/2025 16:00:00,EDT,N.Y.C.,61761,5425.9918
04/21/2025 17:00:00,EDT,N.Y.C.,61761,5462.8337
04/21/2025 18:00:00,EDT,N.Y.C.,61761,5393.5864
04/21/2025 19:00:00,EDT,N.Y.C.,61761,5343.2673
04/21/2025 20:00:00,EDT,N.Y.C.,61761,5239.8623
04/21/2025 21:00:00,EDT,N.Y.C.,61761,5039.7939
04/21/2025 22:00:00,EDT,N.Y.C.,61761,4748.1916
04/21/2025 23:00:00,EDT,N.Y.C.,61761,4429.0274
04/22/2025 00:00:00,EDT,N.Y.C.,61761,4187.298
04/22/2025 01:00:00,EDT,N.Y.C.,61761,4000.7369
04/22/2025 02:00:00,EDT,N.Y.C.,61761,3904.2654
04/22/2025 03:00:00,EDT,N.Y.C.,61761,3849.1887
04/22/2025 04:00:00,EDT,N.Y.C.,61761,3882.5729
04/22/2025 05:00:00,EDT,N.Y.C.,61761,4082.546
04/22/2025 06:00:00,EDT,N.Y.C.,61761,4480.5414
04/22/2025 07:00:00,EDT,N.Y.C.,61761,4934.4849
04/22/2025 08:00:00,EDT,N.Y.C.,61761,5181.0121
04/22/2025 09:00:00,EDT,N.Y.C.,61761,5279.8582
04/22/2025 10:00:00,EDT,N.Y.C.,61761,5291.9227
04/22/2025 11:00:00,EDT,N.Y.C.,61761,5384.983
04/22/2025 12:00:00,EDT,N.Y.C.,61761,5485.1375
04/22/2025 13:00:00,EDT,N.Y.C.,61761,5553.8789
04/22/2025 14:00:00,EDT,N.Y.C.,61761,5619.7944
04/22/2025 15:00:00,EDT,N.Y.C.,61761,5757.0495
04/22/2025 16:00:00,EDT,N.Y.C.,61761,5848.5095
04/22/2025 17:00:00,EDT,N.Y.C.,61761,5808.4501
04/22/2025 18:00:00,EDT,N.Y.C.,61761,5625.4944
04/22/2025 19:00:00,EDT,N.Y.C.,61761,5524.4388
04/22/2025 20:00:00,EDT,N.Y.C.,61761,5426.1004
04/22/2025 21:00:00,EDT,N.Y.C.,61761,5216.7703
04/22/2025 22:00:00,EDT,N.Y.C.,61761,4929.9459
04/22/2025 23:00:00,EDT,N.Y.C.,61761,4612.204
04/23/2025 00:00:00,EDT,N.Y.C.,61761,4330.1812
04/23/2025 01:00:00,EDT,N.Y.C.,61761,4143.9655
04/23/2025 02:00:00,EDT,N.Y.C.,61761,3983.5676
04/23/2025 03:00:00,EDT,N.Y.C.,61761,3903.0877
04/23/2025 04:00:00,EDT,N.Y.C.,61761,3906.2661
04/23/2025 05:00:00,EDT,N.Y.C.,61761,4084.5297
04/23/2025 06:00:00,EDT,N.Y.C.,61761,4471.5579
04/23/2025 07:00:00,EDT,N.Y.C.,61761,4882.8505
04/23/2025 08:00:00,EDT,N.Y.C.,61761,5117.5658
04/23/2025 09:00:00,EDT,N.Y.C.,61761,5252.1648
04/23/2025 10:00:00,EDT,N.Y.C.,61761,5287.7862
04/23/2025 11:00:00,EDT,N.Y.C.,61761,5319.4945
04/23/2025 12:00:00,EDT,N.Y.C.,61761,5351.7988
04/23/2025 13:00:00,EDT,N.Y.C.,61761,5393.2986
04/23/2025 14:00:00,EDT,N.Y.C.,61761,5443.3766
04/23/2025 15:00:00,EDT,N.Y.C.,61761,5546.4939
04/23/2025 16:00:00,EDT,N.Y.C.,61761,5620.3371
04/23/2025 17:00:00,EDT,N.Y.C.,61761,5613.309
04/23/2025 18:00:00,EDT,N.Y.C.,61761,5466.9787
04/23/2025 19:00:00,EDT,N.Y.C.,61761,5381.0594
04/23/2025 20:00:00,EDT,N.Y.C.,61761,5301.6175
04/23/2025 21:00:00,EDT,N.Y.C.,61761,5124.8525
04/23/2025 22:00:00,EDT,N.Y.C.,61761,4838.1791
04/23/2025 23:00:00,EDT,N.Y.C.,61761,4522.1073
04/24/2025 00:00:00,EDT,N.Y.C.,61761,4247.3442
04/24/2025 01:00:00,EDT,N.Y.C.,61761,4069.7689
04/24/2025 02:00:00,EDT,N.Y.C.,61761,3965.1984
04/24/2025 03:00:00,EDT,N.Y.C.,61761,3886.8596
04/24/2025 04:00:00,EDT,N.Y.C.,61761,3899.6332
04/24/2025 05:00:00,EDT,N.Y.C.,61761,4085.5808
04/24/2025 06:00:00,EDT,N.Y.C.,61761,4478.5112
04/24/2025 07:00:00,EDT,N.Y.C.,61761,4910.0241
04/24/2025 08:00:00,EDT,N.Y.C.,61761,5193.151
04/24/2025 09:00:00,EDT,N.Y.C.,61761,5338.9562
04/24/2025 10:00:00,EDT,N.Y.C.,61761,5408.161
04/24/2025 11:00:00,EDT,N.Y.C.,61761,5470.2156
04/24/2025 12:00:00,EDT,N.Y.C.,61761,5527.7042
04/24/2025 13:00:00,EDT,N.Y.C.,61761,5541.1487
04/24/2025 14:00:00,EDT,N.Y.C.,61761,5536.612
04/24/2025 15:00:00,EDT,N.Y.C.,61761,5587.4935
04/24/2025 16:00:00,EDT,N.Y.C.,61761,5737.266
04/24/2025 17:00:00,EDT,N.Y.C.,61761,5738.9825
04/24/2025 18:00:00,EDT,N.Y.C.,61761,5598.2382
04/24/2025 19:00:00,EDT,N.Y.C.,61761,5528.4722
04/24/2025 20:00:00,EDT,N.Y.C.,61761,5450.3965
04/24/2025 21:00:00,EDT,N.Y.C.,61761,5283.7846
04/24/2025 22:00:00,EDT,N.Y.C.,61761,4994.9453
04/24/2025 23:00:00,EDT,N.Y.C.,61761,4656.6045
04/25/2025 00:00:00,EDT,N.Y.C.,61761,4373.5149
04/25/2025 01:00:00,EDT,N.Y.C.,61761,4183.8126
04/25/2025 02:00:00,EDT,N.Y.C.,61761,4042.2102
04/25/2025 03:00:00,EDT,N.Y.C.,61761,3960.3057
04/25/2025 04:00:00,EDT,N.Y.C.,61761,3949.7532
04/25/2025 05:00:00,EDT,N.Y.C.,61761,4124.0009
04/25/2025 06:00:00,EDT,N.Y.C.,61761,4503.7574
04/25/2025 07:00:00,EDT,N.Y.C.,61761,4925.95
04/25/2025 08:00:00,EDT,N.Y.C.,61761,5199.4535
04/25/2025 09:00:00,EDT,N.Y.C.,61761,5366.5179
04/25/2025 10:00:00,EDT,N.Y.C.,61761,5436.8366
04/25/2025 11:00:00,EDT,N.Y.C.,61761,5503.5937
04/25/2025 12:00:00,EDT,N.Y.C.,61761,5589.2846
04/25/2025 13:00:00,EDT,N.Y.C.,61761,5642.7571
04/25/2025 14:00:00,EDT,N.Y.C.,61761,5688.4257
04/25/2025 15:00:00,EDT,N.Y.C.,61761,5731.504
04/25/2025 16:00:00,EDT,N.Y.C.,61761,5815.2432
04/25/2025 17:00:00,EDT,N.Y.C.,61761,5771.7803
04/25/2025 18:00:00,EDT,N.Y.C.,61761,5575.7117
04/25/2025 19:00:00,EDT,N.Y.C.,61761,5460.5882
04/25/2025 20:00:00,EDT,N.Y.C.,61761,5353.8079
04/25/2025 21:00:00,EDT,N.Y.C.,61761,5168.0107
04/25/2025 22:00:00,EDT,N.Y.C.,61761,4949.9739
04/25/2025 23:00:00,EDT,N.Y.C.,61761,4700.2598
04/26/2025 00:00:00,EDT,N.Y.C.,61761,4436.9178
04/26/2025 01:00:00,EDT,N.Y.C.,61761,4240.595
04/26/2025 02:00:00,EDT,N.Y.C.,61761,4102.4749
04/26/2025 03:00:00,EDT,N.Y.C.,61761,4009.7415
04/26/2025 04:00:00,EDT,N.Y.C.,61761,3968.9684
04/26/2025 05:00:00,EDT,N.Y.C.,61761,4024.7213
04/26/2025 06:00:00,EDT,N.Y.C.,61761,4162.1
04/26/2025 07:00:00,EDT,N.Y.C.,61761,4373.8537
04/26/2025 08:00:00,EDT,N.Y.C.,61761,4609.955
04/26/2025 09:00:00,EDT,N.Y.C.,61761,4792.6698
04/26/2025 10:00:00,EDT,N.Y.C.,61761,4969.8279
04/26/2025 11:00:00,EDT,N.Y.C.,61761,5118.9021
04/26/2025 12:00:00,EDT,N.Y.C.,61761,5229.4368
04/26/2025 13:00:00,EDT,N.Y.C.,61761,5244.8058
04/26/2025 14:00:00,EDT,N.Y.C.,61761,5265.0808
04/26/2025 15:00:00,EDT,N.Y.C.,61761,5268.9565
04/26/2025 16:00:00,EDT,N.Y.C.,61761,5288.8491
04/26/2025 17:00:00,EDT,N.Y.C.,61761,5283.5839
04/26/2025 18:00:00,EDT,N.Y.C.,61761,5253.4609
04/26/2025 19:00:00,EDT,N.Y.C.,61761,5257.3414
04/26/2025 20:00:00,EDT,N.Y.C.,61761,5242.5301
04/26/2025 21:00:00,EDT,N.Y.C.,61761,5055.1251
04/26/2025 22:00:00,EDT,N.Y.C.,61761,4782.0773
04/26/2025 23:00:00,EDT,N.Y.C.,61761,4498.4086
04/27/2025 00:00:00,EDT,N.Y.C.,61761,4244.3714
04/27/2025 01:00:00,EDT,N.Y.C.,61761,4048.8735
04/27/2025 02:00:00,EDT,N.Y.C.,61761,3910.3641
04/27/2025 03:00:00,EDT,N.Y.C.,61761,3817.1989
04/27/2025 04:00:00,EDT,N.Y.C.,61761,3779.0388
04/27/2025 05:00:00,EDT,N.Y.C.,61761,3806.6661
04/27/2025 06:00:00,EDT,N.Y.C.,61761,3861.14
04/27/2025 07:00:00,EDT,N.Y.C.,61761,3996.1864
04/27/2025 08:00:00,EDT,N.Y.C.,61761,4174.917
04/27/2025 09:00:00,EDT,N.Y.C.,61761,4323.1123
04/27/2025 10:00:00,EDT,N.Y.C.,61761,4366.377
04/27/2025 11:00:00,EDT,N.Y.C.,61761,4442.2598
04/27/2025 12:00:00,EDT,N.Y.C.,61761,4476.7649
04/27/2025 13:00:00,EDT,N.Y.C.,61761,4581.1912
04/27/2025 14:00:00,EDT,N.Y.C.,61761,4575.3034
04/27/2025 15:00:00,EDT,N.Y.C.,61761,4606.6808
04/27/2025 16:00:00,EDT,N.Y.C.,61761,4636.9863
04/27/2025 17:00:00,EDT,N.Y.C.,61761,4685.2225
04/27/2025 18:00:00,EDT,N.Y.C.,61761,4752.879
04/27/2025 19:00:00,EDT,N.Y.C.,61761,4823.5453
04/27/2025 20:00:00,EDT,N.Y.C.,61761,4879.6564
04/27/2025 21:00:00,EDT,N.Y.C.,61761,4773.2575
04/27/2025 22:00:00,EDT,N.Y.C.,61761,4566.4137
04/27/2025 23:00:00,EDT,N.Y.C.,61761,4312.5387
04/28/2025 00:00:00,EDT,N.Y.C.,61761,4119.7304
04/28/2025 01:00:00,EDT,N.Y.C.,61761,3920.0267
04/28/2025 02:00:00,EDT,N.Y.C.,61761,3810.7269
04/28/2025 03:00:00,EDT,N.Y.C.,61761,3760.1046
04/28/2025 04:00:00,EDT,N.Y.C.,61761,3785.0026
04/28/2025 05:00:00,EDT,N.Y.C.,61761,3996.9029
04/28/2025 06:00:00,EDT,N.Y.C.,61761,4402.9611
04/28/2025 07:00:00,EDT,N.Y.C.,61761,4782.6323
04/28/2025 08:00:00,EDT,N.Y.C.,61761,5014.8168
04/28/2025 09:00:00,EDT,N.Y.C.,61761,5142.3125
04/28/2025 10:00:00,EDT,N.Y.C.,61761,5215.648
04/28/2025 11:00:00,EDT,N.Y.C.,61761,5247.5357
04/28/2025 12:00:00,EDT,N.Y.C.,61761,5305.0858
04/28/2025 13:00:00,EDT,N.Y.C.,61761,5341.5605
04/28/2025 14:00:00,EDT,N.Y.C.,61761,5378.2193
04/28/2025 15:00:00,EDT,N.Y.C.,61761,5466.1905
04/28/2025 16:00:00,EDT,N.Y.C.,61761,5585.6842
04/28/2025 17:00:00,EDT,N.Y.C.,61761,5632.7584
04/28/2025 18:00:00,EDT,N.Y.C.,61761,5470.4368
04/28/2025 19:00:00,EDT,N.Y.C.,61761,5356.846
04/28/2025 20:00:00,EDT,N.Y.C.,61761,5271.7498
04/28/2025 21:00:00,EDT,N.Y.C.,61761,5087.4969
04/28/2025 22:00:00,EDT,N.Y.C.,61761,4781.5241
04/28/2025 23:00:00,EDT,N.Y.C.,61761,4473.2861
04/29/2025 00:00:00,EDT,N.Y.C.,61761,4220.3769
04/29/2025 01:00:00,EDT,N.Y.C.,61761,4029.4931
04/29/2025 02:00:00,EDT,N.Y.C.,61761,3910.4315
04/29/2025 03:00:00,EDT,N.Y.C.,61761,3831.7914
04/29/2025 04:00:00,EDT,N.Y.C.,61761,3843.2019
04/29/2025 05:00:00,EDT,N.Y.C.,61761,4027.9921
04/29/2025 06:00:00,EDT,N.Y.C.,61761,4420.017
04/29/2025 07:00:00,EDT,N.Y.C.,61761,4826.6373
04/29/2025 08:00:00,EDT,N.Y.C.,61761,5081.9423
04/29/2025 09:00:00,EDT,N.Y.C.,61761,5226.1616
04/29/2025 10:00:00,EDT,N.Y.C.,61761,5284.0138
04/29/2025 11:00:00,EDT,N.Y.C.,61761,5373.5983
04/29/2025 12:00:00,EDT,N.Y.C.,61761,5429.7465
04/29/2025 13:00:00,EDT,N.Y.C.,61761,5516.5431
04/29/2025 14:00:00,EDT,N.Y.C.,61761,5600.1005
04/29/2025 15:00:00,EDT,N.Y.C.,61761,5645.7528
04/29/2025 16:00:00,EDT,N.Y.C.,61761,5773.085
04/29/2025 17:00:00,EDT,N.Y.C.,61761,5817.3203
04/29/2025 18:00:00,EDT,N.Y.C.,61761,5646.7111
04/29/2025 19:00:00,EDT,N.Y.C.,61761,5543.0036
04/29/2025 20:00:00,EDT,N.Y.C.,61761,5459.2219
04/29/2025 21:00:00,EDT,N.Y.C.,61761,5282.5359
04/29/2025 22:00:00,EDT,N.Y.C.,61761,5025.3322
04/29/2025 23:00:00,EDT,N.Y.C.,61761,4712.341
04/30/2025 00:00:00,EDT,N.Y.C.,61761,4442.7942
04/30/2025 01:00:00,EDT,N.Y.C.,61761,4251.5581
04/30/2025 02:00:00,EDT,N.Y.C.,61761,4140.8902
04/30/2025 03:00:00,EDT,N.Y.C.,61761,4072.6669
04/30/2025 04:00:00,EDT,N.Y.C.,61761,4090.8254
04/30/2025 05:00:00,EDT,N.Y.C.,61761,4303.0523
04/30/2025 06:00:00,EDT,N.Y.C.,61761,4748.1331
04/30/2025 07:00:00,EDT,N.Y.C.,61761,5254.4867
04/30/2025 08:00:00,EDT,N.Y.C.,61761,5448.375
04/30/2025 09:00:00,EDT,N.Y.C.,61761,5495.42
04/30/2025 10:00:00,EDT,N.Y.C.,61761,5543.7216
04/30/2025 11:00:00,EDT,N.Y.C.,61761,5550.6442
04/30/2025 12:00:00,EDT,N.Y.C.,61761,5550.6717
04/30/2025 13:00:00,EDT,N.Y.C.,61761,5569.0693
04/30/2025 14:00:00,EDT,N.Y.C.,61761,5628.728
04/30/2025 15:00:00,EDT,N.Y.C.,61761,5707.6701
04/30/2025 16:00:00,EDT,N.Y.C.,61761,5808.8128
04/30/2025 17:00:00,EDT,N.Y.C.,61761,5842.3076
04/30/2025 18:00:00,EDT,N.Y.C.,61761,5708.2687
04/30/2025 19:00:00,EDT,N.Y.C.,61761,5551.9753
04/30/2025 20:00:00,EDT,N.Y.C.,61761,5449.3464
04/30/2025 21:00:00,EDT,N.Y.C.,61761,5250.8919
04/30/2025 22:00:00,EDT,N.Y.C.,61761,4936.0123
04/30/2025 23:00:00,EDT,N.Y.C.,61761,4602.0805
05/01/2025 00:00:00,EDT,N.Y.C.,61761,4346.7941
05/01/2025 01:00:00,EDT,N.Y.C.,61761,4143.1654
05/01/2025 02:00:00,EDT,N.Y.C.,61761,4000.9311
05/01/2025 03:00:00,EDT,N.Y.C.,61761,3917.454
05/01/2025 04:00:00,EDT,N.Y.C.,61761,3923.851
05/01/2025 05:00:00,EDT,N.Y.C.,61761,4088.4748
05/01/2025 06:00:00,EDT,N.Y.C.,61761,4475.5692
05/01/2025 07:00:00,EDT,N.Y.C.,61761,4869.3727
05/01/2025 08:00:00,EDT,N.Y.C.,61761,5119.2275
05/01/2025 09:00:00,EDT,N.Y.C.,61761,5262.6082
05/01/2025 10:00:00,EDT,N.Y.C.,61761,5301.7012
05/01/2025 11:00:00,EDT,N.Y.C.,61761,5347.7115
05/01/2025 12:00:00,EDT,N.Y.C.,61761,5361.5249
05/01/2025 13:00:00,EDT,N.Y.C.,61761,5399.7583
05/01/2025 14:00:00,EDT,N.Y.C.,61761,5421.406
05/01/2025 15:00:00,EDT,N.Y.C.,61761,5451.8804
05/01/2025 16:00:00,EDT,N.Y.C.,61761,5518.6555
05/01/2025 17:00:00,EDT,N.Y.C.,61761,5540.6937
05/01/2025 18:00:00,EDT,N.Y.C.,61761,5424.4603
05/01/2025 19:00:00,EDT,N.Y.C.,61761,5319.3865
05/01/2025 20:00:00,EDT,N.Y.C.,61761,5243.5998
05/01/2025 21:00:00,EDT,N.Y.C.,61761,5081.0008
05/01/2025 22:00:00,EDT,N.Y.C.,61761,4816.9263
05/01/2025 23:00:00,EDT,N.Y.C.,61761,4522.2223
05/02/2025 00:00:00,EDT,N.Y.C.,61761,4262.3743
05/02/2025 01:00:00,EDT,N.Y.C.,61761,4084.0287
05/02/2025 02:00:00,EDT,N.Y.C.,61761,3970.9378
05/02/2025 03:00:00,EDT,N.Y.C.,61761,3900.3151
05/02/2025 04:00:00,EDT,N.Y.C.,61761,3904.0017
05/02/2025 05:00:00,EDT,N.Y.C.,61761,4093.3063
05/02/2025 06:00:00,EDT,N.Y.C.,61761,4499.6865
05/02/2025 07:00:00,EDT,N.Y.C.,61761,4946.9675
05/02/2025 08:00:00,EDT,N.Y.C.,61761,5257.7302
05/02/2025 09:00:00,EDT,N.Y.C.,61761,5492.1036
05/02/2025 10:00:00,EDT,N.Y.C.,61761,5596.6757
05/02/2025 11:00:00,EDT,N.Y.C.,61761,5718.1516
05/02/2025 12:00:00,EDT,N.Y.C.,61761,5836.6207
05/02/2025 13:00:00,EDT,N.Y.C.,61761,5994.3167
05/02/2025 14:00:00,EDT,N.Y.C.,61761,6132.8946
05/02/2025 15:00:00,EDT,N.Y.C.,61761,6197.9156
05/02/2025 16:00:00,EDT,N.Y.C.,61761,6324.6479
05/02/2025 17:00:00,EDT,N.Y.C.,61761,6360.9445
05/02/2025 18:00:00,EDT,N.Y.C.,61761,6134.4867
05/02/2025 19:00:00,EDT,N.Y.C.,61761,5946.9138
05/02/2025 20:00:00,EDT,N.Y.C.,61761,5795.3949
05/02/2025 21:00:00,EDT,N.Y.C.,61761,5577.8306
05/02/2025 22:00:00,EDT,N.Y.C.,61761,5323.2607
05/02/2025 23:00:00,EDT,N.Y.C.,61761,5043.5473
05/03/2025 00:00:00,EDT,N.Y.C.,61761,4793.0267
05/03/2025 01:00:00,EDT,N.Y.C.,61761,4560.1708
05/03/2025 02:00:00,EDT,N.Y.C.,61761,4427.2013
05/03/2025 03:00:00,EDT,N.Y.C.,61761,4326.7638
05/03/2025 04:00:00,EDT,N.Y.C.,61761,4243.9569
05/03/2025 05:00:00,EDT,N.Y.C.,61761,4256.8925
05/03/2025 06:00:00,EDT,N.Y.C.,61761,4372.3545
05/03/2025 07:00:00,EDT,N.Y.C.,61761,4590.4836
05/03/2025 08:00:00,EDT,N.Y.C.,61761,4862.0631
05/03/2025 09:00:00,EDT,N.Y.C.,61761,5110.0817
05/03/2025 10:00:00,EDT,N.Y.C.,61761,5361.3613
05/03/2025 11:00:00,EDT,N.Y.C.,61761,5465.2803
05/03/2025 12:00:00,EDT,N.Y.C.,61761,5579.5133
05/03/2025 13:00:00,EDT,N.Y.C.,61761,5637.6987
05/03/2025 14:00:00,EDT,N.Y.C.,61761,5700.6213
05/03/2025 15:00:00,EDT,N.Y.C.,61761,5861.5387
05/03/2025 16:00:00,EDT,N.Y.C.,61761,5956.4824
05/03/2025 17:00:00,EDT,N.Y.C.,61761,6030.055
05/03/2025 18:00:00,EDT,N.Y.C.,61761,5984.3715
05/03/2025 19:00:00,EDT,N.Y.C.,61761,5865.7483
05/03/2025 20:00:00,EDT,N.Y.C.,61761,5760.3533
05/03/2025 21:00:00,EDT,N.Y.C.,61761,5620.1371
05/03/2025 22:00:00,EDT,N.Y.C.,61761,5408.7957
05/03/2025 23:00:00,EDT,N.Y.C.,61761,5166.8459
05/04/2025 00:00:00,EDT,N.Y.C.,61761,4922.89
05/04/2025 01:00:00,EDT,N.Y.C.,61761,4678.526
05/04/2025 02:00:00,EDT,N.Y.C.,61761,4492.3331
05/04/2025 03:00:00,EDT,N.Y.C.,61761,4363.5702
05/04/2025 04:00:00,EDT,N.Y.C.,61761,4299.7738
05/04/2025 05:00:00,EDT,N.Y.C.,61761,4290.6599
05/04/2025 06:00:00,EDT,N.Y.C.,61761,4321.9743
05/04/2025 07:00:00,EDT,N.Y.C.,61761,4461.1538
05/04/2025 08:00:00,EDT,N.Y.C.,61761,4658.6841
05/04/2025 09:00:00,EDT,N.Y.C.,61761,4861.3914
05/04/2025 10:00:00,EDT,N.Y.C.,61761,5018.2012
05/04/2025 11:00:00,EDT,N.Y.C.,61761,5252.2989
05/04/2025 12:00:00,EDT,N.Y.C.,61761,5349.9824
05/04/2025 13:00:00,EDT,N.Y.C.,61761,5361.9648
05/04/2025 14:00:00,EDT,N.Y.C.,61761,5387.7113
05/04/2025 15:00:00,EDT,N.Y.C.,61761,5378.9528
05/04/2025 16:00:00,EDT,N.Y.C.,61761,5404.8323
05/04/2025 17:00:00,EDT,N.Y.C.,61761,5407.7274
05/04/2025 18:00:00,EDT,N.Y.C.,61761,5415.9367
05/04/2025 19:00:00,EDT,N.Y.C.,61761,5387.2592
05/04/2025 20:00:00,EDT,N.Y.C.,61761,5349.4938
05/04/2025 21:00:00,EDT,N.Y.C.,61761,5217.6528
05/04/2025 22:00:00,EDT,N.Y.C.,61761,5001.0826
05/04/2025 23:00:00,EDT,N.Y.C.,61761,4745.5758
05/05/2025 00:00:00,EDT,N.Y.C.,61761,4515.1518
05/05/2025 01:00:00,EDT,N.Y.C.,61761,4336.5382
05/05/2025 02:00:00,EDT,N.Y.C.,61761,4208.9011
05/05/2025 03:00:00,EDT,N.Y.C.,61761,4145.1416
05/05/2025 04:00:00,EDT,N.Y.C.,61761,4159.8755
05/05/2025 05:00:00,EDT,N.Y.C.,61761,4356.6128
05/05/2025 06:00:00,EDT,N.Y.C.,61761,4778.9566
05/05/2025 07:00:00,EDT,N.Y.C.,61761,5235.4159
05/05/2025 08:00:00,EDT,N.Y.C.,61761,5525.2992
05/05/2025 09:00:00,EDT,N.Y.C.,61761,5717.2261
05/05/2025 10:00:00,EDT,N.Y.C.,61761,5812.7631
05/05/2025 11:00:00,EDT,N.Y.C.,61761,5871.509
05/05/2025 12:00:00,EDT,N.Y.C.,61761,5888.3539
05/05/2025 13:00:00,EDT,N.Y.C.,61761,5865.8891
05/05/2025 14:00:00,EDT,N.Y.C.,61761,5851.8713
05/05/2025 15:00:00,EDT,N.Y.C.,61761,5866.0165
05/05/2025 16:00:00,EDT,N.Y.C.,61761,5870.0181
05/05/2025 17:00:00,EDT,N.Y.C.,61761,5857.4594
05/05/2025 18:00:00,EDT,N.Y.C.,61761,5702.4149
05/05/2025 19:00:00,EDT,N.Y.C.,61761,5588.0539
05/05/2025 20:00:00,EDT,N.Y.C.,61761,5460.4591
05/05/2025 21:00:00,EDT,N.Y.C.,61761,5272.8415
05/05/2025 22:00:00,EDT,N.Y.C.,61761,5106.8099
05/05/2025 23:00:00,EDT,N.Y.C.,61761,5105.9395
05/06/2025 00:00:00,EDT,N.Y.C.,61761,5105.9395
05/06/2025 01:00:00,EDT,N.Y.C.,61761,5105.9395
05/06/2025 02:00:00,EDT,N.Y.C.,61761,4084.1953
05/06/2025 03:00:00,EDT,N.Y.C.,61761,4051.9065
05/06/2025 04:00:00,EDT,N.Y.C.,61761,4052.4978
05/06/2025 05:00:00,EDT,N.Y.C.,61761,4160.6048
05/06/2025 06:00:00,EDT,N.Y.C.,61761,4442.972
05/06/2025 07:00:00,EDT,N.Y.C.,61761,4847.218
05/06/2025 08:00:00,EDT,N.Y.C.,61761,4847.218
05/06/2025 09:00:00,EDT,N.Y.C.,61761,4847.218
05/06/2025 10:00:00,EDT,N.Y.C.,61761,5749.6126
05/06/2025 11:00:00,EDT,N.Y.C.,61761,5805.725
05/06/2025 12:00:00,EDT,N.Y.C.,61761,5749.555
05/06/2025 13:00:00,EDT,N.Y.C.,61761,5778.9505
05/06/2025 14:00:00,EDT,N.Y.C.,61761,5760.3038
05/06/2025 15:00:00,EDT,N.Y.C.,61761,5749.2509
05/06/2025 16:00:00,EDT,N.Y.C.,61761,5800.3674
05/06/2025 17:00:00,EDT,N.Y.C.,61761,5782.8368
05/06/2025 18:00:00,EDT,N.Y.C.,61761,5627.2081
05/06/2025 19:00:00,EDT,N.Y.C.,61761,5524.5615
05/06/2025 20:00:00,EDT,N.Y.C.,61761,5426.215
05/06/2025 21:00:00,EDT,N.Y.C.,61761,5239.0814
05/06/2025 22:00:00,EDT,N.Y.C.,61761,4950.1105
05/06/2025 23:00:00,EDT,N.Y.C.,61761,4613.2496
05/07/2025 00:00:00,EDT,N.Y.C.,61761,4320.8676
05/07/2025 01:00:00,EDT,N.Y.C.,61761,4144.157
05/07/2025 02:00:00,EDT,N.Y.C.,61761,4020.346
05/07/2025 03:00:00,EDT,N.Y.C.,61761,3947.92
05/07/2025 04:00:00,EDT,N.Y.C.,61761,3953.4006
05/07/2025 05:00:00,EDT,N.Y.C.,61761,4138.7149
05/07/2025 06:00:00,EDT,N.Y.C.,61761,4564.8288
05/07/2025 07:00:00,EDT,N.Y.C.,61761,5015.7655
05/07/2025 08:00:00,EDT,N.Y.C.,61761,5296.7866
05/07/2025 09:00:00,EDT,N.Y.C.,61761,5431.0986
05/07/2025 10:00:00,EDT,N.Y.C.,61761,5470.9381
05/07/2025 11:00:00,EDT,N.Y.C.,61761,5541.7103
05/07/2025 12:00:00,EDT,N.Y.C.,61761,5619.7924
05/07/2025 13:00:00,EDT,N.Y.C.,61761,5665.7622
05/07/2025 14:00:00,EDT,N.Y.C.,61761,5722.8467
05/07/2025 15:00:00,EDT,N.Y.C.,61761,5807.1949
05/07/2025 16:00:00,EDT,N.Y.C.,61761,5968.1405
05/07/2025 17:00:00,EDT,N.Y.C.,61761,5964.0134
05/07/2025 18:00:00,EDT,N.Y.C.,61761,5754.3439
05/07/2025 19:00:00,EDT,N.Y.C.,61761,5629.7651
05/07/2025 20:00:00,EDT,N.Y.C.,61761,5545.7249
05/07/2025 21:00:00,EDT,N.Y.C.,61761,5361.4195
05/07/2025 22:00:00,EDT,N.Y.C.,61761,5090.5524
05/07/2025 23:00:00,EDT,N.Y.C.,61761,4770.2356
05/08/2025 00:00:00,EDT,N.Y.C.,61761,4483.6812
05/08/2025 01:00:00,EDT,N.Y.C.,61761,4278.9062
05/08/2025 02:00:00,EDT,N.Y.C.,61761,4151.7188
05/08/2025 03:00:00,EDT,N.Y.C.,61761,4072.6519
05/08/2025 04:00:00,EDT,N.Y.C.,61761,4049.9298
05/08/2025 05:00:00,EDT,N.Y.C.,61761,4230.5888
05/08/2025 06:00:00,EDT,N.Y.C.,61761,4653.7563
05/08/2025 07:00:00,EDT,N.Y.C.,61761,5107.0531
05/08/2025 08:00:00,EDT,N.Y.C.,61761,5429.3956
05/08/2025 09:00:00,EDT,N.Y.C.,61761,5669.6065
05/08/2025 10:00:00,EDT,N.Y.C.,61761,5807.6165
05/08/2025 11:00:00,EDT,N.Y.C.,61761,5917.0807
05/08/2025 12:00:00,EDT,N.Y.C.,61761,5983.6149
05/08/2025 13:00:00,EDT,N.Y.C.,61761,6022.1563
05/08/2025 14:00:00,EDT,N.Y.C.,61761,6065.2328
05/08/2025 15:00:00,EDT,N.Y.C.,61761,6121.0411
05/08/2025 16:00:00,EDT,N.Y.C.,61761,6196.796
05/08/2025 17:00:00,EDT,N.Y.C.,61761,6172.2781
05/08/2025 18:00:00,EDT,N.Y.C.,61761,5924.759
05/08/2025 19:00:00,EDT,N.Y.C.,61761,5766.266
05/08/2025 20:00:00,EDT,N.Y.C.,61761,5652.7675
05/08/2025 21:00:00,EDT,N.Y.C.,61761,5464.22
05/08/2025 22:00:00,EDT,N.Y.C.,61761,5152.6033
05/08/2025 23:00:00,EDT,N.Y.C.,61761,4805.3493
05/09/2025 00:00:00,EDT,N.Y.C.,61761,4498.0351
05/09/2025 01:00:00,EDT,N.Y.C.,61761,4282.26
05/09/2025 02:00:00,EDT,N.Y.C.,61761,4136.5807
05/09/2025 03:00:00,EDT,N.Y.C.,61761,4053.0143
05/09/2025 04:00:00,EDT,N.Y.C.,61761,4047.6365
05/09/2025 05:00:00,EDT,N.Y.C.,61761,4226.1577
05/09/2025 06:00:00,EDT,N.Y.C.,61761,4632.1239
05/09/2025 07:00:00,EDT,N.Y.C.,61761,5075.1038
05/09/2025 08:00:00,EDT,N.Y.C.,61761,5407.3588
05/09/2025 09:00:00,EDT,N.Y.C.,61761,5601.804
05/09/2025 10:00:00,EDT,N.Y.C.,61761,5696.1621
05/09/2025 11:00:00,EDT,N.Y.C.,61761,5724.6493
05/09/2025 12:00:00,EDT,N.Y.C.,61761,5738.2767
05/09/2025 13:00:00,EDT,N.Y.C.,61761,5742.344
05/09/2025 14:00:00,EDT,N.Y.C.,61761,5704.7474
05/09/2025 15:00:00,EDT,N.Y.C.,61761,5691.6549
05/09/2025 16:00:00,EDT,N.Y.C.,61761,5677.7474
05/09/2025 17:00:00,EDT,N.Y.C.,61761,5636.4525
05/09/2025 18:00:00,EDT,N.Y.C.,61761,5470.8057
05/09/2025 19:00:00,EDT,N.Y.C.,61761,5350.8552
05/09/2025 20:00:00,EDT,N.Y.C.,61761,5227.883
05/09/2025 21:00:00,EDT,N.Y.C.,61761,5063.9286
05/09/2025 22:00:00,EDT,N.Y.C.,61761,4831.0901
05/09/2025 23:00:00,EDT,N.Y.C.,61761,4552.7462
05/10/2025 00:00:00,EDT,N.Y.C.,61761,4310.4831
05/10/2025 01:00:00,EDT,N.Y.C.,61761,4115.5573
05/10/2025 02:00:00,EDT,N.Y.C.,61761,3987.4293
05/10/2025 03:00:00,EDT,N.Y.C.,61761,3897.9313
05/10/2025 04:00:00,EDT,N.Y.C.,61761,3869.7766
05/10/2025 05:00:00,EDT,N.Y.C.,61761,3917.7617
05/10/2025 06:00:00,EDT,N.Y.C.,61761,4041.4028
05/10/2025 07:00:00,EDT,N.Y.C.,61761,4194.1157
05/10/2025 08:00:00,EDT,N.Y.C.,61761,4356.7945
05/10/2025 09:00:00,EDT,N.Y.C.,61761,4483.5658
05/10/2025 10:00:00,EDT,N.Y.C.,61761,4585.7489
05/10/2025 11:00:00,EDT,N.Y.C.,61761,4652.6926
05/10/2025 12:00:00,EDT,N.Y.C.,61761,4702.9635
05/10/2025 13:00:00,EDT,N.Y.C.,61761,4709.6687
05/10/2025 14:00:00,EDT,N.Y.C.,61761,4735.7576
05/10/2025 15:00:00,EDT,N.Y.C.,61761,4781.5895
05/10/2025 16:00:00,EDT,N.Y.C.,61761,4878.3474
05/10/2025 17:00:00,EDT,N.Y.C.,61761,4979.6217
05/10/2025 18:00:00,EDT,N.Y.C.,61761,5018.5098
05/10/2025 19:00:00,EDT,N.Y.C.,61761,4991.7867
05/10/2025 20:00:00,EDT,N.Y.C.,61761,4994.6196
05/10/2025 21:00:00,EDT,N.Y.C.,61761,4937.1888
05/10/2025 22:00:00,EDT,N.Y.C.,61761,4787.9018
05/10/2025 23:00:00,EDT,N.Y.C.,61761,4573.395
05/11/2025 00:00:00,EDT,N.Y.C.,61761,4354.9356
05/11/2025 01:00:00,EDT,N.Y.C.,61761,4160.5279
05/11/2025 02:00:00,EDT,N.Y.C.,61761,4016.29
05/11/2025 03:00:00,EDT,N.Y.C.,61761,3914.6342
05/11/2025 04:00:00,EDT,N.Y.C.,61761,3861.6556
05/11/2025 05:00:00,EDT,N.Y.C.,61761,3874.806
05/11/2025 06:00:00,EDT,N.Y.C.,61761,3932.5081
05/11/2025 07:00:00,EDT,N.Y.C.,61761,4080.035
05/11/2025 08:00:00,EDT,N.Y.C.,61761,4264.8783
05/11/2025 09:00:00,EDT,N.Y.C.,61761,4437.6523
05/11/2025 10:00:00,EDT,N.Y.C.,61761,4615.1599
05/11/2025 11:00:00,EDT,N.Y.C.,61761,4742.9737
05/11/2025 12:00:00,EDT,N.Y.C.,61761,4820.7154
05/11/2025 13:00:00,EDT,N.Y.C.,61761,4892.5876
05/11/2025 14:00:00,EDT,N.Y.C.,61761,4956.894
05/11/2025 15:00:00,EDT,N.Y.C.,61761,5044.1426
05/11/2025 16:00:00,EDT,N.Y.C.,61761,5154.1677
05/11/2025 17:00:00,EDT,N.Y.C.,61761,5220.1848
05/11/2025 18:00:00,EDT,N.Y.C.,61761,5249.8463
05/11/2025 19:00:00,EDT,N.Y.C.,61761,5194.4429
05/11/2025 20:00:00,EDT,N.Y.C.,61761,5196.283
05/11/2025 21:00:00,EDT,N.Y.C.,61761,5126.2236
05/11/2025 22:00:00,EDT,N.Y.C.,61761,4923.266
05/11/2025 23:00:00,EDT,N.Y.C.,61761,4652.9007
05/12/2025 00:00:00,EDT,N.Y.C.,61761,4402.4823
05/12/2025 01:00:00,EDT,N.Y.C.,61761,4196.0043
05/12/2025 02:00:00,EDT,N.Y.C.,61761,4055.2897
05/12/2025 03:00:00,EDT,N.Y.C.,61761,3968.3678
05/12/2025 04:00:00,EDT,N.Y.C.,61761,3980.0657
05/12/2025 05:00:00,EDT,N.Y.C.,61761,4153.2309
05/12/2025 06:00:00,EDT,N.Y.C.,61761,4556.9852
05/12/2025 07:00:00,EDT,N.Y.C.,61761,4977.5964
05/12/2025 08:00:00,EDT,N.Y.C.,61761,5253.6326
05/12/2025 09:00:00,EDT,N.Y.C.,61761,5427.9061
05/12/2025 10:00:00,EDT,N.Y.C.,61761,5469.3227
05/12/2025 11:00:00,EDT,N.Y.C.,61761,5533.2104
05/12/2025 12:00:00,EDT,N.Y.C.,61761,5593.8656
05/12/2025 13:00:00,EDT,N.Y.C.,61761,5602.0932
05/12/2025 14:00:00,EDT,N.Y.C.,61761,5633.2174
05/12/2025 15:00:00,EDT,N.Y.C.,61761,5747.4586
05/12/2025 16:00:00,EDT,N.Y.C.,61761,5855.7438
05/12/2025 17:00:00,EDT,N.Y.C.,61761,5895.8838
05/12/2025 18:00:00,EDT,N.Y.C.,61761,5723.0571
05/12/2025 19:00:00,EDT,N.Y.C.,61761,5582.631
05/12/2025 20:00:00,EDT,N.Y.C.,61761,5492.0137
05/12/2025 21:00:00,EDT,N.Y.C.,61761,5346.4991
05/12/2025 22:00:00,EDT,N.Y.C.,61761,5080.3606
05/12/2025 23:00:00,EDT,N.Y.C.,61761,4786.5452
05/13/2025 00:00:00,EDT,N.Y.C.,61761,4519.1575
05/13/2025 01:00:00,EDT,N.Y.C.,61761,4319.5693
05/13/2025 02:00:00,EDT,N.Y.C.,61761,4187.3241
05/13/2025 03:00:00,EDT,N.Y.C.,61761,4110.4468
05/13/2025 04:00:00,EDT,N.Y.C.,61761,4128.397
05/13/2025 05:00:00,EDT,N.Y.C.,61761,4317.6612
05/13/2025 06:00:00,EDT,N.Y.C.,61761,4758.7644
05/13/2025 07:00:00,EDT,N.Y.C.,61761,5267.7385
05/13/2025 08:00:00,EDT,N.Y.C.,61761,5593.8847
05/13/2025 09:00:00,EDT,N.Y.C.,61761,5764.188
05/13/2025 10:00:00,EDT,N.Y.C.,61761,5839.7943
05/13/2025 11:00:00,EDT,N.Y.C.,61761,5934.7878
05/13/2025 12:00:00,EDT,N.Y.C.,61761,5986.1678
05/13/2025 13:00:00,EDT,N.Y.C.,61761,6039.5779
05/13/2025 14:00:00,EDT,N.Y.C.,61761,6012.6058
05/13/2025 15:00:00,EDT,N.Y.C.,61761,6006.0801
05/13/2025 16:00:00,EDT,N.Y.C.,61761,5991.2249
05/13/2025 17:00:00,EDT,N.Y.C.,61761,5964.4669
05/13/2025 18:00:00,EDT,N.Y.C.,61761,5806.6303
05/13/2025 19:00:00,EDT,N.Y.C.,61761,5687.5153
05/13/2025 20:00:00,EDT,N.Y.C.,61761,5557.563
05/13/2025 21:00:00,EDT,N.Y.C.,61761,5354.2365
05/13/2025 22:00:00,EDT,N.Y.C.,61761,5053.8947
05/13/2025 23:00:00,EDT,N.Y.C.,61761,4725.0972
05/14/2025 00:00:00,EDT,N.Y.C.,61761,4462.3099
05/14/2025 01:00:00,EDT,N.Y.C.,61761,4249.381
05/14/2025 02:00:00,EDT,N.Y.C.,61761,4115.4832
05/14/2025 03:00:00,EDT,N.Y.C.,61761,4039.7708
05/14/2025 04:00:00,EDT,N.Y.C.,61761,4042.267
05/14/2025 05:00:00,EDT,N.Y.C.,61761,4213.1722
05/14/2025 06:00:00,EDT,N.Y.C.,61761,4638.8359
05/14/2025 07:00:00,EDT,N.Y.C.,61761,5121.5846
05/14/2025 08:00:00,EDT,N.Y.C.,61761,5466.6124
05/14/2025 09:00:00,EDT,N.Y.C.,61761,5678.3204
05/14/2025 10:00:00,EDT,N.Y.C.,61761,5754.5587
05/14/2025 11:00:00,EDT,N.Y.C.,61761,5790.9856
05/14/2025 12:00:00,EDT,N.Y.C.,61761,5795.3005
05/14/2025 13:00:00,EDT,N.Y.C.,61761,5846.4723
05/14/2025 14:00:00,EDT,N.Y.C.,61761,5847.7056
05/14/2025 15:00:00,EDT,N.Y.C.,61761,5862.1888
05/14/2025 16:00:00,EDT,N.Y.C.,61761,5888.8594
05/14/2025 17:00:00,EDT,N.Y.C.,61761,5870.8263
05/14/2025 18:00:00,EDT,N.Y.C.,61761,5725.9447
05/14/2025 19:00:00,EDT,N.Y.C.,61761,5621.8537
05/14/2025 20:00:00,EDT,N.Y.C.,61761,5505.5772
05/14/2025 21:00:00,EDT,N.Y.C.,61761,5306.1779
05/14/2025 22:00:00,EDT,N.Y.C.,61761,5014.1109
05/14/2025 23:00:00,EDT,N.Y.C.,61761,4702.4279
05/15/2025 00:00:00,EDT,N.Y.C.,61761,4440.5807
05/15/2025 01:00:00,EDT,N.Y.C.,61761,4242.0988
05/15/2025 02:00:00,EDT,N.Y.C.,61761,4109.6064
05/15/2025 03:00:00,EDT,N.Y.C.,61761,4027.5084
05/15/2025 04:00:00,EDT,N.Y.C.,61761,4041.9299
05/15/2025 05:00:00,EDT,N.Y.C.,61761,4242.6005
05/15/2025 06:00:00,EDT,N.Y.C.,61761,4678.7556
05/15/2025 07:00:00,EDT,N.Y.C.,61761,5153.9612
05/15/2025 08:00:00,EDT,N.Y.C.,61761,5498.9632
05/15/2025 09:00:00,EDT,N.Y.C.,61761,5706.0468
05/15/2025 10:00:00,EDT,N.Y.C.,61761,5795.1784
05/15/2025 11:00:00,EDT,N.Y.C.,61761,5848.3948
05/15/2025 12:00:00,EDT,N.Y.C.,61761,5934.3852
05/15/2025 13:00:00,EDT,N.Y.C.,61761,6022.9908
05/15/2025 14:00:00,EDT,N.Y.C.,61761,5928.536
05/15/2025 15:00:00,EDT,N.Y.C.,61761,5981.6756
05/15/2025 16:00:00,EDT,N.Y.C.,61761,6045.9485
05/15/2025 17:00:00,EDT,N.Y.C.,61761,6009.0968
05/15/2025 18:00:00,EDT,N.Y.C.,61761,5871.8621
05/15/2025 19:00:00,EDT,N.Y.C.,61761,5774.2609
05/15/2025 20:00:00,EDT,N.Y.C.,61761,5644.9636
05/15/2025 21:00:00,EDT,N.Y.C.,61761,5469.9086
05/15/2025 22:00:00,EDT,N.Y.C.,61761,5180.6415
05/15/2025 23:00:00,EDT,N.Y.C.,61761,4852.5927
05/16/2025 00:00:00,EDT,N.Y.C.,61761,4578.8672
05/16/2025 01:00:00,EDT,N.Y.C.,61761,4363.3379
05/16/2025 02:00:00,EDT,N.Y.C.,61761,4202.5626
05/16/2025 03:00:00,EDT,N.Y.C.,61761,4124.0576
05/16/2025 04:00:00,EDT,N.Y.C.,61761,4152.491
05/16/2025 05:00:00,EDT,N.Y.C.,61761,4329.0832
05/16/2025 06:00:00,EDT,N.Y.C.,61761,4760.2567
05/16/2025 07:00:00,EDT,N.Y.C.,61761,5244.9562
05/16/2025 08:00:00,EDT,N.Y.C.,61761,5592.1526
05/16/2025 09:00:00,EDT,N.Y.C.,61761,5782.9485
05/16/2025 10:00:00,EDT,N.Y.C.,61761,5953.9332
05/16/2025 11:00:00,EDT,N.Y.C.,61761,6202.4384
05/16/2025 12:00:00,EDT,N.Y.C.,61761,6266.2594
05/16/2025 13:00:00,EDT,N.Y.C.,61761,6190.531
05/16/2025 14:00:00,EDT,N.Y.C.,61761,6010.07
05/16/2025 15:00:00,EDT,N.Y.C.,61761,5989.2384
05/16/2025 16:00:00,EDT,N.Y.C.,61761,6035.4223
05/16/2025 17:00:00,EDT,N.Y.C.,61761,6038.9165
05/16/2025 18:00:00,EDT,N.Y.C.,61761,5878.7797
05/16/2025 19:00:00,EDT,N.Y.C.,61761,5773.6835
05/16/2025 20:00:00,EDT,N.Y.C.,61761,5664.2917
05/16/2025 21:00:00,EDT,N.Y.C.,61761,5463.3753
05/16/2025 22:00:00,EDT,N.Y.C.,61761,5201.4496
05/16/2025 23:00:00,EDT,N.Y.C.,61761,4926.5286
05/17/2025 00:00:00,EDT,N.Y.C.,61761,4658.1123
05/17/2025 01:00:00,EDT,N.Y.C.,61761,4463.769
05/17/2025 02:00:00,EDT,N.Y.C.,61761,4332.6562
05/17/2025 03:00:00,EDT,N.Y.C.,61761,4255.9659
05/17/2025 04:00:00,EDT,N.Y.C.,61761,4238.9972
05/17/2025 05:00:00,EDT,N.Y.C.,61761,4262.8523
05/17/2025 06:00:00,EDT,N.Y.C.,61761,4390.2558
05/17/2025 07:00:00,EDT,N.Y.C.,61761,4638.5501
05/17/2025 08:00:00,EDT,N.Y.C.,61761,4918.005
05/17/2025 09:00:00,EDT,N.Y.C.,61761,5156.4934
05/17/2025 10:00:00,EDT,N.Y.C.,61761,5416.2682
05/17/2025 11:00:00,EDT,N.Y.C.,61761,5457.1485
05/17/2025 12:00:00,EDT,N.Y.C.,61761,5418.9237
05/17/2025 13:00:00,EDT,N.Y.C.,61761,5537.6207
05/17/2025 14:00:00,EDT,N.Y.C.,61761,5639.9264
05/17/2025 15:00:00,EDT,N.Y.C.,61761,5750.5497
05/17/2025 16:00:00,EDT,N.Y.C.,61761,5877.5027
05/17/2025 17:00:00,EDT,N.Y.C.,61761,5987.4234
05/17/2025 18:00:00,EDT,N.Y.C.,61761,5971.7897
05/17/2025 19:00:00,EDT,N.Y.C.,61761,5882.9222
05/17/2025 20:00:00,EDT,N.Y.C.,61761,5832.5262
05/17/2025 21:00:00,EDT,N.Y.C.,61761,5723.8507
05/17/2025 22:00:00,EDT,N.Y.C.,61761,5430.2431
05/17/2025 23:00:00,EDT,N.Y.C.,61761,5115.4713
05/18/2025 00:00:00,EDT,N.Y.C.,61761,4825.8279
05/18/2025 01:00:00,EDT,N.Y.C.,61761,4580.8115
05/18/2025 02:00:00,EDT,N.Y.C.,61761,4394.0755
05/18/2025 03:00:00,EDT,N.Y.C.,61761,4247.8395
05/18/2025 04:00:00,EDT,N.Y.C.,61761,4159.6475
05/18/2025 05:00:00,EDT,N.Y.C.,61761,4129.2412
05/18/2025 06:00:00,EDT,N.Y.C.,61761,4175.6224
05/18/2025 07:00:00,EDT,N.Y.C.,61761,4304.6183
05/18/2025 08:00:00,EDT,N.Y.C.,61761,4487.5061
05/18/2025 09:00:00,EDT,N.Y.C.,61761,4649.0693
05/18/2025 10:00:00,EDT,N.Y.C.,61761,4801.9631
05/18/2025 11:00:00,EDT,N.Y.C.,61761,4945.0945
05/18/2025 12:00:00,EDT,N.Y.C.,61761,5065.0385
05/18/2025 13:00:00,EDT,N.Y.C.,61761,5080.318
05/18/2025 14:00:00,EDT,N.Y.C.,61761,5188.6112
05/18/2025 15:00:00,EDT,N.Y.C.,61761,5240.3815
05/18/2025 16:00:00,EDT,N.Y.C.,61761,5254.3036
05/18/2025 17:00:00,EDT,N.Y.C.,61761,5345.2295
05/18/2025 18:00:00,EDT,N.Y.C.,61761,5335.6731
05/18/2025 19:00:00,EDT,N.Y.C.,61761,5319.3912
05/18/2025 20:00:00,EDT,N.Y.C.,61761,5359.1328
05/18/2025 21:00:00,EDT,N.Y.C.,61761,5274.0324
05/18/2025 22:00:00,EDT,N.Y.C.,61761,5061.2395
05/18/2025 23:00:00,EDT,N.Y.C.,61761,4761.4786
05/19/2025 00:00:00,EDT,N.Y.C.,61761,4506.5399
05/19/2025 01:00:00,EDT,N.Y.C.,61761,4278.7533
05/19/2025 02:00:00,EDT,N.Y.C.,61761,4135.9318
05/19/2025 03:00:00,EDT,N.Y.C.,61761,4038.851
05/19/2025 04:00:00,EDT,N.Y.C.,61761,4039.6619
05/19/2025 05:00:00,EDT,N.Y.C.,61761,4214.0191
05/19/2025 06:00:00,EDT,N.Y.C.,61761,4617.7148
05/19/2025 07:00:00,EDT,N.Y.C.,61761,5013.4689
05/19/2025 08:00:00,EDT,N.Y.C.,61761,5263.8279
05/19/2025 09:00:00,EDT,N.Y.C.,61761,5388.6368
05/19/2025 10:00:00,EDT,N.Y.C.,61761,5437.2483
05/19/2025 11:00:00,EDT,N.Y.C.,61761,5480.405
05/19/2025 12:00:00,EDT,N.Y.C.,61761,5515.7144
05/19/2025 13:00:00,EDT,N.Y.C.,61761,5589.9053
05/19/2025 14:00:00,EDT,N.Y.C.,61761,5636.8299
05/19/2025 15:00:00,EDT,N.Y.C.,61761,5762.7005
05/19/2025 16:00:00,EDT,N.Y.C.,61761,5756.1826
05/19/2025 17:00:00,EDT,N.Y.C.,61761,5787.4912
05/19/2025 18:00:00,EDT,N.Y.C.,61761,5646.2596
05/19/2025 19:00:00,EDT,N.Y.C.,61761,5485.302
05/19/2025 20:00:00,EDT,N.Y.C.,61761,5360.0761
05/19/2025 21:00:00,EDT,N.Y.C.,61761,5181.2067
05/19/2025 22:00:00,EDT,N.Y.C.,61761,4873.3993
05/19/2025 23:00:00,EDT,N.Y.C.,61761,4524.5104
05/20/2025 00:00:00,EDT,N.Y.C.,61761,4254.8895
05/20/2025 01:00:00,EDT,N.Y.C.,61761,4064.5688
05/20/2025 02:00:00,EDT,N.Y.C.,61761,3918.7901
05/20/2025 03:00:00,EDT,N.Y.C.,61761,3839.2578
05/20/2025 04:00:00,EDT,N.Y.C.,61761,3858.6853
05/20/2025 05:00:00,EDT,N.Y.C.,61761,4031.4369
05/20/2025 06:00:00,EDT,N.Y.C.,61761,4424.9594
05/20/2025 07:00:00,EDT,N.Y.C.,61761,4815.5592
05/20/2025 08:00:00,EDT,N.Y.C.,61761,5052.1853
05/20/2025 09:00:00,EDT,N.Y.C.,61761,5159.1847
05/20/2025 10:00:00,EDT,N.Y.C.,61761,5188.6956
05/20/2025 11:00:00,EDT,N.Y.C.,61761,5230.9372
05/20/2025 12:00:00,EDT,N.Y.C.,61761,5275.6589
05/20/2025 13:00:00,EDT,N.Y.C.,61761,5325.096
05/20/2025 14:00:00,EDT,N.Y.C.,61761,5383.4974
05/20/2025 15:00:00,EDT,N.Y.C.,61761,5477.7107
05/20/2025 16:00:00,EDT,N.Y.C.,61761,5603.763
05/20/2025 17:00:00,EDT,N.Y.C.,61761,5659.4024
05/20/2025 18:00:00,EDT,N.Y.C.,61761,5544.8511
05/20/2025 19:00:00,EDT,N.Y.C.,61761,5419.538
05/20/2025 20:00:00,EDT,N.Y.C.,61761,5325.6427
05/20/2025 21:00:00,EDT,N.Y.C.,61761,5170.1135
05/20/2025 22:00:00,EDT,N.Y.C.,61761,4894.855
05/20/2025 23:00:00,EDT,N.Y.C.,61761,4567.5462
05/21/2025 00:00:00,EDT,N.Y.C.,61761,4284.9116
05/21/2025 01:00:00,EDT,N.Y.C.,61761,4091.5447
05/21/2025 02:00:00,EDT,N.Y.C.,61761,3955.0953
05/21/2025 03:00:00,EDT,N.Y.C.,61761,3877.6439
05/21/2025 04:00:00,EDT,N.Y.C.,61761,3888.6441
05/21/2025 05:00:00,EDT,N.Y.C.,61761,4062.447
05/21/2025 06:00:00,EDT,N.Y.C.,61761,4479.0196
05/21/2025 07:00:00,EDT,N.Y.C.,61761,4932.7147
05/21/2025 08:00:00,EDT,N.Y.C.,61761,5254.9687
05/21/2025 09:00:00,EDT,N.Y.C.,61761,5426.1278
05/21/2025 10:00:00,EDT,N.Y.C.,61761,5472.809
05/21/2025 11:00:00,EDT,N.Y.C.,61761,5531.0451
05/21/2025 12:00:00,EDT,N.Y.C.,61761,5581.4337
05/21/2025 13:00:00,EDT,N.Y.C.,61761,5541.2088
05/21/2025 14:00:00,EDT,N.Y.C.,61761,5526.7082
05/21/2025 15:00:00,EDT,N.Y.C.,61761,5562.4017
05/21/2025 16:00:00,EDT,N.Y.C.,61761,5559.3143
05/21/2025 17:00:00,EDT,N.Y.C.,61761,5565.2782
05/21/2025 18:00:00,EDT,N.Y.C.,61761,5451.8241
05/21/2025 19:00:00,EDT,N.Y.C.,61761,5344.8382
05/21/2025 20:00:00,EDT,N.Y.C.,61761,5265.0394
05/21/2025 21:00:00,EDT,N.Y.C.,61761,5083.73
05/21/2025 22:00:00,EDT,N.Y.C.,61761,4793.5684
05/21/2025 23:00:00,EDT,N.Y.C.,61761,4471.1971
05/22/2025 00:00:00,EDT,N.Y.C.,61761,4207.8773
05/22/2025 01:00:00,EDT,N.Y.C.,61761,4016.3937
05/22/2025 02:00:00,EDT,N.Y.C.,61761,3894.615
05/22/2025 03:00:00,EDT,N.Y.C.,61761,3846.6783
05/22/2025 04:00:00,EDT,N.Y.C.,61761,3871.3232
05/22/2025 05:00:00,EDT,N.Y.C.,61761,4063.6779
05/22/2025 06:00:00,EDT,N.Y.C.,61761,4471.7048
05/22/2025 07:00:00,EDT,N.Y.C.,61761,4913.0013
05/22/2025 08:00:00,EDT,N.Y.C.,61761,5232.8951
05/22/2025 09:00:00,EDT,N.Y.C.,61761,5418.3484
05/22/2025 10:00:00,EDT,N.Y.C.,61761,5500.2143
05/22/2025 11:00:00,EDT,N.Y.C.,61761,5538.3946
05/22/2025 12:00:00,EDT,N.Y.C.,61761,5571.8063
05/22/2025 13:00:00,EDT,N.Y.C.,61761,5578.3598
05/22/2025 14:00:00,EDT,N.Y.C.,61761,5561.4023
05/22/2025 15:00:00,EDT,N.Y.C.,61761,5570.6115
05/22/2025 16:00:00,EDT,N.Y.C.,61761,5571.6606
05/22/2025 17:00:00,EDT,N.Y.C.,61761,5560.1751
05/22/2025 18:00:00,EDT,N.Y.C.,61761,5454.6837
05/22/2025 19:00:00,EDT,N.Y.C.,61761,5359.0859
05/22/2025 20:00:00,EDT,N.Y.C.,61761,5276.029
05/22/2025 21:00:00,EDT,N.Y.C.,61761,5112.3617
05/22/2025 22:00:00,EDT,N.Y.C.,61761,4832.6322
05/22/2025 23:00:00,EDT,N.Y.C.,61761,4506.4305
05/23/2025 00:00:00,EDT,N.Y.C.,61761,4252.3752
05/23/2025 01:00:00,EDT,N.Y.C.,61761,4070.276
05/23/2025 02:00:00,EDT,N.Y.C.,61761,3936.4941
05/23/2025 03:00:00,EDT,N.Y.C.,61761,3875.0845
05/23/2025 04:00:00,EDT,N.Y.C.,61761,3883.9331
05/23/2025 05:00:00,EDT,N.Y.C.,61761,4060.9462
05/23/2025 06:00:00,EDT,N.Y.C.,61761,4445.0938
05/23/2025 07:00:00,EDT,N.Y.C.,61761,4847.1401
05/23/2025 08:00:00,EDT,N.Y.C.,61761,5128.3862
05/23/2025 09:00:00,EDT,N.Y.C.,61761,5301.2611
05/23/2025 10:00:00,EDT,N.Y.C.,61761,5371.986
05/23/2025 11:00:00,EDT,N.Y.C.,61761,5403.5792
05/23/2025 12:00:00,EDT,N.Y.C.,61761,5457.6714
05/23/2025 13:00:00,EDT,N.Y.C.,61761,5377.1016
05/23/2025 14:00:00,EDT,N.Y.C.,61761,5300.7149
05/23/2025 15:00:00,EDT,N.Y.C.,61761,5207.686
05/23/2025 16:00:00,EDT,N.Y.C.,61761,5235.7079
05/23/2025 17:00:00,EDT,N.Y.C.,61761,5268.5336
05/23/2025 18:00:00,EDT,N.Y.C.,61761,5216.382
05/23/2025 19:00:00,EDT,N.Y.C.,61761,5173.5754
05/23/2025 20:00:00,EDT,N.Y.C.,61761,5101.4879
05/23/2025 21:00:00,EDT,N.Y.C.,61761,4970.8543
05/23/2025 22:00:00,EDT,N.Y.C.,61761,4748.5922
05/23/2025 23:00:00,EDT,N.Y.C.,61761,4491.5219
05/24/2025 00:00:00,EDT,N.Y.C.,61761,4223.1941
05/24/2025 01:00:00,EDT,N.Y.C.,61761,4046.0318
05/24/2025 02:00:00,EDT,N.Y.C.,61761,3910.9266
05/24/2025 03:00:00,EDT,N.Y.C.,61761,3820.8835
05/24/2025 04:00:00,EDT,N.Y.C.,61761,3790.0427
05/24/2025 05:00:00,EDT,N.Y.C.,61761,3824.2274
05/24/2025 06:00:00,EDT,N.Y.C.,61761,3938.376
05/24/2025 07:00:00,EDT,N.Y.C.,61761,4099.1594
05/24/2025 08:00:00,EDT,N.Y.C.,61761,4235.6597
05/24/2025 09:00:00,EDT,N.Y.C.,61761,4341.6882
05/24/2025 10:00:00,EDT,N.Y.C.,61761,4555.2643
05/24/2025 11:00:00,EDT,N.Y.C.,61761,4686.7516
05/24/2025 12:00:00,EDT,N.Y.C.,61761,4652.3831
05/24/2025 13:00:00,EDT,N.Y.C.,61761,4624.5114
05/24/2025 14:00:00,EDT,N.Y.C.,61761,4552.4483
05/24/2025 15:00:00,EDT,N.Y.C.,61761,4550.2765
05/24/2025 16:00:00,EDT,N.Y.C.,61761,4587.8008
05/24/2025 17:00:00,EDT,N.Y.C.,61761,4664.8447
05/24/2025 18:00:00,EDT,N.Y.C.,61761,4691.4927
05/24/2025 19:00:00,EDT,N.Y.C.,61761,4699.0083
05/24/2025 20:00:00,EDT,N.Y.C.,61761,4727.6785
05/24/2025 21:00:00,EDT,N.Y.C.,61761,4683.9019
05/24/2025 22:00:00,EDT,N.Y.C.,61761,4516.9145
05/24/2025 23:00:00,EDT,N.Y.C.,61761,4305.5015
05/25/2025 00:00:00,EDT,N.Y.C.,61761,4119.5664
05/25/2025 01:00:00,EDT,N.Y.C.,61761,3936.6809
05/25/2025 02:00:00,EDT,N.Y.C.,61761,3794.8533
05/25/2025 03:00:00,EDT,N.Y.C.,61761,3710.4981
05/25/2025 04:00:00,EDT,N.Y.C.,61761,3678.7455
05/25/2025 05:00:00,EDT,N.Y.C.,61761,3689.8607
05/25/2025 06:00:00,EDT,N.Y.C.,61761,3744.3761
05/25/2025 07:00:00,EDT,N.Y.C.,61761,3841.341
05/25/2025 08:00:00,EDT,N.Y.C.,61761,3956.7979
05/25/2025 09:00:00,EDT,N.Y.C.,61761,4169.2666
05/25/2025 10:00:00,EDT,N.Y.C.,61761,4349.5298
05/25/2025 11:00:00,EDT,N.Y.C.,61761,4484.5379
05/25/2025 12:00:00,EDT,N.Y.C.,61761,4499.2205
05/25/2025 13:00:00,EDT,N.Y.C.,61761,4496.6714
05/25/2025 14:00:00,EDT,N.Y.C.,61761,4500.9958
05/25/2025 15:00:00,EDT,N.Y.C.,61761,4558.0397
05/25/2025 16:00:00,EDT,N.Y.C.,61761,4594.9592
05/25/2025 17:00:00,EDT,N.Y.C.,61761,4620.6967
05/25/2025 18:00:00,EDT,N.Y.C.,61761,4624.6405
05/25/2025 19:00:00,EDT,N.Y.C.,61761,4659.8916
05/25/2025 20:00:00,EDT,N.Y.C.,61761,4699.4524
05/25/2025 21:00:00,EDT,N.Y.C.,61761,4655.7289
05/25/2025 22:00:00,EDT,N.Y.C.,61761,4462.1494
05/25/2025 23:00:00,EDT,N.Y.C.,61761,4251.1509
05/26/2025 00:00:00,EDT,N.Y.C.,61761,4056.2091
05/26/2025 01:00:00,EDT,N.Y.C.,61761,3892.039
05/26/2025 02:00:00,EDT,N.Y.C.,61761,3772.0376
05/26/2025 03:00:00,EDT,N.Y.C.,61761,3710.64
05/26/2025 04:00:00,EDT,N.Y.C.,61761,3696.1807
05/26/2025 05:00:00,EDT,N.Y.C.,61761,3735.889
05/26/2025 06:00:00,EDT,N.Y.C.,61761,3851.8531
05/26/2025 07:00:00,EDT,N.Y.C.,61761,3991.213
05/26/2025 08:00:00,EDT,N.Y.C.,61761,4129.6332
05/26/2025 09:00:00,EDT,N.Y.C.,61761,4260.5578
05/26/2025 10:00:00,EDT,N.Y.C.,61761,4411.5187
05/26/2025 11:00:00,EDT,N.Y.C.,61761,4530.8355
05/26/2025 12:00:00,EDT,N.Y.C.,61761,4627.8123
05/26/2025 13:00:00,EDT,N.Y.C.,61761,4702.8591
05/26/2025 14:00:00,EDT,N.Y.C.,61761,4754.9219
05/26/2025 15:00:00,EDT,N.Y.C.,61761,4816.9639
05/26/2025 16:00:00,EDT,N.Y.C.,61761,4903.5804
05/26/2025 17:00:00,EDT,N.Y.C.,61761,4995.1272
05/26/2025 18:00:00,EDT,N.Y.C.,61761,5033.7733
05/26/2025 19:00:00,EDT,N.Y.C.,61761,5012.7323
05/26/2025 20:00:00,EDT,N.Y.C.,61761,4991.6825
05/26/2025 21:00:00,EDT,N.Y.C.,61761,4939.092
05/26/2025 22:00:00,EDT,N.Y.C.,61761,4742.6208
05/26/2025 23:00:00,EDT,N.Y.C.,61761,4467.5109
05/27/2025 00:00:00,EDT,N.Y.C.,61761,4219.6244
05/27/2025 01:00:00,EDT,N.Y.C.,61761,4027.1711
05/27/2025 02:00:00,EDT,N.Y.C.,61761,3903.368
05/27/2025 03:00:00,EDT,N.Y.C.,61761,3843.9544
05/27/2025 04:00:00,EDT,N.Y.C.,61761,3866.0959
05/27/2025 05:00:00,EDT,N.Y.C.,61761,4040.3787
05/27/2025 06:00:00,EDT,N.Y.C.,61761,4465.7557
05/27/2025 07:00:00,EDT,N.Y.C.,61761,4918.8621
05/27/2025 08:00:00,EDT,N.Y.C.,61761,5255.2017
05/27/2025 09:00:00,EDT,N.Y.C.,61761,5451.4572
05/27/2025 10:00:00,EDT,N.Y.C.,61761,5571.2418
05/27/2025 11:00:00,EDT,N.Y.C.,61761,5678.8239
05/27/2025 12:00:00,EDT,N.Y.C.,61761,5766.1985
05/27/2025 13:00:00,EDT,N.Y.C.,61761,5821.6714
05/27/2025 14:00:00,EDT,N.Y.C.,61761,5845.9779
05/27/2025 15:00:00,EDT,N.Y.C.,61761,5879.6588
05/27/2025 16:00:00,EDT,N.Y.C.,61761,5917.8752
05/27/2025 17:00:00,EDT,N.Y.C.,61761,5869.4984
05/27/2025 18:00:00,EDT,N.Y.C.,61761,5672.8697
05/27/2025 19:00:00,EDT,N.Y.C.,61761,5557.2886
05/27/2025 20:00:00,EDT,N.Y.C.,61761,5462.1556
05/27/2025 21:00:00,EDT,N.Y.C.,61761,5289.98
05/27/2025 22:00:00,EDT,N.Y.C.,61761,4996.2312
05/27/2025 23:00:00,EDT,N.Y.C.,61761,4674.3672
05/28/2025 00:00:00,EDT,N.Y.C.,61761,4393.2926
05/28/2025 01:00:00,EDT,N.Y.C.,61761,4207.78
05/28/2025 02:00:00,EDT,N.Y.C.,61761,4064.7864
05/28/2025 03:00:00,EDT,N.Y.C.,61761,3987.2268
05/28/2025 04:00:00,EDT,N.Y.C.,61761,3995.9881
05/28/2025 05:00:00,EDT,N.Y.C.,61761,4165.439
05/28/2025 06:00:00,EDT,N.Y.C.,61761,4554.1803
05/28/2025 07:00:00,EDT,N.Y.C.,61761,5027.5183
05/28/2025 08:00:00,EDT,N.Y.C.,61761,5317.0846
05/28/2025 09:00:00,EDT,N.Y.C.,61761,5469.4383
05/28/2025 10:00:00,EDT,N.Y.C.,61761,5550.8374
05/28/2025 11:00:00,EDT,N.Y.C.,61761,5612.5103
05/28/2025 12:00:00,EDT,N.Y.C.,61761,5620.7913
05/28/2025 13:00:00,EDT,N.Y.C.,61761,5589.8741
05/28/2025 14:00:00,EDT,N.Y.C.,61761,5550.6175
05/28/2025 15:00:00,EDT,N.Y.C.,61761,5566.0367
05/28/2025 16:00:00,EDT,N.Y.C.,61761,5614.2341
05/28/2025 17:00:00,EDT,N.Y.C.,61761,5607.8195
05/28/2025 18:00:00,EDT,N.Y.C.,61761,5489.871
05/28/2025 19:00:00,EDT,N.Y.C.,61761,5361.6194
05/28/2025 20:00:00,EDT,N.Y.C.,61761,5257.1993
05/28/2025 21:00:00,EDT,N.Y.C.,61761,5071.1729
05/28/2025 22:00:00,EDT,N.Y.C.,61761,4815.5196
05/28/2025 23:00:00,EDT,N.Y.C.,61761,4527.0416
05/29/2025 00:00:00,EDT,N.Y.C.,61761,4273.8473
05/29/2025 01:00:00,EDT,N.Y.C.,61761,4101.9863
05/29/2025 02:00:00,EDT,N.Y.C.,61761,3984.4821
05/29/2025 03:00:00,EDT,N.Y.C.,61761,3920.4273
05/29/2025 04:00:00,EDT,N.Y.C.,61761,3937.4943
05/29/2025 05:00:00,EDT,N.Y.C.,61761,4115.0921
05/29/2025 06:00:00,EDT,N.Y.C.,61761,4515.7829
05/29/2025 07:00:00,EDT,N.Y.C.,61761,4970.6784
05/29/2025 08:00:00,EDT,N.Y.C.,61761,5244.2798
05/29/2025 09:00:00,EDT,N.Y.C.,61761,5411.365
05/29/2025 10:00:00,EDT,N.Y.C.,61761,5512.4042
05/29/2025 11:00:00,EDT,N.Y.C.,61761,5582.3697
05/29/2025 12:00:00,EDT,N.Y.C.,61761,5629.626
05/29/2025 13:00:00,EDT,N.Y.C.,61761,5632.6593
05/29/2025 14:00:00,EDT,N.Y.C.,61761,5627.7144
05/29/2025 15:00:00,EDT,N.Y.C.,61761,5631.8371
05/29/2025 16:00:00,EDT,N.Y.C.,61761,5682.7112
05/29/2025 17:00:00,EDT,N.Y.C.,61761,5712.8357
05/29/2025 18:00:00,EDT,N.Y.C.,61761,5586.5031
05/29/2025 19:00:00,EDT,N.Y.C.,61761,5485.6654
05/29/2025 20:00:00,EDT,N.Y.C.,61761,5383.8235
05/29/2025 21:00:00,EDT,N.Y.C.,61761,5242.2765
05/29/2025 22:00:00,EDT,N.Y.C.,61761,4978.8735
05/29/2025 23:00:00,EDT,N.Y.C.,61761,4677.5898
05/30/2025 00:00:00,EDT,N.Y.C.,61761,4402.6092
05/30/2025 01:00:00,EDT,N.Y.C.,61761,4174.0931
05/30/2025 02:00:00,EDT,N.Y.C.,61761,4023.317
05/30/2025 03:00:00,EDT,N.Y.C.,61761,3946.6043
05/30/2025 04:00:00,EDT,N.Y.C.,61761,3964.9371
05/30/2025 05:00:00,EDT,N.Y.C.,61761,4162.137
05/30/2025 06:00:00,EDT,N.Y.C.,61761,4628.1335
05/30/2025 07:00:00,EDT,N.Y.C.,61761,5129.0603
05/30/2025 08:00:00,EDT,N.Y.C.,61761,5452.4381
05/30/2025 09:00:00,EDT,N.Y.C.,61761,5636.8621
05/30/2025 10:00:00,EDT,N.Y.C.,61761,5659.4185
05/30/2025 11:00:00,EDT,N.Y.C.,61761,5786.2317
05/30/2025 12:00:00,EDT,N.Y.C.,61761,5853.8391
05/30/2025 13:00:00,EDT,N.Y.C.,61761,5947.85
05/30/2025 14:00:00,EDT,N.Y.C.,61761,5986.7306
05/30/2025 15:00:00,EDT,N.Y.C.,61761,6063.1102
05/30/2025 16:00:00,EDT,N.Y.C.,61761,6125.382
05/30/2025 17:00:00,EDT,N.Y.C.,61761,6024.2097
05/30/2025 18:00:00,EDT,N.Y.C.,61761,5793.5384
05/30/2025 19:00:00,EDT,N.Y.C.,61761,5622.5517
05/30/2025 20:00:00,EDT,N.Y.C.,61761,5485.5289
05/30/2025 21:00:00,EDT,N.Y.C.,61761,5335.9691
05/30/2025 22:00:00,EDT,N.Y.C.,61761,5097.8823
05/30/2025 23:00:00,EDT,N.Y.C.,61761,4821.6883
05/31/2025 00:00:00,EDT,N.Y.C.,61761,4583.6869
05/31/2025 01:00:00,EDT,N.Y.C.,61761,4381.4889
05/31/2025 02:00:00,EDT,N.Y.C.,61761,4215.5918
05/31/2025 03:00:00,EDT,N.Y.C.,61761,4143.9582
05/31/2025 04:00:00,EDT,N.Y.C.,61761,4133.9279
05/31/2025 05:00:00,EDT,N.Y.C.,61761,4135.6789
05/31/2025 06:00:00,EDT,N.Y.C.,61761,4198.1254
05/31/2025 07:00:00,EDT,N.Y.C.,61761,4381.1909
05/31/2025 08:00:00,EDT,N.Y.C.,61761,4558.0008
05/31/2025 09:00:00,EDT,N.Y.C.,61761,4728.2096
05/31/2025 10:00:00,EDT,N.Y.C.,61761,4800.6091
05/31/2025 11:00:00,EDT,N.Y.C.,61761,4859.0828
05/31/2025 12:00:00,EDT,N.Y.C.,61761,4957.8344
05/31/2025 13:00:00,EDT,N.Y.C.,61761,4993.8337
05/31/2025 14:00:00,EDT,N.Y.C.,61761,5006.6394
05/31/2025 15:00:00,EDT,N.Y.C.,61761,4975.3324
05/31/2025 16:00:00,EDT,N.Y.C.,61761,4986.4979
05/31/2025 17:00:00,EDT,N.Y.C.,61761,4977.9659
05/31/2025 18:00:00,EDT,N.Y.C.,61761,4968.1529
05/31/2025 19:00:00,EDT,N.Y.C.,61761,4933.1501
05/31/2025 20:00:00,EDT,N.Y.C.,61761,4912.9464
05/31/2025 21:00:00,EDT,N.Y.C.,61761,4833.8834
05/31/2025 22:00:00,EDT,N.Y.C.,61761,4672.3419
05/31/2025 23:00:00,EDT,N.Y.C.,61761,4455.1126
06/01/2025 00:00:00,EDT,N.Y.C.,61761,4245.5177
06/01/2025 01:00:00,EDT,N.Y.C.,61761,4057.5953
06/01/2025 02:00:00,EDT,N.Y.C.,61761,3920.0517
06/01/2025 03:00:00,EDT,N.Y.C.,61761,3820.0192
06/01/2025 04:00:00,EDT,N.Y.C.,61761,3775.6069
06/01/2025 05:00:00,EDT,N.Y.C.,61761,3775.5754
06/01/2025 06:00:00,EDT,N.Y.C.,61761,3842.6076
06/01/2025 07:00:00,EDT,N.Y.C.,61761,3958.7971
06/01/2025 08:00:00,EDT,N.Y.C.,61761,4134.2518
06/01/2025 09:00:00,EDT,N.Y.C.,61761,4330.0939
06/01/2025 10:00:00,EDT,N.Y.C.,61761,4499.5677
06/01/2025 11:00:00,EDT,N.Y.C.,61761,4530.7756
06/01/2025 12:00:00,EDT,N.Y.C.,61761,4556.7177
06/01/2025 13:00:00,EDT,N.Y.C.,61761,4605.0947
06/01/2025 14:00:00,EDT,N.Y.C.,61761,4663.4991
06/01/2025 15:00:00,EDT,N.Y.C.,61761,4731.0879
06/01/2025 16:00:00,EDT,N.Y.C.,61761,4774.6453
06/01/2025 17:00:00,EDT,N.Y.C.,61761,4801.7607
06/01/2025 18:00:00,EDT,N.Y.C.,61761,4824.7353
06/01/2025 19:00:00,EDT,N.Y.C.,61761,4842.5044
06/01/2025 20:00:00,EDT,N.Y.C.,61761,4879.1288
06/01/2025 21:00:00,EDT,N.Y.C.,61761,4831.0414
06/01/2025 22:00:00,EDT,N.Y.C.,61761,4645.2729
06/01/2025 23:00:00,EDT,N.Y.C.,61761,4378.9883
06/02/2025 00:00:00,EDT,N.Y.C.,61761,4188.9453
06/02/2025 01:00:00,EDT,N.Y.C.,61761,4023.8734
06/02/2025 02:00:00,EDT,N.Y.C.,61761,3912.5852
06/02/2025 03:00:00,EDT,N.Y.C.,61761,3852.7101
06/02/2025 04:00:00,EDT,N.Y.C.,61761,3864.6332
06/02/2025 05:00:00,EDT,N.Y.C.,61761,4023.1665
06/02/2025 06:00:00,EDT,N.Y.C.,61761,4399.1833
06/02/2025 07:00:00,EDT,N.Y.C.,61761,4815.8137
06/02/2025 08:00:00,EDT,N.Y.C.,61761,5094.6747
06/02/2025 09:00:00,EDT,N.Y.C.,61761,5221.5626
06/02/2025 10:00:00,EDT,N.Y.C.,61761,5268.2131
06/02/2025 11:00:00,EDT,N.Y.C.,61761,5313.8722
06/02/2025 12:00:00,EDT,N.Y.C.,61761,5364.7057
06/02/2025 13:00:00,EDT,N.Y.C.,61761,5416.071
06/02/2025 14:00:00,EDT,N.Y.C.,61761,5499.7481
06/02/2025 15:00:00,EDT,N.Y.C.,61761,5573.9362
06/02/2025 16:00:00,EDT,N.Y.C.,61761,5655.7849
06/02/2025 17:00:00,EDT,N.Y.C.,61761,5653.6116
06/02/2025 18:00:00,EDT,N.Y.C.,61761,5519.8274
06/02/2025 19:00:00,EDT,N.Y.C.,61761,5413.969
06/02/2025 20:00:00,EDT,N.Y.C.,61761,5330.0609
06/02/2025 21:00:00,EDT,N.Y.C.,61761,5186.8373
06/02/2025 22:00:00,EDT,N.Y.C.,61761,4905.1757
06/02/2025 23:00:00,EDT,N.Y.C.,61761,4596.2257
06/03/2025 00:00:00,EDT,N.Y.C.,61761,4328.6762
06/03/2025 01:00:00,EDT,N.Y.C.,61761,4162.1239
06/03/2025 02:00:00,EDT,N.Y.C.,61761,4026.2728
06/03/2025 03:00:00,EDT,N.Y.C.,61761,3942.368
06/03/2025 04:00:00,EDT,N.Y.C.,61761,3953.3029
06/03/2025 05:00:00,EDT,N.Y.C.,61761,4132.9687
06/03/2025 06:00:00,EDT,N.Y.C.,61761,4562.0086
06/03/2025 07:00:00,EDT,N.Y.C.,61761,5016.205
06/03/2025 08:00:00,EDT,N.Y.C.,61761,5349.3475
06/03/2025 09:00:00,EDT,N.Y.C.,61761,5530.029
06/03/2025 10:00:00,EDT,N.Y.C.,61761,5609.3504
06/03/2025 11:00:00,EDT,N.Y.C.,61761,5692.4683
06/03/2025 12:00:00,EDT,N.Y.C.,61761,5752.3627
06/03/2025 13:00:00,EDT,N.Y.C.,61761,5808.1822
06/03/2025 14:00:00,EDT,N.Y.C.,61761,5878.3667
06/03/2025 15:00:00,EDT,N.Y.C.,61761,5995.6277
06/03/2025 16:00:00,EDT,N.Y.C.,61761,6092.9817
06/03/2025 17:00:00,EDT,N.Y.C.,61761,6084.2041
06/03/2025 18:00:00,EDT,N.Y.C.,61761,5878.8801
06/03/2025 19:00:00,EDT,N.Y.C.,61761,5705.7918
06/03/2025 20:00:00,EDT,N.Y.C.,61761,5564.2035
06/03/2025 21:00:00,EDT,N.Y.C.,61761,5427.851
06/03/2025 22:00:00,EDT,N.Y.C.,61761,5140.8771
06/03/2025 23:00:00,EDT,N.Y.C.,61761,4814.9731
06/04/2025 00:00:00,EDT,N.Y.C.,61761,4546.7419
06/04/2025 01:00:00,EDT,N.Y.C.,61761,4346.8215
06/04/2025 02:00:00,EDT,N.Y.C.,61761,4213.2889
06/04/2025 03:00:00,EDT,N.Y.C.,61761,4104.6085
06/04/2025 04:00:00,EDT,N.Y.C.,61761,4098.0035
06/04/2025 05:00:00,EDT,N.Y.C.,61761,4299.2875
06/04/2025 06:00:00,EDT,N.Y.C.,61761,4733.9208
06/04/2025 07:00:00,EDT,N.Y.C.,61761,5235.2601
06/04/2025 08:00:00,EDT,N.Y.C.,61761,5592.4823
06/04/2025 09:00:00,EDT,N.Y.C.,61761,5854.9778
06/04/2025 10:00:00,EDT,N.Y.C.,61761,5997.0462
06/04/2025 11:00:00,EDT,N.Y.C.,61761,6138.1233
06/04/2025 12:00:00,EDT,N.Y.C.,61761,6263.7644
06/04/2025 13:00:00,EDT,N.Y.C.,61761,6430.1116
06/04/2025 14:00:00,EDT,N.Y.C.,61761,6544.6358
06/04/2025 15:00:00,EDT,N.Y.C.,61761,6641.6595
06/04/2025 16:00:00,EDT,N.Y.C.,61761,6769.5328
06/04/2025 17:00:00,EDT,N.Y.C.,61761,6786.3237
06/04/2025 18:00:00,EDT,N.Y.C.,61761,6586.6004
06/04/2025 19:00:00,EDT,N.Y.C.,61761,6391.0439
06/04/2025 20:00:00,EDT,N.Y.C.,61761,6236.1234
06/04/2025 21:00:00,EDT,N.Y.C.,61761,6148.9089
06/04/2025 22:00:00,EDT,N.Y.C.,61761,5885.6987
06/04/2025 23:00:00,EDT,N.Y.C.,61761,5536.6739
06/05/2025 00:00:00,EDT,N.Y.C.,61761,5213.6961
06/05/2025 01:00:00,EDT,N.Y.C.,61761,4973.2548
06/05/2025 02:00:00,EDT,N.Y.C.,61761,4784.875
06/05/2025 03:00:00,EDT,N.Y.C.,61761,4671.8792
06/05/2025 04:00:00,EDT,N.Y.C.,61761,4652.5686
06/05/2025 05:00:00,EDT,N.Y.C.,61761,4810.8746
06/05/2025 06:00:00,EDT,N.Y.C.,61761,5279.979
06/05/2025 07:00:00,EDT,N.Y.C.,61761,5814.622
06/05/2025 08:00:00,EDT,N.Y.C.,61761,6250.6175
06/05/2025 09:00:00,EDT,N.Y.C.,61761,6577.339
06/05/2025 10:00:00,EDT,N.Y.C.,61761,6758.4704
06/05/2025 11:00:00,EDT,N.Y.C.,61761,6992.7028
06/05/2025 12:00:00,EDT,N.Y.C.,61761,7203.9781
06/05/2025 13:00:00,EDT,N.Y.C.,61761,7398.1608
06/05/2025 14:00:00,EDT,N.Y.C.,61761,7562.3562
06/05/2025 15:00:00,EDT,N.Y.C.,61761,7762.2425
06/05/2025 16:00:00,EDT,N.Y.C.,61761,7909.7837
06/05/2025 17:00:00,EDT,N.Y.C.,61761,7932.439
06/05/2025 18:00:00,EDT,N.Y.C.,61761,7696.8505
06/05/2025 19:00:00,EDT,N.Y.C.,61761,7441.2511
06/05/2025 20:00:00,EDT,N.Y.C.,61761,7241.3273
06/05/2025 21:00:00,EDT,N.Y.C.,61761,7091.4009
06/05/2025 22:00:00,EDT,N.Y.C.,61761,6784.7952
06/05/2025 23:00:00,EDT,N.Y.C.,61761,6379.1337
06/06/2025 00:00:00,EDT,N.Y.C.,61761,6012.7983
06/06/2025 01:00:00,EDT,N.Y.C.,61761,5697.5617
06/06/2025 02:00:00,EDT,N.Y.C.,61761,5454.0882
06/06/2025 03:00:00,EDT,N.Y.C.,61761,5291.7878
06/06/2025 04:00:00,EDT,N.Y.C.,61761,5237.1118
06/06/2025 05:00:00,EDT,N.Y.C.,61761,5360.3531
06/06/2025 06:00:00,EDT,N.Y.C.,61761,5796.0038
06/06/2025 07:00:00,EDT,N.Y.C.,61761,6298.5248
06/06/2025 08:00:00,EDT,N.Y.C.,61761,6732.5802
06/06/2025 09:00:00,EDT,N.Y.C.,61761,7118.9447
06/06/2025 10:00:00,EDT,N.Y.C.,61761,7399.5503
06/06/2025 11:00:00,EDT,N.Y.C.,61761,7616.7293
06/06/2025 12:00:00,EDT,N.Y.C.,61761,7717.0325
06/06/2025 13:00:00,EDT,N.Y.C.,61761,7775.2844
06/06/2025 14:00:00,EDT,N.Y.C.,61761,7884.3856
06/06/2025 15:00:00,EDT,N.Y.C.,61761,7963.1733
06/06/2025 16:00:00,EDT,N.Y.C.,61761,8078.9463
06/06/2025 17:00:00,EDT,N.Y.C.,61761,7987.9027
06/06/2025 18:00:00,EDT,N.Y.C.,61761,7566.8595
06/06/2025 19:00:00,EDT,N.Y.C.,61761,7366.9026
06/06/2025 20:00:00,EDT,N.Y.C.,61761,7191.2148
06/06/2025 21:00:00,EDT,N.Y.C.,61761,7011.5887
06/06/2025 22:00:00,EDT,N.Y.C.,61761,6736.2052
06/06/2025 23:00:00,EDT,N.Y.C.,61761,6390.1047
06/07/2025 00:00:00,EDT,N.Y.C.,61761,6036.2131
06/07/2025 01:00:00,EDT,N.Y.C.,61761,5745.3795
06/07/2025 02:00:00,EDT,N.Y.C.,61761,5545.5878
06/07/2025 03:00:00,EDT,N.Y.C.,61761,5428.7445
06/07/2025 04:00:00,EDT,N.Y.C.,61761,5351.5085
06/07/2025 05:00:00,EDT,N.Y.C.,61761,5316.0033
06/07/2025 06:00:00,EDT,N.Y.C.,61761,5399.5725
06/07/2025 07:00:00,EDT,N.Y.C.,61761,5599.1409
06/07/2025 08:00:00,EDT,N.Y.C.,61761,5844.384
06/07/2025 09:00:00,EDT,N.Y.C.,61761,6146.171
06/07/2025 10:00:00,EDT,N.Y.C.,61761,6359.7637
06/07/2025 11:00:00,EDT,N.Y.C.,61761,6570.8166
06/07/2025 12:00:00,EDT,N.Y.C.,61761,6647.0435
06/07/2025 13:00:00,EDT,N.Y.C.,61761,6617.3831
06/07/2025 14:00:00,EDT,N.Y.C.,61761,6507.6029
06/07/2025 15:00:00,EDT,N.Y.C.,61761,6479.4992
06/07/2025 16:00:00,EDT,N.Y.C.,61761,6552.3655
06/07/2025 17:00:00,EDT,N.Y.C.,61761,6696.7367
06/07/2025 18:00:00,EDT,N.Y.C.,61761,6655.8311
06/07/2025 19:00:00,EDT,N.Y.C.,61761,6442.1738
06/07/2025 20:00:00,EDT,N.Y.C.,61761,6273.5694
06/07/2025 21:00:00,EDT,N.Y.C.,61761,6162.3349
06/07/2025 22:00:00,EDT,N.Y.C.,61761,5958.3795
06/07/2025 23:00:00,EDT,N.Y.C.,61761,5677.6021
06/08/2025 00:00:00,EDT,N.Y.C.,61761,5389.8875
06/08/2025 01:00:00,EDT,N.Y.C.,61761,5149.2528
06/08/2025 02:00:00,EDT,N.Y.C.,61761,4949.7776
06/08/2025 03:00:00,EDT,N.Y.C.,61761,4801.1481
06/08/2025 04:00:00,EDT,N.Y.C.,61761,4701.7836
06/08/2025 05:00:00,EDT,N.Y.C.,61761,4651.2933
06/08/2025 06:00:00,EDT,N.Y.C.,61761,4702.9346
06/08/2025 07:00:00,EDT,N.Y.C.,61761,4889.9549
06/08/2025 08:00:00,EDT,N.Y.C.,61761,5142.5071
06/08/2025 09:00:00,EDT,N.Y.C.,61761,5380.5977
06/08/2025 10:00:00,EDT,N.Y.C.,61761,5604.9043
06/08/2025 11:00:00,EDT,N.Y.C.,61761,5729.7139
06/08/2025 12:00:00,EDT,N.Y.C.,61761,5793.7532
06/08/2025 13:00:00,EDT,N.Y.C.,61761,5898.9482
06/08/2025 14:00:00,EDT,N.Y.C.,61761,5931.4249
06/08/2025 15:00:00,EDT,N.Y.C.,61761,5948.0103
06/08/2025 16:00:00,EDT,N.Y.C.,61761,5903.9145
06/08/2025 17:00:00,EDT,N.Y.C.,61761,5857.2579
06/08/2025 18:00:00,EDT,N.Y.C.,61761,5806.0664
06/08/2025 19:00:00,EDT,N.Y.C.,61761,5731.3891
06/08/2025 20:00:00,EDT,N.Y.C.,61761,5696.052
06/08/2025 21:00:00,EDT,N.Y.C.,61761,5607.3914
06/08/2025 22:00:00,EDT,N.Y.C.,61761,5406.7796
06/08/2025 23:00:00,EDT,N.Y.C.,61761,5135.9944
06/09/2025 00:00:00,EDT,N.Y.C.,61761,4884.6223
06/09/2025 01:00:00,EDT,N.Y.C.,61761,4676.5573
06/09/2025 02:00:00,EDT,N.Y.C.,61761,4536.4653
06/09/2025 03:00:00,EDT,N.Y.C.,61761,4451.6707
06/09/2025 04:00:00,EDT,N.Y.C.,61761,4464.4364
06/09/2025 05:00:00,EDT,N.Y.C.,61761,4673.1196
06/09/2025 06:00:00,EDT,N.Y.C.,61761,5091.3144
06/09/2025 07:00:00,EDT,N.Y.C.,61761,5548.087
06/09/2025 08:00:00,EDT,N.Y.C.,61761,5862.8519
06/09/2025 09:00:00,EDT,N.Y.C.,61761,6058.9727
06/09/2025 10:00:00,EDT,N.Y.C.,61761,6095.4337
06/09/2025 11:00:00,EDT,N.Y.C.,61761,6127.9902
06/09/2025 12:00:00,EDT,N.Y.C.,61761,6155.858
06/09/2025 13:00:00,EDT,N.Y.C.,61761,6135.11
06/09/2025 14:00:00,EDT,N.Y.C.,61761,6133.1256
06/09/2025 15:00:00,EDT,N.Y.C.,61761,6130.7986
06/09/2025 16:00:00,EDT,N.Y.C.,61761,6146.7014
06/09/2025 17:00:00,EDT,N.Y.C.,61761,6104.7719
06/09/2025 18:00:00,EDT,N.Y.C.,61761,5895.0844
06/09/2025 19:00:00,EDT,N.Y.C.,61761,5787.0219
06/09/2025 20:00:00,EDT,N.Y.C.,61761,5681.3692
06/09/2025 21:00:00,EDT,N.Y.C.,61761,5527.1877
06/09/2025 22:00:00,EDT,N.Y.C.,61761,5256.1079
06/09/2025 23:00:00,EDT,N.Y.C.,61761,4959.946
06/10/2025 00:00:00,EDT,N.Y.C.,61761,4687.7913
06/10/2025 01:00:00,EDT,N.Y.C.,61761,4492.7016
06/10/2025 02:00:00,EDT,N.Y.C.,61761,4354.3782
06/10/2025 03:00:00,EDT,N.Y.C.,61761,4276.8149
06/10/2025 04:00:00,EDT,N.Y.C.,61761,4293.9757
06/10/2025 05:00:00,EDT,N.Y.C.,61761,4488.8652
06/10/2025 06:00:00,EDT,N.Y.C.,61761,4951.3622
06/10/2025 07:00:00,EDT,N.Y.C.,61761,5478.2486
06/10/2025 08:00:00,EDT,N.Y.C.,61761,5847.4434
06/10/2025 09:00:00,EDT,N.Y.C.,61761,6034.7879
06/10/2025 10:00:00,EDT,N.Y.C.,61761,6126.5424
06/10/2025 11:00:00,EDT,N.Y.C.,61761,6210.0748
06/10/2025 12:00:00,EDT,N.Y.C.,61761,6206.631
06/10/2025 13:00:00,EDT,N.Y.C.,61761,6229.6242
06/10/2025 14:00:00,EDT,N.Y.C.,61761,6247.3122
06/10/2025 15:00:00,EDT,N.Y.C.,61761,6358.9803
06/10/2025 16:00:00,EDT,N.Y.C.,61761,6482.1199
06/10/2025 17:00:00,EDT,N.Y.C.,61761,6599.861
06/10/2025 18:00:00,EDT,N.Y.C.,61761,6489.5055
06/10/2025 19:00:00,EDT,N.Y.C.,61761,6306.4428
06/10/2025 20:00:00,EDT,N.Y.C.,61761,6115.4536
06/10/2025 21:00:00,EDT,N.Y.C.,61761,5995.6718
06/10/2025 22:00:00,EDT,N.Y.C.,61761,5724.9882
06/10/2025 23:00:00,EDT,N.Y.C.,61761,5375.1752
06/11/2025 00:00:00,EDT,N.Y.C.,61761,5075.5219
06/11/2025 01:00:00,EDT,N.Y.C.,61761,4817.9205
06/11/2025 02:00:00,EDT,N.Y.C.,61761,4641.153
06/11/2025 03:00:00,EDT,N.Y.C.,61761,4531.4278
06/11/2025 04:00:00,EDT,N.Y.C.,61761,4520.6298
06/11/2025 05:00:00,EDT,N.Y.C.,61761,4690.3537
06/11/2025 06:00:00,EDT,N.Y.C.,61761,5156.6198
06/11/2025 07:00:00,EDT,N.Y.C.,61761,5695.8836
06/11/2025 08:00:00,EDT,N.Y.C.,61761,6117.7109
06/11/2025 09:00:00,EDT,N.Y.C.,61761,6341.1639
06/11/2025 10:00:00,EDT,N.Y.C.,61761,6460.4608
06/11/2025 11:00:00,EDT,N.Y.C.,61761,6577.2482
06/11/2025 12:00:00,EDT,N.Y.C.,61761,6678.1127
06/11/2025 13:00:00,EDT,N.Y.C.,61761,6792.4699
06/11/2025 14:00:00,EDT,N.Y.C.,61761,6900.4361
06/11/2025 15:00:00,EDT,N.Y.C.,61761,7057.0601
06/11/2025 16:00:00,EDT,N.Y.C.,61761,7197.1464
06/11/2025 17:00:00,EDT,N.Y.C.,61761,7233.2706
06/11/2025 18:00:00,EDT,N.Y.C.,61761,7047.0383
06/11/2025 19:00:00,EDT,N.Y.C.,61761,6845.9256
06/11/2025 20:00:00,EDT,N.Y.C.,61761,6641.3448
06/11/2025 21:00:00,EDT,N.Y.C.,61761,6512.5564
06/11/2025 22:00:00,EDT,N.Y.C.,61761,6220.442
06/11/2025 23:00:00,EDT,N.Y.C.,61761,5849.6451
06/12/2025 00:00:00,EDT,N.Y.C.,61761,5510.678
06/12/2025 01:00:00,EDT,N.Y.C.,61761,5218.8107
06/12/2025 02:00:00,EDT,N.Y.C.,61761,5026.9587
06/12/2025 03:00:00,EDT,N.Y.C.,61761,4903.8981
06/12/2025 04:00:00,EDT,N.Y.C.,61761,4885.1642
06/12/2025 05:00:00,EDT,N.Y.C.,61761,5038.0513
06/12/2025 06:00:00,EDT,N.Y.C.,61761,5532.5982
06/12/2025 07:00:00,EDT,N.Y.C.,61761,6100.5067
06/12/2025 08:00:00,EDT,N.Y.C.,61761,6548.1187
06/12/2025 09:00:00,EDT,N.Y.C.,61761,6887.6134
06/12/2025 10:00:00,EDT,N.Y.C.,61761,7109.1017
06/12/2025 11:00:00,EDT,N.Y.C.,61761,7342.849
06/12/2025 12:00:00,EDT,N.Y.C.,61761,7556.9746
06/12/2025 13:00:00,EDT,N.Y.C.,61761,7763.0391
06/12/2025 14:00:00,EDT,N.Y.C.,61761,7940.5037
06/12/2025 15:00:00,EDT,N.Y.C.,61761,8198.4785
06/12/2025 16:00:00,EDT,N.Y.C.,61761,8422.246
06/12/2025 17:00:00,EDT,N.Y.C.,61761,8387.5615
06/12/2025 18:00:00,EDT,N.Y.C.,61761,8072.603
06/12/2025 19:00:00,EDT,N.Y.C.,61761,7768.0193
06/12/2025 20:00:00,EDT,N.Y.C.,61761,7517.4376
06/12/2025 21:00:00,EDT,N.Y.C.,61761,7347.7594
06/12/2025 22:00:00,EDT,N.Y.C.,61761,6972.3467
06/12/2025 23:00:00,EDT,N.Y.C.,61761,6487.1685
06/13/2025 00:00:00,EDT,N.Y.C.,61761,6066.3256
06/13/2025 01:00:00,EDT,N.Y.C.,61761,5721.2717
06/13/2025 02:00:00,EDT,N.Y.C.,61761,5447.1404
06/13/2025 03:00:00,EDT,N.Y.C.,61761,5251.7691
06/13/2025 04:00:00,EDT,N.Y.C.,61761,5154.1706
06/13/2025 05:00:00,EDT,N.Y.C.,61761,5242.4547
06/13/2025 06:00:00,EDT,N.Y.C.,61761,5606.4993
06/13/2025 07:00:00,EDT,N.Y.C.,61761,6035.4738
06/13/2025 08:00:00,EDT,N.Y.C.,61761,6350.2894
06/13/2025 09:00:00,EDT,N.Y.C.,61761,6566.2905
06/13/2025 10:00:00,EDT,N.Y.C.,61761,6673.7225
06/13/2025 11:00:00,EDT,N.Y.C.,61761,6807.1698
06/13/2025 12:00:00,EDT,N.Y.C.,61761,6911.2727
06/13/2025 13:00:00,EDT,N.Y.C.,61761,6972.0258
06/13/2025 14:00:00,EDT,N.Y.C.,61761,6992.7464
06/13/2025 15:00:00,EDT,N.Y.C.,61761,7045.9672
06/13/2025 16:00:00,EDT,N.Y.C.,61761,7097.6981
06/13/2025 17:00:00,EDT,N.Y.C.,61761,7082.3619
06/13/2025 18:00:00,EDT,N.Y.C.,61761,6781.4551
06/13/2025 19:00:00,EDT,N.Y.C.,61761,6525.5677
06/13/2025 20:00:00,EDT,N.Y.C.,61761,6329.9926
06/13/2025 21:00:00,EDT,N.Y.C.,61761,6157.3605
06/13/2025 22:00:00,EDT,N.Y.C.,61761,5894.9694
06/13/2025 23:00:00,EDT,N.Y.C.,61761,5598.0183
06/14/2025 00:00:00,EDT,N.Y.C.,61761,5326.9282
06/14/2025 01:00:00,EDT,N.Y.C.,61761,5095.9105
06/14/2025 02:00:00,EDT,N.Y.C.,61761,4904.9062
06/14/2025 03:00:00,EDT,N.Y.C.,61761,4774.3518
06/14/2025 04:00:00,EDT,N.Y.C.,61761,4710.5393
06/14/2025 05:00:00,EDT,N.Y.C.,61761,4704.1645
06/14/2025 06:00:00,EDT,N.Y.C.,61761,4772.8763
06/14/2025 07:00:00,EDT,N.Y.C.,61761,4908.0543
06/14/2025 08:00:00,EDT,N.Y.C.,61761,5067.1633
06/14/2025 09:00:00,EDT,N.Y.C.,61761,5258.2883
06/14/2025 10:00:00,EDT,N.Y.C.,61761,5405.4076
06/14/2025 11:00:00,EDT,N.Y.C.,61761,5451.6028
06/14/2025 12:00:00,EDT,N.Y.C.,61761,5465.2597
06/14/2025 13:00:00,EDT,N.Y.C.,61761,5434.2196
06/14/2025 14:00:00,EDT,N.Y.C.,61761,5383.8513
06/14/2025 15:00:00,EDT,N.Y.C.,61761,5335.8687
06/14/2025 16:00:00,EDT,N.Y.C.,61761,5300.8829
06/14/2025 17:00:00,EDT,N.Y.C.,61761,5328.7834
06/14/2025 18:00:00,EDT,N.Y.C.,61761,5302.7231
06/14/2025 19:00:00,EDT,N.Y.C.,61761,5253.6252
06/14/2025 20:00:00,EDT,N.Y.C.,61761,5194.3273
06/14/2025 21:00:00,EDT,N.Y.C.,61761,5098.3209
06/14/2025 22:00:00,EDT,N.Y.C.,61761,4929.6529
06/14/2025 23:00:00,EDT,N.Y.C.,61761,4727.7009
06/15/2025 00:00:00,EDT,N.Y.C.,61761,4538.7597
06/15/2025 01:00:00,EDT,N.Y.C.,61761,4363.3718
06/15/2025 02:00:00,EDT,N.Y.C.,61761,4210.2774
06/15/2025 03:00:00,EDT,N.Y.C.,61761,4107.3624
06/15/2025 04:00:00,EDT,N.Y.C.,61761,4058.0118
06/15/2025 05:00:00,EDT,N.Y.C.,61761,4059.7664
06/15/2025 06:00:00,EDT,N.Y.C.,61761,4127.0219
06/15/2025 07:00:00,EDT,N.Y.C.,61761,4270.8786
06/15/2025 08:00:00,EDT,N.Y.C.,61761,4464.5263
06/15/2025 09:00:00,EDT,N.Y.C.,61761,4653.1471
06/15/2025 10:00:00,EDT,N.Y.C.,61761,4825.0206
06/15/2025 11:00:00,EDT,N.Y.C.,61761,4952.1073
06/15/2025 12:00:00,EDT,N.Y.C.,61761,4975.0338
06/15/2025 13:00:00,EDT,N.Y.C.,61761,4999.2803
06/15/2025 14:00:00,EDT,N.Y.C.,61761,4990.7363
06/15/2025 15:00:00,EDT,N.Y.C.,61761,5018.6159
06/15/2025 16:00:00,EDT,N.Y.C.,61761,5048.7114
06/15/2025 17:00:00,EDT,N.Y.C.,61761,5057.7915
06/15/2025 18:00:00,EDT,N.Y.C.,61761,5048.9427
06/15/2025 19:00:00,EDT,N.Y.C.,61761,5036.9001
06/15/2025 20:00:00,EDT,N.Y.C.,61761,5054.9015
06/15/2025 21:00:00,EDT,N.Y.C.,61761,4993.8222
06/15/2025 22:00:00,EDT,N.Y.C.,61761,4840.7849
06/15/2025 23:00:00,EDT,N.Y.C.,61761,4621.2413
06/16/2025 00:00:00,EDT,N.Y.C.,61761,4411.9794
06/16/2025 01:00:00,EDT,N.Y.C.,61761,4246.6545
06/16/2025 02:00:00,EDT,N.Y.C.,61761,4134.0713
06/16/2025 03:00:00,EDT,N.Y.C.,61761,4056.7275
06/16/2025 04:00:00,EDT,N.Y.C.,61761,4088.4281
06/16/2025 05:00:00,EDT,N.Y.C.,61761,4291.5111
06/16/2025 06:00:00,EDT,N.Y.C.,61761,4729.9428
06/16/2025 07:00:00,EDT,N.Y.C.,61761,5210.9186
06/16/2025 08:00:00,EDT,N.Y.C.,61761,5547.733
06/16/2025 09:00:00,EDT,N.Y.C.,61761,5719.0223
06/16/2025 10:00:00,EDT,N.Y.C.,61761,5797.8665
06/16/2025 11:00:00,EDT,N.Y.C.,61761,5846.9049
06/16/2025 12:00:00,EDT,N.Y.C.,61761,5895.747
06/16/2025 13:00:00,EDT,N.Y.C.,61761,5893.2367
06/16/2025 14:00:00,EDT,N.Y.C.,61761,5849.2513
06/16/2025 15:00:00,EDT,N.Y.C.,61761,5925.3725
06/16/2025 16:00:00,EDT,N.Y.C.,61761,5978.7218
06/16/2025 17:00:00,EDT,N.Y.C.,61761,5944.7892
06/16/2025 18:00:00,EDT,N.Y.C.,61761,5781.9679
06/16/2025 19:00:00,EDT,N.Y.C.,61761,5661.0356
06/16/2025 20:00:00,EDT,N.Y.C.,61761,5558.4754
06/16/2025 21:00:00,EDT,N.Y.C.,61761,5417.0766
06/16/2025 22:00:00,EDT,N.Y.C.,61761,5159.2352
06/16/2025 23:00:00,EDT,N.Y.C.,61761,4841.5337
06/17/2025 00:00:00,EDT,N.Y.C.,61761,4560.1099
06/17/2025 01:00:00,EDT,N.Y.C.,61761,4367.8807
06/17/2025 02:00:00,EDT,N.Y.C.,61761,4239.8944
06/17/2025 03:00:00,EDT,N.Y.C.,61761,4167.6823
06/17/2025 04:00:00,EDT,N.Y.C.,61761,4195.6986
06/17/2025 05:00:00,EDT,N.Y.C.,61761,4386.4411
06/17/2025 06:00:00,EDT,N.Y.C.,61761,4822.2362
06/17/2025 07:00:00,EDT,N.Y.C.,61761,5314.5149
06/17/2025 08:00:00,EDT,N.Y.C.,61761,5663.5519
06/17/2025 09:00:00,EDT,N.Y.C.,61761,5870.8839
06/17/2025 10:00:00,EDT,N.Y.C.,61761,5965.3452
06/17/2025 11:00:00,EDT,N.Y.C.,61761,6049.5756
06/17/2025 12:00:00,EDT,N.Y.C.,61761,6087.9828
06/17/2025 13:00:00,EDT,N.Y.C.,61761,6119.9436
06/17/2025 14:00:00,EDT,N.Y.C.,61761,6133.8309
06/17/2025 15:00:00,EDT,N.Y.C.,61761,6129.9396
06/17/2025 16:00:00,EDT,N.Y.C.,61761,6151.7902
06/17/2025 17:00:00,EDT,N.Y.C.,61761,6149.4479
06/17/2025 18:00:00,EDT,N.Y.C.,61761,5975.6603
06/17/2025 19:00:00,EDT,N.Y.C.,61761,5853.4718
06/17/2025 20:00:00,EDT,N.Y.C.,61761,5751.5261
06/17/2025 21:00:00,EDT,N.Y.C.,61761,5614.1032
06/17/2025 22:00:00,EDT,N.Y.C.,61761,5354.415
06/17/2025 23:00:00,EDT,N.Y.C.,61761,5027.5116
06/18/2025 00:00:00,EDT,N.Y.C.,61761,4741.6189
06/18/2025 01:00:00,EDT,N.Y.C.,61761,4545.6704
06/18/2025 02:00:00,EDT,N.Y.C.,61761,4422.2611
06/18/2025 03:00:00,EDT,N.Y.C.,61761,4348.7662
06/18/2025 04:00:00,EDT,N.Y.C.,61761,4372.6308
06/18/2025 05:00:00,EDT,N.Y.C.,61761,4579.596
06/18/2025 06:00:00,EDT,N.Y.C.,61761,5044.5858
06/18/2025 07:00:00,EDT,N.Y.C.,61761,5568.4163
06/18/2025 08:00:00,EDT,N.Y.C.,61761,5926.3519
06/18/2025 09:00:00,EDT,N.Y.C.,61761,6156.599
06/18/2025 10:00:00,EDT,N.Y.C.,61761,6305.2682
06/18/2025 11:00:00,EDT,N.Y.C.,61761,6408.8146
06/18/2025 12:00:00,EDT,N.Y.C.,61761,6585.9123
06/18/2025 13:00:00,EDT,N.Y.C.,61761,6798.9104
06/18/2025 14:00:00,EDT,N.Y.C.,61761,7010.1292
06/18/2025 15:00:00,EDT,N.Y.C.,61761,7323.1802
06/18/2025 16:00:00,EDT,N.Y.C.,61761,7568.188
06/18/2025 17:00:00,EDT,N.Y.C.,61761,7625.99
06/18/2025 18:00:00,EDT,N.Y.C.,61761,7323.8092
06/18/2025 19:00:00,EDT,N.Y.C.,61761,6996.7132
06/18/2025 20:00:00,EDT,N.Y.C.,61761,6738.1755
06/18/2025 21:00:00,EDT,N.Y.C.,61761,6572.3084
06/18/2025 22:00:00,EDT,N.Y.C.,61761,6279.117
06/18/2025 23:00:00,EDT,N.Y.C.,61761,5923.0197
06/19/2025 00:00:00,EDT,N.Y.C.,61761,5605.8374
06/19/2025 01:00:00,EDT,N.Y.C.,61761,5344.5961
06/19/2025 02:00:00,EDT,N.Y.C.,61761,5161.4441
06/19/2025 03:00:00,EDT,N.Y.C.,61761,5061.1717
06/19/2025 04:00:00,EDT,N.Y.C.,61761,5076.0433
06/19/2025 05:00:00,EDT,N.Y.C.,61761,5240.7813
06/19/2025 06:00:00,EDT,N.Y.C.,61761,5686.1829
06/19/2025 07:00:00,EDT,N.Y.C.,61761,6222.651
06/19/2025 08:00:00,EDT,N.Y.C.,61761,6699.4765
06/19/2025 09:00:00,EDT,N.Y.C.,61761,7136.901
06/19/2025 10:00:00,EDT,N.Y.C.,61761,7512.1906
06/19/2025 11:00:00,EDT,N.Y.C.,61761,7838.2103
06/19/2025 12:00:00,EDT,N.Y.C.,61761,8071.2892
06/19/2025 13:00:00,EDT,N.Y.C.,61761,8150.0359
06/19/2025 14:00:00,EDT,N.Y.C.,61761,8091.3905
06/19/2025 15:00:00,EDT,N.Y.C.,61761,8291.2642
06/19/2025 16:00:00,EDT,N.Y.C.,61761,8267.1829
06/19/2025 17:00:00,EDT,N.Y.C.,61761,7982.3684
06/19/2025 18:00:00,EDT,N.Y.C.,61761,7967.9931
06/19/2025 19:00:00,EDT,N.Y.C.,61761,7609.0518
06/19/2025 20:00:00,EDT,N.Y.C.,61761,7274.2322
06/19/2025 21:00:00,EDT,N.Y.C.,61761,6988.1073
06/19/2025 22:00:00,EDT,N.Y.C.,61761,6630.5375
06/19/2025 23:00:00,EDT,N.Y.C.,61761,6236.2887
06/20/2025 00:00:00,EDT,N.Y.C.,61761,5878.2408
06/20/2025 01:00:00,EDT,N.Y.C.,61761,5603.235
06/20/2025 02:00:00,EDT,N.Y.C.,61761,5398.4972
06/20/2025 03:00:00,EDT,N.Y.C.,61761,5142.6506
06/20/2025 04:00:00,EDT,N.Y.C.,61761,5023.2417
06/20/2025 05:00:00,EDT,N.Y.C.,61761,5106.262
06/20/2025 06:00:00,EDT,N.Y.C.,61761,5498.1778
06/20/2025 07:00:00,EDT,N.Y.C.,61761,5941.2655
06/20/2025 08:00:00,EDT,N.Y.C.,61761,6293.125
06/20/2025 09:00:00,EDT,N.Y.C.,61761,6533.6209
06/20/2025 10:00:00,EDT,N.Y.C.,61761,6689.9735
06/20/2025 11:00:00,EDT,N.Y.C.,61761,6853.5401
06/20/2025 12:00:00,EDT,N.Y.C.,61761,7005.7848
06/20/2025 13:00:00,EDT,N.Y.C.,61761,7151.053
06/20/2025 14:00:00,EDT,N.Y.C.,61761,7257.4326
06/20/2025 15:00:00,EDT,N.Y.C.,61761,7438.4022
06/20/2025 16:00:00,EDT,N.Y.C.,61761,7584.6441
06/20/2025 17:00:00,EDT,N.Y.C.,61761,7623.1547
06/20/2025 18:00:00,EDT,N.Y.C.,61761,7381.5213
06/20/2025 19:00:00,EDT,N.Y.C.,61761,7174.1106
06/20/2025 20:00:00,EDT,N.Y.C.,61761,6992.1196
06/20/2025 21:00:00,EDT,N.Y.C.,61761,6852.738
06/20/2025 22:00:00,EDT,N.Y.C.,61761,6604.4295
06/20/2025 23:00:00,EDT,N.Y.C.,61761,6280.0048
06/21/2025 00:00:00,EDT,N.Y.C.,61761,5955.7732
06/21/2025 01:00:00,EDT,N.Y.C.,61761,5669.954
06/21/2025 02:00:00,EDT,N.Y.C.,61761,5436.371
06/21/2025 03:00:00,EDT,N.Y.C.,61761,5291.3299
06/21/2025 04:00:00,EDT,N.Y.C.,61761,5207.2043
06/21/2025 05:00:00,EDT,N.Y.C.,61761,5171.0275
06/21/2025 06:00:00,EDT,N.Y.C.,61761,5294.7802
06/21/2025 07:00:00,EDT,N.Y.C.,61761,5602.0842
06/21/2025 08:00:00,EDT,N.Y.C.,61761,5950.0848
06/21/2025 09:00:00,EDT,N.Y.C.,61761,6261.3259
06/21/2025 10:00:00,EDT,N.Y.C.,61761,6560.3561
06/21/2025 11:00:00,EDT,N.Y.C.,61761,6792.7399
06/21/2025 12:00:00,EDT,N.Y.C.,61761,7007.2014
06/21/2025 13:00:00,EDT,N.Y.C.,61761,7122.3724
06/21/2025 14:00:00,EDT,N.Y.C.,61761,7269.0605
06/21/2025 15:00:00,EDT,N.Y.C.,61761,7399.6519
06/21/2025 16:00:00,EDT,N.Y.C.,61761,7379.7916
06/21/2025 17:00:00,EDT,N.Y.C.,61761,7330.2008
06/21/2025 18:00:00,EDT,N.Y.C.,61761,7174.6705
06/21/2025 19:00:00,EDT,N.Y.C.,61761,7050.4006
06/21/2025 20:00:00,EDT,N.Y.C.,61761,6997.0954
06/21/2025 21:00:00,EDT,N.Y.C.,61761,6986.4512
06/21/2025 22:00:00,EDT,N.Y.C.,61761,6896.9282
06/21/2025 23:00:00,EDT,N.Y.C.,61761,6693.6434
06/22/2025 00:00:00,EDT,N.Y.C.,61761,6426.1217
06/22/2025 01:00:00,EDT,N.Y.C.,61761,6166.8745
06/22/2025 02:00:00,EDT,N.Y.C.,61761,5940.8883
06/22/2025 03:00:00,EDT,N.Y.C.,61761,5790.812
06/22/2025 04:00:00,EDT,N.Y.C.,61761,5685.7995
06/22/2025 05:00:00,EDT,N.Y.C.,61761,5637.2699
06/22/2025 06:00:00,EDT,N.Y.C.,61761,5683.8403
06/22/2025 07:00:00,EDT,N.Y.C.,61761,5863.7544
06/22/2025 08:00:00,EDT,N.Y.C.,61761,6070.9094
06/22/2025 09:00:00,EDT,N.Y.C.,61761,6267.5112
06/22/2025 10:00:00,EDT,N.Y.C.,61761,6428.6628
06/22/2025 11:00:00,EDT,N.Y.C.,61761,6541.8627
06/22/2025 12:00:00,EDT,N.Y.C.,61761,6726.0063
06/22/2025 13:00:00,EDT,N.Y.C.,61761,6986.7665
06/22/2025 14:00:00,EDT,N.Y.C.,61761,7230.4287
06/22/2025 15:00:00,EDT,N.Y.C.,61761,7539.0887
06/22/2025 16:00:00,EDT,N.Y.C.,61761,7837.95
06/22/2025 17:00:00,EDT,N.Y.C.,61761,8116.5537
06/22/2025 18:00:00,EDT,N.Y.C.,61761,8262.943
06/22/2025 19:00:00,EDT,N.Y.C.,61761,8281.7185
06/22/2025 20:00:00,EDT,N.Y.C.,61761,8307.6452
06/22/2025 21:00:00,EDT,N.Y.C.,61761,8346.635
06/22/2025 22:00:00,EDT,N.Y.C.,61761,8118.4323
06/22/2025 23:00:00,EDT,N.Y.C.,61761,7775.8977
06/23/2025 00:00:00,EDT,N.Y.C.,61761,7465.356
06/23/2025 01:00:00,EDT,N.Y.C.,61761,7183.559
06/23/2025 02:00:00,EDT,N.Y.C.,61761,6962.919
06/23/2025 03:00:00,EDT,N.Y.C.,61761,6833.9145
06/23/2025 04:00:00,EDT,N.Y.C.,61761,6839.2863
06/23/2025 05:00:00,EDT,N.Y.C.,61761,7017.1156
06/23/2025 06:00:00,EDT,N.Y.C.,61761,7533.9703
06/23/2025 07:00:00,EDT,N.Y.C.,61761,8197.4773
06/23/2025 08:00:00,EDT,N.Y.C.,61761,8829.8249
06/23/2025 09:00:00,EDT,N.Y.C.,61761,9308.9257
06/23/2025 10:00:00,EDT,N.Y.C.,61761,9598.4086
06/23/2025 11:00:00,EDT,N.Y.C.,61761,9772.4212
06/23/2025 12:00:00,EDT,N.Y.C.,61761,9958.149
06/23/2025 13:00:00,EDT,N.Y.C.,61761,10101.3427
06/23/2025 14:00:00,EDT,N.Y.C.,61761,10089.2367
06/23/2025 15:00:00,EDT,N.Y.C.,61761,10187.1665
06/23/2025 16:00:00,EDT,N.Y.C.,61761,10201.9681
06/23/2025 17:00:00,EDT,N.Y.C.,61761,10174.9763
06/23/2025 18:00:00,EDT,N.Y.C.,61761,9909.9388
06/23/2025 19:00:00,EDT,N.Y.C.,61761,9643.3249
06/23/2025 20:00:00,EDT,N.Y.C.,61761,9537.3174
06/23/2025 21:00:00,EDT,N.Y.C.,61761,9500.7046
06/23/2025 22:00:00,EDT,N.Y.C.,61761,9193.7076
06/23/2025 23:00:00,EDT,N.Y.C.,61761,8721.0415
06/24/2025 00:00:00,EDT,N.Y.C.,61761,8301.594
06/24/2025 01:00:00,EDT,N.Y.C.,61761,7980.7353
06/24/2025 02:00:00,EDT,N.Y.C.,61761,7698.5394
06/24/2025 03:00:00,EDT,N.Y.C.,61761,7531.2528
06/24/2025 04:00:00,EDT,N.Y.C.,61761,7520.6151
06/24/2025 05:00:00,EDT,N.Y.C.,61761,7644.223
06/24/2025 06:00:00,EDT,N.Y.C.,61761,8020.1521
06/24/2025 07:00:00,EDT,N.Y.C.,61761,8645.5409
06/24/2025 08:00:00,EDT,N.Y.C.,61761,9225.7925
06/24/2025 09:00:00,EDT,N.Y.C.,61761,9601.0284
06/24/2025 10:00:00,EDT,N.Y.C.,61761,9842.3409
06/24/2025 11:00:00,EDT,N.Y.C.,61761,10030.1152
06/24/2025 12:00:00,EDT,N.Y.C.,61761,10216.7613
06/24/2025 13:00:00,EDT,N.Y.C.,61761,10380.4827
06/24/2025 14:00:00,EDT,N.Y.C.,61761,10430.3156
06/24/2025 15:00:00,EDT,N.Y.C.,61761,10595.1965
06/24/2025 16:00:00,EDT,N.Y.C.,61761,10689.9381
06/24/2025 17:00:00,EDT,N.Y.C.,61761,10727.4321
06/24/2025 18:00:00,EDT,N.Y.C.,61761,10619.0912
06/24/2025 19:00:00,EDT,N.Y.C.,61761,10416.966
06/24/2025 20:00:00,EDT,N.Y.C.,61761,10222.5035
06/24/2025 21:00:00,EDT,N.Y.C.,61761,10080.7923
06/24/2025 22:00:00,EDT,N.Y.C.,61761,9709.6965
06/24/2025 23:00:00,EDT,N.Y.C.,61761,9192.8342
06/25/2025 00:00:00,EDT,N.Y.C.,61761,8724.415
06/25/2025 01:00:00,EDT,N.Y.C.,61761,8346.9203
06/25/2025 02:00:00,EDT,N.Y.C.,61761,8058.7221
06/25/2025 03:00:00,EDT,N.Y.C.,61761,7855.9907
06/25/2025 04:00:00,EDT,N.Y.C.,61761,7792.0698
06/25/2025 05:00:00,EDT,N.Y.C.,61761,7887.2864
06/25/2025 06:00:00,EDT,N.Y.C.,61761,8314.9341
06/25/2025 07:00:00,EDT,N.Y.C.,61761,8939.996
06/25/2025 08:00:00,EDT,N.Y.C.,61761,9472.164
06/25/2025 09:00:00,EDT,N.Y.C.,61761,9893.0209
06/25/2025 10:00:00,EDT,N.Y.C.,61761,10143.9887
06/25/2025 11:00:00,EDT,N.Y.C.,61761,10274.1444
06/25/2025 12:00:00,EDT,N.Y.C.,61761,10398.3518
06/25/2025 13:00:00,EDT,N.Y.C.,61761,10533.5124
06/25/2025 14:00:00,EDT,N.Y.C.,61761,10591.2232
06/25/2025 15:00:00,EDT,N.Y.C.,61761,10780.8562
06/25/2025 16:00:00,EDT,N.Y.C.,61761,10817.3727
06/25/2025 17:00:00,EDT,N.Y.C.,61761,10825.2966
06/25/2025 18:00:00,EDT,N.Y.C.,61761,10629.7424
06/25/2025 19:00:00,EDT,N.Y.C.,61761,10321.3277
06/25/2025 20:00:00,EDT,N.Y.C.,61761,10160.7986
06/25/2025 21:00:00,EDT,N.Y.C.,61761,9969.8858
06/25/2025 22:00:00,EDT,N.Y.C.,61761,9561.3106
06/25/2025 23:00:00,EDT,N.Y.C.,61761,9044.1964
06/26/2025 00:00:00,EDT,N.Y.C.,61761,8546.339
06/26/2025 01:00:00,EDT,N.Y.C.,61761,8188.7778
06/26/2025 02:00:00,EDT,N.Y.C.,61761,7939.5152
06/26/2025 03:00:00,EDT,N.Y.C.,61761,7716.7926
06/26/2025 04:00:00,EDT,N.Y.C.,61761,7617.3051
06/26/2025 05:00:00,EDT,N.Y.C.,61761,7682.9715
06/26/2025 06:00:00,EDT,N.Y.C.,61761,8025.7243
06/26/2025 07:00:00,EDT,N.Y.C.,61761,8340.7312
06/26/2025 08:00:00,EDT,N.Y.C.,61761,8505.4015
06/26/2025 09:00:00,EDT,N.Y.C.,61761,8457.0669
06/26/2025 10:00:00,EDT,N.Y.C.,61761,8090.26
06/26/2025 11:00:00,EDT,N.Y.C.,61761,7886.0736
06/26/2025 12:00:00,EDT,N.Y.C.,61761,7805.3842
06/26/2025 13:00:00,EDT,N.Y.C.,61761,7738.525
06/26/2025 14:00:00,EDT,N.Y.C.,61761,7687.4436
06/26/2025 15:00:00,EDT,N.Y.C.,61761,7686.8905
06/26/2025 16:00:00,EDT,N.Y.C.,61761,7587.226
06/26/2025 17:00:00,EDT,N.Y.C.,61761,7436.4292
06/26/2025 18:00:00,EDT,N.Y.C.,61761,7050.9435
06/26/2025 19:00:00,EDT,N.Y.C.,61761,6805.3542
06/26/2025 20:00:00,EDT,N.Y.C.,61761,6649.5406
06/26/2025 21:00:00,EDT,N.Y.C.,61761,6532.2011
06/26/2025 22:00:00,EDT,N.Y.C.,61761,6301.6959
06/26/2025 23:00:00,EDT,N.Y.C.,61761,5990.5577
06/27/2025 00:00:00,EDT,N.Y.C.,61761,5721.4299
06/27/2025 01:00:00,EDT,N.Y.C.,61761,5485.1407
06/27/2025 02:00:00,EDT,N.Y.C.,61761,5290.9017
06/27/2025 03:00:00,EDT,N.Y.C.,61761,5165.4465
06/27/2025 04:00:00,EDT,N.Y.C.,61761,5134.6606
06/27/2025 05:00:00,EDT,N.Y.C.,61761,5273.7042
06/27/2025 06:00:00,EDT,N.Y.C.,61761,5610.8701
06/27/2025 07:00:00,EDT,N.Y.C.,61761,5980.8108
06/27/2025 08:00:00,EDT,N.Y.C.,61761,6244.6458
06/27/2025 09:00:00,EDT,N.Y.C.,61761,6398.6557
06/27/2025 10:00:00,EDT,N.Y.C.,61761,6461.7675
06/27/2025 11:00:00,EDT,N.Y.C.,61761,6454.8409
06/27/2025 12:00:00,EDT,N.Y.C.,61761,6453.1763
06/27/2025 13:00:00,EDT,N.Y.C.,61761,6508.0523
06/27/2025 14:00:00,EDT,N.Y.C.,61761,6439.964
06/27/2025 15:00:00,EDT,N.Y.C.,61761,6369.8017
06/27/2025 16:00:00,EDT,N.Y.C.,61761,6332.0211
06/27/2025 17:00:00,EDT,N.Y.C.,61761,6262.483
06/27/2025 18:00:00,EDT,N.Y.C.,61761,6036.3805
06/27/2025 19:00:00,EDT,N.Y.C.,61761,5860.5674
06/27/2025 20:00:00,EDT,N.Y.C.,61761,5784.1614
06/27/2025 21:00:00,EDT,N.Y.C.,61761,5674.0663
06/27/2025 22:00:00,EDT,N.Y.C.,61761,5489.7133
06/27/2025 23:00:00,EDT,N.Y.C.,61761,5268.4109
06/28/2025 00:00:00,EDT,N.Y.C.,61761,5063.4661
06/28/2025 01:00:00,EDT,N.Y.C.,61761,4891.449
06/28/2025 02:00:00,EDT,N.Y.C.,61761,4751.2047
06/28/2025 03:00:00,EDT,N.Y.C.,61761,4654.2448
06/28/2025 04:00:00,EDT,N.Y.C.,61761,4616.4364
06/28/2025 05:00:00,EDT,N.Y.C.,61761,4653.4791
06/28/2025 06:00:00,EDT,N.Y.C.,61761,4789.6434
06/28/2025 07:00:00,EDT,N.Y.C.,61761,5006.1133
06/28/2025 08:00:00,EDT,N.Y.C.,61761,5238.0592
06/28/2025 09:00:00,EDT,N.Y.C.,61761,5472.6118
06/28/2025 10:00:00,EDT,N.Y.C.,61761,5701.7422
06/28/2025 11:00:00,EDT,N.Y.C.,61761,5899.9997
06/28/2025 12:00:00,EDT,N.Y.C.,61761,6176.6847
06/28/2025 13:00:00,EDT,N.Y.C.,61761,6303.3407
06/28/2025 14:00:00,EDT,N.Y.C.,61761,6521.6984
06/28/2025 15:00:00,EDT,N.Y.C.,61761,6793.851
06/28/2025 16:00:00,EDT,N.Y.C.,61761,7049.3905
06/28/2025 17:00:00,EDT,N.Y.C.,61761,7221.0056
06/28/2025 18:00:00,EDT,N.Y.C.,61761,7253.8351
06/28/2025 19:00:00,EDT,N.Y.C.,61761,7109.3128
06/28/2025 20:00:00,EDT,N.Y.C.,61761,6992.8016
06/28/2025 21:00:00,EDT,N.Y.C.,61761,7010.2791
06/28/2025 22:00:00,EDT,N.Y.C.,61761,6922.5692
06/28/2025 23:00:00,EDT,N.Y.C.,61761,6748.1472
06/29/2025 00:00:00,EDT,N.Y.C.,61761,6524.8587
06/29/2025 01:00:00,EDT,N.Y.C.,61761,6322.0051
06/29/2025 02:00:00,EDT,N.Y.C.,61761,6117.0844
06/29/2025 03:00:00,EDT,N.Y.C.,61761,5963.8095
06/29/2025 04:00:00,EDT,N.Y.C.,61761,5864.176
06/29/2025 05:00:00,EDT,N.Y.C.,61761,5818.559
06/29/2025 06:00:00,EDT,N.Y.C.,61761,5881.0882
06/29/2025 07:00:00,EDT,N.Y.C.,61761,6130.0013
06/29/2025 08:00:00,EDT,N.Y.C.,61761,6431.8593
06/29/2025 09:00:00,EDT,N.Y.C.,61761,6739.8482
06/29/2025 10:00:00,EDT,N.Y.C.,61761,7055.9173
06/29/2025 11:00:00,EDT,N.Y.C.,61761,7333.9423
06/29/2025 12:00:00,EDT,N.Y.C.,61761,7553.2126
06/29/2025 13:00:00,EDT,N.Y.C.,61761,7714.3194
06/29/2025 14:00:00,EDT,N.Y.C.,61761,7808.27
06/29/2025 15:00:00,EDT,N.Y.C.,61761,7955.2118
06/29/2025 16:00:00,EDT,N.Y.C.,61761,8066.7826
06/29/2025 17:00:00,EDT,N.Y.C.,61761,8201.9335
06/29/2025 18:00:00,EDT,N.Y.C.,61761,8203.9612
06/29/2025 19:00:00,EDT,N.Y.C.,61761,8098.2685
06/29/2025 20:00:00,EDT,N.Y.C.,61761,7949.1476
06/29/2025 21:00:00,EDT,N.Y.C.,61761,7895.576
06/29/2025 22:00:00,EDT,N.Y.C.,61761,7684.99
06/29/2025 23:00:00,EDT,N.Y.C.,61761,7339.232
06/30/2025 00:00:00,EDT,N.Y.C.,61761,7007.3034
06/30/2025 01:00:00,EDT,N.Y.C.,61761,6703.7121
06/30/2025 02:00:00,EDT,N.Y.C.,61761,6473.4398
06/30/2025 03:00:00,EDT,N.Y.C.,61761,6259.9895
06/30/2025 04:00:00,EDT,N.Y.C.,61761,6136.3876
06/30/2025 05:00:00,EDT,N.Y.C.,61761,6204.5086
06/30/2025 06:00:00,EDT,N.Y.C.,61761,6596.1228
06/30/2025 07:00:00,EDT,N.Y.C.,61761,7087.9235
06/30/2025 08:00:00,EDT,N.Y.C.,61761,7557.4121
06/30/2025 09:00:00,EDT,N.Y.C.,61761,7966.0294
06/30/2025 10:00:00,EDT,N.Y.C.,61761,8291.6987
06/30/2025 11:00:00,EDT,N.Y.C.,61761,8621.2118
06/30/2025 12:00:00,EDT,N.Y.C.,61761,8828.3854
06/30/2025 13:00:00,EDT,N.Y.C.,61761,9038.9722
06/30/2025 14:00:00,EDT,N.Y.C.,61761,9089.8283
06/30/2025 15:00:00,EDT,N.Y.C.,61761,9238.7298
06/30/2025 16:00:00,EDT,N.Y.C.,61761,9291.0844
06/30/2025 17:00:00,EDT,N.Y.C.,61761,9292.3154
06/30/2025 18:00:00,EDT,N.Y.C.,61761,8906.3485
06/30/2025 19:00:00,EDT,N.Y.C.,61761,8622.5252
06/30/2025 20:00:00,EDT,N.Y.C.,61761,8433.2225
06/30/2025 21:00:00,EDT,N.Y.C.,61761,8280.7456
06/30/2025 22:00:00,EDT,N.Y.C.,61761,7950.7861
06/30/2025 23:00:00,EDT,N.Y.C.,61761,7526.2034
07/01/2025 00:00:00,EDT,N.Y.C.,61761,7139.1662
07/01/2025 01:00:00,EDT,N.Y.C.,61761,6864.5743
07/01/2025 02:00:00,EDT,N.Y.C.,61761,6656.1881
07/01/2025 03:00:00,EDT,N.Y.C.,61761,6490.4417
07/01/2025 04:00:00,EDT,N.Y.C.,61761,6435.2205
07/01/2025 05:00:00,EDT,N.Y.C.,61761,6579.7601
07/01/2025 06:00:00,EDT,N.Y.C.,61761,7020.6895
07/01/2025 07:00:00,EDT,N.Y.C.,61761,7470.6068
07/01/2025 08:00:00,EDT,N.Y.C.,61761,7821.6482
07/01/2025 09:00:00,EDT,N.Y.C.,61761,8195.8516
07/01/2025 10:00:00,EDT,N.Y.C.,61761,8575.2977
07/01/2025 11:00:00,EDT,N.Y.C.,61761,8821.3734
07/01/2025 12:00:00,EDT,N.Y.C.,61761,9090.1515
07/01/2025 13:00:00,EDT,N.Y.C.,61761,9383.6278
07/01/2025 14:00:00,EDT,N.Y.C.,61761,9652.3856
07/01/2025 15:00:00,EDT,N.Y.C.,61761,9659.7817
07/01/2025 16:00:00,EDT,N.Y.C.,61761,9622.3882
07/01/2025 17:00:00,EDT,N.Y.C.,61761,9262.4348
07/01/2025 18:00:00,EDT,N.Y.C.,61761,8797.1023
07/01/2025 19:00:00,EDT,N.Y.C.,61761,8496.7098
07/01/2025 20:00:00,EDT,N.Y.C.,61761,8244.4037
07/01/2025 21:00:00,EDT,N.Y.C.,61761,7957.0985
07/01/2025 22:00:00,EDT,N.Y.C.,61761,7535.4094
07/01/2025 23:00:00,EDT,N.Y.C.,61761,7129.5036
07/02/2025 00:00:00,EDT,N.Y.C.,61761,6793.6429
07/02/2025 01:00:00,EDT,N.Y.C.,61761,6540.554
07/02/2025 02:00:00,EDT,N.Y.C.,61761,6354.5976
07/02/2025 03:00:00,EDT,N.Y.C.,61761,6224.8432
07/02/2025 04:00:00,EDT,N.Y.C.,61761,6199.2477
07/02/2025 05:00:00,EDT,N.Y.C.,61761,6318.7157
07/02/2025 06:00:00,EDT,N.Y.C.,61761,6715.9317
07/02/2025 07:00:00,EDT,N.Y.C.,61761,7099.4676
07/02/2025 08:00:00,EDT,N.Y.C.,61761,7420.812
07/02/2025 09:00:00,EDT,N.Y.C.,61761,7660.6328
07/02/2025 10:00:00,EDT,N.Y.C.,61761,7815.3368
07/02/2025 11:00:00,EDT,N.Y.C.,61761,7989.2733
07/02/2025 12:00:00,EDT,N.Y.C.,61761,8123.4533
07/02/2025 13:00:00,EDT,N.Y.C.,61761,8224.6821
07/02/2025 14:00:00,EDT,N.Y.C.,61761,8337.5499
07/02/2025 15:00:00,EDT,N.Y.C.,61761,8528.6592
07/02/2025 16:00:00,EDT,N.Y.C.,61761,8632.4476
07/02/2025 17:00:00,EDT,N.Y.C.,61761,8609.8145
07/02/2025 18:00:00,EDT,N.Y.C.,61761,8314.5133
07/02/2025 19:00:00,EDT,N.Y.C.,61761,8083.8302
07/02/2025 20:00:00,EDT,N.Y.C.,61761,7847.0276
07/02/2025 21:00:00,EDT,N.Y.C.,61761,7696.0761
07/02/2025 22:00:00,EDT,N.Y.C.,61761,7413.2349
07/02/2025 23:00:00,EDT,N.Y.C.,61761,7053.6233
07/03/2025 00:00:00,EDT,N.Y.C.,61761,6738.7214
07/03/2025 01:00:00,EDT,N.Y.C.,61761,6452.6617
07/03/2025 02:00:00,EDT,N.Y.C.,61761,6212.4714
07/03/2025 03:00:00,EDT,N.Y.C.,61761,6026.6284
07/03/2025 04:00:00,EDT,N.Y.C.,61761,5960.6118
07/03/2025 05:00:00,EDT,N.Y.C.,61761,6045.6701
07/03/2025 06:00:00,EDT,N.Y.C.,61761,6480.161
07/03/2025 07:00:00,EDT,N.Y.C.,61761,7002.1706
07/03/2025 08:00:00,EDT,N.Y.C.,61761,7408.4326
07/03/2025 09:00:00,EDT,N.Y.C.,61761,7747.7011
07/03/2025 10:00:00,EDT,N.Y.C.,61761,7961.0828
07/03/2025 11:00:00,EDT,N.Y.C.,61761,8165.0173
07/03/2025 12:00:00,EDT,N.Y.C.,61761,8322.1995
07/03/2025 13:00:00,EDT,N.Y.C.,61761,8488.6035
07/03/2025 14:00:00,EDT,N.Y.C.,61761,8562.456
07/03/2025 15:00:00,EDT,N.Y.C.,61761,8637.2711
07/03/2025 16:00:00,EDT,N.Y.C.,61761,8745.9889
07/03/2025 17:00:00,EDT,N.Y.C.,61761,8658.2854
07/03/2025 18:00:00,EDT,N.Y.C.,61761,8065.998
07/03/2025 19:00:00,EDT,N.Y.C.,61761,7479.9965
07/03/2025 20:00:00,EDT,N.Y.C.,61761,7193.5289
07/03/2025 21:00:00,EDT,N.Y.C.,61761,7013.6607
07/03/2025 22:00:00,EDT,N.Y.C.,61761,6695.6579
07/03/2025 23:00:00,EDT,N.Y.C.,61761,6344.967
07/04/2025 00:00:00,EDT,N.Y.C.,61761,6025.2172
07/04/2025 01:00:00,EDT,N.Y.C.,61761,5748.0002
07/04/2025 02:00:00,EDT,N.Y.C.,61761,5524.4432
07/04/2025 03:00:00,EDT,N.Y.C.,61761,5353.1792
07/04/2025 04:00:00,EDT,N.Y.C.,61761,5238.214
07/04/2025 05:00:00,EDT,N.Y.C.,61761,5204.3241
07/04/2025 06:00:00,EDT,N.Y.C.,61761,5293.3505
07/04/2025 07:00:00,EDT,N.Y.C.,61761,5487.7433
07/04/2025 08:00:00,EDT,N.Y.C.,61761,5667.5608
07/04/2025 09:00:00,EDT,N.Y.C.,61761,5890.3073
07/04/2025 10:00:00,EDT,N.Y.C.,61761,6083.2441
07/04/2025 11:00:00,EDT,N.Y.C.,61761,6221.1756
07/04/2025 12:00:00,EDT,N.Y.C.,61761,6292.8159
07/04/2025 13:00:00,EDT,N.Y.C.,61761,6363.906
07/04/2025 14:00:00,EDT,N.Y.C.,61761,6477.644
07/04/2025 15:00:00,EDT,N.Y.C.,61761,6594.7866
07/04/2025 16:00:00,EDT,N.Y.C.,61761,6724.2606
07/04/2025 17:00:00,EDT,N.Y.C.,61761,6801.311
07/04/2025 18:00:00,EDT,N.Y.C.,61761,6747.6861
07/04/2025 19:00:00,EDT,N.Y.C.,61761,6623.5105
07/04/2025 20:00:00,EDT,N.Y.C.,61761,6472.8237
07/04/2025 21:00:00,EDT,N.Y.C.,61761,6361.4052
07/04/2025 22:00:00,EDT,N.Y.C.,61761,6247.6115
07/04/2025 23:00:00,EDT,N.Y.C.,61761,6092.398
07/05/2025 00:00:00,EDT,N.Y.C.,61761,5860.8072
07/05/2025 01:00:00,EDT,N.Y.C.,61761,5625.8816
07/05/2025 02:00:00,EDT,N.Y.C.,61761,5423.1918
07/05/2025 03:00:00,EDT,N.Y.C.,61761,5264.7118
07/05/2025 04:00:00,EDT,N.Y.C.,61761,5169.7256
07/05/2025 05:00:00,EDT,N.Y.C.,61761,5120.4713
07/05/2025 06:00:00,EDT,N.Y.C.,61761,5187.7008
07/05/2025 07:00:00,EDT,N.Y.C.,61761,5374.8332
07/05/2025 08:00:00,EDT,N.Y.C.,61761,5617.6204
07/05/2025 09:00:00,EDT,N.Y.C.,61761,5903.5414
07/05/2025 10:00:00,EDT,N.Y.C.,61761,6158.1262
07/05/2025 11:00:00,EDT,N.Y.C.,61761,6329.6648
07/05/2025 12:00:00,EDT,N.Y.C.,61761,6487.6253
07/05/2025 13:00:00,EDT,N.Y.C.,61761,6601.1446
07/05/2025 14:00:00,EDT,N.Y.C.,61761,6748.2337
07/05/2025 15:00:00,EDT,N.Y.C.,61761,6911.4514
07/05/2025 16:00:00,EDT,N.Y.C.,61761,7038.3372
07/05/2025 17:00:00,EDT,N.Y.C.,61761,7115.0066
07/05/2025 18:00:00,EDT,N.Y.C.,61761,7098.3408
07/05/2025 19:00:00,EDT,N.Y.C.,61761,6988.1223
07/05/2025 20:00:00,EDT,N.Y.C.,61761,6882.5316
07/05/2025 21:00:00,EDT,N.Y.C.,61761,6850.6246
07/05/2025 22:00:00,EDT,N.Y.C.,61761,6716.571
07/05/2025 23:00:00,EDT,N.Y.C.,61761,6500.6204
07/06/2025 00:00:00,EDT,N.Y.C.,61761,6233.7322
07/06/2025 01:00:00,EDT,N.Y.C.,61761,5942.9764
07/06/2025 02:00:00,EDT,N.Y.C.,61761,5699.4924
07/06/2025 03:00:00,EDT,N.Y.C.,61761,5524.6056
07/06/2025 04:00:00,EDT,N.Y.C.,61761,5426.8945
07/06/2025 05:00:00,EDT,N.Y.C.,61761,5380.4279
07/06/2025 06:00:00,EDT,N.Y.C.,61761,5429.2779
07/06/2025 07:00:00,EDT,N.Y.C.,61761,5621.7855
07/06/2025 08:00:00,EDT,N.Y.C.,61761,5882.9792
07/06/2025 09:00:00,EDT,N.Y.C.,61761,6216.3408
07/06/2025 10:00:00,EDT,N.Y.C.,61761,6565.971
07/06/2025 11:00:00,EDT,N.Y.C.,61761,6853.7703
07/06/2025 12:00:00,EDT,N.Y.C.,61761,7061.8715
07/06/2025 13:00:00,EDT,N.Y.C.,61761,7241.8017
07/06/2025 14:00:00,EDT,N.Y.C.,61761,7377.6726
07/06/2025 15:00:00,EDT,N.Y.C.,61761,7521.0151
07/06/2025 16:00:00,EDT,N.Y.C.,61761,7694.0885
07/06/2025 17:00:00,EDT,N.Y.C.,61761,7860.665
07/06/2025 18:00:00,EDT,N.Y.C.,61761,7920.2652
07/06/2025 19:00:00,EDT,N.Y.C.,61761,7880.3478
07/06/2025 20:00:00,EDT,N.Y.C.,61761,7799.1479
07/06/2025 21:00:00,EDT,N.Y.C.,61761,7797.7616
07/06/2025 22:00:00,EDT,N.Y.C.,61761,7643.0067
07/06/2025 23:00:00,EDT,N.Y.C.,61761,7348.0705
07/07/2025 00:00:00,EDT,N.Y.C.,61761,7075.1057
07/07/2025 01:00:00,EDT,N.Y.C.,61761,6842.2643
07/07/2025 02:00:00,EDT,N.Y.C.,61761,6653.6641
07/07/2025 03:00:00,EDT,N.Y.C.,61761,6538.3092
07/07/2025 04:00:00,EDT,N.Y.C.,61761,6550.6288
07/07/2025 05:00:00,EDT,N.Y.C.,61761,6716.4847
07/07/2025 06:00:00,EDT,N.Y.C.,61761,7118.6827
07/07/2025 07:00:00,EDT,N.Y.C.,61761,7589.7099
07/07/2025 08:00:00,EDT,N.Y.C.,61761,7983.4641
07/07/2025 09:00:00,EDT,N.Y.C.,61761,8283.6291
07/07/2025 10:00:00,EDT,N.Y.C.,61761,8584.2782
07/07/2025 11:00:00,EDT,N.Y.C.,61761,8884.8592
07/07/2025 12:00:00,EDT,N.Y.C.,61761,9027.8143
07/07/2025 13:00:00,EDT,N.Y.C.,61761,9209.1254
07/07/2025 14:00:00,EDT,N.Y.C.,61761,9358.0803
07/07/2025 15:00:00,EDT,N.Y.C.,61761,9437.0587
07/07/2025 16:00:00,EDT,N.Y.C.,61761,9355.4576
07/07/2025 17:00:00,EDT,N.Y.C.,61761,9180.3166
07/07/2025 18:00:00,EDT,N.Y.C.,61761,8834.5341
07/07/2025 19:00:00,EDT,N.Y.C.,61761,8659.4532
07/07/2025 20:00:00,EDT,N.Y.C.,61761,8515.9927
07/07/2025 21:00:00,EDT,N.Y.C.,61761,8381.8712
07/07/2025 22:00:00,EDT,N.Y.C.,61761,8025.6786
07/07/2025 23:00:00,EDT,N.Y.C.,61761,7604.191
07/08/2025 00:00:00,EDT,N.Y.C.,61761,7223.969
07/08/2025 01:00:00,EDT,N.Y.C.,61761,6942.8693
07/08/2025 02:00:00,EDT,N.Y.C.,61761,6743.0179
07/08/2025 03:00:00,EDT,N.Y.C.,61761,6652.6253
07/08/2025 04:00:00,EDT,N.Y.C.,61761,6669.7947
07/08/2025 05:00:00,EDT,N.Y.C.,61761,6866.4175
07/08/2025 06:00:00,EDT,N.Y.C.,61761,7356.7808
07/08/2025 07:00:00,EDT,N.Y.C.,61761,7961.7596
07/08/2025 08:00:00,EDT,N.Y.C.,61761,8451.4713
07/08/2025 09:00:00,EDT,N.Y.C.,61761,8869.3972
07/08/2025 10:00:00,EDT,N.Y.C.,61761,9177.1753
07/08/2025 11:00:00,EDT,N.Y.C.,61761,9460.7322
07/08/2025 12:00:00,EDT,N.Y.C.,61761,9696.3019
07/08/2025 13:00:00,EDT,N.Y.C.,61761,9938.2632
07/08/2025 14:00:00,EDT,N.Y.C.,61761,10083.0932
07/08/2025 15:00:00,EDT,N.Y.C.,61761,10222.8361
07/08/2025 16:00:00,EDT,N.Y.C.,61761,10258.4394
07/08/2025 17:00:00,EDT,N.Y.C.,61761,10199.9344
07/08/2025 18:00:00,EDT,N.Y.C.,61761,9841.5244
07/08/2025 19:00:00,EDT,N.Y.C.,61761,9567.2332
07/08/2025 20:00:00,EDT,N.Y.C.,61761,8878.4316
07/08/2025 21:00:00,EDT,N.Y.C.,61761,8489.9106
07/08/2025 22:00:00,EDT,N.Y.C.,61761,8116.3367
07/08/2025 23:00:00,EDT,N.Y.C.,61761,7680.7227
07/09/2025 00:00:00,EDT,N.Y.C.,61761,7296.8797
07/09/2025 01:00:00,EDT,N.Y.C.,61761,6981.9684
07/09/2025 02:00:00,EDT,N.Y.C.,61761,6756.7076
07/09/2025 03:00:00,EDT,N.Y.C.,61761,6601.1855
07/09/2025 04:00:00,EDT,N.Y.C.,61761,6585.4913
07/09/2025 05:00:00,EDT,N.Y.C.,61761,6747.2435
07/09/2025 06:00:00,EDT,N.Y.C.,61761,7189.8056
07/09/2025 07:00:00,EDT,N.Y.C.,61761,7662.074
07/09/2025 08:00:00,EDT,N.Y.C.,61761,8085.4253
07/09/2025 09:00:00,EDT,N.Y.C.,61761,8491.3619
07/09/2025 10:00:00,EDT,N.Y.C.,61761,8774.675
07/09/2025 11:00:00,EDT,N.Y.C.,61761,9017.2653
07/09/2025 12:00:00,EDT,N.Y.C.,61761,9188.3336
07/09/2025 13:00:00,EDT,N.Y.C.,61761,9334.2444
07/09/2025 14:00:00,EDT,N.Y.C.,61761,9489.7251
07/09/2025 15:00:00,EDT,N.Y.C.,61761,9649.9993
07/09/2025 16:00:00,EDT,N.Y.C.,61761,9780.4054
07/09/2025 17:00:00,EDT,N.Y.C.,61761,9774.789
07/09/2025 18:00:00,EDT,N.Y.C.,61761,9465.7389
07/09/2025 19:00:00,EDT,N.Y.C.,61761,9212.6063
07/09/2025 20:00:00,EDT,N.Y.C.,61761,9009.5693
07/09/2025 21:00:00,EDT,N.Y.C.,61761,8807.6356
07/09/2025 22:00:00,EDT,N.Y.C.,61761,8362.4941
07/09/2025 23:00:00,EDT,N.Y.C.,61761,7797.8214
07/10/2025 00:00:00,EDT,N.Y.C.,61761,7287.2799
07/10/2025 01:00:00,EDT,N.Y.C.,61761,6933.0064
07/10/2025 02:00:00,EDT,N.Y.C.,61761,6679.3897
07/10/2025 03:00:00,EDT,N.Y.C.,61761,6469.1724
07/10/2025 04:00:00,EDT,N.Y.C.,61761,6402.2807
07/10/2025 05:00:00,EDT,N.Y.C.,61761,6535.9861
07/10/2025 06:00:00,EDT,N.Y.C.,61761,6929.678
07/10/2025 07:00:00,EDT,N.Y.C.,61761,7380.7477
07/10/2025 08:00:00,EDT,N.Y.C.,61761,7683.7667
07/10/2025 09:00:00,EDT,N.Y.C.,61761,7856.7045
07/10/2025 10:00:00,EDT,N.Y.C.,61761,7949.5839
07/10/2025 11:00:00,EDT,N.Y.C.,61761,8051.0746
07/10/2025 12:00:00,EDT,N.Y.C.,61761,8290.893
07/10/2025 13:00:00,EDT,N.Y.C.,61761,8494.6983
07/10/2025 14:00:00,EDT,N.Y.C.,61761,8610.8625
07/10/2025 15:00:00,EDT,N.Y.C.,61761,8648.5318
07/10/2025 16:00:00,EDT,N.Y.C.,61761,8651.5536
07/10/2025 17:00:00,EDT,N.Y.C.,61761,8599.691
07/10/2025 18:00:00,EDT,N.Y.C.,61761,8368.4714
07/10/2025 19:00:00,EDT,N.Y.C.,61761,8148.7313
07/10/2025 20:00:00,EDT,N.Y.C.,61761,7940.3072
07/10/2025 21:00:00,EDT,N.Y.C.,61761,7742.185
07/10/2025 22:00:00,EDT,N.Y.C.,61761,7430.7891
07/10/2025 23:00:00,EDT,N.Y.C.,61761,7066.8836
07/11/2025 00:00:00,EDT,N.Y.C.,61761,6704.8214
07/11/2025 01:00:00,EDT,N.Y.C.,61761,6445.4622
07/11/2025 02:00:00,EDT,N.Y.C.,61761,6236.64
07/11/2025 03:00:00,EDT,N.Y.C.,61761,6118.1115
07/11/2025 04:00:00,EDT,N.Y.C.,61761,6119.5764
07/11/2025 05:00:00,EDT,N.Y.C.,61761,6285.7822
07/11/2025 06:00:00,EDT,N.Y.C.,61761,6705.0433
07/11/2025 07:00:00,EDT,N.Y.C.,61761,7166.4024
07/11/2025 08:00:00,EDT,N.Y.C.,61761,7525.8912
07/11/2025 09:00:00,EDT,N.Y.C.,61761,7776.3331
07/11/2025 10:00:00,EDT,N.Y.C.,61761,7997.8317
07/11/2025 11:00:00,EDT,N.Y.C.,61761,8217.7113
07/11/2025 12:00:00,EDT,N.Y.C.,61761,8393.0094
07/11/2025 13:00:00,EDT,N.Y.C.,61761,8516.2573
07/11/2025 14:00:00,EDT,N.Y.C.,61761,8588.0361
07/11/2025 15:00:00,EDT,N.Y.C.,61761,8664.7423
07/11/2025 16:00:00,EDT,N.Y.C.,61761,8751.0362
07/11/2025 17:00:00,EDT,N.Y.C.,61761,8740.9489
07/11/2025 18:00:00,EDT,N.Y.C.,61761,8429.79
07/11/2025 19:00:00,EDT,N.Y.C.,61761,8103.0974
07/11/2025 20:00:00,EDT,N.Y.C.,61761,7875.2458
07/11/2025 21:00:00,EDT,N.Y.C.,61761,7709.6259
07/11/2025 22:00:00,EDT,N.Y.C.,61761,7416.5895
07/11/2025 23:00:00,EDT,N.Y.C.,61761,7091.7556
07/12/2025 00:00:00,EDT,N.Y.C.,61761,6770.0117
07/12/2025 01:00:00,EDT,N.Y.C.,61761,6502.2483
07/12/2025 02:00:00,EDT,N.Y.C.,61761,6283.3395
07/12/2025 03:00:00,EDT,N.Y.C.,61761,6124.2388
07/12/2025 04:00:00,EDT,N.Y.C.,61761,6023.8977
07/12/2025 05:00:00,EDT,N.Y.C.,61761,6006.8473
07/12/2025 06:00:00,EDT,N.Y.C.,61761,6104.6559
07/12/2025 07:00:00,EDT,N.Y.C.,61761,6354.8752
07/12/2025 08:00:00,EDT,N.Y.C.,61761,6656.4493
07/12/2025 09:00:00,EDT,N.Y.C.,61761,6945.5976
07/12/2025 10:00:00,EDT,N.Y.C.,61761,7229.909
07/12/2025 11:00:00,EDT,N.Y.C.,61761,7501.4782
07/12/2025 12:00:00,EDT,N.Y.C.,61761,7648.1103
07/12/2025 13:00:00,EDT,N.Y.C.,61761,7726.1212
07/12/2025 14:00:00,EDT,N.Y.C.,61761,7759.3847
07/12/2025 15:00:00,EDT,N.Y.C.,61761,7742.1706
07/12/2025 16:00:00,EDT,N.Y.C.,61761,7771.2499
07/12/2025 17:00:00,EDT,N.Y.C.,61761,7734.7466
07/12/2025 18:00:00,EDT,N.Y.C.,61761,7621.1767
07/12/2025 19:00:00,EDT,N.Y.C.,61761,7426.8843
07/12/2025 20:00:00,EDT,N.Y.C.,61761,7289.7872
07/12/2025 21:00:00,EDT,N.Y.C.,61761,7220.4699
07/12/2025 22:00:00,EDT,N.Y.C.,61761,7034.8212
07/12/2025 23:00:00,EDT,N.Y.C.,61761,6781.797
07/13/2025 00:00:00,EDT,N.Y.C.,61761,6520.2222
07/13/2025 01:00:00,EDT,N.Y.C.,61761,6262.5679
07/13/2025 02:00:00,EDT,N.Y.C.,61761,6047.1678
07/13/2025 03:00:00,EDT,N.Y.C.,61761,5892.5699
07/13/2025 04:00:00,EDT,N.Y.C.,61761,5788.9895
07/13/2025 05:00:00,EDT,N.Y.C.,61761,5755.0612
07/13/2025 06:00:00,EDT,N.Y.C.,61761,5790.1231
07/13/2025 07:00:00,EDT,N.Y.C.,61761,5926.348
07/13/2025 08:00:00,EDT,N.Y.C.,61761,6128.9662
07/13/2025 09:00:00,EDT,N.Y.C.,61761,6379.5874
07/13/2025 10:00:00,EDT,N.Y.C.,61761,6681.892
07/13/2025 11:00:00,EDT,N.Y.C.,61761,6926.3635
07/13/2025 12:00:00,EDT,N.Y.C.,61761,7119.9038
07/13/2025 13:00:00,EDT,N.Y.C.,61761,7268.4179
07/13/2025 14:00:00,EDT,N.Y.C.,61761,7402.0803
07/13/2025 15:00:00,EDT,N.Y.C.,61761,7521.0794
07/13/2025 16:00:00,EDT,N.Y.C.,61761,7671.3644
07/13/2025 17:00:00,EDT,N.Y.C.,61761,7779.2904
07/13/2025 18:00:00,EDT,N.Y.C.,61761,7797.1488
07/13/2025 19:00:00,EDT,N.Y.C.,61761,7710.2225
07/13/2025 20:00:00,EDT,N.Y.C.,61761,7648.0998
07/13/2025 21:00:00,EDT,N.Y.C.,61761,7643.9278
07/13/2025 22:00:00,EDT,N.Y.C.,61761,7464.9029
07/13/2025 23:00:00,EDT,N.Y.C.,61761,7184.4133
07/14/2025 00:00:00,EDT,N.Y.C.,61761,6933.7179
07/14/2025 01:00:00,EDT,N.Y.C.,61761,6695.5909
07/14/2025 02:00:00,EDT,N.Y.C.,61761,6526.4187
07/14/2025 03:00:00,EDT,N.Y.C.,61761,6431.0088
07/14/2025 04:00:00,EDT,N.Y.C.,61761,6460.8892
07/14/2025 05:00:00,EDT,N.Y.C.,61761,6664.4367
07/14/2025 06:00:00,EDT,N.Y.C.,61761,7073.2554
07/14/2025 07:00:00,EDT,N.Y.C.,61761,7517.4069
07/14/2025 08:00:00,EDT,N.Y.C.,61761,7918.4619
07/14/2025 09:00:00,EDT,N.Y.C.,61761,8307.5749
07/14/2025 10:00:00,EDT,N.Y.C.,61761,8590.0292
07/14/2025 11:00:00,EDT,N.Y.C.,61761,8782.0254
07/14/2025 12:00:00,EDT,N.Y.C.,61761,8983.0227
07/14/2025 13:00:00,EDT,N.Y.C.,61761,9139.7616
07/14/2025 14:00:00,EDT,N.Y.C.,61761,9282.3948
07/14/2025 15:00:00,EDT,N.Y.C.,61761,9431.8932
07/14/2025 16:00:00,EDT,N.Y.C.,61761,9358.7674
07/14/2025 17:00:00,EDT,N.Y.C.,61761,9149.3774
07/14/2025 18:00:00,EDT,N.Y.C.,61761,8805.6692
07/14/2025 19:00:00,EDT,N.Y.C.,61761,8368.2057
07/14/2025 20:00:00,EDT,N.Y.C.,61761,8047.3831
07/14/2025 21:00:00,EDT,N.Y.C.,61761,7796.9439
07/14/2025 22:00:00,EDT,N.Y.C.,61761,7522.2613
07/14/2025 23:00:00,EDT,N.Y.C.,61761,7142.7784
07/15/2025 00:00:00,EDT,N.Y.C.,61761,6794.5293
07/15/2025 01:00:00,EDT,N.Y.C.,61761,6505.1798
07/15/2025 02:00:00,EDT,N.Y.C.,61761,6305.3737
07/15/2025 03:00:00,EDT,N.Y.C.,61761,6208.5597
07/15/2025 04:00:00,EDT,N.Y.C.,61761,6215.3239
07/15/2025 05:00:00,EDT,N.Y.C.,61761,6431.7736
07/15/2025 06:00:00,EDT,N.Y.C.,61761,6872.9187
07/15/2025 07:00:00,EDT,N.Y.C.,61761,7364.6969
07/15/2025 08:00:00,EDT,N.Y.C.,61761,7766.5103
07/15/2025 09:00:00,EDT,N.Y.C.,61761,8065.4117
07/15/2025 10:00:00,EDT,N.Y.C.,61761,8224.6036
07/15/2025 11:00:00,EDT,N.Y.C.,61761,8414.3852
07/15/2025 12:00:00,EDT,N.Y.C.,61761,8582.1905
07/15/2025 13:00:00,EDT,N.Y.C.,61761,8791.555
07/15/2025 14:00:00,EDT,N.Y.C.,61761,8972.3105
07/15/2025 15:00:00,EDT,N.Y.C.,61761,9186.2882
07/15/2025 16:00:00,EDT,N.Y.C.,61761,9325.6913
07/15/2025 17:00:00,EDT,N.Y.C.,61761,9317.3731
07/15/2025 18:00:00,EDT,N.Y.C.,61761,9105.1589
07/15/2025 19:00:00,EDT,N.Y.C.,61761,8873.543
07/15/2025 20:00:00,EDT,N.Y.C.,61761,8651.0083
07/15/2025 21:00:00,EDT,N.Y.C.,61761,8507.0884
07/15/2025 22:00:00,EDT,N.Y.C.,61761,8179.0664
07/15/2025 23:00:00,EDT,N.Y.C.,61761,7767.7571
07/16/2025 00:00:00,EDT,N.Y.C.,61761,7410.3323
07/16/2025 01:00:00,EDT,N.Y.C.,61761,7090.4954
07/16/2025 02:00:00,EDT,N.Y.C.,61761,6867.022
07/16/2025 03:00:00,EDT,N.Y.C.,61761,6728.6807
07/16/2025 04:00:00,EDT,N.Y.C.,61761,6660.9636
07/16/2025 05:00:00,EDT,N.Y.C.,61761,6839.8817
07/16/2025 06:00:00,EDT,N.Y.C.,61761,7338.2903
07/16/2025 07:00:00,EDT,N.Y.C.,61761,7936.0848
07/16/2025 08:00:00,EDT,N.Y.C.,61761,8424.1784
07/16/2025 09:00:00,EDT,N.Y.C.,61761,8811.0761
07/16/2025 10:00:00,EDT,N.Y.C.,61761,9061.8274
07/16/2025 11:00:00,EDT,N.Y.C.,61761,9268.7914
07/16/2025 12:00:00,EDT,N.Y.C.,61761,9415.7531
07/16/2025 13:00:00,EDT,N.Y.C.,61761,9568.5138
07/16/2025 14:00:00,EDT,N.Y.C.,61761,9680.7243
07/16/2025 15:00:00,EDT,N.Y.C.,61761,9656.7088
07/16/2025 16:00:00,EDT,N.Y.C.,61761,9654.6446
07/16/2025 17:00:00,EDT,N.Y.C.,61761,9606.8894
07/16/2025 18:00:00,EDT,N.Y.C.,61761,9386.6833
07/16/2025 19:00:00,EDT,N.Y.C.,61761,9185.6327
07/16/2025 20:00:00,EDT,N.Y.C.,61761,9152.8394
07/16/2025 21:00:00,EDT,N.Y.C.,61761,9010.1735
07/16/2025 22:00:00,EDT,N.Y.C.,61761,8670.153
07/16/2025 23:00:00,EDT,N.Y.C.,61761,8236.0587
07/17/2025 00:00:00,EDT,N.Y.C.,61761,7865.9435
07/17/2025 01:00:00,EDT,N.Y.C.,61761,7558.3101
07/17/2025 02:00:00,EDT,N.Y.C.,61761,7322.6472
07/17/2025 03:00:00,EDT,N.Y.C.,61761,7084.2583
07/17/2025 04:00:00,EDT,N.Y.C.,61761,6927.4115
07/17/2025 05:00:00,EDT,N.Y.C.,61761,7041.7252
07/17/2025 06:00:00,EDT,N.Y.C.,61761,7431.3971
07/17/2025 07:00:00,EDT,N.Y.C.,61761,7855.9822
07/17/2025 08:00:00,EDT,N.Y.C.,61761,8134.0584
07/17/2025 09:00:00,EDT,N.Y.C.,61761,8393.6605
07/17/2025 10:00:00,EDT,N.Y.C.,61761,8648.7713
07/17/2025 11:00:00,EDT,N.Y.C.,61761,8839.7919
07/17/2025 12:00:00,EDT,N.Y.C.,61761,9148.8954
07/17/2025 13:00:00,EDT,N.Y.C.,61761,9390.789
07/17/2025 14:00:00,EDT,N.Y.C.,61761,9523.7265
07/17/2025 15:00:00,EDT,N.Y.C.,61761,9689.4379
07/17/2025 16:00:00,EDT,N.Y.C.,61761,9811.9387
07/17/2025 17:00:00,EDT,N.Y.C.,61761,9830.4866
07/17/2025 18:00:00,EDT,N.Y.C.,61761,9646.9049
07/17/2025 19:00:00,EDT,N.Y.C.,61761,9489.5812
07/17/2025 20:00:00,EDT,N.Y.C.,61761,9430.9452
07/17/2025 21:00:00,EDT,N.Y.C.,61761,9306.9261
07/17/2025 22:00:00,EDT,N.Y.C.,61761,8847.6135
07/17/2025 23:00:00,EDT,N.Y.C.,61761,8212.3601
07/18/2025 00:00:00,EDT,N.Y.C.,61761,7654.7889
07/18/2025 01:00:00,EDT,N.Y.C.,61761,7215.0885
07/18/2025 02:00:00,EDT,N.Y.C.,61761,6879.174
07/18/2025 03:00:00,EDT,N.Y.C.,61761,6652.9404
07/18/2025 04:00:00,EDT,N.Y.C.,61761,6546.2839
07/18/2025 05:00:00,EDT,N.Y.C.,61761,6638.3381
07/18/2025 06:00:00,EDT,N.Y.C.,61761,6999.4601
07/18/2025 07:00:00,EDT,N.Y.C.,61761,7314.5639
07/18/2025 08:00:00,EDT,N.Y.C.,61761,7484.7158
07/18/2025 09:00:00,EDT,N.Y.C.,61761,7577.3275
07/18/2025 10:00:00,EDT,N.Y.C.,61761,7678.332
07/18/2025 11:00:00,EDT,N.Y.C.,61761,7863.5002
07/18/2025 12:00:00,EDT,N.Y.C.,61761,7948.2693
07/18/2025 13:00:00,EDT,N.Y.C.,61761,7913.3223
07/18/2025 14:00:00,EDT,N.Y.C.,61761,7934.4466
07/18/2025 15:00:00,EDT,N.Y.C.,61761,8117.8607
07/18/2025 16:00:00,EDT,N.Y.C.,61761,8280.4602
07/18/2025 17:00:00,EDT,N.Y.C.,61761,8304.5915
07/18/2025 18:00:00,EDT,N.Y.C.,61761,8125.5088
07/18/2025 19:00:00,EDT,N.Y.C.,61761,7901.727
07/18/2025 20:00:00,EDT,N.Y.C.,61761,7623.6649
07/18/2025 21:00:00,EDT,N.Y.C.,61761,7419.2894
07/18/2025 22:00:00,EDT,N.Y.C.,61761,7115.9054
07/18/2025 23:00:00,EDT,N.Y.C.,61761,6783.4754
07/19/2025 00:00:00,EDT,N.Y.C.,61761,6498.8878
07/19/2025 01:00:00,EDT,N.Y.C.,61761,6235.3136
07/19/2025 02:00:00,EDT,N.Y.C.,61761,6016.7495
07/19/2025 03:00:00,EDT,N.Y.C.,61761,5846.3712
07/19/2025 04:00:00,EDT,N.Y.C.,61761,5721.6902
07/19/2025 05:00:00,EDT,N.Y.C.,61761,5659.3721
07/19/2025 06:00:00,EDT,N.Y.C.,61761,5712.8043
07/19/2025 07:00:00,EDT,N.Y.C.,61761,5947.8163
07/19/2025 08:00:00,EDT,N.Y.C.,61761,6251.8065
07/19/2025 09:00:00,EDT,N.Y.C.,61761,6550.4281
07/19/2025 10:00:00,EDT,N.Y.C.,61761,6855.4244
07/19/2025 11:00:00,EDT,N.Y.C.,61761,7098.2753
07/19/2025 12:00:00,EDT,N.Y.C.,61761,7232.7434
07/19/2025 13:00:00,EDT,N.Y.C.,61761,7256.2372
07/19/2025 14:00:00,EDT,N.Y.C.,61761,7301.2526
07/19/2025 15:00:00,EDT,N.Y.C.,61761,7326.5097
07/19/2025 16:00:00,EDT,N.Y.C.,61761,7294.9209
07/19/2025 17:00:00,EDT,N.Y.C.,61761,7270.7869
07/19/2025 18:00:00,EDT,N.Y.C.,61761,7168.9438
07/19/2025 19:00:00,EDT,N.Y.C.,61761,7082.5909
07/19/2025 20:00:00,EDT,N.Y.C.,61761,7069.8999
07/19/2025 21:00:00,EDT,N.Y.C.,61761,7043.077
07/19/2025 22:00:00,EDT,N.Y.C.,61761,6909.5638
07/19/2025 23:00:00,EDT,N.Y.C.,61761,6725.4331
07/20/2025 00:00:00,EDT,N.Y.C.,61761,6533.0209
07/20/2025 01:00:00,EDT,N.Y.C.,61761,6356.022
07/20/2025 02:00:00,EDT,N.Y.C.,61761,6179.7895
07/20/2025 03:00:00,EDT,N.Y.C.,61761,6055.0448
07/20/2025 04:00:00,EDT,N.Y.C.,61761,6001.9461
07/20/2025 05:00:00,EDT,N.Y.C.,61761,6014.8444
07/20/2025 06:00:00,EDT,N.Y.C.,61761,6065.0139
07/20/2025 07:00:00,EDT,N.Y.C.,61761,6256.2659
07/20/2025 08:00:00,EDT,N.Y.C.,61761,6521.303
07/20/2025 09:00:00,EDT,N.Y.C.,61761,6840.004
07/20/2025 10:00:00,EDT,N.Y.C.,61761,7188.86
07/20/2025 11:00:00,EDT,N.Y.C.,61761,7479.3684
07/20/2025 12:00:00,EDT,N.Y.C.,61761,7713.0243
07/20/2025 13:00:00,EDT,N.Y.C.,61761,7906.648
07/20/2025 14:00:00,EDT,N.Y.C.,61761,8113.945
07/20/2025 15:00:00,EDT,N.Y.C.,61761,8339.1313
07/20/2025 16:00:00,EDT,N.Y.C.,61761,8466.6051
07/20/2025 17:00:00,EDT,N.Y.C.,61761,8496.5032
07/20/2025 18:00:00,EDT,N.Y.C.,61761,8492.382
07/20/2025 19:00:00,EDT,N.Y.C.,61761,8394.5749
07/20/2025 20:00:00,EDT,N.Y.C.,61761,8339.0059
07/20/2025 21:00:00,EDT,N.Y.C.,61761,8328.4269
07/20/2025 22:00:00,EDT,N.Y.C.,61761,8049.2641
07/20/2025 23:00:00,EDT,N.Y.C.,61761,7618.2008
07/21/2025 00:00:00,EDT,N.Y.C.,61761,7213.8293
07/21/2025 01:00:00,EDT,N.Y.C.,61761,6829.8772
07/21/2025 02:00:00,EDT,N.Y.C.,61761,6551.5015
07/21/2025 03:00:00,EDT,N.Y.C.,61761,6340.541
07/21/2025 04:00:00,EDT,N.Y.C.,61761,6258.6871
07/21/2025 05:00:00,EDT,N.Y.C.,61761,6355.6429
07/21/2025 06:00:00,EDT,N.Y.C.,61761,6710.7967
07/21/2025 07:00:00,EDT,N.Y.C.,61761,7180.3376
07/21/2025 08:00:00,EDT,N.Y.C.,61761,7578.8748
07/21/2025 09:00:00,EDT,N.Y.C.,61761,7856.9729
07/21/2025 10:00:00,EDT,N.Y.C.,61761,8048.3449
07/21/2025 11:00:00,EDT,N.Y.C.,61761,8211.0181
07/21/2025 12:00:00,EDT,N.Y.C.,61761,8329.8987
07/21/2025 13:00:00,EDT,N.Y.C.,61761,8437.4752
07/21/2025 14:00:00,EDT,N.Y.C.,61761,8577.1241
07/21/2025 15:00:00,EDT,N.Y.C.,61761,8665.9349
07/21/2025 16:00:00,EDT,N.Y.C.,61761,8748.5128
07/21/2025 17:00:00,EDT,N.Y.C.,61761,8706.7234
07/21/2025 18:00:00,EDT,N.Y.C.,61761,8413.3734
07/21/2025 19:00:00,EDT,N.Y.C.,61761,8154.0695
07/21/2025 20:00:00,EDT,N.Y.C.,61761,7942.0292
07/21/2025 21:00:00,EDT,N.Y.C.,61761,7677.6633
07/21/2025 22:00:00,EDT,N.Y.C.,61761,7235.0183
07/21/2025 23:00:00,EDT,N.Y.C.,61761,6744.8714
07/22/2025 00:00:00,EDT,N.Y.C.,61761,6339.5247
07/22/2025 01:00:00,EDT,N.Y.C.,61761,6028.1227
07/22/2025 02:00:00,EDT,N.Y.C.,61761,5767.9339
07/22/2025 03:00:00,EDT,N.Y.C.,61761,5588.0853
07/22/2025 04:00:00,EDT,N.Y.C.,61761,5540.6104
07/22/2025 05:00:00,EDT,N.Y.C.,61761,5671.8921
07/22/2025 06:00:00,EDT,N.Y.C.,61761,6037.8813
07/22/2025 07:00:00,EDT,N.Y.C.,61761,6421.8937
07/22/2025 08:00:00,EDT,N.Y.C.,61761,6750.3498
07/22/2025 09:00:00,EDT,N.Y.C.,61761,6966.7892
07/22/2025 10:00:00,EDT,N.Y.C.,61761,7114.406
07/22/2025 11:00:00,EDT,N.Y.C.,61761,7240.3584
07/22/2025 12:00:00,EDT,N.Y.C.,61761,7313.9618
07/22/2025 13:00:00,EDT,N.Y.C.,61761,7397.851
07/22/2025 14:00:00,EDT,N.Y.C.,61761,7429.9817
07/22/2025 15:00:00,EDT,N.Y.C.,61761,7504.0276
07/22/2025 16:00:00,EDT,N.Y.C.,61761,7573.2438
07/22/2025 17:00:00,EDT,N.Y.C.,61761,7593.2949
07/22/2025 18:00:00,EDT,N.Y.C.,61761,7379.6724
07/22/2025 19:00:00,EDT,N.Y.C.,61761,7144.6802
07/22/2025 20:00:00,EDT,N.Y.C.,61761,6955.0213
07/22/2025 21:00:00,EDT,N.Y.C.,61761,6854.4324
07/22/2025 22:00:00,EDT,N.Y.C.,61761,6602.3729
07/22/2025 23:00:00,EDT,N.Y.C.,61761,6290.7057
07/23/2025 00:00:00,EDT,N.Y.C.,61761,5984.8407
07/23/2025 01:00:00,EDT,N.Y.C.,61761,5741.6149
07/23/2025 02:00:00,EDT,N.Y.C.,61761,5558.7049
07/23/2025 03:00:00,EDT,N.Y.C.,61761,5458.8401
07/23/2025 04:00:00,EDT,N.Y.C.,61761,5449.3753
07/23/2025 05:00:00,EDT,N.Y.C.,61761,5633.7584
07/23/2025 06:00:00,EDT,N.Y.C.,61761,6084.3087
07/23/2025 07:00:00,EDT,N.Y.C.,61761,6613.0087
07/23/2025 08:00:00,EDT,N.Y.C.,61761,7013.2012
07/23/2025 09:00:00,EDT,N.Y.C.,61761,7246.2438
07/23/2025 10:00:00,EDT,N.Y.C.,61761,7333.3075
07/23/2025 11:00:00,EDT,N.Y.C.,61761,7436.1615
07/23/2025 12:00:00,EDT,N.Y.C.,61761,7542.4554
07/23/2025 13:00:00,EDT,N.Y.C.,61761,7642.3027
07/23/2025 14:00:00,EDT,N.Y.C.,61761,7730.3579
07/23/2025 15:00:00,EDT,N.Y.C.,61761,7823.4016
07/23/2025 16:00:00,EDT,N.Y.C.,61761,7888.834
07/23/2025 17:00:00,EDT,N.Y.C.,61761,7867.1713
07/23/2025 18:00:00,EDT,N.Y.C.,61761,7638.2815
07/23/2025 19:00:00,EDT,N.Y.C.,61761,7344.9638
07/23/2025 20:00:00,EDT,N.Y.C.,61761,7111.1909
07/23/2025 21:00:00,EDT,N.Y.C.,61761,6946.1767
07/23/2025 22:00:00,EDT,N.Y.C.,61761,6678.6113
07/23/2025 23:00:00,EDT,N.Y.C.,61761,6332.3897
07/24/2025 00:00:00,EDT,N.Y.C.,61761,6034.7201
07/24/2025 01:00:00,EDT,N.Y.C.,61761,5804.8661
07/24/2025 02:00:00,EDT,N.Y.C.,61761,5568.3361
07/24/2025 03:00:00,EDT,N.Y.C.,61761,5439.1039
07/24/2025 04:00:00,EDT,N.Y.C.,61761,5437.4234
07/24/2025 05:00:00,EDT,N.Y.C.,61761,5621.5502
07/24/2025 06:00:00,EDT,N.Y.C.,61761,6058.1024
07/24/2025 07:00:00,EDT,N.Y.C.,61761,6560.5718
07/24/2025 08:00:00,EDT,N.Y.C.,61761,6974.5926
07/24/2025 09:00:00,EDT,N.Y.C.,61761,7266.0041
07/24/2025 10:00:00,EDT,N.Y.C.,61761,7477.4699
07/24/2025 11:00:00,EDT,N.Y.C.,61761,7705.6765
07/24/2025 12:00:00,EDT,N.Y.C.,61761,7902.7077
07/24/2025 13:00:00,EDT,N.Y.C.,61761,8137.0568
07/24/2025 14:00:00,EDT,N.Y.C.,61761,8339.1522
07/24/2025 15:00:00,EDT,N.Y.C.,61761,8486.6351
07/24/2025 16:00:00,EDT,N.Y.C.,61761,8564.6228
07/24/2025 17:00:00,EDT,N.Y.C.,61761,8618.5681
07/24/2025 18:00:00,EDT,N.Y.C.,61761,8434.4034
07/24/2025 19:00:00,EDT,N.Y.C.,61761,8220.3361
07/24/2025 20:00:00,EDT,N.Y.C.,61761,8053.7023
07/24/2025 21:00:00,EDT,N.Y.C.,61761,7956.0771
07/24/2025 22:00:00,EDT,N.Y.C.,61761,7636.1104
07/24/2025 23:00:00,EDT,N.Y.C.,61761,7207.6549
07/25/2025 00:00:00,EDT,N.Y.C.,61761,6827.9729
07/25/2025 01:00:00,EDT,N.Y.C.,61761,6522.5045
07/25/2025 02:00:00,EDT,N.Y.C.,61761,6294.2758
07/25/2025 03:00:00,EDT,N.Y.C.,61761,6165.5133
07/25/2025 04:00:00,EDT,N.Y.C.,61761,6146.8705
07/25/2025 05:00:00,EDT,N.Y.C.,61761,6340.644
07/25/2025 06:00:00,EDT,N.Y.C.,61761,6771.1679
07/25/2025 07:00:00,EDT,N.Y.C.,61761,7321.5341
07/25/2025 08:00:00,EDT,N.Y.C.,61761,7809.3378
07/25/2025 09:00:00,EDT,N.Y.C.,61761,8279.0408
07/25/2025 10:00:00,EDT,N.Y.C.,61761,8746.8035
07/25/2025 11:00:00,EDT,N.Y.C.,61761,9151.9543
07/25/2025 12:00:00,EDT,N.Y.C.,61761,9484.1657
07/25/2025 13:00:00,EDT,N.Y.C.,61761,9766.6448
07/25/2025 14:00:00,EDT,N.Y.C.,61761,9999.0997
07/25/2025 15:00:00,EDT,N.Y.C.,61761,10070.8578
07/25/2025 16:00:00,EDT,N.Y.C.,61761,9175.6597
07/25/2025 17:00:00,EDT,N.Y.C.,61761,9127.3369
07/25/2025 18:00:00,EDT,N.Y.C.,61761,8839.6206
07/25/2025 19:00:00,EDT,N.Y.C.,61761,8581.6877
07/25/2025 20:00:00,EDT,N.Y.C.,61761,8481.3629
07/25/2025 21:00:00,EDT,N.Y.C.,61761,8371.4598
07/25/2025 22:00:00,EDT,N.Y.C.,61761,8137.094
07/25/2025 23:00:00,EDT,N.Y.C.,61761,7795.8281
07/26/2025 00:00:00,EDT,N.Y.C.,61761,7437.2515
07/26/2025 01:00:00,EDT,N.Y.C.,61761,7094.8685
07/26/2025 02:00:00,EDT,N.Y.C.,61761,6799.579
07/26/2025 03:00:00,EDT,N.Y.C.,61761,6586.573
07/26/2025 04:00:00,EDT,N.Y.C.,61761,6442.3602
07/26/2025 05:00:00,EDT,N.Y.C.,61761,6352.0754
07/26/2025 06:00:00,EDT,N.Y.C.,61761,6323.6808
07/26/2025 07:00:00,EDT,N.Y.C.,61761,6482.2014
07/26/2025 08:00:00,EDT,N.Y.C.,61761,6694.7281
07/26/2025 09:00:00,EDT,N.Y.C.,61761,6966.9359
07/26/2025 10:00:00,EDT,N.Y.C.,61761,7166.3228
07/26/2025 11:00:00,EDT,N.Y.C.,61761,7345.0513
07/26/2025 12:00:00,EDT,N.Y.C.,61761,7465.1261
07/26/2025 13:00:00,EDT,N.Y.C.,61761,7431.1746
07/26/2025 14:00:00,EDT,N.Y.C.,61761,7445.777
07/26/2025 15:00:00,EDT,N.Y.C.,61761,7439.5774
07/26/2025 16:00:00,EDT,N.Y.C.,61761,7372.1268
07/26/2025 17:00:00,EDT,N.Y.C.,61761,7322.6886
07/26/2025 18:00:00,EDT,N.Y.C.,61761,7165.1311
07/26/2025 19:00:00,EDT,N.Y.C.,61761,6967.0875
07/26/2025 20:00:00,EDT,N.Y.C.,61761,6886.0103
07/26/2025 21:00:00,EDT,N.Y.C.,61761,6829.031
07/26/2025 22:00:00,EDT,N.Y.C.,61761,6693.1864
07/26/2025 23:00:00,EDT,N.Y.C.,61761,6492.7037
07/27/2025 00:00:00,EDT,N.Y.C.,61761,6293.881
07/27/2025 01:00:00,EDT,N.Y.C.,61761,6080.7139
07/27/2025 02:00:00,EDT,N.Y.C.,61761,5899.7682
07/27/2025 03:00:00,EDT,N.Y.C.,61761,5785.0292
07/27/2025 04:00:00,EDT,N.Y.C.,61761,5710.9996
07/27/2025 05:00:00,EDT,N.Y.C.,61761,5686.7479
07/27/2025 06:00:00,EDT,N.Y.C.,61761,5696.6896
07/27/2025 07:00:00,EDT,N.Y.C.,61761,5847.6369
07/27/2025 08:00:00,EDT,N.Y.C.,61761,6056.6977
07/27/2025 09:00:00,EDT,N.Y.C.,61761,6316.5576
07/27/2025 10:00:00,EDT,N.Y.C.,61761,6614.7544
07/27/2025 11:00:00,EDT,N.Y.C.,61761,6895.9092
07/27/2025 12:00:00,EDT,N.Y.C.,61761,7063.1117
07/27/2025 13:00:00,EDT,N.Y.C.,61761,7172.2545
07/27/2025 14:00:00,EDT,N.Y.C.,61761,7300.7655
07/27/2025 15:00:00,EDT,N.Y.C.,61761,7420.7943
07/27/2025 16:00:00,EDT,N.Y.C.,61761,7744.1238
07/27/2025 17:00:00,EDT,N.Y.C.,61761,7961.4641
07/27/2025 18:00:00,EDT,N.Y.C.,61761,7982.2015
07/27/2025 19:00:00,EDT,N.Y.C.,61761,7975.2183
07/27/2025 20:00:00,EDT,N.Y.C.,61761,7991.79
07/27/2025 21:00:00,EDT,N.Y.C.,61761,8018.1988
07/27/2025 22:00:00,EDT,N.Y.C.,61761,7878.0404
07/27/2025 23:00:00,EDT,N.Y.C.,61761,7588.6442
07/28/2025 00:00:00,EDT,N.Y.C.,61761,7299.4396
07/28/2025 01:00:00,EDT,N.Y.C.,61761,7015.0704
07/28/2025 02:00:00,EDT,N.Y.C.,61761,6727.9277
07/28/2025 03:00:00,EDT,N.Y.C.,61761,6543.9277
07/28/2025 04:00:00,EDT,N.Y.C.,61761,6499.4424
07/28/2025 05:00:00,EDT,N.Y.C.,61761,6645.4075
07/28/2025 06:00:00,EDT,N.Y.C.,61761,7024.8169
07/28/2025 07:00:00,EDT,N.Y.C.,61761,7573.4516
07/28/2025 08:00:00,EDT,N.Y.C.,61761,8084.4288
07/28/2025 09:00:00,EDT,N.Y.C.,61761,8505.3705
07/28/2025 10:00:00,EDT,N.Y.C.,61761,8806.7493
07/28/2025 11:00:00,EDT,N.Y.C.,61761,9085.0433
07/28/2025 12:00:00,EDT,N.Y.C.,61761,9302.5822
07/28/2025 13:00:00,EDT,N.Y.C.,61761,9493.5634
07/28/2025 14:00:00,EDT,N.Y.C.,61761,9628.4211
07/28/2025 15:00:00,EDT,N.Y.C.,61761,9728.3932
07/28/2025 16:00:00,EDT,N.Y.C.,61761,9802.7689
07/28/2025 17:00:00,EDT,N.Y.C.,61761,9777.8802
07/28/2025 18:00:00,EDT,N.Y.C.,61761,9609.6083
07/28/2025 19:00:00,EDT,N.Y.C.,61761,9355.0857
07/28/2025 20:00:00,EDT,N.Y.C.,61761,9205.2128
07/28/2025 21:00:00,EDT,N.Y.C.,61761,9043.2593
07/28/2025 22:00:00,EDT,N.Y.C.,61761,8687.6533
07/28/2025 23:00:00,EDT,N.Y.C.,61761,8242.8124
07/29/2025 00:00:00,EDT,N.Y.C.,61761,7845.7285
07/29/2025 01:00:00,EDT,N.Y.C.,61761,7510.5311
07/29/2025 02:00:00,EDT,N.Y.C.,61761,7254.6915
07/29/2025 03:00:00,EDT,N.Y.C.,61761,7089.387
07/29/2025 04:00:00,EDT,N.Y.C.,61761,7054.304
07/29/2025 05:00:00,EDT,N.Y.C.,61761,7221.7895
07/29/2025 06:00:00,EDT,N.Y.C.,61761,7643.0022
07/29/2025 07:00:00,EDT,N.Y.C.,61761,8172.2596
07/29/2025 08:00:00,EDT,N.Y.C.,61761,8697.1691
07/29/2025 09:00:00,EDT,N.Y.C.,61761,9122.9951
07/29/2025 10:00:00,EDT,N.Y.C.,61761,9453.4906
07/29/2025 11:00:00,EDT,N.Y.C.,61761,9642.4837
07/29/2025 12:00:00,EDT,N.Y.C.,61761,9851.4766
07/29/2025 13:00:00,EDT,N.Y.C.,61761,10064.1621
07/29/2025 14:00:00,EDT,N.Y.C.,61761,10191.8204
07/29/2025 15:00:00,EDT,N.Y.C.,61761,10339.7516
07/29/2025 16:00:00,EDT,N.Y.C.,61761,10383.205
07/29/2025 17:00:00,EDT,N.Y.C.,61761,10416.4838
07/29/2025 18:00:00,EDT,N.Y.C.,61761,10230.2371
07/29/2025 19:00:00,EDT,N.Y.C.,61761,10029.9184
07/29/2025 20:00:00,EDT,N.Y.C.,61761,9918.7076
07/29/2025 21:00:00,EDT,N.Y.C.,61761,9764.1189
07/29/2025 22:00:00,EDT,N.Y.C.,61761,9397.3362
07/29/2025 23:00:00,EDT,N.Y.C.,61761,8872.5471
07/30/2025 00:00:00,EDT,N.Y.C.,61761,8433.0601
07/30/2025 01:00:00,EDT,N.Y.C.,61761,8108.5297
07/30/2025 02:00:00,EDT,N.Y.C.,61761,7820.0219
07/30/2025 03:00:00,EDT,N.Y.C.,61761,7602.6094
07/30/2025 04:00:00,EDT,N.Y.C.,61761,7510.0629
07/30/2025 05:00:00,EDT,N.Y.C.,61761,7608.29
07/30/2025 06:00:00,EDT,N.Y.C.,61761,7925.6592
07/30/2025 07:00:00,EDT,N.Y.C.,61761,8430.222
07/30/2025 08:00:00,EDT,N.Y.C.,61761,8859.9257
07/30/2025 09:00:00,EDT,N.Y.C.,61761,9173.2825
07/30/2025 10:00:00,EDT,N.Y.C.,61761,9426.5236
07/30/2025 11:00:00,EDT,N.Y.C.,61761,9610.3154
07/30/2025 12:00:00,EDT,N.Y.C.,61761,9775.0308
07/30/2025 13:00:00,EDT,N.Y.C.,61761,9888.6078
07/30/2025 14:00:00,EDT,N.Y.C.,61761,10058.7008
07/30/2025 15:00:00,EDT,N.Y.C.,61761,10259.8883
07/30/2025 16:00:00,EDT,N.Y.C.,61761,10296.782
07/30/2025 17:00:00,EDT,N.Y.C.,61761,10338.1503
07/30/2025 18:00:00,EDT,N.Y.C.,61761,10014.4124
07/30/2025 19:00:00,EDT,N.Y.C.,61761,9438.8923
07/30/2025 20:00:00,EDT,N.Y.C.,61761,9274.6149
07/30/2025 21:00:00,EDT,N.Y.C.,61761,9131.5805
07/30/2025 22:00:00,EDT,N.Y.C.,61761,8875.2804
07/30/2025 23:00:00,EDT,N.Y.C.,61761,8508.6154
07/31/2025 00:00:00,EDT,N.Y.C.,61761,8149.4899
07/31/2025 01:00:00,EDT,N.Y.C.,61761,7802.6339
07/31/2025 02:00:00,EDT,N.Y.C.,61761,7540.6356
07/31/2025 03:00:00,EDT,N.Y.C.,61761,7342.069
07/31/2025 04:00:00,EDT,N.Y.C.,61761,7260.8563
07/31/2025 05:00:00,EDT,N.Y.C.,61761,7419.3125
07/31/2025 06:00:00,EDT,N.Y.C.,61761,7812.4644
07/31/2025 07:00:00,EDT,N.Y.C.,61761,8371.5662
07/31/2025 08:00:00,EDT,N.Y.C.,61761,8794.8948
07/31/2025 09:00:00,EDT,N.Y.C.,61761,9010.6366
07/31/2025 10:00:00,EDT,N.Y.C.,61761,9212.8276
07/31/2025 11:00:00,EDT,N.Y.C.,61761,9363.4021
07/31/2025 12:00:00,EDT,N.Y.C.,61761,9626.0494
07/31/2025 13:00:00,EDT,N.Y.C.,61761,9787.947
07/31/2025 14:00:00,EDT,N.Y.C.,61761,9587.969
07/31/2025 15:00:00,EDT,N.Y.C.,61761,9157.7766
07/31/2025 16:00:00,EDT,N.Y.C.,61761,8741.326
07/31/2025 17:00:00,EDT,N.Y.C.,61761,8596.4813
07/31/2025 18:00:00,EDT,N.Y.C.,61761,8328.421
07/31/2025 19:00:00,EDT,N.Y.C.,61761,8049.4435
07/31/2025 20:00:00,EDT,N.Y.C.,61761,7773.9313
07/31/2025 21:00:00,EDT,N.Y.C.,61761,7377.6164
07/31/2025 22:00:00,EDT,N.Y.C.,61761,6912.3343
07/31/2025 23:00:00,EDT,N.Y.C.,61761,6480.5341
08/01/2025 00:00:00,EDT,N.Y.C.,61761,6165.7973
08/01/2025 01:00:00,EDT,N.Y.C.,61761,5880.7082
08/01/2025 02:00:00,EDT,N.Y.C.,61761,5679.9634
08/01/2025 03:00:00,EDT,N.Y.C.,61761,5531.9909
08/01/2025 04:00:00,EDT,N.Y.C.,61761,5490.3732
08/01/2025 05:00:00,EDT,N.Y.C.,61761,5635.3862
08/01/2025 06:00:00,EDT,N.Y.C.,61761,5953.5449
08/01/2025 07:00:00,EDT,N.Y.C.,61761,6262.5187
08/01/2025 08:00:00,EDT,N.Y.C.,61761,6463.9844
08/01/2025 09:00:00,EDT,N.Y.C.,61761,6589.9251
08/01/2025 10:00:00,EDT,N.Y.C.,61761,6654.4794
08/01/2025 11:00:00,EDT,N.Y.C.,61761,6715.2978
08/01/2025 12:00:00,EDT,N.Y.C.,61761,6721.4352
08/01/2025 13:00:00,EDT,N.Y.C.,61761,6726.3935
08/01/2025 14:00:00,EDT,N.Y.C.,61761,6795.3661
08/01/2025 15:00:00,EDT,N.Y.C.,61761,6792.6598
08/01/2025 16:00:00,EDT,N.Y.C.,61761,6732.1036
08/01/2025 17:00:00,EDT,N.Y.C.,61761,6660.1786
08/01/2025 18:00:00,EDT,N.Y.C.,61761,6540.0549
08/01/2025 19:00:00,EDT,N.Y.C.,61761,6430.6165
08/01/2025 20:00:00,EDT,N.Y.C.,61761,6314.0831
08/01/2025 21:00:00,EDT,N.Y.C.,61761,6168.2485
08/01/2025 22:00:00,EDT,N.Y.C.,61761,5945.7488
08/01/2025 23:00:00,EDT,N.Y.C.,61761,5696.6618
08/02/2025 00:00:00,EDT,N.Y.C.,61761,5462.72
08/02/2025 01:00:00,EDT,N.Y.C.,61761,5259.7262
08/02/2025 02:00:00,EDT,N.Y.C.,61761,5095.311
08/02/2025 03:00:00,EDT,N.Y.C.,61761,4976.7423
08/02/2025 04:00:00,EDT,N.Y.C.,61761,4897.518
08/02/2025 05:00:00,EDT,N.Y.C.,61761,4890.8499
08/02/2025 06:00:00,EDT,N.Y.C.,61761,4960.2186
08/02/2025 07:00:00,EDT,N.Y.C.,61761,5143.4466
08/02/2025 08:00:00,EDT,N.Y.C.,61761,5357.0232
08/02/2025 09:00:00,EDT,N.Y.C.,61761,5584.2807
08/02/2025 10:00:00,EDT,N.Y.C.,61761,5810.4811
08/02/2025 11:00:00,EDT,N.Y.C.,61761,5970.8361
08/02/2025 12:00:00,EDT,N.Y.C.,61761,6030.6891
08/02/2025 13:00:00,EDT,N.Y.C.,61761,6079.1525
08/02/2025 14:00:00,EDT,N.Y.C.,61761,6157.5546
08/02/2025 15:00:00,EDT,N.Y.C.,61761,6243.2569
08/02/2025 16:00:00,EDT,N.Y.C.,61761,6287.8753
08/02/2025 17:00:00,EDT,N.Y.C.,61761,6292.2585
08/02/2025 18:00:00,EDT,N.Y.C.,61761,6224.0151
08/02/2025 19:00:00,EDT,N.Y.C.,61761,6137.991
08/02/2025 20:00:00,EDT,N.Y.C.,61761,6097.4927
08/02/2025 21:00:00,EDT,N.Y.C.,61761,6023.4707
08/02/2025 22:00:00,EDT,N.Y.C.,61761,5859.1855
08/02/2025 23:00:00,EDT,N.Y.C.,61761,5664.9769
08/03/2025 00:00:00,EDT,N.Y.C.,61761,5466.4831
08/03/2025 01:00:00,EDT,N.Y.C.,61761,5263.1656
08/03/2025 02:00:00,EDT,N.Y.C.,61761,5094.1653
08/03/2025 03:00:00,EDT,N.Y.C.,61761,4959.6192
08/03/2025 04:00:00,EDT,N.Y.C.,61761,4864.6191
08/03/2025 05:00:00,EDT,N.Y.C.,61761,4832.7759
08/03/2025 06:00:00,EDT,N.Y.C.,61761,4853.6858
08/03/2025 07:00:00,EDT,N.Y.C.,61761,5016.6597
08/03/2025 08:00:00,EDT,N.Y.C.,61761,5232.8405
08/03/2025 09:00:00,EDT,N.Y.C.,61761,5469.6781
08/03/2025 10:00:00,EDT,N.Y.C.,61761,5690.8149
08/03/2025 11:00:00,EDT,N.Y.C.,61761,5869.8166
08/03/2025 12:00:00,EDT,N.Y.C.,61761,6000.9407
08/03/2025 13:00:00,EDT,N.Y.C.,61761,6121.225
08/03/2025 14:00:00,EDT,N.Y.C.,61761,6253.4969
08/03/2025 15:00:00,EDT,N.Y.C.,61761,6392.6883
08/03/2025 16:00:00,EDT,N.Y.C.,61761,6519.0914
08/03/2025 17:00:00,EDT,N.Y.C.,61761,6598.477
08/03/2025 18:00:00,EDT,N.Y.C.,61761,6562.9651
08/03/2025 19:00:00,EDT,N.Y.C.,61761,6444.5297
08/03/2025 20:00:00,EDT,N.Y.C.,61761,6397.0042
08/03/2025 21:00:00,EDT,N.Y.C.,61761,6340.9627
08/03/2025 22:00:00,EDT,N.Y.C.,61761,6159.4518
08/03/2025 23:00:00,EDT,N.Y.C.,61761,5899.3257
08/04/2025 00:00:00,EDT,N.Y.C.,61761,5673.0744
08/04/2025 01:00:00,EDT,N.Y.C.,61761,5452.9553
08/04/2025 02:00:00,EDT,N.Y.C.,61761,5288.06
08/04/2025 03:00:00,EDT,N.Y.C.,61761,5184.3273
08/04/2025 04:00:00,EDT,N.Y.C.,61761,5207.0826
08/04/2025 05:00:00,EDT,N.Y.C.,61761,5387.3022
08/04/2025 06:00:00,EDT,N.Y.C.,61761,5743.2109
08/04/2025 07:00:00,EDT,N.Y.C.,61761,6176.0628
08/04/2025 08:00:00,EDT,N.Y.C.,61761,6555.4263
08/04/2025 09:00:00,EDT,N.Y.C.,61761,6841.7661
08/04/2025 10:00:00,EDT,N.Y.C.,61761,7085.2083
08/04/2025 11:00:00,EDT,N.Y.C.,61761,7322.7534
08/04/2025 12:00:00,EDT,N.Y.C.,61761,7560.8497
08/04/2025 13:00:00,EDT,N.Y.C.,61761,7762.1789
08/04/2025 14:00:00,EDT,N.Y.C.,61761,7956.4725
08/04/2025 15:00:00,EDT,N.Y.C.,61761,8163.0177
08/04/2025 16:00:00,EDT,N.Y.C.,61761,8273.0352
08/04/2025 17:00:00,EDT,N.Y.C.,61761,8229.3248
08/04/2025 18:00:00,EDT,N.Y.C.,61761,7967.0221
08/04/2025 19:00:00,EDT,N.Y.C.,61761,7699.183
08/04/2025 20:00:00,EDT,N.Y.C.,61761,7522.3957
08/04/2025 21:00:00,EDT,N.Y.C.,61761,7343.2909
08/04/2025 22:00:00,EDT,N.Y.C.,61761,7017.6311
08/04/2025 23:00:00,EDT,N.Y.C.,61761,6640.735
08/05/2025 00:00:00,EDT,N.Y.C.,61761,6285.5525
08/05/2025 01:00:00,EDT,N.Y.C.,61761,5998.4362
08/05/2025 02:00:00,EDT,N.Y.C.,61761,5768.0166
08/05/2025 03:00:00,EDT,N.Y.C.,61761,5641.5657
08/05/2025 04:00:00,EDT,N.Y.C.,61761,5625.7107
08/05/2025 05:00:00,EDT,N.Y.C.,61761,5817.4683
08/05/2025 06:00:00,EDT,N.Y.C.,61761,6249.1067
08/05/2025 07:00:00,EDT,N.Y.C.,61761,6686.3816
08/05/2025 08:00:00,EDT,N.Y.C.,61761,7055.9023
08/05/2025 09:00:00,EDT,N.Y.C.,61761,7342.2719
08/05/2025 10:00:00,EDT,N.Y.C.,61761,7528.5217
08/05/2025 11:00:00,EDT,N.Y.C.,61761,7734.5197
08/05/2025 12:00:00,EDT,N.Y.C.,61761,7918.2731
08/05/2025 13:00:00,EDT,N.Y.C.,61761,8025.5057
08/05/2025 14:00:00,EDT,N.Y.C.,61761,8057.3132
08/05/2025 15:00:00,EDT,N.Y.C.,61761,8190.7662
08/05/2025 16:00:00,EDT,N.Y.C.,61761,8199.623
08/05/2025 17:00:00,EDT,N.Y.C.,61761,8072.6836
08/05/2025 18:00:00,EDT,N.Y.C.,61761,7737.3797
08/05/2025 19:00:00,EDT,N.Y.C.,61761,7509.5156
08/05/2025 20:00:00,EDT,N.Y.C.,61761,7380.6778
08/05/2025 21:00:00,EDT,N.Y.C.,61761,7238.5817
08/05/2025 22:00:00,EDT,N.Y.C.,61761,6968.0471
08/05/2025 23:00:00,EDT,N.Y.C.,61761,6624.161
08/06/2025 00:00:00,EDT,N.Y.C.,61761,6294.087
08/06/2025 01:00:00,EDT,N.Y.C.,61761,6034.7904
08/06/2025 02:00:00,EDT,N.Y.C.,61761,5825.2734
08/06/2025 03:00:00,EDT,N.Y.C.,61761,5697.4279
08/06/2025 04:00:00,EDT,N.Y.C.,61761,5678.0766
08/06/2025 05:00:00,EDT,N.Y.C.,61761,5874.2433
08/06/2025 06:00:00,EDT,N.Y.C.,61761,6288.138
08/06/2025 07:00:00,EDT,N.Y.C.,61761,6703.1436
08/06/2025 08:00:00,EDT,N.Y.C.,61761,6986.7658
08/06/2025 09:00:00,EDT,N.Y.C.,61761,7160.9584
08/06/2025 10:00:00,EDT,N.Y.C.,61761,7280.3984
08/06/2025 11:00:00,EDT,N.Y.C.,61761,7434.5631
08/06/2025 12:00:00,EDT,N.Y.C.,61761,7498.8121
08/06/2025 13:00:00,EDT,N.Y.C.,61761,7527.109
08/06/2025 14:00:00,EDT,N.Y.C.,61761,7482.5823
08/06/2025 15:00:00,EDT,N.Y.C.,61761,7377.2445
08/06/2025 16:00:00,EDT,N.Y.C.,61761,7248.5584
08/06/2025 17:00:00,EDT,N.Y.C.,61761,7152.7546
08/06/2025 18:00:00,EDT,N.Y.C.,61761,6909.8646
08/06/2025 19:00:00,EDT,N.Y.C.,61761,6766.5798
08/06/2025 20:00:00,EDT,N.Y.C.,61761,6666.8331
08/06/2025 21:00:00,EDT,N.Y.C.,61761,6484.617
08/06/2025 22:00:00,EDT,N.Y.C.,61761,6164.3248
08/06/2025 23:00:00,EDT,N.Y.C.,61761,5824.0375
08/07/2025 00:00:00,EDT,N.Y.C.,61761,5554.5945
08/07/2025 01:00:00,EDT,N.Y.C.,61761,5344.7118
08/07/2025 02:00:00,EDT,N.Y.C.,61761,5182.5097
08/07/2025 03:00:00,EDT,N.Y.C.,61761,5088.9082
08/07/2025 04:00:00,EDT,N.Y.C.,61761,5103.8768
08/07/2025 05:00:00,EDT,N.Y.C.,61761,5311.0692
08/07/2025 06:00:00,EDT,N.Y.C.,61761,5740.1343
08/07/2025 07:00:00,EDT,N.Y.C.,61761,6192.8579
08/07/2025 08:00:00,EDT,N.Y.C.,61761,6521.5703
08/07/2025 09:00:00,EDT,N.Y.C.,61761,6751.9261
08/07/2025 10:00:00,EDT,N.Y.C.,61761,6890.5058
08/07/2025 11:00:00,EDT,N.Y.C.,61761,7045.8149
08/07/2025 12:00:00,EDT,N.Y.C.,61761,7166.7874
08/07/2025 13:00:00,EDT,N.Y.C.,61761,7258.3999
08/07/2025 14:00:00,EDT,N.Y.C.,61761,7262.9794
08/07/2025 15:00:00,EDT,N.Y.C.,61761,7247.0107
08/07/2025 16:00:00,EDT,N.Y.C.,61761,7272.9984
08/07/2025 17:00:00,EDT,N.Y.C.,61761,7254.5282
08/07/2025 18:00:00,EDT,N.Y.C.,61761,6990.3334
08/07/2025 19:00:00,EDT,N.Y.C.,61761,6682.9919
08/07/2025 20:00:00,EDT,N.Y.C.,61761,6519.5511
08/07/2025 21:00:00,EDT,N.Y.C.,61761,6318.8566
08/07/2025 22:00:00,EDT,N.Y.C.,61761,6041.9285
08/07/2025 23:00:00,EDT,N.Y.C.,61761,5723.0323
08/08/2025 00:00:00,EDT,N.Y.C.,61761,5440.4602
08/08/2025 01:00:00,EDT,N.Y.C.,61761,5211.4176
08/08/2025 02:00:00,EDT,N.Y.C.,61761,5034.9749
08/08/2025 03:00:00,EDT,N.Y.C.,61761,4910.5279
08/08/2025 04:00:00,EDT,N.Y.C.,61761,4904.0685
08/08/2025 05:00:00,EDT,N.Y.C.,61761,5078.1443
08/08/2025 06:00:00,EDT,N.Y.C.,61761,5431.097
08/08/2025 07:00:00,EDT,N.Y.C.,61761,5873.5183
08/08/2025 08:00:00,EDT,N.Y.C.,61761,6178.5852
08/08/2025 09:00:00,EDT,N.Y.C.,61761,6393.1319
08/08/2025 10:00:00,EDT,N.Y.C.,61761,6538.8581
08/08/2025 11:00:00,EDT,N.Y.C.,61761,6661.139
08/08/2025 12:00:00,EDT,N.Y.C.,61761,6741.5228
08/08/2025 13:00:00,EDT,N.Y.C.,61761,6821.1717
08/08/2025 14:00:00,EDT,N.Y.C.,61761,6873.1997
08/08/2025 15:00:00,EDT,N.Y.C.,61761,6944.3595
08/08/2025 16:00:00,EDT,N.Y.C.,61761,7022.1945
08/08/2025 17:00:00,EDT,N.Y.C.,61761,7020.0688
08/08/2025 18:00:00,EDT,N.Y.C.,61761,6781.9202
08/08/2025 19:00:00,EDT,N.Y.C.,61761,6509.7354
08/08/2025 20:00:00,EDT,N.Y.C.,61761,6350.9247
08/08/2025 21:00:00,EDT,N.Y.C.,61761,6171.3288
08/08/2025 22:00:00,EDT,N.Y.C.,61761,5924.3023
08/08/2025 23:00:00,EDT,N.Y.C.,61761,5649.4562
08/09/2025 00:00:00,EDT,N.Y.C.,61761,5403.353
08/09/2025 01:00:00,EDT,N.Y.C.,61761,5187.2805
08/09/2025 02:00:00,EDT,N.Y.C.,61761,5008.8162
08/09/2025 03:00:00,EDT,N.Y.C.,61761,4878.267
08/09/2025 04:00:00,EDT,N.Y.C.,61761,4804.7044
08/09/2025 05:00:00,EDT,N.Y.C.,61761,4800.0014
08/09/2025 06:00:00,EDT,N.Y.C.,61761,4886.9518
08/09/2025 07:00:00,EDT,N.Y.C.,61761,5131.1214
08/09/2025 08:00:00,EDT,N.Y.C.,61761,5389.0576
08/09/2025 09:00:00,EDT,N.Y.C.,61761,5629.5911
08/09/2025 10:00:00,EDT,N.Y.C.,61761,5851.4487
08/09/2025 11:00:00,EDT,N.Y.C.,61761,6027.5975
08/09/2025 12:00:00,EDT,N.Y.C.,61761,6148.5402
08/09/2025 13:00:00,EDT,N.Y.C.,61761,6232.2483
08/09/2025 14:00:00,EDT,N.Y.C.,61761,6318.9906
08/09/2025 15:00:00,EDT,N.Y.C.,61761,6443.0567
08/09/2025 16:00:00,EDT,N.Y.C.,61761,6555.837
08/09/2025 17:00:00,EDT,N.Y.C.,61761,6580.6896
08/09/2025 18:00:00,EDT,N.Y.C.,61761,6495.8679
08/09/2025 19:00:00,EDT,N.Y.C.,61761,6332.2168
08/09/2025 20:00:00,EDT,N.Y.C.,61761,6207.1818
08/09/2025 21:00:00,EDT,N.Y.C.,61761,6099.5101
08/09/2025 22:00:00,EDT,N.Y.C.,61761,5930.7283
08/09/2025 23:00:00,EDT,N.Y.C.,61761,5707.429
08/10/2025 00:00:00,EDT,N.Y.C.,61761,5496.6248
08/10/2025 01:00:00,EDT,N.Y.C.,61761,5274.0413
08/10/2025 02:00:00,EDT,N.Y.C.,61761,5095.0353
08/10/2025 03:00:00,EDT,N.Y.C.,61761,4968.4447
08/10/2025 04:00:00,EDT,N.Y.C.,61761,4889.4977
08/10/2025 05:00:00,EDT,N.Y.C.,61761,4892.8292
08/10/2025 06:00:00,EDT,N.Y.C.,61761,4948.8617
08/10/2025 07:00:00,EDT,N.Y.C.,61761,5144.5445
08/10/2025 08:00:00,EDT,N.Y.C.,61761,5397.994
08/10/2025 09:00:00,EDT,N.Y.C.,61761,5685.2658
08/10/2025 10:00:00,EDT,N.Y.C.,61761,5974.1188
08/10/2025 11:00:00,EDT,N.Y.C.,61761,6228.0154
08/10/2025 12:00:00,EDT,N.Y.C.,61761,6444.8776
08/10/2025 13:00:00,EDT,N.Y.C.,61761,6668.435
08/10/2025 14:00:00,EDT,N.Y.C.,61761,6877.2721
08/10/2025 15:00:00,EDT,N.Y.C.,61761,7077.5738
08/10/2025 16:00:00,EDT,N.Y.C.,61761,7205.5277
08/10/2025 17:00:00,EDT,N.Y.C.,61761,7243.2323
08/10/2025 18:00:00,EDT,N.Y.C.,61761,7165.9479
08/10/2025 19:00:00,EDT,N.Y.C.,61761,7049.6567
08/10/2025 20:00:00,EDT,N.Y.C.,61761,7026.1496
08/10/2025 21:00:00,EDT,N.Y.C.,61761,6928.0245
08/10/2025 22:00:00,EDT,N.Y.C.,61761,6710.3486
08/10/2025 23:00:00,EDT,N.Y.C.,61761,6429.2091
08/11/2025 00:00:00,EDT,N.Y.C.,61761,6160.1568
08/11/2025 01:00:00,EDT,N.Y.C.,61761,5944.125
08/11/2025 02:00:00,EDT,N.Y.C.,61761,5753.5646
08/11/2025 03:00:00,EDT,N.Y.C.,61761,5637.9319
08/11/2025 04:00:00,EDT,N.Y.C.,61761,5640.2006
08/11/2025 05:00:00,EDT,N.Y.C.,61761,5813.7457
08/11/2025 06:00:00,EDT,N.Y.C.,61761,6154.0781
08/11/2025 07:00:00,EDT,N.Y.C.,61761,6622.2024
08/11/2025 08:00:00,EDT,N.Y.C.,61761,7012.7923
08/11/2025 09:00:00,EDT,N.Y.C.,61761,7287.8081
08/11/2025 10:00:00,EDT,N.Y.C.,61761,7478.6036
08/11/2025 11:00:00,EDT,N.Y.C.,61761,7710.8055
08/11/2025 12:00:00,EDT,N.Y.C.,61761,7940.063
08/11/2025 13:00:00,EDT,N.Y.C.,61761,8154.8837
08/11/2025 14:00:00,EDT,N.Y.C.,61761,8331.3364
08/11/2025 15:00:00,EDT,N.Y.C.,61761,8496.2396
08/11/2025 16:00:00,EDT,N.Y.C.,61761,8586.4802
08/11/2025 17:00:00,EDT,N.Y.C.,61761,8531.8282
08/11/2025 18:00:00,EDT,N.Y.C.,61761,8186.6273
08/11/2025 19:00:00,EDT,N.Y.C.,61761,7847.9659
08/11/2025 20:00:00,EDT,N.Y.C.,61761,7635.6081
08/11/2025 21:00:00,EDT,N.Y.C.,61761,7429.2941
08/11/2025 22:00:00,EDT,N.Y.C.,61761,7040.934
08/11/2025 23:00:00,EDT,N.Y.C.,61761,6620.4334
08/12/2025 00:00:00,EDT,N.Y.C.,61761,6297.529
08/12/2025 01:00:00,EDT,N.Y.C.,61761,6062.6518
08/12/2025 02:00:00,EDT,N.Y.C.,61761,5866.1297
08/12/2025 03:00:00,EDT,N.Y.C.,61761,5746.0682
08/12/2025 04:00:00,EDT,N.Y.C.,61761,5751.3038
08/12/2025 05:00:00,EDT,N.Y.C.,61761,5952.0931
08/12/2025 06:00:00,EDT,N.Y.C.,61761,6372.0853
08/12/2025 07:00:00,EDT,N.Y.C.,61761,6892.1838
08/12/2025 08:00:00,EDT,N.Y.C.,61761,7315.6403
08/12/2025 09:00:00,EDT,N.Y.C.,61761,7678.9393
08/12/2025 10:00:00,EDT,N.Y.C.,61761,8009.3516
08/12/2025 11:00:00,EDT,N.Y.C.,61761,8262.3835
08/12/2025 12:00:00,EDT,N.Y.C.,61761,8458.8351
08/12/2025 13:00:00,EDT,N.Y.C.,61761,8655.9626
08/12/2025 14:00:00,EDT,N.Y.C.,61761,8833.3721
08/12/2025 15:00:00,EDT,N.Y.C.,61761,8976.7063
08/12/2025 16:00:00,EDT,N.Y.C.,61761,9032.3912
08/12/2025 17:00:00,EDT,N.Y.C.,61761,9013.7324
08/12/2025 18:00:00,EDT,N.Y.C.,61761,8720.4398
08/12/2025 19:00:00,EDT,N.Y.C.,61761,8425.4654
08/12/2025 20:00:00,EDT,N.Y.C.,61761,8244.3353
08/12/2025 21:00:00,EDT,N.Y.C.,61761,8071.9729
08/12/2025 22:00:00,EDT,N.Y.C.,61761,7754.5547
08/12/2025 23:00:00,EDT,N.Y.C.,61761,7326.4205
08/13/2025 00:00:00,EDT,N.Y.C.,61761,6958.994
08/13/2025 01:00:00,EDT,N.Y.C.,61761,6666.2698
08/13/2025 02:00:00,EDT,N.Y.C.,61761,6453.6988
08/13/2025 03:00:00,EDT,N.Y.C.,61761,6321.0411
08/13/2025 04:00:00,EDT,N.Y.C.,61761,6303.6376
08/13/2025 05:00:00,EDT,N.Y.C.,61761,6492.8754
08/13/2025 06:00:00,EDT,N.Y.C.,61761,6915.5524
08/13/2025 07:00:00,EDT,N.Y.C.,61761,7468.9578
08/13/2025 08:00:00,EDT,N.Y.C.,61761,7928.1365
08/13/2025 09:00:00,EDT,N.Y.C.,61761,8314.2437
08/13/2025 10:00:00,EDT,N.Y.C.,61761,8667.8254
08/13/2025 11:00:00,EDT,N.Y.C.,61761,8933.1384
08/13/2025 12:00:00,EDT,N.Y.C.,61761,9096.574
08/13/2025 13:00:00,EDT,N.Y.C.,61761,9245.6142
08/13/2025 14:00:00,EDT,N.Y.C.,61761,9404.9823
08/13/2025 15:00:00,EDT,N.Y.C.,61761,9515.8063
08/13/2025 16:00:00,EDT,N.Y.C.,61761,9402.2457
08/13/2025 17:00:00,EDT,N.Y.C.,61761,9141.2587
08/13/2025 18:00:00,EDT,N.Y.C.,61761,8788.6002
08/13/2025 19:00:00,EDT,N.Y.C.,61761,8138.4342
08/13/2025 20:00:00,EDT,N.Y.C.,61761,7967.6002
08/13/2025 21:00:00,EDT,N.Y.C.,61761,7843.5095
08/13/2025 22:00:00,EDT,N.Y.C.,61761,7559.4785
08/13/2025 23:00:00,EDT,N.Y.C.,61761,7173.8962
08/14/2025 00:00:00,EDT,N.Y.C.,61761,6845.5292
08/14/2025 01:00:00,EDT,N.Y.C.,61761,6546.3467
08/14/2025 02:00:00,EDT,N.Y.C.,61761,6344.1742
08/14/2025 03:00:00,EDT,N.Y.C.,61761,6206.765
08/14/2025 04:00:00,EDT,N.Y.C.,61761,6195.0746
08/14/2025 05:00:00,EDT,N.Y.C.,61761,6386.4493
08/14/2025 06:00:00,EDT,N.Y.C.,61761,6800.2638
08/14/2025 07:00:00,EDT,N.Y.C.,61761,7288.805
08/14/2025 08:00:00,EDT,N.Y.C.,61761,7629.7013
08/14/2025 09:00:00,EDT,N.Y.C.,61761,7926.0142
08/14/2025 10:00:00,EDT,N.Y.C.,61761,8094.0078
08/14/2025 11:00:00,EDT,N.Y.C.,61761,8258.8432
08/14/2025 12:00:00,EDT,N.Y.C.,61761,8521.6772
08/14/2025 13:00:00,EDT,N.Y.C.,61761,8714.4144
08/14/2025 14:00:00,EDT,N.Y.C.,61761,8921.7407
08/14/2025 15:00:00,EDT,N.Y.C.,61761,9126.6149
08/14/2025 16:00:00,EDT,N.Y.C.,61761,9218.7818
08/14/2025 17:00:00,EDT,N.Y.C.,61761,9148.7186
08/14/2025 18:00:00,EDT,N.Y.C.,61761,8912.7142
08/14/2025 19:00:00,EDT,N.Y.C.,61761,8661.8783
08/14/2025 20:00:00,EDT,N.Y.C.,61761,8493.3591
08/14/2025 21:00:00,EDT,N.Y.C.,61761,8315.3682
08/14/2025 22:00:00,EDT,N.Y.C.,61761,8002.8836
08/14/2025 23:00:00,EDT,N.Y.C.,61761,7612.3002
08/15/2025 00:00:00,EDT,N.Y.C.,61761,7194.6958
08/15/2025 01:00:00,EDT,N.Y.C.,61761,6816.4735
08/15/2025 02:00:00,EDT,N.Y.C.,61761,6532.3428
08/15/2025 03:00:00,EDT,N.Y.C.,61761,6327.6375
08/15/2025 04:00:00,EDT,N.Y.C.,61761,6262.9692
08/15/2025 05:00:00,EDT,N.Y.C.,61761,6397.0739
08/15/2025 06:00:00,EDT,N.Y.C.,61761,6697.3939
08/15/2025 07:00:00,EDT,N.Y.C.,61761,7087.362
08/15/2025 08:00:00,EDT,N.Y.C.,61761,7430.1125
08/15/2025 09:00:00,EDT,N.Y.C.,61761,7684.3151
08/15/2025 10:00:00,EDT,N.Y.C.,61761,7866.4737
08/15/2025 11:00:00,EDT,N.Y.C.,61761,8046.8684
08/15/2025 12:00:00,EDT,N.Y.C.,61761,8209.5836
08/15/2025 13:00:00,EDT,N.Y.C.,61761,8382.2534
08/15/2025 14:00:00,EDT,N.Y.C.,61761,8553.7246
08/15/2025 15:00:00,EDT,N.Y.C.,61761,8724.0297
08/15/2025 16:00:00,EDT,N.Y.C.,61761,8781.1062
08/15/2025 17:00:00,EDT,N.Y.C.,61761,8709.5191
08/15/2025 18:00:00,EDT,N.Y.C.,61761,8346.723
08/15/2025 19:00:00,EDT,N.Y.C.,61761,8032.2238
08/15/2025 20:00:00,EDT,N.Y.C.,61761,7845.477
08/15/2025 21:00:00,EDT,N.Y.C.,61761,7644.6167
08/15/2025 22:00:00,EDT,N.Y.C.,61761,7357.6721
08/15/2025 23:00:00,EDT,N.Y.C.,61761,7012.5592
08/16/2025 00:00:00,EDT,N.Y.C.,61761,6715.9383
08/16/2025 01:00:00,EDT,N.Y.C.,61761,6447.4159
08/16/2025 02:00:00,EDT,N.Y.C.,61761,6243.7907
08/16/2025 03:00:00,EDT,N.Y.C.,61761,6095.8541
08/16/2025 04:00:00,EDT,N.Y.C.,61761,6004.7845
08/16/2025 05:00:00,EDT,N.Y.C.,61761,6013.738
08/16/2025 06:00:00,EDT,N.Y.C.,61761,6104.8151
08/16/2025 07:00:00,EDT,N.Y.C.,61761,6283.7119
08/16/2025 08:00:00,EDT,N.Y.C.,61761,6547.3589
08/16/2025 09:00:00,EDT,N.Y.C.,61761,6796.1264
08/16/2025 10:00:00,EDT,N.Y.C.,61761,7064.5156
08/16/2025 11:00:00,EDT,N.Y.C.,61761,7213.311
08/16/2025 12:00:00,EDT,N.Y.C.,61761,7383.8642
08/16/2025 13:00:00,EDT,N.Y.C.,61761,7441.4071
08/16/2025 14:00:00,EDT,N.Y.C.,61761,7518.3292
08/16/2025 15:00:00,EDT,N.Y.C.,61761,7598.9451
08/16/2025 16:00:00,EDT,N.Y.C.,61761,7669.6892
08/16/2025 17:00:00,EDT,N.Y.C.,61761,7683.1423
08/16/2025 18:00:00,EDT,N.Y.C.,61761,7561.0872
08/16/2025 19:00:00,EDT,N.Y.C.,61761,7382.2986
08/16/2025 20:00:00,EDT,N.Y.C.,61761,7288.5369
08/16/2025 21:00:00,EDT,N.Y.C.,61761,7156.095
08/16/2025 22:00:00,EDT,N.Y.C.,61761,6977.9751
08/16/2025 23:00:00,EDT,N.Y.C.,61761,6728.9043
08/17/2025 00:00:00,EDT,N.Y.C.,61761,6481.0521
08/17/2025 01:00:00,EDT,N.Y.C.,61761,6214.3561
08/17/2025 02:00:00,EDT,N.Y.C.,61761,6019.6083
08/17/2025 03:00:00,EDT,N.Y.C.,61761,5878.4179
08/17/2025 04:00:00,EDT,N.Y.C.,61761,5804.0453
08/17/2025 05:00:00,EDT,N.Y.C.,61761,5789.7439
08/17/2025 06:00:00,EDT,N.Y.C.,61761,5828.0489
08/17/2025 07:00:00,EDT,N.Y.C.,61761,6015.4696
08/17/2025 08:00:00,EDT,N.Y.C.,61761,6338.969
08/17/2025 09:00:00,EDT,N.Y.C.,61761,6691.2504
08/17/2025 10:00:00,EDT,N.Y.C.,61761,7078.5725
08/17/2025 11:00:00,EDT,N.Y.C.,61761,7419.199
08/17/2025 12:00:00,EDT,N.Y.C.,61761,7723.5759
08/17/2025 13:00:00,EDT,N.Y.C.,61761,7963.7516
08/17/2025 14:00:00,EDT,N.Y.C.,61761,8103.3739
08/17/2025 15:00:00,EDT,N.Y.C.,61761,8287.0404
08/17/2025 16:00:00,EDT,N.Y.C.,61761,8406.8648
08/17/2025 17:00:00,EDT,N.Y.C.,61761,8392.8166
08/17/2025 18:00:00,EDT,N.Y.C.,61761,8068.7599
08/17/2025 19:00:00,EDT,N.Y.C.,61761,7832.8179
08/17/2025 20:00:00,EDT,N.Y.C.,61761,7821.9575
08/17/2025 21:00:00,EDT,N.Y.C.,61761,7755.5236
08/17/2025 22:00:00,EDT,N.Y.C.,61761,7531.8148
08/17/2025 23:00:00,EDT,N.Y.C.,61761,7238.1947
08/18/2025 00:00:00,EDT,N.Y.C.,61761,6961.9688
08/18/2025 01:00:00,EDT,N.Y.C.,61761,6634.493
08/18/2025 02:00:00,EDT,N.Y.C.,61761,6175.9154
08/18/2025 03:00:00,EDT,N.Y.C.,61761,5842.849
08/18/2025 04:00:00,EDT,N.Y.C.,61761,5749.956
08/18/2025 05:00:00,EDT,N.Y.C.,61761,5881.8413
08/18/2025 06:00:00,EDT,N.Y.C.,61761,6168.0598
08/18/2025 07:00:00,EDT,N.Y.C.,61761,6421.0973
08/18/2025 08:00:00,EDT,N.Y.C.,61761,6610.3413
08/18/2025 09:00:00,EDT,N.Y.C.,61761,6662.486
08/18/2025 10:00:00,EDT,N.Y.C.,61761,6657.983
08/18/2025 11:00:00,EDT,N.Y.C.,61761,6671.763
08/18/2025 12:00:00,EDT,N.Y.C.,61761,6726.5421
08/18/2025 13:00:00,EDT,N.Y.C.,61761,6798.7803
08/18/2025 14:00:00,EDT,N.Y.C.,61761,6882.0048
08/18/2025 15:00:00,EDT,N.Y.C.,61761,6855.7915
08/18/2025 16:00:00,EDT,N.Y.C.,61761,6892.3955
08/18/2025 17:00:00,EDT,N.Y.C.,61761,6947.7441
08/18/2025 18:00:00,EDT,N.Y.C.,61761,6808.3962
08/18/2025 19:00:00,EDT,N.Y.C.,61761,6623.6586
08/18/2025 20:00:00,EDT,N.Y.C.,61761,6502.6725
08/18/2025 21:00:00,EDT,N.Y.C.,61761,6301.578
08/18/2025 22:00:00,EDT,N.Y.C.,61761,5992.489
08/18/2025 23:00:00,EDT,N.Y.C.,61761,5663.0725
08/19/2025 00:00:00,EDT,N.Y.C.,61761,5387.4974
08/19/2025 01:00:00,EDT,N.Y.C.,61761,5165.8012
08/19/2025 02:00:00,EDT,N.Y.C.,61761,4995.2574
08/19/2025 03:00:00,EDT,N.Y.C.,61761,4895.7694
08/19/2025 04:00:00,EDT,N.Y.C.,61761,4880.0196
08/19/2025 05:00:00,EDT,N.Y.C.,61761,5044.3809
08/19/2025 06:00:00,EDT,N.Y.C.,61761,5383.9402
08/19/2025 07:00:00,EDT,N.Y.C.,61761,5753.7323
08/19/2025 08:00:00,EDT,N.Y.C.,61761,6009.7054
08/19/2025 09:00:00,EDT,N.Y.C.,61761,6180.4716
08/19/2025 10:00:00,EDT,N.Y.C.,61761,6315.8117
08/19/2025 11:00:00,EDT,N.Y.C.,61761,6437.3768
08/19/2025 12:00:00,EDT,N.Y.C.,61761,6520.8081
08/19/2025 13:00:00,EDT,N.Y.C.,61761,6615.3444
08/19/2025 14:00:00,EDT,N.Y.C.,61761,6638.0207
08/19/2025 15:00:00,EDT,N.Y.C.,61761,6655.7944
08/19/2025 16:00:00,EDT,N.Y.C.,61761,6702.1283
08/19/2025 17:00:00,EDT,N.Y.C.,61761,6661.9147
08/19/2025 18:00:00,EDT,N.Y.C.,61761,6402.3602
08/19/2025 19:00:00,EDT,N.Y.C.,61761,6193.4591
08/19/2025 20:00:00,EDT,N.Y.C.,61761,6104.823
08/19/2025 21:00:00,EDT,N.Y.C.,61761,5943.9579
08/19/2025 22:00:00,EDT,N.Y.C.,61761,5687.796
08/19/2025 23:00:00,EDT,N.Y.C.,61761,5404.7458
08/20/2025 00:00:00,EDT,N.Y.C.,61761,5189.7468
08/20/2025 01:00:00,EDT,N.Y.C.,61761,4985.7047
08/20/2025 02:00:00,EDT,N.Y.C.,61761,4834.5308
08/20/2025 03:00:00,EDT,N.Y.C.,61761,4758.302
08/20/2025 04:00:00,EDT,N.Y.C.,61761,4781.24
08/20/2025 05:00:00,EDT,N.Y.C.,61761,4987.5461
08/20/2025 06:00:00,EDT,N.Y.C.,61761,5400.2134
08/20/2025 07:00:00,EDT,N.Y.C.,61761,5812.8446
08/20/2025 08:00:00,EDT,N.Y.C.,61761,6141.6394
08/20/2025 09:00:00,EDT,N.Y.C.,61761,6346.3611
08/20/2025 10:00:00,EDT,N.Y.C.,61761,6425.4312
08/20/2025 11:00:00,EDT,N.Y.C.,61761,6482.9734
08/20/2025 12:00:00,EDT,N.Y.C.,61761,6578.326
08/20/2025 13:00:00,EDT,N.Y.C.,61761,6536.0779
08/20/2025 14:00:00,EDT,N.Y.C.,61761,6423.4588
08/20/2025 15:00:00,EDT,N.Y.C.,61761,6484.2141
08/20/2025 16:00:00,EDT,N.Y.C.,61761,6472.6694
08/20/2025 17:00:00,EDT,N.Y.C.,61761,6336.3173
08/20/2025 18:00:00,EDT,N.Y.C.,61761,6119.4081
08/20/2025 19:00:00,EDT,N.Y.C.,61761,5947.1026
08/20/2025 20:00:00,EDT,N.Y.C.,61761,5773.7305
08/20/2025 21:00:00,EDT,N.Y.C.,61761,5549.9645
08/20/2025 22:00:00,EDT,N.Y.C.,61761,5262.6544
08/20/2025 23:00:00,EDT,N.Y.C.,61761,4959.263
08/21/2025 00:00:00,EDT,N.Y.C.,61761,4733.312
08/21/2025 01:00:00,EDT,N.Y.C.,61761,4571.4485
08/21/2025 02:00:00,EDT,N.Y.C.,61761,4443.9379
08/21/2025 03:00:00,EDT,N.Y.C.,61761,4358.1321
08/21/2025 04:00:00,EDT,N.Y.C.,61761,4354.1801
08/21/2025 05:00:00,EDT,N.Y.C.,61761,4536.3973
08/21/2025 06:00:00,EDT,N.Y.C.,61761,4900.5875
08/21/2025 07:00:00,EDT,N.Y.C.,61761,5269.5856
08/21/2025 08:00:00,EDT,N.Y.C.,61761,5547.552
08/21/2025 09:00:00,EDT,N.Y.C.,61761,5703.1603
08/21/2025 10:00:00,EDT,N.Y.C.,61761,5777.2361
08/21/2025 11:00:00,EDT,N.Y.C.,61761,5824.0703
08/21/2025 12:00:00,EDT,N.Y.C.,61761,5847.2986
08/21/2025 13:00:00,EDT,N.Y.C.,61761,5842.7266
08/21/2025 14:00:00,EDT,N.Y.C.,61761,5847.0856
08/21/2025 15:00:00,EDT,N.Y.C.,61761,5940.7527
08/21/2025 16:00:00,EDT,N.Y.C.,61761,6044.3179
08/21/2025 17:00:00,EDT,N.Y.C.,61761,6004.3004
08/21/2025 18:00:00,EDT,N.Y.C.,61761,5814.7809
08/21/2025 19:00:00,EDT,N.Y.C.,61761,5669.3067
08/21/2025 20:00:00,EDT,N.Y.C.,61761,5592.9244
08/21/2025 21:00:00,EDT,N.Y.C.,61761,5434.3389
08/21/2025 22:00:00,EDT,N.Y.C.,61761,5183.1424
08/21/2025 23:00:00,EDT,N.Y.C.,61761,4916.1391
08/22/2025 00:00:00,EDT,N.Y.C.,61761,4656.8123
08/22/2025 01:00:00,EDT,N.Y.C.,61761,4454.6594
08/22/2025 02:00:00,EDT,N.Y.C.,61761,4305.626
08/22/2025 03:00:00,EDT,N.Y.C.,61761,4217.3674
08/22/2025 04:00:00,EDT,N.Y.C.,61761,4210.7919
08/22/2025 05:00:00,EDT,N.Y.C.,61761,4379.6055
08/22/2025 06:00:00,EDT,N.Y.C.,61761,4729.011
08/22/2025 07:00:00,EDT,N.Y.C.,61761,5110.4517
08/22/2025 08:00:00,EDT,N.Y.C.,61761,5414.2793
08/22/2025 09:00:00,EDT,N.Y.C.,61761,5621.4567
08/22/2025 10:00:00,EDT,N.Y.C.,61761,5769.3976
08/22/2025 11:00:00,EDT,N.Y.C.,61761,5897.4911
08/22/2025 12:00:00,EDT,N.Y.C.,61761,6018.7252
08/22/2025 13:00:00,EDT,N.Y.C.,61761,6162.9807
08/22/2025 14:00:00,EDT,N.Y.C.,61761,6291.6453
08/22/2025 15:00:00,EDT,N.Y.C.,61761,6452.3675
08/22/2025 16:00:00,EDT,N.Y.C.,61761,6596.9971
08/22/2025 17:00:00,EDT,N.Y.C.,61761,6662.2933
08/22/2025 18:00:00,EDT,N.Y.C.,61761,6470.3582
08/22/2025 19:00:00,EDT,N.Y.C.,61761,6260.0737
08/22/2025 20:00:00,EDT,N.Y.C.,61761,6113.4246
08/22/2025 21:00:00,EDT,N.Y.C.,61761,5910.0895
08/22/2025 22:00:00,EDT,N.Y.C.,61761,5635.4288
08/22/2025 23:00:00,EDT,N.Y.C.,61761,5346.1719
08/23/2025 00:00:00,EDT,N.Y.C.,61761,5103.811
08/23/2025 01:00:00,EDT,N.Y.C.,61761,4882.4452
08/23/2025 02:00:00,EDT,N.Y.C.,61761,4723.0578
08/23/2025 03:00:00,EDT,N.Y.C.,61761,4615.6763
08/23/2025 04:00:00,EDT,N.Y.C.,61761,4552.6006
08/23/2025 05:00:00,EDT,N.Y.C.,61761,4568.6019
08/23/2025 06:00:00,EDT,N.Y.C.,61761,4655.3622
08/23/2025 07:00:00,EDT,N.Y.C.,61761,4852.1674
08/23/2025 08:00:00,EDT,N.Y.C.,61761,5085.7324
08/23/2025 09:00:00,EDT,N.Y.C.,61761,5314.9326
08/23/2025 10:00:00,EDT,N.Y.C.,61761,5523.9282
08/23/2025 11:00:00,EDT,N.Y.C.,61761,5680.5319
08/23/2025 12:00:00,EDT,N.Y.C.,61761,5780.2601
08/23/2025 13:00:00,EDT,N.Y.C.,61761,5848.1671
08/23/2025 14:00:00,EDT,N.Y.C.,61761,5954.1981
08/23/2025 15:00:00,EDT,N.Y.C.,61761,6067.7643
08/23/2025 16:00:00,EDT,N.Y.C.,61761,6130.1833
08/23/2025 17:00:00,EDT,N.Y.C.,61761,6140.5499
08/23/2025 18:00:00,EDT,N.Y.C.,61761,6040.3518
08/23/2025 19:00:00,EDT,N.Y.C.,61761,5912.3086
08/23/2025 20:00:00,EDT,N.Y.C.,61761,5865.7756
08/23/2025 21:00:00,EDT,N.Y.C.,61761,5772.0679
08/23/2025 22:00:00,EDT,N.Y.C.,61761,5612.7204
08/23/2025 23:00:00,EDT,N.Y.C.,61761,5416.8497
08/24/2025 00:00:00,EDT,N.Y.C.,61761,5209.8088
08/24/2025 01:00:00,EDT,N.Y.C.,61761,4987.5485
08/24/2025 02:00:00,EDT,N.Y.C.,61761,4816.9383
08/24/2025 03:00:00,EDT,N.Y.C.,61761,4722.8489
08/24/2025 04:00:00,EDT,N.Y.C.,61761,4696.648
08/24/2025 05:00:00,EDT,N.Y.C.,61761,4739.8098
08/24/2025 06:00:00,EDT,N.Y.C.,61761,4815.0969
08/24/2025 07:00:00,EDT,N.Y.C.,61761,4992.4418
08/24/2025 08:00:00,EDT,N.Y.C.,61761,5225.6384
08/24/2025 09:00:00,EDT,N.Y.C.,61761,5475.0921
08/24/2025 10:00:00,EDT,N.Y.C.,61761,5712.4427
08/24/2025 11:00:00,EDT,N.Y.C.,61761,5907.7833
08/24/2025 12:00:00,EDT,N.Y.C.,61761,6042.4319
08/24/2025 13:00:00,EDT,N.Y.C.,61761,6161.1227
08/24/2025 14:00:00,EDT,N.Y.C.,61761,6275.2634
08/24/2025 15:00:00,EDT,N.Y.C.,61761,6339.289
08/24/2025 16:00:00,EDT,N.Y.C.,61761,6395.8756
08/24/2025 17:00:00,EDT,N.Y.C.,61761,6473.5732
08/24/2025 18:00:00,EDT,N.Y.C.,61761,6393.0568
08/24/2025 19:00:00,EDT,N.Y.C.,61761,6328.7455
08/24/2025 20:00:00,EDT,N.Y.C.,61761,6358.6616
08/24/2025 21:00:00,EDT,N.Y.C.,61761,6295.7922
08/24/2025 22:00:00,EDT,N.Y.C.,61761,6119.8027
08/24/2025 23:00:00,EDT,N.Y.C.,61761,5891.0857
08/25/2025 00:00:00,EDT,N.Y.C.,61761,5685.1798
08/25/2025 01:00:00,EDT,N.Y.C.,61761,5489.3884
08/25/2025 02:00:00,EDT,N.Y.C.,61761,5342.7339
08/25/2025 03:00:00,EDT,N.Y.C.,61761,5269.3679
08/25/2025 04:00:00,EDT,N.Y.C.,61761,5291.4613
08/25/2025 05:00:00,EDT,N.Y.C.,61761,5499.1576
08/25/2025 06:00:00,EDT,N.Y.C.,61761,5925.4407
08/25/2025 07:00:00,EDT,N.Y.C.,61761,6325.474
08/25/2025 08:00:00,EDT,N.Y.C.,61761,6719.7631
08/25/2025 09:00:00,EDT,N.Y.C.,61761,7000.1834
08/25/2025 10:00:00,EDT,N.Y.C.,61761,7191.7154
08/25/2025 11:00:00,EDT,N.Y.C.,61761,7318.2045
08/25/2025 12:00:00,EDT,N.Y.C.,61761,7380.0723
08/25/2025 13:00:00,EDT,N.Y.C.,61761,7433.2126
08/25/2025 14:00:00,EDT,N.Y.C.,61761,7511.802
08/25/2025 15:00:00,EDT,N.Y.C.,61761,7600.1979
08/25/2025 16:00:00,EDT,N.Y.C.,61761,7691.3865
08/25/2025 17:00:00,EDT,N.Y.C.,61761,7638.4805
08/25/2025 18:00:00,EDT,N.Y.C.,61761,7289.4617
08/25/2025 19:00:00,EDT,N.Y.C.,61761,7033.8282
08/25/2025 20:00:00,EDT,N.Y.C.,61761,6881.438
08/25/2025 21:00:00,EDT,N.Y.C.,61761,6654.6669
08/25/2025 22:00:00,EDT,N.Y.C.,61761,6320.2254
08/25/2025 23:00:00,EDT,N.Y.C.,61761,5919.624
08/26/2025 00:00:00,EDT,N.Y.C.,61761,5584.6362
08/26/2025 01:00:00,EDT,N.Y.C.,61761,5308.6592
08/26/2025 02:00:00,EDT,N.Y.C.,61761,5079.7346
08/26/2025 03:00:00,EDT,N.Y.C.,61761,4927.7307
08/26/2025 04:00:00,EDT,N.Y.C.,61761,4880.7312
08/26/2025 05:00:00,EDT,N.Y.C.,61761,5012.1713
08/26/2025 06:00:00,EDT,N.Y.C.,61761,5347.7789
08/26/2025 07:00:00,EDT,N.Y.C.,61761,5734.1489
08/26/2025 08:00:00,EDT,N.Y.C.,61761,6036.7856
08/26/2025 09:00:00,EDT,N.Y.C.,61761,6236.2351
08/26/2025 10:00:00,EDT,N.Y.C.,61761,6363.823
08/26/2025 11:00:00,EDT,N.Y.C.,61761,6484.1192
08/26/2025 12:00:00,EDT,N.Y.C.,61761,6614.1393
08/26/2025 13:00:00,EDT,N.Y.C.,61761,6750.7613
08/26/2025 14:00:00,EDT,N.Y.C.,61761,6881.8974
08/26/2025 15:00:00,EDT,N.Y.C.,61761,6915.3394
08/26/2025 16:00:00,EDT,N.Y.C.,61761,6962.013
08/26/2025 17:00:00,EDT,N.Y.C.,61761,6888.8071
08/26/2025 18:00:00,EDT,N.Y.C.,61761,6640.1148
08/26/2025 19:00:00,EDT,N.Y.C.,61761,6457.3602
08/26/2025 20:00:00,EDT,N.Y.C.,61761,6346.1184
08/26/2025 21:00:00,EDT,N.Y.C.,61761,6146.503
08/26/2025 22:00:00,EDT,N.Y.C.,61761,5852.5911
08/26/2025 23:00:00,EDT,N.Y.C.,61761,5497.0619
08/27/2025 00:00:00,EDT,N.Y.C.,61761,5188.0475
08/27/2025 01:00:00,EDT,N.Y.C.,61761,4942.2661
08/27/2025 02:00:00,EDT,N.Y.C.,61761,4756.4321
08/27/2025 03:00:00,EDT,N.Y.C.,61761,4623.2145
08/27/2025 04:00:00,EDT,N.Y.C.,61761,4586.3768
08/27/2025 05:00:00,EDT,N.Y.C.,61761,4744.6758
08/27/2025 06:00:00,EDT,N.Y.C.,61761,5078.4653
08/27/2025 07:00:00,EDT,N.Y.C.,61761,5438.6696
08/27/2025 08:00:00,EDT,N.Y.C.,61761,5727.0799
08/27/2025 09:00:00,EDT,N.Y.C.,61761,5917.0607
08/27/2025 10:00:00,EDT,N.Y.C.,61761,6004.3035
08/27/2025 11:00:00,EDT,N.Y.C.,61761,6109.0593
08/27/2025 12:00:00,EDT,N.Y.C.,61761,6239.471
08/27/2025 13:00:00,EDT,N.Y.C.,61761,6338.5287
08/27/2025 14:00:00,EDT,N.Y.C.,61761,6390.5828
08/27/2025 15:00:00,EDT,N.Y.C.,61761,6444.691
08/27/2025 16:00:00,EDT,N.Y.C.,61761,6481.3047
08/27/2025 17:00:00,EDT,N.Y.C.,61761,6404.8166
08/27/2025 18:00:00,EDT,N.Y.C.,61761,6199.4145
08/27/2025 19:00:00,EDT,N.Y.C.,61761,6033.3592
08/27/2025 20:00:00,EDT,N.Y.C.,61761,5925.2374
08/27/2025 21:00:00,EDT,N.Y.C.,61761,5746.1325
08/27/2025 22:00:00,EDT,N.Y.C.,61761,5474.5199
08/27/2025 23:00:00,EDT,N.Y.C.,61761,5162.5063
08/28/2025 00:00:00,EDT,N.Y.C.,61761,4906.6066
08/28/2025 01:00:00,EDT,N.Y.C.,61761,4697.8817
08/28/2025 02:00:00,EDT,N.Y.C.,61761,4532.1124
08/28/2025 03:00:00,EDT,N.Y.C.,61761,4433.5832
08/28/2025 04:00:00,EDT,N.Y.C.,61761,4426.3793
08/28/2025 05:00:00,EDT,N.Y.C.,61761,4597.1824
08/28/2025 06:00:00,EDT,N.Y.C.,61761,4961.968
08/28/2025 07:00:00,EDT,N.Y.C.,61761,5361.6789
08/28/2025 08:00:00,EDT,N.Y.C.,61761,5677.1457
08/28/2025 09:00:00,EDT,N.Y.C.,61761,5869.6383
08/28/2025 10:00:00,EDT,N.Y.C.,61761,6000.1588
08/28/2025 11:00:00,EDT,N.Y.C.,61761,6108.9501
08/28/2025 12:00:00,EDT,N.Y.C.,61761,6289.3332
08/28/2025 13:00:00,EDT,N.Y.C.,61761,6393.9143
08/28/2025 14:00:00,EDT,N.Y.C.,61761,6391.3989
08/28/2025 15:00:00,EDT,N.Y.C.,61761,6404.2322
08/28/2025 16:00:00,EDT,N.Y.C.,61761,6400.7361
08/28/2025 17:00:00,EDT,N.Y.C.,61761,6469.6421
08/28/2025 18:00:00,EDT,N.Y.C.,61761,6252.1772
08/28/2025 19:00:00,EDT,N.Y.C.,61761,6133.7512
08/28/2025 20:00:00,EDT,N.Y.C.,61761,6040.0379
08/28/2025 21:00:00,EDT,N.Y.C.,61761,5839.443
08/28/2025 22:00:00,EDT,N.Y.C.,61761,5567.9889
08/28/2025 23:00:00,EDT,N.Y.C.,61761,5270.3549
08/29/2025 00:00:00,EDT,N.Y.C.,61761,5045.4819
08/29/2025 01:00:00,EDT,N.Y.C.,61761,4845.7954
08/29/2025 02:00:00,EDT,N.Y.C.,61761,4682.0806
08/29/2025 03:00:00,EDT,N.Y.C.,61761,4588.328
08/29/2025 04:00:00,EDT,N.Y.C.,61761,4581.793
08/29/2025 05:00:00,EDT,N.Y.C.,61761,4749.6757
08/29/2025 06:00:00,EDT,N.Y.C.,61761,5109.157
08/29/2025 07:00:00,EDT,N.Y.C.,61761,5484.764
08/29/2025 08:00:00,EDT,N.Y.C.,61761,5753.7381
08/29/2025 09:00:00,EDT,N.Y.C.,61761,5977.2037
08/29/2025 10:00:00,EDT,N.Y.C.,61761,6108.1974
08/29/2025 11:00:00,EDT,N.Y.C.,61761,6269.7632
08/29/2025 12:00:00,EDT,N.Y.C.,61761,6390.8235
08/29/2025 13:00:00,EDT,N.Y.C.,61761,6513.9424
08/29/2025 14:00:00,EDT,N.Y.C.,61761,6492.7256
08/29/2025 15:00:00,EDT,N.Y.C.,61761,6465.4704
08/29/2025 16:00:00,EDT,N.Y.C.,61761,6448.8583
08/29/2025 17:00:00,EDT,N.Y.C.,61761,6493.2842
08/29/2025 18:00:00,EDT,N.Y.C.,61761,6294.5775
08/29/2025 19:00:00,EDT,N.Y.C.,61761,6124.9627
08/29/2025 20:00:00,EDT,N.Y.C.,61761,5979.162
08/29/2025 21:00:00,EDT,N.Y.C.,61761,5736.3015
08/29/2025 22:00:00,EDT,N.Y.C.,61761,5448.9569
08/29/2025 23:00:00,EDT,N.Y.C.,61761,5137.5759
08/30/2025 00:00:00,EDT,N.Y.C.,61761,4873.2787
08/30/2025 01:00:00,EDT,N.Y.C.,61761,4620.1229
08/30/2025 02:00:00,EDT,N.Y.C.,61761,4433.8291
08/30/2025 03:00:00,EDT,N.Y.C.,61761,4306.9965
08/30/2025 04:00:00,EDT,N.Y.C.,61761,4236.6492
08/30/2025 05:00:00,EDT,N.Y.C.,61761,4242.4481
08/30/2025 06:00:00,EDT,N.Y.C.,61761,4322.4663
08/30/2025 07:00:00,EDT,N.Y.C.,61761,4472.2935
08/30/2025 08:00:00,EDT,N.Y.C.,61761,4636.1963
08/30/2025 09:00:00,EDT,N.Y.C.,61761,4802.1199
08/30/2025 10:00:00,EDT,N.Y.C.,61761,4939.7551
08/30/2025 11:00:00,EDT,N.Y.C.,61761,5045.8434
08/30/2025 12:00:00,EDT,N.Y.C.,61761,5153.3137
08/30/2025 13:00:00,EDT,N.Y.C.,61761,5195.8968
08/30/2025 14:00:00,EDT,N.Y.C.,61761,5263.655
08/30/2025 15:00:00,EDT,N.Y.C.,61761,5362.9434
08/30/2025 16:00:00,EDT,N.Y.C.,61761,5463.8464
08/30/2025 17:00:00,EDT,N.Y.C.,61761,5542.2626
08/30/2025 18:00:00,EDT,N.Y.C.,61761,5528.8591
08/30/2025 19:00:00,EDT,N.Y.C.,61761,5456.5562
08/30/2025 20:00:00,EDT,N.Y.C.,61761,5402.533
08/30/2025 21:00:00,EDT,N.Y.C.,61761,5278.6576
08/30/2025 22:00:00,EDT,N.Y.C.,61761,5110.6595
08/30/2025 23:00:00,EDT,N.Y.C.,61761,4901.911
08/31/2025 00:00:00,EDT,N.Y.C.,61761,4699.7807
08/31/2025 01:00:00,EDT,N.Y.C.,61761,4519.1098
08/31/2025 02:00:00,EDT,N.Y.C.,61761,4370.5951
08/31/2025 03:00:00,EDT,N.Y.C.,61761,4251.4696
08/31/2025 04:00:00,EDT,N.Y.C.,61761,4164.1296
08/31/2025 05:00:00,EDT,N.Y.C.,61761,4189.7973
08/31/2025 06:00:00,EDT,N.Y.C.,61761,4241.324
08/31/2025 07:00:00,EDT,N.Y.C.,61761,4386.7247
08/31/2025 08:00:00,EDT,N.Y.C.,61761,4568.0836
08/31/2025 09:00:00,EDT,N.Y.C.,61761,4742.9981
08/31/2025 10:00:00,EDT,N.Y.C.,61761,4924.8543
08/31/2025 11:00:00,EDT,N.Y.C.,61761,5078.7578
08/31/2025 12:00:00,EDT,N.Y.C.,61761,5190.2534
08/31/2025 13:00:00,EDT,N.Y.C.,61761,5312.2915
08/31/2025 14:00:00,EDT,N.Y.C.,61761,5433.4935
08/31/2025 15:00:00,EDT,N.Y.C.,61761,5516.2538
08/31/2025 16:00:00,EDT,N.Y.C.,61761,5637.4902
08/31/2025 17:00:00,EDT,N.Y.C.,61761,5705.6067
08/31/2025 18:00:00,EDT,N.Y.C.,61761,5662.4069
08/31/2025 19:00:00,EDT,N.Y.C.,61761,5587.4947
08/31/2025 20:00:00,EDT,N.Y.C.,61761,5558.8528
08/31/2025 21:00:00,EDT,N.Y.C.,61761,5467.1969
08/31/2025 22:00:00,EDT,N.Y.C.,61761,5325.9593
08/31/2025 23:00:00,EDT,N.Y.C.,61761,5131.6274
09/01/2025 00:00:00,EDT,N.Y.C.,61761,4938.0436
09/01/2025 01:00:00,EDT,N.Y.C.,61761,4756.3498
09/01/2025 02:00:00,EDT,N.Y.C.,61761,4612.754
09/01/2025 03:00:00,EDT,N.Y.C.,61761,4512.6678
09/01/2025 04:00:00,EDT,N.Y.C.,61761,4473.4515
09/01/2025 05:00:00,EDT,N.Y.C.,61761,4535.0389
09/01/2025 06:00:00,EDT,N.Y.C.,61761,4646.7713
09/01/2025 07:00:00,EDT,N.Y.C.,61761,4786.3505
09/01/2025 08:00:00,EDT,N.Y.C.,61761,4962.4808
09/01/2025 09:00:00,EDT,N.Y.C.,61761,5119.319
09/01/2025 10:00:00,EDT,N.Y.C.,61761,5293.9356
09/01/2025 11:00:00,EDT,N.Y.C.,61761,5445.3953
09/01/2025 12:00:00,EDT,N.Y.C.,61761,5592.3452
09/01/2025 13:00:00,EDT,N.Y.C.,61761,5664.4607
09/01/2025 14:00:00,EDT,N.Y.C.,61761,5709.8445
09/01/2025 15:00:00,EDT,N.Y.C.,61761,5812.3402
09/01/2025 16:00:00,EDT,N.Y.C.,61761,5913.8148
09/01/2025 17:00:00,EDT,N.Y.C.,61761,5986.8208
09/01/2025 18:00:00,EDT,N.Y.C.,61761,5950.9944
09/01/2025 19:00:00,EDT,N.Y.C.,61761,5873.3806
09/01/2025 20:00:00,EDT,N.Y.C.,61761,5836.5748
09/01/2025 21:00:00,EDT,N.Y.C.,61761,5750.4532
09/01/2025 22:00:00,EDT,N.Y.C.,61761,5558.4059
09/01/2025 23:00:00,EDT,N.Y.C.,61761,5302.139
09/02/2025 00:00:00,EDT,N.Y.C.,61761,5051.0899
09/02/2025 01:00:00,EDT,N.Y.C.,61761,4819.5393
09/02/2025 02:00:00,EDT,N.Y.C.,61761,4660.2502
09/02/2025 03:00:00,EDT,N.Y.C.,61761,4575.6813
09/02/2025 04:00:00,EDT,N.Y.C.,61761,4587.6961
09/02/2025 05:00:00,EDT,N.Y.C.,61761,4775.4785
09/02/2025 06:00:00,EDT,N.Y.C.,61761,5195.5929
09/02/2025 07:00:00,EDT,N.Y.C.,61761,5650.5897
09/02/2025 08:00:00,EDT,N.Y.C.,61761,6034.9631
09/02/2025 09:00:00,EDT,N.Y.C.,61761,6228.4777
09/02/2025 10:00:00,EDT,N.Y.C.,61761,6342.3765
09/02/2025 11:00:00,EDT,N.Y.C.,61761,6434.1369
09/02/2025 12:00:00,EDT,N.Y.C.,61761,6521.2354
09/02/2025 13:00:00,EDT,N.Y.C.,61761,6590.3502
09/02/2025 14:00:00,EDT,N.Y.C.,61761,6671.0424
09/02/2025 15:00:00,EDT,N.Y.C.,61761,6719.7295
09/02/2025 16:00:00,EDT,N.Y.C.,61761,6749.3192
09/02/2025 17:00:00,EDT,N.Y.C.,61761,6739.8723
09/02/2025 18:00:00,EDT,N.Y.C.,61761,6550.7278
09/02/2025 19:00:00,EDT,N.Y.C.,61761,6349.7088
09/02/2025 20:00:00,EDT,N.Y.C.,61761,6196.624
09/02/2025 21:00:00,EDT,N.Y.C.,61761,5993.6746
09/02/2025 22:00:00,EDT,N.Y.C.,61761,5717.2719
09/02/2025 23:00:00,EDT,N.Y.C.,61761,5384.1418
09/03/2025 00:00:00,EDT,N.Y.C.,61761,5111.6427
09/03/2025 01:00:00,EDT,N.Y.C.,61761,4885.3694
09/03/2025 02:00:00,EDT,N.Y.C.,61761,4721.6505
09/03/2025 03:00:00,EDT,N.Y.C.,61761,4617.9093
09/03/2025 04:00:00,EDT,N.Y.C.,61761,4605.7623
09/03/2025 05:00:00,EDT,N.Y.C.,61761,4785.64
09/03/2025 06:00:00,EDT,N.Y.C.,61761,5208.2197
09/03/2025 07:00:00,EDT,N.Y.C.,61761,5666.4777
09/03/2025 08:00:00,EDT,N.Y.C.,61761,6059.3769
09/03/2025 09:00:00,EDT,N.Y.C.,61761,6281.6842
09/03/2025 10:00:00,EDT,N.Y.C.,61761,6383.6531
09/03/2025 11:00:00,EDT,N.Y.C.,61761,6485.5974
09/03/2025 12:00:00,EDT,N.Y.C.,61761,6578.6354
09/03/2025 13:00:00,EDT,N.Y.C.,61761,6658.2238
09/03/2025 14:00:00,EDT,N.Y.C.,61761,6736.5805
09/03/2025 15:00:00,EDT,N.Y.C.,61761,6807.8793
09/03/2025 16:00:00,EDT,N.Y.C.,61761,6865.1911
09/03/2025 17:00:00,EDT,N.Y.C.,61761,6830.5252
09/03/2025 18:00:00,EDT,N.Y.C.,61761,6550.1269
09/03/2025 19:00:00,EDT,N.Y.C.,61761,6354.2546
09/03/2025 20:00:00,EDT,N.Y.C.,61761,6234.4609
09/03/2025 21:00:00,EDT,N.Y.C.,61761,6019.422
09/03/2025 22:00:00,EDT,N.Y.C.,61761,5735.1952
09/03/2025 23:00:00,EDT,N.Y.C.,61761,5416.0533
09/04/2025 00:00:00,EDT,N.Y.C.,61761,5136.468
09/04/2025 01:00:00,EDT,N.Y.C.,61761,4915.8683
09/04/2025 02:00:00,EDT,N.Y.C.,61761,4752.6325
09/04/2025 03:00:00,EDT,N.Y.C.,61761,4650.833
09/04/2025 04:00:00,EDT,N.Y.C.,61761,4662.1081
09/04/2025 05:00:00,EDT,N.Y.C.,61761,4883.627
09/04/2025 06:00:00,EDT,N.Y.C.,61761,5352.8538
09/04/2025 07:00:00,EDT,N.Y.C.,61761,5849.0307
09/04/2025 08:00:00,EDT,N.Y.C.,61761,6219.2107
09/04/2025 09:00:00,EDT,N.Y.C.,61761,6486.5133
09/04/2025 10:00:00,EDT,N.Y.C.,61761,6607.6202
09/04/2025 11:00:00,EDT,N.Y.C.,61761,6761.2337
09/04/2025 12:00:00,EDT,N.Y.C.,61761,6878.0032
09/04/2025 13:00:00,EDT,N.Y.C.,61761,6989.6604
09/04/2025 14:00:00,EDT,N.Y.C.,61761,7004.129
09/04/2025 15:00:00,EDT,N.Y.C.,61761,7092.2498
09/04/2025 16:00:00,EDT,N.Y.C.,61761,7087.6567
09/04/2025 17:00:00,EDT,N.Y.C.,61761,7062.452
09/04/2025 18:00:00,EDT,N.Y.C.,61761,6753.572
09/04/2025 19:00:00,EDT,N.Y.C.,61761,6603.5627
09/04/2025 20:00:00,EDT,N.Y.C.,61761,6503.4936
09/04/2025 21:00:00,EDT,N.Y.C.,61761,6331.6904
09/04/2025 22:00:00,EDT,N.Y.C.,61761,6060.7928
09/04/2025 23:00:00,EDT,N.Y.C.,61761,5744.4889
09/05/2025 00:00:00,EDT,N.Y.C.,61761,5396.7689
09/05/2025 01:00:00,EDT,N.Y.C.,61761,5130.9987
09/05/2025 02:00:00,EDT,N.Y.C.,61761,4996.7548
09/05/2025 03:00:00,EDT,N.Y.C.,61761,4901.9202
09/05/2025 04:00:00,EDT,N.Y.C.,61761,4907.3891
09/05/2025 05:00:00,EDT,N.Y.C.,61761,5130.5181
09/05/2025 06:00:00,EDT,N.Y.C.,61761,5605.9642
09/05/2025 07:00:00,EDT,N.Y.C.,61761,6087.9857
09/05/2025 08:00:00,EDT,N.Y.C.,61761,6501.1549
09/05/2025 09:00:00,EDT,N.Y.C.,61761,6779.8026
09/05/2025 10:00:00,EDT,N.Y.C.,61761,6958.1304
09/05/2025 11:00:00,EDT,N.Y.C.,61761,7154.5126
09/05/2025 12:00:00,EDT,N.Y.C.,61761,7327.0447
09/05/2025 13:00:00,EDT,N.Y.C.,61761,7475.3921
09/05/2025 14:00:00,EDT,N.Y.C.,61761,7604.7228
09/05/2025 15:00:00,EDT,N.Y.C.,61761,7726.7211
09/05/2025 16:00:00,EDT,N.Y.C.,61761,7837.0297
09/05/2025 17:00:00,EDT,N.Y.C.,61761,7774.9924
09/05/2025 18:00:00,EDT,N.Y.C.,61761,7497.6503
09/05/2025 19:00:00,EDT,N.Y.C.,61761,7341.3206
09/05/2025 20:00:00,EDT,N.Y.C.,61761,7172.4074
09/05/2025 21:00:00,EDT,N.Y.C.,61761,6969.5289
09/05/2025 22:00:00,EDT,N.Y.C.,61761,6696.2543
09/05/2025 23:00:00,EDT,N.Y.C.,61761,6379.7471
09/06/2025 00:00:00,EDT,N.Y.C.,61761,6093.1182
09/06/2025 01:00:00,EDT,N.Y.C.,61761,5840.0541
09/06/2025 02:00:00,EDT,N.Y.C.,61761,5631.9711
09/06/2025 03:00:00,EDT,N.Y.C.,61761,5474.6931
09/06/2025 04:00:00,EDT,N.Y.C.,61761,5384.8409
09/06/2025 05:00:00,EDT,N.Y.C.,61761,5401.9528
09/06/2025 06:00:00,EDT,N.Y.C.,61761,5513.1913
09/06/2025 07:00:00,EDT,N.Y.C.,61761,5701.4018
09/06/2025 08:00:00,EDT,N.Y.C.,61761,6009.5878
09/06/2025 09:00:00,EDT,N.Y.C.,61761,6347.0284
09/06/2025 10:00:00,EDT,N.Y.C.,61761,6692.791
09/06/2025 11:00:00,EDT,N.Y.C.,61761,6992.4447
09/06/2025 12:00:00,EDT,N.Y.C.,61761,7261.1618
09/06/2025 13:00:00,EDT,N.Y.C.,61761,7466.5438
09/06/2025 14:00:00,EDT,N.Y.C.,61761,7654.4324
09/06/2025 15:00:00,EDT,N.Y.C.,61761,7301.4036
09/06/2025 16:00:00,EDT,N.Y.C.,61761,7204.3598
09/06/2025 17:00:00,EDT,N.Y.C.,61761,7101.3439
09/06/2025 18:00:00,EDT,N.Y.C.,61761,6948.5248
09/06/2025 19:00:00,EDT,N.Y.C.,61761,6769.0019
09/06/2025 20:00:00,EDT,N.Y.C.,61761,6515.7865
09/06/2025 21:00:00,EDT,N.Y.C.,61761,6281.0162
09/06/2025 22:00:00,EDT,N.Y.C.,61761,6031.3572
09/06/2025 23:00:00,EDT,N.Y.C.,61761,5760.6101
09/07/2025 00:00:00,EDT,N.Y.C.,61761,5481.1664
09/07/2025 01:00:00,EDT,N.Y.C.,61761,5207.3777
09/07/2025 02:00:00,EDT,N.Y.C.,61761,4979.9844
09/07/2025 03:00:00,EDT,N.Y.C.,61761,4825.9212
09/07/2025 04:00:00,EDT,N.Y.C.,61761,4718.9846
09/07/2025 05:00:00,EDT,N.Y.C.,61761,4707.4266
09/07/2025 06:00:00,EDT,N.Y.C.,61761,4755.5504
09/07/2025 07:00:00,EDT,N.Y.C.,61761,4829.8912
09/07/2025 08:00:00,EDT,N.Y.C.,61761,4966.249
09/07/2025 09:00:00,EDT,N.Y.C.,61761,5130.6976
09/07/2025 10:00:00,EDT,N.Y.C.,61761,5285.6135
09/07/2025 11:00:00,EDT,N.Y.C.,61761,5379.549
09/07/2025 12:00:00,EDT,N.Y.C.,61761,5461.3716
09/07/2025 13:00:00,EDT,N.Y.C.,61761,5497.5408
09/07/2025 14:00:00,EDT,N.Y.C.,61761,5543.7423
09/07/2025 15:00:00,EDT,N.Y.C.,61761,5561.6953
09/07/2025 16:00:00,EDT,N.Y.C.,61761,5635.3884
09/07/2025 17:00:00,EDT,N.Y.C.,61761,5660.5337
09/07/2025 18:00:00,EDT,N.Y.C.,61761,5714.0398
09/07/2025 19:00:00,EDT,N.Y.C.,61761,5732.3375
09/07/2025 20:00:00,EDT,N.Y.C.,61761,5728.0228
09/07/2025 21:00:00,EDT,N.Y.C.,61761,5613.4676
09/07/2025 22:00:00,EDT,N.Y.C.,61761,5386.7811
09/07/2025 23:00:00,EDT,N.Y.C.,61761,5061.5042
09/08/2025 00:00:00,EDT,N.Y.C.,61761,4806.6849
09/08/2025 01:00:00,EDT,N.Y.C.,61761,4565.1997
09/08/2025 02:00:00,EDT,N.Y.C.,61761,4399.4358
09/08/2025 03:00:00,EDT,N.Y.C.,61761,4303.289
09/08/2025 04:00:00,EDT,N.Y.C.,61761,4305.2862
09/08/2025 05:00:00,EDT,N.Y.C.,61761,4503.8602
09/08/2025 06:00:00,EDT,N.Y.C.,61761,4913.3183
09/08/2025 07:00:00,EDT,N.Y.C.,61761,5300.9472
09/08/2025 08:00:00,EDT,N.Y.C.,61761,5549.6748
09/08/2025 09:00:00,EDT,N.Y.C.,61761,5713.0845
09/08/2025 10:00:00,EDT,N.Y.C.,61761,5828.4856
09/08/2025 11:00:00,EDT,N.Y.C.,61761,5850.7528
09/08/2025 12:00:00,EDT,N.Y.C.,61761,5897.7704
09/08/2025 13:00:00,EDT,N.Y.C.,61761,5960.4659
09/08/2025 14:00:00,EDT,N.Y.C.,61761,6012.3072
09/08/2025 15:00:00,EDT,N.Y.C.,61761,6133.9443
09/08/2025 16:00:00,EDT,N.Y.C.,61761,6231.3835
09/08/2025 17:00:00,EDT,N.Y.C.,61761,6265.9336
09/08/2025 18:00:00,EDT,N.Y.C.,61761,6061.4301
09/08/2025 19:00:00,EDT,N.Y.C.,61761,5916.3573
09/08/2025 20:00:00,EDT,N.Y.C.,61761,5776.9683
09/08/2025 21:00:00,EDT,N.Y.C.,61761,5570.3337
09/08/2025 22:00:00,EDT,N.Y.C.,61761,5271.9617
09/08/2025 23:00:00,EDT,N.Y.C.,61761,4949.671
09/09/2025 00:00:00,EDT,N.Y.C.,61761,4686.5162
09/09/2025 01:00:00,EDT,N.Y.C.,61761,4470.5218
09/09/2025 02:00:00,EDT,N.Y.C.,61761,4330.9041
09/09/2025 03:00:00,EDT,N.Y.C.,61761,4246.1055
09/09/2025 04:00:00,EDT,N.Y.C.,61761,4253.4309
09/09/2025 05:00:00,EDT,N.Y.C.,61761,4458.2135
09/09/2025 06:00:00,EDT,N.Y.C.,61761,4910.0775
09/09/2025 07:00:00,EDT,N.Y.C.,61761,5313.3778
09/09/2025 08:00:00,EDT,N.Y.C.,61761,5619.6683
09/09/2025 09:00:00,EDT,N.Y.C.,61761,5832.6811
09/09/2025 10:00:00,EDT,N.Y.C.,61761,5882.0571
09/09/2025 11:00:00,EDT,N.Y.C.,61761,5934.0134
09/09/2025 12:00:00,EDT,N.Y.C.,61761,6015.1232
09/09/2025 13:00:00,EDT,N.Y.C.,61761,6104.64
09/09/2025 14:00:00,EDT,N.Y.C.,61761,6187.9153
09/09/2025 15:00:00,EDT,N.Y.C.,61761,6231.667
09/09/2025 16:00:00,EDT,N.Y.C.,61761,6253.8852
09/09/2025 17:00:00,EDT,N.Y.C.,61761,6243.8338
09/09/2025 18:00:00,EDT,N.Y.C.,61761,6050.1687
09/09/2025 19:00:00,EDT,N.Y.C.,61761,5937.9695
09/09/2025 20:00:00,EDT,N.Y.C.,61761,5815.4855
09/09/2025 21:00:00,EDT,N.Y.C.,61761,5591.9798
09/09/2025 22:00:00,EDT,N.Y.C.,61761,5296.0526
09/09/2025 23:00:00,EDT,N.Y.C.,61761,4963.4869
09/10/2025 00:00:00,EDT,N.Y.C.,61761,4709.956
09/10/2025 01:00:00,EDT,N.Y.C.,61761,4520.6216
09/10/2025 02:00:00,EDT,N.Y.C.,61761,4394.3394
09/10/2025 03:00:00,EDT,N.Y.C.,61761,4314.5016
09/10/2025 04:00:00,EDT,N.Y.C.,61761,4316.5851
09/10/2025 05:00:00,EDT,N.Y.C.,61761,4515.163
09/10/2025 06:00:00,EDT,N.Y.C.,61761,4969.5034
09/10/2025 07:00:00,EDT,N.Y.C.,61761,5399.0422
09/10/2025 08:00:00,EDT,N.Y.C.,61761,5671.6424
09/10/2025 09:00:00,EDT,N.Y.C.,61761,5827.2784
09/10/2025 10:00:00,EDT,N.Y.C.,61761,5909.5986
09/10/2025 11:00:00,EDT,N.Y.C.,61761,5976.5604
09/10/2025 12:00:00,EDT,N.Y.C.,61761,6008.9292
09/10/2025 13:00:00,EDT,N.Y.C.,61761,6091.4916
09/10/2025 14:00:00,EDT,N.Y.C.,61761,6133.4688
09/10/2025 15:00:00,EDT,N.Y.C.,61761,6180.9654
09/10/2025 16:00:00,EDT,N.Y.C.,61761,6202.0252
09/10/2025 17:00:00,EDT,N.Y.C.,61761,6218.1213
09/10/2025 18:00:00,EDT,N.Y.C.,61761,6056.8174
09/10/2025 19:00:00,EDT,N.Y.C.,61761,5975.8173
09/10/2025 20:00:00,EDT,N.Y.C.,61761,5846.5702
09/10/2025 21:00:00,EDT,N.Y.C.,61761,5646.1755
09/10/2025 22:00:00,EDT,N.Y.C.,61761,5374.2845
09/10/2025 23:00:00,EDT,N.Y.C.,61761,5066.1467
09/11/2025 00:00:00,EDT,N.Y.C.,61761,4797.2418
09/11/2025 01:00:00,EDT,N.Y.C.,61761,4584.6026
09/11/2025 02:00:00,EDT,N.Y.C.,61761,4426.5165
09/11/2025 03:00:00,EDT,N.Y.C.,61761,4336.3333
09/11/2025 04:00:00,EDT,N.Y.C.,61761,4328.163
09/11/2025 05:00:00,EDT,N.Y.C.,61761,4520.0811
09/11/2025 06:00:00,EDT,N.Y.C.,61761,4963.3817
09/11/2025 07:00:00,EDT,N.Y.C.,61761,5400.4857
09/11/2025 08:00:00,EDT,N.Y.C.,61761,5717.5896
09/11/2025 09:00:00,EDT,N.Y.C.,61761,5926.5673
09/11/2025 10:00:00,EDT,N.Y.C.,61761,6054.9824
09/11/2025 11:00:00,EDT,N.Y.C.,61761,6177.5455
09/11/2025 12:00:00,EDT,N.Y.C.,61761,6280.1015
09/11/2025 13:00:00,EDT,N.Y.C.,61761,6379.9709
09/11/2025 14:00:00,EDT,N.Y.C.,61761,6457.0342
09/11/2025 15:00:00,EDT,N.Y.C.,61761,6612.9917
09/11/2025 16:00:00,EDT,N.Y.C.,61761,6710.9428
09/11/2025 17:00:00,EDT,N.Y.C.,61761,6718.9302
09/11/2025 18:00:00,EDT,N.Y.C.,61761,6484.689
09/11/2025 19:00:00,EDT,N.Y.C.,61761,6327.5607
09/11/2025 20:00:00,EDT,N.Y.C.,61761,6179.2144
09/11/2025 21:00:00,EDT,N.Y.C.,61761,5969.7254
09/11/2025 22:00:00,EDT,N.Y.C.,61761,5669.9081
09/11/2025 23:00:00,EDT,N.Y.C.,61761,5343.5474
09/12/2025 00:00:00,EDT,N.Y.C.,61761,5062.4862
09/12/2025 01:00:00,EDT,N.Y.C.,61761,4834.6154
09/12/2025 02:00:00,EDT,N.Y.C.,61761,4657.4848
09/12/2025 03:00:00,EDT,N.Y.C.,61761,4550.2632
09/12/2025 04:00:00,EDT,N.Y.C.,61761,4531.926
09/12/2025 05:00:00,EDT,N.Y.C.,61761,4692.716
09/12/2025 06:00:00,EDT,N.Y.C.,61761,5124.2248
09/12/2025 07:00:00,EDT,N.Y.C.,61761,5542.7668
09/12/2025 08:00:00,EDT,N.Y.C.,61761,5864.2511
09/12/2025 09:00:00,EDT,N.Y.C.,61761,6057.5335
09/12/2025 10:00:00,EDT,N.Y.C.,61761,6151.4492
09/12/2025 11:00:00,EDT,N.Y.C.,61761,6244.3293
09/12/2025 12:00:00,EDT,N.Y.C.,61761,6242.6124
09/12/2025 13:00:00,EDT,N.Y.C.,61761,6316.6846
09/12/2025 14:00:00,EDT,N.Y.C.,61761,6439.5537
09/12/2025 15:00:00,EDT,N.Y.C.,61761,6600.6339
09/12/2025 16:00:00,EDT,N.Y.C.,61761,6729.7631
09/12/2025 17:00:00,EDT,N.Y.C.,61761,6741.0977
09/12/2025 18:00:00,EDT,N.Y.C.,61761,6484.8815
09/12/2025 19:00:00,EDT,N.Y.C.,61761,6273.7352
09/12/2025 20:00:00,EDT,N.Y.C.,61761,6076.3234
09/12/2025 21:00:00,EDT,N.Y.C.,61761,5865.8522
09/12/2025 22:00:00,EDT,N.Y.C.,61761,5638.6524
09/12/2025 23:00:00,EDT,N.Y.C.,61761,5375.0629
09/13/2025 00:00:00,EDT,N.Y.C.,61761,5127.3364
09/13/2025 01:00:00,EDT,N.Y.C.,61761,4909.0289
09/13/2025 02:00:00,EDT,N.Y.C.,61761,4757.1563
09/13/2025 03:00:00,EDT,N.Y.C.,61761,4642.5134
09/13/2025 04:00:00,EDT,N.Y.C.,61761,4590.4926
09/13/2025 05:00:00,EDT,N.Y.C.,61761,4607.2503
09/13/2025 06:00:00,EDT,N.Y.C.,61761,4730.1654
09/13/2025 07:00:00,EDT,N.Y.C.,61761,4921.6133
09/13/2025 08:00:00,EDT,N.Y.C.,61761,5173.5666
09/13/2025 09:00:00,EDT,N.Y.C.,61761,5412.8467
09/13/2025 10:00:00,EDT,N.Y.C.,61761,5582.8093
09/13/2025 11:00:00,EDT,N.Y.C.,61761,5737.6491
09/13/2025 12:00:00,EDT,N.Y.C.,61761,5880.1848
09/13/2025 13:00:00,EDT,N.Y.C.,61761,5955.7882
09/13/2025 14:00:00,EDT,N.Y.C.,61761,6023.1178
09/13/2025 15:00:00,EDT,N.Y.C.,61761,6061.4655
09/13/2025 16:00:00,EDT,N.Y.C.,61761,6078.433
09/13/2025 17:00:00,EDT,N.Y.C.,61761,6058.8762
09/13/2025 18:00:00,EDT,N.Y.C.,61761,5909.5375
09/13/2025 19:00:00,EDT,N.Y.C.,61761,5870.7051
09/13/2025 20:00:00,EDT,N.Y.C.,61761,5785.8085
09/13/2025 21:00:00,EDT,N.Y.C.,61761,5680.8663
09/13/2025 22:00:00,EDT,N.Y.C.,61761,5537.0412
09/13/2025 23:00:00,EDT,N.Y.C.,61761,5330.9834
09/14/2025 00:00:00,EDT,N.Y.C.,61761,5130.8469
09/14/2025 01:00:00,EDT,N.Y.C.,61761,4928.3282
09/14/2025 02:00:00,EDT,N.Y.C.,61761,4773.1065
09/14/2025 03:00:00,EDT,N.Y.C.,61761,4653.0725
09/14/2025 04:00:00,EDT,N.Y.C.,61761,4581.8716
09/14/2025 05:00:00,EDT,N.Y.C.,61761,4572.8262
09/14/2025 06:00:00,EDT,N.Y.C.,61761,4632.3457
09/14/2025 07:00:00,EDT,N.Y.C.,61761,4767.4308
09/14/2025 08:00:00,EDT,N.Y.C.,61761,5033.3661
09/14/2025 09:00:00,EDT,N.Y.C.,61761,5289.4828
09/14/2025 10:00:00,EDT,N.Y.C.,61761,5566.9417
09/14/2025 11:00:00,EDT,N.Y.C.,61761,5799.9454
09/14/2025 12:00:00,EDT,N.Y.C.,61761,5994.6325
09/14/2025 13:00:00,EDT,N.Y.C.,61761,6095.5967
09/14/2025 14:00:00,EDT,N.Y.C.,61761,6218.5078
09/14/2025 15:00:00,EDT,N.Y.C.,61761,6338.1954
09/14/2025 16:00:00,EDT,N.Y.C.,61761,6472.0141
09/14/2025 17:00:00,EDT,N.Y.C.,61761,6492.1357
09/14/2025 18:00:00,EDT,N.Y.C.,61761,6399.7335
09/14/2025 19:00:00,EDT,N.Y.C.,61761,6370.3794
09/14/2025 20:00:00,EDT,N.Y.C.,61761,6317.9482
09/14/2025 21:00:00,EDT,N.Y.C.,61761,6185.276
09/14/2025 22:00:00,EDT,N.Y.C.,61761,5940.0552
09/14/2025 23:00:00,EDT,N.Y.C.,61761,5643.4411
09/15/2025 00:00:00,EDT,N.Y.C.,61761,5385.8051
09/15/2025 01:00:00,EDT,N.Y.C.,61761,5175.5066
09/15/2025 02:00:00,EDT,N.Y.C.,61761,5024.5575
09/15/2025 03:00:00,EDT,N.Y.C.,61761,4925.4093
09/15/2025 04:00:00,EDT,N.Y.C.,61761,4940.0893
09/15/2025 05:00:00,EDT,N.Y.C.,61761,5167.1198
09/15/2025 06:00:00,EDT,N.Y.C.,61761,5660.1041
09/15/2025 07:00:00,EDT,N.Y.C.,61761,6087.1568
09/15/2025 08:00:00,EDT,N.Y.C.,61761,6468.9169
09/15/2025 09:00:00,EDT,N.Y.C.,61761,6690.5466
09/15/2025 10:00:00,EDT,N.Y.C.,61761,6820.183
09/15/2025 11:00:00,EDT,N.Y.C.,61761,6882.6473
09/15/2025 12:00:00,EDT,N.Y.C.,61761,7005.2647
09/15/2025 13:00:00,EDT,N.Y.C.,61761,7103.5028
09/15/2025 14:00:00,EDT,N.Y.C.,61761,7045.9923
09/15/2025 15:00:00,EDT,N.Y.C.,61761,7066.6492
09/15/2025 16:00:00,EDT,N.Y.C.,61761,7145.0533
09/15/2025 17:00:00,EDT,N.Y.C.,61761,7123.8363
09/15/2025 18:00:00,EDT,N.Y.C.,61761,6842.1827
09/15/2025 19:00:00,EDT,N.Y.C.,61761,6677.2577
09/15/2025 20:00:00,EDT,N.Y.C.,61761,6476.3569
09/15/2025 21:00:00,EDT,N.Y.C.,61761,6198.4825
09/15/2025 22:00:00,EDT,N.Y.C.,61761,5845.6722
09/15/2025 23:00:00,EDT,N.Y.C.,61761,5479.737
09/16/2025 00:00:00,EDT,N.Y.C.,61761,5218.3375
09/16/2025 01:00:00,EDT,N.Y.C.,61761,4992.6785
09/16/2025 02:00:00,EDT,N.Y.C.,61761,4834.3753
09/16/2025 03:00:00,EDT,N.Y.C.,61761,4731.0835
09/16/2025 04:00:00,EDT,N.Y.C.,61761,4743.8654
09/16/2025 05:00:00,EDT,N.Y.C.,61761,4976.6348
09/16/2025 06:00:00,EDT,N.Y.C.,61761,5464.7406
09/16/2025 07:00:00,EDT,N.Y.C.,61761,5928.7797
09/16/2025 08:00:00,EDT,N.Y.C.,61761,6207.8208
09/16/2025 09:00:00,EDT,N.Y.C.,61761,6330.6408
09/16/2025 10:00:00,EDT,N.Y.C.,61761,6386.3256
09/16/2025 11:00:00,EDT,N.Y.C.,61761,6408.7011
09/16/2025 12:00:00,EDT,N.Y.C.,61761,6461.1466
09/16/2025 13:00:00,EDT,N.Y.C.,61761,6547.954
09/16/2025 14:00:00,EDT,N.Y.C.,61761,6502.4669
09/16/2025 15:00:00,EDT,N.Y.C.,61761,6479.3153
09/16/2025 16:00:00,EDT,N.Y.C.,61761,6512.3614
09/16/2025 17:00:00,EDT,N.Y.C.,61761,6457.6449
09/16/2025 18:00:00,EDT,N.Y.C.,61761,6223.0035
09/16/2025 19:00:00,EDT,N.Y.C.,61761,6100.716
09/16/2025 20:00:00,EDT,N.Y.C.,61761,5923.8812
09/16/2025 21:00:00,EDT,N.Y.C.,61761,5653.9486
09/16/2025 22:00:00,EDT,N.Y.C.,61761,5379.4541
09/16/2025 23:00:00,EDT,N.Y.C.,61761,5053.4403
09/17/2025 00:00:00,EDT,N.Y.C.,61761,4778.4115
09/17/2025 01:00:00,EDT,N.Y.C.,61761,4582.361
09/17/2025 02:00:00,EDT,N.Y.C.,61761,4446.4317
09/17/2025 03:00:00,EDT,N.Y.C.,61761,4430.1681
09/17/2025 04:00:00,EDT,N.Y.C.,61761,4462.2264
09/17/2025 05:00:00,EDT,N.Y.C.,61761,4636.9726
09/17/2025 06:00:00,EDT,N.Y.C.,61761,5101.2944
09/17/2025 07:00:00,EDT,N.Y.C.,61761,5527.9409
09/17/2025 08:00:00,EDT,N.Y.C.,61761,5845.5995
09/17/2025 09:00:00,EDT,N.Y.C.,61761,6018.4565
09/17/2025 10:00:00,EDT,N.Y.C.,61761,6154.0488
09/17/2025 11:00:00,EDT,N.Y.C.,61761,6218.5264
09/17/2025 12:00:00,EDT,N.Y.C.,61761,6234.0343
09/17/2025 13:00:00,EDT,N.Y.C.,61761,6235.2232
09/17/2025 14:00:00,EDT,N.Y.C.,61761,6268.0854
09/17/2025 15:00:00,EDT,N.Y.C.,61761,6310.8814
09/17/2025 16:00:00,EDT,N.Y.C.,61761,6318.3343
09/17/2025 17:00:00,EDT,N.Y.C.,61761,6340.7276
09/17/2025 18:00:00,EDT,N.Y.C.,61761,6219.3882
09/17/2025 19:00:00,EDT,N.Y.C.,61761,6149.6452
09/17/2025 20:00:00,EDT,N.Y.C.,61761,5980.6642
09/17/2025 21:00:00,EDT,N.Y.C.,61761,5765.7924
09/17/2025 22:00:00,EDT,N.Y.C.,61761,5491.241
09/17/2025 23:00:00,EDT,N.Y.C.,61761,5180.6896
09/18/2025 00:00:00,EDT,N.Y.C.,61761,4906.5793
09/18/2025 01:00:00,EDT,N.Y.C.,61761,4706.2283
09/18/2025 02:00:00,EDT,N.Y.C.,61761,4560.7201
09/18/2025 03:00:00,EDT,N.Y.C.,61761,4493.2848
09/18/2025 04:00:00,EDT,N.Y.C.,61761,4516.7819
09/18/2025 05:00:00,EDT,N.Y.C.,61761,4738.2623
09/18/2025 06:00:00,EDT,N.Y.C.,61761,5248.4162
09/18/2025 07:00:00,EDT,N.Y.C.,61761,5708.7467
09/18/2025 08:00:00,EDT,N.Y.C.,61761,6048.3969
09/18/2025 09:00:00,EDT,N.Y.C.,61761,6286.3124
09/18/2025 10:00:00,EDT,N.Y.C.,61761,6425.1128
09/18/2025 11:00:00,EDT,N.Y.C.,61761,6585.3406
09/18/2025 12:00:00,EDT,N.Y.C.,61761,6745.5467
09/18/2025 13:00:00,EDT,N.Y.C.,61761,6898.9115
09/18/2025 14:00:00,EDT,N.Y.C.,61761,7054.7199
09/18/2025 15:00:00,EDT,N.Y.C.,61761,7254.6133
09/18/2025 16:00:00,EDT,N.Y.C.,61761,7400.539
09/18/2025 17:00:00,EDT,N.Y.C.,61761,7389.3949
09/18/2025 18:00:00,EDT,N.Y.C.,61761,7111.4564
09/18/2025 19:00:00,EDT,N.Y.C.,61761,6939.2866
09/18/2025 20:00:00,EDT,N.Y.C.,61761,6747.2019
09/18/2025 21:00:00,EDT,N.Y.C.,61761,6511.2073
09/18/2025 22:00:00,EDT,N.Y.C.,61761,6150.7478
09/18/2025 23:00:00,EDT,N.Y.C.,61761,5736.0448
09/19/2025 00:00:00,EDT,N.Y.C.,61761,5377.3311
09/19/2025 01:00:00,EDT,N.Y.C.,61761,5109.7863
09/19/2025 02:00:00,EDT,N.Y.C.,61761,4920.0
09/19/2025 03:00:00,EDT,N.Y.C.,61761,4798.0923
09/19/2025 04:00:00,EDT,N.Y.C.,61761,4771.5197
09/19/2025 05:00:00,EDT,N.Y.C.,61761,4972.5738
09/19/2025 06:00:00,EDT,N.Y.C.,61761,5434.8506
09/19/2025 07:00:00,EDT,N.Y.C.,61761,5875.4733
09/19/2025 08:00:00,EDT,N.Y.C.,61761,6241.463
09/19/2025 09:00:00,EDT,N.Y.C.,61761,6512.6101
09/19/2025 10:00:00,EDT,N.Y.C.,61761,6735.6325
09/19/2025 11:00:00,EDT,N.Y.C.,61761,6951.5641
09/19/2025 12:00:00,EDT,N.Y.C.,61761,7123.4652
09/19/2025 13:00:00,EDT,N.Y.C.,61761,7264.7498
09/19/2025 14:00:00,EDT,N.Y.C.,61761,7381.3005
09/19/2025 15:00:00,EDT,N.Y.C.,61761,7523.0406
09/19/2025 16:00:00,EDT,N.Y.C.,61761,7616.0165
09/19/2025 17:00:00,EDT,N.Y.C.,61761,7564.7172
09/19/2025 18:00:00,EDT,N.Y.C.,61761,7271.0491
09/19/2025 19:00:00,EDT,N.Y.C.,61761,7029.5036
09/19/2025 20:00:00,EDT,N.Y.C.,61761,6782.5796
09/19/2025 21:00:00,EDT,N.Y.C.,61761,6499.9801
09/19/2025 22:00:00,EDT,N.Y.C.,61761,6088.4225
09/19/2025 23:00:00,EDT,N.Y.C.,61761,5684.9906
09/20/2025 00:00:00,EDT,N.Y.C.,61761,5324.9467
09/20/2025 01:00:00,EDT,N.Y.C.,61761,5045.6841
09/20/2025 02:00:00,EDT,N.Y.C.,61761,4829.9472
09/20/2025 03:00:00,EDT,N.Y.C.,61761,4663.2554
09/20/2025 04:00:00,EDT,N.Y.C.,61761,4551.3856
09/20/2025 05:00:00,EDT,N.Y.C.,61761,4521.5588
09/20/2025 06:00:00,EDT,N.Y.C.,61761,4596.3517
09/20/2025 07:00:00,EDT,N.Y.C.,61761,4732.9622
09/20/2025 08:00:00,EDT,N.Y.C.,61761,4927.3092
09/20/2025 09:00:00,EDT,N.Y.C.,61761,5107.5767
09/20/2025 10:00:00,EDT,N.Y.C.,61761,5247.4419
09/20/2025 11:00:00,EDT,N.Y.C.,61761,5350.4045
09/20/2025 12:00:00,EDT,N.Y.C.,61761,5443.8174
09/20/2025 13:00:00,EDT,N.Y.C.,61761,5498.0324
09/20/2025 14:00:00,EDT,N.Y.C.,61761,5570.7738
09/20/2025 15:00:00,EDT,N.Y.C.,61761,5637.0477
09/20/2025 16:00:00,EDT,N.Y.C.,61761,5704.4132
09/20/2025 17:00:00,EDT,N.Y.C.,61761,5717.9332
09/20/2025 18:00:00,EDT,N.Y.C.,61761,5634.3066
09/20/2025 19:00:00,EDT,N.Y.C.,61761,5594.2555
09/20/2025 20:00:00,EDT,N.Y.C.,61761,5520.2311
09/20/2025 21:00:00,EDT,N.Y.C.,61761,5363.4178
09/20/2025 22:00:00,EDT,N.Y.C.,61761,5177.6837
09/20/2025 23:00:00,EDT,N.Y.C.,61761,4971.3047
09/21/2025 00:00:00,EDT,N.Y.C.,61761,4771.0309
09/21/2025 01:00:00,EDT,N.Y.C.,61761,4588.6135
09/21/2025 02:00:00,EDT,N.Y.C.,61761,4429.6354
09/21/2025 03:00:00,EDT,N.Y.C.,61761,4309.2379
09/21/2025 04:00:00,EDT,N.Y.C.,61761,4239.2644
09/21/2025 05:00:00,EDT,N.Y.C.,61761,4248.7515
09/21/2025 06:00:00,EDT,N.Y.C.,61761,4311.0744
09/21/2025 07:00:00,EDT,N.Y.C.,61761,4413.5666
09/21/2025 08:00:00,EDT,N.Y.C.,61761,4576.8981
09/21/2025 09:00:00,EDT,N.Y.C.,61761,4746.4606
09/21/2025 10:00:00,EDT,N.Y.C.,61761,4905.2042
09/21/2025 11:00:00,EDT,N.Y.C.,61761,5027.8707
09/21/2025 12:00:00,EDT,N.Y.C.,61761,5162.4244
09/21/2025 13:00:00,EDT,N.Y.C.,61761,5173.8322
09/21/2025 14:00:00,EDT,N.Y.C.,61761,5215.2371
09/21/2025 15:00:00,EDT,N.Y.C.,61761,5248.2366
09/21/2025 16:00:00,EDT,N.Y.C.,61761,5323.8418
09/21/2025 17:00:00,EDT,N.Y.C.,61761,5393.8367
09/21/2025 18:00:00,EDT,N.Y.C.,61761,5362.4756
09/21/2025 19:00:00,EDT,N.Y.C.,61761,5371.6786
09/21/2025 20:00:00,EDT,N.Y.C.,61761,5284.4914
09/21/2025 21:00:00,EDT,N.Y.C.,61761,5147.2285
09/21/2025 22:00:00,EDT,N.Y.C.,61761,4934.8624
09/21/2025 23:00:00,EDT,N.Y.C.,61761,4677.717
09/22/2025 00:00:00,EDT,N.Y.C.,61761,4456.8547
09/22/2025 01:00:00,EDT,N.Y.C.,61761,4274.7332
09/22/2025 02:00:00,EDT,N.Y.C.,61761,4152.4731
09/22/2025 03:00:00,EDT,N.Y.C.,61761,4079.2106
09/22/2025 04:00:00,EDT,N.Y.C.,61761,4104.7619
09/22/2025 05:00:00,EDT,N.Y.C.,61761,4328.0717
09/22/2025 06:00:00,EDT,N.Y.C.,61761,4771.8931
09/22/2025 07:00:00,EDT,N.Y.C.,61761,5189.6936
09/22/2025 08:00:00,EDT,N.Y.C.,61761,5519.3537
09/22/2025 09:00:00,EDT,N.Y.C.,61761,5702.7509
09/22/2025 10:00:00,EDT,N.Y.C.,61761,5793.6104
09/22/2025 11:00:00,EDT,N.Y.C.,61761,5902.3115
09/22/2025 12:00:00,EDT,N.Y.C.,61761,5966.9824
09/22/2025 13:00:00,EDT,N.Y.C.,61761,5995.1854
09/22/2025 14:00:00,EDT,N.Y.C.,61761,6026.9438
09/22/2025 15:00:00,EDT,N.Y.C.,61761,6155.8984
09/22/2025 16:00:00,EDT,N.Y.C.,61761,6249.973
09/22/2025 17:00:00,EDT,N.Y.C.,61761,6231.707
09/22/2025 18:00:00,EDT,N.Y.C.,61761,6071.2025
09/22/2025 19:00:00,EDT,N.Y.C.,61761,6007.5678
09/22/2025 20:00:00,EDT,N.Y.C.,61761,5828.6633
09/22/2025 21:00:00,EDT,N.Y.C.,61761,5622.2517
09/22/2025 22:00:00,EDT,N.Y.C.,61761,5344.553
09/22/2025 23:00:00,EDT,N.Y.C.,61761,5052.6135
09/23/2025 00:00:00,EDT,N.Y.C.,61761,4796.5824
09/23/2025 01:00:00,EDT,N.Y.C.,61761,4595.0479
09/23/2025 02:00:00,EDT,N.Y.C.,61761,4458.639
09/23/2025 03:00:00,EDT,N.Y.C.,61761,4396.6555
09/23/2025 04:00:00,EDT,N.Y.C.,61761,4430.3451
09/23/2025 05:00:00,EDT,N.Y.C.,61761,4642.4142
09/23/2025 06:00:00,EDT,N.Y.C.,61761,5084.617
09/23/2025 07:00:00,EDT,N.Y.C.,61761,5502.2758
09/23/2025 08:00:00,EDT,N.Y.C.,61761,5823.7943
09/23/2025 09:00:00,EDT,N.Y.C.,61761,6068.8883
09/23/2025 10:00:00,EDT,N.Y.C.,61761,6249.7336
09/23/2025 11:00:00,EDT,N.Y.C.,61761,6420.2364
09/23/2025 12:00:00,EDT,N.Y.C.,61761,6611.5019
09/23/2025 13:00:00,EDT,N.Y.C.,61761,6833.3294
09/23/2025 14:00:00,EDT,N.Y.C.,61761,7025.5162
09/23/2025 15:00:00,EDT,N.Y.C.,61761,7203.1071
09/23/2025 16:00:00,EDT,N.Y.C.,61761,7294.6266
09/23/2025 17:00:00,EDT,N.Y.C.,61761,7252.8843
09/23/2025 18:00:00,EDT,N.Y.C.,61761,7026.2316
09/23/2025 19:00:00,EDT,N.Y.C.,61761,6930.2889
09/23/2025 20:00:00,EDT,N.Y.C.,61761,6770.718
09/23/2025 21:00:00,EDT,N.Y.C.,61761,6583.5775
09/23/2025 22:00:00,EDT,N.Y.C.,61761,6280.881
09/23/2025 23:00:00,EDT,N.Y.C.,61761,5920.3947
09/24/2025 00:00:00,EDT,N.Y.C.,61761,5621.9932
09/24/2025 01:00:00,EDT,N.Y.C.,61761,5386.4311
09/24/2025 02:00:00,EDT,N.Y.C.,61761,5209.299
09/24/2025 03:00:00,EDT,N.Y.C.,61761,5095.1335
09/24/2025 04:00:00,EDT,N.Y.C.,61761,5083.4398
09/24/2025 05:00:00,EDT,N.Y.C.,61761,5262.2431
09/24/2025 06:00:00,EDT,N.Y.C.,61761,5699.5345
09/24/2025 07:00:00,EDT,N.Y.C.,61761,6129.838
09/24/2025 08:00:00,EDT,N.Y.C.,61761,6498.5828
09/24/2025 09:00:00,EDT,N.Y.C.,61761,6718.3715
09/24/2025 10:00:00,EDT,N.Y.C.,61761,6872.13
09/24/2025 11:00:00,EDT,N.Y.C.,61761,7052.4263
09/24/2025 12:00:00,EDT,N.Y.C.,61761,7194.0635
09/24/2025 13:00:00,EDT,N.Y.C.,61761,7204.9238
09/24/2025 14:00:00,EDT,N.Y.C.,61761,7267.4386
09/24/2025 15:00:00,EDT,N.Y.C.,61761,7260.5719
09/24/2025 16:00:00,EDT,N.Y.C.,61761,7255.3127
09/24/2025 17:00:00,EDT,N.Y.C.,61761,7187.7286
09/24/2025 18:00:00,EDT,N.Y.C.,61761,7022.6283
09/24/2025 19:00:00,EDT,N.Y.C.,61761,6941.4485
09/24/2025 20:00:00,EDT,N.Y.C.,61761,6777.1844
09/24/2025 21:00:00,EDT,N.Y.C.,61761,6584.1796
09/24/2025 22:00:00,EDT,N.Y.C.,61761,6271.3888
09/24/2025 23:00:00,EDT,N.Y.C.,61761,5918.1338
09/25/2025 00:00:00,EDT,N.Y.C.,61761,5615.2667
09/25/2025 01:00:00,EDT,N.Y.C.,61761,5366.6044
09/25/2025 02:00:00,EDT,N.Y.C.,61761,5209.6056
09/25/2025 03:00:00,EDT,N.Y.C.,61761,5142.9427
09/25/2025 04:00:00,EDT,N.Y.C.,61761,5182.63
09/25/2025 05:00:00,EDT,N.Y.C.,61761,5415.4021
09/25/2025 06:00:00,EDT,N.Y.C.,61761,5946.8409
09/25/2025 07:00:00,EDT,N.Y.C.,61761,6452.7438
09/25/2025 08:00:00,EDT,N.Y.C.,61761,6796.4339
09/25/2025 09:00:00,EDT,N.Y.C.,61761,7055.0569
09/25/2025 10:00:00,EDT,N.Y.C.,61761,7196.2328
09/25/2025 11:00:00,EDT,N.Y.C.,61761,7303.785
09/25/2025 12:00:00,EDT,N.Y.C.,61761,7340.2668
09/25/2025 13:00:00,EDT,N.Y.C.,61761,7385.4788
09/25/2025 14:00:00,EDT,N.Y.C.,61761,7386.7804
09/25/2025 15:00:00,EDT,N.Y.C.,61761,7447.2075
09/25/2025 16:00:00,EDT,N.Y.C.,61761,7577.6677
09/25/2025 17:00:00,EDT,N.Y.C.,61761,7568.0072
09/25/2025 18:00:00,EDT,N.Y.C.,61761,7373.4344
09/25/2025 19:00:00,EDT,N.Y.C.,61761,7294.5314
09/25/2025 20:00:00,EDT,N.Y.C.,61761,7141.698
09/25/2025 21:00:00,EDT,N.Y.C.,61761,6912.1191
09/25/2025 22:00:00,EDT,N.Y.C.,61761,6474.1691
09/25/2025 23:00:00,EDT,N.Y.C.,61761,6033.2288
09/26/2025 00:00:00,EDT,N.Y.C.,61761,5672.7451
09/26/2025 01:00:00,EDT,N.Y.C.,61761,5375.9476
09/26/2025 02:00:00,EDT,N.Y.C.,61761,5166.7728
09/26/2025 03:00:00,EDT,N.Y.C.,61761,5034.2726
09/26/2025 04:00:00,EDT,N.Y.C.,61761,5022.4247
09/26/2025 05:00:00,EDT,N.Y.C.,61761,5207.611
09/26/2025 06:00:00,EDT,N.Y.C.,61761,5690.6261
09/26/2025 07:00:00,EDT,N.Y.C.,61761,6135.6088
09/26/2025 08:00:00,EDT,N.Y.C.,61761,6477.8217
09/26/2025 09:00:00,EDT,N.Y.C.,61761,6661.5706
09/26/2025 10:00:00,EDT,N.Y.C.,61761,6830.3771
09/26/2025 11:00:00,EDT,N.Y.C.,61761,6966.5806
09/26/2025 12:00:00,EDT,N.Y.C.,61761,7149.9246
09/26/2025 13:00:00,EDT,N.Y.C.,61761,7313.602
09/26/2025 14:00:00,EDT,N.Y.C.,61761,7423.416
09/26/2025 15:00:00,EDT,N.Y.C.,61761,7534.3244
09/26/2025 16:00:00,EDT,N.Y.C.,61761,7588.9015
09/26/2025 17:00:00,EDT,N.Y.C.,61761,7515.6037
09/26/2025 18:00:00,EDT,N.Y.C.,61761,7203.423
09/26/2025 19:00:00,EDT,N.Y.C.,61761,6979.8743
09/26/2025 20:00:00,EDT,N.Y.C.,61761,6752.362
09/26/2025 21:00:00,EDT,N.Y.C.,61761,6512.3608
09/26/2025 22:00:00,EDT,N.Y.C.,61761,6224.8606
09/26/2025 23:00:00,EDT,N.Y.C.,61761,5901.1518
09/27/2025 00:00:00,EDT,N.Y.C.,61761,5586.1764
09/27/2025 01:00:00,EDT,N.Y.C.,61761,5333.0774
09/27/2025 02:00:00,EDT,N.Y.C.,61761,5127.0894
09/27/2025 03:00:00,EDT,N.Y.C.,61761,4975.4589
09/27/2025 04:00:00,EDT,N.Y.C.,61761,4886.3708
09/27/2025 05:00:00,EDT,N.Y.C.,61761,4898.5669
09/27/2025 06:00:00,EDT,N.Y.C.,61761,5016.9177
09/27/2025 07:00:00,EDT,N.Y.C.,61761,5188.6027
09/27/2025 08:00:00,EDT,N.Y.C.,61761,5440.7348
09/27/2025 09:00:00,EDT,N.Y.C.,61761,5691.7891
09/27/2025 10:00:00,EDT,N.Y.C.,61761,5923.5099
09/27/2025 11:00:00,EDT,N.Y.C.,61761,6113.3043
09/27/2025 12:00:00,EDT,N.Y.C.,61761,6224.5879
09/27/2025 13:00:00,EDT,N.Y.C.,61761,6289.1291
09/27/2025 14:00:00,EDT,N.Y.C.,61761,6333.9
09/27/2025 15:00:00,EDT,N.Y.C.,61761,6357.2756
09/27/2025 16:00:00,EDT,N.Y.C.,61761,6332.5933
09/27/2025 17:00:00,EDT,N.Y.C.,61761,6262.5642
09/27/2025 18:00:00,EDT,N.Y.C.,61761,6232.4999
09/27/2025 19:00:00,EDT,N.Y.C.,61761,6231.9752
09/27/2025 20:00:00,EDT,N.Y.C.,61761,6135.3028
09/27/2025 21:00:00,EDT,N.Y.C.,61761,6013.1602
09/27/2025 22:00:00,EDT,N.Y.C.,61761,5830.9126
09/27/2025 23:00:00,EDT,N.Y.C.,61761,5610.0569
09/28/2025 00:00:00,EDT,N.Y.C.,61761,5364.3823
09/28/2025 01:00:00,EDT,N.Y.C.,61761,5151.2359
09/28/2025 02:00:00,EDT,N.Y.C.,61761,4964.8125
09/28/2025 03:00:00,EDT,N.Y.C.,61761,4830.2851
09/28/2025 04:00:00,EDT,N.Y.C.,61761,4758.8946
09/28/2025 05:00:00,EDT,N.Y.C.,61761,4767.6128
09/28/2025 06:00:00,EDT,N.Y.C.,61761,4859.4216
09/28/2025 07:00:00,EDT,N.Y.C.,61761,4975.2172
09/28/2025 08:00:00,EDT,N.Y.C.,61761,5176.0576
09/28/2025 09:00:00,EDT,N.Y.C.,61761,5429.8237
09/28/2025 10:00:00,EDT,N.Y.C.,61761,5672.9353
09/28/2025 11:00:00,EDT,N.Y.C.,61761,5886.9077
09/28/2025 12:00:00,EDT,N.Y.C.,61761,6107.6709
09/28/2025 13:00:00,EDT,N.Y.C.,61761,6314.4419
09/28/2025 14:00:00,EDT,N.Y.C.,61761,6525.0546
09/28/2025 15:00:00,EDT,N.Y.C.,61761,6734.1109
09/28/2025 16:00:00,EDT,N.Y.C.,61761,6875.6045
09/28/2025 17:00:00,EDT,N.Y.C.,61761,6923.0995
09/28/2025 18:00:00,EDT,N.Y.C.,61761,6808.7757
09/28/2025 19:00:00,EDT,N.Y.C.,61761,6772.7684
09/28/2025 20:00:00,EDT,N.Y.C.,61761,6688.8284
09/28/2025 21:00:00,EDT,N.Y.C.,61761,6541.6679
09/28/2025 22:00:00,EDT,N.Y.C.,61761,6283.9206
09/28/2025 23:00:00,EDT,N.Y.C.,61761,5948.7517
09/29/2025 00:00:00,EDT,N.Y.C.,61761,5662.5387
09/29/2025 01:00:00,EDT,N.Y.C.,61761,5413.7906
09/29/2025 02:00:00,EDT,N.Y.C.,61761,5215.8935
09/29/2025 03:00:00,EDT,N.Y.C.,61761,5060.1842
09/29/2025 04:00:00,EDT,N.Y.C.,61761,5023.6981
09/29/2025 05:00:00,EDT,N.Y.C.,61761,5195.2441
09/29/2025 06:00:00,EDT,N.Y.C.,61761,5631.1598
09/29/2025 07:00:00,EDT,N.Y.C.,61761,6017.5672
09/29/2025 08:00:00,EDT,N.Y.C.,61761,6290.1713
09/29/2025 09:00:00,EDT,N.Y.C.,61761,6475.7479
09/29/2025 10:00:00,EDT,N.Y.C.,61761,6580.8469
09/29/2025 11:00:00,EDT,N.Y.C.,61761,6676.8572
09/29/2025 12:00:00,EDT,N.Y.C.,61761,6818.5209
09/29/2025 13:00:00,EDT,N.Y.C.,61761,6921.4987
09/29/2025 14:00:00,EDT,N.Y.C.,61761,6901.2142
09/29/2025 15:00:00,EDT,N.Y.C.,61761,6914.7648
09/29/2025 16:00:00,EDT,N.Y.C.,61761,6916.527
09/29/2025 17:00:00,EDT,N.Y.C.,61761,6847.6801
09/29/2025 18:00:00,EDT,N.Y.C.,61761,6665.894
09/29/2025 19:00:00,EDT,N.Y.C.,61761,6558.3816
09/29/2025 20:00:00,EDT,N.Y.C.,61761,6363.9063
09/29/2025 21:00:00,EDT,N.Y.C.,61761,6149.4442
09/29/2025 22:00:00,EDT,N.Y.C.,61761,5841.7122
09/29/2025 23:00:00,EDT,N.Y.C.,61761,5518.8517
09/30/2025 00:00:00,EDT,N.Y.C.,61761,5227.4948
09/30/2025 01:00:00,EDT,N.Y.C.,61761,4989.663
09/30/2025 02:00:00,EDT,N.Y.C.,61761,4821.4343
09/30/2025 03:00:00,EDT,N.Y.C.,61761,4721.0014
09/30/2025 04:00:00,EDT,N.Y.C.,61761,4716.6116
09/30/2025 05:00:00,EDT,N.Y.C.,61761,4922.0699
09/30/2025 06:00:00,EDT,N.Y.C.,61761,5418.3243
09/30/2025 07:00:00,EDT,N.Y.C.,61761,5843.6656
09/30/2025 08:00:00,EDT,N.Y.C.,61761,6123.4483
09/30/2025 09:00:00,EDT,N.Y.C.,61761,6300.4048
09/30/2025 10:00:00,EDT,N.Y.C.,61761,6388.4171
09/30/2025 11:00:00,EDT,N.Y.C.,61761,6465.1833
09/30/2025 12:00:00,EDT,N.Y.C.,61761,6575.6548
09/30/2025 13:00:00,EDT,N.Y.C.,61761,6674.3436
09/30/2025 14:00:00,EDT,N.Y.C.,61761,6816.831
09/30/2025 15:00:00,EDT,N.Y.C.,61761,6931.9554
09/30/2025 16:00:00,EDT,N.Y.C.,61761,7026.1254
09/30/2025 17:00:00,EDT,N.Y.C.,61761,7001.8271
09/30/2025 18:00:00,EDT,N.Y.C.,61761,6763.5295
09/30/2025 19:00:00,EDT,N.Y.C.,61761,6629.8004
09/30/2025 20:00:00,EDT,N.Y.C.,61761,6414.9022
09/30/2025 21:00:00,EDT,N.Y.C.,61761,6151.4652
09/30/2025 22:00:00,EDT,N.Y.C.,61761,5778.0304
09/30/2025 23:00:00,EDT,N.Y.C.,61761,5381.8895
10/01/2025 00:00:00,EDT,N.Y.C.,61761,5053.8066
10/01/2025 01:00:00,EDT,N.Y.C.,61761,4748.0553
10/01/2025 02:00:00,EDT,N.Y.C.,61761,4496.5865
10/01/2025 03:00:00,EDT,N.Y.C.,61761,4334.6387
10/01/2025 04:00:00,EDT,N.Y.C.,61761,4279.5381
10/01/2025 05:00:00,EDT,N.Y.C.,61761,4434.8396
10/01/2025 06:00:00,EDT,N.Y.C.,61761,4828.6087
10/01/2025 07:00:00,EDT,N.Y.C.,61761,5218.7799
10/01/2025 08:00:00,EDT,N.Y.C.,61761,5460.0657
10/01/2025 09:00:00,EDT,N.Y.C.,61761,5604.2806
10/01/2025 10:00:00,EDT,N.Y.C.,61761,5666.1476
10/01/2025 11:00:00,EDT,N.Y.C.,61761,5723.0869
10/01/2025 12:00:00,EDT,N.Y.C.,61761,5771.303
10/01/2025 13:00:00,EDT,N.Y.C.,61761,5827.8304
10/01/2025 14:00:00,EDT,N.Y.C.,61761,5883.719
10/01/2025 15:00:00,EDT,N.Y.C.,61761,5993.9036
10/01/2025 16:00:00,EDT,N.Y.C.,61761,6115.4962
10/01/2025 17:00:00,EDT,N.Y.C.,61761,6123.3509
10/01/2025 18:00:00,EDT,N.Y.C.,61761,5916.705
10/01/2025 19:00:00,EDT,N.Y.C.,61761,5786.7012
10/01/2025 20:00:00,EDT,N.Y.C.,61761,5564.854
10/01/2025 21:00:00,EDT,N.Y.C.,61761,5333.0432
10/01/2025 22:00:00,EDT,N.Y.C.,61761,5042.2045
10/01/2025 23:00:00,EDT,N.Y.C.,61761,4735.5969
10/02/2025 00:00:00,EDT,N.Y.C.,61761,4447.2805
10/02/2025 01:00:00,EDT,N.Y.C.,61761,4244.9663
10/02/2025 02:00:00,EDT,N.Y.C.,61761,4107.694
10/02/2025 03:00:00,EDT,N.Y.C.,61761,4024.2087
10/02/2025 04:00:00,EDT,N.Y.C.,61761,4023.7894
10/02/2025 05:00:00,EDT,N.Y.C.,61761,4183.4765
10/02/2025 06:00:00,EDT,N.Y.C.,61761,4543.4587
10/02/2025 07:00:00,EDT,N.Y.C.,61761,4889.112
10/02/2025 08:00:00,EDT,N.Y.C.,61761,5141.206
10/02/2025 09:00:00,EDT,N.Y.C.,61761,5295.0241
10/02/2025 10:00:00,EDT,N.Y.C.,61761,5340.2984
10/02/2025 11:00:00,EDT,N.Y.C.,61761,5369.7426
10/02/2025 12:00:00,EDT,N.Y.C.,61761,5412.9014
10/02/2025 13:00:00,EDT,N.Y.C.,61761,5467.3367
10/02/2025 14:00:00,EDT,N.Y.C.,61761,5541.0868
10/02/2025 15:00:00,EDT,N.Y.C.,61761,5622.5209
10/02/2025 16:00:00,EDT,N.Y.C.,61761,5695.7018
10/02/2025 17:00:00,EDT,N.Y.C.,61761,5713.2817
10/02/2025 18:00:00,EDT,N.Y.C.,61761,5575.0864
10/02/2025 19:00:00,EDT,N.Y.C.,61761,5502.7329
10/02/2025 20:00:00,EDT,N.Y.C.,61761,5345.9487
10/02/2025 21:00:00,EDT,N.Y.C.,61761,5159.7521
10/02/2025 22:00:00,EDT,N.Y.C.,61761,4895.2913
10/02/2025 23:00:00,EDT,N.Y.C.,61761,4613.5333
10/03/2025 00:00:00,EDT,N.Y.C.,61761,4351.5205
10/03/2025 01:00:00,EDT,N.Y.C.,61761,4159.5149
10/03/2025 02:00:00,EDT,N.Y.C.,61761,4028.9174
10/03/2025 03:00:00,EDT,N.Y.C.,61761,3955.0444
10/03/2025 04:00:00,EDT,N.Y.C.,61761,3962.3706
10/03/2025 05:00:00,EDT,N.Y.C.,61761,4139.7277
10/03/2025 06:00:00,EDT,N.Y.C.,61761,4561.5849
10/03/2025 07:00:00,EDT,N.Y.C.,61761,4965.1504
10/03/2025 08:00:00,EDT,N.Y.C.,61761,5234.0132
10/03/2025 09:00:00,EDT,N.Y.C.,61761,5387.2134
10/03/2025 10:00:00,EDT,N.Y.C.,61761,5464.8519
10/03/2025 11:00:00,EDT,N.Y.C.,61761,5542.0635
10/03/2025 12:00:00,EDT,N.Y.C.,61761,5615.7704
10/03/2025 13:00:00,EDT,N.Y.C.,61761,5697.7757
10/03/2025 14:00:00,EDT,N.Y.C.,61761,5764.6359
10/03/2025 15:00:00,EDT,N.Y.C.,61761,5859.5725
10/03/2025 16:00:00,EDT,N.Y.C.,61761,5948.5555
10/03/2025 17:00:00,EDT,N.Y.C.,61761,5950.0805
10/03/2025 18:00:00,EDT,N.Y.C.,61761,5778.8642
10/03/2025 19:00:00,EDT,N.Y.C.,61761,5654.2015
10/03/2025 20:00:00,EDT,N.Y.C.,61761,5464.4975
10/03/2025 21:00:00,EDT,N.Y.C.,61761,5267.3468
10/03/2025 22:00:00,EDT,N.Y.C.,61761,5016.7886
10/03/2025 23:00:00,EDT,N.Y.C.,61761,4747.7152
10/04/2025 00:00:00,EDT,N.Y.C.,61761,4491.8833
10/04/2025 01:00:00,EDT,N.Y.C.,61761,4308.0882
10/04/2025 02:00:00,EDT,N.Y.C.,61761,4158.657
10/04/2025 03:00:00,EDT,N.Y.C.,61761,4072.1656
10/04/2025 04:00:00,EDT,N.Y.C.,61761,4027.8
10/04/2025 05:00:00,EDT,N.Y.C.,61761,4064.0957
10/04/2025 06:00:00,EDT,N.Y.C.,61761,4210.4179
10/04/2025 07:00:00,EDT,N.Y.C.,61761,4379.9743
10/04/2025 08:00:00,EDT,N.Y.C.,61761,4606.5244
10/04/2025 09:00:00,EDT,N.Y.C.,61761,4821.3927
10/04/2025 10:00:00,EDT,N.Y.C.,61761,5016.4483
10/04/2025 11:00:00,EDT,N.Y.C.,61761,5208.9011
10/04/2025 12:00:00,EDT,N.Y.C.,61761,5389.5576
10/04/2025 13:00:00,EDT,N.Y.C.,61761,5518.3362
10/04/2025 14:00:00,EDT,N.Y.C.,61761,5643.5675
10/04/2025 15:00:00,EDT,N.Y.C.,61761,5759.1242
10/04/2025 16:00:00,EDT,N.Y.C.,61761,5840.36
10/04/2025 17:00:00,EDT,N.Y.C.,61761,5851.7967
10/04/2025 18:00:00,EDT,N.Y.C.,61761,5781.2007
10/04/2025 19:00:00,EDT,N.Y.C.,61761,5769.0341
10/04/2025 20:00:00,EDT,N.Y.C.,61761,5669.8119
10/04/2025 21:00:00,EDT,N.Y.C.,61761,5552.85
10/04/2025 22:00:00,EDT,N.Y.C.,61761,5383.0287
10/04/2025 23:00:00,EDT,N.Y.C.,61761,5155.6929
10/05/2025 00:00:00,EDT,N.Y.C.,61761,4946.4314
10/05/2025 01:00:00,EDT,N.Y.C.,61761,4733.063
10/05/2025 02:00:00,EDT,N.Y.C.,61761,4556.4822
10/05/2025 03:00:00,EDT,N.Y.C.,61761,4426.9969
10/05/2025 04:00:00,EDT,N.Y.C.,61761,4349.959
10/05/2025 05:00:00,EDT,N.Y.C.,61761,4347.3852
10/05/2025 06:00:00,EDT,N.Y.C.,61761,4431.7341
10/05/2025 07:00:00,EDT,N.Y.C.,61761,4560.3524
10/05/2025 08:00:00,EDT,N.Y.C.,61761,4801.2388
10/05/2025 09:00:00,EDT,N.Y.C.,61761,5069.2078
10/05/2025 10:00:00,EDT,N.Y.C.,61761,5339.3608
10/05/2025 11:00:00,EDT,N.Y.C.,61761,5593.5165
10/05/2025 12:00:00,EDT,N.Y.C.,61761,5803.4971
10/05/2025 13:00:00,EDT,N.Y.C.,61761,5964.1944
10/05/2025 14:00:00,EDT,N.Y.C.,61761,6103.5222
10/05/2025 15:00:00,EDT,N.Y.C.,61761,6227.9288
10/05/2025 16:00:00,EDT,N.Y.C.,61761,6330.273
10/05/2025 17:00:00,EDT,N.Y.C.,61761,6344.0046
10/05/2025 18:00:00,EDT,N.Y.C.,61761,6267.1677
10/05/2025 19:00:00,EDT,N.Y.C.,61761,6250.8618
10/05/2025 20:00:00,EDT,N.Y.C.,61761,6157.4861
10/05/2025 21:00:00,EDT,N.Y.C.,61761,5998.7832
10/05/2025 22:00:00,EDT,N.Y.C.,61761,5733.4251
10/05/2025 23:00:00,EDT,N.Y.C.,61761,5405.5126
10/06/2025 00:00:00,EDT,N.Y.C.,61761,5122.0749
10/06/2025 01:00:00,EDT,N.Y.C.,61761,4881.049
10/06/2025 02:00:00,EDT,N.Y.C.,61761,4695.4204
10/06/2025 03:00:00,EDT,N.Y.C.,61761,4594.7739
10/06/2025 04:00:00,EDT,N.Y.C.,61761,4601.3411
10/06/2025 05:00:00,EDT,N.Y.C.,61761,4819.479
10/06/2025 06:00:00,EDT,N.Y.C.,61761,5277.8596
10/06/2025 07:00:00,EDT,N.Y.C.,61761,5687.545
10/06/2025 08:00:00,EDT,N.Y.C.,61761,6014.4622
10/06/2025 09:00:00,EDT,N.Y.C.,61761,6254.9258
10/06/2025 10:00:00,EDT,N.Y.C.,61761,6424.3239
10/06/2025 11:00:00,EDT,N.Y.C.,61761,6588.7999
10/06/2025 12:00:00,EDT,N.Y.C.,61761,6750.1122
10/06/2025 13:00:00,EDT,N.Y.C.,61761,6882.8478
10/06/2025 14:00:00,EDT,N.Y.C.,61761,6977.9781
10/06/2025 15:00:00,EDT,N.Y.C.,61761,7094.2156
10/06/2025 16:00:00,EDT,N.Y.C.,61761,7144.976
10/06/2025 17:00:00,EDT,N.Y.C.,61761,7040.1076
10/06/2025 18:00:00,EDT,N.Y.C.,61761,6734.0672
10/06/2025 19:00:00,EDT,N.Y.C.,61761,6589.1665
10/06/2025 20:00:00,EDT,N.Y.C.,61761,6355.5789
10/06/2025 21:00:00,EDT,N.Y.C.,61761,6128.148
10/06/2025 22:00:00,EDT,N.Y.C.,61761,5818.8172
10/06/2025 23:00:00,EDT,N.Y.C.,61761,5461.1148
10/07/2025 00:00:00,EDT,N.Y.C.,61761,5149.074
10/07/2025 01:00:00,EDT,N.Y.C.,61761,4918.1845
10/07/2025 02:00:00,EDT,N.Y.C.,61761,4761.106
10/07/2025 03:00:00,EDT,N.Y.C.,61761,4667.2396
10/07/2025 04:00:00,EDT,N.Y.C.,61761,4683.8656
10/07/2025 05:00:00,EDT,N.Y.C.,61761,4890.8294
10/07/2025 06:00:00,EDT,N.Y.C.,61761,5374.6856
10/07/2025 07:00:00,EDT,N.Y.C.,61761,5812.3742
10/07/2025 08:00:00,EDT,N.Y.C.,61761,6109.4654
10/07/2025 09:00:00,EDT,N.Y.C.,61761,6318.3318
10/07/2025 10:00:00,EDT,N.Y.C.,61761,6459.1524
10/07/2025 11:00:00,EDT,N.Y.C.,61761,6634.4231
10/07/2025 12:00:00,EDT,N.Y.C.,61761,6831.8257
10/07/2025 13:00:00,EDT,N.Y.C.,61761,6955.2672
10/07/2025 14:00:00,EDT,N.Y.C.,61761,6995.5038
10/07/2025 15:00:00,EDT,N.Y.C.,61761,7091.2368
10/07/2025 16:00:00,EDT,N.Y.C.,61761,7128.9192
10/07/2025 17:00:00,EDT,N.Y.C.,61761,7058.379
10/07/2025 18:00:00,EDT,N.Y.C.,61761,6831.3553
10/07/2025 19:00:00,EDT,N.Y.C.,61761,6689.2297
10/07/2025 20:00:00,EDT,N.Y.C.,61761,6460.3986
10/07/2025 21:00:00,EDT,N.Y.C.,61761,6197.271
10/07/2025 22:00:00,EDT,N.Y.C.,61761,5889.0709
10/07/2025 23:00:00,EDT,N.Y.C.,61761,5562.0504
10/08/2025 00:00:00,EDT,N.Y.C.,61761,5277.5459
10/08/2025 01:00:00,EDT,N.Y.C.,61761,5076.509
10/08/2025 02:00:00,EDT,N.Y.C.,61761,4938.8842
10/08/2025 03:00:00,EDT,N.Y.C.,61761,4866.7248
10/08/2025 04:00:00,EDT,N.Y.C.,61761,4895.1573
10/08/2025 05:00:00,EDT,N.Y.C.,61761,5099.907
10/08/2025 06:00:00,EDT,N.Y.C.,61761,5648.8736
10/08/2025 07:00:00,EDT,N.Y.C.,61761,6068.6441
10/08/2025 08:00:00,EDT,N.Y.C.,61761,6259.6046
10/08/2025 09:00:00,EDT,N.Y.C.,61761,6406.6453
10/08/2025 10:00:00,EDT,N.Y.C.,61761,6338.007
10/08/2025 11:00:00,EDT,N.Y.C.,61761,6236.6363
10/08/2025 12:00:00,EDT,N.Y.C.,61761,6172.6014
10/08/2025 13:00:00,EDT,N.Y.C.,61761,6072.9907
10/08/2025 14:00:00,EDT,N.Y.C.,61761,6028.7538
10/08/2025 15:00:00,EDT,N.Y.C.,61761,6124.241
10/08/2025 16:00:00,EDT,N.Y.C.,61761,6205.2741
10/08/2025 17:00:00,EDT,N.Y.C.,61761,6157.9837
10/08/2025 18:00:00,EDT,N.Y.C.,61761,5938.1533
10/08/2025 19:00:00,EDT,N.Y.C.,61761,5806.0087
10/08/2025 20:00:00,EDT,N.Y.C.,61761,5584.8219
10/08/2025 21:00:00,EDT,N.Y.C.,61761,5343.719
10/08/2025 22:00:00,EDT,N.Y.C.,61761,5039.2521
10/08/2025 23:00:00,EDT,N.Y.C.,61761,4697.3453
10/09/2025 00:00:00,EDT,N.Y.C.,61761,4391.9374
10/09/2025 01:00:00,EDT,N.Y.C.,61761,4181.8143
10/09/2025 02:00:00,EDT,N.Y.C.,61761,4038.7017
10/09/2025 03:00:00,EDT,N.Y.C.,61761,3958.2308
10/09/2025 04:00:00,EDT,N.Y.C.,61761,3957.6009
10/09/2025 05:00:00,EDT,N.Y.C.,61761,4142.489
10/09/2025 06:00:00,EDT,N.Y.C.,61761,4571.7309
10/09/2025 07:00:00,EDT,N.Y.C.,61761,4971.8494
10/09/2025 08:00:00,EDT,N.Y.C.,61761,5192.7641
10/09/2025 09:00:00,EDT,N.Y.C.,61761,5281.594
10/09/2025 10:00:00,EDT,N.Y.C.,61761,5283.718
10/09/2025 11:00:00,EDT,N.Y.C.,61761,5289.4268
10/09/2025 12:00:00,EDT,N.Y.C.,61761,5287.133
10/09/2025 13:00:00,EDT,N.Y.C.,61761,5290.6665
10/09/2025 14:00:00,EDT,N.Y.C.,61761,5311.7902
10/09/2025 15:00:00,EDT,N.Y.C.,61761,5384.8401
10/09/2025 16:00:00,EDT,N.Y.C.,61761,5486.4491
10/09/2025 17:00:00,EDT,N.Y.C.,61761,5523.1262
10/09/2025 18:00:00,EDT,N.Y.C.,61761,5439.2944
10/09/2025 19:00:00,EDT,N.Y.C.,61761,5376.032
10/09/2025 20:00:00,EDT,N.Y.C.,61761,5198.5177
10/09/2025 21:00:00,EDT,N.Y.C.,61761,5006.1378
10/09/2025 22:00:00,EDT,N.Y.C.,61761,4734.9041
10/09/2025 23:00:00,EDT,N.Y.C.,61761,4433.3822
10/10/2025 00:00:00,EDT,N.Y.C.,61761,4171.0818
10/10/2025 01:00:00,EDT,N.Y.C.,61761,3985.2919
10/10/2025 02:00:00,EDT,N.Y.C.,61761,3871.8266
10/10/2025 03:00:00,EDT,N.Y.C.,61761,3798.4699
10/10/2025 04:00:00,EDT,N.Y.C.,61761,3816.0442
10/10/2025 05:00:00,EDT,N.Y.C.,61761,4026.3114
10/10/2025 06:00:00,EDT,N.Y.C.,61761,4463.5506
10/10/2025 07:00:00,EDT,N.Y.C.,61761,4866.5489
10/10/2025 08:00:00,EDT,N.Y.C.,61761,5096.5397
10/10/2025 09:00:00,EDT,N.Y.C.,61761,5212.4274
10/10/2025 10:00:00,EDT,N.Y.C.,61761,5244.5455
10/10/2025 11:00:00,EDT,N.Y.C.,61761,5290.5791
10/10/2025 12:00:00,EDT,N.Y.C.,61761,5360.5711
10/10/2025 13:00:00,EDT,N.Y.C.,61761,5350.6214
10/10/2025 14:00:00,EDT,N.Y.C.,61761,5332.6862
10/10/2025 15:00:00,EDT,N.Y.C.,61761,5365.988
10/10/2025 16:00:00,EDT,N.Y.C.,61761,5429.7477
10/10/2025 17:00:00,EDT,N.Y.C.,61761,5483.6692
10/10/2025 18:00:00,EDT,N.Y.C.,61761,5411.9351
10/10/2025 19:00:00,EDT,N.Y.C.,61761,5325.0321
10/10/2025 20:00:00,EDT,N.Y.C.,61761,5156.7889
10/10/2025 21:00:00,EDT,N.Y.C.,61761,4977.101
10/10/2025 22:00:00,EDT,N.Y.C.,61761,4741.5273
10/10/2025 23:00:00,EDT,N.Y.C.,61761,4491.7394
10/11/2025 00:00:00,EDT,N.Y.C.,61761,4278.3415
10/11/2025 01:00:00,EDT,N.Y.C.,61761,4105.0957
10/11/2025 02:00:00,EDT,N.Y.C.,61761,3977.2947
10/11/2025 03:00:00,EDT,N.Y.C.,61761,3908.9307
10/11/2025 04:00:00,EDT,N.Y.C.,61761,3880.1252
10/11/2025 05:00:00,EDT,N.Y.C.,61761,3927.2563
10/11/2025 06:00:00,EDT,N.Y.C.,61761,4083.5145
10/11/2025 07:00:00,EDT,N.Y.C.,61761,4266.6539
10/11/2025 08:00:00,EDT,N.Y.C.,61761,4492.7918
10/11/2025 09:00:00,EDT,N.Y.C.,61761,4710.0131
10/11/2025 10:00:00,EDT,N.Y.C.,61761,4845.4908
10/11/2025 11:00:00,EDT,N.Y.C.,61761,4938.5737
10/11/2025 12:00:00,EDT,N.Y.C.,61761,4987.8652
10/11/2025 13:00:00,EDT,N.Y.C.,61761,5017.4743
10/11/2025 14:00:00,EDT,N.Y.C.,61761,5001.0918
10/11/2025 15:00:00,EDT,N.Y.C.,61761,4971.811
10/11/2025 16:00:00,EDT,N.Y.C.,61761,4991.2085
10/11/2025 17:00:00,EDT,N.Y.C.,61761,5053.1287
10/11/2025 18:00:00,EDT,N.Y.C.,61761,5127.281
10/11/2025 19:00:00,EDT,N.Y.C.,61761,5107.9359
10/11/2025 20:00:00,EDT,N.Y.C.,61761,5009.3607
10/11/2025 21:00:00,EDT,N.Y.C.,61761,4890.8861
10/11/2025 22:00:00,EDT,N.Y.C.,61761,4712.1814
10/11/2025 23:00:00,EDT,N.Y.C.,61761,4510.0375
10/12/2025 00:00:00,EDT,N.Y.C.,61761,4311.0514
10/12/2025 01:00:00,EDT,N.Y.C.,61761,4147.7506
10/12/2025 02:00:00,EDT,N.Y.C.,61761,4026.6806
10/12/2025 03:00:00,EDT,N.Y.C.,61761,3936.608
10/12/2025 04:00:00,EDT,N.Y.C.,61761,3887.0075
10/12/2025 05:00:00,EDT,N.Y.C.,61761,3907.9086
10/12/2025 06:00:00,EDT,N.Y.C.,61761,4006.4948
10/12/2025 07:00:00,EDT,N.Y.C.,61761,4134.7821
10/12/2025 08:00:00,EDT,N.Y.C.,61761,4300.9826
10/12/2025 09:00:00,EDT,N.Y.C.,61761,4490.3504
10/12/2025 10:00:00,EDT,N.Y.C.,61761,4640.3954
10/12/2025 11:00:00,EDT,N.Y.C.,61761,4759.2503
10/12/2025 12:00:00,EDT,N.Y.C.,61761,4848.6864
10/12/2025 13:00:00,EDT,N.Y.C.,61761,4913.1519
10/12/2025 14:00:00,EDT,N.Y.C.,61761,4938.8308
10/12/2025 15:00:00,EDT,N.Y.C.,61761,4969.5253
10/12/2025 16:00:00,EDT,N.Y.C.,61761,5007.7184
10/12/2025 17:00:00,EDT,N.Y.C.,61761,5063.3442
10/12/2025 18:00:00,EDT,N.Y.C.,61761,5126.4789
10/12/2025 19:00:00,EDT,N.Y.C.,61761,5100.8403
10/12/2025 20:00:00,EDT,N.Y.C.,61761,5006.0355
10/12/2025 21:00:00,EDT,N.Y.C.,61761,4874.4142
10/12/2025 22:00:00,EDT,N.Y.C.,61761,4681.3714
10/12/2025 23:00:00,EDT,N.Y.C.,61761,4452.2402
10/13/2025 00:00:00,EDT,N.Y.C.,61761,4255.9389
10/13/2025 01:00:00,EDT,N.Y.C.,61761,4097.3809
10/13/2025 02:00:00,EDT,N.Y.C.,61761,3984.3199
10/13/2025 03:00:00,EDT,N.Y.C.,61761,3905.049
10/13/2025 04:00:00,EDT,N.Y.C.,61761,3904.6529
10/13/2025 05:00:00,EDT,N.Y.C.,61761,4062.7159
10/13/2025 06:00:00,EDT,N.Y.C.,61761,4405.1634
10/13/2025 07:00:00,EDT,N.Y.C.,61761,4743.9392
10/13/2025 08:00:00,EDT,N.Y.C.,61761,5044.0941
10/13/2025 09:00:00,EDT,N.Y.C.,61761,5239.7877
10/13/2025 10:00:00,EDT,N.Y.C.,61761,5361.0794
10/13/2025 11:00:00,EDT,N.Y.C.,61761,5456.9108
10/13/2025 12:00:00,EDT,N.Y.C.,61761,5520.5579
10/13/2025 13:00:00,EDT,N.Y.C.,61761,5535.2954
10/13/2025 14:00:00,EDT,N.Y.C.,61761,5541.2666
10/13/2025 15:00:00,EDT,N.Y.C.,61761,5544.607
10/13/2025 16:00:00,EDT,N.Y.C.,61761,5587.5079
10/13/2025 17:00:00,EDT,N.Y.C.,61761,5634.1189
10/13/2025 18:00:00,EDT,N.Y.C.,61761,5613.9362
10/13/2025 19:00:00,EDT,N.Y.C.,61761,5514.1594
10/13/2025 20:00:00,EDT,N.Y.C.,61761,5331.9344
10/13/2025 21:00:00,EDT,N.Y.C.,61761,5121.3233
10/13/2025 22:00:00,EDT,N.Y.C.,61761,4844.3833
10/13/2025 23:00:00,EDT,N.Y.C.,61761,4528.3283
10/14/2025 00:00:00,EDT,N.Y.C.,61761,4264.4562
10/14/2025 01:00:00,EDT,N.Y.C.,61761,4090.1576
10/14/2025 02:00:00,EDT,N.Y.C.,61761,3969.3068
10/14/2025 03:00:00,EDT,N.Y.C.,61761,3907.2146
10/14/2025 04:00:00,EDT,N.Y.C.,61761,3929.9232
10/14/2025 05:00:00,EDT,N.Y.C.,61761,4132.0772
10/14/2025 06:00:00,EDT,N.Y.C.,61761,4589.5951
10/14/2025 07:00:00,EDT,N.Y.C.,61761,5019.8652
10/14/2025 08:00:00,EDT,N.Y.C.,61761,5291.1911
10/14/2025 09:00:00,EDT,N.Y.C.,61761,5440.9161
10/14/2025 10:00:00,EDT,N.Y.C.,61761,5479.0826
10/14/2025 11:00:00,EDT,N.Y.C.,61761,5492.8613
10/14/2025 12:00:00,EDT,N.Y.C.,61761,5501.7773
10/14/2025 13:00:00,EDT,N.Y.C.,61761,5491.5191
10/14/2025 14:00:00,EDT,N.Y.C.,61761,5481.1081
10/14/2025 15:00:00,EDT,N.Y.C.,61761,5543.7821
10/14/2025 16:00:00,EDT,N.Y.C.,61761,5605.8111
10/14/2025 17:00:00,EDT,N.Y.C.,61761,5641.6124
10/14/2025 18:00:00,EDT,N.Y.C.,61761,5587.7279
10/14/2025 19:00:00,EDT,N.Y.C.,61761,5515.0565
10/14/2025 20:00:00,EDT,N.Y.C.,61761,5355.922
10/14/2025 21:00:00,EDT,N.Y.C.,61761,5173.9074
10/14/2025 22:00:00,EDT,N.Y.C.,61761,4895.8327
10/14/2025 23:00:00,EDT,N.Y.C.,61761,4560.5527
10/15/2025 00:00:00,EDT,N.Y.C.,61761,4306.4538
10/15/2025 01:00:00,EDT,N.Y.C.,61761,4117.7742
10/15/2025 02:00:00,EDT,N.Y.C.,61761,3990.8672
10/15/2025 03:00:00,EDT,N.Y.C.,61761,3929.863
10/15/2025 04:00:00,EDT,N.Y.C.,61761,3936.9901
10/15/2025 05:00:00,EDT,N.Y.C.,61761,4139.4472
10/15/2025 06:00:00,EDT,N.Y.C.,61761,4608.0052
10/15/2025 07:00:00,EDT,N.Y.C.,61761,5019.9342
10/15/2025 08:00:00,EDT,N.Y.C.,61761,5292.1461
10/15/2025 09:00:00,EDT,N.Y.C.,61761,5398.503
10/15/2025 10:00:00,EDT,N.Y.C.,61761,5405.9594
10/15/2025 11:00:00,EDT,N.Y.C.,61761,5466.1228
10/15/2025 12:00:00,EDT,N.Y.C.,61761,5567.435
10/15/2025 13:00:00,EDT,N.Y.C.,61761,5571.205
10/15/2025 14:00:00,EDT,N.Y.C.,61761,5513.1726
10/15/2025 15:00:00,EDT,N.Y.C.,61761,5604.739
10/15/2025 16:00:00,EDT,N.Y.C.,61761,5661.9147
10/15/2025 17:00:00,EDT,N.Y.C.,61761,5694.6204
10/15/2025 18:00:00,EDT,N.Y.C.,61761,5593.764
10/15/2025 19:00:00,EDT,N.Y.C.,61761,5491.1908
10/15/2025 20:00:00,EDT,N.Y.C.,61761,5314.2051
10/15/2025 21:00:00,EDT,N.Y.C.,61761,5110.6674
10/15/2025 22:00:00,EDT,N.Y.C.,61761,4817.206
10/15/2025 23:00:00,EDT,N.Y.C.,61761,4488.6934
10/16/2025 00:00:00,EDT,N.Y.C.,61761,4216.4585
10/16/2025 01:00:00,EDT,N.Y.C.,61761,4029.9061
10/16/2025 02:00:00,EDT,N.Y.C.,61761,3901.9037
10/16/2025 03:00:00,EDT,N.Y.C.,61761,3836.5496
10/16/2025 04:00:00,EDT,N.Y.C.,61761,3865.5099
10/16/2025 05:00:00,EDT,N.Y.C.,61761,4076.1566
10/16/2025 06:00:00,EDT,N.Y.C.,61761,4549.0115
10/16/2025 07:00:00,EDT,N.Y.C.,61761,4968.9683
10/16/2025 08:00:00,EDT,N.Y.C.,61761,5209.808
10/16/2025 09:00:00,EDT,N.Y.C.,61761,5304.0821
10/16/2025 10:00:00,EDT,N.Y.C.,61761,5289.3961
10/16/2025 11:00:00,EDT,N.Y.C.,61761,5302.552
10/16/2025 12:00:00,EDT,N.Y.C.,61761,5303.4897
10/16/2025 13:00:00,EDT,N.Y.C.,61761,5306.3804
10/16/2025 14:00:00,EDT,N.Y.C.,61761,5325.8178
10/16/2025 15:00:00,EDT,N.Y.C.,61761,5391.1469
10/16/2025 16:00:00,EDT,N.Y.C.,61761,5494.7703
10/16/2025 17:00:00,EDT,N.Y.C.,61761,5572.2288
10/16/2025 18:00:00,EDT,N.Y.C.,61761,5539.5181
10/16/2025 19:00:00,EDT,N.Y.C.,61761,5455.1122
10/16/2025 20:00:00,EDT,N.Y.C.,61761,5296.1589
10/16/2025 21:00:00,EDT,N.Y.C.,61761,5113.4402
10/16/2025 22:00:00,EDT,N.Y.C.,61761,4836.2789
10/16/2025 23:00:00,EDT,N.Y.C.,61761,4523.6181
10/17/2025 00:00:00,EDT,N.Y.C.,61761,4272.5156
10/17/2025 01:00:00,EDT,N.Y.C.,61761,4075.929
10/17/2025 02:00:00,EDT,N.Y.C.,61761,3949.0662
10/17/2025 03:00:00,EDT,N.Y.C.,61761,3888.2626
10/17/2025 04:00:00,EDT,N.Y.C.,61761,3910.8602
10/17/2025 05:00:00,EDT,N.Y.C.,61761,4120.429
10/17/2025 06:00:00,EDT,N.Y.C.,61761,4583.3138
10/17/2025 07:00:00,EDT,N.Y.C.,61761,5000.0023
10/17/2025 08:00:00,EDT,N.Y.C.,61761,5233.9495
10/17/2025 09:00:00,EDT,N.Y.C.,61761,5332.7109
10/17/2025 10:00:00,EDT,N.Y.C.,61761,5333.2501
10/17/2025 11:00:00,EDT,N.Y.C.,61761,5335.6526
10/17/2025 12:00:00,EDT,N.Y.C.,61761,5328.7874
10/17/2025 13:00:00,EDT,N.Y.C.,61761,5326.4493
10/17/2025 14:00:00,EDT,N.Y.C.,61761,5344.4791
10/17/2025 15:00:00,EDT,N.Y.C.,61761,5412.3296
10/17/2025 16:00:00,EDT,N.Y.C.,61761,5507.3336
10/17/2025 17:00:00,EDT,N.Y.C.,61761,5572.0793
10/17/2025 18:00:00,EDT,N.Y.C.,61761,5495.0614
10/17/2025 19:00:00,EDT,N.Y.C.,61761,5393.5957
10/17/2025 20:00:00,EDT,N.Y.C.,61761,5230.4205
10/17/2025 21:00:00,EDT,N.Y.C.,61761,5055.8767
10/17/2025 22:00:00,EDT,N.Y.C.,61761,4817.1876
10/17/2025 23:00:00,EDT,N.Y.C.,61761,4550.4638
10/18/2025 00:00:00,EDT,N.Y.C.,61761,4322.2781
10/18/2025 01:00:00,EDT,N.Y.C.,61761,4135.7842
10/18/2025 02:00:00,EDT,N.Y.C.,61761,4004.5189
10/18/2025 03:00:00,EDT,N.Y.C.,61761,3925.8018
10/18/2025 04:00:00,EDT,N.Y.C.,61761,3898.5187
10/18/2025 05:00:00,EDT,N.Y.C.,61761,3947.889
10/18/2025 06:00:00,EDT,N.Y.C.,61761,4131.1432
10/18/2025 07:00:00,EDT,N.Y.C.,61761,4303.4603
10/18/2025 08:00:00,EDT,N.Y.C.,61761,4500.9619
10/18/2025 09:00:00,EDT,N.Y.C.,61761,4614.2324
10/18/2025 10:00:00,EDT,N.Y.C.,61761,4675.533
10/18/2025 11:00:00,EDT,N.Y.C.,61761,4718.4587
10/18/2025 12:00:00,EDT,N.Y.C.,61761,4750.2662
10/18/2025 13:00:00,EDT,N.Y.C.,61761,4764.6128
10/18/2025 14:00:00,EDT,N.Y.C.,61761,4780.2444
10/18/2025 15:00:00,EDT,N.Y.C.,61761,4795.9651
10/18/2025 16:00:00,EDT,N.Y.C.,61761,4870.2356
10/18/2025 17:00:00,EDT,N.Y.C.,61761,4951.7754
10/18/2025 18:00:00,EDT,N.Y.C.,61761,5028.671
10/18/2025 19:00:00,EDT,N.Y.C.,61761,5028.1003
10/18/2025 20:00:00,EDT,N.Y.C.,61761,4957.9188
10/18/2025 21:00:00,EDT,N.Y.C.,61761,4857.3592
10/18/2025 22:00:00,EDT,N.Y.C.,61761,4700.7192
10/18/2025 23:00:00,EDT,N.Y.C.,61761,4498.6278
10/19/2025 00:00:00,EDT,N.Y.C.,61761,4289.5783
10/19/2025 01:00:00,EDT,N.Y.C.,61761,4110.4187
10/19/2025 02:00:00,EDT,N.Y.C.,61761,3979.4842
10/19/2025 03:00:00,EDT,N.Y.C.,61761,3899.4744
10/19/2025 04:00:00,EDT,N.Y.C.,61761,3858.1239
10/19/2025 05:00:00,EDT,N.Y.C.,61761,3892.898
10/19/2025 06:00:00,EDT,N.Y.C.,61761,4024.6474
10/19/2025 07:00:00,EDT,N.Y.C.,61761,4169.434
10/19/2025 08:00:00,EDT,N.Y.C.,61761,4353.7639
10/19/2025 09:00:00,EDT,N.Y.C.,61761,4525.4286
10/19/2025 10:00:00,EDT,N.Y.C.,61761,4666.0681
10/19/2025 11:00:00,EDT,N.Y.C.,61761,4754.9184
10/19/2025 12:00:00,EDT,N.Y.C.,61761,4835.8716
10/19/2025 13:00:00,EDT,N.Y.C.,61761,4903.1881
10/19/2025 14:00:00,EDT,N.Y.C.,61761,4966.7123
10/19/2025 15:00:00,EDT,N.Y.C.,61761,5042.8703
10/19/2025 16:00:00,EDT,N.Y.C.,61761,5116.8011
10/19/2025 17:00:00,EDT,N.Y.C.,61761,5184.4925
10/19/2025 18:00:00,EDT,N.Y.C.,61761,5286.6446
10/19/2025 19:00:00,EDT,N.Y.C.,61761,5276.3088
10/19/2025 20:00:00,EDT,N.Y.C.,61761,5196.1017
10/19/2025 21:00:00,EDT,N.Y.C.,61761,5073.0817
10/19/2025 22:00:00,EDT,N.Y.C.,61761,4869.9645
10/19/2025 23:00:00,EDT,N.Y.C.,61761,4633.1491
10/20/2025 00:00:00,EDT,N.Y.C.,61761,4450.1428
10/20/2025 01:00:00,EDT,N.Y.C.,61761,4299.9256
10/20/2025 02:00:00,EDT,N.Y.C.,61761,4195.7447
10/20/2025 03:00:00,EDT,N.Y.C.,61761,4149.664
10/20/2025 04:00:00,EDT,N.Y.C.,61761,4154.6998
10/20/2025 05:00:00,EDT,N.Y.C.,61761,4253.6396
10/20/2025 06:00:00,EDT,N.Y.C.,61761,4621.8222
10/20/2025 07:00:00,EDT,N.Y.C.,61761,5018.3318
10/20/2025 08:00:00,EDT,N.Y.C.,61761,5287.5689
10/20/2025 09:00:00,EDT,N.Y.C.,61761,5420.7567
10/20/2025 10:00:00,EDT,N.Y.C.,61761,5473.7838
10/20/2025 11:00:00,EDT,N.Y.C.,61761,5521.0034
10/20/2025 12:00:00,EDT,N.Y.C.,61761,5538.4542
10/20/2025 13:00:00,EDT,N.Y.C.,61761,5484.3344
10/20/2025 14:00:00,EDT,N.Y.C.,61761,5501.369
10/20/2025 15:00:00,EDT,N.Y.C.,61761,5541.8666
10/20/2025 16:00:00,EDT,N.Y.C.,61761,5595.055
10/20/2025 17:00:00,EDT,N.Y.C.,61761,5623.7168
10/20/2025 18:00:00,EDT,N.Y.C.,61761,5601.7021
10/20/2025 19:00:00,EDT,N.Y.C.,61761,5511.107
10/20/2025 20:00:00,EDT,N.Y.C.,61761,5326.7196
10/20/2025 21:00:00,EDT,N.Y.C.,61761,5114.5886
10/20/2025 22:00:00,EDT,N.Y.C.,61761,4825.7909
10/20/2025 23:00:00,EDT,N.Y.C.,61761,4501.4784
10/21/2025 00:00:00,EDT,N.Y.C.,61761,4239.865
10/21/2025 01:00:00,EDT,N.Y.C.,61761,4046.043
10/21/2025 02:00:00,EDT,N.Y.C.,61761,3922.7764
10/21/2025 03:00:00,EDT,N.Y.C.,61761,3862.8641
10/21/2025 04:00:00,EDT,N.Y.C.,61761,3883.9909
10/21/2025 05:00:00,EDT,N.Y.C.,61761,4093.8033
10/21/2025 06:00:00,EDT,N.Y.C.,61761,4574.4612
10/21/2025 07:00:00,EDT,N.Y.C.,61761,5023.0013
10/21/2025 08:00:00,EDT,N.Y.C.,61761,5259.283
10/21/2025 09:00:00,EDT,N.Y.C.,61761,5368.6039
10/21/2025 10:00:00,EDT,N.Y.C.,61761,5369.1515
10/21/2025 11:00:00,EDT,N.Y.C.,61761,5399.9739
10/21/2025 12:00:00,EDT,N.Y.C.,61761,5414.8368
10/21/2025 13:00:00,EDT,N.Y.C.,61761,5440.1495
10/21/2025 14:00:00,EDT,N.Y.C.,61761,5461.4155
10/21/2025 15:00:00,EDT,N.Y.C.,61761,5543.1178
10/21/2025 16:00:00,EDT,N.Y.C.,61761,5647.209
10/21/2025 17:00:00,EDT,N.Y.C.,61761,5697.7879
10/21/2025 18:00:00,EDT,N.Y.C.,61761,5659.3348
10/21/2025 19:00:00,EDT,N.Y.C.,61761,5563.4138
10/21/2025 20:00:00,EDT,N.Y.C.,61761,5386.8943
10/21/2025 21:00:00,EDT,N.Y.C.,61761,5179.9882
10/21/2025 22:00:00,EDT,N.Y.C.,61761,4907.811
10/21/2025 23:00:00,EDT,N.Y.C.,61761,4591.3696
10/22/2025 00:00:00,EDT,N.Y.C.,61761,4318.1193
10/22/2025 01:00:00,EDT,N.Y.C.,61761,4127.2304
10/22/2025 02:00:00,EDT,N.Y.C.,61761,4014.1203
10/22/2025 03:00:00,EDT,N.Y.C.,61761,3961.0109
10/22/2025 04:00:00,EDT,N.Y.C.,61761,3977.1558
10/22/2025 05:00:00,EDT,N.Y.C.,61761,4174.2678
10/22/2025 06:00:00,EDT,N.Y.C.,61761,4639.2988
10/22/2025 07:00:00,EDT,N.Y.C.,61761,5095.0191
10/22/2025 08:00:00,EDT,N.Y.C.,61761,5318.4212
10/22/2025 09:00:00,EDT,N.Y.C.,61761,5409.6641
10/22/2025 10:00:00,EDT,N.Y.C.,61761,5430.3699
10/22/2025 11:00:00,EDT,N.Y.C.,61761,5425.6335
10/22/2025 12:00:00,EDT,N.Y.C.,61761,5449.0693
10/22/2025 13:00:00,EDT,N.Y.C.,61761,5438.6856
10/22/2025 14:00:00,EDT,N.Y.C.,61761,5449.5166
10/22/2025 15:00:00,EDT,N.Y.C.,61761,5562.1552
10/22/2025 16:00:00,EDT,N.Y.C.,61761,5644.5418
10/22/2025 17:00:00,EDT,N.Y.C.,61761,5656.3529
10/22/2025 18:00:00,EDT,N.Y.C.,61761,5608.1998
10/22/2025 19:00:00,EDT,N.Y.C.,61761,5505.9671
10/22/2025 20:00:00,EDT,N.Y.C.,61761,5312.2638
10/22/2025 21:00:00,EDT,N.Y.C.,61761,5102.5488
10/22/2025 22:00:00,EDT,N.Y.C.,61761,4826.6666
10/22/2025 23:00:00,EDT,N.Y.C.,61761,4517.1231
10/23/2025 00:00:00,EDT,N.Y.C.,61761,4250.3248
10/23/2025 01:00:00,EDT,N.Y.C.,61761,4063.3062
10/23/2025 02:00:00,EDT,N.Y.C.,61761,3937.4609
10/23/2025 03:00:00,EDT,N.Y.C.,61761,3875.1178
10/23/2025 04:00:00,EDT,N.Y.C.,61761,3901.5391
10/23/2025 05:00:00,EDT,N.Y.C.,61761,4108.2306
10/23/2025 06:00:00,EDT,N.Y.C.,61761,4585.4738
10/23/2025 07:00:00,EDT,N.Y.C.,61761,5030.8243
10/23/2025 08:00:00,EDT,N.Y.C.,61761,5301.0388
10/23/2025 09:00:00,EDT,N.Y.C.,61761,5368.7966
10/23/2025 10:00:00,EDT,N.Y.C.,61761,5339.7015
10/23/2025 11:00:00,EDT,N.Y.C.,61761,5345.2435
10/23/2025 12:00:00,EDT,N.Y.C.,61761,5367.4067
10/23/2025 13:00:00,EDT,N.Y.C.,61761,5468.1988
10/23/2025 14:00:00,EDT,N.Y.C.,61761,5466.8706
10/23/2025 15:00:00,EDT,N.Y.C.,61761,5444.839
10/23/2025 16:00:00,EDT,N.Y.C.,61761,5537.5379
10/23/2025 17:00:00,EDT,N.Y.C.,61761,5598.4313
10/23/2025 18:00:00,EDT,N.Y.C.,61761,5587.8886
10/23/2025 19:00:00,EDT,N.Y.C.,61761,5483.5868
10/23/2025 20:00:00,EDT,N.Y.C.,61761,5313.1275
10/23/2025 21:00:00,EDT,N.Y.C.,61761,5122.2029
10/23/2025 22:00:00,EDT,N.Y.C.,61761,4849.9188
10/23/2025 23:00:00,EDT,N.Y.C.,61761,4542.544
10/24/2025 00:00:00,EDT,N.Y.C.,61761,4288.8965
10/24/2025 01:00:00,EDT,N.Y.C.,61761,4096.9279
10/24/2025 02:00:00,EDT,N.Y.C.,61761,3968.6181
10/24/2025 03:00:00,EDT,N.Y.C.,61761,3902.1476
10/24/2025 04:00:00,EDT,N.Y.C.,61761,3934.2623
10/24/2025 05:00:00,EDT,N.Y.C.,61761,4139.2329
10/24/2025 06:00:00,EDT,N.Y.C.,61761,4605.758
10/24/2025 07:00:00,EDT,N.Y.C.,61761,5021.1032
10/24/2025 08:00:00,EDT,N.Y.C.,61761,5262.4287
10/24/2025 09:00:00,EDT,N.Y.C.,61761,5368.5721
10/24/2025 10:00:00,EDT,N.Y.C.,61761,5378.1725
10/24/2025 11:00:00,EDT,N.Y.C.,61761,5394.9982
10/24/2025 12:00:00,EDT,N.Y.C.,61761,5407.5955
10/24/2025 13:00:00,EDT,N.Y.C.,61761,5425.5396
10/24/2025 14:00:00,EDT,N.Y.C.,61761,5411.3981
10/24/2025 15:00:00,EDT,N.Y.C.,61761,5470.4719
10/24/2025 16:00:00,EDT,N.Y.C.,61761,5535.0496
10/24/2025 17:00:00,EDT,N.Y.C.,61761,5572.0628
10/24/2025 18:00:00,EDT,N.Y.C.,61761,5524.5483
10/24/2025 19:00:00,EDT,N.Y.C.,61761,5402.1814
10/24/2025 20:00:00,EDT,N.Y.C.,61761,5246.7652
10/24/2025 21:00:00,EDT,N.Y.C.,61761,5066.5111
10/24/2025 22:00:00,EDT,N.Y.C.,61761,4844.4557
10/24/2025 23:00:00,EDT,N.Y.C.,61761,4599.0113
10/25/2025 00:00:00,EDT,N.Y.C.,61761,4371.2522
10/25/2025 01:00:00,EDT,N.Y.C.,61761,4194.6189
10/25/2025 02:00:00,EDT,N.Y.C.,61761,4066.533
10/25/2025 03:00:00,EDT,N.Y.C.,61761,3989.1337
10/25/2025 04:00:00,EDT,N.Y.C.,61761,3967.288
10/25/2025 05:00:00,EDT,N.Y.C.,61761,4034.0989
10/25/2025 06:00:00,EDT,N.Y.C.,61761,4207.0858
10/25/2025 07:00:00,EDT,N.Y.C.,61761,4387.6852
10/25/2025 08:00:00,EDT,N.Y.C.,61761,4563.1399
10/25/2025 09:00:00,EDT,N.Y.C.,61761,4684.9047
10/25/2025 10:00:00,EDT,N.Y.C.,61761,4759.0057
10/25/2025 11:00:00,EDT,N.Y.C.,61761,4791.9745
10/25/2025 12:00:00,EDT,N.Y.C.,61761,4803.6578
10/25/2025 13:00:00,EDT,N.Y.C.,61761,4868.2997
10/25/2025 14:00:00,EDT,N.Y.C.,61761,4926.2463
10/25/2025 15:00:00,EDT,N.Y.C.,61761,4912.6149
10/25/2025 16:00:00,EDT,N.Y.C.,61761,4977.9255
10/25/2025 17:00:00,EDT,N.Y.C.,61761,5033.1788
10/25/2025 18:00:00,EDT,N.Y.C.,61761,5098.8828
10/25/2025 19:00:00,EDT,N.Y.C.,61761,5065.5717
10/25/2025 20:00:00,EDT,N.Y.C.,61761,4977.5266
10/25/2025 21:00:00,EDT,N.Y.C.,61761,4871.8905
10/25/2025 22:00:00,EDT,N.Y.C.,61761,4705.9158
10/25/2025 23:00:00,EDT,N.Y.C.,61761,4495.3918
10/26/2025 00:00:00,EDT,N.Y.C.,61761,4304.6203
10/26/2025 01:00:00,EDT,N.Y.C.,61761,4142.1918
10/26/2025 02:00:00,EDT,N.Y.C.,61761,4002.0597
10/26/2025 03:00:00,EDT,N.Y.C.,61761,3923.4129
10/26/2025 04:00:00,EDT,N.Y.C.,61761,3893.4574
10/26/2025 05:00:00,EDT,N.Y.C.,61761,3941.4743
10/26/2025 06:00:00,EDT,N.Y.C.,61761,4061.4722
10/26/2025 07:00:00,EDT,N.Y.C.,61761,4204.0442
10/26/2025 08:00:00,EDT,N.Y.C.,61761,4370.0911
10/26/2025 09:00:00,EDT,N.Y.C.,61761,4548.8832
10/26/2025 10:00:00,EDT,N.Y.C.,61761,4608.7195
10/26/2025 11:00:00,EDT,N.Y.C.,61761,4625.368
10/26/2025 12:00:00,EDT,N.Y.C.,61761,4669.8267
10/26/2025 13:00:00,EDT,N.Y.C.,61761,4728.6482
10/26/2025 14:00:00,EDT,N.Y.C.,61761,4766.9819
10/26/2025 15:00:00,EDT,N.Y.C.,61761,4811.0986
10/26/2025 16:00:00,EDT,N.Y.C.,61761,4883.4227
10/26/2025 17:00:00,EDT,N.Y.C.,61761,4989.6174
10/26/2025 18:00:00,EDT,N.Y.C.,61761,5129.0629
10/26/2025 19:00:00,EDT,N.Y.C.,61761,5127.0993
10/26/2025 20:00:00,EDT,N.Y.C.,61761,5046.0276
10/26/2025 21:00:00,EDT,N.Y.C.,61761,4914.9339
10/26/2025 22:00:00,EDT,N.Y.C.,61761,4711.9699
10/26/2025 23:00:00,EDT,N.Y.C.,61761,4450.5398
10/27/2025 00:00:00,EDT,N.Y.C.,61761,4248.5932
10/27/2025 01:00:00,EDT,N.Y.C.,61761,4084.0122
10/27/2025 02:00:00,EDT,N.Y.C.,61761,3973.4281
10/27/2025 03:00:00,EDT,N.Y.C.,61761,3923.5426
10/27/2025 04:00:00,EDT,N.Y.C.,61761,3965.9246
10/27/2025 05:00:00,EDT,N.Y.C.,61761,4191.7719
10/27/2025 06:00:00,EDT,N.Y.C.,61761,4662.0106
10/27/2025 07:00:00,EDT,N.Y.C.,61761,5109.1666
10/27/2025 08:00:00,EDT,N.Y.C.,61761,5348.1217
10/27/2025 09:00:00,EDT,N.Y.C.,61761,5453.7954
10/27/2025 10:00:00,EDT,N.Y.C.,61761,5454.3055
10/27/2025 11:00:00,EDT,N.Y.C.,61761,5450.0388
10/27/2025 12:00:00,EDT,N.Y.C.,61761,5457.4624
10/27/2025 13:00:00,EDT,N.Y.C.,61761,5458.6535
10/27/2025 14:00:00,EDT,N.Y.C.,61761,5454.7286
10/27/2025 15:00:00,EDT,N.Y.C.,61761,5508.1885
10/27/2025 16:00:00,EDT,N.Y.C.,61761,5603.4525
10/27/2025 17:00:00,EDT,N.Y.C.,61761,5687.1028
10/27/2025 18:00:00,EDT,N.Y.C.,61761,5680.1227
10/27/2025 19:00:00,EDT,N.Y.C.,61761,5591.47
10/27/2025 20:00:00,EDT,N.Y.C.,61761,5423.5312
10/27/2025 21:00:00,EDT,N.Y.C.,61761,5220.6717
10/27/2025 22:00:00,EDT,N.Y.C.,61761,4926.0368
10/27/2025 23:00:00,EDT,N.Y.C.,61761,4606.0387
10/28/2025 00:00:00,EDT,N.Y.C.,61761,4351.5356
10/28/2025 01:00:00,EDT,N.Y.C.,61761,4173.2694
10/28/2025 02:00:00,EDT,N.Y.C.,61761,4053.347
10/28/2025 03:00:00,EDT,N.Y.C.,61761,3990.9112
10/28/2025 04:00:00,EDT,N.Y.C.,61761,4021.998
10/28/2025 05:00:00,EDT,N.Y.C.,61761,4257.3093
10/28/2025 06:00:00,EDT,N.Y.C.,61761,4734.4613
10/28/2025 07:00:00,EDT,N.Y.C.,61761,5188.5859
10/28/2025 08:00:00,EDT,N.Y.C.,61761,5447.5381
10/28/2025 09:00:00,EDT,N.Y.C.,61761,5533.762
10/28/2025 10:00:00,EDT,N.Y.C.,61761,5529.117
10/28/2025 11:00:00,EDT,N.Y.C.,61761,5633.7348
10/28/2025 12:00:00,EDT,N.Y.C.,61761,5730.3691
10/28/2025 13:00:00,EDT,N.Y.C.,61761,5730.7952
10/28/2025 14:00:00,EDT,N.Y.C.,61761,5719.4198
10/28/2025 15:00:00,EDT,N.Y.C.,61761,5664.5156
10/28/2025 16:00:00,EDT,N.Y.C.,61761,5705.5097
10/28/2025 17:00:00,EDT,N.Y.C.,61761,5790.5488
10/28/2025 18:00:00,EDT,N.Y.C.,61761,5774.9877
10/28/2025 19:00:00,EDT,N.Y.C.,61761,5656.3559
10/28/2025 20:00:00,EDT,N.Y.C.,61761,5488.9565
10/28/2025 21:00:00,EDT,N.Y.C.,61761,5291.6864
10/28/2025 22:00:00,EDT,N.Y.C.,61761,4988.2196
10/28/2025 23:00:00,EDT,N.Y.C.,61761,4655.4229
10/29/2025 00:00:00,EDT,N.Y.C.,61761,4375.9276
10/29/2025 01:00:00,EDT,N.Y.C.,61761,4184.6945
10/29/2025 02:00:00,EDT,N.Y.C.,61761,4057.2183
10/29/2025 03:00:00,EDT,N.Y.C.,61761,4002.1423
10/29/2025 04:00:00,EDT,N.Y.C.,61761,4029.9667
10/29/2025 05:00:00,EDT,N.Y.C.,61761,4242.449
10/29/2025 06:00:00,EDT,N.Y.C.,61761,4734.3637
10/29/2025 07:00:00,EDT,N.Y.C.,61761,5188.0126
10/29/2025 08:00:00,EDT,N.Y.C.,61761,5445.8829
10/29/2025 09:00:00,EDT,N.Y.C.,61761,5570.9051
10/29/2025 10:00:00,EDT,N.Y.C.,61761,5573.2869
10/29/2025 11:00:00,EDT,N.Y.C.,61761,5608.633
10/29/2025 12:00:00,EDT,N.Y.C.,61761,5658.9758
10/29/2025 13:00:00,EDT,N.Y.C.,61761,5650.0758
10/29/2025 14:00:00,EDT,N.Y.C.,61761,5634.8223
10/29/2025 15:00:00,EDT,N.Y.C.,61761,5639.253
10/29/2025 16:00:00,EDT,N.Y.C.,61761,5698.0154
10/29/2025 17:00:00,EDT,N.Y.C.,61761,5761.1385
10/29/2025 18:00:00,EDT,N.Y.C.,61761,5718.1043
10/29/2025 19:00:00,EDT,N.Y.C.,61761,5601.6109
10/29/2025 20:00:00,EDT,N.Y.C.,61761,5444.397
10/29/2025 21:00:00,EDT,N.Y.C.,61761,5246.9435
10/29/2025 22:00:00,EDT,N.Y.C.,61761,4952.0453
10/29/2025 23:00:00,EDT,N.Y.C.,61761,4631.8608
10/30/2025 00:00:00,EDT,N.Y.C.,61761,4360.6734
10/30/2025 01:00:00,EDT,N.Y.C.,61761,4174.3959
10/30/2025 02:00:00,EDT,N.Y.C.,61761,4054.2222
10/30/2025 03:00:00,EDT,N.Y.C.,61761,3995.3917
10/30/2025 04:00:00,EDT,N.Y.C.,61761,4020.6994
10/30/2025 05:00:00,EDT,N.Y.C.,61761,4224.2068
10/30/2025 06:00:00,EDT,N.Y.C.,61761,4708.6622
10/30/2025 07:00:00,EDT,N.Y.C.,61761,5180.6738
10/30/2025 08:00:00,EDT,N.Y.C.,61761,5494.0699
10/30/2025 09:00:00,EDT,N.Y.C.,61761,5669.1406
10/30/2025 10:00:00,EDT,N.Y.C.,61761,5734.9771
10/30/2025 11:00:00,EDT,N.Y.C.,61761,5801.6394
10/30/2025 12:00:00,EDT,N.Y.C.,61761,5846.0831
10/30/2025 13:00:00,EDT,N.Y.C.,61761,5880.0246
10/30/2025 14:00:00,EDT,N.Y.C.,61761,5884.9757
10/30/2025 15:00:00,EDT,N.Y.C.,61761,5920.2286
10/30/2025 16:00:00,EDT,N.Y.C.,61761,5934.7138
10/30/2025 17:00:00,EDT,N.Y.C.,61761,5913.5014
10/30/2025 18:00:00,EDT,N.Y.C.,61761,5858.9731
10/30/2025 19:00:00,EDT,N.Y.C.,61761,5729.6052
10/30/2025 20:00:00,EDT,N.Y.C.,61761,5544.054
10/30/2025 21:00:00,EDT,N.Y.C.,61761,5340.5143
10/30/2025 22:00:00,EDT,N.Y.C.,61761,5051.2489
10/30/2025 23:00:00,EDT,N.Y.C.,61761,4716.3956
10/31/2025 00:00:00,EDT,N.Y.C.,61761,4429.8351
10/31/2025 01:00:00,EDT,N.Y.C.,61761,4221.8121
10/31/2025 02:00:00,EDT,N.Y.C.,61761,4075.6665
10/31/2025 03:00:00,EDT,N.Y.C.,61761,4004.8651
10/31/2025 04:00:00,EDT,N.Y.C.,61761,4019.9207
10/31/2025 05:00:00,EDT,N.Y.C.,61761,4217.7291
10/31/2025 06:00:00,EDT,N.Y.C.,61761,4670.8776
10/31/2025 07:00:00,EDT,N.Y.C.,61761,5108.6115
10/31/2025 08:00:00,EDT,N.Y.C.,61761,5368.4667
10/31/2025 09:00:00,EDT,N.Y.C.,61761,5533.3115
10/31/2025 10:00:00,EDT,N.Y.C.,61761,5618.4783
10/31/2025 11:00:00,EDT,N.Y.C.,61761,5541.9713
10/31/2025 12:00:00,EDT,N.Y.C.,61761,5495.39
10/31/2025 13:00:00,EDT,N.Y.C.,61761,5496.6046
10/31/2025 14:00:00,EDT,N.Y.C.,61761,5428.0603
10/31/2025 15:00:00,EDT,N.Y.C.,61761,5483.3921
10/31/2025 16:00:00,EDT,N.Y.C.,61761,5489.5909
10/31/2025 17:00:00,EDT,N.Y.C.,61761,5554.4244
10/31/2025 18:00:00,EDT,N.Y.C.,61761,5500.4168
10/31/2025 19:00:00,EDT,N.Y.C.,61761,5390.6291
10/31/2025 20:00:00,EDT,N.Y.C.,61761,5236.742
10/31/2025 21:00:00,EDT,N.Y.C.,61761,5070.5374
10/31/2025 22:00:00,EDT,N.Y.C.,61761,4851.9702
10/31/2025 23:00:00,EDT,N.Y.C.,61761,4606.1059
11/01/2025 00:00:00,EDT,N.Y.C.,61761,4379.4718
11/01/2025 01:00:00,EDT,N.Y.C.,61761,4215.8062
11/01/2025 02:00:00,EDT,N.Y.C.,61761,4107.02
11/01/2025 03:00:00,EDT,N.Y.C.,61761,4041.8127
11/01/2025 04:00:00,EDT,N.Y.C.,61761,4021.7308
11/01/2025 05:00:00,EDT,N.Y.C.,61761,4079.5117
11/01/2025 06:00:00,EDT,N.Y.C.,61761,4237.3872
11/01/2025 07:00:00,EDT,N.Y.C.,61761,4416.8218
11/01/2025 08:00:00,EDT,N.Y.C.,61761,4584.5335
11/01/2025 09:00:00,EDT,N.Y.C.,61761,4720.0994
11/01/2025 10:00:00,EDT,N.Y.C.,61761,4821.0752
11/01/2025 11:00:00,EDT,N.Y.C.,61761,4821.0443
11/01/2025 12:00:00,EDT,N.Y.C.,61761,4844.3589
11/01/2025 13:00:00,EDT,N.Y.C.,61761,4846.1684
11/01/2025 14:00:00,EDT,N.Y.C.,61761,4890.0812
11/01/2025 15:00:00,EDT,N.Y.C.,61761,4869.8577
11/01/2025 16:00:00,EDT,N.Y.C.,61761,4904.9354
11/01/2025 17:00:00,EDT,N.Y.C.,61761,5006.8915
11/01/2025 18:00:00,EDT,N.Y.C.,61761,5126.2329
11/01/2025 19:00:00,EDT,N.Y.C.,61761,5103.6698
11/01/2025 20:00:00,EDT,N.Y.C.,61761,5021.1544
11/01/2025 21:00:00,EDT,N.Y.C.,61761,4908.289
11/01/2025 22:00:00,EDT,N.Y.C.,61761,4743.4632
11/01/2025 23:00:00,EDT,N.Y.C.,61761,4550.9332
11/02/2025 00:00:00,EDT,N.Y.C.,61761,4353.5113
11/02/2025 01:00:00,EDT,N.Y.C.,61761,4178.7691
11/02/2025 01:00:00,EST,N.Y.C.,61761,4045.3607
11/02/2025 02:00:00,EST,N.Y.C.,61761,3960.8786
11/02/2025 03:00:00,EST,N.Y.C.,61761,3914.4096
11/02/2025 04:00:00,EST,N.Y.C.,61761,3916.5619
11/02/2025 05:00:00,EST,N.Y.C.,61761,3990.5002
11/02/2025 06:00:00,EST,N.Y.C.,61761,4116.1249
11/02/2025 07:00:00,EST,N.Y.C.,61761,4264.165
11/02/2025 08:00:00,EST,N.Y.C.,61761,4404.6067
11/02/2025 09:00:00,EST,N.Y.C.,61761,4516.6419
11/02/2025 10:00:00,EST,N.Y.C.,61761,4599.5729
11/02/2025 11:00:00,EST,N.Y.C.,61761,4652.9965
11/02/2025 12:00:00,EST,N.Y.C.,61761,4683.9156
11/02/2025 13:00:00,EST,N.Y.C.,61761,4728.1925
11/02/2025 14:00:00,EST,N.Y.C.,61761,4782.0527
11/02/2025 15:00:00,EST,N.Y.C.,61761,4868.7043
11/02/2025 16:00:00,EST,N.Y.C.,61761,4988.051
11/02/2025 17:00:00,EST,N.Y.C.,61761,5173.7745
11/02/2025 18:00:00,EST,N.Y.C.,61761,5195.2996
11/02/2025 19:00:00,EST,N.Y.C.,61761,5130.5014
11/02/2025 20:00:00,EST,N.Y.C.,61761,5033.9161
11/02/2025 21:00:00,EST,N.Y.C.,61761,4884.1076
11/02/2025 22:00:00,EST,N.Y.C.,61761,4660.7893
11/02/2025 23:00:00,EST,N.Y.C.,61761,4400.1322
11/03/2025 00:00:00,EST,N.Y.C.,61761,4210.8245
11/03/2025 01:00:00,EST,N.Y.C.,61761,4069.7542
11/03/2025 02:00:00,EST,N.Y.C.,61761,3967.0357
11/03/2025 03:00:00,EST,N.Y.C.,61761,3921.9784
11/03/2025 04:00:00,EST,N.Y.C.,61761,3970.4865
11/03/2025 05:00:00,EST,N.Y.C.,61761,4214.1545
11/03/2025 06:00:00,EST,N.Y.C.,61761,4684.388
11/03/2025 07:00:00,EST,N.Y.C.,61761,5097.1035
11/03/2025 08:00:00,EST,N.Y.C.,61761,5329.0331
11/03/2025 09:00:00,EST,N.Y.C.,61761,5442.8404
11/03/2025 10:00:00,EST,N.Y.C.,61761,5509.9901
11/03/2025 11:00:00,EST,N.Y.C.,61761,5580.9581
11/03/2025 12:00:00,EST,N.Y.C.,61761,5592.8784
11/03/2025 13:00:00,EST,N.Y.C.,61761,5640.5043
11/03/2025 14:00:00,EST,N.Y.C.,61761,5624.0516
11/03/2025 15:00:00,EST,N.Y.C.,61761,5587.4227
11/03/2025 16:00:00,EST,N.Y.C.,61761,5696.2852
11/03/2025 17:00:00,EST,N.Y.C.,61761,5812.6976
11/03/2025 18:00:00,EST,N.Y.C.,61761,5678.7121
11/03/2025 19:00:00,EST,N.Y.C.,61761,5532.3291
11/03/2025 20:00:00,EST,N.Y.C.,61761,5360.0475
11/03/2025 21:00:00,EST,N.Y.C.,61761,5140.9207
11/03/2025 22:00:00,EST,N.Y.C.,61761,4841.7332
11/03/2025 23:00:00,EST,N.Y.C.,61761,4532.2743
11/04/2025 00:00:00,EST,N.Y.C.,61761,4280.4277
11/04/2025 01:00:00,EST,N.Y.C.,61761,4108.7044
11/04/2025 02:00:00,EST,N.Y.C.,61761,4005.8415
11/04/2025 03:00:00,EST,N.Y.C.,61761,3958.0336
11/04/2025 04:00:00,EST,N.Y.C.,61761,3990.5083
11/04/2025 05:00:00,EST,N.Y.C.,61761,4195.049
11/04/2025 06:00:00,EST,N.Y.C.,61761,4633.823
11/04/2025 07:00:00,EST,N.Y.C.,61761,5009.4075
11/04/2025 08:00:00,EST,N.Y.C.,61761,5249.9396
11/04/2025 09:00:00,EST,N.Y.C.,61761,5351.9335
11/04/2025 10:00:00,EST,N.Y.C.,61761,5360.802
11/04/2025 11:00:00,EST,N.Y.C.,61761,5383.9726
11/04/2025 12:00:00,EST,N.Y.C.,61761,5413.4756
11/04/2025 13:00:00,EST,N.Y.C.,61761,5445.5337
11/04/2025 14:00:00,EST,N.Y.C.,61761,5496.1889
11/04/2025 15:00:00,EST,N.Y.C.,61761,5563.1947
11/04/2025 16:00:00,EST,N.Y.C.,61761,5670.7332
11/04/2025 17:00:00,EST,N.Y.C.,61761,5762.481
11/04/2025 18:00:00,EST,N.Y.C.,61761,5667.8743
11/04/2025 19:00:00,EST,N.Y.C.,61761,5523.9694
11/04/2025 20:00:00,EST,N.Y.C.,61761,5345.498
11/04/2025 21:00:00,EST,N.Y.C.,61761,5145.4795
11/04/2025 22:00:00,EST,N.Y.C.,61761,4857.5041
11/04/2025 23:00:00,EST,N.Y.C.,61761,4547.1845
11/05/2025 00:00:00,EST,N.Y.C.,61761,4298.521
11/05/2025 01:00:00,EST,N.Y.C.,61761,4111.1796
11/05/2025 02:00:00,EST,N.Y.C.,61761,4002.0408
11/05/2025 03:00:00,EST,N.Y.C.,61761,3951.8122
11/05/2025 04:00:00,EST,N.Y.C.,61761,3994.6714
11/05/2025 05:00:00,EST,N.Y.C.,61761,4230.2152
11/05/2025 06:00:00,EST,N.Y.C.,61761,4685.8241
11/05/2025 07:00:00,EST,N.Y.C.,61761,5115.8788
11/05/2025 08:00:00,EST,N.Y.C.,61761,5368.483
11/05/2025 09:00:00,EST,N.Y.C.,61761,5451.2112
11/05/2025 10:00:00,EST,N.Y.C.,61761,5461.3892
11/05/2025 11:00:00,EST,N.Y.C.,61761,5446.7811
11/05/2025 12:00:00,EST,N.Y.C.,61761,5444.26
11/05/2025 13:00:00,EST,N.Y.C.,61761,5444.2228
11/05/2025 14:00:00,EST,N.Y.C.,61761,5522.7104
11/05/2025 15:00:00,EST,N.Y.C.,61761,5622.5151
11/05/2025 16:00:00,EST,N.Y.C.,61761,5757.1754
11/05/2025 17:00:00,EST,N.Y.C.,61761,5848.3344
11/05/2025 18:00:00,EST,N.Y.C.,61761,5694.8499
11/05/2025 19:00:00,EST,N.Y.C.,61761,5507.6933
11/05/2025 20:00:00,EST,N.Y.C.,61761,5349.6546
11/05/2025 21:00:00,EST,N.Y.C.,61761,5137.7966
11/05/2025 22:00:00,EST,N.Y.C.,61761,4851.2244
11/05/2025 23:00:00,EST,N.Y.C.,61761,4527.7974
11/06/2025 00:00:00,EST,N.Y.C.,61761,4271.6828
11/06/2025 01:00:00,EST,N.Y.C.,61761,4090.8796
11/06/2025 02:00:00,EST,N.Y.C.,61761,3983.3864
11/06/2025 03:00:00,EST,N.Y.C.,61761,3932.9893
11/06/2025 04:00:00,EST,N.Y.C.,61761,3979.2763
11/06/2025 05:00:00,EST,N.Y.C.,61761,4217.1833
11/06/2025 06:00:00,EST,N.Y.C.,61761,4689.855
11/06/2025 07:00:00,EST,N.Y.C.,61761,5095.7175
11/06/2025 08:00:00,EST,N.Y.C.,61761,5333.8292
11/06/2025 09:00:00,EST,N.Y.C.,61761,5450.2727
11/06/2025 10:00:00,EST,N.Y.C.,61761,5487.7977
11/06/2025 11:00:00,EST,N.Y.C.,61761,5548.8573
11/06/2025 12:00:00,EST,N.Y.C.,61761,5543.7297
11/06/2025 13:00:00,EST,N.Y.C.,61761,5556.0225
11/06/2025 14:00:00,EST,N.Y.C.,61761,5567.0785
11/06/2025 15:00:00,EST,N.Y.C.,61761,5627.1418
11/06/2025 16:00:00,EST,N.Y.C.,61761,5776.3481
11/06/2025 17:00:00,EST,N.Y.C.,61761,5886.0004
11/06/2025 18:00:00,EST,N.Y.C.,61761,5755.2457
11/06/2025 19:00:00,EST,N.Y.C.,61761,5616.3559
11/06/2025 20:00:00,EST,N.Y.C.,61761,5448.4421
11/06/2025 21:00:00,EST,N.Y.C.,61761,5238.6227
11/06/2025 22:00:00,EST,N.Y.C.,61761,4961.0574
11/06/2025 23:00:00,EST,N.Y.C.,61761,4644.5724
11/07/2025 00:00:00,EST,N.Y.C.,61761,4399.2325
11/07/2025 01:00:00,EST,N.Y.C.,61761,4231.1132
11/07/2025 02:00:00,EST,N.Y.C.,61761,4115.7786
11/07/2025 03:00:00,EST,N.Y.C.,61761,4055.9319
11/07/2025 04:00:00,EST,N.Y.C.,61761,4089.4619
11/07/2025 05:00:00,EST,N.Y.C.,61761,4311.1902
11/07/2025 06:00:00,EST,N.Y.C.,61761,4787.8827
11/07/2025 07:00:00,EST,N.Y.C.,61761,5145.5088
11/07/2025 08:00:00,EST,N.Y.C.,61761,5364.3492
11/07/2025 09:00:00,EST,N.Y.C.,61761,5509.8125
11/07/2025 10:00:00,EST,N.Y.C.,61761,5528.7532
11/07/2025 11:00:00,EST,N.Y.C.,61761,5541.2166
11/07/2025 12:00:00,EST,N.Y.C.,61761,5464.6909
11/07/2025 13:00:00,EST,N.Y.C.,61761,5468.996
11/07/2025 14:00:00,EST,N.Y.C.,61761,5536.9026
11/07/2025 15:00:00,EST,N.Y.C.,61761,5592.9196
11/07/2025 16:00:00,EST,N.Y.C.,61761,5698.7112
11/07/2025 17:00:00,EST,N.Y.C.,61761,5788.7456
11/07/2025 18:00:00,EST,N.Y.C.,61761,5627.6708
11/07/2025 19:00:00,EST,N.Y.C.,61761,5462.4426
11/07/2025 20:00:00,EST,N.Y.C.,61761,5279.5575
11/07/2025 21:00:00,EST,N.Y.C.,61761,5094.4947
11/07/2025 22:00:00,EST,N.Y.C.,61761,4852.7462
11/07/2025 23:00:00,EST,N.Y.C.,61761,4599.4062
11/08/2025 00:00:00,EST,N.Y.C.,61761,4369.9948
11/08/2025 01:00:00,EST,N.Y.C.,61761,4180.2952
11/08/2025 02:00:00,EST,N.Y.C.,61761,4053.5036
11/08/2025 03:00:00,EST,N.Y.C.,61761,3973.7108
11/08/2025 04:00:00,EST,N.Y.C.,61761,3957.502
11/08/2025 05:00:00,EST,N.Y.C.,61761,4022.3832
11/08/2025 06:00:00,EST,N.Y.C.,61761,4180.2276
11/08/2025 07:00:00,EST,N.Y.C.,61761,4374.6635
11/08/2025 08:00:00,EST,N.Y.C.,61761,4520.0132
11/08/2025 09:00:00,EST,N.Y.C.,61761,4641.4457
11/08/2025 10:00:00,EST,N.Y.C.,61761,4753.892
11/08/2025 11:00:00,EST,N.Y.C.,61761,4829.9655
11/08/2025 12:00:00,EST,N.Y.C.,61761,4865.7876
11/08/2025 13:00:00,EST,N.Y.C.,61761,4875.6465
11/08/2025 14:00:00,EST,N.Y.C.,61761,4914.557
11/08/2025 15:00:00,EST,N.Y.C.,61761,4958.1236
11/08/2025 16:00:00,EST,N.Y.C.,61761,5035.983
11/08/2025 17:00:00,EST,N.Y.C.,61761,5150.4397
11/08/2025 18:00:00,EST,N.Y.C.,61761,5131.6026
11/08/2025 19:00:00,EST,N.Y.C.,61761,5060.5376
11/08/2025 20:00:00,EST,N.Y.C.,61761,4962.2344
11/08/2025 21:00:00,EST,N.Y.C.,61761,4824.4112
11/08/2025 22:00:00,EST,N.Y.C.,61761,4659.4466
11/08/2025 23:00:00,EST,N.Y.C.,61761,4464.1708
11/09/2025 00:00:00,EST,N.Y.C.,61761,4276.0932
11/09/2025 01:00:00,EST,N.Y.C.,61761,4121.8528
11/09/2025 02:00:00,EST,N.Y.C.,61761,4000.2824
11/09/2025 03:00:00,EST,N.Y.C.,61761,3917.1553
11/09/2025 04:00:00,EST,N.Y.C.,61761,3890.9499
11/09/2025 05:00:00,EST,N.Y.C.,61761,3935.1175
11/09/2025 06:00:00,EST,N.Y.C.,61761,4039.5344
11/09/2025 07:00:00,EST,N.Y.C.,61761,4158.526
11/09/2025 08:00:00,EST,N.Y.C.,61761,4360.2272
11/09/2025 09:00:00,EST,N.Y.C.,61761,4568.8592
11/09/2025 10:00:00,EST,N.Y.C.,61761,4742.7824
11/09/2025 11:00:00,EST,N.Y.C.,61761,4891.8535
11/09/2025 12:00:00,EST,N.Y.C.,61761,4965.2293
11/09/2025 13:00:00,EST,N.Y.C.,61761,4995.4699
11/09/2025 14:00:00,EST,N.Y.C.,61761,5078.956
11/09/2025 15:00:00,EST,N.Y.C.,61761,5132.1314
11/09/2025 16:00:00,EST,N.Y.C.,61761,5223.5712
11/09/2025 17:00:00,EST,N.Y.C.,61761,5320.9913
11/09/2025 18:00:00,EST,N.Y.C.,61761,5273.4338
11/09/2025 19:00:00,EST,N.Y.C.,61761,5203.6379
11/09/2025 20:00:00,EST,N.Y.C.,61761,5084.6166
11/09/2025 21:00:00,EST,N.Y.C.,61761,4935.6547
11/09/2025 22:00:00,EST,N.Y.C.,61761,4714.2994
11/09/2025 23:00:00,EST,N.Y.C.,61761,4442.4463
11/10/2025 00:00:00,EST,N.Y.C.,61761,4235.7984
11/10/2025 01:00:00,EST,N.Y.C.,61761,4066.9668
11/10/2025 02:00:00,EST,N.Y.C.,61761,3956.1605
11/10/2025 03:00:00,EST,N.Y.C.,61761,3895.8637
11/10/2025 04:00:00,EST,N.Y.C.,61761,3927.0422
11/10/2025 05:00:00,EST,N.Y.C.,61761,4177.0873
11/10/2025 06:00:00,EST,N.Y.C.,61761,4646.8591
11/10/2025 07:00:00,EST,N.Y.C.,61761,5065.4166
11/10/2025 08:00:00,EST,N.Y.C.,61761,5365.3874
11/10/2025 09:00:00,EST,N.Y.C.,61761,5530.846
11/10/2025 10:00:00,EST,N.Y.C.,61761,5584.4596
11/10/2025 11:00:00,EST,N.Y.C.,61761,5667.2221
11/10/2025 12:00:00,EST,N.Y.C.,61761,5726.5601
11/10/2025 13:00:00,EST,N.Y.C.,61761,5716.9573
11/10/2025 14:00:00,EST,N.Y.C.,61761,5711.9374
11/10/2025 15:00:00,EST,N.Y.C.,61761,5729.6781
11/10/2025 16:00:00,EST,N.Y.C.,61761,5842.9603
11/10/2025 17:00:00,EST,N.Y.C.,61761,5943.1368
11/10/2025 18:00:00,EST,N.Y.C.,61761,5843.2558
11/10/2025 19:00:00,EST,N.Y.C.,61761,5738.8113
11/10/2025 20:00:00,EST,N.Y.C.,61761,5578.6279
11/10/2025 21:00:00,EST,N.Y.C.,61761,5389.4327
11/10/2025 22:00:00,EST,N.Y.C.,61761,5126.9745
11/10/2025 23:00:00,EST,N.Y.C.,61761,4825.9446
11/11/2025 00:00:00,EST,N.Y.C.,61761,4579.2161
11/11/2025 01:00:00,EST,N.Y.C.,61761,4408.203
11/11/2025 02:00:00,EST,N.Y.C.,61761,4291.6867
11/11/2025 03:00:00,EST,N.Y.C.,61761,4229.734
11/11/2025 04:00:00,EST,N.Y.C.,61761,4261.4547
11/11/2025 05:00:00,EST,N.Y.C.,61761,4485.0091
11/11/2025 06:00:00,EST,N.Y.C.,61761,4876.4356
11/11/2025 07:00:00,EST,N.Y.C.,61761,5240.7503
11/11/2025 08:00:00,EST,N.Y.C.,61761,5527.8338
11/11/2025 09:00:00,EST,N.Y.C.,61761,5698.5137
11/11/2025 10:00:00,EST,N.Y.C.,61761,5814.7342
11/11/2025 11:00:00,EST,N.Y.C.,61761,5936.8096
11/11/2025 12:00:00,EST,N.Y.C.,61761,5932.8827
11/11/2025 13:00:00,EST,N.Y.C.,61761,6002.7835
11/11/2025 14:00:00,EST,N.Y.C.,61761,6003.1335
11/11/2025 15:00:00,EST,N.Y.C.,61761,6052.9317
11/11/2025 16:00:00,EST,N.Y.C.,61761,6200.4102
11/11/2025 17:00:00,EST,N.Y.C.,61761,6273.3123
11/11/2025 18:00:00,EST,N.Y.C.,61761,6152.415
11/11/2025 19:00:00,EST,N.Y.C.,61761,6004.3048
11/11/2025 20:00:00,EST,N.Y.C.,61761,5804.9253
11/11/2025 21:00:00,EST,N.Y.C.,61761,5589.3757
11/11/2025 22:00:00,EST,N.Y.C.,61761,5272.5903
11/11/2025 23:00:00,EST,N.Y.C.,61761,4946.6667
11/12/2025 00:00:00,EST,N.Y.C.,61761,4683.2246
11/12/2025 01:00:00,EST,N.Y.C.,61761,4504.0986
11/12/2025 02:00:00,EST,N.Y.C.,61761,4385.8054
11/12/2025 03:00:00,EST,N.Y.C.,61761,4323.5378
11/12/2025 04:00:00,EST,N.Y.C.,61761,4356.4558
11/12/2025 05:00:00,EST,N.Y.C.,61761,4581.8228
11/12/2025 06:00:00,EST,N.Y.C.,61761,5059.7245
11/12/2025 07:00:00,EST,N.Y.C.,61761,5495.3354
11/12/2025 08:00:00,EST,N.Y.C.,61761,5765.242
11/12/2025 09:00:00,EST,N.Y.C.,61761,5932.0452
11/12/2025 10:00:00,EST,N.Y.C.,61761,6027.1563
11/12/2025 11:00:00,EST,N.Y.C.,61761,6005.9723
11/12/2025 12:00:00,EST,N.Y.C.,61761,5960.2071
11/12/2025 13:00:00,EST,N.Y.C.,61761,5922.0662
11/12/2025 14:00:00,EST,N.Y.C.,61761,5944.929
11/12/2025 15:00:00,EST,N.Y.C.,61761,6018.11
11/12/2025 16:00:00,EST,N.Y.C.,61761,6084.2095
11/12/2025 17:00:00,EST,N.Y.C.,61761,6165.3973
11/12/2025 18:00:00,EST,N.Y.C.,61761,6032.3559
11/12/2025 19:00:00,EST,N.Y.C.,61761,5882.3465
11/12/2025 20:00:00,EST,N.Y.C.,61761,5700.0789
11/12/2025 21:00:00,EST,N.Y.C.,61761,5477.0956
11/12/2025 22:00:00,EST,N.Y.C.,61761,5155.4934
11/12/2025 23:00:00,EST,N.Y.C.,61761,4823.2122
11/13/2025 00:00:00,EST,N.Y.C.,61761,4557.8962
11/13/2025 01:00:00,EST,N.Y.C.,61761,4374.5033
11/13/2025 02:00:00,EST,N.Y.C.,61761,4255.3376
11/13/2025 03:00:00,EST,N.Y.C.,61761,4188.2805
11/13/2025 04:00:00,EST,N.Y.C.,61761,4221.9337
11/13/2025 05:00:00,EST,N.Y.C.,61761,4445.0992
11/13/2025 06:00:00,EST,N.Y.C.,61761,4912.1281
11/13/2025 07:00:00,EST,N.Y.C.,61761,5346.1588
11/13/2025 08:00:00,EST,N.Y.C.,61761,5571.6823
11/13/2025 09:00:00,EST,N.Y.C.,61761,5694.2934
11/13/2025 10:00:00,EST,N.Y.C.,61761,5773.6543
11/13/2025 11:00:00,EST,N.Y.C.,61761,5868.5721
11/13/2025 12:00:00,EST,N.Y.C.,61761,5884.9523
11/13/2025 13:00:00,EST,N.Y.C.,61761,5806.4333
11/13/2025 14:00:00,EST,N.Y.C.,61761,5829.7916
11/13/2025 15:00:00,EST,N.Y.C.,61761,5884.0089
11/13/2025 16:00:00,EST,N.Y.C.,61761,5994.12
11/13/2025 17:00:00,EST,N.Y.C.,61761,6088.7893
11/13/2025 18:00:00,EST,N.Y.C.,61761,5971.3367
11/13/2025 19:00:00,EST,N.Y.C.,61761,5835.2662
11/13/2025 20:00:00,EST,N.Y.C.,61761,5666.7116
11/13/2025 21:00:00,EST,N.Y.C.,61761,5450.0022
11/13/2025 22:00:00,EST,N.Y.C.,61761,5162.4339
11/13/2025 23:00:00,EST,N.Y.C.,61761,4844.6887
11/14/2025 00:00:00,EST,N.Y.C.,61761,4588.4603
11/14/2025 01:00:00,EST,N.Y.C.,61761,4414.5597
11/14/2025 02:00:00,EST,N.Y.C.,61761,4307.277
11/14/2025 03:00:00,EST,N.Y.C.,61761,4241.8156
11/14/2025 04:00:00,EST,N.Y.C.,61761,4259.4569
11/14/2025 05:00:00,EST,N.Y.C.,61761,4502.0854
11/14/2025 06:00:00,EST,N.Y.C.,61761,4951.7235
11/14/2025 07:00:00,EST,N.Y.C.,61761,5328.1479
11/14/2025 08:00:00,EST,N.Y.C.,61761,5519.2964
11/14/2025 09:00:00,EST,N.Y.C.,61761,5606.1032
11/14/2025 10:00:00,EST,N.Y.C.,61761,5620.7701
11/14/2025 11:00:00,EST,N.Y.C.,61761,5684.8311
11/14/2025 12:00:00,EST,N.Y.C.,61761,5770.7675
11/14/2025 13:00:00,EST,N.Y.C.,61761,5779.9028
11/14/2025 14:00:00,EST,N.Y.C.,61761,5757.5252
11/14/2025 15:00:00,EST,N.Y.C.,61761,5802.7167
11/14/2025 16:00:00,EST,N.Y.C.,61761,5927.9047
11/14/2025 17:00:00,EST,N.Y.C.,61761,5966.1558
11/14/2025 18:00:00,EST,N.Y.C.,61761,5810.2816
11/14/2025 19:00:00,EST,N.Y.C.,61761,5656.2862
11/14/2025 20:00:00,EST,N.Y.C.,61761,5500.0804
11/14/2025 21:00:00,EST,N.Y.C.,61761,5301.1218
11/14/2025 22:00:00,EST,N.Y.C.,61761,5078.2526
11/14/2025 23:00:00,EST,N.Y.C.,61761,4808.2732
11/15/2025 00:00:00,EST,N.Y.C.,61761,4577.807
11/15/2025 01:00:00,EST,N.Y.C.,61761,4408.1163
11/15/2025 02:00:00,EST,N.Y.C.,61761,4284.7195
11/15/2025 03:00:00,EST,N.Y.C.,61761,4207.9625
11/15/2025 04:00:00,EST,N.Y.C.,61761,4195.5096
11/15/2025 05:00:00,EST,N.Y.C.,61761,4274.4549
11/15/2025 06:00:00,EST,N.Y.C.,61761,4431.1077
11/15/2025 07:00:00,EST,N.Y.C.,61761,4590.2838
11/15/2025 08:00:00,EST,N.Y.C.,61761,4810.7417
11/15/2025 09:00:00,EST,N.Y.C.,61761,4913.8129
11/15/2025 10:00:00,EST,N.Y.C.,61761,4962.9426
11/15/2025 11:00:00,EST,N.Y.C.,61761,5018.1832
11/15/2025 12:00:00,EST,N.Y.C.,61761,5078.5337
11/15/2025 13:00:00,EST,N.Y.C.,61761,5064.8505
11/15/2025 14:00:00,EST,N.Y.C.,61761,5091.1044
11/15/2025 15:00:00,EST,N.Y.C.,61761,5194.4088
11/15/2025 16:00:00,EST,N.Y.C.,61761,5326.6236
11/15/2025 17:00:00,EST,N.Y.C.,61761,5411.5212
11/15/2025 18:00:00,EST,N.Y.C.,61761,5377.5857
11/15/2025 19:00:00,EST,N.Y.C.,61761,5309.9058
11/15/2025 20:00:00,EST,N.Y.C.,61761,5210.0389
11/15/2025 21:00:00,EST,N.Y.C.,61761,5077.7206
11/15/2025 22:00:00,EST,N.Y.C.,61761,4880.8717
11/15/2025 23:00:00,EST,N.Y.C.,61761,4671.1483
11/16/2025 00:00:00,EST,N.Y.C.,61761,4470.7956
11/16/2025 01:00:00,EST,N.Y.C.,61761,4290.4674
11/16/2025 02:00:00,EST,N.Y.C.,61761,4155.483
11/16/2025 03:00:00,EST,N.Y.C.,61761,4063.177
11/16/2025 04:00:00,EST,N.Y.C.,61761,4032.9115
11/16/2025 05:00:00,EST,N.Y.C.,61761,4085.0147
11/16/2025 06:00:00,EST,N.Y.C.,61761,4198.4762
11/16/2025 07:00:00,EST,N.Y.C.,61761,4330.4296
11/16/2025 08:00:00,EST,N.Y.C.,61761,4464.2699
11/16/2025 09:00:00,EST,N.Y.C.,61761,4580.5404
11/16/2025 10:00:00,EST,N.Y.C.,61761,4715.625
11/16/2025 11:00:00,EST,N.Y.C.,61761,4799.2089
11/16/2025 12:00:00,EST,N.Y.C.,61761,4876.3478
11/16/2025 13:00:00,EST,N.Y.C.,61761,4948.2357
11/16/2025 14:00:00,EST,N.Y.C.,61761,4998.7906
11/16/2025 15:00:00,EST,N.Y.C.,61761,5103.667
11/16/2025 16:00:00,EST,N.Y.C.,61761,5273.7268
11/16/2025 17:00:00,EST,N.Y.C.,61761,5458.5124
11/16/2025 18:00:00,EST,N.Y.C.,61761,5494.2723
11/16/2025 19:00:00,EST,N.Y.C.,61761,5440.195
11/16/2025 20:00:00,EST,N.Y.C.,61761,5349.0861
11/16/2025 21:00:00,EST,N.Y.C.,61761,5203.5818
11/16/2025 22:00:00,EST,N.Y.C.,61761,4979.2637
11/16/2025 23:00:00,EST,N.Y.C.,61761,4726.2816
11/17/2025 00:00:00,EST,N.Y.C.,61761,4519.7196
11/17/2025 01:00:00,EST,N.Y.C.,61761,4372.076
11/17/2025 02:00:00,EST,N.Y.C.,61761,4282.4112
11/17/2025 03:00:00,EST,N.Y.C.,61761,4247.3057
11/17/2025 04:00:00,EST,N.Y.C.,61761,4307.9158
11/17/2025 05:00:00,EST,N.Y.C.,61761,4555.2026
11/17/2025 06:00:00,EST,N.Y.C.,61761,5027.2306
11/17/2025 07:00:00,EST,N.Y.C.,61761,5445.3956
11/17/2025 08:00:00,EST,N.Y.C.,61761,5659.6963
11/17/2025 09:00:00,EST,N.Y.C.,61761,5811.8795
11/17/2025 10:00:00,EST,N.Y.C.,61761,5867.3784
11/17/2025 11:00:00,EST,N.Y.C.,61761,5893.4246
11/17/2025 12:00:00,EST,N.Y.C.,61761,5895.4094
11/17/2025 13:00:00,EST,N.Y.C.,61761,5889.1588
11/17/2025 14:00:00,EST,N.Y.C.,61761,5902.9049
11/17/2025 15:00:00,EST,N.Y.C.,61761,5994.7205
11/17/2025 16:00:00,EST,N.Y.C.,61761,6162.649
11/17/2025 17:00:00,EST,N.Y.C.,61761,6262.4394
11/17/2025 18:00:00,EST,N.Y.C.,61761,6140.5695
11/17/2025 19:00:00,EST,N.Y.C.,61761,6015.3653
11/17/2025 20:00:00,EST,N.Y.C.,61761,5839.7442
11/17/2025 21:00:00,EST,N.Y.C.,61761,5631.4476
11/17/2025 22:00:00,EST,N.Y.C.,61761,5309.2662
11/17/2025 23:00:00,EST,N.Y.C.,61761,4956.3468
11/18/2025 00:00:00,EST,N.Y.C.,61761,4687.8417
11/18/2025 01:00:00,EST,N.Y.C.,61761,4504.7868
11/18/2025 02:00:00,EST,N.Y.C.,61761,4386.7777
11/18/2025 03:00:00,EST,N.Y.C.,61761,4327.3171
11/18/2025 04:00:00,EST,N.Y.C.,61761,4384.5862
11/18/2025 05:00:00,EST,N.Y.C.,61761,4624.2931
11/18/2025 06:00:00,EST,N.Y.C.,61761,5115.3421
11/18/2025 07:00:00,EST,N.Y.C.,61761,5541.8327
11/18/2025 08:00:00,EST,N.Y.C.,61761,5738.2793
11/18/2025 09:00:00,EST,N.Y.C.,61761,5796.739
11/18/2025 10:00:00,EST,N.Y.C.,61761,5809.4883
11/18/2025 11:00:00,EST,N.Y.C.,61761,5821.1216
11/18/2025 12:00:00,EST,N.Y.C.,61761,5824.016
11/18/2025 13:00:00,EST,N.Y.C.,61761,5904.9927
11/18/2025 14:00:00,EST,N.Y.C.,61761,5965.9817
11/18/2025 15:00:00,EST,N.Y.C.,61761,6042.9774
11/18/2025 16:00:00,EST,N.Y.C.,61761,6183.1359
11/18/2025 17:00:00,EST,N.Y.C.,61761,6232.2079
11/18/2025 18:00:00,EST,N.Y.C.,61761,6075.5179
11/18/2025 19:00:00,EST,N.Y.C.,61761,5927.0657
11/18/2025 20:00:00,EST,N.Y.C.,61761,5747.655
11/18/2025 21:00:00,EST,N.Y.C.,61761,5531.92
11/18/2025 22:00:00,EST,N.Y.C.,61761,5220.1046
11/18/2025 23:00:00,EST,N.Y.C.,61761,4874.7251
11/19/2025 00:00:00,EST,N.Y.C.,61761,4604.6995
11/19/2025 01:00:00,EST,N.Y.C.,61761,4409.8078
11/19/2025 02:00:00,EST,N.Y.C.,61761,4289.9227
11/19/2025 03:00:00,EST,N.Y.C.,61761,4224.6294
11/19/2025 04:00:00,EST,N.Y.C.,61761,4281.5077
11/19/2025 05:00:00,EST,N.Y.C.,61761,4514.0108
11/19/2025 06:00:00,EST,N.Y.C.,61761,5001.7826
11/19/2025 07:00:00,EST,N.Y.C.,61761,5476.372
11/19/2025 08:00:00,EST,N.Y.C.,61761,5788.3999
11/19/2025 09:00:00,EST,N.Y.C.,61761,5952.4662
11/19/2025 10:00:00,EST,N.Y.C.,61761,5977.8464
11/19/2025 11:00:00,EST,N.Y.C.,61761,5937.0031
11/19/2025 12:00:00,EST,N.Y.C.,61761,5872.5021
11/19/2025 13:00:00,EST,N.Y.C.,61761,5885.4201
11/19/2025 14:00:00,EST,N.Y.C.,61761,5901.3474
11/19/2025 15:00:00,EST,N.Y.C.,61761,5973.0416
11/19/2025 16:00:00,EST,N.Y.C.,61761,6094.5601
11/19/2025 17:00:00,EST,N.Y.C.,61761,6178.0823
11/19/2025 18:00:00,EST,N.Y.C.,61761,6049.6651
11/19/2025 19:00:00,EST,N.Y.C.,61761,5906.8078
11/19/2025 20:00:00,EST,N.Y.C.,61761,5740.2383
11/19/2025 21:00:00,EST,N.Y.C.,61761,5542.6232
11/19/2025 22:00:00,EST,N.Y.C.,61761,5253.5591
11/19/2025 23:00:00,EST,N.Y.C.,61761,4914.9247
11/20/2025 00:00:00,EST,N.Y.C.,61761,4656.8523
11/20/2025 01:00:00,EST,N.Y.C.,61761,4472.3665
11/20/2025 02:00:00,EST,N.Y.C.,61761,4350.777
11/20/2025 03:00:00,EST,N.Y.C.,61761,4297.4406
11/20/2025 04:00:00,EST,N.Y.C.,61761,4344.3398
11/20/2025 05:00:00,EST,N.Y.C.,61761,4580.291
11/20/2025 06:00:00,EST,N.Y.C.,61761,5062.6526
11/20/2025 07:00:00,EST,N.Y.C.,61761,5504.8196
11/20/2025 08:00:00,EST,N.Y.C.,61761,5750.3242
11/20/2025 09:00:00,EST,N.Y.C.,61761,5878.539
11/20/2025 10:00:00,EST,N.Y.C.,61761,5900.888
11/20/2025 11:00:00,EST,N.Y.C.,61761,5840.9165
11/20/2025 12:00:00,EST,N.Y.C.,61761,5881.9369
11/20/2025 13:00:00,EST,N.Y.C.,61761,5834.1954
11/20/2025 14:00:00,EST,N.Y.C.,61761,5874.3118
11/20/2025 15:00:00,EST,N.Y.C.,61761,5923.7382
11/20/2025 16:00:00,EST,N.Y.C.,61761,6095.5636
11/20/2025 17:00:00,EST,N.Y.C.,61761,6187.0285
11/20/2025 18:00:00,EST,N.Y.C.,61761,6057.9261
11/20/2025 19:00:00,EST,N.Y.C.,61761,5922.2734
11/20/2025 20:00:00,EST,N.Y.C.,61761,5747.5354
11/20/2025 21:00:00,EST,N.Y.C.,61761,5544.4124
11/20/2025 22:00:00,EST,N.Y.C.,61761,5255.1173
11/20/2025 23:00:00,EST,N.Y.C.,61761,4929.2346
11/21/2025 00:00:00,EST,N.Y.C.,61761,4663.3811
11/21/2025 01:00:00,EST,N.Y.C.,61761,4462.9624
11/21/2025 02:00:00,EST,N.Y.C.,61761,4331.5434
11/21/2025 03:00:00,EST,N.Y.C.,61761,4263.9273
11/21/2025 04:00:00,EST,N.Y.C.,61761,4282.7767
11/21/2025 05:00:00,EST,N.Y.C.,61761,4495.9815
11/21/2025 06:00:00,EST,N.Y.C.,61761,4944.4999
11/21/2025 07:00:00,EST,N.Y.C.,61761,5375.9763
11/21/2025 08:00:00,EST,N.Y.C.,61761,5657.2937
11/21/2025 09:00:00,EST,N.Y.C.,61761,5823.3783
11/21/2025 10:00:00,EST,N.Y.C.,61761,5887.1471
11/21/2025 11:00:00,EST,N.Y.C.,61761,5932.9482
11/21/2025 12:00:00,EST,N.Y.C.,61761,5875.1374
11/21/2025 13:00:00,EST,N.Y.C.,61761,5779.8361
11/21/2025 14:00:00,EST,N.Y.C.,61761,5791.4316
11/21/2025 15:00:00,EST,N.Y.C.,61761,5871.1242
11/21/2025 16:00:00,EST,N.Y.C.,61761,5975.1616
11/21/2025 17:00:00,EST,N.Y.C.,61761,6003.0601
11/21/2025 18:00:00,EST,N.Y.C.,61761,5843.9944
11/21/2025 19:00:00,EST,N.Y.C.,61761,5677.8593
11/21/2025 20:00:00,EST,N.Y.C.,61761,5510.331
11/21/2025 21:00:00,EST,N.Y.C.,61761,5323.8432
11/21/2025 22:00:00,EST,N.Y.C.,61761,5074.6695
11/21/2025 23:00:00,EST,N.Y.C.,61761,4802.6271
11/22/2025 00:00:00,EST,N.Y.C.,61761,4583.2599
11/22/2025 01:00:00,EST,N.Y.C.,61761,4400.1172
11/22/2025 02:00:00,EST,N.Y.C.,61761,4267.2471
11/22/2025 03:00:00,EST,N.Y.C.,61761,4191.3425
11/22/2025 04:00:00,EST,N.Y.C.,61761,4171.5644
11/22/2025 05:00:00,EST,N.Y.C.,61761,4246.559
11/22/2025 06:00:00,EST,N.Y.C.,61761,4417.4325
11/22/2025 07:00:00,EST,N.Y.C.,61761,4602.8649
11/22/2025 08:00:00,EST,N.Y.C.,61761,4837.8393
11/22/2025 09:00:00,EST,N.Y.C.,61761,5053.0016
11/22/2025 10:00:00,EST,N.Y.C.,61761,5203.3847
11/22/2025 11:00:00,EST,N.Y.C.,61761,5250.8572
11/22/2025 12:00:00,EST,N.Y.C.,61761,5205.7834
11/22/2025 13:00:00,EST,N.Y.C.,61761,5223.0089
11/22/2025 14:00:00,EST,N.Y.C.,61761,5209.7075
11/22/2025 15:00:00,EST,N.Y.C.,61761,5217.8697
11/22/2025 16:00:00,EST,N.Y.C.,61761,5328.883
11/22/2025 17:00:00,EST,N.Y.C.,61761,5446.5821
11/22/2025 18:00:00,EST,N.Y.C.,61761,5435.073
11/22/2025 19:00:00,EST,N.Y.C.,61761,5371.0831
11/22/2025 20:00:00,EST,N.Y.C.,61761,5284.0757
11/22/2025 21:00:00,EST,N.Y.C.,61761,5174.6498
11/22/2025 22:00:00,EST,N.Y.C.,61761,5017.6796
11/22/2025 23:00:00,EST,N.Y.C.,61761,4818.8749
11/23/2025 00:00:00,EST,N.Y.C.,61761,4620.3344
11/23/2025 01:00:00,EST,N.Y.C.,61761,4452.1034
11/23/2025 02:00:00,EST,N.Y.C.,61761,4328.6419
11/23/2025 03:00:00,EST,N.Y.C.,61761,4258.384
11/23/2025 04:00:00,EST,N.Y.C.,61761,4239.5929
11/23/2025 05:00:00,EST,N.Y.C.,61761,4293.3467
11/23/2025 06:00:00,EST,N.Y.C.,61761,4421.4818
11/23/2025 07:00:00,EST,N.Y.C.,61761,4540.5484
11/23/2025 08:00:00,EST,N.Y.C.,61761,4703.6413
11/23/2025 09:00:00,EST,N.Y.C.,61761,4834.6384
11/23/2025 10:00:00,EST,N.Y.C.,61761,4960.8975
11/23/2025 11:00:00,EST,N.Y.C.,61761,5101.9935
11/23/2025 12:00:00,EST,N.Y.C.,61761,5158.6778
11/23/2025 13:00:00,EST,N.Y.C.,61761,5213.2269
11/23/2025 14:00:00,EST,N.Y.C.,61761,5223.8446
11/23/2025 15:00:00,EST,N.Y.C.,61761,5273.7557
11/23/2025 16:00:00,EST,N.Y.C.,61761,5389.2511
11/23/2025 17:00:00,EST,N.Y.C.,61761,5527.831
11/23/2025 18:00:00,EST,N.Y.C.,61761,5523.6294
11/23/2025 19:00:00,EST,N.Y.C.,61761,5451.5349
11/23/2025 20:00:00,EST,N.Y.C.,61761,5370.4917
11/23/2025 21:00:00,EST,N.Y.C.,61761,5229.7501
11/23/2025 22:00:00,EST,N.Y.C.,61761,5002.4014
11/23/2025 23:00:00,EST,N.Y.C.,61761,4731.6871
11/24/2025 00:00:00,EST,N.Y.C.,61761,4517.917
11/24/2025 01:00:00,EST,N.Y.C.,61761,4357.6138
11/24/2025 02:00:00,EST,N.Y.C.,61761,4250.135
11/24/2025 03:00:00,EST,N.Y.C.,61761,4197.8934
11/24/2025 04:00:00,EST,N.Y.C.,61761,4246.2462
11/24/2025 05:00:00,EST,N.Y.C.,61761,4483.3645
11/24/2025 06:00:00,EST,N.Y.C.,61761,4944.0417
11/24/2025 07:00:00,EST,N.Y.C.,61761,5340.4348
11/24/2025 08:00:00,EST,N.Y.C.,61761,5560.1869
11/24/2025 09:00:00,EST,N.Y.C.,61761,5651.3468
11/24/2025 10:00:00,EST,N.Y.C.,61761,5655.0517
11/24/2025 11:00:00,EST,N.Y.C.,61761,5656.5453
11/24/2025 12:00:00,EST,N.Y.C.,61761,5678.0715
11/24/2025 13:00:00,EST,N.Y.C.,61761,5690.6779
11/24/2025 14:00:00,EST,N.Y.C.,61761,5723.6893
11/24/2025 15:00:00,EST,N.Y.C.,61761,5811.6329
11/24/2025 16:00:00,EST,N.Y.C.,61761,5954.8458
11/24/2025 17:00:00,EST,N.Y.C.,61761,6051.9371
11/24/2025 18:00:00,EST,N.Y.C.,61761,5916.5004
11/24/2025 19:00:00,EST,N.Y.C.,61761,5789.6054
11/24/2025 20:00:00,EST,N.Y.C.,61761,5631.4444
11/24/2025 21:00:00,EST,N.Y.C.,61761,5414.5523
11/24/2025 22:00:00,EST,N.Y.C.,61761,5133.0644
11/24/2025 23:00:00,EST,N.Y.C.,61761,4809.0496
11/25/2025 00:00:00,EST,N.Y.C.,61761,4547.7733
11/25/2025 01:00:00,EST,N.Y.C.,61761,4350.0397
11/25/2025 02:00:00,EST,N.Y.C.,61761,4233.2855
11/25/2025 03:00:00,EST,N.Y.C.,61761,4198.2675
11/25/2025 04:00:00,EST,N.Y.C.,61761,4235.5937
11/25/2025 05:00:00,EST,N.Y.C.,61761,4456.5487
11/25/2025 06:00:00,EST,N.Y.C.,61761,4914.3531
11/25/2025 07:00:00,EST,N.Y.C.,61761,5338.1085
11/25/2025 08:00:00,EST,N.Y.C.,61761,5539.6782
11/25/2025 09:00:00,EST,N.Y.C.,61761,5651.9731
11/25/2025 10:00:00,EST,N.Y.C.,61761,5705.1986
11/25/2025 11:00:00,EST,N.Y.C.,61761,5752.4584
11/25/2025 12:00:00,EST,N.Y.C.,61761,5777.6259
11/25/2025 13:00:00,EST,N.Y.C.,61761,5814.3115
11/25/2025 14:00:00,EST,N.Y.C.,61761,5826.4748
11/25/2025 15:00:00,EST,N.Y.C.,61761,5859.6589
11/25/2025 16:00:00,EST,N.Y.C.,61761,5980.1728
11/25/2025 17:00:00,EST,N.Y.C.,61761,6005.6872
11/25/2025 18:00:00,EST,N.Y.C.,61761,5861.8802
11/25/2025 19:00:00,EST,N.Y.C.,61761,5720.7867
11/25/2025 20:00:00,EST,N.Y.C.,61761,5549.7911
11/25/2025 21:00:00,EST,N.Y.C.,61761,5353.9338
11/25/2025 22:00:00,EST,N.Y.C.,61761,5083.1596
11/25/2025 23:00:00,EST,N.Y.C.,61761,4773.4072
11/26/2025 00:00:00,EST,N.Y.C.,61761,4516.3741
11/26/2025 01:00:00,EST,N.Y.C.,61761,4308.8494
11/26/2025 02:00:00,EST,N.Y.C.,61761,4174.5451
11/26/2025 03:00:00,EST,N.Y.C.,61761,4097.3555
11/26/2025 04:00:00,EST,N.Y.C.,61761,4114.9492
11/26/2025 05:00:00,EST,N.Y.C.,61761,4314.6087
11/26/2025 06:00:00,EST,N.Y.C.,61761,4742.5365
11/26/2025 07:00:00,EST,N.Y.C.,61761,5157.461
11/26/2025 08:00:00,EST,N.Y.C.,61761,5433.3018
11/26/2025 09:00:00,EST,N.Y.C.,61761,5580.6666
11/26/2025 10:00:00,EST,N.Y.C.,61761,5625.741
11/26/2025 11:00:00,EST,N.Y.C.,61761,5681.8909
11/26/2025 12:00:00,EST,N.Y.C.,61761,5708.6639
11/26/2025 13:00:00,EST,N.Y.C.,61761,5669.9254
11/26/2025 14:00:00,EST,N.Y.C.,61761,5639.6464
11/26/2025 15:00:00,EST,N.Y.C.,61761,5646.3782
11/26/2025 16:00:00,EST,N.Y.C.,61761,5751.4826
11/26/2025 17:00:00,EST,N.Y.C.,61761,5802.2946
11/26/2025 18:00:00,EST,N.Y.C.,61761,5661.7848
11/26/2025 19:00:00,EST,N.Y.C.,61761,5509.671
11/26/2025 20:00:00,EST,N.Y.C.,61761,5353.8418
11/26/2025 21:00:00,EST,N.Y.C.,61761,5170.1569
11/26/2025 22:00:00,EST,N.Y.C.,61761,4929.5449
11/26/2025 23:00:00,EST,N.Y.C.,61761,4668.3159
11/27/2025 00:00:00,EST,N.Y.C.,61761,4464.6793
11/27/2025 01:00:00,EST,N.Y.C.,61761,4303.2903
11/27/2025 02:00:00,EST,N.Y.C.,61761,4183.1039
11/27/2025 03:00:00,EST,N.Y.C.,61761,4122.6815
11/27/2025 04:00:00,EST,N.Y.C.,61761,4120.5388
11/27/2025 05:00:00,EST,N.Y.C.,61761,4215.5526
11/27/2025 06:00:00,EST,N.Y.C.,61761,4389.8133
11/27/2025 07:00:00,EST,N.Y.C.,61761,4554.2163
11/27/2025 08:00:00,EST,N.Y.C.,61761,4674.1498
11/27/2025 09:00:00,EST,N.Y.C.,61761,4780.6106
11/27/2025 10:00:00,EST,N.Y.C.,61761,4890.4019
11/27/2025 11:00:00,EST,N.Y.C.,61761,4962.7843
11/27/2025 12:00:00,EST,N.Y.C.,61761,5041.9369
11/27/2025 13:00:00,EST,N.Y.C.,61761,5068.0283
11/27/2025 14:00:00,EST,N.Y.C.,61761,5089.6219
11/27/2025 15:00:00,EST,N.Y.C.,61761,5121.4537
11/27/2025 16:00:00,EST,N.Y.C.,61761,5207.9994
11/27/2025 17:00:00,EST,N.Y.C.,61761,5246.79
11/27/2025 18:00:00,EST,N.Y.C.,61761,5138.6363
11/27/2025 19:00:00,EST,N.Y.C.,61761,5033.143
11/27/2025 20:00:00,EST,N.Y.C.,61761,4966.3964
11/27/2025 21:00:00,EST,N.Y.C.,61761,4910.008
11/27/2025 22:00:00,EST,N.Y.C.,61761,4810.5789
11/27/2025 23:00:00,EST,N.Y.C.,61761,4680.6829
11/28/2025 00:00:00,EST,N.Y.C.,61761,4556.572
11/28/2025 01:00:00,EST,N.Y.C.,61761,4443.8847
11/28/2025 02:00:00,EST,N.Y.C.,61761,4354.2778
11/28/2025 03:00:00,EST,N.Y.C.,61761,4306.229
11/28/2025 04:00:00,EST,N.Y.C.,61761,4330.4678
11/28/2025 05:00:00,EST,N.Y.C.,61761,4500.1784
11/28/2025 06:00:00,EST,N.Y.C.,61761,4797.0773
11/28/2025 07:00:00,EST,N.Y.C.,61761,5053.8822
11/28/2025 08:00:00,EST,N.Y.C.,61761,5241.7888
11/28/2025 09:00:00,EST,N.Y.C.,61761,5320.996
11/28/2025 10:00:00,EST,N.Y.C.,61761,5377.7668
11/28/2025 11:00:00,EST,N.Y.C.,61761,5419.7091
11/28/2025 12:00:00,EST,N.Y.C.,61761,5461.6371
11/28/2025 13:00:00,EST,N.Y.C.,61761,5491.1433
11/28/2025 14:00:00,EST,N.Y.C.,61761,5531.3859
11/28/2025 15:00:00,EST,N.Y.C.,61761,5624.4002
11/28/2025 16:00:00,EST,N.Y.C.,61761,5813.0946
11/28/2025 17:00:00,EST,N.Y.C.,61761,5933.1389
11/28/2025 18:00:00,EST,N.Y.C.,61761,5848.3314
11/28/2025 19:00:00,EST,N.Y.C.,61761,5750.9748
11/28/2025 20:00:00,EST,N.Y.C.,61761,5642.2004
11/28/2025 21:00:00,EST,N.Y.C.,61761,5491.8898
11/28/2025 22:00:00,EST,N.Y.C.,61761,5290.324
11/28/2025 23:00:00,EST,N.Y.C.,61761,5054.7407
11/29/2025 00:00:00,EST,N.Y.C.,61761,4852.2786
11/29/2025 01:00:00,EST,N.Y.C.,61761,4680.238
11/29/2025 02:00:00,EST,N.Y.C.,61761,4547.9183
11/29/2025 03:00:00,EST,N.Y.C.,61761,4474.7649
11/29/2025 04:00:00,EST,N.Y.C.,61761,4461.9847
11/29/2025 05:00:00,EST,N.Y.C.,61761,4535.1701
11/29/2025 06:00:00,EST,N.Y.C.,61761,4695.6716
11/29/2025 07:00:00,EST,N.Y.C.,61761,4851.6972
11/29/2025 08:00:00,EST,N.Y.C.,61761,4979.6133
11/29/2025 09:00:00,EST,N.Y.C.,61761,5072.4408
11/29/2025 10:00:00,EST,N.Y.C.,61761,5151.6789
11/29/2025 11:00:00,EST,N.Y.C.,61761,5198.9811
11/29/2025 12:00:00,EST,N.Y.C.,61761,5211.0954
11/29/2025 13:00:00,EST,N.Y.C.,61761,5217.5842
11/29/2025 14:00:00,EST,N.Y.C.,61761,5249.6922
11/29/2025 15:00:00,EST,N.Y.C.,61761,5327.1114
11/29/2025 16:00:00,EST,N.Y.C.,61761,5472.0139
11/29/2025 17:00:00,EST,N.Y.C.,61761,5609.0761
11/29/2025 18:00:00,EST,N.Y.C.,61761,5611.9167
11/29/2025 19:00:00,EST,N.Y.C.,61761,5574.4067
11/29/2025 20:00:00,EST,N.Y.C.,61761,5478.6102
11/29/2025 21:00:00,EST,N.Y.C.,61761,5365.2788
11/29/2025 22:00:00,EST,N.Y.C.,61761,5192.5758
11/29/2025 23:00:00,EST,N.Y.C.,61761,4978.5279
11/30/2025 00:00:00,EST,N.Y.C.,61761,4771.5614
11/30/2025 01:00:00,EST,N.Y.C.,61761,4587.4218
11/30/2025 02:00:00,EST,N.Y.C.,61761,4450.6756
11/30/2025 03:00:00,EST,N.Y.C.,61761,4350.4033
11/30/2025 04:00:00,EST,N.Y.C.,61761,4323.7829
11/30/2025 05:00:00,EST,N.Y.C.,61761,4369.7893
11/30/2025 06:00:00,EST,N.Y.C.,61761,4478.396
11/30/2025 07:00:00,EST,N.Y.C.,61761,4600.6298
11/30/2025 08:00:00,EST,N.Y.C.,61761,4781.0901
11/30/2025 09:00:00,EST,N.Y.C.,61761,4992.4998
11/30/2025 10:00:00,EST,N.Y.C.,61761,5195.8477
11/30/2025 11:00:00,EST,N.Y.C.,61761,5354.0025
11/30/2025 12:00:00,EST,N.Y.C.,61761,5473.0596
11/30/2025 13:00:00,EST,N.Y.C.,61761,5537.7524
11/30/2025 14:00:00,EST,N.Y.C.,61761,5588.8588
11/30/2025 15:00:00,EST,N.Y.C.,61761,5622.4094
11/30/2025 16:00:00,EST,N.Y.C.,61761,5706.6604
11/30/2025 17:00:00,EST,N.Y.C.,61761,5761.5991
11/30/2025 18:00:00,EST,N.Y.C.,61761,5737.9752
11/30/2025 19:00:00,EST,N.Y.C.,61761,5647.8529
11/30/2025 20:00:00,EST,N.Y.C.,61761,5544.7464
11/30/2025 21:00:00,EST,N.Y.C.,61761,5392.1304
11/30/2025 22:00:00,EST,N.Y.C.,61761,5152.0281
11/30/2025 23:00:00,EST,N.Y.C.,61761,4882.1282
12/01/2025 00:00:00,EST,N.Y.C.,61761,4670.2129
12/01/2025 01:00:00,EST,N.Y.C.,61761,4526.658
12/01/2025 02:00:00,EST,N.Y.C.,61761,4435.8933
12/01/2025 03:00:00,EST,N.Y.C.,61761,4398.1235
12/01/2025 04:00:00,EST,N.Y.C.,61761,4461.4586
12/01/2025 05:00:00,EST,N.Y.C.,61761,4717.2367
12/01/2025 06:00:00,EST,N.Y.C.,61761,5194.9426
12/01/2025 07:00:00,EST,N.Y.C.,61761,5618.1029
12/01/2025 08:00:00,EST,N.Y.C.,61761,5811.5324
12/01/2025 09:00:00,EST,N.Y.C.,61761,5895.801
12/01/2025 10:00:00,EST,N.Y.C.,61761,5928.4491
12/01/2025 11:00:00,EST,N.Y.C.,61761,5917.6493
12/01/2025 12:00:00,EST,N.Y.C.,61761,5927.798
12/01/2025 13:00:00,EST,N.Y.C.,61761,5936.6621
12/01/2025 14:00:00,EST,N.Y.C.,61761,5998.0233
12/01/2025 15:00:00,EST,N.Y.C.,61761,6085.1676
12/01/2025 16:00:00,EST,N.Y.C.,61761,6269.671
12/01/2025 17:00:00,EST,N.Y.C.,61761,6362.6475
12/01/2025 18:00:00,EST,N.Y.C.,61761,6269.4565
12/01/2025 19:00:00,EST,N.Y.C.,61761,6144.0035
12/01/2025 20:00:00,EST,N.Y.C.,61761,5989.4827
12/01/2025 21:00:00,EST,N.Y.C.,61761,5787.2383
12/01/2025 22:00:00,EST,N.Y.C.,61761,5490.2775
12/01/2025 23:00:00,EST,N.Y.C.,61761,5144.1217
12/02/2025 00:00:00,EST,N.Y.C.,61761,4870.8562
12/02/2025 01:00:00,EST,N.Y.C.,61761,4680.1107
12/02/2025 02:00:00,EST,N.Y.C.,61761,4548.7199
12/02/2025 03:00:00,EST,N.Y.C.,61761,4487.9379
12/02/2025 04:00:00,EST,N.Y.C.,61761,4524.4464
12/02/2025 05:00:00,EST,N.Y.C.,61761,4751.8287
12/02/2025 06:00:00,EST,N.Y.C.,61761,5206.8344
12/02/2025 07:00:00,EST,N.Y.C.,61761,5671.6181
12/02/2025 08:00:00,EST,N.Y.C.,61761,5971.7635
12/02/2025 09:00:00,EST,N.Y.C.,61761,6154.3257
12/02/2025 10:00:00,EST,N.Y.C.,61761,6256.9276
12/02/2025 11:00:00,EST,N.Y.C.,61761,6336.6858
12/02/2025 12:00:00,EST,N.Y.C.,61761,6389.4962
12/02/2025 13:00:00,EST,N.Y.C.,61761,6407.3763
12/02/2025 14:00:00,EST,N.Y.C.,61761,6424.2091
12/02/2025 15:00:00,EST,N.Y.C.,61761,6466.0667
12/02/2025 16:00:00,EST,N.Y.C.,61761,6524.2326
12/02/2025 17:00:00,EST,N.Y.C.,61761,6529.9539
12/02/2025 18:00:00,EST,N.Y.C.,61761,6392.2852
12/02/2025 19:00:00,EST,N.Y.C.,61761,6234.8926
12/02/2025 20:00:00,EST,N.Y.C.,61761,6054.6167
12/02/2025 21:00:00,EST,N.Y.C.,61761,5839.1906
12/02/2025 22:00:00,EST,N.Y.C.,61761,5528.2035
12/02/2025 23:00:00,EST,N.Y.C.,61761,5185.8648
12/03/2025 00:00:00,EST,N.Y.C.,61761,4911.5076
12/03/2025 01:00:00,EST,N.Y.C.,61761,4739.3693
12/03/2025 02:00:00,EST,N.Y.C.,61761,4617.3185
12/03/2025 03:00:00,EST,N.Y.C.,61761,4567.8373
12/03/2025 04:00:00,EST,N.Y.C.,61761,4625.992
12/03/2025 05:00:00,EST,N.Y.C.,61761,4892.5806
12/03/2025 06:00:00,EST,N.Y.C.,61761,5381.9938
12/03/2025 07:00:00,EST,N.Y.C.,61761,5840.9951
12/03/2025 08:00:00,EST,N.Y.C.,61761,6038.7325
12/03/2025 09:00:00,EST,N.Y.C.,61761,6117.6222
12/03/2025 10:00:00,EST,N.Y.C.,61761,6108.7883
12/03/2025 11:00:00,EST,N.Y.C.,61761,6097.7765
12/03/2025 12:00:00,EST,N.Y.C.,61761,6089.1521
12/03/2025 13:00:00,EST,N.Y.C.,61761,6095.0301
12/03/2025 14:00:00,EST,N.Y.C.,61761,6116.8344
12/03/2025 15:00:00,EST,N.Y.C.,61761,6174.1964
12/03/2025 16:00:00,EST,N.Y.C.,61761,6342.223
12/03/2025 17:00:00,EST,N.Y.C.,61761,6457.0582
12/03/2025 18:00:00,EST,N.Y.C.,61761,6363.859
12/03/2025 19:00:00,EST,N.Y.C.,61761,6251.2112
12/03/2025 20:00:00,EST,N.Y.C.,61761,6076.626
12/03/2025 21:00:00,EST,N.Y.C.,61761,5866.2773
12/03/2025 22:00:00,EST,N.Y.C.,61761,5552.6965
12/03/2025 23:00:00,EST,N.Y.C.,61761,5214.8505
12/04/2025 00:00:00,EST,N.Y.C.,61761,4928.7049
12/04/2025 01:00:00,EST,N.Y.C.,61761,4741.4167
12/04/2025 02:00:00,EST,N.Y.C.,61761,4624.21
12/04/2025 03:00:00,EST,N.Y.C.,61761,4572.418
12/04/2025 04:00:00,EST,N.Y.C.,61761,4616.8888
12/04/2025 05:00:00,EST,N.Y.C.,61761,4868.9471
12/04/2025 06:00:00,EST,N.Y.C.,61761,5349.6082
12/04/2025 07:00:00,EST,N.Y.C.,61761,5792.9085
12/04/2025 08:00:00,EST,N.Y.C.,61761,6093.9657
12/04/2025 09:00:00,EST,N.Y.C.,61761,6281.5106
12/04/2025 10:00:00,EST,N.Y.C.,61761,6259.728
12/04/2025 11:00:00,EST,N.Y.C.,61761,6205.2834
12/04/2025 12:00:00,EST,N.Y.C.,61761,6145.024
12/04/2025 13:00:00,EST,N.Y.C.,61761,6151.1277
12/04/2025 14:00:00,EST,N.Y.C.,61761,6169.2746
12/04/2025 15:00:00,EST,N.Y.C.,61761,6286.3133
12/04/2025 16:00:00,EST,N.Y.C.,61761,6487.4041
12/04/2025 17:00:00,EST,N.Y.C.,61761,6616.1211
12/04/2025 18:00:00,EST,N.Y.C.,61761,6554.3445
12/04/2025 19:00:00,EST,N.Y.C.,61761,6485.6608
12/04/2025 20:00:00,EST,N.Y.C.,61761,6391.777
12/04/2025 21:00:00,EST,N.Y.C.,61761,6232.5786
12/04/2025 22:00:00,EST,N.Y.C.,61761,5956.4524
12/04/2025 23:00:00,EST,N.Y.C.,61761,5634.2772
12/05/2025 00:00:00,EST,N.Y.C.,61761,5358.0818
12/05/2025 01:00:00,EST,N.Y.C.,61761,5169.804
12/05/2025 02:00:00,EST,N.Y.C.,61761,5039.0677
12/05/2025 03:00:00,EST,N.Y.C.,61761,4971.4384
12/05/2025 04:00:00,EST,N.Y.C.,61761,5016.3597
12/05/2025 05:00:00,EST,N.Y.C.,61761,5253.8278
12/05/2025 06:00:00,EST,N.Y.C.,61761,5740.8961
12/05/2025 07:00:00,EST,N.Y.C.,61761,6186.7631
12/05/2025 08:00:00,EST,N.Y.C.,61761,6463.8142
12/05/2025 09:00:00,EST,N.Y.C.,61761,6564.2601
12/05/2025 10:00:00,EST,N.Y.C.,61761,6568.1095
12/05/2025 11:00:00,EST,N.Y.C.,61761,6663.6065
12/05/2025 12:00:00,EST,N.Y.C.,61761,6785.1622
12/05/2025 13:00:00,EST,N.Y.C.,61761,6802.3383
12/05/2025 14:00:00,EST,N.Y.C.,61761,6805.8415
12/05/2025 15:00:00,EST,N.Y.C.,61761,6849.0243
12/05/2025 16:00:00,EST,N.Y.C.,61761,6936.0601
12/05/2025 17:00:00,EST,N.Y.C.,61761,6945.1046
12/05/2025 18:00:00,EST,N.Y.C.,61761,6762.5366
12/05/2025 19:00:00,EST,N.Y.C.,61761,6591.3726
12/05/2025 20:00:00,EST,N.Y.C.,61761,6387.731
12/05/2025 21:00:00,EST,N.Y.C.,61761,6157.2922
12/05/2025 22:00:00,EST,N.Y.C.,61761,5879.5125
12/05/2025 23:00:00,EST,N.Y.C.,61761,5547.0232
12/06/2025 00:00:00,EST,N.Y.C.,61761,5282.8231
12/06/2025 01:00:00,EST,N.Y.C.,61761,5067.7422
12/06/2025 02:00:00,EST,N.Y.C.,61761,4906.4597
12/06/2025 03:00:00,EST,N.Y.C.,61761,4828.6566
12/06/2025 04:00:00,EST,N.Y.C.,61761,4797.9369
12/06/2025 05:00:00,EST,N.Y.C.,61761,4859.2592
12/06/2025 06:00:00,EST,N.Y.C.,61761,5042.7916
12/06/2025 07:00:00,EST,N.Y.C.,61761,5229.8112
12/06/2025 08:00:00,EST,N.Y.C.,61761,5418.2509
12/06/2025 09:00:00,EST,N.Y.C.,61761,5626.7417
12/06/2025 10:00:00,EST,N.Y.C.,61761,5669.3178
12/06/2025 11:00:00,EST,N.Y.C.,61761,5721.2511
12/06/2025 12:00:00,EST,N.Y.C.,61761,5730.8982
12/06/2025 13:00:00,EST,N.Y.C.,61761,5699.5272
12/06/2025 14:00:00,EST,N.Y.C.,61761,5667.8594
12/06/2025 15:00:00,EST,N.Y.C.,61761,5692.5
12/06/2025 16:00:00,EST,N.Y.C.,61761,5840.9682
12/06/2025 17:00:00,EST,N.Y.C.,61761,5947.6765
12/06/2025 18:00:00,EST,N.Y.C.,61761,5933.6312
12/06/2025 19:00:00,EST,N.Y.C.,61761,5866.602
12/06/2025 20:00:00,EST,N.Y.C.,61761,5769.2562
12/06/2025 21:00:00,EST,N.Y.C.,61761,5659.3996
12/06/2025 22:00:00,EST,N.Y.C.,61761,5492.0297
12/06/2025 23:00:00,EST,N.Y.C.,61761,5262.8387
12/07/2025 00:00:00,EST,N.Y.C.,61761,5033.3611
12/07/2025 01:00:00,EST,N.Y.C.,61761,4855.0211
12/07/2025 02:00:00,EST,N.Y.C.,61761,4719.6956
12/07/2025 03:00:00,EST,N.Y.C.,61761,4635.7877
12/07/2025 04:00:00,EST,N.Y.C.,61761,4607.4003
12/07/2025 05:00:00,EST,N.Y.C.,61761,4652.5208
12/07/2025 06:00:00,EST,N.Y.C.,61761,4787.8223
12/07/2025 07:00:00,EST,N.Y.C.,61761,4932.0636
12/07/2025 08:00:00,EST,N.Y.C.,61761,5064.9427
12/07/2025 09:00:00,EST,N.Y.C.,61761,5194.2547
12/07/2025 10:00:00,EST,N.Y.C.,61761,5284.7716
12/07/2025 11:00:00,EST,N.Y.C.,61761,5369.0593
12/07/2025 12:00:00,EST,N.Y.C.,61761,5462.0122
12/07/2025 13:00:00,EST,N.Y.C.,61761,5547.2091
12/07/2025 14:00:00,EST,N.Y.C.,61761,5557.5793
12/07/2025 15:00:00,EST,N.Y.C.,61761,5661.5773
12/07/2025 16:00:00,EST,N.Y.C.,61761,5829.5048
12/07/2025 17:00:00,EST,N.Y.C.,61761,5953.9387
12/07/2025 18:00:00,EST,N.Y.C.,61761,5952.9576
12/07/2025 19:00:00,EST,N.Y.C.,61761,5884.9521
12/07/2025 20:00:00,EST,N.Y.C.,61761,5794.6992
12/07/2025 21:00:00,EST,N.Y.C.,61761,5639.5089
12/07/2025 22:00:00,EST,N.Y.C.,61761,5397.6207
12/07/2025 23:00:00,EST,N.Y.C.,61761,5125.3945
12/08/2025 00:00:00,EST,N.Y.C.,61761,4891.2165
12/08/2025 01:00:00,EST,N.Y.C.,61761,4713.0435
12/08/2025 02:00:00,EST,N.Y.C.,61761,4614.3705
12/08/2025 03:00:00,EST,N.Y.C.,61761,4601.1317
12/08/2025 04:00:00,EST,N.Y.C.,61761,4681.9373
12/08/2025 05:00:00,EST,N.Y.C.,61761,4955.3917
12/08/2025 06:00:00,EST,N.Y.C.,61761,5466.6861
12/08/2025 07:00:00,EST,N.Y.C.,61761,5952.6486
12/08/2025 08:00:00,EST,N.Y.C.,61761,6234.3567
12/08/2025 09:00:00,EST,N.Y.C.,61761,6453.4055
12/08/2025 10:00:00,EST,N.Y.C.,61761,6519.142
12/08/2025 11:00:00,EST,N.Y.C.,61761,6593.1434
12/08/2025 12:00:00,EST,N.Y.C.,61761,6675.4925
12/08/2025 13:00:00,EST,N.Y.C.,61761,6704.4686
12/08/2025 14:00:00,EST,N.Y.C.,61761,6745.1516
12/08/2025 15:00:00,EST,N.Y.C.,61761,6842.4794
12/08/2025 16:00:00,EST,N.Y.C.,61761,7038.6242
12/08/2025 17:00:00,EST,N.Y.C.,61761,7140.0307
12/08/2025 18:00:00,EST,N.Y.C.,61761,7051.4176
12/08/2025 19:00:00,EST,N.Y.C.,61761,6935.4637
12/08/2025 20:00:00,EST,N.Y.C.,61761,6770.4896
12/08/2025 21:00:00,EST,N.Y.C.,61761,6539.8511
12/08/2025 22:00:00,EST,N.Y.C.,61761,6193.4436
12/08/2025 23:00:00,EST,N.Y.C.,61761,5827.7826
12/09/2025 00:00:00,EST,N.Y.C.,61761,5540.739
12/09/2025 01:00:00,EST,N.Y.C.,61761,5340.7851
12/09/2025 02:00:00,EST,N.Y.C.,61761,5225.0778
12/09/2025 03:00:00,EST,N.Y.C.,61761,5173.1606
12/09/2025 04:00:00,EST,N.Y.C.,61761,5225.5587
12/09/2025 05:00:00,EST,N.Y.C.,61761,5466.97
12/09/2025 06:00:00,EST,N.Y.C.,61761,5959.731
12/09/2025 07:00:00,EST,N.Y.C.,61761,6421.2903
12/09/2025 08:00:00,EST,N.Y.C.,61761,6641.3842
12/09/2025 09:00:00,EST,N.Y.C.,61761,6724.66
12/09/2025 10:00:00,EST,N.Y.C.,61761,6690.5076
12/09/2025 11:00:00,EST,N.Y.C.,61761,6667.5479
12/09/2025 12:00:00,EST,N.Y.C.,61761,6637.5837
12/09/2025 13:00:00,EST,N.Y.C.,61761,6627.4153
12/09/2025 14:00:00,EST,N.Y.C.,61761,6698.7599
12/09/2025 15:00:00,EST,N.Y.C.,61761,6742.4501
12/09/2025 16:00:00,EST,N.Y.C.,61761,6955.4494
12/09/2025 17:00:00,EST,N.Y.C.,61761,7049.4804
12/09/2025 18:00:00,EST,N.Y.C.,61761,6924.87
12/09/2025 19:00:00,EST,N.Y.C.,61761,6784.0694
12/09/2025 20:00:00,EST,N.Y.C.,61761,6601.1764
12/09/2025 21:00:00,EST,N.Y.C.,61761,6361.6854
12/09/2025 22:00:00,EST,N.Y.C.,61761,5986.8153
12/09/2025 23:00:00,EST,N.Y.C.,61761,5595.7053
12/10/2025 00:00:00,EST,N.Y.C.,61761,5291.0067
12/10/2025 01:00:00,EST,N.Y.C.,61761,5074.4382
12/10/2025 02:00:00,EST,N.Y.C.,61761,4944.3319
12/10/2025 03:00:00,EST,N.Y.C.,61761,4879.2437
12/10/2025 04:00:00,EST,N.Y.C.,61761,4905.413
12/10/2025 05:00:00,EST,N.Y.C.,61761,5129.1273
12/10/2025 06:00:00,EST,N.Y.C.,61761,5602.3664
12/10/2025 07:00:00,EST,N.Y.C.,61761,6065.8515
12/10/2025 08:00:00,EST,N.Y.C.,61761,6279.1099
12/10/2025 09:00:00,EST,N.Y.C.,61761,6330.7784
12/10/2025 10:00:00,EST,N.Y.C.,61761,6329.5656
12/10/2025 11:00:00,EST,N.Y.C.,61761,6378.8786
12/10/2025 12:00:00,EST,N.Y.C.,61761,6344.2192
12/10/2025 13:00:00,EST,N.Y.C.,61761,6371.7591
12/10/2025 14:00:00,EST,N.Y.C.,61761,6385.0124
12/10/2025 15:00:00,EST,N.Y.C.,61761,6444.3858
12/10/2025 16:00:00,EST,N.Y.C.,61761,6549.3087
12/10/2025 17:00:00,EST,N.Y.C.,61761,6593.2746
12/10/2025 18:00:00,EST,N.Y.C.,61761,6477.4415
12/10/2025 19:00:00,EST,N.Y.C.,61761,6345.0304
12/10/2025 20:00:00,EST,N.Y.C.,61761,6159.2857
12/10/2025 21:00:00,EST,N.Y.C.,61761,5925.9094
12/10/2025 22:00:00,EST,N.Y.C.,61761,5604.9768
12/10/2025 23:00:00,EST,N.Y.C.,61761,5252.1462
12/11/2025 00:00:00,EST,N.Y.C.,61761,4980.5356
12/11/2025 01:00:00,EST,N.Y.C.,61761,4790.2612
12/11/2025 02:00:00,EST,N.Y.C.,61761,4672.7034
12/11/2025 03:00:00,EST,N.Y.C.,61761,4622.9189
12/11/2025 04:00:00,EST,N.Y.C.,61761,4684.9783
12/11/2025 05:00:00,EST,N.Y.C.,61761,4958.3673
12/11/2025 06:00:00,EST,N.Y.C.,61761,5474.1768
12/11/2025 07:00:00,EST,N.Y.C.,61761,5984.5304
12/11/2025 08:00:00,EST,N.Y.C.,61761,6235.1307
12/11/2025 09:00:00,EST,N.Y.C.,61761,6368.8034
12/11/2025 10:00:00,EST,N.Y.C.,61761,6390.8557
12/11/2025 11:00:00,EST,N.Y.C.,61761,6435.2651
12/11/2025 12:00:00,EST,N.Y.C.,61761,6404.162
12/11/2025 13:00:00,EST,N.Y.C.,61761,6432.1777
12/11/2025 14:00:00,EST,N.Y.C.,61761,6463.3241
12/11/2025 15:00:00,EST,N.Y.C.,61761,6575.3677
12/11/2025 16:00:00,EST,N.Y.C.,61761,6771.026
12/11/2025 17:00:00,EST,N.Y.C.,61761,6901.7113
12/11/2025 18:00:00,EST,N.Y.C.,61761,6813.0889
12/11/2025 19:00:00,EST,N.Y.C.,61761,6696.589
12/11/2025 20:00:00,EST,N.Y.C.,61761,6531.571
12/11/2025 21:00:00,EST,N.Y.C.,61761,6312.8055
12/11/2025 22:00:00,EST,N.Y.C.,61761,6003.8605
12/11/2025 23:00:00,EST,N.Y.C.,61761,5684.1781
12/12/2025 00:00:00,EST,N.Y.C.,61761,5418.9135
12/12/2025 01:00:00,EST,N.Y.C.,61761,5225.6699
12/12/2025 02:00:00,EST,N.Y.C.,61761,5118.1214
12/12/2025 03:00:00,EST,N.Y.C.,61761,5052.6847
12/12/2025 04:00:00,EST,N.Y.C.,61761,5100.2867
12/12/2025 05:00:00,EST,N.Y.C.,61761,5339.1164
12/12/2025 06:00:00,EST,N.Y.C.,61761,5831.1889
12/12/2025 07:00:00,EST,N.Y.C.,61761,6273.0877
12/12/2025 08:00:00,EST,N.Y.C.,61761,6500.0976
12/12/2025 09:00:00,EST,N.Y.C.,61761,6606.1346
12/12/2025 10:00:00,EST,N.Y.C.,61761,6601.7763
12/12/2025 11:00:00,EST,N.Y.C.,61761,6593.5029
12/12/2025 12:00:00,EST,N.Y.C.,61761,6572.5128
12/12/2025 13:00:00,EST,N.Y.C.,61761,6538.1628
12/12/2025 14:00:00,EST,N.Y.C.,61761,6550.043
12/12/2025 15:00:00,EST,N.Y.C.,61761,6629.5609
12/12/2025 16:00:00,EST,N.Y.C.,61761,6789.0546
12/12/2025 17:00:00,EST,N.Y.C.,61761,6868.9725
12/12/2025 18:00:00,EST,N.Y.C.,61761,6730.9053
12/12/2025 19:00:00,EST,N.Y.C.,61761,6568.9533
12/12/2025 20:00:00,EST,N.Y.C.,61761,6406.4746
12/12/2025 21:00:00,EST,N.Y.C.,61761,6226.8565
12/12/2025 22:00:00,EST,N.Y.C.,61761,5957.3934
12/12/2025 23:00:00,EST,N.Y.C.,61761,5664.0043
12/13/2025 00:00:00,EST,N.Y.C.,61761,5424.4011
12/13/2025 01:00:00,EST,N.Y.C.,61761,5240.7084
12/13/2025 02:00:00,EST,N.Y.C.,61761,5105.3298
12/13/2025 03:00:00,EST,N.Y.C.,61761,5033.2705
12/13/2025 04:00:00,EST,N.Y.C.,61761,5015.472
12/13/2025 05:00:00,EST,N.Y.C.,61761,5077.6514
12/13/2025 06:00:00,EST,N.Y.C.,61761,5241.8114
12/13/2025 07:00:00,EST,N.Y.C.,61761,5428.4047
12/13/2025 08:00:00,EST,N.Y.C.,61761,5668.6605
12/13/2025 09:00:00,EST,N.Y.C.,61761,5864.8053
12/13/2025 10:00:00,EST,N.Y.C.,61761,5966.76
12/13/2025 11:00:00,EST,N.Y.C.,61761,5939.4266
12/13/2025 12:00:00,EST,N.Y.C.,61761,5906.7759
12/13/2025 13:00:00,EST,N.Y.C.,61761,5884.7405
12/13/2025 14:00:00,EST,N.Y.C.,61761,5910.2771
12/13/2025 15:00:00,EST,N.Y.C.,61761,5959.6772
12/13/2025 16:00:00,EST,N.Y.C.,61761,6067.9322
12/13/2025 17:00:00,EST,N.Y.C.,61761,6149.6042
12/13/2025 18:00:00,EST,N.Y.C.,61761,6128.4352
12/13/2025 19:00:00,EST,N.Y.C.,61761,6049.1514
12/13/2025 20:00:00,EST,N.Y.C.,61761,5923.5853
12/13/2025 21:00:00,EST,N.Y.C.,61761,5791.4589
12/13/2025 22:00:00,EST,N.Y.C.,61761,5613.954
12/13/2025 23:00:00,EST,N.Y.C.,61761,5426.5201
12/14/2025 00:00:00,EST,N.Y.C.,61761,5216.2471
12/14/2025 01:00:00,EST,N.Y.C.,61761,5039.1455
12/14/2025 02:00:00,EST,N.Y.C.,61761,4899.4055
12/14/2025 03:00:00,EST,N.Y.C.,61761,4818.3512
12/14/2025 04:00:00,EST,N.Y.C.,61761,4794.7908
12/14/2025 05:00:00,EST,N.Y.C.,61761,4846.9801
12/14/2025 06:00:00,EST,N.Y.C.,61761,4983.551
12/14/2025 07:00:00,EST,N.Y.C.,61761,5184.2802
12/14/2025 08:00:00,EST,N.Y.C.,61761,5435.2744
12/14/2025 09:00:00,EST,N.Y.C.,61761,5737.258
12/14/2025 10:00:00,EST,N.Y.C.,61761,6024.5197
12/14/2025 11:00:00,EST,N.Y.C.,61761,6201.197
12/14/2025 12:00:00,EST,N.Y.C.,61761,6274.5017
12/14/2025 13:00:00,EST,N.Y.C.,61761,6293.9724
12/14/2025 14:00:00,EST,N.Y.C.,61761,6270.9466
12/14/2025 15:00:00,EST,N.Y.C.,61761,6320.9461
12/14/2025 16:00:00,EST,N.Y.C.,61761,6497.8984
12/14/2025 17:00:00,EST,N.Y.C.,61761,6693.6101
12/14/2025 18:00:00,EST,N.Y.C.,61761,6722.1893
12/14/2025 19:00:00,EST,N.Y.C.,61761,6692.5969
12/14/2025 20:00:00,EST,N.Y.C.,61761,6629.267
12/14/2025 21:00:00,EST,N.Y.C.,61761,6489.1355
12/14/2025 22:00:00,EST,N.Y.C.,61761,6247.5239
12/14/2025 23:00:00,EST,N.Y.C.,61761,5957.7232
12/15/2025 00:00:00,EST,N.Y.C.,61761,5705.0548
12/15/2025 01:00:00,EST,N.Y.C.,61761,5536.4897
12/15/2025 02:00:00,EST,N.Y.C.,61761,5402.0526
12/15/2025 03:00:00,EST,N.Y.C.,61761,5340.2974
12/15/2025 04:00:00,EST,N.Y.C.,61761,5392.4636
12/15/2025 05:00:00,EST,N.Y.C.,61761,5629.4544
12/15/2025 06:00:00,EST,N.Y.C.,61761,6083.4796
12/15/2025 07:00:00,EST,N.Y.C.,61761,6535.3245
12/15/2025 08:00:00,EST,N.Y.C.,61761,6836.599
12/15/2025 09:00:00,EST,N.Y.C.,61761,7039.9729
12/15/2025 10:00:00,EST,N.Y.C.,61761,7121.839
12/15/2025 11:00:00,EST,N.Y.C.,61761,7156.3043
12/15/2025 12:00:00,EST,N.Y.C.,61761,7112.5566
12/15/2025 13:00:00,EST,N.Y.C.,61761,7106.369
12/15/2025 14:00:00,EST,N.Y.C.,61761,7125.9867
12/15/2025 15:00:00,EST,N.Y.C.,61761,7178.767
12/15/2025 16:00:00,EST,N.Y.C.,61761,7280.8358
12/15/2025 17:00:00,EST,N.Y.C.,61761,7354.8854
12/15/2025 18:00:00,EST,N.Y.C.,61761,7253.9258
12/15/2025 19:00:00,EST,N.Y.C.,61761,7118.6763
12/15/2025 20:00:00,EST,N.Y.C.,61761,6934.7668
12/15/2025 21:00:00,EST,N.Y.C.,61761,6708.1447
12/15/2025 22:00:00,EST,N.Y.C.,61761,6358.3663
12/15/2025 23:00:00,EST,N.Y.C.,61761,5971.1364
12/16/2025 00:00:00,EST,N.Y.C.,61761,5670.4994
12/16/2025 01:00:00,EST,N.Y.C.,61761,5477.4598
12/16/2025 02:00:00,EST,N.Y.C.,61761,5340.1118
12/16/2025 03:00:00,EST,N.Y.C.,61761,5256.6004
12/16/2025 04:00:00,EST,N.Y.C.,61761,5287.9005
12/16/2025 05:00:00,EST,N.Y.C.,61761,5508.5372
12/16/2025 06:00:00,EST,N.Y.C.,61761,5959.0638
12/16/2025 07:00:00,EST,N.Y.C.,61761,6418.5188
12/16/2025 08:00:00,EST,N.Y.C.,61761,6682.0682
12/16/2025 09:00:00,EST,N.Y.C.,61761,6821.7732
12/16/2025 10:00:00,EST,N.Y.C.,61761,6869.7074
12/16/2025 11:00:00,EST,N.Y.C.,61761,6873.4186
12/16/2025 12:00:00,EST,N.Y.C.,61761,6845.1283
12/16/2025 13:00:00,EST,N.Y.C.,61761,6811.8091
12/16/2025 14:00:00,EST,N.Y.C.,61761,6788.6538
12/16/2025 15:00:00,EST,N.Y.C.,61761,6843.2904
12/16/2025 16:00:00,EST,N.Y.C.,61761,6998.3985
12/16/2025 17:00:00,EST,N.Y.C.,61761,7124.9349
12/16/2025 18:00:00,EST,N.Y.C.,61761,7034.4341
12/16/2025 19:00:00,EST,N.Y.C.,61761,6908.4588
12/16/2025 20:00:00,EST,N.Y.C.,61761,6726.6469
12/16/2025 21:00:00,EST,N.Y.C.,61761,6491.5209
12/16/2025 22:00:00,EST,N.Y.C.,61761,6163.357
12/16/2025 23:00:00,EST,N.Y.C.,61761,5788.3001
12/17/2025 00:00:00,EST,N.Y.C.,61761,5495.5929
12/17/2025 01:00:00,EST,N.Y.C.,61761,5282.8876
12/17/2025 02:00:00,EST,N.Y.C.,61761,5142.354
12/17/2025 03:00:00,EST,N.Y.C.,61761,5065.8284
12/17/2025 04:00:00,EST,N.Y.C.,61761,5091.5163
12/17/2025 05:00:00,EST,N.Y.C.,61761,5318.0128
12/17/2025 06:00:00,EST,N.Y.C.,61761,5788.8411
12/17/2025 07:00:00,EST,N.Y.C.,61761,6221.453
12/17/2025 08:00:00,EST,N.Y.C.,61761,6481.9137
12/17/2025 09:00:00,EST,N.Y.C.,61761,6679.4588
12/17/2025 10:00:00,EST,N.Y.C.,61761,6720.9041
12/17/2025 11:00:00,EST,N.Y.C.,61761,6740.9205
12/17/2025 12:00:00,EST,N.Y.C.,61761,6615.1504
12/17/2025 13:00:00,EST,N.Y.C.,61761,6509.2724
12/17/2025 14:00:00,EST,N.Y.C.,61761,6432.7159
12/17/2025 15:00:00,EST,N.Y.C.,61761,6465.2242
12/17/2025 16:00:00,EST,N.Y.C.,61761,6592.026
12/17/2025 17:00:00,EST,N.Y.C.,61761,6662.3193
12/17/2025 18:00:00,EST,N.Y.C.,61761,6522.5822
12/17/2025 19:00:00,EST,N.Y.C.,61761,6380.5143
12/17/2025 20:00:00,EST,N.Y.C.,61761,6208.1994
12/17/2025 21:00:00,EST,N.Y.C.,61761,5996.5537
12/17/2025 22:00:00,EST,N.Y.C.,61761,5685.5501
12/17/2025 23:00:00,EST,N.Y.C.,61761,5339.4076
12/18/2025 00:00:00,EST,N.Y.C.,61761,5056.8526
12/18/2025 01:00:00,EST,N.Y.C.,61761,4860.192
12/18/2025 02:00:00,EST,N.Y.C.,61761,4739.236
12/18/2025 03:00:00,EST,N.Y.C.,61761,4703.9535
12/18/2025 04:00:00,EST,N.Y.C.,61761,4748.2159
12/18/2025 05:00:00,EST,N.Y.C.,61761,4973.7861
12/18/2025 06:00:00,EST,N.Y.C.,61761,5445.0727
12/18/2025 07:00:00,EST,N.Y.C.,61761,5901.243
12/18/2025 08:00:00,EST,N.Y.C.,61761,6097.8738
12/18/2025 09:00:00,EST,N.Y.C.,61761,6178.0032
12/18/2025 10:00:00,EST,N.Y.C.,61761,6166.8313
12/18/2025 11:00:00,EST,N.Y.C.,61761,6136.2047
12/18/2025 12:00:00,EST,N.Y.C.,61761,6113.9969
12/18/2025 13:00:00,EST,N.Y.C.,61761,6091.0488
12/18/2025 14:00:00,EST,N.Y.C.,61761,6084.0536
12/18/2025 15:00:00,EST,N.Y.C.,61761,6174.7882
12/18/2025 16:00:00,EST,N.Y.C.,61761,6337.4875
12/18/2025 17:00:00,EST,N.Y.C.,61761,6422.1047
12/18/2025 18:00:00,EST,N.Y.C.,61761,6289.628
12/18/2025 19:00:00,EST,N.Y.C.,61761,6138.9122
12/18/2025 20:00:00,EST,N.Y.C.,61761,5966.0575
12/18/2025 21:00:00,EST,N.Y.C.,61761,5731.7358
12/18/2025 22:00:00,EST,N.Y.C.,61761,5440.1226
12/18/2025 23:00:00,EST,N.Y.C.,61761,5107.6789
12/19/2025 00:00:00,EST,N.Y.C.,61761,4825.0953
12/19/2025 01:00:00,EST,N.Y.C.,61761,4613.2767
12/19/2025 02:00:00,EST,N.Y.C.,61761,4477.1189
12/19/2025 03:00:00,EST,N.Y.C.,61761,4407.1691
12/19/2025 04:00:00,EST,N.Y.C.,61761,4415.6185
12/19/2025 05:00:00,EST,N.Y.C.,61761,4612.4615
12/19/2025 06:00:00,EST,N.Y.C.,61761,5049.2655
12/19/2025 07:00:00,EST,N.Y.C.,61761,5489.8268
12/19/2025 08:00:00,EST,N.Y.C.,61761,5799.9172
12/19/2025 09:00:00,EST,N.Y.C.,61761,5985.4247
12/19/2025 10:00:00,EST,N.Y.C.,61761,6048.172
12/19/2025 11:00:00,EST,N.Y.C.,61761,6076.1673
12/19/2025 12:00:00,EST,N.Y.C.,61761,6076.3218
12/19/2025 13:00:00,EST,N.Y.C.,61761,5981.532
12/19/2025 14:00:00,EST,N.Y.C.,61761,6010.6157
12/19/2025 15:00:00,EST,N.Y.C.,61761,6001.5903
12/19/2025 16:00:00,EST,N.Y.C.,61761,6163.6826
12/19/2025 17:00:00,EST,N.Y.C.,61761,6282.48
12/19/2025 18:00:00,EST,N.Y.C.,61761,6224.4613
12/19/2025 19:00:00,EST,N.Y.C.,61761,6163.0216
12/19/2025 20:00:00,EST,N.Y.C.,61761,6065.8221
12/19/2025 21:00:00,EST,N.Y.C.,61761,5926.495
12/19/2025 22:00:00,EST,N.Y.C.,61761,5702.2929
12/19/2025 23:00:00,EST,N.Y.C.,61761,5432.9324
12/20/2025 00:00:00,EST,N.Y.C.,61761,5199.513
12/20/2025 01:00:00,EST,N.Y.C.,61761,5025.0074
12/20/2025 02:00:00,EST,N.Y.C.,61761,4895.759
12/20/2025 03:00:00,EST,N.Y.C.,61761,4819.5379
12/20/2025 04:00:00,EST,N.Y.C.,61761,4793.0092
12/20/2025 05:00:00,EST,N.Y.C.,61761,4863.8365
12/20/2025 06:00:00,EST,N.Y.C.,61761,5042.5919
12/20/2025 07:00:00,EST,N.Y.C.,61761,5256.511
12/20/2025 08:00:00,EST,N.Y.C.,61761,5447.8392
12/20/2025 09:00:00,EST,N.Y.C.,61761,5590.3556
12/20/2025 10:00:00,EST,N.Y.C.,61761,5662.882
12/20/2025 11:00:00,EST,N.Y.C.,61761,5682.1078
12/20/2025 12:00:00,EST,N.Y.C.,61761,5640.348
12/20/2025 13:00:00,EST,N.Y.C.,61761,5627.695
12/20/2025 14:00:00,EST,N.Y.C.,61761,5661.7635
12/20/2025 15:00:00,EST,N.Y.C.,61761,5702.5006
12/20/2025 16:00:00,EST,N.Y.C.,61761,5842.86
12/20/2025 17:00:00,EST,N.Y.C.,61761,5999.8409
12/20/2025 18:00:00,EST,N.Y.C.,61761,5984.6255
12/20/2025 19:00:00,EST,N.Y.C.,61761,5918.7028
12/20/2025 20:00:00,EST,N.Y.C.,61761,5835.7249
12/20/2025 21:00:00,EST,N.Y.C.,61761,5726.2602
12/20/2025 22:00:00,EST,N.Y.C.,61761,5552.4536
12/20/2025 23:00:00,EST,N.Y.C.,61761,5328.0196
12/21/2025 00:00:00,EST,N.Y.C.,61761,5100.5023
12/21/2025 01:00:00,EST,N.Y.C.,61761,4895.9082
12/21/2025 02:00:00,EST,N.Y.C.,61761,4743.2309
12/21/2025 03:00:00,EST,N.Y.C.,61761,4648.2417
12/21/2025 04:00:00,EST,N.Y.C.,61761,4605.568
12/21/2025 05:00:00,EST,N.Y.C.,61761,4664.2182
12/21/2025 06:00:00,EST,N.Y.C.,61761,4786.8174
12/21/2025 07:00:00,EST,N.Y.C.,61761,4932.1577
12/21/2025 08:00:00,EST,N.Y.C.,61761,5087.7331
12/21/2025 09:00:00,EST,N.Y.C.,61761,5130.793
12/21/2025 10:00:00,EST,N.Y.C.,61761,5227.57
12/21/2025 11:00:00,EST,N.Y.C.,61761,5280.6911
12/21/2025 12:00:00,EST,N.Y.C.,61761,5423.7258
12/21/2025 13:00:00,EST,N.Y.C.,61761,5463.3905
12/21/2025 14:00:00,EST,N.Y.C.,61761,5533.7419
12/21/2025 15:00:00,EST,N.Y.C.,61761,5632.2316
12/21/2025 16:00:00,EST,N.Y.C.,61761,5799.8515
12/21/2025 17:00:00,EST,N.Y.C.,61761,6000.9233
12/21/2025 18:00:00,EST,N.Y.C.,61761,6047.9308
12/21/2025 19:00:00,EST,N.Y.C.,61761,6029.792
12/21/2025 20:00:00,EST,N.Y.C.,61761,5983.8549
12/21/2025 21:00:00,EST,N.Y.C.,61761,5893.1935
12/21/2025 22:00:00,EST,N.Y.C.,61761,5703.678
12/21/2025 23:00:00,EST,N.Y.C.,61761,5455.7801
12/22/2025 00:00:00,EST,N.Y.C.,61761,5250.118
12/22/2025 01:00:00,EST,N.Y.C.,61761,5086.1469
12/22/2025 02:00:00,EST,N.Y.C.,61761,4969.6955
12/22/2025 03:00:00,EST,N.Y.C.,61761,4918.0041
12/22/2025 04:00:00,EST,N.Y.C.,61761,4970.2758
12/22/2025 05:00:00,EST,N.Y.C.,61761,5186.251
12/22/2025 06:00:00,EST,N.Y.C.,61761,5598.4007
12/22/2025 07:00:00,EST,N.Y.C.,61761,6031.1202
12/22/2025 08:00:00,EST,N.Y.C.,61761,6245.7945
12/22/2025 09:00:00,EST,N.Y.C.,61761,6344.8466
12/22/2025 10:00:00,EST,N.Y.C.,61761,6353.6148
12/22/2025 11:00:00,EST,N.Y.C.,61761,6330.3646
12/22/2025 12:00:00,EST,N.Y.C.,61761,6289.5263
12/22/2025 13:00:00,EST,N.Y.C.,61761,6300.632
12/22/2025 14:00:00,EST,N.Y.C.,61761,6275.5363
12/22/2025 15:00:00,EST,N.Y.C.,61761,6351.6574
12/22/2025 16:00:00,EST,N.Y.C.,61761,6516.9018
12/22/2025 17:00:00,EST,N.Y.C.,61761,6620.7764
12/22/2025 18:00:00,EST,N.Y.C.,61761,6515.7679
12/22/2025 19:00:00,EST,N.Y.C.,61761,6385.049
12/22/2025 20:00:00,EST,N.Y.C.,61761,6230.3816
12/22/2025 21:00:00,EST,N.Y.C.,61761,6034.5853
12/22/2025 22:00:00,EST,N.Y.C.,61761,5725.4485
12/22/2025 23:00:00,EST,N.Y.C.,61761,5389.1803
12/23/2025 00:00:00,EST,N.Y.C.,61761,5083.7088
12/23/2025 01:00:00,EST,N.Y.C.,61761,4891.6645
12/23/2025 02:00:00,EST,N.Y.C.,61761,4751.9142
12/23/2025 03:00:00,EST,N.Y.C.,61761,4681.2986
12/23/2025 04:00:00,EST,N.Y.C.,61761,4709.6045
12/23/2025 05:00:00,EST,N.Y.C.,61761,4924.137
12/23/2025 06:00:00,EST,N.Y.C.,61761,5368.4751
12/23/2025 07:00:00,EST,N.Y.C.,61761,5804.8007
12/23/2025 08:00:00,EST,N.Y.C.,61761,6100.3207
12/23/2025 09:00:00,EST,N.Y.C.,61761,6316.7669
12/23/2025 10:00:00,EST,N.Y.C.,61761,6421.4637
12/23/2025 11:00:00,EST,N.Y.C.,61761,6453.8162
12/23/2025 12:00:00,EST,N.Y.C.,61761,6415.3976
12/23/2025 13:00:00,EST,N.Y.C.,61761,6376.5171
12/23/2025 14:00:00,EST,N.Y.C.,61761,6330.9242
12/23/2025 15:00:00,EST,N.Y.C.,61761,6335.4916
12/23/2025 16:00:00,EST,N.Y.C.,61761,6431.5535
12/23/2025 17:00:00,EST,N.Y.C.,61761,6476.8416
12/23/2025 18:00:00,EST,N.Y.C.,61761,6328.8717
12/23/2025 19:00:00,EST,N.Y.C.,61761,6177.1003
12/23/2025 20:00:00,EST,N.Y.C.,61761,6025.2795
12/23/2025 21:00:00,EST,N.Y.C.,61761,5839.6299
12/23/2025 22:00:00,EST,N.Y.C.,61761,5572.6824
12/23/2025 23:00:00,EST,N.Y.C.,61761,5274.391
12/24/2025 00:00:00,EST,N.Y.C.,61761,5021.1702
12/24/2025 01:00:00,EST,N.Y.C.,61761,4825.8928
12/24/2025 02:00:00,EST,N.Y.C.,61761,4701.3851
12/24/2025 03:00:00,EST,N.Y.C.,61761,4622.9111
12/24/2025 04:00:00,EST,N.Y.C.,61761,4637.761
12/24/2025 05:00:00,EST,N.Y.C.,61761,4804.2659
12/24/2025 06:00:00,EST,N.Y.C.,61761,5165.0418
12/24/2025 07:00:00,EST,N.Y.C.,61761,5495.154
12/24/2025 08:00:00,EST,N.Y.C.,61761,5715.2779
12/24/2025 09:00:00,EST,N.Y.C.,61761,5810.1635
12/24/2025 10:00:00,EST,N.Y.C.,61761,5814.7509
12/24/2025 11:00:00,EST,N.Y.C.,61761,5815.9461
12/24/2025 12:00:00,EST,N.Y.C.,61761,5792.514
12/24/2025 13:00:00,EST,N.Y.C.,61761,5771.9694
12/24/2025 14:00:00,EST,N.Y.C.,61761,5770.9789
12/24/2025 15:00:00,EST,N.Y.C.,61761,5830.3318
12/24/2025 16:00:00,EST,N.Y.C.,61761,5971.1007
12/24/2025 17:00:00,EST,N.Y.C.,61761,6090.1651
12/24/2025 18:00:00,EST,N.Y.C.,61761,5945.7766
12/24/2025 19:00:00,EST,N.Y.C.,61761,5773.143
12/24/2025 20:00:00,EST,N.Y.C.,61761,5627.8264
12/24/2025 21:00:00,EST,N.Y.C.,61761,5473.0904
12/24/2025 22:00:00,EST,N.Y.C.,61761,5283.5673
12/24/2025 23:00:00,EST,N.Y.C.,61761,5104.2022
12/25/2025 00:00:00,EST,N.Y.C.,61761,4898.9475
12/25/2025 01:00:00,EST,N.Y.C.,61761,4740.8609
12/25/2025 02:00:00,EST,N.Y.C.,61761,4637.0505
12/25/2025 03:00:00,EST,N.Y.C.,61761,4543.9199
12/25/2025 04:00:00,EST,N.Y.C.,61761,4534.336
12/25/2025 05:00:00,EST,N.Y.C.,61761,4585.7385
12/25/2025 06:00:00,EST,N.Y.C.,61761,4725.3677
12/25/2025 07:00:00,EST,N.Y.C.,61761,4855.2941
12/25/2025 08:00:00,EST,N.Y.C.,61761,5019.6085
12/25/2025 09:00:00,EST,N.Y.C.,61761,5188.3681
12/25/2025 10:00:00,EST,N.Y.C.,61761,5268.5635
12/25/2025 11:00:00,EST,N.Y.C.,61761,5250.5568
12/25/2025 12:00:00,EST,N.Y.C.,61761,5234.0522
12/25/2025 13:00:00,EST,N.Y.C.,61761,5226.7454
12/25/2025 14:00:00,EST,N.Y.C.,61761,5177.8539
12/25/2025 15:00:00,EST,N.Y.C.,61761,5270.1943
12/25/2025 16:00:00,EST,N.Y.C.,61761,5434.1893
12/25/2025 17:00:00,EST,N.Y.C.,61761,5562.2733
12/25/2025 18:00:00,EST,N.Y.C.,61761,5545.9884
12/25/2025 19:00:00,EST,N.Y.C.,61761,5524.818
12/25/2025 20:00:00,EST,N.Y.C.,61761,5507.4196
12/25/2025 21:00:00,EST,N.Y.C.,61761,5464.5504
12/25/2025 22:00:00,EST,N.Y.C.,61761,5382.3796
12/25/2025 23:00:00,EST,N.Y.C.,61761,5227.5228
12/26/2025 00:00:00,EST,N.Y.C.,61761,5090.4607
12/26/2025 01:00:00,EST,N.Y.C.,61761,4952.5722
12/26/2025 02:00:00,EST,N.Y.C.,61761,4875.4978
12/26/2025 03:00:00,EST,N.Y.C.,61761,4833.9564
12/26/2025 04:00:00,EST,N.Y.C.,61761,4882.3394
12/26/2025 05:00:00,EST,N.Y.C.,61761,5083.8811
12/26/2025 06:00:00,EST,N.Y.C.,61761,5455.0436
12/26/2025 07:00:00,EST,N.Y.C.,61761,5792.9018
12/26/2025 08:00:00,EST,N.Y.C.,61761,6043.9171
12/26/2025 09:00:00,EST,N.Y.C.,61761,6243.9596
12/26/2025 10:00:00,EST,N.Y.C.,61761,6391.5873
12/26/2025 11:00:00,EST,N.Y.C.,61761,6439.6792
12/26/2025 12:00:00,EST,N.Y.C.,61761,6360.7919
12/26/2025 13:00:00,EST,N.Y.C.,61761,6403.3207
12/26/2025 14:00:00,EST,N.Y.C.,61761,6511.1637
12/26/2025 15:00:00,EST,N.Y.C.,61761,6593.131
12/26/2025 16:00:00,EST,N.Y.C.,61761,6716.3594
12/26/2025 17:00:00,EST,N.Y.C.,61761,6778.7382
12/26/2025 18:00:00,EST,N.Y.C.,61761,6670.3461
12/26/2025 19:00:00,EST,N.Y.C.,61761,6533.7478
12/26/2025 20:00:00,EST,N.Y.C.,61761,6399.6417
12/26/2025 21:00:00,EST,N.Y.C.,61761,6212.5415
12/26/2025 22:00:00,EST,N.Y.C.,61761,5958.3295
12/26/2025 23:00:00,EST,N.Y.C.,61761,5664.0382
12/27/2025 00:00:00,EST,N.Y.C.,61761,5420.1371
12/27/2025 01:00:00,EST,N.Y.C.,61761,5219.6343
12/27/2025 02:00:00,EST,N.Y.C.,61761,5080.2834
12/27/2025 03:00:00,EST,N.Y.C.,61761,4988.6854
12/27/2025 04:00:00,EST,N.Y.C.,61761,5003.4339
12/27/2025 05:00:00,EST,N.Y.C.,61761,5087.9616
12/27/2025 06:00:00,EST,N.Y.C.,61761,5244.0898
12/27/2025 07:00:00,EST,N.Y.C.,61761,5433.4711
12/27/2025 08:00:00,EST,N.Y.C.,61761,5647.9405
12/27/2025 09:00:00,EST,N.Y.C.,61761,5878.2577
12/27/2025 10:00:00,EST,N.Y.C.,61761,6041.9802
12/27/2025 11:00:00,EST,N.Y.C.,61761,6171.0629
12/27/2025 12:00:00,EST,N.Y.C.,61761,6227.9048
12/27/2025 13:00:00,EST,N.Y.C.,61761,6195.3998
12/27/2025 14:00:00,EST,N.Y.C.,61761,6192.3167
12/27/2025 15:00:00,EST,N.Y.C.,61761,6198.5348
12/27/2025 16:00:00,EST,N.Y.C.,61761,6287.9111
12/27/2025 17:00:00,EST,N.Y.C.,61761,6380.1429
12/27/2025 18:00:00,EST,N.Y.C.,61761,6356.18
12/27/2025 19:00:00,EST,N.Y.C.,61761,6287.011
12/27/2025 20:00:00,EST,N.Y.C.,61761,6195.4772
12/27/2025 21:00:00,EST,N.Y.C.,61761,6073.0812
12/27/2025 22:00:00,EST,N.Y.C.,61761,5890.0729
12/27/2025 23:00:00,EST,N.Y.C.,61761,5658.451
12/28/2025 00:00:00,EST,N.Y.C.,61761,5454.187
12/28/2025 01:00:00,EST,N.Y.C.,61761,5278.1127
12/28/2025 02:00:00,EST,N.Y.C.,61761,5154.1625
12/28/2025 03:00:00,EST,N.Y.C.,61761,5082.5538
12/28/2025 04:00:00,EST,N.Y.C.,61761,5065.6376
12/28/2025 05:00:00,EST,N.Y.C.,61761,5115.8369
12/28/2025 06:00:00,EST,N.Y.C.,61761,5227.212
12/28/2025 07:00:00,EST,N.Y.C.,61761,5387.0868
12/28/2025 08:00:00,EST,N.Y.C.,61761,5578.434
12/28/2025 09:00:00,EST,N.Y.C.,61761,5754.8015
12/28/2025 10:00:00,EST,N.Y.C.,61761,5885.4665
12/28/2025 11:00:00,EST,N.Y.C.,61761,5973.9681
12/28/2025 12:00:00,EST,N.Y.C.,61761,6020.58
12/28/2025 13:00:00,EST,N.Y.C.,61761,6056.0316
12/28/2025 14:00:00,EST,N.Y.C.,61761,6071.8012
12/28/2025 15:00:00,EST,N.Y.C.,61761,6113.4387
12/28/2025 16:00:00,EST,N.Y.C.,61761,6196.6753
12/28/2025 17:00:00,EST,N.Y.C.,61761,6278.7604
12/28/2025 18:00:00,EST,N.Y.C.,61761,6234.1037
12/28/2025 19:00:00,EST,N.Y.C.,61761,6142.9075
12/28/2025 20:00:00,EST,N.Y.C.,61761,6022.4728
12/28/2025 21:00:00,EST,N.Y.C.,61761,5861.1237
12/28/2025 22:00:00,EST,N.Y.C.,61761,5611.5143
12/28/2025 23:00:00,EST,N.Y.C.,61761,5328.5671
12/29/2025 00:00:00,EST,N.Y.C.,61761,5076.2386
12/29/2025 01:00:00,EST,N.Y.C.,61761,4900.5532
12/29/2025 02:00:00,EST,N.Y.C.,61761,4743.8144
12/29/2025 03:00:00,EST,N.Y.C.,61761,4673.1147
12/29/2025 04:00:00,EST,N.Y.C.,61761,4677.3942
12/29/2025 05:00:00,EST,N.Y.C.,61761,4848.8561
12/29/2025 06:00:00,EST,N.Y.C.,61761,5194.0958
12/29/2025 07:00:00,EST,N.Y.C.,61761,5539.464
12/29/2025 08:00:00,EST,N.Y.C.,61761,5820.6481
12/29/2025 09:00:00,EST,N.Y.C.,61761,6030.2241
12/29/2025 10:00:00,EST,N.Y.C.,61761,6152.3553
12/29/2025 11:00:00,EST,N.Y.C.,61761,6221.6047
12/29/2025 12:00:00,EST,N.Y.C.,61761,6233.7955
12/29/2025 13:00:00,EST,N.Y.C.,61761,6226.6999
12/29/2025 14:00:00,EST,N.Y.C.,61761,6221.4221
12/29/2025 15:00:00,EST,N.Y.C.,61761,6244.9378
12/29/2025 16:00:00,EST,N.Y.C.,61761,6329.837
12/29/2025 17:00:00,EST,N.Y.C.,61761,6418.5396
12/29/2025 18:00:00,EST,N.Y.C.,61761,6323.9437
12/29/2025 19:00:00,EST,N.Y.C.,61761,6266.3845
12/29/2025 20:00:00,EST,N.Y.C.,61761,6188.0295
12/29/2025 21:00:00,EST,N.Y.C.,61761,6066.6275
12/29/2025 22:00:00,EST,N.Y.C.,61761,5834.8505
12/29/2025 23:00:00,EST,N.Y.C.,61761,5543.833
12/30/2025 00:00:00,EST,N.Y.C.,61761,5293.0826
12/30/2025 01:00:00,EST,N.Y.C.,61761,5113.4373
12/30/2025 02:00:00,EST,N.Y.C.,61761,4993.27
12/30/2025 03:00:00,EST,N.Y.C.,61761,4928.1608
12/30/2025 04:00:00,EST,N.Y.C.,61761,4956.6937
12/30/2025 05:00:00,EST,N.Y.C.,61761,5144.4803
12/30/2025 06:00:00,EST,N.Y.C.,61761,5519.7916
12/30/2025 07:00:00,EST,N.Y.C.,61761,5894.0063
12/30/2025 08:00:00,EST,N.Y.C.,61761,6185.2451
12/30/2025 09:00:00,EST,N.Y.C.,61761,6310.0223
12/30/2025 10:00:00,EST,N.Y.C.,61761,6366.5213
12/30/2025 11:00:00,EST,N.Y.C.,61761,6403.6301
12/30/2025 12:00:00,EST,N.Y.C.,61761,6416.1241
12/30/2025 13:00:00,EST,N.Y.C.,61761,6474.1707
12/30/2025 14:00:00,EST,N.Y.C.,61761,6472.3363
12/30/2025 15:00:00,EST,N.Y.C.,61761,6571.1626
12/30/2025 16:00:00,EST,N.Y.C.,61761,6735.7464
12/30/2025 17:00:00,EST,N.Y.C.,61761,6888.4448
12/30/2025 18:00:00,EST,N.Y.C.,61761,6781.8008
12/30/2025 19:00:00,EST,N.Y.C.,61761,6653.9749
12/30/2025 20:00:00,EST,N.Y.C.,61761,6521.5988
12/30/2025 21:00:00,EST,N.Y.C.,61761,6332.4517
12/30/2025 22:00:00,EST,N.Y.C.,61761,6067.7882
12/30/2025 23:00:00,EST,N.Y.C.,61761,5778.1418
12/31/2025 00:00:00,EST,N.Y.C.,61761,5524.9488
12/31/2025 01:00:00,EST,N.Y.C.,61761,5328.3387
12/31/2025 02:00:00,EST,N.Y.C.,61761,5181.6914
12/31/2025 03:00:00,EST,N.Y.C.,61761,5088.8868
12/31/2025 04:00:00,EST,N.Y.C.,61761,5089.4574
12/31/2025 05:00:00,EST,N.Y.C.,61761,5260.4692
12/31/2025 06:00:00,EST,N.Y.C.,61761,5609.4628
12/31/2025 07:00:00,EST,N.Y.C.,61761,5970.5009
12/31/2025 08:00:00,EST,N.Y.C.,61761,6211.2105
12/31/2025 09:00:00,EST,N.Y.C.,61761,6358.8742
12/31/2025 10:00:00,EST,N.Y.C.,61761,6326.2272
12/31/2025 11:00:00,EST,N.Y.C.,61761,6349.0149
12/31/2025 12:00:00,EST,N.Y.C.,61761,6329.127
12/31/2025 13:00:00,EST,N.Y.C.,61761,6359.772
12/31/2025 14:00:00,EST,N.Y.C.,61761,6471.921
12/31/2025 15:00:00,EST,N.Y.C.,61761,6494.1006
12/31/2025 16:00:00,EST,N.Y.C.,61761,6639.7198
12/31/2025 17:00:00,EST,N.Y.C.,61761,6778.9578
12/31/2025 18:00:00,EST,N.Y.C.,61761,6645.5664
12/31/2025 19:00:00,EST,N.Y.C.,61761,6462.0041
12/31/2025 20:00:00,EST,N.Y.C.,61761,6224.1187
12/31/2025 21:00:00,EST,N.Y.C.,61761,5989.1216
12/31/2025 22:00:00,EST,N.Y.C.,61761,5751.909
12/31/2025 23:00:00,EST,N.Y.C.,61761,5553.5169
